ISO-10303-21;
HEADER;
/*Generated by software containing ST-Developer
 * from STEP Tools, Inc. (www.steptools.com) 
 */
/*OPTION: using custom renumber hook */
/*description */
/*implementation_level */
FILE_DESCRIPTION(('STEP AP242 Edition 2','STEP AP242 Edition 2''CAx-IF Rec.Pracs.---Representation and Presentation of Product Manufa
cturing Information (PMI)---4.0---2014-10-13','STEP AP242 Edition 2''CAx-IF Rec.Pracs.---Representation and Presentation of Product Manufa
cturing Information (PMI)---4.0---2014-10-13''CAx-IF Rec.Pracs.---3D Tessellated Geometry---0.4---2014-09-14','STEP AP242 Edition 2''CAx-IF Rec.Pracs.---Representation and Presentation of Product Manufa
cturing Information (PMI)---4.0---2014-10-13''CAx-IF Rec.Pracs.---3D Tessellated Geometry---0.4---2014-09-14''2;1','STEP AP242 Edition 2''CAx-IF Rec.Pracs.---Representation and Presentation of Product Manufa
cturing Information (PMI)---4.0---2014-10-13''CAx-IF Rec.Pracs.---3D Tessellated Geometry---0.4---2014-09-14''2;1''CAx-IF Rec.Pracs.---User Defined Attributes---1.5---2016-08-15'),'2;1');
/*name */
/*time_stamp */
/*author */
/*organization */
/*preprocessor_version */
/*originating_system */
/*authorisation */
FILE_NAME('/vol/tmp/translate-8883693294627687811/Base (Haut) - Base (Haut).step','2026-04-15T18:40:56',(''),(''),'ST-DEVELOPER v20','ONSHAPE BY PTC INC, 1.213','  ');
FILE_SCHEMA(('AP242_MANAGED_MODEL_BASED_3D_ENGINEERING_MIM_LF { 1 0 10303 442 3 1 4 }'));
ENDSEC;
DATA;
#10=SHAPE_REPRESENTATION_RELATIONSHIP('','',#833,#11);
#11=ADVANCED_BREP_SHAPE_REPRESENTATION('',(#831),#1391);
#12=CYLINDRICAL_SURFACE('',#855,0.0045);
#13=CYLINDRICAL_SURFACE('',#869,0.024);
#14=CYLINDRICAL_SURFACE('',#872,0.024);
#15=CYLINDRICAL_SURFACE('',#877,0.0064);
#16=CYLINDRICAL_SURFACE('',#878,0.24375);
#17=CYLINDRICAL_SURFACE('',#886,0.015);
#18=CYLINDRICAL_SURFACE('',#887,0.015);
#19=CYLINDRICAL_SURFACE('',#888,0.015);
#20=CYLINDRICAL_SURFACE('',#890,0.015);
#21=CYLINDRICAL_SURFACE('',#895,0.005);
#22=CYLINDRICAL_SURFACE('',#899,0.005);
#23=CYLINDRICAL_SURFACE('',#903,0.005);
#24=CYLINDRICAL_SURFACE('',#904,0.002375);
#25=CYLINDRICAL_SURFACE('',#905,0.002375);
#26=CYLINDRICAL_SURFACE('',#906,0.002375);
#27=CYLINDRICAL_SURFACE('',#913,0.0016);
#28=CYLINDRICAL_SURFACE('',#914,0.0016);
#29=CYLINDRICAL_SURFACE('',#917,0.0016);
#30=LINE('',#1165,#98);
#31=LINE('',#1167,#99);
#32=LINE('',#1169,#100);
#33=LINE('',#1171,#101);
#34=LINE('',#1174,#102);
#35=LINE('',#1178,#103);
#36=LINE('',#1180,#104);
#37=LINE('',#1183,#105);
#38=LINE('',#1185,#106);
#39=LINE('',#1187,#107);
#40=LINE('',#1191,#108);
#41=LINE('',#1194,#109);
#42=LINE('',#1196,#110);
#43=LINE('',#1198,#111);
#44=LINE('',#1201,#112);
#45=LINE('',#1205,#113);
#46=LINE('',#1206,#114);
#47=LINE('',#1208,#115);
#48=LINE('',#1210,#116);
#49=LINE('',#1212,#117);
#50=LINE('',#1214,#118);
#51=LINE('',#1216,#119);
#52=LINE('',#1218,#120);
#53=LINE('',#1219,#121);
#54=LINE('',#1222,#122);
#55=LINE('',#1224,#123);
#56=LINE('',#1239,#124);
#57=LINE('',#1252,#125);
#58=LINE('',#1260,#126);
#59=LINE('',#1262,#127);
#60=LINE('',#1264,#128);
#61=LINE('',#1266,#129);
#62=LINE('',#1268,#130);
#63=LINE('',#1270,#131);
#64=LINE('',#1273,#132);
#65=LINE('',#1274,#133);
#66=LINE('',#1276,#134);
#67=LINE('',#1278,#135);
#68=LINE('',#1279,#136);
#69=LINE('',#1281,#137);
#70=LINE('',#1283,#138);
#71=LINE('',#1285,#139);
#72=LINE('',#1287,#140);
#73=LINE('',#1289,#141);
#74=LINE('',#1291,#142);
#75=LINE('',#1292,#143);
#76=LINE('',#1295,#144);
#77=LINE('',#1298,#145);
#78=LINE('',#1300,#146);
#79=LINE('',#1302,#147);
#80=LINE('',#1308,#148);
#81=LINE('',#1311,#149);
#82=LINE('',#1313,#150);
#83=LINE('',#1317,#151);
#84=LINE('',#1319,#152);
#85=LINE('',#1323,#153);
#86=LINE('',#1329,#154);
#87=LINE('',#1330,#155);
#88=LINE('',#1332,#156);
#89=LINE('',#1334,#157);
#90=LINE('',#1336,#158);
#91=LINE('',#1338,#159);
#92=LINE('',#1340,#160);
#93=LINE('',#1342,#161);
#94=LINE('',#1372,#162);
#95=LINE('',#1373,#163);
#96=LINE('',#1375,#164);
#97=LINE('',#1377,#165);
#98=VECTOR('',#926,1.);
#99=VECTOR('',#927,1.);
#100=VECTOR('',#928,1.);
#101=VECTOR('',#931,1.);
#102=VECTOR('',#932,1.);
#103=VECTOR('',#935,1.);
#104=VECTOR('',#938,1.);
#105=VECTOR('',#939,1.);
#106=VECTOR('',#940,1.);
#107=VECTOR('',#941,1.);
#108=VECTOR('',#946,1.);
#109=VECTOR('',#947,1.);
#110=VECTOR('',#948,1.);
#111=VECTOR('',#949,1.);
#112=VECTOR('',#952,1.);
#113=VECTOR('',#955,1.);
#114=VECTOR('',#956,1.);
#115=VECTOR('',#957,1.);
#116=VECTOR('',#958,1.);
#117=VECTOR('',#959,1.);
#118=VECTOR('',#960,1.);
#119=VECTOR('',#961,1.);
#120=VECTOR('',#962,1.);
#121=VECTOR('',#963,1.);
#122=VECTOR('',#966,1.);
#123=VECTOR('',#967,1.);
#124=VECTOR('',#982,1.);
#125=VECTOR('',#999,1.);
#126=VECTOR('',#1006,1.);
#127=VECTOR('',#1007,1.);
#128=VECTOR('',#1008,1.);
#129=VECTOR('',#1009,1.);
#130=VECTOR('',#1010,1.);
#131=VECTOR('',#1013,1.);
#132=VECTOR('',#1014,1.);
#133=VECTOR('',#1015,1.);
#134=VECTOR('',#1016,1.);
#135=VECTOR('',#1017,1.);
#136=VECTOR('',#1018,1.);
#137=VECTOR('',#1019,1.);
#138=VECTOR('',#1020,1.);
#139=VECTOR('',#1021,1.);
#140=VECTOR('',#1022,1.);
#141=VECTOR('',#1023,1.);
#142=VECTOR('',#1024,1.);
#143=VECTOR('',#1025,1.);
#144=VECTOR('',#1028,1.);
#145=VECTOR('',#1029,1.);
#146=VECTOR('',#1030,1.);
#147=VECTOR('',#1031,1.);
#148=VECTOR('',#1038,1.);
#149=VECTOR('',#1041,1.);
#150=VECTOR('',#1044,1.);
#151=VECTOR('',#1049,1.);
#152=VECTOR('',#1052,1.);
#153=VECTOR('',#1057,1.);
#154=VECTOR('',#1066,1.);
#155=VECTOR('',#1067,1.);
#156=VECTOR('',#1070,1.);
#157=VECTOR('',#1073,1.);
#158=VECTOR('',#1076,1.);
#159=VECTOR('',#1079,1.);
#160=VECTOR('',#1082,1.);
#161=VECTOR('',#1085,1.);
#162=VECTOR('',#1132,1.);
#163=VECTOR('',#1133,1.);
#164=VECTOR('',#1136,1.);
#165=VECTOR('',#1139,1.);
#166=ORIENTED_EDGE('',*,*,#378,.T.);
#167=ORIENTED_EDGE('',*,*,#379,.T.);
#168=ORIENTED_EDGE('',*,*,#380,.T.);
#169=ORIENTED_EDGE('',*,*,#381,.T.);
#170=ORIENTED_EDGE('',*,*,#382,.F.);
#171=ORIENTED_EDGE('',*,*,#383,.T.);
#172=ORIENTED_EDGE('',*,*,#384,.T.);
#173=ORIENTED_EDGE('',*,*,#385,.T.);
#174=ORIENTED_EDGE('',*,*,#386,.T.);
#175=ORIENTED_EDGE('',*,*,#387,.T.);
#176=ORIENTED_EDGE('',*,*,#388,.F.);
#177=ORIENTED_EDGE('',*,*,#389,.T.);
#178=ORIENTED_EDGE('',*,*,#390,.F.);
#179=ORIENTED_EDGE('',*,*,#391,.F.);
#180=ORIENTED_EDGE('',*,*,#392,.T.);
#181=ORIENTED_EDGE('',*,*,#393,.T.);
#182=ORIENTED_EDGE('',*,*,#394,.F.);
#183=ORIENTED_EDGE('',*,*,#395,.F.);
#184=ORIENTED_EDGE('',*,*,#396,.T.);
#185=ORIENTED_EDGE('',*,*,#397,.F.);
#186=ORIENTED_EDGE('',*,*,#398,.T.);
#187=ORIENTED_EDGE('',*,*,#381,.F.);
#188=ORIENTED_EDGE('',*,*,#399,.T.);
#189=ORIENTED_EDGE('',*,*,#400,.T.);
#190=ORIENTED_EDGE('',*,*,#401,.T.);
#191=ORIENTED_EDGE('',*,*,#402,.T.);
#192=ORIENTED_EDGE('',*,*,#403,.T.);
#193=ORIENTED_EDGE('',*,*,#404,.T.);
#194=ORIENTED_EDGE('',*,*,#405,.T.);
#195=ORIENTED_EDGE('',*,*,#385,.F.);
#196=ORIENTED_EDGE('',*,*,#406,.T.);
#197=ORIENTED_EDGE('',*,*,#407,.F.);
#198=ORIENTED_EDGE('',*,*,#408,.T.);
#199=ORIENTED_EDGE('',*,*,#409,.T.);
#200=ORIENTED_EDGE('',*,*,#410,.F.);
#201=ORIENTED_EDGE('',*,*,#411,.F.);
#202=ORIENTED_EDGE('',*,*,#412,.F.);
#203=ORIENTED_EDGE('',*,*,#413,.F.);
#204=ORIENTED_EDGE('',*,*,#414,.T.);
#205=ORIENTED_EDGE('',*,*,#415,.T.);
#206=ORIENTED_EDGE('',*,*,#416,.F.);
#207=ORIENTED_EDGE('',*,*,#417,.T.);
#208=ORIENTED_EDGE('',*,*,#409,.F.);
#209=ORIENTED_EDGE('',*,*,#418,.T.);
#210=ORIENTED_EDGE('',*,*,#388,.T.);
#211=ORIENTED_EDGE('',*,*,#419,.T.);
#212=ORIENTED_EDGE('',*,*,#420,.T.);
#213=ORIENTED_EDGE('',*,*,#421,.F.);
#214=ORIENTED_EDGE('',*,*,#422,.T.);
#215=ORIENTED_EDGE('',*,*,#420,.F.);
#216=ORIENTED_EDGE('',*,*,#423,.T.);
#217=ORIENTED_EDGE('',*,*,#424,.T.);
#218=ORIENTED_EDGE('',*,*,#425,.T.);
#219=ORIENTED_EDGE('',*,*,#426,.T.);
#220=ORIENTED_EDGE('',*,*,#386,.F.);
#221=ORIENTED_EDGE('',*,*,#427,.F.);
#222=ORIENTED_EDGE('',*,*,#428,.F.);
#223=ORIENTED_EDGE('',*,*,#429,.F.);
#224=ORIENTED_EDGE('',*,*,#430,.T.);
#225=ORIENTED_EDGE('',*,*,#431,.F.);
#226=ORIENTED_EDGE('',*,*,#432,.T.);
#227=ORIENTED_EDGE('',*,*,#433,.F.);
#228=ORIENTED_EDGE('',*,*,#429,.T.);
#229=ORIENTED_EDGE('',*,*,#434,.T.);
#230=ORIENTED_EDGE('',*,*,#435,.T.);
#231=ORIENTED_EDGE('',*,*,#436,.F.);
#232=ORIENTED_EDGE('',*,*,#383,.F.);
#233=ORIENTED_EDGE('',*,*,#437,.F.);
#234=ORIENTED_EDGE('',*,*,#438,.F.);
#235=ORIENTED_EDGE('',*,*,#439,.F.);
#236=ORIENTED_EDGE('',*,*,#440,.F.);
#237=ORIENTED_EDGE('',*,*,#441,.F.);
#238=ORIENTED_EDGE('',*,*,#442,.F.);
#239=ORIENTED_EDGE('',*,*,#443,.F.);
#240=ORIENTED_EDGE('',*,*,#379,.F.);
#241=ORIENTED_EDGE('',*,*,#444,.F.);
#242=ORIENTED_EDGE('',*,*,#445,.T.);
#243=ORIENTED_EDGE('',*,*,#446,.F.);
#244=ORIENTED_EDGE('',*,*,#447,.T.);
#245=ORIENTED_EDGE('',*,*,#448,.T.);
#246=ORIENTED_EDGE('',*,*,#449,.F.);
#247=ORIENTED_EDGE('',*,*,#450,.T.);
#248=ORIENTED_EDGE('',*,*,#451,.T.);
#249=ORIENTED_EDGE('',*,*,#416,.T.);
#250=ORIENTED_EDGE('',*,*,#452,.T.);
#251=ORIENTED_EDGE('',*,*,#423,.F.);
#252=ORIENTED_EDGE('',*,*,#453,.T.);
#253=ORIENTED_EDGE('',*,*,#454,.T.);
#254=ORIENTED_EDGE('',*,*,#455,.F.);
#255=ORIENTED_EDGE('',*,*,#456,.F.);
#256=ORIENTED_EDGE('',*,*,#427,.T.);
#257=ORIENTED_EDGE('',*,*,#390,.T.);
#258=ORIENTED_EDGE('',*,*,#457,.F.);
#259=ORIENTED_EDGE('',*,*,#434,.F.);
#260=ORIENTED_EDGE('',*,*,#428,.T.);
#261=ORIENTED_EDGE('',*,*,#456,.T.);
#262=ORIENTED_EDGE('',*,*,#458,.F.);
#263=ORIENTED_EDGE('',*,*,#453,.F.);
#264=ORIENTED_EDGE('',*,*,#431,.T.);
#265=ORIENTED_EDGE('',*,*,#459,.T.);
#266=ORIENTED_EDGE('',*,*,#433,.T.);
#267=ORIENTED_EDGE('',*,*,#460,.T.);
#268=ORIENTED_EDGE('',*,*,#459,.F.);
#269=ORIENTED_EDGE('',*,*,#430,.F.);
#270=ORIENTED_EDGE('',*,*,#461,.T.);
#271=ORIENTED_EDGE('',*,*,#421,.T.);
#272=ORIENTED_EDGE('',*,*,#461,.F.);
#273=ORIENTED_EDGE('',*,*,#413,.T.);
#274=ORIENTED_EDGE('',*,*,#425,.F.);
#275=ORIENTED_EDGE('',*,*,#462,.T.);
#276=ORIENTED_EDGE('',*,*,#414,.F.);
#277=ORIENTED_EDGE('',*,*,#463,.T.);
#278=ORIENTED_EDGE('',*,*,#380,.F.);
#279=ORIENTED_EDGE('',*,*,#443,.T.);
#280=ORIENTED_EDGE('',*,*,#464,.T.);
#281=ORIENTED_EDGE('',*,*,#399,.F.);
#282=ORIENTED_EDGE('',*,*,#465,.F.);
#283=ORIENTED_EDGE('',*,*,#437,.T.);
#284=ORIENTED_EDGE('',*,*,#382,.T.);
#285=ORIENTED_EDGE('',*,*,#405,.F.);
#286=ORIENTED_EDGE('',*,*,#466,.F.);
#287=ORIENTED_EDGE('',*,*,#438,.T.);
#288=ORIENTED_EDGE('',*,*,#465,.T.);
#289=ORIENTED_EDGE('',*,*,#404,.F.);
#290=ORIENTED_EDGE('',*,*,#467,.F.);
#291=ORIENTED_EDGE('',*,*,#439,.T.);
#292=ORIENTED_EDGE('',*,*,#466,.T.);
#293=ORIENTED_EDGE('',*,*,#403,.F.);
#294=ORIENTED_EDGE('',*,*,#468,.F.);
#295=ORIENTED_EDGE('',*,*,#440,.T.);
#296=ORIENTED_EDGE('',*,*,#467,.T.);
#297=ORIENTED_EDGE('',*,*,#402,.F.);
#298=ORIENTED_EDGE('',*,*,#469,.F.);
#299=ORIENTED_EDGE('',*,*,#441,.T.);
#300=ORIENTED_EDGE('',*,*,#468,.T.);
#301=ORIENTED_EDGE('',*,*,#401,.F.);
#302=ORIENTED_EDGE('',*,*,#464,.F.);
#303=ORIENTED_EDGE('',*,*,#442,.T.);
#304=ORIENTED_EDGE('',*,*,#469,.T.);
#305=ORIENTED_EDGE('',*,*,#400,.F.);
#306=ORIENTED_EDGE('',*,*,#415,.F.);
#307=ORIENTED_EDGE('',*,*,#462,.F.);
#308=ORIENTED_EDGE('',*,*,#424,.F.);
#309=ORIENTED_EDGE('',*,*,#452,.F.);
#310=ORIENTED_EDGE('',*,*,#426,.F.);
#311=ORIENTED_EDGE('',*,*,#463,.F.);
#312=ORIENTED_EDGE('',*,*,#419,.F.);
#313=ORIENTED_EDGE('',*,*,#387,.F.);
#314=ORIENTED_EDGE('',*,*,#470,.T.);
#315=ORIENTED_EDGE('',*,*,#444,.T.);
#316=ORIENTED_EDGE('',*,*,#378,.F.);
#317=ORIENTED_EDGE('',*,*,#398,.F.);
#318=ORIENTED_EDGE('',*,*,#396,.F.);
#319=ORIENTED_EDGE('',*,*,#417,.F.);
#320=ORIENTED_EDGE('',*,*,#454,.F.);
#321=ORIENTED_EDGE('',*,*,#384,.F.);
#322=ORIENTED_EDGE('',*,*,#436,.T.);
#323=ORIENTED_EDGE('',*,*,#471,.T.);
#324=ORIENTED_EDGE('',*,*,#389,.F.);
#325=ORIENTED_EDGE('',*,*,#418,.F.);
#326=ORIENTED_EDGE('',*,*,#408,.F.);
#327=ORIENTED_EDGE('',*,*,#406,.F.);
#328=ORIENTED_EDGE('',*,*,#472,.T.);
#329=ORIENTED_EDGE('',*,*,#473,.T.);
#330=ORIENTED_EDGE('',*,*,#472,.F.);
#331=ORIENTED_EDGE('',*,*,#397,.T.);
#332=ORIENTED_EDGE('',*,*,#474,.T.);
#333=ORIENTED_EDGE('',*,*,#475,.T.);
#334=ORIENTED_EDGE('',*,*,#474,.F.);
#335=ORIENTED_EDGE('',*,*,#395,.T.);
#336=ORIENTED_EDGE('',*,*,#476,.T.);
#337=ORIENTED_EDGE('',*,*,#477,.T.);
#338=ORIENTED_EDGE('',*,*,#476,.F.);
#339=ORIENTED_EDGE('',*,*,#407,.T.);
#340=ORIENTED_EDGE('',*,*,#451,.F.);
#341=ORIENTED_EDGE('',*,*,#473,.F.);
#342=ORIENTED_EDGE('',*,*,#445,.F.);
#343=ORIENTED_EDGE('',*,*,#475,.F.);
#344=ORIENTED_EDGE('',*,*,#450,.F.);
#345=ORIENTED_EDGE('',*,*,#477,.F.);
#346=ORIENTED_EDGE('',*,*,#478,.F.);
#347=ORIENTED_EDGE('',*,*,#449,.T.);
#348=ORIENTED_EDGE('',*,*,#479,.T.);
#349=ORIENTED_EDGE('',*,*,#393,.F.);
#350=ORIENTED_EDGE('',*,*,#448,.F.);
#351=ORIENTED_EDGE('',*,*,#480,.T.);
#352=ORIENTED_EDGE('',*,*,#394,.T.);
#353=ORIENTED_EDGE('',*,*,#479,.F.);
#354=ORIENTED_EDGE('',*,*,#481,.F.);
#355=ORIENTED_EDGE('',*,*,#446,.T.);
#356=ORIENTED_EDGE('',*,*,#478,.T.);
#357=ORIENTED_EDGE('',*,*,#392,.F.);
#358=ORIENTED_EDGE('',*,*,#447,.F.);
#359=ORIENTED_EDGE('',*,*,#481,.T.);
#360=ORIENTED_EDGE('',*,*,#391,.T.);
#361=ORIENTED_EDGE('',*,*,#480,.F.);
#362=ORIENTED_EDGE('',*,*,#435,.F.);
#363=ORIENTED_EDGE('',*,*,#457,.T.);
#364=ORIENTED_EDGE('',*,*,#455,.T.);
#365=ORIENTED_EDGE('',*,*,#471,.F.);
#366=ORIENTED_EDGE('',*,*,#460,.F.);
#367=ORIENTED_EDGE('',*,*,#432,.F.);
#368=ORIENTED_EDGE('',*,*,#470,.F.);
#369=ORIENTED_EDGE('',*,*,#458,.T.);
#370=ORIENTED_EDGE('',*,*,#412,.T.);
#371=ORIENTED_EDGE('',*,*,#422,.F.);
#372=ORIENTED_EDGE('',*,*,#482,.F.);
#373=ORIENTED_EDGE('',*,*,#411,.T.);
#374=ORIENTED_EDGE('',*,*,#482,.T.);
#375=ORIENTED_EDGE('',*,*,#483,.F.);
#376=ORIENTED_EDGE('',*,*,#410,.T.);
#377=ORIENTED_EDGE('',*,*,#483,.T.);
#378=EDGE_CURVE('',#484,#485,#560,.F.);
#379=EDGE_CURVE('',#485,#486,#30,.T.);
#380=EDGE_CURVE('',#486,#487,#31,.T.);
#381=EDGE_CURVE('',#487,#484,#32,.T.);
#382=EDGE_CURVE('',#488,#489,#33,.T.);
#383=EDGE_CURVE('',#488,#490,#34,.T.);
#384=EDGE_CURVE('',#490,#491,#561,.F.);
#385=EDGE_CURVE('',#491,#489,#35,.T.);
#386=EDGE_CURVE('',#492,#493,#36,.T.);
#387=EDGE_CURVE('',#493,#494,#37,.T.);
#388=EDGE_CURVE('',#495,#494,#38,.T.);
#389=EDGE_CURVE('',#495,#496,#39,.T.);
#390=EDGE_CURVE('',#492,#496,#562,.T.);
#391=EDGE_CURVE('',#497,#498,#40,.T.);
#392=EDGE_CURVE('',#497,#499,#41,.T.);
#393=EDGE_CURVE('',#499,#500,#42,.T.);
#394=EDGE_CURVE('',#498,#500,#43,.T.);
#395=EDGE_CURVE('',#501,#501,#563,.T.);
#396=EDGE_CURVE('',#502,#503,#44,.T.);
#397=EDGE_CURVE('',#503,#503,#564,.T.);
#398=EDGE_CURVE('',#503,#484,#45,.T.);
#399=EDGE_CURVE('',#487,#504,#46,.T.);
#400=EDGE_CURVE('',#504,#505,#47,.T.);
#401=EDGE_CURVE('',#505,#506,#48,.T.);
#402=EDGE_CURVE('',#506,#507,#49,.T.);
#403=EDGE_CURVE('',#507,#508,#50,.T.);
#404=EDGE_CURVE('',#508,#509,#51,.T.);
#405=EDGE_CURVE('',#509,#489,#52,.T.);
#406=EDGE_CURVE('',#491,#510,#53,.F.);
#407=EDGE_CURVE('',#510,#510,#565,.T.);
#408=EDGE_CURVE('',#510,#511,#54,.F.);
#409=EDGE_CURVE('',#511,#502,#55,.T.);
#410=EDGE_CURVE('',#512,#512,#566,.T.);
#411=EDGE_CURVE('',#513,#513,#567,.T.);
#412=EDGE_CURVE('',#514,#514,#568,.T.);
#413=EDGE_CURVE('',#515,#515,#569,.T.);
#414=EDGE_CURVE('',#516,#517,#570,.T.);
#415=EDGE_CURVE('',#517,#518,#571,.T.);
#416=EDGE_CURVE('',#519,#518,#56,.T.);
#417=EDGE_CURVE('',#519,#502,#572,.T.);
#418=EDGE_CURVE('',#511,#495,#573,.T.);
#419=EDGE_CURVE('',#494,#516,#574,.T.);
#420=EDGE_CURVE('',#520,#520,#575,.F.);
#421=EDGE_CURVE('',#521,#521,#576,.F.);
#422=EDGE_CURVE('',#522,#522,#577,.T.);
#423=EDGE_CURVE('',#523,#524,#57,.T.);
#424=EDGE_CURVE('',#524,#525,#578,.F.);
#425=EDGE_CURVE('',#525,#526,#579,.F.);
#426=EDGE_CURVE('',#526,#493,#580,.F.);
#427=EDGE_CURVE('',#527,#492,#58,.T.);
#428=EDGE_CURVE('',#528,#527,#59,.T.);
#429=EDGE_CURVE('',#529,#528,#60,.T.);
#430=EDGE_CURVE('',#529,#530,#61,.T.);
#431=EDGE_CURVE('',#523,#530,#62,.T.);
#432=EDGE_CURVE('',#531,#532,#63,.T.);
#433=EDGE_CURVE('',#529,#532,#64,.T.);
#434=EDGE_CURVE('',#528,#533,#65,.T.);
#435=EDGE_CURVE('',#533,#534,#66,.T.);
#436=EDGE_CURVE('',#490,#534,#67,.T.);
#437=EDGE_CURVE('',#535,#488,#68,.T.);
#438=EDGE_CURVE('',#536,#535,#69,.T.);
#439=EDGE_CURVE('',#537,#536,#70,.T.);
#440=EDGE_CURVE('',#538,#537,#71,.T.);
#441=EDGE_CURVE('',#539,#538,#72,.T.);
#442=EDGE_CURVE('',#540,#539,#73,.T.);
#443=EDGE_CURVE('',#486,#540,#74,.T.);
#444=EDGE_CURVE('',#531,#485,#75,.T.);
#445=EDGE_CURVE('',#541,#541,#581,.F.);
#446=EDGE_CURVE('',#542,#543,#76,.T.);
#447=EDGE_CURVE('',#542,#544,#77,.T.);
#448=EDGE_CURVE('',#544,#545,#78,.T.);
#449=EDGE_CURVE('',#543,#545,#79,.T.);
#450=EDGE_CURVE('',#546,#546,#582,.F.);
#451=EDGE_CURVE('',#547,#547,#583,.F.);
#452=EDGE_CURVE('',#518,#524,#80,.T.);
#453=EDGE_CURVE('',#523,#548,#584,.T.);
#454=EDGE_CURVE('',#548,#519,#81,.F.);
#455=EDGE_CURVE('',#549,#496,#82,.T.);
#456=EDGE_CURVE('',#527,#549,#585,.T.);
#457=EDGE_CURVE('',#533,#549,#83,.T.);
#458=EDGE_CURVE('',#548,#550,#84,.T.);
#459=EDGE_CURVE('',#530,#550,#586,.T.);
#460=EDGE_CURVE('',#532,#550,#85,.T.);
#461=EDGE_CURVE('',#551,#551,#587,.T.);
#462=EDGE_CURVE('',#525,#517,#86,.T.);
#463=EDGE_CURVE('',#516,#526,#87,.F.);
#464=EDGE_CURVE('',#540,#504,#88,.T.);
#465=EDGE_CURVE('',#535,#509,#89,.T.);
#466=EDGE_CURVE('',#536,#508,#90,.T.);
#467=EDGE_CURVE('',#537,#507,#91,.T.);
#468=EDGE_CURVE('',#538,#506,#92,.T.);
#469=EDGE_CURVE('',#539,#505,#93,.T.);
#470=EDGE_CURVE('',#548,#531,#588,.F.);
#471=EDGE_CURVE('',#534,#496,#589,.F.);
#472=EDGE_CURVE('',#552,#552,#590,.T.);
#473=EDGE_CURVE('',#553,#553,#591,.F.);
#474=EDGE_CURVE('',#554,#554,#592,.T.);
#475=EDGE_CURVE('',#555,#555,#593,.F.);
#476=EDGE_CURVE('',#556,#556,#594,.T.);
#477=EDGE_CURVE('',#557,#557,#595,.F.);
#478=EDGE_CURVE('',#543,#499,#94,.T.);
#479=EDGE_CURVE('',#545,#500,#95,.T.);
#480=EDGE_CURVE('',#544,#498,#96,.T.);
#481=EDGE_CURVE('',#542,#497,#97,.T.);
#482=EDGE_CURVE('',#558,#558,#596,.T.);
#483=EDGE_CURVE('',#559,#559,#597,.T.);
#484=VERTEX_POINT('',#1163);
#485=VERTEX_POINT('',#1164);
#486=VERTEX_POINT('',#1166);
#487=VERTEX_POINT('',#1168);
#488=VERTEX_POINT('',#1172);
#489=VERTEX_POINT('',#1173);
#490=VERTEX_POINT('',#1175);
#491=VERTEX_POINT('',#1177);
#492=VERTEX_POINT('',#1181);
#493=VERTEX_POINT('',#1182);
#494=VERTEX_POINT('',#1184);
#495=VERTEX_POINT('',#1186);
#496=VERTEX_POINT('',#1188);
#497=VERTEX_POINT('',#1192);
#498=VERTEX_POINT('',#1193);
#499=VERTEX_POINT('',#1195);
#500=VERTEX_POINT('',#1197);
#501=VERTEX_POINT('',#1200);
#502=VERTEX_POINT('',#1202);
#503=VERTEX_POINT('',#1203);
#504=VERTEX_POINT('',#1207);
#505=VERTEX_POINT('',#1209);
#506=VERTEX_POINT('',#1211);
#507=VERTEX_POINT('',#1213);
#508=VERTEX_POINT('',#1215);
#509=VERTEX_POINT('',#1217);
#510=VERTEX_POINT('',#1220);
#511=VERTEX_POINT('',#1223);
#512=VERTEX_POINT('',#1227);
#513=VERTEX_POINT('',#1229);
#514=VERTEX_POINT('',#1231);
#515=VERTEX_POINT('',#1233);
#516=VERTEX_POINT('',#1235);
#517=VERTEX_POINT('',#1236);
#518=VERTEX_POINT('',#1238);
#519=VERTEX_POINT('',#1240);
#520=VERTEX_POINT('',#1246);
#521=VERTEX_POINT('',#1248);
#522=VERTEX_POINT('',#1251);
#523=VERTEX_POINT('',#1253);
#524=VERTEX_POINT('',#1254);
#525=VERTEX_POINT('',#1256);
#526=VERTEX_POINT('',#1258);
#527=VERTEX_POINT('',#1261);
#528=VERTEX_POINT('',#1263);
#529=VERTEX_POINT('',#1265);
#530=VERTEX_POINT('',#1267);
#531=VERTEX_POINT('',#1271);
#532=VERTEX_POINT('',#1272);
#533=VERTEX_POINT('',#1275);
#534=VERTEX_POINT('',#1277);
#535=VERTEX_POINT('',#1280);
#536=VERTEX_POINT('',#1282);
#537=VERTEX_POINT('',#1284);
#538=VERTEX_POINT('',#1286);
#539=VERTEX_POINT('',#1288);
#540=VERTEX_POINT('',#1290);
#541=VERTEX_POINT('',#1294);
#542=VERTEX_POINT('',#1296);
#543=VERTEX_POINT('',#1297);
#544=VERTEX_POINT('',#1299);
#545=VERTEX_POINT('',#1301);
#546=VERTEX_POINT('',#1304);
#547=VERTEX_POINT('',#1306);
#548=VERTEX_POINT('',#1310);
#549=VERTEX_POINT('',#1314);
#550=VERTEX_POINT('',#1320);
#551=VERTEX_POINT('',#1326);
#552=VERTEX_POINT('',#1352);
#553=VERTEX_POINT('',#1354);
#554=VERTEX_POINT('',#1358);
#555=VERTEX_POINT('',#1360);
#556=VERTEX_POINT('',#1364);
#557=VERTEX_POINT('',#1366);
#558=VERTEX_POINT('',#1384);
#559=VERTEX_POINT('',#1388);
#560=CIRCLE('',#836,0.015);
#561=CIRCLE('',#838,0.015);
#562=CIRCLE('',#840,0.024);
#563=CIRCLE('',#842,0.005);
#564=CIRCLE('',#843,0.005);
#565=CIRCLE('',#844,0.005);
#566=CIRCLE('',#846,0.0016);
#567=CIRCLE('',#847,0.0016);
#568=CIRCLE('',#848,0.0016);
#569=CIRCLE('',#849,0.0064);
#570=CIRCLE('',#850,0.24375);
#571=CIRCLE('',#851,0.015);
#572=CIRCLE('',#852,0.015);
#573=CIRCLE('',#853,0.015);
#574=CIRCLE('',#854,0.015);
#575=CIRCLE('',#856,0.0045);
#576=CIRCLE('',#857,0.0045);
#577=CIRCLE('',#859,0.0016);
#578=CIRCLE('',#860,0.015);
#579=CIRCLE('',#861,0.24375);
#580=CIRCLE('',#862,0.015);
#581=CIRCLE('',#864,0.002375);
#582=CIRCLE('',#865,0.002375);
#583=CIRCLE('',#866,0.002375);
#584=CIRCLE('',#868,0.024);
#585=CIRCLE('',#870,0.024);
#586=CIRCLE('',#873,0.024);
#587=CIRCLE('',#876,0.0064);
#588=CIRCLE('',#889,0.015);
#589=CIRCLE('',#891,0.015);
#590=CIRCLE('',#893,0.005);
#591=CIRCLE('',#894,0.002375);
#592=CIRCLE('',#897,0.005);
#593=CIRCLE('',#898,0.002375);
#594=CIRCLE('',#901,0.005);
#595=CIRCLE('',#902,0.002375);
#596=CIRCLE('',#915,0.0016);
#597=CIRCLE('',#918,0.0016);
#598=EDGE_LOOP('',(#166,#167,#168,#169));
#599=EDGE_LOOP('',(#170,#171,#172,#173));
#600=EDGE_LOOP('',(#174,#175,#176,#177,#178));
#601=EDGE_LOOP('',(#179,#180,#181,#182));
#602=EDGE_LOOP('',(#183));
#603=EDGE_LOOP('',(#184,#185,#186,#187,#188,#189,#190,#191,#192,#193,#194,#195,#196,#197,#198,#199));
#604=EDGE_LOOP('',(#200));
#605=EDGE_LOOP('',(#201));
#606=EDGE_LOOP('',(#202));
#607=EDGE_LOOP('',(#203));
#608=EDGE_LOOP('',(#204,#205,#206,#207,#208,#209,#210,#211));
#609=EDGE_LOOP('',(#212));
#610=EDGE_LOOP('',(#213));
#611=EDGE_LOOP('',(#214));
#612=EDGE_LOOP('',(#215));
#613=EDGE_LOOP('',(#216,#217,#218,#219,#220,#221,#222,#223,#224,#225));
#614=EDGE_LOOP('',(#226,#227,#228,#229,#230,#231,#232,#233,#234,#235,#236,#237,#238,#239,#240,#241));
#615=EDGE_LOOP('',(#242));
#616=EDGE_LOOP('',(#243,#244,#245,#246));
#617=EDGE_LOOP('',(#247));
#618=EDGE_LOOP('',(#248));
#619=EDGE_LOOP('',(#249,#250,#251,#252,#253));
#620=EDGE_LOOP('',(#254,#255,#256,#257));
#621=EDGE_LOOP('',(#258,#259,#260,#261));
#622=EDGE_LOOP('',(#262,#263,#264,#265));
#623=EDGE_LOOP('',(#266,#267,#268,#269));
#624=EDGE_LOOP('',(#270));
#625=EDGE_LOOP('',(#271));
#626=EDGE_LOOP('',(#272));
#627=EDGE_LOOP('',(#273));
#628=EDGE_LOOP('',(#274,#275,#276,#277));
#629=EDGE_LOOP('',(#278,#279,#280,#281));
#630=EDGE_LOOP('',(#282,#283,#284,#285));
#631=EDGE_LOOP('',(#286,#287,#288,#289));
#632=EDGE_LOOP('',(#290,#291,#292,#293));
#633=EDGE_LOOP('',(#294,#295,#296,#297));
#634=EDGE_LOOP('',(#298,#299,#300,#301));
#635=EDGE_LOOP('',(#302,#303,#304,#305));
#636=EDGE_LOOP('',(#306,#307,#308,#309));
#637=EDGE_LOOP('',(#310,#311,#312,#313));
#638=EDGE_LOOP('',(#314,#315,#316,#317,#318,#319,#320));
#639=EDGE_LOOP('',(#321,#322,#323,#324,#325,#326,#327));
#640=EDGE_LOOP('',(#328));
#641=EDGE_LOOP('',(#329));
#642=EDGE_LOOP('',(#330));
#643=EDGE_LOOP('',(#331));
#644=EDGE_LOOP('',(#332));
#645=EDGE_LOOP('',(#333));
#646=EDGE_LOOP('',(#334));
#647=EDGE_LOOP('',(#335));
#648=EDGE_LOOP('',(#336));
#649=EDGE_LOOP('',(#337));
#650=EDGE_LOOP('',(#338));
#651=EDGE_LOOP('',(#339));
#652=EDGE_LOOP('',(#340));
#653=EDGE_LOOP('',(#341));
#654=EDGE_LOOP('',(#342));
#655=EDGE_LOOP('',(#343));
#656=EDGE_LOOP('',(#344));
#657=EDGE_LOOP('',(#345));
#658=EDGE_LOOP('',(#346,#347,#348,#349));
#659=EDGE_LOOP('',(#350,#351,#352,#353));
#660=EDGE_LOOP('',(#354,#355,#356,#357));
#661=EDGE_LOOP('',(#358,#359,#360,#361));
#662=EDGE_LOOP('',(#362,#363,#364,#365));
#663=EDGE_LOOP('',(#366,#367,#368,#369));
#664=EDGE_LOOP('',(#370));
#665=EDGE_LOOP('',(#371));
#666=EDGE_LOOP('',(#372));
#667=EDGE_LOOP('',(#373));
#668=EDGE_LOOP('',(#374));
#669=EDGE_LOOP('',(#375));
#670=EDGE_LOOP('',(#376));
#671=EDGE_LOOP('',(#377));
#672=FACE_BOUND('',#598,.T.);
#673=FACE_BOUND('',#599,.T.);
#674=FACE_BOUND('',#600,.T.);
#675=FACE_BOUND('',#601,.T.);
#676=FACE_BOUND('',#602,.T.);
#677=FACE_BOUND('',#603,.T.);
#678=FACE_BOUND('',#604,.T.);
#679=FACE_BOUND('',#605,.T.);
#680=FACE_BOUND('',#606,.T.);
#681=FACE_BOUND('',#607,.T.);
#682=FACE_BOUND('',#608,.T.);
#683=FACE_BOUND('',#609,.T.);
#684=FACE_BOUND('',#610,.T.);
#685=FACE_BOUND('',#611,.T.);
#686=FACE_BOUND('',#612,.T.);
#687=FACE_BOUND('',#613,.T.);
#688=FACE_BOUND('',#614,.T.);
#689=FACE_BOUND('',#615,.T.);
#690=FACE_BOUND('',#616,.T.);
#691=FACE_BOUND('',#617,.T.);
#692=FACE_BOUND('',#618,.T.);
#693=FACE_BOUND('',#619,.T.);
#694=FACE_BOUND('',#620,.T.);
#695=FACE_BOUND('',#621,.T.);
#696=FACE_BOUND('',#622,.T.);
#697=FACE_BOUND('',#623,.T.);
#698=FACE_BOUND('',#624,.T.);
#699=FACE_BOUND('',#625,.T.);
#700=FACE_BOUND('',#626,.T.);
#701=FACE_BOUND('',#627,.T.);
#702=FACE_BOUND('',#628,.T.);
#703=FACE_BOUND('',#629,.T.);
#704=FACE_BOUND('',#630,.T.);
#705=FACE_BOUND('',#631,.T.);
#706=FACE_BOUND('',#632,.T.);
#707=FACE_BOUND('',#633,.T.);
#708=FACE_BOUND('',#634,.T.);
#709=FACE_BOUND('',#635,.T.);
#710=FACE_BOUND('',#636,.T.);
#711=FACE_BOUND('',#637,.T.);
#712=FACE_BOUND('',#638,.T.);
#713=FACE_BOUND('',#639,.T.);
#714=FACE_BOUND('',#640,.T.);
#715=FACE_BOUND('',#641,.T.);
#716=FACE_BOUND('',#642,.T.);
#717=FACE_BOUND('',#643,.T.);
#718=FACE_BOUND('',#644,.T.);
#719=FACE_BOUND('',#645,.T.);
#720=FACE_BOUND('',#646,.T.);
#721=FACE_BOUND('',#647,.T.);
#722=FACE_BOUND('',#648,.T.);
#723=FACE_BOUND('',#649,.T.);
#724=FACE_BOUND('',#650,.T.);
#725=FACE_BOUND('',#651,.T.);
#726=FACE_BOUND('',#652,.T.);
#727=FACE_BOUND('',#653,.T.);
#728=FACE_BOUND('',#654,.T.);
#729=FACE_BOUND('',#655,.T.);
#730=FACE_BOUND('',#656,.T.);
#731=FACE_BOUND('',#657,.T.);
#732=FACE_BOUND('',#658,.T.);
#733=FACE_BOUND('',#659,.T.);
#734=FACE_BOUND('',#660,.T.);
#735=FACE_BOUND('',#661,.T.);
#736=FACE_BOUND('',#662,.T.);
#737=FACE_BOUND('',#663,.T.);
#738=FACE_BOUND('',#664,.T.);
#739=FACE_BOUND('',#665,.T.);
#740=FACE_BOUND('',#666,.T.);
#741=FACE_BOUND('',#667,.T.);
#742=FACE_BOUND('',#668,.T.);
#743=FACE_BOUND('',#669,.T.);
#744=FACE_BOUND('',#670,.T.);
#745=FACE_BOUND('',#671,.T.);
#746=PLANE('',#835);
#747=PLANE('',#837);
#748=PLANE('',#839);
#749=PLANE('',#841);
#750=PLANE('',#845);
#751=PLANE('',#858);
#752=PLANE('',#863);
#753=PLANE('',#867);
#754=PLANE('',#871);
#755=PLANE('',#874);
#756=PLANE('',#875);
#757=PLANE('',#879);
#758=PLANE('',#880);
#759=PLANE('',#881);
#760=PLANE('',#882);
#761=PLANE('',#883);
#762=PLANE('',#884);
#763=PLANE('',#885);
#764=PLANE('',#892);
#765=PLANE('',#896);
#766=PLANE('',#900);
#767=PLANE('',#907);
#768=PLANE('',#908);
#769=PLANE('',#909);
#770=PLANE('',#910);
#771=PLANE('',#911);
#772=PLANE('',#912);
#773=PLANE('',#916);
#774=PLANE('',#919);
#775=ADVANCED_FACE('',(#672),#746,.F.);
#776=ADVANCED_FACE('',(#673),#747,.F.);
#777=ADVANCED_FACE('',(#674),#748,.F.);
#778=ADVANCED_FACE('',(#675,#676,#677),#749,.T.);
#779=ADVANCED_FACE('',(#678,#679,#680,#681,#682),#750,.T.);
#780=ADVANCED_FACE('',(#683,#684),#12,.F.);
#781=ADVANCED_FACE('',(#685,#686,#687),#751,.F.);
#782=ADVANCED_FACE('',(#688,#689,#690,#691,#692),#752,.T.);
#783=ADVANCED_FACE('',(#693),#753,.T.);
#784=ADVANCED_FACE('',(#694),#13,.F.);
#785=ADVANCED_FACE('',(#695),#754,.F.);
#786=ADVANCED_FACE('',(#696),#14,.F.);
#787=ADVANCED_FACE('',(#697),#755,.T.);
#788=ADVANCED_FACE('',(#698,#699),#756,.T.);
#789=ADVANCED_FACE('',(#700,#701),#15,.F.);
#790=ADVANCED_FACE('',(#702),#16,.T.);
#791=ADVANCED_FACE('',(#703),#757,.T.);
#792=ADVANCED_FACE('',(#704),#758,.T.);
#793=ADVANCED_FACE('',(#705),#759,.T.);
#794=ADVANCED_FACE('',(#706),#760,.T.);
#795=ADVANCED_FACE('',(#707),#761,.T.);
#796=ADVANCED_FACE('',(#708),#762,.T.);
#797=ADVANCED_FACE('',(#709),#763,.T.);
#798=ADVANCED_FACE('',(#710),#17,.T.);
#799=ADVANCED_FACE('',(#711),#18,.T.);
#800=ADVANCED_FACE('',(#712),#19,.T.);
#801=ADVANCED_FACE('',(#713),#20,.T.);
#802=ADVANCED_FACE('',(#714,#715),#764,.T.);
#803=ADVANCED_FACE('',(#716,#717),#21,.F.);
#804=ADVANCED_FACE('',(#718,#719),#765,.T.);
#805=ADVANCED_FACE('',(#720,#721),#22,.F.);
#806=ADVANCED_FACE('',(#722,#723),#766,.T.);
#807=ADVANCED_FACE('',(#724,#725),#23,.F.);
#808=ADVANCED_FACE('',(#726,#727),#24,.F.);
#809=ADVANCED_FACE('',(#728,#729),#25,.F.);
#810=ADVANCED_FACE('',(#730,#731),#26,.F.);
#811=ADVANCED_FACE('',(#732),#767,.T.);
#812=ADVANCED_FACE('',(#733),#768,.F.);
#813=ADVANCED_FACE('',(#734),#769,.T.);
#814=ADVANCED_FACE('',(#735),#770,.F.);
#815=ADVANCED_FACE('',(#736),#771,.T.);
#816=ADVANCED_FACE('',(#737),#772,.T.);
#817=ADVANCED_FACE('',(#738,#739),#27,.F.);
#818=ADVANCED_FACE('',(#740,#741),#28,.F.);
#819=ADVANCED_FACE('',(#742),#773,.T.);
#820=ADVANCED_FACE('',(#743,#744),#29,.F.);
#821=ADVANCED_FACE('',(#745),#774,.T.);
#822=CLOSED_SHELL('',(#775,#776,#777,#778,#779,#780,#781,#782,#783,#784,#785,#786,#787,#788,#789,#790,#791,#792,#793,#794,#795,#796,#797,#798,#799,#800,#801,#802,#803,#804,#805,#806,#807,#808,#809,#810,#811,#812,#813,#814,#815,#816,#817,#818,#819,#820,#821));
#823=STYLED_ITEM('',(#824),#831);
#824=PRESENTATION_STYLE_ASSIGNMENT((#825));
#825=SURFACE_STYLE_USAGE(.BOTH.,#826);
#826=SURFACE_SIDE_STYLE('',(#827));
#827=SURFACE_STYLE_FILL_AREA(#828);
#828=FILL_AREA_STYLE('',(#829));
#829=FILL_AREA_STYLE_COLOUR('',#830);
#830=COLOUR_RGB('',0.301960784313725,0.301960784313725,0.301960784313725);
#831=MANIFOLD_SOLID_BREP('Base (Haut)',#822);
#832=SHAPE_DEFINITION_REPRESENTATION(#1396,#833);
#833=SHAPE_REPRESENTATION('Base (Haut)',(#834),#1391);
#834=AXIS2_PLACEMENT_3D('',#1160,#920,#921);
#835=AXIS2_PLACEMENT_3D('',#1161,#922,#923);
#836=AXIS2_PLACEMENT_3D('',#1162,#924,#925);
#837=AXIS2_PLACEMENT_3D('',#1170,#929,#930);
#838=AXIS2_PLACEMENT_3D('',#1176,#933,#934);
#839=AXIS2_PLACEMENT_3D('',#1179,#936,#937);
#840=AXIS2_PLACEMENT_3D('',#1189,#942,#943);
#841=AXIS2_PLACEMENT_3D('',#1190,#944,#945);
#842=AXIS2_PLACEMENT_3D('',#1199,#950,#951);
#843=AXIS2_PLACEMENT_3D('',#1204,#953,#954);
#844=AXIS2_PLACEMENT_3D('',#1221,#964,#965);
#845=AXIS2_PLACEMENT_3D('',#1225,#968,#969);
#846=AXIS2_PLACEMENT_3D('',#1226,#970,#971);
#847=AXIS2_PLACEMENT_3D('',#1228,#972,#973);
#848=AXIS2_PLACEMENT_3D('',#1230,#974,#975);
#849=AXIS2_PLACEMENT_3D('',#1232,#976,#977);
#850=AXIS2_PLACEMENT_3D('',#1234,#978,#979);
#851=AXIS2_PLACEMENT_3D('',#1237,#980,#981);
#852=AXIS2_PLACEMENT_3D('',#1241,#983,#984);
#853=AXIS2_PLACEMENT_3D('',#1242,#985,#986);
#854=AXIS2_PLACEMENT_3D('',#1243,#987,#988);
#855=AXIS2_PLACEMENT_3D('',#1244,#989,#990);
#856=AXIS2_PLACEMENT_3D('',#1245,#991,#992);
#857=AXIS2_PLACEMENT_3D('',#1247,#993,#994);
#858=AXIS2_PLACEMENT_3D('',#1249,#995,#996);
#859=AXIS2_PLACEMENT_3D('',#1250,#997,#998);
#860=AXIS2_PLACEMENT_3D('',#1255,#1000,#1001);
#861=AXIS2_PLACEMENT_3D('',#1257,#1002,#1003);
#862=AXIS2_PLACEMENT_3D('',#1259,#1004,#1005);
#863=AXIS2_PLACEMENT_3D('',#1269,#1011,#1012);
#864=AXIS2_PLACEMENT_3D('',#1293,#1026,#1027);
#865=AXIS2_PLACEMENT_3D('',#1303,#1032,#1033);
#866=AXIS2_PLACEMENT_3D('',#1305,#1034,#1035);
#867=AXIS2_PLACEMENT_3D('',#1307,#1036,#1037);
#868=AXIS2_PLACEMENT_3D('',#1309,#1039,#1040);
#869=AXIS2_PLACEMENT_3D('',#1312,#1042,#1043);
#870=AXIS2_PLACEMENT_3D('',#1315,#1045,#1046);
#871=AXIS2_PLACEMENT_3D('',#1316,#1047,#1048);
#872=AXIS2_PLACEMENT_3D('',#1318,#1050,#1051);
#873=AXIS2_PLACEMENT_3D('',#1321,#1053,#1054);
#874=AXIS2_PLACEMENT_3D('',#1322,#1055,#1056);
#875=AXIS2_PLACEMENT_3D('',#1324,#1058,#1059);
#876=AXIS2_PLACEMENT_3D('',#1325,#1060,#1061);
#877=AXIS2_PLACEMENT_3D('',#1327,#1062,#1063);
#878=AXIS2_PLACEMENT_3D('',#1328,#1064,#1065);
#879=AXIS2_PLACEMENT_3D('',#1331,#1068,#1069);
#880=AXIS2_PLACEMENT_3D('',#1333,#1071,#1072);
#881=AXIS2_PLACEMENT_3D('',#1335,#1074,#1075);
#882=AXIS2_PLACEMENT_3D('',#1337,#1077,#1078);
#883=AXIS2_PLACEMENT_3D('',#1339,#1080,#1081);
#884=AXIS2_PLACEMENT_3D('',#1341,#1083,#1084);
#885=AXIS2_PLACEMENT_3D('',#1343,#1086,#1087);
#886=AXIS2_PLACEMENT_3D('',#1344,#1088,#1089);
#887=AXIS2_PLACEMENT_3D('',#1345,#1090,#1091);
#888=AXIS2_PLACEMENT_3D('',#1346,#1092,#1093);
#889=AXIS2_PLACEMENT_3D('',#1347,#1094,#1095);
#890=AXIS2_PLACEMENT_3D('',#1348,#1096,#1097);
#891=AXIS2_PLACEMENT_3D('',#1349,#1098,#1099);
#892=AXIS2_PLACEMENT_3D('',#1350,#1100,#1101);
#893=AXIS2_PLACEMENT_3D('',#1351,#1102,#1103);
#894=AXIS2_PLACEMENT_3D('',#1353,#1104,#1105);
#895=AXIS2_PLACEMENT_3D('',#1355,#1106,#1107);
#896=AXIS2_PLACEMENT_3D('',#1356,#1108,#1109);
#897=AXIS2_PLACEMENT_3D('',#1357,#1110,#1111);
#898=AXIS2_PLACEMENT_3D('',#1359,#1112,#1113);
#899=AXIS2_PLACEMENT_3D('',#1361,#1114,#1115);
#900=AXIS2_PLACEMENT_3D('',#1362,#1116,#1117);
#901=AXIS2_PLACEMENT_3D('',#1363,#1118,#1119);
#902=AXIS2_PLACEMENT_3D('',#1365,#1120,#1121);
#903=AXIS2_PLACEMENT_3D('',#1367,#1122,#1123);
#904=AXIS2_PLACEMENT_3D('',#1368,#1124,#1125);
#905=AXIS2_PLACEMENT_3D('',#1369,#1126,#1127);
#906=AXIS2_PLACEMENT_3D('',#1370,#1128,#1129);
#907=AXIS2_PLACEMENT_3D('',#1371,#1130,#1131);
#908=AXIS2_PLACEMENT_3D('',#1374,#1134,#1135);
#909=AXIS2_PLACEMENT_3D('',#1376,#1137,#1138);
#910=AXIS2_PLACEMENT_3D('',#1378,#1140,#1141);
#911=AXIS2_PLACEMENT_3D('',#1379,#1142,#1143);
#912=AXIS2_PLACEMENT_3D('',#1380,#1144,#1145);
#913=AXIS2_PLACEMENT_3D('',#1381,#1146,#1147);
#914=AXIS2_PLACEMENT_3D('',#1382,#1148,#1149);
#915=AXIS2_PLACEMENT_3D('',#1383,#1150,#1151);
#916=AXIS2_PLACEMENT_3D('',#1385,#1152,#1153);
#917=AXIS2_PLACEMENT_3D('',#1386,#1154,#1155);
#918=AXIS2_PLACEMENT_3D('',#1387,#1156,#1157);
#919=AXIS2_PLACEMENT_3D('',#1389,#1158,#1159);
#920=DIRECTION('',(0.,0.,1.));
#921=DIRECTION('',(1.,0.,0.));
#922=DIRECTION('',(0.,0.,1.));
#923=DIRECTION('',(1.,0.,0.));
#924=DIRECTION('',(0.,0.,1.));
#925=DIRECTION('',(1.,0.,0.));
#926=DIRECTION('',(1.,-5.55111512312578E-17,0.));
#927=DIRECTION('',(1.15648231731787E-16,-1.,0.));
#928=DIRECTION('',(-1.,-1.15648231731787E-16,0.));
#929=DIRECTION('',(0.,0.,1.));
#930=DIRECTION('',(1.,0.,0.));
#931=DIRECTION('',(1.15648231731787E-16,-1.,0.));
#932=DIRECTION('',(1.,-5.55111512312578E-17,0.));
#933=DIRECTION('',(0.,0.,1.));
#934=DIRECTION('',(1.,0.,0.));
#935=DIRECTION('',(-1.,-1.15648231731787E-16,0.));
#936=DIRECTION('',(-1.,5.55111512312578E-17,0.));
#937=DIRECTION('',(-5.55111512312578E-17,-1.,0.));
#938=DIRECTION('',(5.55111512312578E-17,1.,0.));
#939=DIRECTION('',(0.,0.,1.));
#940=DIRECTION('',(5.55111512312578E-17,1.,0.));
#941=DIRECTION('',(0.,0.,-1.));
#942=DIRECTION('',(1.,-5.55111512312578E-17,0.));
#943=DIRECTION('',(5.55111512312578E-17,1.,0.));
#944=DIRECTION('',(1.15648231731787E-16,-1.,0.));
#945=DIRECTION('',(1.,1.15648231731787E-16,0.));
#946=DIRECTION('',(0.,0.,1.));
#947=DIRECTION('',(-1.,-1.15648231731787E-16,0.));
#948=DIRECTION('',(0.,0.,1.));
#949=DIRECTION('',(-1.,-1.15648231731787E-16,0.));
#950=DIRECTION('',(1.15648231731787E-16,-1.,0.));
#951=DIRECTION('',(1.,1.15648231731787E-16,0.));
#952=DIRECTION('',(0.,0.,-1.));
#953=DIRECTION('',(1.15648231731787E-16,-1.,0.));
#954=DIRECTION('',(1.,1.15648231731787E-16,0.));
#955=DIRECTION('',(0.,0.,-1.));
#956=DIRECTION('',(0.,0.,1.));
#957=DIRECTION('',(-1.,-1.15648231731787E-16,-1.6418466064497E-16));
#958=DIRECTION('',(0.707106781186547,8.17756488897799E-17,0.707106781186548));
#959=DIRECTION('',(1.,1.15648231731787E-16,4.94464912719282E-17));
#960=DIRECTION('',(0.70710678118654,8.1775648889779E-17,-0.707106781186556));
#961=DIRECTION('',(-1.,-1.15648231731787E-16,-1.64184660644971E-16));
#962=DIRECTION('',(1.44560289664737E-15,1.67181418783617E-31,-1.));
#963=DIRECTION('',(0.,0.,-1.));
#964=DIRECTION('',(1.15648231731787E-16,-1.,0.));
#965=DIRECTION('',(1.,1.15648231731787E-16,0.));
#966=DIRECTION('',(0.,0.,-1.));
#967=DIRECTION('',(-1.,-1.15648231731787E-16,0.));
#968=DIRECTION('',(0.,0.,1.));
#969=DIRECTION('',(1.,0.,0.));
#970=DIRECTION('',(0.,0.,1.));
#971=DIRECTION('',(1.,0.,0.));
#972=DIRECTION('',(0.,0.,1.));
#973=DIRECTION('',(1.,0.,0.));
#974=DIRECTION('',(0.,0.,1.));
#975=DIRECTION('',(1.,0.,0.));
#976=DIRECTION('',(0.,0.,1.));
#977=DIRECTION('',(1.,0.,0.));
#978=DIRECTION('',(0.,0.,1.));
#979=DIRECTION('',(1.,0.,0.));
#980=DIRECTION('',(0.,0.,1.));
#981=DIRECTION('',(1.,0.,0.));
#982=DIRECTION('',(5.55111512312578E-17,1.,0.));
#983=DIRECTION('',(0.,0.,1.));
#984=DIRECTION('',(1.,0.,0.));
#985=DIRECTION('',(0.,0.,1.));
#986=DIRECTION('',(1.,0.,0.));
#987=DIRECTION('',(0.,0.,1.));
#988=DIRECTION('',(1.,0.,0.));
#989=DIRECTION('',(0.,0.,1.));
#990=DIRECTION('',(1.,0.,0.));
#991=DIRECTION('',(0.,0.,1.));
#992=DIRECTION('',(1.,0.,0.));
#993=DIRECTION('',(0.,0.,1.));
#994=DIRECTION('',(1.,0.,0.));
#995=DIRECTION('',(0.,0.,1.));
#996=DIRECTION('',(1.,0.,0.));
#997=DIRECTION('',(0.,0.,1.));
#998=DIRECTION('',(1.,0.,0.));
#999=DIRECTION('',(5.55111512312578E-17,1.,0.));
#1000=DIRECTION('',(0.,0.,1.));
#1001=DIRECTION('',(1.,0.,0.));
#1002=DIRECTION('',(0.,0.,1.));
#1003=DIRECTION('',(1.,0.,0.));
#1004=DIRECTION('',(0.,0.,1.));
#1005=DIRECTION('',(1.,0.,0.));
#1006=DIRECTION('',(1.,-5.55111512312578E-17,0.));
#1007=DIRECTION('',(5.55111512312578E-17,1.,7.11681426041768E-16));
#1008=DIRECTION('',(1.,0.,0.));
#1009=DIRECTION('',(5.55111512312578E-17,1.,7.11681426041768E-16));
#1010=DIRECTION('',(1.,-5.55111512312578E-17,0.));
#1011=DIRECTION('',(0.,1.,0.));
#1012=DIRECTION('',(0.,0.,1.));
#1013=DIRECTION('',(1.,-5.55111512312578E-17,0.));
#1014=DIRECTION('',(0.,0.,-1.));
#1015=DIRECTION('',(0.,0.,-1.));
#1016=DIRECTION('',(1.,-5.55111512312578E-17,0.));
#1017=DIRECTION('',(0.,0.,1.));
#1018=DIRECTION('',(1.44560289664737E-15,1.36056743213867E-16,-1.));
#1019=DIRECTION('',(-1.,5.55111512312579E-17,-1.64184660644971E-16));
#1020=DIRECTION('',(0.70710678118654,5.69543342855895E-17,-0.707106781186556));
#1021=DIRECTION('',(1.,-5.55111512312578E-17,4.94464912719282E-17));
#1022=DIRECTION('',(0.707106781186547,-1.35458957219777E-16,0.707106781186548));
#1023=DIRECTION('',(-1.,5.55111512312579E-17,-1.6418466064497E-16));
#1024=DIRECTION('',(1.57347217678696E-32,-1.36056743213867E-16,1.));
#1025=DIRECTION('',(0.,0.,-1.));
#1026=DIRECTION('',(5.55111512312578E-17,1.,1.36056743213867E-16));
#1027=DIRECTION('',(0.,-1.36056743213867E-16,1.));
#1028=DIRECTION('',(-1.,5.55111512312578E-17,0.));
#1029=DIRECTION('',(1.57347217678696E-32,-1.36056743213867E-16,1.));
#1030=DIRECTION('',(-1.,5.55111512312578E-17,0.));
#1031=DIRECTION('',(1.57347217678696E-32,-1.36056743213867E-16,1.));
#1032=DIRECTION('',(5.55111512312578E-17,1.,1.36056743213867E-16));
#1033=DIRECTION('',(0.,-1.36056743213867E-16,1.));
#1034=DIRECTION('',(5.55111512312578E-17,1.,1.36056743213867E-16));
#1035=DIRECTION('',(0.,-1.36056743213867E-16,1.));
#1036=DIRECTION('',(-1.,5.55111512312578E-17,0.));
#1037=DIRECTION('',(-5.55111512312578E-17,-1.,0.));
#1038=DIRECTION('',(0.,0.,-1.));
#1039=DIRECTION('',(1.,-5.55111512312578E-17,0.));
#1040=DIRECTION('',(5.55111512312578E-17,1.,0.));
#1041=DIRECTION('',(0.,0.,-1.));
#1042=DIRECTION('',(1.,-5.55111512312578E-17,0.));
#1043=DIRECTION('',(5.55111512312578E-17,1.,0.));
#1044=DIRECTION('',(1.,-5.55111512312578E-17,0.));
#1045=DIRECTION('',(1.,-5.55111512312578E-17,0.));
#1046=DIRECTION('',(5.55111512312578E-17,1.,0.));
#1047=DIRECTION('',(1.,-5.55111512312578E-17,0.));
#1048=DIRECTION('',(5.55111512312578E-17,1.,0.));
#1049=DIRECTION('',(5.55111512312578E-17,1.,0.));
#1050=DIRECTION('',(1.,-5.55111512312578E-17,0.));
#1051=DIRECTION('',(5.55111512312578E-17,1.,0.));
#1052=DIRECTION('',(1.,-5.55111512312578E-17,0.));
#1053=DIRECTION('',(1.,-5.55111512312578E-17,0.));
#1054=DIRECTION('',(5.55111512312578E-17,1.,0.));
#1055=DIRECTION('',(1.,-5.55111512312578E-17,0.));
#1056=DIRECTION('',(5.55111512312578E-17,1.,0.));
#1057=DIRECTION('',(5.55111512312578E-17,1.,0.));
#1058=DIRECTION('',(0.,0.,1.));
#1059=DIRECTION('',(1.,0.,0.));
#1060=DIRECTION('',(0.,0.,1.));
#1061=DIRECTION('',(1.,0.,0.));
#1062=DIRECTION('',(0.,0.,1.));
#1063=DIRECTION('',(1.,0.,0.));
#1064=DIRECTION('',(0.,0.,1.));
#1065=DIRECTION('',(1.,0.,0.));
#1066=DIRECTION('',(0.,0.,1.));
#1067=DIRECTION('',(0.,0.,1.));
#1068=DIRECTION('',(1.,1.15648231731787E-16,0.));
#1069=DIRECTION('',(-1.15648231731787E-16,1.,0.));
#1070=DIRECTION('',(1.15648231731787E-16,-1.,0.));
#1071=DIRECTION('',(-1.,-1.15648231731787E-16,-1.44560289664737E-15));
#1072=DIRECTION('',(-1.44560289664737E-15,0.,1.));
#1073=DIRECTION('',(1.15648231731787E-16,-1.,0.));
#1074=DIRECTION('',(-1.64184660644971E-16,-1.89876656810745E-32,1.));
#1075=DIRECTION('',(1.,0.,1.64184660644971E-16));
#1076=DIRECTION('',(1.15648231731787E-16,-1.,0.));
#1077=DIRECTION('',(-0.707106781186556,-8.17756488897809E-17,-0.70710678118654));
#1078=DIRECTION('',(-0.70710678118654,0.,0.707106781186556));
#1079=DIRECTION('',(1.15648231731787E-16,-1.,0.));
#1080=DIRECTION('',(4.94464912719282E-17,5.71839928093974E-33,-1.));
#1081=DIRECTION('',(-1.,0.,-4.94464912719282E-17));
#1082=DIRECTION('',(1.15648231731787E-16,-1.,0.));
#1083=DIRECTION('',(0.707106781186548,8.177564888978E-17,-0.707106781186547));
#1084=DIRECTION('',(-0.707106781186547,0.,-0.707106781186548));
#1085=DIRECTION('',(1.15648231731787E-16,-1.,0.));
#1086=DIRECTION('',(-1.6418466064497E-16,-1.89876656810744E-32,1.));
#1087=DIRECTION('',(1.,0.,1.6418466064497E-16));
#1088=DIRECTION('',(0.,0.,-1.));
#1089=DIRECTION('',(-1.,0.,0.));
#1090=DIRECTION('',(0.,0.,1.));
#1091=DIRECTION('',(1.,0.,0.));
#1092=DIRECTION('',(0.,0.,-1.));
#1093=DIRECTION('',(-1.,0.,0.));
#1094=DIRECTION('',(0.,0.,-1.));
#1095=DIRECTION('',(-1.,0.,0.));
#1096=DIRECTION('',(0.,0.,1.));
#1097=DIRECTION('',(1.,0.,0.));
#1098=DIRECTION('',(0.,0.,-1.));
#1099=DIRECTION('',(-1.,0.,0.));
#1100=DIRECTION('',(1.15648231731787E-16,-1.,0.));
#1101=DIRECTION('',(1.,1.15648231731787E-16,0.));
#1102=DIRECTION('',(1.15648231731787E-16,-1.,0.));
#1103=DIRECTION('',(1.,1.15648231731787E-16,0.));
#1104=DIRECTION('',(1.15648231731787E-16,-1.,0.));
#1105=DIRECTION('',(1.,1.15648231731787E-16,0.));
#1106=DIRECTION('',(1.15648231731787E-16,-1.,0.));
#1107=DIRECTION('',(1.,1.15648231731787E-16,0.));
#1108=DIRECTION('',(1.15648231731787E-16,-1.,0.));
#1109=DIRECTION('',(1.,1.15648231731787E-16,0.));
#1110=DIRECTION('',(1.15648231731787E-16,-1.,0.));
#1111=DIRECTION('',(1.,1.15648231731787E-16,0.));
#1112=DIRECTION('',(1.15648231731787E-16,-1.,0.));
#1113=DIRECTION('',(1.,1.15648231731787E-16,0.));
#1114=DIRECTION('',(1.15648231731787E-16,-1.,0.));
#1115=DIRECTION('',(1.,1.15648231731787E-16,0.));
#1116=DIRECTION('',(1.15648231731787E-16,-1.,0.));
#1117=DIRECTION('',(1.,1.15648231731787E-16,0.));
#1118=DIRECTION('',(1.15648231731787E-16,-1.,0.));
#1119=DIRECTION('',(1.,1.15648231731787E-16,0.));
#1120=DIRECTION('',(1.15648231731787E-16,-1.,0.));
#1121=DIRECTION('',(1.,1.15648231731787E-16,0.));
#1122=DIRECTION('',(1.15648231731787E-16,-1.,0.));
#1123=DIRECTION('',(1.,1.15648231731787E-16,0.));
#1124=DIRECTION('',(1.15648231731787E-16,-1.,0.));
#1125=DIRECTION('',(1.,1.15648231731787E-16,0.));
#1126=DIRECTION('',(1.15648231731787E-16,-1.,0.));
#1127=DIRECTION('',(1.,1.15648231731787E-16,0.));
#1128=DIRECTION('',(1.15648231731787E-16,-1.,0.));
#1129=DIRECTION('',(1.,1.15648231731787E-16,0.));
#1130=DIRECTION('',(1.,1.15648231731787E-16,0.));
#1131=DIRECTION('',(-1.15648231731787E-16,1.,0.));
#1132=DIRECTION('',(1.15648231731787E-16,-1.,0.));
#1133=DIRECTION('',(1.15648231731787E-16,-1.,0.));
#1134=DIRECTION('',(0.,0.,1.));
#1135=DIRECTION('',(1.,0.,0.));
#1136=DIRECTION('',(1.15648231731787E-16,-1.,0.));
#1137=DIRECTION('',(0.,0.,1.));
#1138=DIRECTION('',(1.,0.,0.));
#1139=DIRECTION('',(1.15648231731787E-16,-1.,0.));
#1140=DIRECTION('',(1.,1.15648231731787E-16,0.));
#1141=DIRECTION('',(-1.15648231731787E-16,1.,0.));
#1142=DIRECTION('',(0.,0.,-1.));
#1143=DIRECTION('',(-1.,0.,0.));
#1144=DIRECTION('',(0.,0.,-1.));
#1145=DIRECTION('',(-1.,0.,0.));
#1146=DIRECTION('',(0.,0.,1.));
#1147=DIRECTION('',(1.,0.,0.));
#1148=DIRECTION('',(0.,0.,1.));
#1149=DIRECTION('',(1.,0.,0.));
#1150=DIRECTION('',(0.,0.,1.));
#1151=DIRECTION('',(1.,0.,0.));
#1152=DIRECTION('',(0.,0.,1.));
#1153=DIRECTION('',(1.,0.,0.));
#1154=DIRECTION('',(0.,0.,1.));
#1155=DIRECTION('',(1.,0.,0.));
#1156=DIRECTION('',(0.,0.,1.));
#1157=DIRECTION('',(1.,0.,0.));
#1158=DIRECTION('',(0.,0.,1.));
#1159=DIRECTION('',(1.,0.,0.));
#1160=CARTESIAN_POINT('',(0.,0.,0.));
#1161=CARTESIAN_POINT('',(1.38777878078145E-17,0.,0.));
#1162=CARTESIAN_POINT('',(-0.045,-0.0475,0.));
#1163=CARTESIAN_POINT('',(-0.045,-0.0625,0.));
#1164=CARTESIAN_POINT('',(-0.059142135623731,-0.0525,0.));
#1165=CARTESIAN_POINT('',(-0.060002,-0.0525,0.));
#1166=CARTESIAN_POINT('',(-0.0352,-0.0525,0.));
#1167=CARTESIAN_POINT('',(-0.0352,-0.0325,0.));
#1168=CARTESIAN_POINT('',(-0.0352,-0.0625,0.));
#1169=CARTESIAN_POINT('',(6.93889390390723E-18,-0.0625,0.));
#1170=CARTESIAN_POINT('',(1.38777878078145E-17,0.,0.));
#1171=CARTESIAN_POINT('',(0.0352,-0.0325,0.));
#1172=CARTESIAN_POINT('',(0.0352,-0.0525,0.));
#1173=CARTESIAN_POINT('',(0.0352,-0.0625,0.));
#1174=CARTESIAN_POINT('',(-0.060002,-0.0525,0.));
#1175=CARTESIAN_POINT('',(0.059142135623731,-0.0525,0.));
#1176=CARTESIAN_POINT('',(0.045,-0.0475,0.));
#1177=CARTESIAN_POINT('',(0.045,-0.0625,0.));
#1178=CARTESIAN_POINT('',(6.93889390390723E-18,-0.0625,0.));
#1179=CARTESIAN_POINT('',(0.06,-3.46944695195361E-18,0.078));
#1180=CARTESIAN_POINT('',(0.06,-3.46944695195361E-18,0.126));
#1181=CARTESIAN_POINT('',(0.06,-0.0235,0.126));
#1182=CARTESIAN_POINT('',(0.06,0.0149168654427908,0.126));
#1183=CARTESIAN_POINT('',(0.06,0.0149168654427908,0.131));
#1184=CARTESIAN_POINT('',(0.06,0.0149168654427908,0.136));
#1185=CARTESIAN_POINT('',(0.06,-3.46944695195361E-18,0.136));
#1186=CARTESIAN_POINT('',(0.06,-0.0475,0.136));
#1187=CARTESIAN_POINT('',(0.06,-0.0475,0.));
#1188=CARTESIAN_POINT('',(0.06,-0.0475,0.102));
#1189=CARTESIAN_POINT('',(0.06,-0.0235,0.102));
#1190=CARTESIAN_POINT('',(6.93889390390723E-18,-0.0625,0.078));
#1191=CARTESIAN_POINT('',(0.01175,-0.0625,0.022475));
#1192=CARTESIAN_POINT('',(0.01175,-0.0625,0.012725));
#1193=CARTESIAN_POINT('',(0.01175,-0.0625,0.032225));
#1194=CARTESIAN_POINT('',(6.93889390390723E-18,-0.0625,0.012725));
#1195=CARTESIAN_POINT('',(-0.01175,-0.0625,0.012725));
#1196=CARTESIAN_POINT('',(-0.01175,-0.0625,0.022475));
#1197=CARTESIAN_POINT('',(-0.01175,-0.0625,0.032225));
#1198=CARTESIAN_POINT('',(6.93889390390723E-18,-0.0625,0.032225));
#1199=CARTESIAN_POINT('',(9.66711773036818E-50,-0.0625,0.074));
#1200=CARTESIAN_POINT('',(0.005,-0.0625,0.074));
#1201=CARTESIAN_POINT('',(-0.045,-0.0625,0.078));
#1202=CARTESIAN_POINT('',(-0.045,-0.0625,0.136));
#1203=CARTESIAN_POINT('',(-0.045,-0.0625,0.074));
#1204=CARTESIAN_POINT('',(-0.04,-0.0625,0.074));
#1205=CARTESIAN_POINT('',(-0.045,-0.0625,0.078));
#1206=CARTESIAN_POINT('',(-0.0352,-0.0625,0.0024));
#1207=CARTESIAN_POINT('',(-0.0352,-0.0625,0.0048));
#1208=CARTESIAN_POINT('',(-0.0378414213562373,-0.0625,0.0048));
#1209=CARTESIAN_POINT('',(-0.0404828427124747,-0.0625,0.0048));
#1210=CARTESIAN_POINT('',(-0.0377828427124747,-0.0625,0.0075));
#1211=CARTESIAN_POINT('',(-0.0350828427124747,-0.0625,0.0102));
#1212=CARTESIAN_POINT('',(1.38777878078145E-17,-0.0625,0.0102));
#1213=CARTESIAN_POINT('',(0.0350828427124747,-0.0625,0.0102));
#1214=CARTESIAN_POINT('',(0.0377828427124747,-0.0625,0.0075));
#1215=CARTESIAN_POINT('',(0.0404828427124747,-0.0625,0.00479999999999992));
#1216=CARTESIAN_POINT('',(0.0378414213562373,-0.0625,0.00479999999999992));
#1217=CARTESIAN_POINT('',(0.0352,-0.0625,0.00479999999999992));
#1218=CARTESIAN_POINT('',(0.0352,-0.0625,0.00239999999999996));
#1219=CARTESIAN_POINT('',(0.045,-0.0625,0.136));
#1220=CARTESIAN_POINT('',(0.045,-0.0625,0.074));
#1221=CARTESIAN_POINT('',(0.04,-0.0625,0.074));
#1222=CARTESIAN_POINT('',(0.045,-0.0625,0.136));
#1223=CARTESIAN_POINT('',(0.045,-0.0625,0.136));
#1224=CARTESIAN_POINT('',(6.93889390390723E-18,-0.0625,0.136));
#1225=CARTESIAN_POINT('',(1.38777878078145E-17,-1.38777878078145E-17,0.136));
#1226=CARTESIAN_POINT('',(-0.01100481,-0.05875,0.136));
#1227=CARTESIAN_POINT('',(-0.00940481,-0.05875,0.136));
#1228=CARTESIAN_POINT('',(0.01100481,-0.05875,0.136));
#1229=CARTESIAN_POINT('',(0.01260481,-0.05875,0.136));
#1230=CARTESIAN_POINT('',(0.,-0.03968911,0.136));
#1231=CARTESIAN_POINT('',(0.0016,-0.03968911,0.136));
#1232=CARTESIAN_POINT('',(1.47451495458029E-17,0.0125,0.136));
#1233=CARTESIAN_POINT('',(0.00640000000000002,0.0125,0.136));
#1234=CARTESIAN_POINT('',(-6.93889390390723E-18,-0.21625,0.136));
#1235=CARTESIAN_POINT('',(0.0499549744417513,0.022326115796456,0.136));
#1236=CARTESIAN_POINT('',(-0.0499549744417513,0.022326115796456,0.136));
#1237=CARTESIAN_POINT('',(-0.0468808221684127,0.00764450867052028,0.136));
#1238=CARTESIAN_POINT('',(-0.06,0.0149168654427908,0.136));
#1239=CARTESIAN_POINT('',(-0.06,-1.38777878078145E-17,0.136));
#1240=CARTESIAN_POINT('',(-0.06,-0.0475,0.136));
#1241=CARTESIAN_POINT('',(-0.045,-0.0475,0.136));
#1242=CARTESIAN_POINT('',(0.045,-0.0475,0.136));
#1243=CARTESIAN_POINT('',(0.0468808221684128,0.00764450867052027,0.136));
#1244=CARTESIAN_POINT('',(2.25514051876985E-17,0.0125,0.125998));
#1245=CARTESIAN_POINT('',(2.25514051876985E-17,0.0125,0.126));
#1246=CARTESIAN_POINT('',(0.00450000000000002,0.0125,0.126));
#1247=CARTESIAN_POINT('',(2.25514051876985E-17,0.0125,0.13));
#1248=CARTESIAN_POINT('',(0.00450000000000002,0.0125,0.13));
#1249=CARTESIAN_POINT('',(1.38777878078145E-17,-1.38777878078145E-17,0.126));
#1250=CARTESIAN_POINT('',(0.,-0.03968911,0.126));
#1251=CARTESIAN_POINT('',(0.0016,-0.03968911,0.126));
#1252=CARTESIAN_POINT('',(-0.06,-1.38777878078145E-17,0.126));
#1253=CARTESIAN_POINT('',(-0.06,-0.0235,0.126));
#1254=CARTESIAN_POINT('',(-0.06,0.0149168654427908,0.126));
#1255=CARTESIAN_POINT('',(-0.0468808221684127,0.00764450867052028,0.126));
#1256=CARTESIAN_POINT('',(-0.0499549744417513,0.022326115796456,0.126));
#1257=CARTESIAN_POINT('',(-6.93889390390723E-18,-0.21625,0.126));
#1258=CARTESIAN_POINT('',(0.0499549744417513,0.022326115796456,0.126));
#1259=CARTESIAN_POINT('',(0.0468808221684128,0.00764450867052027,0.126));
#1260=CARTESIAN_POINT('',(0.05,-0.0235,0.126));
#1261=CARTESIAN_POINT('',(0.05,-0.0235,0.126));
#1262=CARTESIAN_POINT('',(0.05,-0.043,0.126));
#1263=CARTESIAN_POINT('',(0.05,-0.0525,0.126));
#1264=CARTESIAN_POINT('',(6.93889390390723E-18,-0.0525,0.126));
#1265=CARTESIAN_POINT('',(-0.05,-0.0525,0.126));
#1266=CARTESIAN_POINT('',(-0.05,-0.043,0.126));
#1267=CARTESIAN_POINT('',(-0.05,-0.0235,0.126));
#1268=CARTESIAN_POINT('',(-0.06,-0.0235,0.126));
#1269=CARTESIAN_POINT('',(6.93889390390723E-18,-0.0525,0.126));
#1270=CARTESIAN_POINT('',(-0.060002,-0.0525,0.102));
#1271=CARTESIAN_POINT('',(-0.059142135623731,-0.0525,0.102));
#1272=CARTESIAN_POINT('',(-0.05,-0.0525,0.102));
#1273=CARTESIAN_POINT('',(-0.05,-0.0525,0.126));
#1274=CARTESIAN_POINT('',(0.05,-0.0525,0.126));
#1275=CARTESIAN_POINT('',(0.05,-0.0525,0.102));
#1276=CARTESIAN_POINT('',(-0.060002,-0.0525,0.102));
#1277=CARTESIAN_POINT('',(0.059142135623731,-0.0525,0.102));
#1278=CARTESIAN_POINT('',(0.059142135623731,-0.0525,0.078));
#1279=CARTESIAN_POINT('',(0.0352,-0.0525,0.00239999999999996));
#1280=CARTESIAN_POINT('',(0.0352,-0.0525,0.00479999999999992));
#1281=CARTESIAN_POINT('',(0.0378414213562373,-0.0525,0.00479999999999992));
#1282=CARTESIAN_POINT('',(0.0404828427124747,-0.0525,0.00479999999999992));
#1283=CARTESIAN_POINT('',(0.0377828427124747,-0.0525,0.0075));
#1284=CARTESIAN_POINT('',(0.0350828427124747,-0.0525,0.0102));
#1285=CARTESIAN_POINT('',(9.29811783123569E-18,-0.0525,0.0102));
#1286=CARTESIAN_POINT('',(-0.0350828427124747,-0.0525,0.0102));
#1287=CARTESIAN_POINT('',(-0.0377828427124747,-0.0525,0.0075));
#1288=CARTESIAN_POINT('',(-0.0404828427124747,-0.0525,0.0048));
#1289=CARTESIAN_POINT('',(-0.0378414213562373,-0.0525,0.0048));
#1290=CARTESIAN_POINT('',(-0.0352,-0.0525,0.0048));
#1291=CARTESIAN_POINT('',(-0.0352,-0.0525,0.0024));
#1292=CARTESIAN_POINT('',(-0.059142135623731,-0.0525,0.078));
#1293=CARTESIAN_POINT('',(-1.15648231731787E-18,-0.0525,0.074));
#1294=CARTESIAN_POINT('',(-1.15648231731787E-18,-0.0525,0.076375));
#1295=CARTESIAN_POINT('',(2.93654452606281E-18,-0.0525,0.012725));
#1296=CARTESIAN_POINT('',(0.01175,-0.0525,0.012725));
#1297=CARTESIAN_POINT('',(-0.01175,-0.0525,0.012725));
#1298=CARTESIAN_POINT('',(0.01175,-0.0525,0.022475));
#1299=CARTESIAN_POINT('',(0.01175,-0.0525,0.032225));
#1300=CARTESIAN_POINT('',(2.93654452606281E-18,-0.0525,0.032225));
#1301=CARTESIAN_POINT('',(-0.01175,-0.0525,0.032225));
#1302=CARTESIAN_POINT('',(-0.01175,-0.0525,0.022475));
#1303=CARTESIAN_POINT('',(0.04,-0.0525,0.074));
#1304=CARTESIAN_POINT('',(0.04,-0.0525,0.076375));
#1305=CARTESIAN_POINT('',(-0.04,-0.0525,0.074));
#1306=CARTESIAN_POINT('',(-0.04,-0.0525,0.076375));
#1307=CARTESIAN_POINT('',(-0.06,-1.38777878078145E-17,0.078));
#1308=CARTESIAN_POINT('',(-0.06,0.0149168654427908,0.131));
#1309=CARTESIAN_POINT('',(-0.06,-0.0235,0.102));
#1310=CARTESIAN_POINT('',(-0.06,-0.0475,0.102));
#1311=CARTESIAN_POINT('',(-0.06,-0.0475,0.078));
#1312=CARTESIAN_POINT('',(0.05,-0.0235,0.102));
#1313=CARTESIAN_POINT('',(0.05,-0.0475,0.102));
#1314=CARTESIAN_POINT('',(0.05,-0.0475,0.102));
#1315=CARTESIAN_POINT('',(0.05,-0.0235,0.102));
#1316=CARTESIAN_POINT('',(0.05,1.11022302462516E-17,0.063));
#1317=CARTESIAN_POINT('',(0.05,1.11022302462516E-17,0.102));
#1318=CARTESIAN_POINT('',(-0.06,-0.0235,0.102));
#1319=CARTESIAN_POINT('',(-0.06,-0.0475,0.102));
#1320=CARTESIAN_POINT('',(-0.05,-0.0475,0.102));
#1321=CARTESIAN_POINT('',(-0.05,-0.0235,0.102));
#1322=CARTESIAN_POINT('',(-0.05,1.66533453693773E-17,0.063));
#1323=CARTESIAN_POINT('',(-0.05,1.66533453693773E-17,0.102));
#1324=CARTESIAN_POINT('',(1.38777878078145E-17,0.,0.13));
#1325=CARTESIAN_POINT('',(1.47451495458029E-17,0.0125,0.13));
#1326=CARTESIAN_POINT('',(0.00640000000000002,0.0125,0.13));
#1327=CARTESIAN_POINT('',(1.47451495458029E-17,0.0125,0.13));
#1328=CARTESIAN_POINT('',(-6.93889390390723E-18,-0.21625,0.125998));
#1329=CARTESIAN_POINT('',(-0.0499549744417513,0.0223261157964561,0.125998));
#1330=CARTESIAN_POINT('',(0.0499549744417513,0.022326115796456,0.125998));
#1331=CARTESIAN_POINT('',(-0.0352,-0.0325,0.0024));
#1332=CARTESIAN_POINT('',(-0.0352,-0.0325,0.0048));
#1333=CARTESIAN_POINT('',(0.0352,-0.0325,0.00239999999999996));
#1334=CARTESIAN_POINT('',(0.0352,-0.0325,0.00479999999999992));
#1335=CARTESIAN_POINT('',(0.0378414213562373,-0.0325,0.00479999999999992));
#1336=CARTESIAN_POINT('',(0.0404828427124747,-0.0325,0.00479999999999992));
#1337=CARTESIAN_POINT('',(0.0377828427124747,-0.0325,0.0075));
#1338=CARTESIAN_POINT('',(0.0350828427124747,-0.0325,0.0102));
#1339=CARTESIAN_POINT('',(1.04083408558608E-17,-0.0325,0.0102));
#1340=CARTESIAN_POINT('',(-0.0350828427124747,-0.0325,0.0102));
#1341=CARTESIAN_POINT('',(-0.0377828427124747,-0.0325,0.0075));
#1342=CARTESIAN_POINT('',(-0.0404828427124747,-0.0325,0.0048));
#1343=CARTESIAN_POINT('',(-0.0378414213562373,-0.0325,0.0048));
#1344=CARTESIAN_POINT('',(-0.0468808221684127,0.00764450867052028,0.125998));
#1345=CARTESIAN_POINT('',(0.0468808221684128,0.00764450867052027,0.125998));
#1346=CARTESIAN_POINT('',(-0.045,-0.0475,0.078));
#1347=CARTESIAN_POINT('',(-0.045,-0.0475,0.102));
#1348=CARTESIAN_POINT('',(0.045,-0.0475,0.078));
#1349=CARTESIAN_POINT('',(0.045,-0.0475,0.102));
#1350=CARTESIAN_POINT('',(6.64977332457776E-18,-0.0575,0.068));
#1351=CARTESIAN_POINT('',(-0.04,-0.0575,0.074));
#1352=CARTESIAN_POINT('',(-0.035,-0.0575,0.074));
#1353=CARTESIAN_POINT('',(-0.04,-0.0575,0.074));
#1354=CARTESIAN_POINT('',(-0.037625,-0.0575,0.074));
#1355=CARTESIAN_POINT('',(-0.04,-0.0575,0.074));
#1356=CARTESIAN_POINT('',(6.64977332457776E-18,-0.0575,0.068));
#1357=CARTESIAN_POINT('',(-5.78241158658936E-19,-0.0575,0.074));
#1358=CARTESIAN_POINT('',(0.005,-0.0575,0.074));
#1359=CARTESIAN_POINT('',(-5.78241158658935E-19,-0.0575,0.074));
#1360=CARTESIAN_POINT('',(0.002375,-0.0575,0.074));
#1361=CARTESIAN_POINT('',(-5.78241158658936E-19,-0.0575,0.074));
#1362=CARTESIAN_POINT('',(6.64977332457776E-18,-0.0575,0.068));
#1363=CARTESIAN_POINT('',(0.04,-0.0575,0.074));
#1364=CARTESIAN_POINT('',(0.045,-0.0575,0.074));
#1365=CARTESIAN_POINT('',(0.04,-0.0575,0.074));
#1366=CARTESIAN_POINT('',(0.042375,-0.0575,0.074));
#1367=CARTESIAN_POINT('',(0.04,-0.0575,0.074));
#1368=CARTESIAN_POINT('',(-0.04,-0.0275,0.074));
#1369=CARTESIAN_POINT('',(-4.04768811061255E-18,-0.0275,0.074));
#1370=CARTESIAN_POINT('',(0.04,-0.0275,0.074));
#1371=CARTESIAN_POINT('',(-0.01175,-0.035873,0.022475));
#1372=CARTESIAN_POINT('',(-0.01175,-0.035873,0.012725));
#1373=CARTESIAN_POINT('',(-0.01175,-0.035873,0.032225));
#1374=CARTESIAN_POINT('',(3.85952843758494E-18,-0.035873,0.032225));
#1375=CARTESIAN_POINT('',(0.01175,-0.035873,0.032225));
#1376=CARTESIAN_POINT('',(3.85952843758494E-18,-0.035873,0.012725));
#1377=CARTESIAN_POINT('',(0.01175,-0.035873,0.012725));
#1378=CARTESIAN_POINT('',(0.01175,-0.035873,0.022475));
#1379=CARTESIAN_POINT('',(-0.060002,-0.0075,0.102));
#1380=CARTESIAN_POINT('',(-0.060002,-0.0075,0.102));
#1381=CARTESIAN_POINT('',(0.,-0.03968911,0.121));
#1382=CARTESIAN_POINT('',(0.01100481,-0.05875,0.121));
#1383=CARTESIAN_POINT('',(0.01100481,-0.05875,0.121));
#1384=CARTESIAN_POINT('',(0.01260481,-0.05875,0.121));
#1385=CARTESIAN_POINT('',(1.38777878078145E-17,-0.0175,0.121));
#1386=CARTESIAN_POINT('',(-0.01100481,-0.05875,0.121));
#1387=CARTESIAN_POINT('',(-0.01100481,-0.05875,0.121));
#1388=CARTESIAN_POINT('',(-0.00940481,-0.05875,0.121));
#1389=CARTESIAN_POINT('',(1.38777878078145E-17,-0.0175,0.121));
#1390=MECHANICAL_DESIGN_GEOMETRIC_PRESENTATION_REPRESENTATION('',(#823),#1391);
#1391=(
GEOMETRIC_REPRESENTATION_CONTEXT(3)
GLOBAL_UNCERTAINTY_ASSIGNED_CONTEXT((#1392))
GLOBAL_UNIT_ASSIGNED_CONTEXT((#1395,#1394,#1393))
REPRESENTATION_CONTEXT('Base (Haut)','TOP_LEVEL_ASSEMBLY_PART')
);
#1392=UNCERTAINTY_MEASURE_WITH_UNIT(LENGTH_MEASURE(1.E-08),#1395,'DISTANCE_ACCURACY_VALUE','Maximum Tolerance applied to model');
#1393=(
NAMED_UNIT(*)
SI_UNIT($,.STERADIAN.)
SOLID_ANGLE_UNIT()
);
#1394=(
NAMED_UNIT(*)
PLANE_ANGLE_UNIT()
SI_UNIT($,.RADIAN.)
);
#1395=(
LENGTH_UNIT()
NAMED_UNIT(*)
SI_UNIT($,.METRE.)
);
#1396=PRODUCT_DEFINITION_SHAPE('','',#1397);
#1397=PRODUCT_DEFINITION('','',#1399,#1398);
#1398=PRODUCT_DEFINITION_CONTEXT('',#1405,'design');
#1399=PRODUCT_DEFINITION_FORMATION_WITH_SPECIFIED_SOURCE('','',#1401,.NOT_KNOWN.);
#1400=PRODUCT_RELATED_PRODUCT_CATEGORY('','',(#1401));
#1401=PRODUCT('Base (Haut)','Base (Haut)','Base (Haut)',(#1403));
#1402=PRODUCT_CATEGORY('','');
#1403=PRODUCT_CONTEXT('',#1405,'mechanical');
#1404=APPLICATION_PROTOCOL_DEFINITION('international standard','ap242_managed_model_based_3d_engineering',2020,#1405);
#1405=APPLICATION_CONTEXT('managed model based 3d engineering');
#1406=SHAPE_ASPECT('DIAMETER.Fn5e6L5RZOH47QJ_1',$,#1396,.T.);
#1407=GEOMETRIC_ITEM_SPECIFIC_USAGE('','',#1406,#11,#789);
#1408=DIMENSIONAL_SIZE(#1406,'diameter');
#1410=(
LENGTH_UNIT()
NAMED_UNIT(*)
SI_UNIT(.MILLI.,.METRE.)
);
#1411=PRECISION_QUALIFIER(3);
#1409=(
LENGTH_MEASURE_WITH_UNIT()
MEASURE_REPRESENTATION_ITEM()
MEASURE_WITH_UNIT(POSITIVE_LENGTH_MEASURE(12.8),#1410)
QUALIFIED_REPRESENTATION_ITEM((#1411))
REPRESENTATION_ITEM('nominal value')
);
#1412=SHAPE_DIMENSION_REPRESENTATION('',(#1409),#1391);
#1413=DIMENSIONAL_CHARACTERISTIC_REPRESENTATION(#1408,#1412);
#1414=PRESENTATION_STYLE_ASSIGNMENT((NULL_STYLE(.NULL.)));
#1415=CARTESIAN_POINT('',(1.47451495458029E-17,0.0125,0.133));
#1416=DIRECTION('',(0.,0.,1.));
#1417=DIRECTION('',(1.,0.,0.));
#1418=AXIS2_PLACEMENT_3D('',#1415,#1416,#1417);
#1419=PLANE('',#1418);
#1420=ANNOTATION_PLANE('',(#1414),#1419,(#1447));
#1421=CARTESIAN_POINT('',(0.,0.,0.));
#1422=DIRECTION('',(0.,0.,1.));
#1423=DIRECTION('',(1.,0.,0.));
#1424=AXIS2_PLACEMENT_3D('',#1421,#1422,#1423);
#1425=CARTESIAN_POINT('',(0.,0.,0.));
#1426=DIRECTION('',(0.,0.,1.));
#1427=DIRECTION('',(1.,0.,0.));
#1428=AXIS2_PLACEMENT_3D('',#1425,#1426,#1427);
#1429=SHAPE_REPRESENTATION('',(#1428,#831),#1391);
#1430=REPRESENTATION_MAP(#1424,#1429);
#1431=MAPPED_ITEM('',#1430,#1424);
#1432=PRESENTATION_STYLE_ASSIGNMENT((NULL_STYLE(.NULL.)));
#1433=STYLED_ITEM('',(#1432),#1431);
#1434=DRAUGHTING_MODEL('',(#1420,#1424,#1431,#1433),#1391);
#1435=DRAUGHTING_PRE_DEFINED_CURVE_FONT('continuous');
#1436=COLOUR_RGB('',0.,0.,0.);
#1437=CURVE_STYLE('',#1435,POSITIVE_LENGTH_MEASURE(0.02),#1436);
#1438=PRESENTATION_STYLE_ASSIGNMENT((#1437));
#1439=COORDINATES_LIST('coordinates',1536,((0.0075549,0.0106469,0.1330000),(0.0076520,0.0106062,0.1330000),(0.0077500,0.0105709,0.1330000),(0.0075549,0.0106469,0.1330000),(0.0077500,0.0105709,0.1330000),(0.0078489,0.0105411,0.1330000),(0.0075549,0.0106469,0.1330000),(0.0078489,0.0105411,0.1330000),(0.0079489,0.0105167,0.1330000),(0.0075549,0.0106469,0.1330000),(0.0079489,0.0105167,0.1330000),(0.0080498,0.0104977,0.1330000),(0.0075549,0.0106469,0.1330000),(0.0080498,0.0104977,0.1330000),(0.0081516,0.0104841,0.1330000),(0.0075549,0.0106469,0.1330000),(0.0081516,0.0104841,0.1330000),(0.0082544,0.0104760,0.1330000),(0.0075549,0.0106469,0.1330000),(0.0082544,0.0104760,0.1330000),(0.0083582,0.0104733,0.1330000),(0.0075549,0.0106469,0.1330000),(0.0083582,0.0104733,0.1330000),(0.0084940,0.0104776,0.1330000),(0.0075549,0.0106469,0.1330000),(0.0084940,0.0104776,0.1330000),(0.0086272,0.0104906,0.1330000),(0.0075549,0.0106469,0.1330000),(0.0086272,0.0104906,0.1330000),(0.0087579,0.0105121,0.1330000),(0.0075549,0.0106469,0.1330000),(0.0087579,0.0105121,0.1330000),(0.0088860,0.0105423,0.1330000),(0.0075549,0.0106469,0.1330000),(0.0088860,0.0105423,0.1330000),(0.0090116,0.0105812,0.1330000),(0.0075549,0.0106469,0.1330000),(0.0090116,0.0105812,0.1330000),(0.0091347,0.0106287,0.1330000),(0.0075549,0.0106469,0.1330000),(0.0091347,0.0106287,0.1330000),(0.0092552,0.0106848,0.1330000),(0.0075549,0.0106469,0.1330000),(0.0092552,0.0106848,0.1330000),(0.0093731,0.0107495,0.1330000),(0.0075549,0.0106469,0.1330000),(0.0093731,0.0107495,0.1330000),(0.0094867,0.0108219,0.1330000),(0.0075549,0.0106469,0.1330000),(0.0094867,0.0108219,0.1330000),(0.0095940,0.0109005,0.1330000),(0.0075549,0.0106469,0.1330000),(0.0095940,0.0109005,0.1330000),(0.0096952,0.0109852,0.1330000),(0.0075549,0.0106469,0.1330000),(0.0096952,0.0109852,0.1330000),(0.0097901,0.0110760,0.1330000),(0.0075549,0.0106469,0.1330000),(0.0097901,0.0110760,0.1330000),(0.0098788,0.0111730,0.1330000),(0.0098788,0.0111730,0.1330000),(0.0099613,0.0112762,0.1330000),(0.0100376,0.0113855,0.1330000),(0.0098788,0.0111730,0.1330000),(0.0100376,0.0113855,0.1330000),(0.0101076,0.0115009,0.1330000),(0.0098788,0.0111730,0.1330000),(0.0101076,0.0115009,0.1330000),(0.0101706,0.0116207,0.1330000),(0.0098788,0.0111730,0.1330000),(0.0101706,0.0116207,0.1330000),(0.0102252,0.0117430,0.1330000),(0.0098788,0.0111730,0.1330000),(0.0102252,0.0117430,0.1330000),(0.0102714,0.0118677,0.1330000),(0.0098788,0.0111730,0.1330000),(0.0102714,0.0118677,0.1330000),(0.0103092,0.0119949,0.1330000),(0.0098788,0.0111730,0.1330000),(0.0103092,0.0119949,0.1330000),(0.0103386,0.0121246,0.1330000),(0.0098788,0.0111730,0.1330000),(0.0103386,0.0121246,0.1330000),(0.0103596,0.0122568,0.1330000),(0.0098788,0.0111730,0.1330000),(0.0103596,0.0122568,0.1330000),(0.0103722,0.0123914,0.1330000),(0.0098788,0.0111730,0.1330000),(0.0103722,0.0123914,0.1330000),(0.0103764,0.0125286,0.1330000),(0.0098788,0.0111730,0.1330000),(0.0103764,0.0125286,0.1330000),(0.0103722,0.0126602,0.1330000),(0.0098788,0.0111730,0.1330000),(0.0103722,0.0126602,0.1330000),(0.0103596,0.0127910,0.1330000),(0.0098788,0.0111730,0.1330000),(0.0103596,0.0127910,0.1330000),(0.0103386,0.0129211,0.1330000),(0.0098788,0.0111730,0.1330000),(0.0103386,0.0129211,0.1330000),(0.0103092,0.0130503,0.1330000),(0.0098788,0.0111730,0.1330000),(0.0103092,0.0130503,0.1330000),(0.0102714,0.0131788,0.1330000),(0.0098788,0.0111730,0.1330000),(0.0102714,0.0131788,0.1330000),(0.0102252,0.0133064,0.1330000),(0.0102252,0.0133064,0.1330000),(0.0098334,0.0131650,0.1330000),(0.0098700,0.0130671,0.1330000),(0.0102252,0.0133064,0.1330000),(0.0098700,0.0130671,0.1330000),(0.0098999,0.0129659,0.1330000),(0.0102252,0.0133064,0.1330000),(0.0098999,0.0129659,0.1330000),(0.0099232,0.0128615,0.1330000),(0.0102252,0.0133064,0.1330000),(0.0099232,0.0128615,0.1330000),(0.0099398,0.0127538,0.1330000),(0.0102252,0.0133064,0.1330000),(0.0099398,0.0127538,0.1330000),(0.0099498,0.0126428,0.1330000),(0.0102252,0.0133064,0.1330000),(0.0099498,0.0126428,0.1330000),(0.0099531,0.0125286,0.1330000),(0.0102252,0.0133064,0.1330000),(0.0099531,0.0125286,0.1330000),(0.0099497,0.0124185,0.1330000),(0.0098788,0.0111730,0.1330000),(0.0102252,0.0133064,0.1330000),(0.0099497,0.0124185,0.1330000),(0.0098788,0.0111730,0.1330000),(0.0099497,0.0124185,0.1330000),(0.0099397,0.0123107,0.1330000),(0.0098788,0.0111730,0.1330000),(0.0099397,0.0123107,0.1330000),(0.0099229,0.0122050,0.1330000),(0.0098788,0.0111730,0.1330000),(0.0099229,0.0122050,0.1330000),(0.0098994,0.0121015,0.1330000),(0.0098788,0.0111730,0.1330000),(0.0098994,0.0121015,0.1330000),(0.0098692,0.0120002,0.1330000),(0.0098788,0.0111730,0.1330000),(0.0098692,0.0120002,0.1330000),(0.0098322,0.0119011,0.1330000),(0.0098788,0.0111730,0.1330000),(0.0098322,0.0119011,0.1330000),(0.0097886,0.0118042,0.1330000),(0.0098788,0.0111730,0.1330000),(0.0097886,0.0118042,0.1330000),(0.0097382,0.0117094,0.1330000),(0.0098788,0.0111730,0.1330000),(0.0097382,0.0117094,0.1330000),(0.0096824,0.0116182,0.1330000),(0.0098788,0.0111730,0.1330000),(0.0096824,0.0116182,0.1330000),(0.0096218,0.0115319,0.1330000),(0.0098788,0.0111730,0.1330000),(0.0096218,0.0115319,0.1330000),(0.0095563,0.0114505,0.1330000),(0.0098788,0.0111730,0.1330000),(0.0095563,0.0114505,0.1330000),(0.0094861,0.0113739,0.1330000),(0.0098788,0.0111730,0.1330000),(0.0094861,0.0113739,0.1330000),(0.0094111,0.0113023,0.1330000),(0.0098788,0.0111730,0.1330000),(0.0094111,0.0113023,0.1330000),(0.0093312,0.0112356,0.1330000),(0.0098788,0.0111730,0.1330000),(0.0093312,0.0112356,0.1330000),(0.0092466,0.0111737,0.1330000),(0.0098788,0.0111730,0.1330000),(0.0092466,0.0111737,0.1330000),(0.0091572,0.0111168,0.1330000),(0.0098788,0.0111730,0.1330000),(0.0091572,0.0111168,0.1330000),(0.0090646,0.0110657,0.1330000),(0.0098788,0.0111730,0.1330000),(0.0090646,0.0110657,0.1330000),(0.0089700,0.0110214,0.1330000),(0.0098788,0.0111730,0.1330000),(0.0089700,0.0110214,0.1330000),(0.0088732,0.0109839,0.1330000),(0.0098788,0.0111730,0.1330000),(0.0088732,0.0109839,0.1330000),(0.0087744,0.0109532,0.1330000),(0.0075549,0.0106469,0.1330000),(0.0098788,0.0111730,0.1330000),(0.0087744,0.0109532,0.1330000),(0.0075549,0.0106469,0.1330000),(0.0087744,0.0109532,0.1330000),(0.0086734,0.0109294,0.1330000),(0.0075549,0.0106469,0.1330000),(0.0086734,0.0109294,0.1330000),(0.0085704,0.0109124,0.1330000),(0.0075549,0.0106469,0.1330000),(0.0085704,0.0109124,0.1330000),(0.0084653,0.0109021,0.1330000),(0.0075549,0.0106469,0.1330000),(0.0084653,0.0109021,0.1330000),(0.0083582,0.0108987,0.1330000),(0.0075549,0.0106469,0.1330000),(0.0083582,0.0108987,0.1330000),(0.0082046,0.0109058,0.1330000),(0.0075549,0.0106469,0.1330000),(0.0082046,0.0109058,0.1330000),(0.0080550,0.0109271,0.1330000),(0.0075549,0.0106469,0.1330000),(0.0080550,0.0109271,0.1330000),(0.0079093,0.0109624,0.1330000),(0.0075549,0.0106469,0.1330000),(0.0079093,0.0109624,0.1330000),(0.0077676,0.0110120,0.1330000),(0.0075549,0.0106469,0.1330000),(0.0077676,0.0110120,0.1330000),(0.0093647,0.0137954,0.1330000),(0.0069940,0.0096721,0.1330000),(0.0075549,0.0106469,0.1330000),(0.0093647,0.0137954,0.1330000),(0.0097902,0.0132596,0.1330000),(0.0098334,0.0131650,0.1330000),(0.0102252,0.0133064,0.1330000),(0.0097404,0.0133509,0.1330000),(0.0097902,0.0132596,0.1330000),(0.0102252,0.0133064,0.1330000),(0.0096724,0.0134549,0.1330000),(0.0097404,0.0133509,0.1330000),(0.0102252,0.0133064,0.1330000),(0.0095872,0.0135636,0.1330000),(0.0096724,0.0134549,0.1330000),(0.0102252,0.0133064,0.1330000),(0.0095380,0.0136198,0.1330000),(0.0095872,0.0135636,0.1330000),(0.0102252,0.0133064,0.1330000),(0.0094846,0.0136771,0.1330000),(0.0095380,0.0136198,0.1330000),(0.0102252,0.0133064,0.1330000),(0.0094268,0.0137357,0.1330000),(0.0094846,0.0136771,0.1330000),(0.0102252,0.0133064,0.1330000),(0.0093647,0.0137954,0.1330000),(0.0094268,0.0137357,0.1330000),(0.0102252,0.0133064,0.1330000),(0.0093647,0.0137954,0.1330000),(0.0102252,0.0133064,0.1330000),(0.0101706,0.0134333,0.1330000),(0.0093647,0.0137954,0.1330000),(0.0101706,0.0134333,0.1330000),(0.0101076,0.0135594,0.1330000),(0.0093647,0.0137954,0.1330000),(0.0101076,0.0135594,0.1330000),(0.0100574,0.0136461,0.1330000),(0.0093647,0.0137954,0.1330000),(0.0100574,0.0136461,0.1330000),(0.0100026,0.0137295,0.1330000),(0.0093647,0.0137954,0.1330000),(0.0100026,0.0137295,0.1330000),(0.0099432,0.0138096,0.1330000),(0.0093647,0.0137954,0.1330000),(0.0099432,0.0138096,0.1330000),(0.0098793,0.0138864,0.1330000),(0.0093647,0.0137954,0.1330000),(0.0098793,0.0138864,0.1330000),(0.0098107,0.0139599,0.1330000),(0.0093647,0.0137954,0.1330000),(0.0098107,0.0139599,0.1330000),(0.0097375,0.0140301,0.1330000),(0.0093647,0.0137954,0.1330000),(0.0097375,0.0140301,0.1330000),(0.0096597,0.0140970,0.1330000),(0.0093647,0.0137954,0.1330000),(0.0096597,0.0140970,0.1330000),(0.0095774,0.0141605,0.1330000),(0.0093647,0.0137954,0.1330000),(0.0095774,0.0141605,0.1330000),(0.0101192,0.0151130,0.1330000),(0.0069940,0.0096721,0.1330000),(0.0093647,0.0137954,0.1330000),(0.0101192,0.0151130,0.1330000),(0.0069940,0.0096721,0.1330000),(0.0101192,0.0151130,0.1330000),(0.0101478,0.0152167,0.1330000),(0.0069940,0.0096721,0.1330000),(0.0101478,0.0152167,0.1330000),(0.0101404,0.0152771,0.1330000),(0.0069940,0.0096721,0.1330000),(0.0101404,0.0152771,0.1330000),(0.0101018,0.0153522,0.1330000),(0.0069940,0.0096721,0.1330000),(0.0101018,0.0153522,0.1330000),(0.0100367,0.0154062,0.1330000),(0.0069940,0.0096721,0.1330000),(0.0100367,0.0154062,0.1330000),(0.0099340,0.0154369,0.1330000),(0.0069940,0.0096721,0.1330000),(0.0099340,0.0154369,0.1330000),(0.0098737,0.0154295,0.1330000),(0.0069940,0.0096721,0.1330000),(0.0098737,0.0154295,0.1330000),(0.0097980,0.0153908,0.1330000),(0.0069940,0.0096721,0.1330000),(0.0097980,0.0153908,0.1330000),(0.0097425,0.0153257,0.1330000),(0.0069940,0.0096721,0.1330000),(0.0097425,0.0153257,0.1330000),(0.0092070,0.0143976,0.1330000),(0.0092070,0.0143976,0.1330000),(0.0091064,0.0144420,0.1330000),(0.0090024,0.0144805,0.1330000),(0.0092070,0.0143976,0.1330000),(0.0090024,0.0144805,0.1330000),(0.0088952,0.0145130,0.1330000),(0.0092070,0.0143976,0.1330000),(0.0088952,0.0145130,0.1330000),(0.0087847,0.0145397,0.1330000),(0.0092070,0.0143976,0.1330000),(0.0087847,0.0145397,0.1330000),(0.0086708,0.0145604,0.1330000),(0.0092070,0.0143976,0.1330000),(0.0086708,0.0145604,0.1330000),(0.0085537,0.0145752,0.1330000),(0.0092070,0.0143976,0.1330000),(0.0085537,0.0145752,0.1330000),(0.0084333,0.0145841,0.1330000),(0.0092070,0.0143976,0.1330000),(0.0084333,0.0145841,0.1330000),(0.0083095,0.0145870,0.1330000),(0.0092070,0.0143976,0.1330000),(0.0083095,0.0145870,0.1330000),(0.0081849,0.0145827,0.1330000),(0.0092070,0.0143976,0.1330000),(0.0081849,0.0145827,0.1330000),(0.0080614,0.0145697,0.1330000),(0.0092070,0.0143976,0.1330000),(0.0080614,0.0145697,0.1330000),(0.0079390,0.0145480,0.1330000),(0.0092070,0.0143976,0.1330000),(0.0079390,0.0145480,0.1330000),(0.0078176,0.0145177,0.1330000),(0.0092070,0.0143976,0.1330000),(0.0078176,0.0145177,0.1330000),(0.0076974,0.0144787,0.1330000),(0.0092070,0.0143976,0.1330000),(0.0076974,0.0144787,0.1330000),(0.0075782,0.0144311,0.1330000),(0.0092070,0.0143976,0.1330000),(0.0075782,0.0144311,0.1330000),(0.0074602,0.0143747,0.1330000),(0.0092070,0.0143976,0.1330000),(0.0074602,0.0143747,0.1330000),(0.0073432,0.0143097,0.1330000),(0.0092070,0.0143976,0.1330000),(0.0073432,0.0143097,0.1330000),(0.0072301,0.0142376,0.1330000),(0.0092070,0.0143976,0.1330000),(0.0072301,0.0142376,0.1330000),(0.0071231,0.0141592,0.1330000),(0.0092070,0.0143976,0.1330000),(0.0071231,0.0141592,0.1330000),(0.0070222,0.0140746,0.1330000),(0.0092070,0.0143976,0.1330000),(0.0070222,0.0140746,0.1330000),(0.0069273,0.0139838,0.1330000),(0.0092070,0.0143976,0.1330000),(0.0069273,0.0139838,0.1330000),(0.0068385,0.0138867,0.1330000),(0.0068385,0.0138867,0.1330000),(0.0067559,0.0137835,0.1330000),(0.0066793,0.0136740,0.1330000),(0.0068385,0.0138867,0.1330000),(0.0066793,0.0136740,0.1330000),(0.0066088,0.0135583,0.1330000),(0.0068385,0.0138867,0.1330000),(0.0066088,0.0135583,0.1330000),(0.0065455,0.0134385,0.1330000),(0.0068385,0.0138867,0.1330000),(0.0065455,0.0134385,0.1330000),(0.0064907,0.0133162,0.1330000),(0.0068385,0.0138867,0.1330000),(0.0064907,0.0133162,0.1330000),(0.0064443,0.0131913,0.1330000),(0.0068385,0.0138867,0.1330000),(0.0064443,0.0131913,0.1330000),(0.0064063,0.0130638,0.1330000),(0.0068385,0.0138867,0.1330000),(0.0064063,0.0130638,0.1330000),(0.0063768,0.0129338,0.1330000),(0.0068385,0.0138867,0.1330000),(0.0063768,0.0129338,0.1330000),(0.0063557,0.0128013,0.1330000),(0.0068385,0.0138867,0.1330000),(0.0063557,0.0128013,0.1330000),(0.0063431,0.0126662,0.1330000),(0.0068385,0.0138867,0.1330000),(0.0063431,0.0126662,0.1330000),(0.0063389,0.0125286,0.1330000),(0.0068385,0.0138867,0.1330000),(0.0063389,0.0125286,0.1330000),(0.0063431,0.0123905,0.1330000),(0.0068385,0.0138867,0.1330000),(0.0063431,0.0123905,0.1330000),(0.0063557,0.0122552,0.1330000),(0.0068385,0.0138867,0.1330000),(0.0063557,0.0122552,0.1330000),(0.0063767,0.0121226,0.1330000),(0.0068385,0.0138867,0.1330000),(0.0063767,0.0121226,0.1330000),(0.0064061,0.0119928,0.1330000),(0.0068385,0.0138867,0.1330000),(0.0064061,0.0119928,0.1330000),(0.0064439,0.0118657,0.1330000),(0.0068385,0.0138867,0.1330000),(0.0064439,0.0118657,0.1330000),(0.0064901,0.0117414,0.1330000),(0.0068385,0.0138867,0.1330000),(0.0064901,0.0117414,0.1330000),(0.0065447,0.0116198,0.1330000),(0.0068385,0.0138867,0.1330000),(0.0065447,0.0116198,0.1330000),(0.0066077,0.0115009,0.1330000),(0.0066077,0.0115009,0.1330000),(0.0069760,0.0117094,0.1330000),(0.0069266,0.0118042,0.1330000),(0.0066077,0.0115009,0.1330000),(0.0069266,0.0118042,0.1330000),(0.0068839,0.0119010,0.1330000),(0.0066077,0.0115009,0.1330000),(0.0068839,0.0119010,0.1330000),(0.0068477,0.0120001,0.1330000),(0.0066077,0.0115009,0.1330000),(0.0068477,0.0120001,0.1330000),(0.0068180,0.0121013,0.1330000),(0.0066077,0.0115009,0.1330000),(0.0068180,0.0121013,0.1330000),(0.0067950,0.0122046,0.1330000),(0.0066077,0.0115009,0.1330000),(0.0067950,0.0122046,0.1330000),(0.0067785,0.0123101,0.1330000),(0.0066077,0.0115009,0.1330000),(0.0067785,0.0123101,0.1330000),(0.0067687,0.0124177,0.1330000),(0.0066077,0.0115009,0.1330000),(0.0067687,0.0124177,0.1330000),(0.0067654,0.0125275,0.1330000),(0.0066077,0.0115009,0.1330000),(0.0067654,0.0125275,0.1330000),(0.0067687,0.0126373,0.1330000),(0.0068385,0.0138867,0.1330000),(0.0066077,0.0115009,0.1330000),(0.0067687,0.0126373,0.1330000),(0.0068385,0.0138867,0.1330000),(0.0067687,0.0126373,0.1330000),(0.0067787,0.0127451,0.1330000),(0.0068385,0.0138867,0.1330000),(0.0067787,0.0127451,0.1330000),(0.0067954,0.0128507,0.1330000),(0.0068385,0.0138867,0.1330000),(0.0067954,0.0128507,0.1330000),(0.0068188,0.0129543,0.1330000),(0.0068385,0.0138867,0.1330000),(0.0068188,0.0129543,0.1330000),(0.0068489,0.0130558,0.1330000),(0.0068385,0.0138867,0.1330000),(0.0068489,0.0130558,0.1330000),(0.0068856,0.0131552,0.1330000),(0.0068385,0.0138867,0.1330000),(0.0068856,0.0131552,0.1330000),(0.0069291,0.0132525,0.1330000),(0.0068385,0.0138867,0.1330000),(0.0069291,0.0132525,0.1330000),(0.0069792,0.0133477,0.1330000),(0.0068385,0.0138867,0.1330000),(0.0069792,0.0133477,0.1330000),(0.0070350,0.0134397,0.1330000),(0.0068385,0.0138867,0.1330000),(0.0070350,0.0134397,0.1330000),(0.0070956,0.0135266,0.1330000),(0.0068385,0.0138867,0.1330000),(0.0070956,0.0135266,0.1330000),(0.0071611,0.0136085,0.1330000),(0.0068385,0.0138867,0.1330000),(0.0071611,0.0136085,0.1330000),(0.0072313,0.0136853,0.1330000),(0.0068385,0.0138867,0.1330000),(0.0072313,0.0136853,0.1330000),(0.0073063,0.0137572,0.1330000),(0.0068385,0.0138867,0.1330000),(0.0073063,0.0137572,0.1330000),(0.0073862,0.0138240,0.1330000),(0.0068385,0.0138867,0.1330000),(0.0073862,0.0138240,0.1330000),(0.0074708,0.0138858,0.1330000),(0.0068385,0.0138867,0.1330000),(0.0074708,0.0138858,0.1330000),(0.0075602,0.0139425,0.1330000),(0.0068385,0.0138867,0.1330000),(0.0075602,0.0139425,0.1330000),(0.0076523,0.0139936,0.1330000),(0.0068385,0.0138867,0.1330000),(0.0076523,0.0139936,0.1330000),(0.0077449,0.0140379,0.1330000),(0.0068385,0.0138867,0.1330000),(0.0077449,0.0140379,0.1330000),(0.0078380,0.0140754,0.1330000),(0.0068385,0.0138867,0.1330000),(0.0078380,0.0140754,0.1330000),(0.0079317,0.0141060,0.1330000),(0.0068385,0.0138867,0.1330000),(0.0079317,0.0141060,0.1330000),(0.0080259,0.0141299,0.1330000),(0.0092070,0.0143976,0.1330000),(0.0068385,0.0138867,0.1330000),(0.0080259,0.0141299,0.1330000),(0.0092070,0.0143976,0.1330000),(0.0080259,0.0141299,0.1330000),(0.0081206,0.0141469,0.1330000),(0.0092070,0.0143976,0.1330000),(0.0081206,0.0141469,0.1330000),(0.0082158,0.0141571,0.1330000),(0.0092070,0.0143976,0.1330000),(0.0082158,0.0141571,0.1330000),(0.0083116,0.0141605,0.1330000),(0.0092070,0.0143976,0.1330000),(0.0083116,0.0141605,0.1330000),(0.0083180,0.0141605,0.1330000),(0.0092070,0.0143976,0.1330000),(0.0083180,0.0141605,0.1330000),(0.0084117,0.0141584,0.1330000),(0.0092070,0.0143976,0.1330000),(0.0084117,0.0141584,0.1330000),(0.0085028,0.0141522,0.1330000),(0.0092070,0.0143976,0.1330000),(0.0085028,0.0141522,0.1330000),(0.0085915,0.0141418,0.1330000),(0.0092070,0.0143976,0.1330000),(0.0085915,0.0141418,0.1330000),(0.0086775,0.0141272,0.1330000),(0.0092070,0.0143976,0.1330000),(0.0086775,0.0141272,0.1330000),(0.0087611,0.0141084,0.1330000),(0.0092070,0.0143976,0.1330000),(0.0087611,0.0141084,0.1330000),(0.0088420,0.0140855,0.1330000),(0.0092070,0.0143976,0.1330000),(0.0088420,0.0140855,0.1330000),(0.0089205,0.0140584,0.1330000),(0.0092070,0.0143976,0.1330000),(0.0089205,0.0140584,0.1330000),(0.0089964,0.0140272,0.1330000),(0.0069940,0.0096721,0.1330000),(0.0092070,0.0143976,0.1330000),(0.0089964,0.0140272,0.1330000),(0.0069940,0.0096721,0.1330000),(0.0089964,0.0140272,0.1330000),(0.0073919,0.0112321,0.1330000),(0.0069940,0.0096721,0.1330000),(0.0073919,0.0112321,0.1330000),(0.0072715,0.0113350,0.1330000),(0.0070184,0.0116402,0.1330000),(0.0069760,0.0117094,0.1330000),(0.0066077,0.0115009,0.1330000),(0.0070635,0.0115736,0.1330000),(0.0070184,0.0116402,0.1330000),(0.0066077,0.0115009,0.1330000),(0.0071620,0.0114488,0.1330000),(0.0070635,0.0115736,0.1330000),(0.0066077,0.0115009,0.1330000),(0.0072715,0.0113350,0.1330000),(0.0071620,0.0114488,0.1330000),(0.0066077,0.0115009,0.1330000),(0.0072715,0.0113350,0.1330000),(0.0066077,0.0115009,0.1330000),(0.0066656,0.0114059,0.1330000),(0.0072715,0.0113350,0.1330000),(0.0066656,0.0114059,0.1330000),(0.0067273,0.0113149,0.1330000),(0.0072715,0.0113350,0.1330000),(0.0067273,0.0113149,0.1330000),(0.0067926,0.0112281,0.1330000),(0.0072715,0.0113350,0.1330000),(0.0067926,0.0112281,0.1330000),(0.0068617,0.0111453,0.1330000),(0.0072715,0.0113350,0.1330000),(0.0068617,0.0111453,0.1330000),(0.0069345,0.0110667,0.1330000),(0.0072715,0.0113350,0.1330000),(0.0069345,0.0110667,0.1330000),(0.0070109,0.0109921,0.1330000),(0.0072715,0.0113350,0.1330000),(0.0070109,0.0109921,0.1330000),(0.0070911,0.0109217,0.1330000),(0.0072715,0.0113350,0.1330000),(0.0070911,0.0109217,0.1330000),(0.0071750,0.0108553,0.1330000),(0.0069940,0.0096721,0.1330000),(0.0072715,0.0113350,0.1330000),(0.0071750,0.0108553,0.1330000),(0.0069940,0.0096721,0.1330000),(0.0071750,0.0108553,0.1330000),(0.0066193,0.0098849,0.1330000),(0.0069940,0.0096721,0.1330000),(0.0066193,0.0098849,0.1330000),(0.0065918,0.0097833,0.1330000),(0.0069940,0.0096721,0.1330000),(0.0065918,0.0097833,0.1330000),(0.0065982,0.0097229,0.1330000),(0.0069940,0.0096721,0.1330000),(0.0065982,0.0097229,0.1330000),(0.0066373,0.0096459,0.1330000),(0.0069940,0.0096721,0.1330000),(0.0066373,0.0096459,0.1330000),(0.0066998,0.0095906,0.1330000),(0.0069940,0.0096721,0.1330000),(0.0066998,0.0095906,0.1330000),(0.0068045,0.0095631,0.1330000),(0.0069940,0.0096721,0.1330000),(0.0068045,0.0095631,0.1330000),(0.0068649,0.0095705,0.1330000),(0.0069940,0.0096721,0.1330000),(0.0068649,0.0095705,0.1330000),(0.0069374,0.0096060,0.1330000),(0.0176512,0.0143673,0.1330000),(0.0175890,0.0143013,0.1330000),(0.0175329,0.0142287,0.1330000),(0.0176512,0.0143673,0.1330000),(0.0175329,0.0142287,0.1330000),(0.0174843,0.0141515,0.1330000),(0.0176512,0.0143673,0.1330000),(0.0174843,0.0141515,0.1330000),(0.0174432,0.0140699,0.1330000),(0.0176512,0.0143673,0.1330000),(0.0174432,0.0140699,0.1330000),(0.0174096,0.0139838,0.1330000),(0.0176512,0.0143673,0.1330000),(0.0174096,0.0139838,0.1330000),(0.0173834,0.0138932,0.1330000),(0.0176512,0.0143673,0.1330000),(0.0173834,0.0138932,0.1330000),(0.0173647,0.0137980,0.1330000),(0.0176512,0.0143673,0.1330000),(0.0173647,0.0137980,0.1330000),(0.0173535,0.0136984,0.1330000),(0.0176512,0.0143673,0.1330000),(0.0173535,0.0136984,0.1330000),(0.0173498,0.0135943,0.1330000),(0.0176512,0.0143673,0.1330000),(0.0173498,0.0135943,0.1330000),(0.0173535,0.0134901,0.1330000),(0.0176512,0.0143673,0.1330000),(0.0173535,0.0134901,0.1330000),(0.0173647,0.0133897,0.1330000),(0.0176512,0.0143673,0.1330000),(0.0173647,0.0133897,0.1330000),(0.0173833,0.0132931,0.1330000),(0.0176512,0.0143673,0.1330000),(0.0173833,0.0132931,0.1330000),(0.0174093,0.0132004,0.1330000),(0.0176512,0.0143673,0.1330000),(0.0174093,0.0132004,0.1330000),(0.0174428,0.0131114,0.1330000),(0.0176512,0.0143673,0.1330000),(0.0174428,0.0131114,0.1330000),(0.0174837,0.0130262,0.1330000),(0.0174837,0.0130262,0.1330000),(0.0178443,0.0132482,0.1330000),(0.0178059,0.0133509,0.1330000),(0.0174837,0.0130262,0.1330000),(0.0178059,0.0133509,0.1330000),(0.0177829,0.0134663,0.1330000),(0.0176512,0.0143673,0.1330000),(0.0174837,0.0130262,0.1330000),(0.0177829,0.0134663,0.1330000),(0.0176512,0.0143673,0.1330000),(0.0177829,0.0134663,0.1330000),(0.0177752,0.0135943,0.1330000),(0.0176512,0.0143673,0.1330000),(0.0177752,0.0135943,0.1330000),(0.0177830,0.0137198,0.1330000),(0.0176512,0.0143673,0.1330000),(0.0177830,0.0137198,0.1330000),(0.0178062,0.0138306,0.1330000),(0.0176512,0.0143673,0.1330000),(0.0178062,0.0138306,0.1330000),(0.0178449,0.0139267,0.1330000),(0.0176512,0.0143673,0.1330000),(0.0178449,0.0139267,0.1330000),(0.0178991,0.0140081,0.1330000),(0.0176512,0.0143673,0.1330000),(0.0178991,0.0140081,0.1330000),(0.0179656,0.0140729,0.1330000),(0.0176512,0.0143673,0.1330000),(0.0179656,0.0140729,0.1330000),(0.0180414,0.0141192,0.1330000),(0.0176512,0.0143673,0.1330000),(0.0180414,0.0141192,0.1330000),(0.0181265,0.0141470,0.1330000),(0.0176512,0.0143673,0.1330000),(0.0181265,0.0141470,0.1330000),(0.0182208,0.0141563,0.1330000),(0.0176512,0.0143673,0.1330000),(0.0182208,0.0141563,0.1330000),(0.0183151,0.0141470,0.1330000),(0.0176512,0.0143673,0.1330000),(0.0183151,0.0141470,0.1330000),(0.0184002,0.0141192,0.1330000),(0.0178980,0.0131583,0.1330000),(0.0178443,0.0132482,0.1330000),(0.0174837,0.0130262,0.1330000),(0.0179607,0.0130935,0.1330000),(0.0178980,0.0131583,0.1330000),(0.0174837,0.0130262,0.1330000),(0.0180303,0.0130472,0.1330000),(0.0179607,0.0130935,0.1330000),(0.0174837,0.0130262,0.1330000),(0.0181067,0.0130194,0.1330000),(0.0180303,0.0130472,0.1330000),(0.0174837,0.0130262,0.1330000),(0.0181901,0.0130101,0.1330000),(0.0181067,0.0130194,0.1330000),(0.0174837,0.0130262,0.1330000),(0.0181901,0.0130101,0.1330000),(0.0174837,0.0130262,0.1330000),(0.0175321,0.0129448,0.1330000),(0.0182525,0.0130101,0.1330000),(0.0181901,0.0130101,0.1330000),(0.0175321,0.0129448,0.1330000),(0.0182525,0.0130101,0.1330000),(0.0175321,0.0129448,0.1330000),(0.0175879,0.0128672,0.1330000),(0.0183374,0.0130194,0.1330000),(0.0182525,0.0130101,0.1330000),(0.0175879,0.0128672,0.1330000),(0.0183374,0.0130194,0.1330000),(0.0175879,0.0128672,0.1330000),(0.0176366,0.0128186,0.1330000),(0.0183374,0.0130194,0.1330000),(0.0176366,0.0128186,0.1330000),(0.0175514,0.0127424,0.1330000),(0.0183374,0.0130194,0.1330000),(0.0175514,0.0127424,0.1330000),(0.0174673,0.0126492,0.1330000),(0.0184142,0.0130472,0.1330000),(0.0183374,0.0130194,0.1330000),(0.0174673,0.0126492,0.1330000),(0.0184142,0.0130472,0.1330000),(0.0174673,0.0126492,0.1330000),(0.0174000,0.0125569,0.1330000),(0.0184142,0.0130472,0.1330000),(0.0174000,0.0125569,0.1330000),(0.0173418,0.0124593,0.1330000),(0.0184142,0.0130472,0.1330000),(0.0173418,0.0124593,0.1330000),(0.0172925,0.0123563,0.1330000),(0.0184142,0.0130472,0.1330000),(0.0172925,0.0123563,0.1330000),(0.0172521,0.0122481,0.1330000),(0.0184829,0.0130935,0.1330000),(0.0184142,0.0130472,0.1330000),(0.0172521,0.0122481,0.1330000),(0.0184829,0.0130935,0.1330000),(0.0172521,0.0122481,0.1330000),(0.0172208,0.0121346,0.1330000),(0.0184829,0.0130935,0.1330000),(0.0172208,0.0121346,0.1330000),(0.0171984,0.0120158,0.1330000),(0.0184829,0.0130935,0.1330000),(0.0171984,0.0120158,0.1330000),(0.0171849,0.0118917,0.1330000),(0.0184829,0.0130935,0.1330000),(0.0171849,0.0118917,0.1330000),(0.0171804,0.0117623,0.1330000),(0.0171804,0.0117623,0.1330000),(0.0171850,0.0116343,0.1330000),(0.0171985,0.0115115,0.1330000),(0.0171804,0.0117623,0.1330000),(0.0171985,0.0115115,0.1330000),(0.0172211,0.0113939,0.1330000),(0.0171804,0.0117623,0.1330000),(0.0172211,0.0113939,0.1330000),(0.0172527,0.0112816,0.1330000),(0.0171804,0.0117623,0.1330000),(0.0172527,0.0112816,0.1330000),(0.0172933,0.0111746,0.1330000),(0.0171804,0.0117623,0.1330000),(0.0172933,0.0111746,0.1330000),(0.0173430,0.0110728,0.1330000),(0.0171804,0.0117623,0.1330000),(0.0173430,0.0110728,0.1330000),(0.0174016,0.0109762,0.1330000),(0.0171804,0.0117623,0.1330000),(0.0174016,0.0109762,0.1330000),(0.0174694,0.0108850,0.1330000),(0.0171804,0.0117623,0.1330000),(0.0174694,0.0108850,0.1330000),(0.0175441,0.0108026,0.1330000),(0.0171804,0.0117623,0.1330000),(0.0175441,0.0108026,0.1330000),(0.0176243,0.0107313,0.1330000),(0.0171804,0.0117623,0.1330000),(0.0176243,0.0107313,0.1330000),(0.0177100,0.0106709,0.1330000),(0.0171804,0.0117623,0.1330000),(0.0177100,0.0106709,0.1330000),(0.0178012,0.0106215,0.1330000),(0.0171804,0.0117623,0.1330000),(0.0178012,0.0106215,0.1330000),(0.0178978,0.0105830,0.1330000),(0.0171804,0.0117623,0.1330000),(0.0178978,0.0105830,0.1330000),(0.0180000,0.0105556,0.1330000),(0.0171804,0.0117623,0.1330000),(0.0180000,0.0105556,0.1330000),(0.0181076,0.0105391,0.1330000),(0.0171804,0.0117623,0.1330000),(0.0181076,0.0105391,0.1330000),(0.0182208,0.0105336,0.1330000),(0.0171804,0.0117623,0.1330000),(0.0182208,0.0105336,0.1330000),(0.0183342,0.0105391,0.1330000),(0.0183342,0.0105391,0.1330000),(0.0184420,0.0105556,0.1330000),(0.0185442,0.0105830,0.1330000),(0.0183342,0.0105391,0.1330000),(0.0185442,0.0105830,0.1330000),(0.0186409,0.0106215,0.1330000),(0.0183342,0.0105391,0.1330000),(0.0186409,0.0106215,0.1330000),(0.0187321,0.0106709,0.1330000),(0.0183342,0.0105391,0.1330000),(0.0187321,0.0106709,0.1330000),(0.0188177,0.0107313,0.1330000),(0.0183342,0.0105391,0.1330000),(0.0188177,0.0107313,0.1330000),(0.0188977,0.0108026,0.1330000),(0.0183342,0.0105391,0.1330000),(0.0188977,0.0108026,0.1330000),(0.0189722,0.0108850,0.1330000),(0.0183342,0.0105391,0.1330000),(0.0189722,0.0108850,0.1330000),(0.0190399,0.0109762,0.1330000),(0.0183342,0.0105391,0.1330000),(0.0190399,0.0109762,0.1330000),(0.0190986,0.0110728,0.1330000),(0.0183342,0.0105391,0.1330000),(0.0190986,0.0110728,0.1330000),(0.0191483,0.0111746,0.1330000),(0.0183342,0.0105391,0.1330000),(0.0191483,0.0111746,0.1330000),(0.0191889,0.0112816,0.1330000),(0.0183342,0.0105391,0.1330000),(0.0191889,0.0112816,0.1330000),(0.0192205,0.0113939,0.1330000),(0.0183342,0.0105391,0.1330000),(0.0192205,0.0113939,0.1330000),(0.0192431,0.0115115,0.1330000),(0.0183342,0.0105391,0.1330000),(0.0192431,0.0115115,0.1330000),(0.0192566,0.0116343,0.1330000),(0.0183342,0.0105391,0.1330000),(0.0192566,0.0116343,0.1330000),(0.0192611,0.0117623,0.1330000),(0.0183342,0.0105391,0.1330000),(0.0192611,0.0117623,0.1330000),(0.0192566,0.0118917,0.1330000),(0.0183342,0.0105391,0.1330000),(0.0192566,0.0118917,0.1330000),(0.0192432,0.0120158,0.1330000),(0.0183342,0.0105391,0.1330000),(0.0192432,0.0120158,0.1330000),(0.0192208,0.0121346,0.1330000),(0.0192208,0.0121346,0.1330000),(0.0191894,0.0122481,0.1330000),(0.0191491,0.0123563,0.1330000),(0.0192208,0.0121346,0.1330000),(0.0191491,0.0123563,0.1330000),(0.0190998,0.0124593,0.1330000),(0.0192208,0.0121346,0.1330000),(0.0190998,0.0124593,0.1330000),(0.0187359,0.0122396,0.1330000),(0.0192208,0.0121346,0.1330000),(0.0187359,0.0122396,0.1330000),(0.0187902,0.0120986,0.1330000),(0.0192208,0.0121346,0.1330000),(0.0187902,0.0120986,0.1330000),(0.0188227,0.0119395,0.1330000),(0.0192208,0.0121346,0.1330000),(0.0188227,0.0119395,0.1330000),(0.0188308,0.0118532,0.1330000),(0.0192208,0.0121346,0.1330000),(0.0188308,0.0118532,0.1330000),(0.0188336,0.0117623,0.1330000),(0.0192208,0.0121346,0.1330000),(0.0188336,0.0117623,0.1330000),(0.0188308,0.0116717,0.1330000),(0.0192208,0.0121346,0.1330000),(0.0188308,0.0116717,0.1330000),(0.0188224,0.0115859,0.1330000),(0.0192208,0.0121346,0.1330000),(0.0188224,0.0115859,0.1330000),(0.0188086,0.0115050,0.1330000),(0.0192208,0.0121346,0.1330000),(0.0188086,0.0115050,0.1330000),(0.0187891,0.0114290,0.1330000),(0.0192208,0.0121346,0.1330000),(0.0187891,0.0114290,0.1330000),(0.0187335,0.0112916,0.1330000),(0.0183342,0.0105391,0.1330000),(0.0192208,0.0121346,0.1330000),(0.0187335,0.0112916,0.1330000),(0.0183342,0.0105391,0.1330000),(0.0187335,0.0112916,0.1330000),(0.0186558,0.0111739,0.1330000),(0.0183342,0.0105391,0.1330000),(0.0186558,0.0111739,0.1330000),(0.0185623,0.0110799,0.1330000),(0.0183342,0.0105391,0.1330000),(0.0185623,0.0110799,0.1330000),(0.0184586,0.0110128,0.1330000),(0.0183342,0.0105391,0.1330000),(0.0184586,0.0110128,0.1330000),(0.0183448,0.0109725,0.1330000),(0.0183342,0.0105391,0.1330000),(0.0183448,0.0109725,0.1330000),(0.0182208,0.0109591,0.1330000),(0.0183342,0.0105391,0.1330000),(0.0182208,0.0109591,0.1330000),(0.0180968,0.0109725,0.1330000),(0.0183342,0.0105391,0.1330000),(0.0180968,0.0109725,0.1330000),(0.0179829,0.0110128,0.1330000),(0.0183342,0.0105391,0.1330000),(0.0179829,0.0110128,0.1330000),(0.0178793,0.0110799,0.1330000),(0.0171804,0.0117623,0.1330000),(0.0183342,0.0105391,0.1330000),(0.0178793,0.0110799,0.1330000),(0.0171804,0.0117623,0.1330000),(0.0178793,0.0110799,0.1330000),(0.0177858,0.0111739,0.1330000),(0.0171804,0.0117623,0.1330000),(0.0177858,0.0111739,0.1330000),(0.0177085,0.0112916,0.1330000),(0.0171804,0.0117623,0.1330000),(0.0177085,0.0112916,0.1330000),(0.0176533,0.0114290,0.1330000),(0.0171804,0.0117623,0.1330000),(0.0176533,0.0114290,0.1330000),(0.0176201,0.0115859,0.1330000),(0.0171804,0.0117623,0.1330000),(0.0176201,0.0115859,0.1330000),(0.0176118,0.0116717,0.1330000),(0.0171804,0.0117623,0.1330000),(0.0176118,0.0116717,0.1330000),(0.0176091,0.0117623,0.1330000),(0.0171804,0.0117623,0.1330000),(0.0176091,0.0117623,0.1330000),(0.0176118,0.0118532,0.1330000),(0.0171804,0.0117623,0.1330000),(0.0176118,0.0118532,0.1330000),(0.0176199,0.0119395,0.1330000),(0.0171804,0.0117623,0.1330000),(0.0176199,0.0119395,0.1330000),(0.0176335,0.0120214,0.1330000),(0.0171804,0.0117623,0.1330000),(0.0176335,0.0120214,0.1330000),(0.0176525,0.0120986,0.1330000),(0.0171804,0.0117623,0.1330000),(0.0176525,0.0120986,0.1330000),(0.0177067,0.0122396,0.1330000),(0.0171804,0.0117623,0.1330000),(0.0177067,0.0122396,0.1330000),(0.0177826,0.0123624,0.1330000),(0.0171804,0.0117623,0.1330000),(0.0177826,0.0123624,0.1330000),(0.0178751,0.0124597,0.1330000),(0.0184829,0.0130935,0.1330000),(0.0171804,0.0117623,0.1330000),(0.0178751,0.0124597,0.1330000),(0.0184829,0.0130935,0.1330000),(0.0178751,0.0124597,0.1330000),(0.0179790,0.0125291,0.1330000),(0.0185436,0.0131583,0.1330000),(0.0184829,0.0130935,0.1330000),(0.0179790,0.0125291,0.1330000),(0.0185436,0.0131583,0.1330000),(0.0179790,0.0125291,0.1330000),(0.0180942,0.0125708,0.1330000),(0.0185436,0.0131583,0.1330000),(0.0180942,0.0125708,0.1330000),(0.0182208,0.0125847,0.1330000),(0.0185973,0.0132482,0.1330000),(0.0185436,0.0131583,0.1330000),(0.0182208,0.0125847,0.1330000),(0.0185973,0.0132482,0.1330000),(0.0182208,0.0125847,0.1330000),(0.0183478,0.0125708,0.1330000),(0.0186357,0.0133509,0.1330000),(0.0185973,0.0132482,0.1330000),(0.0183478,0.0125708,0.1330000),(0.0186357,0.0133509,0.1330000),(0.0183478,0.0125708,0.1330000),(0.0184634,0.0125291,0.1330000),(0.0186357,0.0133509,0.1330000),(0.0184634,0.0125291,0.1330000),(0.0185675,0.0124597,0.1330000),(0.0186587,0.0134663,0.1330000),(0.0186357,0.0133509,0.1330000),(0.0185675,0.0124597,0.1330000),(0.0186587,0.0134663,0.1330000),(0.0185675,0.0124597,0.1330000),(0.0186600,0.0123624,0.1330000),(0.0186663,0.0135943,0.1330000),(0.0186587,0.0134663,0.1330000),(0.0186600,0.0123624,0.1330000),(0.0186663,0.0135943,0.1330000),(0.0186600,0.0123624,0.1330000),(0.0187359,0.0122396,0.1330000),(0.0187359,0.0122396,0.1330000),(0.0190998,0.0124593,0.1330000),(0.0190415,0.0125569,0.1330000),(0.0187359,0.0122396,0.1330000),(0.0190415,0.0125569,0.1330000),(0.0189743,0.0126492,0.1330000),(0.0187359,0.0122396,0.1330000),(0.0189743,0.0126492,0.1330000),(0.0188904,0.0127424,0.1330000),(0.0187359,0.0122396,0.1330000),(0.0188904,0.0127424,0.1330000),(0.0188060,0.0128186,0.1330000),(0.0186663,0.0135943,0.1330000),(0.0187359,0.0122396,0.1330000),(0.0188060,0.0128186,0.1330000),(0.0186586,0.0137198,0.1330000),(0.0186663,0.0135943,0.1330000),(0.0188060,0.0128186,0.1330000),(0.0186586,0.0137198,0.1330000),(0.0188060,0.0128186,0.1330000),(0.0188537,0.0128672,0.1330000),(0.0186354,0.0138306,0.1330000),(0.0186586,0.0137198,0.1330000),(0.0188537,0.0128672,0.1330000),(0.0186354,0.0138306,0.1330000),(0.0188537,0.0128672,0.1330000),(0.0189097,0.0129448,0.1330000),(0.0186354,0.0138306,0.1330000),(0.0189097,0.0129448,0.1330000),(0.0189583,0.0130262,0.1330000),(0.0186354,0.0138306,0.1330000),(0.0189583,0.0130262,0.1330000),(0.0189994,0.0131114,0.1330000),(0.0185967,0.0139267,0.1330000),(0.0186354,0.0138306,0.1330000),(0.0189994,0.0131114,0.1330000),(0.0185967,0.0139267,0.1330000),(0.0189994,0.0131114,0.1330000),(0.0190331,0.0132004,0.1330000),(0.0185967,0.0139267,0.1330000),(0.0190331,0.0132004,0.1330000),(0.0190592,0.0132931,0.1330000),(0.0185425,0.0140081,0.1330000),(0.0185967,0.0139267,0.1330000),(0.0190592,0.0132931,0.1330000),(0.0185425,0.0140081,0.1330000),(0.0190592,0.0132931,0.1330000),(0.0190779,0.0133897,0.1330000),(0.0185425,0.0140081,0.1330000),(0.0190779,0.0133897,0.1330000),(0.0190891,0.0134901,0.1330000),(0.0184760,0.0140729,0.1330000),(0.0185425,0.0140081,0.1330000),(0.0190891,0.0134901,0.1330000),(0.0184760,0.0140729,0.1330000),(0.0190891,0.0134901,0.1330000),(0.0190929,0.0135943,0.1330000),(0.0184760,0.0140729,0.1330000),(0.0190929,0.0135943,0.1330000),(0.0190891,0.0136984,0.1330000),(0.0184760,0.0140729,0.1330000),(0.0190891,0.0136984,0.1330000),(0.0190778,0.0137980,0.1330000),(0.0184002,0.0141192,0.1330000),(0.0184760,0.0140729,0.1330000),(0.0190778,0.0137980,0.1330000),(0.0184002,0.0141192,0.1330000),(0.0190778,0.0137980,0.1330000),(0.0190591,0.0138932,0.1330000),(0.0184002,0.0141192,0.1330000),(0.0190591,0.0138932,0.1330000),(0.0190328,0.0139838,0.1330000),(0.0176512,0.0143673,0.1330000),(0.0184002,0.0141192,0.1330000),(0.0190328,0.0139838,0.1330000),(0.0176512,0.0143673,0.1330000),(0.0190328,0.0139838,0.1330000),(0.0189990,0.0140699,0.1330000),(0.0176512,0.0143673,0.1330000),(0.0189990,0.0140699,0.1330000),(0.0189577,0.0141515,0.1330000),(0.0176512,0.0143673,0.1330000),(0.0189577,0.0141515,0.1330000),(0.0189089,0.0142287,0.1330000),(0.0176512,0.0143673,0.1330000),(0.0189089,0.0142287,0.1330000),(0.0188526,0.0143013,0.1330000),(0.0176512,0.0143673,0.1330000),(0.0188526,0.0143013,0.1330000),(0.0187904,0.0143673,0.1330000),(0.0176512,0.0143673,0.1330000),(0.0187904,0.0143673,0.1330000),(0.0187234,0.0144244,0.1330000),(0.0176512,0.0143673,0.1330000),(0.0187234,0.0144244,0.1330000),(0.0186516,0.0144728,0.1330000),(0.0176512,0.0143673,0.1330000),(0.0186516,0.0144728,0.1330000),(0.0185751,0.0145124,0.1330000),(0.0176512,0.0143673,0.1330000),(0.0185751,0.0145124,0.1330000),(0.0184937,0.0145432,0.1330000),(0.0176512,0.0143673,0.1330000),(0.0184937,0.0145432,0.1330000),(0.0184075,0.0145652,0.1330000),(0.0176512,0.0143673,0.1330000),(0.0184075,0.0145652,0.1330000),(0.0183165,0.0145784,0.1330000),(0.0176512,0.0143673,0.1330000),(0.0183165,0.0145784,0.1330000),(0.0182208,0.0145828,0.1330000),(0.0176512,0.0143673,0.1330000),(0.0182208,0.0145828,0.1330000),(0.0181250,0.0145784,0.1330000),(0.0176512,0.0143673,0.1330000),(0.0181250,0.0145784,0.1330000),(0.0180341,0.0145652,0.1330000),(0.0176512,0.0143673,0.1330000),(0.0180341,0.0145652,0.1330000),(0.0179479,0.0145432,0.1330000),(0.0176512,0.0143673,0.1330000),(0.0179479,0.0145432,0.1330000),(0.0178665,0.0145124,0.1330000),(0.0176512,0.0143673,0.1330000),(0.0178665,0.0145124,0.1330000),(0.0177899,0.0144728,0.1330000),(0.0176512,0.0143673,0.1330000),(0.0177899,0.0144728,0.1330000),(0.0177181,0.0144244,0.1330000),(0.0142245,0.0109548,0.1330000),(0.0153961,0.0125455,0.1330000),(0.0154606,0.0126393,0.1330000),(0.0142245,0.0109548,0.1330000),(0.0154606,0.0126393,0.1330000),(0.0155165,0.0127369,0.1330000),(0.0142245,0.0109548,0.1330000),(0.0155165,0.0127369,0.1330000),(0.0155638,0.0128384,0.1330000),(0.0142245,0.0109548,0.1330000),(0.0155638,0.0128384,0.1330000),(0.0156025,0.0129437,0.1330000),(0.0142245,0.0109548,0.1330000),(0.0156025,0.0129437,0.1330000),(0.0156326,0.0130529,0.1330000),(0.0142245,0.0109548,0.1330000),(0.0156326,0.0130529,0.1330000),(0.0156541,0.0131660,0.1330000),(0.0142245,0.0109548,0.1330000),(0.0156541,0.0131660,0.1330000),(0.0156670,0.0132830,0.1330000),(0.0142245,0.0109548,0.1330000),(0.0156670,0.0132830,0.1330000),(0.0156713,0.0134038,0.1330000),(0.0142245,0.0109548,0.1330000),(0.0156713,0.0134038,0.1330000),(0.0156661,0.0135288,0.1330000),(0.0142245,0.0109548,0.1330000),(0.0156661,0.0135288,0.1330000),(0.0156508,0.0136492,0.1330000),(0.0142245,0.0109548,0.1330000),(0.0156508,0.0136492,0.1330000),(0.0156251,0.0137649,0.1330000),(0.0142245,0.0109548,0.1330000),(0.0156251,0.0137649,0.1330000),(0.0155892,0.0138761,0.1330000),(0.0155892,0.0138761,0.1330000),(0.0155431,0.0139827,0.1330000),(0.0154867,0.0140847,0.1330000),(0.0155892,0.0138761,0.1330000),(0.0154867,0.0140847,0.1330000),(0.0154201,0.0141820,0.1330000),(0.0155892,0.0138761,0.1330000),(0.0154201,0.0141820,0.1330000),(0.0153432,0.0142748,0.1330000),(0.0155892,0.0138761,0.1330000),(0.0153432,0.0142748,0.1330000),(0.0152703,0.0143480,0.1330000),(0.0155892,0.0138761,0.1330000),(0.0152703,0.0143480,0.1330000),(0.0151929,0.0144114,0.1330000),(0.0155892,0.0138761,0.1330000),(0.0151929,0.0144114,0.1330000),(0.0151110,0.0144651,0.1330000),(0.0155892,0.0138761,0.1330000),(0.0151110,0.0144651,0.1330000),(0.0150246,0.0145090,0.1330000),(0.0155892,0.0138761,0.1330000),(0.0150246,0.0145090,0.1330000),(0.0149337,0.0145431,0.1330000),(0.0155892,0.0138761,0.1330000),(0.0149337,0.0145431,0.1330000),(0.0148384,0.0145675,0.1330000),(0.0155892,0.0138761,0.1330000),(0.0148384,0.0145675,0.1330000),(0.0147385,0.0145822,0.1330000),(0.0155892,0.0138761,0.1330000),(0.0147385,0.0145822,0.1330000),(0.0146341,0.0145870,0.1330000),(0.0155892,0.0138761,0.1330000),(0.0146341,0.0145870,0.1330000),(0.0145356,0.0145823,0.1330000),(0.0155892,0.0138761,0.1330000),(0.0145356,0.0145823,0.1330000),(0.0144401,0.0145679,0.1330000),(0.0155892,0.0138761,0.1330000),(0.0144401,0.0145679,0.1330000),(0.0143476,0.0145440,0.1330000),(0.0155892,0.0138761,0.1330000),(0.0143476,0.0145440,0.1330000),(0.0142581,0.0145106,0.1330000),(0.0155892,0.0138761,0.1330000),(0.0142581,0.0145106,0.1330000),(0.0141716,0.0144676,0.1330000),(0.0155892,0.0138761,0.1330000),(0.0141716,0.0144676,0.1330000),(0.0140882,0.0144150,0.1330000),(0.0140882,0.0144150,0.1330000),(0.0140077,0.0143529,0.1330000),(0.0139303,0.0142812,0.1330000),(0.0140882,0.0144150,0.1330000),(0.0139303,0.0142812,0.1330000),(0.0138512,0.0141947,0.1330000),(0.0140882,0.0144150,0.1330000),(0.0138512,0.0141947,0.1330000),(0.0137826,0.0141018,0.1330000),(0.0140882,0.0144150,0.1330000),(0.0137826,0.0141018,0.1330000),(0.0137246,0.0140026,0.1330000),(0.0140882,0.0144150,0.1330000),(0.0137246,0.0140026,0.1330000),(0.0136771,0.0138970,0.1330000),(0.0140882,0.0144150,0.1330000),(0.0136771,0.0138970,0.1330000),(0.0136402,0.0137851,0.1330000),(0.0140882,0.0144150,0.1330000),(0.0136402,0.0137851,0.1330000),(0.0136138,0.0136668,0.1330000),(0.0140882,0.0144150,0.1330000),(0.0136138,0.0136668,0.1330000),(0.0135980,0.0135422,0.1330000),(0.0140882,0.0144150,0.1330000),(0.0135980,0.0135422,0.1330000),(0.0135927,0.0134112,0.1330000),(0.0140882,0.0144150,0.1330000),(0.0135927,0.0134112,0.1330000),(0.0135927,0.0134059,0.1330000),(0.0140882,0.0144150,0.1330000),(0.0135927,0.0134059,0.1330000),(0.0136083,0.0133244,0.1330000),(0.0140882,0.0144150,0.1330000),(0.0136083,0.0133244,0.1330000),(0.0136551,0.0132556,0.1330000),(0.0140882,0.0144150,0.1330000),(0.0136551,0.0132556,0.1330000),(0.0137239,0.0132088,0.1330000),(0.0140882,0.0144150,0.1330000),(0.0137239,0.0132088,0.1330000),(0.0138054,0.0131932,0.1330000),(0.0140882,0.0144150,0.1330000),(0.0138054,0.0131932,0.1330000),(0.0138869,0.0132088,0.1330000),(0.0140882,0.0144150,0.1330000),(0.0138869,0.0132088,0.1330000),(0.0139557,0.0132556,0.1330000),(0.0140882,0.0144150,0.1330000),(0.0139557,0.0132556,0.1330000),(0.0140033,0.0133244,0.1330000),(0.0140033,0.0133244,0.1330000),(0.0140192,0.0134059,0.1330000),(0.0140192,0.0134112,0.1330000),(0.0140033,0.0133244,0.1330000),(0.0140192,0.0134112,0.1330000),(0.0140225,0.0134981,0.1330000),(0.0140882,0.0144150,0.1330000),(0.0140033,0.0133244,0.1330000),(0.0140225,0.0134981,0.1330000),(0.0140882,0.0144150,0.1330000),(0.0140225,0.0134981,0.1330000),(0.0140325,0.0135806,0.1330000),(0.0140882,0.0144150,0.1330000),(0.0140325,0.0135806,0.1330000),(0.0140491,0.0136585,0.1330000),(0.0140882,0.0144150,0.1330000),(0.0140491,0.0136585,0.1330000),(0.0140724,0.0137319,0.1330000),(0.0140882,0.0144150,0.1330000),(0.0140724,0.0137319,0.1330000),(0.0141389,0.0138652,0.1330000),(0.0140882,0.0144150,0.1330000),(0.0141389,0.0138652,0.1330000),(0.0142319,0.0139806,0.1330000),(0.0140882,0.0144150,0.1330000),(0.0142319,0.0139806,0.1330000),(0.0143228,0.0140593,0.1330000),(0.0140882,0.0144150,0.1330000),(0.0143228,0.0140593,0.1330000),(0.0144198,0.0141155,0.1330000),(0.0140882,0.0144150,0.1330000),(0.0144198,0.0141155,0.1330000),(0.0145228,0.0141493,0.1330000),(0.0140882,0.0144150,0.1330000),(0.0145228,0.0141493,0.1330000),(0.0146320,0.0141605,0.1330000),(0.0140882,0.0144150,0.1330000),(0.0146320,0.0141605,0.1330000),(0.0147452,0.0141497,0.1330000),(0.0140882,0.0144150,0.1330000),(0.0147452,0.0141497,0.1330000),(0.0148489,0.0141171,0.1330000),(0.0155892,0.0138761,0.1330000),(0.0140882,0.0144150,0.1330000),(0.0148489,0.0141171,0.1330000),(0.0155892,0.0138761,0.1330000),(0.0148489,0.0141171,0.1330000),(0.0149431,0.0140629,0.1330000),(0.0155892,0.0138761,0.1330000),(0.0149431,0.0140629,0.1330000),(0.0150278,0.0139870,0.1330000),(0.0155892,0.0138761,0.1330000),(0.0150278,0.0139870,0.1330000),(0.0150794,0.0139258,0.1330000),(0.0155892,0.0138761,0.1330000),(0.0150794,0.0139258,0.1330000),(0.0151241,0.0138613,0.1330000),(0.0155892,0.0138761,0.1330000),(0.0151241,0.0138613,0.1330000),(0.0151929,0.0137226,0.1330000),(0.0155892,0.0138761,0.1330000),(0.0151929,0.0137226,0.1330000),(0.0152342,0.0135708,0.1330000),(0.0155892,0.0138761,0.1330000),(0.0152342,0.0135708,0.1330000),(0.0152445,0.0134900,0.1330000),(0.0155892,0.0138761,0.1330000),(0.0152445,0.0134900,0.1330000),(0.0152479,0.0134059,0.1330000),(0.0155892,0.0138761,0.1330000),(0.0152479,0.0134059,0.1330000),(0.0152450,0.0133192,0.1330000),(0.0155892,0.0138761,0.1330000),(0.0152450,0.0133192,0.1330000),(0.0152362,0.0132358,0.1330000),(0.0155892,0.0138761,0.1330000),(0.0152362,0.0132358,0.1330000),(0.0152216,0.0131557,0.1330000),(0.0155892,0.0138761,0.1330000),(0.0152216,0.0131557,0.1330000),(0.0152011,0.0130789,0.1330000),(0.0155892,0.0138761,0.1330000),(0.0152011,0.0130789,0.1330000),(0.0151426,0.0129352,0.1330000),(0.0142245,0.0109548,0.1330000),(0.0155892,0.0138761,0.1330000),(0.0151426,0.0129352,0.1330000),(0.0142245,0.0109548,0.1330000),(0.0151426,0.0129352,0.1330000),(0.0150606,0.0128048,0.1330000),(0.0142245,0.0109548,0.1330000),(0.0150606,0.0128048,0.1330000),(0.0136371,0.0108712,0.1330000),(0.0154607,0.0109548,0.1330000),(0.0142245,0.0109548,0.1330000),(0.0136371,0.0108712,0.1330000),(0.0154607,0.0109548,0.1330000),(0.0136371,0.0108712,0.1330000),(0.0135906,0.0107463,0.1330000),(0.0154607,0.0109548,0.1330000),(0.0135906,0.0107463,0.1330000),(0.0135927,0.0107114,0.1330000),(0.0154607,0.0109548,0.1330000),(0.0135927,0.0107114,0.1330000),(0.0136192,0.0106328,0.1330000),(0.0154607,0.0109548,0.1330000),(0.0136192,0.0106328,0.1330000),(0.0136710,0.0105770,0.1330000),(0.0154607,0.0109548,0.1330000),(0.0136710,0.0105770,0.1330000),(0.0137395,0.0105421,0.1330000),(0.0154607,0.0109548,0.1330000),(0.0137395,0.0105421,0.1330000),(0.0138054,0.0105304,0.1330000),(0.0154607,0.0109548,0.1330000),(0.0138054,0.0105304,0.1330000),(0.0154607,0.0105304,0.1330000),(0.0154607,0.0109548,0.1330000),(0.0154607,0.0105304,0.1330000),(0.0155440,0.0105455,0.1330000),(0.0154607,0.0109548,0.1330000),(0.0155440,0.0105455,0.1330000),(0.0156120,0.0105908,0.1330000),(0.0154607,0.0109548,0.1330000),(0.0156120,0.0105908,0.1330000),(0.0156564,0.0106588,0.1330000),(0.0154607,0.0109548,0.1330000),(0.0156564,0.0106588,0.1330000),(0.0156713,0.0107421,0.1330000),(0.0154607,0.0109548,0.1330000),(0.0156713,0.0107421,0.1330000),(0.0156564,0.0108262,0.1330000),(0.0154607,0.0109548,0.1330000),(0.0156564,0.0108262,0.1330000),(0.0156120,0.0108945,0.1330000),(0.0154607,0.0109548,0.1330000),(0.0156120,0.0108945,0.1330000),(0.0155461,0.0109398,0.1330000),(0.0122169,0.0145891,0.1330000),(0.0120994,0.0145426,0.1330000),(0.0114919,0.0140409,0.1330000),(0.0122169,0.0145891,0.1330000),(0.0114919,0.0140409,0.1330000),(0.0114342,0.0139732,0.1330000),(0.0122169,0.0145891,0.1330000),(0.0114342,0.0139732,0.1330000),(0.0114094,0.0139012,0.1330000),(0.0122169,0.0145891,0.1330000),(0.0114094,0.0139012,0.1330000),(0.0114094,0.0138674,0.1330000),(0.0122169,0.0145891,0.1330000),(0.0114094,0.0138674,0.1330000),(0.0114432,0.0137393,0.1330000),(0.0122169,0.0145891,0.1330000),(0.0114432,0.0137393,0.1330000),(0.0115025,0.0136824,0.1330000),(0.0122169,0.0145891,0.1330000),(0.0115025,0.0136824,0.1330000),(0.0115829,0.0136536,0.1330000),(0.0122169,0.0145891,0.1330000),(0.0115829,0.0136536,0.1330000),(0.0116242,0.0136515,0.1330000),(0.0122169,0.0145891,0.1330000),(0.0116242,0.0136515,0.1330000),(0.0117396,0.0136885,0.1330000),(0.0122169,0.0145891,0.1330000),(0.0117396,0.0136885,0.1330000),(0.0120105,0.0139277,0.1330000),(0.0122169,0.0145891,0.1330000),(0.0120105,0.0139277,0.1330000),(0.0120105,0.0107421,0.1330000),(0.0122169,0.0145891,0.1330000),(0.0120105,0.0107421,0.1330000),(0.0120258,0.0106601,0.1330000),(0.0122169,0.0145891,0.1330000),(0.0120258,0.0106601,0.1330000),(0.0120719,0.0105918,0.1330000),(0.0122169,0.0145891,0.1330000),(0.0120719,0.0105918,0.1330000),(0.0121401,0.0105458,0.1330000),(0.0122169,0.0145891,0.1330000),(0.0121401,0.0105458,0.1330000),(0.0122222,0.0105304,0.1330000),(0.0122169,0.0145891,0.1330000),(0.0122222,0.0105304,0.1330000),(0.0123050,0.0105458,0.1330000),(0.0122169,0.0145891,0.1330000),(0.0123050,0.0105458,0.1330000),(0.0123735,0.0105918,0.1330000),(0.0122169,0.0145891,0.1330000),(0.0123735,0.0105918,0.1330000),(0.0124195,0.0106601,0.1330000),(0.0122169,0.0145891,0.1330000),(0.0124195,0.0106601,0.1330000),(0.0124349,0.0107421,0.1330000),(0.0122169,0.0145891,0.1330000),(0.0124349,0.0107421,0.1330000),(0.0124349,0.0143690,0.1330000),(0.0122169,0.0145891,0.1330000),(0.0124349,0.0143690,0.1330000),(0.0124066,0.0144823,0.1330000),(0.0122169,0.0145891,0.1330000),(0.0124066,0.0144823,0.1330000),(0.0123216,0.0145574,0.1330000),(0.0161295,0.0105609,0.1330000),(0.0162025,0.0104542,0.1330000),(0.0163092,0.0103812,0.1330000),(0.0161295,0.0105609,0.1330000),(0.0163092,0.0103812,0.1330000),(0.0164343,0.0103569,0.1330000),(0.0161295,0.0105609,0.1330000),(0.0164343,0.0103569,0.1330000),(0.0165592,0.0103812,0.1330000),(0.0161295,0.0105609,0.1330000),(0.0165592,0.0103812,0.1330000),(0.0166650,0.0104542,0.1330000),(0.0161295,0.0105609,0.1330000),(0.0166650,0.0104542,0.1330000),(0.0167381,0.0105609,0.1330000),(0.0161295,0.0105609,0.1330000),(0.0167381,0.0105609,0.1330000),(0.0167624,0.0106860,0.1330000),(0.0161295,0.0105609,0.1330000),(0.0167624,0.0106860,0.1330000),(0.0167381,0.0108112,0.1330000),(0.0161295,0.0105609,0.1330000),(0.0167381,0.0108112,0.1330000),(0.0166650,0.0109178,0.1330000),(0.0161295,0.0105609,0.1330000),(0.0166650,0.0109178,0.1330000),(0.0165592,0.0109908,0.1330000),(0.0161295,0.0105609,0.1330000),(0.0165592,0.0109908,0.1330000),(0.0164343,0.0110152,0.1330000),(0.0161295,0.0105609,0.1330000),(0.0164343,0.0110152,0.1330000),(0.0163092,0.0109908,0.1330000),(0.0161295,0.0105609,0.1330000),(0.0163092,0.0109908,0.1330000),(0.0162025,0.0109178,0.1330000),(0.0161295,0.0105609,0.1330000),(0.0162025,0.0109178,0.1330000),(0.0161295,0.0108112,0.1330000),(0.0161295,0.0105609,0.1330000),(0.0161295,0.0108112,0.1330000),(0.0161052,0.0106860,0.1330000),(0.0094000,0.0135000,0.1330000),(0.0064000,0.0125000,0.1330000),(0.0094000,0.0115000,0.1330000)));
#1440=COMPLEX_TRIANGULATED_SURFACE_SET('surface set',#1439,1536,(),(),(),((1,2,3),(4,5,6),(7,8,9),(10,11,12),(13,14,15),(16,17,18),(19,20,21),(22,23,24),(25,26,27),(28,29,30),(31,32,33),(34,35,36),(37,38,39),(40,41,42),(43,44,45),(46,47,48),(49,50,51),(52,53,54),(55,56,57),(58,59,60),(61,62,63),(64,65,66),(67,68,69),(70,71,72),(73,74,75),(76,77,78),(79,80,81),(82,83,84),(85,86,87),(88,89,90),(91,92,93),(94,95,96),(97,98,99),(100,101,102),(103,104,105),(106,107,108),(109,110,111),(112,113,114),(115,116,117),(118,119,120),(121,122,123),(124,125,126),(127,128,129),(130,131,132),(133,134,135),(136,137,138),(139,140,141),(142,143,144),(145,146,147),(148,149,150),(151,152,153),(154,155,156),(157,158,159),(160,161,162),(163,164,165),(166,167,168),(169,170,171),(172,173,174),(175,176,177),(178,179,180),(181,182,183),(184,185,186),(187,188,189),(190,191,192),(193,194,195),(196,197,198),(199,200,201),(202,203,204),(205,206,207),(208,209,210),(211,212,213),(214,215,216),(217,218,219),(220,221,222),(223,224,225),(226,227,228),(229,230,231),(232,233,234),(235,236,237),(238,239,240),(241,242,243),(244,245,246),(247,248,249),(250,251,252),(253,254,255),(256,257,258),(259,260,261),(262,263,264),(265,266,267),(268,269,270),(271,272,273),(274,275,276),(277,278,279),(280,281,282),(283,284,285),(286,287,288),(289,290,291),(292,293,294),(295,296,297),(298,299,300),(301,302,303),(304,305,306),(307,308,309),(310,311,312),(313,314,315),(316,317,318),(319,320,321),(322,323,324),(325,326,327),(328,329,330),(331,332,333),(334,335,336),(337,338,339),(340,341,342),(343,344,345),(346,347,348),(349,350,351),(352,353,354),(355,356,357),(358,359,360),(361,362,363),(364,365,366),(367,368,369),(370,371,372),(373,374,375),(376,377,378),(379,380,381),(382,383,384),(385,386,387),(388,389,390),(391,392,393),(394,395,396),(397,398,399),(400,401,402),(403,404,405),(406,407,408),(409,410,411),(412,413,414),(415,416,417),(418,419,420),(421,422,423),(424,425,426),(427,428,429),(430,431,432),(433,434,435),(436,437,438),(439,440,441),(442,443,444),(445,446,447),(448,449,450),(451,452,453),(454,455,456),(457,458,459),(460,461,462),(463,464,465),(466,467,468),(469,470,471),(472,473,474),(475,476,477),(478,479,480),(481,482,483),(484,485,486),(487,488,489),(490,491,492),(493,494,495),(496,497,498),(499,500,501),(502,503,504),(505,506,507),(508,509,510),(511,512,513),(514,515,516),(517,518,519),(520,521,522),(523,524,525),(526,527,528),(529,530,531),(532,533,534),(535,536,537),(538,539,540),(541,542,543),(544,545,546),(547,548,549),(550,551,552),(553,554,555),(556,557,558),(559,560,561),(562,563,564),(565,566,567),(568,569,570),(571,572,573),(574,575,576),(577,578,579),(580,581,582),(583,584,585),(586,587,588),(589,590,591),(592,593,594),(595,596,597),(598,599,600),(601,602,603),(604,605,606),(607,608,609),(610,611,612),(613,614,615),(616,617,618),(619,620,621),(622,623,624),(625,626,627),(628,629,630),(631,632,633),(634,635,636),(637,638,639),(640,641,642),(643,644,645),(646,647,648),(649,650,651),(652,653,654),(655,656,657),(658,659,660),(661,662,663),(664,665,666),(667,668,669),(670,671,672),(673,674,675),(676,677,678),(679,680,681),(682,683,684),(685,686,687),(688,689,690),(691,692,693),(694,695,696),(697,698,699),(700,701,702),(703,704,705),(706,707,708),(709,710,711),(712,713,714),(715,716,717),(718,719,720),(721,722,723),(724,725,726),(727,728,729),(730,731,732),(733,734,735),(736,737,738),(739,740,741),(742,743,744),(745,746,747),(748,749,750),(751,752,753),(754,755,756),(757,758,759),(760,761,762),(763,764,765),(766,767,768),(769,770,771),(772,773,774),(775,776,777),(778,779,780),(781,782,783),(784,785,786),(787,788,789),(790,791,792),(793,794,795),(796,797,798),(799,800,801),(802,803,804),(805,806,807),(808,809,810),(811,812,813),(814,815,816),(817,818,819),(820,821,822),(823,824,825),(826,827,828),(829,830,831),(832,833,834),(835,836,837),(838,839,840),(841,842,843),(844,845,846),(847,848,849),(850,851,852),(853,854,855),(856,857,858),(859,860,861),(862,863,864),(865,866,867),(868,869,870),(871,872,873),(874,875,876),(877,878,879),(880,881,882),(883,884,885),(886,887,888),(889,890,891),(892,893,894),(895,896,897),(898,899,900),(901,902,903),(904,905,906),(907,908,909),(910,911,912),(913,914,915),(916,917,918),(919,920,921),(922,923,924),(925,926,927),(928,929,930),(931,932,933),(934,935,936),(937,938,939),(940,941,942),(943,944,945),(946,947,948),(949,950,951),(952,953,954),(955,956,957),(958,959,960),(961,962,963),(964,965,966),(967,968,969),(970,971,972),(973,974,975),(976,977,978),(979,980,981),(982,983,984),(985,986,987),(988,989,990),(991,992,993),(994,995,996),(997,998,999),(1000,1001,1002),(1003,1004,1005),(1006,1007,1008),(1009,1010,1011),(1012,1013,1014),(1015,1016,1017),(1018,1019,1020),(1021,1022,1023),(1024,1025,1026),(1027,1028,1029),(1030,1031,1032),(1033,1034,1035),(1036,1037,1038),(1039,1040,1041),(1042,1043,1044),(1045,1046,1047),(1048,1049,1050),(1051,1052,1053),(1054,1055,1056),(1057,1058,1059),(1060,1061,1062),(1063,1064,1065),(1066,1067,1068),(1069,1070,1071),(1072,1073,1074),(1075,1076,1077),(1078,1079,1080),(1081,1082,1083),(1084,1085,1086),(1087,1088,1089),(1090,1091,1092),(1093,1094,1095),(1096,1097,1098),(1099,1100,1101),(1102,1103,1104),(1105,1106,1107),(1108,1109,1110),(1111,1112,1113),(1114,1115,1116),(1117,1118,1119),(1120,1121,1122),(1123,1124,1125),(1126,1127,1128),(1129,1130,1131),(1132,1133,1134),(1135,1136,1137),(1138,1139,1140),(1141,1142,1143),(1144,1145,1146),(1147,1148,1149),(1150,1151,1152),(1153,1154,1155),(1156,1157,1158),(1159,1160,1161),(1162,1163,1164),(1165,1166,1167),(1168,1169,1170),(1171,1172,1173),(1174,1175,1176),(1177,1178,1179),(1180,1181,1182),(1183,1184,1185),(1186,1187,1188),(1189,1190,1191),(1192,1193,1194),(1195,1196,1197),(1198,1199,1200),(1201,1202,1203),(1204,1205,1206),(1207,1208,1209),(1210,1211,1212),(1213,1214,1215),(1216,1217,1218),(1219,1220,1221),(1222,1223,1224),(1225,1226,1227),(1228,1229,1230),(1231,1232,1233),(1234,1235,1236),(1237,1238,1239),(1240,1241,1242),(1243,1244,1245),(1246,1247,1248),(1249,1250,1251),(1252,1253,1254),(1255,1256,1257),(1258,1259,1260),(1261,1262,1263),(1264,1265,1266),(1267,1268,1269),(1270,1271,1272),(1273,1274,1275),(1276,1277,1278),(1279,1280,1281),(1282,1283,1284),(1285,1286,1287),(1288,1289,1290),(1291,1292,1293),(1294,1295,1296),(1297,1298,1299),(1300,1301,1302),(1303,1304,1305),(1306,1307,1308),(1309,1310,1311),(1312,1313,1314),(1315,1316,1317),(1318,1319,1320),(1321,1322,1323),(1324,1325,1326),(1327,1328,1329),(1330,1331,1332),(1333,1334,1335),(1336,1337,1338),(1339,1340,1341),(1342,1343,1344),(1345,1346,1347),(1348,1349,1350),(1351,1352,1353),(1354,1355,1356),(1357,1358,1359),(1360,1361,1362),(1363,1364,1365),(1366,1367,1368),(1369,1370,1371),(1372,1373,1374),(1375,1376,1377),(1378,1379,1380),(1381,1382,1383),(1384,1385,1386),(1387,1388,1389),(1390,1391,1392),(1393,1394,1395),(1396,1397,1398),(1399,1400,1401),(1402,1403,1404),(1405,1406,1407),(1408,1409,1410),(1411,1412,1413),(1414,1415,1416),(1417,1418,1419),(1420,1421,1422),(1423,1424,1425),(1426,1427,1428),(1429,1430,1431),(1432,1433,1434),(1435,1436,1437),(1438,1439,1440),(1441,1442,1443),(1444,1445,1446),(1447,1448,1449),(1450,1451,1452),(1453,1454,1455),(1456,1457,1458),(1459,1460,1461),(1462,1463,1464),(1465,1466,1467),(1468,1469,1470),(1471,1472,1473),(1474,1475,1476),(1477,1478,1479),(1480,1481,1482),(1483,1484,1485),(1486,1487,1488),(1489,1490,1491),(1492,1493,1494),(1495,1496,1497),(1498,1499,1500),(1501,1502,1503),(1504,1505,1506),(1507,1508,1509),(1510,1511,1512),(1513,1514,1515),(1516,1517,1518),(1519,1520,1521),(1522,1523,1524),(1525,1526,1527),(1528,1529,1530),(1531,1532,1533),(1534,1535,1536)));
#1441=TESSELLATED_GEOMETRIC_SET('diameter dimension',(#1440));
#1442=COORDINATES_LIST('coordinates',2,((0.0064000,0.0125000,0.1330000),(0.0128000,0.0125000,0.1330000)));
#1443=TESSELLATED_CURVE_SET('curve set',#1442,((1,2)));
#1444=TESSELLATED_GEOMETRIC_SET('diameter dimension',(#1443));
#1445=TESSELLATED_ANNOTATION_OCCURRENCE('diameter dimension',(#1438),#1441);
#1446=TESSELLATED_ANNOTATION_OCCURRENCE('diameter dimension',(#1438),#1444);
#1447=DRAUGHTING_CALLOUT('diameter dimension',(#1445,#1446));
#1448=DRAUGHTING_MODEL_ITEM_ASSOCIATION('','',#1406,#1434,#1447);
#1449=DRAUGHTING_MODEL_ITEM_ASSOCIATION('','',#1408,#1434,#1447);
ENDSEC;
END-ISO-10303-21;
