ISO-10303-21;
HEADER;
/* Generated by software containing ST-Developer
 * from STEP Tools, Inc. (www.steptools.com) 
 */
/* OPTION: using custom renumber hook */

FILE_DESCRIPTION(
/* description */ ('STEP AP242 Edition 2',
'CAx-IF Rec.Pracs.---Representation and Presentation of Product Manufa
cturing Information (PMI)---4.0---2014-10-13',
'CAx-IF Rec.Pracs.---3D Tessellated Geometry---0.4---2014-09-14','2;1',
'CAx-IF Rec.Pracs.---User Defined Attributes---1.5---2016-08-15'),
/* implementation_level */ '2;1');

FILE_NAME(
/* name */ '69dfd85bf982454d42161193',
/* time_stamp */ '2026-04-15T18:26:35Z',
/* author */ (''),
/* organization */ (''),
/* preprocessor_version */ 'ST-DEVELOPER v20',
/* originating_system */ 'ONSHAPE BY PTC INC, 1.213',
/* authorisation */ '  ');

FILE_SCHEMA (('AP242_MANAGED_MODEL_BASED_3D_ENGINEERING_MIM_LF { 1 0 10303 442 3 1 4 }'));
ENDSEC;

DATA;
#10=CONICAL_SURFACE('',#6239,0.0140335,1.11167869813271);
#11=CONICAL_SURFACE('',#6240,0.0126175,1.11167869813271);
#12=CONTEXT_DEPENDENT_SHAPE_REPRESENTATION(#18,#9909);
#13=CONTEXT_DEPENDENT_SHAPE_REPRESENTATION(#19,#9911);
#14=CONTEXT_DEPENDENT_SHAPE_REPRESENTATION(#20,#9912);
#15=NEXT_ASSEMBLY_USAGE_OCCURRENCE('NAUO1','Bras 2','Bras 2',#9914,#9915,
'');
#16=NEXT_ASSEMBLY_USAGE_OCCURRENCE('NAUO2',
'Gt Timing Belt Pulley Bras2','Gt Timing Belt Pulley Bras2',#9914,#9916,
'');
#17=NEXT_ASSEMBLY_USAGE_OCCURRENCE('NAUO3','SA Bras 2 <1>',
'SA Bras 2 <1>',#9913,#9914,'');
#18=(
REPRESENTATION_RELATIONSHIP(' ',' ',#5474,#5473)
REPRESENTATION_RELATIONSHIP_WITH_TRANSFORMATION(#21)
SHAPE_REPRESENTATION_RELATIONSHIP()
);
#19=(
REPRESENTATION_RELATIONSHIP(' ',' ',#5475,#5473)
REPRESENTATION_RELATIONSHIP_WITH_TRANSFORMATION(#22)
SHAPE_REPRESENTATION_RELATIONSHIP()
);
#20=(
REPRESENTATION_RELATIONSHIP(' ',' ',#5473,#5472)
REPRESENTATION_RELATIONSHIP_WITH_TRANSFORMATION(#23)
SHAPE_REPRESENTATION_RELATIONSHIP()
);
#21=ITEM_DEFINED_TRANSFORMATION(' ',' ',#5476,#5612);
#22=ITEM_DEFINED_TRANSFORMATION(' ',' ',#5476,#6278);
#23=ITEM_DEFINED_TRANSFORMATION(' ',' ',#5476,#6279);
#24=SHAPE_REPRESENTATION_RELATIONSHIP('','',#5474,#26);
#25=SHAPE_REPRESENTATION_RELATIONSHIP('','',#5475,#27);
#26=ADVANCED_BREP_SHAPE_REPRESENTATION('',(#5466),#9897);
#27=ADVANCED_BREP_SHAPE_REPRESENTATION('',(#5467),#9898);
#28=SPHERICAL_SURFACE('',#5598,0.005);
#29=SPHERICAL_SURFACE('',#5603,0.005);
#30=TOROIDAL_SURFACE('',#5518,0.01,0.005);
#31=TOROIDAL_SURFACE('',#5561,0.01,0.005);
#32=ELLIPSE('',#5491,0.00707106781186548,0.005);
#33=ELLIPSE('',#5494,0.00707106781186548,0.005);
#34=ELLIPSE('',#5498,0.00707106781186547,0.005);
#35=ELLIPSE('',#5500,0.00707106781186547,0.005);
#36=ELLIPSE('',#5578,0.00707106781186547,0.005);
#37=ELLIPSE('',#5579,0.00761577310586391,0.005);
#38=ELLIPSE('',#5583,0.00761577310586391,0.005);
#39=ELLIPSE('',#5584,0.00707106781186547,0.005);
#40=B_SPLINE_CURVE_WITH_KNOTS('',3,(#8235,#8236,#8237,#8238,#8239),
 .UNSPECIFIED.,.F.,.F.,(4,1,4),(0.,0.00223226915412469,0.00446453830824939),
 .UNSPECIFIED.);
#41=B_SPLINE_CURVE_WITH_KNOTS('',3,(#8250,#8251,#8252,#8253,#8254),
 .UNSPECIFIED.,.F.,.F.,(4,1,4),(1.39740159424053E-17,0.00222802873739084,
0.00445605747478166),.UNSPECIFIED.);
#42=B_SPLINE_CURVE_WITH_KNOTS('',3,(#8546,#8547,#8548,#8549,#8550),
 .UNSPECIFIED.,.F.,.F.,(4,1,4),(0.,0.00223025568627173,0.00446051137254345),
 .UNSPECIFIED.);
#43=B_SPLINE_CURVE_WITH_KNOTS('',3,(#8556,#8557,#8558,#8559,#8560),
 .UNSPECIFIED.,.F.,.F.,(4,1,4),(0.,0.00222856008225136,0.00445712016450271),
 .UNSPECIFIED.);
#44=CIRCLE('',#5479,0.0016);
#45=CIRCLE('',#5480,0.0016);
#46=CIRCLE('',#5482,0.0016);
#47=CIRCLE('',#5483,0.0016);
#48=CIRCLE('',#5485,0.0016);
#49=CIRCLE('',#5486,0.0016);
#50=CIRCLE('',#5488,0.0016);
#51=CIRCLE('',#5489,0.0016);
#52=CIRCLE('',#5492,0.005);
#53=CIRCLE('',#5495,0.005);
#54=CIRCLE('',#5503,0.002);
#55=CIRCLE('',#5504,0.002);
#56=CIRCLE('',#5506,0.002);
#57=CIRCLE('',#5507,0.002);
#58=CIRCLE('',#5509,0.00635);
#59=CIRCLE('',#5510,0.01);
#60=CIRCLE('',#5511,0.01);
#61=CIRCLE('',#5516,0.0045);
#62=CIRCLE('',#5517,0.0045);
#63=CIRCLE('',#5519,0.015);
#64=CIRCLE('',#5522,0.015);
#65=CIRCLE('',#5527,0.005);
#66=CIRCLE('',#5528,0.005);
#67=CIRCLE('',#5529,0.01);
#68=CIRCLE('',#5531,0.01);
#69=CIRCLE('',#5532,0.01);
#70=CIRCLE('',#5534,0.015);
#71=CIRCLE('',#5535,0.015);
#72=CIRCLE('',#5537,0.005);
#73=CIRCLE('',#5539,0.005);
#74=CIRCLE('',#5543,0.0016);
#75=CIRCLE('',#5544,0.0016);
#76=CIRCLE('',#5546,0.0016);
#77=CIRCLE('',#5547,0.0016);
#78=CIRCLE('',#5549,0.0016);
#79=CIRCLE('',#5550,0.0016);
#80=CIRCLE('',#5552,0.0016);
#81=CIRCLE('',#5553,0.0016);
#82=CIRCLE('',#5556,0.01);
#83=CIRCLE('',#5557,0.00635);
#84=CIRCLE('',#5559,0.005);
#85=CIRCLE('',#5560,0.005);
#86=CIRCLE('',#5562,0.005);
#87=CIRCLE('',#5564,0.005);
#88=CIRCLE('',#5566,0.002);
#89=CIRCLE('',#5567,0.002);
#90=CIRCLE('',#5568,0.005);
#91=CIRCLE('',#5569,0.005);
#92=CIRCLE('',#5572,0.00635);
#93=CIRCLE('',#5575,0.00635);
#94=CIRCLE('',#5586,0.002);
#95=CIRCLE('',#5588,0.002);
#96=CIRCLE('',#5591,0.005);
#97=CIRCLE('',#5592,0.005);
#98=CIRCLE('',#5594,0.005);
#99=CIRCLE('',#5595,0.005);
#100=CIRCLE('',#5597,0.005);
#101=CIRCLE('',#5599,0.005);
#102=CIRCLE('',#5602,0.005);
#103=CIRCLE('',#5604,0.005);
#104=CIRCLE('',#5614,0.0140335);
#105=CIRCLE('',#5615,0.0045);
#106=CIRCLE('',#5617,0.0045);
#107=CIRCLE('',#5619,0.001);
#108=CIRCLE('',#5620,0.001);
#109=CIRCLE('',#5622,0.000555);
#110=CIRCLE('',#5623,0.000555);
#111=CIRCLE('',#5625,0.001);
#112=CIRCLE('',#5626,0.001);
#113=CIRCLE('',#5628,0.00015);
#114=CIRCLE('',#5629,0.00015);
#115=CIRCLE('',#5631,0.00015);
#116=CIRCLE('',#5632,0.00015);
#117=CIRCLE('',#5634,0.001);
#118=CIRCLE('',#5635,0.001);
#119=CIRCLE('',#5637,0.001);
#120=CIRCLE('',#5638,0.001);
#121=CIRCLE('',#5640,0.000555);
#122=CIRCLE('',#5641,0.000555);
#123=CIRCLE('',#5643,0.00015);
#124=CIRCLE('',#5644,0.00015);
#125=CIRCLE('',#5646,0.001);
#126=CIRCLE('',#5647,0.001);
#127=CIRCLE('',#5649,0.001);
#128=CIRCLE('',#5650,0.001);
#129=CIRCLE('',#5652,0.000555);
#130=CIRCLE('',#5653,0.000555);
#131=CIRCLE('',#5655,0.00015);
#132=CIRCLE('',#5656,0.00015);
#133=CIRCLE('',#5658,0.001);
#134=CIRCLE('',#5659,0.001);
#135=CIRCLE('',#5661,0.001);
#136=CIRCLE('',#5662,0.001);
#137=CIRCLE('',#5664,0.000555);
#138=CIRCLE('',#5665,0.000555);
#139=CIRCLE('',#5667,0.001);
#140=CIRCLE('',#5668,0.001);
#141=CIRCLE('',#5670,0.001);
#142=CIRCLE('',#5671,0.001);
#143=CIRCLE('',#5673,0.000555);
#144=CIRCLE('',#5674,0.000555);
#145=CIRCLE('',#5676,0.00015);
#146=CIRCLE('',#5677,0.00015);
#147=CIRCLE('',#5679,0.001);
#148=CIRCLE('',#5680,0.001);
#149=CIRCLE('',#5682,0.001);
#150=CIRCLE('',#5683,0.001);
#151=CIRCLE('',#5685,0.000555);
#152=CIRCLE('',#5686,0.000555);
#153=CIRCLE('',#5688,0.00015);
#154=CIRCLE('',#5689,0.00015);
#155=CIRCLE('',#5691,0.001);
#156=CIRCLE('',#5692,0.001);
#157=CIRCLE('',#5694,0.001);
#158=CIRCLE('',#5695,0.001);
#159=CIRCLE('',#5697,0.000555);
#160=CIRCLE('',#5698,0.000555);
#161=CIRCLE('',#5700,0.00015);
#162=CIRCLE('',#5701,0.00015);
#163=CIRCLE('',#5703,0.001);
#164=CIRCLE('',#5704,0.001);
#165=CIRCLE('',#5706,0.001);
#166=CIRCLE('',#5707,0.001);
#167=CIRCLE('',#5709,0.000555);
#168=CIRCLE('',#5710,0.000555);
#169=CIRCLE('',#5712,0.00015);
#170=CIRCLE('',#5713,0.00015);
#171=CIRCLE('',#5715,0.001);
#172=CIRCLE('',#5716,0.001);
#173=CIRCLE('',#5718,0.001);
#174=CIRCLE('',#5719,0.001);
#175=CIRCLE('',#5721,0.000555);
#176=CIRCLE('',#5722,0.000555);
#177=CIRCLE('',#5724,0.00015);
#178=CIRCLE('',#5725,0.00015);
#179=CIRCLE('',#5727,0.00015);
#180=CIRCLE('',#5728,0.00015);
#181=CIRCLE('',#5730,0.001);
#182=CIRCLE('',#5731,0.001);
#183=CIRCLE('',#5733,0.000555);
#184=CIRCLE('',#5734,0.000555);
#185=CIRCLE('',#5736,0.00015);
#186=CIRCLE('',#5737,0.00015);
#187=CIRCLE('',#5739,0.00015);
#188=CIRCLE('',#5740,0.00015);
#189=CIRCLE('',#5742,0.001);
#190=CIRCLE('',#5743,0.001);
#191=CIRCLE('',#5745,0.001);
#192=CIRCLE('',#5746,0.001);
#193=CIRCLE('',#5748,0.00015);
#194=CIRCLE('',#5749,0.00015);
#195=CIRCLE('',#5751,0.00015);
#196=CIRCLE('',#5752,0.00015);
#197=CIRCLE('',#5754,0.001);
#198=CIRCLE('',#5755,0.001);
#199=CIRCLE('',#5757,0.001);
#200=CIRCLE('',#5758,0.001);
#201=CIRCLE('',#5760,0.00015);
#202=CIRCLE('',#5761,0.00015);
#203=CIRCLE('',#5763,0.00015);
#204=CIRCLE('',#5764,0.00015);
#205=CIRCLE('',#5766,0.001);
#206=CIRCLE('',#5767,0.001);
#207=CIRCLE('',#5769,0.001);
#208=CIRCLE('',#5770,0.001);
#209=CIRCLE('',#5772,0.00015);
#210=CIRCLE('',#5773,0.00015);
#211=CIRCLE('',#5775,0.00015);
#212=CIRCLE('',#5776,0.00015);
#213=CIRCLE('',#5778,0.001);
#214=CIRCLE('',#5779,0.001);
#215=CIRCLE('',#5781,0.001);
#216=CIRCLE('',#5782,0.001);
#217=CIRCLE('',#5784,0.00015);
#218=CIRCLE('',#5785,0.00015);
#219=CIRCLE('',#5787,0.00015);
#220=CIRCLE('',#5788,0.00015);
#221=CIRCLE('',#5790,0.001);
#222=CIRCLE('',#5791,0.001);
#223=CIRCLE('',#5793,0.001);
#224=CIRCLE('',#5794,0.001);
#225=CIRCLE('',#5796,0.00015);
#226=CIRCLE('',#5797,0.00015);
#227=CIRCLE('',#5799,0.00015);
#228=CIRCLE('',#5800,0.00015);
#229=CIRCLE('',#5802,0.001);
#230=CIRCLE('',#5803,0.001);
#231=CIRCLE('',#5805,0.001);
#232=CIRCLE('',#5806,0.001);
#233=CIRCLE('',#5808,0.00015);
#234=CIRCLE('',#5809,0.00015);
#235=CIRCLE('',#5811,0.00015);
#236=CIRCLE('',#5812,0.00015);
#237=CIRCLE('',#5814,0.001);
#238=CIRCLE('',#5815,0.001);
#239=CIRCLE('',#5817,0.001);
#240=CIRCLE('',#5818,0.001);
#241=CIRCLE('',#5820,0.00015);
#242=CIRCLE('',#5821,0.00015);
#243=CIRCLE('',#5823,0.00015);
#244=CIRCLE('',#5824,0.00015);
#245=CIRCLE('',#5826,0.001);
#246=CIRCLE('',#5827,0.001);
#247=CIRCLE('',#5829,0.000555);
#248=CIRCLE('',#5830,0.000555);
#249=CIRCLE('',#5832,0.00015);
#250=CIRCLE('',#5833,0.00015);
#251=CIRCLE('',#5835,0.00015);
#252=CIRCLE('',#5836,0.00015);
#253=CIRCLE('',#5838,0.001);
#254=CIRCLE('',#5839,0.001);
#255=CIRCLE('',#5841,0.000555);
#256=CIRCLE('',#5842,0.000555);
#257=CIRCLE('',#5844,0.00015);
#258=CIRCLE('',#5845,0.00015);
#259=CIRCLE('',#5847,0.00015);
#260=CIRCLE('',#5848,0.00015);
#261=CIRCLE('',#5850,0.001);
#262=CIRCLE('',#5851,0.001);
#263=CIRCLE('',#5853,0.001);
#264=CIRCLE('',#5854,0.001);
#265=CIRCLE('',#5856,0.00015);
#266=CIRCLE('',#5857,0.00015);
#267=CIRCLE('',#5859,0.00015);
#268=CIRCLE('',#5860,0.00015);
#269=CIRCLE('',#5862,0.001);
#270=CIRCLE('',#5863,0.001);
#271=CIRCLE('',#5865,0.001);
#272=CIRCLE('',#5866,0.001);
#273=CIRCLE('',#5868,0.00015);
#274=CIRCLE('',#5869,0.00015);
#275=CIRCLE('',#5871,0.00015);
#276=CIRCLE('',#5872,0.00015);
#277=CIRCLE('',#5874,0.001);
#278=CIRCLE('',#5875,0.001);
#279=CIRCLE('',#5877,0.001);
#280=CIRCLE('',#5878,0.001);
#281=CIRCLE('',#5880,0.00015);
#282=CIRCLE('',#5881,0.00015);
#283=CIRCLE('',#5883,0.00015);
#284=CIRCLE('',#5884,0.00015);
#285=CIRCLE('',#5886,0.001);
#286=CIRCLE('',#5887,0.001);
#287=CIRCLE('',#5889,0.001);
#288=CIRCLE('',#5890,0.001);
#289=CIRCLE('',#5892,0.000150000000000002);
#290=CIRCLE('',#5893,0.000150000000000002);
#291=CIRCLE('',#5895,0.00015);
#292=CIRCLE('',#5896,0.00015);
#293=CIRCLE('',#5898,0.001);
#294=CIRCLE('',#5899,0.001);
#295=CIRCLE('',#5901,0.001);
#296=CIRCLE('',#5902,0.001);
#297=CIRCLE('',#5904,0.00015);
#298=CIRCLE('',#5905,0.00015);
#299=CIRCLE('',#5907,0.00015);
#300=CIRCLE('',#5908,0.00015);
#301=CIRCLE('',#5910,0.001);
#302=CIRCLE('',#5911,0.001);
#303=CIRCLE('',#5913,0.001);
#304=CIRCLE('',#5914,0.001);
#305=CIRCLE('',#5916,0.00015);
#306=CIRCLE('',#5917,0.00015);
#307=CIRCLE('',#5919,0.00015);
#308=CIRCLE('',#5920,0.00015);
#309=CIRCLE('',#5922,0.001);
#310=CIRCLE('',#5923,0.001);
#311=CIRCLE('',#5925,0.000555);
#312=CIRCLE('',#5926,0.000555);
#313=CIRCLE('',#5928,0.00015);
#314=CIRCLE('',#5929,0.00015);
#315=CIRCLE('',#5931,0.00015);
#316=CIRCLE('',#5932,0.00015);
#317=CIRCLE('',#5934,0.001);
#318=CIRCLE('',#5935,0.001);
#319=CIRCLE('',#5937,0.001);
#320=CIRCLE('',#5938,0.001);
#321=CIRCLE('',#5940,0.000555);
#322=CIRCLE('',#5941,0.000555);
#323=CIRCLE('',#5943,0.00015);
#324=CIRCLE('',#5944,0.00015);
#325=CIRCLE('',#5946,0.001);
#326=CIRCLE('',#5947,0.001);
#327=CIRCLE('',#5949,0.001);
#328=CIRCLE('',#5950,0.001);
#329=CIRCLE('',#5952,0.000555);
#330=CIRCLE('',#5953,0.000555);
#331=CIRCLE('',#5955,0.00015);
#332=CIRCLE('',#5956,0.00015);
#333=CIRCLE('',#5958,0.001);
#334=CIRCLE('',#5959,0.001);
#335=CIRCLE('',#5961,0.001);
#336=CIRCLE('',#5962,0.001);
#337=CIRCLE('',#5964,0.000555);
#338=CIRCLE('',#5965,0.000555);
#339=CIRCLE('',#5967,0.00015);
#340=CIRCLE('',#5968,0.00015);
#341=CIRCLE('',#5970,0.001);
#342=CIRCLE('',#5971,0.001);
#343=CIRCLE('',#5973,0.001);
#344=CIRCLE('',#5974,0.001);
#345=CIRCLE('',#5976,0.000555);
#346=CIRCLE('',#5977,0.000555);
#347=CIRCLE('',#5979,0.00015);
#348=CIRCLE('',#5980,0.00015);
#349=CIRCLE('',#5982,0.001);
#350=CIRCLE('',#5983,0.001);
#351=CIRCLE('',#5985,0.001);
#352=CIRCLE('',#5986,0.001);
#353=CIRCLE('',#5988,0.000555);
#354=CIRCLE('',#5989,0.000555);
#355=CIRCLE('',#5991,0.00015);
#356=CIRCLE('',#5992,0.00015);
#357=CIRCLE('',#5994,0.001);
#358=CIRCLE('',#5995,0.001);
#359=CIRCLE('',#5997,0.001);
#360=CIRCLE('',#5998,0.001);
#361=CIRCLE('',#6000,0.000555);
#362=CIRCLE('',#6001,0.000555);
#363=CIRCLE('',#6003,0.00015);
#364=CIRCLE('',#6004,0.00015);
#365=CIRCLE('',#6006,0.001);
#366=CIRCLE('',#6007,0.001);
#367=CIRCLE('',#6009,0.001);
#368=CIRCLE('',#6010,0.001);
#369=CIRCLE('',#6012,0.000555);
#370=CIRCLE('',#6013,0.000555);
#371=CIRCLE('',#6015,0.00015);
#372=CIRCLE('',#6016,0.00015);
#373=CIRCLE('',#6018,0.001);
#374=CIRCLE('',#6019,0.001);
#375=CIRCLE('',#6021,0.001);
#376=CIRCLE('',#6022,0.001);
#377=CIRCLE('',#6024,0.000555);
#378=CIRCLE('',#6025,0.000555);
#379=CIRCLE('',#6027,0.00015);
#380=CIRCLE('',#6028,0.00015);
#381=CIRCLE('',#6030,0.001);
#382=CIRCLE('',#6031,0.001);
#383=CIRCLE('',#6033,0.001);
#384=CIRCLE('',#6034,0.001);
#385=CIRCLE('',#6036,0.000555);
#386=CIRCLE('',#6037,0.000555);
#387=CIRCLE('',#6039,0.00015);
#388=CIRCLE('',#6040,0.00015);
#389=CIRCLE('',#6042,0.001);
#390=CIRCLE('',#6043,0.001);
#391=CIRCLE('',#6045,0.000555);
#392=CIRCLE('',#6046,0.000555);
#393=CIRCLE('',#6048,0.001);
#394=CIRCLE('',#6049,0.001);
#395=CIRCLE('',#6051,0.00015);
#396=CIRCLE('',#6052,0.00015);
#397=CIRCLE('',#6054,0.0140335);
#398=CIRCLE('',#6056,0.0126175);
#399=CIRCLE('',#6057,0.0112015);
#400=CIRCLE('',#6058,0.001);
#401=CIRCLE('',#6059,0.0112015);
#402=CIRCLE('',#6060,0.001);
#403=CIRCLE('',#6061,0.0112015);
#404=CIRCLE('',#6062,0.000555);
#405=CIRCLE('',#6063,0.0112015);
#406=CIRCLE('',#6064,0.000555);
#407=CIRCLE('',#6065,0.0112015);
#408=CIRCLE('',#6066,0.000555);
#409=CIRCLE('',#6067,0.0112015);
#410=CIRCLE('',#6068,0.000555);
#411=CIRCLE('',#6069,0.0112015);
#412=CIRCLE('',#6070,0.000555);
#413=CIRCLE('',#6071,0.0112015);
#414=CIRCLE('',#6072,0.000555);
#415=CIRCLE('',#6073,0.0112015);
#416=CIRCLE('',#6074,0.000555);
#417=CIRCLE('',#6075,0.0112015);
#418=CIRCLE('',#6076,0.000555);
#419=CIRCLE('',#6077,0.0112015);
#420=CIRCLE('',#6078,0.000555);
#421=CIRCLE('',#6079,0.0112015);
#422=CIRCLE('',#6080,0.000555);
#423=CIRCLE('',#6081,0.0112015);
#424=CIRCLE('',#6082,0.000555);
#425=CIRCLE('',#6083,0.0112015);
#426=CIRCLE('',#6084,0.000555);
#427=CIRCLE('',#6085,0.0112015);
#428=CIRCLE('',#6086,0.000555);
#429=CIRCLE('',#6087,0.0112015);
#430=CIRCLE('',#6088,0.001);
#431=CIRCLE('',#6089,0.0112015);
#432=CIRCLE('',#6090,0.001);
#433=CIRCLE('',#6091,0.0112015);
#434=CIRCLE('',#6092,0.0112015);
#435=CIRCLE('',#6093,0.00015);
#436=CIRCLE('',#6094,0.0112015);
#437=CIRCLE('',#6095,0.00015);
#438=CIRCLE('',#6096,0.0112015);
#439=CIRCLE('',#6097,0.00015);
#440=CIRCLE('',#6098,0.0112015);
#441=CIRCLE('',#6099,0.00015);
#442=CIRCLE('',#6100,0.0112015);
#443=CIRCLE('',#6101,0.00015);
#444=CIRCLE('',#6102,0.0112015);
#445=CIRCLE('',#6103,0.000150000000000002);
#446=CIRCLE('',#6104,0.0112015);
#447=CIRCLE('',#6105,0.00015);
#448=CIRCLE('',#6106,0.0112015);
#449=CIRCLE('',#6107,0.00015);
#450=CIRCLE('',#6108,0.0112015);
#451=CIRCLE('',#6109,0.00015);
#452=CIRCLE('',#6110,0.00015);
#453=CIRCLE('',#6111,0.0112015);
#454=CIRCLE('',#6112,0.00015);
#455=CIRCLE('',#6113,0.0112015);
#456=CIRCLE('',#6114,0.00015);
#457=CIRCLE('',#6115,0.0112015);
#458=CIRCLE('',#6116,0.00015);
#459=CIRCLE('',#6117,0.0112015);
#460=CIRCLE('',#6118,0.00015);
#461=CIRCLE('',#6119,0.0112015);
#462=CIRCLE('',#6120,0.00015);
#463=CIRCLE('',#6121,0.0112015);
#464=CIRCLE('',#6122,0.00015);
#465=CIRCLE('',#6123,0.0112015);
#466=CIRCLE('',#6124,0.00015);
#467=CIRCLE('',#6125,0.0112015);
#468=CIRCLE('',#6126,0.00015);
#469=CIRCLE('',#6127,0.0112015);
#470=CIRCLE('',#6129,0.0112015);
#471=CIRCLE('',#6131,0.0126175);
#472=CIRCLE('',#6132,0.0112015);
#473=CIRCLE('',#6133,0.00015);
#474=CIRCLE('',#6134,0.0112015);
#475=CIRCLE('',#6135,0.00015);
#476=CIRCLE('',#6136,0.0112015);
#477=CIRCLE('',#6137,0.00015);
#478=CIRCLE('',#6138,0.0112015);
#479=CIRCLE('',#6139,0.00015);
#480=CIRCLE('',#6140,0.0112015);
#481=CIRCLE('',#6141,0.00015);
#482=CIRCLE('',#6142,0.0112015);
#483=CIRCLE('',#6143,0.00015);
#484=CIRCLE('',#6144,0.0112015);
#485=CIRCLE('',#6145,0.00015);
#486=CIRCLE('',#6146,0.0112015);
#487=CIRCLE('',#6147,0.00015);
#488=CIRCLE('',#6148,0.0112015);
#489=CIRCLE('',#6149,0.00015);
#490=CIRCLE('',#6150,0.00015);
#491=CIRCLE('',#6151,0.0112015);
#492=CIRCLE('',#6152,0.00015);
#493=CIRCLE('',#6153,0.0112015);
#494=CIRCLE('',#6154,0.00015);
#495=CIRCLE('',#6155,0.0112015);
#496=CIRCLE('',#6156,0.000150000000000002);
#497=CIRCLE('',#6157,0.0112015);
#498=CIRCLE('',#6158,0.00015);
#499=CIRCLE('',#6159,0.0112015);
#500=CIRCLE('',#6160,0.00015);
#501=CIRCLE('',#6161,0.0112015);
#502=CIRCLE('',#6162,0.00015);
#503=CIRCLE('',#6163,0.0112015);
#504=CIRCLE('',#6164,0.00015);
#505=CIRCLE('',#6165,0.0112015);
#506=CIRCLE('',#6166,0.00015);
#507=CIRCLE('',#6167,0.0112015);
#508=CIRCLE('',#6168,0.0112015);
#509=CIRCLE('',#6169,0.001);
#510=CIRCLE('',#6170,0.0112015);
#511=CIRCLE('',#6171,0.001);
#512=CIRCLE('',#6172,0.0112015);
#513=CIRCLE('',#6173,0.000555);
#514=CIRCLE('',#6174,0.0112015);
#515=CIRCLE('',#6175,0.000555);
#516=CIRCLE('',#6176,0.0112015);
#517=CIRCLE('',#6177,0.000555);
#518=CIRCLE('',#6178,0.0112015);
#519=CIRCLE('',#6179,0.000555);
#520=CIRCLE('',#6180,0.0112015);
#521=CIRCLE('',#6181,0.000555);
#522=CIRCLE('',#6182,0.0112015);
#523=CIRCLE('',#6183,0.000555);
#524=CIRCLE('',#6184,0.0112015);
#525=CIRCLE('',#6185,0.000555);
#526=CIRCLE('',#6186,0.0112015);
#527=CIRCLE('',#6187,0.000555);
#528=CIRCLE('',#6188,0.0112015);
#529=CIRCLE('',#6189,0.000555);
#530=CIRCLE('',#6190,0.0112015);
#531=CIRCLE('',#6191,0.000555);
#532=CIRCLE('',#6192,0.0112015);
#533=CIRCLE('',#6193,0.000555);
#534=CIRCLE('',#6194,0.0112015);
#535=CIRCLE('',#6195,0.000555);
#536=CIRCLE('',#6196,0.0112015);
#537=CIRCLE('',#6197,0.000555);
#538=CIRCLE('',#6198,0.0112015);
#539=CIRCLE('',#6199,0.001);
#540=CIRCLE('',#6200,0.0112015);
#541=CIRCLE('',#6201,0.001);
#542=CIRCLE('',#6238,0.0140335);
#543=CIRCLE('',#6241,0.0140335);
#544=CYLINDRICAL_SURFACE('',#5478,0.0016);
#545=CYLINDRICAL_SURFACE('',#5481,0.0016);
#546=CYLINDRICAL_SURFACE('',#5484,0.0016);
#547=CYLINDRICAL_SURFACE('',#5487,0.0016);
#548=CYLINDRICAL_SURFACE('',#5490,0.005);
#549=CYLINDRICAL_SURFACE('',#5493,0.005);
#550=CYLINDRICAL_SURFACE('',#5502,0.002);
#551=CYLINDRICAL_SURFACE('',#5505,0.002);
#552=CYLINDRICAL_SURFACE('',#5515,0.0045);
#553=CYLINDRICAL_SURFACE('',#5521,0.015);
#554=CYLINDRICAL_SURFACE('',#5530,0.01);
#555=CYLINDRICAL_SURFACE('',#5533,0.015);
#556=CYLINDRICAL_SURFACE('',#5542,0.0016);
#557=CYLINDRICAL_SURFACE('',#5545,0.0016);
#558=CYLINDRICAL_SURFACE('',#5548,0.0016);
#559=CYLINDRICAL_SURFACE('',#5551,0.0016);
#560=CYLINDRICAL_SURFACE('',#5558,0.005);
#561=CYLINDRICAL_SURFACE('',#5563,0.005);
#562=CYLINDRICAL_SURFACE('',#5573,0.00635);
#563=CYLINDRICAL_SURFACE('',#5576,0.00635);
#564=CYLINDRICAL_SURFACE('',#5585,0.002);
#565=CYLINDRICAL_SURFACE('',#5587,0.002);
#566=CYLINDRICAL_SURFACE('',#5596,0.005);
#567=CYLINDRICAL_SURFACE('',#5600,0.005);
#568=CYLINDRICAL_SURFACE('',#5601,0.005);
#569=CYLINDRICAL_SURFACE('',#5605,0.005);
#570=CYLINDRICAL_SURFACE('',#5606,0.005);
#571=CYLINDRICAL_SURFACE('',#5607,0.005);
#572=CYLINDRICAL_SURFACE('',#5608,0.005);
#573=CYLINDRICAL_SURFACE('',#5609,0.005);
#574=CYLINDRICAL_SURFACE('',#5610,0.005);
#575=CYLINDRICAL_SURFACE('',#5611,0.005);
#576=CYLINDRICAL_SURFACE('',#5616,0.0045);
#577=CYLINDRICAL_SURFACE('',#5618,0.001);
#578=CYLINDRICAL_SURFACE('',#5621,0.000555);
#579=CYLINDRICAL_SURFACE('',#5624,0.001);
#580=CYLINDRICAL_SURFACE('',#5627,0.00015);
#581=CYLINDRICAL_SURFACE('',#5630,0.00015);
#582=CYLINDRICAL_SURFACE('',#5633,0.001);
#583=CYLINDRICAL_SURFACE('',#5636,0.001);
#584=CYLINDRICAL_SURFACE('',#5639,0.000555);
#585=CYLINDRICAL_SURFACE('',#5642,0.000150000000000002);
#586=CYLINDRICAL_SURFACE('',#5645,0.001);
#587=CYLINDRICAL_SURFACE('',#5648,0.001);
#588=CYLINDRICAL_SURFACE('',#5651,0.000555);
#589=CYLINDRICAL_SURFACE('',#5654,0.000150000000000002);
#590=CYLINDRICAL_SURFACE('',#5657,0.001);
#591=CYLINDRICAL_SURFACE('',#5660,0.001);
#592=CYLINDRICAL_SURFACE('',#5663,0.000555);
#593=CYLINDRICAL_SURFACE('',#5666,0.001);
#594=CYLINDRICAL_SURFACE('',#5669,0.001);
#595=CYLINDRICAL_SURFACE('',#5672,0.000555);
#596=CYLINDRICAL_SURFACE('',#5675,0.00015);
#597=CYLINDRICAL_SURFACE('',#5678,0.001);
#598=CYLINDRICAL_SURFACE('',#5681,0.001);
#599=CYLINDRICAL_SURFACE('',#5684,0.000555);
#600=CYLINDRICAL_SURFACE('',#5687,0.00015);
#601=CYLINDRICAL_SURFACE('',#5690,0.001);
#602=CYLINDRICAL_SURFACE('',#5693,0.001);
#603=CYLINDRICAL_SURFACE('',#5696,0.000555);
#604=CYLINDRICAL_SURFACE('',#5699,0.00015);
#605=CYLINDRICAL_SURFACE('',#5702,0.001);
#606=CYLINDRICAL_SURFACE('',#5705,0.001);
#607=CYLINDRICAL_SURFACE('',#5708,0.000555);
#608=CYLINDRICAL_SURFACE('',#5711,0.00015);
#609=CYLINDRICAL_SURFACE('',#5714,0.001);
#610=CYLINDRICAL_SURFACE('',#5717,0.001);
#611=CYLINDRICAL_SURFACE('',#5720,0.000555);
#612=CYLINDRICAL_SURFACE('',#5723,0.00015);
#613=CYLINDRICAL_SURFACE('',#5726,0.00015);
#614=CYLINDRICAL_SURFACE('',#5729,0.001);
#615=CYLINDRICAL_SURFACE('',#5732,0.000555);
#616=CYLINDRICAL_SURFACE('',#5735,0.00015);
#617=CYLINDRICAL_SURFACE('',#5738,0.00015);
#618=CYLINDRICAL_SURFACE('',#5741,0.001);
#619=CYLINDRICAL_SURFACE('',#5744,0.001);
#620=CYLINDRICAL_SURFACE('',#5747,0.000150000000000002);
#621=CYLINDRICAL_SURFACE('',#5750,0.00015);
#622=CYLINDRICAL_SURFACE('',#5753,0.001);
#623=CYLINDRICAL_SURFACE('',#5756,0.001);
#624=CYLINDRICAL_SURFACE('',#5759,0.000150000000000002);
#625=CYLINDRICAL_SURFACE('',#5762,0.00015);
#626=CYLINDRICAL_SURFACE('',#5765,0.001);
#627=CYLINDRICAL_SURFACE('',#5768,0.001);
#628=CYLINDRICAL_SURFACE('',#5771,0.000150000000000002);
#629=CYLINDRICAL_SURFACE('',#5774,0.00015);
#630=CYLINDRICAL_SURFACE('',#5777,0.001);
#631=CYLINDRICAL_SURFACE('',#5780,0.001);
#632=CYLINDRICAL_SURFACE('',#5783,0.000150000000000002);
#633=CYLINDRICAL_SURFACE('',#5786,0.00015);
#634=CYLINDRICAL_SURFACE('',#5789,0.001);
#635=CYLINDRICAL_SURFACE('',#5792,0.001);
#636=CYLINDRICAL_SURFACE('',#5795,0.000150000000000002);
#637=CYLINDRICAL_SURFACE('',#5798,0.00015);
#638=CYLINDRICAL_SURFACE('',#5801,0.001);
#639=CYLINDRICAL_SURFACE('',#5804,0.001);
#640=CYLINDRICAL_SURFACE('',#5807,0.00015);
#641=CYLINDRICAL_SURFACE('',#5810,0.00015);
#642=CYLINDRICAL_SURFACE('',#5813,0.001);
#643=CYLINDRICAL_SURFACE('',#5816,0.001);
#644=CYLINDRICAL_SURFACE('',#5819,0.00015);
#645=CYLINDRICAL_SURFACE('',#5822,0.00015);
#646=CYLINDRICAL_SURFACE('',#5825,0.001);
#647=CYLINDRICAL_SURFACE('',#5828,0.000555);
#648=CYLINDRICAL_SURFACE('',#5831,0.00015);
#649=CYLINDRICAL_SURFACE('',#5834,0.00015);
#650=CYLINDRICAL_SURFACE('',#5837,0.001);
#651=CYLINDRICAL_SURFACE('',#5840,0.000555);
#652=CYLINDRICAL_SURFACE('',#5843,0.00015);
#653=CYLINDRICAL_SURFACE('',#5846,0.00015);
#654=CYLINDRICAL_SURFACE('',#5849,0.001);
#655=CYLINDRICAL_SURFACE('',#5852,0.001);
#656=CYLINDRICAL_SURFACE('',#5855,0.000150000000000002);
#657=CYLINDRICAL_SURFACE('',#5858,0.00015);
#658=CYLINDRICAL_SURFACE('',#5861,0.001);
#659=CYLINDRICAL_SURFACE('',#5864,0.001);
#660=CYLINDRICAL_SURFACE('',#5867,0.000150000000000002);
#661=CYLINDRICAL_SURFACE('',#5870,0.00015);
#662=CYLINDRICAL_SURFACE('',#5873,0.001);
#663=CYLINDRICAL_SURFACE('',#5876,0.001);
#664=CYLINDRICAL_SURFACE('',#5879,0.000150000000000002);
#665=CYLINDRICAL_SURFACE('',#5882,0.00015);
#666=CYLINDRICAL_SURFACE('',#5885,0.001);
#667=CYLINDRICAL_SURFACE('',#5888,0.001);
#668=CYLINDRICAL_SURFACE('',#5891,0.000150000000000002);
#669=CYLINDRICAL_SURFACE('',#5894,0.00015);
#670=CYLINDRICAL_SURFACE('',#5897,0.001);
#671=CYLINDRICAL_SURFACE('',#5900,0.001);
#672=CYLINDRICAL_SURFACE('',#5903,0.00015);
#673=CYLINDRICAL_SURFACE('',#5906,0.00015);
#674=CYLINDRICAL_SURFACE('',#5909,0.001);
#675=CYLINDRICAL_SURFACE('',#5912,0.001);
#676=CYLINDRICAL_SURFACE('',#5915,0.00015);
#677=CYLINDRICAL_SURFACE('',#5918,0.00015);
#678=CYLINDRICAL_SURFACE('',#5921,0.001);
#679=CYLINDRICAL_SURFACE('',#5924,0.000555);
#680=CYLINDRICAL_SURFACE('',#5927,0.00015);
#681=CYLINDRICAL_SURFACE('',#5930,0.00015);
#682=CYLINDRICAL_SURFACE('',#5933,0.001);
#683=CYLINDRICAL_SURFACE('',#5936,0.001);
#684=CYLINDRICAL_SURFACE('',#5939,0.000555);
#685=CYLINDRICAL_SURFACE('',#5942,0.00015);
#686=CYLINDRICAL_SURFACE('',#5945,0.001);
#687=CYLINDRICAL_SURFACE('',#5948,0.001);
#688=CYLINDRICAL_SURFACE('',#5951,0.000555);
#689=CYLINDRICAL_SURFACE('',#5954,0.00015);
#690=CYLINDRICAL_SURFACE('',#5957,0.001);
#691=CYLINDRICAL_SURFACE('',#5960,0.001);
#692=CYLINDRICAL_SURFACE('',#5963,0.000555);
#693=CYLINDRICAL_SURFACE('',#5966,0.00015);
#694=CYLINDRICAL_SURFACE('',#5969,0.001);
#695=CYLINDRICAL_SURFACE('',#5972,0.001);
#696=CYLINDRICAL_SURFACE('',#5975,0.000555);
#697=CYLINDRICAL_SURFACE('',#5978,0.00015);
#698=CYLINDRICAL_SURFACE('',#5981,0.001);
#699=CYLINDRICAL_SURFACE('',#5984,0.001);
#700=CYLINDRICAL_SURFACE('',#5987,0.000555);
#701=CYLINDRICAL_SURFACE('',#5990,0.000150000000000002);
#702=CYLINDRICAL_SURFACE('',#5993,0.001);
#703=CYLINDRICAL_SURFACE('',#5996,0.001);
#704=CYLINDRICAL_SURFACE('',#5999,0.000555);
#705=CYLINDRICAL_SURFACE('',#6002,0.000150000000000002);
#706=CYLINDRICAL_SURFACE('',#6005,0.001);
#707=CYLINDRICAL_SURFACE('',#6008,0.001);
#708=CYLINDRICAL_SURFACE('',#6011,0.000555);
#709=CYLINDRICAL_SURFACE('',#6014,0.00015);
#710=CYLINDRICAL_SURFACE('',#6017,0.001);
#711=CYLINDRICAL_SURFACE('',#6020,0.001);
#712=CYLINDRICAL_SURFACE('',#6023,0.000555);
#713=CYLINDRICAL_SURFACE('',#6026,0.00015);
#714=CYLINDRICAL_SURFACE('',#6029,0.001);
#715=CYLINDRICAL_SURFACE('',#6032,0.001);
#716=CYLINDRICAL_SURFACE('',#6035,0.000555);
#717=CYLINDRICAL_SURFACE('',#6038,0.00015);
#718=CYLINDRICAL_SURFACE('',#6041,0.001);
#719=CYLINDRICAL_SURFACE('',#6044,0.000555);
#720=CYLINDRICAL_SURFACE('',#6047,0.001);
#721=CYLINDRICAL_SURFACE('',#6050,0.00015);
#722=CYLINDRICAL_SURFACE('',#6128,0.0112015);
#723=CYLINDRICAL_SURFACE('',#6202,0.0112015);
#724=CYLINDRICAL_SURFACE('',#6203,0.0112015);
#725=CYLINDRICAL_SURFACE('',#6204,0.0112015);
#726=CYLINDRICAL_SURFACE('',#6205,0.0112015);
#727=CYLINDRICAL_SURFACE('',#6206,0.0112015);
#728=CYLINDRICAL_SURFACE('',#6207,0.0112015);
#729=CYLINDRICAL_SURFACE('',#6208,0.0112015);
#730=CYLINDRICAL_SURFACE('',#6209,0.0112015);
#731=CYLINDRICAL_SURFACE('',#6210,0.0112015);
#732=CYLINDRICAL_SURFACE('',#6211,0.0112015);
#733=CYLINDRICAL_SURFACE('',#6212,0.0112015);
#734=CYLINDRICAL_SURFACE('',#6213,0.0112015);
#735=CYLINDRICAL_SURFACE('',#6214,0.0112015);
#736=CYLINDRICAL_SURFACE('',#6215,0.0112015);
#737=CYLINDRICAL_SURFACE('',#6216,0.0112015);
#738=CYLINDRICAL_SURFACE('',#6217,0.0112015);
#739=CYLINDRICAL_SURFACE('',#6218,0.0112015);
#740=CYLINDRICAL_SURFACE('',#6219,0.0112015);
#741=CYLINDRICAL_SURFACE('',#6220,0.0112015);
#742=CYLINDRICAL_SURFACE('',#6221,0.0112015);
#743=CYLINDRICAL_SURFACE('',#6222,0.0112015);
#744=CYLINDRICAL_SURFACE('',#6223,0.0112015);
#745=CYLINDRICAL_SURFACE('',#6224,0.0112015);
#746=CYLINDRICAL_SURFACE('',#6225,0.0112015);
#747=CYLINDRICAL_SURFACE('',#6226,0.0112015);
#748=CYLINDRICAL_SURFACE('',#6227,0.0112015);
#749=CYLINDRICAL_SURFACE('',#6228,0.0112015);
#750=CYLINDRICAL_SURFACE('',#6229,0.0112015);
#751=CYLINDRICAL_SURFACE('',#6230,0.0112015);
#752=CYLINDRICAL_SURFACE('',#6231,0.0112015);
#753=CYLINDRICAL_SURFACE('',#6232,0.0112015);
#754=CYLINDRICAL_SURFACE('',#6233,0.0112015);
#755=CYLINDRICAL_SURFACE('',#6234,0.0112015);
#756=CYLINDRICAL_SURFACE('',#6235,0.0112015);
#757=CYLINDRICAL_SURFACE('',#6236,0.0112015);
#758=CYLINDRICAL_SURFACE('',#6237,0.0140335);
#759=CYLINDRICAL_SURFACE('',#6242,0.0140335);
#760=CYLINDRICAL_SURFACE('',#6243,0.00015);
#761=CYLINDRICAL_SURFACE('',#6244,0.00015);
#762=CYLINDRICAL_SURFACE('',#6245,0.00015);
#763=CYLINDRICAL_SURFACE('',#6246,0.00015);
#764=CYLINDRICAL_SURFACE('',#6247,0.000150000000000002);
#765=CYLINDRICAL_SURFACE('',#6248,0.000150000000000002);
#766=CYLINDRICAL_SURFACE('',#6249,0.00015);
#767=CYLINDRICAL_SURFACE('',#6250,0.00015);
#768=CYLINDRICAL_SURFACE('',#6251,0.001);
#769=CYLINDRICAL_SURFACE('',#6252,0.000555);
#770=CYLINDRICAL_SURFACE('',#6253,0.000555);
#771=CYLINDRICAL_SURFACE('',#6254,0.000555);
#772=CYLINDRICAL_SURFACE('',#6255,0.000555);
#773=CYLINDRICAL_SURFACE('',#6256,0.000555);
#774=CYLINDRICAL_SURFACE('',#6257,0.000555);
#775=CYLINDRICAL_SURFACE('',#6258,0.001);
#776=CYLINDRICAL_SURFACE('',#6259,0.001);
#777=CYLINDRICAL_SURFACE('',#6260,0.000555);
#778=CYLINDRICAL_SURFACE('',#6261,0.000555);
#779=CYLINDRICAL_SURFACE('',#6262,0.000555);
#780=CYLINDRICAL_SURFACE('',#6263,0.000555);
#781=CYLINDRICAL_SURFACE('',#6264,0.000555);
#782=CYLINDRICAL_SURFACE('',#6265,0.000555);
#783=CYLINDRICAL_SURFACE('',#6266,0.000555);
#784=CYLINDRICAL_SURFACE('',#6267,0.001);
#785=CYLINDRICAL_SURFACE('',#6268,0.00015);
#786=CYLINDRICAL_SURFACE('',#6269,0.00015);
#787=CYLINDRICAL_SURFACE('',#6270,0.000150000000000002);
#788=CYLINDRICAL_SURFACE('',#6271,0.000150000000000002);
#789=CYLINDRICAL_SURFACE('',#6272,0.00015);
#790=CYLINDRICAL_SURFACE('',#6273,0.000150000000000002);
#791=CYLINDRICAL_SURFACE('',#6274,0.00015);
#792=CYLINDRICAL_SURFACE('',#6275,0.00015);
#793=CYLINDRICAL_SURFACE('',#6276,0.00015);
#794=CYLINDRICAL_SURFACE('',#6277,0.00015);
#795=ORIENTED_EDGE('',*,*,#2445,.F.);
#796=ORIENTED_EDGE('',*,*,#2446,.T.);
#797=ORIENTED_EDGE('',*,*,#2447,.F.);
#798=ORIENTED_EDGE('',*,*,#2448,.T.);
#799=ORIENTED_EDGE('',*,*,#2449,.T.);
#800=ORIENTED_EDGE('',*,*,#2450,.F.);
#801=ORIENTED_EDGE('',*,*,#2451,.T.);
#802=ORIENTED_EDGE('',*,*,#2452,.F.);
#803=ORIENTED_EDGE('',*,*,#2453,.T.);
#804=ORIENTED_EDGE('',*,*,#2454,.F.);
#805=ORIENTED_EDGE('',*,*,#2455,.T.);
#806=ORIENTED_EDGE('',*,*,#2456,.F.);
#807=ORIENTED_EDGE('',*,*,#2457,.F.);
#808=ORIENTED_EDGE('',*,*,#2458,.T.);
#809=ORIENTED_EDGE('',*,*,#2459,.F.);
#810=ORIENTED_EDGE('',*,*,#2460,.F.);
#811=ORIENTED_EDGE('',*,*,#2461,.F.);
#812=ORIENTED_EDGE('',*,*,#2462,.F.);
#813=ORIENTED_EDGE('',*,*,#2463,.T.);
#814=ORIENTED_EDGE('',*,*,#2464,.F.);
#815=ORIENTED_EDGE('',*,*,#2465,.T.);
#816=ORIENTED_EDGE('',*,*,#2466,.F.);
#817=ORIENTED_EDGE('',*,*,#2467,.F.);
#818=ORIENTED_EDGE('',*,*,#2468,.T.);
#819=ORIENTED_EDGE('',*,*,#2469,.F.);
#820=ORIENTED_EDGE('',*,*,#2470,.T.);
#821=ORIENTED_EDGE('',*,*,#2471,.F.);
#822=ORIENTED_EDGE('',*,*,#2472,.T.);
#823=ORIENTED_EDGE('',*,*,#2473,.F.);
#824=ORIENTED_EDGE('',*,*,#2474,.F.);
#825=ORIENTED_EDGE('',*,*,#2459,.T.);
#826=ORIENTED_EDGE('',*,*,#2475,.T.);
#827=ORIENTED_EDGE('',*,*,#2476,.F.);
#828=ORIENTED_EDGE('',*,*,#2477,.T.);
#829=ORIENTED_EDGE('',*,*,#2478,.F.);
#830=ORIENTED_EDGE('',*,*,#2479,.T.);
#831=ORIENTED_EDGE('',*,*,#2462,.T.);
#832=ORIENTED_EDGE('',*,*,#2480,.T.);
#833=ORIENTED_EDGE('',*,*,#2481,.F.);
#834=ORIENTED_EDGE('',*,*,#2482,.T.);
#835=ORIENTED_EDGE('',*,*,#2483,.F.);
#836=ORIENTED_EDGE('',*,*,#2484,.T.);
#837=ORIENTED_EDGE('',*,*,#2470,.F.);
#838=ORIENTED_EDGE('',*,*,#2485,.T.);
#839=ORIENTED_EDGE('',*,*,#2448,.F.);
#840=ORIENTED_EDGE('',*,*,#2486,.F.);
#841=ORIENTED_EDGE('',*,*,#2446,.F.);
#842=ORIENTED_EDGE('',*,*,#2487,.T.);
#843=ORIENTED_EDGE('',*,*,#2484,.F.);
#844=ORIENTED_EDGE('',*,*,#2488,.F.);
#845=ORIENTED_EDGE('',*,*,#2489,.F.);
#846=ORIENTED_EDGE('',*,*,#2490,.T.);
#847=ORIENTED_EDGE('',*,*,#2491,.T.);
#848=ORIENTED_EDGE('',*,*,#2492,.F.);
#849=ORIENTED_EDGE('',*,*,#2493,.T.);
#850=ORIENTED_EDGE('',*,*,#2464,.T.);
#851=ORIENTED_EDGE('',*,*,#2494,.T.);
#852=ORIENTED_EDGE('',*,*,#2457,.T.);
#853=ORIENTED_EDGE('',*,*,#2495,.T.);
#854=ORIENTED_EDGE('',*,*,#2460,.T.);
#855=ORIENTED_EDGE('',*,*,#2474,.T.);
#856=ORIENTED_EDGE('',*,*,#2496,.F.);
#857=ORIENTED_EDGE('',*,*,#2497,.T.);
#858=ORIENTED_EDGE('',*,*,#2498,.T.);
#859=ORIENTED_EDGE('',*,*,#2499,.T.);
#860=ORIENTED_EDGE('',*,*,#2500,.T.);
#861=ORIENTED_EDGE('',*,*,#2501,.T.);
#862=ORIENTED_EDGE('',*,*,#2502,.T.);
#863=ORIENTED_EDGE('',*,*,#2503,.T.);
#864=ORIENTED_EDGE('',*,*,#2504,.T.);
#865=ORIENTED_EDGE('',*,*,#2505,.T.);
#866=ORIENTED_EDGE('',*,*,#2506,.T.);
#867=ORIENTED_EDGE('',*,*,#2507,.T.);
#868=ORIENTED_EDGE('',*,*,#2508,.F.);
#869=ORIENTED_EDGE('',*,*,#2509,.F.);
#870=ORIENTED_EDGE('',*,*,#2461,.T.);
#871=ORIENTED_EDGE('',*,*,#2510,.F.);
#872=ORIENTED_EDGE('',*,*,#2465,.F.);
#873=ORIENTED_EDGE('',*,*,#2495,.F.);
#874=ORIENTED_EDGE('',*,*,#2511,.T.);
#875=ORIENTED_EDGE('',*,*,#2512,.F.);
#876=ORIENTED_EDGE('',*,*,#2493,.F.);
#877=ORIENTED_EDGE('',*,*,#2513,.T.);
#878=ORIENTED_EDGE('',*,*,#2514,.T.);
#879=ORIENTED_EDGE('',*,*,#2515,.T.);
#880=ORIENTED_EDGE('',*,*,#2510,.T.);
#881=ORIENTED_EDGE('',*,*,#2497,.F.);
#882=ORIENTED_EDGE('',*,*,#2480,.F.);
#883=ORIENTED_EDGE('',*,*,#2466,.T.);
#884=ORIENTED_EDGE('',*,*,#2515,.F.);
#885=ORIENTED_EDGE('',*,*,#2516,.T.);
#886=ORIENTED_EDGE('',*,*,#2492,.T.);
#887=ORIENTED_EDGE('',*,*,#2517,.T.);
#888=ORIENTED_EDGE('',*,*,#2518,.F.);
#889=ORIENTED_EDGE('',*,*,#2513,.F.);
#890=ORIENTED_EDGE('',*,*,#2519,.F.);
#891=ORIENTED_EDGE('',*,*,#2490,.F.);
#892=ORIENTED_EDGE('',*,*,#2512,.T.);
#893=ORIENTED_EDGE('',*,*,#2520,.T.);
#894=ORIENTED_EDGE('',*,*,#2473,.T.);
#895=ORIENTED_EDGE('',*,*,#2521,.T.);
#896=ORIENTED_EDGE('',*,*,#2467,.T.);
#897=ORIENTED_EDGE('',*,*,#2486,.T.);
#898=ORIENTED_EDGE('',*,*,#2447,.T.);
#899=ORIENTED_EDGE('',*,*,#2488,.T.);
#900=ORIENTED_EDGE('',*,*,#2483,.T.);
#901=ORIENTED_EDGE('',*,*,#2522,.T.);
#902=ORIENTED_EDGE('',*,*,#2476,.T.);
#903=ORIENTED_EDGE('',*,*,#2516,.F.);
#904=ORIENTED_EDGE('',*,*,#2514,.F.);
#905=ORIENTED_EDGE('',*,*,#2496,.T.);
#906=ORIENTED_EDGE('',*,*,#2455,.F.);
#907=ORIENTED_EDGE('',*,*,#2453,.F.);
#908=ORIENTED_EDGE('',*,*,#2451,.F.);
#909=ORIENTED_EDGE('',*,*,#2449,.F.);
#910=ORIENTED_EDGE('',*,*,#2518,.T.);
#911=ORIENTED_EDGE('',*,*,#2523,.T.);
#912=ORIENTED_EDGE('',*,*,#2520,.F.);
#913=ORIENTED_EDGE('',*,*,#2511,.F.);
#914=ORIENTED_EDGE('',*,*,#2524,.T.);
#915=ORIENTED_EDGE('',*,*,#2525,.T.);
#916=ORIENTED_EDGE('',*,*,#2526,.T.);
#917=ORIENTED_EDGE('',*,*,#2527,.F.);
#918=ORIENTED_EDGE('',*,*,#2517,.F.);
#919=ORIENTED_EDGE('',*,*,#2491,.F.);
#920=ORIENTED_EDGE('',*,*,#2519,.T.);
#921=ORIENTED_EDGE('',*,*,#2523,.F.);
#922=ORIENTED_EDGE('',*,*,#2528,.F.);
#923=ORIENTED_EDGE('',*,*,#2501,.F.);
#924=ORIENTED_EDGE('',*,*,#2529,.T.);
#925=ORIENTED_EDGE('',*,*,#2530,.T.);
#926=ORIENTED_EDGE('',*,*,#2531,.F.);
#927=ORIENTED_EDGE('',*,*,#2532,.T.);
#928=ORIENTED_EDGE('',*,*,#2533,.F.);
#929=ORIENTED_EDGE('',*,*,#2525,.F.);
#930=ORIENTED_EDGE('',*,*,#2534,.T.);
#931=ORIENTED_EDGE('',*,*,#2535,.F.);
#932=ORIENTED_EDGE('',*,*,#2536,.T.);
#933=ORIENTED_EDGE('',*,*,#2537,.T.);
#934=ORIENTED_EDGE('',*,*,#2538,.T.);
#935=ORIENTED_EDGE('',*,*,#2539,.T.);
#936=ORIENTED_EDGE('',*,*,#2540,.F.);
#937=ORIENTED_EDGE('',*,*,#2541,.T.);
#938=ORIENTED_EDGE('',*,*,#2542,.T.);
#939=ORIENTED_EDGE('',*,*,#2527,.T.);
#940=ORIENTED_EDGE('',*,*,#2543,.T.);
#941=ORIENTED_EDGE('',*,*,#2535,.T.);
#942=ORIENTED_EDGE('',*,*,#2544,.F.);
#943=ORIENTED_EDGE('',*,*,#2545,.T.);
#944=ORIENTED_EDGE('',*,*,#2546,.T.);
#945=ORIENTED_EDGE('',*,*,#2503,.F.);
#946=ORIENTED_EDGE('',*,*,#2547,.F.);
#947=ORIENTED_EDGE('',*,*,#2541,.F.);
#948=ORIENTED_EDGE('',*,*,#2524,.F.);
#949=ORIENTED_EDGE('',*,*,#2542,.F.);
#950=ORIENTED_EDGE('',*,*,#2547,.T.);
#951=ORIENTED_EDGE('',*,*,#2502,.F.);
#952=ORIENTED_EDGE('',*,*,#2528,.T.);
#953=ORIENTED_EDGE('',*,*,#2548,.T.);
#954=ORIENTED_EDGE('',*,*,#2544,.T.);
#955=ORIENTED_EDGE('',*,*,#2534,.F.);
#956=ORIENTED_EDGE('',*,*,#2549,.T.);
#957=ORIENTED_EDGE('',*,*,#2550,.F.);
#958=ORIENTED_EDGE('',*,*,#2551,.T.);
#959=ORIENTED_EDGE('',*,*,#2552,.F.);
#960=ORIENTED_EDGE('',*,*,#2553,.T.);
#961=ORIENTED_EDGE('',*,*,#2554,.F.);
#962=ORIENTED_EDGE('',*,*,#2555,.T.);
#963=ORIENTED_EDGE('',*,*,#2556,.F.);
#964=ORIENTED_EDGE('',*,*,#2557,.T.);
#965=ORIENTED_EDGE('',*,*,#2558,.T.);
#966=ORIENTED_EDGE('',*,*,#2559,.F.);
#967=ORIENTED_EDGE('',*,*,#2545,.F.);
#968=ORIENTED_EDGE('',*,*,#2548,.F.);
#969=ORIENTED_EDGE('',*,*,#2530,.F.);
#970=ORIENTED_EDGE('',*,*,#2533,.T.);
#971=ORIENTED_EDGE('',*,*,#2560,.T.);
#972=ORIENTED_EDGE('',*,*,#2561,.T.);
#973=ORIENTED_EDGE('',*,*,#2562,.T.);
#974=ORIENTED_EDGE('',*,*,#2563,.T.);
#975=ORIENTED_EDGE('',*,*,#2564,.T.);
#976=ORIENTED_EDGE('',*,*,#2537,.F.);
#977=ORIENTED_EDGE('',*,*,#2526,.F.);
#978=ORIENTED_EDGE('',*,*,#2565,.F.);
#979=ORIENTED_EDGE('',*,*,#2500,.F.);
#980=ORIENTED_EDGE('',*,*,#2566,.T.);
#981=ORIENTED_EDGE('',*,*,#2563,.F.);
#982=ORIENTED_EDGE('',*,*,#2567,.F.);
#983=ORIENTED_EDGE('',*,*,#2567,.T.);
#984=ORIENTED_EDGE('',*,*,#2562,.F.);
#985=ORIENTED_EDGE('',*,*,#2568,.F.);
#986=ORIENTED_EDGE('',*,*,#2529,.F.);
#987=ORIENTED_EDGE('',*,*,#2561,.F.);
#988=ORIENTED_EDGE('',*,*,#2569,.T.);
#989=ORIENTED_EDGE('',*,*,#2557,.F.);
#990=ORIENTED_EDGE('',*,*,#2568,.T.);
#991=ORIENTED_EDGE('',*,*,#2570,.F.);
#992=ORIENTED_EDGE('',*,*,#2571,.T.);
#993=ORIENTED_EDGE('',*,*,#2507,.F.);
#994=ORIENTED_EDGE('',*,*,#2572,.T.);
#995=ORIENTED_EDGE('',*,*,#2573,.F.);
#996=ORIENTED_EDGE('',*,*,#2574,.T.);
#997=ORIENTED_EDGE('',*,*,#2575,.F.);
#998=ORIENTED_EDGE('',*,*,#2546,.F.);
#999=ORIENTED_EDGE('',*,*,#2576,.F.);
#1000=ORIENTED_EDGE('',*,*,#2577,.T.);
#1001=ORIENTED_EDGE('',*,*,#2556,.T.);
#1002=ORIENTED_EDGE('',*,*,#2554,.T.);
#1003=ORIENTED_EDGE('',*,*,#2552,.T.);
#1004=ORIENTED_EDGE('',*,*,#2550,.T.);
#1005=ORIENTED_EDGE('',*,*,#2578,.F.);
#1006=ORIENTED_EDGE('',*,*,#2536,.F.);
#1007=ORIENTED_EDGE('',*,*,#2543,.F.);
#1008=ORIENTED_EDGE('',*,*,#2540,.T.);
#1009=ORIENTED_EDGE('',*,*,#2579,.T.);
#1010=ORIENTED_EDGE('',*,*,#2508,.T.);
#1011=ORIENTED_EDGE('',*,*,#2579,.F.);
#1012=ORIENTED_EDGE('',*,*,#2565,.T.);
#1013=ORIENTED_EDGE('',*,*,#2580,.T.);
#1014=ORIENTED_EDGE('',*,*,#2509,.T.);
#1015=ORIENTED_EDGE('',*,*,#2580,.F.);
#1016=ORIENTED_EDGE('',*,*,#2489,.T.);
#1017=ORIENTED_EDGE('',*,*,#2575,.T.);
#1018=ORIENTED_EDGE('',*,*,#2581,.T.);
#1019=ORIENTED_EDGE('',*,*,#2582,.T.);
#1020=ORIENTED_EDGE('',*,*,#2583,.T.);
#1021=ORIENTED_EDGE('',*,*,#2584,.T.);
#1022=ORIENTED_EDGE('',*,*,#2498,.F.);
#1023=ORIENTED_EDGE('',*,*,#2585,.T.);
#1024=ORIENTED_EDGE('',*,*,#2586,.T.);
#1025=ORIENTED_EDGE('',*,*,#2573,.T.);
#1026=ORIENTED_EDGE('',*,*,#2587,.T.);
#1027=ORIENTED_EDGE('',*,*,#2570,.T.);
#1028=ORIENTED_EDGE('',*,*,#2588,.T.);
#1029=ORIENTED_EDGE('',*,*,#2589,.T.);
#1030=ORIENTED_EDGE('',*,*,#2590,.T.);
#1031=ORIENTED_EDGE('',*,*,#2591,.T.);
#1032=ORIENTED_EDGE('',*,*,#2592,.T.);
#1033=ORIENTED_EDGE('',*,*,#2576,.T.);
#1034=ORIENTED_EDGE('',*,*,#2559,.T.);
#1035=ORIENTED_EDGE('',*,*,#2593,.T.);
#1036=ORIENTED_EDGE('',*,*,#2594,.T.);
#1037=ORIENTED_EDGE('',*,*,#2595,.F.);
#1038=ORIENTED_EDGE('',*,*,#2504,.F.);
#1039=ORIENTED_EDGE('',*,*,#2571,.F.);
#1040=ORIENTED_EDGE('',*,*,#2590,.F.);
#1041=ORIENTED_EDGE('',*,*,#2596,.F.);
#1042=ORIENTED_EDGE('',*,*,#2587,.F.);
#1043=ORIENTED_EDGE('',*,*,#2572,.F.);
#1044=ORIENTED_EDGE('',*,*,#2506,.F.);
#1045=ORIENTED_EDGE('',*,*,#2597,.T.);
#1046=ORIENTED_EDGE('',*,*,#2598,.T.);
#1047=ORIENTED_EDGE('',*,*,#2531,.T.);
#1048=ORIENTED_EDGE('',*,*,#2578,.T.);
#1049=ORIENTED_EDGE('',*,*,#2539,.F.);
#1050=ORIENTED_EDGE('',*,*,#2599,.T.);
#1051=ORIENTED_EDGE('',*,*,#2600,.T.);
#1052=ORIENTED_EDGE('',*,*,#2601,.T.);
#1053=ORIENTED_EDGE('',*,*,#2471,.T.);
#1054=ORIENTED_EDGE('',*,*,#2602,.T.);
#1055=ORIENTED_EDGE('',*,*,#2478,.T.);
#1056=ORIENTED_EDGE('',*,*,#2603,.T.);
#1057=ORIENTED_EDGE('',*,*,#2481,.T.);
#1058=ORIENTED_EDGE('',*,*,#2487,.F.);
#1059=ORIENTED_EDGE('',*,*,#2445,.T.);
#1060=ORIENTED_EDGE('',*,*,#2485,.F.);
#1061=ORIENTED_EDGE('',*,*,#2469,.T.);
#1062=ORIENTED_EDGE('',*,*,#2604,.T.);
#1063=ORIENTED_EDGE('',*,*,#2456,.T.);
#1064=ORIENTED_EDGE('',*,*,#2454,.T.);
#1065=ORIENTED_EDGE('',*,*,#2452,.T.);
#1066=ORIENTED_EDGE('',*,*,#2450,.T.);
#1067=ORIENTED_EDGE('',*,*,#2551,.F.);
#1068=ORIENTED_EDGE('',*,*,#2555,.F.);
#1069=ORIENTED_EDGE('',*,*,#2591,.F.);
#1070=ORIENTED_EDGE('',*,*,#2605,.T.);
#1071=ORIENTED_EDGE('',*,*,#2582,.F.);
#1072=ORIENTED_EDGE('',*,*,#2606,.T.);
#1073=ORIENTED_EDGE('',*,*,#2585,.F.);
#1074=ORIENTED_EDGE('',*,*,#2596,.T.);
#1075=ORIENTED_EDGE('',*,*,#2505,.F.);
#1076=ORIENTED_EDGE('',*,*,#2595,.T.);
#1077=ORIENTED_EDGE('',*,*,#2589,.F.);
#1078=ORIENTED_EDGE('',*,*,#2607,.T.);
#1079=ORIENTED_EDGE('',*,*,#2553,.F.);
#1080=ORIENTED_EDGE('',*,*,#2549,.F.);
#1081=ORIENTED_EDGE('',*,*,#2593,.F.);
#1082=ORIENTED_EDGE('',*,*,#2558,.F.);
#1083=ORIENTED_EDGE('',*,*,#2608,.F.);
#1084=ORIENTED_EDGE('',*,*,#2597,.F.);
#1085=ORIENTED_EDGE('',*,*,#2609,.T.);
#1086=ORIENTED_EDGE('',*,*,#2608,.T.);
#1087=ORIENTED_EDGE('',*,*,#2569,.F.);
#1088=ORIENTED_EDGE('',*,*,#2610,.F.);
#1089=ORIENTED_EDGE('',*,*,#2610,.T.);
#1090=ORIENTED_EDGE('',*,*,#2560,.F.);
#1091=ORIENTED_EDGE('',*,*,#2532,.F.);
#1092=ORIENTED_EDGE('',*,*,#2598,.F.);
#1093=ORIENTED_EDGE('',*,*,#2611,.F.);
#1094=ORIENTED_EDGE('',*,*,#2499,.F.);
#1095=ORIENTED_EDGE('',*,*,#2584,.F.);
#1096=ORIENTED_EDGE('',*,*,#2612,.T.);
#1097=ORIENTED_EDGE('',*,*,#2600,.F.);
#1098=ORIENTED_EDGE('',*,*,#2566,.F.);
#1099=ORIENTED_EDGE('',*,*,#2611,.T.);
#1100=ORIENTED_EDGE('',*,*,#2613,.F.);
#1101=ORIENTED_EDGE('',*,*,#2538,.F.);
#1102=ORIENTED_EDGE('',*,*,#2564,.F.);
#1103=ORIENTED_EDGE('',*,*,#2613,.T.);
#1104=ORIENTED_EDGE('',*,*,#2599,.F.);
#1105=ORIENTED_EDGE('',*,*,#2577,.F.);
#1106=ORIENTED_EDGE('',*,*,#2592,.F.);
#1107=ORIENTED_EDGE('',*,*,#2607,.F.);
#1108=ORIENTED_EDGE('',*,*,#2588,.F.);
#1109=ORIENTED_EDGE('',*,*,#2603,.F.);
#1110=ORIENTED_EDGE('',*,*,#2477,.F.);
#1111=ORIENTED_EDGE('',*,*,#2522,.F.);
#1112=ORIENTED_EDGE('',*,*,#2482,.F.);
#1113=ORIENTED_EDGE('',*,*,#2574,.F.);
#1114=ORIENTED_EDGE('',*,*,#2586,.F.);
#1115=ORIENTED_EDGE('',*,*,#2606,.F.);
#1116=ORIENTED_EDGE('',*,*,#2581,.F.);
#1117=ORIENTED_EDGE('',*,*,#2604,.F.);
#1118=ORIENTED_EDGE('',*,*,#2468,.F.);
#1119=ORIENTED_EDGE('',*,*,#2521,.F.);
#1120=ORIENTED_EDGE('',*,*,#2472,.F.);
#1121=ORIENTED_EDGE('',*,*,#2479,.F.);
#1122=ORIENTED_EDGE('',*,*,#2602,.F.);
#1123=ORIENTED_EDGE('',*,*,#2475,.F.);
#1124=ORIENTED_EDGE('',*,*,#2458,.F.);
#1125=ORIENTED_EDGE('',*,*,#2494,.F.);
#1126=ORIENTED_EDGE('',*,*,#2463,.F.);
#1127=ORIENTED_EDGE('',*,*,#2609,.F.);
#1128=ORIENTED_EDGE('',*,*,#2601,.F.);
#1129=ORIENTED_EDGE('',*,*,#2612,.F.);
#1130=ORIENTED_EDGE('',*,*,#2583,.F.);
#1131=ORIENTED_EDGE('',*,*,#2605,.F.);
#1132=ORIENTED_EDGE('',*,*,#2594,.F.);
#1133=ORIENTED_EDGE('',*,*,#2614,.F.);
#1134=ORIENTED_EDGE('',*,*,#2615,.T.);
#1135=ORIENTED_EDGE('',*,*,#2615,.F.);
#1136=ORIENTED_EDGE('',*,*,#2616,.F.);
#1137=ORIENTED_EDGE('',*,*,#2617,.T.);
#1138=ORIENTED_EDGE('',*,*,#2618,.F.);
#1139=ORIENTED_EDGE('',*,*,#2619,.F.);
#1140=ORIENTED_EDGE('',*,*,#2620,.T.);
#1141=ORIENTED_EDGE('',*,*,#2621,.T.);
#1142=ORIENTED_EDGE('',*,*,#2622,.F.);
#1143=ORIENTED_EDGE('',*,*,#2623,.F.);
#1144=ORIENTED_EDGE('',*,*,#2618,.T.);
#1145=ORIENTED_EDGE('',*,*,#2624,.T.);
#1146=ORIENTED_EDGE('',*,*,#2625,.F.);
#1147=ORIENTED_EDGE('',*,*,#2626,.F.);
#1148=ORIENTED_EDGE('',*,*,#2622,.T.);
#1149=ORIENTED_EDGE('',*,*,#2627,.T.);
#1150=ORIENTED_EDGE('',*,*,#2628,.F.);
#1151=ORIENTED_EDGE('',*,*,#2629,.F.);
#1152=ORIENTED_EDGE('',*,*,#2625,.T.);
#1153=ORIENTED_EDGE('',*,*,#2630,.T.);
#1154=ORIENTED_EDGE('',*,*,#2631,.F.);
#1155=ORIENTED_EDGE('',*,*,#2632,.F.);
#1156=ORIENTED_EDGE('',*,*,#2633,.T.);
#1157=ORIENTED_EDGE('',*,*,#2634,.T.);
#1158=ORIENTED_EDGE('',*,*,#2635,.F.);
#1159=ORIENTED_EDGE('',*,*,#2636,.F.);
#1160=ORIENTED_EDGE('',*,*,#2637,.T.);
#1161=ORIENTED_EDGE('',*,*,#2638,.T.);
#1162=ORIENTED_EDGE('',*,*,#2633,.F.);
#1163=ORIENTED_EDGE('',*,*,#2639,.F.);
#1164=ORIENTED_EDGE('',*,*,#2640,.T.);
#1165=ORIENTED_EDGE('',*,*,#2641,.T.);
#1166=ORIENTED_EDGE('',*,*,#2640,.F.);
#1167=ORIENTED_EDGE('',*,*,#2642,.F.);
#1168=ORIENTED_EDGE('',*,*,#2635,.T.);
#1169=ORIENTED_EDGE('',*,*,#2643,.T.);
#1170=ORIENTED_EDGE('',*,*,#2644,.F.);
#1171=ORIENTED_EDGE('',*,*,#2645,.F.);
#1172=ORIENTED_EDGE('',*,*,#2646,.T.);
#1173=ORIENTED_EDGE('',*,*,#2647,.T.);
#1174=ORIENTED_EDGE('',*,*,#2648,.F.);
#1175=ORIENTED_EDGE('',*,*,#2649,.F.);
#1176=ORIENTED_EDGE('',*,*,#2650,.T.);
#1177=ORIENTED_EDGE('',*,*,#2651,.T.);
#1178=ORIENTED_EDGE('',*,*,#2646,.F.);
#1179=ORIENTED_EDGE('',*,*,#2652,.F.);
#1180=ORIENTED_EDGE('',*,*,#2653,.T.);
#1181=ORIENTED_EDGE('',*,*,#2654,.T.);
#1182=ORIENTED_EDGE('',*,*,#2653,.F.);
#1183=ORIENTED_EDGE('',*,*,#2655,.F.);
#1184=ORIENTED_EDGE('',*,*,#2648,.T.);
#1185=ORIENTED_EDGE('',*,*,#2656,.T.);
#1186=ORIENTED_EDGE('',*,*,#2657,.F.);
#1187=ORIENTED_EDGE('',*,*,#2658,.F.);
#1188=ORIENTED_EDGE('',*,*,#2659,.T.);
#1189=ORIENTED_EDGE('',*,*,#2660,.T.);
#1190=ORIENTED_EDGE('',*,*,#2661,.F.);
#1191=ORIENTED_EDGE('',*,*,#2662,.F.);
#1192=ORIENTED_EDGE('',*,*,#2663,.T.);
#1193=ORIENTED_EDGE('',*,*,#2664,.T.);
#1194=ORIENTED_EDGE('',*,*,#2659,.F.);
#1195=ORIENTED_EDGE('',*,*,#2665,.F.);
#1196=ORIENTED_EDGE('',*,*,#2666,.T.);
#1197=ORIENTED_EDGE('',*,*,#2667,.T.);
#1198=ORIENTED_EDGE('',*,*,#2666,.F.);
#1199=ORIENTED_EDGE('',*,*,#2668,.F.);
#1200=ORIENTED_EDGE('',*,*,#2661,.T.);
#1201=ORIENTED_EDGE('',*,*,#2669,.T.);
#1202=ORIENTED_EDGE('',*,*,#2670,.F.);
#1203=ORIENTED_EDGE('',*,*,#2671,.F.);
#1204=ORIENTED_EDGE('',*,*,#2672,.T.);
#1205=ORIENTED_EDGE('',*,*,#2673,.T.);
#1206=ORIENTED_EDGE('',*,*,#2674,.F.);
#1207=ORIENTED_EDGE('',*,*,#2675,.F.);
#1208=ORIENTED_EDGE('',*,*,#2676,.T.);
#1209=ORIENTED_EDGE('',*,*,#2677,.T.);
#1210=ORIENTED_EDGE('',*,*,#2676,.F.);
#1211=ORIENTED_EDGE('',*,*,#2678,.F.);
#1212=ORIENTED_EDGE('',*,*,#2670,.T.);
#1213=ORIENTED_EDGE('',*,*,#2679,.T.);
#1214=ORIENTED_EDGE('',*,*,#2680,.F.);
#1215=ORIENTED_EDGE('',*,*,#2681,.F.);
#1216=ORIENTED_EDGE('',*,*,#2682,.T.);
#1217=ORIENTED_EDGE('',*,*,#2683,.T.);
#1218=ORIENTED_EDGE('',*,*,#2684,.F.);
#1219=ORIENTED_EDGE('',*,*,#2685,.F.);
#1220=ORIENTED_EDGE('',*,*,#2680,.T.);
#1221=ORIENTED_EDGE('',*,*,#2686,.T.);
#1222=ORIENTED_EDGE('',*,*,#2687,.F.);
#1223=ORIENTED_EDGE('',*,*,#2688,.F.);
#1224=ORIENTED_EDGE('',*,*,#2689,.T.);
#1225=ORIENTED_EDGE('',*,*,#2690,.T.);
#1226=ORIENTED_EDGE('',*,*,#2689,.F.);
#1227=ORIENTED_EDGE('',*,*,#2691,.F.);
#1228=ORIENTED_EDGE('',*,*,#2684,.T.);
#1229=ORIENTED_EDGE('',*,*,#2692,.T.);
#1230=ORIENTED_EDGE('',*,*,#2693,.F.);
#1231=ORIENTED_EDGE('',*,*,#2694,.F.);
#1232=ORIENTED_EDGE('',*,*,#2695,.T.);
#1233=ORIENTED_EDGE('',*,*,#2696,.T.);
#1234=ORIENTED_EDGE('',*,*,#2697,.F.);
#1235=ORIENTED_EDGE('',*,*,#2698,.F.);
#1236=ORIENTED_EDGE('',*,*,#2693,.T.);
#1237=ORIENTED_EDGE('',*,*,#2699,.T.);
#1238=ORIENTED_EDGE('',*,*,#2700,.F.);
#1239=ORIENTED_EDGE('',*,*,#2701,.F.);
#1240=ORIENTED_EDGE('',*,*,#2702,.T.);
#1241=ORIENTED_EDGE('',*,*,#2703,.T.);
#1242=ORIENTED_EDGE('',*,*,#2702,.F.);
#1243=ORIENTED_EDGE('',*,*,#2704,.F.);
#1244=ORIENTED_EDGE('',*,*,#2697,.T.);
#1245=ORIENTED_EDGE('',*,*,#2705,.T.);
#1246=ORIENTED_EDGE('',*,*,#2706,.F.);
#1247=ORIENTED_EDGE('',*,*,#2707,.F.);
#1248=ORIENTED_EDGE('',*,*,#2708,.T.);
#1249=ORIENTED_EDGE('',*,*,#2709,.T.);
#1250=ORIENTED_EDGE('',*,*,#2710,.F.);
#1251=ORIENTED_EDGE('',*,*,#2711,.F.);
#1252=ORIENTED_EDGE('',*,*,#2706,.T.);
#1253=ORIENTED_EDGE('',*,*,#2712,.T.);
#1254=ORIENTED_EDGE('',*,*,#2713,.F.);
#1255=ORIENTED_EDGE('',*,*,#2714,.F.);
#1256=ORIENTED_EDGE('',*,*,#2715,.T.);
#1257=ORIENTED_EDGE('',*,*,#2716,.T.);
#1258=ORIENTED_EDGE('',*,*,#2715,.F.);
#1259=ORIENTED_EDGE('',*,*,#2717,.F.);
#1260=ORIENTED_EDGE('',*,*,#2710,.T.);
#1261=ORIENTED_EDGE('',*,*,#2718,.T.);
#1262=ORIENTED_EDGE('',*,*,#2719,.F.);
#1263=ORIENTED_EDGE('',*,*,#2720,.F.);
#1264=ORIENTED_EDGE('',*,*,#2721,.T.);
#1265=ORIENTED_EDGE('',*,*,#2722,.T.);
#1266=ORIENTED_EDGE('',*,*,#2723,.F.);
#1267=ORIENTED_EDGE('',*,*,#2724,.F.);
#1268=ORIENTED_EDGE('',*,*,#2719,.T.);
#1269=ORIENTED_EDGE('',*,*,#2725,.T.);
#1270=ORIENTED_EDGE('',*,*,#2726,.F.);
#1271=ORIENTED_EDGE('',*,*,#2727,.F.);
#1272=ORIENTED_EDGE('',*,*,#2728,.T.);
#1273=ORIENTED_EDGE('',*,*,#2729,.T.);
#1274=ORIENTED_EDGE('',*,*,#2728,.F.);
#1275=ORIENTED_EDGE('',*,*,#2730,.F.);
#1276=ORIENTED_EDGE('',*,*,#2723,.T.);
#1277=ORIENTED_EDGE('',*,*,#2731,.T.);
#1278=ORIENTED_EDGE('',*,*,#2732,.F.);
#1279=ORIENTED_EDGE('',*,*,#2733,.F.);
#1280=ORIENTED_EDGE('',*,*,#2734,.T.);
#1281=ORIENTED_EDGE('',*,*,#2735,.T.);
#1282=ORIENTED_EDGE('',*,*,#2736,.F.);
#1283=ORIENTED_EDGE('',*,*,#2737,.F.);
#1284=ORIENTED_EDGE('',*,*,#2738,.T.);
#1285=ORIENTED_EDGE('',*,*,#2739,.T.);
#1286=ORIENTED_EDGE('',*,*,#2734,.F.);
#1287=ORIENTED_EDGE('',*,*,#2740,.F.);
#1288=ORIENTED_EDGE('',*,*,#2741,.T.);
#1289=ORIENTED_EDGE('',*,*,#2742,.T.);
#1290=ORIENTED_EDGE('',*,*,#2741,.F.);
#1291=ORIENTED_EDGE('',*,*,#2743,.F.);
#1292=ORIENTED_EDGE('',*,*,#2744,.T.);
#1293=ORIENTED_EDGE('',*,*,#2745,.T.);
#1294=ORIENTED_EDGE('',*,*,#2746,.F.);
#1295=ORIENTED_EDGE('',*,*,#2747,.F.);
#1296=ORIENTED_EDGE('',*,*,#2748,.T.);
#1297=ORIENTED_EDGE('',*,*,#2749,.T.);
#1298=ORIENTED_EDGE('',*,*,#2750,.F.);
#1299=ORIENTED_EDGE('',*,*,#2751,.F.);
#1300=ORIENTED_EDGE('',*,*,#2752,.T.);
#1301=ORIENTED_EDGE('',*,*,#2753,.T.);
#1302=ORIENTED_EDGE('',*,*,#2754,.F.);
#1303=ORIENTED_EDGE('',*,*,#2755,.F.);
#1304=ORIENTED_EDGE('',*,*,#2750,.T.);
#1305=ORIENTED_EDGE('',*,*,#2756,.T.);
#1306=ORIENTED_EDGE('',*,*,#2748,.F.);
#1307=ORIENTED_EDGE('',*,*,#2757,.F.);
#1308=ORIENTED_EDGE('',*,*,#2758,.T.);
#1309=ORIENTED_EDGE('',*,*,#2759,.T.);
#1310=ORIENTED_EDGE('',*,*,#2760,.F.);
#1311=ORIENTED_EDGE('',*,*,#2761,.F.);
#1312=ORIENTED_EDGE('',*,*,#2762,.T.);
#1313=ORIENTED_EDGE('',*,*,#2763,.T.);
#1314=ORIENTED_EDGE('',*,*,#2764,.F.);
#1315=ORIENTED_EDGE('',*,*,#2765,.F.);
#1316=ORIENTED_EDGE('',*,*,#2766,.T.);
#1317=ORIENTED_EDGE('',*,*,#2767,.T.);
#1318=ORIENTED_EDGE('',*,*,#2768,.F.);
#1319=ORIENTED_EDGE('',*,*,#2769,.F.);
#1320=ORIENTED_EDGE('',*,*,#2764,.T.);
#1321=ORIENTED_EDGE('',*,*,#2770,.T.);
#1322=ORIENTED_EDGE('',*,*,#2762,.F.);
#1323=ORIENTED_EDGE('',*,*,#2771,.F.);
#1324=ORIENTED_EDGE('',*,*,#2772,.T.);
#1325=ORIENTED_EDGE('',*,*,#2773,.T.);
#1326=ORIENTED_EDGE('',*,*,#2774,.F.);
#1327=ORIENTED_EDGE('',*,*,#2775,.F.);
#1328=ORIENTED_EDGE('',*,*,#2776,.T.);
#1329=ORIENTED_EDGE('',*,*,#2777,.T.);
#1330=ORIENTED_EDGE('',*,*,#2778,.F.);
#1331=ORIENTED_EDGE('',*,*,#2779,.F.);
#1332=ORIENTED_EDGE('',*,*,#2780,.T.);
#1333=ORIENTED_EDGE('',*,*,#2781,.T.);
#1334=ORIENTED_EDGE('',*,*,#2782,.F.);
#1335=ORIENTED_EDGE('',*,*,#2783,.F.);
#1336=ORIENTED_EDGE('',*,*,#2778,.T.);
#1337=ORIENTED_EDGE('',*,*,#2784,.T.);
#1338=ORIENTED_EDGE('',*,*,#2776,.F.);
#1339=ORIENTED_EDGE('',*,*,#2785,.F.);
#1340=ORIENTED_EDGE('',*,*,#2786,.T.);
#1341=ORIENTED_EDGE('',*,*,#2787,.T.);
#1342=ORIENTED_EDGE('',*,*,#2788,.F.);
#1343=ORIENTED_EDGE('',*,*,#2789,.F.);
#1344=ORIENTED_EDGE('',*,*,#2790,.T.);
#1345=ORIENTED_EDGE('',*,*,#2791,.T.);
#1346=ORIENTED_EDGE('',*,*,#2792,.F.);
#1347=ORIENTED_EDGE('',*,*,#2793,.F.);
#1348=ORIENTED_EDGE('',*,*,#2794,.T.);
#1349=ORIENTED_EDGE('',*,*,#2795,.T.);
#1350=ORIENTED_EDGE('',*,*,#2796,.F.);
#1351=ORIENTED_EDGE('',*,*,#2797,.F.);
#1352=ORIENTED_EDGE('',*,*,#2792,.T.);
#1353=ORIENTED_EDGE('',*,*,#2798,.T.);
#1354=ORIENTED_EDGE('',*,*,#2790,.F.);
#1355=ORIENTED_EDGE('',*,*,#2799,.F.);
#1356=ORIENTED_EDGE('',*,*,#2800,.T.);
#1357=ORIENTED_EDGE('',*,*,#2801,.T.);
#1358=ORIENTED_EDGE('',*,*,#2802,.F.);
#1359=ORIENTED_EDGE('',*,*,#2803,.F.);
#1360=ORIENTED_EDGE('',*,*,#2804,.T.);
#1361=ORIENTED_EDGE('',*,*,#2805,.T.);
#1362=ORIENTED_EDGE('',*,*,#2806,.F.);
#1363=ORIENTED_EDGE('',*,*,#2807,.F.);
#1364=ORIENTED_EDGE('',*,*,#2808,.T.);
#1365=ORIENTED_EDGE('',*,*,#2809,.T.);
#1366=ORIENTED_EDGE('',*,*,#2810,.F.);
#1367=ORIENTED_EDGE('',*,*,#2811,.F.);
#1368=ORIENTED_EDGE('',*,*,#2806,.T.);
#1369=ORIENTED_EDGE('',*,*,#2812,.T.);
#1370=ORIENTED_EDGE('',*,*,#2804,.F.);
#1371=ORIENTED_EDGE('',*,*,#2813,.F.);
#1372=ORIENTED_EDGE('',*,*,#2814,.T.);
#1373=ORIENTED_EDGE('',*,*,#2815,.T.);
#1374=ORIENTED_EDGE('',*,*,#2816,.F.);
#1375=ORIENTED_EDGE('',*,*,#2817,.F.);
#1376=ORIENTED_EDGE('',*,*,#2818,.T.);
#1377=ORIENTED_EDGE('',*,*,#2819,.T.);
#1378=ORIENTED_EDGE('',*,*,#2820,.F.);
#1379=ORIENTED_EDGE('',*,*,#2821,.F.);
#1380=ORIENTED_EDGE('',*,*,#2822,.T.);
#1381=ORIENTED_EDGE('',*,*,#2823,.T.);
#1382=ORIENTED_EDGE('',*,*,#2824,.F.);
#1383=ORIENTED_EDGE('',*,*,#2825,.F.);
#1384=ORIENTED_EDGE('',*,*,#2820,.T.);
#1385=ORIENTED_EDGE('',*,*,#2826,.T.);
#1386=ORIENTED_EDGE('',*,*,#2818,.F.);
#1387=ORIENTED_EDGE('',*,*,#2827,.F.);
#1388=ORIENTED_EDGE('',*,*,#2828,.T.);
#1389=ORIENTED_EDGE('',*,*,#2829,.T.);
#1390=ORIENTED_EDGE('',*,*,#2830,.F.);
#1391=ORIENTED_EDGE('',*,*,#2831,.F.);
#1392=ORIENTED_EDGE('',*,*,#2832,.T.);
#1393=ORIENTED_EDGE('',*,*,#2833,.T.);
#1394=ORIENTED_EDGE('',*,*,#2834,.F.);
#1395=ORIENTED_EDGE('',*,*,#2835,.F.);
#1396=ORIENTED_EDGE('',*,*,#2836,.T.);
#1397=ORIENTED_EDGE('',*,*,#2837,.T.);
#1398=ORIENTED_EDGE('',*,*,#2838,.F.);
#1399=ORIENTED_EDGE('',*,*,#2839,.F.);
#1400=ORIENTED_EDGE('',*,*,#2834,.T.);
#1401=ORIENTED_EDGE('',*,*,#2840,.T.);
#1402=ORIENTED_EDGE('',*,*,#2832,.F.);
#1403=ORIENTED_EDGE('',*,*,#2841,.F.);
#1404=ORIENTED_EDGE('',*,*,#2842,.T.);
#1405=ORIENTED_EDGE('',*,*,#2843,.T.);
#1406=ORIENTED_EDGE('',*,*,#2844,.F.);
#1407=ORIENTED_EDGE('',*,*,#2845,.F.);
#1408=ORIENTED_EDGE('',*,*,#2846,.T.);
#1409=ORIENTED_EDGE('',*,*,#2847,.T.);
#1410=ORIENTED_EDGE('',*,*,#2848,.F.);
#1411=ORIENTED_EDGE('',*,*,#2849,.F.);
#1412=ORIENTED_EDGE('',*,*,#2850,.T.);
#1413=ORIENTED_EDGE('',*,*,#2851,.T.);
#1414=ORIENTED_EDGE('',*,*,#2852,.F.);
#1415=ORIENTED_EDGE('',*,*,#2853,.F.);
#1416=ORIENTED_EDGE('',*,*,#2848,.T.);
#1417=ORIENTED_EDGE('',*,*,#2854,.T.);
#1418=ORIENTED_EDGE('',*,*,#2855,.F.);
#1419=ORIENTED_EDGE('',*,*,#2856,.F.);
#1420=ORIENTED_EDGE('',*,*,#2852,.T.);
#1421=ORIENTED_EDGE('',*,*,#2857,.T.);
#1422=ORIENTED_EDGE('',*,*,#2858,.F.);
#1423=ORIENTED_EDGE('',*,*,#2859,.F.);
#1424=ORIENTED_EDGE('',*,*,#2860,.T.);
#1425=ORIENTED_EDGE('',*,*,#2861,.T.);
#1426=ORIENTED_EDGE('',*,*,#2862,.F.);
#1427=ORIENTED_EDGE('',*,*,#2863,.F.);
#1428=ORIENTED_EDGE('',*,*,#2864,.T.);
#1429=ORIENTED_EDGE('',*,*,#2865,.T.);
#1430=ORIENTED_EDGE('',*,*,#2866,.F.);
#1431=ORIENTED_EDGE('',*,*,#2867,.F.);
#1432=ORIENTED_EDGE('',*,*,#2862,.T.);
#1433=ORIENTED_EDGE('',*,*,#2868,.T.);
#1434=ORIENTED_EDGE('',*,*,#2869,.F.);
#1435=ORIENTED_EDGE('',*,*,#2870,.F.);
#1436=ORIENTED_EDGE('',*,*,#2866,.T.);
#1437=ORIENTED_EDGE('',*,*,#2871,.T.);
#1438=ORIENTED_EDGE('',*,*,#2872,.F.);
#1439=ORIENTED_EDGE('',*,*,#2873,.F.);
#1440=ORIENTED_EDGE('',*,*,#2874,.T.);
#1441=ORIENTED_EDGE('',*,*,#2875,.T.);
#1442=ORIENTED_EDGE('',*,*,#2876,.F.);
#1443=ORIENTED_EDGE('',*,*,#2877,.F.);
#1444=ORIENTED_EDGE('',*,*,#2878,.T.);
#1445=ORIENTED_EDGE('',*,*,#2879,.T.);
#1446=ORIENTED_EDGE('',*,*,#2874,.F.);
#1447=ORIENTED_EDGE('',*,*,#2880,.F.);
#1448=ORIENTED_EDGE('',*,*,#2881,.T.);
#1449=ORIENTED_EDGE('',*,*,#2882,.T.);
#1450=ORIENTED_EDGE('',*,*,#2883,.F.);
#1451=ORIENTED_EDGE('',*,*,#2884,.F.);
#1452=ORIENTED_EDGE('',*,*,#2876,.T.);
#1453=ORIENTED_EDGE('',*,*,#2885,.T.);
#1454=ORIENTED_EDGE('',*,*,#2886,.F.);
#1455=ORIENTED_EDGE('',*,*,#2887,.F.);
#1456=ORIENTED_EDGE('',*,*,#2888,.T.);
#1457=ORIENTED_EDGE('',*,*,#2889,.T.);
#1458=ORIENTED_EDGE('',*,*,#2890,.F.);
#1459=ORIENTED_EDGE('',*,*,#2891,.F.);
#1460=ORIENTED_EDGE('',*,*,#2892,.T.);
#1461=ORIENTED_EDGE('',*,*,#2893,.T.);
#1462=ORIENTED_EDGE('',*,*,#2888,.F.);
#1463=ORIENTED_EDGE('',*,*,#2894,.F.);
#1464=ORIENTED_EDGE('',*,*,#2895,.T.);
#1465=ORIENTED_EDGE('',*,*,#2896,.T.);
#1466=ORIENTED_EDGE('',*,*,#2897,.F.);
#1467=ORIENTED_EDGE('',*,*,#2898,.F.);
#1468=ORIENTED_EDGE('',*,*,#2890,.T.);
#1469=ORIENTED_EDGE('',*,*,#2899,.T.);
#1470=ORIENTED_EDGE('',*,*,#2900,.F.);
#1471=ORIENTED_EDGE('',*,*,#2901,.F.);
#1472=ORIENTED_EDGE('',*,*,#2902,.T.);
#1473=ORIENTED_EDGE('',*,*,#2903,.T.);
#1474=ORIENTED_EDGE('',*,*,#2904,.F.);
#1475=ORIENTED_EDGE('',*,*,#2905,.F.);
#1476=ORIENTED_EDGE('',*,*,#2906,.T.);
#1477=ORIENTED_EDGE('',*,*,#2907,.T.);
#1478=ORIENTED_EDGE('',*,*,#2902,.F.);
#1479=ORIENTED_EDGE('',*,*,#2908,.F.);
#1480=ORIENTED_EDGE('',*,*,#2909,.T.);
#1481=ORIENTED_EDGE('',*,*,#2910,.T.);
#1482=ORIENTED_EDGE('',*,*,#2911,.F.);
#1483=ORIENTED_EDGE('',*,*,#2912,.F.);
#1484=ORIENTED_EDGE('',*,*,#2904,.T.);
#1485=ORIENTED_EDGE('',*,*,#2913,.T.);
#1486=ORIENTED_EDGE('',*,*,#2914,.F.);
#1487=ORIENTED_EDGE('',*,*,#2915,.F.);
#1488=ORIENTED_EDGE('',*,*,#2916,.T.);
#1489=ORIENTED_EDGE('',*,*,#2917,.T.);
#1490=ORIENTED_EDGE('',*,*,#2918,.F.);
#1491=ORIENTED_EDGE('',*,*,#2919,.F.);
#1492=ORIENTED_EDGE('',*,*,#2920,.T.);
#1493=ORIENTED_EDGE('',*,*,#2921,.T.);
#1494=ORIENTED_EDGE('',*,*,#2916,.F.);
#1495=ORIENTED_EDGE('',*,*,#2922,.F.);
#1496=ORIENTED_EDGE('',*,*,#2923,.T.);
#1497=ORIENTED_EDGE('',*,*,#2924,.T.);
#1498=ORIENTED_EDGE('',*,*,#2925,.F.);
#1499=ORIENTED_EDGE('',*,*,#2926,.F.);
#1500=ORIENTED_EDGE('',*,*,#2918,.T.);
#1501=ORIENTED_EDGE('',*,*,#2927,.T.);
#1502=ORIENTED_EDGE('',*,*,#2928,.F.);
#1503=ORIENTED_EDGE('',*,*,#2929,.F.);
#1504=ORIENTED_EDGE('',*,*,#2930,.T.);
#1505=ORIENTED_EDGE('',*,*,#2931,.T.);
#1506=ORIENTED_EDGE('',*,*,#2932,.F.);
#1507=ORIENTED_EDGE('',*,*,#2933,.F.);
#1508=ORIENTED_EDGE('',*,*,#2934,.T.);
#1509=ORIENTED_EDGE('',*,*,#2935,.T.);
#1510=ORIENTED_EDGE('',*,*,#2930,.F.);
#1511=ORIENTED_EDGE('',*,*,#2936,.F.);
#1512=ORIENTED_EDGE('',*,*,#2937,.T.);
#1513=ORIENTED_EDGE('',*,*,#2938,.T.);
#1514=ORIENTED_EDGE('',*,*,#2939,.F.);
#1515=ORIENTED_EDGE('',*,*,#2940,.F.);
#1516=ORIENTED_EDGE('',*,*,#2932,.T.);
#1517=ORIENTED_EDGE('',*,*,#2941,.T.);
#1518=ORIENTED_EDGE('',*,*,#2942,.F.);
#1519=ORIENTED_EDGE('',*,*,#2943,.F.);
#1520=ORIENTED_EDGE('',*,*,#2944,.T.);
#1521=ORIENTED_EDGE('',*,*,#2945,.T.);
#1522=ORIENTED_EDGE('',*,*,#2946,.F.);
#1523=ORIENTED_EDGE('',*,*,#2947,.F.);
#1524=ORIENTED_EDGE('',*,*,#2948,.T.);
#1525=ORIENTED_EDGE('',*,*,#2949,.T.);
#1526=ORIENTED_EDGE('',*,*,#2944,.F.);
#1527=ORIENTED_EDGE('',*,*,#2950,.F.);
#1528=ORIENTED_EDGE('',*,*,#2951,.T.);
#1529=ORIENTED_EDGE('',*,*,#2952,.T.);
#1530=ORIENTED_EDGE('',*,*,#2953,.F.);
#1531=ORIENTED_EDGE('',*,*,#2954,.F.);
#1532=ORIENTED_EDGE('',*,*,#2946,.T.);
#1533=ORIENTED_EDGE('',*,*,#2955,.T.);
#1534=ORIENTED_EDGE('',*,*,#2956,.F.);
#1535=ORIENTED_EDGE('',*,*,#2957,.F.);
#1536=ORIENTED_EDGE('',*,*,#2958,.T.);
#1537=ORIENTED_EDGE('',*,*,#2959,.T.);
#1538=ORIENTED_EDGE('',*,*,#2960,.F.);
#1539=ORIENTED_EDGE('',*,*,#2961,.F.);
#1540=ORIENTED_EDGE('',*,*,#2962,.T.);
#1541=ORIENTED_EDGE('',*,*,#2963,.T.);
#1542=ORIENTED_EDGE('',*,*,#2958,.F.);
#1543=ORIENTED_EDGE('',*,*,#2964,.F.);
#1544=ORIENTED_EDGE('',*,*,#2965,.T.);
#1545=ORIENTED_EDGE('',*,*,#2966,.T.);
#1546=ORIENTED_EDGE('',*,*,#2965,.F.);
#1547=ORIENTED_EDGE('',*,*,#2967,.F.);
#1548=ORIENTED_EDGE('',*,*,#2968,.T.);
#1549=ORIENTED_EDGE('',*,*,#2969,.T.);
#1550=ORIENTED_EDGE('',*,*,#2970,.F.);
#1551=ORIENTED_EDGE('',*,*,#2971,.F.);
#1552=ORIENTED_EDGE('',*,*,#2972,.T.);
#1553=ORIENTED_EDGE('',*,*,#2973,.T.);
#1554=ORIENTED_EDGE('',*,*,#2974,.F.);
#1555=ORIENTED_EDGE('',*,*,#2975,.F.);
#1556=ORIENTED_EDGE('',*,*,#2976,.T.);
#1557=ORIENTED_EDGE('',*,*,#2977,.T.);
#1558=ORIENTED_EDGE('',*,*,#2972,.F.);
#1559=ORIENTED_EDGE('',*,*,#2978,.F.);
#1560=ORIENTED_EDGE('',*,*,#2979,.T.);
#1561=ORIENTED_EDGE('',*,*,#2980,.T.);
#1562=ORIENTED_EDGE('',*,*,#2981,.F.);
#1563=ORIENTED_EDGE('',*,*,#2982,.F.);
#1564=ORIENTED_EDGE('',*,*,#2974,.T.);
#1565=ORIENTED_EDGE('',*,*,#2983,.T.);
#1566=ORIENTED_EDGE('',*,*,#2979,.F.);
#1567=ORIENTED_EDGE('',*,*,#2984,.F.);
#1568=ORIENTED_EDGE('',*,*,#2981,.T.);
#1569=ORIENTED_EDGE('',*,*,#2985,.T.);
#1570=ORIENTED_EDGE('',*,*,#2986,.F.);
#1571=ORIENTED_EDGE('',*,*,#2987,.F.);
#1572=ORIENTED_EDGE('',*,*,#2988,.T.);
#1573=ORIENTED_EDGE('',*,*,#2989,.T.);
#1574=ORIENTED_EDGE('',*,*,#2990,.F.);
#1575=ORIENTED_EDGE('',*,*,#2991,.F.);
#1576=ORIENTED_EDGE('',*,*,#2992,.T.);
#1577=ORIENTED_EDGE('',*,*,#2993,.T.);
#1578=ORIENTED_EDGE('',*,*,#2994,.F.);
#1579=ORIENTED_EDGE('',*,*,#2995,.F.);
#1580=ORIENTED_EDGE('',*,*,#2986,.T.);
#1581=ORIENTED_EDGE('',*,*,#2996,.T.);
#1582=ORIENTED_EDGE('',*,*,#2992,.F.);
#1583=ORIENTED_EDGE('',*,*,#2997,.F.);
#1584=ORIENTED_EDGE('',*,*,#2994,.T.);
#1585=ORIENTED_EDGE('',*,*,#2998,.T.);
#1586=ORIENTED_EDGE('',*,*,#2999,.F.);
#1587=ORIENTED_EDGE('',*,*,#3000,.F.);
#1588=ORIENTED_EDGE('',*,*,#3001,.T.);
#1589=ORIENTED_EDGE('',*,*,#3002,.T.);
#1590=ORIENTED_EDGE('',*,*,#3003,.F.);
#1591=ORIENTED_EDGE('',*,*,#3004,.F.);
#1592=ORIENTED_EDGE('',*,*,#3005,.T.);
#1593=ORIENTED_EDGE('',*,*,#3006,.T.);
#1594=ORIENTED_EDGE('',*,*,#3007,.F.);
#1595=ORIENTED_EDGE('',*,*,#3008,.F.);
#1596=ORIENTED_EDGE('',*,*,#2999,.T.);
#1597=ORIENTED_EDGE('',*,*,#3009,.T.);
#1598=ORIENTED_EDGE('',*,*,#3005,.F.);
#1599=ORIENTED_EDGE('',*,*,#3010,.F.);
#1600=ORIENTED_EDGE('',*,*,#3007,.T.);
#1601=ORIENTED_EDGE('',*,*,#3011,.T.);
#1602=ORIENTED_EDGE('',*,*,#3012,.F.);
#1603=ORIENTED_EDGE('',*,*,#3013,.F.);
#1604=ORIENTED_EDGE('',*,*,#3014,.T.);
#1605=ORIENTED_EDGE('',*,*,#3015,.T.);
#1606=ORIENTED_EDGE('',*,*,#3016,.F.);
#1607=ORIENTED_EDGE('',*,*,#3017,.F.);
#1608=ORIENTED_EDGE('',*,*,#3018,.T.);
#1609=ORIENTED_EDGE('',*,*,#3019,.T.);
#1610=ORIENTED_EDGE('',*,*,#3020,.F.);
#1611=ORIENTED_EDGE('',*,*,#3021,.F.);
#1612=ORIENTED_EDGE('',*,*,#3012,.T.);
#1613=ORIENTED_EDGE('',*,*,#3022,.T.);
#1614=ORIENTED_EDGE('',*,*,#3018,.F.);
#1615=ORIENTED_EDGE('',*,*,#3023,.F.);
#1616=ORIENTED_EDGE('',*,*,#3020,.T.);
#1617=ORIENTED_EDGE('',*,*,#3024,.T.);
#1618=ORIENTED_EDGE('',*,*,#3025,.F.);
#1619=ORIENTED_EDGE('',*,*,#3026,.F.);
#1620=ORIENTED_EDGE('',*,*,#3027,.T.);
#1621=ORIENTED_EDGE('',*,*,#3028,.T.);
#1622=ORIENTED_EDGE('',*,*,#3029,.F.);
#1623=ORIENTED_EDGE('',*,*,#3030,.F.);
#1624=ORIENTED_EDGE('',*,*,#3031,.T.);
#1625=ORIENTED_EDGE('',*,*,#3032,.T.);
#1626=ORIENTED_EDGE('',*,*,#3033,.F.);
#1627=ORIENTED_EDGE('',*,*,#3034,.F.);
#1628=ORIENTED_EDGE('',*,*,#3025,.T.);
#1629=ORIENTED_EDGE('',*,*,#3035,.T.);
#1630=ORIENTED_EDGE('',*,*,#3031,.F.);
#1631=ORIENTED_EDGE('',*,*,#3036,.F.);
#1632=ORIENTED_EDGE('',*,*,#3033,.T.);
#1633=ORIENTED_EDGE('',*,*,#3037,.T.);
#1634=ORIENTED_EDGE('',*,*,#3038,.F.);
#1635=ORIENTED_EDGE('',*,*,#3039,.F.);
#1636=ORIENTED_EDGE('',*,*,#3040,.T.);
#1637=ORIENTED_EDGE('',*,*,#3041,.T.);
#1638=ORIENTED_EDGE('',*,*,#3040,.F.);
#1639=ORIENTED_EDGE('',*,*,#3042,.F.);
#1640=ORIENTED_EDGE('',*,*,#3043,.T.);
#1641=ORIENTED_EDGE('',*,*,#3044,.T.);
#1642=ORIENTED_EDGE('',*,*,#3045,.F.);
#1643=ORIENTED_EDGE('',*,*,#3046,.F.);
#1644=ORIENTED_EDGE('',*,*,#3047,.T.);
#1645=ORIENTED_EDGE('',*,*,#3048,.T.);
#1646=ORIENTED_EDGE('',*,*,#3043,.F.);
#1647=ORIENTED_EDGE('',*,*,#3049,.F.);
#1648=ORIENTED_EDGE('',*,*,#3045,.T.);
#1649=ORIENTED_EDGE('',*,*,#3050,.T.);
#1650=ORIENTED_EDGE('',*,*,#3051,.F.);
#1651=ORIENTED_EDGE('',*,*,#3052,.F.);
#1652=ORIENTED_EDGE('',*,*,#3053,.T.);
#1653=ORIENTED_EDGE('',*,*,#3054,.T.);
#1654=ORIENTED_EDGE('',*,*,#3053,.F.);
#1655=ORIENTED_EDGE('',*,*,#3055,.F.);
#1656=ORIENTED_EDGE('',*,*,#3056,.T.);
#1657=ORIENTED_EDGE('',*,*,#3057,.T.);
#1658=ORIENTED_EDGE('',*,*,#3058,.F.);
#1659=ORIENTED_EDGE('',*,*,#3059,.F.);
#1660=ORIENTED_EDGE('',*,*,#3060,.T.);
#1661=ORIENTED_EDGE('',*,*,#3061,.T.);
#1662=ORIENTED_EDGE('',*,*,#3056,.F.);
#1663=ORIENTED_EDGE('',*,*,#3062,.F.);
#1664=ORIENTED_EDGE('',*,*,#3058,.T.);
#1665=ORIENTED_EDGE('',*,*,#3063,.T.);
#1666=ORIENTED_EDGE('',*,*,#3064,.F.);
#1667=ORIENTED_EDGE('',*,*,#3065,.F.);
#1668=ORIENTED_EDGE('',*,*,#3066,.T.);
#1669=ORIENTED_EDGE('',*,*,#3067,.T.);
#1670=ORIENTED_EDGE('',*,*,#3066,.F.);
#1671=ORIENTED_EDGE('',*,*,#3068,.F.);
#1672=ORIENTED_EDGE('',*,*,#3069,.T.);
#1673=ORIENTED_EDGE('',*,*,#3070,.T.);
#1674=ORIENTED_EDGE('',*,*,#3071,.F.);
#1675=ORIENTED_EDGE('',*,*,#3072,.F.);
#1676=ORIENTED_EDGE('',*,*,#3073,.T.);
#1677=ORIENTED_EDGE('',*,*,#3074,.T.);
#1678=ORIENTED_EDGE('',*,*,#3069,.F.);
#1679=ORIENTED_EDGE('',*,*,#3075,.F.);
#1680=ORIENTED_EDGE('',*,*,#3071,.T.);
#1681=ORIENTED_EDGE('',*,*,#3076,.T.);
#1682=ORIENTED_EDGE('',*,*,#3077,.F.);
#1683=ORIENTED_EDGE('',*,*,#3078,.F.);
#1684=ORIENTED_EDGE('',*,*,#3079,.T.);
#1685=ORIENTED_EDGE('',*,*,#3080,.T.);
#1686=ORIENTED_EDGE('',*,*,#3079,.F.);
#1687=ORIENTED_EDGE('',*,*,#3081,.F.);
#1688=ORIENTED_EDGE('',*,*,#3082,.T.);
#1689=ORIENTED_EDGE('',*,*,#3083,.T.);
#1690=ORIENTED_EDGE('',*,*,#3084,.F.);
#1691=ORIENTED_EDGE('',*,*,#3085,.F.);
#1692=ORIENTED_EDGE('',*,*,#3086,.T.);
#1693=ORIENTED_EDGE('',*,*,#3087,.T.);
#1694=ORIENTED_EDGE('',*,*,#3082,.F.);
#1695=ORIENTED_EDGE('',*,*,#3088,.F.);
#1696=ORIENTED_EDGE('',*,*,#3084,.T.);
#1697=ORIENTED_EDGE('',*,*,#3089,.T.);
#1698=ORIENTED_EDGE('',*,*,#3090,.F.);
#1699=ORIENTED_EDGE('',*,*,#3091,.F.);
#1700=ORIENTED_EDGE('',*,*,#3092,.T.);
#1701=ORIENTED_EDGE('',*,*,#3093,.T.);
#1702=ORIENTED_EDGE('',*,*,#3094,.F.);
#1703=ORIENTED_EDGE('',*,*,#3095,.F.);
#1704=ORIENTED_EDGE('',*,*,#3090,.T.);
#1705=ORIENTED_EDGE('',*,*,#3096,.T.);
#1706=ORIENTED_EDGE('',*,*,#3097,.F.);
#1707=ORIENTED_EDGE('',*,*,#3098,.F.);
#1708=ORIENTED_EDGE('',*,*,#3094,.T.);
#1709=ORIENTED_EDGE('',*,*,#3099,.T.);
#1710=ORIENTED_EDGE('',*,*,#3100,.F.);
#1711=ORIENTED_EDGE('',*,*,#3101,.F.);
#1712=ORIENTED_EDGE('',*,*,#3097,.T.);
#1713=ORIENTED_EDGE('',*,*,#3102,.T.);
#1714=ORIENTED_EDGE('',*,*,#3103,.F.);
#1715=ORIENTED_EDGE('',*,*,#3104,.F.);
#1716=ORIENTED_EDGE('',*,*,#3100,.T.);
#1717=ORIENTED_EDGE('',*,*,#3105,.T.);
#1718=ORIENTED_EDGE('',*,*,#2616,.T.);
#1719=ORIENTED_EDGE('',*,*,#3106,.F.);
#1720=ORIENTED_EDGE('',*,*,#3089,.F.);
#1721=ORIENTED_EDGE('',*,*,#3107,.T.);
#1722=ORIENTED_EDGE('',*,*,#2843,.F.);
#1723=ORIENTED_EDGE('',*,*,#3108,.F.);
#1724=ORIENTED_EDGE('',*,*,#2854,.F.);
#1725=ORIENTED_EDGE('',*,*,#2851,.F.);
#1726=ORIENTED_EDGE('',*,*,#2847,.F.);
#1727=ORIENTED_EDGE('',*,*,#3109,.T.);
#1728=ORIENTED_EDGE('',*,*,#2857,.F.);
#1729=ORIENTED_EDGE('',*,*,#3110,.F.);
#1730=ORIENTED_EDGE('',*,*,#2868,.F.);
#1731=ORIENTED_EDGE('',*,*,#2865,.F.);
#1732=ORIENTED_EDGE('',*,*,#2861,.F.);
#1733=ORIENTED_EDGE('',*,*,#3111,.T.);
#1734=ORIENTED_EDGE('',*,*,#2829,.F.);
#1735=ORIENTED_EDGE('',*,*,#2840,.F.);
#1736=ORIENTED_EDGE('',*,*,#3112,.F.);
#1737=ORIENTED_EDGE('',*,*,#2837,.F.);
#1738=ORIENTED_EDGE('',*,*,#2833,.F.);
#1739=ORIENTED_EDGE('',*,*,#3113,.T.);
#1740=ORIENTED_EDGE('',*,*,#2871,.F.);
#1741=ORIENTED_EDGE('',*,*,#2879,.F.);
#1742=ORIENTED_EDGE('',*,*,#3114,.F.);
#1743=ORIENTED_EDGE('',*,*,#2882,.F.);
#1744=ORIENTED_EDGE('',*,*,#2875,.F.);
#1745=ORIENTED_EDGE('',*,*,#3115,.T.);
#1746=ORIENTED_EDGE('',*,*,#2815,.F.);
#1747=ORIENTED_EDGE('',*,*,#2826,.F.);
#1748=ORIENTED_EDGE('',*,*,#3116,.F.);
#1749=ORIENTED_EDGE('',*,*,#2823,.F.);
#1750=ORIENTED_EDGE('',*,*,#2819,.F.);
#1751=ORIENTED_EDGE('',*,*,#3117,.T.);
#1752=ORIENTED_EDGE('',*,*,#2885,.F.);
#1753=ORIENTED_EDGE('',*,*,#2893,.F.);
#1754=ORIENTED_EDGE('',*,*,#3118,.F.);
#1755=ORIENTED_EDGE('',*,*,#2896,.F.);
#1756=ORIENTED_EDGE('',*,*,#2889,.F.);
#1757=ORIENTED_EDGE('',*,*,#3119,.T.);
#1758=ORIENTED_EDGE('',*,*,#2801,.F.);
#1759=ORIENTED_EDGE('',*,*,#2812,.F.);
#1760=ORIENTED_EDGE('',*,*,#3120,.F.);
#1761=ORIENTED_EDGE('',*,*,#2809,.F.);
#1762=ORIENTED_EDGE('',*,*,#2805,.F.);
#1763=ORIENTED_EDGE('',*,*,#3121,.T.);
#1764=ORIENTED_EDGE('',*,*,#2899,.F.);
#1765=ORIENTED_EDGE('',*,*,#2907,.F.);
#1766=ORIENTED_EDGE('',*,*,#3122,.F.);
#1767=ORIENTED_EDGE('',*,*,#2910,.F.);
#1768=ORIENTED_EDGE('',*,*,#2903,.F.);
#1769=ORIENTED_EDGE('',*,*,#3123,.T.);
#1770=ORIENTED_EDGE('',*,*,#2787,.F.);
#1771=ORIENTED_EDGE('',*,*,#2798,.F.);
#1772=ORIENTED_EDGE('',*,*,#3124,.F.);
#1773=ORIENTED_EDGE('',*,*,#2795,.F.);
#1774=ORIENTED_EDGE('',*,*,#2791,.F.);
#1775=ORIENTED_EDGE('',*,*,#3125,.T.);
#1776=ORIENTED_EDGE('',*,*,#2913,.F.);
#1777=ORIENTED_EDGE('',*,*,#2921,.F.);
#1778=ORIENTED_EDGE('',*,*,#3126,.F.);
#1779=ORIENTED_EDGE('',*,*,#2924,.F.);
#1780=ORIENTED_EDGE('',*,*,#2917,.F.);
#1781=ORIENTED_EDGE('',*,*,#3127,.T.);
#1782=ORIENTED_EDGE('',*,*,#2773,.F.);
#1783=ORIENTED_EDGE('',*,*,#2784,.F.);
#1784=ORIENTED_EDGE('',*,*,#3128,.F.);
#1785=ORIENTED_EDGE('',*,*,#2781,.F.);
#1786=ORIENTED_EDGE('',*,*,#2777,.F.);
#1787=ORIENTED_EDGE('',*,*,#3129,.T.);
#1788=ORIENTED_EDGE('',*,*,#2927,.F.);
#1789=ORIENTED_EDGE('',*,*,#2935,.F.);
#1790=ORIENTED_EDGE('',*,*,#3130,.F.);
#1791=ORIENTED_EDGE('',*,*,#2938,.F.);
#1792=ORIENTED_EDGE('',*,*,#2931,.F.);
#1793=ORIENTED_EDGE('',*,*,#3131,.T.);
#1794=ORIENTED_EDGE('',*,*,#2759,.F.);
#1795=ORIENTED_EDGE('',*,*,#2770,.F.);
#1796=ORIENTED_EDGE('',*,*,#3132,.F.);
#1797=ORIENTED_EDGE('',*,*,#2767,.F.);
#1798=ORIENTED_EDGE('',*,*,#2763,.F.);
#1799=ORIENTED_EDGE('',*,*,#3133,.T.);
#1800=ORIENTED_EDGE('',*,*,#2941,.F.);
#1801=ORIENTED_EDGE('',*,*,#2949,.F.);
#1802=ORIENTED_EDGE('',*,*,#3134,.F.);
#1803=ORIENTED_EDGE('',*,*,#2952,.F.);
#1804=ORIENTED_EDGE('',*,*,#2945,.F.);
#1805=ORIENTED_EDGE('',*,*,#3135,.T.);
#1806=ORIENTED_EDGE('',*,*,#2745,.F.);
#1807=ORIENTED_EDGE('',*,*,#2756,.F.);
#1808=ORIENTED_EDGE('',*,*,#3136,.F.);
#1809=ORIENTED_EDGE('',*,*,#2753,.F.);
#1810=ORIENTED_EDGE('',*,*,#2749,.F.);
#1811=ORIENTED_EDGE('',*,*,#3137,.T.);
#1812=ORIENTED_EDGE('',*,*,#2955,.F.);
#1813=ORIENTED_EDGE('',*,*,#2963,.F.);
#1814=ORIENTED_EDGE('',*,*,#2966,.F.);
#1815=ORIENTED_EDGE('',*,*,#3138,.F.);
#1816=ORIENTED_EDGE('',*,*,#2959,.F.);
#1817=ORIENTED_EDGE('',*,*,#3139,.T.);
#1818=ORIENTED_EDGE('',*,*,#2731,.F.);
#1819=ORIENTED_EDGE('',*,*,#2739,.F.);
#1820=ORIENTED_EDGE('',*,*,#2742,.F.);
#1821=ORIENTED_EDGE('',*,*,#3140,.F.);
#1822=ORIENTED_EDGE('',*,*,#2735,.F.);
#1823=ORIENTED_EDGE('',*,*,#3141,.T.);
#1824=ORIENTED_EDGE('',*,*,#2969,.F.);
#1825=ORIENTED_EDGE('',*,*,#2977,.F.);
#1826=ORIENTED_EDGE('',*,*,#2983,.F.);
#1827=ORIENTED_EDGE('',*,*,#2980,.F.);
#1828=ORIENTED_EDGE('',*,*,#2973,.F.);
#1829=ORIENTED_EDGE('',*,*,#3142,.T.);
#1830=ORIENTED_EDGE('',*,*,#3143,.F.);
#1831=ORIENTED_EDGE('',*,*,#2725,.F.);
#1832=ORIENTED_EDGE('',*,*,#2729,.F.);
#1833=ORIENTED_EDGE('',*,*,#2722,.F.);
#1834=ORIENTED_EDGE('',*,*,#2718,.F.);
#1835=ORIENTED_EDGE('',*,*,#3144,.T.);
#1836=ORIENTED_EDGE('',*,*,#3145,.F.);
#1837=ORIENTED_EDGE('',*,*,#2989,.F.);
#1838=ORIENTED_EDGE('',*,*,#2996,.F.);
#1839=ORIENTED_EDGE('',*,*,#2993,.F.);
#1840=ORIENTED_EDGE('',*,*,#2985,.F.);
#1841=ORIENTED_EDGE('',*,*,#3146,.T.);
#1842=ORIENTED_EDGE('',*,*,#3147,.F.);
#1843=ORIENTED_EDGE('',*,*,#2712,.F.);
#1844=ORIENTED_EDGE('',*,*,#2716,.F.);
#1845=ORIENTED_EDGE('',*,*,#2709,.F.);
#1846=ORIENTED_EDGE('',*,*,#2705,.F.);
#1847=ORIENTED_EDGE('',*,*,#3148,.T.);
#1848=ORIENTED_EDGE('',*,*,#3149,.F.);
#1849=ORIENTED_EDGE('',*,*,#3002,.F.);
#1850=ORIENTED_EDGE('',*,*,#3009,.F.);
#1851=ORIENTED_EDGE('',*,*,#3006,.F.);
#1852=ORIENTED_EDGE('',*,*,#2998,.F.);
#1853=ORIENTED_EDGE('',*,*,#3150,.T.);
#1854=ORIENTED_EDGE('',*,*,#3151,.F.);
#1855=ORIENTED_EDGE('',*,*,#2699,.F.);
#1856=ORIENTED_EDGE('',*,*,#2703,.F.);
#1857=ORIENTED_EDGE('',*,*,#2696,.F.);
#1858=ORIENTED_EDGE('',*,*,#2692,.F.);
#1859=ORIENTED_EDGE('',*,*,#3152,.T.);
#1860=ORIENTED_EDGE('',*,*,#3153,.F.);
#1861=ORIENTED_EDGE('',*,*,#3015,.F.);
#1862=ORIENTED_EDGE('',*,*,#3022,.F.);
#1863=ORIENTED_EDGE('',*,*,#3019,.F.);
#1864=ORIENTED_EDGE('',*,*,#3011,.F.);
#1865=ORIENTED_EDGE('',*,*,#3154,.T.);
#1866=ORIENTED_EDGE('',*,*,#3155,.F.);
#1867=ORIENTED_EDGE('',*,*,#2686,.F.);
#1868=ORIENTED_EDGE('',*,*,#2690,.F.);
#1869=ORIENTED_EDGE('',*,*,#2683,.F.);
#1870=ORIENTED_EDGE('',*,*,#2679,.F.);
#1871=ORIENTED_EDGE('',*,*,#3156,.T.);
#1872=ORIENTED_EDGE('',*,*,#3157,.F.);
#1873=ORIENTED_EDGE('',*,*,#3028,.F.);
#1874=ORIENTED_EDGE('',*,*,#3035,.F.);
#1875=ORIENTED_EDGE('',*,*,#3032,.F.);
#1876=ORIENTED_EDGE('',*,*,#3024,.F.);
#1877=ORIENTED_EDGE('',*,*,#3158,.T.);
#1878=ORIENTED_EDGE('',*,*,#3159,.F.);
#1879=ORIENTED_EDGE('',*,*,#2673,.F.);
#1880=ORIENTED_EDGE('',*,*,#2677,.F.);
#1881=ORIENTED_EDGE('',*,*,#2669,.F.);
#1882=ORIENTED_EDGE('',*,*,#3160,.F.);
#1883=ORIENTED_EDGE('',*,*,#3161,.T.);
#1884=ORIENTED_EDGE('',*,*,#3037,.F.);
#1885=ORIENTED_EDGE('',*,*,#3041,.F.);
#1886=ORIENTED_EDGE('',*,*,#3048,.F.);
#1887=ORIENTED_EDGE('',*,*,#3044,.F.);
#1888=ORIENTED_EDGE('',*,*,#3162,.F.);
#1889=ORIENTED_EDGE('',*,*,#3163,.T.);
#1890=ORIENTED_EDGE('',*,*,#2656,.F.);
#1891=ORIENTED_EDGE('',*,*,#2664,.F.);
#1892=ORIENTED_EDGE('',*,*,#2667,.F.);
#1893=ORIENTED_EDGE('',*,*,#2660,.F.);
#1894=ORIENTED_EDGE('',*,*,#3164,.F.);
#1895=ORIENTED_EDGE('',*,*,#3165,.T.);
#1896=ORIENTED_EDGE('',*,*,#3050,.F.);
#1897=ORIENTED_EDGE('',*,*,#3054,.F.);
#1898=ORIENTED_EDGE('',*,*,#3061,.F.);
#1899=ORIENTED_EDGE('',*,*,#3057,.F.);
#1900=ORIENTED_EDGE('',*,*,#3166,.F.);
#1901=ORIENTED_EDGE('',*,*,#3167,.T.);
#1902=ORIENTED_EDGE('',*,*,#2643,.F.);
#1903=ORIENTED_EDGE('',*,*,#2651,.F.);
#1904=ORIENTED_EDGE('',*,*,#2654,.F.);
#1905=ORIENTED_EDGE('',*,*,#2647,.F.);
#1906=ORIENTED_EDGE('',*,*,#3168,.F.);
#1907=ORIENTED_EDGE('',*,*,#3169,.T.);
#1908=ORIENTED_EDGE('',*,*,#3063,.F.);
#1909=ORIENTED_EDGE('',*,*,#3067,.F.);
#1910=ORIENTED_EDGE('',*,*,#3074,.F.);
#1911=ORIENTED_EDGE('',*,*,#3070,.F.);
#1912=ORIENTED_EDGE('',*,*,#3170,.F.);
#1913=ORIENTED_EDGE('',*,*,#3171,.T.);
#1914=ORIENTED_EDGE('',*,*,#2630,.F.);
#1915=ORIENTED_EDGE('',*,*,#2638,.F.);
#1916=ORIENTED_EDGE('',*,*,#2641,.F.);
#1917=ORIENTED_EDGE('',*,*,#2634,.F.);
#1918=ORIENTED_EDGE('',*,*,#3172,.F.);
#1919=ORIENTED_EDGE('',*,*,#3173,.T.);
#1920=ORIENTED_EDGE('',*,*,#3076,.F.);
#1921=ORIENTED_EDGE('',*,*,#3080,.F.);
#1922=ORIENTED_EDGE('',*,*,#3087,.F.);
#1923=ORIENTED_EDGE('',*,*,#3083,.F.);
#1924=ORIENTED_EDGE('',*,*,#3174,.F.);
#1925=ORIENTED_EDGE('',*,*,#3175,.T.);
#1926=ORIENTED_EDGE('',*,*,#2627,.F.);
#1927=ORIENTED_EDGE('',*,*,#2624,.F.);
#1928=ORIENTED_EDGE('',*,*,#2621,.F.);
#1929=ORIENTED_EDGE('',*,*,#2617,.F.);
#1930=ORIENTED_EDGE('',*,*,#3176,.F.);
#1931=ORIENTED_EDGE('',*,*,#3177,.T.);
#1932=ORIENTED_EDGE('',*,*,#3102,.F.);
#1933=ORIENTED_EDGE('',*,*,#3099,.F.);
#1934=ORIENTED_EDGE('',*,*,#3096,.F.);
#1935=ORIENTED_EDGE('',*,*,#3093,.F.);
#1936=ORIENTED_EDGE('',*,*,#3178,.T.);
#1937=ORIENTED_EDGE('',*,*,#2844,.T.);
#1938=ORIENTED_EDGE('',*,*,#3107,.F.);
#1939=ORIENTED_EDGE('',*,*,#3092,.F.);
#1940=ORIENTED_EDGE('',*,*,#3179,.T.);
#1941=ORIENTED_EDGE('',*,*,#3104,.T.);
#1942=ORIENTED_EDGE('',*,*,#3180,.F.);
#1943=ORIENTED_EDGE('',*,*,#3181,.T.);
#1944=ORIENTED_EDGE('',*,*,#2619,.T.);
#1945=ORIENTED_EDGE('',*,*,#2623,.T.);
#1946=ORIENTED_EDGE('',*,*,#2626,.T.);
#1947=ORIENTED_EDGE('',*,*,#2629,.T.);
#1948=ORIENTED_EDGE('',*,*,#3182,.F.);
#1949=ORIENTED_EDGE('',*,*,#3183,.T.);
#1950=ORIENTED_EDGE('',*,*,#3085,.T.);
#1951=ORIENTED_EDGE('',*,*,#3088,.T.);
#1952=ORIENTED_EDGE('',*,*,#3081,.T.);
#1953=ORIENTED_EDGE('',*,*,#3078,.T.);
#1954=ORIENTED_EDGE('',*,*,#3184,.F.);
#1955=ORIENTED_EDGE('',*,*,#3185,.T.);
#1956=ORIENTED_EDGE('',*,*,#2636,.T.);
#1957=ORIENTED_EDGE('',*,*,#2642,.T.);
#1958=ORIENTED_EDGE('',*,*,#2639,.T.);
#1959=ORIENTED_EDGE('',*,*,#2632,.T.);
#1960=ORIENTED_EDGE('',*,*,#3186,.F.);
#1961=ORIENTED_EDGE('',*,*,#3187,.T.);
#1962=ORIENTED_EDGE('',*,*,#3072,.T.);
#1963=ORIENTED_EDGE('',*,*,#3075,.T.);
#1964=ORIENTED_EDGE('',*,*,#3068,.T.);
#1965=ORIENTED_EDGE('',*,*,#3065,.T.);
#1966=ORIENTED_EDGE('',*,*,#3188,.F.);
#1967=ORIENTED_EDGE('',*,*,#3189,.T.);
#1968=ORIENTED_EDGE('',*,*,#2649,.T.);
#1969=ORIENTED_EDGE('',*,*,#2655,.T.);
#1970=ORIENTED_EDGE('',*,*,#2652,.T.);
#1971=ORIENTED_EDGE('',*,*,#2645,.T.);
#1972=ORIENTED_EDGE('',*,*,#3190,.F.);
#1973=ORIENTED_EDGE('',*,*,#3191,.T.);
#1974=ORIENTED_EDGE('',*,*,#3059,.T.);
#1975=ORIENTED_EDGE('',*,*,#3062,.T.);
#1976=ORIENTED_EDGE('',*,*,#3055,.T.);
#1977=ORIENTED_EDGE('',*,*,#3052,.T.);
#1978=ORIENTED_EDGE('',*,*,#3192,.F.);
#1979=ORIENTED_EDGE('',*,*,#3193,.T.);
#1980=ORIENTED_EDGE('',*,*,#2662,.T.);
#1981=ORIENTED_EDGE('',*,*,#2668,.T.);
#1982=ORIENTED_EDGE('',*,*,#2665,.T.);
#1983=ORIENTED_EDGE('',*,*,#2658,.T.);
#1984=ORIENTED_EDGE('',*,*,#3194,.F.);
#1985=ORIENTED_EDGE('',*,*,#3195,.T.);
#1986=ORIENTED_EDGE('',*,*,#3046,.T.);
#1987=ORIENTED_EDGE('',*,*,#3049,.T.);
#1988=ORIENTED_EDGE('',*,*,#3042,.T.);
#1989=ORIENTED_EDGE('',*,*,#3039,.T.);
#1990=ORIENTED_EDGE('',*,*,#3196,.F.);
#1991=ORIENTED_EDGE('',*,*,#3197,.T.);
#1992=ORIENTED_EDGE('',*,*,#2671,.T.);
#1993=ORIENTED_EDGE('',*,*,#2678,.T.);
#1994=ORIENTED_EDGE('',*,*,#2675,.T.);
#1995=ORIENTED_EDGE('',*,*,#3198,.T.);
#1996=ORIENTED_EDGE('',*,*,#3199,.F.);
#1997=ORIENTED_EDGE('',*,*,#3026,.T.);
#1998=ORIENTED_EDGE('',*,*,#3034,.T.);
#1999=ORIENTED_EDGE('',*,*,#3036,.T.);
#2000=ORIENTED_EDGE('',*,*,#3030,.T.);
#2001=ORIENTED_EDGE('',*,*,#3200,.T.);
#2002=ORIENTED_EDGE('',*,*,#3201,.F.);
#2003=ORIENTED_EDGE('',*,*,#2681,.T.);
#2004=ORIENTED_EDGE('',*,*,#2685,.T.);
#2005=ORIENTED_EDGE('',*,*,#2691,.T.);
#2006=ORIENTED_EDGE('',*,*,#2688,.T.);
#2007=ORIENTED_EDGE('',*,*,#3202,.T.);
#2008=ORIENTED_EDGE('',*,*,#3203,.F.);
#2009=ORIENTED_EDGE('',*,*,#3013,.T.);
#2010=ORIENTED_EDGE('',*,*,#3021,.T.);
#2011=ORIENTED_EDGE('',*,*,#3023,.T.);
#2012=ORIENTED_EDGE('',*,*,#3017,.T.);
#2013=ORIENTED_EDGE('',*,*,#3204,.T.);
#2014=ORIENTED_EDGE('',*,*,#3205,.F.);
#2015=ORIENTED_EDGE('',*,*,#2694,.T.);
#2016=ORIENTED_EDGE('',*,*,#2698,.T.);
#2017=ORIENTED_EDGE('',*,*,#2704,.T.);
#2018=ORIENTED_EDGE('',*,*,#2701,.T.);
#2019=ORIENTED_EDGE('',*,*,#3206,.T.);
#2020=ORIENTED_EDGE('',*,*,#3207,.F.);
#2021=ORIENTED_EDGE('',*,*,#3000,.T.);
#2022=ORIENTED_EDGE('',*,*,#3008,.T.);
#2023=ORIENTED_EDGE('',*,*,#3010,.T.);
#2024=ORIENTED_EDGE('',*,*,#3004,.T.);
#2025=ORIENTED_EDGE('',*,*,#3208,.T.);
#2026=ORIENTED_EDGE('',*,*,#3209,.F.);
#2027=ORIENTED_EDGE('',*,*,#2707,.T.);
#2028=ORIENTED_EDGE('',*,*,#2711,.T.);
#2029=ORIENTED_EDGE('',*,*,#2717,.T.);
#2030=ORIENTED_EDGE('',*,*,#2714,.T.);
#2031=ORIENTED_EDGE('',*,*,#3210,.T.);
#2032=ORIENTED_EDGE('',*,*,#3211,.F.);
#2033=ORIENTED_EDGE('',*,*,#2987,.T.);
#2034=ORIENTED_EDGE('',*,*,#2995,.T.);
#2035=ORIENTED_EDGE('',*,*,#2997,.T.);
#2036=ORIENTED_EDGE('',*,*,#2991,.T.);
#2037=ORIENTED_EDGE('',*,*,#3212,.T.);
#2038=ORIENTED_EDGE('',*,*,#3213,.F.);
#2039=ORIENTED_EDGE('',*,*,#2720,.T.);
#2040=ORIENTED_EDGE('',*,*,#2724,.T.);
#2041=ORIENTED_EDGE('',*,*,#2730,.T.);
#2042=ORIENTED_EDGE('',*,*,#2727,.T.);
#2043=ORIENTED_EDGE('',*,*,#3214,.T.);
#2044=ORIENTED_EDGE('',*,*,#3215,.F.);
#2045=ORIENTED_EDGE('',*,*,#2975,.T.);
#2046=ORIENTED_EDGE('',*,*,#2982,.T.);
#2047=ORIENTED_EDGE('',*,*,#2984,.T.);
#2048=ORIENTED_EDGE('',*,*,#2978,.T.);
#2049=ORIENTED_EDGE('',*,*,#2971,.T.);
#2050=ORIENTED_EDGE('',*,*,#3216,.F.);
#2051=ORIENTED_EDGE('',*,*,#2737,.T.);
#2052=ORIENTED_EDGE('',*,*,#3217,.T.);
#2053=ORIENTED_EDGE('',*,*,#2743,.T.);
#2054=ORIENTED_EDGE('',*,*,#2740,.T.);
#2055=ORIENTED_EDGE('',*,*,#2733,.T.);
#2056=ORIENTED_EDGE('',*,*,#3218,.F.);
#2057=ORIENTED_EDGE('',*,*,#2961,.T.);
#2058=ORIENTED_EDGE('',*,*,#3219,.T.);
#2059=ORIENTED_EDGE('',*,*,#2967,.T.);
#2060=ORIENTED_EDGE('',*,*,#2964,.T.);
#2061=ORIENTED_EDGE('',*,*,#2957,.T.);
#2062=ORIENTED_EDGE('',*,*,#3220,.F.);
#2063=ORIENTED_EDGE('',*,*,#2751,.T.);
#2064=ORIENTED_EDGE('',*,*,#2755,.T.);
#2065=ORIENTED_EDGE('',*,*,#3221,.T.);
#2066=ORIENTED_EDGE('',*,*,#2757,.T.);
#2067=ORIENTED_EDGE('',*,*,#2747,.T.);
#2068=ORIENTED_EDGE('',*,*,#3222,.F.);
#2069=ORIENTED_EDGE('',*,*,#2947,.T.);
#2070=ORIENTED_EDGE('',*,*,#2954,.T.);
#2071=ORIENTED_EDGE('',*,*,#3223,.T.);
#2072=ORIENTED_EDGE('',*,*,#2950,.T.);
#2073=ORIENTED_EDGE('',*,*,#2943,.T.);
#2074=ORIENTED_EDGE('',*,*,#3224,.F.);
#2075=ORIENTED_EDGE('',*,*,#2765,.T.);
#2076=ORIENTED_EDGE('',*,*,#2769,.T.);
#2077=ORIENTED_EDGE('',*,*,#3225,.T.);
#2078=ORIENTED_EDGE('',*,*,#2771,.T.);
#2079=ORIENTED_EDGE('',*,*,#2761,.T.);
#2080=ORIENTED_EDGE('',*,*,#3226,.F.);
#2081=ORIENTED_EDGE('',*,*,#2933,.T.);
#2082=ORIENTED_EDGE('',*,*,#2940,.T.);
#2083=ORIENTED_EDGE('',*,*,#3227,.T.);
#2084=ORIENTED_EDGE('',*,*,#2936,.T.);
#2085=ORIENTED_EDGE('',*,*,#2929,.T.);
#2086=ORIENTED_EDGE('',*,*,#3228,.F.);
#2087=ORIENTED_EDGE('',*,*,#2779,.T.);
#2088=ORIENTED_EDGE('',*,*,#2783,.T.);
#2089=ORIENTED_EDGE('',*,*,#3229,.T.);
#2090=ORIENTED_EDGE('',*,*,#2785,.T.);
#2091=ORIENTED_EDGE('',*,*,#2775,.T.);
#2092=ORIENTED_EDGE('',*,*,#3230,.F.);
#2093=ORIENTED_EDGE('',*,*,#2919,.T.);
#2094=ORIENTED_EDGE('',*,*,#2926,.T.);
#2095=ORIENTED_EDGE('',*,*,#3231,.T.);
#2096=ORIENTED_EDGE('',*,*,#2922,.T.);
#2097=ORIENTED_EDGE('',*,*,#2915,.T.);
#2098=ORIENTED_EDGE('',*,*,#3232,.F.);
#2099=ORIENTED_EDGE('',*,*,#2793,.T.);
#2100=ORIENTED_EDGE('',*,*,#2797,.T.);
#2101=ORIENTED_EDGE('',*,*,#3233,.T.);
#2102=ORIENTED_EDGE('',*,*,#2799,.T.);
#2103=ORIENTED_EDGE('',*,*,#2789,.T.);
#2104=ORIENTED_EDGE('',*,*,#3234,.F.);
#2105=ORIENTED_EDGE('',*,*,#2905,.T.);
#2106=ORIENTED_EDGE('',*,*,#2912,.T.);
#2107=ORIENTED_EDGE('',*,*,#3235,.T.);
#2108=ORIENTED_EDGE('',*,*,#2908,.T.);
#2109=ORIENTED_EDGE('',*,*,#2901,.T.);
#2110=ORIENTED_EDGE('',*,*,#3236,.F.);
#2111=ORIENTED_EDGE('',*,*,#2807,.T.);
#2112=ORIENTED_EDGE('',*,*,#2811,.T.);
#2113=ORIENTED_EDGE('',*,*,#3237,.T.);
#2114=ORIENTED_EDGE('',*,*,#2813,.T.);
#2115=ORIENTED_EDGE('',*,*,#2803,.T.);
#2116=ORIENTED_EDGE('',*,*,#3238,.F.);
#2117=ORIENTED_EDGE('',*,*,#2891,.T.);
#2118=ORIENTED_EDGE('',*,*,#2898,.T.);
#2119=ORIENTED_EDGE('',*,*,#3239,.T.);
#2120=ORIENTED_EDGE('',*,*,#2894,.T.);
#2121=ORIENTED_EDGE('',*,*,#2887,.T.);
#2122=ORIENTED_EDGE('',*,*,#3240,.F.);
#2123=ORIENTED_EDGE('',*,*,#2821,.T.);
#2124=ORIENTED_EDGE('',*,*,#2825,.T.);
#2125=ORIENTED_EDGE('',*,*,#3241,.T.);
#2126=ORIENTED_EDGE('',*,*,#2827,.T.);
#2127=ORIENTED_EDGE('',*,*,#2817,.T.);
#2128=ORIENTED_EDGE('',*,*,#3242,.F.);
#2129=ORIENTED_EDGE('',*,*,#2877,.T.);
#2130=ORIENTED_EDGE('',*,*,#2884,.T.);
#2131=ORIENTED_EDGE('',*,*,#3243,.T.);
#2132=ORIENTED_EDGE('',*,*,#2880,.T.);
#2133=ORIENTED_EDGE('',*,*,#2873,.T.);
#2134=ORIENTED_EDGE('',*,*,#3244,.F.);
#2135=ORIENTED_EDGE('',*,*,#2835,.T.);
#2136=ORIENTED_EDGE('',*,*,#2839,.T.);
#2137=ORIENTED_EDGE('',*,*,#3245,.T.);
#2138=ORIENTED_EDGE('',*,*,#2841,.T.);
#2139=ORIENTED_EDGE('',*,*,#2831,.T.);
#2140=ORIENTED_EDGE('',*,*,#3246,.F.);
#2141=ORIENTED_EDGE('',*,*,#2863,.T.);
#2142=ORIENTED_EDGE('',*,*,#2867,.T.);
#2143=ORIENTED_EDGE('',*,*,#2870,.T.);
#2144=ORIENTED_EDGE('',*,*,#3247,.T.);
#2145=ORIENTED_EDGE('',*,*,#2859,.T.);
#2146=ORIENTED_EDGE('',*,*,#3248,.F.);
#2147=ORIENTED_EDGE('',*,*,#2849,.T.);
#2148=ORIENTED_EDGE('',*,*,#2853,.T.);
#2149=ORIENTED_EDGE('',*,*,#2856,.T.);
#2150=ORIENTED_EDGE('',*,*,#3249,.T.);
#2151=ORIENTED_EDGE('',*,*,#2845,.T.);
#2152=ORIENTED_EDGE('',*,*,#3178,.F.);
#2153=ORIENTED_EDGE('',*,*,#3091,.T.);
#2154=ORIENTED_EDGE('',*,*,#3095,.T.);
#2155=ORIENTED_EDGE('',*,*,#3098,.T.);
#2156=ORIENTED_EDGE('',*,*,#3101,.T.);
#2157=ORIENTED_EDGE('',*,*,#3182,.T.);
#2158=ORIENTED_EDGE('',*,*,#2628,.T.);
#2159=ORIENTED_EDGE('',*,*,#3175,.F.);
#2160=ORIENTED_EDGE('',*,*,#3250,.F.);
#2161=ORIENTED_EDGE('',*,*,#3186,.T.);
#2162=ORIENTED_EDGE('',*,*,#2631,.T.);
#2163=ORIENTED_EDGE('',*,*,#3171,.F.);
#2164=ORIENTED_EDGE('',*,*,#3251,.F.);
#2165=ORIENTED_EDGE('',*,*,#3190,.T.);
#2166=ORIENTED_EDGE('',*,*,#2644,.T.);
#2167=ORIENTED_EDGE('',*,*,#3167,.F.);
#2168=ORIENTED_EDGE('',*,*,#3252,.F.);
#2169=ORIENTED_EDGE('',*,*,#3194,.T.);
#2170=ORIENTED_EDGE('',*,*,#2657,.T.);
#2171=ORIENTED_EDGE('',*,*,#3163,.F.);
#2172=ORIENTED_EDGE('',*,*,#3253,.F.);
#2173=ORIENTED_EDGE('',*,*,#3199,.T.);
#2174=ORIENTED_EDGE('',*,*,#3254,.T.);
#2175=ORIENTED_EDGE('',*,*,#3158,.F.);
#2176=ORIENTED_EDGE('',*,*,#3027,.F.);
#2177=ORIENTED_EDGE('',*,*,#3203,.T.);
#2178=ORIENTED_EDGE('',*,*,#3255,.T.);
#2179=ORIENTED_EDGE('',*,*,#3154,.F.);
#2180=ORIENTED_EDGE('',*,*,#3014,.F.);
#2181=ORIENTED_EDGE('',*,*,#3207,.T.);
#2182=ORIENTED_EDGE('',*,*,#3256,.T.);
#2183=ORIENTED_EDGE('',*,*,#3150,.F.);
#2184=ORIENTED_EDGE('',*,*,#3001,.F.);
#2185=ORIENTED_EDGE('',*,*,#3211,.T.);
#2186=ORIENTED_EDGE('',*,*,#3257,.T.);
#2187=ORIENTED_EDGE('',*,*,#3146,.F.);
#2188=ORIENTED_EDGE('',*,*,#2988,.F.);
#2189=ORIENTED_EDGE('',*,*,#3215,.T.);
#2190=ORIENTED_EDGE('',*,*,#3258,.T.);
#2191=ORIENTED_EDGE('',*,*,#3142,.F.);
#2192=ORIENTED_EDGE('',*,*,#2976,.F.);
#2193=ORIENTED_EDGE('',*,*,#3218,.T.);
#2194=ORIENTED_EDGE('',*,*,#2732,.T.);
#2195=ORIENTED_EDGE('',*,*,#3139,.F.);
#2196=ORIENTED_EDGE('',*,*,#2962,.F.);
#2197=ORIENTED_EDGE('',*,*,#3222,.T.);
#2198=ORIENTED_EDGE('',*,*,#2746,.T.);
#2199=ORIENTED_EDGE('',*,*,#3135,.F.);
#2200=ORIENTED_EDGE('',*,*,#2948,.F.);
#2201=ORIENTED_EDGE('',*,*,#3226,.T.);
#2202=ORIENTED_EDGE('',*,*,#2760,.T.);
#2203=ORIENTED_EDGE('',*,*,#3131,.F.);
#2204=ORIENTED_EDGE('',*,*,#2934,.F.);
#2205=ORIENTED_EDGE('',*,*,#3230,.T.);
#2206=ORIENTED_EDGE('',*,*,#2774,.T.);
#2207=ORIENTED_EDGE('',*,*,#3127,.F.);
#2208=ORIENTED_EDGE('',*,*,#2920,.F.);
#2209=ORIENTED_EDGE('',*,*,#3234,.T.);
#2210=ORIENTED_EDGE('',*,*,#2788,.T.);
#2211=ORIENTED_EDGE('',*,*,#3123,.F.);
#2212=ORIENTED_EDGE('',*,*,#2906,.F.);
#2213=ORIENTED_EDGE('',*,*,#3238,.T.);
#2214=ORIENTED_EDGE('',*,*,#2802,.T.);
#2215=ORIENTED_EDGE('',*,*,#3119,.F.);
#2216=ORIENTED_EDGE('',*,*,#2892,.F.);
#2217=ORIENTED_EDGE('',*,*,#3242,.T.);
#2218=ORIENTED_EDGE('',*,*,#2816,.T.);
#2219=ORIENTED_EDGE('',*,*,#3115,.F.);
#2220=ORIENTED_EDGE('',*,*,#2878,.F.);
#2221=ORIENTED_EDGE('',*,*,#3246,.T.);
#2222=ORIENTED_EDGE('',*,*,#2830,.T.);
#2223=ORIENTED_EDGE('',*,*,#3111,.F.);
#2224=ORIENTED_EDGE('',*,*,#2864,.F.);
#2225=ORIENTED_EDGE('',*,*,#2850,.F.);
#2226=ORIENTED_EDGE('',*,*,#3248,.T.);
#2227=ORIENTED_EDGE('',*,*,#2858,.T.);
#2228=ORIENTED_EDGE('',*,*,#3109,.F.);
#2229=ORIENTED_EDGE('',*,*,#2836,.F.);
#2230=ORIENTED_EDGE('',*,*,#3244,.T.);
#2231=ORIENTED_EDGE('',*,*,#2872,.T.);
#2232=ORIENTED_EDGE('',*,*,#3113,.F.);
#2233=ORIENTED_EDGE('',*,*,#2822,.F.);
#2234=ORIENTED_EDGE('',*,*,#3240,.T.);
#2235=ORIENTED_EDGE('',*,*,#2886,.T.);
#2236=ORIENTED_EDGE('',*,*,#3117,.F.);
#2237=ORIENTED_EDGE('',*,*,#2808,.F.);
#2238=ORIENTED_EDGE('',*,*,#3236,.T.);
#2239=ORIENTED_EDGE('',*,*,#2900,.T.);
#2240=ORIENTED_EDGE('',*,*,#3121,.F.);
#2241=ORIENTED_EDGE('',*,*,#2794,.F.);
#2242=ORIENTED_EDGE('',*,*,#3232,.T.);
#2243=ORIENTED_EDGE('',*,*,#2914,.T.);
#2244=ORIENTED_EDGE('',*,*,#3125,.F.);
#2245=ORIENTED_EDGE('',*,*,#2780,.F.);
#2246=ORIENTED_EDGE('',*,*,#3228,.T.);
#2247=ORIENTED_EDGE('',*,*,#2928,.T.);
#2248=ORIENTED_EDGE('',*,*,#3129,.F.);
#2249=ORIENTED_EDGE('',*,*,#2766,.F.);
#2250=ORIENTED_EDGE('',*,*,#3224,.T.);
#2251=ORIENTED_EDGE('',*,*,#2942,.T.);
#2252=ORIENTED_EDGE('',*,*,#3133,.F.);
#2253=ORIENTED_EDGE('',*,*,#2752,.F.);
#2254=ORIENTED_EDGE('',*,*,#3220,.T.);
#2255=ORIENTED_EDGE('',*,*,#2956,.T.);
#2256=ORIENTED_EDGE('',*,*,#3137,.F.);
#2257=ORIENTED_EDGE('',*,*,#2738,.F.);
#2258=ORIENTED_EDGE('',*,*,#3216,.T.);
#2259=ORIENTED_EDGE('',*,*,#2970,.T.);
#2260=ORIENTED_EDGE('',*,*,#3141,.F.);
#2261=ORIENTED_EDGE('',*,*,#2721,.F.);
#2262=ORIENTED_EDGE('',*,*,#3213,.T.);
#2263=ORIENTED_EDGE('',*,*,#3259,.T.);
#2264=ORIENTED_EDGE('',*,*,#3144,.F.);
#2265=ORIENTED_EDGE('',*,*,#2708,.F.);
#2266=ORIENTED_EDGE('',*,*,#3209,.T.);
#2267=ORIENTED_EDGE('',*,*,#3260,.T.);
#2268=ORIENTED_EDGE('',*,*,#3148,.F.);
#2269=ORIENTED_EDGE('',*,*,#2695,.F.);
#2270=ORIENTED_EDGE('',*,*,#3205,.T.);
#2271=ORIENTED_EDGE('',*,*,#3261,.T.);
#2272=ORIENTED_EDGE('',*,*,#3152,.F.);
#2273=ORIENTED_EDGE('',*,*,#2682,.F.);
#2274=ORIENTED_EDGE('',*,*,#3201,.T.);
#2275=ORIENTED_EDGE('',*,*,#3262,.T.);
#2276=ORIENTED_EDGE('',*,*,#3156,.F.);
#2277=ORIENTED_EDGE('',*,*,#3263,.F.);
#2278=ORIENTED_EDGE('',*,*,#3196,.T.);
#2279=ORIENTED_EDGE('',*,*,#3038,.T.);
#2280=ORIENTED_EDGE('',*,*,#3161,.F.);
#2281=ORIENTED_EDGE('',*,*,#3264,.F.);
#2282=ORIENTED_EDGE('',*,*,#3192,.T.);
#2283=ORIENTED_EDGE('',*,*,#3051,.T.);
#2284=ORIENTED_EDGE('',*,*,#3165,.F.);
#2285=ORIENTED_EDGE('',*,*,#3265,.F.);
#2286=ORIENTED_EDGE('',*,*,#3188,.T.);
#2287=ORIENTED_EDGE('',*,*,#3064,.T.);
#2288=ORIENTED_EDGE('',*,*,#3169,.F.);
#2289=ORIENTED_EDGE('',*,*,#3266,.F.);
#2290=ORIENTED_EDGE('',*,*,#3184,.T.);
#2291=ORIENTED_EDGE('',*,*,#3077,.T.);
#2292=ORIENTED_EDGE('',*,*,#3173,.F.);
#2293=ORIENTED_EDGE('',*,*,#3267,.F.);
#2294=ORIENTED_EDGE('',*,*,#3180,.T.);
#2295=ORIENTED_EDGE('',*,*,#3103,.T.);
#2296=ORIENTED_EDGE('',*,*,#3177,.F.);
#2297=ORIENTED_EDGE('',*,*,#3268,.F.);
#2298=ORIENTED_EDGE('',*,*,#2614,.T.);
#2299=ORIENTED_EDGE('',*,*,#3268,.T.);
#2300=ORIENTED_EDGE('',*,*,#3179,.F.);
#2301=ORIENTED_EDGE('',*,*,#3269,.F.);
#2302=ORIENTED_EDGE('',*,*,#3106,.T.);
#2303=ORIENTED_EDGE('',*,*,#3105,.F.);
#2304=ORIENTED_EDGE('',*,*,#3269,.T.);
#2305=ORIENTED_EDGE('',*,*,#3183,.F.);
#2306=ORIENTED_EDGE('',*,*,#3250,.T.);
#2307=ORIENTED_EDGE('',*,*,#3174,.T.);
#2308=ORIENTED_EDGE('',*,*,#3086,.F.);
#2309=ORIENTED_EDGE('',*,*,#3187,.F.);
#2310=ORIENTED_EDGE('',*,*,#3251,.T.);
#2311=ORIENTED_EDGE('',*,*,#3170,.T.);
#2312=ORIENTED_EDGE('',*,*,#3073,.F.);
#2313=ORIENTED_EDGE('',*,*,#3191,.F.);
#2314=ORIENTED_EDGE('',*,*,#3252,.T.);
#2315=ORIENTED_EDGE('',*,*,#3166,.T.);
#2316=ORIENTED_EDGE('',*,*,#3060,.F.);
#2317=ORIENTED_EDGE('',*,*,#3195,.F.);
#2318=ORIENTED_EDGE('',*,*,#3253,.T.);
#2319=ORIENTED_EDGE('',*,*,#3162,.T.);
#2320=ORIENTED_EDGE('',*,*,#3047,.F.);
#2321=ORIENTED_EDGE('',*,*,#3200,.F.);
#2322=ORIENTED_EDGE('',*,*,#3029,.T.);
#2323=ORIENTED_EDGE('',*,*,#3157,.T.);
#2324=ORIENTED_EDGE('',*,*,#3262,.F.);
#2325=ORIENTED_EDGE('',*,*,#3204,.F.);
#2326=ORIENTED_EDGE('',*,*,#3016,.T.);
#2327=ORIENTED_EDGE('',*,*,#3153,.T.);
#2328=ORIENTED_EDGE('',*,*,#3261,.F.);
#2329=ORIENTED_EDGE('',*,*,#3208,.F.);
#2330=ORIENTED_EDGE('',*,*,#3003,.T.);
#2331=ORIENTED_EDGE('',*,*,#3149,.T.);
#2332=ORIENTED_EDGE('',*,*,#3260,.F.);
#2333=ORIENTED_EDGE('',*,*,#3212,.F.);
#2334=ORIENTED_EDGE('',*,*,#2990,.T.);
#2335=ORIENTED_EDGE('',*,*,#3145,.T.);
#2336=ORIENTED_EDGE('',*,*,#3259,.F.);
#2337=ORIENTED_EDGE('',*,*,#3219,.F.);
#2338=ORIENTED_EDGE('',*,*,#2960,.T.);
#2339=ORIENTED_EDGE('',*,*,#3138,.T.);
#2340=ORIENTED_EDGE('',*,*,#2968,.F.);
#2341=ORIENTED_EDGE('',*,*,#3223,.F.);
#2342=ORIENTED_EDGE('',*,*,#2953,.T.);
#2343=ORIENTED_EDGE('',*,*,#3134,.T.);
#2344=ORIENTED_EDGE('',*,*,#2951,.F.);
#2345=ORIENTED_EDGE('',*,*,#3227,.F.);
#2346=ORIENTED_EDGE('',*,*,#2939,.T.);
#2347=ORIENTED_EDGE('',*,*,#3130,.T.);
#2348=ORIENTED_EDGE('',*,*,#2937,.F.);
#2349=ORIENTED_EDGE('',*,*,#3231,.F.);
#2350=ORIENTED_EDGE('',*,*,#2925,.T.);
#2351=ORIENTED_EDGE('',*,*,#3126,.T.);
#2352=ORIENTED_EDGE('',*,*,#2923,.F.);
#2353=ORIENTED_EDGE('',*,*,#3235,.F.);
#2354=ORIENTED_EDGE('',*,*,#2911,.T.);
#2355=ORIENTED_EDGE('',*,*,#3122,.T.);
#2356=ORIENTED_EDGE('',*,*,#2909,.F.);
#2357=ORIENTED_EDGE('',*,*,#3239,.F.);
#2358=ORIENTED_EDGE('',*,*,#2897,.T.);
#2359=ORIENTED_EDGE('',*,*,#3118,.T.);
#2360=ORIENTED_EDGE('',*,*,#2895,.F.);
#2361=ORIENTED_EDGE('',*,*,#3243,.F.);
#2362=ORIENTED_EDGE('',*,*,#2883,.T.);
#2363=ORIENTED_EDGE('',*,*,#3114,.T.);
#2364=ORIENTED_EDGE('',*,*,#2881,.F.);
#2365=ORIENTED_EDGE('',*,*,#3247,.F.);
#2366=ORIENTED_EDGE('',*,*,#2869,.T.);
#2367=ORIENTED_EDGE('',*,*,#3110,.T.);
#2368=ORIENTED_EDGE('',*,*,#2860,.F.);
#2369=ORIENTED_EDGE('',*,*,#3249,.F.);
#2370=ORIENTED_EDGE('',*,*,#2855,.T.);
#2371=ORIENTED_EDGE('',*,*,#3108,.T.);
#2372=ORIENTED_EDGE('',*,*,#2846,.F.);
#2373=ORIENTED_EDGE('',*,*,#3245,.F.);
#2374=ORIENTED_EDGE('',*,*,#2838,.T.);
#2375=ORIENTED_EDGE('',*,*,#3112,.T.);
#2376=ORIENTED_EDGE('',*,*,#2842,.F.);
#2377=ORIENTED_EDGE('',*,*,#3241,.F.);
#2378=ORIENTED_EDGE('',*,*,#2824,.T.);
#2379=ORIENTED_EDGE('',*,*,#3116,.T.);
#2380=ORIENTED_EDGE('',*,*,#2828,.F.);
#2381=ORIENTED_EDGE('',*,*,#3237,.F.);
#2382=ORIENTED_EDGE('',*,*,#2810,.T.);
#2383=ORIENTED_EDGE('',*,*,#3120,.T.);
#2384=ORIENTED_EDGE('',*,*,#2814,.F.);
#2385=ORIENTED_EDGE('',*,*,#3233,.F.);
#2386=ORIENTED_EDGE('',*,*,#2796,.T.);
#2387=ORIENTED_EDGE('',*,*,#3124,.T.);
#2388=ORIENTED_EDGE('',*,*,#2800,.F.);
#2389=ORIENTED_EDGE('',*,*,#3229,.F.);
#2390=ORIENTED_EDGE('',*,*,#2782,.T.);
#2391=ORIENTED_EDGE('',*,*,#3128,.T.);
#2392=ORIENTED_EDGE('',*,*,#2786,.F.);
#2393=ORIENTED_EDGE('',*,*,#3225,.F.);
#2394=ORIENTED_EDGE('',*,*,#2768,.T.);
#2395=ORIENTED_EDGE('',*,*,#3132,.T.);
#2396=ORIENTED_EDGE('',*,*,#2772,.F.);
#2397=ORIENTED_EDGE('',*,*,#3221,.F.);
#2398=ORIENTED_EDGE('',*,*,#2754,.T.);
#2399=ORIENTED_EDGE('',*,*,#3136,.T.);
#2400=ORIENTED_EDGE('',*,*,#2758,.F.);
#2401=ORIENTED_EDGE('',*,*,#3217,.F.);
#2402=ORIENTED_EDGE('',*,*,#2736,.T.);
#2403=ORIENTED_EDGE('',*,*,#3140,.T.);
#2404=ORIENTED_EDGE('',*,*,#2744,.F.);
#2405=ORIENTED_EDGE('',*,*,#3214,.F.);
#2406=ORIENTED_EDGE('',*,*,#2726,.T.);
#2407=ORIENTED_EDGE('',*,*,#3143,.T.);
#2408=ORIENTED_EDGE('',*,*,#3258,.F.);
#2409=ORIENTED_EDGE('',*,*,#3210,.F.);
#2410=ORIENTED_EDGE('',*,*,#2713,.T.);
#2411=ORIENTED_EDGE('',*,*,#3147,.T.);
#2412=ORIENTED_EDGE('',*,*,#3257,.F.);
#2413=ORIENTED_EDGE('',*,*,#3206,.F.);
#2414=ORIENTED_EDGE('',*,*,#2700,.T.);
#2415=ORIENTED_EDGE('',*,*,#3151,.T.);
#2416=ORIENTED_EDGE('',*,*,#3256,.F.);
#2417=ORIENTED_EDGE('',*,*,#3202,.F.);
#2418=ORIENTED_EDGE('',*,*,#2687,.T.);
#2419=ORIENTED_EDGE('',*,*,#3155,.T.);
#2420=ORIENTED_EDGE('',*,*,#3255,.F.);
#2421=ORIENTED_EDGE('',*,*,#3197,.F.);
#2422=ORIENTED_EDGE('',*,*,#3263,.T.);
#2423=ORIENTED_EDGE('',*,*,#3160,.T.);
#2424=ORIENTED_EDGE('',*,*,#2672,.F.);
#2425=ORIENTED_EDGE('',*,*,#3198,.F.);
#2426=ORIENTED_EDGE('',*,*,#2674,.T.);
#2427=ORIENTED_EDGE('',*,*,#3159,.T.);
#2428=ORIENTED_EDGE('',*,*,#3254,.F.);
#2429=ORIENTED_EDGE('',*,*,#3193,.F.);
#2430=ORIENTED_EDGE('',*,*,#3264,.T.);
#2431=ORIENTED_EDGE('',*,*,#3164,.T.);
#2432=ORIENTED_EDGE('',*,*,#2663,.F.);
#2433=ORIENTED_EDGE('',*,*,#3189,.F.);
#2434=ORIENTED_EDGE('',*,*,#3265,.T.);
#2435=ORIENTED_EDGE('',*,*,#3168,.T.);
#2436=ORIENTED_EDGE('',*,*,#2650,.F.);
#2437=ORIENTED_EDGE('',*,*,#3185,.F.);
#2438=ORIENTED_EDGE('',*,*,#3266,.T.);
#2439=ORIENTED_EDGE('',*,*,#3172,.T.);
#2440=ORIENTED_EDGE('',*,*,#2637,.F.);
#2441=ORIENTED_EDGE('',*,*,#3181,.F.);
#2442=ORIENTED_EDGE('',*,*,#3267,.T.);
#2443=ORIENTED_EDGE('',*,*,#3176,.T.);
#2444=ORIENTED_EDGE('',*,*,#2620,.F.);
#2445=EDGE_CURVE('',#3270,#3271,#3826,.T.);
#2446=EDGE_CURVE('',#3270,#3272,#3827,.T.);
#2447=EDGE_CURVE('',#3273,#3272,#3828,.T.);
#2448=EDGE_CURVE('',#3273,#3271,#3829,.F.);
#2449=EDGE_CURVE('',#3274,#3274,#44,.F.);
#2450=EDGE_CURVE('',#3275,#3275,#45,.F.);
#2451=EDGE_CURVE('',#3276,#3276,#46,.F.);
#2452=EDGE_CURVE('',#3277,#3277,#47,.F.);
#2453=EDGE_CURVE('',#3278,#3278,#48,.F.);
#2454=EDGE_CURVE('',#3279,#3279,#49,.F.);
#2455=EDGE_CURVE('',#3280,#3280,#50,.F.);
#2456=EDGE_CURVE('',#3281,#3281,#51,.F.);
#2457=EDGE_CURVE('',#3282,#3283,#3830,.T.);
#2458=EDGE_CURVE('',#3282,#3284,#40,.T.);
#2459=EDGE_CURVE('',#3285,#3284,#32,.F.);
#2460=EDGE_CURVE('',#3286,#3285,#3831,.F.);
#2461=EDGE_CURVE('',#3283,#3286,#52,.T.);
#2462=EDGE_CURVE('',#3287,#3288,#33,.F.);
#2463=EDGE_CURVE('',#3287,#3289,#41,.T.);
#2464=EDGE_CURVE('',#3290,#3289,#3832,.T.);
#2465=EDGE_CURVE('',#3290,#3291,#53,.T.);
#2466=EDGE_CURVE('',#3288,#3291,#3833,.F.);
#2467=EDGE_CURVE('',#3292,#3293,#3834,.T.);
#2468=EDGE_CURVE('',#3292,#3294,#3835,.F.);
#2469=EDGE_CURVE('',#3295,#3294,#3836,.T.);
#2470=EDGE_CURVE('',#3295,#3293,#3837,.T.);
#2471=EDGE_CURVE('',#3296,#3297,#3838,.T.);
#2472=EDGE_CURVE('',#3296,#3298,#3839,.T.);
#2473=EDGE_CURVE('',#3299,#3298,#3840,.T.);
#2474=EDGE_CURVE('',#3285,#3299,#3841,.T.);
#2475=EDGE_CURVE('',#3284,#3297,#34,.T.);
#2476=EDGE_CURVE('',#3300,#3301,#3842,.T.);
#2477=EDGE_CURVE('',#3300,#3302,#3843,.F.);
#2478=EDGE_CURVE('',#3303,#3302,#3844,.T.);
#2479=EDGE_CURVE('',#3303,#3287,#35,.T.);
#2480=EDGE_CURVE('',#3288,#3301,#3845,.T.);
#2481=EDGE_CURVE('',#3304,#3305,#3846,.T.);
#2482=EDGE_CURVE('',#3304,#3306,#3847,.T.);
#2483=EDGE_CURVE('',#3307,#3306,#3848,.T.);
#2484=EDGE_CURVE('',#3307,#3305,#3849,.F.);
#2485=EDGE_CURVE('',#3295,#3271,#54,.F.);
#2486=EDGE_CURVE('',#3293,#3273,#55,.F.);
#2487=EDGE_CURVE('',#3270,#3305,#56,.F.);
#2488=EDGE_CURVE('',#3272,#3307,#57,.F.);
#2489=EDGE_CURVE('',#3308,#3308,#58,.T.);
#2490=EDGE_CURVE('',#3309,#3310,#3850,.T.);
#2491=EDGE_CURVE('',#3310,#3311,#59,.T.);
#2492=EDGE_CURVE('',#3312,#3311,#3851,.T.);
#2493=EDGE_CURVE('',#3312,#3309,#3852,.T.);
#2494=EDGE_CURVE('',#3289,#3282,#3853,.F.);
#2495=EDGE_CURVE('',#3283,#3290,#60,.F.);
#2496=EDGE_CURVE('',#3313,#3299,#3854,.T.);
#2497=EDGE_CURVE('',#3313,#3286,#3855,.T.);
#2498=EDGE_CURVE('',#3314,#3315,#3856,.T.);
#2499=EDGE_CURVE('',#3315,#3316,#3857,.F.);
#2500=EDGE_CURVE('',#3316,#3317,#3858,.T.);
#2501=EDGE_CURVE('',#3317,#3318,#3859,.T.);
#2502=EDGE_CURVE('',#3318,#3319,#3860,.T.);
#2503=EDGE_CURVE('',#3319,#3314,#3861,.T.);
#2504=EDGE_CURVE('',#3320,#3321,#3862,.T.);
#2505=EDGE_CURVE('',#3321,#3322,#3863,.T.);
#2506=EDGE_CURVE('',#3322,#3323,#3864,.F.);
#2507=EDGE_CURVE('',#3323,#3320,#3865,.T.);
#2508=EDGE_CURVE('',#3324,#3324,#61,.F.);
#2509=EDGE_CURVE('',#3325,#3325,#62,.F.);
#2510=EDGE_CURVE('',#3291,#3286,#63,.T.);
#2511=EDGE_CURVE('',#3326,#3327,#3866,.T.);
#2512=EDGE_CURVE('',#3309,#3327,#3867,.T.);
#2513=EDGE_CURVE('',#3312,#3326,#3868,.T.);
#2514=EDGE_CURVE('',#3313,#3328,#64,.T.);
#2515=EDGE_CURVE('',#3328,#3291,#3869,.T.);
#2516=EDGE_CURVE('',#3328,#3301,#3870,.T.);
#2517=EDGE_CURVE('',#3311,#3329,#3871,.F.);
#2518=EDGE_CURVE('',#3326,#3329,#3872,.T.);
#2519=EDGE_CURVE('',#3310,#3330,#3873,.F.);
#2520=EDGE_CURVE('',#3327,#3330,#3874,.T.);
#2521=EDGE_CURVE('',#3298,#3292,#65,.T.);
#2522=EDGE_CURVE('',#3306,#3300,#66,.T.);
#2523=EDGE_CURVE('',#3329,#3330,#67,.T.);
#2524=EDGE_CURVE('',#3331,#3332,#68,.T.);
#2525=EDGE_CURVE('',#3332,#3333,#3875,.F.);
#2526=EDGE_CURVE('',#3333,#3334,#69,.F.);
#2527=EDGE_CURVE('',#3331,#3334,#3876,.F.);
#2528=EDGE_CURVE('',#3318,#3335,#70,.T.);
#2529=EDGE_CURVE('',#3317,#3336,#71,.F.);
#2530=EDGE_CURVE('',#3336,#3335,#3877,.T.);
#2531=EDGE_CURVE('',#3337,#3338,#3878,.T.);
#2532=EDGE_CURVE('',#3337,#3339,#72,.T.);
#2533=EDGE_CURVE('',#3333,#3339,#3879,.T.);
#2534=EDGE_CURVE('',#3332,#3340,#3880,.T.);
#2535=EDGE_CURVE('',#3341,#3340,#3881,.T.);
#2536=EDGE_CURVE('',#3341,#3338,#3882,.T.);
#2537=EDGE_CURVE('',#3334,#3342,#3883,.T.);
#2538=EDGE_CURVE('',#3342,#3343,#73,.F.);
#2539=EDGE_CURVE('',#3343,#3344,#3884,.T.);
#2540=EDGE_CURVE('',#3345,#3344,#3885,.T.);
#2541=EDGE_CURVE('',#3345,#3346,#3886,.T.);
#2542=EDGE_CURVE('',#3346,#3331,#3887,.T.);
#2543=EDGE_CURVE('',#3345,#3341,#3888,.T.);
#2544=EDGE_CURVE('',#3347,#3340,#3889,.T.);
#2545=EDGE_CURVE('',#3347,#3348,#3890,.T.);
#2546=EDGE_CURVE('',#3348,#3314,#3891,.T.);
#2547=EDGE_CURVE('',#3346,#3319,#3892,.T.);
#2548=EDGE_CURVE('',#3335,#3347,#3893,.T.);
#2549=EDGE_CURVE('',#3349,#3349,#74,.F.);
#2550=EDGE_CURVE('',#3350,#3350,#75,.F.);
#2551=EDGE_CURVE('',#3351,#3351,#76,.F.);
#2552=EDGE_CURVE('',#3352,#3352,#77,.F.);
#2553=EDGE_CURVE('',#3353,#3353,#78,.F.);
#2554=EDGE_CURVE('',#3354,#3354,#79,.F.);
#2555=EDGE_CURVE('',#3355,#3355,#80,.F.);
#2556=EDGE_CURVE('',#3356,#3356,#81,.F.);
#2557=EDGE_CURVE('',#3336,#3357,#3894,.T.);
#2558=EDGE_CURVE('',#3357,#3358,#3895,.F.);
#2559=EDGE_CURVE('',#3348,#3358,#3896,.T.);
#2560=EDGE_CURVE('',#3339,#3359,#3897,.F.);
#2561=EDGE_CURVE('',#3359,#3360,#3898,.F.);
#2562=EDGE_CURVE('',#3360,#3361,#82,.T.);
#2563=EDGE_CURVE('',#3361,#3362,#3899,.F.);
#2564=EDGE_CURVE('',#3362,#3342,#3900,.F.);
#2565=EDGE_CURVE('',#3363,#3363,#83,.T.);
#2566=EDGE_CURVE('',#3316,#3362,#84,.T.);
#2567=EDGE_CURVE('',#3317,#3361,#85,.T.);
#2568=EDGE_CURVE('',#3336,#3360,#86,.T.);
#2569=EDGE_CURVE('',#3359,#3357,#87,.F.);
#2570=EDGE_CURVE('',#3364,#3365,#3901,.T.);
#2571=EDGE_CURVE('',#3364,#3320,#88,.T.);
#2572=EDGE_CURVE('',#3323,#3366,#89,.T.);
#2573=EDGE_CURVE('',#3367,#3366,#3902,.T.);
#2574=EDGE_CURVE('',#3367,#3368,#90,.F.);
#2575=EDGE_CURVE('',#3314,#3368,#3903,.T.);
#2576=EDGE_CURVE('',#3369,#3348,#3904,.T.);
#2577=EDGE_CURVE('',#3369,#3365,#91,.F.);
#2578=EDGE_CURVE('',#3338,#3344,#3905,.T.);
#2579=EDGE_CURVE('',#3370,#3370,#92,.T.);
#2580=EDGE_CURVE('',#3371,#3371,#93,.T.);
#2581=EDGE_CURVE('',#3368,#3372,#3906,.T.);
#2582=EDGE_CURVE('',#3372,#3373,#3907,.T.);
#2583=EDGE_CURVE('',#3373,#3374,#36,.T.);
#2584=EDGE_CURVE('',#3374,#3315,#37,.F.);
#2585=EDGE_CURVE('',#3375,#3376,#3908,.T.);
#2586=EDGE_CURVE('',#3376,#3367,#3909,.F.);
#2587=EDGE_CURVE('',#3366,#3375,#3910,.T.);
#2588=EDGE_CURVE('',#3365,#3377,#3911,.T.);
#2589=EDGE_CURVE('',#3377,#3378,#3912,.T.);
#2590=EDGE_CURVE('',#3378,#3364,#3913,.F.);
#2591=EDGE_CURVE('',#3379,#3380,#3914,.T.);
#2592=EDGE_CURVE('',#3380,#3369,#3915,.F.);
#2593=EDGE_CURVE('',#3358,#3381,#38,.F.);
#2594=EDGE_CURVE('',#3381,#3379,#39,.T.);
#2595=EDGE_CURVE('',#3321,#3378,#94,.F.);
#2596=EDGE_CURVE('',#3375,#3322,#95,.F.);
#2597=EDGE_CURVE('',#3382,#3383,#3916,.T.);
#2598=EDGE_CURVE('',#3383,#3337,#3917,.T.);
#2599=EDGE_CURVE('',#3343,#3384,#3918,.T.);
#2600=EDGE_CURVE('',#3384,#3385,#3919,.T.);
#2601=EDGE_CURVE('',#3385,#3382,#3920,.T.);
#2602=EDGE_CURVE('',#3297,#3303,#3921,.F.);
#2603=EDGE_CURVE('',#3302,#3304,#96,.F.);
#2604=EDGE_CURVE('',#3294,#3296,#97,.F.);
#2605=EDGE_CURVE('',#3379,#3373,#3922,.T.);
#2606=EDGE_CURVE('',#3372,#3376,#98,.T.);
#2607=EDGE_CURVE('',#3377,#3380,#99,.T.);
#2608=EDGE_CURVE('',#3383,#3357,#100,.T.);
#2609=EDGE_CURVE('',#3382,#3381,#42,.T.);
#2610=EDGE_CURVE('',#3383,#3359,#101,.T.);
#2611=EDGE_CURVE('',#3316,#3384,#102,.T.);
#2612=EDGE_CURVE('',#3374,#3385,#43,.T.);
#2613=EDGE_CURVE('',#3362,#3384,#103,.T.);
#2614=EDGE_CURVE('',#3386,#3386,#104,.T.);
#2615=EDGE_CURVE('',#3387,#3387,#105,.T.);
#2616=EDGE_CURVE('',#3388,#3388,#106,.T.);
#2617=EDGE_CURVE('',#3389,#3390,#107,.T.);
#2618=EDGE_CURVE('',#3391,#3390,#3923,.T.);
#2619=EDGE_CURVE('',#3392,#3391,#108,.T.);
#2620=EDGE_CURVE('',#3392,#3389,#3924,.T.);
#2621=EDGE_CURVE('',#3390,#3393,#109,.T.);
#2622=EDGE_CURVE('',#3394,#3393,#3925,.T.);
#2623=EDGE_CURVE('',#3391,#3394,#110,.T.);
#2624=EDGE_CURVE('',#3393,#3395,#111,.T.);
#2625=EDGE_CURVE('',#3396,#3395,#3926,.T.);
#2626=EDGE_CURVE('',#3394,#3396,#112,.T.);
#2627=EDGE_CURVE('',#3395,#3397,#113,.T.);
#2628=EDGE_CURVE('',#3398,#3397,#3927,.T.);
#2629=EDGE_CURVE('',#3396,#3398,#114,.T.);
#2630=EDGE_CURVE('',#3399,#3400,#115,.T.);
#2631=EDGE_CURVE('',#3401,#3400,#3928,.T.);
#2632=EDGE_CURVE('',#3402,#3401,#116,.T.);
#2633=EDGE_CURVE('',#3402,#3399,#3929,.T.);
#2634=EDGE_CURVE('',#3403,#3404,#117,.T.);
#2635=EDGE_CURVE('',#3405,#3404,#3930,.T.);
#2636=EDGE_CURVE('',#3406,#3405,#118,.T.);
#2637=EDGE_CURVE('',#3406,#3403,#3931,.T.);
#2638=EDGE_CURVE('',#3407,#3399,#119,.T.);
#2639=EDGE_CURVE('',#3408,#3402,#120,.T.);
#2640=EDGE_CURVE('',#3408,#3407,#3932,.T.);
#2641=EDGE_CURVE('',#3404,#3407,#121,.T.);
#2642=EDGE_CURVE('',#3405,#3408,#122,.T.);
#2643=EDGE_CURVE('',#3409,#3410,#123,.T.);
#2644=EDGE_CURVE('',#3411,#3410,#3933,.T.);
#2645=EDGE_CURVE('',#3412,#3411,#124,.T.);
#2646=EDGE_CURVE('',#3412,#3409,#3934,.T.);
#2647=EDGE_CURVE('',#3413,#3414,#125,.T.);
#2648=EDGE_CURVE('',#3415,#3414,#3935,.T.);
#2649=EDGE_CURVE('',#3416,#3415,#126,.T.);
#2650=EDGE_CURVE('',#3416,#3413,#3936,.T.);
#2651=EDGE_CURVE('',#3417,#3409,#127,.T.);
#2652=EDGE_CURVE('',#3418,#3412,#128,.T.);
#2653=EDGE_CURVE('',#3418,#3417,#3937,.T.);
#2654=EDGE_CURVE('',#3414,#3417,#129,.T.);
#2655=EDGE_CURVE('',#3415,#3418,#130,.T.);
#2656=EDGE_CURVE('',#3419,#3420,#131,.T.);
#2657=EDGE_CURVE('',#3421,#3420,#3938,.T.);
#2658=EDGE_CURVE('',#3422,#3421,#132,.T.);
#2659=EDGE_CURVE('',#3422,#3419,#3939,.T.);
#2660=EDGE_CURVE('',#3423,#3424,#133,.T.);
#2661=EDGE_CURVE('',#3425,#3424,#3940,.T.);
#2662=EDGE_CURVE('',#3426,#3425,#134,.T.);
#2663=EDGE_CURVE('',#3426,#3423,#3941,.T.);
#2664=EDGE_CURVE('',#3427,#3419,#135,.T.);
#2665=EDGE_CURVE('',#3428,#3422,#136,.T.);
#2666=EDGE_CURVE('',#3428,#3427,#3942,.T.);
#2667=EDGE_CURVE('',#3424,#3427,#137,.T.);
#2668=EDGE_CURVE('',#3425,#3428,#138,.T.);
#2669=EDGE_CURVE('',#3429,#3430,#139,.T.);
#2670=EDGE_CURVE('',#3431,#3430,#3943,.T.);
#2671=EDGE_CURVE('',#3432,#3431,#140,.T.);
#2672=EDGE_CURVE('',#3432,#3429,#3944,.T.);
#2673=EDGE_CURVE('',#3433,#3434,#141,.T.);
#2674=EDGE_CURVE('',#3435,#3434,#3945,.T.);
#2675=EDGE_CURVE('',#3436,#3435,#142,.T.);
#2676=EDGE_CURVE('',#3436,#3433,#3946,.T.);
#2677=EDGE_CURVE('',#3430,#3433,#143,.T.);
#2678=EDGE_CURVE('',#3431,#3436,#144,.T.);
#2679=EDGE_CURVE('',#3437,#3438,#145,.T.);
#2680=EDGE_CURVE('',#3439,#3438,#3947,.T.);
#2681=EDGE_CURVE('',#3440,#3439,#146,.T.);
#2682=EDGE_CURVE('',#3440,#3437,#3948,.T.);
#2683=EDGE_CURVE('',#3438,#3441,#147,.T.);
#2684=EDGE_CURVE('',#3442,#3441,#3949,.T.);
#2685=EDGE_CURVE('',#3439,#3442,#148,.T.);
#2686=EDGE_CURVE('',#3443,#3444,#149,.T.);
#2687=EDGE_CURVE('',#3445,#3444,#3950,.T.);
#2688=EDGE_CURVE('',#3446,#3445,#150,.T.);
#2689=EDGE_CURVE('',#3446,#3443,#3951,.T.);
#2690=EDGE_CURVE('',#3441,#3443,#151,.T.);
#2691=EDGE_CURVE('',#3442,#3446,#152,.T.);
#2692=EDGE_CURVE('',#3447,#3448,#153,.T.);
#2693=EDGE_CURVE('',#3449,#3448,#3952,.T.);
#2694=EDGE_CURVE('',#3450,#3449,#154,.T.);
#2695=EDGE_CURVE('',#3450,#3447,#3953,.T.);
#2696=EDGE_CURVE('',#3448,#3451,#155,.T.);
#2697=EDGE_CURVE('',#3452,#3451,#3954,.T.);
#2698=EDGE_CURVE('',#3449,#3452,#156,.T.);
#2699=EDGE_CURVE('',#3453,#3454,#157,.T.);
#2700=EDGE_CURVE('',#3455,#3454,#3955,.T.);
#2701=EDGE_CURVE('',#3456,#3455,#158,.T.);
#2702=EDGE_CURVE('',#3456,#3453,#3956,.T.);
#2703=EDGE_CURVE('',#3451,#3453,#159,.T.);
#2704=EDGE_CURVE('',#3452,#3456,#160,.T.);
#2705=EDGE_CURVE('',#3457,#3458,#161,.T.);
#2706=EDGE_CURVE('',#3459,#3458,#3957,.T.);
#2707=EDGE_CURVE('',#3460,#3459,#162,.T.);
#2708=EDGE_CURVE('',#3460,#3457,#3958,.T.);
#2709=EDGE_CURVE('',#3458,#3461,#163,.T.);
#2710=EDGE_CURVE('',#3462,#3461,#3959,.T.);
#2711=EDGE_CURVE('',#3459,#3462,#164,.T.);
#2712=EDGE_CURVE('',#3463,#3464,#165,.T.);
#2713=EDGE_CURVE('',#3465,#3464,#3960,.T.);
#2714=EDGE_CURVE('',#3466,#3465,#166,.T.);
#2715=EDGE_CURVE('',#3466,#3463,#3961,.T.);
#2716=EDGE_CURVE('',#3461,#3463,#167,.T.);
#2717=EDGE_CURVE('',#3462,#3466,#168,.T.);
#2718=EDGE_CURVE('',#3467,#3468,#169,.T.);
#2719=EDGE_CURVE('',#3469,#3468,#3962,.T.);
#2720=EDGE_CURVE('',#3470,#3469,#170,.T.);
#2721=EDGE_CURVE('',#3470,#3467,#3963,.T.);
#2722=EDGE_CURVE('',#3468,#3471,#171,.T.);
#2723=EDGE_CURVE('',#3472,#3471,#3964,.T.);
#2724=EDGE_CURVE('',#3469,#3472,#172,.T.);
#2725=EDGE_CURVE('',#3473,#3474,#173,.T.);
#2726=EDGE_CURVE('',#3475,#3474,#3965,.T.);
#2727=EDGE_CURVE('',#3476,#3475,#174,.T.);
#2728=EDGE_CURVE('',#3476,#3473,#3966,.T.);
#2729=EDGE_CURVE('',#3471,#3473,#175,.T.);
#2730=EDGE_CURVE('',#3472,#3476,#176,.T.);
#2731=EDGE_CURVE('',#3477,#3478,#177,.T.);
#2732=EDGE_CURVE('',#3479,#3478,#3967,.T.);
#2733=EDGE_CURVE('',#3480,#3479,#178,.T.);
#2734=EDGE_CURVE('',#3480,#3477,#3968,.T.);
#2735=EDGE_CURVE('',#3481,#3482,#179,.T.);
#2736=EDGE_CURVE('',#3483,#3482,#3969,.T.);
#2737=EDGE_CURVE('',#3484,#3483,#180,.T.);
#2738=EDGE_CURVE('',#3484,#3481,#3970,.T.);
#2739=EDGE_CURVE('',#3485,#3477,#181,.T.);
#2740=EDGE_CURVE('',#3486,#3480,#182,.T.);
#2741=EDGE_CURVE('',#3486,#3485,#3971,.T.);
#2742=EDGE_CURVE('',#3487,#3485,#183,.T.);
#2743=EDGE_CURVE('',#3488,#3486,#184,.T.);
#2744=EDGE_CURVE('',#3488,#3487,#3972,.T.);
#2745=EDGE_CURVE('',#3489,#3490,#185,.T.);
#2746=EDGE_CURVE('',#3491,#3490,#3973,.T.);
#2747=EDGE_CURVE('',#3492,#3491,#186,.T.);
#2748=EDGE_CURVE('',#3492,#3489,#3974,.T.);
#2749=EDGE_CURVE('',#3493,#3494,#187,.T.);
#2750=EDGE_CURVE('',#3495,#3494,#3975,.T.);
#2751=EDGE_CURVE('',#3496,#3495,#188,.T.);
#2752=EDGE_CURVE('',#3496,#3493,#3976,.T.);
#2753=EDGE_CURVE('',#3494,#3497,#189,.T.);
#2754=EDGE_CURVE('',#3498,#3497,#3977,.T.);
#2755=EDGE_CURVE('',#3495,#3498,#190,.T.);
#2756=EDGE_CURVE('',#3499,#3489,#191,.T.);
#2757=EDGE_CURVE('',#3500,#3492,#192,.T.);
#2758=EDGE_CURVE('',#3500,#3499,#3978,.T.);
#2759=EDGE_CURVE('',#3501,#3502,#193,.T.);
#2760=EDGE_CURVE('',#3503,#3502,#3979,.T.);
#2761=EDGE_CURVE('',#3504,#3503,#194,.T.);
#2762=EDGE_CURVE('',#3504,#3501,#3980,.T.);
#2763=EDGE_CURVE('',#3505,#3506,#195,.T.);
#2764=EDGE_CURVE('',#3507,#3506,#3981,.T.);
#2765=EDGE_CURVE('',#3508,#3507,#196,.T.);
#2766=EDGE_CURVE('',#3508,#3505,#3982,.T.);
#2767=EDGE_CURVE('',#3506,#3509,#197,.T.);
#2768=EDGE_CURVE('',#3510,#3509,#3983,.T.);
#2769=EDGE_CURVE('',#3507,#3510,#198,.T.);
#2770=EDGE_CURVE('',#3511,#3501,#199,.T.);
#2771=EDGE_CURVE('',#3512,#3504,#200,.T.);
#2772=EDGE_CURVE('',#3512,#3511,#3984,.T.);
#2773=EDGE_CURVE('',#3513,#3514,#201,.T.);
#2774=EDGE_CURVE('',#3515,#3514,#3985,.T.);
#2775=EDGE_CURVE('',#3516,#3515,#202,.T.);
#2776=EDGE_CURVE('',#3516,#3513,#3986,.T.);
#2777=EDGE_CURVE('',#3517,#3518,#203,.T.);
#2778=EDGE_CURVE('',#3519,#3518,#3987,.T.);
#2779=EDGE_CURVE('',#3520,#3519,#204,.T.);
#2780=EDGE_CURVE('',#3520,#3517,#3988,.T.);
#2781=EDGE_CURVE('',#3518,#3521,#205,.T.);
#2782=EDGE_CURVE('',#3522,#3521,#3989,.T.);
#2783=EDGE_CURVE('',#3519,#3522,#206,.T.);
#2784=EDGE_CURVE('',#3523,#3513,#207,.T.);
#2785=EDGE_CURVE('',#3524,#3516,#208,.T.);
#2786=EDGE_CURVE('',#3524,#3523,#3990,.T.);
#2787=EDGE_CURVE('',#3525,#3526,#209,.T.);
#2788=EDGE_CURVE('',#3527,#3526,#3991,.T.);
#2789=EDGE_CURVE('',#3528,#3527,#210,.T.);
#2790=EDGE_CURVE('',#3528,#3525,#3992,.T.);
#2791=EDGE_CURVE('',#3529,#3530,#211,.T.);
#2792=EDGE_CURVE('',#3531,#3530,#3993,.T.);
#2793=EDGE_CURVE('',#3532,#3531,#212,.T.);
#2794=EDGE_CURVE('',#3532,#3529,#3994,.T.);
#2795=EDGE_CURVE('',#3530,#3533,#213,.T.);
#2796=EDGE_CURVE('',#3534,#3533,#3995,.T.);
#2797=EDGE_CURVE('',#3531,#3534,#214,.T.);
#2798=EDGE_CURVE('',#3535,#3525,#215,.T.);
#2799=EDGE_CURVE('',#3536,#3528,#216,.T.);
#2800=EDGE_CURVE('',#3536,#3535,#3996,.T.);
#2801=EDGE_CURVE('',#3537,#3538,#217,.T.);
#2802=EDGE_CURVE('',#3539,#3538,#3997,.T.);
#2803=EDGE_CURVE('',#3540,#3539,#218,.T.);
#2804=EDGE_CURVE('',#3540,#3537,#3998,.T.);
#2805=EDGE_CURVE('',#3541,#3542,#219,.T.);
#2806=EDGE_CURVE('',#3543,#3542,#3999,.T.);
#2807=EDGE_CURVE('',#3544,#3543,#220,.T.);
#2808=EDGE_CURVE('',#3544,#3541,#4000,.T.);
#2809=EDGE_CURVE('',#3542,#3545,#221,.T.);
#2810=EDGE_CURVE('',#3546,#3545,#4001,.T.);
#2811=EDGE_CURVE('',#3543,#3546,#222,.T.);
#2812=EDGE_CURVE('',#3547,#3537,#223,.T.);
#2813=EDGE_CURVE('',#3548,#3540,#224,.T.);
#2814=EDGE_CURVE('',#3548,#3547,#4002,.T.);
#2815=EDGE_CURVE('',#3549,#3550,#225,.T.);
#2816=EDGE_CURVE('',#3551,#3550,#4003,.T.);
#2817=EDGE_CURVE('',#3552,#3551,#226,.T.);
#2818=EDGE_CURVE('',#3552,#3549,#4004,.T.);
#2819=EDGE_CURVE('',#3553,#3554,#227,.T.);
#2820=EDGE_CURVE('',#3555,#3554,#4005,.T.);
#2821=EDGE_CURVE('',#3556,#3555,#228,.T.);
#2822=EDGE_CURVE('',#3556,#3553,#4006,.T.);
#2823=EDGE_CURVE('',#3554,#3557,#229,.T.);
#2824=EDGE_CURVE('',#3558,#3557,#4007,.T.);
#2825=EDGE_CURVE('',#3555,#3558,#230,.T.);
#2826=EDGE_CURVE('',#3559,#3549,#231,.T.);
#2827=EDGE_CURVE('',#3560,#3552,#232,.T.);
#2828=EDGE_CURVE('',#3560,#3559,#4008,.T.);
#2829=EDGE_CURVE('',#3561,#3562,#233,.T.);
#2830=EDGE_CURVE('',#3563,#3562,#4009,.T.);
#2831=EDGE_CURVE('',#3564,#3563,#234,.T.);
#2832=EDGE_CURVE('',#3564,#3561,#4010,.T.);
#2833=EDGE_CURVE('',#3565,#3566,#235,.T.);
#2834=EDGE_CURVE('',#3567,#3566,#4011,.T.);
#2835=EDGE_CURVE('',#3568,#3567,#236,.T.);
#2836=EDGE_CURVE('',#3568,#3565,#4012,.T.);
#2837=EDGE_CURVE('',#3566,#3569,#237,.T.);
#2838=EDGE_CURVE('',#3570,#3569,#4013,.T.);
#2839=EDGE_CURVE('',#3567,#3570,#238,.T.);
#2840=EDGE_CURVE('',#3571,#3561,#239,.T.);
#2841=EDGE_CURVE('',#3572,#3564,#240,.T.);
#2842=EDGE_CURVE('',#3572,#3571,#4014,.T.);
#2843=EDGE_CURVE('',#3573,#3574,#241,.T.);
#2844=EDGE_CURVE('',#3575,#3574,#4015,.T.);
#2845=EDGE_CURVE('',#3576,#3575,#242,.T.);
#2846=EDGE_CURVE('',#3576,#3573,#4016,.T.);
#2847=EDGE_CURVE('',#3577,#3578,#243,.T.);
#2848=EDGE_CURVE('',#3579,#3578,#4017,.T.);
#2849=EDGE_CURVE('',#3580,#3579,#244,.T.);
#2850=EDGE_CURVE('',#3580,#3577,#4018,.T.);
#2851=EDGE_CURVE('',#3578,#3581,#245,.T.);
#2852=EDGE_CURVE('',#3582,#3581,#4019,.T.);
#2853=EDGE_CURVE('',#3579,#3582,#246,.T.);
#2854=EDGE_CURVE('',#3581,#3583,#247,.T.);
#2855=EDGE_CURVE('',#3584,#3583,#4020,.T.);
#2856=EDGE_CURVE('',#3582,#3584,#248,.T.);
#2857=EDGE_CURVE('',#3585,#3586,#249,.T.);
#2858=EDGE_CURVE('',#3587,#3586,#4021,.T.);
#2859=EDGE_CURVE('',#3588,#3587,#250,.T.);
#2860=EDGE_CURVE('',#3588,#3585,#4022,.T.);
#2861=EDGE_CURVE('',#3589,#3590,#251,.T.);
#2862=EDGE_CURVE('',#3591,#3590,#4023,.T.);
#2863=EDGE_CURVE('',#3592,#3591,#252,.T.);
#2864=EDGE_CURVE('',#3592,#3589,#4024,.T.);
#2865=EDGE_CURVE('',#3590,#3593,#253,.T.);
#2866=EDGE_CURVE('',#3594,#3593,#4025,.T.);
#2867=EDGE_CURVE('',#3591,#3594,#254,.T.);
#2868=EDGE_CURVE('',#3593,#3595,#255,.T.);
#2869=EDGE_CURVE('',#3596,#3595,#4026,.T.);
#2870=EDGE_CURVE('',#3594,#3596,#256,.T.);
#2871=EDGE_CURVE('',#3597,#3598,#257,.T.);
#2872=EDGE_CURVE('',#3599,#3598,#4027,.T.);
#2873=EDGE_CURVE('',#3600,#3599,#258,.T.);
#2874=EDGE_CURVE('',#3600,#3597,#4028,.T.);
#2875=EDGE_CURVE('',#3601,#3602,#259,.T.);
#2876=EDGE_CURVE('',#3603,#3602,#4029,.T.);
#2877=EDGE_CURVE('',#3604,#3603,#260,.T.);
#2878=EDGE_CURVE('',#3604,#3601,#4030,.T.);
#2879=EDGE_CURVE('',#3605,#3597,#261,.T.);
#2880=EDGE_CURVE('',#3606,#3600,#262,.T.);
#2881=EDGE_CURVE('',#3606,#3605,#4031,.T.);
#2882=EDGE_CURVE('',#3602,#3607,#263,.T.);
#2883=EDGE_CURVE('',#3608,#3607,#4032,.T.);
#2884=EDGE_CURVE('',#3603,#3608,#264,.T.);
#2885=EDGE_CURVE('',#3609,#3610,#265,.T.);
#2886=EDGE_CURVE('',#3611,#3610,#4033,.T.);
#2887=EDGE_CURVE('',#3612,#3611,#266,.T.);
#2888=EDGE_CURVE('',#3612,#3609,#4034,.T.);
#2889=EDGE_CURVE('',#3613,#3614,#267,.T.);
#2890=EDGE_CURVE('',#3615,#3614,#4035,.T.);
#2891=EDGE_CURVE('',#3616,#3615,#268,.T.);
#2892=EDGE_CURVE('',#3616,#3613,#4036,.T.);
#2893=EDGE_CURVE('',#3617,#3609,#269,.T.);
#2894=EDGE_CURVE('',#3618,#3612,#270,.T.);
#2895=EDGE_CURVE('',#3618,#3617,#4037,.T.);
#2896=EDGE_CURVE('',#3614,#3619,#271,.T.);
#2897=EDGE_CURVE('',#3620,#3619,#4038,.T.);
#2898=EDGE_CURVE('',#3615,#3620,#272,.T.);
#2899=EDGE_CURVE('',#3621,#3622,#273,.T.);
#2900=EDGE_CURVE('',#3623,#3622,#4039,.T.);
#2901=EDGE_CURVE('',#3624,#3623,#274,.T.);
#2902=EDGE_CURVE('',#3624,#3621,#4040,.T.);
#2903=EDGE_CURVE('',#3625,#3626,#275,.T.);
#2904=EDGE_CURVE('',#3627,#3626,#4041,.T.);
#2905=EDGE_CURVE('',#3628,#3627,#276,.T.);
#2906=EDGE_CURVE('',#3628,#3625,#4042,.T.);
#2907=EDGE_CURVE('',#3629,#3621,#277,.T.);
#2908=EDGE_CURVE('',#3630,#3624,#278,.T.);
#2909=EDGE_CURVE('',#3630,#3629,#4043,.T.);
#2910=EDGE_CURVE('',#3626,#3631,#279,.T.);
#2911=EDGE_CURVE('',#3632,#3631,#4044,.T.);
#2912=EDGE_CURVE('',#3627,#3632,#280,.T.);
#2913=EDGE_CURVE('',#3633,#3634,#281,.T.);
#2914=EDGE_CURVE('',#3635,#3634,#4045,.T.);
#2915=EDGE_CURVE('',#3636,#3635,#282,.T.);
#2916=EDGE_CURVE('',#3636,#3633,#4046,.T.);
#2917=EDGE_CURVE('',#3637,#3638,#283,.T.);
#2918=EDGE_CURVE('',#3639,#3638,#4047,.T.);
#2919=EDGE_CURVE('',#3640,#3639,#284,.T.);
#2920=EDGE_CURVE('',#3640,#3637,#4048,.T.);
#2921=EDGE_CURVE('',#3641,#3633,#285,.T.);
#2922=EDGE_CURVE('',#3642,#3636,#286,.T.);
#2923=EDGE_CURVE('',#3642,#3641,#4049,.T.);
#2924=EDGE_CURVE('',#3638,#3643,#287,.T.);
#2925=EDGE_CURVE('',#3644,#3643,#4050,.T.);
#2926=EDGE_CURVE('',#3639,#3644,#288,.T.);
#2927=EDGE_CURVE('',#3645,#3646,#289,.T.);
#2928=EDGE_CURVE('',#3647,#3646,#4051,.T.);
#2929=EDGE_CURVE('',#3648,#3647,#290,.T.);
#2930=EDGE_CURVE('',#3648,#3645,#4052,.T.);
#2931=EDGE_CURVE('',#3649,#3650,#291,.T.);
#2932=EDGE_CURVE('',#3651,#3650,#4053,.T.);
#2933=EDGE_CURVE('',#3652,#3651,#292,.T.);
#2934=EDGE_CURVE('',#3652,#3649,#4054,.T.);
#2935=EDGE_CURVE('',#3653,#3645,#293,.T.);
#2936=EDGE_CURVE('',#3654,#3648,#294,.T.);
#2937=EDGE_CURVE('',#3654,#3653,#4055,.T.);
#2938=EDGE_CURVE('',#3650,#3655,#295,.T.);
#2939=EDGE_CURVE('',#3656,#3655,#4056,.T.);
#2940=EDGE_CURVE('',#3651,#3656,#296,.T.);
#2941=EDGE_CURVE('',#3657,#3658,#297,.T.);
#2942=EDGE_CURVE('',#3659,#3658,#4057,.T.);
#2943=EDGE_CURVE('',#3660,#3659,#298,.T.);
#2944=EDGE_CURVE('',#3660,#3657,#4058,.T.);
#2945=EDGE_CURVE('',#3661,#3662,#299,.T.);
#2946=EDGE_CURVE('',#3663,#3662,#4059,.T.);
#2947=EDGE_CURVE('',#3664,#3663,#300,.T.);
#2948=EDGE_CURVE('',#3664,#3661,#4060,.T.);
#2949=EDGE_CURVE('',#3665,#3657,#301,.T.);
#2950=EDGE_CURVE('',#3666,#3660,#302,.T.);
#2951=EDGE_CURVE('',#3666,#3665,#4061,.T.);
#2952=EDGE_CURVE('',#3662,#3667,#303,.T.);
#2953=EDGE_CURVE('',#3668,#3667,#4062,.T.);
#2954=EDGE_CURVE('',#3663,#3668,#304,.T.);
#2955=EDGE_CURVE('',#3669,#3670,#305,.T.);
#2956=EDGE_CURVE('',#3671,#3670,#4063,.T.);
#2957=EDGE_CURVE('',#3672,#3671,#306,.T.);
#2958=EDGE_CURVE('',#3672,#3669,#4064,.T.);
#2959=EDGE_CURVE('',#3673,#3674,#307,.T.);
#2960=EDGE_CURVE('',#3675,#3674,#4065,.T.);
#2961=EDGE_CURVE('',#3676,#3675,#308,.T.);
#2962=EDGE_CURVE('',#3676,#3673,#4066,.T.);
#2963=EDGE_CURVE('',#3677,#3669,#309,.T.);
#2964=EDGE_CURVE('',#3678,#3672,#310,.T.);
#2965=EDGE_CURVE('',#3678,#3677,#4067,.T.);
#2966=EDGE_CURVE('',#3679,#3677,#311,.T.);
#2967=EDGE_CURVE('',#3680,#3678,#312,.T.);
#2968=EDGE_CURVE('',#3680,#3679,#4068,.T.);
#2969=EDGE_CURVE('',#3681,#3682,#313,.T.);
#2970=EDGE_CURVE('',#3683,#3682,#4069,.T.);
#2971=EDGE_CURVE('',#3684,#3683,#314,.T.);
#2972=EDGE_CURVE('',#3684,#3681,#4070,.T.);
#2973=EDGE_CURVE('',#3685,#3686,#315,.T.);
#2974=EDGE_CURVE('',#3687,#3686,#4071,.T.);
#2975=EDGE_CURVE('',#3688,#3687,#316,.T.);
#2976=EDGE_CURVE('',#3688,#3685,#4072,.T.);
#2977=EDGE_CURVE('',#3689,#3681,#317,.T.);
#2978=EDGE_CURVE('',#3690,#3684,#318,.T.);
#2979=EDGE_CURVE('',#3690,#3689,#4073,.T.);
#2980=EDGE_CURVE('',#3686,#3691,#319,.T.);
#2981=EDGE_CURVE('',#3692,#3691,#4074,.T.);
#2982=EDGE_CURVE('',#3687,#3692,#320,.T.);
#2983=EDGE_CURVE('',#3691,#3689,#321,.T.);
#2984=EDGE_CURVE('',#3692,#3690,#322,.T.);
#2985=EDGE_CURVE('',#3693,#3694,#323,.T.);
#2986=EDGE_CURVE('',#3695,#3694,#4075,.T.);
#2987=EDGE_CURVE('',#3696,#3695,#324,.T.);
#2988=EDGE_CURVE('',#3696,#3693,#4076,.T.);
#2989=EDGE_CURVE('',#3697,#3698,#325,.T.);
#2990=EDGE_CURVE('',#3699,#3698,#4077,.T.);
#2991=EDGE_CURVE('',#3700,#3699,#326,.T.);
#2992=EDGE_CURVE('',#3700,#3697,#4078,.T.);
#2993=EDGE_CURVE('',#3694,#3701,#327,.T.);
#2994=EDGE_CURVE('',#3702,#3701,#4079,.T.);
#2995=EDGE_CURVE('',#3695,#3702,#328,.T.);
#2996=EDGE_CURVE('',#3701,#3697,#329,.T.);
#2997=EDGE_CURVE('',#3702,#3700,#330,.T.);
#2998=EDGE_CURVE('',#3703,#3704,#331,.T.);
#2999=EDGE_CURVE('',#3705,#3704,#4080,.T.);
#3000=EDGE_CURVE('',#3706,#3705,#332,.T.);
#3001=EDGE_CURVE('',#3706,#3703,#4081,.T.);
#3002=EDGE_CURVE('',#3707,#3708,#333,.T.);
#3003=EDGE_CURVE('',#3709,#3708,#4082,.T.);
#3004=EDGE_CURVE('',#3710,#3709,#334,.T.);
#3005=EDGE_CURVE('',#3710,#3707,#4083,.T.);
#3006=EDGE_CURVE('',#3704,#3711,#335,.T.);
#3007=EDGE_CURVE('',#3712,#3711,#4084,.T.);
#3008=EDGE_CURVE('',#3705,#3712,#336,.T.);
#3009=EDGE_CURVE('',#3711,#3707,#337,.T.);
#3010=EDGE_CURVE('',#3712,#3710,#338,.T.);
#3011=EDGE_CURVE('',#3713,#3714,#339,.T.);
#3012=EDGE_CURVE('',#3715,#3714,#4085,.T.);
#3013=EDGE_CURVE('',#3716,#3715,#340,.T.);
#3014=EDGE_CURVE('',#3716,#3713,#4086,.T.);
#3015=EDGE_CURVE('',#3717,#3718,#341,.T.);
#3016=EDGE_CURVE('',#3719,#3718,#4087,.T.);
#3017=EDGE_CURVE('',#3720,#3719,#342,.T.);
#3018=EDGE_CURVE('',#3720,#3717,#4088,.T.);
#3019=EDGE_CURVE('',#3714,#3721,#343,.T.);
#3020=EDGE_CURVE('',#3722,#3721,#4089,.T.);
#3021=EDGE_CURVE('',#3715,#3722,#344,.T.);
#3022=EDGE_CURVE('',#3721,#3717,#345,.T.);
#3023=EDGE_CURVE('',#3722,#3720,#346,.T.);
#3024=EDGE_CURVE('',#3723,#3724,#347,.T.);
#3025=EDGE_CURVE('',#3725,#3724,#4090,.T.);
#3026=EDGE_CURVE('',#3726,#3725,#348,.T.);
#3027=EDGE_CURVE('',#3726,#3723,#4091,.T.);
#3028=EDGE_CURVE('',#3727,#3728,#349,.T.);
#3029=EDGE_CURVE('',#3729,#3728,#4092,.T.);
#3030=EDGE_CURVE('',#3730,#3729,#350,.T.);
#3031=EDGE_CURVE('',#3730,#3727,#4093,.T.);
#3032=EDGE_CURVE('',#3724,#3731,#351,.T.);
#3033=EDGE_CURVE('',#3732,#3731,#4094,.T.);
#3034=EDGE_CURVE('',#3725,#3732,#352,.T.);
#3035=EDGE_CURVE('',#3731,#3727,#353,.T.);
#3036=EDGE_CURVE('',#3732,#3730,#354,.T.);
#3037=EDGE_CURVE('',#3733,#3734,#355,.T.);
#3038=EDGE_CURVE('',#3735,#3734,#4095,.T.);
#3039=EDGE_CURVE('',#3736,#3735,#356,.T.);
#3040=EDGE_CURVE('',#3736,#3733,#4096,.T.);
#3041=EDGE_CURVE('',#3737,#3733,#357,.T.);
#3042=EDGE_CURVE('',#3738,#3736,#358,.T.);
#3043=EDGE_CURVE('',#3738,#3737,#4097,.T.);
#3044=EDGE_CURVE('',#3739,#3740,#359,.T.);
#3045=EDGE_CURVE('',#3741,#3740,#4098,.T.);
#3046=EDGE_CURVE('',#3742,#3741,#360,.T.);
#3047=EDGE_CURVE('',#3742,#3739,#4099,.T.);
#3048=EDGE_CURVE('',#3740,#3737,#361,.T.);
#3049=EDGE_CURVE('',#3741,#3738,#362,.T.);
#3050=EDGE_CURVE('',#3743,#3744,#363,.T.);
#3051=EDGE_CURVE('',#3745,#3744,#4100,.T.);
#3052=EDGE_CURVE('',#3746,#3745,#364,.T.);
#3053=EDGE_CURVE('',#3746,#3743,#4101,.T.);
#3054=EDGE_CURVE('',#3747,#3743,#365,.T.);
#3055=EDGE_CURVE('',#3748,#3746,#366,.T.);
#3056=EDGE_CURVE('',#3748,#3747,#4102,.T.);
#3057=EDGE_CURVE('',#3749,#3750,#367,.T.);
#3058=EDGE_CURVE('',#3751,#3750,#4103,.T.);
#3059=EDGE_CURVE('',#3752,#3751,#368,.T.);
#3060=EDGE_CURVE('',#3752,#3749,#4104,.T.);
#3061=EDGE_CURVE('',#3750,#3747,#369,.T.);
#3062=EDGE_CURVE('',#3751,#3748,#370,.T.);
#3063=EDGE_CURVE('',#3753,#3754,#371,.T.);
#3064=EDGE_CURVE('',#3755,#3754,#4105,.T.);
#3065=EDGE_CURVE('',#3756,#3755,#372,.T.);
#3066=EDGE_CURVE('',#3756,#3753,#4106,.T.);
#3067=EDGE_CURVE('',#3757,#3753,#373,.T.);
#3068=EDGE_CURVE('',#3758,#3756,#374,.T.);
#3069=EDGE_CURVE('',#3758,#3757,#4107,.T.);
#3070=EDGE_CURVE('',#3759,#3760,#375,.T.);
#3071=EDGE_CURVE('',#3761,#3760,#4108,.T.);
#3072=EDGE_CURVE('',#3762,#3761,#376,.T.);
#3073=EDGE_CURVE('',#3762,#3759,#4109,.T.);
#3074=EDGE_CURVE('',#3760,#3757,#377,.T.);
#3075=EDGE_CURVE('',#3761,#3758,#378,.T.);
#3076=EDGE_CURVE('',#3763,#3764,#379,.T.);
#3077=EDGE_CURVE('',#3765,#3764,#4110,.T.);
#3078=EDGE_CURVE('',#3766,#3765,#380,.T.);
#3079=EDGE_CURVE('',#3766,#3763,#4111,.T.);
#3080=EDGE_CURVE('',#3767,#3763,#381,.T.);
#3081=EDGE_CURVE('',#3768,#3766,#382,.T.);
#3082=EDGE_CURVE('',#3768,#3767,#4112,.T.);
#3083=EDGE_CURVE('',#3769,#3770,#383,.T.);
#3084=EDGE_CURVE('',#3771,#3770,#4113,.T.);
#3085=EDGE_CURVE('',#3772,#3771,#384,.T.);
#3086=EDGE_CURVE('',#3772,#3769,#4114,.T.);
#3087=EDGE_CURVE('',#3770,#3767,#385,.T.);
#3088=EDGE_CURVE('',#3771,#3768,#386,.T.);
#3089=EDGE_CURVE('',#3773,#3774,#387,.T.);
#3090=EDGE_CURVE('',#3775,#3774,#4115,.T.);
#3091=EDGE_CURVE('',#3776,#3775,#388,.T.);
#3092=EDGE_CURVE('',#3776,#3773,#4116,.T.);
#3093=EDGE_CURVE('',#3774,#3777,#389,.T.);
#3094=EDGE_CURVE('',#3778,#3777,#4117,.T.);
#3095=EDGE_CURVE('',#3775,#3778,#390,.T.);
#3096=EDGE_CURVE('',#3777,#3779,#391,.T.);
#3097=EDGE_CURVE('',#3780,#3779,#4118,.T.);
#3098=EDGE_CURVE('',#3778,#3780,#392,.T.);
#3099=EDGE_CURVE('',#3779,#3781,#393,.T.);
#3100=EDGE_CURVE('',#3782,#3781,#4119,.T.);
#3101=EDGE_CURVE('',#3780,#3782,#394,.T.);
#3102=EDGE_CURVE('',#3781,#3783,#395,.T.);
#3103=EDGE_CURVE('',#3784,#3783,#4120,.T.);
#3104=EDGE_CURVE('',#3782,#3784,#396,.T.);
#3105=EDGE_CURVE('',#3785,#3785,#397,.F.);
#3106=EDGE_CURVE('',#3786,#3786,#398,.T.);
#3107=EDGE_CURVE('',#3773,#3574,#399,.T.);
#3108=EDGE_CURVE('',#3583,#3573,#400,.T.);
#3109=EDGE_CURVE('',#3577,#3586,#401,.T.);
#3110=EDGE_CURVE('',#3595,#3585,#402,.T.);
#3111=EDGE_CURVE('',#3589,#3562,#403,.T.);
#3112=EDGE_CURVE('',#3569,#3571,#404,.T.);
#3113=EDGE_CURVE('',#3565,#3598,#405,.T.);
#3114=EDGE_CURVE('',#3607,#3605,#406,.T.);
#3115=EDGE_CURVE('',#3601,#3550,#407,.T.);
#3116=EDGE_CURVE('',#3557,#3559,#408,.T.);
#3117=EDGE_CURVE('',#3553,#3610,#409,.T.);
#3118=EDGE_CURVE('',#3619,#3617,#410,.T.);
#3119=EDGE_CURVE('',#3613,#3538,#411,.T.);
#3120=EDGE_CURVE('',#3545,#3547,#412,.T.);
#3121=EDGE_CURVE('',#3541,#3622,#413,.T.);
#3122=EDGE_CURVE('',#3631,#3629,#414,.T.);
#3123=EDGE_CURVE('',#3625,#3526,#415,.T.);
#3124=EDGE_CURVE('',#3533,#3535,#416,.T.);
#3125=EDGE_CURVE('',#3529,#3634,#417,.T.);
#3126=EDGE_CURVE('',#3643,#3641,#418,.T.);
#3127=EDGE_CURVE('',#3637,#3514,#419,.T.);
#3128=EDGE_CURVE('',#3521,#3523,#420,.T.);
#3129=EDGE_CURVE('',#3517,#3646,#421,.T.);
#3130=EDGE_CURVE('',#3655,#3653,#422,.T.);
#3131=EDGE_CURVE('',#3649,#3502,#423,.T.);
#3132=EDGE_CURVE('',#3509,#3511,#424,.T.);
#3133=EDGE_CURVE('',#3505,#3658,#425,.T.);
#3134=EDGE_CURVE('',#3667,#3665,#426,.T.);
#3135=EDGE_CURVE('',#3661,#3490,#427,.T.);
#3136=EDGE_CURVE('',#3497,#3499,#428,.T.);
#3137=EDGE_CURVE('',#3493,#3670,#429,.T.);
#3138=EDGE_CURVE('',#3674,#3679,#430,.T.);
#3139=EDGE_CURVE('',#3673,#3478,#431,.T.);
#3140=EDGE_CURVE('',#3482,#3487,#432,.T.);
#3141=EDGE_CURVE('',#3481,#3682,#433,.T.);
#3142=EDGE_CURVE('',#3685,#3787,#434,.T.);
#3143=EDGE_CURVE('',#3474,#3787,#435,.T.);
#3144=EDGE_CURVE('',#3467,#3788,#436,.T.);
#3145=EDGE_CURVE('',#3698,#3788,#437,.T.);
#3146=EDGE_CURVE('',#3693,#3789,#438,.T.);
#3147=EDGE_CURVE('',#3464,#3789,#439,.T.);
#3148=EDGE_CURVE('',#3457,#3790,#440,.T.);
#3149=EDGE_CURVE('',#3708,#3790,#441,.T.);
#3150=EDGE_CURVE('',#3703,#3791,#442,.T.);
#3151=EDGE_CURVE('',#3454,#3791,#443,.T.);
#3152=EDGE_CURVE('',#3447,#3792,#444,.T.);
#3153=EDGE_CURVE('',#3718,#3792,#445,.T.);
#3154=EDGE_CURVE('',#3713,#3793,#446,.T.);
#3155=EDGE_CURVE('',#3444,#3793,#447,.T.);
#3156=EDGE_CURVE('',#3437,#3794,#448,.T.);
#3157=EDGE_CURVE('',#3728,#3794,#449,.T.);
#3158=EDGE_CURVE('',#3723,#3795,#450,.T.);
#3159=EDGE_CURVE('',#3434,#3795,#451,.T.);
#3160=EDGE_CURVE('',#3796,#3429,#452,.T.);
#3161=EDGE_CURVE('',#3796,#3734,#453,.T.);
#3162=EDGE_CURVE('',#3797,#3739,#454,.T.);
#3163=EDGE_CURVE('',#3797,#3420,#455,.T.);
#3164=EDGE_CURVE('',#3798,#3423,#456,.T.);
#3165=EDGE_CURVE('',#3798,#3744,#457,.T.);
#3166=EDGE_CURVE('',#3799,#3749,#458,.T.);
#3167=EDGE_CURVE('',#3799,#3410,#459,.T.);
#3168=EDGE_CURVE('',#3800,#3413,#460,.T.);
#3169=EDGE_CURVE('',#3800,#3754,#461,.T.);
#3170=EDGE_CURVE('',#3801,#3759,#462,.T.);
#3171=EDGE_CURVE('',#3801,#3400,#463,.T.);
#3172=EDGE_CURVE('',#3802,#3403,#464,.T.);
#3173=EDGE_CURVE('',#3802,#3764,#465,.T.);
#3174=EDGE_CURVE('',#3803,#3769,#466,.T.);
#3175=EDGE_CURVE('',#3803,#3397,#467,.T.);
#3176=EDGE_CURVE('',#3804,#3389,#468,.T.);
#3177=EDGE_CURVE('',#3804,#3783,#469,.T.);
#3178=EDGE_CURVE('',#3776,#3575,#470,.T.);
#3179=EDGE_CURVE('',#3805,#3805,#471,.T.);
#3180=EDGE_CURVE('',#3806,#3784,#472,.T.);
#3181=EDGE_CURVE('',#3806,#3392,#473,.T.);
#3182=EDGE_CURVE('',#3807,#3398,#474,.T.);
#3183=EDGE_CURVE('',#3807,#3772,#475,.T.);
#3184=EDGE_CURVE('',#3808,#3765,#476,.T.);
#3185=EDGE_CURVE('',#3808,#3406,#477,.T.);
#3186=EDGE_CURVE('',#3809,#3401,#478,.T.);
#3187=EDGE_CURVE('',#3809,#3762,#479,.T.);
#3188=EDGE_CURVE('',#3810,#3755,#480,.T.);
#3189=EDGE_CURVE('',#3810,#3416,#481,.T.);
#3190=EDGE_CURVE('',#3811,#3411,#482,.T.);
#3191=EDGE_CURVE('',#3811,#3752,#483,.T.);
#3192=EDGE_CURVE('',#3812,#3745,#484,.T.);
#3193=EDGE_CURVE('',#3812,#3426,#485,.T.);
#3194=EDGE_CURVE('',#3813,#3421,#486,.T.);
#3195=EDGE_CURVE('',#3813,#3742,#487,.T.);
#3196=EDGE_CURVE('',#3814,#3735,#488,.T.);
#3197=EDGE_CURVE('',#3814,#3432,#489,.T.);
#3198=EDGE_CURVE('',#3435,#3815,#490,.T.);
#3199=EDGE_CURVE('',#3726,#3815,#491,.T.);
#3200=EDGE_CURVE('',#3729,#3816,#492,.T.);
#3201=EDGE_CURVE('',#3440,#3816,#493,.T.);
#3202=EDGE_CURVE('',#3445,#3817,#494,.T.);
#3203=EDGE_CURVE('',#3716,#3817,#495,.T.);
#3204=EDGE_CURVE('',#3719,#3818,#496,.T.);
#3205=EDGE_CURVE('',#3450,#3818,#497,.T.);
#3206=EDGE_CURVE('',#3455,#3819,#498,.T.);
#3207=EDGE_CURVE('',#3706,#3819,#499,.T.);
#3208=EDGE_CURVE('',#3709,#3820,#500,.T.);
#3209=EDGE_CURVE('',#3460,#3820,#501,.T.);
#3210=EDGE_CURVE('',#3465,#3821,#502,.T.);
#3211=EDGE_CURVE('',#3696,#3821,#503,.T.);
#3212=EDGE_CURVE('',#3699,#3822,#504,.T.);
#3213=EDGE_CURVE('',#3470,#3822,#505,.T.);
#3214=EDGE_CURVE('',#3475,#3823,#506,.T.);
#3215=EDGE_CURVE('',#3688,#3823,#507,.T.);
#3216=EDGE_CURVE('',#3484,#3683,#508,.T.);
#3217=EDGE_CURVE('',#3483,#3488,#509,.T.);
#3218=EDGE_CURVE('',#3676,#3479,#510,.T.);
#3219=EDGE_CURVE('',#3675,#3680,#511,.T.);
#3220=EDGE_CURVE('',#3496,#3671,#512,.T.);
#3221=EDGE_CURVE('',#3498,#3500,#513,.T.);
#3222=EDGE_CURVE('',#3664,#3491,#514,.T.);
#3223=EDGE_CURVE('',#3668,#3666,#515,.T.);
#3224=EDGE_CURVE('',#3508,#3659,#516,.T.);
#3225=EDGE_CURVE('',#3510,#3512,#517,.T.);
#3226=EDGE_CURVE('',#3652,#3503,#518,.T.);
#3227=EDGE_CURVE('',#3656,#3654,#519,.T.);
#3228=EDGE_CURVE('',#3520,#3647,#520,.T.);
#3229=EDGE_CURVE('',#3522,#3524,#521,.T.);
#3230=EDGE_CURVE('',#3640,#3515,#522,.T.);
#3231=EDGE_CURVE('',#3644,#3642,#523,.T.);
#3232=EDGE_CURVE('',#3532,#3635,#524,.T.);
#3233=EDGE_CURVE('',#3534,#3536,#525,.T.);
#3234=EDGE_CURVE('',#3628,#3527,#526,.T.);
#3235=EDGE_CURVE('',#3632,#3630,#527,.T.);
#3236=EDGE_CURVE('',#3544,#3623,#528,.T.);
#3237=EDGE_CURVE('',#3546,#3548,#529,.T.);
#3238=EDGE_CURVE('',#3616,#3539,#530,.T.);
#3239=EDGE_CURVE('',#3620,#3618,#531,.T.);
#3240=EDGE_CURVE('',#3556,#3611,#532,.T.);
#3241=EDGE_CURVE('',#3558,#3560,#533,.T.);
#3242=EDGE_CURVE('',#3604,#3551,#534,.T.);
#3243=EDGE_CURVE('',#3608,#3606,#535,.T.);
#3244=EDGE_CURVE('',#3568,#3599,#536,.T.);
#3245=EDGE_CURVE('',#3570,#3572,#537,.T.);
#3246=EDGE_CURVE('',#3592,#3563,#538,.T.);
#3247=EDGE_CURVE('',#3596,#3588,#539,.T.);
#3248=EDGE_CURVE('',#3580,#3587,#540,.T.);
#3249=EDGE_CURVE('',#3584,#3576,#541,.T.);
#3250=EDGE_CURVE('',#3807,#3803,#4121,.T.);
#3251=EDGE_CURVE('',#3809,#3801,#4122,.T.);
#3252=EDGE_CURVE('',#3811,#3799,#4123,.T.);
#3253=EDGE_CURVE('',#3813,#3797,#4124,.T.);
#3254=EDGE_CURVE('',#3815,#3795,#4125,.T.);
#3255=EDGE_CURVE('',#3817,#3793,#4126,.T.);
#3256=EDGE_CURVE('',#3819,#3791,#4127,.T.);
#3257=EDGE_CURVE('',#3821,#3789,#4128,.T.);
#3258=EDGE_CURVE('',#3823,#3787,#4129,.T.);
#3259=EDGE_CURVE('',#3822,#3788,#4130,.T.);
#3260=EDGE_CURVE('',#3820,#3790,#4131,.T.);
#3261=EDGE_CURVE('',#3818,#3792,#4132,.T.);
#3262=EDGE_CURVE('',#3816,#3794,#4133,.T.);
#3263=EDGE_CURVE('',#3814,#3796,#4134,.T.);
#3264=EDGE_CURVE('',#3812,#3798,#4135,.T.);
#3265=EDGE_CURVE('',#3810,#3800,#4136,.T.);
#3266=EDGE_CURVE('',#3808,#3802,#4137,.T.);
#3267=EDGE_CURVE('',#3806,#3804,#4138,.T.);
#3268=EDGE_CURVE('',#3824,#3824,#542,.T.);
#3269=EDGE_CURVE('',#3825,#3825,#543,.T.);
#3270=VERTEX_POINT('',#8204);
#3271=VERTEX_POINT('',#8205);
#3272=VERTEX_POINT('',#8207);
#3273=VERTEX_POINT('',#8209);
#3274=VERTEX_POINT('',#8213);
#3275=VERTEX_POINT('',#8215);
#3276=VERTEX_POINT('',#8218);
#3277=VERTEX_POINT('',#8220);
#3278=VERTEX_POINT('',#8223);
#3279=VERTEX_POINT('',#8225);
#3280=VERTEX_POINT('',#8228);
#3281=VERTEX_POINT('',#8230);
#3282=VERTEX_POINT('',#8233);
#3283=VERTEX_POINT('',#8234);
#3284=VERTEX_POINT('',#8240);
#3285=VERTEX_POINT('',#8242);
#3286=VERTEX_POINT('',#8244);
#3287=VERTEX_POINT('',#8248);
#3288=VERTEX_POINT('',#8249);
#3289=VERTEX_POINT('',#8255);
#3290=VERTEX_POINT('',#8257);
#3291=VERTEX_POINT('',#8259);
#3292=VERTEX_POINT('',#8263);
#3293=VERTEX_POINT('',#8264);
#3294=VERTEX_POINT('',#8266);
#3295=VERTEX_POINT('',#8268);
#3296=VERTEX_POINT('',#8272);
#3297=VERTEX_POINT('',#8273);
#3298=VERTEX_POINT('',#8275);
#3299=VERTEX_POINT('',#8277);
#3300=VERTEX_POINT('',#8282);
#3301=VERTEX_POINT('',#8283);
#3302=VERTEX_POINT('',#8285);
#3303=VERTEX_POINT('',#8287);
#3304=VERTEX_POINT('',#8292);
#3305=VERTEX_POINT('',#8293);
#3306=VERTEX_POINT('',#8295);
#3307=VERTEX_POINT('',#8297);
#3308=VERTEX_POINT('',#8307);
#3309=VERTEX_POINT('',#8309);
#3310=VERTEX_POINT('',#8310);
#3311=VERTEX_POINT('',#8312);
#3312=VERTEX_POINT('',#8314);
#3313=VERTEX_POINT('',#8320);
#3314=VERTEX_POINT('',#8324);
#3315=VERTEX_POINT('',#8325);
#3316=VERTEX_POINT('',#8327);
#3317=VERTEX_POINT('',#8329);
#3318=VERTEX_POINT('',#8331);
#3319=VERTEX_POINT('',#8333);
#3320=VERTEX_POINT('',#8337);
#3321=VERTEX_POINT('',#8338);
#3322=VERTEX_POINT('',#8340);
#3323=VERTEX_POINT('',#8342);
#3324=VERTEX_POINT('',#8346);
#3325=VERTEX_POINT('',#8348);
#3326=VERTEX_POINT('',#8353);
#3327=VERTEX_POINT('',#8354);
#3328=VERTEX_POINT('',#8359);
#3329=VERTEX_POINT('',#8365);
#3330=VERTEX_POINT('',#8369);
#3331=VERTEX_POINT('',#8377);
#3332=VERTEX_POINT('',#8378);
#3333=VERTEX_POINT('',#8380);
#3334=VERTEX_POINT('',#8382);
#3335=VERTEX_POINT('',#8386);
#3336=VERTEX_POINT('',#8388);
#3337=VERTEX_POINT('',#8392);
#3338=VERTEX_POINT('',#8393);
#3339=VERTEX_POINT('',#8395);
#3340=VERTEX_POINT('',#8398);
#3341=VERTEX_POINT('',#8400);
#3342=VERTEX_POINT('',#8404);
#3343=VERTEX_POINT('',#8406);
#3344=VERTEX_POINT('',#8408);
#3345=VERTEX_POINT('',#8410);
#3346=VERTEX_POINT('',#8412);
#3347=VERTEX_POINT('',#8417);
#3348=VERTEX_POINT('',#8419);
#3349=VERTEX_POINT('',#8426);
#3350=VERTEX_POINT('',#8428);
#3351=VERTEX_POINT('',#8431);
#3352=VERTEX_POINT('',#8433);
#3353=VERTEX_POINT('',#8436);
#3354=VERTEX_POINT('',#8438);
#3355=VERTEX_POINT('',#8441);
#3356=VERTEX_POINT('',#8443);
#3357=VERTEX_POINT('',#8446);
#3358=VERTEX_POINT('',#8448);
#3359=VERTEX_POINT('',#8452);
#3360=VERTEX_POINT('',#8454);
#3361=VERTEX_POINT('',#8456);
#3362=VERTEX_POINT('',#8458);
#3363=VERTEX_POINT('',#8461);
#3364=VERTEX_POINT('',#8471);
#3365=VERTEX_POINT('',#8472);
#3366=VERTEX_POINT('',#8475);
#3367=VERTEX_POINT('',#8477);
#3368=VERTEX_POINT('',#8479);
#3369=VERTEX_POINT('',#8482);
#3370=VERTEX_POINT('',#8488);
#3371=VERTEX_POINT('',#8492);
#3372=VERTEX_POINT('',#8496);
#3373=VERTEX_POINT('',#8498);
#3374=VERTEX_POINT('',#8500);
#3375=VERTEX_POINT('',#8504);
#3376=VERTEX_POINT('',#8505);
#3377=VERTEX_POINT('',#8510);
#3378=VERTEX_POINT('',#8512);
#3379=VERTEX_POINT('',#8516);
#3380=VERTEX_POINT('',#8517);
#3381=VERTEX_POINT('',#8520);
#3382=VERTEX_POINT('',#8528);
#3383=VERTEX_POINT('',#8529);
#3384=VERTEX_POINT('',#8532);
#3385=VERTEX_POINT('',#8534);
#3386=VERTEX_POINT('',#8573);
#3387=VERTEX_POINT('',#8575);
#3388=VERTEX_POINT('',#8578);
#3389=VERTEX_POINT('',#8581);
#3390=VERTEX_POINT('',#8582);
#3391=VERTEX_POINT('',#8584);
#3392=VERTEX_POINT('',#8586);
#3393=VERTEX_POINT('',#8590);
#3394=VERTEX_POINT('',#8592);
#3395=VERTEX_POINT('',#8596);
#3396=VERTEX_POINT('',#8598);
#3397=VERTEX_POINT('',#8602);
#3398=VERTEX_POINT('',#8604);
#3399=VERTEX_POINT('',#8608);
#3400=VERTEX_POINT('',#8609);
#3401=VERTEX_POINT('',#8611);
#3402=VERTEX_POINT('',#8613);
#3403=VERTEX_POINT('',#8617);
#3404=VERTEX_POINT('',#8618);
#3405=VERTEX_POINT('',#8620);
#3406=VERTEX_POINT('',#8622);
#3407=VERTEX_POINT('',#8626);
#3408=VERTEX_POINT('',#8628);
#3409=VERTEX_POINT('',#8635);
#3410=VERTEX_POINT('',#8636);
#3411=VERTEX_POINT('',#8638);
#3412=VERTEX_POINT('',#8640);
#3413=VERTEX_POINT('',#8644);
#3414=VERTEX_POINT('',#8645);
#3415=VERTEX_POINT('',#8647);
#3416=VERTEX_POINT('',#8649);
#3417=VERTEX_POINT('',#8653);
#3418=VERTEX_POINT('',#8655);
#3419=VERTEX_POINT('',#8662);
#3420=VERTEX_POINT('',#8663);
#3421=VERTEX_POINT('',#8665);
#3422=VERTEX_POINT('',#8667);
#3423=VERTEX_POINT('',#8671);
#3424=VERTEX_POINT('',#8672);
#3425=VERTEX_POINT('',#8674);
#3426=VERTEX_POINT('',#8676);
#3427=VERTEX_POINT('',#8680);
#3428=VERTEX_POINT('',#8682);
#3429=VERTEX_POINT('',#8689);
#3430=VERTEX_POINT('',#8690);
#3431=VERTEX_POINT('',#8692);
#3432=VERTEX_POINT('',#8694);
#3433=VERTEX_POINT('',#8698);
#3434=VERTEX_POINT('',#8699);
#3435=VERTEX_POINT('',#8701);
#3436=VERTEX_POINT('',#8703);
#3437=VERTEX_POINT('',#8710);
#3438=VERTEX_POINT('',#8711);
#3439=VERTEX_POINT('',#8713);
#3440=VERTEX_POINT('',#8715);
#3441=VERTEX_POINT('',#8719);
#3442=VERTEX_POINT('',#8721);
#3443=VERTEX_POINT('',#8725);
#3444=VERTEX_POINT('',#8726);
#3445=VERTEX_POINT('',#8728);
#3446=VERTEX_POINT('',#8730);
#3447=VERTEX_POINT('',#8737);
#3448=VERTEX_POINT('',#8738);
#3449=VERTEX_POINT('',#8740);
#3450=VERTEX_POINT('',#8742);
#3451=VERTEX_POINT('',#8746);
#3452=VERTEX_POINT('',#8748);
#3453=VERTEX_POINT('',#8752);
#3454=VERTEX_POINT('',#8753);
#3455=VERTEX_POINT('',#8755);
#3456=VERTEX_POINT('',#8757);
#3457=VERTEX_POINT('',#8764);
#3458=VERTEX_POINT('',#8765);
#3459=VERTEX_POINT('',#8767);
#3460=VERTEX_POINT('',#8769);
#3461=VERTEX_POINT('',#8773);
#3462=VERTEX_POINT('',#8775);
#3463=VERTEX_POINT('',#8779);
#3464=VERTEX_POINT('',#8780);
#3465=VERTEX_POINT('',#8782);
#3466=VERTEX_POINT('',#8784);
#3467=VERTEX_POINT('',#8791);
#3468=VERTEX_POINT('',#8792);
#3469=VERTEX_POINT('',#8794);
#3470=VERTEX_POINT('',#8796);
#3471=VERTEX_POINT('',#8800);
#3472=VERTEX_POINT('',#8802);
#3473=VERTEX_POINT('',#8806);
#3474=VERTEX_POINT('',#8807);
#3475=VERTEX_POINT('',#8809);
#3476=VERTEX_POINT('',#8811);
#3477=VERTEX_POINT('',#8818);
#3478=VERTEX_POINT('',#8819);
#3479=VERTEX_POINT('',#8821);
#3480=VERTEX_POINT('',#8823);
#3481=VERTEX_POINT('',#8827);
#3482=VERTEX_POINT('',#8828);
#3483=VERTEX_POINT('',#8830);
#3484=VERTEX_POINT('',#8832);
#3485=VERTEX_POINT('',#8836);
#3486=VERTEX_POINT('',#8838);
#3487=VERTEX_POINT('',#8842);
#3488=VERTEX_POINT('',#8844);
#3489=VERTEX_POINT('',#8848);
#3490=VERTEX_POINT('',#8849);
#3491=VERTEX_POINT('',#8851);
#3492=VERTEX_POINT('',#8853);
#3493=VERTEX_POINT('',#8857);
#3494=VERTEX_POINT('',#8858);
#3495=VERTEX_POINT('',#8860);
#3496=VERTEX_POINT('',#8862);
#3497=VERTEX_POINT('',#8866);
#3498=VERTEX_POINT('',#8868);
#3499=VERTEX_POINT('',#8872);
#3500=VERTEX_POINT('',#8874);
#3501=VERTEX_POINT('',#8878);
#3502=VERTEX_POINT('',#8879);
#3503=VERTEX_POINT('',#8881);
#3504=VERTEX_POINT('',#8883);
#3505=VERTEX_POINT('',#8887);
#3506=VERTEX_POINT('',#8888);
#3507=VERTEX_POINT('',#8890);
#3508=VERTEX_POINT('',#8892);
#3509=VERTEX_POINT('',#8896);
#3510=VERTEX_POINT('',#8898);
#3511=VERTEX_POINT('',#8902);
#3512=VERTEX_POINT('',#8904);
#3513=VERTEX_POINT('',#8908);
#3514=VERTEX_POINT('',#8909);
#3515=VERTEX_POINT('',#8911);
#3516=VERTEX_POINT('',#8913);
#3517=VERTEX_POINT('',#8917);
#3518=VERTEX_POINT('',#8918);
#3519=VERTEX_POINT('',#8920);
#3520=VERTEX_POINT('',#8922);
#3521=VERTEX_POINT('',#8926);
#3522=VERTEX_POINT('',#8928);
#3523=VERTEX_POINT('',#8932);
#3524=VERTEX_POINT('',#8934);
#3525=VERTEX_POINT('',#8938);
#3526=VERTEX_POINT('',#8939);
#3527=VERTEX_POINT('',#8941);
#3528=VERTEX_POINT('',#8943);
#3529=VERTEX_POINT('',#8947);
#3530=VERTEX_POINT('',#8948);
#3531=VERTEX_POINT('',#8950);
#3532=VERTEX_POINT('',#8952);
#3533=VERTEX_POINT('',#8956);
#3534=VERTEX_POINT('',#8958);
#3535=VERTEX_POINT('',#8962);
#3536=VERTEX_POINT('',#8964);
#3537=VERTEX_POINT('',#8968);
#3538=VERTEX_POINT('',#8969);
#3539=VERTEX_POINT('',#8971);
#3540=VERTEX_POINT('',#8973);
#3541=VERTEX_POINT('',#8977);
#3542=VERTEX_POINT('',#8978);
#3543=VERTEX_POINT('',#8980);
#3544=VERTEX_POINT('',#8982);
#3545=VERTEX_POINT('',#8986);
#3546=VERTEX_POINT('',#8988);
#3547=VERTEX_POINT('',#8992);
#3548=VERTEX_POINT('',#8994);
#3549=VERTEX_POINT('',#8998);
#3550=VERTEX_POINT('',#8999);
#3551=VERTEX_POINT('',#9001);
#3552=VERTEX_POINT('',#9003);
#3553=VERTEX_POINT('',#9007);
#3554=VERTEX_POINT('',#9008);
#3555=VERTEX_POINT('',#9010);
#3556=VERTEX_POINT('',#9012);
#3557=VERTEX_POINT('',#9016);
#3558=VERTEX_POINT('',#9018);
#3559=VERTEX_POINT('',#9022);
#3560=VERTEX_POINT('',#9024);
#3561=VERTEX_POINT('',#9028);
#3562=VERTEX_POINT('',#9029);
#3563=VERTEX_POINT('',#9031);
#3564=VERTEX_POINT('',#9033);
#3565=VERTEX_POINT('',#9037);
#3566=VERTEX_POINT('',#9038);
#3567=VERTEX_POINT('',#9040);
#3568=VERTEX_POINT('',#9042);
#3569=VERTEX_POINT('',#9046);
#3570=VERTEX_POINT('',#9048);
#3571=VERTEX_POINT('',#9052);
#3572=VERTEX_POINT('',#9054);
#3573=VERTEX_POINT('',#9058);
#3574=VERTEX_POINT('',#9059);
#3575=VERTEX_POINT('',#9061);
#3576=VERTEX_POINT('',#9063);
#3577=VERTEX_POINT('',#9067);
#3578=VERTEX_POINT('',#9068);
#3579=VERTEX_POINT('',#9070);
#3580=VERTEX_POINT('',#9072);
#3581=VERTEX_POINT('',#9076);
#3582=VERTEX_POINT('',#9078);
#3583=VERTEX_POINT('',#9082);
#3584=VERTEX_POINT('',#9084);
#3585=VERTEX_POINT('',#9088);
#3586=VERTEX_POINT('',#9089);
#3587=VERTEX_POINT('',#9091);
#3588=VERTEX_POINT('',#9093);
#3589=VERTEX_POINT('',#9097);
#3590=VERTEX_POINT('',#9098);
#3591=VERTEX_POINT('',#9100);
#3592=VERTEX_POINT('',#9102);
#3593=VERTEX_POINT('',#9106);
#3594=VERTEX_POINT('',#9108);
#3595=VERTEX_POINT('',#9112);
#3596=VERTEX_POINT('',#9114);
#3597=VERTEX_POINT('',#9118);
#3598=VERTEX_POINT('',#9119);
#3599=VERTEX_POINT('',#9121);
#3600=VERTEX_POINT('',#9123);
#3601=VERTEX_POINT('',#9127);
#3602=VERTEX_POINT('',#9128);
#3603=VERTEX_POINT('',#9130);
#3604=VERTEX_POINT('',#9132);
#3605=VERTEX_POINT('',#9136);
#3606=VERTEX_POINT('',#9138);
#3607=VERTEX_POINT('',#9142);
#3608=VERTEX_POINT('',#9144);
#3609=VERTEX_POINT('',#9148);
#3610=VERTEX_POINT('',#9149);
#3611=VERTEX_POINT('',#9151);
#3612=VERTEX_POINT('',#9153);
#3613=VERTEX_POINT('',#9157);
#3614=VERTEX_POINT('',#9158);
#3615=VERTEX_POINT('',#9160);
#3616=VERTEX_POINT('',#9162);
#3617=VERTEX_POINT('',#9166);
#3618=VERTEX_POINT('',#9168);
#3619=VERTEX_POINT('',#9172);
#3620=VERTEX_POINT('',#9174);
#3621=VERTEX_POINT('',#9178);
#3622=VERTEX_POINT('',#9179);
#3623=VERTEX_POINT('',#9181);
#3624=VERTEX_POINT('',#9183);
#3625=VERTEX_POINT('',#9187);
#3626=VERTEX_POINT('',#9188);
#3627=VERTEX_POINT('',#9190);
#3628=VERTEX_POINT('',#9192);
#3629=VERTEX_POINT('',#9196);
#3630=VERTEX_POINT('',#9198);
#3631=VERTEX_POINT('',#9202);
#3632=VERTEX_POINT('',#9204);
#3633=VERTEX_POINT('',#9208);
#3634=VERTEX_POINT('',#9209);
#3635=VERTEX_POINT('',#9211);
#3636=VERTEX_POINT('',#9213);
#3637=VERTEX_POINT('',#9217);
#3638=VERTEX_POINT('',#9218);
#3639=VERTEX_POINT('',#9220);
#3640=VERTEX_POINT('',#9222);
#3641=VERTEX_POINT('',#9226);
#3642=VERTEX_POINT('',#9228);
#3643=VERTEX_POINT('',#9232);
#3644=VERTEX_POINT('',#9234);
#3645=VERTEX_POINT('',#9238);
#3646=VERTEX_POINT('',#9239);
#3647=VERTEX_POINT('',#9241);
#3648=VERTEX_POINT('',#9243);
#3649=VERTEX_POINT('',#9247);
#3650=VERTEX_POINT('',#9248);
#3651=VERTEX_POINT('',#9250);
#3652=VERTEX_POINT('',#9252);
#3653=VERTEX_POINT('',#9256);
#3654=VERTEX_POINT('',#9258);
#3655=VERTEX_POINT('',#9262);
#3656=VERTEX_POINT('',#9264);
#3657=VERTEX_POINT('',#9268);
#3658=VERTEX_POINT('',#9269);
#3659=VERTEX_POINT('',#9271);
#3660=VERTEX_POINT('',#9273);
#3661=VERTEX_POINT('',#9277);
#3662=VERTEX_POINT('',#9278);
#3663=VERTEX_POINT('',#9280);
#3664=VERTEX_POINT('',#9282);
#3665=VERTEX_POINT('',#9286);
#3666=VERTEX_POINT('',#9288);
#3667=VERTEX_POINT('',#9292);
#3668=VERTEX_POINT('',#9294);
#3669=VERTEX_POINT('',#9298);
#3670=VERTEX_POINT('',#9299);
#3671=VERTEX_POINT('',#9301);
#3672=VERTEX_POINT('',#9303);
#3673=VERTEX_POINT('',#9307);
#3674=VERTEX_POINT('',#9308);
#3675=VERTEX_POINT('',#9310);
#3676=VERTEX_POINT('',#9312);
#3677=VERTEX_POINT('',#9316);
#3678=VERTEX_POINT('',#9318);
#3679=VERTEX_POINT('',#9322);
#3680=VERTEX_POINT('',#9324);
#3681=VERTEX_POINT('',#9328);
#3682=VERTEX_POINT('',#9329);
#3683=VERTEX_POINT('',#9331);
#3684=VERTEX_POINT('',#9333);
#3685=VERTEX_POINT('',#9337);
#3686=VERTEX_POINT('',#9338);
#3687=VERTEX_POINT('',#9340);
#3688=VERTEX_POINT('',#9342);
#3689=VERTEX_POINT('',#9346);
#3690=VERTEX_POINT('',#9348);
#3691=VERTEX_POINT('',#9352);
#3692=VERTEX_POINT('',#9354);
#3693=VERTEX_POINT('',#9361);
#3694=VERTEX_POINT('',#9362);
#3695=VERTEX_POINT('',#9364);
#3696=VERTEX_POINT('',#9366);
#3697=VERTEX_POINT('',#9370);
#3698=VERTEX_POINT('',#9371);
#3699=VERTEX_POINT('',#9373);
#3700=VERTEX_POINT('',#9375);
#3701=VERTEX_POINT('',#9379);
#3702=VERTEX_POINT('',#9381);
#3703=VERTEX_POINT('',#9388);
#3704=VERTEX_POINT('',#9389);
#3705=VERTEX_POINT('',#9391);
#3706=VERTEX_POINT('',#9393);
#3707=VERTEX_POINT('',#9397);
#3708=VERTEX_POINT('',#9398);
#3709=VERTEX_POINT('',#9400);
#3710=VERTEX_POINT('',#9402);
#3711=VERTEX_POINT('',#9406);
#3712=VERTEX_POINT('',#9408);
#3713=VERTEX_POINT('',#9415);
#3714=VERTEX_POINT('',#9416);
#3715=VERTEX_POINT('',#9418);
#3716=VERTEX_POINT('',#9420);
#3717=VERTEX_POINT('',#9424);
#3718=VERTEX_POINT('',#9425);
#3719=VERTEX_POINT('',#9427);
#3720=VERTEX_POINT('',#9429);
#3721=VERTEX_POINT('',#9433);
#3722=VERTEX_POINT('',#9435);
#3723=VERTEX_POINT('',#9442);
#3724=VERTEX_POINT('',#9443);
#3725=VERTEX_POINT('',#9445);
#3726=VERTEX_POINT('',#9447);
#3727=VERTEX_POINT('',#9451);
#3728=VERTEX_POINT('',#9452);
#3729=VERTEX_POINT('',#9454);
#3730=VERTEX_POINT('',#9456);
#3731=VERTEX_POINT('',#9460);
#3732=VERTEX_POINT('',#9462);
#3733=VERTEX_POINT('',#9469);
#3734=VERTEX_POINT('',#9470);
#3735=VERTEX_POINT('',#9472);
#3736=VERTEX_POINT('',#9474);
#3737=VERTEX_POINT('',#9478);
#3738=VERTEX_POINT('',#9480);
#3739=VERTEX_POINT('',#9484);
#3740=VERTEX_POINT('',#9485);
#3741=VERTEX_POINT('',#9487);
#3742=VERTEX_POINT('',#9489);
#3743=VERTEX_POINT('',#9496);
#3744=VERTEX_POINT('',#9497);
#3745=VERTEX_POINT('',#9499);
#3746=VERTEX_POINT('',#9501);
#3747=VERTEX_POINT('',#9505);
#3748=VERTEX_POINT('',#9507);
#3749=VERTEX_POINT('',#9511);
#3750=VERTEX_POINT('',#9512);
#3751=VERTEX_POINT('',#9514);
#3752=VERTEX_POINT('',#9516);
#3753=VERTEX_POINT('',#9523);
#3754=VERTEX_POINT('',#9524);
#3755=VERTEX_POINT('',#9526);
#3756=VERTEX_POINT('',#9528);
#3757=VERTEX_POINT('',#9532);
#3758=VERTEX_POINT('',#9534);
#3759=VERTEX_POINT('',#9538);
#3760=VERTEX_POINT('',#9539);
#3761=VERTEX_POINT('',#9541);
#3762=VERTEX_POINT('',#9543);
#3763=VERTEX_POINT('',#9550);
#3764=VERTEX_POINT('',#9551);
#3765=VERTEX_POINT('',#9553);
#3766=VERTEX_POINT('',#9555);
#3767=VERTEX_POINT('',#9559);
#3768=VERTEX_POINT('',#9561);
#3769=VERTEX_POINT('',#9565);
#3770=VERTEX_POINT('',#9566);
#3771=VERTEX_POINT('',#9568);
#3772=VERTEX_POINT('',#9570);
#3773=VERTEX_POINT('',#9577);
#3774=VERTEX_POINT('',#9578);
#3775=VERTEX_POINT('',#9580);
#3776=VERTEX_POINT('',#9582);
#3777=VERTEX_POINT('',#9586);
#3778=VERTEX_POINT('',#9588);
#3779=VERTEX_POINT('',#9592);
#3780=VERTEX_POINT('',#9594);
#3781=VERTEX_POINT('',#9598);
#3782=VERTEX_POINT('',#9600);
#3783=VERTEX_POINT('',#9604);
#3784=VERTEX_POINT('',#9606);
#3785=VERTEX_POINT('',#9610);
#3786=VERTEX_POINT('',#9613);
#3787=VERTEX_POINT('',#9650);
#3788=VERTEX_POINT('',#9653);
#3789=VERTEX_POINT('',#9656);
#3790=VERTEX_POINT('',#9659);
#3791=VERTEX_POINT('',#9662);
#3792=VERTEX_POINT('',#9665);
#3793=VERTEX_POINT('',#9668);
#3794=VERTEX_POINT('',#9671);
#3795=VERTEX_POINT('',#9674);
#3796=VERTEX_POINT('',#9677);
#3797=VERTEX_POINT('',#9680);
#3798=VERTEX_POINT('',#9683);
#3799=VERTEX_POINT('',#9686);
#3800=VERTEX_POINT('',#9689);
#3801=VERTEX_POINT('',#9692);
#3802=VERTEX_POINT('',#9695);
#3803=VERTEX_POINT('',#9698);
#3804=VERTEX_POINT('',#9701);
#3805=VERTEX_POINT('',#9707);
#3806=VERTEX_POINT('',#9709);
#3807=VERTEX_POINT('',#9712);
#3808=VERTEX_POINT('',#9715);
#3809=VERTEX_POINT('',#9718);
#3810=VERTEX_POINT('',#9721);
#3811=VERTEX_POINT('',#9724);
#3812=VERTEX_POINT('',#9727);
#3813=VERTEX_POINT('',#9730);
#3814=VERTEX_POINT('',#9733);
#3815=VERTEX_POINT('',#9736);
#3816=VERTEX_POINT('',#9739);
#3817=VERTEX_POINT('',#9742);
#3818=VERTEX_POINT('',#9745);
#3819=VERTEX_POINT('',#9748);
#3820=VERTEX_POINT('',#9751);
#3821=VERTEX_POINT('',#9754);
#3822=VERTEX_POINT('',#9757);
#3823=VERTEX_POINT('',#9760);
#3824=VERTEX_POINT('',#9851);
#3825=VERTEX_POINT('',#9855);
#3826=LINE('',#8203,#4139);
#3827=LINE('',#8206,#4140);
#3828=LINE('',#8208,#4141);
#3829=LINE('',#8210,#4142);
#3830=LINE('',#8232,#4143);
#3831=LINE('',#8243,#4144);
#3832=LINE('',#8256,#4145);
#3833=LINE('',#8260,#4146);
#3834=LINE('',#8262,#4147);
#3835=LINE('',#8265,#4148);
#3836=LINE('',#8267,#4149);
#3837=LINE('',#8269,#4150);
#3838=LINE('',#8271,#4151);
#3839=LINE('',#8274,#4152);
#3840=LINE('',#8276,#4153);
#3841=LINE('',#8278,#4154);
#3842=LINE('',#8281,#4155);
#3843=LINE('',#8284,#4156);
#3844=LINE('',#8286,#4157);
#3845=LINE('',#8289,#4158);
#3846=LINE('',#8291,#4159);
#3847=LINE('',#8294,#4160);
#3848=LINE('',#8296,#4161);
#3849=LINE('',#8298,#4162);
#3850=LINE('',#8308,#4163);
#3851=LINE('',#8313,#4164);
#3852=LINE('',#8315,#4165);
#3853=LINE('',#8316,#4166);
#3854=LINE('',#8319,#4167);
#3855=LINE('',#8321,#4168);
#3856=LINE('',#8323,#4169);
#3857=LINE('',#8326,#4170);
#3858=LINE('',#8328,#4171);
#3859=LINE('',#8330,#4172);
#3860=LINE('',#8332,#4173);
#3861=LINE('',#8334,#4174);
#3862=LINE('',#8336,#4175);
#3863=LINE('',#8339,#4176);
#3864=LINE('',#8341,#4177);
#3865=LINE('',#8343,#4178);
#3866=LINE('',#8352,#4179);
#3867=LINE('',#8355,#4180);
#3868=LINE('',#8356,#4181);
#3869=LINE('',#8360,#4182);
#3870=LINE('',#8362,#4183);
#3871=LINE('',#8364,#4184);
#3872=LINE('',#8366,#4185);
#3873=LINE('',#8368,#4186);
#3874=LINE('',#8370,#4187);
#3875=LINE('',#8379,#4188);
#3876=LINE('',#8383,#4189);
#3877=LINE('',#8389,#4190);
#3878=LINE('',#8391,#4191);
#3879=LINE('',#8396,#4192);
#3880=LINE('',#8397,#4193);
#3881=LINE('',#8399,#4194);
#3882=LINE('',#8401,#4195);
#3883=LINE('',#8403,#4196);
#3884=LINE('',#8407,#4197);
#3885=LINE('',#8409,#4198);
#3886=LINE('',#8411,#4199);
#3887=LINE('',#8413,#4200);
#3888=LINE('',#8415,#4201);
#3889=LINE('',#8416,#4202);
#3890=LINE('',#8418,#4203);
#3891=LINE('',#8420,#4204);
#3892=LINE('',#8421,#4205);
#3893=LINE('',#8423,#4206);
#3894=LINE('',#8445,#4207);
#3895=LINE('',#8447,#4208);
#3896=LINE('',#8449,#4209);
#3897=LINE('',#8451,#4210);
#3898=LINE('',#8453,#4211);
#3899=LINE('',#8457,#4212);
#3900=LINE('',#8459,#4213);
#3901=LINE('',#8470,#4214);
#3902=LINE('',#8476,#4215);
#3903=LINE('',#8480,#4216);
#3904=LINE('',#8481,#4217);
#3905=LINE('',#8485,#4218);
#3906=LINE('',#8495,#4219);
#3907=LINE('',#8497,#4220);
#3908=LINE('',#8503,#4221);
#3909=LINE('',#8506,#4222);
#3910=LINE('',#8507,#4223);
#3911=LINE('',#8509,#4224);
#3912=LINE('',#8511,#4225);
#3913=LINE('',#8513,#4226);
#3914=LINE('',#8515,#4227);
#3915=LINE('',#8518,#4228);
#3916=LINE('',#8527,#4229);
#3917=LINE('',#8530,#4230);
#3918=LINE('',#8531,#4231);
#3919=LINE('',#8533,#4232);
#3920=LINE('',#8535,#4233);
#3921=LINE('',#8537,#4234);
#3922=LINE('',#8541,#4235);
#3923=LINE('',#8583,#4236);
#3924=LINE('',#8587,#4237);
#3925=LINE('',#8591,#4238);
#3926=LINE('',#8597,#4239);
#3927=LINE('',#8603,#4240);
#3928=LINE('',#8610,#4241);
#3929=LINE('',#8614,#4242);
#3930=LINE('',#8619,#4243);
#3931=LINE('',#8623,#4244);
#3932=LINE('',#8629,#4245);
#3933=LINE('',#8637,#4246);
#3934=LINE('',#8641,#4247);
#3935=LINE('',#8646,#4248);
#3936=LINE('',#8650,#4249);
#3937=LINE('',#8656,#4250);
#3938=LINE('',#8664,#4251);
#3939=LINE('',#8668,#4252);
#3940=LINE('',#8673,#4253);
#3941=LINE('',#8677,#4254);
#3942=LINE('',#8683,#4255);
#3943=LINE('',#8691,#4256);
#3944=LINE('',#8695,#4257);
#3945=LINE('',#8700,#4258);
#3946=LINE('',#8704,#4259);
#3947=LINE('',#8712,#4260);
#3948=LINE('',#8716,#4261);
#3949=LINE('',#8720,#4262);
#3950=LINE('',#8727,#4263);
#3951=LINE('',#8731,#4264);
#3952=LINE('',#8739,#4265);
#3953=LINE('',#8743,#4266);
#3954=LINE('',#8747,#4267);
#3955=LINE('',#8754,#4268);
#3956=LINE('',#8758,#4269);
#3957=LINE('',#8766,#4270);
#3958=LINE('',#8770,#4271);
#3959=LINE('',#8774,#4272);
#3960=LINE('',#8781,#4273);
#3961=LINE('',#8785,#4274);
#3962=LINE('',#8793,#4275);
#3963=LINE('',#8797,#4276);
#3964=LINE('',#8801,#4277);
#3965=LINE('',#8808,#4278);
#3966=LINE('',#8812,#4279);
#3967=LINE('',#8820,#4280);
#3968=LINE('',#8824,#4281);
#3969=LINE('',#8829,#4282);
#3970=LINE('',#8833,#4283);
#3971=LINE('',#8839,#4284);
#3972=LINE('',#8845,#4285);
#3973=LINE('',#8850,#4286);
#3974=LINE('',#8854,#4287);
#3975=LINE('',#8859,#4288);
#3976=LINE('',#8863,#4289);
#3977=LINE('',#8867,#4290);
#3978=LINE('',#8875,#4291);
#3979=LINE('',#8880,#4292);
#3980=LINE('',#8884,#4293);
#3981=LINE('',#8889,#4294);
#3982=LINE('',#8893,#4295);
#3983=LINE('',#8897,#4296);
#3984=LINE('',#8905,#4297);
#3985=LINE('',#8910,#4298);
#3986=LINE('',#8914,#4299);
#3987=LINE('',#8919,#4300);
#3988=LINE('',#8923,#4301);
#3989=LINE('',#8927,#4302);
#3990=LINE('',#8935,#4303);
#3991=LINE('',#8940,#4304);
#3992=LINE('',#8944,#4305);
#3993=LINE('',#8949,#4306);
#3994=LINE('',#8953,#4307);
#3995=LINE('',#8957,#4308);
#3996=LINE('',#8965,#4309);
#3997=LINE('',#8970,#4310);
#3998=LINE('',#8974,#4311);
#3999=LINE('',#8979,#4312);
#4000=LINE('',#8983,#4313);
#4001=LINE('',#8987,#4314);
#4002=LINE('',#8995,#4315);
#4003=LINE('',#9000,#4316);
#4004=LINE('',#9004,#4317);
#4005=LINE('',#9009,#4318);
#4006=LINE('',#9013,#4319);
#4007=LINE('',#9017,#4320);
#4008=LINE('',#9025,#4321);
#4009=LINE('',#9030,#4322);
#4010=LINE('',#9034,#4323);
#4011=LINE('',#9039,#4324);
#4012=LINE('',#9043,#4325);
#4013=LINE('',#9047,#4326);
#4014=LINE('',#9055,#4327);
#4015=LINE('',#9060,#4328);
#4016=LINE('',#9064,#4329);
#4017=LINE('',#9069,#4330);
#4018=LINE('',#9073,#4331);
#4019=LINE('',#9077,#4332);
#4020=LINE('',#9083,#4333);
#4021=LINE('',#9090,#4334);
#4022=LINE('',#9094,#4335);
#4023=LINE('',#9099,#4336);
#4024=LINE('',#9103,#4337);
#4025=LINE('',#9107,#4338);
#4026=LINE('',#9113,#4339);
#4027=LINE('',#9120,#4340);
#4028=LINE('',#9124,#4341);
#4029=LINE('',#9129,#4342);
#4030=LINE('',#9133,#4343);
#4031=LINE('',#9139,#4344);
#4032=LINE('',#9143,#4345);
#4033=LINE('',#9150,#4346);
#4034=LINE('',#9154,#4347);
#4035=LINE('',#9159,#4348);
#4036=LINE('',#9163,#4349);
#4037=LINE('',#9169,#4350);
#4038=LINE('',#9173,#4351);
#4039=LINE('',#9180,#4352);
#4040=LINE('',#9184,#4353);
#4041=LINE('',#9189,#4354);
#4042=LINE('',#9193,#4355);
#4043=LINE('',#9199,#4356);
#4044=LINE('',#9203,#4357);
#4045=LINE('',#9210,#4358);
#4046=LINE('',#9214,#4359);
#4047=LINE('',#9219,#4360);
#4048=LINE('',#9223,#4361);
#4049=LINE('',#9229,#4362);
#4050=LINE('',#9233,#4363);
#4051=LINE('',#9240,#4364);
#4052=LINE('',#9244,#4365);
#4053=LINE('',#9249,#4366);
#4054=LINE('',#9253,#4367);
#4055=LINE('',#9259,#4368);
#4056=LINE('',#9263,#4369);
#4057=LINE('',#9270,#4370);
#4058=LINE('',#9274,#4371);
#4059=LINE('',#9279,#4372);
#4060=LINE('',#9283,#4373);
#4061=LINE('',#9289,#4374);
#4062=LINE('',#9293,#4375);
#4063=LINE('',#9300,#4376);
#4064=LINE('',#9304,#4377);
#4065=LINE('',#9309,#4378);
#4066=LINE('',#9313,#4379);
#4067=LINE('',#9319,#4380);
#4068=LINE('',#9325,#4381);
#4069=LINE('',#9330,#4382);
#4070=LINE('',#9334,#4383);
#4071=LINE('',#9339,#4384);
#4072=LINE('',#9343,#4385);
#4073=LINE('',#9349,#4386);
#4074=LINE('',#9353,#4387);
#4075=LINE('',#9363,#4388);
#4076=LINE('',#9367,#4389);
#4077=LINE('',#9372,#4390);
#4078=LINE('',#9376,#4391);
#4079=LINE('',#9380,#4392);
#4080=LINE('',#9390,#4393);
#4081=LINE('',#9394,#4394);
#4082=LINE('',#9399,#4395);
#4083=LINE('',#9403,#4396);
#4084=LINE('',#9407,#4397);
#4085=LINE('',#9417,#4398);
#4086=LINE('',#9421,#4399);
#4087=LINE('',#9426,#4400);
#4088=LINE('',#9430,#4401);
#4089=LINE('',#9434,#4402);
#4090=LINE('',#9444,#4403);
#4091=LINE('',#9448,#4404);
#4092=LINE('',#9453,#4405);
#4093=LINE('',#9457,#4406);
#4094=LINE('',#9461,#4407);
#4095=LINE('',#9471,#4408);
#4096=LINE('',#9475,#4409);
#4097=LINE('',#9481,#4410);
#4098=LINE('',#9486,#4411);
#4099=LINE('',#9490,#4412);
#4100=LINE('',#9498,#4413);
#4101=LINE('',#9502,#4414);
#4102=LINE('',#9508,#4415);
#4103=LINE('',#9513,#4416);
#4104=LINE('',#9517,#4417);
#4105=LINE('',#9525,#4418);
#4106=LINE('',#9529,#4419);
#4107=LINE('',#9535,#4420);
#4108=LINE('',#9540,#4421);
#4109=LINE('',#9544,#4422);
#4110=LINE('',#9552,#4423);
#4111=LINE('',#9556,#4424);
#4112=LINE('',#9562,#4425);
#4113=LINE('',#9567,#4426);
#4114=LINE('',#9571,#4427);
#4115=LINE('',#9579,#4428);
#4116=LINE('',#9583,#4429);
#4117=LINE('',#9587,#4430);
#4118=LINE('',#9593,#4431);
#4119=LINE('',#9599,#4432);
#4120=LINE('',#9605,#4433);
#4121=LINE('',#9797,#4434);
#4122=LINE('',#9799,#4435);
#4123=LINE('',#9801,#4436);
#4124=LINE('',#9803,#4437);
#4125=LINE('',#9805,#4438);
#4126=LINE('',#9807,#4439);
#4127=LINE('',#9809,#4440);
#4128=LINE('',#9811,#4441);
#4129=LINE('',#9813,#4442);
#4130=LINE('',#9832,#4443);
#4131=LINE('',#9834,#4444);
#4132=LINE('',#9836,#4445);
#4133=LINE('',#9838,#4446);
#4134=LINE('',#9840,#4447);
#4135=LINE('',#9842,#4448);
#4136=LINE('',#9844,#4449);
#4137=LINE('',#9846,#4450);
#4138=LINE('',#9848,#4451);
#4139=VECTOR('',#6284,1.);
#4140=VECTOR('',#6285,1.);
#4141=VECTOR('',#6286,1.);
#4142=VECTOR('',#6287,1.);
#4143=VECTOR('',#6314,1.);
#4144=VECTOR('',#6317,1.);
#4145=VECTOR('',#6324,1.);
#4146=VECTOR('',#6327,1.);
#4147=VECTOR('',#6330,1.);
#4148=VECTOR('',#6331,1.);
#4149=VECTOR('',#6332,1.);
#4150=VECTOR('',#6333,1.);
#4151=VECTOR('',#6336,1.);
#4152=VECTOR('',#6337,1.);
#4153=VECTOR('',#6338,1.);
#4154=VECTOR('',#6339,1.);
#4155=VECTOR('',#6344,1.);
#4156=VECTOR('',#6345,1.);
#4157=VECTOR('',#6346,1.);
#4158=VECTOR('',#6349,1.);
#4159=VECTOR('',#6352,1.);
#4160=VECTOR('',#6353,1.);
#4161=VECTOR('',#6354,1.);
#4162=VECTOR('',#6355,1.);
#4163=VECTOR('',#6372,1.);
#4164=VECTOR('',#6375,1.);
#4165=VECTOR('',#6376,1.);
#4166=VECTOR('',#6377,1.);
#4167=VECTOR('',#6382,1.);
#4168=VECTOR('',#6383,1.);
#4169=VECTOR('',#6386,1.);
#4170=VECTOR('',#6387,1.);
#4171=VECTOR('',#6388,1.);
#4172=VECTOR('',#6389,1.);
#4173=VECTOR('',#6390,1.);
#4174=VECTOR('',#6391,1.);
#4175=VECTOR('',#6394,1.);
#4176=VECTOR('',#6395,1.);
#4177=VECTOR('',#6396,1.);
#4178=VECTOR('',#6397,1.);
#4179=VECTOR('',#6410,1.);
#4180=VECTOR('',#6411,1.);
#4181=VECTOR('',#6412,1.);
#4182=VECTOR('',#6417,1.);
#4183=VECTOR('',#6420,1.);
#4184=VECTOR('',#6423,1.);
#4185=VECTOR('',#6424,1.);
#4186=VECTOR('',#6427,1.);
#4187=VECTOR('',#6428,1.);
#4188=VECTOR('',#6441,1.);
#4189=VECTOR('',#6444,1.);
#4190=VECTOR('',#6451,1.);
#4191=VECTOR('',#6454,1.);
#4192=VECTOR('',#6457,1.);
#4193=VECTOR('',#6458,1.);
#4194=VECTOR('',#6459,1.);
#4195=VECTOR('',#6460,1.);
#4196=VECTOR('',#6463,1.);
#4197=VECTOR('',#6466,1.);
#4198=VECTOR('',#6467,1.);
#4199=VECTOR('',#6468,1.);
#4200=VECTOR('',#6469,1.);
#4201=VECTOR('',#6472,1.);
#4202=VECTOR('',#6473,1.);
#4203=VECTOR('',#6474,1.);
#4204=VECTOR('',#6475,1.);
#4205=VECTOR('',#6476,1.);
#4206=VECTOR('',#6479,1.);
#4207=VECTOR('',#6506,1.);
#4208=VECTOR('',#6507,1.);
#4209=VECTOR('',#6508,1.);
#4210=VECTOR('',#6511,1.);
#4211=VECTOR('',#6512,1.);
#4212=VECTOR('',#6515,1.);
#4213=VECTOR('',#6516,1.);
#4214=VECTOR('',#6535,1.);
#4215=VECTOR('',#6540,1.);
#4216=VECTOR('',#6543,1.);
#4217=VECTOR('',#6544,1.);
#4218=VECTOR('',#6549,1.);
#4219=VECTOR('',#6564,1.);
#4220=VECTOR('',#6565,1.);
#4221=VECTOR('',#6572,1.);
#4222=VECTOR('',#6573,1.);
#4223=VECTOR('',#6574,1.);
#4224=VECTOR('',#6577,1.);
#4225=VECTOR('',#6578,1.);
#4226=VECTOR('',#6579,1.);
#4227=VECTOR('',#6582,1.);
#4228=VECTOR('',#6583,1.);
#4229=VECTOR('',#6598,1.);
#4230=VECTOR('',#6599,1.);
#4231=VECTOR('',#6600,1.);
#4232=VECTOR('',#6601,1.);
#4233=VECTOR('',#6602,1.);
#4234=VECTOR('',#6605,1.);
#4235=VECTOR('',#6612,1.);
#4236=VECTOR('',#6665,1.);
#4237=VECTOR('',#6668,1.);
#4238=VECTOR('',#6673,1.);
#4239=VECTOR('',#6680,1.);
#4240=VECTOR('',#6687,1.);
#4241=VECTOR('',#6694,1.);
#4242=VECTOR('',#6697,1.);
#4243=VECTOR('',#6702,1.);
#4244=VECTOR('',#6705,1.);
#4245=VECTOR('',#6712,1.);
#4246=VECTOR('',#6723,1.);
#4247=VECTOR('',#6726,1.);
#4248=VECTOR('',#6731,1.);
#4249=VECTOR('',#6734,1.);
#4250=VECTOR('',#6741,1.);
#4251=VECTOR('',#6752,1.);
#4252=VECTOR('',#6755,1.);
#4253=VECTOR('',#6760,1.);
#4254=VECTOR('',#6763,1.);
#4255=VECTOR('',#6770,1.);
#4256=VECTOR('',#6781,1.);
#4257=VECTOR('',#6784,1.);
#4258=VECTOR('',#6789,1.);
#4259=VECTOR('',#6792,1.);
#4260=VECTOR('',#6803,1.);
#4261=VECTOR('',#6806,1.);
#4262=VECTOR('',#6811,1.);
#4263=VECTOR('',#6818,1.);
#4264=VECTOR('',#6821,1.);
#4265=VECTOR('',#6832,1.);
#4266=VECTOR('',#6835,1.);
#4267=VECTOR('',#6840,1.);
#4268=VECTOR('',#6847,1.);
#4269=VECTOR('',#6850,1.);
#4270=VECTOR('',#6861,1.);
#4271=VECTOR('',#6864,1.);
#4272=VECTOR('',#6869,1.);
#4273=VECTOR('',#6876,1.);
#4274=VECTOR('',#6879,1.);
#4275=VECTOR('',#6890,1.);
#4276=VECTOR('',#6893,1.);
#4277=VECTOR('',#6898,1.);
#4278=VECTOR('',#6905,1.);
#4279=VECTOR('',#6908,1.);
#4280=VECTOR('',#6919,1.);
#4281=VECTOR('',#6922,1.);
#4282=VECTOR('',#6927,1.);
#4283=VECTOR('',#6930,1.);
#4284=VECTOR('',#6937,1.);
#4285=VECTOR('',#6944,1.);
#4286=VECTOR('',#6949,1.);
#4287=VECTOR('',#6952,1.);
#4288=VECTOR('',#6957,1.);
#4289=VECTOR('',#6960,1.);
#4290=VECTOR('',#6965,1.);
#4291=VECTOR('',#6974,1.);
#4292=VECTOR('',#6979,1.);
#4293=VECTOR('',#6982,1.);
#4294=VECTOR('',#6987,1.);
#4295=VECTOR('',#6990,1.);
#4296=VECTOR('',#6995,1.);
#4297=VECTOR('',#7004,1.);
#4298=VECTOR('',#7009,1.);
#4299=VECTOR('',#7012,1.);
#4300=VECTOR('',#7017,1.);
#4301=VECTOR('',#7020,1.);
#4302=VECTOR('',#7025,1.);
#4303=VECTOR('',#7034,1.);
#4304=VECTOR('',#7039,1.);
#4305=VECTOR('',#7042,1.);
#4306=VECTOR('',#7047,1.);
#4307=VECTOR('',#7050,1.);
#4308=VECTOR('',#7055,1.);
#4309=VECTOR('',#7064,1.);
#4310=VECTOR('',#7069,1.);
#4311=VECTOR('',#7072,1.);
#4312=VECTOR('',#7077,1.);
#4313=VECTOR('',#7080,1.);
#4314=VECTOR('',#7085,1.);
#4315=VECTOR('',#7094,1.);
#4316=VECTOR('',#7099,1.);
#4317=VECTOR('',#7102,1.);
#4318=VECTOR('',#7107,1.);
#4319=VECTOR('',#7110,1.);
#4320=VECTOR('',#7115,1.);
#4321=VECTOR('',#7124,1.);
#4322=VECTOR('',#7129,1.);
#4323=VECTOR('',#7132,1.);
#4324=VECTOR('',#7137,1.);
#4325=VECTOR('',#7140,1.);
#4326=VECTOR('',#7145,1.);
#4327=VECTOR('',#7154,1.);
#4328=VECTOR('',#7159,1.);
#4329=VECTOR('',#7162,1.);
#4330=VECTOR('',#7167,1.);
#4331=VECTOR('',#7170,1.);
#4332=VECTOR('',#7175,1.);
#4333=VECTOR('',#7182,1.);
#4334=VECTOR('',#7189,1.);
#4335=VECTOR('',#7192,1.);
#4336=VECTOR('',#7197,1.);
#4337=VECTOR('',#7200,1.);
#4338=VECTOR('',#7205,1.);
#4339=VECTOR('',#7212,1.);
#4340=VECTOR('',#7219,1.);
#4341=VECTOR('',#7222,1.);
#4342=VECTOR('',#7227,1.);
#4343=VECTOR('',#7230,1.);
#4344=VECTOR('',#7237,1.);
#4345=VECTOR('',#7242,1.);
#4346=VECTOR('',#7249,1.);
#4347=VECTOR('',#7252,1.);
#4348=VECTOR('',#7257,1.);
#4349=VECTOR('',#7260,1.);
#4350=VECTOR('',#7267,1.);
#4351=VECTOR('',#7272,1.);
#4352=VECTOR('',#7279,1.);
#4353=VECTOR('',#7282,1.);
#4354=VECTOR('',#7287,1.);
#4355=VECTOR('',#7290,1.);
#4356=VECTOR('',#7297,1.);
#4357=VECTOR('',#7302,1.);
#4358=VECTOR('',#7309,1.);
#4359=VECTOR('',#7312,1.);
#4360=VECTOR('',#7317,1.);
#4361=VECTOR('',#7320,1.);
#4362=VECTOR('',#7327,1.);
#4363=VECTOR('',#7332,1.);
#4364=VECTOR('',#7339,1.);
#4365=VECTOR('',#7342,1.);
#4366=VECTOR('',#7347,1.);
#4367=VECTOR('',#7350,1.);
#4368=VECTOR('',#7357,1.);
#4369=VECTOR('',#7362,1.);
#4370=VECTOR('',#7369,1.);
#4371=VECTOR('',#7372,1.);
#4372=VECTOR('',#7377,1.);
#4373=VECTOR('',#7380,1.);
#4374=VECTOR('',#7387,1.);
#4375=VECTOR('',#7392,1.);
#4376=VECTOR('',#7399,1.);
#4377=VECTOR('',#7402,1.);
#4378=VECTOR('',#7407,1.);
#4379=VECTOR('',#7410,1.);
#4380=VECTOR('',#7417,1.);
#4381=VECTOR('',#7424,1.);
#4382=VECTOR('',#7429,1.);
#4383=VECTOR('',#7432,1.);
#4384=VECTOR('',#7437,1.);
#4385=VECTOR('',#7440,1.);
#4386=VECTOR('',#7447,1.);
#4387=VECTOR('',#7452,1.);
#4388=VECTOR('',#7465,1.);
#4389=VECTOR('',#7468,1.);
#4390=VECTOR('',#7473,1.);
#4391=VECTOR('',#7476,1.);
#4392=VECTOR('',#7481,1.);
#4393=VECTOR('',#7494,1.);
#4394=VECTOR('',#7497,1.);
#4395=VECTOR('',#7502,1.);
#4396=VECTOR('',#7505,1.);
#4397=VECTOR('',#7510,1.);
#4398=VECTOR('',#7523,1.);
#4399=VECTOR('',#7526,1.);
#4400=VECTOR('',#7531,1.);
#4401=VECTOR('',#7534,1.);
#4402=VECTOR('',#7539,1.);
#4403=VECTOR('',#7552,1.);
#4404=VECTOR('',#7555,1.);
#4405=VECTOR('',#7560,1.);
#4406=VECTOR('',#7563,1.);
#4407=VECTOR('',#7568,1.);
#4408=VECTOR('',#7581,1.);
#4409=VECTOR('',#7584,1.);
#4410=VECTOR('',#7591,1.);
#4411=VECTOR('',#7596,1.);
#4412=VECTOR('',#7599,1.);
#4413=VECTOR('',#7610,1.);
#4414=VECTOR('',#7613,1.);
#4415=VECTOR('',#7620,1.);
#4416=VECTOR('',#7625,1.);
#4417=VECTOR('',#7628,1.);
#4418=VECTOR('',#7639,1.);
#4419=VECTOR('',#7642,1.);
#4420=VECTOR('',#7649,1.);
#4421=VECTOR('',#7654,1.);
#4422=VECTOR('',#7657,1.);
#4423=VECTOR('',#7668,1.);
#4424=VECTOR('',#7671,1.);
#4425=VECTOR('',#7678,1.);
#4426=VECTOR('',#7683,1.);
#4427=VECTOR('',#7686,1.);
#4428=VECTOR('',#7697,1.);
#4429=VECTOR('',#7700,1.);
#4430=VECTOR('',#7705,1.);
#4431=VECTOR('',#7712,1.);
#4432=VECTOR('',#7719,1.);
#4433=VECTOR('',#7726,1.);
#4434=VECTOR('',#8029,1.);
#4435=VECTOR('',#8032,1.);
#4436=VECTOR('',#8035,1.);
#4437=VECTOR('',#8038,1.);
#4438=VECTOR('',#8041,1.);
#4439=VECTOR('',#8044,1.);
#4440=VECTOR('',#8047,1.);
#4441=VECTOR('',#8050,1.);
#4442=VECTOR('',#8053,1.);
#4443=VECTOR('',#8090,1.);
#4444=VECTOR('',#8093,1.);
#4445=VECTOR('',#8096,1.);
#4446=VECTOR('',#8099,1.);
#4447=VECTOR('',#8102,1.);
#4448=VECTOR('',#8105,1.);
#4449=VECTOR('',#8108,1.);
#4450=VECTOR('',#8111,1.);
#4451=VECTOR('',#8114,1.);
#4452=EDGE_LOOP('',(#795,#796,#797,#798));
#4453=EDGE_LOOP('',(#799));
#4454=EDGE_LOOP('',(#800));
#4455=EDGE_LOOP('',(#801));
#4456=EDGE_LOOP('',(#802));
#4457=EDGE_LOOP('',(#803));
#4458=EDGE_LOOP('',(#804));
#4459=EDGE_LOOP('',(#805));
#4460=EDGE_LOOP('',(#806));
#4461=EDGE_LOOP('',(#807,#808,#809,#810,#811));
#4462=EDGE_LOOP('',(#812,#813,#814,#815,#816));
#4463=EDGE_LOOP('',(#817,#818,#819,#820));
#4464=EDGE_LOOP('',(#821,#822,#823,#824,#825,#826));
#4465=EDGE_LOOP('',(#827,#828,#829,#830,#831,#832));
#4466=EDGE_LOOP('',(#833,#834,#835,#836));
#4467=EDGE_LOOP('',(#837,#838,#839,#840));
#4468=EDGE_LOOP('',(#841,#842,#843,#844));
#4469=EDGE_LOOP('',(#845));
#4470=EDGE_LOOP('',(#846,#847,#848,#849));
#4471=EDGE_LOOP('',(#850,#851,#852,#853));
#4472=EDGE_LOOP('',(#854,#855,#856,#857));
#4473=EDGE_LOOP('',(#858,#859,#860,#861,#862,#863));
#4474=EDGE_LOOP('',(#864,#865,#866,#867));
#4475=EDGE_LOOP('',(#868));
#4476=EDGE_LOOP('',(#869));
#4477=EDGE_LOOP('',(#870,#871,#872,#873));
#4478=EDGE_LOOP('',(#874,#875,#876,#877));
#4479=EDGE_LOOP('',(#878,#879,#880,#881));
#4480=EDGE_LOOP('',(#882,#883,#884,#885));
#4481=EDGE_LOOP('',(#886,#887,#888,#889));
#4482=EDGE_LOOP('',(#890,#891,#892,#893));
#4483=EDGE_LOOP('',(#894,#895,#896,#897,#898,#899,#900,#901,#902,#903,#904,
#905));
#4484=EDGE_LOOP('',(#906));
#4485=EDGE_LOOP('',(#907));
#4486=EDGE_LOOP('',(#908));
#4487=EDGE_LOOP('',(#909));
#4488=EDGE_LOOP('',(#910,#911,#912,#913));
#4489=EDGE_LOOP('',(#914,#915,#916,#917));
#4490=EDGE_LOOP('',(#918,#919,#920,#921));
#4491=EDGE_LOOP('',(#922,#923,#924,#925));
#4492=EDGE_LOOP('',(#926,#927,#928,#929,#930,#931,#932));
#4493=EDGE_LOOP('',(#933,#934,#935,#936,#937,#938,#939));
#4494=EDGE_LOOP('',(#940,#941,#942,#943,#944,#945,#946,#947));
#4495=EDGE_LOOP('',(#948,#949,#950,#951,#952,#953,#954,#955));
#4496=EDGE_LOOP('',(#956));
#4497=EDGE_LOOP('',(#957));
#4498=EDGE_LOOP('',(#958));
#4499=EDGE_LOOP('',(#959));
#4500=EDGE_LOOP('',(#960));
#4501=EDGE_LOOP('',(#961));
#4502=EDGE_LOOP('',(#962));
#4503=EDGE_LOOP('',(#963));
#4504=EDGE_LOOP('',(#964,#965,#966,#967,#968,#969));
#4505=EDGE_LOOP('',(#970,#971,#972,#973,#974,#975,#976,#977));
#4506=EDGE_LOOP('',(#978));
#4507=EDGE_LOOP('',(#979,#980,#981,#982));
#4508=EDGE_LOOP('',(#983,#984,#985,#986));
#4509=EDGE_LOOP('',(#987,#988,#989,#990));
#4510=EDGE_LOOP('',(#991,#992,#993,#994,#995,#996,#997,#998,#999,#1000));
#4511=EDGE_LOOP('',(#1001));
#4512=EDGE_LOOP('',(#1002));
#4513=EDGE_LOOP('',(#1003));
#4514=EDGE_LOOP('',(#1004));
#4515=EDGE_LOOP('',(#1005,#1006,#1007,#1008));
#4516=EDGE_LOOP('',(#1009));
#4517=EDGE_LOOP('',(#1010));
#4518=EDGE_LOOP('',(#1011));
#4519=EDGE_LOOP('',(#1012));
#4520=EDGE_LOOP('',(#1013));
#4521=EDGE_LOOP('',(#1014));
#4522=EDGE_LOOP('',(#1015));
#4523=EDGE_LOOP('',(#1016));
#4524=EDGE_LOOP('',(#1017,#1018,#1019,#1020,#1021,#1022));
#4525=EDGE_LOOP('',(#1023,#1024,#1025,#1026));
#4526=EDGE_LOOP('',(#1027,#1028,#1029,#1030));
#4527=EDGE_LOOP('',(#1031,#1032,#1033,#1034,#1035,#1036));
#4528=EDGE_LOOP('',(#1037,#1038,#1039,#1040));
#4529=EDGE_LOOP('',(#1041,#1042,#1043,#1044));
#4530=EDGE_LOOP('',(#1045,#1046,#1047,#1048,#1049,#1050,#1051,#1052));
#4531=EDGE_LOOP('',(#1053,#1054,#1055,#1056,#1057,#1058,#1059,#1060,#1061,
#1062));
#4532=EDGE_LOOP('',(#1063));
#4533=EDGE_LOOP('',(#1064));
#4534=EDGE_LOOP('',(#1065));
#4535=EDGE_LOOP('',(#1066));
#4536=EDGE_LOOP('',(#1067));
#4537=EDGE_LOOP('',(#1068));
#4538=EDGE_LOOP('',(#1069,#1070,#1071,#1072,#1073,#1074,#1075,#1076,#1077,
#1078));
#4539=EDGE_LOOP('',(#1079));
#4540=EDGE_LOOP('',(#1080));
#4541=EDGE_LOOP('',(#1081,#1082,#1083,#1084,#1085));
#4542=EDGE_LOOP('',(#1086,#1087,#1088));
#4543=EDGE_LOOP('',(#1089,#1090,#1091,#1092));
#4544=EDGE_LOOP('',(#1093,#1094,#1095,#1096,#1097));
#4545=EDGE_LOOP('',(#1098,#1099,#1100));
#4546=EDGE_LOOP('',(#1101,#1102,#1103,#1104));
#4547=EDGE_LOOP('',(#1105,#1106,#1107,#1108));
#4548=EDGE_LOOP('',(#1109,#1110,#1111,#1112));
#4549=EDGE_LOOP('',(#1113,#1114,#1115,#1116));
#4550=EDGE_LOOP('',(#1117,#1118,#1119,#1120));
#4551=EDGE_LOOP('',(#1121,#1122,#1123,#1124,#1125,#1126));
#4552=EDGE_LOOP('',(#1127,#1128,#1129,#1130,#1131,#1132));
#4553=EDGE_LOOP('',(#1133));
#4554=EDGE_LOOP('',(#1134));
#4555=EDGE_LOOP('',(#1135));
#4556=EDGE_LOOP('',(#1136));
#4557=EDGE_LOOP('',(#1137,#1138,#1139,#1140));
#4558=EDGE_LOOP('',(#1141,#1142,#1143,#1144));
#4559=EDGE_LOOP('',(#1145,#1146,#1147,#1148));
#4560=EDGE_LOOP('',(#1149,#1150,#1151,#1152));
#4561=EDGE_LOOP('',(#1153,#1154,#1155,#1156));
#4562=EDGE_LOOP('',(#1157,#1158,#1159,#1160));
#4563=EDGE_LOOP('',(#1161,#1162,#1163,#1164));
#4564=EDGE_LOOP('',(#1165,#1166,#1167,#1168));
#4565=EDGE_LOOP('',(#1169,#1170,#1171,#1172));
#4566=EDGE_LOOP('',(#1173,#1174,#1175,#1176));
#4567=EDGE_LOOP('',(#1177,#1178,#1179,#1180));
#4568=EDGE_LOOP('',(#1181,#1182,#1183,#1184));
#4569=EDGE_LOOP('',(#1185,#1186,#1187,#1188));
#4570=EDGE_LOOP('',(#1189,#1190,#1191,#1192));
#4571=EDGE_LOOP('',(#1193,#1194,#1195,#1196));
#4572=EDGE_LOOP('',(#1197,#1198,#1199,#1200));
#4573=EDGE_LOOP('',(#1201,#1202,#1203,#1204));
#4574=EDGE_LOOP('',(#1205,#1206,#1207,#1208));
#4575=EDGE_LOOP('',(#1209,#1210,#1211,#1212));
#4576=EDGE_LOOP('',(#1213,#1214,#1215,#1216));
#4577=EDGE_LOOP('',(#1217,#1218,#1219,#1220));
#4578=EDGE_LOOP('',(#1221,#1222,#1223,#1224));
#4579=EDGE_LOOP('',(#1225,#1226,#1227,#1228));
#4580=EDGE_LOOP('',(#1229,#1230,#1231,#1232));
#4581=EDGE_LOOP('',(#1233,#1234,#1235,#1236));
#4582=EDGE_LOOP('',(#1237,#1238,#1239,#1240));
#4583=EDGE_LOOP('',(#1241,#1242,#1243,#1244));
#4584=EDGE_LOOP('',(#1245,#1246,#1247,#1248));
#4585=EDGE_LOOP('',(#1249,#1250,#1251,#1252));
#4586=EDGE_LOOP('',(#1253,#1254,#1255,#1256));
#4587=EDGE_LOOP('',(#1257,#1258,#1259,#1260));
#4588=EDGE_LOOP('',(#1261,#1262,#1263,#1264));
#4589=EDGE_LOOP('',(#1265,#1266,#1267,#1268));
#4590=EDGE_LOOP('',(#1269,#1270,#1271,#1272));
#4591=EDGE_LOOP('',(#1273,#1274,#1275,#1276));
#4592=EDGE_LOOP('',(#1277,#1278,#1279,#1280));
#4593=EDGE_LOOP('',(#1281,#1282,#1283,#1284));
#4594=EDGE_LOOP('',(#1285,#1286,#1287,#1288));
#4595=EDGE_LOOP('',(#1289,#1290,#1291,#1292));
#4596=EDGE_LOOP('',(#1293,#1294,#1295,#1296));
#4597=EDGE_LOOP('',(#1297,#1298,#1299,#1300));
#4598=EDGE_LOOP('',(#1301,#1302,#1303,#1304));
#4599=EDGE_LOOP('',(#1305,#1306,#1307,#1308));
#4600=EDGE_LOOP('',(#1309,#1310,#1311,#1312));
#4601=EDGE_LOOP('',(#1313,#1314,#1315,#1316));
#4602=EDGE_LOOP('',(#1317,#1318,#1319,#1320));
#4603=EDGE_LOOP('',(#1321,#1322,#1323,#1324));
#4604=EDGE_LOOP('',(#1325,#1326,#1327,#1328));
#4605=EDGE_LOOP('',(#1329,#1330,#1331,#1332));
#4606=EDGE_LOOP('',(#1333,#1334,#1335,#1336));
#4607=EDGE_LOOP('',(#1337,#1338,#1339,#1340));
#4608=EDGE_LOOP('',(#1341,#1342,#1343,#1344));
#4609=EDGE_LOOP('',(#1345,#1346,#1347,#1348));
#4610=EDGE_LOOP('',(#1349,#1350,#1351,#1352));
#4611=EDGE_LOOP('',(#1353,#1354,#1355,#1356));
#4612=EDGE_LOOP('',(#1357,#1358,#1359,#1360));
#4613=EDGE_LOOP('',(#1361,#1362,#1363,#1364));
#4614=EDGE_LOOP('',(#1365,#1366,#1367,#1368));
#4615=EDGE_LOOP('',(#1369,#1370,#1371,#1372));
#4616=EDGE_LOOP('',(#1373,#1374,#1375,#1376));
#4617=EDGE_LOOP('',(#1377,#1378,#1379,#1380));
#4618=EDGE_LOOP('',(#1381,#1382,#1383,#1384));
#4619=EDGE_LOOP('',(#1385,#1386,#1387,#1388));
#4620=EDGE_LOOP('',(#1389,#1390,#1391,#1392));
#4621=EDGE_LOOP('',(#1393,#1394,#1395,#1396));
#4622=EDGE_LOOP('',(#1397,#1398,#1399,#1400));
#4623=EDGE_LOOP('',(#1401,#1402,#1403,#1404));
#4624=EDGE_LOOP('',(#1405,#1406,#1407,#1408));
#4625=EDGE_LOOP('',(#1409,#1410,#1411,#1412));
#4626=EDGE_LOOP('',(#1413,#1414,#1415,#1416));
#4627=EDGE_LOOP('',(#1417,#1418,#1419,#1420));
#4628=EDGE_LOOP('',(#1421,#1422,#1423,#1424));
#4629=EDGE_LOOP('',(#1425,#1426,#1427,#1428));
#4630=EDGE_LOOP('',(#1429,#1430,#1431,#1432));
#4631=EDGE_LOOP('',(#1433,#1434,#1435,#1436));
#4632=EDGE_LOOP('',(#1437,#1438,#1439,#1440));
#4633=EDGE_LOOP('',(#1441,#1442,#1443,#1444));
#4634=EDGE_LOOP('',(#1445,#1446,#1447,#1448));
#4635=EDGE_LOOP('',(#1449,#1450,#1451,#1452));
#4636=EDGE_LOOP('',(#1453,#1454,#1455,#1456));
#4637=EDGE_LOOP('',(#1457,#1458,#1459,#1460));
#4638=EDGE_LOOP('',(#1461,#1462,#1463,#1464));
#4639=EDGE_LOOP('',(#1465,#1466,#1467,#1468));
#4640=EDGE_LOOP('',(#1469,#1470,#1471,#1472));
#4641=EDGE_LOOP('',(#1473,#1474,#1475,#1476));
#4642=EDGE_LOOP('',(#1477,#1478,#1479,#1480));
#4643=EDGE_LOOP('',(#1481,#1482,#1483,#1484));
#4644=EDGE_LOOP('',(#1485,#1486,#1487,#1488));
#4645=EDGE_LOOP('',(#1489,#1490,#1491,#1492));
#4646=EDGE_LOOP('',(#1493,#1494,#1495,#1496));
#4647=EDGE_LOOP('',(#1497,#1498,#1499,#1500));
#4648=EDGE_LOOP('',(#1501,#1502,#1503,#1504));
#4649=EDGE_LOOP('',(#1505,#1506,#1507,#1508));
#4650=EDGE_LOOP('',(#1509,#1510,#1511,#1512));
#4651=EDGE_LOOP('',(#1513,#1514,#1515,#1516));
#4652=EDGE_LOOP('',(#1517,#1518,#1519,#1520));
#4653=EDGE_LOOP('',(#1521,#1522,#1523,#1524));
#4654=EDGE_LOOP('',(#1525,#1526,#1527,#1528));
#4655=EDGE_LOOP('',(#1529,#1530,#1531,#1532));
#4656=EDGE_LOOP('',(#1533,#1534,#1535,#1536));
#4657=EDGE_LOOP('',(#1537,#1538,#1539,#1540));
#4658=EDGE_LOOP('',(#1541,#1542,#1543,#1544));
#4659=EDGE_LOOP('',(#1545,#1546,#1547,#1548));
#4660=EDGE_LOOP('',(#1549,#1550,#1551,#1552));
#4661=EDGE_LOOP('',(#1553,#1554,#1555,#1556));
#4662=EDGE_LOOP('',(#1557,#1558,#1559,#1560));
#4663=EDGE_LOOP('',(#1561,#1562,#1563,#1564));
#4664=EDGE_LOOP('',(#1565,#1566,#1567,#1568));
#4665=EDGE_LOOP('',(#1569,#1570,#1571,#1572));
#4666=EDGE_LOOP('',(#1573,#1574,#1575,#1576));
#4667=EDGE_LOOP('',(#1577,#1578,#1579,#1580));
#4668=EDGE_LOOP('',(#1581,#1582,#1583,#1584));
#4669=EDGE_LOOP('',(#1585,#1586,#1587,#1588));
#4670=EDGE_LOOP('',(#1589,#1590,#1591,#1592));
#4671=EDGE_LOOP('',(#1593,#1594,#1595,#1596));
#4672=EDGE_LOOP('',(#1597,#1598,#1599,#1600));
#4673=EDGE_LOOP('',(#1601,#1602,#1603,#1604));
#4674=EDGE_LOOP('',(#1605,#1606,#1607,#1608));
#4675=EDGE_LOOP('',(#1609,#1610,#1611,#1612));
#4676=EDGE_LOOP('',(#1613,#1614,#1615,#1616));
#4677=EDGE_LOOP('',(#1617,#1618,#1619,#1620));
#4678=EDGE_LOOP('',(#1621,#1622,#1623,#1624));
#4679=EDGE_LOOP('',(#1625,#1626,#1627,#1628));
#4680=EDGE_LOOP('',(#1629,#1630,#1631,#1632));
#4681=EDGE_LOOP('',(#1633,#1634,#1635,#1636));
#4682=EDGE_LOOP('',(#1637,#1638,#1639,#1640));
#4683=EDGE_LOOP('',(#1641,#1642,#1643,#1644));
#4684=EDGE_LOOP('',(#1645,#1646,#1647,#1648));
#4685=EDGE_LOOP('',(#1649,#1650,#1651,#1652));
#4686=EDGE_LOOP('',(#1653,#1654,#1655,#1656));
#4687=EDGE_LOOP('',(#1657,#1658,#1659,#1660));
#4688=EDGE_LOOP('',(#1661,#1662,#1663,#1664));
#4689=EDGE_LOOP('',(#1665,#1666,#1667,#1668));
#4690=EDGE_LOOP('',(#1669,#1670,#1671,#1672));
#4691=EDGE_LOOP('',(#1673,#1674,#1675,#1676));
#4692=EDGE_LOOP('',(#1677,#1678,#1679,#1680));
#4693=EDGE_LOOP('',(#1681,#1682,#1683,#1684));
#4694=EDGE_LOOP('',(#1685,#1686,#1687,#1688));
#4695=EDGE_LOOP('',(#1689,#1690,#1691,#1692));
#4696=EDGE_LOOP('',(#1693,#1694,#1695,#1696));
#4697=EDGE_LOOP('',(#1697,#1698,#1699,#1700));
#4698=EDGE_LOOP('',(#1701,#1702,#1703,#1704));
#4699=EDGE_LOOP('',(#1705,#1706,#1707,#1708));
#4700=EDGE_LOOP('',(#1709,#1710,#1711,#1712));
#4701=EDGE_LOOP('',(#1713,#1714,#1715,#1716));
#4702=EDGE_LOOP('',(#1717));
#4703=EDGE_LOOP('',(#1718));
#4704=EDGE_LOOP('',(#1719));
#4705=EDGE_LOOP('',(#1720,#1721,#1722,#1723,#1724,#1725,#1726,#1727,#1728,
#1729,#1730,#1731,#1732,#1733,#1734,#1735,#1736,#1737,#1738,#1739,#1740,
#1741,#1742,#1743,#1744,#1745,#1746,#1747,#1748,#1749,#1750,#1751,#1752,
#1753,#1754,#1755,#1756,#1757,#1758,#1759,#1760,#1761,#1762,#1763,#1764,
#1765,#1766,#1767,#1768,#1769,#1770,#1771,#1772,#1773,#1774,#1775,#1776,
#1777,#1778,#1779,#1780,#1781,#1782,#1783,#1784,#1785,#1786,#1787,#1788,
#1789,#1790,#1791,#1792,#1793,#1794,#1795,#1796,#1797,#1798,#1799,#1800,
#1801,#1802,#1803,#1804,#1805,#1806,#1807,#1808,#1809,#1810,#1811,#1812,
#1813,#1814,#1815,#1816,#1817,#1818,#1819,#1820,#1821,#1822,#1823,#1824,
#1825,#1826,#1827,#1828,#1829,#1830,#1831,#1832,#1833,#1834,#1835,#1836,
#1837,#1838,#1839,#1840,#1841,#1842,#1843,#1844,#1845,#1846,#1847,#1848,
#1849,#1850,#1851,#1852,#1853,#1854,#1855,#1856,#1857,#1858,#1859,#1860,
#1861,#1862,#1863,#1864,#1865,#1866,#1867,#1868,#1869,#1870,#1871,#1872,
#1873,#1874,#1875,#1876,#1877,#1878,#1879,#1880,#1881,#1882,#1883,#1884,
#1885,#1886,#1887,#1888,#1889,#1890,#1891,#1892,#1893,#1894,#1895,#1896,
#1897,#1898,#1899,#1900,#1901,#1902,#1903,#1904,#1905,#1906,#1907,#1908,
#1909,#1910,#1911,#1912,#1913,#1914,#1915,#1916,#1917,#1918,#1919,#1920,
#1921,#1922,#1923,#1924,#1925,#1926,#1927,#1928,#1929,#1930,#1931,#1932,
#1933,#1934,#1935));
#4706=EDGE_LOOP('',(#1936,#1937,#1938,#1939));
#4707=EDGE_LOOP('',(#1940));
#4708=EDGE_LOOP('',(#1941,#1942,#1943,#1944,#1945,#1946,#1947,#1948,#1949,
#1950,#1951,#1952,#1953,#1954,#1955,#1956,#1957,#1958,#1959,#1960,#1961,
#1962,#1963,#1964,#1965,#1966,#1967,#1968,#1969,#1970,#1971,#1972,#1973,
#1974,#1975,#1976,#1977,#1978,#1979,#1980,#1981,#1982,#1983,#1984,#1985,
#1986,#1987,#1988,#1989,#1990,#1991,#1992,#1993,#1994,#1995,#1996,#1997,
#1998,#1999,#2000,#2001,#2002,#2003,#2004,#2005,#2006,#2007,#2008,#2009,
#2010,#2011,#2012,#2013,#2014,#2015,#2016,#2017,#2018,#2019,#2020,#2021,
#2022,#2023,#2024,#2025,#2026,#2027,#2028,#2029,#2030,#2031,#2032,#2033,
#2034,#2035,#2036,#2037,#2038,#2039,#2040,#2041,#2042,#2043,#2044,#2045,
#2046,#2047,#2048,#2049,#2050,#2051,#2052,#2053,#2054,#2055,#2056,#2057,
#2058,#2059,#2060,#2061,#2062,#2063,#2064,#2065,#2066,#2067,#2068,#2069,
#2070,#2071,#2072,#2073,#2074,#2075,#2076,#2077,#2078,#2079,#2080,#2081,
#2082,#2083,#2084,#2085,#2086,#2087,#2088,#2089,#2090,#2091,#2092,#2093,
#2094,#2095,#2096,#2097,#2098,#2099,#2100,#2101,#2102,#2103,#2104,#2105,
#2106,#2107,#2108,#2109,#2110,#2111,#2112,#2113,#2114,#2115,#2116,#2117,
#2118,#2119,#2120,#2121,#2122,#2123,#2124,#2125,#2126,#2127,#2128,#2129,
#2130,#2131,#2132,#2133,#2134,#2135,#2136,#2137,#2138,#2139,#2140,#2141,
#2142,#2143,#2144,#2145,#2146,#2147,#2148,#2149,#2150,#2151,#2152,#2153,
#2154,#2155,#2156));
#4709=EDGE_LOOP('',(#2157,#2158,#2159,#2160));
#4710=EDGE_LOOP('',(#2161,#2162,#2163,#2164));
#4711=EDGE_LOOP('',(#2165,#2166,#2167,#2168));
#4712=EDGE_LOOP('',(#2169,#2170,#2171,#2172));
#4713=EDGE_LOOP('',(#2173,#2174,#2175,#2176));
#4714=EDGE_LOOP('',(#2177,#2178,#2179,#2180));
#4715=EDGE_LOOP('',(#2181,#2182,#2183,#2184));
#4716=EDGE_LOOP('',(#2185,#2186,#2187,#2188));
#4717=EDGE_LOOP('',(#2189,#2190,#2191,#2192));
#4718=EDGE_LOOP('',(#2193,#2194,#2195,#2196));
#4719=EDGE_LOOP('',(#2197,#2198,#2199,#2200));
#4720=EDGE_LOOP('',(#2201,#2202,#2203,#2204));
#4721=EDGE_LOOP('',(#2205,#2206,#2207,#2208));
#4722=EDGE_LOOP('',(#2209,#2210,#2211,#2212));
#4723=EDGE_LOOP('',(#2213,#2214,#2215,#2216));
#4724=EDGE_LOOP('',(#2217,#2218,#2219,#2220));
#4725=EDGE_LOOP('',(#2221,#2222,#2223,#2224));
#4726=EDGE_LOOP('',(#2225,#2226,#2227,#2228));
#4727=EDGE_LOOP('',(#2229,#2230,#2231,#2232));
#4728=EDGE_LOOP('',(#2233,#2234,#2235,#2236));
#4729=EDGE_LOOP('',(#2237,#2238,#2239,#2240));
#4730=EDGE_LOOP('',(#2241,#2242,#2243,#2244));
#4731=EDGE_LOOP('',(#2245,#2246,#2247,#2248));
#4732=EDGE_LOOP('',(#2249,#2250,#2251,#2252));
#4733=EDGE_LOOP('',(#2253,#2254,#2255,#2256));
#4734=EDGE_LOOP('',(#2257,#2258,#2259,#2260));
#4735=EDGE_LOOP('',(#2261,#2262,#2263,#2264));
#4736=EDGE_LOOP('',(#2265,#2266,#2267,#2268));
#4737=EDGE_LOOP('',(#2269,#2270,#2271,#2272));
#4738=EDGE_LOOP('',(#2273,#2274,#2275,#2276));
#4739=EDGE_LOOP('',(#2277,#2278,#2279,#2280));
#4740=EDGE_LOOP('',(#2281,#2282,#2283,#2284));
#4741=EDGE_LOOP('',(#2285,#2286,#2287,#2288));
#4742=EDGE_LOOP('',(#2289,#2290,#2291,#2292));
#4743=EDGE_LOOP('',(#2293,#2294,#2295,#2296));
#4744=EDGE_LOOP('',(#2297));
#4745=EDGE_LOOP('',(#2298));
#4746=EDGE_LOOP('',(#2299));
#4747=EDGE_LOOP('',(#2300));
#4748=EDGE_LOOP('',(#2301));
#4749=EDGE_LOOP('',(#2302));
#4750=EDGE_LOOP('',(#2303));
#4751=EDGE_LOOP('',(#2304));
#4752=EDGE_LOOP('',(#2305,#2306,#2307,#2308));
#4753=EDGE_LOOP('',(#2309,#2310,#2311,#2312));
#4754=EDGE_LOOP('',(#2313,#2314,#2315,#2316));
#4755=EDGE_LOOP('',(#2317,#2318,#2319,#2320));
#4756=EDGE_LOOP('',(#2321,#2322,#2323,#2324));
#4757=EDGE_LOOP('',(#2325,#2326,#2327,#2328));
#4758=EDGE_LOOP('',(#2329,#2330,#2331,#2332));
#4759=EDGE_LOOP('',(#2333,#2334,#2335,#2336));
#4760=EDGE_LOOP('',(#2337,#2338,#2339,#2340));
#4761=EDGE_LOOP('',(#2341,#2342,#2343,#2344));
#4762=EDGE_LOOP('',(#2345,#2346,#2347,#2348));
#4763=EDGE_LOOP('',(#2349,#2350,#2351,#2352));
#4764=EDGE_LOOP('',(#2353,#2354,#2355,#2356));
#4765=EDGE_LOOP('',(#2357,#2358,#2359,#2360));
#4766=EDGE_LOOP('',(#2361,#2362,#2363,#2364));
#4767=EDGE_LOOP('',(#2365,#2366,#2367,#2368));
#4768=EDGE_LOOP('',(#2369,#2370,#2371,#2372));
#4769=EDGE_LOOP('',(#2373,#2374,#2375,#2376));
#4770=EDGE_LOOP('',(#2377,#2378,#2379,#2380));
#4771=EDGE_LOOP('',(#2381,#2382,#2383,#2384));
#4772=EDGE_LOOP('',(#2385,#2386,#2387,#2388));
#4773=EDGE_LOOP('',(#2389,#2390,#2391,#2392));
#4774=EDGE_LOOP('',(#2393,#2394,#2395,#2396));
#4775=EDGE_LOOP('',(#2397,#2398,#2399,#2400));
#4776=EDGE_LOOP('',(#2401,#2402,#2403,#2404));
#4777=EDGE_LOOP('',(#2405,#2406,#2407,#2408));
#4778=EDGE_LOOP('',(#2409,#2410,#2411,#2412));
#4779=EDGE_LOOP('',(#2413,#2414,#2415,#2416));
#4780=EDGE_LOOP('',(#2417,#2418,#2419,#2420));
#4781=EDGE_LOOP('',(#2421,#2422,#2423,#2424));
#4782=EDGE_LOOP('',(#2425,#2426,#2427,#2428));
#4783=EDGE_LOOP('',(#2429,#2430,#2431,#2432));
#4784=EDGE_LOOP('',(#2433,#2434,#2435,#2436));
#4785=EDGE_LOOP('',(#2437,#2438,#2439,#2440));
#4786=EDGE_LOOP('',(#2441,#2442,#2443,#2444));
#4787=FACE_BOUND('',#4452,.T.);
#4788=FACE_BOUND('',#4453,.T.);
#4789=FACE_BOUND('',#4454,.T.);
#4790=FACE_BOUND('',#4455,.T.);
#4791=FACE_BOUND('',#4456,.T.);
#4792=FACE_BOUND('',#4457,.T.);
#4793=FACE_BOUND('',#4458,.T.);
#4794=FACE_BOUND('',#4459,.T.);
#4795=FACE_BOUND('',#4460,.T.);
#4796=FACE_BOUND('',#4461,.T.);
#4797=FACE_BOUND('',#4462,.T.);
#4798=FACE_BOUND('',#4463,.T.);
#4799=FACE_BOUND('',#4464,.T.);
#4800=FACE_BOUND('',#4465,.T.);
#4801=FACE_BOUND('',#4466,.T.);
#4802=FACE_BOUND('',#4467,.T.);
#4803=FACE_BOUND('',#4468,.T.);
#4804=FACE_BOUND('',#4469,.T.);
#4805=FACE_BOUND('',#4470,.T.);
#4806=FACE_BOUND('',#4471,.T.);
#4807=FACE_BOUND('',#4472,.T.);
#4808=FACE_BOUND('',#4473,.T.);
#4809=FACE_BOUND('',#4474,.T.);
#4810=FACE_BOUND('',#4475,.T.);
#4811=FACE_BOUND('',#4476,.T.);
#4812=FACE_BOUND('',#4477,.T.);
#4813=FACE_BOUND('',#4478,.T.);
#4814=FACE_BOUND('',#4479,.T.);
#4815=FACE_BOUND('',#4480,.T.);
#4816=FACE_BOUND('',#4481,.T.);
#4817=FACE_BOUND('',#4482,.T.);
#4818=FACE_BOUND('',#4483,.T.);
#4819=FACE_BOUND('',#4484,.T.);
#4820=FACE_BOUND('',#4485,.T.);
#4821=FACE_BOUND('',#4486,.T.);
#4822=FACE_BOUND('',#4487,.T.);
#4823=FACE_BOUND('',#4488,.T.);
#4824=FACE_BOUND('',#4489,.T.);
#4825=FACE_BOUND('',#4490,.T.);
#4826=FACE_BOUND('',#4491,.T.);
#4827=FACE_BOUND('',#4492,.T.);
#4828=FACE_BOUND('',#4493,.T.);
#4829=FACE_BOUND('',#4494,.T.);
#4830=FACE_BOUND('',#4495,.T.);
#4831=FACE_BOUND('',#4496,.T.);
#4832=FACE_BOUND('',#4497,.T.);
#4833=FACE_BOUND('',#4498,.T.);
#4834=FACE_BOUND('',#4499,.T.);
#4835=FACE_BOUND('',#4500,.T.);
#4836=FACE_BOUND('',#4501,.T.);
#4837=FACE_BOUND('',#4502,.T.);
#4838=FACE_BOUND('',#4503,.T.);
#4839=FACE_BOUND('',#4504,.T.);
#4840=FACE_BOUND('',#4505,.T.);
#4841=FACE_BOUND('',#4506,.T.);
#4842=FACE_BOUND('',#4507,.T.);
#4843=FACE_BOUND('',#4508,.T.);
#4844=FACE_BOUND('',#4509,.T.);
#4845=FACE_BOUND('',#4510,.T.);
#4846=FACE_BOUND('',#4511,.T.);
#4847=FACE_BOUND('',#4512,.T.);
#4848=FACE_BOUND('',#4513,.T.);
#4849=FACE_BOUND('',#4514,.T.);
#4850=FACE_BOUND('',#4515,.T.);
#4851=FACE_BOUND('',#4516,.T.);
#4852=FACE_BOUND('',#4517,.T.);
#4853=FACE_BOUND('',#4518,.T.);
#4854=FACE_BOUND('',#4519,.T.);
#4855=FACE_BOUND('',#4520,.T.);
#4856=FACE_BOUND('',#4521,.T.);
#4857=FACE_BOUND('',#4522,.T.);
#4858=FACE_BOUND('',#4523,.T.);
#4859=FACE_BOUND('',#4524,.T.);
#4860=FACE_BOUND('',#4525,.T.);
#4861=FACE_BOUND('',#4526,.T.);
#4862=FACE_BOUND('',#4527,.T.);
#4863=FACE_BOUND('',#4528,.T.);
#4864=FACE_BOUND('',#4529,.T.);
#4865=FACE_BOUND('',#4530,.T.);
#4866=FACE_BOUND('',#4531,.T.);
#4867=FACE_BOUND('',#4532,.T.);
#4868=FACE_BOUND('',#4533,.T.);
#4869=FACE_BOUND('',#4534,.T.);
#4870=FACE_BOUND('',#4535,.T.);
#4871=FACE_BOUND('',#4536,.T.);
#4872=FACE_BOUND('',#4537,.T.);
#4873=FACE_BOUND('',#4538,.T.);
#4874=FACE_BOUND('',#4539,.T.);
#4875=FACE_BOUND('',#4540,.T.);
#4876=FACE_BOUND('',#4541,.T.);
#4877=FACE_BOUND('',#4542,.T.);
#4878=FACE_BOUND('',#4543,.T.);
#4879=FACE_BOUND('',#4544,.T.);
#4880=FACE_BOUND('',#4545,.T.);
#4881=FACE_BOUND('',#4546,.T.);
#4882=FACE_BOUND('',#4547,.T.);
#4883=FACE_BOUND('',#4548,.T.);
#4884=FACE_BOUND('',#4549,.T.);
#4885=FACE_BOUND('',#4550,.T.);
#4886=FACE_BOUND('',#4551,.T.);
#4887=FACE_BOUND('',#4552,.T.);
#4888=FACE_BOUND('',#4553,.T.);
#4889=FACE_BOUND('',#4554,.T.);
#4890=FACE_BOUND('',#4555,.T.);
#4891=FACE_BOUND('',#4556,.T.);
#4892=FACE_BOUND('',#4557,.T.);
#4893=FACE_BOUND('',#4558,.T.);
#4894=FACE_BOUND('',#4559,.T.);
#4895=FACE_BOUND('',#4560,.T.);
#4896=FACE_BOUND('',#4561,.T.);
#4897=FACE_BOUND('',#4562,.T.);
#4898=FACE_BOUND('',#4563,.T.);
#4899=FACE_BOUND('',#4564,.T.);
#4900=FACE_BOUND('',#4565,.T.);
#4901=FACE_BOUND('',#4566,.T.);
#4902=FACE_BOUND('',#4567,.T.);
#4903=FACE_BOUND('',#4568,.T.);
#4904=FACE_BOUND('',#4569,.T.);
#4905=FACE_BOUND('',#4570,.T.);
#4906=FACE_BOUND('',#4571,.T.);
#4907=FACE_BOUND('',#4572,.T.);
#4908=FACE_BOUND('',#4573,.T.);
#4909=FACE_BOUND('',#4574,.T.);
#4910=FACE_BOUND('',#4575,.T.);
#4911=FACE_BOUND('',#4576,.T.);
#4912=FACE_BOUND('',#4577,.T.);
#4913=FACE_BOUND('',#4578,.T.);
#4914=FACE_BOUND('',#4579,.T.);
#4915=FACE_BOUND('',#4580,.T.);
#4916=FACE_BOUND('',#4581,.T.);
#4917=FACE_BOUND('',#4582,.T.);
#4918=FACE_BOUND('',#4583,.T.);
#4919=FACE_BOUND('',#4584,.T.);
#4920=FACE_BOUND('',#4585,.T.);
#4921=FACE_BOUND('',#4586,.T.);
#4922=FACE_BOUND('',#4587,.T.);
#4923=FACE_BOUND('',#4588,.T.);
#4924=FACE_BOUND('',#4589,.T.);
#4925=FACE_BOUND('',#4590,.T.);
#4926=FACE_BOUND('',#4591,.T.);
#4927=FACE_BOUND('',#4592,.T.);
#4928=FACE_BOUND('',#4593,.T.);
#4929=FACE_BOUND('',#4594,.T.);
#4930=FACE_BOUND('',#4595,.T.);
#4931=FACE_BOUND('',#4596,.T.);
#4932=FACE_BOUND('',#4597,.T.);
#4933=FACE_BOUND('',#4598,.T.);
#4934=FACE_BOUND('',#4599,.T.);
#4935=FACE_BOUND('',#4600,.T.);
#4936=FACE_BOUND('',#4601,.T.);
#4937=FACE_BOUND('',#4602,.T.);
#4938=FACE_BOUND('',#4603,.T.);
#4939=FACE_BOUND('',#4604,.T.);
#4940=FACE_BOUND('',#4605,.T.);
#4941=FACE_BOUND('',#4606,.T.);
#4942=FACE_BOUND('',#4607,.T.);
#4943=FACE_BOUND('',#4608,.T.);
#4944=FACE_BOUND('',#4609,.T.);
#4945=FACE_BOUND('',#4610,.T.);
#4946=FACE_BOUND('',#4611,.T.);
#4947=FACE_BOUND('',#4612,.T.);
#4948=FACE_BOUND('',#4613,.T.);
#4949=FACE_BOUND('',#4614,.T.);
#4950=FACE_BOUND('',#4615,.T.);
#4951=FACE_BOUND('',#4616,.T.);
#4952=FACE_BOUND('',#4617,.T.);
#4953=FACE_BOUND('',#4618,.T.);
#4954=FACE_BOUND('',#4619,.T.);
#4955=FACE_BOUND('',#4620,.T.);
#4956=FACE_BOUND('',#4621,.T.);
#4957=FACE_BOUND('',#4622,.T.);
#4958=FACE_BOUND('',#4623,.T.);
#4959=FACE_BOUND('',#4624,.T.);
#4960=FACE_BOUND('',#4625,.T.);
#4961=FACE_BOUND('',#4626,.T.);
#4962=FACE_BOUND('',#4627,.T.);
#4963=FACE_BOUND('',#4628,.T.);
#4964=FACE_BOUND('',#4629,.T.);
#4965=FACE_BOUND('',#4630,.T.);
#4966=FACE_BOUND('',#4631,.T.);
#4967=FACE_BOUND('',#4632,.T.);
#4968=FACE_BOUND('',#4633,.T.);
#4969=FACE_BOUND('',#4634,.T.);
#4970=FACE_BOUND('',#4635,.T.);
#4971=FACE_BOUND('',#4636,.T.);
#4972=FACE_BOUND('',#4637,.T.);
#4973=FACE_BOUND('',#4638,.T.);
#4974=FACE_BOUND('',#4639,.T.);
#4975=FACE_BOUND('',#4640,.T.);
#4976=FACE_BOUND('',#4641,.T.);
#4977=FACE_BOUND('',#4642,.T.);
#4978=FACE_BOUND('',#4643,.T.);
#4979=FACE_BOUND('',#4644,.T.);
#4980=FACE_BOUND('',#4645,.T.);
#4981=FACE_BOUND('',#4646,.T.);
#4982=FACE_BOUND('',#4647,.T.);
#4983=FACE_BOUND('',#4648,.T.);
#4984=FACE_BOUND('',#4649,.T.);
#4985=FACE_BOUND('',#4650,.T.);
#4986=FACE_BOUND('',#4651,.T.);
#4987=FACE_BOUND('',#4652,.T.);
#4988=FACE_BOUND('',#4653,.T.);
#4989=FACE_BOUND('',#4654,.T.);
#4990=FACE_BOUND('',#4655,.T.);
#4991=FACE_BOUND('',#4656,.T.);
#4992=FACE_BOUND('',#4657,.T.);
#4993=FACE_BOUND('',#4658,.T.);
#4994=FACE_BOUND('',#4659,.T.);
#4995=FACE_BOUND('',#4660,.T.);
#4996=FACE_BOUND('',#4661,.T.);
#4997=FACE_BOUND('',#4662,.T.);
#4998=FACE_BOUND('',#4663,.T.);
#4999=FACE_BOUND('',#4664,.T.);
#5000=FACE_BOUND('',#4665,.T.);
#5001=FACE_BOUND('',#4666,.T.);
#5002=FACE_BOUND('',#4667,.T.);
#5003=FACE_BOUND('',#4668,.T.);
#5004=FACE_BOUND('',#4669,.T.);
#5005=FACE_BOUND('',#4670,.T.);
#5006=FACE_BOUND('',#4671,.T.);
#5007=FACE_BOUND('',#4672,.T.);
#5008=FACE_BOUND('',#4673,.T.);
#5009=FACE_BOUND('',#4674,.T.);
#5010=FACE_BOUND('',#4675,.T.);
#5011=FACE_BOUND('',#4676,.T.);
#5012=FACE_BOUND('',#4677,.T.);
#5013=FACE_BOUND('',#4678,.T.);
#5014=FACE_BOUND('',#4679,.T.);
#5015=FACE_BOUND('',#4680,.T.);
#5016=FACE_BOUND('',#4681,.T.);
#5017=FACE_BOUND('',#4682,.T.);
#5018=FACE_BOUND('',#4683,.T.);
#5019=FACE_BOUND('',#4684,.T.);
#5020=FACE_BOUND('',#4685,.T.);
#5021=FACE_BOUND('',#4686,.T.);
#5022=FACE_BOUND('',#4687,.T.);
#5023=FACE_BOUND('',#4688,.T.);
#5024=FACE_BOUND('',#4689,.T.);
#5025=FACE_BOUND('',#4690,.T.);
#5026=FACE_BOUND('',#4691,.T.);
#5027=FACE_BOUND('',#4692,.T.);
#5028=FACE_BOUND('',#4693,.T.);
#5029=FACE_BOUND('',#4694,.T.);
#5030=FACE_BOUND('',#4695,.T.);
#5031=FACE_BOUND('',#4696,.T.);
#5032=FACE_BOUND('',#4697,.T.);
#5033=FACE_BOUND('',#4698,.T.);
#5034=FACE_BOUND('',#4699,.T.);
#5035=FACE_BOUND('',#4700,.T.);
#5036=FACE_BOUND('',#4701,.T.);
#5037=FACE_BOUND('',#4702,.T.);
#5038=FACE_BOUND('',#4703,.T.);
#5039=FACE_BOUND('',#4704,.T.);
#5040=FACE_BOUND('',#4705,.T.);
#5041=FACE_BOUND('',#4706,.T.);
#5042=FACE_BOUND('',#4707,.T.);
#5043=FACE_BOUND('',#4708,.T.);
#5044=FACE_BOUND('',#4709,.T.);
#5045=FACE_BOUND('',#4710,.T.);
#5046=FACE_BOUND('',#4711,.T.);
#5047=FACE_BOUND('',#4712,.T.);
#5048=FACE_BOUND('',#4713,.T.);
#5049=FACE_BOUND('',#4714,.T.);
#5050=FACE_BOUND('',#4715,.T.);
#5051=FACE_BOUND('',#4716,.T.);
#5052=FACE_BOUND('',#4717,.T.);
#5053=FACE_BOUND('',#4718,.T.);
#5054=FACE_BOUND('',#4719,.T.);
#5055=FACE_BOUND('',#4720,.T.);
#5056=FACE_BOUND('',#4721,.T.);
#5057=FACE_BOUND('',#4722,.T.);
#5058=FACE_BOUND('',#4723,.T.);
#5059=FACE_BOUND('',#4724,.T.);
#5060=FACE_BOUND('',#4725,.T.);
#5061=FACE_BOUND('',#4726,.T.);
#5062=FACE_BOUND('',#4727,.T.);
#5063=FACE_BOUND('',#4728,.T.);
#5064=FACE_BOUND('',#4729,.T.);
#5065=FACE_BOUND('',#4730,.T.);
#5066=FACE_BOUND('',#4731,.T.);
#5067=FACE_BOUND('',#4732,.T.);
#5068=FACE_BOUND('',#4733,.T.);
#5069=FACE_BOUND('',#4734,.T.);
#5070=FACE_BOUND('',#4735,.T.);
#5071=FACE_BOUND('',#4736,.T.);
#5072=FACE_BOUND('',#4737,.T.);
#5073=FACE_BOUND('',#4738,.T.);
#5074=FACE_BOUND('',#4739,.T.);
#5075=FACE_BOUND('',#4740,.T.);
#5076=FACE_BOUND('',#4741,.T.);
#5077=FACE_BOUND('',#4742,.T.);
#5078=FACE_BOUND('',#4743,.T.);
#5079=FACE_BOUND('',#4744,.T.);
#5080=FACE_BOUND('',#4745,.T.);
#5081=FACE_BOUND('',#4746,.T.);
#5082=FACE_BOUND('',#4747,.T.);
#5083=FACE_BOUND('',#4748,.T.);
#5084=FACE_BOUND('',#4749,.T.);
#5085=FACE_BOUND('',#4750,.T.);
#5086=FACE_BOUND('',#4751,.T.);
#5087=FACE_BOUND('',#4752,.T.);
#5088=FACE_BOUND('',#4753,.T.);
#5089=FACE_BOUND('',#4754,.T.);
#5090=FACE_BOUND('',#4755,.T.);
#5091=FACE_BOUND('',#4756,.T.);
#5092=FACE_BOUND('',#4757,.T.);
#5093=FACE_BOUND('',#4758,.T.);
#5094=FACE_BOUND('',#4759,.T.);
#5095=FACE_BOUND('',#4760,.T.);
#5096=FACE_BOUND('',#4761,.T.);
#5097=FACE_BOUND('',#4762,.T.);
#5098=FACE_BOUND('',#4763,.T.);
#5099=FACE_BOUND('',#4764,.T.);
#5100=FACE_BOUND('',#4765,.T.);
#5101=FACE_BOUND('',#4766,.T.);
#5102=FACE_BOUND('',#4767,.T.);
#5103=FACE_BOUND('',#4768,.T.);
#5104=FACE_BOUND('',#4769,.T.);
#5105=FACE_BOUND('',#4770,.T.);
#5106=FACE_BOUND('',#4771,.T.);
#5107=FACE_BOUND('',#4772,.T.);
#5108=FACE_BOUND('',#4773,.T.);
#5109=FACE_BOUND('',#4774,.T.);
#5110=FACE_BOUND('',#4775,.T.);
#5111=FACE_BOUND('',#4776,.T.);
#5112=FACE_BOUND('',#4777,.T.);
#5113=FACE_BOUND('',#4778,.T.);
#5114=FACE_BOUND('',#4779,.T.);
#5115=FACE_BOUND('',#4780,.T.);
#5116=FACE_BOUND('',#4781,.T.);
#5117=FACE_BOUND('',#4782,.T.);
#5118=FACE_BOUND('',#4783,.T.);
#5119=FACE_BOUND('',#4784,.T.);
#5120=FACE_BOUND('',#4785,.T.);
#5121=FACE_BOUND('',#4786,.T.);
#5122=PLANE('',#5477);
#5123=PLANE('',#5496);
#5124=PLANE('',#5497);
#5125=PLANE('',#5499);
#5126=PLANE('',#5501);
#5127=PLANE('',#5508);
#5128=PLANE('',#5512);
#5129=PLANE('',#5513);
#5130=PLANE('',#5514);
#5131=PLANE('',#5520);
#5132=PLANE('',#5523);
#5133=PLANE('',#5524);
#5134=PLANE('',#5525);
#5135=PLANE('',#5526);
#5136=PLANE('',#5536);
#5137=PLANE('',#5538);
#5138=PLANE('',#5540);
#5139=PLANE('',#5541);
#5140=PLANE('',#5554);
#5141=PLANE('',#5555);
#5142=PLANE('',#5565);
#5143=PLANE('',#5570);
#5144=PLANE('',#5571);
#5145=PLANE('',#5574);
#5146=PLANE('',#5577);
#5147=PLANE('',#5580);
#5148=PLANE('',#5581);
#5149=PLANE('',#5582);
#5150=PLANE('',#5589);
#5151=PLANE('',#5590);
#5152=PLANE('',#5593);
#5153=PLANE('',#5613);
#5154=PLANE('',#6053);
#5155=PLANE('',#6055);
#5156=PLANE('',#6130);
#5157=ADVANCED_FACE('',(#4787),#5122,.F.);
#5158=ADVANCED_FACE('',(#4788,#4789),#544,.F.);
#5159=ADVANCED_FACE('',(#4790,#4791),#545,.F.);
#5160=ADVANCED_FACE('',(#4792,#4793),#546,.F.);
#5161=ADVANCED_FACE('',(#4794,#4795),#547,.F.);
#5162=ADVANCED_FACE('',(#4796),#548,.T.);
#5163=ADVANCED_FACE('',(#4797),#549,.T.);
#5164=ADVANCED_FACE('',(#4798),#5123,.F.);
#5165=ADVANCED_FACE('',(#4799),#5124,.F.);
#5166=ADVANCED_FACE('',(#4800),#5125,.F.);
#5167=ADVANCED_FACE('',(#4801),#5126,.F.);
#5168=ADVANCED_FACE('',(#4802),#550,.T.);
#5169=ADVANCED_FACE('',(#4803),#551,.T.);
#5170=ADVANCED_FACE('',(#4804,#4805,#4806),#5127,.F.);
#5171=ADVANCED_FACE('',(#4807),#5128,.T.);
#5172=ADVANCED_FACE('',(#4808),#5129,.T.);
#5173=ADVANCED_FACE('',(#4809),#5130,.F.);
#5174=ADVANCED_FACE('',(#4810,#4811),#552,.F.);
#5175=ADVANCED_FACE('',(#4812),#30,.T.);
#5176=ADVANCED_FACE('',(#4813),#5131,.T.);
#5177=ADVANCED_FACE('',(#4814),#553,.T.);
#5178=ADVANCED_FACE('',(#4815),#5132,.T.);
#5179=ADVANCED_FACE('',(#4816),#5133,.F.);
#5180=ADVANCED_FACE('',(#4817),#5134,.T.);
#5181=ADVANCED_FACE('',(#4818,#4819,#4820,#4821,#4822,#4823),#5135,.F.);
#5182=ADVANCED_FACE('',(#4824,#4825),#554,.T.);
#5183=ADVANCED_FACE('',(#4826),#555,.T.);
#5184=ADVANCED_FACE('',(#4827),#5136,.T.);
#5185=ADVANCED_FACE('',(#4828),#5137,.F.);
#5186=ADVANCED_FACE('',(#4829),#5138,.T.);
#5187=ADVANCED_FACE('',(#4830),#5139,.T.);
#5188=ADVANCED_FACE('',(#4831,#4832),#556,.F.);
#5189=ADVANCED_FACE('',(#4833,#4834),#557,.F.);
#5190=ADVANCED_FACE('',(#4835,#4836),#558,.F.);
#5191=ADVANCED_FACE('',(#4837,#4838),#559,.F.);
#5192=ADVANCED_FACE('',(#4839),#5140,.T.);
#5193=ADVANCED_FACE('',(#4840,#4841),#5141,.T.);
#5194=ADVANCED_FACE('',(#4842),#560,.T.);
#5195=ADVANCED_FACE('',(#4843),#31,.T.);
#5196=ADVANCED_FACE('',(#4844),#561,.T.);
#5197=ADVANCED_FACE('',(#4845,#4846,#4847,#4848,#4849),#5142,.T.);
#5198=ADVANCED_FACE('',(#4850),#5143,.T.);
#5199=ADVANCED_FACE('',(#4851,#4852),#5144,.T.);
#5200=ADVANCED_FACE('',(#4853,#4854),#562,.F.);
#5201=ADVANCED_FACE('',(#4855,#4856),#5145,.T.);
#5202=ADVANCED_FACE('',(#4857,#4858),#563,.F.);
#5203=ADVANCED_FACE('',(#4859),#5146,.F.);
#5204=ADVANCED_FACE('',(#4860),#5147,.F.);
#5205=ADVANCED_FACE('',(#4861),#5148,.F.);
#5206=ADVANCED_FACE('',(#4862),#5149,.F.);
#5207=ADVANCED_FACE('',(#4863),#564,.T.);
#5208=ADVANCED_FACE('',(#4864),#565,.T.);
#5209=ADVANCED_FACE('',(#4865),#5150,.F.);
#5210=ADVANCED_FACE('',(#4866,#4867,#4868,#4869,#4870),#5151,.T.);
#5211=ADVANCED_FACE('',(#4871,#4872,#4873,#4874,#4875),#5152,.F.);
#5212=ADVANCED_FACE('',(#4876),#566,.T.);
#5213=ADVANCED_FACE('',(#4877),#28,.T.);
#5214=ADVANCED_FACE('',(#4878),#567,.T.);
#5215=ADVANCED_FACE('',(#4879),#568,.T.);
#5216=ADVANCED_FACE('',(#4880),#29,.T.);
#5217=ADVANCED_FACE('',(#4881),#569,.T.);
#5218=ADVANCED_FACE('',(#4882),#570,.F.);
#5219=ADVANCED_FACE('',(#4883),#571,.F.);
#5220=ADVANCED_FACE('',(#4884),#572,.F.);
#5221=ADVANCED_FACE('',(#4885),#573,.F.);
#5222=ADVANCED_FACE('',(#4886),#574,.F.);
#5223=ADVANCED_FACE('',(#4887),#575,.F.);
#5224=ADVANCED_FACE('',(#4888,#4889),#5153,.F.);
#5225=ADVANCED_FACE('',(#4890,#4891),#576,.F.);
#5226=ADVANCED_FACE('',(#4892),#577,.F.);
#5227=ADVANCED_FACE('',(#4893),#578,.F.);
#5228=ADVANCED_FACE('',(#4894),#579,.F.);
#5229=ADVANCED_FACE('',(#4895),#580,.T.);
#5230=ADVANCED_FACE('',(#4896),#581,.T.);
#5231=ADVANCED_FACE('',(#4897),#582,.F.);
#5232=ADVANCED_FACE('',(#4898),#583,.F.);
#5233=ADVANCED_FACE('',(#4899),#584,.F.);
#5234=ADVANCED_FACE('',(#4900),#585,.T.);
#5235=ADVANCED_FACE('',(#4901),#586,.F.);
#5236=ADVANCED_FACE('',(#4902),#587,.F.);
#5237=ADVANCED_FACE('',(#4903),#588,.F.);
#5238=ADVANCED_FACE('',(#4904),#589,.T.);
#5239=ADVANCED_FACE('',(#4905),#590,.F.);
#5240=ADVANCED_FACE('',(#4906),#591,.F.);
#5241=ADVANCED_FACE('',(#4907),#592,.F.);
#5242=ADVANCED_FACE('',(#4908),#593,.F.);
#5243=ADVANCED_FACE('',(#4909),#594,.F.);
#5244=ADVANCED_FACE('',(#4910),#595,.F.);
#5245=ADVANCED_FACE('',(#4911),#596,.T.);
#5246=ADVANCED_FACE('',(#4912),#597,.F.);
#5247=ADVANCED_FACE('',(#4913),#598,.F.);
#5248=ADVANCED_FACE('',(#4914),#599,.F.);
#5249=ADVANCED_FACE('',(#4915),#600,.T.);
#5250=ADVANCED_FACE('',(#4916),#601,.F.);
#5251=ADVANCED_FACE('',(#4917),#602,.F.);
#5252=ADVANCED_FACE('',(#4918),#603,.F.);
#5253=ADVANCED_FACE('',(#4919),#604,.T.);
#5254=ADVANCED_FACE('',(#4920),#605,.F.);
#5255=ADVANCED_FACE('',(#4921),#606,.F.);
#5256=ADVANCED_FACE('',(#4922),#607,.F.);
#5257=ADVANCED_FACE('',(#4923),#608,.T.);
#5258=ADVANCED_FACE('',(#4924),#609,.F.);
#5259=ADVANCED_FACE('',(#4925),#610,.F.);
#5260=ADVANCED_FACE('',(#4926),#611,.F.);
#5261=ADVANCED_FACE('',(#4927),#612,.T.);
#5262=ADVANCED_FACE('',(#4928),#613,.T.);
#5263=ADVANCED_FACE('',(#4929),#614,.F.);
#5264=ADVANCED_FACE('',(#4930),#615,.F.);
#5265=ADVANCED_FACE('',(#4931),#616,.T.);
#5266=ADVANCED_FACE('',(#4932),#617,.T.);
#5267=ADVANCED_FACE('',(#4933),#618,.F.);
#5268=ADVANCED_FACE('',(#4934),#619,.F.);
#5269=ADVANCED_FACE('',(#4935),#620,.T.);
#5270=ADVANCED_FACE('',(#4936),#621,.T.);
#5271=ADVANCED_FACE('',(#4937),#622,.F.);
#5272=ADVANCED_FACE('',(#4938),#623,.F.);
#5273=ADVANCED_FACE('',(#4939),#624,.T.);
#5274=ADVANCED_FACE('',(#4940),#625,.T.);
#5275=ADVANCED_FACE('',(#4941),#626,.F.);
#5276=ADVANCED_FACE('',(#4942),#627,.F.);
#5277=ADVANCED_FACE('',(#4943),#628,.T.);
#5278=ADVANCED_FACE('',(#4944),#629,.T.);
#5279=ADVANCED_FACE('',(#4945),#630,.F.);
#5280=ADVANCED_FACE('',(#4946),#631,.F.);
#5281=ADVANCED_FACE('',(#4947),#632,.T.);
#5282=ADVANCED_FACE('',(#4948),#633,.T.);
#5283=ADVANCED_FACE('',(#4949),#634,.F.);
#5284=ADVANCED_FACE('',(#4950),#635,.F.);
#5285=ADVANCED_FACE('',(#4951),#636,.T.);
#5286=ADVANCED_FACE('',(#4952),#637,.T.);
#5287=ADVANCED_FACE('',(#4953),#638,.F.);
#5288=ADVANCED_FACE('',(#4954),#639,.F.);
#5289=ADVANCED_FACE('',(#4955),#640,.T.);
#5290=ADVANCED_FACE('',(#4956),#641,.T.);
#5291=ADVANCED_FACE('',(#4957),#642,.F.);
#5292=ADVANCED_FACE('',(#4958),#643,.F.);
#5293=ADVANCED_FACE('',(#4959),#644,.T.);
#5294=ADVANCED_FACE('',(#4960),#645,.T.);
#5295=ADVANCED_FACE('',(#4961),#646,.F.);
#5296=ADVANCED_FACE('',(#4962),#647,.F.);
#5297=ADVANCED_FACE('',(#4963),#648,.T.);
#5298=ADVANCED_FACE('',(#4964),#649,.T.);
#5299=ADVANCED_FACE('',(#4965),#650,.F.);
#5300=ADVANCED_FACE('',(#4966),#651,.F.);
#5301=ADVANCED_FACE('',(#4967),#652,.T.);
#5302=ADVANCED_FACE('',(#4968),#653,.T.);
#5303=ADVANCED_FACE('',(#4969),#654,.F.);
#5304=ADVANCED_FACE('',(#4970),#655,.F.);
#5305=ADVANCED_FACE('',(#4971),#656,.T.);
#5306=ADVANCED_FACE('',(#4972),#657,.T.);
#5307=ADVANCED_FACE('',(#4973),#658,.F.);
#5308=ADVANCED_FACE('',(#4974),#659,.F.);
#5309=ADVANCED_FACE('',(#4975),#660,.T.);
#5310=ADVANCED_FACE('',(#4976),#661,.T.);
#5311=ADVANCED_FACE('',(#4977),#662,.F.);
#5312=ADVANCED_FACE('',(#4978),#663,.F.);
#5313=ADVANCED_FACE('',(#4979),#664,.T.);
#5314=ADVANCED_FACE('',(#4980),#665,.T.);
#5315=ADVANCED_FACE('',(#4981),#666,.F.);
#5316=ADVANCED_FACE('',(#4982),#667,.F.);
#5317=ADVANCED_FACE('',(#4983),#668,.T.);
#5318=ADVANCED_FACE('',(#4984),#669,.T.);
#5319=ADVANCED_FACE('',(#4985),#670,.F.);
#5320=ADVANCED_FACE('',(#4986),#671,.F.);
#5321=ADVANCED_FACE('',(#4987),#672,.T.);
#5322=ADVANCED_FACE('',(#4988),#673,.T.);
#5323=ADVANCED_FACE('',(#4989),#674,.F.);
#5324=ADVANCED_FACE('',(#4990),#675,.F.);
#5325=ADVANCED_FACE('',(#4991),#676,.T.);
#5326=ADVANCED_FACE('',(#4992),#677,.T.);
#5327=ADVANCED_FACE('',(#4993),#678,.F.);
#5328=ADVANCED_FACE('',(#4994),#679,.F.);
#5329=ADVANCED_FACE('',(#4995),#680,.T.);
#5330=ADVANCED_FACE('',(#4996),#681,.T.);
#5331=ADVANCED_FACE('',(#4997),#682,.F.);
#5332=ADVANCED_FACE('',(#4998),#683,.F.);
#5333=ADVANCED_FACE('',(#4999),#684,.F.);
#5334=ADVANCED_FACE('',(#5000),#685,.T.);
#5335=ADVANCED_FACE('',(#5001),#686,.F.);
#5336=ADVANCED_FACE('',(#5002),#687,.F.);
#5337=ADVANCED_FACE('',(#5003),#688,.F.);
#5338=ADVANCED_FACE('',(#5004),#689,.T.);
#5339=ADVANCED_FACE('',(#5005),#690,.F.);
#5340=ADVANCED_FACE('',(#5006),#691,.F.);
#5341=ADVANCED_FACE('',(#5007),#692,.F.);
#5342=ADVANCED_FACE('',(#5008),#693,.T.);
#5343=ADVANCED_FACE('',(#5009),#694,.F.);
#5344=ADVANCED_FACE('',(#5010),#695,.F.);
#5345=ADVANCED_FACE('',(#5011),#696,.F.);
#5346=ADVANCED_FACE('',(#5012),#697,.T.);
#5347=ADVANCED_FACE('',(#5013),#698,.F.);
#5348=ADVANCED_FACE('',(#5014),#699,.F.);
#5349=ADVANCED_FACE('',(#5015),#700,.F.);
#5350=ADVANCED_FACE('',(#5016),#701,.T.);
#5351=ADVANCED_FACE('',(#5017),#702,.F.);
#5352=ADVANCED_FACE('',(#5018),#703,.F.);
#5353=ADVANCED_FACE('',(#5019),#704,.F.);
#5354=ADVANCED_FACE('',(#5020),#705,.T.);
#5355=ADVANCED_FACE('',(#5021),#706,.F.);
#5356=ADVANCED_FACE('',(#5022),#707,.F.);
#5357=ADVANCED_FACE('',(#5023),#708,.F.);
#5358=ADVANCED_FACE('',(#5024),#709,.T.);
#5359=ADVANCED_FACE('',(#5025),#710,.F.);
#5360=ADVANCED_FACE('',(#5026),#711,.F.);
#5361=ADVANCED_FACE('',(#5027),#712,.F.);
#5362=ADVANCED_FACE('',(#5028),#713,.T.);
#5363=ADVANCED_FACE('',(#5029),#714,.F.);
#5364=ADVANCED_FACE('',(#5030),#715,.F.);
#5365=ADVANCED_FACE('',(#5031),#716,.F.);
#5366=ADVANCED_FACE('',(#5032),#717,.T.);
#5367=ADVANCED_FACE('',(#5033),#718,.F.);
#5368=ADVANCED_FACE('',(#5034),#719,.F.);
#5369=ADVANCED_FACE('',(#5035),#720,.F.);
#5370=ADVANCED_FACE('',(#5036),#721,.T.);
#5371=ADVANCED_FACE('',(#5037,#5038),#5154,.F.);
#5372=ADVANCED_FACE('',(#5039,#5040),#5155,.F.);
#5373=ADVANCED_FACE('',(#5041),#722,.T.);
#5374=ADVANCED_FACE('',(#5042,#5043),#5156,.F.);
#5375=ADVANCED_FACE('',(#5044),#723,.T.);
#5376=ADVANCED_FACE('',(#5045),#724,.T.);
#5377=ADVANCED_FACE('',(#5046),#725,.T.);
#5378=ADVANCED_FACE('',(#5047),#726,.T.);
#5379=ADVANCED_FACE('',(#5048),#727,.T.);
#5380=ADVANCED_FACE('',(#5049),#728,.T.);
#5381=ADVANCED_FACE('',(#5050),#729,.T.);
#5382=ADVANCED_FACE('',(#5051),#730,.T.);
#5383=ADVANCED_FACE('',(#5052),#731,.T.);
#5384=ADVANCED_FACE('',(#5053),#732,.T.);
#5385=ADVANCED_FACE('',(#5054),#733,.T.);
#5386=ADVANCED_FACE('',(#5055),#734,.T.);
#5387=ADVANCED_FACE('',(#5056),#735,.T.);
#5388=ADVANCED_FACE('',(#5057),#736,.T.);
#5389=ADVANCED_FACE('',(#5058),#737,.T.);
#5390=ADVANCED_FACE('',(#5059),#738,.T.);
#5391=ADVANCED_FACE('',(#5060),#739,.T.);
#5392=ADVANCED_FACE('',(#5061),#740,.T.);
#5393=ADVANCED_FACE('',(#5062),#741,.T.);
#5394=ADVANCED_FACE('',(#5063),#742,.T.);
#5395=ADVANCED_FACE('',(#5064),#743,.T.);
#5396=ADVANCED_FACE('',(#5065),#744,.T.);
#5397=ADVANCED_FACE('',(#5066),#745,.T.);
#5398=ADVANCED_FACE('',(#5067),#746,.T.);
#5399=ADVANCED_FACE('',(#5068),#747,.T.);
#5400=ADVANCED_FACE('',(#5069),#748,.T.);
#5401=ADVANCED_FACE('',(#5070),#749,.T.);
#5402=ADVANCED_FACE('',(#5071),#750,.T.);
#5403=ADVANCED_FACE('',(#5072),#751,.T.);
#5404=ADVANCED_FACE('',(#5073),#752,.T.);
#5405=ADVANCED_FACE('',(#5074),#753,.T.);
#5406=ADVANCED_FACE('',(#5075),#754,.T.);
#5407=ADVANCED_FACE('',(#5076),#755,.T.);
#5408=ADVANCED_FACE('',(#5077),#756,.T.);
#5409=ADVANCED_FACE('',(#5078),#757,.T.);
#5410=ADVANCED_FACE('',(#5079,#5080),#758,.T.);
#5411=ADVANCED_FACE('',(#5081,#5082),#10,.T.);
#5412=ADVANCED_FACE('',(#5083,#5084),#11,.T.);
#5413=ADVANCED_FACE('',(#5085,#5086),#759,.T.);
#5414=ADVANCED_FACE('',(#5087),#760,.T.);
#5415=ADVANCED_FACE('',(#5088),#761,.T.);
#5416=ADVANCED_FACE('',(#5089),#762,.T.);
#5417=ADVANCED_FACE('',(#5090),#763,.T.);
#5418=ADVANCED_FACE('',(#5091),#764,.T.);
#5419=ADVANCED_FACE('',(#5092),#765,.T.);
#5420=ADVANCED_FACE('',(#5093),#766,.T.);
#5421=ADVANCED_FACE('',(#5094),#767,.T.);
#5422=ADVANCED_FACE('',(#5095),#768,.F.);
#5423=ADVANCED_FACE('',(#5096),#769,.F.);
#5424=ADVANCED_FACE('',(#5097),#770,.F.);
#5425=ADVANCED_FACE('',(#5098),#771,.F.);
#5426=ADVANCED_FACE('',(#5099),#772,.F.);
#5427=ADVANCED_FACE('',(#5100),#773,.F.);
#5428=ADVANCED_FACE('',(#5101),#774,.F.);
#5429=ADVANCED_FACE('',(#5102),#775,.F.);
#5430=ADVANCED_FACE('',(#5103),#776,.F.);
#5431=ADVANCED_FACE('',(#5104),#777,.F.);
#5432=ADVANCED_FACE('',(#5105),#778,.F.);
#5433=ADVANCED_FACE('',(#5106),#779,.F.);
#5434=ADVANCED_FACE('',(#5107),#780,.F.);
#5435=ADVANCED_FACE('',(#5108),#781,.F.);
#5436=ADVANCED_FACE('',(#5109),#782,.F.);
#5437=ADVANCED_FACE('',(#5110),#783,.F.);
#5438=ADVANCED_FACE('',(#5111),#784,.F.);
#5439=ADVANCED_FACE('',(#5112),#785,.T.);
#5440=ADVANCED_FACE('',(#5113),#786,.T.);
#5441=ADVANCED_FACE('',(#5114),#787,.T.);
#5442=ADVANCED_FACE('',(#5115),#788,.T.);
#5443=ADVANCED_FACE('',(#5116),#789,.T.);
#5444=ADVANCED_FACE('',(#5117),#790,.T.);
#5445=ADVANCED_FACE('',(#5118),#791,.T.);
#5446=ADVANCED_FACE('',(#5119),#792,.T.);
#5447=ADVANCED_FACE('',(#5120),#793,.T.);
#5448=ADVANCED_FACE('',(#5121),#794,.T.);
#5449=CLOSED_SHELL('',(#5157,#5158,#5159,#5160,#5161,#5162,#5163,#5164,
#5165,#5166,#5167,#5168,#5169,#5170,#5171,#5172,#5173,#5174,#5175,#5176,
#5177,#5178,#5179,#5180,#5181,#5182,#5183,#5184,#5185,#5186,#5187,#5188,
#5189,#5190,#5191,#5192,#5193,#5194,#5195,#5196,#5197,#5198,#5199,#5200,
#5201,#5202,#5203,#5204,#5205,#5206,#5207,#5208,#5209,#5210,#5211,#5212,
#5213,#5214,#5215,#5216,#5217,#5218,#5219,#5220,#5221,#5222,#5223));
#5450=CLOSED_SHELL('',(#5224,#5225,#5226,#5227,#5228,#5229,#5230,#5231,
#5232,#5233,#5234,#5235,#5236,#5237,#5238,#5239,#5240,#5241,#5242,#5243,
#5244,#5245,#5246,#5247,#5248,#5249,#5250,#5251,#5252,#5253,#5254,#5255,
#5256,#5257,#5258,#5259,#5260,#5261,#5262,#5263,#5264,#5265,#5266,#5267,
#5268,#5269,#5270,#5271,#5272,#5273,#5274,#5275,#5276,#5277,#5278,#5279,
#5280,#5281,#5282,#5283,#5284,#5285,#5286,#5287,#5288,#5289,#5290,#5291,
#5292,#5293,#5294,#5295,#5296,#5297,#5298,#5299,#5300,#5301,#5302,#5303,
#5304,#5305,#5306,#5307,#5308,#5309,#5310,#5311,#5312,#5313,#5314,#5315,
#5316,#5317,#5318,#5319,#5320,#5321,#5322,#5323,#5324,#5325,#5326,#5327,
#5328,#5329,#5330,#5331,#5332,#5333,#5334,#5335,#5336,#5337,#5338,#5339,
#5340,#5341,#5342,#5343,#5344,#5345,#5346,#5347,#5348,#5349,#5350,#5351,
#5352,#5353,#5354,#5355,#5356,#5357,#5358,#5359,#5360,#5361,#5362,#5363,
#5364,#5365,#5366,#5367,#5368,#5369,#5370,#5371,#5372,#5373,#5374,#5375,
#5376,#5377,#5378,#5379,#5380,#5381,#5382,#5383,#5384,#5385,#5386,#5387,
#5388,#5389,#5390,#5391,#5392,#5393,#5394,#5395,#5396,#5397,#5398,#5399,
#5400,#5401,#5402,#5403,#5404,#5405,#5406,#5407,#5408,#5409,#5410,#5411,
#5412,#5413,#5414,#5415,#5416,#5417,#5418,#5419,#5420,#5421,#5422,#5423,
#5424,#5425,#5426,#5427,#5428,#5429,#5430,#5431,#5432,#5433,#5434,#5435,
#5436,#5437,#5438,#5439,#5440,#5441,#5442,#5443,#5444,#5445,#5446,#5447,
#5448));
#5451=STYLED_ITEM('',(#5453),#5466);
#5452=STYLED_ITEM('',(#5454),#5467);
#5453=PRESENTATION_STYLE_ASSIGNMENT((#5455));
#5454=PRESENTATION_STYLE_ASSIGNMENT((#5456));
#5455=SURFACE_STYLE_USAGE(.BOTH.,#5457);
#5456=SURFACE_STYLE_USAGE(.BOTH.,#5458);
#5457=SURFACE_SIDE_STYLE('',(#5459));
#5458=SURFACE_SIDE_STYLE('',(#5460));
#5459=SURFACE_STYLE_FILL_AREA(#5461);
#5460=SURFACE_STYLE_FILL_AREA(#5462);
#5461=FILL_AREA_STYLE('',(#5463));
#5462=FILL_AREA_STYLE('',(#5464));
#5463=FILL_AREA_STYLE_COLOUR('',#5465);
#5464=FILL_AREA_STYLE_COLOUR('',#5465);
#5465=COLOUR_RGB('',0.992156862745098,0.737254901960784,0.00392156862745098);
#5466=MANIFOLD_SOLID_BREP('Bras 2',#5449);
#5467=MANIFOLD_SOLID_BREP('Gt Timing Belt Pulley Bras2',#5450);
#5468=SHAPE_DEFINITION_REPRESENTATION(#9906,#5472);
#5469=SHAPE_DEFINITION_REPRESENTATION(#9907,#5473);
#5470=SHAPE_DEFINITION_REPRESENTATION(#9908,#5474);
#5471=SHAPE_DEFINITION_REPRESENTATION(#9910,#5475);
#5472=SHAPE_REPRESENTATION('ROBOT',(#5476,#6279),#9895);
#5473=SHAPE_REPRESENTATION('SA Bras 2 <1>',(#5476,#5612,#6278),#9896);
#5474=SHAPE_REPRESENTATION('Bras 2',(#5476),#9897);
#5475=SHAPE_REPRESENTATION('Gt Timing Belt Pulley Bras2',(#5476),#9898);
#5476=AXIS2_PLACEMENT_3D('',#8201,#6280,#6281);
#5477=AXIS2_PLACEMENT_3D('',#8202,#6282,#6283);
#5478=AXIS2_PLACEMENT_3D('',#8211,#6288,#6289);
#5479=AXIS2_PLACEMENT_3D('',#8212,#6290,#6291);
#5480=AXIS2_PLACEMENT_3D('',#8214,#6292,#6293);
#5481=AXIS2_PLACEMENT_3D('',#8216,#6294,#6295);
#5482=AXIS2_PLACEMENT_3D('',#8217,#6296,#6297);
#5483=AXIS2_PLACEMENT_3D('',#8219,#6298,#6299);
#5484=AXIS2_PLACEMENT_3D('',#8221,#6300,#6301);
#5485=AXIS2_PLACEMENT_3D('',#8222,#6302,#6303);
#5486=AXIS2_PLACEMENT_3D('',#8224,#6304,#6305);
#5487=AXIS2_PLACEMENT_3D('',#8226,#6306,#6307);
#5488=AXIS2_PLACEMENT_3D('',#8227,#6308,#6309);
#5489=AXIS2_PLACEMENT_3D('',#8229,#6310,#6311);
#5490=AXIS2_PLACEMENT_3D('',#8231,#6312,#6313);
#5491=AXIS2_PLACEMENT_3D('',#8241,#6315,#6316);
#5492=AXIS2_PLACEMENT_3D('',#8245,#6318,#6319);
#5493=AXIS2_PLACEMENT_3D('',#8246,#6320,#6321);
#5494=AXIS2_PLACEMENT_3D('',#8247,#6322,#6323);
#5495=AXIS2_PLACEMENT_3D('',#8258,#6325,#6326);
#5496=AXIS2_PLACEMENT_3D('',#8261,#6328,#6329);
#5497=AXIS2_PLACEMENT_3D('',#8270,#6334,#6335);
#5498=AXIS2_PLACEMENT_3D('',#8279,#6340,#6341);
#5499=AXIS2_PLACEMENT_3D('',#8280,#6342,#6343);
#5500=AXIS2_PLACEMENT_3D('',#8288,#6347,#6348);
#5501=AXIS2_PLACEMENT_3D('',#8290,#6350,#6351);
#5502=AXIS2_PLACEMENT_3D('',#8299,#6356,#6357);
#5503=AXIS2_PLACEMENT_3D('',#8300,#6358,#6359);
#5504=AXIS2_PLACEMENT_3D('',#8301,#6360,#6361);
#5505=AXIS2_PLACEMENT_3D('',#8302,#6362,#6363);
#5506=AXIS2_PLACEMENT_3D('',#8303,#6364,#6365);
#5507=AXIS2_PLACEMENT_3D('',#8304,#6366,#6367);
#5508=AXIS2_PLACEMENT_3D('',#8305,#6368,#6369);
#5509=AXIS2_PLACEMENT_3D('',#8306,#6370,#6371);
#5510=AXIS2_PLACEMENT_3D('',#8311,#6373,#6374);
#5511=AXIS2_PLACEMENT_3D('',#8317,#6378,#6379);
#5512=AXIS2_PLACEMENT_3D('',#8318,#6380,#6381);
#5513=AXIS2_PLACEMENT_3D('',#8322,#6384,#6385);
#5514=AXIS2_PLACEMENT_3D('',#8335,#6392,#6393);
#5515=AXIS2_PLACEMENT_3D('',#8344,#6398,#6399);
#5516=AXIS2_PLACEMENT_3D('',#8345,#6400,#6401);
#5517=AXIS2_PLACEMENT_3D('',#8347,#6402,#6403);
#5518=AXIS2_PLACEMENT_3D('',#8349,#6404,#6405);
#5519=AXIS2_PLACEMENT_3D('',#8350,#6406,#6407);
#5520=AXIS2_PLACEMENT_3D('',#8351,#6408,#6409);
#5521=AXIS2_PLACEMENT_3D('',#8357,#6413,#6414);
#5522=AXIS2_PLACEMENT_3D('',#8358,#6415,#6416);
#5523=AXIS2_PLACEMENT_3D('',#8361,#6418,#6419);
#5524=AXIS2_PLACEMENT_3D('',#8363,#6421,#6422);
#5525=AXIS2_PLACEMENT_3D('',#8367,#6425,#6426);
#5526=AXIS2_PLACEMENT_3D('',#8371,#6429,#6430);
#5527=AXIS2_PLACEMENT_3D('',#8372,#6431,#6432);
#5528=AXIS2_PLACEMENT_3D('',#8373,#6433,#6434);
#5529=AXIS2_PLACEMENT_3D('',#8374,#6435,#6436);
#5530=AXIS2_PLACEMENT_3D('',#8375,#6437,#6438);
#5531=AXIS2_PLACEMENT_3D('',#8376,#6439,#6440);
#5532=AXIS2_PLACEMENT_3D('',#8381,#6442,#6443);
#5533=AXIS2_PLACEMENT_3D('',#8384,#6445,#6446);
#5534=AXIS2_PLACEMENT_3D('',#8385,#6447,#6448);
#5535=AXIS2_PLACEMENT_3D('',#8387,#6449,#6450);
#5536=AXIS2_PLACEMENT_3D('',#8390,#6452,#6453);
#5537=AXIS2_PLACEMENT_3D('',#8394,#6455,#6456);
#5538=AXIS2_PLACEMENT_3D('',#8402,#6461,#6462);
#5539=AXIS2_PLACEMENT_3D('',#8405,#6464,#6465);
#5540=AXIS2_PLACEMENT_3D('',#8414,#6470,#6471);
#5541=AXIS2_PLACEMENT_3D('',#8422,#6477,#6478);
#5542=AXIS2_PLACEMENT_3D('',#8424,#6480,#6481);
#5543=AXIS2_PLACEMENT_3D('',#8425,#6482,#6483);
#5544=AXIS2_PLACEMENT_3D('',#8427,#6484,#6485);
#5545=AXIS2_PLACEMENT_3D('',#8429,#6486,#6487);
#5546=AXIS2_PLACEMENT_3D('',#8430,#6488,#6489);
#5547=AXIS2_PLACEMENT_3D('',#8432,#6490,#6491);
#5548=AXIS2_PLACEMENT_3D('',#8434,#6492,#6493);
#5549=AXIS2_PLACEMENT_3D('',#8435,#6494,#6495);
#5550=AXIS2_PLACEMENT_3D('',#8437,#6496,#6497);
#5551=AXIS2_PLACEMENT_3D('',#8439,#6498,#6499);
#5552=AXIS2_PLACEMENT_3D('',#8440,#6500,#6501);
#5553=AXIS2_PLACEMENT_3D('',#8442,#6502,#6503);
#5554=AXIS2_PLACEMENT_3D('',#8444,#6504,#6505);
#5555=AXIS2_PLACEMENT_3D('',#8450,#6509,#6510);
#5556=AXIS2_PLACEMENT_3D('',#8455,#6513,#6514);
#5557=AXIS2_PLACEMENT_3D('',#8460,#6517,#6518);
#5558=AXIS2_PLACEMENT_3D('',#8462,#6519,#6520);
#5559=AXIS2_PLACEMENT_3D('',#8463,#6521,#6522);
#5560=AXIS2_PLACEMENT_3D('',#8464,#6523,#6524);
#5561=AXIS2_PLACEMENT_3D('',#8465,#6525,#6526);
#5562=AXIS2_PLACEMENT_3D('',#8466,#6527,#6528);
#5563=AXIS2_PLACEMENT_3D('',#8467,#6529,#6530);
#5564=AXIS2_PLACEMENT_3D('',#8468,#6531,#6532);
#5565=AXIS2_PLACEMENT_3D('',#8469,#6533,#6534);
#5566=AXIS2_PLACEMENT_3D('',#8473,#6536,#6537);
#5567=AXIS2_PLACEMENT_3D('',#8474,#6538,#6539);
#5568=AXIS2_PLACEMENT_3D('',#8478,#6541,#6542);
#5569=AXIS2_PLACEMENT_3D('',#8483,#6545,#6546);
#5570=AXIS2_PLACEMENT_3D('',#8484,#6547,#6548);
#5571=AXIS2_PLACEMENT_3D('',#8486,#6550,#6551);
#5572=AXIS2_PLACEMENT_3D('',#8487,#6552,#6553);
#5573=AXIS2_PLACEMENT_3D('',#8489,#6554,#6555);
#5574=AXIS2_PLACEMENT_3D('',#8490,#6556,#6557);
#5575=AXIS2_PLACEMENT_3D('',#8491,#6558,#6559);
#5576=AXIS2_PLACEMENT_3D('',#8493,#6560,#6561);
#5577=AXIS2_PLACEMENT_3D('',#8494,#6562,#6563);
#5578=AXIS2_PLACEMENT_3D('',#8499,#6566,#6567);
#5579=AXIS2_PLACEMENT_3D('',#8501,#6568,#6569);
#5580=AXIS2_PLACEMENT_3D('',#8502,#6570,#6571);
#5581=AXIS2_PLACEMENT_3D('',#8508,#6575,#6576);
#5582=AXIS2_PLACEMENT_3D('',#8514,#6580,#6581);
#5583=AXIS2_PLACEMENT_3D('',#8519,#6584,#6585);
#5584=AXIS2_PLACEMENT_3D('',#8521,#6586,#6587);
#5585=AXIS2_PLACEMENT_3D('',#8522,#6588,#6589);
#5586=AXIS2_PLACEMENT_3D('',#8523,#6590,#6591);
#5587=AXIS2_PLACEMENT_3D('',#8524,#6592,#6593);
#5588=AXIS2_PLACEMENT_3D('',#8525,#6594,#6595);
#5589=AXIS2_PLACEMENT_3D('',#8526,#6596,#6597);
#5590=AXIS2_PLACEMENT_3D('',#8536,#6603,#6604);
#5591=AXIS2_PLACEMENT_3D('',#8538,#6606,#6607);
#5592=AXIS2_PLACEMENT_3D('',#8539,#6608,#6609);
#5593=AXIS2_PLACEMENT_3D('',#8540,#6610,#6611);
#5594=AXIS2_PLACEMENT_3D('',#8542,#6613,#6614);
#5595=AXIS2_PLACEMENT_3D('',#8543,#6615,#6616);
#5596=AXIS2_PLACEMENT_3D('',#8544,#6617,#6618);
#5597=AXIS2_PLACEMENT_3D('',#8545,#6619,#6620);
#5598=AXIS2_PLACEMENT_3D('',#8551,#6621,#6622);
#5599=AXIS2_PLACEMENT_3D('',#8552,#6623,#6624);
#5600=AXIS2_PLACEMENT_3D('',#8553,#6625,#6626);
#5601=AXIS2_PLACEMENT_3D('',#8554,#6627,#6628);
#5602=AXIS2_PLACEMENT_3D('',#8555,#6629,#6630);
#5603=AXIS2_PLACEMENT_3D('',#8561,#6631,#6632);
#5604=AXIS2_PLACEMENT_3D('',#8562,#6633,#6634);
#5605=AXIS2_PLACEMENT_3D('',#8563,#6635,#6636);
#5606=AXIS2_PLACEMENT_3D('',#8564,#6637,#6638);
#5607=AXIS2_PLACEMENT_3D('',#8565,#6639,#6640);
#5608=AXIS2_PLACEMENT_3D('',#8566,#6641,#6642);
#5609=AXIS2_PLACEMENT_3D('',#8567,#6643,#6644);
#5610=AXIS2_PLACEMENT_3D('',#8568,#6645,#6646);
#5611=AXIS2_PLACEMENT_3D('',#8569,#6647,#6648);
#5612=AXIS2_PLACEMENT_3D('',#8570,#6649,#6650);
#5613=AXIS2_PLACEMENT_3D('',#8571,#6651,#6652);
#5614=AXIS2_PLACEMENT_3D('',#8572,#6653,#6654);
#5615=AXIS2_PLACEMENT_3D('',#8574,#6655,#6656);
#5616=AXIS2_PLACEMENT_3D('',#8576,#6657,#6658);
#5617=AXIS2_PLACEMENT_3D('',#8577,#6659,#6660);
#5618=AXIS2_PLACEMENT_3D('',#8579,#6661,#6662);
#5619=AXIS2_PLACEMENT_3D('',#8580,#6663,#6664);
#5620=AXIS2_PLACEMENT_3D('',#8585,#6666,#6667);
#5621=AXIS2_PLACEMENT_3D('',#8588,#6669,#6670);
#5622=AXIS2_PLACEMENT_3D('',#8589,#6671,#6672);
#5623=AXIS2_PLACEMENT_3D('',#8593,#6674,#6675);
#5624=AXIS2_PLACEMENT_3D('',#8594,#6676,#6677);
#5625=AXIS2_PLACEMENT_3D('',#8595,#6678,#6679);
#5626=AXIS2_PLACEMENT_3D('',#8599,#6681,#6682);
#5627=AXIS2_PLACEMENT_3D('',#8600,#6683,#6684);
#5628=AXIS2_PLACEMENT_3D('',#8601,#6685,#6686);
#5629=AXIS2_PLACEMENT_3D('',#8605,#6688,#6689);
#5630=AXIS2_PLACEMENT_3D('',#8606,#6690,#6691);
#5631=AXIS2_PLACEMENT_3D('',#8607,#6692,#6693);
#5632=AXIS2_PLACEMENT_3D('',#8612,#6695,#6696);
#5633=AXIS2_PLACEMENT_3D('',#8615,#6698,#6699);
#5634=AXIS2_PLACEMENT_3D('',#8616,#6700,#6701);
#5635=AXIS2_PLACEMENT_3D('',#8621,#6703,#6704);
#5636=AXIS2_PLACEMENT_3D('',#8624,#6706,#6707);
#5637=AXIS2_PLACEMENT_3D('',#8625,#6708,#6709);
#5638=AXIS2_PLACEMENT_3D('',#8627,#6710,#6711);
#5639=AXIS2_PLACEMENT_3D('',#8630,#6713,#6714);
#5640=AXIS2_PLACEMENT_3D('',#8631,#6715,#6716);
#5641=AXIS2_PLACEMENT_3D('',#8632,#6717,#6718);
#5642=AXIS2_PLACEMENT_3D('',#8633,#6719,#6720);
#5643=AXIS2_PLACEMENT_3D('',#8634,#6721,#6722);
#5644=AXIS2_PLACEMENT_3D('',#8639,#6724,#6725);
#5645=AXIS2_PLACEMENT_3D('',#8642,#6727,#6728);
#5646=AXIS2_PLACEMENT_3D('',#8643,#6729,#6730);
#5647=AXIS2_PLACEMENT_3D('',#8648,#6732,#6733);
#5648=AXIS2_PLACEMENT_3D('',#8651,#6735,#6736);
#5649=AXIS2_PLACEMENT_3D('',#8652,#6737,#6738);
#5650=AXIS2_PLACEMENT_3D('',#8654,#6739,#6740);
#5651=AXIS2_PLACEMENT_3D('',#8657,#6742,#6743);
#5652=AXIS2_PLACEMENT_3D('',#8658,#6744,#6745);
#5653=AXIS2_PLACEMENT_3D('',#8659,#6746,#6747);
#5654=AXIS2_PLACEMENT_3D('',#8660,#6748,#6749);
#5655=AXIS2_PLACEMENT_3D('',#8661,#6750,#6751);
#5656=AXIS2_PLACEMENT_3D('',#8666,#6753,#6754);
#5657=AXIS2_PLACEMENT_3D('',#8669,#6756,#6757);
#5658=AXIS2_PLACEMENT_3D('',#8670,#6758,#6759);
#5659=AXIS2_PLACEMENT_3D('',#8675,#6761,#6762);
#5660=AXIS2_PLACEMENT_3D('',#8678,#6764,#6765);
#5661=AXIS2_PLACEMENT_3D('',#8679,#6766,#6767);
#5662=AXIS2_PLACEMENT_3D('',#8681,#6768,#6769);
#5663=AXIS2_PLACEMENT_3D('',#8684,#6771,#6772);
#5664=AXIS2_PLACEMENT_3D('',#8685,#6773,#6774);
#5665=AXIS2_PLACEMENT_3D('',#8686,#6775,#6776);
#5666=AXIS2_PLACEMENT_3D('',#8687,#6777,#6778);
#5667=AXIS2_PLACEMENT_3D('',#8688,#6779,#6780);
#5668=AXIS2_PLACEMENT_3D('',#8693,#6782,#6783);
#5669=AXIS2_PLACEMENT_3D('',#8696,#6785,#6786);
#5670=AXIS2_PLACEMENT_3D('',#8697,#6787,#6788);
#5671=AXIS2_PLACEMENT_3D('',#8702,#6790,#6791);
#5672=AXIS2_PLACEMENT_3D('',#8705,#6793,#6794);
#5673=AXIS2_PLACEMENT_3D('',#8706,#6795,#6796);
#5674=AXIS2_PLACEMENT_3D('',#8707,#6797,#6798);
#5675=AXIS2_PLACEMENT_3D('',#8708,#6799,#6800);
#5676=AXIS2_PLACEMENT_3D('',#8709,#6801,#6802);
#5677=AXIS2_PLACEMENT_3D('',#8714,#6804,#6805);
#5678=AXIS2_PLACEMENT_3D('',#8717,#6807,#6808);
#5679=AXIS2_PLACEMENT_3D('',#8718,#6809,#6810);
#5680=AXIS2_PLACEMENT_3D('',#8722,#6812,#6813);
#5681=AXIS2_PLACEMENT_3D('',#8723,#6814,#6815);
#5682=AXIS2_PLACEMENT_3D('',#8724,#6816,#6817);
#5683=AXIS2_PLACEMENT_3D('',#8729,#6819,#6820);
#5684=AXIS2_PLACEMENT_3D('',#8732,#6822,#6823);
#5685=AXIS2_PLACEMENT_3D('',#8733,#6824,#6825);
#5686=AXIS2_PLACEMENT_3D('',#8734,#6826,#6827);
#5687=AXIS2_PLACEMENT_3D('',#8735,#6828,#6829);
#5688=AXIS2_PLACEMENT_3D('',#8736,#6830,#6831);
#5689=AXIS2_PLACEMENT_3D('',#8741,#6833,#6834);
#5690=AXIS2_PLACEMENT_3D('',#8744,#6836,#6837);
#5691=AXIS2_PLACEMENT_3D('',#8745,#6838,#6839);
#5692=AXIS2_PLACEMENT_3D('',#8749,#6841,#6842);
#5693=AXIS2_PLACEMENT_3D('',#8750,#6843,#6844);
#5694=AXIS2_PLACEMENT_3D('',#8751,#6845,#6846);
#5695=AXIS2_PLACEMENT_3D('',#8756,#6848,#6849);
#5696=AXIS2_PLACEMENT_3D('',#8759,#6851,#6852);
#5697=AXIS2_PLACEMENT_3D('',#8760,#6853,#6854);
#5698=AXIS2_PLACEMENT_3D('',#8761,#6855,#6856);
#5699=AXIS2_PLACEMENT_3D('',#8762,#6857,#6858);
#5700=AXIS2_PLACEMENT_3D('',#8763,#6859,#6860);
#5701=AXIS2_PLACEMENT_3D('',#8768,#6862,#6863);
#5702=AXIS2_PLACEMENT_3D('',#8771,#6865,#6866);
#5703=AXIS2_PLACEMENT_3D('',#8772,#6867,#6868);
#5704=AXIS2_PLACEMENT_3D('',#8776,#6870,#6871);
#5705=AXIS2_PLACEMENT_3D('',#8777,#6872,#6873);
#5706=AXIS2_PLACEMENT_3D('',#8778,#6874,#6875);
#5707=AXIS2_PLACEMENT_3D('',#8783,#6877,#6878);
#5708=AXIS2_PLACEMENT_3D('',#8786,#6880,#6881);
#5709=AXIS2_PLACEMENT_3D('',#8787,#6882,#6883);
#5710=AXIS2_PLACEMENT_3D('',#8788,#6884,#6885);
#5711=AXIS2_PLACEMENT_3D('',#8789,#6886,#6887);
#5712=AXIS2_PLACEMENT_3D('',#8790,#6888,#6889);
#5713=AXIS2_PLACEMENT_3D('',#8795,#6891,#6892);
#5714=AXIS2_PLACEMENT_3D('',#8798,#6894,#6895);
#5715=AXIS2_PLACEMENT_3D('',#8799,#6896,#6897);
#5716=AXIS2_PLACEMENT_3D('',#8803,#6899,#6900);
#5717=AXIS2_PLACEMENT_3D('',#8804,#6901,#6902);
#5718=AXIS2_PLACEMENT_3D('',#8805,#6903,#6904);
#5719=AXIS2_PLACEMENT_3D('',#8810,#6906,#6907);
#5720=AXIS2_PLACEMENT_3D('',#8813,#6909,#6910);
#5721=AXIS2_PLACEMENT_3D('',#8814,#6911,#6912);
#5722=AXIS2_PLACEMENT_3D('',#8815,#6913,#6914);
#5723=AXIS2_PLACEMENT_3D('',#8816,#6915,#6916);
#5724=AXIS2_PLACEMENT_3D('',#8817,#6917,#6918);
#5725=AXIS2_PLACEMENT_3D('',#8822,#6920,#6921);
#5726=AXIS2_PLACEMENT_3D('',#8825,#6923,#6924);
#5727=AXIS2_PLACEMENT_3D('',#8826,#6925,#6926);
#5728=AXIS2_PLACEMENT_3D('',#8831,#6928,#6929);
#5729=AXIS2_PLACEMENT_3D('',#8834,#6931,#6932);
#5730=AXIS2_PLACEMENT_3D('',#8835,#6933,#6934);
#5731=AXIS2_PLACEMENT_3D('',#8837,#6935,#6936);
#5732=AXIS2_PLACEMENT_3D('',#8840,#6938,#6939);
#5733=AXIS2_PLACEMENT_3D('',#8841,#6940,#6941);
#5734=AXIS2_PLACEMENT_3D('',#8843,#6942,#6943);
#5735=AXIS2_PLACEMENT_3D('',#8846,#6945,#6946);
#5736=AXIS2_PLACEMENT_3D('',#8847,#6947,#6948);
#5737=AXIS2_PLACEMENT_3D('',#8852,#6950,#6951);
#5738=AXIS2_PLACEMENT_3D('',#8855,#6953,#6954);
#5739=AXIS2_PLACEMENT_3D('',#8856,#6955,#6956);
#5740=AXIS2_PLACEMENT_3D('',#8861,#6958,#6959);
#5741=AXIS2_PLACEMENT_3D('',#8864,#6961,#6962);
#5742=AXIS2_PLACEMENT_3D('',#8865,#6963,#6964);
#5743=AXIS2_PLACEMENT_3D('',#8869,#6966,#6967);
#5744=AXIS2_PLACEMENT_3D('',#8870,#6968,#6969);
#5745=AXIS2_PLACEMENT_3D('',#8871,#6970,#6971);
#5746=AXIS2_PLACEMENT_3D('',#8873,#6972,#6973);
#5747=AXIS2_PLACEMENT_3D('',#8876,#6975,#6976);
#5748=AXIS2_PLACEMENT_3D('',#8877,#6977,#6978);
#5749=AXIS2_PLACEMENT_3D('',#8882,#6980,#6981);
#5750=AXIS2_PLACEMENT_3D('',#8885,#6983,#6984);
#5751=AXIS2_PLACEMENT_3D('',#8886,#6985,#6986);
#5752=AXIS2_PLACEMENT_3D('',#8891,#6988,#6989);
#5753=AXIS2_PLACEMENT_3D('',#8894,#6991,#6992);
#5754=AXIS2_PLACEMENT_3D('',#8895,#6993,#6994);
#5755=AXIS2_PLACEMENT_3D('',#8899,#6996,#6997);
#5756=AXIS2_PLACEMENT_3D('',#8900,#6998,#6999);
#5757=AXIS2_PLACEMENT_3D('',#8901,#7000,#7001);
#5758=AXIS2_PLACEMENT_3D('',#8903,#7002,#7003);
#5759=AXIS2_PLACEMENT_3D('',#8906,#7005,#7006);
#5760=AXIS2_PLACEMENT_3D('',#8907,#7007,#7008);
#5761=AXIS2_PLACEMENT_3D('',#8912,#7010,#7011);
#5762=AXIS2_PLACEMENT_3D('',#8915,#7013,#7014);
#5763=AXIS2_PLACEMENT_3D('',#8916,#7015,#7016);
#5764=AXIS2_PLACEMENT_3D('',#8921,#7018,#7019);
#5765=AXIS2_PLACEMENT_3D('',#8924,#7021,#7022);
#5766=AXIS2_PLACEMENT_3D('',#8925,#7023,#7024);
#5767=AXIS2_PLACEMENT_3D('',#8929,#7026,#7027);
#5768=AXIS2_PLACEMENT_3D('',#8930,#7028,#7029);
#5769=AXIS2_PLACEMENT_3D('',#8931,#7030,#7031);
#5770=AXIS2_PLACEMENT_3D('',#8933,#7032,#7033);
#5771=AXIS2_PLACEMENT_3D('',#8936,#7035,#7036);
#5772=AXIS2_PLACEMENT_3D('',#8937,#7037,#7038);
#5773=AXIS2_PLACEMENT_3D('',#8942,#7040,#7041);
#5774=AXIS2_PLACEMENT_3D('',#8945,#7043,#7044);
#5775=AXIS2_PLACEMENT_3D('',#8946,#7045,#7046);
#5776=AXIS2_PLACEMENT_3D('',#8951,#7048,#7049);
#5777=AXIS2_PLACEMENT_3D('',#8954,#7051,#7052);
#5778=AXIS2_PLACEMENT_3D('',#8955,#7053,#7054);
#5779=AXIS2_PLACEMENT_3D('',#8959,#7056,#7057);
#5780=AXIS2_PLACEMENT_3D('',#8960,#7058,#7059);
#5781=AXIS2_PLACEMENT_3D('',#8961,#7060,#7061);
#5782=AXIS2_PLACEMENT_3D('',#8963,#7062,#7063);
#5783=AXIS2_PLACEMENT_3D('',#8966,#7065,#7066);
#5784=AXIS2_PLACEMENT_3D('',#8967,#7067,#7068);
#5785=AXIS2_PLACEMENT_3D('',#8972,#7070,#7071);
#5786=AXIS2_PLACEMENT_3D('',#8975,#7073,#7074);
#5787=AXIS2_PLACEMENT_3D('',#8976,#7075,#7076);
#5788=AXIS2_PLACEMENT_3D('',#8981,#7078,#7079);
#5789=AXIS2_PLACEMENT_3D('',#8984,#7081,#7082);
#5790=AXIS2_PLACEMENT_3D('',#8985,#7083,#7084);
#5791=AXIS2_PLACEMENT_3D('',#8989,#7086,#7087);
#5792=AXIS2_PLACEMENT_3D('',#8990,#7088,#7089);
#5793=AXIS2_PLACEMENT_3D('',#8991,#7090,#7091);
#5794=AXIS2_PLACEMENT_3D('',#8993,#7092,#7093);
#5795=AXIS2_PLACEMENT_3D('',#8996,#7095,#7096);
#5796=AXIS2_PLACEMENT_3D('',#8997,#7097,#7098);
#5797=AXIS2_PLACEMENT_3D('',#9002,#7100,#7101);
#5798=AXIS2_PLACEMENT_3D('',#9005,#7103,#7104);
#5799=AXIS2_PLACEMENT_3D('',#9006,#7105,#7106);
#5800=AXIS2_PLACEMENT_3D('',#9011,#7108,#7109);
#5801=AXIS2_PLACEMENT_3D('',#9014,#7111,#7112);
#5802=AXIS2_PLACEMENT_3D('',#9015,#7113,#7114);
#5803=AXIS2_PLACEMENT_3D('',#9019,#7116,#7117);
#5804=AXIS2_PLACEMENT_3D('',#9020,#7118,#7119);
#5805=AXIS2_PLACEMENT_3D('',#9021,#7120,#7121);
#5806=AXIS2_PLACEMENT_3D('',#9023,#7122,#7123);
#5807=AXIS2_PLACEMENT_3D('',#9026,#7125,#7126);
#5808=AXIS2_PLACEMENT_3D('',#9027,#7127,#7128);
#5809=AXIS2_PLACEMENT_3D('',#9032,#7130,#7131);
#5810=AXIS2_PLACEMENT_3D('',#9035,#7133,#7134);
#5811=AXIS2_PLACEMENT_3D('',#9036,#7135,#7136);
#5812=AXIS2_PLACEMENT_3D('',#9041,#7138,#7139);
#5813=AXIS2_PLACEMENT_3D('',#9044,#7141,#7142);
#5814=AXIS2_PLACEMENT_3D('',#9045,#7143,#7144);
#5815=AXIS2_PLACEMENT_3D('',#9049,#7146,#7147);
#5816=AXIS2_PLACEMENT_3D('',#9050,#7148,#7149);
#5817=AXIS2_PLACEMENT_3D('',#9051,#7150,#7151);
#5818=AXIS2_PLACEMENT_3D('',#9053,#7152,#7153);
#5819=AXIS2_PLACEMENT_3D('',#9056,#7155,#7156);
#5820=AXIS2_PLACEMENT_3D('',#9057,#7157,#7158);
#5821=AXIS2_PLACEMENT_3D('',#9062,#7160,#7161);
#5822=AXIS2_PLACEMENT_3D('',#9065,#7163,#7164);
#5823=AXIS2_PLACEMENT_3D('',#9066,#7165,#7166);
#5824=AXIS2_PLACEMENT_3D('',#9071,#7168,#7169);
#5825=AXIS2_PLACEMENT_3D('',#9074,#7171,#7172);
#5826=AXIS2_PLACEMENT_3D('',#9075,#7173,#7174);
#5827=AXIS2_PLACEMENT_3D('',#9079,#7176,#7177);
#5828=AXIS2_PLACEMENT_3D('',#9080,#7178,#7179);
#5829=AXIS2_PLACEMENT_3D('',#9081,#7180,#7181);
#5830=AXIS2_PLACEMENT_3D('',#9085,#7183,#7184);
#5831=AXIS2_PLACEMENT_3D('',#9086,#7185,#7186);
#5832=AXIS2_PLACEMENT_3D('',#9087,#7187,#7188);
#5833=AXIS2_PLACEMENT_3D('',#9092,#7190,#7191);
#5834=AXIS2_PLACEMENT_3D('',#9095,#7193,#7194);
#5835=AXIS2_PLACEMENT_3D('',#9096,#7195,#7196);
#5836=AXIS2_PLACEMENT_3D('',#9101,#7198,#7199);
#5837=AXIS2_PLACEMENT_3D('',#9104,#7201,#7202);
#5838=AXIS2_PLACEMENT_3D('',#9105,#7203,#7204);
#5839=AXIS2_PLACEMENT_3D('',#9109,#7206,#7207);
#5840=AXIS2_PLACEMENT_3D('',#9110,#7208,#7209);
#5841=AXIS2_PLACEMENT_3D('',#9111,#7210,#7211);
#5842=AXIS2_PLACEMENT_3D('',#9115,#7213,#7214);
#5843=AXIS2_PLACEMENT_3D('',#9116,#7215,#7216);
#5844=AXIS2_PLACEMENT_3D('',#9117,#7217,#7218);
#5845=AXIS2_PLACEMENT_3D('',#9122,#7220,#7221);
#5846=AXIS2_PLACEMENT_3D('',#9125,#7223,#7224);
#5847=AXIS2_PLACEMENT_3D('',#9126,#7225,#7226);
#5848=AXIS2_PLACEMENT_3D('',#9131,#7228,#7229);
#5849=AXIS2_PLACEMENT_3D('',#9134,#7231,#7232);
#5850=AXIS2_PLACEMENT_3D('',#9135,#7233,#7234);
#5851=AXIS2_PLACEMENT_3D('',#9137,#7235,#7236);
#5852=AXIS2_PLACEMENT_3D('',#9140,#7238,#7239);
#5853=AXIS2_PLACEMENT_3D('',#9141,#7240,#7241);
#5854=AXIS2_PLACEMENT_3D('',#9145,#7243,#7244);
#5855=AXIS2_PLACEMENT_3D('',#9146,#7245,#7246);
#5856=AXIS2_PLACEMENT_3D('',#9147,#7247,#7248);
#5857=AXIS2_PLACEMENT_3D('',#9152,#7250,#7251);
#5858=AXIS2_PLACEMENT_3D('',#9155,#7253,#7254);
#5859=AXIS2_PLACEMENT_3D('',#9156,#7255,#7256);
#5860=AXIS2_PLACEMENT_3D('',#9161,#7258,#7259);
#5861=AXIS2_PLACEMENT_3D('',#9164,#7261,#7262);
#5862=AXIS2_PLACEMENT_3D('',#9165,#7263,#7264);
#5863=AXIS2_PLACEMENT_3D('',#9167,#7265,#7266);
#5864=AXIS2_PLACEMENT_3D('',#9170,#7268,#7269);
#5865=AXIS2_PLACEMENT_3D('',#9171,#7270,#7271);
#5866=AXIS2_PLACEMENT_3D('',#9175,#7273,#7274);
#5867=AXIS2_PLACEMENT_3D('',#9176,#7275,#7276);
#5868=AXIS2_PLACEMENT_3D('',#9177,#7277,#7278);
#5869=AXIS2_PLACEMENT_3D('',#9182,#7280,#7281);
#5870=AXIS2_PLACEMENT_3D('',#9185,#7283,#7284);
#5871=AXIS2_PLACEMENT_3D('',#9186,#7285,#7286);
#5872=AXIS2_PLACEMENT_3D('',#9191,#7288,#7289);
#5873=AXIS2_PLACEMENT_3D('',#9194,#7291,#7292);
#5874=AXIS2_PLACEMENT_3D('',#9195,#7293,#7294);
#5875=AXIS2_PLACEMENT_3D('',#9197,#7295,#7296);
#5876=AXIS2_PLACEMENT_3D('',#9200,#7298,#7299);
#5877=AXIS2_PLACEMENT_3D('',#9201,#7300,#7301);
#5878=AXIS2_PLACEMENT_3D('',#9205,#7303,#7304);
#5879=AXIS2_PLACEMENT_3D('',#9206,#7305,#7306);
#5880=AXIS2_PLACEMENT_3D('',#9207,#7307,#7308);
#5881=AXIS2_PLACEMENT_3D('',#9212,#7310,#7311);
#5882=AXIS2_PLACEMENT_3D('',#9215,#7313,#7314);
#5883=AXIS2_PLACEMENT_3D('',#9216,#7315,#7316);
#5884=AXIS2_PLACEMENT_3D('',#9221,#7318,#7319);
#5885=AXIS2_PLACEMENT_3D('',#9224,#7321,#7322);
#5886=AXIS2_PLACEMENT_3D('',#9225,#7323,#7324);
#5887=AXIS2_PLACEMENT_3D('',#9227,#7325,#7326);
#5888=AXIS2_PLACEMENT_3D('',#9230,#7328,#7329);
#5889=AXIS2_PLACEMENT_3D('',#9231,#7330,#7331);
#5890=AXIS2_PLACEMENT_3D('',#9235,#7333,#7334);
#5891=AXIS2_PLACEMENT_3D('',#9236,#7335,#7336);
#5892=AXIS2_PLACEMENT_3D('',#9237,#7337,#7338);
#5893=AXIS2_PLACEMENT_3D('',#9242,#7340,#7341);
#5894=AXIS2_PLACEMENT_3D('',#9245,#7343,#7344);
#5895=AXIS2_PLACEMENT_3D('',#9246,#7345,#7346);
#5896=AXIS2_PLACEMENT_3D('',#9251,#7348,#7349);
#5897=AXIS2_PLACEMENT_3D('',#9254,#7351,#7352);
#5898=AXIS2_PLACEMENT_3D('',#9255,#7353,#7354);
#5899=AXIS2_PLACEMENT_3D('',#9257,#7355,#7356);
#5900=AXIS2_PLACEMENT_3D('',#9260,#7358,#7359);
#5901=AXIS2_PLACEMENT_3D('',#9261,#7360,#7361);
#5902=AXIS2_PLACEMENT_3D('',#9265,#7363,#7364);
#5903=AXIS2_PLACEMENT_3D('',#9266,#7365,#7366);
#5904=AXIS2_PLACEMENT_3D('',#9267,#7367,#7368);
#5905=AXIS2_PLACEMENT_3D('',#9272,#7370,#7371);
#5906=AXIS2_PLACEMENT_3D('',#9275,#7373,#7374);
#5907=AXIS2_PLACEMENT_3D('',#9276,#7375,#7376);
#5908=AXIS2_PLACEMENT_3D('',#9281,#7378,#7379);
#5909=AXIS2_PLACEMENT_3D('',#9284,#7381,#7382);
#5910=AXIS2_PLACEMENT_3D('',#9285,#7383,#7384);
#5911=AXIS2_PLACEMENT_3D('',#9287,#7385,#7386);
#5912=AXIS2_PLACEMENT_3D('',#9290,#7388,#7389);
#5913=AXIS2_PLACEMENT_3D('',#9291,#7390,#7391);
#5914=AXIS2_PLACEMENT_3D('',#9295,#7393,#7394);
#5915=AXIS2_PLACEMENT_3D('',#9296,#7395,#7396);
#5916=AXIS2_PLACEMENT_3D('',#9297,#7397,#7398);
#5917=AXIS2_PLACEMENT_3D('',#9302,#7400,#7401);
#5918=AXIS2_PLACEMENT_3D('',#9305,#7403,#7404);
#5919=AXIS2_PLACEMENT_3D('',#9306,#7405,#7406);
#5920=AXIS2_PLACEMENT_3D('',#9311,#7408,#7409);
#5921=AXIS2_PLACEMENT_3D('',#9314,#7411,#7412);
#5922=AXIS2_PLACEMENT_3D('',#9315,#7413,#7414);
#5923=AXIS2_PLACEMENT_3D('',#9317,#7415,#7416);
#5924=AXIS2_PLACEMENT_3D('',#9320,#7418,#7419);
#5925=AXIS2_PLACEMENT_3D('',#9321,#7420,#7421);
#5926=AXIS2_PLACEMENT_3D('',#9323,#7422,#7423);
#5927=AXIS2_PLACEMENT_3D('',#9326,#7425,#7426);
#5928=AXIS2_PLACEMENT_3D('',#9327,#7427,#7428);
#5929=AXIS2_PLACEMENT_3D('',#9332,#7430,#7431);
#5930=AXIS2_PLACEMENT_3D('',#9335,#7433,#7434);
#5931=AXIS2_PLACEMENT_3D('',#9336,#7435,#7436);
#5932=AXIS2_PLACEMENT_3D('',#9341,#7438,#7439);
#5933=AXIS2_PLACEMENT_3D('',#9344,#7441,#7442);
#5934=AXIS2_PLACEMENT_3D('',#9345,#7443,#7444);
#5935=AXIS2_PLACEMENT_3D('',#9347,#7445,#7446);
#5936=AXIS2_PLACEMENT_3D('',#9350,#7448,#7449);
#5937=AXIS2_PLACEMENT_3D('',#9351,#7450,#7451);
#5938=AXIS2_PLACEMENT_3D('',#9355,#7453,#7454);
#5939=AXIS2_PLACEMENT_3D('',#9356,#7455,#7456);
#5940=AXIS2_PLACEMENT_3D('',#9357,#7457,#7458);
#5941=AXIS2_PLACEMENT_3D('',#9358,#7459,#7460);
#5942=AXIS2_PLACEMENT_3D('',#9359,#7461,#7462);
#5943=AXIS2_PLACEMENT_3D('',#9360,#7463,#7464);
#5944=AXIS2_PLACEMENT_3D('',#9365,#7466,#7467);
#5945=AXIS2_PLACEMENT_3D('',#9368,#7469,#7470);
#5946=AXIS2_PLACEMENT_3D('',#9369,#7471,#7472);
#5947=AXIS2_PLACEMENT_3D('',#9374,#7474,#7475);
#5948=AXIS2_PLACEMENT_3D('',#9377,#7477,#7478);
#5949=AXIS2_PLACEMENT_3D('',#9378,#7479,#7480);
#5950=AXIS2_PLACEMENT_3D('',#9382,#7482,#7483);
#5951=AXIS2_PLACEMENT_3D('',#9383,#7484,#7485);
#5952=AXIS2_PLACEMENT_3D('',#9384,#7486,#7487);
#5953=AXIS2_PLACEMENT_3D('',#9385,#7488,#7489);
#5954=AXIS2_PLACEMENT_3D('',#9386,#7490,#7491);
#5955=AXIS2_PLACEMENT_3D('',#9387,#7492,#7493);
#5956=AXIS2_PLACEMENT_3D('',#9392,#7495,#7496);
#5957=AXIS2_PLACEMENT_3D('',#9395,#7498,#7499);
#5958=AXIS2_PLACEMENT_3D('',#9396,#7500,#7501);
#5959=AXIS2_PLACEMENT_3D('',#9401,#7503,#7504);
#5960=AXIS2_PLACEMENT_3D('',#9404,#7506,#7507);
#5961=AXIS2_PLACEMENT_3D('',#9405,#7508,#7509);
#5962=AXIS2_PLACEMENT_3D('',#9409,#7511,#7512);
#5963=AXIS2_PLACEMENT_3D('',#9410,#7513,#7514);
#5964=AXIS2_PLACEMENT_3D('',#9411,#7515,#7516);
#5965=AXIS2_PLACEMENT_3D('',#9412,#7517,#7518);
#5966=AXIS2_PLACEMENT_3D('',#9413,#7519,#7520);
#5967=AXIS2_PLACEMENT_3D('',#9414,#7521,#7522);
#5968=AXIS2_PLACEMENT_3D('',#9419,#7524,#7525);
#5969=AXIS2_PLACEMENT_3D('',#9422,#7527,#7528);
#5970=AXIS2_PLACEMENT_3D('',#9423,#7529,#7530);
#5971=AXIS2_PLACEMENT_3D('',#9428,#7532,#7533);
#5972=AXIS2_PLACEMENT_3D('',#9431,#7535,#7536);
#5973=AXIS2_PLACEMENT_3D('',#9432,#7537,#7538);
#5974=AXIS2_PLACEMENT_3D('',#9436,#7540,#7541);
#5975=AXIS2_PLACEMENT_3D('',#9437,#7542,#7543);
#5976=AXIS2_PLACEMENT_3D('',#9438,#7544,#7545);
#5977=AXIS2_PLACEMENT_3D('',#9439,#7546,#7547);
#5978=AXIS2_PLACEMENT_3D('',#9440,#7548,#7549);
#5979=AXIS2_PLACEMENT_3D('',#9441,#7550,#7551);
#5980=AXIS2_PLACEMENT_3D('',#9446,#7553,#7554);
#5981=AXIS2_PLACEMENT_3D('',#9449,#7556,#7557);
#5982=AXIS2_PLACEMENT_3D('',#9450,#7558,#7559);
#5983=AXIS2_PLACEMENT_3D('',#9455,#7561,#7562);
#5984=AXIS2_PLACEMENT_3D('',#9458,#7564,#7565);
#5985=AXIS2_PLACEMENT_3D('',#9459,#7566,#7567);
#5986=AXIS2_PLACEMENT_3D('',#9463,#7569,#7570);
#5987=AXIS2_PLACEMENT_3D('',#9464,#7571,#7572);
#5988=AXIS2_PLACEMENT_3D('',#9465,#7573,#7574);
#5989=AXIS2_PLACEMENT_3D('',#9466,#7575,#7576);
#5990=AXIS2_PLACEMENT_3D('',#9467,#7577,#7578);
#5991=AXIS2_PLACEMENT_3D('',#9468,#7579,#7580);
#5992=AXIS2_PLACEMENT_3D('',#9473,#7582,#7583);
#5993=AXIS2_PLACEMENT_3D('',#9476,#7585,#7586);
#5994=AXIS2_PLACEMENT_3D('',#9477,#7587,#7588);
#5995=AXIS2_PLACEMENT_3D('',#9479,#7589,#7590);
#5996=AXIS2_PLACEMENT_3D('',#9482,#7592,#7593);
#5997=AXIS2_PLACEMENT_3D('',#9483,#7594,#7595);
#5998=AXIS2_PLACEMENT_3D('',#9488,#7597,#7598);
#5999=AXIS2_PLACEMENT_3D('',#9491,#7600,#7601);
#6000=AXIS2_PLACEMENT_3D('',#9492,#7602,#7603);
#6001=AXIS2_PLACEMENT_3D('',#9493,#7604,#7605);
#6002=AXIS2_PLACEMENT_3D('',#9494,#7606,#7607);
#6003=AXIS2_PLACEMENT_3D('',#9495,#7608,#7609);
#6004=AXIS2_PLACEMENT_3D('',#9500,#7611,#7612);
#6005=AXIS2_PLACEMENT_3D('',#9503,#7614,#7615);
#6006=AXIS2_PLACEMENT_3D('',#9504,#7616,#7617);
#6007=AXIS2_PLACEMENT_3D('',#9506,#7618,#7619);
#6008=AXIS2_PLACEMENT_3D('',#9509,#7621,#7622);
#6009=AXIS2_PLACEMENT_3D('',#9510,#7623,#7624);
#6010=AXIS2_PLACEMENT_3D('',#9515,#7626,#7627);
#6011=AXIS2_PLACEMENT_3D('',#9518,#7629,#7630);
#6012=AXIS2_PLACEMENT_3D('',#9519,#7631,#7632);
#6013=AXIS2_PLACEMENT_3D('',#9520,#7633,#7634);
#6014=AXIS2_PLACEMENT_3D('',#9521,#7635,#7636);
#6015=AXIS2_PLACEMENT_3D('',#9522,#7637,#7638);
#6016=AXIS2_PLACEMENT_3D('',#9527,#7640,#7641);
#6017=AXIS2_PLACEMENT_3D('',#9530,#7643,#7644);
#6018=AXIS2_PLACEMENT_3D('',#9531,#7645,#7646);
#6019=AXIS2_PLACEMENT_3D('',#9533,#7647,#7648);
#6020=AXIS2_PLACEMENT_3D('',#9536,#7650,#7651);
#6021=AXIS2_PLACEMENT_3D('',#9537,#7652,#7653);
#6022=AXIS2_PLACEMENT_3D('',#9542,#7655,#7656);
#6023=AXIS2_PLACEMENT_3D('',#9545,#7658,#7659);
#6024=AXIS2_PLACEMENT_3D('',#9546,#7660,#7661);
#6025=AXIS2_PLACEMENT_3D('',#9547,#7662,#7663);
#6026=AXIS2_PLACEMENT_3D('',#9548,#7664,#7665);
#6027=AXIS2_PLACEMENT_3D('',#9549,#7666,#7667);
#6028=AXIS2_PLACEMENT_3D('',#9554,#7669,#7670);
#6029=AXIS2_PLACEMENT_3D('',#9557,#7672,#7673);
#6030=AXIS2_PLACEMENT_3D('',#9558,#7674,#7675);
#6031=AXIS2_PLACEMENT_3D('',#9560,#7676,#7677);
#6032=AXIS2_PLACEMENT_3D('',#9563,#7679,#7680);
#6033=AXIS2_PLACEMENT_3D('',#9564,#7681,#7682);
#6034=AXIS2_PLACEMENT_3D('',#9569,#7684,#7685);
#6035=AXIS2_PLACEMENT_3D('',#9572,#7687,#7688);
#6036=AXIS2_PLACEMENT_3D('',#9573,#7689,#7690);
#6037=AXIS2_PLACEMENT_3D('',#9574,#7691,#7692);
#6038=AXIS2_PLACEMENT_3D('',#9575,#7693,#7694);
#6039=AXIS2_PLACEMENT_3D('',#9576,#7695,#7696);
#6040=AXIS2_PLACEMENT_3D('',#9581,#7698,#7699);
#6041=AXIS2_PLACEMENT_3D('',#9584,#7701,#7702);
#6042=AXIS2_PLACEMENT_3D('',#9585,#7703,#7704);
#6043=AXIS2_PLACEMENT_3D('',#9589,#7706,#7707);
#6044=AXIS2_PLACEMENT_3D('',#9590,#7708,#7709);
#6045=AXIS2_PLACEMENT_3D('',#9591,#7710,#7711);
#6046=AXIS2_PLACEMENT_3D('',#9595,#7713,#7714);
#6047=AXIS2_PLACEMENT_3D('',#9596,#7715,#7716);
#6048=AXIS2_PLACEMENT_3D('',#9597,#7717,#7718);
#6049=AXIS2_PLACEMENT_3D('',#9601,#7720,#7721);
#6050=AXIS2_PLACEMENT_3D('',#9602,#7722,#7723);
#6051=AXIS2_PLACEMENT_3D('',#9603,#7724,#7725);
#6052=AXIS2_PLACEMENT_3D('',#9607,#7727,#7728);
#6053=AXIS2_PLACEMENT_3D('',#9608,#7729,#7730);
#6054=AXIS2_PLACEMENT_3D('',#9609,#7731,#7732);
#6055=AXIS2_PLACEMENT_3D('',#9611,#7733,#7734);
#6056=AXIS2_PLACEMENT_3D('',#9612,#7735,#7736);
#6057=AXIS2_PLACEMENT_3D('',#9614,#7737,#7738);
#6058=AXIS2_PLACEMENT_3D('',#9615,#7739,#7740);
#6059=AXIS2_PLACEMENT_3D('',#9616,#7741,#7742);
#6060=AXIS2_PLACEMENT_3D('',#9617,#7743,#7744);
#6061=AXIS2_PLACEMENT_3D('',#9618,#7745,#7746);
#6062=AXIS2_PLACEMENT_3D('',#9619,#7747,#7748);
#6063=AXIS2_PLACEMENT_3D('',#9620,#7749,#7750);
#6064=AXIS2_PLACEMENT_3D('',#9621,#7751,#7752);
#6065=AXIS2_PLACEMENT_3D('',#9622,#7753,#7754);
#6066=AXIS2_PLACEMENT_3D('',#9623,#7755,#7756);
#6067=AXIS2_PLACEMENT_3D('',#9624,#7757,#7758);
#6068=AXIS2_PLACEMENT_3D('',#9625,#7759,#7760);
#6069=AXIS2_PLACEMENT_3D('',#9626,#7761,#7762);
#6070=AXIS2_PLACEMENT_3D('',#9627,#7763,#7764);
#6071=AXIS2_PLACEMENT_3D('',#9628,#7765,#7766);
#6072=AXIS2_PLACEMENT_3D('',#9629,#7767,#7768);
#6073=AXIS2_PLACEMENT_3D('',#9630,#7769,#7770);
#6074=AXIS2_PLACEMENT_3D('',#9631,#7771,#7772);
#6075=AXIS2_PLACEMENT_3D('',#9632,#7773,#7774);
#6076=AXIS2_PLACEMENT_3D('',#9633,#7775,#7776);
#6077=AXIS2_PLACEMENT_3D('',#9634,#7777,#7778);
#6078=AXIS2_PLACEMENT_3D('',#9635,#7779,#7780);
#6079=AXIS2_PLACEMENT_3D('',#9636,#7781,#7782);
#6080=AXIS2_PLACEMENT_3D('',#9637,#7783,#7784);
#6081=AXIS2_PLACEMENT_3D('',#9638,#7785,#7786);
#6082=AXIS2_PLACEMENT_3D('',#9639,#7787,#7788);
#6083=AXIS2_PLACEMENT_3D('',#9640,#7789,#7790);
#6084=AXIS2_PLACEMENT_3D('',#9641,#7791,#7792);
#6085=AXIS2_PLACEMENT_3D('',#9642,#7793,#7794);
#6086=AXIS2_PLACEMENT_3D('',#9643,#7795,#7796);
#6087=AXIS2_PLACEMENT_3D('',#9644,#7797,#7798);
#6088=AXIS2_PLACEMENT_3D('',#9645,#7799,#7800);
#6089=AXIS2_PLACEMENT_3D('',#9646,#7801,#7802);
#6090=AXIS2_PLACEMENT_3D('',#9647,#7803,#7804);
#6091=AXIS2_PLACEMENT_3D('',#9648,#7805,#7806);
#6092=AXIS2_PLACEMENT_3D('',#9649,#7807,#7808);
#6093=AXIS2_PLACEMENT_3D('',#9651,#7809,#7810);
#6094=AXIS2_PLACEMENT_3D('',#9652,#7811,#7812);
#6095=AXIS2_PLACEMENT_3D('',#9654,#7813,#7814);
#6096=AXIS2_PLACEMENT_3D('',#9655,#7815,#7816);
#6097=AXIS2_PLACEMENT_3D('',#9657,#7817,#7818);
#6098=AXIS2_PLACEMENT_3D('',#9658,#7819,#7820);
#6099=AXIS2_PLACEMENT_3D('',#9660,#7821,#7822);
#6100=AXIS2_PLACEMENT_3D('',#9661,#7823,#7824);
#6101=AXIS2_PLACEMENT_3D('',#9663,#7825,#7826);
#6102=AXIS2_PLACEMENT_3D('',#9664,#7827,#7828);
#6103=AXIS2_PLACEMENT_3D('',#9666,#7829,#7830);
#6104=AXIS2_PLACEMENT_3D('',#9667,#7831,#7832);
#6105=AXIS2_PLACEMENT_3D('',#9669,#7833,#7834);
#6106=AXIS2_PLACEMENT_3D('',#9670,#7835,#7836);
#6107=AXIS2_PLACEMENT_3D('',#9672,#7837,#7838);
#6108=AXIS2_PLACEMENT_3D('',#9673,#7839,#7840);
#6109=AXIS2_PLACEMENT_3D('',#9675,#7841,#7842);
#6110=AXIS2_PLACEMENT_3D('',#9676,#7843,#7844);
#6111=AXIS2_PLACEMENT_3D('',#9678,#7845,#7846);
#6112=AXIS2_PLACEMENT_3D('',#9679,#7847,#7848);
#6113=AXIS2_PLACEMENT_3D('',#9681,#7849,#7850);
#6114=AXIS2_PLACEMENT_3D('',#9682,#7851,#7852);
#6115=AXIS2_PLACEMENT_3D('',#9684,#7853,#7854);
#6116=AXIS2_PLACEMENT_3D('',#9685,#7855,#7856);
#6117=AXIS2_PLACEMENT_3D('',#9687,#7857,#7858);
#6118=AXIS2_PLACEMENT_3D('',#9688,#7859,#7860);
#6119=AXIS2_PLACEMENT_3D('',#9690,#7861,#7862);
#6120=AXIS2_PLACEMENT_3D('',#9691,#7863,#7864);
#6121=AXIS2_PLACEMENT_3D('',#9693,#7865,#7866);
#6122=AXIS2_PLACEMENT_3D('',#9694,#7867,#7868);
#6123=AXIS2_PLACEMENT_3D('',#9696,#7869,#7870);
#6124=AXIS2_PLACEMENT_3D('',#9697,#7871,#7872);
#6125=AXIS2_PLACEMENT_3D('',#9699,#7873,#7874);
#6126=AXIS2_PLACEMENT_3D('',#9700,#7875,#7876);
#6127=AXIS2_PLACEMENT_3D('',#9702,#7877,#7878);
#6128=AXIS2_PLACEMENT_3D('',#9703,#7879,#7880);
#6129=AXIS2_PLACEMENT_3D('',#9704,#7881,#7882);
#6130=AXIS2_PLACEMENT_3D('',#9705,#7883,#7884);
#6131=AXIS2_PLACEMENT_3D('',#9706,#7885,#7886);
#6132=AXIS2_PLACEMENT_3D('',#9708,#7887,#7888);
#6133=AXIS2_PLACEMENT_3D('',#9710,#7889,#7890);
#6134=AXIS2_PLACEMENT_3D('',#9711,#7891,#7892);
#6135=AXIS2_PLACEMENT_3D('',#9713,#7893,#7894);
#6136=AXIS2_PLACEMENT_3D('',#9714,#7895,#7896);
#6137=AXIS2_PLACEMENT_3D('',#9716,#7897,#7898);
#6138=AXIS2_PLACEMENT_3D('',#9717,#7899,#7900);
#6139=AXIS2_PLACEMENT_3D('',#9719,#7901,#7902);
#6140=AXIS2_PLACEMENT_3D('',#9720,#7903,#7904);
#6141=AXIS2_PLACEMENT_3D('',#9722,#7905,#7906);
#6142=AXIS2_PLACEMENT_3D('',#9723,#7907,#7908);
#6143=AXIS2_PLACEMENT_3D('',#9725,#7909,#7910);
#6144=AXIS2_PLACEMENT_3D('',#9726,#7911,#7912);
#6145=AXIS2_PLACEMENT_3D('',#9728,#7913,#7914);
#6146=AXIS2_PLACEMENT_3D('',#9729,#7915,#7916);
#6147=AXIS2_PLACEMENT_3D('',#9731,#7917,#7918);
#6148=AXIS2_PLACEMENT_3D('',#9732,#7919,#7920);
#6149=AXIS2_PLACEMENT_3D('',#9734,#7921,#7922);
#6150=AXIS2_PLACEMENT_3D('',#9735,#7923,#7924);
#6151=AXIS2_PLACEMENT_3D('',#9737,#7925,#7926);
#6152=AXIS2_PLACEMENT_3D('',#9738,#7927,#7928);
#6153=AXIS2_PLACEMENT_3D('',#9740,#7929,#7930);
#6154=AXIS2_PLACEMENT_3D('',#9741,#7931,#7932);
#6155=AXIS2_PLACEMENT_3D('',#9743,#7933,#7934);
#6156=AXIS2_PLACEMENT_3D('',#9744,#7935,#7936);
#6157=AXIS2_PLACEMENT_3D('',#9746,#7937,#7938);
#6158=AXIS2_PLACEMENT_3D('',#9747,#7939,#7940);
#6159=AXIS2_PLACEMENT_3D('',#9749,#7941,#7942);
#6160=AXIS2_PLACEMENT_3D('',#9750,#7943,#7944);
#6161=AXIS2_PLACEMENT_3D('',#9752,#7945,#7946);
#6162=AXIS2_PLACEMENT_3D('',#9753,#7947,#7948);
#6163=AXIS2_PLACEMENT_3D('',#9755,#7949,#7950);
#6164=AXIS2_PLACEMENT_3D('',#9756,#7951,#7952);
#6165=AXIS2_PLACEMENT_3D('',#9758,#7953,#7954);
#6166=AXIS2_PLACEMENT_3D('',#9759,#7955,#7956);
#6167=AXIS2_PLACEMENT_3D('',#9761,#7957,#7958);
#6168=AXIS2_PLACEMENT_3D('',#9762,#7959,#7960);
#6169=AXIS2_PLACEMENT_3D('',#9763,#7961,#7962);
#6170=AXIS2_PLACEMENT_3D('',#9764,#7963,#7964);
#6171=AXIS2_PLACEMENT_3D('',#9765,#7965,#7966);
#6172=AXIS2_PLACEMENT_3D('',#9766,#7967,#7968);
#6173=AXIS2_PLACEMENT_3D('',#9767,#7969,#7970);
#6174=AXIS2_PLACEMENT_3D('',#9768,#7971,#7972);
#6175=AXIS2_PLACEMENT_3D('',#9769,#7973,#7974);
#6176=AXIS2_PLACEMENT_3D('',#9770,#7975,#7976);
#6177=AXIS2_PLACEMENT_3D('',#9771,#7977,#7978);
#6178=AXIS2_PLACEMENT_3D('',#9772,#7979,#7980);
#6179=AXIS2_PLACEMENT_3D('',#9773,#7981,#7982);
#6180=AXIS2_PLACEMENT_3D('',#9774,#7983,#7984);
#6181=AXIS2_PLACEMENT_3D('',#9775,#7985,#7986);
#6182=AXIS2_PLACEMENT_3D('',#9776,#7987,#7988);
#6183=AXIS2_PLACEMENT_3D('',#9777,#7989,#7990);
#6184=AXIS2_PLACEMENT_3D('',#9778,#7991,#7992);
#6185=AXIS2_PLACEMENT_3D('',#9779,#7993,#7994);
#6186=AXIS2_PLACEMENT_3D('',#9780,#7995,#7996);
#6187=AXIS2_PLACEMENT_3D('',#9781,#7997,#7998);
#6188=AXIS2_PLACEMENT_3D('',#9782,#7999,#8000);
#6189=AXIS2_PLACEMENT_3D('',#9783,#8001,#8002);
#6190=AXIS2_PLACEMENT_3D('',#9784,#8003,#8004);
#6191=AXIS2_PLACEMENT_3D('',#9785,#8005,#8006);
#6192=AXIS2_PLACEMENT_3D('',#9786,#8007,#8008);
#6193=AXIS2_PLACEMENT_3D('',#9787,#8009,#8010);
#6194=AXIS2_PLACEMENT_3D('',#9788,#8011,#8012);
#6195=AXIS2_PLACEMENT_3D('',#9789,#8013,#8014);
#6196=AXIS2_PLACEMENT_3D('',#9790,#8015,#8016);
#6197=AXIS2_PLACEMENT_3D('',#9791,#8017,#8018);
#6198=AXIS2_PLACEMENT_3D('',#9792,#8019,#8020);
#6199=AXIS2_PLACEMENT_3D('',#9793,#8021,#8022);
#6200=AXIS2_PLACEMENT_3D('',#9794,#8023,#8024);
#6201=AXIS2_PLACEMENT_3D('',#9795,#8025,#8026);
#6202=AXIS2_PLACEMENT_3D('',#9796,#8027,#8028);
#6203=AXIS2_PLACEMENT_3D('',#9798,#8030,#8031);
#6204=AXIS2_PLACEMENT_3D('',#9800,#8033,#8034);
#6205=AXIS2_PLACEMENT_3D('',#9802,#8036,#8037);
#6206=AXIS2_PLACEMENT_3D('',#9804,#8039,#8040);
#6207=AXIS2_PLACEMENT_3D('',#9806,#8042,#8043);
#6208=AXIS2_PLACEMENT_3D('',#9808,#8045,#8046);
#6209=AXIS2_PLACEMENT_3D('',#9810,#8048,#8049);
#6210=AXIS2_PLACEMENT_3D('',#9812,#8051,#8052);
#6211=AXIS2_PLACEMENT_3D('',#9814,#8054,#8055);
#6212=AXIS2_PLACEMENT_3D('',#9815,#8056,#8057);
#6213=AXIS2_PLACEMENT_3D('',#9816,#8058,#8059);
#6214=AXIS2_PLACEMENT_3D('',#9817,#8060,#8061);
#6215=AXIS2_PLACEMENT_3D('',#9818,#8062,#8063);
#6216=AXIS2_PLACEMENT_3D('',#9819,#8064,#8065);
#6217=AXIS2_PLACEMENT_3D('',#9820,#8066,#8067);
#6218=AXIS2_PLACEMENT_3D('',#9821,#8068,#8069);
#6219=AXIS2_PLACEMENT_3D('',#9822,#8070,#8071);
#6220=AXIS2_PLACEMENT_3D('',#9823,#8072,#8073);
#6221=AXIS2_PLACEMENT_3D('',#9824,#8074,#8075);
#6222=AXIS2_PLACEMENT_3D('',#9825,#8076,#8077);
#6223=AXIS2_PLACEMENT_3D('',#9826,#8078,#8079);
#6224=AXIS2_PLACEMENT_3D('',#9827,#8080,#8081);
#6225=AXIS2_PLACEMENT_3D('',#9828,#8082,#8083);
#6226=AXIS2_PLACEMENT_3D('',#9829,#8084,#8085);
#6227=AXIS2_PLACEMENT_3D('',#9830,#8086,#8087);
#6228=AXIS2_PLACEMENT_3D('',#9831,#8088,#8089);
#6229=AXIS2_PLACEMENT_3D('',#9833,#8091,#8092);
#6230=AXIS2_PLACEMENT_3D('',#9835,#8094,#8095);
#6231=AXIS2_PLACEMENT_3D('',#9837,#8097,#8098);
#6232=AXIS2_PLACEMENT_3D('',#9839,#8100,#8101);
#6233=AXIS2_PLACEMENT_3D('',#9841,#8103,#8104);
#6234=AXIS2_PLACEMENT_3D('',#9843,#8106,#8107);
#6235=AXIS2_PLACEMENT_3D('',#9845,#8109,#8110);
#6236=AXIS2_PLACEMENT_3D('',#9847,#8112,#8113);
#6237=AXIS2_PLACEMENT_3D('',#9849,#8115,#8116);
#6238=AXIS2_PLACEMENT_3D('',#9850,#8117,#8118);
#6239=AXIS2_PLACEMENT_3D('',#9852,#8119,#8120);
#6240=AXIS2_PLACEMENT_3D('',#9853,#8121,#8122);
#6241=AXIS2_PLACEMENT_3D('',#9854,#8123,#8124);
#6242=AXIS2_PLACEMENT_3D('',#9856,#8125,#8126);
#6243=AXIS2_PLACEMENT_3D('',#9857,#8127,#8128);
#6244=AXIS2_PLACEMENT_3D('',#9858,#8129,#8130);
#6245=AXIS2_PLACEMENT_3D('',#9859,#8131,#8132);
#6246=AXIS2_PLACEMENT_3D('',#9860,#8133,#8134);
#6247=AXIS2_PLACEMENT_3D('',#9861,#8135,#8136);
#6248=AXIS2_PLACEMENT_3D('',#9862,#8137,#8138);
#6249=AXIS2_PLACEMENT_3D('',#9863,#8139,#8140);
#6250=AXIS2_PLACEMENT_3D('',#9864,#8141,#8142);
#6251=AXIS2_PLACEMENT_3D('',#9865,#8143,#8144);
#6252=AXIS2_PLACEMENT_3D('',#9866,#8145,#8146);
#6253=AXIS2_PLACEMENT_3D('',#9867,#8147,#8148);
#6254=AXIS2_PLACEMENT_3D('',#9868,#8149,#8150);
#6255=AXIS2_PLACEMENT_3D('',#9869,#8151,#8152);
#6256=AXIS2_PLACEMENT_3D('',#9870,#8153,#8154);
#6257=AXIS2_PLACEMENT_3D('',#9871,#8155,#8156);
#6258=AXIS2_PLACEMENT_3D('',#9872,#8157,#8158);
#6259=AXIS2_PLACEMENT_3D('',#9873,#8159,#8160);
#6260=AXIS2_PLACEMENT_3D('',#9874,#8161,#8162);
#6261=AXIS2_PLACEMENT_3D('',#9875,#8163,#8164);
#6262=AXIS2_PLACEMENT_3D('',#9876,#8165,#8166);
#6263=AXIS2_PLACEMENT_3D('',#9877,#8167,#8168);
#6264=AXIS2_PLACEMENT_3D('',#9878,#8169,#8170);
#6265=AXIS2_PLACEMENT_3D('',#9879,#8171,#8172);
#6266=AXIS2_PLACEMENT_3D('',#9880,#8173,#8174);
#6267=AXIS2_PLACEMENT_3D('',#9881,#8175,#8176);
#6268=AXIS2_PLACEMENT_3D('',#9882,#8177,#8178);
#6269=AXIS2_PLACEMENT_3D('',#9883,#8179,#8180);
#6270=AXIS2_PLACEMENT_3D('',#9884,#8181,#8182);
#6271=AXIS2_PLACEMENT_3D('',#9885,#8183,#8184);
#6272=AXIS2_PLACEMENT_3D('',#9886,#8185,#8186);
#6273=AXIS2_PLACEMENT_3D('',#9887,#8187,#8188);
#6274=AXIS2_PLACEMENT_3D('',#9888,#8189,#8190);
#6275=AXIS2_PLACEMENT_3D('',#9889,#8191,#8192);
#6276=AXIS2_PLACEMENT_3D('',#9890,#8193,#8194);
#6277=AXIS2_PLACEMENT_3D('',#9891,#8195,#8196);
#6278=AXIS2_PLACEMENT_3D('',#9892,#8197,#8198);
#6279=AXIS2_PLACEMENT_3D('',#9893,#8199,#8200);
#6280=DIRECTION('',(0.,0.,1.));
#6281=DIRECTION('',(1.,0.,0.));
#6282=DIRECTION('',(-1.,0.,0.));
#6283=DIRECTION('',(0.,0.,1.));
#6284=DIRECTION('',(0.,-1.,0.));
#6285=DIRECTION('',(0.,0.,1.));
#6286=DIRECTION('',(0.,1.,0.));
#6287=DIRECTION('',(0.,0.,1.));
#6288=DIRECTION('',(0.,0.,1.));
#6289=DIRECTION('',(1.,0.,0.));
#6290=DIRECTION('',(0.,0.,-1.));
#6291=DIRECTION('',(-1.,0.,0.));
#6292=DIRECTION('',(0.,0.,-1.));
#6293=DIRECTION('',(-1.,0.,0.));
#6294=DIRECTION('',(0.,0.,1.));
#6295=DIRECTION('',(1.,0.,0.));
#6296=DIRECTION('',(0.,0.,-1.));
#6297=DIRECTION('',(-1.,0.,0.));
#6298=DIRECTION('',(0.,0.,-1.));
#6299=DIRECTION('',(-1.,0.,0.));
#6300=DIRECTION('',(0.,0.,1.));
#6301=DIRECTION('',(1.,0.,0.));
#6302=DIRECTION('',(0.,0.,-1.));
#6303=DIRECTION('',(-1.,0.,0.));
#6304=DIRECTION('',(0.,0.,-1.));
#6305=DIRECTION('',(-1.,0.,0.));
#6306=DIRECTION('',(0.,0.,1.));
#6307=DIRECTION('',(1.,0.,0.));
#6308=DIRECTION('',(0.,0.,-1.));
#6309=DIRECTION('',(-1.,0.,0.));
#6310=DIRECTION('',(0.,0.,-1.));
#6311=DIRECTION('',(-1.,0.,0.));
#6312=DIRECTION('',(1.,0.,0.));
#6313=DIRECTION('',(0.,0.,-1.));
#6314=DIRECTION('',(-1.,0.,0.));
#6315=DIRECTION('',(-0.707106781186547,0.707106781186548,0.));
#6316=DIRECTION('',(0.707106781186548,0.707106781186547,0.));
#6317=DIRECTION('',(-1.,0.,0.));
#6318=DIRECTION('',(-1.,0.,0.));
#6319=DIRECTION('',(0.,0.,1.));
#6320=DIRECTION('',(-1.,0.,0.));
#6321=DIRECTION('',(0.,0.,1.));
#6322=DIRECTION('',(-0.707106781186547,-0.707106781186548,0.));
#6323=DIRECTION('',(-0.707106781186548,0.707106781186547,0.));
#6324=DIRECTION('',(1.,0.,0.));
#6325=DIRECTION('',(1.,0.,0.));
#6326=DIRECTION('',(0.,0.,-1.));
#6327=DIRECTION('',(1.,0.,0.));
#6328=DIRECTION('',(-1.53515351856354E-16,1.,0.));
#6329=DIRECTION('',(-1.,-1.53515351856354E-16,0.));
#6330=DIRECTION('',(1.,1.53515351856354E-16,0.));
#6331=DIRECTION('',(0.,0.,1.));
#6332=DIRECTION('',(-1.,-1.53515351856354E-16,0.));
#6333=DIRECTION('',(0.,0.,1.));
#6334=DIRECTION('',(-0.707106781186547,0.707106781186548,0.));
#6335=DIRECTION('',(-0.707106781186548,-0.707106781186547,0.));
#6336=DIRECTION('',(-0.707106781186548,-0.707106781186547,0.));
#6337=DIRECTION('',(0.,0.,1.));
#6338=DIRECTION('',(0.707106781186548,0.707106781186547,0.));
#6339=DIRECTION('',(0.,0.,1.));
#6340=DIRECTION('',(-0.707106781186547,0.707106781186548,0.));
#6341=DIRECTION('',(0.707106781186548,0.707106781186547,0.));
#6342=DIRECTION('',(-0.707106781186547,-0.707106781186548,0.));
#6343=DIRECTION('',(0.707106781186548,-0.707106781186547,0.));
#6344=DIRECTION('',(-0.707106781186548,0.707106781186547,0.));
#6345=DIRECTION('',(0.,0.,1.));
#6346=DIRECTION('',(0.707106781186548,-0.707106781186547,0.));
#6347=DIRECTION('',(-0.707106781186547,-0.707106781186548,0.));
#6348=DIRECTION('',(-0.707106781186548,0.707106781186547,0.));
#6349=DIRECTION('',(0.,0.,1.));
#6350=DIRECTION('',(0.,-1.,0.));
#6351=DIRECTION('',(0.,0.,-1.));
#6352=DIRECTION('',(1.,0.,0.));
#6353=DIRECTION('',(0.,0.,1.));
#6354=DIRECTION('',(-1.,0.,0.));
#6355=DIRECTION('',(0.,0.,1.));
#6356=DIRECTION('',(0.,0.,1.));
#6357=DIRECTION('',(1.,0.,0.));
#6358=DIRECTION('',(0.,0.,-1.));
#6359=DIRECTION('',(-1.,0.,0.));
#6360=DIRECTION('',(0.,0.,-1.));
#6361=DIRECTION('',(-1.,0.,0.));
#6362=DIRECTION('',(0.,0.,1.));
#6363=DIRECTION('',(1.,0.,0.));
#6364=DIRECTION('',(0.,0.,-1.));
#6365=DIRECTION('',(-1.,0.,0.));
#6366=DIRECTION('',(0.,0.,-1.));
#6367=DIRECTION('',(-1.,0.,0.));
#6368=DIRECTION('',(0.,0.,1.));
#6369=DIRECTION('',(1.,0.,0.));
#6370=DIRECTION('',(0.,0.,-1.));
#6371=DIRECTION('',(-1.,0.,0.));
#6372=DIRECTION('',(-1.,0.,0.));
#6373=DIRECTION('',(0.,0.,-1.));
#6374=DIRECTION('',(-1.,0.,0.));
#6375=DIRECTION('',(-1.,0.,0.));
#6376=DIRECTION('',(0.,1.,0.));
#6377=DIRECTION('',(0.,1.,0.));
#6378=DIRECTION('',(0.,0.,1.));
#6379=DIRECTION('',(1.,0.,0.));
#6380=DIRECTION('',(0.,-1.,0.));
#6381=DIRECTION('',(0.,0.,-1.));
#6382=DIRECTION('',(1.,0.,0.));
#6383=DIRECTION('',(0.,0.,-1.));
#6384=DIRECTION('',(0.,-1.,0.));
#6385=DIRECTION('',(0.,0.,-1.));
#6386=DIRECTION('',(0.,0.,1.));
#6387=DIRECTION('',(0.928476690885259,0.,-0.371390676354104));
#6388=DIRECTION('',(-1.,0.,0.));
#6389=DIRECTION('',(0.,0.,-1.));
#6390=DIRECTION('',(1.,0.,0.));
#6391=DIRECTION('',(0.928476690885259,0.,-0.371390676354104));
#6392=DIRECTION('',(-1.,0.,0.));
#6393=DIRECTION('',(0.,0.,1.));
#6394=DIRECTION('',(0.,0.,1.));
#6395=DIRECTION('',(0.,-1.,0.));
#6396=DIRECTION('',(0.,0.,1.));
#6397=DIRECTION('',(0.,1.,0.));
#6398=DIRECTION('',(0.,0.,1.));
#6399=DIRECTION('',(1.,0.,0.));
#6400=DIRECTION('',(0.,0.,1.));
#6401=DIRECTION('',(1.,0.,0.));
#6402=DIRECTION('',(0.,0.,-1.));
#6403=DIRECTION('',(-1.,0.,0.));
#6404=DIRECTION('',(0.,0.,1.));
#6405=DIRECTION('',(1.,0.,0.));
#6406=DIRECTION('',(0.,0.,1.));
#6407=DIRECTION('',(1.,0.,0.));
#6408=DIRECTION('',(-1.,0.,0.));
#6409=DIRECTION('',(0.,0.,1.));
#6410=DIRECTION('',(0.,1.,0.));
#6411=DIRECTION('',(0.,0.,1.));
#6412=DIRECTION('',(0.,0.,1.));
#6413=DIRECTION('',(0.,0.,-1.));
#6414=DIRECTION('',(-1.,0.,0.));
#6415=DIRECTION('',(0.,0.,-1.));
#6416=DIRECTION('',(-1.,0.,0.));
#6417=DIRECTION('',(0.,0.,-1.));
#6418=DIRECTION('',(0.,1.,0.));
#6419=DIRECTION('',(0.,0.,1.));
#6420=DIRECTION('',(1.,0.,0.));
#6421=DIRECTION('',(0.,-1.,0.));
#6422=DIRECTION('',(0.,0.,-1.));
#6423=DIRECTION('',(0.,0.,-1.));
#6424=DIRECTION('',(-1.,0.,0.));
#6425=DIRECTION('',(0.,-1.,0.));
#6426=DIRECTION('',(0.,0.,-1.));
#6427=DIRECTION('',(0.,0.,-1.));
#6428=DIRECTION('',(-1.,0.,0.));
#6429=DIRECTION('',(0.,0.,-1.));
#6430=DIRECTION('',(-1.,0.,0.));
#6431=DIRECTION('',(0.,0.,-1.));
#6432=DIRECTION('',(-1.,0.,0.));
#6433=DIRECTION('',(0.,0.,-1.));
#6434=DIRECTION('',(-1.,0.,0.));
#6435=DIRECTION('',(0.,0.,-1.));
#6436=DIRECTION('',(-1.,0.,0.));
#6437=DIRECTION('',(0.,0.,-1.));
#6438=DIRECTION('',(-1.,0.,0.));
#6439=DIRECTION('',(0.,0.,-1.));
#6440=DIRECTION('',(-1.,0.,0.));
#6441=DIRECTION('',(0.,0.,-1.));
#6442=DIRECTION('',(0.,0.,1.));
#6443=DIRECTION('',(1.,0.,0.));
#6444=DIRECTION('',(0.,0.,-1.));
#6445=DIRECTION('',(0.,0.,-1.));
#6446=DIRECTION('',(-1.,0.,0.));
#6447=DIRECTION('',(0.,0.,-1.));
#6448=DIRECTION('',(-1.,0.,0.));
#6449=DIRECTION('',(0.,0.,1.));
#6450=DIRECTION('',(1.,0.,0.));
#6451=DIRECTION('',(0.,0.,-1.));
#6452=DIRECTION('',(0.,-1.,0.));
#6453=DIRECTION('',(0.,0.,-1.));
#6454=DIRECTION('',(0.928476690885259,0.,-0.371390676354104));
#6455=DIRECTION('',(0.,-1.,0.));
#6456=DIRECTION('',(0.,0.,-1.));
#6457=DIRECTION('',(1.,0.,0.));
#6458=DIRECTION('',(1.,0.,0.));
#6459=DIRECTION('',(-0.928476690885259,0.,0.371390676354104));
#6460=DIRECTION('',(0.,0.,1.));
#6461=DIRECTION('',(0.,-1.,0.));
#6462=DIRECTION('',(0.,0.,-1.));
#6463=DIRECTION('',(1.,0.,0.));
#6464=DIRECTION('',(0.,-1.,0.));
#6465=DIRECTION('',(0.,0.,-1.));
#6466=DIRECTION('',(0.928476690885259,0.,-0.371390676354104));
#6467=DIRECTION('',(0.,0.,1.));
#6468=DIRECTION('',(-0.928476690885259,0.,0.371390676354104));
#6469=DIRECTION('',(-1.,0.,0.));
#6470=DIRECTION('',(-0.371390676354104,0.,-0.928476690885259));
#6471=DIRECTION('',(-0.928476690885259,0.,0.371390676354104));
#6472=DIRECTION('',(0.,1.,0.));
#6473=DIRECTION('',(0.,-1.,0.));
#6474=DIRECTION('',(0.928476690885259,0.,-0.371390676354104));
#6475=DIRECTION('',(0.,-1.,0.));
#6476=DIRECTION('',(0.,-1.,0.));
#6477=DIRECTION('',(0.,0.,-1.));
#6478=DIRECTION('',(-1.,0.,0.));
#6479=DIRECTION('',(1.,0.,0.));
#6480=DIRECTION('',(0.,0.,1.));
#6481=DIRECTION('',(1.,0.,0.));
#6482=DIRECTION('',(3.46944695195361E-16,0.,-1.));
#6483=DIRECTION('',(-1.,0.,-3.46944695195361E-16));
#6484=DIRECTION('',(0.,0.,-1.));
#6485=DIRECTION('',(-1.,0.,0.));
#6486=DIRECTION('',(0.,0.,1.));
#6487=DIRECTION('',(1.,0.,0.));
#6488=DIRECTION('',(3.46944695195361E-16,0.,-1.));
#6489=DIRECTION('',(-1.,0.,-3.46944695195361E-16));
#6490=DIRECTION('',(0.,0.,-1.));
#6491=DIRECTION('',(-1.,0.,0.));
#6492=DIRECTION('',(0.,0.,1.));
#6493=DIRECTION('',(1.,0.,0.));
#6494=DIRECTION('',(3.46944695195361E-16,0.,-1.));
#6495=DIRECTION('',(-1.,0.,-3.46944695195361E-16));
#6496=DIRECTION('',(0.,0.,-1.));
#6497=DIRECTION('',(-1.,0.,0.));
#6498=DIRECTION('',(0.,0.,1.));
#6499=DIRECTION('',(1.,0.,0.));
#6500=DIRECTION('',(3.46944695195361E-16,0.,-1.));
#6501=DIRECTION('',(-1.,0.,-3.46944695195361E-16));
#6502=DIRECTION('',(0.,0.,-1.));
#6503=DIRECTION('',(-1.,0.,0.));
#6504=DIRECTION('',(0.,1.,0.));
#6505=DIRECTION('',(0.,0.,1.));
#6506=DIRECTION('',(1.,0.,0.));
#6507=DIRECTION('',(-0.928476690885259,0.,0.371390676354104));
#6508=DIRECTION('',(0.,0.,1.));
#6509=DIRECTION('',(0.,0.,1.));
#6510=DIRECTION('',(1.,0.,0.));
#6511=DIRECTION('',(0.,-1.,0.));
#6512=DIRECTION('',(1.,0.,0.));
#6513=DIRECTION('',(0.,0.,1.));
#6514=DIRECTION('',(1.,0.,0.));
#6515=DIRECTION('',(-1.,0.,0.));
#6516=DIRECTION('',(0.,-1.,0.));
#6517=DIRECTION('',(0.,0.,1.));
#6518=DIRECTION('',(1.,0.,0.));
#6519=DIRECTION('',(-1.,0.,0.));
#6520=DIRECTION('',(0.,0.,1.));
#6521=DIRECTION('',(-1.,0.,0.));
#6522=DIRECTION('',(0.,0.,1.));
#6523=DIRECTION('',(-1.,0.,0.));
#6524=DIRECTION('',(0.,0.,1.));
#6525=DIRECTION('',(0.,0.,1.));
#6526=DIRECTION('',(1.,0.,0.));
#6527=DIRECTION('',(1.,-6.12323399573677E-17,-6.12323399573677E-17));
#6528=DIRECTION('',(-6.12323399573677E-17,0.,-1.));
#6529=DIRECTION('',(1.,0.,0.));
#6530=DIRECTION('',(0.,0.,-1.));
#6531=DIRECTION('',(1.,0.,0.));
#6532=DIRECTION('',(0.,0.,-1.));
#6533=DIRECTION('',(0.,0.,-1.));
#6534=DIRECTION('',(-1.,0.,0.));
#6535=DIRECTION('',(-1.,0.,0.));
#6536=DIRECTION('',(0.,0.,-1.));
#6537=DIRECTION('',(-1.,0.,0.));
#6538=DIRECTION('',(0.,0.,-1.));
#6539=DIRECTION('',(-1.,0.,0.));
#6540=DIRECTION('',(1.,1.53515351856354E-16,0.));
#6541=DIRECTION('',(0.,0.,-1.));
#6542=DIRECTION('',(-1.,0.,0.));
#6543=DIRECTION('',(0.707106781186548,0.707106781186547,0.));
#6544=DIRECTION('',(-0.707106781186548,0.707106781186547,0.));
#6545=DIRECTION('',(0.,0.,-1.));
#6546=DIRECTION('',(-1.,0.,0.));
#6547=DIRECTION('',(-1.,0.,0.));
#6548=DIRECTION('',(0.,0.,1.));
#6549=DIRECTION('',(0.,-1.,0.));
#6550=DIRECTION('',(0.,0.,1.));
#6551=DIRECTION('',(1.,0.,0.));
#6552=DIRECTION('',(0.,0.,1.));
#6553=DIRECTION('',(1.,0.,0.));
#6554=DIRECTION('',(0.,0.,1.));
#6555=DIRECTION('',(1.,0.,0.));
#6556=DIRECTION('',(0.,0.,-1.));
#6557=DIRECTION('',(1.,0.,0.));
#6558=DIRECTION('',(0.,0.,-1.));
#6559=DIRECTION('',(-1.,0.,0.));
#6560=DIRECTION('',(0.,0.,-1.));
#6561=DIRECTION('',(-1.,0.,0.));
#6562=DIRECTION('',(-0.707106781186547,0.707106781186548,0.));
#6563=DIRECTION('',(-0.707106781186548,-0.707106781186547,0.));
#6564=DIRECTION('',(0.,0.,1.));
#6565=DIRECTION('',(-0.707106781186548,-0.707106781186547,-2.4532694666934E-16));
#6566=DIRECTION('',(-0.707106781186547,0.707106781186548,0.));
#6567=DIRECTION('',(0.707106781186548,0.707106781186547,0.));
#6568=DIRECTION('',(-0.707106781186547,0.707106781186548,0.));
#6569=DIRECTION('',(-0.615457454896664,-0.615457454896663,0.492365963917332));
#6570=DIRECTION('',(-1.53515351856354E-16,1.,0.));
#6571=DIRECTION('',(-1.,-1.53515351856354E-16,0.));
#6572=DIRECTION('',(-1.,-1.53515351856354E-16,-3.46944695195361E-16));
#6573=DIRECTION('',(0.,0.,1.));
#6574=DIRECTION('',(0.,0.,1.));
#6575=DIRECTION('',(0.,-1.,0.));
#6576=DIRECTION('',(0.,0.,-1.));
#6577=DIRECTION('',(0.,0.,1.));
#6578=DIRECTION('',(1.,0.,3.46944695195361E-16));
#6579=DIRECTION('',(0.,0.,1.));
#6580=DIRECTION('',(-0.707106781186547,-0.707106781186548,0.));
#6581=DIRECTION('',(0.707106781186548,-0.707106781186547,0.));
#6582=DIRECTION('',(0.707106781186548,-0.707106781186547,2.4532694666934E-16));
#6583=DIRECTION('',(0.,0.,1.));
#6584=DIRECTION('',(-0.707106781186547,-0.707106781186548,0.));
#6585=DIRECTION('',(0.615457454896664,-0.615457454896663,-0.492365963917332));
#6586=DIRECTION('',(-0.707106781186547,-0.707106781186548,0.));
#6587=DIRECTION('',(-0.707106781186548,0.707106781186547,0.));
#6588=DIRECTION('',(0.,0.,1.));
#6589=DIRECTION('',(1.,0.,0.));
#6590=DIRECTION('',(3.46944695195361E-16,0.,-1.));
#6591=DIRECTION('',(-1.,0.,-3.46944695195361E-16));
#6592=DIRECTION('',(0.,0.,1.));
#6593=DIRECTION('',(1.,0.,0.));
#6594=DIRECTION('',(3.46944695195361E-16,0.,-1.));
#6595=DIRECTION('',(-1.,0.,-3.46944695195361E-16));
#6596=DIRECTION('',(-0.371390676354104,0.,-0.928476690885259));
#6597=DIRECTION('',(-0.928476690885259,0.,0.371390676354104));
#6598=DIRECTION('',(-0.928476690885259,0.,0.371390676354104));
#6599=DIRECTION('',(0.,-1.,0.));
#6600=DIRECTION('',(0.,-1.,0.));
#6601=DIRECTION('',(0.928476690885259,0.,-0.371390676354104));
#6602=DIRECTION('',(0.,1.,0.));
#6603=DIRECTION('',(0.,0.,-1.));
#6604=DIRECTION('',(-1.,0.,0.));
#6605=DIRECTION('',(0.,-1.,0.));
#6606=DIRECTION('',(0.,0.,-1.));
#6607=DIRECTION('',(-1.,0.,0.));
#6608=DIRECTION('',(0.,0.,-1.));
#6609=DIRECTION('',(-1.,0.,0.));
#6610=DIRECTION('',(3.46944695195361E-16,0.,-1.));
#6611=DIRECTION('',(-1.,0.,-3.46944695195361E-16));
#6612=DIRECTION('',(0.,-1.,0.));
#6613=DIRECTION('',(3.46944695195361E-16,0.,-1.));
#6614=DIRECTION('',(-1.,0.,-3.46944695195361E-16));
#6615=DIRECTION('',(3.46944695195361E-16,0.,-1.));
#6616=DIRECTION('',(-1.,0.,-3.46944695195361E-16));
#6617=DIRECTION('',(0.928476690885259,0.,-0.371390676354104));
#6618=DIRECTION('',(-0.371390676354104,0.,-0.928476690885259));
#6619=DIRECTION('',(-0.928476690885259,2.57704050012149E-16,0.371390676354105));
#6620=DIRECTION('',(0.371390676354105,0.,0.928476690885259));
#6621=DIRECTION('',(-0.371390676354104,0.,-0.928476690885259));
#6622=DIRECTION('',(-0.928476690885259,0.,0.371390676354104));
#6623=DIRECTION('',(0.,-1.,0.));
#6624=DIRECTION('',(0.,0.,-1.));
#6625=DIRECTION('',(0.,1.,0.));
#6626=DIRECTION('',(0.,0.,1.));
#6627=DIRECTION('',(-0.928476690885259,0.,0.371390676354104));
#6628=DIRECTION('',(0.371390676354104,0.,0.928476690885259));
#6629=DIRECTION('',(-0.928476690885259,0.,0.371390676354105));
#6630=DIRECTION('',(0.371390676354105,0.,0.928476690885259));
#6631=DIRECTION('',(-0.371390676354104,0.,-0.928476690885259));
#6632=DIRECTION('',(-0.928476690885259,0.,0.371390676354104));
#6633=DIRECTION('',(0.,1.,0.));
#6634=DIRECTION('',(0.,0.,1.));
#6635=DIRECTION('',(0.,1.,0.));
#6636=DIRECTION('',(0.,0.,1.));
#6637=DIRECTION('',(0.,0.,-1.));
#6638=DIRECTION('',(-1.,0.,0.));
#6639=DIRECTION('',(0.,0.,-1.));
#6640=DIRECTION('',(-1.,0.,0.));
#6641=DIRECTION('',(0.,0.,-1.));
#6642=DIRECTION('',(-1.,0.,0.));
#6643=DIRECTION('',(0.,0.,-1.));
#6644=DIRECTION('',(-1.,0.,0.));
#6645=DIRECTION('',(0.,1.,0.));
#6646=DIRECTION('',(0.,0.,1.));
#6647=DIRECTION('',(0.,1.,0.));
#6648=DIRECTION('',(0.,0.,1.));
#6649=DIRECTION('',(-2.99414984879198E-16,1.34546487084579E-15,1.));
#6650=DIRECTION('',(-3.95914221630056E-14,-1.,1.34546487084578E-15));
#6651=DIRECTION('',(0.,0.,1.));
#6652=DIRECTION('',(1.,0.,0.));
#6653=DIRECTION('',(0.,0.,1.));
#6654=DIRECTION('',(1.,0.,0.));
#6655=DIRECTION('',(0.,0.,1.));
#6656=DIRECTION('',(1.,0.,0.));
#6657=DIRECTION('',(0.,0.,1.));
#6658=DIRECTION('',(1.,0.,0.));
#6659=DIRECTION('',(0.,0.,-1.));
#6660=DIRECTION('',(-1.,0.,0.));
#6661=DIRECTION('',(0.,0.,1.));
#6662=DIRECTION('',(1.,0.,0.));
#6663=DIRECTION('',(0.,0.,1.));
#6664=DIRECTION('',(0.984807753012208,-0.17364817766693,0.));
#6665=DIRECTION('',(0.,0.,1.));
#6666=DIRECTION('',(0.,0.,1.));
#6667=DIRECTION('',(0.984807753012208,-0.17364817766693,0.));
#6668=DIRECTION('',(0.,0.,1.));
#6669=DIRECTION('',(0.,0.,1.));
#6670=DIRECTION('',(1.,0.,0.));
#6671=DIRECTION('',(0.,0.,1.));
#6672=DIRECTION('',(0.984807753012208,-0.173648177666931,0.));
#6673=DIRECTION('',(0.,0.,1.));
#6674=DIRECTION('',(0.,0.,1.));
#6675=DIRECTION('',(0.984807753012208,-0.173648177666931,0.));
#6676=DIRECTION('',(0.,0.,1.));
#6677=DIRECTION('',(1.,0.,0.));
#6678=DIRECTION('',(0.,0.,1.));
#6679=DIRECTION('',(0.984807753012208,-0.17364817766693,0.));
#6680=DIRECTION('',(0.,0.,1.));
#6681=DIRECTION('',(0.,0.,1.));
#6682=DIRECTION('',(0.984807753012208,-0.17364817766693,0.));
#6683=DIRECTION('',(0.,0.,1.));
#6684=DIRECTION('',(1.,0.,0.));
#6685=DIRECTION('',(0.,0.,-1.));
#6686=DIRECTION('',(0.984807753012208,-0.173648177666933,0.));
#6687=DIRECTION('',(0.,0.,1.));
#6688=DIRECTION('',(0.,0.,-1.));
#6689=DIRECTION('',(0.984807753012208,-0.173648177666933,0.));
#6690=DIRECTION('',(0.,0.,1.));
#6691=DIRECTION('',(1.,0.,0.));
#6692=DIRECTION('',(0.,0.,-1.));
#6693=DIRECTION('',(0.86602540378444,-0.5,0.));
#6694=DIRECTION('',(0.,0.,1.));
#6695=DIRECTION('',(0.,0.,-1.));
#6696=DIRECTION('',(0.86602540378444,-0.5,0.));
#6697=DIRECTION('',(0.,0.,1.));
#6698=DIRECTION('',(0.,0.,1.));
#6699=DIRECTION('',(1.,0.,0.));
#6700=DIRECTION('',(0.,0.,1.));
#6701=DIRECTION('',(0.866025403784439,-0.5,0.));
#6702=DIRECTION('',(0.,0.,1.));
#6703=DIRECTION('',(0.,0.,1.));
#6704=DIRECTION('',(0.866025403784439,-0.5,0.));
#6705=DIRECTION('',(0.,0.,1.));
#6706=DIRECTION('',(0.,0.,1.));
#6707=DIRECTION('',(1.,0.,0.));
#6708=DIRECTION('',(0.,0.,1.));
#6709=DIRECTION('',(0.866025403784439,-0.5,0.));
#6710=DIRECTION('',(0.,0.,1.));
#6711=DIRECTION('',(0.866025403784439,-0.5,0.));
#6712=DIRECTION('',(0.,0.,1.));
#6713=DIRECTION('',(0.,0.,1.));
#6714=DIRECTION('',(1.,0.,0.));
#6715=DIRECTION('',(0.,0.,1.));
#6716=DIRECTION('',(0.866025403784438,-0.5,0.));
#6717=DIRECTION('',(0.,0.,1.));
#6718=DIRECTION('',(0.866025403784438,-0.5,0.));
#6719=DIRECTION('',(0.,0.,1.));
#6720=DIRECTION('',(1.,0.,0.));
#6721=DIRECTION('',(0.,0.,-1.));
#6722=DIRECTION('',(0.642787609686539,-0.766044443118979,0.));
#6723=DIRECTION('',(0.,0.,1.));
#6724=DIRECTION('',(0.,0.,-1.));
#6725=DIRECTION('',(0.642787609686539,-0.766044443118979,0.));
#6726=DIRECTION('',(0.,0.,1.));
#6727=DIRECTION('',(0.,0.,1.));
#6728=DIRECTION('',(1.,0.,0.));
#6729=DIRECTION('',(0.,0.,1.));
#6730=DIRECTION('',(0.642787609686538,-0.766044443118979,0.));
#6731=DIRECTION('',(0.,0.,1.));
#6732=DIRECTION('',(0.,0.,1.));
#6733=DIRECTION('',(0.642787609686538,-0.766044443118979,0.));
#6734=DIRECTION('',(0.,0.,1.));
#6735=DIRECTION('',(0.,0.,1.));
#6736=DIRECTION('',(1.,0.,0.));
#6737=DIRECTION('',(0.,0.,1.));
#6738=DIRECTION('',(0.642787609686538,-0.766044443118979,0.));
#6739=DIRECTION('',(0.,0.,1.));
#6740=DIRECTION('',(0.642787609686538,-0.766044443118979,0.));
#6741=DIRECTION('',(0.,0.,1.));
#6742=DIRECTION('',(0.,0.,1.));
#6743=DIRECTION('',(1.,0.,0.));
#6744=DIRECTION('',(0.,0.,1.));
#6745=DIRECTION('',(0.642787609686537,-0.76604444311898,0.));
#6746=DIRECTION('',(0.,0.,1.));
#6747=DIRECTION('',(0.642787609686537,-0.76604444311898,0.));
#6748=DIRECTION('',(0.,0.,1.));
#6749=DIRECTION('',(1.,0.,0.));
#6750=DIRECTION('',(0.,0.,-1.));
#6751=DIRECTION('',(0.342020143325665,-0.93969262078591,0.));
#6752=DIRECTION('',(0.,0.,1.));
#6753=DIRECTION('',(0.,0.,-1.));
#6754=DIRECTION('',(0.342020143325665,-0.93969262078591,0.));
#6755=DIRECTION('',(0.,0.,1.));
#6756=DIRECTION('',(0.,0.,1.));
#6757=DIRECTION('',(1.,0.,0.));
#6758=DIRECTION('',(0.,0.,1.));
#6759=DIRECTION('',(0.342020143325665,-0.93969262078591,0.));
#6760=DIRECTION('',(0.,0.,1.));
#6761=DIRECTION('',(0.,0.,1.));
#6762=DIRECTION('',(0.342020143325665,-0.93969262078591,0.));
#6763=DIRECTION('',(0.,0.,1.));
#6764=DIRECTION('',(0.,0.,1.));
#6765=DIRECTION('',(1.,0.,0.));
#6766=DIRECTION('',(0.,0.,1.));
#6767=DIRECTION('',(0.342020143325666,-0.93969262078591,0.));
#6768=DIRECTION('',(0.,0.,1.));
#6769=DIRECTION('',(0.342020143325666,-0.93969262078591,0.));
#6770=DIRECTION('',(0.,0.,1.));
#6771=DIRECTION('',(0.,0.,1.));
#6772=DIRECTION('',(1.,0.,0.));
#6773=DIRECTION('',(0.,0.,1.));
#6774=DIRECTION('',(0.342020143325667,-0.939692620785909,0.));
#6775=DIRECTION('',(0.,0.,1.));
#6776=DIRECTION('',(0.342020143325667,-0.939692620785909,0.));
#6777=DIRECTION('',(0.,0.,1.));
#6778=DIRECTION('',(1.,0.,0.));
#6779=DIRECTION('',(0.,0.,1.));
#6780=DIRECTION('',(-3.46944695195361E-15,-1.,0.));
#6781=DIRECTION('',(0.,0.,1.));
#6782=DIRECTION('',(0.,0.,1.));
#6783=DIRECTION('',(-3.46944695195361E-15,-1.,0.));
#6784=DIRECTION('',(0.,0.,1.));
#6785=DIRECTION('',(0.,0.,1.));
#6786=DIRECTION('',(1.,0.,0.));
#6787=DIRECTION('',(0.,0.,1.));
#6788=DIRECTION('',(-3.46944695195361E-15,-1.,0.));
#6789=DIRECTION('',(0.,0.,1.));
#6790=DIRECTION('',(0.,0.,1.));
#6791=DIRECTION('',(-3.46944695195361E-15,-1.,0.));
#6792=DIRECTION('',(0.,0.,1.));
#6793=DIRECTION('',(0.,0.,1.));
#6794=DIRECTION('',(1.,0.,0.));
#6795=DIRECTION('',(0.,0.,1.));
#6796=DIRECTION('',(-3.12562788464289E-15,-1.,0.));
#6797=DIRECTION('',(0.,0.,1.));
#6798=DIRECTION('',(-3.12562788464289E-15,-1.,0.));
#6799=DIRECTION('',(0.,0.,1.));
#6800=DIRECTION('',(1.,0.,0.));
#6801=DIRECTION('',(0.,0.,-1.));
#6802=DIRECTION('',(-0.342020143325677,-0.939692620785905,0.));
#6803=DIRECTION('',(0.,0.,1.));
#6804=DIRECTION('',(0.,0.,-1.));
#6805=DIRECTION('',(-0.342020143325677,-0.939692620785905,0.));
#6806=DIRECTION('',(0.,0.,1.));
#6807=DIRECTION('',(0.,0.,1.));
#6808=DIRECTION('',(1.,0.,0.));
#6809=DIRECTION('',(0.,0.,1.));
#6810=DIRECTION('',(-0.342020143325672,-0.939692620785907,0.));
#6811=DIRECTION('',(0.,0.,1.));
#6812=DIRECTION('',(0.,0.,1.));
#6813=DIRECTION('',(-0.342020143325672,-0.939692620785907,0.));
#6814=DIRECTION('',(0.,0.,1.));
#6815=DIRECTION('',(1.,0.,0.));
#6816=DIRECTION('',(0.,0.,1.));
#6817=DIRECTION('',(-0.342020143325672,-0.939692620785907,0.));
#6818=DIRECTION('',(0.,0.,1.));
#6819=DIRECTION('',(0.,0.,1.));
#6820=DIRECTION('',(-0.342020143325672,-0.939692620785907,0.));
#6821=DIRECTION('',(0.,0.,1.));
#6822=DIRECTION('',(0.,0.,1.));
#6823=DIRECTION('',(1.,0.,0.));
#6824=DIRECTION('',(0.,0.,1.));
#6825=DIRECTION('',(-0.342020143325674,-0.939692620785907,0.));
#6826=DIRECTION('',(0.,0.,1.));
#6827=DIRECTION('',(-0.342020143325674,-0.939692620785907,0.));
#6828=DIRECTION('',(0.,0.,1.));
#6829=DIRECTION('',(1.,0.,0.));
#6830=DIRECTION('',(0.,0.,-1.));
#6831=DIRECTION('',(-0.642787609686541,-0.766044443118977,0.));
#6832=DIRECTION('',(0.,0.,1.));
#6833=DIRECTION('',(0.,0.,-1.));
#6834=DIRECTION('',(-0.642787609686541,-0.766044443118977,0.));
#6835=DIRECTION('',(0.,0.,1.));
#6836=DIRECTION('',(0.,0.,1.));
#6837=DIRECTION('',(1.,0.,0.));
#6838=DIRECTION('',(0.,0.,1.));
#6839=DIRECTION('',(-0.642787609686543,-0.766044443118975,0.));
#6840=DIRECTION('',(0.,0.,1.));
#6841=DIRECTION('',(0.,0.,1.));
#6842=DIRECTION('',(-0.642787609686543,-0.766044443118975,0.));
#6843=DIRECTION('',(0.,0.,1.));
#6844=DIRECTION('',(1.,0.,0.));
#6845=DIRECTION('',(0.,0.,1.));
#6846=DIRECTION('',(-0.642787609686543,-0.766044443118975,0.));
#6847=DIRECTION('',(0.,0.,1.));
#6848=DIRECTION('',(0.,0.,1.));
#6849=DIRECTION('',(-0.642787609686543,-0.766044443118975,0.));
#6850=DIRECTION('',(0.,0.,1.));
#6851=DIRECTION('',(0.,0.,1.));
#6852=DIRECTION('',(1.,0.,0.));
#6853=DIRECTION('',(0.,0.,1.));
#6854=DIRECTION('',(-0.642787609686544,-0.766044443118975,0.));
#6855=DIRECTION('',(0.,0.,1.));
#6856=DIRECTION('',(-0.642787609686544,-0.766044443118975,0.));
#6857=DIRECTION('',(0.,0.,1.));
#6858=DIRECTION('',(1.,0.,0.));
#6859=DIRECTION('',(0.,0.,-1.));
#6860=DIRECTION('',(-0.86602540378444,-0.5,0.));
#6861=DIRECTION('',(0.,0.,1.));
#6862=DIRECTION('',(0.,0.,-1.));
#6863=DIRECTION('',(-0.86602540378444,-0.5,0.));
#6864=DIRECTION('',(0.,0.,1.));
#6865=DIRECTION('',(0.,0.,1.));
#6866=DIRECTION('',(1.,0.,0.));
#6867=DIRECTION('',(0.,0.,1.));
#6868=DIRECTION('',(-0.866025403784442,-0.5,0.));
#6869=DIRECTION('',(0.,0.,1.));
#6870=DIRECTION('',(0.,0.,1.));
#6871=DIRECTION('',(-0.866025403784442,-0.5,0.));
#6872=DIRECTION('',(0.,0.,1.));
#6873=DIRECTION('',(1.,0.,0.));
#6874=DIRECTION('',(0.,0.,1.));
#6875=DIRECTION('',(-0.866025403784442,-0.5,0.));
#6876=DIRECTION('',(0.,0.,1.));
#6877=DIRECTION('',(0.,0.,1.));
#6878=DIRECTION('',(-0.866025403784442,-0.5,0.));
#6879=DIRECTION('',(0.,0.,1.));
#6880=DIRECTION('',(0.,0.,1.));
#6881=DIRECTION('',(1.,0.,0.));
#6882=DIRECTION('',(0.,0.,1.));
#6883=DIRECTION('',(-0.866025403784442,-0.5,0.));
#6884=DIRECTION('',(0.,0.,1.));
#6885=DIRECTION('',(-0.866025403784442,-0.5,0.));
#6886=DIRECTION('',(0.,0.,1.));
#6887=DIRECTION('',(1.,0.,0.));
#6888=DIRECTION('',(0.,0.,-1.));
#6889=DIRECTION('',(-0.98480775301221,-0.173648177666922,0.));
#6890=DIRECTION('',(0.,0.,1.));
#6891=DIRECTION('',(0.,0.,-1.));
#6892=DIRECTION('',(-0.98480775301221,-0.173648177666922,0.));
#6893=DIRECTION('',(0.,0.,1.));
#6894=DIRECTION('',(0.,0.,1.));
#6895=DIRECTION('',(1.,0.,0.));
#6896=DIRECTION('',(0.,0.,1.));
#6897=DIRECTION('',(-0.984807753012209,-0.173648177666925,0.));
#6898=DIRECTION('',(0.,0.,1.));
#6899=DIRECTION('',(0.,0.,1.));
#6900=DIRECTION('',(-0.984807753012209,-0.173648177666925,0.));
#6901=DIRECTION('',(0.,0.,1.));
#6902=DIRECTION('',(1.,0.,0.));
#6903=DIRECTION('',(0.,0.,1.));
#6904=DIRECTION('',(-0.984807753012209,-0.173648177666925,0.));
#6905=DIRECTION('',(0.,0.,1.));
#6906=DIRECTION('',(0.,0.,1.));
#6907=DIRECTION('',(-0.984807753012209,-0.173648177666925,0.));
#6908=DIRECTION('',(0.,0.,1.));
#6909=DIRECTION('',(0.,0.,1.));
#6910=DIRECTION('',(1.,0.,0.));
#6911=DIRECTION('',(0.,0.,1.));
#6912=DIRECTION('',(-0.984807753012209,-0.173648177666926,0.));
#6913=DIRECTION('',(0.,0.,1.));
#6914=DIRECTION('',(-0.984807753012209,-0.173648177666926,0.));
#6915=DIRECTION('',(0.,0.,1.));
#6916=DIRECTION('',(1.,0.,0.));
#6917=DIRECTION('',(0.,0.,-1.));
#6918=DIRECTION('',(-0.984807753012208,0.173648177666933,0.));
#6919=DIRECTION('',(0.,0.,1.));
#6920=DIRECTION('',(0.,0.,-1.));
#6921=DIRECTION('',(-0.984807753012208,0.173648177666933,0.));
#6922=DIRECTION('',(0.,0.,1.));
#6923=DIRECTION('',(0.,0.,1.));
#6924=DIRECTION('',(1.,0.,0.));
#6925=DIRECTION('',(0.,0.,-1.));
#6926=DIRECTION('',(-0.984807753012208,0.173648177666933,0.));
#6927=DIRECTION('',(0.,0.,1.));
#6928=DIRECTION('',(0.,0.,-1.));
#6929=DIRECTION('',(-0.984807753012208,0.173648177666933,0.));
#6930=DIRECTION('',(0.,0.,1.));
#6931=DIRECTION('',(0.,0.,1.));
#6932=DIRECTION('',(1.,0.,0.));
#6933=DIRECTION('',(0.,0.,1.));
#6934=DIRECTION('',(-0.984807753012207,0.173648177666937,0.));
#6935=DIRECTION('',(0.,0.,1.));
#6936=DIRECTION('',(-0.984807753012207,0.173648177666937,0.));
#6937=DIRECTION('',(0.,0.,1.));
#6938=DIRECTION('',(0.,0.,1.));
#6939=DIRECTION('',(1.,0.,0.));
#6940=DIRECTION('',(0.,0.,1.));
#6941=DIRECTION('',(-0.984807753012207,0.173648177666938,0.));
#6942=DIRECTION('',(0.,0.,1.));
#6943=DIRECTION('',(-0.984807753012207,0.173648177666938,0.));
#6944=DIRECTION('',(0.,0.,1.));
#6945=DIRECTION('',(0.,0.,1.));
#6946=DIRECTION('',(1.,0.,0.));
#6947=DIRECTION('',(0.,0.,-1.));
#6948=DIRECTION('',(-0.866025403784434,0.500000000000009,0.));
#6949=DIRECTION('',(0.,0.,1.));
#6950=DIRECTION('',(0.,0.,-1.));
#6951=DIRECTION('',(-0.866025403784434,0.500000000000009,0.));
#6952=DIRECTION('',(0.,0.,1.));
#6953=DIRECTION('',(0.,0.,1.));
#6954=DIRECTION('',(1.,0.,0.));
#6955=DIRECTION('',(0.,0.,-1.));
#6956=DIRECTION('',(-0.866025403784434,0.500000000000009,0.));
#6957=DIRECTION('',(0.,0.,1.));
#6958=DIRECTION('',(0.,0.,-1.));
#6959=DIRECTION('',(-0.866025403784434,0.500000000000009,0.));
#6960=DIRECTION('',(0.,0.,1.));
#6961=DIRECTION('',(0.,0.,1.));
#6962=DIRECTION('',(1.,0.,0.));
#6963=DIRECTION('',(0.,0.,1.));
#6964=DIRECTION('',(-0.866025403784435,0.500000000000007,0.));
#6965=DIRECTION('',(0.,0.,1.));
#6966=DIRECTION('',(0.,0.,1.));
#6967=DIRECTION('',(-0.866025403784435,0.500000000000007,0.));
#6968=DIRECTION('',(0.,0.,1.));
#6969=DIRECTION('',(1.,0.,0.));
#6970=DIRECTION('',(0.,0.,1.));
#6971=DIRECTION('',(-0.866025403784434,0.500000000000007,0.));
#6972=DIRECTION('',(0.,0.,1.));
#6973=DIRECTION('',(-0.866025403784434,0.500000000000007,0.));
#6974=DIRECTION('',(0.,0.,1.));
#6975=DIRECTION('',(0.,0.,1.));
#6976=DIRECTION('',(1.,0.,0.));
#6977=DIRECTION('',(0.,0.,-1.));
#6978=DIRECTION('',(-0.642787609686529,0.766044443118987,0.));
#6979=DIRECTION('',(0.,0.,1.));
#6980=DIRECTION('',(0.,0.,-1.));
#6981=DIRECTION('',(-0.642787609686529,0.766044443118987,0.));
#6982=DIRECTION('',(0.,0.,1.));
#6983=DIRECTION('',(0.,0.,1.));
#6984=DIRECTION('',(1.,0.,0.));
#6985=DIRECTION('',(0.,0.,-1.));
#6986=DIRECTION('',(-0.642787609686532,0.766044443118985,0.));
#6987=DIRECTION('',(0.,0.,1.));
#6988=DIRECTION('',(0.,0.,-1.));
#6989=DIRECTION('',(-0.642787609686532,0.766044443118985,0.));
#6990=DIRECTION('',(0.,0.,1.));
#6991=DIRECTION('',(0.,0.,1.));
#6992=DIRECTION('',(1.,0.,0.));
#6993=DIRECTION('',(0.,0.,1.));
#6994=DIRECTION('',(-0.642787609686533,0.766044443118984,0.));
#6995=DIRECTION('',(0.,0.,1.));
#6996=DIRECTION('',(0.,0.,1.));
#6997=DIRECTION('',(-0.642787609686533,0.766044443118984,0.));
#6998=DIRECTION('',(0.,0.,1.));
#6999=DIRECTION('',(1.,0.,0.));
#7000=DIRECTION('',(0.,0.,1.));
#7001=DIRECTION('',(-0.642787609686533,0.766044443118984,0.));
#7002=DIRECTION('',(0.,0.,1.));
#7003=DIRECTION('',(-0.642787609686533,0.766044443118984,0.));
#7004=DIRECTION('',(0.,0.,1.));
#7005=DIRECTION('',(0.,0.,1.));
#7006=DIRECTION('',(1.,0.,0.));
#7007=DIRECTION('',(0.,0.,-1.));
#7008=DIRECTION('',(-0.342020143325664,0.93969262078591,0.));
#7009=DIRECTION('',(0.,0.,1.));
#7010=DIRECTION('',(0.,0.,-1.));
#7011=DIRECTION('',(-0.342020143325664,0.93969262078591,0.));
#7012=DIRECTION('',(0.,0.,1.));
#7013=DIRECTION('',(0.,0.,1.));
#7014=DIRECTION('',(1.,0.,0.));
#7015=DIRECTION('',(0.,0.,-1.));
#7016=DIRECTION('',(-0.342020143325665,0.93969262078591,0.));
#7017=DIRECTION('',(0.,0.,1.));
#7018=DIRECTION('',(0.,0.,-1.));
#7019=DIRECTION('',(-0.342020143325665,0.93969262078591,0.));
#7020=DIRECTION('',(0.,0.,1.));
#7021=DIRECTION('',(0.,0.,1.));
#7022=DIRECTION('',(1.,0.,0.));
#7023=DIRECTION('',(0.,0.,1.));
#7024=DIRECTION('',(-0.34202014332566,0.939692620785911,0.));
#7025=DIRECTION('',(0.,0.,1.));
#7026=DIRECTION('',(0.,0.,1.));
#7027=DIRECTION('',(-0.34202014332566,0.939692620785911,0.));
#7028=DIRECTION('',(0.,0.,1.));
#7029=DIRECTION('',(1.,0.,0.));
#7030=DIRECTION('',(0.,0.,1.));
#7031=DIRECTION('',(-0.34202014332566,0.939692620785911,0.));
#7032=DIRECTION('',(0.,0.,1.));
#7033=DIRECTION('',(-0.34202014332566,0.939692620785911,0.));
#7034=DIRECTION('',(0.,0.,1.));
#7035=DIRECTION('',(0.,0.,1.));
#7036=DIRECTION('',(1.,0.,0.));
#7037=DIRECTION('',(0.,0.,-1.));
#7038=DIRECTION('',(1.15648231731786E-14,1.,0.));
#7039=DIRECTION('',(0.,0.,1.));
#7040=DIRECTION('',(0.,0.,-1.));
#7041=DIRECTION('',(1.15648231731786E-14,1.,0.));
#7042=DIRECTION('',(0.,0.,1.));
#7043=DIRECTION('',(0.,0.,1.));
#7044=DIRECTION('',(1.,0.,0.));
#7045=DIRECTION('',(0.,0.,-1.));
#7046=DIRECTION('',(1.15648231731786E-14,1.,0.));
#7047=DIRECTION('',(0.,0.,1.));
#7048=DIRECTION('',(0.,0.,-1.));
#7049=DIRECTION('',(1.15648231731786E-14,1.,0.));
#7050=DIRECTION('',(0.,0.,1.));
#7051=DIRECTION('',(0.,0.,1.));
#7052=DIRECTION('',(1.,0.,0.));
#7053=DIRECTION('',(0.,0.,1.));
#7054=DIRECTION('',(1.04083408558608E-14,1.,0.));
#7055=DIRECTION('',(0.,0.,1.));
#7056=DIRECTION('',(0.,0.,1.));
#7057=DIRECTION('',(1.04083408558608E-14,1.,0.));
#7058=DIRECTION('',(0.,0.,1.));
#7059=DIRECTION('',(1.,0.,0.));
#7060=DIRECTION('',(0.,0.,1.));
#7061=DIRECTION('',(1.04083408558608E-14,1.,0.));
#7062=DIRECTION('',(0.,0.,1.));
#7063=DIRECTION('',(1.04083408558608E-14,1.,0.));
#7064=DIRECTION('',(0.,0.,1.));
#7065=DIRECTION('',(0.,0.,1.));
#7066=DIRECTION('',(1.,0.,0.));
#7067=DIRECTION('',(0.,0.,-1.));
#7068=DIRECTION('',(0.342020143325678,0.939692620785905,0.));
#7069=DIRECTION('',(0.,0.,1.));
#7070=DIRECTION('',(0.,0.,-1.));
#7071=DIRECTION('',(0.342020143325678,0.939692620785905,0.));
#7072=DIRECTION('',(0.,0.,1.));
#7073=DIRECTION('',(0.,0.,1.));
#7074=DIRECTION('',(1.,0.,0.));
#7075=DIRECTION('',(0.,0.,-1.));
#7076=DIRECTION('',(0.342020143325677,0.939692620785905,0.));
#7077=DIRECTION('',(0.,0.,1.));
#7078=DIRECTION('',(0.,0.,-1.));
#7079=DIRECTION('',(0.342020143325677,0.939692620785905,0.));
#7080=DIRECTION('',(0.,0.,1.));
#7081=DIRECTION('',(0.,0.,1.));
#7082=DIRECTION('',(1.,0.,0.));
#7083=DIRECTION('',(0.,0.,1.));
#7084=DIRECTION('',(0.342020143325679,0.939692620785905,0.));
#7085=DIRECTION('',(0.,0.,1.));
#7086=DIRECTION('',(0.,0.,1.));
#7087=DIRECTION('',(0.342020143325679,0.939692620785905,0.));
#7088=DIRECTION('',(0.,0.,1.));
#7089=DIRECTION('',(1.,0.,0.));
#7090=DIRECTION('',(0.,0.,1.));
#7091=DIRECTION('',(0.342020143325679,0.939692620785904,0.));
#7092=DIRECTION('',(0.,0.,1.));
#7093=DIRECTION('',(0.342020143325679,0.939692620785904,0.));
#7094=DIRECTION('',(0.,0.,1.));
#7095=DIRECTION('',(0.,0.,1.));
#7096=DIRECTION('',(1.,0.,0.));
#7097=DIRECTION('',(0.,0.,-1.));
#7098=DIRECTION('',(0.642787609686551,0.766044443118968,0.));
#7099=DIRECTION('',(0.,0.,1.));
#7100=DIRECTION('',(0.,0.,-1.));
#7101=DIRECTION('',(0.642787609686551,0.766044443118968,0.));
#7102=DIRECTION('',(0.,0.,1.));
#7103=DIRECTION('',(0.,0.,1.));
#7104=DIRECTION('',(1.,0.,0.));
#7105=DIRECTION('',(0.,0.,-1.));
#7106=DIRECTION('',(0.642787609686551,0.766044443118968,0.));
#7107=DIRECTION('',(0.,0.,1.));
#7108=DIRECTION('',(0.,0.,-1.));
#7109=DIRECTION('',(0.642787609686551,0.766044443118968,0.));
#7110=DIRECTION('',(0.,0.,1.));
#7111=DIRECTION('',(0.,0.,1.));
#7112=DIRECTION('',(1.,0.,0.));
#7113=DIRECTION('',(0.,0.,1.));
#7114=DIRECTION('',(0.642787609686548,0.766044443118971,0.));
#7115=DIRECTION('',(0.,0.,1.));
#7116=DIRECTION('',(0.,0.,1.));
#7117=DIRECTION('',(0.642787609686548,0.766044443118971,0.));
#7118=DIRECTION('',(0.,0.,1.));
#7119=DIRECTION('',(1.,0.,0.));
#7120=DIRECTION('',(0.,0.,1.));
#7121=DIRECTION('',(0.642787609686548,0.766044443118971,0.));
#7122=DIRECTION('',(0.,0.,1.));
#7123=DIRECTION('',(0.642787609686548,0.766044443118971,0.));
#7124=DIRECTION('',(0.,0.,1.));
#7125=DIRECTION('',(0.,0.,1.));
#7126=DIRECTION('',(1.,0.,0.));
#7127=DIRECTION('',(0.,0.,-1.));
#7128=DIRECTION('',(0.866025403784447,0.499999999999986,0.));
#7129=DIRECTION('',(0.,0.,1.));
#7130=DIRECTION('',(0.,0.,-1.));
#7131=DIRECTION('',(0.866025403784447,0.499999999999986,0.));
#7132=DIRECTION('',(0.,0.,1.));
#7133=DIRECTION('',(0.,0.,1.));
#7134=DIRECTION('',(1.,0.,0.));
#7135=DIRECTION('',(0.,0.,-1.));
#7136=DIRECTION('',(0.866025403784447,0.499999999999986,0.));
#7137=DIRECTION('',(0.,0.,1.));
#7138=DIRECTION('',(0.,0.,-1.));
#7139=DIRECTION('',(0.866025403784447,0.499999999999986,0.));
#7140=DIRECTION('',(0.,0.,1.));
#7141=DIRECTION('',(0.,0.,1.));
#7142=DIRECTION('',(1.,0.,0.));
#7143=DIRECTION('',(0.,0.,1.));
#7144=DIRECTION('',(0.866025403784445,0.49999999999999,0.));
#7145=DIRECTION('',(0.,0.,1.));
#7146=DIRECTION('',(0.,0.,1.));
#7147=DIRECTION('',(0.866025403784445,0.49999999999999,0.));
#7148=DIRECTION('',(0.,0.,1.));
#7149=DIRECTION('',(1.,0.,0.));
#7150=DIRECTION('',(0.,0.,1.));
#7151=DIRECTION('',(0.866025403784445,0.499999999999988,0.));
#7152=DIRECTION('',(0.,0.,1.));
#7153=DIRECTION('',(0.866025403784445,0.499999999999988,0.));
#7154=DIRECTION('',(0.,0.,1.));
#7155=DIRECTION('',(0.,0.,1.));
#7156=DIRECTION('',(1.,0.,0.));
#7157=DIRECTION('',(0.,0.,-1.));
#7158=DIRECTION('',(0.98480775301221,0.173648177666922,0.));
#7159=DIRECTION('',(0.,0.,1.));
#7160=DIRECTION('',(0.,0.,-1.));
#7161=DIRECTION('',(0.98480775301221,0.173648177666922,0.));
#7162=DIRECTION('',(0.,0.,1.));
#7163=DIRECTION('',(0.,0.,1.));
#7164=DIRECTION('',(1.,0.,0.));
#7165=DIRECTION('',(0.,0.,-1.));
#7166=DIRECTION('',(0.98480775301221,0.173648177666922,0.));
#7167=DIRECTION('',(0.,0.,1.));
#7168=DIRECTION('',(0.,0.,-1.));
#7169=DIRECTION('',(0.98480775301221,0.173648177666922,0.));
#7170=DIRECTION('',(0.,0.,1.));
#7171=DIRECTION('',(0.,0.,1.));
#7172=DIRECTION('',(1.,0.,0.));
#7173=DIRECTION('',(0.,0.,1.));
#7174=DIRECTION('',(0.98480775301221,0.173648177666918,0.));
#7175=DIRECTION('',(0.,0.,1.));
#7176=DIRECTION('',(0.,0.,1.));
#7177=DIRECTION('',(0.98480775301221,0.173648177666918,0.));
#7178=DIRECTION('',(0.,0.,1.));
#7179=DIRECTION('',(1.,0.,0.));
#7180=DIRECTION('',(0.,0.,1.));
#7181=DIRECTION('',(0.984807753012211,0.173648177666916,0.));
#7182=DIRECTION('',(0.,0.,1.));
#7183=DIRECTION('',(0.,0.,1.));
#7184=DIRECTION('',(0.984807753012211,0.173648177666916,0.));
#7185=DIRECTION('',(0.,0.,1.));
#7186=DIRECTION('',(1.,0.,0.));
#7187=DIRECTION('',(0.,0.,-1.));
#7188=DIRECTION('',(0.939692620785914,0.342020143325654,0.));
#7189=DIRECTION('',(0.,0.,1.));
#7190=DIRECTION('',(0.,0.,-1.));
#7191=DIRECTION('',(0.939692620785914,0.342020143325654,0.));
#7192=DIRECTION('',(0.,0.,1.));
#7193=DIRECTION('',(0.,0.,1.));
#7194=DIRECTION('',(1.,0.,0.));
#7195=DIRECTION('',(0.,0.,-1.));
#7196=DIRECTION('',(0.939692620785914,0.342020143325654,0.));
#7197=DIRECTION('',(0.,0.,1.));
#7198=DIRECTION('',(0.,0.,-1.));
#7199=DIRECTION('',(0.939692620785914,0.342020143325654,0.));
#7200=DIRECTION('',(0.,0.,1.));
#7201=DIRECTION('',(0.,0.,1.));
#7202=DIRECTION('',(1.,0.,0.));
#7203=DIRECTION('',(0.,0.,1.));
#7204=DIRECTION('',(0.939692620785913,0.342020143325657,0.));
#7205=DIRECTION('',(0.,0.,1.));
#7206=DIRECTION('',(0.,0.,1.));
#7207=DIRECTION('',(0.939692620785913,0.342020143325657,0.));
#7208=DIRECTION('',(0.,0.,1.));
#7209=DIRECTION('',(1.,0.,0.));
#7210=DIRECTION('',(0.,0.,1.));
#7211=DIRECTION('',(0.939692620785912,0.342020143325658,0.));
#7212=DIRECTION('',(0.,0.,1.));
#7213=DIRECTION('',(0.,0.,1.));
#7214=DIRECTION('',(0.939692620785912,0.342020143325658,0.));
#7215=DIRECTION('',(0.,0.,1.));
#7216=DIRECTION('',(1.,0.,0.));
#7217=DIRECTION('',(0.,0.,-1.));
#7218=DIRECTION('',(0.766044443118987,0.642787609686529,0.));
#7219=DIRECTION('',(0.,0.,1.));
#7220=DIRECTION('',(0.,0.,-1.));
#7221=DIRECTION('',(0.766044443118987,0.642787609686529,0.));
#7222=DIRECTION('',(0.,0.,1.));
#7223=DIRECTION('',(0.,0.,1.));
#7224=DIRECTION('',(1.,0.,0.));
#7225=DIRECTION('',(0.,0.,-1.));
#7226=DIRECTION('',(0.766044443118987,0.642787609686529,0.));
#7227=DIRECTION('',(0.,0.,1.));
#7228=DIRECTION('',(0.,0.,-1.));
#7229=DIRECTION('',(0.766044443118987,0.642787609686529,0.));
#7230=DIRECTION('',(0.,0.,1.));
#7231=DIRECTION('',(0.,0.,1.));
#7232=DIRECTION('',(1.,0.,0.));
#7233=DIRECTION('',(0.,0.,1.));
#7234=DIRECTION('',(0.766044443118986,0.642787609686531,0.));
#7235=DIRECTION('',(0.,0.,1.));
#7236=DIRECTION('',(0.766044443118986,0.642787609686531,0.));
#7237=DIRECTION('',(0.,0.,1.));
#7238=DIRECTION('',(0.,0.,1.));
#7239=DIRECTION('',(1.,0.,0.));
#7240=DIRECTION('',(0.,0.,1.));
#7241=DIRECTION('',(0.766044443118986,0.642787609686531,0.));
#7242=DIRECTION('',(0.,0.,1.));
#7243=DIRECTION('',(0.,0.,1.));
#7244=DIRECTION('',(0.766044443118986,0.642787609686531,0.));
#7245=DIRECTION('',(0.,0.,1.));
#7246=DIRECTION('',(1.,0.,0.));
#7247=DIRECTION('',(0.,0.,-1.));
#7248=DIRECTION('',(0.500000000000009,0.866025403784434,0.));
#7249=DIRECTION('',(0.,0.,1.));
#7250=DIRECTION('',(0.,0.,-1.));
#7251=DIRECTION('',(0.500000000000009,0.866025403784434,0.));
#7252=DIRECTION('',(0.,0.,1.));
#7253=DIRECTION('',(0.,0.,1.));
#7254=DIRECTION('',(1.,0.,0.));
#7255=DIRECTION('',(0.,0.,-1.));
#7256=DIRECTION('',(0.500000000000009,0.866025403784434,0.));
#7257=DIRECTION('',(0.,0.,1.));
#7258=DIRECTION('',(0.,0.,-1.));
#7259=DIRECTION('',(0.500000000000009,0.866025403784434,0.));
#7260=DIRECTION('',(0.,0.,1.));
#7261=DIRECTION('',(0.,0.,1.));
#7262=DIRECTION('',(1.,0.,0.));
#7263=DIRECTION('',(0.,0.,1.));
#7264=DIRECTION('',(0.500000000000011,0.866025403784432,0.));
#7265=DIRECTION('',(0.,0.,1.));
#7266=DIRECTION('',(0.500000000000011,0.866025403784432,0.));
#7267=DIRECTION('',(0.,0.,1.));
#7268=DIRECTION('',(0.,0.,1.));
#7269=DIRECTION('',(1.,0.,0.));
#7270=DIRECTION('',(0.,0.,1.));
#7271=DIRECTION('',(0.500000000000011,0.866025403784433,0.));
#7272=DIRECTION('',(0.,0.,1.));
#7273=DIRECTION('',(0.,0.,1.));
#7274=DIRECTION('',(0.500000000000011,0.866025403784433,0.));
#7275=DIRECTION('',(0.,0.,1.));
#7276=DIRECTION('',(1.,0.,0.));
#7277=DIRECTION('',(0.,0.,-1.));
#7278=DIRECTION('',(0.173648177666945,0.984807753012206,0.));
#7279=DIRECTION('',(0.,0.,1.));
#7280=DIRECTION('',(0.,0.,-1.));
#7281=DIRECTION('',(0.173648177666945,0.984807753012206,0.));
#7282=DIRECTION('',(0.,0.,1.));
#7283=DIRECTION('',(0.,0.,1.));
#7284=DIRECTION('',(1.,0.,0.));
#7285=DIRECTION('',(0.,0.,-1.));
#7286=DIRECTION('',(0.173648177666945,0.984807753012206,0.));
#7287=DIRECTION('',(0.,0.,1.));
#7288=DIRECTION('',(0.,0.,-1.));
#7289=DIRECTION('',(0.173648177666945,0.984807753012206,0.));
#7290=DIRECTION('',(0.,0.,1.));
#7291=DIRECTION('',(0.,0.,1.));
#7292=DIRECTION('',(1.,0.,0.));
#7293=DIRECTION('',(0.,0.,1.));
#7294=DIRECTION('',(0.173648177666941,0.984807753012206,0.));
#7295=DIRECTION('',(0.,0.,1.));
#7296=DIRECTION('',(0.173648177666941,0.984807753012206,0.));
#7297=DIRECTION('',(0.,0.,1.));
#7298=DIRECTION('',(0.,0.,1.));
#7299=DIRECTION('',(1.,0.,0.));
#7300=DIRECTION('',(0.,0.,1.));
#7301=DIRECTION('',(0.173648177666941,0.984807753012206,0.));
#7302=DIRECTION('',(0.,0.,1.));
#7303=DIRECTION('',(0.,0.,1.));
#7304=DIRECTION('',(0.173648177666941,0.984807753012206,0.));
#7305=DIRECTION('',(0.,0.,1.));
#7306=DIRECTION('',(1.,0.,0.));
#7307=DIRECTION('',(0.,0.,-1.));
#7308=DIRECTION('',(-0.173648177666922,0.98480775301221,0.));
#7309=DIRECTION('',(0.,0.,1.));
#7310=DIRECTION('',(0.,0.,-1.));
#7311=DIRECTION('',(-0.173648177666922,0.98480775301221,0.));
#7312=DIRECTION('',(0.,0.,1.));
#7313=DIRECTION('',(0.,0.,1.));
#7314=DIRECTION('',(1.,0.,0.));
#7315=DIRECTION('',(0.,0.,-1.));
#7316=DIRECTION('',(-0.173648177666922,0.98480775301221,0.));
#7317=DIRECTION('',(0.,0.,1.));
#7318=DIRECTION('',(0.,0.,-1.));
#7319=DIRECTION('',(-0.173648177666922,0.98480775301221,0.));
#7320=DIRECTION('',(0.,0.,1.));
#7321=DIRECTION('',(0.,0.,1.));
#7322=DIRECTION('',(1.,0.,0.));
#7323=DIRECTION('',(0.,0.,1.));
#7324=DIRECTION('',(-0.173648177666922,0.98480775301221,0.));
#7325=DIRECTION('',(0.,0.,1.));
#7326=DIRECTION('',(-0.173648177666922,0.98480775301221,0.));
#7327=DIRECTION('',(0.,0.,1.));
#7328=DIRECTION('',(0.,0.,1.));
#7329=DIRECTION('',(1.,0.,0.));
#7330=DIRECTION('',(0.,0.,1.));
#7331=DIRECTION('',(-0.173648177666921,0.98480775301221,0.));
#7332=DIRECTION('',(0.,0.,1.));
#7333=DIRECTION('',(0.,0.,1.));
#7334=DIRECTION('',(-0.173648177666921,0.98480775301221,0.));
#7335=DIRECTION('',(0.,0.,1.));
#7336=DIRECTION('',(1.,0.,0.));
#7337=DIRECTION('',(0.,0.,-1.));
#7338=DIRECTION('',(-0.5,0.866025403784442,0.));
#7339=DIRECTION('',(0.,0.,1.));
#7340=DIRECTION('',(0.,0.,-1.));
#7341=DIRECTION('',(-0.5,0.866025403784442,0.));
#7342=DIRECTION('',(0.,0.,1.));
#7343=DIRECTION('',(0.,0.,1.));
#7344=DIRECTION('',(1.,0.,0.));
#7345=DIRECTION('',(0.,0.,-1.));
#7346=DIRECTION('',(-0.5,0.86602540378444,0.));
#7347=DIRECTION('',(0.,0.,1.));
#7348=DIRECTION('',(0.,0.,-1.));
#7349=DIRECTION('',(-0.5,0.86602540378444,0.));
#7350=DIRECTION('',(0.,0.,1.));
#7351=DIRECTION('',(0.,0.,1.));
#7352=DIRECTION('',(1.,0.,0.));
#7353=DIRECTION('',(0.,0.,1.));
#7354=DIRECTION('',(-0.499999999999992,0.866025403784443,0.));
#7355=DIRECTION('',(0.,0.,1.));
#7356=DIRECTION('',(-0.499999999999992,0.866025403784443,0.));
#7357=DIRECTION('',(0.,0.,1.));
#7358=DIRECTION('',(0.,0.,1.));
#7359=DIRECTION('',(1.,0.,0.));
#7360=DIRECTION('',(0.,0.,1.));
#7361=DIRECTION('',(-0.499999999999992,0.866025403784444,0.));
#7362=DIRECTION('',(0.,0.,1.));
#7363=DIRECTION('',(0.,0.,1.));
#7364=DIRECTION('',(-0.499999999999992,0.866025403784444,0.));
#7365=DIRECTION('',(0.,0.,1.));
#7366=DIRECTION('',(1.,0.,0.));
#7367=DIRECTION('',(0.,0.,-1.));
#7368=DIRECTION('',(-0.766044443118977,0.642787609686541,0.));
#7369=DIRECTION('',(0.,0.,1.));
#7370=DIRECTION('',(0.,0.,-1.));
#7371=DIRECTION('',(-0.766044443118977,0.642787609686541,0.));
#7372=DIRECTION('',(0.,0.,1.));
#7373=DIRECTION('',(0.,0.,1.));
#7374=DIRECTION('',(1.,0.,0.));
#7375=DIRECTION('',(0.,0.,-1.));
#7376=DIRECTION('',(-0.766044443118974,0.642787609686544,0.));
#7377=DIRECTION('',(0.,0.,1.));
#7378=DIRECTION('',(0.,0.,-1.));
#7379=DIRECTION('',(-0.766044443118974,0.642787609686544,0.));
#7380=DIRECTION('',(0.,0.,1.));
#7381=DIRECTION('',(0.,0.,1.));
#7382=DIRECTION('',(1.,0.,0.));
#7383=DIRECTION('',(0.,0.,1.));
#7384=DIRECTION('',(-0.766044443118973,0.642787609686545,0.));
#7385=DIRECTION('',(0.,0.,1.));
#7386=DIRECTION('',(-0.766044443118973,0.642787609686545,0.));
#7387=DIRECTION('',(0.,0.,1.));
#7388=DIRECTION('',(0.,0.,1.));
#7389=DIRECTION('',(1.,0.,0.));
#7390=DIRECTION('',(0.,0.,1.));
#7391=DIRECTION('',(-0.766044443118973,0.642787609686545,0.));
#7392=DIRECTION('',(0.,0.,1.));
#7393=DIRECTION('',(0.,0.,1.));
#7394=DIRECTION('',(-0.766044443118973,0.642787609686545,0.));
#7395=DIRECTION('',(0.,0.,1.));
#7396=DIRECTION('',(1.,0.,0.));
#7397=DIRECTION('',(0.,0.,-1.));
#7398=DIRECTION('',(-0.939692620785906,0.342020143325676,0.));
#7399=DIRECTION('',(0.,0.,1.));
#7400=DIRECTION('',(0.,0.,-1.));
#7401=DIRECTION('',(-0.939692620785906,0.342020143325676,0.));
#7402=DIRECTION('',(0.,0.,1.));
#7403=DIRECTION('',(0.,0.,1.));
#7404=DIRECTION('',(1.,0.,0.));
#7405=DIRECTION('',(0.,0.,-1.));
#7406=DIRECTION('',(-0.939692620785905,0.342020143325677,0.));
#7407=DIRECTION('',(0.,0.,1.));
#7408=DIRECTION('',(0.,0.,-1.));
#7409=DIRECTION('',(-0.939692620785905,0.342020143325677,0.));
#7410=DIRECTION('',(0.,0.,1.));
#7411=DIRECTION('',(0.,0.,1.));
#7412=DIRECTION('',(1.,0.,0.));
#7413=DIRECTION('',(0.,0.,1.));
#7414=DIRECTION('',(-0.939692620785906,0.342020143325676,0.));
#7415=DIRECTION('',(0.,0.,1.));
#7416=DIRECTION('',(-0.939692620785906,0.342020143325676,0.));
#7417=DIRECTION('',(0.,0.,1.));
#7418=DIRECTION('',(0.,0.,1.));
#7419=DIRECTION('',(1.,0.,0.));
#7420=DIRECTION('',(0.,0.,1.));
#7421=DIRECTION('',(-0.939692620785905,0.342020143325677,0.));
#7422=DIRECTION('',(0.,0.,1.));
#7423=DIRECTION('',(-0.939692620785905,0.342020143325677,0.));
#7424=DIRECTION('',(0.,0.,1.));
#7425=DIRECTION('',(0.,0.,1.));
#7426=DIRECTION('',(1.,0.,0.));
#7427=DIRECTION('',(0.,0.,-1.));
#7428=DIRECTION('',(-1.,0.,0.));
#7429=DIRECTION('',(0.,0.,1.));
#7430=DIRECTION('',(0.,0.,-1.));
#7431=DIRECTION('',(-1.,0.,0.));
#7432=DIRECTION('',(0.,0.,1.));
#7433=DIRECTION('',(0.,0.,1.));
#7434=DIRECTION('',(1.,0.,0.));
#7435=DIRECTION('',(0.,0.,-1.));
#7436=DIRECTION('',(-1.,0.,0.));
#7437=DIRECTION('',(0.,0.,1.));
#7438=DIRECTION('',(0.,0.,-1.));
#7439=DIRECTION('',(-1.,0.,0.));
#7440=DIRECTION('',(0.,0.,1.));
#7441=DIRECTION('',(0.,0.,1.));
#7442=DIRECTION('',(1.,0.,0.));
#7443=DIRECTION('',(0.,0.,1.));
#7444=DIRECTION('',(-1.,0.,0.));
#7445=DIRECTION('',(0.,0.,1.));
#7446=DIRECTION('',(-1.,0.,0.));
#7447=DIRECTION('',(0.,0.,1.));
#7448=DIRECTION('',(0.,0.,1.));
#7449=DIRECTION('',(1.,0.,0.));
#7450=DIRECTION('',(0.,0.,1.));
#7451=DIRECTION('',(-1.,0.,0.));
#7452=DIRECTION('',(0.,0.,1.));
#7453=DIRECTION('',(0.,0.,1.));
#7454=DIRECTION('',(-1.,0.,0.));
#7455=DIRECTION('',(0.,0.,1.));
#7456=DIRECTION('',(1.,0.,0.));
#7457=DIRECTION('',(0.,0.,1.));
#7458=DIRECTION('',(-1.,0.,0.));
#7459=DIRECTION('',(0.,0.,1.));
#7460=DIRECTION('',(-1.,0.,0.));
#7461=DIRECTION('',(0.,0.,1.));
#7462=DIRECTION('',(1.,0.,0.));
#7463=DIRECTION('',(0.,0.,-1.));
#7464=DIRECTION('',(-0.93969262078591,-0.342020143325665,0.));
#7465=DIRECTION('',(0.,0.,1.));
#7466=DIRECTION('',(0.,0.,-1.));
#7467=DIRECTION('',(-0.93969262078591,-0.342020143325665,0.));
#7468=DIRECTION('',(0.,0.,1.));
#7469=DIRECTION('',(0.,0.,1.));
#7470=DIRECTION('',(1.,0.,0.));
#7471=DIRECTION('',(0.,0.,1.));
#7472=DIRECTION('',(-0.939692620785911,-0.342020143325662,0.));
#7473=DIRECTION('',(0.,0.,1.));
#7474=DIRECTION('',(0.,0.,1.));
#7475=DIRECTION('',(-0.939692620785911,-0.342020143325662,0.));
#7476=DIRECTION('',(0.,0.,1.));
#7477=DIRECTION('',(0.,0.,1.));
#7478=DIRECTION('',(1.,0.,0.));
#7479=DIRECTION('',(0.,0.,1.));
#7480=DIRECTION('',(-0.93969262078591,-0.342020143325663,0.));
#7481=DIRECTION('',(0.,0.,1.));
#7482=DIRECTION('',(0.,0.,1.));
#7483=DIRECTION('',(-0.93969262078591,-0.342020143325663,0.));
#7484=DIRECTION('',(0.,0.,1.));
#7485=DIRECTION('',(1.,0.,0.));
#7486=DIRECTION('',(0.,0.,1.));
#7487=DIRECTION('',(-0.93969262078591,-0.342020143325664,0.));
#7488=DIRECTION('',(0.,0.,1.));
#7489=DIRECTION('',(-0.93969262078591,-0.342020143325664,0.));
#7490=DIRECTION('',(0.,0.,1.));
#7491=DIRECTION('',(1.,0.,0.));
#7492=DIRECTION('',(0.,0.,-1.));
#7493=DIRECTION('',(-0.766044443118979,-0.642787609686539,0.));
#7494=DIRECTION('',(0.,0.,1.));
#7495=DIRECTION('',(0.,0.,-1.));
#7496=DIRECTION('',(-0.766044443118979,-0.642787609686539,0.));
#7497=DIRECTION('',(0.,0.,1.));
#7498=DIRECTION('',(0.,0.,1.));
#7499=DIRECTION('',(1.,0.,0.));
#7500=DIRECTION('',(0.,0.,1.));
#7501=DIRECTION('',(-0.766044443118982,-0.642787609686535,0.));
#7502=DIRECTION('',(0.,0.,1.));
#7503=DIRECTION('',(0.,0.,1.));
#7504=DIRECTION('',(-0.766044443118982,-0.642787609686535,0.));
#7505=DIRECTION('',(0.,0.,1.));
#7506=DIRECTION('',(0.,0.,1.));
#7507=DIRECTION('',(1.,0.,0.));
#7508=DIRECTION('',(0.,0.,1.));
#7509=DIRECTION('',(-0.766044443118981,-0.642787609686536,0.));
#7510=DIRECTION('',(0.,0.,1.));
#7511=DIRECTION('',(0.,0.,1.));
#7512=DIRECTION('',(-0.766044443118981,-0.642787609686536,0.));
#7513=DIRECTION('',(0.,0.,1.));
#7514=DIRECTION('',(1.,0.,0.));
#7515=DIRECTION('',(0.,0.,1.));
#7516=DIRECTION('',(-0.766044443118982,-0.642787609686535,0.));
#7517=DIRECTION('',(0.,0.,1.));
#7518=DIRECTION('',(-0.766044443118982,-0.642787609686535,0.));
#7519=DIRECTION('',(0.,0.,1.));
#7520=DIRECTION('',(1.,0.,0.));
#7521=DIRECTION('',(0.,0.,-1.));
#7522=DIRECTION('',(-0.500000000000009,-0.866025403784434,0.));
#7523=DIRECTION('',(0.,0.,1.));
#7524=DIRECTION('',(0.,0.,-1.));
#7525=DIRECTION('',(-0.500000000000009,-0.866025403784434,0.));
#7526=DIRECTION('',(0.,0.,1.));
#7527=DIRECTION('',(0.,0.,1.));
#7528=DIRECTION('',(1.,0.,0.));
#7529=DIRECTION('',(0.,0.,1.));
#7530=DIRECTION('',(-0.5,-0.866025403784437,0.));
#7531=DIRECTION('',(0.,0.,1.));
#7532=DIRECTION('',(0.,0.,1.));
#7533=DIRECTION('',(-0.5,-0.866025403784437,0.));
#7534=DIRECTION('',(0.,0.,1.));
#7535=DIRECTION('',(0.,0.,1.));
#7536=DIRECTION('',(1.,0.,0.));
#7537=DIRECTION('',(0.,0.,1.));
#7538=DIRECTION('',(-0.5,-0.866025403784437,0.));
#7539=DIRECTION('',(0.,0.,1.));
#7540=DIRECTION('',(0.,0.,1.));
#7541=DIRECTION('',(-0.5,-0.866025403784437,0.));
#7542=DIRECTION('',(0.,0.,1.));
#7543=DIRECTION('',(1.,0.,0.));
#7544=DIRECTION('',(0.,0.,1.));
#7545=DIRECTION('',(-0.5,-0.866025403784436,0.));
#7546=DIRECTION('',(0.,0.,1.));
#7547=DIRECTION('',(-0.5,-0.866025403784436,0.));
#7548=DIRECTION('',(0.,0.,1.));
#7549=DIRECTION('',(1.,0.,0.));
#7550=DIRECTION('',(0.,0.,-1.));
#7551=DIRECTION('',(-0.173648177666933,-0.984807753012208,0.));
#7552=DIRECTION('',(0.,0.,1.));
#7553=DIRECTION('',(0.,0.,-1.));
#7554=DIRECTION('',(-0.173648177666933,-0.984807753012208,0.));
#7555=DIRECTION('',(0.,0.,1.));
#7556=DIRECTION('',(0.,0.,1.));
#7557=DIRECTION('',(1.,0.,0.));
#7558=DIRECTION('',(0.,0.,1.));
#7559=DIRECTION('',(-0.173648177666933,-0.984807753012208,0.));
#7560=DIRECTION('',(0.,0.,1.));
#7561=DIRECTION('',(0.,0.,1.));
#7562=DIRECTION('',(-0.173648177666933,-0.984807753012208,0.));
#7563=DIRECTION('',(0.,0.,1.));
#7564=DIRECTION('',(0.,0.,1.));
#7565=DIRECTION('',(1.,0.,0.));
#7566=DIRECTION('',(0.,0.,1.));
#7567=DIRECTION('',(-0.173648177666933,-0.984807753012208,0.));
#7568=DIRECTION('',(0.,0.,1.));
#7569=DIRECTION('',(0.,0.,1.));
#7570=DIRECTION('',(-0.173648177666933,-0.984807753012208,0.));
#7571=DIRECTION('',(0.,0.,1.));
#7572=DIRECTION('',(1.,0.,0.));
#7573=DIRECTION('',(0.,0.,1.));
#7574=DIRECTION('',(-0.173648177666935,-0.984807753012207,0.));
#7575=DIRECTION('',(0.,0.,1.));
#7576=DIRECTION('',(-0.173648177666935,-0.984807753012207,0.));
#7577=DIRECTION('',(0.,0.,1.));
#7578=DIRECTION('',(1.,0.,0.));
#7579=DIRECTION('',(0.,0.,-1.));
#7580=DIRECTION('',(0.173648177666933,-0.984807753012208,0.));
#7581=DIRECTION('',(0.,0.,1.));
#7582=DIRECTION('',(0.,0.,-1.));
#7583=DIRECTION('',(0.173648177666933,-0.984807753012208,0.));
#7584=DIRECTION('',(0.,0.,1.));
#7585=DIRECTION('',(0.,0.,1.));
#7586=DIRECTION('',(1.,0.,0.));
#7587=DIRECTION('',(0.,0.,1.));
#7588=DIRECTION('',(0.173648177666927,-0.984807753012209,0.));
#7589=DIRECTION('',(0.,0.,1.));
#7590=DIRECTION('',(0.173648177666927,-0.984807753012209,0.));
#7591=DIRECTION('',(0.,0.,1.));
#7592=DIRECTION('',(0.,0.,1.));
#7593=DIRECTION('',(1.,0.,0.));
#7594=DIRECTION('',(0.,0.,1.));
#7595=DIRECTION('',(0.173648177666928,-0.984807753012208,0.));
#7596=DIRECTION('',(0.,0.,1.));
#7597=DIRECTION('',(0.,0.,1.));
#7598=DIRECTION('',(0.173648177666928,-0.984807753012208,0.));
#7599=DIRECTION('',(0.,0.,1.));
#7600=DIRECTION('',(0.,0.,1.));
#7601=DIRECTION('',(1.,0.,0.));
#7602=DIRECTION('',(0.,0.,1.));
#7603=DIRECTION('',(0.173648177666928,-0.984807753012208,0.));
#7604=DIRECTION('',(0.,0.,1.));
#7605=DIRECTION('',(0.173648177666928,-0.984807753012208,0.));
#7606=DIRECTION('',(0.,0.,1.));
#7607=DIRECTION('',(1.,0.,0.));
#7608=DIRECTION('',(0.,0.,-1.));
#7609=DIRECTION('',(0.5,-0.86602540378444,0.));
#7610=DIRECTION('',(0.,0.,1.));
#7611=DIRECTION('',(0.,0.,-1.));
#7612=DIRECTION('',(0.5,-0.86602540378444,0.));
#7613=DIRECTION('',(0.,0.,1.));
#7614=DIRECTION('',(0.,0.,1.));
#7615=DIRECTION('',(1.,0.,0.));
#7616=DIRECTION('',(0.,0.,1.));
#7617=DIRECTION('',(0.5,-0.86602540378444,0.));
#7618=DIRECTION('',(0.,0.,1.));
#7619=DIRECTION('',(0.5,-0.86602540378444,0.));
#7620=DIRECTION('',(0.,0.,1.));
#7621=DIRECTION('',(0.,0.,1.));
#7622=DIRECTION('',(1.,0.,0.));
#7623=DIRECTION('',(0.,0.,1.));
#7624=DIRECTION('',(0.5,-0.86602540378444,0.));
#7625=DIRECTION('',(0.,0.,1.));
#7626=DIRECTION('',(0.,0.,1.));
#7627=DIRECTION('',(0.5,-0.86602540378444,0.));
#7628=DIRECTION('',(0.,0.,1.));
#7629=DIRECTION('',(0.,0.,1.));
#7630=DIRECTION('',(1.,0.,0.));
#7631=DIRECTION('',(0.,0.,1.));
#7632=DIRECTION('',(0.5,-0.86602540378444,0.));
#7633=DIRECTION('',(0.,0.,1.));
#7634=DIRECTION('',(0.5,-0.86602540378444,0.));
#7635=DIRECTION('',(0.,0.,1.));
#7636=DIRECTION('',(1.,0.,0.));
#7637=DIRECTION('',(0.,0.,-1.));
#7638=DIRECTION('',(0.766044443118977,-0.642787609686541,0.));
#7639=DIRECTION('',(0.,0.,1.));
#7640=DIRECTION('',(0.,0.,-1.));
#7641=DIRECTION('',(0.766044443118977,-0.642787609686541,0.));
#7642=DIRECTION('',(0.,0.,1.));
#7643=DIRECTION('',(0.,0.,1.));
#7644=DIRECTION('',(1.,0.,0.));
#7645=DIRECTION('',(0.,0.,1.));
#7646=DIRECTION('',(0.766044443118977,-0.642787609686541,0.));
#7647=DIRECTION('',(0.,0.,1.));
#7648=DIRECTION('',(0.766044443118977,-0.642787609686541,0.));
#7649=DIRECTION('',(0.,0.,1.));
#7650=DIRECTION('',(0.,0.,1.));
#7651=DIRECTION('',(1.,0.,0.));
#7652=DIRECTION('',(0.,0.,1.));
#7653=DIRECTION('',(0.766044443118977,-0.64278760968654,0.));
#7654=DIRECTION('',(0.,0.,1.));
#7655=DIRECTION('',(0.,0.,1.));
#7656=DIRECTION('',(0.766044443118977,-0.64278760968654,0.));
#7657=DIRECTION('',(0.,0.,1.));
#7658=DIRECTION('',(0.,0.,1.));
#7659=DIRECTION('',(1.,0.,0.));
#7660=DIRECTION('',(0.,0.,1.));
#7661=DIRECTION('',(0.766044443118977,-0.642787609686541,0.));
#7662=DIRECTION('',(0.,0.,1.));
#7663=DIRECTION('',(0.766044443118977,-0.642787609686541,0.));
#7664=DIRECTION('',(0.,0.,1.));
#7665=DIRECTION('',(1.,0.,0.));
#7666=DIRECTION('',(0.,0.,-1.));
#7667=DIRECTION('',(0.93969262078591,-0.342020143325665,0.));
#7668=DIRECTION('',(0.,0.,1.));
#7669=DIRECTION('',(0.,0.,-1.));
#7670=DIRECTION('',(0.93969262078591,-0.342020143325665,0.));
#7671=DIRECTION('',(0.,0.,1.));
#7672=DIRECTION('',(0.,0.,1.));
#7673=DIRECTION('',(1.,0.,0.));
#7674=DIRECTION('',(0.,0.,1.));
#7675=DIRECTION('',(0.939692620785908,-0.342020143325669,0.));
#7676=DIRECTION('',(0.,0.,1.));
#7677=DIRECTION('',(0.939692620785908,-0.342020143325669,0.));
#7678=DIRECTION('',(0.,0.,1.));
#7679=DIRECTION('',(0.,0.,1.));
#7680=DIRECTION('',(1.,0.,0.));
#7681=DIRECTION('',(0.,0.,1.));
#7682=DIRECTION('',(0.939692620785908,-0.342020143325669,0.));
#7683=DIRECTION('',(0.,0.,1.));
#7684=DIRECTION('',(0.,0.,1.));
#7685=DIRECTION('',(0.939692620785908,-0.342020143325669,0.));
#7686=DIRECTION('',(0.,0.,1.));
#7687=DIRECTION('',(0.,0.,1.));
#7688=DIRECTION('',(1.,0.,0.));
#7689=DIRECTION('',(0.,0.,1.));
#7690=DIRECTION('',(0.939692620785908,-0.34202014332567,0.));
#7691=DIRECTION('',(0.,0.,1.));
#7692=DIRECTION('',(0.939692620785908,-0.34202014332567,0.));
#7693=DIRECTION('',(0.,0.,1.));
#7694=DIRECTION('',(1.,0.,0.));
#7695=DIRECTION('',(0.,0.,-1.));
#7696=DIRECTION('',(1.,0.,0.));
#7697=DIRECTION('',(0.,0.,1.));
#7698=DIRECTION('',(0.,0.,-1.));
#7699=DIRECTION('',(1.,0.,0.));
#7700=DIRECTION('',(0.,0.,1.));
#7701=DIRECTION('',(0.,0.,1.));
#7702=DIRECTION('',(1.,0.,0.));
#7703=DIRECTION('',(0.,0.,1.));
#7704=DIRECTION('',(1.,0.,0.));
#7705=DIRECTION('',(0.,0.,1.));
#7706=DIRECTION('',(0.,0.,1.));
#7707=DIRECTION('',(1.,0.,0.));
#7708=DIRECTION('',(0.,0.,1.));
#7709=DIRECTION('',(1.,0.,0.));
#7710=DIRECTION('',(0.,0.,1.));
#7711=DIRECTION('',(1.,0.,0.));
#7712=DIRECTION('',(0.,0.,1.));
#7713=DIRECTION('',(0.,0.,1.));
#7714=DIRECTION('',(1.,0.,0.));
#7715=DIRECTION('',(0.,0.,1.));
#7716=DIRECTION('',(1.,0.,0.));
#7717=DIRECTION('',(0.,0.,1.));
#7718=DIRECTION('',(1.,0.,0.));
#7719=DIRECTION('',(0.,0.,1.));
#7720=DIRECTION('',(0.,0.,1.));
#7721=DIRECTION('',(1.,0.,0.));
#7722=DIRECTION('',(0.,0.,1.));
#7723=DIRECTION('',(1.,0.,0.));
#7724=DIRECTION('',(0.,0.,-1.));
#7725=DIRECTION('',(1.,0.,0.));
#7726=DIRECTION('',(0.,0.,1.));
#7727=DIRECTION('',(0.,0.,-1.));
#7728=DIRECTION('',(1.,0.,0.));
#7729=DIRECTION('',(0.,0.,-1.));
#7730=DIRECTION('',(-1.,0.,0.));
#7731=DIRECTION('',(0.,0.,-1.));
#7732=DIRECTION('',(-1.,0.,0.));
#7733=DIRECTION('',(0.,0.,1.));
#7734=DIRECTION('',(1.,0.,0.));
#7735=DIRECTION('',(0.,0.,1.));
#7736=DIRECTION('',(1.,0.,0.));
#7737=DIRECTION('',(0.,0.,1.));
#7738=DIRECTION('',(1.,0.,0.));
#7739=DIRECTION('',(0.,0.,1.));
#7740=DIRECTION('',(0.98480775301221,0.173648177666918,0.));
#7741=DIRECTION('',(0.,0.,1.));
#7742=DIRECTION('',(1.,0.,0.));
#7743=DIRECTION('',(0.,0.,1.));
#7744=DIRECTION('',(0.939692620785913,0.342020143325657,0.));
#7745=DIRECTION('',(0.,0.,1.));
#7746=DIRECTION('',(1.,0.,0.));
#7747=DIRECTION('',(0.,0.,1.));
#7748=DIRECTION('',(0.866025403784445,0.499999999999989,0.));
#7749=DIRECTION('',(0.,0.,1.));
#7750=DIRECTION('',(1.,0.,0.));
#7751=DIRECTION('',(0.,0.,1.));
#7752=DIRECTION('',(0.766044443118985,0.642787609686531,0.));
#7753=DIRECTION('',(0.,0.,1.));
#7754=DIRECTION('',(1.,0.,0.));
#7755=DIRECTION('',(0.,0.,1.));
#7756=DIRECTION('',(0.642787609686548,0.766044443118971,0.));
#7757=DIRECTION('',(0.,0.,1.));
#7758=DIRECTION('',(1.,0.,0.));
#7759=DIRECTION('',(0.,0.,1.));
#7760=DIRECTION('',(0.500000000000011,0.866025403784432,0.));
#7761=DIRECTION('',(0.,0.,1.));
#7762=DIRECTION('',(1.,0.,0.));
#7763=DIRECTION('',(0.,0.,1.));
#7764=DIRECTION('',(0.34202014332568,0.939692620785904,0.));
#7765=DIRECTION('',(0.,0.,1.));
#7766=DIRECTION('',(1.,0.,0.));
#7767=DIRECTION('',(0.,0.,1.));
#7768=DIRECTION('',(0.173648177666941,0.984807753012206,0.));
#7769=DIRECTION('',(0.,0.,1.));
#7770=DIRECTION('',(1.,0.,0.));
#7771=DIRECTION('',(0.,0.,1.));
#7772=DIRECTION('',(9.37688365392866E-15,1.,0.));
#7773=DIRECTION('',(0.,0.,1.));
#7774=DIRECTION('',(1.,0.,0.));
#7775=DIRECTION('',(0.,0.,1.));
#7776=DIRECTION('',(-0.173648177666919,0.98480775301221,0.));
#7777=DIRECTION('',(0.,0.,1.));
#7778=DIRECTION('',(1.,0.,0.));
#7779=DIRECTION('',(0.,0.,1.));
#7780=DIRECTION('',(-0.342020143325661,0.939692620785911,0.));
#7781=DIRECTION('',(0.,0.,1.));
#7782=DIRECTION('',(1.,0.,0.));
#7783=DIRECTION('',(0.,0.,1.));
#7784=DIRECTION('',(-0.499999999999992,0.866025403784443,0.));
#7785=DIRECTION('',(0.,0.,1.));
#7786=DIRECTION('',(1.,0.,0.));
#7787=DIRECTION('',(0.,0.,1.));
#7788=DIRECTION('',(-0.642787609686532,0.766044443118984,0.));
#7789=DIRECTION('',(0.,0.,1.));
#7790=DIRECTION('',(1.,0.,0.));
#7791=DIRECTION('',(0.,0.,1.));
#7792=DIRECTION('',(-0.766044443118973,0.642787609686546,0.));
#7793=DIRECTION('',(0.,0.,1.));
#7794=DIRECTION('',(1.,0.,0.));
#7795=DIRECTION('',(0.,0.,1.));
#7796=DIRECTION('',(-0.866025403784434,0.500000000000008,0.));
#7797=DIRECTION('',(0.,0.,1.));
#7798=DIRECTION('',(1.,0.,0.));
#7799=DIRECTION('',(0.,0.,1.));
#7800=DIRECTION('',(-0.939692620785906,0.342020143325676,0.));
#7801=DIRECTION('',(0.,0.,1.));
#7802=DIRECTION('',(1.,0.,0.));
#7803=DIRECTION('',(0.,0.,1.));
#7804=DIRECTION('',(-0.984807753012207,0.173648177666937,0.));
#7805=DIRECTION('',(0.,0.,1.));
#7806=DIRECTION('',(1.,0.,0.));
#7807=DIRECTION('',(0.,0.,1.));
#7808=DIRECTION('',(1.,0.,0.));
#7809=DIRECTION('',(0.,0.,-1.));
#7810=DIRECTION('',(-0.98480775301221,-0.173648177666922,0.));
#7811=DIRECTION('',(0.,0.,1.));
#7812=DIRECTION('',(1.,0.,0.));
#7813=DIRECTION('',(0.,0.,-1.));
#7814=DIRECTION('',(-0.93969262078591,-0.342020143325664,0.));
#7815=DIRECTION('',(0.,0.,1.));
#7816=DIRECTION('',(1.,0.,0.));
#7817=DIRECTION('',(0.,0.,-1.));
#7818=DIRECTION('',(-0.86602540378444,-0.5,0.));
#7819=DIRECTION('',(0.,0.,1.));
#7820=DIRECTION('',(1.,0.,0.));
#7821=DIRECTION('',(0.,0.,-1.));
#7822=DIRECTION('',(-0.766044443118979,-0.642787609686539,0.));
#7823=DIRECTION('',(0.,0.,1.));
#7824=DIRECTION('',(1.,0.,0.));
#7825=DIRECTION('',(0.,0.,-1.));
#7826=DIRECTION('',(-0.642787609686541,-0.766044443118977,0.));
#7827=DIRECTION('',(0.,0.,1.));
#7828=DIRECTION('',(1.,0.,0.));
#7829=DIRECTION('',(0.,0.,-1.));
#7830=DIRECTION('',(-0.500000000000006,-0.866025403784435,0.));
#7831=DIRECTION('',(0.,0.,1.));
#7832=DIRECTION('',(1.,0.,0.));
#7833=DIRECTION('',(0.,0.,-1.));
#7834=DIRECTION('',(-0.342020143325676,-0.939692620785906,0.));
#7835=DIRECTION('',(0.,0.,1.));
#7836=DIRECTION('',(1.,0.,0.));
#7837=DIRECTION('',(0.,0.,-1.));
#7838=DIRECTION('',(-0.173648177666933,-0.984807753012208,0.));
#7839=DIRECTION('',(0.,0.,1.));
#7840=DIRECTION('',(1.,0.,0.));
#7841=DIRECTION('',(0.,0.,-1.));
#7842=DIRECTION('',(0.,-1.,0.));
#7843=DIRECTION('',(0.,0.,-1.));
#7844=DIRECTION('',(0.,-1.,0.));
#7845=DIRECTION('',(0.,0.,1.));
#7846=DIRECTION('',(1.,0.,0.));
#7847=DIRECTION('',(0.,0.,-1.));
#7848=DIRECTION('',(0.173648177666922,-0.98480775301221,0.));
#7849=DIRECTION('',(0.,0.,1.));
#7850=DIRECTION('',(1.,0.,0.));
#7851=DIRECTION('',(0.,0.,-1.));
#7852=DIRECTION('',(0.342020143325665,-0.93969262078591,0.));
#7853=DIRECTION('',(0.,0.,1.));
#7854=DIRECTION('',(1.,0.,0.));
#7855=DIRECTION('',(0.,0.,-1.));
#7856=DIRECTION('',(0.5,-0.86602540378444,0.));
#7857=DIRECTION('',(0.,0.,1.));
#7858=DIRECTION('',(1.,0.,0.));
#7859=DIRECTION('',(0.,0.,-1.));
#7860=DIRECTION('',(0.642787609686539,-0.766044443118979,0.));
#7861=DIRECTION('',(0.,0.,1.));
#7862=DIRECTION('',(1.,0.,0.));
#7863=DIRECTION('',(0.,0.,-1.));
#7864=DIRECTION('',(0.766044443118977,-0.642787609686541,0.));
#7865=DIRECTION('',(0.,0.,1.));
#7866=DIRECTION('',(1.,0.,0.));
#7867=DIRECTION('',(0.,0.,-1.));
#7868=DIRECTION('',(0.86602540378444,-0.5,0.));
#7869=DIRECTION('',(0.,0.,1.));
#7870=DIRECTION('',(1.,0.,0.));
#7871=DIRECTION('',(0.,0.,-1.));
#7872=DIRECTION('',(0.93969262078591,-0.342020143325665,0.));
#7873=DIRECTION('',(0.,0.,1.));
#7874=DIRECTION('',(1.,0.,0.));
#7875=DIRECTION('',(0.,0.,-1.));
#7876=DIRECTION('',(0.984807753012208,-0.173648177666933,0.));
#7877=DIRECTION('',(0.,0.,1.));
#7878=DIRECTION('',(1.,0.,0.));
#7879=DIRECTION('',(0.,0.,1.));
#7880=DIRECTION('',(1.,0.,0.));
#7881=DIRECTION('',(0.,0.,1.));
#7882=DIRECTION('',(1.,0.,0.));
#7883=DIRECTION('',(0.,0.,-1.));
#7884=DIRECTION('',(-1.,0.,0.));
#7885=DIRECTION('',(0.,0.,1.));
#7886=DIRECTION('',(1.,0.,0.));
#7887=DIRECTION('',(0.,0.,1.));
#7888=DIRECTION('',(1.,0.,0.));
#7889=DIRECTION('',(0.,0.,-1.));
#7890=DIRECTION('',(0.984807753012208,-0.173648177666933,0.));
#7891=DIRECTION('',(0.,0.,1.));
#7892=DIRECTION('',(1.,0.,0.));
#7893=DIRECTION('',(0.,0.,-1.));
#7894=DIRECTION('',(0.93969262078591,-0.342020143325665,0.));
#7895=DIRECTION('',(0.,0.,1.));
#7896=DIRECTION('',(1.,0.,0.));
#7897=DIRECTION('',(0.,0.,-1.));
#7898=DIRECTION('',(0.86602540378444,-0.5,0.));
#7899=DIRECTION('',(0.,0.,1.));
#7900=DIRECTION('',(1.,0.,0.));
#7901=DIRECTION('',(0.,0.,-1.));
#7902=DIRECTION('',(0.766044443118977,-0.642787609686541,0.));
#7903=DIRECTION('',(0.,0.,1.));
#7904=DIRECTION('',(1.,0.,0.));
#7905=DIRECTION('',(0.,0.,-1.));
#7906=DIRECTION('',(0.642787609686539,-0.766044443118979,0.));
#7907=DIRECTION('',(0.,0.,1.));
#7908=DIRECTION('',(1.,0.,0.));
#7909=DIRECTION('',(0.,0.,-1.));
#7910=DIRECTION('',(0.5,-0.86602540378444,0.));
#7911=DIRECTION('',(0.,0.,1.));
#7912=DIRECTION('',(1.,0.,0.));
#7913=DIRECTION('',(0.,0.,-1.));
#7914=DIRECTION('',(0.342020143325665,-0.93969262078591,0.));
#7915=DIRECTION('',(0.,0.,1.));
#7916=DIRECTION('',(1.,0.,0.));
#7917=DIRECTION('',(0.,0.,-1.));
#7918=DIRECTION('',(0.173648177666922,-0.98480775301221,0.));
#7919=DIRECTION('',(0.,0.,1.));
#7920=DIRECTION('',(1.,0.,0.));
#7921=DIRECTION('',(0.,0.,-1.));
#7922=DIRECTION('',(0.,-1.,0.));
#7923=DIRECTION('',(0.,0.,-1.));
#7924=DIRECTION('',(0.,-1.,0.));
#7925=DIRECTION('',(0.,0.,1.));
#7926=DIRECTION('',(1.,0.,0.));
#7927=DIRECTION('',(0.,0.,-1.));
#7928=DIRECTION('',(-0.173648177666933,-0.984807753012208,0.));
#7929=DIRECTION('',(0.,0.,1.));
#7930=DIRECTION('',(1.,0.,0.));
#7931=DIRECTION('',(0.,0.,-1.));
#7932=DIRECTION('',(-0.342020143325676,-0.939692620785906,0.));
#7933=DIRECTION('',(0.,0.,1.));
#7934=DIRECTION('',(1.,0.,0.));
#7935=DIRECTION('',(0.,0.,-1.));
#7936=DIRECTION('',(-0.500000000000006,-0.866025403784435,0.));
#7937=DIRECTION('',(0.,0.,1.));
#7938=DIRECTION('',(1.,0.,0.));
#7939=DIRECTION('',(0.,0.,-1.));
#7940=DIRECTION('',(-0.642787609686541,-0.766044443118977,0.));
#7941=DIRECTION('',(0.,0.,1.));
#7942=DIRECTION('',(1.,0.,0.));
#7943=DIRECTION('',(0.,0.,-1.));
#7944=DIRECTION('',(-0.766044443118979,-0.642787609686539,0.));
#7945=DIRECTION('',(0.,0.,1.));
#7946=DIRECTION('',(1.,0.,0.));
#7947=DIRECTION('',(0.,0.,-1.));
#7948=DIRECTION('',(-0.86602540378444,-0.5,0.));
#7949=DIRECTION('',(0.,0.,1.));
#7950=DIRECTION('',(1.,0.,0.));
#7951=DIRECTION('',(0.,0.,-1.));
#7952=DIRECTION('',(-0.93969262078591,-0.342020143325664,0.));
#7953=DIRECTION('',(0.,0.,1.));
#7954=DIRECTION('',(1.,0.,0.));
#7955=DIRECTION('',(0.,0.,-1.));
#7956=DIRECTION('',(-0.98480775301221,-0.173648177666922,0.));
#7957=DIRECTION('',(0.,0.,1.));
#7958=DIRECTION('',(1.,0.,0.));
#7959=DIRECTION('',(0.,0.,1.));
#7960=DIRECTION('',(1.,0.,0.));
#7961=DIRECTION('',(0.,0.,1.));
#7962=DIRECTION('',(-0.984807753012207,0.173648177666937,0.));
#7963=DIRECTION('',(0.,0.,1.));
#7964=DIRECTION('',(1.,0.,0.));
#7965=DIRECTION('',(0.,0.,1.));
#7966=DIRECTION('',(-0.939692620785906,0.342020143325676,0.));
#7967=DIRECTION('',(0.,0.,1.));
#7968=DIRECTION('',(1.,0.,0.));
#7969=DIRECTION('',(0.,0.,1.));
#7970=DIRECTION('',(-0.866025403784434,0.500000000000008,0.));
#7971=DIRECTION('',(0.,0.,1.));
#7972=DIRECTION('',(1.,0.,0.));
#7973=DIRECTION('',(0.,0.,1.));
#7974=DIRECTION('',(-0.766044443118973,0.642787609686546,0.));
#7975=DIRECTION('',(0.,0.,1.));
#7976=DIRECTION('',(1.,0.,0.));
#7977=DIRECTION('',(0.,0.,1.));
#7978=DIRECTION('',(-0.642787609686532,0.766044443118984,0.));
#7979=DIRECTION('',(0.,0.,1.));
#7980=DIRECTION('',(1.,0.,0.));
#7981=DIRECTION('',(0.,0.,1.));
#7982=DIRECTION('',(-0.499999999999992,0.866025403784443,0.));
#7983=DIRECTION('',(0.,0.,1.));
#7984=DIRECTION('',(1.,0.,0.));
#7985=DIRECTION('',(0.,0.,1.));
#7986=DIRECTION('',(-0.342020143325661,0.939692620785911,0.));
#7987=DIRECTION('',(0.,0.,1.));
#7988=DIRECTION('',(1.,0.,0.));
#7989=DIRECTION('',(0.,0.,1.));
#7990=DIRECTION('',(-0.173648177666919,0.98480775301221,0.));
#7991=DIRECTION('',(0.,0.,1.));
#7992=DIRECTION('',(1.,0.,0.));
#7993=DIRECTION('',(0.,0.,1.));
#7994=DIRECTION('',(9.37688365392866E-15,1.,0.));
#7995=DIRECTION('',(0.,0.,1.));
#7996=DIRECTION('',(1.,0.,0.));
#7997=DIRECTION('',(0.,0.,1.));
#7998=DIRECTION('',(0.173648177666941,0.984807753012206,0.));
#7999=DIRECTION('',(0.,0.,1.));
#8000=DIRECTION('',(1.,0.,0.));
#8001=DIRECTION('',(0.,0.,1.));
#8002=DIRECTION('',(0.34202014332568,0.939692620785904,0.));
#8003=DIRECTION('',(0.,0.,1.));
#8004=DIRECTION('',(1.,0.,0.));
#8005=DIRECTION('',(0.,0.,1.));
#8006=DIRECTION('',(0.500000000000011,0.866025403784432,0.));
#8007=DIRECTION('',(0.,0.,1.));
#8008=DIRECTION('',(1.,0.,0.));
#8009=DIRECTION('',(0.,0.,1.));
#8010=DIRECTION('',(0.642787609686548,0.766044443118971,0.));
#8011=DIRECTION('',(0.,0.,1.));
#8012=DIRECTION('',(1.,0.,0.));
#8013=DIRECTION('',(0.,0.,1.));
#8014=DIRECTION('',(0.766044443118985,0.642787609686531,0.));
#8015=DIRECTION('',(0.,0.,1.));
#8016=DIRECTION('',(1.,0.,0.));
#8017=DIRECTION('',(0.,0.,1.));
#8018=DIRECTION('',(0.866025403784445,0.499999999999989,0.));
#8019=DIRECTION('',(0.,0.,1.));
#8020=DIRECTION('',(1.,0.,0.));
#8021=DIRECTION('',(0.,0.,1.));
#8022=DIRECTION('',(0.939692620785913,0.342020143325657,0.));
#8023=DIRECTION('',(0.,0.,1.));
#8024=DIRECTION('',(1.,0.,0.));
#8025=DIRECTION('',(0.,0.,1.));
#8026=DIRECTION('',(0.98480775301221,0.173648177666918,0.));
#8027=DIRECTION('',(0.,0.,1.));
#8028=DIRECTION('',(1.,0.,0.));
#8029=DIRECTION('',(0.,0.,1.));
#8030=DIRECTION('',(0.,0.,1.));
#8031=DIRECTION('',(1.,0.,0.));
#8032=DIRECTION('',(0.,0.,1.));
#8033=DIRECTION('',(0.,0.,1.));
#8034=DIRECTION('',(1.,0.,0.));
#8035=DIRECTION('',(0.,0.,1.));
#8036=DIRECTION('',(0.,0.,1.));
#8037=DIRECTION('',(1.,0.,0.));
#8038=DIRECTION('',(0.,0.,1.));
#8039=DIRECTION('',(0.,0.,1.));
#8040=DIRECTION('',(1.,0.,0.));
#8041=DIRECTION('',(0.,0.,1.));
#8042=DIRECTION('',(0.,0.,1.));
#8043=DIRECTION('',(1.,0.,0.));
#8044=DIRECTION('',(0.,0.,1.));
#8045=DIRECTION('',(0.,0.,1.));
#8046=DIRECTION('',(1.,0.,0.));
#8047=DIRECTION('',(0.,0.,1.));
#8048=DIRECTION('',(0.,0.,1.));
#8049=DIRECTION('',(1.,0.,0.));
#8050=DIRECTION('',(0.,0.,1.));
#8051=DIRECTION('',(0.,0.,1.));
#8052=DIRECTION('',(1.,0.,0.));
#8053=DIRECTION('',(0.,0.,1.));
#8054=DIRECTION('',(0.,0.,1.));
#8055=DIRECTION('',(1.,0.,0.));
#8056=DIRECTION('',(0.,0.,1.));
#8057=DIRECTION('',(1.,0.,0.));
#8058=DIRECTION('',(0.,0.,1.));
#8059=DIRECTION('',(1.,0.,0.));
#8060=DIRECTION('',(0.,0.,1.));
#8061=DIRECTION('',(1.,0.,0.));
#8062=DIRECTION('',(0.,0.,1.));
#8063=DIRECTION('',(1.,0.,0.));
#8064=DIRECTION('',(0.,0.,1.));
#8065=DIRECTION('',(1.,0.,0.));
#8066=DIRECTION('',(0.,0.,1.));
#8067=DIRECTION('',(1.,0.,0.));
#8068=DIRECTION('',(0.,0.,1.));
#8069=DIRECTION('',(1.,0.,0.));
#8070=DIRECTION('',(0.,0.,1.));
#8071=DIRECTION('',(1.,0.,0.));
#8072=DIRECTION('',(0.,0.,1.));
#8073=DIRECTION('',(1.,0.,0.));
#8074=DIRECTION('',(0.,0.,1.));
#8075=DIRECTION('',(1.,0.,0.));
#8076=DIRECTION('',(0.,0.,1.));
#8077=DIRECTION('',(1.,0.,0.));
#8078=DIRECTION('',(0.,0.,1.));
#8079=DIRECTION('',(1.,0.,0.));
#8080=DIRECTION('',(0.,0.,1.));
#8081=DIRECTION('',(1.,0.,0.));
#8082=DIRECTION('',(0.,0.,1.));
#8083=DIRECTION('',(1.,0.,0.));
#8084=DIRECTION('',(0.,0.,1.));
#8085=DIRECTION('',(1.,0.,0.));
#8086=DIRECTION('',(0.,0.,1.));
#8087=DIRECTION('',(1.,0.,0.));
#8088=DIRECTION('',(0.,0.,1.));
#8089=DIRECTION('',(1.,0.,0.));
#8090=DIRECTION('',(0.,0.,1.));
#8091=DIRECTION('',(0.,0.,1.));
#8092=DIRECTION('',(1.,0.,0.));
#8093=DIRECTION('',(0.,0.,1.));
#8094=DIRECTION('',(0.,0.,1.));
#8095=DIRECTION('',(1.,0.,0.));
#8096=DIRECTION('',(0.,0.,1.));
#8097=DIRECTION('',(0.,0.,1.));
#8098=DIRECTION('',(1.,0.,0.));
#8099=DIRECTION('',(0.,0.,1.));
#8100=DIRECTION('',(0.,0.,1.));
#8101=DIRECTION('',(1.,0.,0.));
#8102=DIRECTION('',(0.,0.,1.));
#8103=DIRECTION('',(0.,0.,1.));
#8104=DIRECTION('',(1.,0.,0.));
#8105=DIRECTION('',(0.,0.,1.));
#8106=DIRECTION('',(0.,0.,1.));
#8107=DIRECTION('',(1.,0.,0.));
#8108=DIRECTION('',(0.,0.,1.));
#8109=DIRECTION('',(0.,0.,1.));
#8110=DIRECTION('',(1.,0.,0.));
#8111=DIRECTION('',(0.,0.,1.));
#8112=DIRECTION('',(0.,0.,1.));
#8113=DIRECTION('',(1.,0.,0.));
#8114=DIRECTION('',(0.,0.,1.));
#8115=DIRECTION('',(0.,0.,1.));
#8116=DIRECTION('',(1.,0.,0.));
#8117=DIRECTION('',(0.,0.,1.));
#8118=DIRECTION('',(1.,0.,0.));
#8119=DIRECTION('',(0.,0.,-1.));
#8120=DIRECTION('',(-1.,0.,0.));
#8121=DIRECTION('',(0.,0.,1.));
#8122=DIRECTION('',(1.,0.,0.));
#8123=DIRECTION('',(0.,0.,1.));
#8124=DIRECTION('',(1.,0.,0.));
#8125=DIRECTION('',(0.,0.,1.));
#8126=DIRECTION('',(1.,0.,0.));
#8127=DIRECTION('',(0.,0.,1.));
#8128=DIRECTION('',(1.,0.,0.));
#8129=DIRECTION('',(0.,0.,1.));
#8130=DIRECTION('',(1.,0.,0.));
#8131=DIRECTION('',(0.,0.,1.));
#8132=DIRECTION('',(1.,0.,0.));
#8133=DIRECTION('',(0.,0.,1.));
#8134=DIRECTION('',(1.,0.,0.));
#8135=DIRECTION('',(0.,0.,1.));
#8136=DIRECTION('',(1.,0.,0.));
#8137=DIRECTION('',(0.,0.,1.));
#8138=DIRECTION('',(1.,0.,0.));
#8139=DIRECTION('',(0.,0.,1.));
#8140=DIRECTION('',(1.,0.,0.));
#8141=DIRECTION('',(0.,0.,1.));
#8142=DIRECTION('',(1.,0.,0.));
#8143=DIRECTION('',(0.,0.,1.));
#8144=DIRECTION('',(1.,0.,0.));
#8145=DIRECTION('',(0.,0.,1.));
#8146=DIRECTION('',(1.,0.,0.));
#8147=DIRECTION('',(0.,0.,1.));
#8148=DIRECTION('',(1.,0.,0.));
#8149=DIRECTION('',(0.,0.,1.));
#8150=DIRECTION('',(1.,0.,0.));
#8151=DIRECTION('',(0.,0.,1.));
#8152=DIRECTION('',(1.,0.,0.));
#8153=DIRECTION('',(0.,0.,1.));
#8154=DIRECTION('',(1.,0.,0.));
#8155=DIRECTION('',(0.,0.,1.));
#8156=DIRECTION('',(1.,0.,0.));
#8157=DIRECTION('',(0.,0.,1.));
#8158=DIRECTION('',(1.,0.,0.));
#8159=DIRECTION('',(0.,0.,1.));
#8160=DIRECTION('',(1.,0.,0.));
#8161=DIRECTION('',(0.,0.,1.));
#8162=DIRECTION('',(1.,0.,0.));
#8163=DIRECTION('',(0.,0.,1.));
#8164=DIRECTION('',(1.,0.,0.));
#8165=DIRECTION('',(0.,0.,1.));
#8166=DIRECTION('',(1.,0.,0.));
#8167=DIRECTION('',(0.,0.,1.));
#8168=DIRECTION('',(1.,0.,0.));
#8169=DIRECTION('',(0.,0.,1.));
#8170=DIRECTION('',(1.,0.,0.));
#8171=DIRECTION('',(0.,0.,1.));
#8172=DIRECTION('',(1.,0.,0.));
#8173=DIRECTION('',(0.,0.,1.));
#8174=DIRECTION('',(1.,0.,0.));
#8175=DIRECTION('',(0.,0.,1.));
#8176=DIRECTION('',(1.,0.,0.));
#8177=DIRECTION('',(0.,0.,1.));
#8178=DIRECTION('',(1.,0.,0.));
#8179=DIRECTION('',(0.,0.,1.));
#8180=DIRECTION('',(1.,0.,0.));
#8181=DIRECTION('',(0.,0.,1.));
#8182=DIRECTION('',(1.,0.,0.));
#8183=DIRECTION('',(0.,0.,1.));
#8184=DIRECTION('',(1.,0.,0.));
#8185=DIRECTION('',(0.,0.,1.));
#8186=DIRECTION('',(1.,0.,0.));
#8187=DIRECTION('',(0.,0.,1.));
#8188=DIRECTION('',(1.,0.,0.));
#8189=DIRECTION('',(0.,0.,1.));
#8190=DIRECTION('',(1.,0.,0.));
#8191=DIRECTION('',(0.,0.,1.));
#8192=DIRECTION('',(1.,0.,0.));
#8193=DIRECTION('',(0.,0.,1.));
#8194=DIRECTION('',(1.,0.,0.));
#8195=DIRECTION('',(0.,0.,1.));
#8196=DIRECTION('',(1.,0.,0.));
#8197=DIRECTION('',(-2.9962540635887E-16,1.34241389200974E-15,1.));
#8198=DIRECTION('',(0.992297639396686,0.123876530657604,1.31024007784442E-16));
#8199=DIRECTION('',(0.,0.,1.));
#8200=DIRECTION('',(1.,0.,0.));
#8201=CARTESIAN_POINT('',(0.,0.,0.));
#8202=CARTESIAN_POINT('',(0.16,0.,-1.99999999999853E-6));
#8203=CARTESIAN_POINT('',(0.16,0.164314210770411,0.0035));
#8204=CARTESIAN_POINT('',(0.16,0.0056,0.0035));
#8205=CARTESIAN_POINT('',(0.16,-0.0056,0.0035));
#8206=CARTESIAN_POINT('',(0.16,0.0056,-1.99999999999853E-6));
#8207=CARTESIAN_POINT('',(0.16,0.0056,0.0075));
#8208=CARTESIAN_POINT('',(0.16,0.015002,0.0075));
#8209=CARTESIAN_POINT('',(0.16,-0.0056,0.0075));
#8210=CARTESIAN_POINT('',(0.16,-0.0056,-1.99999999999853E-6));
#8211=CARTESIAN_POINT('',(0.155,-0.004,-1.99999999999853E-6));
#8212=CARTESIAN_POINT('',(0.155,-0.004,0.0075));
#8213=CARTESIAN_POINT('',(0.1534,-0.004,0.0075));
#8214=CARTESIAN_POINT('',(0.155,-0.004,0.0035));
#8215=CARTESIAN_POINT('',(0.1534,-0.004,0.0035));
#8216=CARTESIAN_POINT('',(0.138,0.004,-1.99999999999853E-6));
#8217=CARTESIAN_POINT('',(0.138,0.004,0.0075));
#8218=CARTESIAN_POINT('',(0.1364,0.004,0.0075));
#8219=CARTESIAN_POINT('',(0.138,0.004,0.0035));
#8220=CARTESIAN_POINT('',(0.1364,0.004,0.0035));
#8221=CARTESIAN_POINT('',(0.138,-0.004,-1.99999999999853E-6));
#8222=CARTESIAN_POINT('',(0.138,-0.004,0.0075));
#8223=CARTESIAN_POINT('',(0.1364,-0.004,0.0075));
#8224=CARTESIAN_POINT('',(0.138,-0.004,0.0035));
#8225=CARTESIAN_POINT('',(0.1364,-0.004,0.0035));
#8226=CARTESIAN_POINT('',(0.155,0.004,-1.99999999999853E-6));
#8227=CARTESIAN_POINT('',(0.155,0.004,0.0075));
#8228=CARTESIAN_POINT('',(0.1534,0.004,0.0075));
#8229=CARTESIAN_POINT('',(0.155,0.004,0.0035));
#8230=CARTESIAN_POINT('',(0.1534,0.004,0.0035));
#8231=CARTESIAN_POINT('',(0.08,-0.01,0.005));
#8232=CARTESIAN_POINT('',(0.,-0.01,0.));
#8233=CARTESIAN_POINT('',(0.130230303992915,-0.01,0.));
#8234=CARTESIAN_POINT('',(0.,-0.01,0.));
#8235=CARTESIAN_POINT('',(0.130230303992915,-0.01,0.));
#8236=CARTESIAN_POINT('',(0.130230303992915,-0.0107542423735895,0.));
#8237=CARTESIAN_POINT('',(0.130316722964598,-0.012245883467947,0.000345593134179409));
#8238=CARTESIAN_POINT('',(0.130788324949394,-0.0133876670261799,0.00126831393449015));
#8239=CARTESIAN_POINT('',(0.131200328961608,-0.0137996710383933,0.00175000000000072));
#8240=CARTESIAN_POINT('',(0.131200328961606,-0.0137996710383936,0.00175000000000114));
#8241=CARTESIAN_POINT('',(0.135,-0.01,0.005));
#8242=CARTESIAN_POINT('',(0.13,-0.015,0.005));
#8243=CARTESIAN_POINT('',(0.16,-0.015,0.005));
#8244=CARTESIAN_POINT('',(0.,-0.015,0.005));
#8245=CARTESIAN_POINT('',(0.,-0.01,0.005));
#8246=CARTESIAN_POINT('',(0.08,0.01,0.005));
#8247=CARTESIAN_POINT('',(0.135,0.01,0.005));
#8248=CARTESIAN_POINT('',(0.131200328961606,0.0137996710383936,0.00175000000000114));
#8249=CARTESIAN_POINT('',(0.13,0.015,0.005));
#8250=CARTESIAN_POINT('',(0.131200328961606,0.0137996710383936,0.00175000000000112));
#8251=CARTESIAN_POINT('',(0.130788912337817,0.0133882544146042,0.00126900066765432));
#8252=CARTESIAN_POINT('',(0.130317223134217,0.0122498518457447,0.000347079251424119));
#8253=CARTESIAN_POINT('',(0.130230303992915,0.010753359669071,7.36167222223525E-20));
#8254=CARTESIAN_POINT('',(0.130230303992915,0.01,7.36167222223525E-20));
#8255=CARTESIAN_POINT('',(0.130230303992915,0.01,4.25291589456761E-19));
#8256=CARTESIAN_POINT('',(0.16,0.01,0.));
#8257=CARTESIAN_POINT('',(0.,0.01,0.));
#8258=CARTESIAN_POINT('',(0.,0.01,0.005));
#8259=CARTESIAN_POINT('',(0.,0.015,0.005));
#8260=CARTESIAN_POINT('',(0.,0.015,0.005));
#8261=CARTESIAN_POINT('',(0.1487,-0.0076,-1.99999999999853E-6));
#8262=CARTESIAN_POINT('',(0.1525,-0.0076,0.0075));
#8263=CARTESIAN_POINT('',(0.139471067811865,-0.0076,0.0075));
#8264=CARTESIAN_POINT('',(0.158,-0.0076,0.0075));
#8265=CARTESIAN_POINT('',(0.139471067811865,-0.0076,0.0035));
#8266=CARTESIAN_POINT('',(0.139471067811865,-0.0076,0.0035));
#8267=CARTESIAN_POINT('',(0.1487,-0.0076,0.0035));
#8268=CARTESIAN_POINT('',(0.158,-0.0076,0.0035));
#8269=CARTESIAN_POINT('',(0.158,-0.0076,-1.99999999999853E-6));
#8270=CARTESIAN_POINT('',(0.1337,-0.0113,-1.99999999999853E-6));
#8271=CARTESIAN_POINT('',(0.1337,-0.0113,0.0035));
#8272=CARTESIAN_POINT('',(0.135935533905933,-0.00906446609406727,0.0035));
#8273=CARTESIAN_POINT('',(0.135,-0.01,0.0035));
#8274=CARTESIAN_POINT('',(0.135935533905933,-0.00906446609406728,0.0075));
#8275=CARTESIAN_POINT('',(0.135935533905933,-0.00906446609406728,0.0075));
#8276=CARTESIAN_POINT('',(0.156251,0.011251,0.0075));
#8277=CARTESIAN_POINT('',(0.13,-0.015,0.0075));
#8278=CARTESIAN_POINT('',(0.13,-0.015,-1.99999999999853E-6));
#8279=CARTESIAN_POINT('',(0.135,-0.01,-0.0015));
#8280=CARTESIAN_POINT('',(0.1337,0.0113,-1.99999999999853E-6));
#8281=CARTESIAN_POINT('',(0.141249,0.003751,0.0075));
#8282=CARTESIAN_POINT('',(0.135935533905933,0.00906446609406727,0.0075));
#8283=CARTESIAN_POINT('',(0.13,0.015,0.0075));
#8284=CARTESIAN_POINT('',(0.135935533905933,0.00906446609406727,0.0035));
#8285=CARTESIAN_POINT('',(0.135935533905933,0.00906446609406727,0.0035));
#8286=CARTESIAN_POINT('',(0.1337,0.0113,0.0035));
#8287=CARTESIAN_POINT('',(0.135,0.01,0.0035));
#8288=CARTESIAN_POINT('',(0.135,0.01,-0.0015));
#8289=CARTESIAN_POINT('',(0.13,0.015,-1.99999999999853E-6));
#8290=CARTESIAN_POINT('',(0.1487,0.0076,-1.99999999999853E-6));
#8291=CARTESIAN_POINT('',(0.1487,0.0076,0.0035));
#8292=CARTESIAN_POINT('',(0.139471067811865,0.0076,0.0035));
#8293=CARTESIAN_POINT('',(0.158,0.0076,0.0035));
#8294=CARTESIAN_POINT('',(0.139471067811865,0.0076,0.0075));
#8295=CARTESIAN_POINT('',(0.139471067811865,0.0076,0.0075));
#8296=CARTESIAN_POINT('',(0.1525,0.0076,0.0075));
#8297=CARTESIAN_POINT('',(0.158,0.0076,0.0075));
#8298=CARTESIAN_POINT('',(0.158,0.0076,-1.99999999999853E-6));
#8299=CARTESIAN_POINT('',(0.158,-0.0056,-1.99999999999853E-6));
#8300=CARTESIAN_POINT('',(0.158,-0.0056,0.0035));
#8301=CARTESIAN_POINT('',(0.158,-0.0056,0.0075));
#8302=CARTESIAN_POINT('',(0.158,0.0056,-1.99999999999853E-6));
#8303=CARTESIAN_POINT('',(0.158,0.0056,0.0035));
#8304=CARTESIAN_POINT('',(0.158,0.0056,0.0075));
#8305=CARTESIAN_POINT('',(0.08,0.,0.));
#8306=CARTESIAN_POINT('',(0.,-3.88825358729284E-19,0.));
#8307=CARTESIAN_POINT('',(-0.00635,-3.88825358729284E-19,0.));
#8308=CARTESIAN_POINT('',(0.0625,0.0075,0.));
#8309=CARTESIAN_POINT('',(0.12,0.0075,0.));
#8310=CARTESIAN_POINT('',(0.00661437827766147,0.0075,0.));
#8311=CARTESIAN_POINT('',(-1.7347234759768E-18,-6.12323399573677E-19,0.));
#8312=CARTESIAN_POINT('',(0.00661437827766148,-0.0075,0.));
#8313=CARTESIAN_POINT('',(0.0625,-0.0075,0.));
#8314=CARTESIAN_POINT('',(0.12,-0.0075,0.));
#8315=CARTESIAN_POINT('',(0.12,0.,0.));
#8316=CARTESIAN_POINT('',(0.130230303992915,0.,0.));
#8317=CARTESIAN_POINT('',(-9.18485099360515E-19,0.,0.));
#8318=CARTESIAN_POINT('',(0.08,-0.015,0.025));
#8319=CARTESIAN_POINT('',(0.1525,-0.015,0.0075));
#8320=CARTESIAN_POINT('',(-9.18485099360515E-19,-0.015,0.0075));
#8321=CARTESIAN_POINT('',(0.,-0.015,0.025));
#8322=CARTESIAN_POINT('',(0.08,-0.015,0.025));
#8323=CARTESIAN_POINT('',(0.13,-0.015,-1.99999999999853E-6));
#8324=CARTESIAN_POINT('',(0.13,-0.015,0.0115));
#8325=CARTESIAN_POINT('',(0.13,-0.015,0.0136148351928655));
#8326=CARTESIAN_POINT('',(0.125643046618229,-0.015,0.0153576165455737));
#8327=CARTESIAN_POINT('',(0.114037087982164,-0.015,0.02));
#8328=CARTESIAN_POINT('',(0.08,-0.015,0.02));
#8329=CARTESIAN_POINT('',(0.,-0.015,0.02));
#8330=CARTESIAN_POINT('',(0.,-0.015,0.025));
#8331=CARTESIAN_POINT('',(-9.18485099360515E-19,-0.015,0.0175));
#8332=CARTESIAN_POINT('',(-8.67361737988404E-19,-0.015,0.0175));
#8333=CARTESIAN_POINT('',(0.115,-0.015,0.0175));
#8334=CARTESIAN_POINT('',(0.1225,-0.015,0.0145));
#8335=CARTESIAN_POINT('',(0.16,0.,-1.99999999999853E-6));
#8336=CARTESIAN_POINT('',(0.16,0.0056,-1.99999999999853E-6));
#8337=CARTESIAN_POINT('',(0.16,0.0056,0.0115));
#8338=CARTESIAN_POINT('',(0.16,0.0056,0.0155));
#8339=CARTESIAN_POINT('',(0.16,0.164314210770411,0.0155));
#8340=CARTESIAN_POINT('',(0.16,-0.0056,0.0155));
#8341=CARTESIAN_POINT('',(0.16,-0.0056,-1.99999999999853E-6));
#8342=CARTESIAN_POINT('',(0.16,-0.0056,0.0115));
#8343=CARTESIAN_POINT('',(0.16,0.015002,0.0115));
#8344=CARTESIAN_POINT('',(-8.67361737988404E-19,2.75545529808154E-19,-1.99999999999853E-6));
#8345=CARTESIAN_POINT('',(-8.67361737988404E-19,2.75545529808154E-19,0.0189));
#8346=CARTESIAN_POINT('',(0.0045,2.75545529808154E-19,0.0189));
#8347=CARTESIAN_POINT('',(-8.67361737988404E-19,2.75545529808154E-19,0.0061));
#8348=CARTESIAN_POINT('',(-0.0045,2.75545529808154E-19,0.0061));
#8349=CARTESIAN_POINT('',(-9.18485099360515E-19,0.,0.005));
#8350=CARTESIAN_POINT('',(-9.18485099360515E-19,0.,0.005));
#8351=CARTESIAN_POINT('',(0.12,0.,-1.99999999999853E-6));
#8352=CARTESIAN_POINT('',(0.12,0.015002,0.0075));
#8353=CARTESIAN_POINT('',(0.12,-0.0075,0.0075));
#8354=CARTESIAN_POINT('',(0.12,0.0075,0.0075));
#8355=CARTESIAN_POINT('',(0.12,0.0075,-1.99999999999853E-6));
#8356=CARTESIAN_POINT('',(0.12,-0.0075,-1.99999999999853E-6));
#8357=CARTESIAN_POINT('',(-9.18485099360515E-19,0.,0.025));
#8358=CARTESIAN_POINT('',(-9.18485099360515E-19,0.,0.0075));
#8359=CARTESIAN_POINT('',(-9.18485099360515E-19,0.015,0.0075));
#8360=CARTESIAN_POINT('',(0.,0.015,0.025));
#8361=CARTESIAN_POINT('',(0.08,0.015,0.025));
#8362=CARTESIAN_POINT('',(0.1525,0.015,0.0075));
#8363=CARTESIAN_POINT('',(0.0625,-0.0075,-1.99999999999853E-6));
#8364=CARTESIAN_POINT('',(0.00661437827766148,-0.0075,0.025002));
#8365=CARTESIAN_POINT('',(0.00661437827766148,-0.0075,0.0075));
#8366=CARTESIAN_POINT('',(0.1525,-0.0075,0.0075));
#8367=CARTESIAN_POINT('',(0.0625,0.0075,-1.99999999999853E-6));
#8368=CARTESIAN_POINT('',(0.00661437827766147,0.0075,0.025002));
#8369=CARTESIAN_POINT('',(0.00661437827766148,0.0075,0.0075));
#8370=CARTESIAN_POINT('',(0.1525,0.0075,0.0075));
#8371=CARTESIAN_POINT('',(0.1525,0.015002,0.0075));
#8372=CARTESIAN_POINT('',(0.139471067811865,-0.0126,0.0075));
#8373=CARTESIAN_POINT('',(0.139471067811865,0.0126,0.0075));
#8374=CARTESIAN_POINT('',(-1.7347234759768E-18,-6.12323399573677E-19,0.0075));
#8375=CARTESIAN_POINT('',(-1.7347234759768E-18,-6.12323399573677E-19,0.025002));
#8376=CARTESIAN_POINT('',(-1.7347234759768E-18,-6.12323399573677E-19,0.0175));
#8377=CARTESIAN_POINT('',(0.00661437827766148,-0.0075,0.0175));
#8378=CARTESIAN_POINT('',(0.00661437827766148,0.0075,0.0175));
#8379=CARTESIAN_POINT('',(0.00661437827766147,0.0075,0.025002));
#8380=CARTESIAN_POINT('',(0.00661437827766147,0.0075,0.025));
#8381=CARTESIAN_POINT('',(-1.7347234759768E-18,-6.12323399573677E-19,0.025));
#8382=CARTESIAN_POINT('',(0.00661437827766148,-0.0075,0.025));
#8383=CARTESIAN_POINT('',(0.00661437827766148,-0.0075,0.025002));
#8384=CARTESIAN_POINT('',(-9.18485099360515E-19,0.,0.025));
#8385=CARTESIAN_POINT('',(-9.18485099360515E-19,0.,0.0175));
#8386=CARTESIAN_POINT('',(-9.18485099360515E-19,0.015,0.0175));
#8387=CARTESIAN_POINT('',(-9.18485099360515E-19,0.,0.02));
#8388=CARTESIAN_POINT('',(0.,0.015,0.02));
#8389=CARTESIAN_POINT('',(0.,0.015,0.025));
#8390=CARTESIAN_POINT('',(0.0625,0.0075,-1.99999999999853E-6));
#8391=CARTESIAN_POINT('',(0.0783627586206897,0.0075,0.0396548965517242));
#8392=CARTESIAN_POINT('',(0.115894041363934,0.0075,0.0246423834544263));
#8393=CARTESIAN_POINT('',(0.12,0.0075,0.023));
#8394=CARTESIAN_POINT('',(0.114037087982164,0.0075,0.02));
#8395=CARTESIAN_POINT('',(0.114037087982164,0.0075,0.025));
#8396=CARTESIAN_POINT('',(0.0625,0.0075,0.025));
#8397=CARTESIAN_POINT('',(0.0625,0.0075,0.0175));
#8398=CARTESIAN_POINT('',(0.115,0.0075,0.0175));
#8399=CARTESIAN_POINT('',(0.1225,0.0075,0.0145));
#8400=CARTESIAN_POINT('',(0.12,0.0075,0.0155));
#8401=CARTESIAN_POINT('',(0.12,0.0075,-1.99999999999853E-6));
#8402=CARTESIAN_POINT('',(0.0625,-0.0075,-1.99999999999853E-6));
#8403=CARTESIAN_POINT('',(0.0625,-0.0075,0.025));
#8404=CARTESIAN_POINT('',(0.114037087982164,-0.0075,0.025));
#8405=CARTESIAN_POINT('',(0.114037087982164,-0.0075,0.02));
#8406=CARTESIAN_POINT('',(0.115894041363934,-0.0075,0.0246423834544263));
#8407=CARTESIAN_POINT('',(0.0783627586206897,-0.0075,0.0396548965517242));
#8408=CARTESIAN_POINT('',(0.12,-0.0075,0.023));
#8409=CARTESIAN_POINT('',(0.12,-0.0075,-1.99999999999853E-6));
#8410=CARTESIAN_POINT('',(0.12,-0.0075,0.0155));
#8411=CARTESIAN_POINT('',(0.1225,-0.0075,0.0145));
#8412=CARTESIAN_POINT('',(0.115,-0.0075,0.0175));
#8413=CARTESIAN_POINT('',(0.065,-0.0075,0.0175));
#8414=CARTESIAN_POINT('',(0.1225,0.015002,0.0145));
#8415=CARTESIAN_POINT('',(0.12,0.015002,0.0155));
#8416=CARTESIAN_POINT('',(0.115,0.015002,0.0175));
#8417=CARTESIAN_POINT('',(0.115,0.015,0.0175));
#8418=CARTESIAN_POINT('',(0.1225,0.015,0.0145));
#8419=CARTESIAN_POINT('',(0.13,0.015,0.0115));
#8420=CARTESIAN_POINT('',(0.13,0.015002,0.0115));
#8421=CARTESIAN_POINT('',(0.115,0.015002,0.0175));
#8422=CARTESIAN_POINT('',(0.065,0.015002,0.0175));
#8423=CARTESIAN_POINT('',(0.065,0.015,0.0175));
#8424=CARTESIAN_POINT('',(0.155,0.004,-1.99999999999853E-6));
#8425=CARTESIAN_POINT('',(0.155,0.004,0.0155));
#8426=CARTESIAN_POINT('',(0.1534,0.004,0.0155));
#8427=CARTESIAN_POINT('',(0.155,0.004,0.0115));
#8428=CARTESIAN_POINT('',(0.1534,0.004,0.0115));
#8429=CARTESIAN_POINT('',(0.155,-0.004,-1.99999999999853E-6));
#8430=CARTESIAN_POINT('',(0.155,-0.004,0.0155));
#8431=CARTESIAN_POINT('',(0.1534,-0.004,0.0155));
#8432=CARTESIAN_POINT('',(0.155,-0.004,0.0115));
#8433=CARTESIAN_POINT('',(0.1534,-0.004,0.0115));
#8434=CARTESIAN_POINT('',(0.138,-0.004,-1.99999999999853E-6));
#8435=CARTESIAN_POINT('',(0.138,-0.004,0.0155));
#8436=CARTESIAN_POINT('',(0.1364,-0.004,0.0155));
#8437=CARTESIAN_POINT('',(0.138,-0.004,0.0115));
#8438=CARTESIAN_POINT('',(0.1364,-0.004,0.0115));
#8439=CARTESIAN_POINT('',(0.138,0.004,-1.99999999999853E-6));
#8440=CARTESIAN_POINT('',(0.138,0.004,0.0155));
#8441=CARTESIAN_POINT('',(0.1364,0.004,0.0155));
#8442=CARTESIAN_POINT('',(0.138,0.004,0.0115));
#8443=CARTESIAN_POINT('',(0.1364,0.004,0.0115));
#8444=CARTESIAN_POINT('',(0.08,0.015,0.025));
#8445=CARTESIAN_POINT('',(0.08,0.015,0.02));
#8446=CARTESIAN_POINT('',(0.114037087982164,0.015,0.02));
#8447=CARTESIAN_POINT('',(0.128143046618229,0.015,0.0143576165455737));
#8448=CARTESIAN_POINT('',(0.13,0.015,0.0136148351928655));
#8449=CARTESIAN_POINT('',(0.13,0.015,-1.99999999999853E-6));
#8450=CARTESIAN_POINT('',(0.08,0.,0.025));
#8451=CARTESIAN_POINT('',(0.114037087982164,0.01,0.025));
#8452=CARTESIAN_POINT('',(0.114037087982164,0.01,0.025));
#8453=CARTESIAN_POINT('',(0.08,0.01,0.025));
#8454=CARTESIAN_POINT('',(0.,0.01,0.025));
#8455=CARTESIAN_POINT('',(-9.18485099360515E-19,0.,0.025));
#8456=CARTESIAN_POINT('',(0.,-0.01,0.025));
#8457=CARTESIAN_POINT('',(0.08,-0.01,0.025));
#8458=CARTESIAN_POINT('',(0.114037087982164,-0.01,0.025));
#8459=CARTESIAN_POINT('',(0.114037087982164,-0.0075,0.025));
#8460=CARTESIAN_POINT('',(-8.67361737988404E-19,6.64370888537439E-19,0.025));
#8461=CARTESIAN_POINT('',(0.00635,6.64370888537439E-19,0.025));
#8462=CARTESIAN_POINT('',(0.08,-0.01,0.02));
#8463=CARTESIAN_POINT('',(0.114037087982164,-0.01,0.02));
#8464=CARTESIAN_POINT('',(0.,-0.01,0.02));
#8465=CARTESIAN_POINT('',(-9.18485099360515E-19,0.,0.02));
#8466=CARTESIAN_POINT('',(-3.06161699786838E-19,0.01,0.02));
#8467=CARTESIAN_POINT('',(0.08,0.01,0.02));
#8468=CARTESIAN_POINT('',(0.114037087982164,0.01,0.02));
#8469=CARTESIAN_POINT('',(0.1525,0.015002,0.0115));
#8470=CARTESIAN_POINT('',(0.1525,0.0076,0.0115));
#8471=CARTESIAN_POINT('',(0.158,0.0076,0.0115));
#8472=CARTESIAN_POINT('',(0.139471067811865,0.0076,0.0115));
#8473=CARTESIAN_POINT('',(0.158,0.0056,0.0115));
#8474=CARTESIAN_POINT('',(0.158,-0.0056,0.0115));
#8475=CARTESIAN_POINT('',(0.158,-0.0076,0.0115));
#8476=CARTESIAN_POINT('',(0.1525,-0.0076,0.0115));
#8477=CARTESIAN_POINT('',(0.139471067811865,-0.0076,0.0115));
#8478=CARTESIAN_POINT('',(0.139471067811865,-0.0126,0.0115));
#8479=CARTESIAN_POINT('',(0.135935533905933,-0.00906446609406728,0.0115));
#8480=CARTESIAN_POINT('',(0.156251,0.011251,0.0115));
#8481=CARTESIAN_POINT('',(0.141249,0.003751,0.0115));
#8482=CARTESIAN_POINT('',(0.135935533905933,0.00906446609406727,0.0115));
#8483=CARTESIAN_POINT('',(0.139471067811865,0.0126,0.0115));
#8484=CARTESIAN_POINT('',(0.12,0.,-1.99999999999853E-6));
#8485=CARTESIAN_POINT('',(0.12,0.,0.023));
#8486=CARTESIAN_POINT('',(0.075,0.,0.0189));
#8487=CARTESIAN_POINT('',(-8.67361737988404E-19,6.64370888537439E-19,0.0189));
#8488=CARTESIAN_POINT('',(0.00635,6.64370888537439E-19,0.0189));
#8489=CARTESIAN_POINT('',(-8.67361737988404E-19,6.64370888537439E-19,0.0189));
#8490=CARTESIAN_POINT('',(0.075,0.,0.0061));
#8491=CARTESIAN_POINT('',(0.,-3.88825358729284E-19,0.0061));
#8492=CARTESIAN_POINT('',(-0.00635,-3.88825358729284E-19,0.0061));
#8493=CARTESIAN_POINT('',(0.,-3.88825358729284E-19,0.0061));
#8494=CARTESIAN_POINT('',(0.1337,-0.0113,-1.99999999999853E-6));
#8495=CARTESIAN_POINT('',(0.135935533905933,-0.00906446609406728,0.0155));
#8496=CARTESIAN_POINT('',(0.135935533905933,-0.00906446609406727,0.0155));
#8497=CARTESIAN_POINT('',(0.1337,-0.0113,0.0155));
#8498=CARTESIAN_POINT('',(0.135,-0.01,0.0155));
#8499=CARTESIAN_POINT('',(0.135,-0.01,0.0205));
#8500=CARTESIAN_POINT('',(0.131542604657658,-0.0134573953423419,0.0168880175184877));
#8501=CARTESIAN_POINT('',(0.135,-0.01,0.0116148351928655));
#8502=CARTESIAN_POINT('',(0.1487,-0.0076,-1.99999999999853E-6));
#8503=CARTESIAN_POINT('',(0.1487,-0.0076,0.0155));
#8504=CARTESIAN_POINT('',(0.158,-0.0076,0.0155));
#8505=CARTESIAN_POINT('',(0.139471067811865,-0.0076,0.0155));
#8506=CARTESIAN_POINT('',(0.139471067811865,-0.0076,0.0115));
#8507=CARTESIAN_POINT('',(0.158,-0.0076,-1.99999999999853E-6));
#8508=CARTESIAN_POINT('',(0.1487,0.0076,-1.99999999999853E-6));
#8509=CARTESIAN_POINT('',(0.139471067811865,0.0076,0.0155));
#8510=CARTESIAN_POINT('',(0.139471067811865,0.0076,0.0155));
#8511=CARTESIAN_POINT('',(0.1487,0.0076,0.0155));
#8512=CARTESIAN_POINT('',(0.158,0.0076,0.0155));
#8513=CARTESIAN_POINT('',(0.158,0.0076,-1.99999999999853E-6));
#8514=CARTESIAN_POINT('',(0.1337,0.0113,-1.99999999999853E-6));
#8515=CARTESIAN_POINT('',(0.1337,0.0113,0.0155));
#8516=CARTESIAN_POINT('',(0.135,0.01,0.0155));
#8517=CARTESIAN_POINT('',(0.135935533905933,0.00906446609406727,0.0155));
#8518=CARTESIAN_POINT('',(0.135935533905933,0.00906446609406727,0.0115));
#8519=CARTESIAN_POINT('',(0.135,0.01,0.0116148351928655));
#8520=CARTESIAN_POINT('',(0.131542604657658,0.0134573953423419,0.0168880175184877));
#8521=CARTESIAN_POINT('',(0.135,0.01,0.0205));
#8522=CARTESIAN_POINT('',(0.158,0.0056,-1.99999999999853E-6));
#8523=CARTESIAN_POINT('',(0.158,0.0056,0.0155));
#8524=CARTESIAN_POINT('',(0.158,-0.0056,-1.99999999999853E-6));
#8525=CARTESIAN_POINT('',(0.158,-0.0056,0.0155));
#8526=CARTESIAN_POINT('',(0.1225,0.164314210770411,0.022));
#8527=CARTESIAN_POINT('',(0.1275,0.01,0.02));
#8528=CARTESIAN_POINT('',(0.130264934150055,0.01,0.018894026339978));
#8529=CARTESIAN_POINT('',(0.115894041363934,0.01,0.0246423834544263));
#8530=CARTESIAN_POINT('',(0.115894041363934,0.0075,0.0246423834544263));
#8531=CARTESIAN_POINT('',(0.115894041363934,-0.01,0.0246423834544263));
#8532=CARTESIAN_POINT('',(0.115894041363934,-0.01,0.0246423834544263));
#8533=CARTESIAN_POINT('',(0.13,-0.01,0.019));
#8534=CARTESIAN_POINT('',(0.130264934150055,-0.01,0.018894026339978));
#8535=CARTESIAN_POINT('',(0.130264934150055,0.,0.018894026339978));
#8536=CARTESIAN_POINT('',(0.145,0.164314210770411,0.0035));
#8537=CARTESIAN_POINT('',(0.135,0.0147696960070847,0.0035));
#8538=CARTESIAN_POINT('',(0.139471067811865,0.0126,0.0035));
#8539=CARTESIAN_POINT('',(0.139471067811865,-0.0126,0.0035));
#8540=CARTESIAN_POINT('',(0.145,0.164314210770411,0.0155));
#8541=CARTESIAN_POINT('',(0.135,-0.0146836245956949,0.0155));
#8542=CARTESIAN_POINT('',(0.139471067811865,-0.0126,0.0155));
#8543=CARTESIAN_POINT('',(0.139471067811865,0.0126,0.0155));
#8544=CARTESIAN_POINT('',(0.120643046618229,0.01,0.0173576165455737));
#8545=CARTESIAN_POINT('',(0.114037087982164,0.01,0.02));
#8546=CARTESIAN_POINT('',(0.130264934150055,0.01,0.018894026339978));
#8547=CARTESIAN_POINT('',(0.130264934150055,0.0107534242697702,0.018894026339978));
#8548=CARTESIAN_POINT('',(0.1303762809081,0.0122443116517208,0.0184532941275585));
#8549=CARTESIAN_POINT('',(0.131035112520842,0.0131831057962603,0.0173737897942623));
#8550=CARTESIAN_POINT('',(0.131542604657658,0.0134573953423419,0.0168880175184877));
#8551=CARTESIAN_POINT('',(0.114037087982164,0.01,0.02));
#8552=CARTESIAN_POINT('',(0.114037087982164,0.01,0.02));
#8553=CARTESIAN_POINT('',(0.114037087982164,0.164314210770411,0.02));
#8554=CARTESIAN_POINT('',(0.120643046618229,-0.01,0.0173576165455737));
#8555=CARTESIAN_POINT('',(0.114037087982164,-0.01,0.02));
#8556=CARTESIAN_POINT('',(0.131542604657658,-0.0134573953423419,0.0168880175184877));
#8557=CARTESIAN_POINT('',(0.131035402263432,-0.0131832623964469,0.0173735124521976));
#8558=CARTESIAN_POINT('',(0.130379340251636,-0.0122547348594956,0.0184469227959273));
#8559=CARTESIAN_POINT('',(0.130264934150055,-0.0107532921107695,0.018894026339978));
#8560=CARTESIAN_POINT('',(0.130264934150055,-0.01,0.018894026339978));
#8561=CARTESIAN_POINT('',(0.114037087982164,-0.01,0.02));
#8562=CARTESIAN_POINT('',(0.114037087982164,-0.01,0.02));
#8563=CARTESIAN_POINT('',(0.114037087982164,0.164314210770411,0.02));
#8564=CARTESIAN_POINT('',(0.139471067811865,0.0126,-1.99999999999853E-6));
#8565=CARTESIAN_POINT('',(0.139471067811865,0.0126,-1.99999999999853E-6));
#8566=CARTESIAN_POINT('',(0.139471067811865,-0.0126,-1.99999999999853E-6));
#8567=CARTESIAN_POINT('',(0.139471067811865,-0.0126,-1.99999999999853E-6));
#8568=CARTESIAN_POINT('',(0.135,0.164314210770411,-0.0015));
#8569=CARTESIAN_POINT('',(0.135,0.164314210770411,0.0205));
#8570=CARTESIAN_POINT('',(0.000229748456024276,-0.293,0.1283));
#8571=CARTESIAN_POINT('',(0.,0.003175,-0.0087249));
#8572=CARTESIAN_POINT('',(0.,0.,-0.0087249));
#8573=CARTESIAN_POINT('',(0.0140335,0.,-0.0087249));
#8574=CARTESIAN_POINT('',(0.,0.,-0.0087249));
#8575=CARTESIAN_POINT('',(0.0045,0.,-0.0087249));
#8576=CARTESIAN_POINT('',(0.,0.,0.0087249));
#8577=CARTESIAN_POINT('',(0.,0.,0.0012751));
#8578=CARTESIAN_POINT('',(-0.0045,0.,0.0012751));
#8579=CARTESIAN_POINT('',(0.00233904316334101,0.0109618647742995,-0.0073249));
#8580=CARTESIAN_POINT('',(0.00233904316334101,0.0109618647742995,-0.0002149));
#8581=CARTESIAN_POINT('',(0.00133928813502546,0.0109839980830846,-0.0002149));
#8582=CARTESIAN_POINT('',(0.00137772968952093,0.0106864080534666,-0.0002149));
#8583=CARTESIAN_POINT('',(0.00137772968952093,0.0106864080534666,-0.0073249));
#8584=CARTESIAN_POINT('',(0.00137772968952093,0.0106864080534666,-0.0073249));
#8585=CARTESIAN_POINT('',(0.00233904316334101,0.0109618647742995,-0.0073249));
#8586=CARTESIAN_POINT('',(0.00133928813502546,0.0109839980830846,-0.0073249));
#8587=CARTESIAN_POINT('',(0.00133928813502546,0.0109839980830846,-0.0073249));
#8588=CARTESIAN_POINT('',(0.00191125866749108,0.0108392865335289,-0.0073249));
#8589=CARTESIAN_POINT('',(0.00191125866749108,0.0108392865335289,-0.0002149));
#8590=CARTESIAN_POINT('',(0.00236032439140277,0.0105131500964237,-0.0002149));
#8591=CARTESIAN_POINT('',(0.00236032439140277,0.0105131500964237,-0.0073249));
#8592=CARTESIAN_POINT('',(0.00236032439140277,0.0105131500964237,-0.0073249));
#8593=CARTESIAN_POINT('',(0.00191125866749108,0.0108392865335289,-0.0073249));
#8594=CARTESIAN_POINT('',(0.00155119696093124,0.011100783316433,-0.0073249));
#8595=CARTESIAN_POINT('',(0.00155119696093124,0.011100783316433,-0.0002149));
#8596=CARTESIAN_POINT('',(0.00249822942107592,0.0107796454652969,-0.0002149));
#8597=CARTESIAN_POINT('',(0.00249822942107592,0.0107796454652969,-0.0073249));
#8598=CARTESIAN_POINT('',(0.00249822942107592,0.0107796454652969,-0.0073249));
#8599=CARTESIAN_POINT('',(0.00155119696093124,0.011100783316433,-0.0073249));
#8600=CARTESIAN_POINT('',(0.00264028429009763,0.0107314747876265,-0.0073249));
#8601=CARTESIAN_POINT('',(0.00264028429009763,0.0107314747876265,-0.0002149));
#8602=CARTESIAN_POINT('',(0.00267612038868286,0.0108771311436093,-0.0002149));
#8603=CARTESIAN_POINT('',(0.00267612038868286,0.0108771311436093,-0.0073249));
#8604=CARTESIAN_POINT('',(0.00267612038868286,0.0108771311436093,-0.0073249));
#8605=CARTESIAN_POINT('',(0.00264028429009763,0.0107314747876265,-0.0073249));
#8606=CARTESIAN_POINT('',(0.00615143620914153,0.00918125725676295,-0.0073249));
#8607=CARTESIAN_POINT('',(0.00615143620914153,0.00918125725676295,-0.0002149));
#8608=CARTESIAN_POINT('',(0.00603442363905606,0.00927510851377101,-0.0002149));
#8609=CARTESIAN_POINT('',(0.00623492853428936,0.00930587279207621,-0.0002149));
#8610=CARTESIAN_POINT('',(0.00623492853428936,0.00930587279207621,-0.0073249));
#8611=CARTESIAN_POINT('',(0.00623492853428936,0.00930587279207621,-0.0073249));
#8612=CARTESIAN_POINT('',(0.00615143620914153,0.00918125725676295,-0.0073249));
#8613=CARTESIAN_POINT('',(0.00603442363905606,0.00927510851377101,-0.0073249));
#8614=CARTESIAN_POINT('',(0.00603442363905606,0.00927510851377101,-0.0073249));
#8615=CARTESIAN_POINT('',(0.00594716016151379,0.00950078356049138,-0.0073249));
#8616=CARTESIAN_POINT('',(0.00594716016151379,0.00950078356049138,-0.0002149));
#8617=CARTESIAN_POINT('',(0.00501526777625502,0.00986351842550538,-0.0002149));
#8618=CARTESIAN_POINT('',(0.00494960923676373,0.00957072748467573,-0.0002149));
#8619=CARTESIAN_POINT('',(0.00494960923676373,0.00957072748467573,-0.0073249));
#8620=CARTESIAN_POINT('',(0.00494960923676373,0.00957072748467573,-0.0073249));
#8621=CARTESIAN_POINT('',(0.00594716016151379,0.00950078356049138,-0.0073249));
#8622=CARTESIAN_POINT('',(0.00501526777625502,0.00986351842550538,-0.0073249));
#8623=CARTESIAN_POINT('',(0.00501526777625502,0.00986351842550538,-0.0073249));
#8624=CARTESIAN_POINT('',(0.00525433983848624,0.00990078356049138,-0.0073249));
#8625=CARTESIAN_POINT('',(0.00525433983848624,0.00990078356049138,-0.0002149));
#8626=CARTESIAN_POINT('',(0.00581368851604528,0.00907185108018134,-0.0002149));
#8627=CARTESIAN_POINT('',(0.00525433983848624,0.00990078356049138,-0.0073249));
#8628=CARTESIAN_POINT('',(0.00581368851604528,0.00907185108018134,-0.0073249));
#8629=CARTESIAN_POINT('',(0.00581368851604528,0.00907185108018134,-0.0073249));
#8630=CARTESIAN_POINT('',(0.00550325,0.00953190860675342,-0.0073249));
#8631=CARTESIAN_POINT('',(0.00550325,0.00953190860675342,-0.0002149));
#8632=CARTESIAN_POINT('',(0.00550325,0.00953190860675342,-0.0073249));
#8633=CARTESIAN_POINT('',(0.00892063413583345,0.00652364459980792,-0.0073249));
#8634=CARTESIAN_POINT('',(0.00892063413583345,0.00652364459980792,-0.0002149));
#8635=CARTESIAN_POINT('',(0.00884277730755812,0.00665185658946141,-0.0002149));
#8636=CARTESIAN_POINT('',(0.00904171228091557,0.00661218884176342,-0.0002149));
#8637=CARTESIAN_POINT('',(0.00904171228091557,0.00661218884176342,-0.0073249));
#8638=CARTESIAN_POINT('',(0.00904171228091557,0.00661218884176342,-0.0073249));
#8639=CARTESIAN_POINT('',(0.00892063413583345,0.00652364459980792,-0.0073249));
#8640=CARTESIAN_POINT('',(0.00884277730755812,0.00665185658946141,-0.0073249));
#8641=CARTESIAN_POINT('',(0.00884277730755812,0.00665185658946141,-0.0073249));
#8642=CARTESIAN_POINT('',(0.00883796187347186,0.00689376763265616,-0.0073249));
#8643=CARTESIAN_POINT('',(0.00883796187347186,0.00689376763265616,-0.0002149));
#8644=CARTESIAN_POINT('',(0.00808633210619892,0.00755335287578189,-0.0002149));
#8645=CARTESIAN_POINT('',(0.00792449286160036,0.00730067593233867,-0.0002149));
#8646=CARTESIAN_POINT('',(0.00792449286160036,0.00730067593233867,-0.0073249));
#8647=CARTESIAN_POINT('',(0.00792449286160036,0.00730067593233867,-0.0073249));
#8648=CARTESIAN_POINT('',(0.00883796187347186,0.00689376763265616,-0.0073249));
#8649=CARTESIAN_POINT('',(0.00808633210619892,0.00755335287578189,-0.0073249));
#8650=CARTESIAN_POINT('',(0.00808633210619892,0.00755335287578189,-0.0073249));
#8651=CARTESIAN_POINT('',(0.00832373178572263,0.00750660318715134,-0.0073249));
#8652=CARTESIAN_POINT('',(0.00832373178572263,0.00750660318715134,-0.0002149));
#8653=CARTESIAN_POINT('',(0.00856583600474828,0.00653635293740648,-0.0002149));
#8654=CARTESIAN_POINT('',(0.00832373178572263,0.00750660318715134,-0.0073249));
#8655=CARTESIAN_POINT('',(0.00856583600474828,0.00653635293740648,-0.0073249));
#8656=CARTESIAN_POINT('',(0.00856583600474828,0.00653635293740648,-0.0073249));
#8657=CARTESIAN_POINT('',(0.00843146816318905,0.00707484182601488,-0.0073249));
#8658=CARTESIAN_POINT('',(0.00843146816318905,0.00707484182601488,-0.0002149));
#8659=CARTESIAN_POINT('',(0.00843146816318905,0.00707484182601488,-0.0073249));
#8660=CARTESIAN_POINT('',(0.0106138719312056,0.00307918412537572,-0.0073249));
#8661=CARTESIAN_POINT('',(0.0106138719312056,0.00307918412537572,-0.0002149));
#8662=CARTESIAN_POINT('',(0.0105845615272748,0.003226292589515,-0.0002149));
#8663=CARTESIAN_POINT('',(0.010757932085002,0.0031209773316198,-0.0002149));
#8664=CARTESIAN_POINT('',(0.010757932085002,0.0031209773316198,-0.0073249));
#8665=CARTESIAN_POINT('',(0.010757932085002,0.0031209773316198,-0.0073249));
#8666=CARTESIAN_POINT('',(0.0106138719312056,0.00307918412537572,-0.0073249));
#8667=CARTESIAN_POINT('',(0.0105845615272748,0.003226292589515,-0.0073249));
#8668=CARTESIAN_POINT('',(0.0105845615272748,0.003226292589515,-0.0073249));
#8669=CARTESIAN_POINT('',(0.0106627749490636,0.00345526158714809,-0.0073249));
#8670=CARTESIAN_POINT('',(0.0106627749490636,0.00345526158714809,-0.0002149));
#8671=CARTESIAN_POINT('',(0.0101820654425836,0.00433214149362315,-0.0002149));
#8672=CARTESIAN_POINT('',(0.0099435656942692,0.00415005511606013,-0.0002149));
#8673=CARTESIAN_POINT('',(0.0099435656942692,0.00415005511606013,-0.0073249));
#8674=CARTESIAN_POINT('',(0.0099435656942692,0.00415005511606013,-0.0073249));
#8675=CARTESIAN_POINT('',(0.0106627749490636,0.00345526158714809,-0.0073249));
#8676=CARTESIAN_POINT('',(0.0101820654425836,0.00433214149362315,-0.0073249));
#8677=CARTESIAN_POINT('',(0.0101820654425836,0.00433214149362315,-0.0073249));
#8678=CARTESIAN_POINT('',(0.0103891588344031,0.00420701568377681,-0.0073249));
#8679=CARTESIAN_POINT('',(0.0103891588344031,0.00420701568377681,-0.0002149));
#8680=CARTESIAN_POINT('',(0.0102848172530031,0.00321247416408498,-0.0002149));
#8681=CARTESIAN_POINT('',(0.0103891588344031,0.00420701568377681,-0.0073249));
#8682=CARTESIAN_POINT('',(0.0102848172530031,0.00321247416408498,-0.0073249));
#8683=CARTESIAN_POINT('',(0.0102848172530031,0.00321247416408498,-0.0073249));
#8684=CARTESIAN_POINT('',(0.0103427268306801,0.00376444470751395,-0.0073249));
#8685=CARTESIAN_POINT('',(0.0103427268306801,0.00376444470751395,-0.0002149));
#8686=CARTESIAN_POINT('',(0.0103427268306801,0.00376444470751395,-0.0073249));
#8687=CARTESIAN_POINT('',(0.0112015,-0.00040000000000004,-0.0073249));
#8688=CARTESIAN_POINT('',(0.0112015,-0.00040000000000004,-0.0002149));
#8689=CARTESIAN_POINT('',(0.011049691415311,0.000588409911734329,-0.0002149));
#8690=CARTESIAN_POINT('',(0.010763297752809,0.000498876404494345,-0.0002149));
#8691=CARTESIAN_POINT('',(0.010763297752809,0.000498876404494345,-0.0073249));
#8692=CARTESIAN_POINT('',(0.010763297752809,0.000498876404494345,-0.0073249));
#8693=CARTESIAN_POINT('',(0.0112015,-0.00040000000000004,-0.0073249));
#8694=CARTESIAN_POINT('',(0.011049691415311,0.000588409911734329,-0.0073249));
#8695=CARTESIAN_POINT('',(0.011049691415311,0.000588409911734329,-0.0073249));
#8696=CARTESIAN_POINT('',(0.0112015,0.000399999999999962,-0.0073249));
#8697=CARTESIAN_POINT('',(0.0112015,0.000399999999999962,-0.0002149));
#8698=CARTESIAN_POINT('',(0.010763297752809,-0.000498876404494418,-0.0002149));
#8699=CARTESIAN_POINT('',(0.011049691415311,-0.000588409911734404,-0.0002149));
#8700=CARTESIAN_POINT('',(0.011049691415311,-0.000588409911734404,-0.0073249));
#8701=CARTESIAN_POINT('',(0.011049691415311,-0.000588409911734404,-0.0073249));
#8702=CARTESIAN_POINT('',(0.0112015,0.000399999999999962,-0.0073249));
#8703=CARTESIAN_POINT('',(0.010763297752809,-0.000498876404494418,-0.0073249));
#8704=CARTESIAN_POINT('',(0.010763297752809,-0.000498876404494418,-0.0073249));
#8705=CARTESIAN_POINT('',(0.0110065,-3.84289893559769E-17,-0.0073249));
#8706=CARTESIAN_POINT('',(0.0110065,-3.84289893559769E-17,-0.0002149));
#8707=CARTESIAN_POINT('',(0.0110065,-3.84289893559769E-17,-0.0073249));
#8708=CARTESIAN_POINT('',(0.0106138719312056,-0.0030791841253758,-0.0073249));
#8709=CARTESIAN_POINT('',(0.0106138719312056,-0.0030791841253758,-0.0002149));
#8710=CARTESIAN_POINT('',(0.010757932085002,-0.00312097733161987,-0.0002149));
#8711=CARTESIAN_POINT('',(0.0105845615272748,-0.00322629258951507,-0.0002149));
#8712=CARTESIAN_POINT('',(0.0105845615272748,-0.00322629258951507,-0.0073249));
#8713=CARTESIAN_POINT('',(0.0105845615272748,-0.00322629258951507,-0.0073249));
#8714=CARTESIAN_POINT('',(0.0106138719312056,-0.0030791841253758,-0.0073249));
#8715=CARTESIAN_POINT('',(0.010757932085002,-0.00312097733161987,-0.0073249));
#8716=CARTESIAN_POINT('',(0.010757932085002,-0.00312097733161987,-0.0073249));
#8717=CARTESIAN_POINT('',(0.0103891588344031,-0.00420701568377688,-0.0073249));
#8718=CARTESIAN_POINT('',(0.0103891588344031,-0.00420701568377688,-0.0002149));
#8719=CARTESIAN_POINT('',(0.0102848172530031,-0.00321247416408504,-0.0002149));
#8720=CARTESIAN_POINT('',(0.0102848172530031,-0.00321247416408504,-0.0073249));
#8721=CARTESIAN_POINT('',(0.0102848172530031,-0.00321247416408504,-0.0073249));
#8722=CARTESIAN_POINT('',(0.0103891588344031,-0.00420701568377688,-0.0073249));
#8723=CARTESIAN_POINT('',(0.0106627749490636,-0.00345526158714816,-0.0073249));
#8724=CARTESIAN_POINT('',(0.0106627749490636,-0.00345526158714816,-0.0002149));
#8725=CARTESIAN_POINT('',(0.00994356569426917,-0.0041500551160602,-0.0002149));
#8726=CARTESIAN_POINT('',(0.0101820654425835,-0.00433214149362321,-0.0002149));
#8727=CARTESIAN_POINT('',(0.0101820654425835,-0.00433214149362321,-0.0073249));
#8728=CARTESIAN_POINT('',(0.0101820654425835,-0.00433214149362321,-0.0073249));
#8729=CARTESIAN_POINT('',(0.0106627749490636,-0.00345526158714816,-0.0073249));
#8730=CARTESIAN_POINT('',(0.00994356569426917,-0.0041500551160602,-0.0073249));
#8731=CARTESIAN_POINT('',(0.00994356569426917,-0.0041500551160602,-0.0073249));
#8732=CARTESIAN_POINT('',(0.0103427268306801,-0.00376444470751401,-0.0073249));
#8733=CARTESIAN_POINT('',(0.0103427268306801,-0.00376444470751401,-0.0002149));
#8734=CARTESIAN_POINT('',(0.0103427268306801,-0.00376444470751401,-0.0073249));
#8735=CARTESIAN_POINT('',(0.0089206341358334,-0.00652364459980798,-0.0073249));
#8736=CARTESIAN_POINT('',(0.0089206341358334,-0.00652364459980798,-0.0002149));
#8737=CARTESIAN_POINT('',(0.00904171228091552,-0.00661218884176348,-0.0002149));
#8738=CARTESIAN_POINT('',(0.00884277730755808,-0.00665185658946147,-0.0002149));
#8739=CARTESIAN_POINT('',(0.00884277730755808,-0.00665185658946147,-0.0073249));
#8740=CARTESIAN_POINT('',(0.00884277730755808,-0.00665185658946147,-0.0073249));
#8741=CARTESIAN_POINT('',(0.0089206341358334,-0.00652364459980798,-0.0073249));
#8742=CARTESIAN_POINT('',(0.00904171228091552,-0.00661218884176348,-0.0073249));
#8743=CARTESIAN_POINT('',(0.00904171228091552,-0.00661218884176348,-0.0073249));
#8744=CARTESIAN_POINT('',(0.00832373178572258,-0.0075066031871514,-0.0073249));
#8745=CARTESIAN_POINT('',(0.00832373178572258,-0.0075066031871514,-0.0002149));
#8746=CARTESIAN_POINT('',(0.00856583600474824,-0.00653635293740653,-0.0002149));
#8747=CARTESIAN_POINT('',(0.00856583600474824,-0.00653635293740653,-0.0073249));
#8748=CARTESIAN_POINT('',(0.00856583600474824,-0.00653635293740653,-0.0073249));
#8749=CARTESIAN_POINT('',(0.00832373178572258,-0.0075066031871514,-0.0073249));
#8750=CARTESIAN_POINT('',(0.00883796187347181,-0.00689376763265622,-0.0073249));
#8751=CARTESIAN_POINT('',(0.00883796187347181,-0.00689376763265622,-0.0002149));
#8752=CARTESIAN_POINT('',(0.00792449286160031,-0.00730067593233872,-0.0002149));
#8753=CARTESIAN_POINT('',(0.00808633210619887,-0.00755335287578194,-0.0002149));
#8754=CARTESIAN_POINT('',(0.00808633210619887,-0.00755335287578194,-0.0073249));
#8755=CARTESIAN_POINT('',(0.00808633210619887,-0.00755335287578194,-0.0073249));
#8756=CARTESIAN_POINT('',(0.00883796187347181,-0.00689376763265622,-0.0073249));
#8757=CARTESIAN_POINT('',(0.00792449286160031,-0.00730067593233872,-0.0073249));
#8758=CARTESIAN_POINT('',(0.00792449286160031,-0.00730067593233872,-0.0073249));
#8759=CARTESIAN_POINT('',(0.008431468163189,-0.00707484182601494,-0.0073249));
#8760=CARTESIAN_POINT('',(0.008431468163189,-0.00707484182601494,-0.0002149));
#8761=CARTESIAN_POINT('',(0.008431468163189,-0.00707484182601494,-0.0073249));
#8762=CARTESIAN_POINT('',(0.00615143620914147,-0.009181257256763,-0.0073249));
#8763=CARTESIAN_POINT('',(0.00615143620914147,-0.009181257256763,-0.0002149));
#8764=CARTESIAN_POINT('',(0.0062349285342893,-0.00930587279207626,-0.0002149));
#8765=CARTESIAN_POINT('',(0.00603442363905599,-0.00927510851377105,-0.0002149));
#8766=CARTESIAN_POINT('',(0.00603442363905599,-0.00927510851377105,-0.0073249));
#8767=CARTESIAN_POINT('',(0.00603442363905599,-0.00927510851377105,-0.0073249));
#8768=CARTESIAN_POINT('',(0.00615143620914147,-0.009181257256763,-0.0073249));
#8769=CARTESIAN_POINT('',(0.0062349285342893,-0.00930587279207625,-0.0073249));
#8770=CARTESIAN_POINT('',(0.0062349285342893,-0.00930587279207626,-0.0073249));
#8771=CARTESIAN_POINT('',(0.00525433983848617,-0.00990078356049142,-0.0073249));
#8772=CARTESIAN_POINT('',(0.00525433983848617,-0.00990078356049142,-0.0002149));
#8773=CARTESIAN_POINT('',(0.00581368851604522,-0.00907185108018138,-0.0002149));
#8774=CARTESIAN_POINT('',(0.00581368851604522,-0.00907185108018138,-0.0073249));
#8775=CARTESIAN_POINT('',(0.00581368851604522,-0.00907185108018138,-0.0073249));
#8776=CARTESIAN_POINT('',(0.00525433983848617,-0.00990078356049142,-0.0073249));
#8777=CARTESIAN_POINT('',(0.00594716016151372,-0.00950078356049142,-0.0073249));
#8778=CARTESIAN_POINT('',(0.00594716016151372,-0.00950078356049142,-0.0002149));
#8779=CARTESIAN_POINT('',(0.00494960923676366,-0.00957072748467576,-0.0002149));
#8780=CARTESIAN_POINT('',(0.00501526777625495,-0.00986351842550541,-0.0002149));
#8781=CARTESIAN_POINT('',(0.00501526777625495,-0.00986351842550541,-0.0073249));
#8782=CARTESIAN_POINT('',(0.00501526777625495,-0.00986351842550541,-0.0073249));
#8783=CARTESIAN_POINT('',(0.00594716016151372,-0.00950078356049142,-0.0073249));
#8784=CARTESIAN_POINT('',(0.00494960923676366,-0.00957072748467576,-0.0073249));
#8785=CARTESIAN_POINT('',(0.00494960923676366,-0.00957072748467576,-0.0073249));
#8786=CARTESIAN_POINT('',(0.00550325,-0.00953190860675346,-0.0073249));
#8787=CARTESIAN_POINT('',(0.00550325,-0.00953190860675346,-0.0002149));
#8788=CARTESIAN_POINT('',(0.00550325,-0.00953190860675346,-0.0073249));
#8789=CARTESIAN_POINT('',(0.00264028429009756,-0.0107314747876265,-0.0073249));
#8790=CARTESIAN_POINT('',(0.00264028429009756,-0.0107314747876265,-0.0002149));
#8791=CARTESIAN_POINT('',(0.00267612038868278,-0.0108771311436093,-0.0002149));
#8792=CARTESIAN_POINT('',(0.00249822942107585,-0.0107796454652969,-0.0002149));
#8793=CARTESIAN_POINT('',(0.00249822942107585,-0.0107796454652969,-0.0073249));
#8794=CARTESIAN_POINT('',(0.00249822942107585,-0.0107796454652969,-0.0073249));
#8795=CARTESIAN_POINT('',(0.00264028429009756,-0.0107314747876265,-0.0073249));
#8796=CARTESIAN_POINT('',(0.00267612038868278,-0.0108771311436093,-0.0073249));
#8797=CARTESIAN_POINT('',(0.00267612038868278,-0.0108771311436093,-0.0073249));
#8798=CARTESIAN_POINT('',(0.00155119696093117,-0.011100783316433,-0.0073249));
#8799=CARTESIAN_POINT('',(0.00155119696093117,-0.011100783316433,-0.0002149));
#8800=CARTESIAN_POINT('',(0.00236032439140271,-0.0105131500964237,-0.0002149));
#8801=CARTESIAN_POINT('',(0.00236032439140271,-0.0105131500964237,-0.0073249));
#8802=CARTESIAN_POINT('',(0.00236032439140271,-0.0105131500964237,-0.0073249));
#8803=CARTESIAN_POINT('',(0.00155119696093117,-0.011100783316433,-0.0073249));
#8804=CARTESIAN_POINT('',(0.00233904316334094,-0.0109618647742995,-0.0073249));
#8805=CARTESIAN_POINT('',(0.00233904316334094,-0.0109618647742995,-0.0002149));
#8806=CARTESIAN_POINT('',(0.00137772968952086,-0.0106864080534666,-0.0002149));
#8807=CARTESIAN_POINT('',(0.00133928813502539,-0.0109839980830846,-0.0002149));
#8808=CARTESIAN_POINT('',(0.00133928813502539,-0.0109839980830846,-0.0073249));
#8809=CARTESIAN_POINT('',(0.00133928813502539,-0.0109839980830846,-0.0073249));
#8810=CARTESIAN_POINT('',(0.00233904316334094,-0.0109618647742995,-0.0073249));
#8811=CARTESIAN_POINT('',(0.00137772968952086,-0.0106864080534666,-0.0073249));
#8812=CARTESIAN_POINT('',(0.00137772968952086,-0.0106864080534666,-0.0073249));
#8813=CARTESIAN_POINT('',(0.001911258667491,-0.0108392865335289,-0.0073249));
#8814=CARTESIAN_POINT('',(0.001911258667491,-0.0108392865335289,-0.0002149));
#8815=CARTESIAN_POINT('',(0.001911258667491,-0.0108392865335289,-0.0073249));
#8816=CARTESIAN_POINT('',(-0.0026402842900977,-0.0107314747876265,-0.0073249));
#8817=CARTESIAN_POINT('',(-0.0026402842900977,-0.0107314747876265,-0.0002149));
#8818=CARTESIAN_POINT('',(-0.002498229421076,-0.0107796454652969,-0.0002149));
#8819=CARTESIAN_POINT('',(-0.00267612038868293,-0.0108771311436093,-0.0002149));
#8820=CARTESIAN_POINT('',(-0.00267612038868293,-0.0108771311436093,-0.0073249));
#8821=CARTESIAN_POINT('',(-0.00267612038868293,-0.0108771311436093,-0.0073249));
#8822=CARTESIAN_POINT('',(-0.0026402842900977,-0.0107314747876265,-0.0073249));
#8823=CARTESIAN_POINT('',(-0.002498229421076,-0.0107796454652969,-0.0073249));
#8824=CARTESIAN_POINT('',(-0.002498229421076,-0.0107796454652969,-0.0073249));
#8825=CARTESIAN_POINT('',(-0.0011893248807782,-0.0109873180794024,-0.0073249));
#8826=CARTESIAN_POINT('',(-0.0011893248807782,-0.0109873180794024,-0.0002149));
#8827=CARTESIAN_POINT('',(-0.00120546737112944,-0.0111364469498643,-0.0002149));
#8828=CARTESIAN_POINT('',(-0.00133928813502553,-0.0109839980830846,-0.0002149));
#8829=CARTESIAN_POINT('',(-0.00133928813502553,-0.0109839980830846,-0.0073249));
#8830=CARTESIAN_POINT('',(-0.00133928813502553,-0.0109839980830846,-0.0073249));
#8831=CARTESIAN_POINT('',(-0.0011893248807782,-0.0109873180794024,-0.0073249));
#8832=CARTESIAN_POINT('',(-0.00120546737112945,-0.0111364469498643,-0.0073249));
#8833=CARTESIAN_POINT('',(-0.00120546737112944,-0.0111364469498643,-0.0073249));
#8834=CARTESIAN_POINT('',(-0.00155119696093131,-0.011100783316433,-0.0073249));
#8835=CARTESIAN_POINT('',(-0.00155119696093131,-0.011100783316433,-0.0002149));
#8836=CARTESIAN_POINT('',(-0.00236032439140285,-0.0105131500964237,-0.0002149));
#8837=CARTESIAN_POINT('',(-0.00155119696093131,-0.011100783316433,-0.0073249));
#8838=CARTESIAN_POINT('',(-0.00236032439140285,-0.0105131500964237,-0.0073249));
#8839=CARTESIAN_POINT('',(-0.00236032439140285,-0.0105131500964237,-0.0073249));
#8840=CARTESIAN_POINT('',(-0.00191125866749115,-0.0108392865335289,-0.0073249));
#8841=CARTESIAN_POINT('',(-0.00191125866749115,-0.0108392865335289,-0.0002149));
#8842=CARTESIAN_POINT('',(-0.001377729689521,-0.0106864080534666,-0.0002149));
#8843=CARTESIAN_POINT('',(-0.00191125866749115,-0.0108392865335289,-0.0073249));
#8844=CARTESIAN_POINT('',(-0.001377729689521,-0.0106864080534666,-0.0073249));
#8845=CARTESIAN_POINT('',(-0.001377729689521,-0.0106864080534666,-0.0073249));
#8846=CARTESIAN_POINT('',(-0.0061514362091416,-0.00918125725676291,-0.0073249));
#8847=CARTESIAN_POINT('',(-0.0061514362091416,-0.00918125725676291,-0.0002149));
#8848=CARTESIAN_POINT('',(-0.00603442363905612,-0.00927510851377097,-0.0002149));
#8849=CARTESIAN_POINT('',(-0.00623492853428943,-0.00930587279207617,-0.0002149));
#8850=CARTESIAN_POINT('',(-0.00623492853428943,-0.00930587279207617,-0.0073249));
#8851=CARTESIAN_POINT('',(-0.00623492853428943,-0.00930587279207617,-0.0073249));
#8852=CARTESIAN_POINT('',(-0.0061514362091416,-0.00918125725676291,-0.0073249));
#8853=CARTESIAN_POINT('',(-0.00603442363905612,-0.00927510851377097,-0.0073249));
#8854=CARTESIAN_POINT('',(-0.00603442363905612,-0.00927510851377097,-0.0073249));
#8855=CARTESIAN_POINT('',(-0.00487548391846627,-0.00991792865525744,-0.0073249));
#8856=CARTESIAN_POINT('',(-0.00487548391846627,-0.00991792865525744,-0.0002149));
#8857=CARTESIAN_POINT('',(-0.00494165797517984,-0.0100525428975131,-0.0002149));
#8858=CARTESIAN_POINT('',(-0.00501526777625509,-0.00986351842550534,-0.0002149));
#8859=CARTESIAN_POINT('',(-0.00501526777625509,-0.00986351842550534,-0.0073249));
#8860=CARTESIAN_POINT('',(-0.00501526777625509,-0.00986351842550534,-0.0073249));
#8861=CARTESIAN_POINT('',(-0.00487548391846627,-0.00991792865525744,-0.0073249));
#8862=CARTESIAN_POINT('',(-0.00494165797517984,-0.0100525428975131,-0.0073249));
#8863=CARTESIAN_POINT('',(-0.00494165797517984,-0.0100525428975131,-0.0073249));
#8864=CARTESIAN_POINT('',(-0.00594716016151385,-0.00950078356049134,-0.0073249));
#8865=CARTESIAN_POINT('',(-0.00594716016151385,-0.00950078356049134,-0.0002149));
#8866=CARTESIAN_POINT('',(-0.00494960923676379,-0.00957072748467569,-0.0002149));
#8867=CARTESIAN_POINT('',(-0.00494960923676379,-0.00957072748467569,-0.0073249));
#8868=CARTESIAN_POINT('',(-0.00494960923676379,-0.00957072748467569,-0.0073249));
#8869=CARTESIAN_POINT('',(-0.00594716016151385,-0.00950078356049134,-0.0073249));
#8870=CARTESIAN_POINT('',(-0.00525433983848631,-0.00990078356049134,-0.0073249));
#8871=CARTESIAN_POINT('',(-0.00525433983848631,-0.00990078356049134,-0.0002149));
#8872=CARTESIAN_POINT('',(-0.00581368851604534,-0.0090718510801813,-0.0002149));
#8873=CARTESIAN_POINT('',(-0.00525433983848631,-0.00990078356049134,-0.0073249));
#8874=CARTESIAN_POINT('',(-0.00581368851604534,-0.0090718510801813,-0.0073249));
#8875=CARTESIAN_POINT('',(-0.00581368851604534,-0.0090718510801813,-0.0073249));
#8876=CARTESIAN_POINT('',(-0.00892063413583349,-0.00652364459980786,-0.0073249));
#8877=CARTESIAN_POINT('',(-0.00892063413583349,-0.00652364459980786,-0.0002149));
#8878=CARTESIAN_POINT('',(-0.00884277730755816,-0.00665185658946135,-0.0002149));
#8879=CARTESIAN_POINT('',(-0.00904171228091561,-0.00661218884176336,-0.0002149));
#8880=CARTESIAN_POINT('',(-0.00904171228091561,-0.00661218884176336,-0.0073249));
#8881=CARTESIAN_POINT('',(-0.00904171228091561,-0.00661218884176336,-0.0073249));
#8882=CARTESIAN_POINT('',(-0.00892063413583349,-0.00652364459980786,-0.0073249));
#8883=CARTESIAN_POINT('',(-0.00884277730755816,-0.00665185658946135,-0.0073249));
#8884=CARTESIAN_POINT('',(-0.00884277730755816,-0.00665185658946135,-0.0073249));
#8885=CARTESIAN_POINT('',(-0.00797358764110803,-0.0076522906622507,-0.0073249));
#8886=CARTESIAN_POINT('',(-0.00797358764110803,-0.0076522906622507,-0.0002149));
#8887=CARTESIAN_POINT('',(-0.0080818116963192,-0.00775615381198943,-0.0002149));
#8888=CARTESIAN_POINT('',(-0.00808633210619897,-0.00755335287578184,-0.0002149));
#8889=CARTESIAN_POINT('',(-0.00808633210619897,-0.00755335287578184,-0.0073249));
#8890=CARTESIAN_POINT('',(-0.00808633210619897,-0.00755335287578184,-0.0073249));
#8891=CARTESIAN_POINT('',(-0.00797358764110803,-0.0076522906622507,-0.0073249));
#8892=CARTESIAN_POINT('',(-0.0080818116963192,-0.00775615381198943,-0.0073249));
#8893=CARTESIAN_POINT('',(-0.0080818116963192,-0.00775615381198943,-0.0073249));
#8894=CARTESIAN_POINT('',(-0.00883796187347191,-0.0068937676326561,-0.0073249));
#8895=CARTESIAN_POINT('',(-0.00883796187347191,-0.0068937676326561,-0.0002149));
#8896=CARTESIAN_POINT('',(-0.00792449286160041,-0.00730067593233862,-0.0002149));
#8897=CARTESIAN_POINT('',(-0.00792449286160041,-0.00730067593233862,-0.0073249));
#8898=CARTESIAN_POINT('',(-0.00792449286160041,-0.00730067593233862,-0.0073249));
#8899=CARTESIAN_POINT('',(-0.00883796187347191,-0.0068937676326561,-0.0073249));
#8900=CARTESIAN_POINT('',(-0.00832373178572268,-0.00750660318715129,-0.0073249));
#8901=CARTESIAN_POINT('',(-0.00832373178572268,-0.00750660318715129,-0.0002149));
#8902=CARTESIAN_POINT('',(-0.00856583600474832,-0.00653635293740642,-0.0002149));
#8903=CARTESIAN_POINT('',(-0.00832373178572268,-0.00750660318715129,-0.0073249));
#8904=CARTESIAN_POINT('',(-0.00856583600474832,-0.00653635293740642,-0.0073249));
#8905=CARTESIAN_POINT('',(-0.00856583600474832,-0.00653635293740642,-0.0073249));
#8906=CARTESIAN_POINT('',(-0.0106138719312056,-0.00307918412537566,-0.0073249));
#8907=CARTESIAN_POINT('',(-0.0106138719312056,-0.00307918412537566,-0.0002149));
#8908=CARTESIAN_POINT('',(-0.0105845615272749,-0.00322629258951493,-0.0002149));
#8909=CARTESIAN_POINT('',(-0.010757932085002,-0.00312097733161973,-0.0002149));
#8910=CARTESIAN_POINT('',(-0.010757932085002,-0.00312097733161973,-0.0073249));
#8911=CARTESIAN_POINT('',(-0.010757932085002,-0.00312097733161973,-0.0073249));
#8912=CARTESIAN_POINT('',(-0.0106138719312056,-0.00307918412537566,-0.0073249));
#8913=CARTESIAN_POINT('',(-0.0105845615272749,-0.00322629258951493,-0.0073249));
#8914=CARTESIAN_POINT('',(-0.0105845615272749,-0.00322629258951493,-0.0073249));
#8915=CARTESIAN_POINT('',(-0.0101099590166116,-0.00446367347959434,-0.0073249));
#8916=CARTESIAN_POINT('',(-0.0101099590166116,-0.00446367347959434,-0.0002149));
#8917=CARTESIAN_POINT('',(-0.010247179652045,-0.0045242581081008,-0.0002149));
#8918=CARTESIAN_POINT('',(-0.0101820654425836,-0.00433214149362308,-0.0002149));
#8919=CARTESIAN_POINT('',(-0.0101820654425836,-0.00433214149362308,-0.0073249));
#8920=CARTESIAN_POINT('',(-0.0101820654425836,-0.00433214149362308,-0.0073249));
#8921=CARTESIAN_POINT('',(-0.0101099590166116,-0.00446367347959434,-0.0073249));
#8922=CARTESIAN_POINT('',(-0.010247179652045,-0.00452425810810079,-0.0073249));
#8923=CARTESIAN_POINT('',(-0.010247179652045,-0.0045242581081008,-0.0073249));
#8924=CARTESIAN_POINT('',(-0.0106627749490636,-0.00345526158714801,-0.0073249));
#8925=CARTESIAN_POINT('',(-0.0106627749490636,-0.00345526158714801,-0.0002149));
#8926=CARTESIAN_POINT('',(-0.00994356569426923,-0.00415005511606006,-0.0002149));
#8927=CARTESIAN_POINT('',(-0.00994356569426923,-0.00415005511606006,-0.0073249));
#8928=CARTESIAN_POINT('',(-0.00994356569426923,-0.00415005511606006,-0.0073249));
#8929=CARTESIAN_POINT('',(-0.0106627749490636,-0.00345526158714801,-0.0073249));
#8930=CARTESIAN_POINT('',(-0.0103891588344031,-0.00420701568377675,-0.0073249));
#8931=CARTESIAN_POINT('',(-0.0103891588344031,-0.00420701568377675,-0.0002149));
#8932=CARTESIAN_POINT('',(-0.0102848172530031,-0.00321247416408491,-0.0002149));
#8933=CARTESIAN_POINT('',(-0.0103891588344031,-0.00420701568377675,-0.0073249));
#8934=CARTESIAN_POINT('',(-0.0102848172530031,-0.00321247416408491,-0.0073249));
#8935=CARTESIAN_POINT('',(-0.0102848172530031,-0.00321247416408491,-0.0073249));
#8936=CARTESIAN_POINT('',(-0.0110269201276077,0.000736671398494638,-0.0073249));
#8937=CARTESIAN_POINT('',(-0.0110269201276077,0.000736671398494638,-0.0002149));
#8938=CARTESIAN_POINT('',(-0.011049691415311,0.000588409911734481,-0.0002149));
#8939=CARTESIAN_POINT('',(-0.0111765865094691,0.000746670105437062,-0.0002149));
#8940=CARTESIAN_POINT('',(-0.0111765865094691,0.000746670105437062,-0.0073249));
#8941=CARTESIAN_POINT('',(-0.0111765865094691,0.000746670105437062,-0.0073249));
#8942=CARTESIAN_POINT('',(-0.0110269201276077,0.000736671398494638,-0.0073249));
#8943=CARTESIAN_POINT('',(-0.011049691415311,0.000588409911734481,-0.0073249));
#8944=CARTESIAN_POINT('',(-0.011049691415311,0.000588409911734481,-0.0073249));
#8945=CARTESIAN_POINT('',(-0.0110269201276077,-0.000736671398494407,-0.0073249));
#8946=CARTESIAN_POINT('',(-0.0110269201276077,-0.000736671398494407,-0.0002149));
#8947=CARTESIAN_POINT('',(-0.0111765865094691,-0.000746670105436826,-0.0002149));
#8948=CARTESIAN_POINT('',(-0.0110496914153111,-0.000588409911734252,-0.0002149));
#8949=CARTESIAN_POINT('',(-0.0110496914153111,-0.000588409911734252,-0.0073249));
#8950=CARTESIAN_POINT('',(-0.0110496914153111,-0.000588409911734252,-0.0073249));
#8951=CARTESIAN_POINT('',(-0.0110269201276077,-0.000736671398494407,-0.0073249));
#8952=CARTESIAN_POINT('',(-0.0111765865094691,-0.000746670105436824,-0.0073249));
#8953=CARTESIAN_POINT('',(-0.0111765865094691,-0.000746670105436826,-0.0073249));
#8954=CARTESIAN_POINT('',(-0.0112015,0.000400000000000117,-0.0073249));
#8955=CARTESIAN_POINT('',(-0.0112015,0.000400000000000117,-0.0002149));
#8956=CARTESIAN_POINT('',(-0.010763297752809,-0.00049887640449427,-0.0002149));
#8957=CARTESIAN_POINT('',(-0.010763297752809,-0.00049887640449427,-0.0073249));
#8958=CARTESIAN_POINT('',(-0.010763297752809,-0.00049887640449427,-0.0073249));
#8959=CARTESIAN_POINT('',(-0.0112015,0.000400000000000117,-0.0073249));
#8960=CARTESIAN_POINT('',(-0.0112015,-0.000399999999999883,-0.0073249));
#8961=CARTESIAN_POINT('',(-0.0112015,-0.000399999999999883,-0.0002149));
#8962=CARTESIAN_POINT('',(-0.010763297752809,0.000498876404494494,-0.0002149));
#8963=CARTESIAN_POINT('',(-0.0112015,-0.000399999999999883,-0.0073249));
#8964=CARTESIAN_POINT('',(-0.010763297752809,0.000498876404494494,-0.0073249));
#8965=CARTESIAN_POINT('',(-0.010763297752809,0.000498876404494494,-0.0073249));
#8966=CARTESIAN_POINT('',(-0.0101099590166115,0.00446367347959454,-0.0073249));
#8967=CARTESIAN_POINT('',(-0.0101099590166115,0.00446367347959454,-0.0002149));
#8968=CARTESIAN_POINT('',(-0.0101820654425835,0.00433214149362328,-0.0002149));
#8969=CARTESIAN_POINT('',(-0.0102471796520449,0.004524258108101,-0.0002149));
#8970=CARTESIAN_POINT('',(-0.0102471796520449,0.004524258108101,-0.0073249));
#8971=CARTESIAN_POINT('',(-0.0102471796520449,0.004524258108101,-0.0073249));
#8972=CARTESIAN_POINT('',(-0.0101099590166115,0.00446367347959454,-0.0073249));
#8973=CARTESIAN_POINT('',(-0.0101820654425835,0.00433214149362328,-0.0073249));
#8974=CARTESIAN_POINT('',(-0.0101820654425835,0.00433214149362328,-0.0073249));
#8975=CARTESIAN_POINT('',(-0.0106138719312056,0.00307918412537587,-0.0073249));
#8976=CARTESIAN_POINT('',(-0.0106138719312056,0.00307918412537587,-0.0002149));
#8977=CARTESIAN_POINT('',(-0.0107579320850019,0.00312097733161995,-0.0002149));
#8978=CARTESIAN_POINT('',(-0.0105845615272748,0.00322629258951514,-0.0002149));
#8979=CARTESIAN_POINT('',(-0.0105845615272748,0.00322629258951514,-0.0073249));
#8980=CARTESIAN_POINT('',(-0.0105845615272748,0.00322629258951514,-0.0073249));
#8981=CARTESIAN_POINT('',(-0.0106138719312056,0.00307918412537587,-0.0073249));
#8982=CARTESIAN_POINT('',(-0.0107579320850019,0.00312097733161995,-0.0073249));
#8983=CARTESIAN_POINT('',(-0.0107579320850019,0.00312097733161995,-0.0073249));
#8984=CARTESIAN_POINT('',(-0.010389158834403,0.00420701568377695,-0.0073249));
#8985=CARTESIAN_POINT('',(-0.010389158834403,0.00420701568377695,-0.0002149));
#8986=CARTESIAN_POINT('',(-0.0102848172530031,0.00321247416408512,-0.0002149));
#8987=CARTESIAN_POINT('',(-0.0102848172530031,0.00321247416408512,-0.0073249));
#8988=CARTESIAN_POINT('',(-0.0102848172530031,0.00321247416408512,-0.0073249));
#8989=CARTESIAN_POINT('',(-0.010389158834403,0.00420701568377695,-0.0073249));
#8990=CARTESIAN_POINT('',(-0.0106627749490636,0.00345526158714823,-0.0073249));
#8991=CARTESIAN_POINT('',(-0.0106627749490636,0.00345526158714823,-0.0002149));
#8992=CARTESIAN_POINT('',(-0.00994356569426915,0.00415005511606026,-0.0002149));
#8993=CARTESIAN_POINT('',(-0.0106627749490636,0.00345526158714823,-0.0073249));
#8994=CARTESIAN_POINT('',(-0.00994356569426915,0.00415005511606026,-0.0073249));
#8995=CARTESIAN_POINT('',(-0.00994356569426915,0.00415005511606026,-0.0073249));
#8996=CARTESIAN_POINT('',(-0.00797358764110788,0.00765229066225086,-0.0073249));
#8997=CARTESIAN_POINT('',(-0.00797358764110788,0.00765229066225086,-0.0002149));
#8998=CARTESIAN_POINT('',(-0.00808633210619882,0.007553352875782,-0.0002149));
#8999=CARTESIAN_POINT('',(-0.00808181169631904,0.00775615381198959,-0.0002149));
#9000=CARTESIAN_POINT('',(-0.00808181169631904,0.00775615381198959,-0.0073249));
#9001=CARTESIAN_POINT('',(-0.00808181169631904,0.00775615381198959,-0.0073249));
#9002=CARTESIAN_POINT('',(-0.00797358764110788,0.00765229066225086,-0.0073249));
#9003=CARTESIAN_POINT('',(-0.00808633210619882,0.007553352875782,-0.0073249));
#9004=CARTESIAN_POINT('',(-0.00808633210619882,0.007553352875782,-0.0073249));
#9005=CARTESIAN_POINT('',(-0.00892063413583336,0.00652364459980804,-0.0073249));
#9006=CARTESIAN_POINT('',(-0.00892063413583336,0.00652364459980804,-0.0002149));
#9007=CARTESIAN_POINT('',(-0.00904171228091548,0.00661218884176354,-0.0002149));
#9008=CARTESIAN_POINT('',(-0.00884277730755803,0.00665185658946153,-0.0002149));
#9009=CARTESIAN_POINT('',(-0.00884277730755803,0.00665185658946153,-0.0073249));
#9010=CARTESIAN_POINT('',(-0.00884277730755803,0.00665185658946153,-0.0073249));
#9011=CARTESIAN_POINT('',(-0.00892063413583336,0.00652364459980804,-0.0073249));
#9012=CARTESIAN_POINT('',(-0.00904171228091548,0.00661218884176354,-0.0073249));
#9013=CARTESIAN_POINT('',(-0.00904171228091548,0.00661218884176354,-0.0073249));
#9014=CARTESIAN_POINT('',(-0.00832373178572253,0.00750660318715146,-0.0073249));
#9015=CARTESIAN_POINT('',(-0.00832373178572253,0.00750660318715146,-0.0002149));
#9016=CARTESIAN_POINT('',(-0.00856583600474819,0.00653635293740659,-0.0002149));
#9017=CARTESIAN_POINT('',(-0.00856583600474819,0.00653635293740659,-0.0073249));
#9018=CARTESIAN_POINT('',(-0.00856583600474819,0.00653635293740659,-0.0073249));
#9019=CARTESIAN_POINT('',(-0.00832373178572253,0.00750660318715146,-0.0073249));
#9020=CARTESIAN_POINT('',(-0.00883796187347177,0.00689376763265628,-0.0073249));
#9021=CARTESIAN_POINT('',(-0.00883796187347177,0.00689376763265628,-0.0002149));
#9022=CARTESIAN_POINT('',(-0.00792449286160027,0.00730067593233878,-0.0002149));
#9023=CARTESIAN_POINT('',(-0.00883796187347177,0.00689376763265628,-0.0073249));
#9024=CARTESIAN_POINT('',(-0.00792449286160027,0.00730067593233878,-0.0073249));
#9025=CARTESIAN_POINT('',(-0.00792449286160027,0.00730067593233878,-0.0073249));
#9026=CARTESIAN_POINT('',(-0.00487548391846606,0.00991792865525755,-0.0073249));
#9027=CARTESIAN_POINT('',(-0.00487548391846606,0.00991792865525755,-0.0002149));
#9028=CARTESIAN_POINT('',(-0.00501526777625488,0.00986351842550545,-0.0002149));
#9029=CARTESIAN_POINT('',(-0.00494165797517962,0.0100525428975132,-0.0002149));
#9030=CARTESIAN_POINT('',(-0.00494165797517962,0.0100525428975132,-0.0073249));
#9031=CARTESIAN_POINT('',(-0.00494165797517962,0.0100525428975132,-0.0073249));
#9032=CARTESIAN_POINT('',(-0.00487548391846606,0.00991792865525755,-0.0073249));
#9033=CARTESIAN_POINT('',(-0.00501526777625488,0.00986351842550545,-0.0073249));
#9034=CARTESIAN_POINT('',(-0.00501526777625488,0.00986351842550545,-0.0073249));
#9035=CARTESIAN_POINT('',(-0.0061514362091414,0.00918125725676304,-0.0073249));
#9036=CARTESIAN_POINT('',(-0.0061514362091414,0.00918125725676304,-0.0002149));
#9037=CARTESIAN_POINT('',(-0.00623492853428923,0.0093058727920763,-0.0002149));
#9038=CARTESIAN_POINT('',(-0.00603442363905593,0.00927510851377109,-0.0002149));
#9039=CARTESIAN_POINT('',(-0.00603442363905593,0.00927510851377109,-0.0073249));
#9040=CARTESIAN_POINT('',(-0.00603442363905593,0.00927510851377109,-0.0073249));
#9041=CARTESIAN_POINT('',(-0.0061514362091414,0.00918125725676304,-0.0073249));
#9042=CARTESIAN_POINT('',(-0.00623492853428923,0.0093058727920763,-0.0073249));
#9043=CARTESIAN_POINT('',(-0.00623492853428923,0.0093058727920763,-0.0073249));
#9044=CARTESIAN_POINT('',(-0.0052543398384861,0.00990078356049146,-0.0073249));
#9045=CARTESIAN_POINT('',(-0.0052543398384861,0.00990078356049146,-0.0002149));
#9046=CARTESIAN_POINT('',(-0.00581368851604515,0.00907185108018143,-0.0002149));
#9047=CARTESIAN_POINT('',(-0.00581368851604515,0.00907185108018143,-0.0073249));
#9048=CARTESIAN_POINT('',(-0.00581368851604515,0.00907185108018143,-0.0073249));
#9049=CARTESIAN_POINT('',(-0.0052543398384861,0.00990078356049146,-0.0073249));
#9050=CARTESIAN_POINT('',(-0.00594716016151365,0.00950078356049146,-0.0073249));
#9051=CARTESIAN_POINT('',(-0.00594716016151365,0.00950078356049146,-0.0002149));
#9052=CARTESIAN_POINT('',(-0.0049496092367636,0.0095707274846758,-0.0002149));
#9053=CARTESIAN_POINT('',(-0.00594716016151365,0.00950078356049146,-0.0073249));
#9054=CARTESIAN_POINT('',(-0.0049496092367636,0.0095707274846758,-0.0073249));
#9055=CARTESIAN_POINT('',(-0.0049496092367636,0.0095707274846758,-0.0073249));
#9056=CARTESIAN_POINT('',(-0.00118932488077798,0.0109873180794024,-0.0073249));
#9057=CARTESIAN_POINT('',(-0.00118932488077798,0.0109873180794024,-0.0002149));
#9058=CARTESIAN_POINT('',(-0.00133928813502531,0.0109839980830846,-0.0002149));
#9059=CARTESIAN_POINT('',(-0.00120546737112921,0.0111364469498643,-0.0002149));
#9060=CARTESIAN_POINT('',(-0.00120546737112921,0.0111364469498643,-0.0073249));
#9061=CARTESIAN_POINT('',(-0.00120546737112921,0.0111364469498643,-0.0073249));
#9062=CARTESIAN_POINT('',(-0.00118932488077798,0.0109873180794024,-0.0073249));
#9063=CARTESIAN_POINT('',(-0.00133928813502531,0.0109839980830846,-0.0073249));
#9064=CARTESIAN_POINT('',(-0.00133928813502531,0.0109839980830846,-0.0073249));
#9065=CARTESIAN_POINT('',(-0.00264028429009748,0.0107314747876266,-0.0073249));
#9066=CARTESIAN_POINT('',(-0.00264028429009748,0.0107314747876266,-0.0002149));
#9067=CARTESIAN_POINT('',(-0.00267612038868271,0.0108771311436094,-0.0002149));
#9068=CARTESIAN_POINT('',(-0.00249822942107578,0.010779645465297,-0.0002149));
#9069=CARTESIAN_POINT('',(-0.00249822942107578,0.010779645465297,-0.0073249));
#9070=CARTESIAN_POINT('',(-0.00249822942107578,0.010779645465297,-0.0073249));
#9071=CARTESIAN_POINT('',(-0.00264028429009748,0.0107314747876266,-0.0073249));
#9072=CARTESIAN_POINT('',(-0.00267612038868271,0.0108771311436094,-0.0073249));
#9073=CARTESIAN_POINT('',(-0.00267612038868271,0.0108771311436094,-0.0073249));
#9074=CARTESIAN_POINT('',(-0.00155119696093109,0.011100783316433,-0.0073249));
#9075=CARTESIAN_POINT('',(-0.00155119696093109,0.011100783316433,-0.0002149));
#9076=CARTESIAN_POINT('',(-0.00236032439140263,0.0105131500964237,-0.0002149));
#9077=CARTESIAN_POINT('',(-0.00236032439140263,0.0105131500964237,-0.0073249));
#9078=CARTESIAN_POINT('',(-0.00236032439140263,0.0105131500964237,-0.0073249));
#9079=CARTESIAN_POINT('',(-0.00155119696093109,0.011100783316433,-0.0073249));
#9080=CARTESIAN_POINT('',(-0.00191125866749093,0.0108392865335289,-0.0073249));
#9081=CARTESIAN_POINT('',(-0.00191125866749093,0.0108392865335289,-0.0002149));
#9082=CARTESIAN_POINT('',(-0.00137772968952078,0.0106864080534667,-0.0002149));
#9083=CARTESIAN_POINT('',(-0.00137772968952078,0.0106864080534667,-0.0073249));
#9084=CARTESIAN_POINT('',(-0.00137772968952078,0.0106864080534667,-0.0073249));
#9085=CARTESIAN_POINT('',(-0.00191125866749093,0.0108392865335289,-0.0073249));
#9086=CARTESIAN_POINT('',(-0.00307918412537562,0.0106138719312056,-0.0073249));
#9087=CARTESIAN_POINT('',(-0.00307918412537562,0.0106138719312056,-0.0002149));
#9088=CARTESIAN_POINT('',(-0.00322629258951489,0.0105845615272749,-0.0002149));
#9089=CARTESIAN_POINT('',(-0.00312097733161969,0.010757932085002,-0.000214900000000004));
#9090=CARTESIAN_POINT('',(-0.00312097733161969,0.010757932085002,-0.0073249));
#9091=CARTESIAN_POINT('',(-0.00312097733161969,0.010757932085002,-0.0073249));
#9092=CARTESIAN_POINT('',(-0.00307918412537562,0.0106138719312056,-0.0073249));
#9093=CARTESIAN_POINT('',(-0.00322629258951489,0.0105845615272749,-0.0073249));
#9094=CARTESIAN_POINT('',(-0.00322629258951489,0.0105845615272749,-0.0073249));
#9095=CARTESIAN_POINT('',(-0.0044636734795943,0.0101099590166116,-0.0073249));
#9096=CARTESIAN_POINT('',(-0.0044636734795943,0.0101099590166116,-0.0002149));
#9097=CARTESIAN_POINT('',(-0.00452425810810076,0.010247179652045,-0.0002149));
#9098=CARTESIAN_POINT('',(-0.00433214149362304,0.0101820654425836,-0.0002149));
#9099=CARTESIAN_POINT('',(-0.00433214149362304,0.0101820654425836,-0.0073249));
#9100=CARTESIAN_POINT('',(-0.00433214149362304,0.0101820654425836,-0.0073249));
#9101=CARTESIAN_POINT('',(-0.0044636734795943,0.0101099590166116,-0.0073249));
#9102=CARTESIAN_POINT('',(-0.00452425810810076,0.010247179652045,-0.0073249));
#9103=CARTESIAN_POINT('',(-0.00452425810810076,0.010247179652045,-0.0073249));
#9104=CARTESIAN_POINT('',(-0.00345526158714798,0.0106627749490637,-0.0073249));
#9105=CARTESIAN_POINT('',(-0.00345526158714798,0.0106627749490637,-0.0002149));
#9106=CARTESIAN_POINT('',(-0.00415005511606003,0.00994356569426924,-0.0002149));
#9107=CARTESIAN_POINT('',(-0.00415005511606003,0.00994356569426924,-0.0073249));
#9108=CARTESIAN_POINT('',(-0.00415005511606003,0.00994356569426924,-0.0073249));
#9109=CARTESIAN_POINT('',(-0.00345526158714798,0.0106627749490637,-0.0073249));
#9110=CARTESIAN_POINT('',(-0.00376444470751384,0.0103427268306801,-0.0073249));
#9111=CARTESIAN_POINT('',(-0.00376444470751384,0.0103427268306801,-0.0002149));
#9112=CARTESIAN_POINT('',(-0.00321247416408487,0.0102848172530032,-0.0002149));
#9113=CARTESIAN_POINT('',(-0.00321247416408487,0.0102848172530032,-0.0073249));
#9114=CARTESIAN_POINT('',(-0.00321247416408487,0.0102848172530032,-0.0073249));
#9115=CARTESIAN_POINT('',(-0.00376444470751384,0.0103427268306801,-0.0073249));
#9116=CARTESIAN_POINT('',(-0.00652364459980783,0.00892063413583352,-0.0073249));
#9117=CARTESIAN_POINT('',(-0.00652364459980783,0.00892063413583352,-0.0002149));
#9118=CARTESIAN_POINT('',(-0.00665185658946132,0.00884277730755819,-0.0002149));
#9119=CARTESIAN_POINT('',(-0.00661218884176333,0.00904171228091563,-0.000214900000000004));
#9120=CARTESIAN_POINT('',(-0.00661218884176333,0.00904171228091563,-0.0073249));
#9121=CARTESIAN_POINT('',(-0.00661218884176333,0.00904171228091563,-0.0073249));
#9122=CARTESIAN_POINT('',(-0.00652364459980783,0.00892063413583352,-0.0073249));
#9123=CARTESIAN_POINT('',(-0.00665185658946132,0.00884277730755819,-0.0073249));
#9124=CARTESIAN_POINT('',(-0.00665185658946132,0.00884277730755819,-0.0073249));
#9125=CARTESIAN_POINT('',(-0.00765229066225067,0.00797358764110806,-0.0073249));
#9126=CARTESIAN_POINT('',(-0.00765229066225067,0.00797358764110806,-0.0002149));
#9127=CARTESIAN_POINT('',(-0.0077561538119894,0.00808181169631923,-0.0002149));
#9128=CARTESIAN_POINT('',(-0.00755335287578181,0.008086332106199,-0.0002149));
#9129=CARTESIAN_POINT('',(-0.00755335287578181,0.008086332106199,-0.0073249));
#9130=CARTESIAN_POINT('',(-0.00755335287578181,0.008086332106199,-0.0073249));
#9131=CARTESIAN_POINT('',(-0.00765229066225067,0.00797358764110806,-0.0073249));
#9132=CARTESIAN_POINT('',(-0.0077561538119894,0.00808181169631923,-0.0073249));
#9133=CARTESIAN_POINT('',(-0.0077561538119894,0.00808181169631923,-0.0073249));
#9134=CARTESIAN_POINT('',(-0.00750660318715126,0.00832373178572271,-0.0073249));
#9135=CARTESIAN_POINT('',(-0.00750660318715126,0.00832373178572271,-0.0002149));
#9136=CARTESIAN_POINT('',(-0.00653635293740639,0.00856583600474835,-0.0002149));
#9137=CARTESIAN_POINT('',(-0.00750660318715126,0.00832373178572271,-0.0073249));
#9138=CARTESIAN_POINT('',(-0.00653635293740639,0.00856583600474835,-0.0073249));
#9139=CARTESIAN_POINT('',(-0.00653635293740639,0.00856583600474835,-0.0073249));
#9140=CARTESIAN_POINT('',(-0.00689376763265607,0.00883796187347193,-0.0073249));
#9141=CARTESIAN_POINT('',(-0.00689376763265607,0.00883796187347193,-0.0002149));
#9142=CARTESIAN_POINT('',(-0.00730067593233859,0.00792449286160044,-0.0002149));
#9143=CARTESIAN_POINT('',(-0.00730067593233859,0.00792449286160044,-0.0073249));
#9144=CARTESIAN_POINT('',(-0.00730067593233859,0.00792449286160044,-0.0073249));
#9145=CARTESIAN_POINT('',(-0.00689376763265607,0.00883796187347193,-0.0073249));
#9146=CARTESIAN_POINT('',(-0.00918125725676289,0.00615143620914163,-0.0073249));
#9147=CARTESIAN_POINT('',(-0.00918125725676289,0.00615143620914163,-0.0002149));
#9148=CARTESIAN_POINT('',(-0.00927510851377095,0.00603442363905616,-0.0002149));
#9149=CARTESIAN_POINT('',(-0.00930587279207615,0.00623492853428946,-0.000214900000000004));
#9150=CARTESIAN_POINT('',(-0.00930587279207615,0.00623492853428946,-0.0073249));
#9151=CARTESIAN_POINT('',(-0.00930587279207615,0.00623492853428946,-0.0073249));
#9152=CARTESIAN_POINT('',(-0.00918125725676289,0.00615143620914163,-0.0073249));
#9153=CARTESIAN_POINT('',(-0.00927510851377095,0.00603442363905616,-0.0073249));
#9154=CARTESIAN_POINT('',(-0.00927510851377095,0.00603442363905616,-0.0073249));
#9155=CARTESIAN_POINT('',(-0.00991792865525743,0.00487548391846631,-0.0073249));
#9156=CARTESIAN_POINT('',(-0.00991792865525743,0.00487548391846631,-0.0002149));
#9157=CARTESIAN_POINT('',(-0.0100525428975131,0.00494165797517987,-0.0002149));
#9158=CARTESIAN_POINT('',(-0.00986351842550533,0.00501526777625512,-0.0002149));
#9159=CARTESIAN_POINT('',(-0.00986351842550533,0.00501526777625512,-0.0073249));
#9160=CARTESIAN_POINT('',(-0.00986351842550533,0.00501526777625512,-0.0073249));
#9161=CARTESIAN_POINT('',(-0.00991792865525743,0.00487548391846631,-0.0073249));
#9162=CARTESIAN_POINT('',(-0.0100525428975131,0.00494165797517987,-0.0073249));
#9163=CARTESIAN_POINT('',(-0.0100525428975131,0.00494165797517987,-0.0073249));
#9164=CARTESIAN_POINT('',(-0.00990078356049133,0.00525433983848634,-0.0073249));
#9165=CARTESIAN_POINT('',(-0.00990078356049133,0.00525433983848634,-0.0002149));
#9166=CARTESIAN_POINT('',(-0.00907185108018128,0.00581368851604537,-0.0002149));
#9167=CARTESIAN_POINT('',(-0.00990078356049133,0.00525433983848634,-0.0073249));
#9168=CARTESIAN_POINT('',(-0.00907185108018128,0.00581368851604537,-0.0073249));
#9169=CARTESIAN_POINT('',(-0.00907185108018128,0.00581368851604537,-0.0073249));
#9170=CARTESIAN_POINT('',(-0.00950078356049132,0.00594716016151389,-0.0073249));
#9171=CARTESIAN_POINT('',(-0.00950078356049132,0.00594716016151389,-0.0002149));
#9172=CARTESIAN_POINT('',(-0.00957072748467568,0.00494960923676383,-0.0002149));
#9173=CARTESIAN_POINT('',(-0.00957072748467568,0.00494960923676383,-0.0073249));
#9174=CARTESIAN_POINT('',(-0.00957072748467568,0.00494960923676383,-0.0073249));
#9175=CARTESIAN_POINT('',(-0.00950078356049132,0.00594716016151389,-0.0073249));
#9176=CARTESIAN_POINT('',(-0.0107314747876265,0.00264028429009774,-0.0073249));
#9177=CARTESIAN_POINT('',(-0.0107314747876265,0.00264028429009774,-0.0002149));
#9178=CARTESIAN_POINT('',(-0.0107796454652969,0.00249822942107603,-0.0002149));
#9179=CARTESIAN_POINT('',(-0.0108771311436093,0.00267612038868296,-0.000214900000000004));
#9180=CARTESIAN_POINT('',(-0.0108771311436093,0.00267612038868296,-0.0073249));
#9181=CARTESIAN_POINT('',(-0.0108771311436093,0.00267612038868296,-0.0073249));
#9182=CARTESIAN_POINT('',(-0.0107314747876265,0.00264028429009774,-0.0073249));
#9183=CARTESIAN_POINT('',(-0.0107796454652969,0.00249822942107603,-0.0073249));
#9184=CARTESIAN_POINT('',(-0.0107796454652969,0.00249822942107603,-0.0073249));
#9185=CARTESIAN_POINT('',(-0.0109873180794023,0.00118932488077824,-0.0073249));
#9186=CARTESIAN_POINT('',(-0.0109873180794023,0.00118932488077824,-0.0002149));
#9187=CARTESIAN_POINT('',(-0.0111364469498643,0.00120546737112948,-0.0002149));
#9188=CARTESIAN_POINT('',(-0.0109839980830846,0.00133928813502557,-0.0002149));
#9189=CARTESIAN_POINT('',(-0.0109839980830846,0.00133928813502557,-0.0073249));
#9190=CARTESIAN_POINT('',(-0.0109839980830846,0.00133928813502557,-0.0073249));
#9191=CARTESIAN_POINT('',(-0.0109873180794023,0.00118932488077824,-0.0073249));
#9192=CARTESIAN_POINT('',(-0.0111364469498643,0.00120546737112948,-0.0073249));
#9193=CARTESIAN_POINT('',(-0.0111364469498643,0.00120546737112948,-0.0073249));
#9194=CARTESIAN_POINT('',(-0.011100783316433,0.00155119696093135,-0.0073249));
#9195=CARTESIAN_POINT('',(-0.011100783316433,0.00155119696093135,-0.0002149));
#9196=CARTESIAN_POINT('',(-0.0105131500964237,0.00236032439140288,-0.0002149));
#9197=CARTESIAN_POINT('',(-0.011100783316433,0.00155119696093135,-0.0073249));
#9198=CARTESIAN_POINT('',(-0.0105131500964237,0.00236032439140288,-0.0073249));
#9199=CARTESIAN_POINT('',(-0.0105131500964237,0.00236032439140288,-0.0073249));
#9200=CARTESIAN_POINT('',(-0.0109618647742994,0.00233904316334112,-0.0073249));
#9201=CARTESIAN_POINT('',(-0.0109618647742994,0.00233904316334112,-0.0002149));
#9202=CARTESIAN_POINT('',(-0.0106864080534666,0.00137772968952103,-0.0002149));
#9203=CARTESIAN_POINT('',(-0.0106864080534666,0.00137772968952103,-0.0073249));
#9204=CARTESIAN_POINT('',(-0.0106864080534666,0.00137772968952103,-0.0073249));
#9205=CARTESIAN_POINT('',(-0.0109618647742994,0.00233904316334112,-0.0073249));
#9206=CARTESIAN_POINT('',(-0.0109873180794024,-0.00118932488077801,-0.0073249));
#9207=CARTESIAN_POINT('',(-0.0109873180794024,-0.00118932488077801,-0.0002149));
#9208=CARTESIAN_POINT('',(-0.0109839980830846,-0.00133928813502535,-0.0002149));
#9209=CARTESIAN_POINT('',(-0.0111364469498643,-0.00120546737112925,-0.000214900000000004));
#9210=CARTESIAN_POINT('',(-0.0111364469498643,-0.00120546737112925,-0.0073249));
#9211=CARTESIAN_POINT('',(-0.0111364469498643,-0.00120546737112925,-0.0073249));
#9212=CARTESIAN_POINT('',(-0.0109873180794024,-0.00118932488077801,-0.0073249));
#9213=CARTESIAN_POINT('',(-0.0109839980830846,-0.00133928813502535,-0.0073249));
#9214=CARTESIAN_POINT('',(-0.0109839980830846,-0.00133928813502535,-0.0073249));
#9215=CARTESIAN_POINT('',(-0.0107314747876265,-0.00264028429009752,-0.0073249));
#9216=CARTESIAN_POINT('',(-0.0107314747876265,-0.00264028429009752,-0.0002149));
#9217=CARTESIAN_POINT('',(-0.0108771311436093,-0.00267612038868274,-0.0002149));
#9218=CARTESIAN_POINT('',(-0.010779645465297,-0.00249822942107582,-0.0002149));
#9219=CARTESIAN_POINT('',(-0.010779645465297,-0.00249822942107582,-0.0073249));
#9220=CARTESIAN_POINT('',(-0.010779645465297,-0.00249822942107582,-0.0073249));
#9221=CARTESIAN_POINT('',(-0.0107314747876265,-0.00264028429009752,-0.0073249));
#9222=CARTESIAN_POINT('',(-0.0108771311436093,-0.00267612038868274,-0.0073249));
#9223=CARTESIAN_POINT('',(-0.0108771311436093,-0.00267612038868274,-0.0073249));
#9224=CARTESIAN_POINT('',(-0.0109618647742995,-0.00233904316334089,-0.0073249));
#9225=CARTESIAN_POINT('',(-0.0109618647742995,-0.00233904316334089,-0.0002149));
#9226=CARTESIAN_POINT('',(-0.0106864080534667,-0.00137772968952082,-0.0002149));
#9227=CARTESIAN_POINT('',(-0.0109618647742995,-0.00233904316334089,-0.0073249));
#9228=CARTESIAN_POINT('',(-0.0106864080534667,-0.00137772968952082,-0.0073249));
#9229=CARTESIAN_POINT('',(-0.0106864080534667,-0.00137772968952082,-0.0073249));
#9230=CARTESIAN_POINT('',(-0.011100783316433,-0.00155119696093113,-0.0073249));
#9231=CARTESIAN_POINT('',(-0.011100783316433,-0.00155119696093113,-0.0002149));
#9232=CARTESIAN_POINT('',(-0.0105131500964237,-0.00236032439140267,-0.0002149));
#9233=CARTESIAN_POINT('',(-0.0105131500964237,-0.00236032439140267,-0.0073249));
#9234=CARTESIAN_POINT('',(-0.0105131500964237,-0.00236032439140267,-0.0073249));
#9235=CARTESIAN_POINT('',(-0.011100783316433,-0.00155119696093113,-0.0073249));
#9236=CARTESIAN_POINT('',(-0.00991792865525753,-0.0048754839184661,-0.0073249));
#9237=CARTESIAN_POINT('',(-0.00991792865525753,-0.0048754839184661,-0.0002149));
#9238=CARTESIAN_POINT('',(-0.00986351842550543,-0.00501526777625492,-0.0002149));
#9239=CARTESIAN_POINT('',(-0.0100525428975132,-0.00494165797517966,-0.000214900000000004));
#9240=CARTESIAN_POINT('',(-0.0100525428975132,-0.00494165797517966,-0.0073249));
#9241=CARTESIAN_POINT('',(-0.0100525428975132,-0.00494165797517966,-0.0073249));
#9242=CARTESIAN_POINT('',(-0.00991792865525753,-0.0048754839184661,-0.0073249));
#9243=CARTESIAN_POINT('',(-0.00986351842550543,-0.00501526777625492,-0.0073249));
#9244=CARTESIAN_POINT('',(-0.00986351842550543,-0.00501526777625492,-0.0073249));
#9245=CARTESIAN_POINT('',(-0.00918125725676302,-0.00615143620914144,-0.0073249));
#9246=CARTESIAN_POINT('',(-0.00918125725676302,-0.00615143620914144,-0.0002149));
#9247=CARTESIAN_POINT('',(-0.00930587279207628,-0.00623492853428926,-0.0002149));
#9248=CARTESIAN_POINT('',(-0.00927510851377107,-0.00603442363905596,-0.0002149));
#9249=CARTESIAN_POINT('',(-0.00927510851377107,-0.00603442363905596,-0.0073249));
#9250=CARTESIAN_POINT('',(-0.00927510851377107,-0.00603442363905596,-0.0073249));
#9251=CARTESIAN_POINT('',(-0.00918125725676302,-0.00615143620914144,-0.0073249));
#9252=CARTESIAN_POINT('',(-0.00930587279207628,-0.00623492853428926,-0.0073249));
#9253=CARTESIAN_POINT('',(-0.00930587279207628,-0.00623492853428926,-0.0073249));
#9254=CARTESIAN_POINT('',(-0.00950078356049144,-0.00594716016151369,-0.0073249));
#9255=CARTESIAN_POINT('',(-0.00950078356049144,-0.00594716016151369,-0.0002149));
#9256=CARTESIAN_POINT('',(-0.00957072748467578,-0.00494960923676363,-0.0002149));
#9257=CARTESIAN_POINT('',(-0.00950078356049144,-0.00594716016151369,-0.0073249));
#9258=CARTESIAN_POINT('',(-0.00957072748467578,-0.00494960923676363,-0.0073249));
#9259=CARTESIAN_POINT('',(-0.00957072748467578,-0.00494960923676363,-0.0073249));
#9260=CARTESIAN_POINT('',(-0.00990078356049144,-0.00525433983848613,-0.0073249));
#9261=CARTESIAN_POINT('',(-0.00990078356049144,-0.00525433983848613,-0.0002149));
#9262=CARTESIAN_POINT('',(-0.00907185108018141,-0.00581368851604519,-0.0002149));
#9263=CARTESIAN_POINT('',(-0.00907185108018141,-0.00581368851604519,-0.0073249));
#9264=CARTESIAN_POINT('',(-0.00907185108018141,-0.00581368851604519,-0.0073249));
#9265=CARTESIAN_POINT('',(-0.00990078356049144,-0.00525433983848613,-0.0073249));
#9266=CARTESIAN_POINT('',(-0.00765229066225083,-0.0079735876411079,-0.0073249));
#9267=CARTESIAN_POINT('',(-0.00765229066225083,-0.0079735876411079,-0.0002149));
#9268=CARTESIAN_POINT('',(-0.00755335287578197,-0.00808633210619885,-0.0002149));
#9269=CARTESIAN_POINT('',(-0.00775615381198957,-0.00808181169631907,-0.000214900000000004));
#9270=CARTESIAN_POINT('',(-0.00775615381198957,-0.00808181169631907,-0.0073249));
#9271=CARTESIAN_POINT('',(-0.00775615381198957,-0.00808181169631907,-0.0073249));
#9272=CARTESIAN_POINT('',(-0.00765229066225083,-0.0079735876411079,-0.0073249));
#9273=CARTESIAN_POINT('',(-0.00755335287578197,-0.00808633210619885,-0.0073249));
#9274=CARTESIAN_POINT('',(-0.00755335287578197,-0.00808633210619885,-0.0073249));
#9275=CARTESIAN_POINT('',(-0.00652364459980801,-0.00892063413583338,-0.0073249));
#9276=CARTESIAN_POINT('',(-0.00652364459980801,-0.00892063413583338,-0.0002149));
#9277=CARTESIAN_POINT('',(-0.00661218884176351,-0.0090417122809155,-0.0002149));
#9278=CARTESIAN_POINT('',(-0.0066518565894615,-0.00884277730755806,-0.0002149));
#9279=CARTESIAN_POINT('',(-0.0066518565894615,-0.00884277730755806,-0.0073249));
#9280=CARTESIAN_POINT('',(-0.0066518565894615,-0.00884277730755806,-0.0073249));
#9281=CARTESIAN_POINT('',(-0.00652364459980801,-0.00892063413583338,-0.0073249));
#9282=CARTESIAN_POINT('',(-0.00661218884176351,-0.0090417122809155,-0.0073249));
#9283=CARTESIAN_POINT('',(-0.00661218884176351,-0.0090417122809155,-0.0073249));
#9284=CARTESIAN_POINT('',(-0.00689376763265625,-0.00883796187347179,-0.0073249));
#9285=CARTESIAN_POINT('',(-0.00689376763265625,-0.00883796187347179,-0.0002149));
#9286=CARTESIAN_POINT('',(-0.00730067593233875,-0.00792449286160029,-0.0002149));
#9287=CARTESIAN_POINT('',(-0.00689376763265625,-0.00883796187347179,-0.0073249));
#9288=CARTESIAN_POINT('',(-0.00730067593233875,-0.00792449286160029,-0.0073249));
#9289=CARTESIAN_POINT('',(-0.00730067593233875,-0.00792449286160029,-0.0073249));
#9290=CARTESIAN_POINT('',(-0.00750660318715143,-0.00832373178572255,-0.0073249));
#9291=CARTESIAN_POINT('',(-0.00750660318715143,-0.00832373178572255,-0.0002149));
#9292=CARTESIAN_POINT('',(-0.00653635293740656,-0.00856583600474821,-0.0002149));
#9293=CARTESIAN_POINT('',(-0.00653635293740656,-0.00856583600474821,-0.0073249));
#9294=CARTESIAN_POINT('',(-0.00653635293740656,-0.00856583600474821,-0.0073249));
#9295=CARTESIAN_POINT('',(-0.00750660318715143,-0.00832373178572255,-0.0073249));
#9296=CARTESIAN_POINT('',(-0.00446367347959451,-0.0101099590166115,-0.0073249));
#9297=CARTESIAN_POINT('',(-0.00446367347959451,-0.0101099590166115,-0.0002149));
#9298=CARTESIAN_POINT('',(-0.00433214149362325,-0.0101820654425835,-0.0002149));
#9299=CARTESIAN_POINT('',(-0.00452425810810097,-0.0102471796520449,-0.000214900000000004));
#9300=CARTESIAN_POINT('',(-0.00452425810810097,-0.0102471796520449,-0.0073249));
#9301=CARTESIAN_POINT('',(-0.00452425810810097,-0.0102471796520449,-0.0073249));
#9302=CARTESIAN_POINT('',(-0.00446367347959451,-0.0101099590166115,-0.0073249));
#9303=CARTESIAN_POINT('',(-0.00433214149362325,-0.0101820654425835,-0.0073249));
#9304=CARTESIAN_POINT('',(-0.00433214149362325,-0.0101820654425835,-0.0073249));
#9305=CARTESIAN_POINT('',(-0.00307918412537584,-0.0106138719312056,-0.0073249));
#9306=CARTESIAN_POINT('',(-0.00307918412537584,-0.0106138719312056,-0.0002149));
#9307=CARTESIAN_POINT('',(-0.00312097733161991,-0.010757932085002,-0.0002149));
#9308=CARTESIAN_POINT('',(-0.0032262925895151,-0.0105845615272748,-0.0002149));
#9309=CARTESIAN_POINT('',(-0.0032262925895151,-0.0105845615272748,-0.0073249));
#9310=CARTESIAN_POINT('',(-0.0032262925895151,-0.0105845615272748,-0.0073249));
#9311=CARTESIAN_POINT('',(-0.00307918412537584,-0.0106138719312056,-0.0073249));
#9312=CARTESIAN_POINT('',(-0.00312097733161991,-0.010757932085002,-0.0073249));
#9313=CARTESIAN_POINT('',(-0.00312097733161991,-0.010757932085002,-0.0073249));
#9314=CARTESIAN_POINT('',(-0.00345526158714819,-0.0106627749490636,-0.0073249));
#9315=CARTESIAN_POINT('',(-0.00345526158714819,-0.0106627749490636,-0.0002149));
#9316=CARTESIAN_POINT('',(-0.00415005511606023,-0.00994356569426916,-0.0002149));
#9317=CARTESIAN_POINT('',(-0.00345526158714819,-0.0106627749490636,-0.0073249));
#9318=CARTESIAN_POINT('',(-0.00415005511606023,-0.00994356569426916,-0.0073249));
#9319=CARTESIAN_POINT('',(-0.00415005511606023,-0.00994356569426916,-0.0073249));
#9320=CARTESIAN_POINT('',(-0.00376444470751405,-0.0103427268306801,-0.0073249));
#9321=CARTESIAN_POINT('',(-0.00376444470751405,-0.0103427268306801,-0.0002149));
#9322=CARTESIAN_POINT('',(-0.00321247416408508,-0.0102848172530031,-0.0002149));
#9323=CARTESIAN_POINT('',(-0.00376444470751405,-0.0103427268306801,-0.0073249));
#9324=CARTESIAN_POINT('',(-0.00321247416408508,-0.0102848172530031,-0.0073249));
#9325=CARTESIAN_POINT('',(-0.00321247416408508,-0.0102848172530031,-0.0073249));
#9326=CARTESIAN_POINT('',(-0.000736671398494522,-0.0110269201276077,-0.0073249));
#9327=CARTESIAN_POINT('',(-0.000736671398494522,-0.0110269201276077,-0.0002149));
#9328=CARTESIAN_POINT('',(-0.000588409911734365,-0.011049691415311,-0.0002149));
#9329=CARTESIAN_POINT('',(-0.000746670105436945,-0.0111765865094691,-0.000214900000000004));
#9330=CARTESIAN_POINT('',(-0.000746670105436945,-0.0111765865094691,-0.0073249));
#9331=CARTESIAN_POINT('',(-0.000746670105436945,-0.0111765865094691,-0.0073249));
#9332=CARTESIAN_POINT('',(-0.000736671398494522,-0.0110269201276077,-0.0073249));
#9333=CARTESIAN_POINT('',(-0.000588409911734365,-0.011049691415311,-0.0073249));
#9334=CARTESIAN_POINT('',(-0.000588409911734365,-0.011049691415311,-0.0073249));
#9335=CARTESIAN_POINT('',(0.000736671398494522,-0.0110269201276077,-0.0073249));
#9336=CARTESIAN_POINT('',(0.000736671398494522,-0.0110269201276077,-0.0002149));
#9337=CARTESIAN_POINT('',(0.000746670105436944,-0.0111765865094691,-0.0002149));
#9338=CARTESIAN_POINT('',(0.000588409911734367,-0.011049691415311,-0.0002149));
#9339=CARTESIAN_POINT('',(0.000588409911734367,-0.011049691415311,-0.0073249));
#9340=CARTESIAN_POINT('',(0.000588409911734367,-0.011049691415311,-0.0073249));
#9341=CARTESIAN_POINT('',(0.000736671398494522,-0.0110269201276077,-0.0073249));
#9342=CARTESIAN_POINT('',(0.000746670105436944,-0.0111765865094691,-0.0073249));
#9343=CARTESIAN_POINT('',(0.000746670105436944,-0.0111765865094691,-0.0073249));
#9344=CARTESIAN_POINT('',(0.0004,-0.0112015,-0.0073249));
#9345=CARTESIAN_POINT('',(0.0004,-0.0112015,-0.0002149));
#9346=CARTESIAN_POINT('',(-0.000498876404494381,-0.010763297752809,-0.0002149));
#9347=CARTESIAN_POINT('',(0.0004,-0.0112015,-0.0073249));
#9348=CARTESIAN_POINT('',(-0.000498876404494381,-0.010763297752809,-0.0073249));
#9349=CARTESIAN_POINT('',(-0.000498876404494381,-0.010763297752809,-0.0073249));
#9350=CARTESIAN_POINT('',(-0.0004,-0.0112015,-0.0073249));
#9351=CARTESIAN_POINT('',(-0.0004,-0.0112015,-0.0002149));
#9352=CARTESIAN_POINT('',(0.000498876404494382,-0.010763297752809,-0.0002149));
#9353=CARTESIAN_POINT('',(0.000498876404494382,-0.010763297752809,-0.0073249));
#9354=CARTESIAN_POINT('',(0.000498876404494382,-0.010763297752809,-0.0073249));
#9355=CARTESIAN_POINT('',(-0.0004,-0.0112015,-0.0073249));
#9356=CARTESIAN_POINT('',(0.,-0.0110065,-0.0073249));
#9357=CARTESIAN_POINT('',(0.,-0.0110065,-0.0002149));
#9358=CARTESIAN_POINT('',(0.,-0.0110065,-0.0073249));
#9359=CARTESIAN_POINT('',(0.00446367347959437,-0.0101099590166116,-0.0073249));
#9360=CARTESIAN_POINT('',(0.00446367347959437,-0.0101099590166116,-0.0002149));
#9361=CARTESIAN_POINT('',(0.00452425810810083,-0.0102471796520449,-0.0002149));
#9362=CARTESIAN_POINT('',(0.00433214149362311,-0.0101820654425836,-0.0002149));
#9363=CARTESIAN_POINT('',(0.00433214149362311,-0.0101820654425836,-0.0073249));
#9364=CARTESIAN_POINT('',(0.00433214149362311,-0.0101820654425836,-0.0073249));
#9365=CARTESIAN_POINT('',(0.00446367347959437,-0.0101099590166116,-0.0073249));
#9366=CARTESIAN_POINT('',(0.00452425810810083,-0.0102471796520449,-0.0073249));
#9367=CARTESIAN_POINT('',(0.00452425810810083,-0.0102471796520449,-0.0073249));
#9368=CARTESIAN_POINT('',(0.00420701568377678,-0.0103891588344031,-0.0073249));
#9369=CARTESIAN_POINT('',(0.00420701568377678,-0.0103891588344031,-0.0002149));
#9370=CARTESIAN_POINT('',(0.00321247416408494,-0.0102848172530031,-0.0002149));
#9371=CARTESIAN_POINT('',(0.00322629258951497,-0.0105845615272748,-0.0002149));
#9372=CARTESIAN_POINT('',(0.00322629258951497,-0.0105845615272748,-0.0073249));
#9373=CARTESIAN_POINT('',(0.00322629258951497,-0.0105845615272748,-0.0073249));
#9374=CARTESIAN_POINT('',(0.00420701568377678,-0.0103891588344031,-0.0073249));
#9375=CARTESIAN_POINT('',(0.00321247416408494,-0.0102848172530031,-0.0073249));
#9376=CARTESIAN_POINT('',(0.00321247416408494,-0.0102848172530031,-0.0073249));
#9377=CARTESIAN_POINT('',(0.00345526158714805,-0.0106627749490636,-0.0073249));
#9378=CARTESIAN_POINT('',(0.00345526158714805,-0.0106627749490636,-0.0002149));
#9379=CARTESIAN_POINT('',(0.0041500551160601,-0.00994356569426922,-0.0002149));
#9380=CARTESIAN_POINT('',(0.0041500551160601,-0.00994356569426922,-0.0073249));
#9381=CARTESIAN_POINT('',(0.0041500551160601,-0.00994356569426922,-0.0073249));
#9382=CARTESIAN_POINT('',(0.00345526158714805,-0.0106627749490636,-0.0073249));
#9383=CARTESIAN_POINT('',(0.00376444470751391,-0.0103427268306801,-0.0073249));
#9384=CARTESIAN_POINT('',(0.00376444470751391,-0.0103427268306801,-0.0002149));
#9385=CARTESIAN_POINT('',(0.00376444470751391,-0.0103427268306801,-0.0073249));
#9386=CARTESIAN_POINT('',(0.00765229066225072,-0.00797358764110801,-0.0073249));
#9387=CARTESIAN_POINT('',(0.00765229066225072,-0.00797358764110801,-0.0002149));
#9388=CARTESIAN_POINT('',(0.00775615381198946,-0.00808181169631917,-0.0002149));
#9389=CARTESIAN_POINT('',(0.00755335287578186,-0.00808633210619895,-0.0002149));
#9390=CARTESIAN_POINT('',(0.00755335287578186,-0.00808633210619895,-0.0073249));
#9391=CARTESIAN_POINT('',(0.00755335287578186,-0.00808633210619895,-0.0073249));
#9392=CARTESIAN_POINT('',(0.00765229066225072,-0.00797358764110801,-0.0073249));
#9393=CARTESIAN_POINT('',(0.00775615381198946,-0.00808181169631917,-0.0073249));
#9394=CARTESIAN_POINT('',(0.00775615381198946,-0.00808181169631917,-0.0073249));
#9395=CARTESIAN_POINT('',(0.00750660318715132,-0.00832373178572265,-0.0073249));
#9396=CARTESIAN_POINT('',(0.00750660318715132,-0.00832373178572265,-0.0002149));
#9397=CARTESIAN_POINT('',(0.00653635293740645,-0.0085658360047483,-0.0002149));
#9398=CARTESIAN_POINT('',(0.00665185658946138,-0.00884277730755814,-0.0002149));
#9399=CARTESIAN_POINT('',(0.00665185658946138,-0.00884277730755814,-0.0073249));
#9400=CARTESIAN_POINT('',(0.00665185658946138,-0.00884277730755814,-0.0073249));
#9401=CARTESIAN_POINT('',(0.00750660318715132,-0.00832373178572265,-0.0073249));
#9402=CARTESIAN_POINT('',(0.00653635293740645,-0.0085658360047483,-0.0073249));
#9403=CARTESIAN_POINT('',(0.00653635293740645,-0.0085658360047483,-0.0073249));
#9404=CARTESIAN_POINT('',(0.00689376763265613,-0.00883796187347188,-0.0073249));
#9405=CARTESIAN_POINT('',(0.00689376763265613,-0.00883796187347188,-0.0002149));
#9406=CARTESIAN_POINT('',(0.00730067593233864,-0.00792449286160039,-0.0002149));
#9407=CARTESIAN_POINT('',(0.00730067593233864,-0.00792449286160039,-0.0073249));
#9408=CARTESIAN_POINT('',(0.00730067593233864,-0.00792449286160039,-0.0073249));
#9409=CARTESIAN_POINT('',(0.00689376763265613,-0.00883796187347188,-0.0073249));
#9410=CARTESIAN_POINT('',(0.00707484182601485,-0.00843146816318907,-0.0073249));
#9411=CARTESIAN_POINT('',(0.00707484182601485,-0.00843146816318907,-0.0002149));
#9412=CARTESIAN_POINT('',(0.00707484182601485,-0.00843146816318907,-0.0073249));
#9413=CARTESIAN_POINT('',(0.00991792865525746,-0.00487548391846624,-0.0073249));
#9414=CARTESIAN_POINT('',(0.00991792865525746,-0.00487548391846624,-0.0002149));
#9415=CARTESIAN_POINT('',(0.0100525428975131,-0.0049416579751798,-0.0002149));
#9416=CARTESIAN_POINT('',(0.00986351842550536,-0.00501526777625505,-0.0002149));
#9417=CARTESIAN_POINT('',(0.00986351842550536,-0.00501526777625505,-0.0073249));
#9418=CARTESIAN_POINT('',(0.00986351842550536,-0.00501526777625505,-0.0073249));
#9419=CARTESIAN_POINT('',(0.00991792865525746,-0.00487548391846624,-0.0073249));
#9420=CARTESIAN_POINT('',(0.0100525428975131,-0.0049416579751798,-0.0073249));
#9421=CARTESIAN_POINT('',(0.0100525428975131,-0.0049416579751798,-0.0073249));
#9422=CARTESIAN_POINT('',(0.00990078356049136,-0.00525433983848627,-0.0073249));
#9423=CARTESIAN_POINT('',(0.00990078356049136,-0.00525433983848627,-0.0002149));
#9424=CARTESIAN_POINT('',(0.00907185108018133,-0.00581368851604531,-0.0002149));
#9425=CARTESIAN_POINT('',(0.00927510851377099,-0.00603442363905609,-0.0002149));
#9426=CARTESIAN_POINT('',(0.00927510851377099,-0.00603442363905609,-0.0073249));
#9427=CARTESIAN_POINT('',(0.00927510851377099,-0.00603442363905609,-0.0073249));
#9428=CARTESIAN_POINT('',(0.00990078356049136,-0.00525433983848627,-0.0073249));
#9429=CARTESIAN_POINT('',(0.00907185108018133,-0.00581368851604531,-0.0073249));
#9430=CARTESIAN_POINT('',(0.00907185108018133,-0.00581368851604531,-0.0073249));
#9431=CARTESIAN_POINT('',(0.00950078356049136,-0.00594716016151382,-0.0073249));
#9432=CARTESIAN_POINT('',(0.00950078356049136,-0.00594716016151382,-0.0002149));
#9433=CARTESIAN_POINT('',(0.00957072748467571,-0.00494960923676376,-0.0002149));
#9434=CARTESIAN_POINT('',(0.00957072748467571,-0.00494960923676376,-0.0073249));
#9435=CARTESIAN_POINT('',(0.00957072748467571,-0.00494960923676376,-0.0073249));
#9436=CARTESIAN_POINT('',(0.00950078356049136,-0.00594716016151382,-0.0073249));
#9437=CARTESIAN_POINT('',(0.0095319086067534,-0.00550325,-0.0073249));
#9438=CARTESIAN_POINT('',(0.0095319086067534,-0.00550325,-0.0002149));
#9439=CARTESIAN_POINT('',(0.0095319086067534,-0.00550325,-0.0073249));
#9440=CARTESIAN_POINT('',(0.0109873180794024,-0.00118932488077816,-0.0073249));
#9441=CARTESIAN_POINT('',(0.0109873180794024,-0.00118932488077816,-0.0002149));
#9442=CARTESIAN_POINT('',(0.0111364469498643,-0.0012054673711294,-0.0002149));
#9443=CARTESIAN_POINT('',(0.0109839980830846,-0.0013392881350255,-0.0002149));
#9444=CARTESIAN_POINT('',(0.0109839980830846,-0.0013392881350255,-0.0073249));
#9445=CARTESIAN_POINT('',(0.0109839980830846,-0.0013392881350255,-0.0073249));
#9446=CARTESIAN_POINT('',(0.0109873180794024,-0.00118932488077816,-0.0073249));
#9447=CARTESIAN_POINT('',(0.0111364469498643,-0.0012054673711294,-0.0073249));
#9448=CARTESIAN_POINT('',(0.0111364469498643,-0.0012054673711294,-0.0073249));
#9449=CARTESIAN_POINT('',(0.011100783316433,-0.00155119696093128,-0.0073249));
#9450=CARTESIAN_POINT('',(0.011100783316433,-0.00155119696093128,-0.0002149));
#9451=CARTESIAN_POINT('',(0.0105131500964237,-0.00236032439140281,-0.0002149));
#9452=CARTESIAN_POINT('',(0.0107796454652969,-0.00249822942107596,-0.0002149));
#9453=CARTESIAN_POINT('',(0.0107796454652969,-0.00249822942107596,-0.0073249));
#9454=CARTESIAN_POINT('',(0.0107796454652969,-0.00249822942107596,-0.0073249));
#9455=CARTESIAN_POINT('',(0.011100783316433,-0.00155119696093128,-0.0073249));
#9456=CARTESIAN_POINT('',(0.0105131500964237,-0.00236032439140281,-0.0073249));
#9457=CARTESIAN_POINT('',(0.0105131500964237,-0.00236032439140281,-0.0073249));
#9458=CARTESIAN_POINT('',(0.0109618647742995,-0.00233904316334104,-0.0073249));
#9459=CARTESIAN_POINT('',(0.0109618647742995,-0.00233904316334104,-0.0002149));
#9460=CARTESIAN_POINT('',(0.0106864080534666,-0.00137772968952096,-0.0002149));
#9461=CARTESIAN_POINT('',(0.0106864080534666,-0.00137772968952096,-0.0073249));
#9462=CARTESIAN_POINT('',(0.0106864080534666,-0.00137772968952096,-0.0073249));
#9463=CARTESIAN_POINT('',(0.0109618647742995,-0.00233904316334104,-0.0073249));
#9464=CARTESIAN_POINT('',(0.0108392865335289,-0.00191125866749111,-0.0073249));
#9465=CARTESIAN_POINT('',(0.0108392865335289,-0.00191125866749111,-0.0002149));
#9466=CARTESIAN_POINT('',(0.0108392865335289,-0.00191125866749111,-0.0073249));
#9467=CARTESIAN_POINT('',(0.0109873180794024,0.00118932488077809,-0.0073249));
#9468=CARTESIAN_POINT('',(0.0109873180794024,0.00118932488077809,-0.0002149));
#9469=CARTESIAN_POINT('',(0.0109839980830846,0.00133928813502542,-0.0002149));
#9470=CARTESIAN_POINT('',(0.0111364469498643,0.00120546737112933,-0.000214900000000004));
#9471=CARTESIAN_POINT('',(0.0111364469498643,0.00120546737112933,-0.0073249));
#9472=CARTESIAN_POINT('',(0.0111364469498643,0.00120546737112933,-0.0073249));
#9473=CARTESIAN_POINT('',(0.0109873180794024,0.00118932488077809,-0.0073249));
#9474=CARTESIAN_POINT('',(0.0109839980830846,0.00133928813502542,-0.0073249));
#9475=CARTESIAN_POINT('',(0.0109839980830846,0.00133928813502542,-0.0073249));
#9476=CARTESIAN_POINT('',(0.0109618647742995,0.00233904316334097,-0.0073249));
#9477=CARTESIAN_POINT('',(0.0109618647742995,0.00233904316334097,-0.0002149));
#9478=CARTESIAN_POINT('',(0.0106864080534666,0.00137772968952089,-0.0002149));
#9479=CARTESIAN_POINT('',(0.0109618647742995,0.00233904316334097,-0.0073249));
#9480=CARTESIAN_POINT('',(0.0106864080534666,0.00137772968952089,-0.0073249));
#9481=CARTESIAN_POINT('',(0.0106864080534666,0.00137772968952089,-0.0073249));
#9482=CARTESIAN_POINT('',(0.011100783316433,0.0015511969609312,-0.0073249));
#9483=CARTESIAN_POINT('',(0.011100783316433,0.0015511969609312,-0.0002149));
#9484=CARTESIAN_POINT('',(0.0107796454652969,0.00249822942107589,-0.0002149));
#9485=CARTESIAN_POINT('',(0.0105131500964237,0.00236032439140274,-0.0002149));
#9486=CARTESIAN_POINT('',(0.0105131500964237,0.00236032439140274,-0.0073249));
#9487=CARTESIAN_POINT('',(0.0105131500964237,0.00236032439140274,-0.0073249));
#9488=CARTESIAN_POINT('',(0.011100783316433,0.0015511969609312,-0.0073249));
#9489=CARTESIAN_POINT('',(0.0107796454652969,0.00249822942107589,-0.0073249));
#9490=CARTESIAN_POINT('',(0.0107796454652969,0.00249822942107589,-0.0073249));
#9491=CARTESIAN_POINT('',(0.0108392865335289,0.00191125866749103,-0.0073249));
#9492=CARTESIAN_POINT('',(0.0108392865335289,0.00191125866749103,-0.0002149));
#9493=CARTESIAN_POINT('',(0.0108392865335289,0.00191125866749103,-0.0073249));
#9494=CARTESIAN_POINT('',(0.0099179286552575,0.00487548391846617,-0.0073249));
#9495=CARTESIAN_POINT('',(0.0099179286552575,0.00487548391846617,-0.0002149));
#9496=CARTESIAN_POINT('',(0.00986351842550539,0.00501526777625498,-0.0002149));
#9497=CARTESIAN_POINT('',(0.0100525428975132,0.00494165797517973,-0.000214900000000004));
#9498=CARTESIAN_POINT('',(0.0100525428975132,0.00494165797517973,-0.0073249));
#9499=CARTESIAN_POINT('',(0.0100525428975132,0.00494165797517973,-0.0073249));
#9500=CARTESIAN_POINT('',(0.0099179286552575,0.00487548391846617,-0.0073249));
#9501=CARTESIAN_POINT('',(0.00986351842550539,0.00501526777625498,-0.0073249));
#9502=CARTESIAN_POINT('',(0.00986351842550539,0.00501526777625498,-0.0073249));
#9503=CARTESIAN_POINT('',(0.0095007835604914,0.00594716016151375,-0.0073249));
#9504=CARTESIAN_POINT('',(0.0095007835604914,0.00594716016151375,-0.0002149));
#9505=CARTESIAN_POINT('',(0.00957072748467574,0.0049496092367637,-0.0002149));
#9506=CARTESIAN_POINT('',(0.0095007835604914,0.00594716016151375,-0.0073249));
#9507=CARTESIAN_POINT('',(0.00957072748467574,0.0049496092367637,-0.0073249));
#9508=CARTESIAN_POINT('',(0.00957072748467574,0.0049496092367637,-0.0073249));
#9509=CARTESIAN_POINT('',(0.0099007835604914,0.0052543398384862,-0.0073249));
#9510=CARTESIAN_POINT('',(0.0099007835604914,0.0052543398384862,-0.0002149));
#9511=CARTESIAN_POINT('',(0.00927510851377103,0.00603442363905603,-0.0002149));
#9512=CARTESIAN_POINT('',(0.00907185108018136,0.00581368851604525,-0.0002149));
#9513=CARTESIAN_POINT('',(0.00907185108018136,0.00581368851604525,-0.0073249));
#9514=CARTESIAN_POINT('',(0.00907185108018136,0.00581368851604525,-0.0073249));
#9515=CARTESIAN_POINT('',(0.0099007835604914,0.0052543398384862,-0.0073249));
#9516=CARTESIAN_POINT('',(0.00927510851377103,0.00603442363905603,-0.0073249));
#9517=CARTESIAN_POINT('',(0.00927510851377103,0.00603442363905603,-0.0073249));
#9518=CARTESIAN_POINT('',(0.00953190860675344,0.00550325,-0.0073249));
#9519=CARTESIAN_POINT('',(0.00953190860675344,0.00550325,-0.0002149));
#9520=CARTESIAN_POINT('',(0.00953190860675344,0.00550325,-0.0073249));
#9521=CARTESIAN_POINT('',(0.00765229066225078,0.00797358764110796,-0.0073249));
#9522=CARTESIAN_POINT('',(0.00765229066225078,0.00797358764110796,-0.0002149));
#9523=CARTESIAN_POINT('',(0.00755335287578192,0.0080863321061989,-0.0002149));
#9524=CARTESIAN_POINT('',(0.00775615381198951,0.00808181169631912,-0.000214900000000004));
#9525=CARTESIAN_POINT('',(0.00775615381198952,0.00808181169631912,-0.0073249));
#9526=CARTESIAN_POINT('',(0.00775615381198952,0.00808181169631912,-0.0073249));
#9527=CARTESIAN_POINT('',(0.00765229066225078,0.00797358764110796,-0.0073249));
#9528=CARTESIAN_POINT('',(0.00755335287578192,0.0080863321061989,-0.0073249));
#9529=CARTESIAN_POINT('',(0.00755335287578192,0.0080863321061989,-0.0073249));
#9530=CARTESIAN_POINT('',(0.00689376763265619,0.00883796187347184,-0.0073249));
#9531=CARTESIAN_POINT('',(0.00689376763265619,0.00883796187347184,-0.0002149));
#9532=CARTESIAN_POINT('',(0.0073006759323387,0.00792449286160034,-0.0002149));
#9533=CARTESIAN_POINT('',(0.00689376763265619,0.00883796187347184,-0.0073249));
#9534=CARTESIAN_POINT('',(0.0073006759323387,0.00792449286160034,-0.0073249));
#9535=CARTESIAN_POINT('',(0.0073006759323387,0.00792449286160034,-0.0073249));
#9536=CARTESIAN_POINT('',(0.00750660318715138,0.00832373178572261,-0.0073249));
#9537=CARTESIAN_POINT('',(0.00750660318715138,0.00832373178572261,-0.0002149));
#9538=CARTESIAN_POINT('',(0.00665185658946144,0.0088427773075581,-0.0002149));
#9539=CARTESIAN_POINT('',(0.0065363529374065,0.00856583600474826,-0.0002149));
#9540=CARTESIAN_POINT('',(0.0065363529374065,0.00856583600474826,-0.0073249));
#9541=CARTESIAN_POINT('',(0.0065363529374065,0.00856583600474826,-0.0073249));
#9542=CARTESIAN_POINT('',(0.00750660318715138,0.00832373178572261,-0.0073249));
#9543=CARTESIAN_POINT('',(0.00665185658946144,0.0088427773075581,-0.0073249));
#9544=CARTESIAN_POINT('',(0.00665185658946144,0.0088427773075581,-0.0073249));
#9545=CARTESIAN_POINT('',(0.00707484182601491,0.00843146816318902,-0.0073249));
#9546=CARTESIAN_POINT('',(0.00707484182601491,0.00843146816318902,-0.0002149));
#9547=CARTESIAN_POINT('',(0.00707484182601491,0.00843146816318902,-0.0073249));
#9548=CARTESIAN_POINT('',(0.00446367347959443,0.0101099590166115,-0.0073249));
#9549=CARTESIAN_POINT('',(0.00446367347959443,0.0101099590166115,-0.0002149));
#9550=CARTESIAN_POINT('',(0.00433214149362317,0.0101820654425836,-0.0002149));
#9551=CARTESIAN_POINT('',(0.0045242581081009,0.0102471796520449,-0.000214900000000004));
#9552=CARTESIAN_POINT('',(0.0045242581081009,0.0102471796520449,-0.0073249));
#9553=CARTESIAN_POINT('',(0.0045242581081009,0.0102471796520449,-0.0073249));
#9554=CARTESIAN_POINT('',(0.00446367347959443,0.0101099590166115,-0.0073249));
#9555=CARTESIAN_POINT('',(0.00433214149362317,0.0101820654425836,-0.0073249));
#9556=CARTESIAN_POINT('',(0.00433214149362317,0.0101820654425836,-0.0073249));
#9557=CARTESIAN_POINT('',(0.00345526158714812,0.0106627749490636,-0.0073249));
#9558=CARTESIAN_POINT('',(0.00345526158714812,0.0106627749490636,-0.0002149));
#9559=CARTESIAN_POINT('',(0.00415005511606016,0.00994356569426919,-0.0002149));
#9560=CARTESIAN_POINT('',(0.00345526158714812,0.0106627749490636,-0.0073249));
#9561=CARTESIAN_POINT('',(0.00415005511606016,0.00994356569426919,-0.0073249));
#9562=CARTESIAN_POINT('',(0.00415005511606016,0.00994356569426919,-0.0073249));
#9563=CARTESIAN_POINT('',(0.00420701568377685,0.0103891588344031,-0.0073249));
#9564=CARTESIAN_POINT('',(0.00420701568377685,0.0103891588344031,-0.0002149));
#9565=CARTESIAN_POINT('',(0.00322629258951503,0.0105845615272748,-0.0002149));
#9566=CARTESIAN_POINT('',(0.00321247416408501,0.0102848172530031,-0.0002149));
#9567=CARTESIAN_POINT('',(0.00321247416408501,0.0102848172530031,-0.0073249));
#9568=CARTESIAN_POINT('',(0.00321247416408501,0.0102848172530031,-0.0073249));
#9569=CARTESIAN_POINT('',(0.00420701568377685,0.0103891588344031,-0.0073249));
#9570=CARTESIAN_POINT('',(0.00322629258951503,0.0105845615272748,-0.0073249));
#9571=CARTESIAN_POINT('',(0.00322629258951503,0.0105845615272748,-0.0073249));
#9572=CARTESIAN_POINT('',(0.00376444470751398,0.0103427268306801,-0.0073249));
#9573=CARTESIAN_POINT('',(0.00376444470751398,0.0103427268306801,-0.0002149));
#9574=CARTESIAN_POINT('',(0.00376444470751398,0.0103427268306801,-0.0073249));
#9575=CARTESIAN_POINT('',(-0.000736671398494522,0.0110269201276077,-0.0073249));
#9576=CARTESIAN_POINT('',(-0.000736671398494522,0.0110269201276077,-0.0002149));
#9577=CARTESIAN_POINT('',(-0.000746670105436944,0.0111765865094691,-0.000214900000000004));
#9578=CARTESIAN_POINT('',(-0.000588409911734367,0.011049691415311,-0.0002149));
#9579=CARTESIAN_POINT('',(-0.000588409911734367,0.011049691415311,-0.0073249));
#9580=CARTESIAN_POINT('',(-0.000588409911734367,0.011049691415311,-0.0073249));
#9581=CARTESIAN_POINT('',(-0.000736671398494522,0.0110269201276077,-0.0073249));
#9582=CARTESIAN_POINT('',(-0.000746670105436944,0.0111765865094691,-0.0073249));
#9583=CARTESIAN_POINT('',(-0.000746670105436944,0.0111765865094691,-0.0073249));
#9584=CARTESIAN_POINT('',(0.0004,0.0112015,-0.0073249));
#9585=CARTESIAN_POINT('',(0.0004,0.0112015,-0.0002149));
#9586=CARTESIAN_POINT('',(-0.000498876404494382,0.010763297752809,-0.0002149));
#9587=CARTESIAN_POINT('',(-0.000498876404494382,0.010763297752809,-0.0073249));
#9588=CARTESIAN_POINT('',(-0.000498876404494382,0.010763297752809,-0.0073249));
#9589=CARTESIAN_POINT('',(0.0004,0.0112015,-0.0073249));
#9590=CARTESIAN_POINT('',(0.,0.0110065,-0.0073249));
#9591=CARTESIAN_POINT('',(0.,0.0110065,-0.0002149));
#9592=CARTESIAN_POINT('',(0.000498876404494381,0.010763297752809,-0.0002149));
#9593=CARTESIAN_POINT('',(0.000498876404494381,0.010763297752809,-0.0073249));
#9594=CARTESIAN_POINT('',(0.000498876404494381,0.010763297752809,-0.0073249));
#9595=CARTESIAN_POINT('',(0.,0.0110065,-0.0073249));
#9596=CARTESIAN_POINT('',(-0.0004,0.0112015,-0.0073249));
#9597=CARTESIAN_POINT('',(-0.0004,0.0112015,-0.0002149));
#9598=CARTESIAN_POINT('',(0.000588409911734365,0.011049691415311,-0.0002149));
#9599=CARTESIAN_POINT('',(0.000588409911734365,0.011049691415311,-0.0073249));
#9600=CARTESIAN_POINT('',(0.000588409911734365,0.011049691415311,-0.0073249));
#9601=CARTESIAN_POINT('',(-0.0004,0.0112015,-0.0073249));
#9602=CARTESIAN_POINT('',(0.000736671398494522,0.0110269201276077,-0.0073249));
#9603=CARTESIAN_POINT('',(0.000736671398494522,0.0110269201276077,-0.0002149));
#9604=CARTESIAN_POINT('',(0.000746670105436945,0.0111765865094691,-0.0002149));
#9605=CARTESIAN_POINT('',(0.000746670105436945,0.0111765865094691,-0.0073249));
#9606=CARTESIAN_POINT('',(0.000746670105436945,0.0111765865094691,-0.0073249));
#9607=CARTESIAN_POINT('',(0.000736671398494522,0.0110269201276077,-0.0073249));
#9608=CARTESIAN_POINT('',(0.,0.0140335,0.0012751));
#9609=CARTESIAN_POINT('',(0.,0.,0.0012751));
#9610=CARTESIAN_POINT('',(-0.0140335,0.,0.0012751));
#9611=CARTESIAN_POINT('',(0.,0.0126175,-0.000214900000000003));
#9612=CARTESIAN_POINT('',(0.,0.,-0.000214900000000004));
#9613=CARTESIAN_POINT('',(0.0126175,0.,-0.000214900000000004));
#9614=CARTESIAN_POINT('',(0.,0.,-0.000214900000000004));
#9615=CARTESIAN_POINT('',(-0.00233904316334086,0.0109618647742995,-0.0002149));
#9616=CARTESIAN_POINT('',(0.,0.,-0.000214900000000004));
#9617=CARTESIAN_POINT('',(-0.00420701568377671,0.0103891588344031,-0.0002149));
#9618=CARTESIAN_POINT('',(0.,0.,-0.000214900000000004));
#9619=CARTESIAN_POINT('',(-0.00550324999999988,0.00953190860675349,-0.0002149));
#9620=CARTESIAN_POINT('',(0.,0.,-0.000214900000000004));
#9621=CARTESIAN_POINT('',(-0.00707484182601479,0.00843146816318912,-0.0002149));
#9622=CARTESIAN_POINT('',(0.,0.,-0.000214900000000004));
#9623=CARTESIAN_POINT('',(-0.00843146816318895,0.00707484182601499,-0.0002149));
#9624=CARTESIAN_POINT('',(0.,0.,-0.000214900000000004));
#9625=CARTESIAN_POINT('',(-0.00953190860675336,0.00550325000000011,-0.0002149));
#9626=CARTESIAN_POINT('',(0.,0.,-0.000214900000000004));
#9627=CARTESIAN_POINT('',(-0.0103427268306801,0.00376444470751408,-0.0002149));
#9628=CARTESIAN_POINT('',(0.,0.,-0.000214900000000004));
#9629=CARTESIAN_POINT('',(-0.0108392865335288,0.00191125866749118,-0.0002149));
#9630=CARTESIAN_POINT('',(0.,0.,-0.000214900000000004));
#9631=CARTESIAN_POINT('',(-0.0110065,1.15286968067931E-16,-0.0002149));
#9632=CARTESIAN_POINT('',(0.,0.,-0.000214900000000004));
#9633=CARTESIAN_POINT('',(-0.0108392865335289,-0.00191125866749096,-0.0002149));
#9634=CARTESIAN_POINT('',(0.,0.,-0.000214900000000004));
#9635=CARTESIAN_POINT('',(-0.0103427268306801,-0.00376444470751388,-0.0002149));
#9636=CARTESIAN_POINT('',(0.,0.,-0.000214900000000004));
#9637=CARTESIAN_POINT('',(-0.00953190860675347,-0.00550324999999991,-0.0002149));
#9638=CARTESIAN_POINT('',(0.,0.,-0.000214900000000004));
#9639=CARTESIAN_POINT('',(-0.00843146816318909,-0.00707484182601482,-0.0002149));
#9640=CARTESIAN_POINT('',(0.,0.,-0.000214900000000004));
#9641=CARTESIAN_POINT('',(-0.00707484182601497,-0.00843146816318897,-0.0002149));
#9642=CARTESIAN_POINT('',(0.,0.,-0.000214900000000004));
#9643=CARTESIAN_POINT('',(-0.00550325000000008,-0.00953190860675338,-0.0002149));
#9644=CARTESIAN_POINT('',(0.,0.,-0.000214900000000004));
#9645=CARTESIAN_POINT('',(-0.00420701568377692,-0.010389158834403,-0.0002149));
#9646=CARTESIAN_POINT('',(0.,0.,-0.000214900000000004));
#9647=CARTESIAN_POINT('',(-0.00233904316334108,-0.0109618647742995,-0.0002149));
#9648=CARTESIAN_POINT('',(0.,0.,-0.000214900000000004));
#9649=CARTESIAN_POINT('',(0.,0.,-0.000214900000000004));
#9650=CARTESIAN_POINT('',(0.00120546737112929,-0.0111364469498643,-0.0002149));
#9651=CARTESIAN_POINT('',(0.00118932488077805,-0.0109873180794024,-0.0002149));
#9652=CARTESIAN_POINT('',(0.,0.,-0.000214900000000004));
#9653=CARTESIAN_POINT('',(0.00312097733161976,-0.010757932085002,-0.000214900000000004));
#9654=CARTESIAN_POINT('',(0.00307918412537569,-0.0106138719312056,-0.0002149));
#9655=CARTESIAN_POINT('',(0.,0.,-0.000214900000000004));
#9656=CARTESIAN_POINT('',(0.00494165797517969,-0.0100525428975132,-0.0002149));
#9657=CARTESIAN_POINT('',(0.00487548391846613,-0.00991792865525751,-0.0002149));
#9658=CARTESIAN_POINT('',(0.,0.,-0.000214900000000004));
#9659=CARTESIAN_POINT('',(0.00661218884176339,-0.00904171228091559,-0.000214900000000004));
#9660=CARTESIAN_POINT('',(0.00652364459980789,-0.00892063413583347,-0.0002149));
#9661=CARTESIAN_POINT('',(0.,0.,-0.000214900000000004));
#9662=CARTESIAN_POINT('',(0.00808181169631909,-0.00775615381198954,-0.0002149));
#9663=CARTESIAN_POINT('',(0.00797358764110793,-0.0076522906622508,-0.0002149));
#9664=CARTESIAN_POINT('',(0.,0.,-0.000214900000000004));
#9665=CARTESIAN_POINT('',(0.00930587279207619,-0.0062349285342894,-0.000214900000000004));
#9666=CARTESIAN_POINT('',(0.00918125725676294,-0.00615143620914157,-0.0002149));
#9667=CARTESIAN_POINT('',(0.,0.,-0.000214900000000004));
#9668=CARTESIAN_POINT('',(0.0102471796520449,-0.00452425810810094,-0.0002149));
#9669=CARTESIAN_POINT('',(0.0101099590166115,-0.00446367347959447,-0.0002149));
#9670=CARTESIAN_POINT('',(0.,0.,-0.000214900000000004));
#9671=CARTESIAN_POINT('',(0.0108771311436093,-0.0026761203886829,-0.000214900000000004));
#9672=CARTESIAN_POINT('',(0.0107314747876265,-0.00264028429009766,-0.0002149));
#9673=CARTESIAN_POINT('',(0.,0.,-0.000214900000000004));
#9674=CARTESIAN_POINT('',(0.0111765865094691,-0.000746670105436984,-0.0002149));
#9675=CARTESIAN_POINT('',(0.0110269201276077,-0.000736671398494561,-0.0002149));
#9676=CARTESIAN_POINT('',(0.0110269201276077,0.000736671398494484,-0.0002149));
#9677=CARTESIAN_POINT('',(0.0111765865094691,0.000746670105436905,-0.0002149));
#9678=CARTESIAN_POINT('',(0.,0.,-0.000214900000000004));
#9679=CARTESIAN_POINT('',(0.0107314747876265,0.00264028429009759,-0.0002149));
#9680=CARTESIAN_POINT('',(0.0108771311436093,0.00267612038868282,-0.0002149));
#9681=CARTESIAN_POINT('',(0.,0.,-0.000214900000000004));
#9682=CARTESIAN_POINT('',(0.0101099590166116,0.0044636734795944,-0.0002149));
#9683=CARTESIAN_POINT('',(0.0102471796520449,0.00452425810810087,-0.0002149));
#9684=CARTESIAN_POINT('',(0.,0.,-0.000214900000000004));
#9685=CARTESIAN_POINT('',(0.00918125725676298,0.0061514362091415,-0.0002149));
#9686=CARTESIAN_POINT('',(0.00930587279207623,0.00623492853428933,-0.0002149));
#9687=CARTESIAN_POINT('',(0.,0.,-0.000214900000000004));
#9688=CARTESIAN_POINT('',(0.00797358764110798,0.00765229066225075,-0.0002149));
#9689=CARTESIAN_POINT('',(0.00808181169631915,0.00775615381198948,-0.0002149));
#9690=CARTESIAN_POINT('',(0.,0.,-0.000214900000000004));
#9691=CARTESIAN_POINT('',(0.00652364459980795,0.00892063413583343,-0.0002149));
#9692=CARTESIAN_POINT('',(0.00661218884176345,0.00904171228091554,-0.0002149));
#9693=CARTESIAN_POINT('',(0.,0.,-0.000214900000000004));
#9694=CARTESIAN_POINT('',(0.0048754839184662,0.00991792865525748,-0.0002149));
#9695=CARTESIAN_POINT('',(0.00494165797517977,0.0100525428975132,-0.0002149));
#9696=CARTESIAN_POINT('',(0.,0.,-0.000214900000000004));
#9697=CARTESIAN_POINT('',(0.00307918412537576,0.0106138719312056,-0.0002149));
#9698=CARTESIAN_POINT('',(0.00312097733161983,0.010757932085002,-0.0002149));
#9699=CARTESIAN_POINT('',(0.,0.,-0.000214900000000004));
#9700=CARTESIAN_POINT('',(0.00118932488077813,0.0109873180794024,-0.0002149));
#9701=CARTESIAN_POINT('',(0.00120546737112937,0.0111364469498643,-0.000214900000000004));
#9702=CARTESIAN_POINT('',(0.,0.,-0.000214900000000004));
#9703=CARTESIAN_POINT('',(0.,0.,0.0087249));
#9704=CARTESIAN_POINT('',(0.,0.,-0.0073249));
#9705=CARTESIAN_POINT('',(0.,0.0112015,-0.0073249));
#9706=CARTESIAN_POINT('',(0.,0.,-0.0073249));
#9707=CARTESIAN_POINT('',(0.0126175,0.,-0.0073249));
#9708=CARTESIAN_POINT('',(0.,0.,-0.0073249));
#9709=CARTESIAN_POINT('',(0.00120546737112937,0.0111364469498643,-0.0073249));
#9710=CARTESIAN_POINT('',(0.00118932488077813,0.0109873180794024,-0.0073249));
#9711=CARTESIAN_POINT('',(0.,0.,-0.0073249));
#9712=CARTESIAN_POINT('',(0.00312097733161983,0.010757932085002,-0.0073249));
#9713=CARTESIAN_POINT('',(0.00307918412537576,0.0106138719312056,-0.0073249));
#9714=CARTESIAN_POINT('',(0.,0.,-0.0073249));
#9715=CARTESIAN_POINT('',(0.00494165797517977,0.0100525428975132,-0.0073249));
#9716=CARTESIAN_POINT('',(0.0048754839184662,0.00991792865525748,-0.0073249));
#9717=CARTESIAN_POINT('',(0.,0.,-0.0073249));
#9718=CARTESIAN_POINT('',(0.00661218884176345,0.00904171228091554,-0.0073249));
#9719=CARTESIAN_POINT('',(0.00652364459980795,0.00892063413583343,-0.0073249));
#9720=CARTESIAN_POINT('',(0.,0.,-0.0073249));
#9721=CARTESIAN_POINT('',(0.00808181169631915,0.00775615381198949,-0.0073249));
#9722=CARTESIAN_POINT('',(0.00797358764110798,0.00765229066225075,-0.0073249));
#9723=CARTESIAN_POINT('',(0.,0.,-0.0073249));
#9724=CARTESIAN_POINT('',(0.00930587279207623,0.00623492853428933,-0.0073249));
#9725=CARTESIAN_POINT('',(0.00918125725676298,0.0061514362091415,-0.0073249));
#9726=CARTESIAN_POINT('',(0.,0.,-0.0073249));
#9727=CARTESIAN_POINT('',(0.0102471796520449,0.00452425810810087,-0.0073249));
#9728=CARTESIAN_POINT('',(0.0101099590166116,0.0044636734795944,-0.0073249));
#9729=CARTESIAN_POINT('',(0.,0.,-0.0073249));
#9730=CARTESIAN_POINT('',(0.0108771311436093,0.00267612038868282,-0.0073249));
#9731=CARTESIAN_POINT('',(0.0107314747876265,0.00264028429009759,-0.0073249));
#9732=CARTESIAN_POINT('',(0.,0.,-0.0073249));
#9733=CARTESIAN_POINT('',(0.0111765865094691,0.000746670105436906,-0.0073249));
#9734=CARTESIAN_POINT('',(0.0110269201276077,0.000736671398494484,-0.0073249));
#9735=CARTESIAN_POINT('',(0.0110269201276077,-0.000736671398494561,-0.0073249));
#9736=CARTESIAN_POINT('',(0.0111765865094691,-0.000746670105436984,-0.0073249));
#9737=CARTESIAN_POINT('',(0.,0.,-0.0073249));
#9738=CARTESIAN_POINT('',(0.0107314747876265,-0.00264028429009766,-0.0073249));
#9739=CARTESIAN_POINT('',(0.0108771311436093,-0.0026761203886829,-0.0073249));
#9740=CARTESIAN_POINT('',(0.,0.,-0.0073249));
#9741=CARTESIAN_POINT('',(0.0101099590166115,-0.00446367347959447,-0.0073249));
#9742=CARTESIAN_POINT('',(0.0102471796520449,-0.00452425810810094,-0.0073249));
#9743=CARTESIAN_POINT('',(0.,0.,-0.0073249));
#9744=CARTESIAN_POINT('',(0.00918125725676294,-0.00615143620914157,-0.0073249));
#9745=CARTESIAN_POINT('',(0.00930587279207619,-0.0062349285342894,-0.0073249));
#9746=CARTESIAN_POINT('',(0.,0.,-0.0073249));
#9747=CARTESIAN_POINT('',(0.00797358764110793,-0.0076522906622508,-0.0073249));
#9748=CARTESIAN_POINT('',(0.00808181169631909,-0.00775615381198954,-0.0073249));
#9749=CARTESIAN_POINT('',(0.,0.,-0.0073249));
#9750=CARTESIAN_POINT('',(0.00652364459980789,-0.00892063413583347,-0.0073249));
#9751=CARTESIAN_POINT('',(0.00661218884176339,-0.00904171228091559,-0.0073249));
#9752=CARTESIAN_POINT('',(0.,0.,-0.0073249));
#9753=CARTESIAN_POINT('',(0.00487548391846613,-0.00991792865525751,-0.0073249));
#9754=CARTESIAN_POINT('',(0.00494165797517969,-0.0100525428975132,-0.0073249));
#9755=CARTESIAN_POINT('',(0.,0.,-0.0073249));
#9756=CARTESIAN_POINT('',(0.00307918412537569,-0.0106138719312056,-0.0073249));
#9757=CARTESIAN_POINT('',(0.00312097733161976,-0.010757932085002,-0.0073249));
#9758=CARTESIAN_POINT('',(0.,0.,-0.0073249));
#9759=CARTESIAN_POINT('',(0.00118932488077805,-0.0109873180794024,-0.0073249));
#9760=CARTESIAN_POINT('',(0.00120546737112929,-0.0111364469498643,-0.0073249));
#9761=CARTESIAN_POINT('',(0.,0.,-0.0073249));
#9762=CARTESIAN_POINT('',(0.,0.,-0.0073249));
#9763=CARTESIAN_POINT('',(-0.00233904316334108,-0.0109618647742995,-0.0073249));
#9764=CARTESIAN_POINT('',(0.,0.,-0.0073249));
#9765=CARTESIAN_POINT('',(-0.00420701568377692,-0.010389158834403,-0.0073249));
#9766=CARTESIAN_POINT('',(0.,0.,-0.0073249));
#9767=CARTESIAN_POINT('',(-0.00550325000000008,-0.00953190860675338,-0.0073249));
#9768=CARTESIAN_POINT('',(0.,0.,-0.0073249));
#9769=CARTESIAN_POINT('',(-0.00707484182601497,-0.00843146816318897,-0.0073249));
#9770=CARTESIAN_POINT('',(0.,0.,-0.0073249));
#9771=CARTESIAN_POINT('',(-0.00843146816318909,-0.00707484182601482,-0.0073249));
#9772=CARTESIAN_POINT('',(0.,0.,-0.0073249));
#9773=CARTESIAN_POINT('',(-0.00953190860675347,-0.00550324999999991,-0.0073249));
#9774=CARTESIAN_POINT('',(0.,0.,-0.0073249));
#9775=CARTESIAN_POINT('',(-0.0103427268306801,-0.00376444470751388,-0.0073249));
#9776=CARTESIAN_POINT('',(0.,0.,-0.0073249));
#9777=CARTESIAN_POINT('',(-0.0108392865335289,-0.00191125866749096,-0.0073249));
#9778=CARTESIAN_POINT('',(0.,0.,-0.0073249));
#9779=CARTESIAN_POINT('',(-0.0110065,1.15286968067931E-16,-0.0073249));
#9780=CARTESIAN_POINT('',(0.,0.,-0.0073249));
#9781=CARTESIAN_POINT('',(-0.0108392865335288,0.00191125866749118,-0.0073249));
#9782=CARTESIAN_POINT('',(0.,0.,-0.0073249));
#9783=CARTESIAN_POINT('',(-0.0103427268306801,0.00376444470751408,-0.0073249));
#9784=CARTESIAN_POINT('',(0.,0.,-0.0073249));
#9785=CARTESIAN_POINT('',(-0.00953190860675336,0.00550325000000011,-0.0073249));
#9786=CARTESIAN_POINT('',(0.,0.,-0.0073249));
#9787=CARTESIAN_POINT('',(-0.00843146816318895,0.00707484182601499,-0.0073249));
#9788=CARTESIAN_POINT('',(0.,0.,-0.0073249));
#9789=CARTESIAN_POINT('',(-0.00707484182601479,0.00843146816318912,-0.0073249));
#9790=CARTESIAN_POINT('',(0.,0.,-0.0073249));
#9791=CARTESIAN_POINT('',(-0.00550324999999988,0.00953190860675349,-0.0073249));
#9792=CARTESIAN_POINT('',(0.,0.,-0.0073249));
#9793=CARTESIAN_POINT('',(-0.00420701568377671,0.0103891588344031,-0.0073249));
#9794=CARTESIAN_POINT('',(0.,0.,-0.0073249));
#9795=CARTESIAN_POINT('',(-0.00233904316334086,0.0109618647742995,-0.0073249));
#9796=CARTESIAN_POINT('',(0.,0.,0.0087249));
#9797=CARTESIAN_POINT('',(0.00312097733161983,0.010757932085002,-0.0073249));
#9798=CARTESIAN_POINT('',(0.,0.,0.0087249));
#9799=CARTESIAN_POINT('',(0.00661218884176345,0.00904171228091554,-0.0073249));
#9800=CARTESIAN_POINT('',(0.,0.,0.0087249));
#9801=CARTESIAN_POINT('',(0.00930587279207623,0.00623492853428933,-0.0073249));
#9802=CARTESIAN_POINT('',(0.,0.,0.0087249));
#9803=CARTESIAN_POINT('',(0.0108771311436093,0.00267612038868282,-0.0073249));
#9804=CARTESIAN_POINT('',(0.,0.,0.0087249));
#9805=CARTESIAN_POINT('',(0.0111765865094691,-0.000746670105436984,-0.0073249));
#9806=CARTESIAN_POINT('',(0.,0.,0.0087249));
#9807=CARTESIAN_POINT('',(0.0102471796520449,-0.00452425810810094,-0.0073249));
#9808=CARTESIAN_POINT('',(0.,0.,0.0087249));
#9809=CARTESIAN_POINT('',(0.00808181169631909,-0.00775615381198954,-0.0073249));
#9810=CARTESIAN_POINT('',(0.,0.,0.0087249));
#9811=CARTESIAN_POINT('',(0.00494165797517969,-0.0100525428975132,-0.0073249));
#9812=CARTESIAN_POINT('',(0.,0.,0.0087249));
#9813=CARTESIAN_POINT('',(0.00120546737112929,-0.0111364469498643,-0.0073249));
#9814=CARTESIAN_POINT('',(0.,0.,0.0087249));
#9815=CARTESIAN_POINT('',(0.,0.,0.0087249));
#9816=CARTESIAN_POINT('',(0.,0.,0.0087249));
#9817=CARTESIAN_POINT('',(0.,0.,0.0087249));
#9818=CARTESIAN_POINT('',(0.,0.,0.0087249));
#9819=CARTESIAN_POINT('',(0.,0.,0.0087249));
#9820=CARTESIAN_POINT('',(0.,0.,0.0087249));
#9821=CARTESIAN_POINT('',(0.,0.,0.0087249));
#9822=CARTESIAN_POINT('',(0.,0.,0.0087249));
#9823=CARTESIAN_POINT('',(0.,0.,0.0087249));
#9824=CARTESIAN_POINT('',(0.,0.,0.0087249));
#9825=CARTESIAN_POINT('',(0.,0.,0.0087249));
#9826=CARTESIAN_POINT('',(0.,0.,0.0087249));
#9827=CARTESIAN_POINT('',(0.,0.,0.0087249));
#9828=CARTESIAN_POINT('',(0.,0.,0.0087249));
#9829=CARTESIAN_POINT('',(0.,0.,0.0087249));
#9830=CARTESIAN_POINT('',(0.,0.,0.0087249));
#9831=CARTESIAN_POINT('',(0.,0.,0.0087249));
#9832=CARTESIAN_POINT('',(0.00312097733161976,-0.010757932085002,-0.0073249));
#9833=CARTESIAN_POINT('',(0.,0.,0.0087249));
#9834=CARTESIAN_POINT('',(0.00661218884176339,-0.00904171228091559,-0.0073249));
#9835=CARTESIAN_POINT('',(0.,0.,0.0087249));
#9836=CARTESIAN_POINT('',(0.00930587279207619,-0.0062349285342894,-0.0073249));
#9837=CARTESIAN_POINT('',(0.,0.,0.0087249));
#9838=CARTESIAN_POINT('',(0.0108771311436093,-0.0026761203886829,-0.0073249));
#9839=CARTESIAN_POINT('',(0.,0.,0.0087249));
#9840=CARTESIAN_POINT('',(0.0111765865094691,0.000746670105436905,-0.0073249));
#9841=CARTESIAN_POINT('',(0.,0.,0.0087249));
#9842=CARTESIAN_POINT('',(0.0102471796520449,0.00452425810810087,-0.0073249));
#9843=CARTESIAN_POINT('',(0.,0.,0.0087249));
#9844=CARTESIAN_POINT('',(0.00808181169631915,0.00775615381198948,-0.0073249));
#9845=CARTESIAN_POINT('',(0.,0.,0.0087249));
#9846=CARTESIAN_POINT('',(0.00494165797517977,0.0100525428975132,-0.0073249));
#9847=CARTESIAN_POINT('',(0.,0.,0.0087249));
#9848=CARTESIAN_POINT('',(0.00120546737112937,0.0111364469498643,-0.0073249));
#9849=CARTESIAN_POINT('',(0.,0.,0.0087249));
#9850=CARTESIAN_POINT('',(0.,0.,-0.0080249));
#9851=CARTESIAN_POINT('',(0.0140335,0.,-0.0080249));
#9852=CARTESIAN_POINT('',(0.,0.,-0.0080249));
#9853=CARTESIAN_POINT('',(0.,0.,-0.000214900000000004));
#9854=CARTESIAN_POINT('',(0.,0.,0.0004851));
#9855=CARTESIAN_POINT('',(0.0140335,0.,0.0004851));
#9856=CARTESIAN_POINT('',(0.,0.,0.0087249));
#9857=CARTESIAN_POINT('',(0.00307918412537576,0.0106138719312056,-0.0073249));
#9858=CARTESIAN_POINT('',(0.00652364459980795,0.00892063413583343,-0.0073249));
#9859=CARTESIAN_POINT('',(0.00918125725676298,0.0061514362091415,-0.0073249));
#9860=CARTESIAN_POINT('',(0.0107314747876265,0.00264028429009759,-0.0073249));
#9861=CARTESIAN_POINT('',(0.0107314747876265,-0.00264028429009766,-0.0073249));
#9862=CARTESIAN_POINT('',(0.00918125725676294,-0.00615143620914157,-0.0073249));
#9863=CARTESIAN_POINT('',(0.00652364459980789,-0.00892063413583347,-0.0073249));
#9864=CARTESIAN_POINT('',(0.00307918412537569,-0.0106138719312056,-0.0073249));
#9865=CARTESIAN_POINT('',(-0.00420701568377692,-0.010389158834403,-0.0073249));
#9866=CARTESIAN_POINT('',(-0.00707484182601497,-0.00843146816318897,-0.0073249));
#9867=CARTESIAN_POINT('',(-0.00953190860675347,-0.00550324999999991,-0.0073249));
#9868=CARTESIAN_POINT('',(-0.0108392865335289,-0.00191125866749096,-0.0073249));
#9869=CARTESIAN_POINT('',(-0.0108392865335288,0.00191125866749118,-0.0073249));
#9870=CARTESIAN_POINT('',(-0.00953190860675336,0.00550325000000011,-0.0073249));
#9871=CARTESIAN_POINT('',(-0.00707484182601479,0.00843146816318912,-0.0073249));
#9872=CARTESIAN_POINT('',(-0.00420701568377671,0.0103891588344031,-0.0073249));
#9873=CARTESIAN_POINT('',(-0.00233904316334086,0.0109618647742995,-0.0073249));
#9874=CARTESIAN_POINT('',(-0.00550324999999988,0.00953190860675349,-0.0073249));
#9875=CARTESIAN_POINT('',(-0.00843146816318895,0.00707484182601499,-0.0073249));
#9876=CARTESIAN_POINT('',(-0.0103427268306801,0.00376444470751408,-0.0073249));
#9877=CARTESIAN_POINT('',(-0.0110065,1.15286968067931E-16,-0.0073249));
#9878=CARTESIAN_POINT('',(-0.0103427268306801,-0.00376444470751388,-0.0073249));
#9879=CARTESIAN_POINT('',(-0.00843146816318909,-0.00707484182601482,-0.0073249));
#9880=CARTESIAN_POINT('',(-0.00550325000000008,-0.00953190860675338,-0.0073249));
#9881=CARTESIAN_POINT('',(-0.00233904316334108,-0.0109618647742995,-0.0073249));
#9882=CARTESIAN_POINT('',(0.00118932488077805,-0.0109873180794024,-0.0073249));
#9883=CARTESIAN_POINT('',(0.00487548391846613,-0.00991792865525751,-0.0073249));
#9884=CARTESIAN_POINT('',(0.00797358764110793,-0.0076522906622508,-0.0073249));
#9885=CARTESIAN_POINT('',(0.0101099590166115,-0.00446367347959447,-0.0073249));
#9886=CARTESIAN_POINT('',(0.0110269201276077,0.000736671398494484,-0.0073249));
#9887=CARTESIAN_POINT('',(0.0110269201276077,-0.000736671398494561,-0.0073249));
#9888=CARTESIAN_POINT('',(0.0101099590166116,0.0044636734795944,-0.0073249));
#9889=CARTESIAN_POINT('',(0.00797358764110798,0.00765229066225075,-0.0073249));
#9890=CARTESIAN_POINT('',(0.0048754839184662,0.00991792865525748,-0.0073249));
#9891=CARTESIAN_POINT('',(0.00118932488077813,0.0109873180794024,-0.0073249));
#9892=CARTESIAN_POINT('',(0.000229748456024269,-0.293,0.1445249));
#9893=CARTESIAN_POINT('',(0.,0.,0.));
#9894=MECHANICAL_DESIGN_GEOMETRIC_PRESENTATION_REPRESENTATION('',(#5451,
#5452),#9895);
#9895=(
GEOMETRIC_REPRESENTATION_CONTEXT(3)
GLOBAL_UNCERTAINTY_ASSIGNED_CONTEXT((#9899))
GLOBAL_UNIT_ASSIGNED_CONTEXT((#9905,#9904,#9903))
REPRESENTATION_CONTEXT('ROBOT','TOP_LEVEL_ASSEMBLY_PART')
);
#9896=(
GEOMETRIC_REPRESENTATION_CONTEXT(3)
GLOBAL_UNCERTAINTY_ASSIGNED_CONTEXT((#9900))
GLOBAL_UNIT_ASSIGNED_CONTEXT((#9905,#9904,#9903))
REPRESENTATION_CONTEXT('SA Bras 2 <1>','COMPONENT_PART')
);
#9897=(
GEOMETRIC_REPRESENTATION_CONTEXT(3)
GLOBAL_UNCERTAINTY_ASSIGNED_CONTEXT((#9901))
GLOBAL_UNIT_ASSIGNED_CONTEXT((#9905,#9904,#9903))
REPRESENTATION_CONTEXT('Bras 2','COMPONENT_PART')
);
#9898=(
GEOMETRIC_REPRESENTATION_CONTEXT(3)
GLOBAL_UNCERTAINTY_ASSIGNED_CONTEXT((#9902))
GLOBAL_UNIT_ASSIGNED_CONTEXT((#9905,#9904,#9903))
REPRESENTATION_CONTEXT('Gt Timing Belt Pulley Bras2','COMPONENT_PART')
);
#9899=UNCERTAINTY_MEASURE_WITH_UNIT(LENGTH_MEASURE(1.E-8),#9905,
'DISTANCE_ACCURACY_VALUE','Maximum Tolerance applied to model');
#9900=UNCERTAINTY_MEASURE_WITH_UNIT(LENGTH_MEASURE(1.E-8),#9905,
'DISTANCE_ACCURACY_VALUE','Maximum Tolerance applied to model');
#9901=UNCERTAINTY_MEASURE_WITH_UNIT(LENGTH_MEASURE(2.E-5),#9905,
'DISTANCE_ACCURACY_VALUE','Maximum Tolerance applied to model');
#9902=UNCERTAINTY_MEASURE_WITH_UNIT(LENGTH_MEASURE(1.E-6),#9905,
'DISTANCE_ACCURACY_VALUE','Maximum Tolerance applied to model');
#9903=(
NAMED_UNIT(*)
SI_UNIT($,.STERADIAN.)
SOLID_ANGLE_UNIT()
);
#9904=(
NAMED_UNIT(*)
PLANE_ANGLE_UNIT()
SI_UNIT($,.RADIAN.)
);
#9905=(
LENGTH_UNIT()
NAMED_UNIT(*)
SI_UNIT($,.METRE.)
);
#9906=PRODUCT_DEFINITION_SHAPE('','',#9913);
#9907=PRODUCT_DEFINITION_SHAPE('','',#9914);
#9908=PRODUCT_DEFINITION_SHAPE('','',#9915);
#9909=PRODUCT_DEFINITION_SHAPE(' ','NAUO PRDDFN',#15);
#9910=PRODUCT_DEFINITION_SHAPE('','',#9916);
#9911=PRODUCT_DEFINITION_SHAPE(' ','NAUO PRDDFN',#16);
#9912=PRODUCT_DEFINITION_SHAPE(' ','NAUO PRDDFN',#17);
#9913=PRODUCT_DEFINITION('','',#9921,#9917);
#9914=PRODUCT_DEFINITION('','',#9922,#9918);
#9915=PRODUCT_DEFINITION('','',#9923,#9919);
#9916=PRODUCT_DEFINITION('','',#9924,#9920);
#9917=PRODUCT_DEFINITION_CONTEXT('',#9942,'design');
#9918=PRODUCT_DEFINITION_CONTEXT('',#9942,'design');
#9919=PRODUCT_DEFINITION_CONTEXT('',#9942,'design');
#9920=PRODUCT_DEFINITION_CONTEXT('',#9942,'design');
#9921=PRODUCT_DEFINITION_FORMATION_WITH_SPECIFIED_SOURCE('','',#9929,
 .NOT_KNOWN.);
#9922=PRODUCT_DEFINITION_FORMATION_WITH_SPECIFIED_SOURCE('','',#9930,
 .NOT_KNOWN.);
#9923=PRODUCT_DEFINITION_FORMATION_WITH_SPECIFIED_SOURCE('','',#9931,
 .NOT_KNOWN.);
#9924=PRODUCT_DEFINITION_FORMATION_WITH_SPECIFIED_SOURCE('','',#9932,
 .NOT_KNOWN.);
#9925=PRODUCT_RELATED_PRODUCT_CATEGORY('','',(#9929));
#9926=PRODUCT_RELATED_PRODUCT_CATEGORY('','',(#9930));
#9927=PRODUCT_RELATED_PRODUCT_CATEGORY('','',(#9931));
#9928=PRODUCT_RELATED_PRODUCT_CATEGORY('','',(#9932));
#9929=PRODUCT('ROBOT','ROBOT','ROBOT',(#9937));
#9930=PRODUCT('SA Bras 2 <1>','SA Bras 2 <1>','SA Bras 2 <1>',(#9938));
#9931=PRODUCT('Bras 2','Bras 2','Bras 2',(#9939));
#9932=PRODUCT('Gt Timing Belt Pulley Bras2',
'Gt Timing Belt Pulley Bras2','Gt Timing Belt Pulley Bras2',(#9940));
#9933=PRODUCT_CATEGORY('','');
#9934=PRODUCT_CATEGORY('','');
#9935=PRODUCT_CATEGORY('','');
#9936=PRODUCT_CATEGORY('','');
#9937=PRODUCT_CONTEXT('',#9942,'mechanical');
#9938=PRODUCT_CONTEXT('',#9942,'mechanical');
#9939=PRODUCT_CONTEXT('',#9942,'mechanical');
#9940=PRODUCT_CONTEXT('',#9942,'mechanical');
#9941=APPLICATION_PROTOCOL_DEFINITION('international standard',
'ap242_managed_model_based_3d_engineering',2020,#9942);
#9942=APPLICATION_CONTEXT('managed model based 3d engineering');
ENDSEC;
END-ISO-10303-21;
