ISO-10303-21;
HEADER;
/*Generated by software containing ST-Developer
 * from STEP Tools, Inc. (www.steptools.com) 
 */
/*OPTION: using custom renumber hook */
/*description */
/*implementation_level */
FILE_DESCRIPTION(('STEP AP242 Edition 2','STEP AP242 Edition 2''CAx-IF Rec.Pracs.---Representation and Presentation of Product Manufa
cturing Information (PMI)---4.0---2014-10-13','STEP AP242 Edition 2''CAx-IF Rec.Pracs.---Representation and Presentation of Product Manufa
cturing Information (PMI)---4.0---2014-10-13''CAx-IF Rec.Pracs.---3D Tessellated Geometry---0.4---2014-09-14','STEP AP242 Edition 2''CAx-IF Rec.Pracs.---Representation and Presentation of Product Manufa
cturing Information (PMI)---4.0---2014-10-13''CAx-IF Rec.Pracs.---3D Tessellated Geometry---0.4---2014-09-14''2;1','STEP AP242 Edition 2''CAx-IF Rec.Pracs.---Representation and Presentation of Product Manufa
cturing Information (PMI)---4.0---2014-10-13''CAx-IF Rec.Pracs.---3D Tessellated Geometry---0.4---2014-09-14''2;1''CAx-IF Rec.Pracs.---User Defined Attributes---1.5---2016-08-15'),'2;1');
/*name */
/*time_stamp */
/*author */
/*organization */
/*preprocessor_version */
/*originating_system */
/*authorisation */
FILE_NAME('/vol/tmp/translate-8415621195255222788/Coupleur moteur - Coupleur moteur.step','2026-04-15T18:28:30',(''),(''),'ST-DEVELOPER v20','ONSHAPE BY PTC INC, 1.213','  ');
FILE_SCHEMA(('AP242_MANAGED_MODEL_BASED_3D_ENGINEERING_MIM_LF { 1 0 10303 442 3 1 4 }'));
ENDSEC;
DATA;
#10=SHAPE_REPRESENTATION_RELATIONSHIP('','',#630,#11);
#11=ADVANCED_BREP_SHAPE_REPRESENTATION('',(#628),#1075);
#12=CYLINDRICAL_SURFACE('',#646,0.003571875);
#13=CYLINDRICAL_SURFACE('',#648,0.003571875);
#14=CYLINDRICAL_SURFACE('',#650,0.003571875);
#15=CYLINDRICAL_SURFACE('',#652,0.003571875);
#16=CYLINDRICAL_SURFACE('',#654,0.0045);
#17=CYLINDRICAL_SURFACE('',#656,0.0145);
#18=CYLINDRICAL_SURFACE('',#671,0.0013);
#19=CYLINDRICAL_SURFACE('',#675,0.0022);
#20=CYLINDRICAL_SURFACE('',#676,0.0013);
#21=CYLINDRICAL_SURFACE('',#680,0.0022);
#22=CYLINDRICAL_SURFACE('',#681,0.0013);
#23=CYLINDRICAL_SURFACE('',#685,0.0022);
#24=CYLINDRICAL_SURFACE('',#686,0.0013);
#25=CYLINDRICAL_SURFACE('',#690,0.0022);
#26=CYLINDRICAL_SURFACE('',#691,0.0023495);
#27=CYLINDRICAL_SURFACE('',#694,0.0023495);
#28=CYLINDRICAL_SURFACE('',#697,0.0023495);
#29=CYLINDRICAL_SURFACE('',#700,0.0023495);
#30=LINE('',#918,#62);
#31=LINE('',#922,#63);
#32=LINE('',#926,#64);
#33=LINE('',#930,#65);
#34=LINE('',#934,#66);
#35=LINE('',#938,#67);
#36=LINE('',#942,#68);
#37=LINE('',#946,#69);
#38=LINE('',#951,#70);
#39=LINE('',#952,#71);
#40=LINE('',#957,#72);
#41=LINE('',#958,#73);
#42=LINE('',#963,#74);
#43=LINE('',#964,#75);
#44=LINE('',#969,#76);
#45=LINE('',#970,#77);
#46=LINE('',#978,#78);
#47=LINE('',#979,#79);
#48=LINE('',#983,#80);
#49=LINE('',#984,#81);
#50=LINE('',#988,#82);
#51=LINE('',#989,#83);
#52=LINE('',#993,#84);
#53=LINE('',#994,#85);
#54=LINE('',#1046,#86);
#55=LINE('',#1047,#87);
#56=LINE('',#1052,#88);
#57=LINE('',#1053,#89);
#58=LINE('',#1058,#90);
#59=LINE('',#1059,#91);
#60=LINE('',#1064,#92);
#61=LINE('',#1065,#93);
#62=VECTOR('',#727,1.);
#63=VECTOR('',#730,1.);
#64=VECTOR('',#733,1.);
#65=VECTOR('',#736,1.);
#66=VECTOR('',#739,1.);
#67=VECTOR('',#742,1.);
#68=VECTOR('',#745,1.);
#69=VECTOR('',#748,1.);
#70=VECTOR('',#753,1.);
#71=VECTOR('',#754,1.);
#72=VECTOR('',#759,1.);
#73=VECTOR('',#760,1.);
#74=VECTOR('',#765,1.);
#75=VECTOR('',#766,1.);
#76=VECTOR('',#771,1.);
#77=VECTOR('',#772,1.);
#78=VECTOR('',#781,1.);
#79=VECTOR('',#782,1.);
#80=VECTOR('',#785,1.);
#81=VECTOR('',#786,1.);
#82=VECTOR('',#789,1.);
#83=VECTOR('',#790,1.);
#84=VECTOR('',#793,1.);
#85=VECTOR('',#794,1.);
#86=VECTOR('',#861,1.);
#87=VECTOR('',#862,1.);
#88=VECTOR('',#869,1.);
#89=VECTOR('',#870,1.);
#90=VECTOR('',#877,1.);
#91=VECTOR('',#878,1.);
#92=VECTOR('',#885,1.);
#93=VECTOR('',#886,1.);
#94=ORIENTED_EDGE('',*,*,#244,.T.);
#95=ORIENTED_EDGE('',*,*,#245,.F.);
#96=ORIENTED_EDGE('',*,*,#246,.F.);
#97=ORIENTED_EDGE('',*,*,#247,.F.);
#98=ORIENTED_EDGE('',*,*,#248,.F.);
#99=ORIENTED_EDGE('',*,*,#249,.F.);
#100=ORIENTED_EDGE('',*,*,#250,.T.);
#101=ORIENTED_EDGE('',*,*,#251,.T.);
#102=ORIENTED_EDGE('',*,*,#252,.F.);
#103=ORIENTED_EDGE('',*,*,#253,.F.);
#104=ORIENTED_EDGE('',*,*,#254,.T.);
#105=ORIENTED_EDGE('',*,*,#255,.T.);
#106=ORIENTED_EDGE('',*,*,#256,.F.);
#107=ORIENTED_EDGE('',*,*,#257,.F.);
#108=ORIENTED_EDGE('',*,*,#258,.T.);
#109=ORIENTED_EDGE('',*,*,#259,.T.);
#110=ORIENTED_EDGE('',*,*,#260,.F.);
#111=ORIENTED_EDGE('',*,*,#261,.F.);
#112=ORIENTED_EDGE('',*,*,#262,.T.);
#113=ORIENTED_EDGE('',*,*,#263,.T.);
#114=ORIENTED_EDGE('',*,*,#264,.F.);
#115=ORIENTED_EDGE('',*,*,#265,.T.);
#116=ORIENTED_EDGE('',*,*,#266,.T.);
#117=ORIENTED_EDGE('',*,*,#259,.F.);
#118=ORIENTED_EDGE('',*,*,#267,.F.);
#119=ORIENTED_EDGE('',*,*,#268,.T.);
#120=ORIENTED_EDGE('',*,*,#269,.T.);
#121=ORIENTED_EDGE('',*,*,#255,.F.);
#122=ORIENTED_EDGE('',*,*,#270,.F.);
#123=ORIENTED_EDGE('',*,*,#271,.T.);
#124=ORIENTED_EDGE('',*,*,#272,.T.);
#125=ORIENTED_EDGE('',*,*,#263,.F.);
#126=ORIENTED_EDGE('',*,*,#273,.F.);
#127=ORIENTED_EDGE('',*,*,#274,.T.);
#128=ORIENTED_EDGE('',*,*,#275,.T.);
#129=ORIENTED_EDGE('',*,*,#251,.F.);
#130=ORIENTED_EDGE('',*,*,#276,.F.);
#131=ORIENTED_EDGE('',*,*,#277,.T.);
#132=ORIENTED_EDGE('',*,*,#244,.F.);
#133=ORIENTED_EDGE('',*,*,#278,.F.);
#134=ORIENTED_EDGE('',*,*,#279,.T.);
#135=ORIENTED_EDGE('',*,*,#249,.T.);
#136=ORIENTED_EDGE('',*,*,#280,.F.);
#137=ORIENTED_EDGE('',*,*,#281,.F.);
#138=ORIENTED_EDGE('',*,*,#282,.T.);
#139=ORIENTED_EDGE('',*,*,#261,.T.);
#140=ORIENTED_EDGE('',*,*,#283,.F.);
#141=ORIENTED_EDGE('',*,*,#284,.F.);
#142=ORIENTED_EDGE('',*,*,#285,.T.);
#143=ORIENTED_EDGE('',*,*,#257,.T.);
#144=ORIENTED_EDGE('',*,*,#286,.F.);
#145=ORIENTED_EDGE('',*,*,#287,.F.);
#146=ORIENTED_EDGE('',*,*,#288,.T.);
#147=ORIENTED_EDGE('',*,*,#253,.T.);
#148=ORIENTED_EDGE('',*,*,#289,.F.);
#149=ORIENTED_EDGE('',*,*,#290,.F.);
#150=ORIENTED_EDGE('',*,*,#291,.T.);
#151=ORIENTED_EDGE('',*,*,#292,.T.);
#152=ORIENTED_EDGE('',*,*,#293,.T.);
#153=ORIENTED_EDGE('',*,*,#294,.T.);
#154=ORIENTED_EDGE('',*,*,#295,.T.);
#155=ORIENTED_EDGE('',*,*,#296,.T.);
#156=ORIENTED_EDGE('',*,*,#297,.T.);
#157=ORIENTED_EDGE('',*,*,#298,.T.);
#158=ORIENTED_EDGE('',*,*,#277,.F.);
#159=ORIENTED_EDGE('',*,*,#290,.T.);
#160=ORIENTED_EDGE('',*,*,#299,.F.);
#161=ORIENTED_EDGE('',*,*,#245,.T.);
#162=ORIENTED_EDGE('',*,*,#299,.T.);
#163=ORIENTED_EDGE('',*,*,#300,.F.);
#164=ORIENTED_EDGE('',*,*,#300,.T.);
#165=ORIENTED_EDGE('',*,*,#298,.F.);
#166=ORIENTED_EDGE('',*,*,#301,.F.);
#167=ORIENTED_EDGE('',*,*,#246,.T.);
#168=ORIENTED_EDGE('',*,*,#301,.T.);
#169=ORIENTED_EDGE('',*,*,#302,.F.);
#170=ORIENTED_EDGE('',*,*,#302,.T.);
#171=ORIENTED_EDGE('',*,*,#297,.F.);
#172=ORIENTED_EDGE('',*,*,#303,.F.);
#173=ORIENTED_EDGE('',*,*,#247,.T.);
#174=ORIENTED_EDGE('',*,*,#303,.T.);
#175=ORIENTED_EDGE('',*,*,#304,.F.);
#176=ORIENTED_EDGE('',*,*,#304,.T.);
#177=ORIENTED_EDGE('',*,*,#296,.F.);
#178=ORIENTED_EDGE('',*,*,#305,.F.);
#179=ORIENTED_EDGE('',*,*,#248,.T.);
#180=ORIENTED_EDGE('',*,*,#305,.T.);
#181=ORIENTED_EDGE('',*,*,#306,.F.);
#182=ORIENTED_EDGE('',*,*,#306,.T.);
#183=ORIENTED_EDGE('',*,*,#295,.F.);
#184=ORIENTED_EDGE('',*,*,#294,.F.);
#185=ORIENTED_EDGE('',*,*,#307,.F.);
#186=ORIENTED_EDGE('',*,*,#307,.T.);
#187=ORIENTED_EDGE('',*,*,#265,.F.);
#188=ORIENTED_EDGE('',*,*,#308,.T.);
#189=ORIENTED_EDGE('',*,*,#284,.T.);
#190=ORIENTED_EDGE('',*,*,#309,.F.);
#191=ORIENTED_EDGE('',*,*,#293,.F.);
#192=ORIENTED_EDGE('',*,*,#310,.F.);
#193=ORIENTED_EDGE('',*,*,#310,.T.);
#194=ORIENTED_EDGE('',*,*,#311,.F.);
#195=ORIENTED_EDGE('',*,*,#268,.F.);
#196=ORIENTED_EDGE('',*,*,#312,.T.);
#197=ORIENTED_EDGE('',*,*,#287,.T.);
#198=ORIENTED_EDGE('',*,*,#292,.F.);
#199=ORIENTED_EDGE('',*,*,#313,.F.);
#200=ORIENTED_EDGE('',*,*,#313,.T.);
#201=ORIENTED_EDGE('',*,*,#271,.F.);
#202=ORIENTED_EDGE('',*,*,#314,.T.);
#203=ORIENTED_EDGE('',*,*,#281,.T.);
#204=ORIENTED_EDGE('',*,*,#315,.F.);
#205=ORIENTED_EDGE('',*,*,#291,.F.);
#206=ORIENTED_EDGE('',*,*,#316,.F.);
#207=ORIENTED_EDGE('',*,*,#316,.T.);
#208=ORIENTED_EDGE('',*,*,#274,.F.);
#209=ORIENTED_EDGE('',*,*,#317,.T.);
#210=ORIENTED_EDGE('',*,*,#278,.T.);
#211=ORIENTED_EDGE('',*,*,#318,.F.);
#212=ORIENTED_EDGE('',*,*,#318,.T.);
#213=ORIENTED_EDGE('',*,*,#289,.T.);
#214=ORIENTED_EDGE('',*,*,#252,.T.);
#215=ORIENTED_EDGE('',*,*,#275,.F.);
#216=ORIENTED_EDGE('',*,*,#276,.T.);
#217=ORIENTED_EDGE('',*,*,#250,.F.);
#218=ORIENTED_EDGE('',*,*,#279,.F.);
#219=ORIENTED_EDGE('',*,*,#317,.F.);
#220=ORIENTED_EDGE('',*,*,#273,.T.);
#221=ORIENTED_EDGE('',*,*,#262,.F.);
#222=ORIENTED_EDGE('',*,*,#282,.F.);
#223=ORIENTED_EDGE('',*,*,#314,.F.);
#224=ORIENTED_EDGE('',*,*,#315,.T.);
#225=ORIENTED_EDGE('',*,*,#280,.T.);
#226=ORIENTED_EDGE('',*,*,#264,.T.);
#227=ORIENTED_EDGE('',*,*,#272,.F.);
#228=ORIENTED_EDGE('',*,*,#270,.T.);
#229=ORIENTED_EDGE('',*,*,#254,.F.);
#230=ORIENTED_EDGE('',*,*,#288,.F.);
#231=ORIENTED_EDGE('',*,*,#312,.F.);
#232=ORIENTED_EDGE('',*,*,#311,.T.);
#233=ORIENTED_EDGE('',*,*,#286,.T.);
#234=ORIENTED_EDGE('',*,*,#256,.T.);
#235=ORIENTED_EDGE('',*,*,#269,.F.);
#236=ORIENTED_EDGE('',*,*,#267,.T.);
#237=ORIENTED_EDGE('',*,*,#258,.F.);
#238=ORIENTED_EDGE('',*,*,#285,.F.);
#239=ORIENTED_EDGE('',*,*,#308,.F.);
#240=ORIENTED_EDGE('',*,*,#309,.T.);
#241=ORIENTED_EDGE('',*,*,#283,.T.);
#242=ORIENTED_EDGE('',*,*,#260,.T.);
#243=ORIENTED_EDGE('',*,*,#266,.F.);
#244=EDGE_CURVE('',#319,#319,#378,.T.);
#245=EDGE_CURVE('',#320,#320,#379,.F.);
#246=EDGE_CURVE('',#321,#321,#380,.F.);
#247=EDGE_CURVE('',#322,#322,#381,.F.);
#248=EDGE_CURVE('',#323,#323,#382,.F.);
#249=EDGE_CURVE('',#324,#325,#383,.T.);
#250=EDGE_CURVE('',#324,#326,#30,.T.);
#251=EDGE_CURVE('',#326,#327,#384,.T.);
#252=EDGE_CURVE('',#328,#327,#31,.T.);
#253=EDGE_CURVE('',#329,#328,#385,.T.);
#254=EDGE_CURVE('',#329,#330,#32,.T.);
#255=EDGE_CURVE('',#330,#331,#386,.T.);
#256=EDGE_CURVE('',#332,#331,#33,.T.);
#257=EDGE_CURVE('',#333,#332,#387,.T.);
#258=EDGE_CURVE('',#333,#334,#34,.T.);
#259=EDGE_CURVE('',#334,#335,#388,.T.);
#260=EDGE_CURVE('',#336,#335,#35,.T.);
#261=EDGE_CURVE('',#337,#336,#389,.T.);
#262=EDGE_CURVE('',#337,#338,#36,.T.);
#263=EDGE_CURVE('',#338,#339,#390,.T.);
#264=EDGE_CURVE('',#325,#339,#37,.T.);
#265=EDGE_CURVE('',#340,#341,#391,.T.);
#266=EDGE_CURVE('',#341,#335,#38,.T.);
#267=EDGE_CURVE('',#340,#334,#39,.T.);
#268=EDGE_CURVE('',#342,#343,#392,.T.);
#269=EDGE_CURVE('',#343,#331,#40,.T.);
#270=EDGE_CURVE('',#342,#330,#41,.T.);
#271=EDGE_CURVE('',#344,#345,#393,.T.);
#272=EDGE_CURVE('',#345,#339,#42,.T.);
#273=EDGE_CURVE('',#344,#338,#43,.T.);
#274=EDGE_CURVE('',#346,#347,#394,.T.);
#275=EDGE_CURVE('',#347,#327,#44,.T.);
#276=EDGE_CURVE('',#346,#326,#45,.T.);
#277=EDGE_CURVE('',#348,#348,#395,.T.);
#278=EDGE_CURVE('',#349,#350,#396,.T.);
#279=EDGE_CURVE('',#349,#324,#46,.T.);
#280=EDGE_CURVE('',#351,#325,#47,.T.);
#281=EDGE_CURVE('',#352,#351,#397,.T.);
#282=EDGE_CURVE('',#352,#337,#48,.T.);
#283=EDGE_CURVE('',#353,#336,#49,.T.);
#284=EDGE_CURVE('',#354,#353,#398,.T.);
#285=EDGE_CURVE('',#354,#333,#50,.T.);
#286=EDGE_CURVE('',#355,#332,#51,.T.);
#287=EDGE_CURVE('',#356,#355,#399,.T.);
#288=EDGE_CURVE('',#356,#329,#52,.T.);
#289=EDGE_CURVE('',#350,#328,#53,.T.);
#290=EDGE_CURVE('',#357,#357,#400,.T.);
#291=EDGE_CURVE('',#358,#358,#401,.F.);
#292=EDGE_CURVE('',#359,#359,#402,.F.);
#293=EDGE_CURVE('',#360,#360,#403,.F.);
#294=EDGE_CURVE('',#361,#361,#404,.F.);
#295=EDGE_CURVE('',#362,#362,#405,.T.);
#296=EDGE_CURVE('',#363,#363,#406,.T.);
#297=EDGE_CURVE('',#364,#364,#407,.T.);
#298=EDGE_CURVE('',#365,#365,#408,.T.);
#299=EDGE_CURVE('',#366,#366,#409,.T.);
#300=EDGE_CURVE('',#367,#367,#410,.T.);
#301=EDGE_CURVE('',#368,#368,#411,.T.);
#302=EDGE_CURVE('',#369,#369,#412,.T.);
#303=EDGE_CURVE('',#370,#370,#413,.T.);
#304=EDGE_CURVE('',#371,#371,#414,.T.);
#305=EDGE_CURVE('',#372,#372,#415,.T.);
#306=EDGE_CURVE('',#373,#373,#416,.T.);
#307=EDGE_CURVE('',#374,#374,#417,.T.);
#308=EDGE_CURVE('',#340,#354,#54,.T.);
#309=EDGE_CURVE('',#341,#353,#55,.T.);
#310=EDGE_CURVE('',#375,#375,#418,.T.);
#311=EDGE_CURVE('',#343,#355,#56,.T.);
#312=EDGE_CURVE('',#342,#356,#57,.T.);
#313=EDGE_CURVE('',#376,#376,#419,.T.);
#314=EDGE_CURVE('',#344,#352,#58,.T.);
#315=EDGE_CURVE('',#345,#351,#59,.T.);
#316=EDGE_CURVE('',#377,#377,#420,.T.);
#317=EDGE_CURVE('',#346,#349,#60,.T.);
#318=EDGE_CURVE('',#347,#350,#61,.T.);
#319=VERTEX_POINT('',#906);
#320=VERTEX_POINT('',#908);
#321=VERTEX_POINT('',#910);
#322=VERTEX_POINT('',#912);
#323=VERTEX_POINT('',#914);
#324=VERTEX_POINT('',#916);
#325=VERTEX_POINT('',#917);
#326=VERTEX_POINT('',#919);
#327=VERTEX_POINT('',#921);
#328=VERTEX_POINT('',#923);
#329=VERTEX_POINT('',#925);
#330=VERTEX_POINT('',#927);
#331=VERTEX_POINT('',#929);
#332=VERTEX_POINT('',#931);
#333=VERTEX_POINT('',#933);
#334=VERTEX_POINT('',#935);
#335=VERTEX_POINT('',#937);
#336=VERTEX_POINT('',#939);
#337=VERTEX_POINT('',#941);
#338=VERTEX_POINT('',#943);
#339=VERTEX_POINT('',#945);
#340=VERTEX_POINT('',#949);
#341=VERTEX_POINT('',#950);
#342=VERTEX_POINT('',#955);
#343=VERTEX_POINT('',#956);
#344=VERTEX_POINT('',#961);
#345=VERTEX_POINT('',#962);
#346=VERTEX_POINT('',#967);
#347=VERTEX_POINT('',#968);
#348=VERTEX_POINT('',#973);
#349=VERTEX_POINT('',#976);
#350=VERTEX_POINT('',#977);
#351=VERTEX_POINT('',#980);
#352=VERTEX_POINT('',#982);
#353=VERTEX_POINT('',#985);
#354=VERTEX_POINT('',#987);
#355=VERTEX_POINT('',#990);
#356=VERTEX_POINT('',#992);
#357=VERTEX_POINT('',#996);
#358=VERTEX_POINT('',#999);
#359=VERTEX_POINT('',#1001);
#360=VERTEX_POINT('',#1003);
#361=VERTEX_POINT('',#1005);
#362=VERTEX_POINT('',#1007);
#363=VERTEX_POINT('',#1009);
#364=VERTEX_POINT('',#1011);
#365=VERTEX_POINT('',#1013);
#366=VERTEX_POINT('',#1016);
#367=VERTEX_POINT('',#1019);
#368=VERTEX_POINT('',#1023);
#369=VERTEX_POINT('',#1026);
#370=VERTEX_POINT('',#1030);
#371=VERTEX_POINT('',#1033);
#372=VERTEX_POINT('',#1037);
#373=VERTEX_POINT('',#1040);
#374=VERTEX_POINT('',#1044);
#375=VERTEX_POINT('',#1050);
#376=VERTEX_POINT('',#1056);
#377=VERTEX_POINT('',#1062);
#378=CIRCLE('',#633,0.0045);
#379=CIRCLE('',#634,0.0013);
#380=CIRCLE('',#635,0.0013);
#381=CIRCLE('',#636,0.0013);
#382=CIRCLE('',#637,0.0013);
#383=CIRCLE('',#638,0.0145);
#384=CIRCLE('',#639,0.003571875);
#385=CIRCLE('',#640,0.0145);
#386=CIRCLE('',#641,0.003571875);
#387=CIRCLE('',#642,0.0145);
#388=CIRCLE('',#643,0.003571875);
#389=CIRCLE('',#644,0.0145);
#390=CIRCLE('',#645,0.003571875);
#391=CIRCLE('',#647,0.003571875);
#392=CIRCLE('',#649,0.003571875);
#393=CIRCLE('',#651,0.003571875);
#394=CIRCLE('',#653,0.003571875);
#395=CIRCLE('',#655,0.0045);
#396=CIRCLE('',#657,0.0145);
#397=CIRCLE('',#658,0.0145);
#398=CIRCLE('',#659,0.0145);
#399=CIRCLE('',#660,0.0145);
#400=CIRCLE('',#661,0.0145);
#401=CIRCLE('',#663,0.0023495);
#402=CIRCLE('',#664,0.0023495);
#403=CIRCLE('',#665,0.0023495);
#404=CIRCLE('',#666,0.0023495);
#405=CIRCLE('',#667,0.0022);
#406=CIRCLE('',#668,0.0022);
#407=CIRCLE('',#669,0.0022);
#408=CIRCLE('',#670,0.0022);
#409=CIRCLE('',#672,0.0013);
#410=CIRCLE('',#674,0.0022);
#411=CIRCLE('',#677,0.0013);
#412=CIRCLE('',#679,0.0022);
#413=CIRCLE('',#682,0.0013);
#414=CIRCLE('',#684,0.0022);
#415=CIRCLE('',#687,0.0013);
#416=CIRCLE('',#689,0.0022);
#417=CIRCLE('',#692,0.0023495);
#418=CIRCLE('',#695,0.0023495);
#419=CIRCLE('',#698,0.0023495);
#420=CIRCLE('',#701,0.0023495);
#421=EDGE_LOOP('',(#94));
#422=EDGE_LOOP('',(#95));
#423=EDGE_LOOP('',(#96));
#424=EDGE_LOOP('',(#97));
#425=EDGE_LOOP('',(#98));
#426=EDGE_LOOP('',(#99,#100,#101,#102,#103,#104,#105,#106,#107,#108,#109,#110,#111,#112,#113,#114));
#427=EDGE_LOOP('',(#115,#116,#117,#118));
#428=EDGE_LOOP('',(#119,#120,#121,#122));
#429=EDGE_LOOP('',(#123,#124,#125,#126));
#430=EDGE_LOOP('',(#127,#128,#129,#130));
#431=EDGE_LOOP('',(#131));
#432=EDGE_LOOP('',(#132));
#433=EDGE_LOOP('',(#133,#134,#135,#136,#137,#138,#139,#140,#141,#142,#143,#144,#145,#146,#147,#148));
#434=EDGE_LOOP('',(#149));
#435=EDGE_LOOP('',(#150));
#436=EDGE_LOOP('',(#151));
#437=EDGE_LOOP('',(#152));
#438=EDGE_LOOP('',(#153));
#439=EDGE_LOOP('',(#154));
#440=EDGE_LOOP('',(#155));
#441=EDGE_LOOP('',(#156));
#442=EDGE_LOOP('',(#157));
#443=EDGE_LOOP('',(#158));
#444=EDGE_LOOP('',(#159));
#445=EDGE_LOOP('',(#160));
#446=EDGE_LOOP('',(#161));
#447=EDGE_LOOP('',(#162));
#448=EDGE_LOOP('',(#163));
#449=EDGE_LOOP('',(#164));
#450=EDGE_LOOP('',(#165));
#451=EDGE_LOOP('',(#166));
#452=EDGE_LOOP('',(#167));
#453=EDGE_LOOP('',(#168));
#454=EDGE_LOOP('',(#169));
#455=EDGE_LOOP('',(#170));
#456=EDGE_LOOP('',(#171));
#457=EDGE_LOOP('',(#172));
#458=EDGE_LOOP('',(#173));
#459=EDGE_LOOP('',(#174));
#460=EDGE_LOOP('',(#175));
#461=EDGE_LOOP('',(#176));
#462=EDGE_LOOP('',(#177));
#463=EDGE_LOOP('',(#178));
#464=EDGE_LOOP('',(#179));
#465=EDGE_LOOP('',(#180));
#466=EDGE_LOOP('',(#181));
#467=EDGE_LOOP('',(#182));
#468=EDGE_LOOP('',(#183));
#469=EDGE_LOOP('',(#184));
#470=EDGE_LOOP('',(#185));
#471=EDGE_LOOP('',(#186));
#472=EDGE_LOOP('',(#187,#188,#189,#190));
#473=EDGE_LOOP('',(#191));
#474=EDGE_LOOP('',(#192));
#475=EDGE_LOOP('',(#193));
#476=EDGE_LOOP('',(#194,#195,#196,#197));
#477=EDGE_LOOP('',(#198));
#478=EDGE_LOOP('',(#199));
#479=EDGE_LOOP('',(#200));
#480=EDGE_LOOP('',(#201,#202,#203,#204));
#481=EDGE_LOOP('',(#205));
#482=EDGE_LOOP('',(#206));
#483=EDGE_LOOP('',(#207));
#484=EDGE_LOOP('',(#208,#209,#210,#211));
#485=EDGE_LOOP('',(#212,#213,#214,#215));
#486=EDGE_LOOP('',(#216,#217,#218,#219));
#487=EDGE_LOOP('',(#220,#221,#222,#223));
#488=EDGE_LOOP('',(#224,#225,#226,#227));
#489=EDGE_LOOP('',(#228,#229,#230,#231));
#490=EDGE_LOOP('',(#232,#233,#234,#235));
#491=EDGE_LOOP('',(#236,#237,#238,#239));
#492=EDGE_LOOP('',(#240,#241,#242,#243));
#493=FACE_BOUND('',#421,.T.);
#494=FACE_BOUND('',#422,.T.);
#495=FACE_BOUND('',#423,.T.);
#496=FACE_BOUND('',#424,.T.);
#497=FACE_BOUND('',#425,.T.);
#498=FACE_BOUND('',#426,.T.);
#499=FACE_BOUND('',#427,.T.);
#500=FACE_BOUND('',#428,.T.);
#501=FACE_BOUND('',#429,.T.);
#502=FACE_BOUND('',#430,.T.);
#503=FACE_BOUND('',#431,.T.);
#504=FACE_BOUND('',#432,.T.);
#505=FACE_BOUND('',#433,.T.);
#506=FACE_BOUND('',#434,.T.);
#507=FACE_BOUND('',#435,.T.);
#508=FACE_BOUND('',#436,.T.);
#509=FACE_BOUND('',#437,.T.);
#510=FACE_BOUND('',#438,.T.);
#511=FACE_BOUND('',#439,.T.);
#512=FACE_BOUND('',#440,.T.);
#513=FACE_BOUND('',#441,.T.);
#514=FACE_BOUND('',#442,.T.);
#515=FACE_BOUND('',#443,.T.);
#516=FACE_BOUND('',#444,.T.);
#517=FACE_BOUND('',#445,.T.);
#518=FACE_BOUND('',#446,.T.);
#519=FACE_BOUND('',#447,.T.);
#520=FACE_BOUND('',#448,.T.);
#521=FACE_BOUND('',#449,.T.);
#522=FACE_BOUND('',#450,.T.);
#523=FACE_BOUND('',#451,.T.);
#524=FACE_BOUND('',#452,.T.);
#525=FACE_BOUND('',#453,.T.);
#526=FACE_BOUND('',#454,.T.);
#527=FACE_BOUND('',#455,.T.);
#528=FACE_BOUND('',#456,.T.);
#529=FACE_BOUND('',#457,.T.);
#530=FACE_BOUND('',#458,.T.);
#531=FACE_BOUND('',#459,.T.);
#532=FACE_BOUND('',#460,.T.);
#533=FACE_BOUND('',#461,.T.);
#534=FACE_BOUND('',#462,.T.);
#535=FACE_BOUND('',#463,.T.);
#536=FACE_BOUND('',#464,.T.);
#537=FACE_BOUND('',#465,.T.);
#538=FACE_BOUND('',#466,.T.);
#539=FACE_BOUND('',#467,.T.);
#540=FACE_BOUND('',#468,.T.);
#541=FACE_BOUND('',#469,.T.);
#542=FACE_BOUND('',#470,.T.);
#543=FACE_BOUND('',#471,.T.);
#544=FACE_BOUND('',#472,.T.);
#545=FACE_BOUND('',#473,.T.);
#546=FACE_BOUND('',#474,.T.);
#547=FACE_BOUND('',#475,.T.);
#548=FACE_BOUND('',#476,.T.);
#549=FACE_BOUND('',#477,.T.);
#550=FACE_BOUND('',#478,.T.);
#551=FACE_BOUND('',#479,.T.);
#552=FACE_BOUND('',#480,.T.);
#553=FACE_BOUND('',#481,.T.);
#554=FACE_BOUND('',#482,.T.);
#555=FACE_BOUND('',#483,.T.);
#556=FACE_BOUND('',#484,.T.);
#557=FACE_BOUND('',#485,.T.);
#558=FACE_BOUND('',#486,.T.);
#559=FACE_BOUND('',#487,.T.);
#560=FACE_BOUND('',#488,.T.);
#561=FACE_BOUND('',#489,.T.);
#562=FACE_BOUND('',#490,.T.);
#563=FACE_BOUND('',#491,.T.);
#564=FACE_BOUND('',#492,.T.);
#565=PLANE('',#632);
#566=PLANE('',#662);
#567=PLANE('',#673);
#568=PLANE('',#678);
#569=PLANE('',#683);
#570=PLANE('',#688);
#571=PLANE('',#693);
#572=PLANE('',#696);
#573=PLANE('',#699);
#574=PLANE('',#702);
#575=PLANE('',#703);
#576=PLANE('',#704);
#577=PLANE('',#705);
#578=PLANE('',#706);
#579=PLANE('',#707);
#580=PLANE('',#708);
#581=PLANE('',#709);
#582=PLANE('',#710);
#583=ADVANCED_FACE('',(#493,#494,#495,#496,#497,#498),#565,.F.);
#584=ADVANCED_FACE('',(#499),#12,.F.);
#585=ADVANCED_FACE('',(#500),#13,.F.);
#586=ADVANCED_FACE('',(#501),#14,.F.);
#587=ADVANCED_FACE('',(#502),#15,.F.);
#588=ADVANCED_FACE('',(#503,#504),#16,.F.);
#589=ADVANCED_FACE('',(#505,#506),#17,.T.);
#590=ADVANCED_FACE('',(#507,#508,#509,#510,#511,#512,#513,#514,#515,#516),#566,.T.);
#591=ADVANCED_FACE('',(#517,#518),#18,.F.);
#592=ADVANCED_FACE('',(#519,#520),#567,.T.);
#593=ADVANCED_FACE('',(#521,#522),#19,.F.);
#594=ADVANCED_FACE('',(#523,#524),#20,.F.);
#595=ADVANCED_FACE('',(#525,#526),#568,.T.);
#596=ADVANCED_FACE('',(#527,#528),#21,.F.);
#597=ADVANCED_FACE('',(#529,#530),#22,.F.);
#598=ADVANCED_FACE('',(#531,#532),#569,.T.);
#599=ADVANCED_FACE('',(#533,#534),#23,.F.);
#600=ADVANCED_FACE('',(#535,#536),#24,.F.);
#601=ADVANCED_FACE('',(#537,#538),#570,.T.);
#602=ADVANCED_FACE('',(#539,#540),#25,.F.);
#603=ADVANCED_FACE('',(#541,#542),#26,.F.);
#604=ADVANCED_FACE('',(#543,#544),#571,.T.);
#605=ADVANCED_FACE('',(#545,#546),#27,.F.);
#606=ADVANCED_FACE('',(#547,#548),#572,.T.);
#607=ADVANCED_FACE('',(#549,#550),#28,.F.);
#608=ADVANCED_FACE('',(#551,#552),#573,.T.);
#609=ADVANCED_FACE('',(#553,#554),#29,.F.);
#610=ADVANCED_FACE('',(#555,#556),#574,.T.);
#611=ADVANCED_FACE('',(#557),#575,.F.);
#612=ADVANCED_FACE('',(#558),#576,.T.);
#613=ADVANCED_FACE('',(#559),#577,.T.);
#614=ADVANCED_FACE('',(#560),#578,.F.);
#615=ADVANCED_FACE('',(#561),#579,.T.);
#616=ADVANCED_FACE('',(#562),#580,.F.);
#617=ADVANCED_FACE('',(#563),#581,.T.);
#618=ADVANCED_FACE('',(#564),#582,.F.);
#619=CLOSED_SHELL('',(#583,#584,#585,#586,#587,#588,#589,#590,#591,#592,#593,#594,#595,#596,#597,#598,#599,#600,#601,#602,#603,#604,#605,#606,#607,#608,#609,#610,#611,#612,#613,#614,#615,#616,#617,#618));
#620=STYLED_ITEM('',(#621),#628);
#621=PRESENTATION_STYLE_ASSIGNMENT((#622));
#622=SURFACE_STYLE_USAGE(.BOTH.,#623);
#623=SURFACE_SIDE_STYLE('',(#624));
#624=SURFACE_STYLE_FILL_AREA(#625);
#625=FILL_AREA_STYLE('',(#626));
#626=FILL_AREA_STYLE_COLOUR('',#627);
#627=COLOUR_RGB('',0.501960784313726,0.486274509803922,0.43921568627451);
#628=MANIFOLD_SOLID_BREP('Coupleur moteur',#619);
#629=SHAPE_DEFINITION_REPRESENTATION(#1080,#630);
#630=SHAPE_REPRESENTATION('Coupleur moteur',(#631),#1075);
#631=AXIS2_PLACEMENT_3D('',#903,#711,#712);
#632=AXIS2_PLACEMENT_3D('',#904,#713,#714);
#633=AXIS2_PLACEMENT_3D('',#905,#715,#716);
#634=AXIS2_PLACEMENT_3D('',#907,#717,#718);
#635=AXIS2_PLACEMENT_3D('',#909,#719,#720);
#636=AXIS2_PLACEMENT_3D('',#911,#721,#722);
#637=AXIS2_PLACEMENT_3D('',#913,#723,#724);
#638=AXIS2_PLACEMENT_3D('',#915,#725,#726);
#639=AXIS2_PLACEMENT_3D('',#920,#728,#729);
#640=AXIS2_PLACEMENT_3D('',#924,#731,#732);
#641=AXIS2_PLACEMENT_3D('',#928,#734,#735);
#642=AXIS2_PLACEMENT_3D('',#932,#737,#738);
#643=AXIS2_PLACEMENT_3D('',#936,#740,#741);
#644=AXIS2_PLACEMENT_3D('',#940,#743,#744);
#645=AXIS2_PLACEMENT_3D('',#944,#746,#747);
#646=AXIS2_PLACEMENT_3D('',#947,#749,#750);
#647=AXIS2_PLACEMENT_3D('',#948,#751,#752);
#648=AXIS2_PLACEMENT_3D('',#953,#755,#756);
#649=AXIS2_PLACEMENT_3D('',#954,#757,#758);
#650=AXIS2_PLACEMENT_3D('',#959,#761,#762);
#651=AXIS2_PLACEMENT_3D('',#960,#763,#764);
#652=AXIS2_PLACEMENT_3D('',#965,#767,#768);
#653=AXIS2_PLACEMENT_3D('',#966,#769,#770);
#654=AXIS2_PLACEMENT_3D('',#971,#773,#774);
#655=AXIS2_PLACEMENT_3D('',#972,#775,#776);
#656=AXIS2_PLACEMENT_3D('',#974,#777,#778);
#657=AXIS2_PLACEMENT_3D('',#975,#779,#780);
#658=AXIS2_PLACEMENT_3D('',#981,#783,#784);
#659=AXIS2_PLACEMENT_3D('',#986,#787,#788);
#660=AXIS2_PLACEMENT_3D('',#991,#791,#792);
#661=AXIS2_PLACEMENT_3D('',#995,#795,#796);
#662=AXIS2_PLACEMENT_3D('',#997,#797,#798);
#663=AXIS2_PLACEMENT_3D('',#998,#799,#800);
#664=AXIS2_PLACEMENT_3D('',#1000,#801,#802);
#665=AXIS2_PLACEMENT_3D('',#1002,#803,#804);
#666=AXIS2_PLACEMENT_3D('',#1004,#805,#806);
#667=AXIS2_PLACEMENT_3D('',#1006,#807,#808);
#668=AXIS2_PLACEMENT_3D('',#1008,#809,#810);
#669=AXIS2_PLACEMENT_3D('',#1010,#811,#812);
#670=AXIS2_PLACEMENT_3D('',#1012,#813,#814);
#671=AXIS2_PLACEMENT_3D('',#1014,#815,#816);
#672=AXIS2_PLACEMENT_3D('',#1015,#817,#818);
#673=AXIS2_PLACEMENT_3D('',#1017,#819,#820);
#674=AXIS2_PLACEMENT_3D('',#1018,#821,#822);
#675=AXIS2_PLACEMENT_3D('',#1020,#823,#824);
#676=AXIS2_PLACEMENT_3D('',#1021,#825,#826);
#677=AXIS2_PLACEMENT_3D('',#1022,#827,#828);
#678=AXIS2_PLACEMENT_3D('',#1024,#829,#830);
#679=AXIS2_PLACEMENT_3D('',#1025,#831,#832);
#680=AXIS2_PLACEMENT_3D('',#1027,#833,#834);
#681=AXIS2_PLACEMENT_3D('',#1028,#835,#836);
#682=AXIS2_PLACEMENT_3D('',#1029,#837,#838);
#683=AXIS2_PLACEMENT_3D('',#1031,#839,#840);
#684=AXIS2_PLACEMENT_3D('',#1032,#841,#842);
#685=AXIS2_PLACEMENT_3D('',#1034,#843,#844);
#686=AXIS2_PLACEMENT_3D('',#1035,#845,#846);
#687=AXIS2_PLACEMENT_3D('',#1036,#847,#848);
#688=AXIS2_PLACEMENT_3D('',#1038,#849,#850);
#689=AXIS2_PLACEMENT_3D('',#1039,#851,#852);
#690=AXIS2_PLACEMENT_3D('',#1041,#853,#854);
#691=AXIS2_PLACEMENT_3D('',#1042,#855,#856);
#692=AXIS2_PLACEMENT_3D('',#1043,#857,#858);
#693=AXIS2_PLACEMENT_3D('',#1045,#859,#860);
#694=AXIS2_PLACEMENT_3D('',#1048,#863,#864);
#695=AXIS2_PLACEMENT_3D('',#1049,#865,#866);
#696=AXIS2_PLACEMENT_3D('',#1051,#867,#868);
#697=AXIS2_PLACEMENT_3D('',#1054,#871,#872);
#698=AXIS2_PLACEMENT_3D('',#1055,#873,#874);
#699=AXIS2_PLACEMENT_3D('',#1057,#875,#876);
#700=AXIS2_PLACEMENT_3D('',#1060,#879,#880);
#701=AXIS2_PLACEMENT_3D('',#1061,#881,#882);
#702=AXIS2_PLACEMENT_3D('',#1063,#883,#884);
#703=AXIS2_PLACEMENT_3D('',#1066,#887,#888);
#704=AXIS2_PLACEMENT_3D('',#1067,#889,#890);
#705=AXIS2_PLACEMENT_3D('',#1068,#891,#892);
#706=AXIS2_PLACEMENT_3D('',#1069,#893,#894);
#707=AXIS2_PLACEMENT_3D('',#1070,#895,#896);
#708=AXIS2_PLACEMENT_3D('',#1071,#897,#898);
#709=AXIS2_PLACEMENT_3D('',#1072,#899,#900);
#710=AXIS2_PLACEMENT_3D('',#1073,#901,#902);
#711=DIRECTION('',(0.,0.,1.));
#712=DIRECTION('',(1.,0.,0.));
#713=DIRECTION('',(0.,0.,1.));
#714=DIRECTION('',(1.,0.,0.));
#715=DIRECTION('',(0.,0.,1.));
#716=DIRECTION('',(1.,0.,0.));
#717=DIRECTION('',(0.,0.,1.));
#718=DIRECTION('',(1.,0.,0.));
#719=DIRECTION('',(0.,0.,1.));
#720=DIRECTION('',(1.,0.,0.));
#721=DIRECTION('',(0.,0.,1.));
#722=DIRECTION('',(1.,0.,0.));
#723=DIRECTION('',(0.,0.,1.));
#724=DIRECTION('',(1.,0.,0.));
#725=DIRECTION('',(0.,0.,1.));
#726=DIRECTION('',(1.,0.,0.));
#727=DIRECTION('',(-0.5,0.866025403784439,0.));
#728=DIRECTION('',(0.,0.,1.));
#729=DIRECTION('',(1.,0.,0.));
#730=DIRECTION('',(0.5,0.866025403784439,0.));
#731=DIRECTION('',(0.,0.,1.));
#732=DIRECTION('',(1.,0.,0.));
#733=DIRECTION('',(0.866025403784439,0.5,0.));
#734=DIRECTION('',(0.,0.,1.));
#735=DIRECTION('',(1.,0.,0.));
#736=DIRECTION('',(0.866025403784439,-0.5,0.));
#737=DIRECTION('',(0.,0.,1.));
#738=DIRECTION('',(1.,0.,0.));
#739=DIRECTION('',(0.5,-0.866025403784439,0.));
#740=DIRECTION('',(0.,0.,1.));
#741=DIRECTION('',(1.,0.,0.));
#742=DIRECTION('',(-0.5,-0.866025403784439,0.));
#743=DIRECTION('',(0.,0.,1.));
#744=DIRECTION('',(1.,0.,0.));
#745=DIRECTION('',(-0.866025403784439,-0.5,0.));
#746=DIRECTION('',(0.,0.,1.));
#747=DIRECTION('',(1.,0.,0.));
#748=DIRECTION('',(-0.866025403784439,0.5,0.));
#749=DIRECTION('',(0.,0.,1.));
#750=DIRECTION('',(1.,0.,0.));
#751=DIRECTION('',(0.,0.,1.));
#752=DIRECTION('',(1.,0.,0.));
#753=DIRECTION('',(0.,0.,-1.));
#754=DIRECTION('',(0.,0.,-1.));
#755=DIRECTION('',(0.,0.,1.));
#756=DIRECTION('',(1.,0.,0.));
#757=DIRECTION('',(0.,0.,1.));
#758=DIRECTION('',(1.,0.,0.));
#759=DIRECTION('',(0.,0.,-1.));
#760=DIRECTION('',(0.,0.,-1.));
#761=DIRECTION('',(0.,0.,1.));
#762=DIRECTION('',(1.,0.,0.));
#763=DIRECTION('',(0.,0.,1.));
#764=DIRECTION('',(1.,0.,0.));
#765=DIRECTION('',(0.,0.,-1.));
#766=DIRECTION('',(0.,0.,-1.));
#767=DIRECTION('',(0.,0.,1.));
#768=DIRECTION('',(1.,0.,0.));
#769=DIRECTION('',(0.,0.,1.));
#770=DIRECTION('',(1.,0.,0.));
#771=DIRECTION('',(0.,0.,-1.));
#772=DIRECTION('',(0.,0.,-1.));
#773=DIRECTION('',(0.,0.,-1.));
#774=DIRECTION('',(-1.,0.,0.));
#775=DIRECTION('',(0.,0.,1.));
#776=DIRECTION('',(1.,0.,0.));
#777=DIRECTION('',(0.,0.,-1.));
#778=DIRECTION('',(-1.,0.,0.));
#779=DIRECTION('',(0.,0.,-1.));
#780=DIRECTION('',(-1.,0.,0.));
#781=DIRECTION('',(0.,0.,-1.));
#782=DIRECTION('',(0.,0.,-1.));
#783=DIRECTION('',(0.,0.,-1.));
#784=DIRECTION('',(-1.,0.,0.));
#785=DIRECTION('',(0.,0.,-1.));
#786=DIRECTION('',(0.,0.,-1.));
#787=DIRECTION('',(0.,0.,-1.));
#788=DIRECTION('',(-1.,0.,0.));
#789=DIRECTION('',(0.,0.,-1.));
#790=DIRECTION('',(0.,0.,-1.));
#791=DIRECTION('',(0.,0.,-1.));
#792=DIRECTION('',(-1.,0.,0.));
#793=DIRECTION('',(0.,0.,-1.));
#794=DIRECTION('',(0.,0.,-1.));
#795=DIRECTION('',(0.,0.,1.));
#796=DIRECTION('',(1.,0.,0.));
#797=DIRECTION('',(0.,0.,1.));
#798=DIRECTION('',(1.,0.,0.));
#799=DIRECTION('',(0.,0.,1.));
#800=DIRECTION('',(1.,0.,0.));
#801=DIRECTION('',(0.,0.,1.));
#802=DIRECTION('',(1.,0.,0.));
#803=DIRECTION('',(0.,0.,1.));
#804=DIRECTION('',(1.,0.,0.));
#805=DIRECTION('',(0.,0.,1.));
#806=DIRECTION('',(1.,0.,0.));
#807=DIRECTION('',(0.,0.,-1.));
#808=DIRECTION('',(-1.,0.,0.));
#809=DIRECTION('',(0.,0.,-1.));
#810=DIRECTION('',(-1.,0.,0.));
#811=DIRECTION('',(0.,0.,-1.));
#812=DIRECTION('',(-1.,0.,0.));
#813=DIRECTION('',(0.,0.,-1.));
#814=DIRECTION('',(-1.,0.,0.));
#815=DIRECTION('',(0.,0.,-1.));
#816=DIRECTION('',(-1.,0.,0.));
#817=DIRECTION('',(0.,0.,-1.));
#818=DIRECTION('',(-1.,0.,0.));
#819=DIRECTION('',(0.,0.,1.));
#820=DIRECTION('',(1.,0.,0.));
#821=DIRECTION('',(0.,0.,-1.));
#822=DIRECTION('',(-1.,0.,0.));
#823=DIRECTION('',(0.,0.,-1.));
#824=DIRECTION('',(-1.,0.,0.));
#825=DIRECTION('',(0.,0.,-1.));
#826=DIRECTION('',(-1.,0.,0.));
#827=DIRECTION('',(0.,0.,-1.));
#828=DIRECTION('',(-1.,0.,0.));
#829=DIRECTION('',(0.,0.,1.));
#830=DIRECTION('',(1.,0.,0.));
#831=DIRECTION('',(0.,0.,-1.));
#832=DIRECTION('',(-1.,0.,0.));
#833=DIRECTION('',(0.,0.,-1.));
#834=DIRECTION('',(-1.,0.,0.));
#835=DIRECTION('',(0.,0.,-1.));
#836=DIRECTION('',(-1.,0.,0.));
#837=DIRECTION('',(0.,0.,-1.));
#838=DIRECTION('',(-1.,0.,0.));
#839=DIRECTION('',(0.,0.,1.));
#840=DIRECTION('',(1.,0.,0.));
#841=DIRECTION('',(0.,0.,-1.));
#842=DIRECTION('',(-1.,0.,0.));
#843=DIRECTION('',(0.,0.,-1.));
#844=DIRECTION('',(-1.,0.,0.));
#845=DIRECTION('',(0.,0.,-1.));
#846=DIRECTION('',(-1.,0.,0.));
#847=DIRECTION('',(0.,0.,-1.));
#848=DIRECTION('',(-1.,0.,0.));
#849=DIRECTION('',(0.,0.,1.));
#850=DIRECTION('',(1.,0.,0.));
#851=DIRECTION('',(0.,0.,-1.));
#852=DIRECTION('',(-1.,0.,0.));
#853=DIRECTION('',(0.,0.,-1.));
#854=DIRECTION('',(-1.,0.,0.));
#855=DIRECTION('',(0.,0.,1.));
#856=DIRECTION('',(1.,0.,0.));
#857=DIRECTION('',(0.,0.,1.));
#858=DIRECTION('',(1.,0.,0.));
#859=DIRECTION('',(0.,0.,-1.));
#860=DIRECTION('',(-1.,0.,0.));
#861=DIRECTION('',(-0.5,0.866025403784439,0.));
#862=DIRECTION('',(0.5,0.866025403784439,0.));
#863=DIRECTION('',(0.,0.,1.));
#864=DIRECTION('',(1.,0.,0.));
#865=DIRECTION('',(0.,0.,1.));
#866=DIRECTION('',(1.,0.,0.));
#867=DIRECTION('',(0.,0.,-1.));
#868=DIRECTION('',(-1.,0.,0.));
#869=DIRECTION('',(-0.866025403784439,0.5,0.));
#870=DIRECTION('',(-0.866025403784439,-0.5,0.));
#871=DIRECTION('',(0.,0.,1.));
#872=DIRECTION('',(1.,0.,0.));
#873=DIRECTION('',(0.,0.,1.));
#874=DIRECTION('',(1.,0.,0.));
#875=DIRECTION('',(0.,0.,-1.));
#876=DIRECTION('',(-1.,0.,0.));
#877=DIRECTION('',(0.866025403784439,0.5,0.));
#878=DIRECTION('',(0.866025403784439,-0.5,0.));
#879=DIRECTION('',(0.,0.,1.));
#880=DIRECTION('',(1.,0.,0.));
#881=DIRECTION('',(0.,0.,1.));
#882=DIRECTION('',(1.,0.,0.));
#883=DIRECTION('',(0.,0.,-1.));
#884=DIRECTION('',(-1.,0.,0.));
#885=DIRECTION('',(0.5,-0.866025403784439,0.));
#886=DIRECTION('',(-0.5,-0.866025403784439,0.));
#887=DIRECTION('',(-0.866025403784439,0.5,0.));
#888=DIRECTION('',(-0.5,-0.866025403784439,0.));
#889=DIRECTION('',(-0.866025403784439,-0.5,0.));
#890=DIRECTION('',(0.5,-0.866025403784439,0.));
#891=DIRECTION('',(0.5,-0.866025403784439,0.));
#892=DIRECTION('',(0.866025403784439,0.5,0.));
#893=DIRECTION('',(-0.5,-0.866025403784438,0.));
#894=DIRECTION('',(0.866025403784439,-0.5,0.));
#895=DIRECTION('',(-0.5,0.866025403784439,0.));
#896=DIRECTION('',(-0.866025403784439,-0.5,0.));
#897=DIRECTION('',(0.5,0.866025403784439,0.));
#898=DIRECTION('',(-0.866025403784439,0.5,0.));
#899=DIRECTION('',(0.866025403784439,0.5,0.));
#900=DIRECTION('',(-0.5,0.866025403784439,0.));
#901=DIRECTION('',(0.866025403784439,-0.5,0.));
#902=DIRECTION('',(0.5,0.866025403784439,0.));
#903=CARTESIAN_POINT('',(0.,0.,0.));
#904=CARTESIAN_POINT('',(0.,0.,0.));
#905=CARTESIAN_POINT('',(0.,2.75545529808154E-19,0.));
#906=CARTESIAN_POINT('',(0.0045,2.75545529808154E-19,0.));
#907=CARTESIAN_POINT('',(0.00565685424949238,-0.00565685424949238,0.));
#908=CARTESIAN_POINT('',(0.00695685424949238,-0.00565685424949238,0.));
#909=CARTESIAN_POINT('',(-0.00565685424949238,-0.00565685424949238,0.));
#910=CARTESIAN_POINT('',(-0.00435685424949238,-0.00565685424949238,0.));
#911=CARTESIAN_POINT('',(-0.00565685424949238,0.00565685424949238,0.));
#912=CARTESIAN_POINT('',(-0.00435685424949238,0.00565685424949238,0.));
#913=CARTESIAN_POINT('',(0.00565685424949238,0.00565685424949238,0.));
#914=CARTESIAN_POINT('',(0.00695685424949238,0.00565685424949238,0.));
#915=CARTESIAN_POINT('',(0.,8.87868929381831E-19,0.));
#916=CARTESIAN_POINT('',(0.00593053726076593,-0.0132317318518275,0.));
#917=CARTESIAN_POINT('',(0.0132317318518275,-0.00593053726076593,0.));
#918=CARTESIAN_POINT('',(0.00451193587495411,-0.0107746421759138,0.));
#919=CARTESIAN_POINT('',(0.00309333448914254,-0.0083175525,0.));
#920=CARTESIAN_POINT('',(-8.26705109082844E-19,-0.01010349,0.));
#921=CARTESIAN_POINT('',(-0.00309333448914254,-0.0083175525,0.));
#922=CARTESIAN_POINT('',(-0.00451193587495411,-0.0107746421759138,0.));
#923=CARTESIAN_POINT('',(-0.00593053726076593,-0.0132317318518275,0.));
#924=CARTESIAN_POINT('',(0.,8.87868929381831E-19,0.));
#925=CARTESIAN_POINT('',(-0.0132317318518275,-0.00593053726076593,0.));
#926=CARTESIAN_POINT('',(-0.0107746421759138,-0.00451193587495411,0.));
#927=CARTESIAN_POINT('',(-0.00831755250000015,-0.00309333448914229,0.));
#928=CARTESIAN_POINT('',(-0.01010349,0.,0.));
#929=CARTESIAN_POINT('',(-0.0083175525,0.00309333448914254,0.));
#930=CARTESIAN_POINT('',(-0.0107746421759138,0.00451193587495411,0.));
#931=CARTESIAN_POINT('',(-0.0132317318518275,0.00593053726076593,0.));
#932=CARTESIAN_POINT('',(0.,8.87868929381831E-19,0.));
#933=CARTESIAN_POINT('',(-0.00593053726076593,0.0132317318518275,0.));
#934=CARTESIAN_POINT('',(-0.00451193587495411,0.0107746421759138,0.));
#935=CARTESIAN_POINT('',(-0.00309333448914229,0.00831755250000015,0.));
#936=CARTESIAN_POINT('',(4.23011279015108E-18,0.01010349,0.));
#937=CARTESIAN_POINT('',(0.00309333448914254,0.0083175525,0.));
#938=CARTESIAN_POINT('',(0.00451193587495411,0.0107746421759138,0.));
#939=CARTESIAN_POINT('',(0.00593053726076593,0.0132317318518275,0.));
#940=CARTESIAN_POINT('',(0.,8.87868929381831E-19,0.));
#941=CARTESIAN_POINT('',(0.0132317318518275,0.00593053726076593,0.));
#942=CARTESIAN_POINT('',(0.0107746421759138,0.00451193587495411,0.));
#943=CARTESIAN_POINT('',(0.00831755250000014,0.00309333448914229,0.));
#944=CARTESIAN_POINT('',(0.01010349,-6.93889390390723E-18,0.));
#945=CARTESIAN_POINT('',(0.0083175525,-0.00309333448914255,0.));
#946=CARTESIAN_POINT('',(0.0107746421759138,-0.00451193587495411,0.));
#947=CARTESIAN_POINT('',(4.23011279015108E-18,0.01010349,0.));
#948=CARTESIAN_POINT('',(4.23011279015108E-18,0.01010349,0.01));
#949=CARTESIAN_POINT('',(-0.00309333448914229,0.00831755250000015,0.01));
#950=CARTESIAN_POINT('',(0.00309333448914254,0.0083175525,0.01));
#951=CARTESIAN_POINT('',(0.00309333448914254,0.0083175525,0.010002));
#952=CARTESIAN_POINT('',(-0.00309333448914229,0.00831755250000015,0.010002));
#953=CARTESIAN_POINT('',(-0.01010349,0.,0.));
#954=CARTESIAN_POINT('',(-0.01010349,0.,0.01));
#955=CARTESIAN_POINT('',(-0.00831755250000015,-0.00309333448914229,0.01));
#956=CARTESIAN_POINT('',(-0.0083175525,0.00309333448914254,0.01));
#957=CARTESIAN_POINT('',(-0.0083175525,0.00309333448914254,0.010002));
#958=CARTESIAN_POINT('',(-0.00831755250000015,-0.00309333448914229,0.010002));
#959=CARTESIAN_POINT('',(0.01010349,-6.93889390390723E-18,0.));
#960=CARTESIAN_POINT('',(0.01010349,-6.93889390390723E-18,0.01));
#961=CARTESIAN_POINT('',(0.00831755250000014,0.00309333448914229,0.01));
#962=CARTESIAN_POINT('',(0.0083175525,-0.00309333448914255,0.01));
#963=CARTESIAN_POINT('',(0.0083175525,-0.00309333448914255,0.010002));
#964=CARTESIAN_POINT('',(0.00831755250000014,0.00309333448914229,0.010002));
#965=CARTESIAN_POINT('',(-8.26705109082844E-19,-0.01010349,0.));
#966=CARTESIAN_POINT('',(-8.26705109082844E-19,-0.01010349,0.01));
#967=CARTESIAN_POINT('',(0.00309333448914254,-0.0083175525,0.01));
#968=CARTESIAN_POINT('',(-0.00309333448914254,-0.0083175525,0.01));
#969=CARTESIAN_POINT('',(-0.00309333448914254,-0.0083175525,0.010002));
#970=CARTESIAN_POINT('',(0.00309333448914254,-0.0083175525,0.010002));
#971=CARTESIAN_POINT('',(0.,2.75545529808154E-19,0.015));
#972=CARTESIAN_POINT('',(0.,2.75545529808154E-19,0.015));
#973=CARTESIAN_POINT('',(0.0045,2.75545529808154E-19,0.015));
#974=CARTESIAN_POINT('',(0.,8.87868929381831E-19,0.015));
#975=CARTESIAN_POINT('',(0.,8.87868929381831E-19,0.01));
#976=CARTESIAN_POINT('',(0.00593053726076593,-0.0132317318518275,0.01));
#977=CARTESIAN_POINT('',(-0.00593053726076593,-0.0132317318518275,0.01));
#978=CARTESIAN_POINT('',(0.00593053726076593,-0.0132317318518275,0.010002));
#979=CARTESIAN_POINT('',(0.0132317318518275,-0.00593053726076593,0.010002));
#980=CARTESIAN_POINT('',(0.0132317318518275,-0.00593053726076593,0.01));
#981=CARTESIAN_POINT('',(0.,8.87868929381831E-19,0.01));
#982=CARTESIAN_POINT('',(0.0132317318518275,0.00593053726076593,0.01));
#983=CARTESIAN_POINT('',(0.0132317318518275,0.00593053726076593,0.010002));
#984=CARTESIAN_POINT('',(0.00593053726076593,0.0132317318518275,0.010002));
#985=CARTESIAN_POINT('',(0.00593053726076593,0.0132317318518275,0.01));
#986=CARTESIAN_POINT('',(0.,8.87868929381831E-19,0.01));
#987=CARTESIAN_POINT('',(-0.00593053726076593,0.0132317318518275,0.01));
#988=CARTESIAN_POINT('',(-0.00593053726076593,0.0132317318518275,0.010002));
#989=CARTESIAN_POINT('',(-0.0132317318518275,0.00593053726076593,0.010002));
#990=CARTESIAN_POINT('',(-0.0132317318518275,0.00593053726076593,0.01));
#991=CARTESIAN_POINT('',(0.,8.87868929381831E-19,0.01));
#992=CARTESIAN_POINT('',(-0.0132317318518275,-0.00593053726076593,0.01));
#993=CARTESIAN_POINT('',(-0.0132317318518275,-0.00593053726076593,0.010002));
#994=CARTESIAN_POINT('',(-0.00593053726076593,-0.0132317318518275,0.010002));
#995=CARTESIAN_POINT('',(0.,8.87868929381831E-19,0.015));
#996=CARTESIAN_POINT('',(0.0145,8.87868929381831E-19,0.015));
#997=CARTESIAN_POINT('',(0.,0.,0.015));
#998=CARTESIAN_POINT('',(-8.26705109082844E-19,-0.01010349,0.015));
#999=CARTESIAN_POINT('',(0.0023495,-0.01010349,0.015));
#1000=CARTESIAN_POINT('',(0.01010349,-6.93889390390723E-18,0.015));
#1001=CARTESIAN_POINT('',(0.01245299,-6.93889390390723E-18,0.015));
#1002=CARTESIAN_POINT('',(-0.01010349,0.,0.015));
#1003=CARTESIAN_POINT('',(-0.00775399,0.,0.015));
#1004=CARTESIAN_POINT('',(4.23011279015108E-18,0.01010349,0.015));
#1005=CARTESIAN_POINT('',(0.0023495,0.01010349,0.015));
#1006=CARTESIAN_POINT('',(0.00565685424949238,0.00565685424949238,0.015));
#1007=CARTESIAN_POINT('',(0.00345685424949238,0.00565685424949238,0.015));
#1008=CARTESIAN_POINT('',(-0.00565685424949238,0.00565685424949238,0.015));
#1009=CARTESIAN_POINT('',(-0.00785685424949238,0.00565685424949238,0.015));
#1010=CARTESIAN_POINT('',(-0.00565685424949238,-0.00565685424949238,0.015));
#1011=CARTESIAN_POINT('',(-0.00785685424949238,-0.00565685424949238,0.015));
#1012=CARTESIAN_POINT('',(0.00565685424949238,-0.00565685424949238,0.015));
#1013=CARTESIAN_POINT('',(0.00345685424949238,-0.00565685424949238,0.015));
#1014=CARTESIAN_POINT('',(0.00565685424949238,-0.00565685424949238,0.015));
#1015=CARTESIAN_POINT('',(0.00565685424949238,-0.00565685424949238,0.008));
#1016=CARTESIAN_POINT('',(0.00435685424949238,-0.00565685424949238,0.008));
#1017=CARTESIAN_POINT('',(0.00785685424949238,-0.00565685424949238,0.008));
#1018=CARTESIAN_POINT('',(0.00565685424949238,-0.00565685424949238,0.008));
#1019=CARTESIAN_POINT('',(0.00345685424949238,-0.00565685424949238,0.008));
#1020=CARTESIAN_POINT('',(0.00565685424949238,-0.00565685424949238,0.015));
#1021=CARTESIAN_POINT('',(-0.00565685424949238,-0.00565685424949238,0.015));
#1022=CARTESIAN_POINT('',(-0.00565685424949238,-0.00565685424949238,0.008));
#1023=CARTESIAN_POINT('',(-0.00695685424949238,-0.00565685424949238,0.008));
#1024=CARTESIAN_POINT('',(-0.00345685424949238,-0.00565685424949238,0.008));
#1025=CARTESIAN_POINT('',(-0.00565685424949238,-0.00565685424949238,0.008));
#1026=CARTESIAN_POINT('',(-0.00785685424949238,-0.00565685424949238,0.008));
#1027=CARTESIAN_POINT('',(-0.00565685424949238,-0.00565685424949238,0.015));
#1028=CARTESIAN_POINT('',(-0.00565685424949238,0.00565685424949238,0.015));
#1029=CARTESIAN_POINT('',(-0.00565685424949238,0.00565685424949238,0.008));
#1030=CARTESIAN_POINT('',(-0.00695685424949238,0.00565685424949238,0.008));
#1031=CARTESIAN_POINT('',(-0.00345685424949238,0.00565685424949238,0.008));
#1032=CARTESIAN_POINT('',(-0.00565685424949238,0.00565685424949238,0.008));
#1033=CARTESIAN_POINT('',(-0.00785685424949238,0.00565685424949238,0.008));
#1034=CARTESIAN_POINT('',(-0.00565685424949238,0.00565685424949238,0.015));
#1035=CARTESIAN_POINT('',(0.00565685424949238,0.00565685424949238,0.015));
#1036=CARTESIAN_POINT('',(0.00565685424949238,0.00565685424949238,0.008));
#1037=CARTESIAN_POINT('',(0.00435685424949238,0.00565685424949238,0.008));
#1038=CARTESIAN_POINT('',(0.00785685424949238,0.00565685424949238,0.008));
#1039=CARTESIAN_POINT('',(0.00565685424949238,0.00565685424949238,0.008));
#1040=CARTESIAN_POINT('',(0.00345685424949238,0.00565685424949238,0.008));
#1041=CARTESIAN_POINT('',(0.00565685424949238,0.00565685424949238,0.015));
#1042=CARTESIAN_POINT('',(4.23011279015108E-18,0.01010349,0.));
#1043=CARTESIAN_POINT('',(4.23011279015108E-18,0.01010349,0.01));
#1044=CARTESIAN_POINT('',(0.0023495,0.01010349,0.01));
#1045=CARTESIAN_POINT('',(0.003571875,0.01010349,0.01));
#1046=CARTESIAN_POINT('',(-0.00451193587495411,0.0107746421759138,0.01));
#1047=CARTESIAN_POINT('',(0.00451193587495411,0.0107746421759138,0.01));
#1048=CARTESIAN_POINT('',(-0.01010349,0.,0.));
#1049=CARTESIAN_POINT('',(-0.01010349,0.,0.01));
#1050=CARTESIAN_POINT('',(-0.00775399,0.,0.01));
#1051=CARTESIAN_POINT('',(-0.006531615,0.,0.01));
#1052=CARTESIAN_POINT('',(-0.0107746421759138,0.00451193587495411,0.01));
#1053=CARTESIAN_POINT('',(-0.0107746421759138,-0.00451193587495411,0.01));
#1054=CARTESIAN_POINT('',(0.01010349,-6.93889390390723E-18,0.));
#1055=CARTESIAN_POINT('',(0.01010349,-6.93889390390723E-18,0.01));
#1056=CARTESIAN_POINT('',(0.01245299,-6.93889390390723E-18,0.01));
#1057=CARTESIAN_POINT('',(0.013675365,-6.93889390390723E-18,0.01));
#1058=CARTESIAN_POINT('',(0.0107746421759138,0.00451193587495411,0.01));
#1059=CARTESIAN_POINT('',(0.0107746421759138,-0.00451193587495411,0.01));
#1060=CARTESIAN_POINT('',(-8.26705109082844E-19,-0.01010349,0.));
#1061=CARTESIAN_POINT('',(-8.26705109082844E-19,-0.01010349,0.01));
#1062=CARTESIAN_POINT('',(0.0023495,-0.01010349,0.01));
#1063=CARTESIAN_POINT('',(0.003571875,-0.01010349,0.01));
#1064=CARTESIAN_POINT('',(0.00451193587495411,-0.0107746421759138,0.01));
#1065=CARTESIAN_POINT('',(-0.00451193587495411,-0.0107746421759138,0.01));
#1066=CARTESIAN_POINT('',(-0.00451193587495411,-0.0107746421759138,0.010002));
#1067=CARTESIAN_POINT('',(0.00451193587495411,-0.0107746421759138,0.010002));
#1068=CARTESIAN_POINT('',(0.0107746421759138,0.00451193587495411,0.010002));
#1069=CARTESIAN_POINT('',(0.0107746421759138,-0.00451193587495411,0.010002));
#1070=CARTESIAN_POINT('',(-0.0107746421759138,-0.00451193587495411,0.010002));
#1071=CARTESIAN_POINT('',(-0.0107746421759138,0.00451193587495411,0.010002));
#1072=CARTESIAN_POINT('',(-0.00451193587495411,0.0107746421759138,0.010002));
#1073=CARTESIAN_POINT('',(0.00451193587495411,0.0107746421759138,0.010002));
#1074=MECHANICAL_DESIGN_GEOMETRIC_PRESENTATION_REPRESENTATION('',(#620),#1075);
#1075=(
GEOMETRIC_REPRESENTATION_CONTEXT(3)
GLOBAL_UNCERTAINTY_ASSIGNED_CONTEXT((#1076))
GLOBAL_UNIT_ASSIGNED_CONTEXT((#1079,#1078,#1077))
REPRESENTATION_CONTEXT('Coupleur moteur','TOP_LEVEL_ASSEMBLY_PART')
);
#1076=UNCERTAINTY_MEASURE_WITH_UNIT(LENGTH_MEASURE(1.E-08),#1079,'DISTANCE_ACCURACY_VALUE','Maximum Tolerance applied to model');
#1077=(
NAMED_UNIT(*)
SI_UNIT($,.STERADIAN.)
SOLID_ANGLE_UNIT()
);
#1078=(
NAMED_UNIT(*)
PLANE_ANGLE_UNIT()
SI_UNIT($,.RADIAN.)
);
#1079=(
LENGTH_UNIT()
NAMED_UNIT(*)
SI_UNIT($,.METRE.)
);
#1080=PRODUCT_DEFINITION_SHAPE('','',#1081);
#1081=PRODUCT_DEFINITION('','',#1083,#1082);
#1082=PRODUCT_DEFINITION_CONTEXT('',#1089,'design');
#1083=PRODUCT_DEFINITION_FORMATION_WITH_SPECIFIED_SOURCE('','',#1085,.NOT_KNOWN.);
#1084=PRODUCT_RELATED_PRODUCT_CATEGORY('','',(#1085));
#1085=PRODUCT('Coupleur moteur','Coupleur moteur','Coupleur moteur',(#1087));
#1086=PRODUCT_CATEGORY('','');
#1087=PRODUCT_CONTEXT('',#1089,'mechanical');
#1088=APPLICATION_PROTOCOL_DEFINITION('international standard','ap242_managed_model_based_3d_engineering',2020,#1089);
#1089=APPLICATION_CONTEXT('managed model based 3d engineering');
#1090=COMPOSITE_SHAPE_ASPECT('hole_callout.FHBzrgHd5gW45Dg_1.JHD.1',$,#1080,$);
#1091=SHAPE_ASPECT('hole_callout.FHBzrgHd5gW45Dg_1.JHD.1',$,#1080,.T.);
#1092=GEOMETRIC_ITEM_SPECIFIC_USAGE('','',#1091,#11,#610);
#1093=SHAPE_ASPECT_RELATIONSHIP('','',#1090,#1091);
#1094=SHAPE_ASPECT('hole_callout.FHBzrgHd5gW45Dg_1.JHD.1',$,#1080,.T.);
#1095=GEOMETRIC_ITEM_SPECIFIC_USAGE('','',#1094,#11,#587);
#1096=SHAPE_ASPECT_RELATIONSHIP('','',#1090,#1094);
#1097=SHAPE_ASPECT('hole_callout.FHBzrgHd5gW45Dg_1.JHD.1',$,#1080,.T.);
#1098=GEOMETRIC_ITEM_SPECIFIC_USAGE('','',#1097,#11,#609);
#1099=SHAPE_ASPECT_RELATIONSHIP('','',#1090,#1097);
#1100=SHAPE_ASPECT('hole_callout.FHBzrgHd5gW45Dg_1.JHD.1',$,#1080,.T.);
#1101=GEOMETRIC_ITEM_SPECIFIC_USAGE('','',#1100,#11,#608);
#1102=SHAPE_ASPECT_RELATIONSHIP('','',#1090,#1100);
#1103=SHAPE_ASPECT('hole_callout.FHBzrgHd5gW45Dg_1.JHD.1',$,#1080,.T.);
#1104=GEOMETRIC_ITEM_SPECIFIC_USAGE('','',#1103,#11,#586);
#1105=SHAPE_ASPECT_RELATIONSHIP('','',#1090,#1103);
#1106=SHAPE_ASPECT('hole_callout.FHBzrgHd5gW45Dg_1.JHD.1',$,#1080,.T.);
#1107=GEOMETRIC_ITEM_SPECIFIC_USAGE('','',#1106,#11,#607);
#1108=SHAPE_ASPECT_RELATIONSHIP('','',#1090,#1106);
#1109=SHAPE_ASPECT('hole_callout.FHBzrgHd5gW45Dg_1.JHD.1',$,#1080,.T.);
#1110=GEOMETRIC_ITEM_SPECIFIC_USAGE('','',#1109,#11,#604);
#1111=SHAPE_ASPECT_RELATIONSHIP('','',#1090,#1109);
#1112=SHAPE_ASPECT('hole_callout.FHBzrgHd5gW45Dg_1.JHD.1',$,#1080,.T.);
#1113=GEOMETRIC_ITEM_SPECIFIC_USAGE('','',#1112,#11,#584);
#1114=SHAPE_ASPECT_RELATIONSHIP('','',#1090,#1112);
#1115=SHAPE_ASPECT('hole_callout.FHBzrgHd5gW45Dg_1.JHD.1',$,#1080,.T.);
#1116=GEOMETRIC_ITEM_SPECIFIC_USAGE('','',#1115,#11,#603);
#1117=SHAPE_ASPECT_RELATIONSHIP('','',#1090,#1115);
#1118=SHAPE_ASPECT('hole_callout.FHBzrgHd5gW45Dg_1.JHD.1',$,#1080,.T.);
#1119=GEOMETRIC_ITEM_SPECIFIC_USAGE('','',#1118,#11,#606);
#1120=SHAPE_ASPECT_RELATIONSHIP('','',#1090,#1118);
#1121=SHAPE_ASPECT('hole_callout.FHBzrgHd5gW45Dg_1.JHD.1',$,#1080,.T.);
#1122=GEOMETRIC_ITEM_SPECIFIC_USAGE('','',#1121,#11,#585);
#1123=SHAPE_ASPECT_RELATIONSHIP('','',#1090,#1121);
#1124=SHAPE_ASPECT('hole_callout.FHBzrgHd5gW45Dg_1.JHD.1',$,#1080,.T.);
#1125=GEOMETRIC_ITEM_SPECIFIC_USAGE('','',#1124,#11,#605);
#1126=SHAPE_ASPECT_RELATIONSHIP('','',#1090,#1124);
#1127=DIMENSIONAL_SIZE(#1090,'diameter');
#1128=(
LENGTH_UNIT()
NAMED_UNIT(*)
SI_UNIT(.MILLI.,.METRE.)
);
#1130=PRECISION_QUALIFIER(3);
#1129=(
LENGTH_MEASURE_WITH_UNIT()
MEASURE_REPRESENTATION_ITEM()
MEASURE_WITH_UNIT(POSITIVE_LENGTH_MEASURE(4.699),#1128)
QUALIFIED_REPRESENTATION_ITEM((#1130))
REPRESENTATION_ITEM('nominal value')
);
#1131=COMPOUND_REPRESENTATION_ITEM('modifiers',SET_REPRESENTATION_ITEM((#1132)));
#1132=DESCRIPTIVE_REPRESENTATION_ITEM('dimensional note','diameter');
#1133=SHAPE_DIMENSION_REPRESENTATION('',(#1129,#1131),#1075);
#1134=DIMENSIONAL_CHARACTERISTIC_REPRESENTATION(#1127,#1133);
#1135=DIMENSIONAL_SIZE(#1090,'depth');
#1136=(
LENGTH_UNIT()
NAMED_UNIT(*)
SI_UNIT(.MILLI.,.METRE.)
);
#1138=PRECISION_QUALIFIER(3);
#1137=(
LENGTH_MEASURE_WITH_UNIT()
MEASURE_REPRESENTATION_ITEM()
MEASURE_WITH_UNIT(POSITIVE_LENGTH_MEASURE(10.),#1136)
QUALIFIED_REPRESENTATION_ITEM((#1138))
REPRESENTATION_ITEM('nominal value')
);
#1139=COMPOUND_REPRESENTATION_ITEM('modifiers',SET_REPRESENTATION_ITEM((#1140)));
#1140=DESCRIPTIVE_REPRESENTATION_ITEM('dimensional note','depth');
#1141=SHAPE_DIMENSION_REPRESENTATION('',(#1137,#1139),#1075);
#1142=DIMENSIONAL_CHARACTERISTIC_REPRESENTATION(#1135,#1141);
#1143=DIMENSIONAL_SIZE(#1090,'diameter');
#1144=(
LENGTH_UNIT()
NAMED_UNIT(*)
SI_UNIT(.MILLI.,.METRE.)
);
#1146=PRECISION_QUALIFIER(3);
#1145=(
LENGTH_MEASURE_WITH_UNIT()
MEASURE_REPRESENTATION_ITEM()
MEASURE_WITH_UNIT(POSITIVE_LENGTH_MEASURE(7.14375),#1144)
QUALIFIED_REPRESENTATION_ITEM((#1146))
REPRESENTATION_ITEM('nominal value')
);
#1147=COMPOUND_REPRESENTATION_ITEM('modifiers',SET_REPRESENTATION_ITEM((#1148,#1149)));
#1148=DESCRIPTIVE_REPRESENTATION_ITEM('dimensional note','counterbore');
#1149=DESCRIPTIVE_REPRESENTATION_ITEM('dimensional note','diameter');
#1150=SHAPE_DIMENSION_REPRESENTATION('',(#1145,#1147),#1075);
#1151=DIMENSIONAL_CHARACTERISTIC_REPRESENTATION(#1143,#1150);
#1152=PRESENTATION_STYLE_ASSIGNMENT((NULL_STYLE(.NULL.)));
#1153=CARTESIAN_POINT('',(-8.26705109082844E-19,-0.01010349,0.));
#1154=DIRECTION('',(0.,0.,-1.));
#1155=DIRECTION('',(1.,0.,0.));
#1156=AXIS2_PLACEMENT_3D('',#1153,#1154,#1155);
#1157=PLANE('',#1156);
#1158=ANNOTATION_PLANE('',(#1152),#1157,(#1185));
#1159=CARTESIAN_POINT('',(0.,0.,0.));
#1160=DIRECTION('',(0.,0.,1.));
#1161=DIRECTION('',(1.,0.,0.));
#1162=AXIS2_PLACEMENT_3D('',#1159,#1160,#1161);
#1163=CARTESIAN_POINT('',(0.,0.,0.));
#1164=DIRECTION('',(0.,0.,1.));
#1165=DIRECTION('',(1.,0.,0.));
#1166=AXIS2_PLACEMENT_3D('',#1163,#1164,#1165);
#1167=SHAPE_REPRESENTATION('',(#1166,#628),#1075);
#1168=REPRESENTATION_MAP(#1162,#1167);
#1169=MAPPED_ITEM('',#1168,#1162);
#1170=PRESENTATION_STYLE_ASSIGNMENT((NULL_STYLE(.NULL.)));
#1171=STYLED_ITEM('',(#1170),#1169);
#1172=DRAUGHTING_MODEL('',(#1158,#1162,#1169,#1171,#1258,#1262,#1269,#1271),#1075);
#1173=DRAUGHTING_PRE_DEFINED_CURVE_FONT('continuous');
#1174=COLOUR_RGB('',0.,0.,0.);
#1175=CURVE_STYLE('',#1173,POSITIVE_LENGTH_MEASURE(0.02),#1174);
#1176=PRESENTATION_STYLE_ASSIGNMENT((#1175));
#1177=COORDINATES_LIST('coordinates',4473,((0.0025257,-0.0126292,0.),(0.0039399,-0.0154576,0.),(0.0053541,-0.0140434,0.),(0.0186742,-0.0262825,0.),(0.0186742,-0.0296957,0.),(0.0186580,-0.0297774,0.),(0.0186742,-0.0262825,0.),(0.0186580,-0.0297774,0.),(0.0186096,-0.0298470,0.),(0.0186742,-0.0262825,0.),(0.0186096,-0.0298470,0.),(0.0185398,-0.0298946,0.),(0.0186742,-0.0262825,0.),(0.0185398,-0.0298946,0.),(0.0184572,-0.0299105,0.),(0.0186742,-0.0262825,0.),(0.0184572,-0.0299105,0.),(0.0183747,-0.0298946,0.),(0.0186742,-0.0262825,0.),(0.0183747,-0.0298946,0.),(0.0183048,-0.0298470,0.),(0.0186742,-0.0262825,0.),(0.0183048,-0.0298470,0.),(0.0182572,-0.0297774,0.),(0.0186742,-0.0262825,0.),(0.0182572,-0.0297774,0.),(0.0182413,-0.0296957,0.),(0.0186742,-0.0262825,0.),(0.0182413,-0.0296957,0.),(0.0182413,-0.0260677,0.),(0.0254962,-0.0262825,0.),(0.0186742,-0.0262825,0.),(0.0182413,-0.0260677,0.),(0.0254962,-0.0262825,0.),(0.0182413,-0.0260677,0.),(0.0182569,-0.0259828,0.),(0.0254962,-0.0262825,0.),(0.0182569,-0.0259828,0.),(0.0183038,-0.0259142,0.),(0.0254962,-0.0262825,0.),(0.0183038,-0.0259142,0.),(0.0183736,-0.0258682,0.),(0.0254962,-0.0262825,0.),(0.0183736,-0.0258682,0.),(0.0184583,-0.0258529,0.),(0.0254962,-0.0262825,0.),(0.0184583,-0.0258529,0.),(0.0257121,-0.0258529,0.),(0.0254962,-0.0262825,0.),(0.0257121,-0.0258529,0.),(0.0257965,-0.0258682,0.),(0.0254962,-0.0262825,0.),(0.0257965,-0.0258682,0.),(0.0258656,-0.0259142,0.),(0.0254962,-0.0262825,0.),(0.0258656,-0.0259142,0.),(0.0259116,-0.0259828,0.),(0.0254962,-0.0262825,0.),(0.0259116,-0.0259828,0.),(0.0259269,-0.0260677,0.),(0.0254962,-0.0262825,0.),(0.0259269,-0.0260677,0.),(0.0259269,-0.0296957,0.),(0.0254962,-0.0262825,0.),(0.0259269,-0.0296957,0.),(0.0259111,-0.0297774,0.),(0.0254962,-0.0262825,0.),(0.0259111,-0.0297774,0.),(0.0258634,-0.0298470,0.),(0.0254962,-0.0262825,0.),(0.0258634,-0.0298470,0.),(0.0257939,-0.0298946,0.),(0.0254962,-0.0262825,0.),(0.0257939,-0.0298946,0.),(0.0257121,-0.0299105,0.),(0.0254962,-0.0262825,0.),(0.0257121,-0.0299105,0.),(0.0256301,-0.0298946,0.),(0.0254962,-0.0262825,0.),(0.0256301,-0.0298946,0.),(0.0255597,-0.0298470,0.),(0.0254962,-0.0262825,0.),(0.0255597,-0.0298470,0.),(0.0255121,-0.0297774,0.),(0.0254962,-0.0262825,0.),(0.0255121,-0.0297774,0.),(0.0254962,-0.0296957,0.),(0.0277830,-0.0260285,0.),(0.0278800,-0.0259879,0.),(0.0279780,-0.0259526,0.),(0.0277830,-0.0260285,0.),(0.0279780,-0.0259526,0.),(0.0280770,-0.0259228,0.),(0.0277830,-0.0260285,0.),(0.0280770,-0.0259228,0.),(0.0281769,-0.0258984,0.),(0.0277830,-0.0260285,0.),(0.0281769,-0.0258984,0.),(0.0282778,-0.0258794,0.),(0.0277830,-0.0260285,0.),(0.0282778,-0.0258794,0.),(0.0283797,-0.0258658,0.),(0.0277830,-0.0260285,0.),(0.0283797,-0.0258658,0.),(0.0284825,-0.0258577,0.),(0.0277830,-0.0260285,0.),(0.0284825,-0.0258577,0.),(0.0285862,-0.0258550,0.),(0.0277830,-0.0260285,0.),(0.0285862,-0.0258550,0.),(0.0287220,-0.0258593,0.),(0.0277830,-0.0260285,0.),(0.0287220,-0.0258593,0.),(0.0288553,-0.0258722,0.),(0.0277830,-0.0260285,0.),(0.0288553,-0.0258722,0.),(0.0289859,-0.0258938,0.),(0.0277830,-0.0260285,0.),(0.0289859,-0.0258938,0.),(0.0291141,-0.0259240,0.),(0.0277830,-0.0260285,0.),(0.0291141,-0.0259240,0.),(0.0292397,-0.0259629,0.),(0.0277830,-0.0260285,0.),(0.0292397,-0.0259629,0.),(0.0293627,-0.0260104,0.),(0.0277830,-0.0260285,0.),(0.0293627,-0.0260104,0.),(0.0294832,-0.0260665,0.),(0.0277830,-0.0260285,0.),(0.0294832,-0.0260665,0.),(0.0296012,-0.0261312,0.),(0.0277830,-0.0260285,0.),(0.0296012,-0.0261312,0.),(0.0297148,-0.0262036,0.),(0.0277830,-0.0260285,0.),(0.0297148,-0.0262036,0.),(0.0298221,-0.0262821,0.),(0.0277830,-0.0260285,0.),(0.0298221,-0.0262821,0.),(0.0299232,-0.0263668,0.),(0.0277830,-0.0260285,0.),(0.0299232,-0.0263668,0.),(0.0300182,-0.0264577,0.),(0.0277830,-0.0260285,0.),(0.0300182,-0.0264577,0.),(0.0301069,-0.0265547,0.),(0.0301069,-0.0265547,0.),(0.0301893,-0.0266579,0.),(0.0302656,-0.0267672,0.),(0.0301069,-0.0265547,0.),(0.0302656,-0.0267672,0.),(0.0303357,-0.0268826,0.),(0.0301069,-0.0265547,0.),(0.0303357,-0.0268826,0.),(0.0303987,-0.0270024,0.),(0.0301069,-0.0265547,0.),(0.0303987,-0.0270024,0.),(0.0304533,-0.0271246,0.),(0.0301069,-0.0265547,0.),(0.0304533,-0.0271246,0.),(0.0304995,-0.0272494,0.),(0.0301069,-0.0265547,0.),(0.0304995,-0.0272494,0.),(0.0305373,-0.0273766,0.),(0.0301069,-0.0265547,0.),(0.0305373,-0.0273766,0.),(0.0305667,-0.0275063,0.),(0.0301069,-0.0265547,0.),(0.0305667,-0.0275063,0.),(0.0305877,-0.0276385,0.),(0.0301069,-0.0265547,0.),(0.0305877,-0.0276385,0.),(0.0306003,-0.0277731,0.),(0.0301069,-0.0265547,0.),(0.0306003,-0.0277731,0.),(0.0306045,-0.0279103,0.),(0.0301069,-0.0265547,0.),(0.0306045,-0.0279103,0.),(0.0306003,-0.0280419,0.),(0.0301069,-0.0265547,0.),(0.0306003,-0.0280419,0.),(0.0305877,-0.0281727,0.),(0.0301069,-0.0265547,0.),(0.0305877,-0.0281727,0.),(0.0305667,-0.0283028,0.),(0.0301069,-0.0265547,0.),(0.0305667,-0.0283028,0.),(0.0305373,-0.0284320,0.),(0.0301069,-0.0265547,0.),(0.0305373,-0.0284320,0.),(0.0304995,-0.0285605,0.),(0.0301069,-0.0265547,0.),(0.0304995,-0.0285605,0.),(0.0304533,-0.0286881,0.),(0.0304533,-0.0286881,0.),(0.0300615,-0.0285467,0.),(0.0300981,-0.0284488,0.),(0.0304533,-0.0286881,0.),(0.0300981,-0.0284488,0.),(0.0301280,-0.0283476,0.),(0.0304533,-0.0286881,0.),(0.0301280,-0.0283476,0.),(0.0301512,-0.0282432,0.),(0.0304533,-0.0286881,0.),(0.0301512,-0.0282432,0.),(0.0301679,-0.0281355,0.),(0.0304533,-0.0286881,0.),(0.0301679,-0.0281355,0.),(0.0301778,-0.0280245,0.),(0.0304533,-0.0286881,0.),(0.0301778,-0.0280245,0.),(0.0301811,-0.0279103,0.),(0.0304533,-0.0286881,0.),(0.0301811,-0.0279103,0.),(0.0301778,-0.0278002,0.),(0.0301069,-0.0265547,0.),(0.0304533,-0.0286881,0.),(0.0301778,-0.0278002,0.),(0.0301069,-0.0265547,0.),(0.0301778,-0.0278002,0.),(0.0301677,-0.0276924,0.),(0.0301069,-0.0265547,0.),(0.0301677,-0.0276924,0.),(0.0301509,-0.0275867,0.),(0.0301069,-0.0265547,0.),(0.0301509,-0.0275867,0.),(0.0301274,-0.0274832,0.),(0.0301069,-0.0265547,0.),(0.0301274,-0.0274832,0.),(0.0300972,-0.0273819,0.),(0.0301069,-0.0265547,0.),(0.0300972,-0.0273819,0.),(0.0300603,-0.0272828,0.),(0.0301069,-0.0265547,0.),(0.0300603,-0.0272828,0.),(0.0300167,-0.0271859,0.),(0.0301069,-0.0265547,0.),(0.0300167,-0.0271859,0.),(0.0299663,-0.0270911,0.),(0.0301069,-0.0265547,0.),(0.0299663,-0.0270911,0.),(0.0299105,-0.0269999,0.),(0.0301069,-0.0265547,0.),(0.0299105,-0.0269999,0.),(0.0298498,-0.0269136,0.),(0.0301069,-0.0265547,0.),(0.0298498,-0.0269136,0.),(0.0297844,-0.0268322,0.),(0.0301069,-0.0265547,0.),(0.0297844,-0.0268322,0.),(0.0297142,-0.0267556,0.),(0.0301069,-0.0265547,0.),(0.0297142,-0.0267556,0.),(0.0296391,-0.0266840,0.),(0.0301069,-0.0265547,0.),(0.0296391,-0.0266840,0.),(0.0295593,-0.0266172,0.),(0.0301069,-0.0265547,0.),(0.0295593,-0.0266172,0.),(0.0294747,-0.0265554,0.),(0.0301069,-0.0265547,0.),(0.0294747,-0.0265554,0.),(0.0293853,-0.0264984,0.),(0.0301069,-0.0265547,0.),(0.0293853,-0.0264984,0.),(0.0292927,-0.0264473,0.),(0.0301069,-0.0265547,0.),(0.0292927,-0.0264473,0.),(0.0291980,-0.0264031,0.),(0.0301069,-0.0265547,0.),(0.0291980,-0.0264031,0.),(0.0291013,-0.0263656,0.),(0.0301069,-0.0265547,0.),(0.0291013,-0.0263656,0.),(0.0290024,-0.0263349,0.),(0.0277830,-0.0260285,0.),(0.0301069,-0.0265547,0.),(0.0290024,-0.0263349,0.),(0.0277830,-0.0260285,0.),(0.0290024,-0.0263349,0.),(0.0289015,-0.0263111,0.),(0.0277830,-0.0260285,0.),(0.0289015,-0.0263111,0.),(0.0287985,-0.0262941,0.),(0.0277830,-0.0260285,0.),(0.0287985,-0.0262941,0.),(0.0286934,-0.0262838,0.),(0.0277830,-0.0260285,0.),(0.0286934,-0.0262838,0.),(0.0285862,-0.0262804,0.),(0.0277830,-0.0260285,0.),(0.0285862,-0.0262804,0.),(0.0284326,-0.0262875,0.),(0.0277830,-0.0260285,0.),(0.0284326,-0.0262875,0.),(0.0282830,-0.0263087,0.),(0.0277830,-0.0260285,0.),(0.0282830,-0.0263087,0.),(0.0281374,-0.0263441,0.),(0.0277830,-0.0260285,0.),(0.0281374,-0.0263441,0.),(0.0279957,-0.0263937,0.),(0.0277830,-0.0260285,0.),(0.0279957,-0.0263937,0.),(0.0295927,-0.0291771,0.),(0.0272220,-0.0250538,0.),(0.0277830,-0.0260285,0.),(0.0295927,-0.0291771,0.),(0.0300183,-0.0286413,0.),(0.0300615,-0.0285467,0.),(0.0304533,-0.0286881,0.),(0.0299684,-0.0287326,0.),(0.0300183,-0.0286413,0.),(0.0304533,-0.0286881,0.),(0.0299005,-0.0288366,0.),(0.0299684,-0.0287326,0.),(0.0304533,-0.0286881,0.),(0.0298152,-0.0289453,0.),(0.0299005,-0.0288366,0.),(0.0304533,-0.0286881,0.),(0.0297661,-0.0290015,0.),(0.0298152,-0.0289453,0.),(0.0304533,-0.0286881,0.),(0.0297126,-0.0290588,0.),(0.0297661,-0.0290015,0.),(0.0304533,-0.0286881,0.),(0.0296548,-0.0291174,0.),(0.0297126,-0.0290588,0.),(0.0304533,-0.0286881,0.),(0.0295927,-0.0291771,0.),(0.0296548,-0.0291174,0.),(0.0304533,-0.0286881,0.),(0.0295927,-0.0291771,0.),(0.0304533,-0.0286881,0.),(0.0303987,-0.0288150,0.),(0.0295927,-0.0291771,0.),(0.0303987,-0.0288150,0.),(0.0303357,-0.0289411,0.),(0.0295927,-0.0291771,0.),(0.0303357,-0.0289411,0.),(0.0302855,-0.0290278,0.),(0.0295927,-0.0291771,0.),(0.0302855,-0.0290278,0.),(0.0302307,-0.0291112,0.),(0.0295927,-0.0291771,0.),(0.0302307,-0.0291112,0.),(0.0301713,-0.0291913,0.),(0.0295927,-0.0291771,0.),(0.0301713,-0.0291913,0.),(0.0301073,-0.0292681,0.),(0.0295927,-0.0291771,0.),(0.0301073,-0.0292681,0.),(0.0300388,-0.0293416,0.),(0.0295927,-0.0291771,0.),(0.0300388,-0.0293416,0.),(0.0299656,-0.0294118,0.),(0.0295927,-0.0291771,0.),(0.0299656,-0.0294118,0.),(0.0298878,-0.0294786,0.),(0.0295927,-0.0291771,0.),(0.0298878,-0.0294786,0.),(0.0298054,-0.0295422,0.),(0.0295927,-0.0291771,0.),(0.0298054,-0.0295422,0.),(0.0303473,-0.0304947,0.),(0.0272220,-0.0250538,0.),(0.0295927,-0.0291771,0.),(0.0303473,-0.0304947,0.),(0.0272220,-0.0250538,0.),(0.0303473,-0.0304947,0.),(0.0303759,-0.0305984,0.),(0.0272220,-0.0250538,0.),(0.0303759,-0.0305984,0.),(0.0303685,-0.0306588,0.),(0.0272220,-0.0250538,0.),(0.0303685,-0.0306588,0.),(0.0303298,-0.0307339,0.),(0.0272220,-0.0250538,0.),(0.0303298,-0.0307339,0.),(0.0302648,-0.0307879,0.),(0.0272220,-0.0250538,0.),(0.0302648,-0.0307879,0.),(0.0301621,-0.0308186,0.),(0.0272220,-0.0250538,0.),(0.0301621,-0.0308186,0.),(0.0301018,-0.0308112,0.),(0.0272220,-0.0250538,0.),(0.0301018,-0.0308112,0.),(0.0300261,-0.0307725,0.),(0.0272220,-0.0250538,0.),(0.0300261,-0.0307725,0.),(0.0299705,-0.0307074,0.),(0.0272220,-0.0250538,0.),(0.0299705,-0.0307074,0.),(0.0294350,-0.0297793,0.),(0.0294350,-0.0297793,0.),(0.0293344,-0.0298237,0.),(0.0292305,-0.0298622,0.),(0.0294350,-0.0297793,0.),(0.0292305,-0.0298622,0.),(0.0291233,-0.0298947,0.),(0.0294350,-0.0297793,0.),(0.0291233,-0.0298947,0.),(0.0290127,-0.0299214,0.),(0.0294350,-0.0297793,0.),(0.0290127,-0.0299214,0.),(0.0288989,-0.0299421,0.),(0.0294350,-0.0297793,0.),(0.0288989,-0.0299421,0.),(0.0287818,-0.0299569,0.),(0.0294350,-0.0297793,0.),(0.0287818,-0.0299569,0.),(0.0286613,-0.0299658,0.),(0.0294350,-0.0297793,0.),(0.0286613,-0.0299658,0.),(0.0285376,-0.0299687,0.),(0.0294350,-0.0297793,0.),(0.0285376,-0.0299687,0.),(0.0284130,-0.0299644,0.),(0.0294350,-0.0297793,0.),(0.0284130,-0.0299644,0.),(0.0282894,-0.0299514,0.),(0.0294350,-0.0297793,0.),(0.0282894,-0.0299514,0.),(0.0281670,-0.0299297,0.),(0.0294350,-0.0297793,0.),(0.0281670,-0.0299297,0.),(0.0280457,-0.0298994,0.),(0.0294350,-0.0297793,0.),(0.0280457,-0.0298994,0.),(0.0279255,-0.0298604,0.),(0.0294350,-0.0297793,0.),(0.0279255,-0.0298604,0.),(0.0278063,-0.0298127,0.),(0.0294350,-0.0297793,0.),(0.0278063,-0.0298127,0.),(0.0276883,-0.0297564,0.),(0.0294350,-0.0297793,0.),(0.0276883,-0.0297564,0.),(0.0275713,-0.0296914,0.),(0.0294350,-0.0297793,0.),(0.0275713,-0.0296914,0.),(0.0274582,-0.0296193,0.),(0.0294350,-0.0297793,0.),(0.0274582,-0.0296193,0.),(0.0273512,-0.0295409,0.),(0.0294350,-0.0297793,0.),(0.0273512,-0.0295409,0.),(0.0272502,-0.0294563,0.),(0.0294350,-0.0297793,0.),(0.0272502,-0.0294563,0.),(0.0271554,-0.0293655,0.),(0.0294350,-0.0297793,0.),(0.0271554,-0.0293655,0.),(0.0270666,-0.0292684,0.),(0.0270666,-0.0292684,0.),(0.0269839,-0.0291652,0.),(0.0269073,-0.0290557,0.),(0.0270666,-0.0292684,0.),(0.0269073,-0.0290557,0.),(0.0268368,-0.0289400,0.),(0.0270666,-0.0292684,0.),(0.0268368,-0.0289400,0.),(0.0267736,-0.0288202,0.),(0.0270666,-0.0292684,0.),(0.0267736,-0.0288202,0.),(0.0267187,-0.0286979,0.),(0.0270666,-0.0292684,0.),(0.0267187,-0.0286979,0.),(0.0266724,-0.0285730,0.),(0.0270666,-0.0292684,0.),(0.0266724,-0.0285730,0.),(0.0266344,-0.0284455,0.),(0.0270666,-0.0292684,0.),(0.0266344,-0.0284455,0.),(0.0266049,-0.0283155,0.),(0.0270666,-0.0292684,0.),(0.0266049,-0.0283155,0.),(0.0265838,-0.0281830,0.),(0.0270666,-0.0292684,0.),(0.0265838,-0.0281830,0.),(0.0265712,-0.0280479,0.),(0.0270666,-0.0292684,0.),(0.0265712,-0.0280479,0.),(0.0265669,-0.0279103,0.),(0.0270666,-0.0292684,0.),(0.0265669,-0.0279103,0.),(0.0265711,-0.0277722,0.),(0.0270666,-0.0292684,0.),(0.0265711,-0.0277722,0.),(0.0265837,-0.0276369,0.),(0.0270666,-0.0292684,0.),(0.0265837,-0.0276369,0.),(0.0266047,-0.0275043,0.),(0.0270666,-0.0292684,0.),(0.0266047,-0.0275043,0.),(0.0266341,-0.0273745,0.),(0.0270666,-0.0292684,0.),(0.0266341,-0.0273745,0.),(0.0266719,-0.0272474,0.),(0.0270666,-0.0292684,0.),(0.0266719,-0.0272474,0.),(0.0267181,-0.0271231,0.),(0.0270666,-0.0292684,0.),(0.0267181,-0.0271231,0.),(0.0267728,-0.0270015,0.),(0.0270666,-0.0292684,0.),(0.0267728,-0.0270015,0.),(0.0268358,-0.0268826,0.),(0.0268358,-0.0268826,0.),(0.0272041,-0.0270911,0.),(0.0271547,-0.0271858,0.),(0.0268358,-0.0268826,0.),(0.0271547,-0.0271858,0.),(0.0271119,-0.0272827,0.),(0.0268358,-0.0268826,0.),(0.0271119,-0.0272827,0.),(0.0270757,-0.0273818,0.),(0.0268358,-0.0268826,0.),(0.0270757,-0.0273818,0.),(0.0270461,-0.0274830,0.),(0.0268358,-0.0268826,0.),(0.0270461,-0.0274830,0.),(0.0270231,-0.0275863,0.),(0.0268358,-0.0268826,0.),(0.0270231,-0.0275863,0.),(0.0270066,-0.0276918,0.),(0.0268358,-0.0268826,0.),(0.0270066,-0.0276918,0.),(0.0269967,-0.0277994,0.),(0.0268358,-0.0268826,0.),(0.0269967,-0.0277994,0.),(0.0269934,-0.0279092,0.),(0.0268358,-0.0268826,0.),(0.0269934,-0.0279092,0.),(0.0269968,-0.0280190,0.),(0.0270666,-0.0292684,0.),(0.0268358,-0.0268826,0.),(0.0269968,-0.0280190,0.),(0.0270666,-0.0292684,0.),(0.0269968,-0.0280190,0.),(0.0270068,-0.0281268,0.),(0.0270666,-0.0292684,0.),(0.0270068,-0.0281268,0.),(0.0270235,-0.0282324,0.),(0.0270666,-0.0292684,0.),(0.0270235,-0.0282324,0.),(0.0270469,-0.0283360,0.),(0.0270666,-0.0292684,0.),(0.0270469,-0.0283360,0.),(0.0270770,-0.0284375,0.),(0.0270666,-0.0292684,0.),(0.0270770,-0.0284375,0.),(0.0271137,-0.0285369,0.),(0.0270666,-0.0292684,0.),(0.0271137,-0.0285369,0.),(0.0271571,-0.0286342,0.),(0.0270666,-0.0292684,0.),(0.0271571,-0.0286342,0.),(0.0272072,-0.0287294,0.),(0.0270666,-0.0292684,0.),(0.0272072,-0.0287294,0.),(0.0272631,-0.0288214,0.),(0.0270666,-0.0292684,0.),(0.0272631,-0.0288214,0.),(0.0273237,-0.0289083,0.),(0.0270666,-0.0292684,0.),(0.0273237,-0.0289083,0.),(0.0273891,-0.0289902,0.),(0.0270666,-0.0292684,0.),(0.0273891,-0.0289902,0.),(0.0274594,-0.0290670,0.),(0.0270666,-0.0292684,0.),(0.0274594,-0.0290670,0.),(0.0275344,-0.0291389,0.),(0.0270666,-0.0292684,0.),(0.0275344,-0.0291389,0.),(0.0276142,-0.0292057,0.),(0.0270666,-0.0292684,0.),(0.0276142,-0.0292057,0.),(0.0276988,-0.0292674,0.),(0.0270666,-0.0292684,0.),(0.0276988,-0.0292674,0.),(0.0277883,-0.0293242,0.),(0.0270666,-0.0292684,0.),(0.0277883,-0.0293242,0.),(0.0278803,-0.0293753,0.),(0.0270666,-0.0292684,0.),(0.0278803,-0.0293753,0.),(0.0279729,-0.0294196,0.),(0.0270666,-0.0292684,0.),(0.0279729,-0.0294196,0.),(0.0280661,-0.0294570,0.),(0.0270666,-0.0292684,0.),(0.0280661,-0.0294570,0.),(0.0281597,-0.0294877,0.),(0.0270666,-0.0292684,0.),(0.0281597,-0.0294877,0.),(0.0282539,-0.0295116,0.),(0.0294350,-0.0297793,0.),(0.0270666,-0.0292684,0.),(0.0282539,-0.0295116,0.),(0.0294350,-0.0297793,0.),(0.0282539,-0.0295116,0.),(0.0283486,-0.0295286,0.),(0.0294350,-0.0297793,0.),(0.0283486,-0.0295286,0.),(0.0284439,-0.0295388,0.),(0.0294350,-0.0297793,0.),(0.0284439,-0.0295388,0.),(0.0285397,-0.0295422,0.),(0.0294350,-0.0297793,0.),(0.0285397,-0.0295422,0.),(0.0285460,-0.0295422,0.),(0.0294350,-0.0297793,0.),(0.0285460,-0.0295422,0.),(0.0286397,-0.0295401,0.),(0.0294350,-0.0297793,0.),(0.0286397,-0.0295401,0.),(0.0287309,-0.0295339,0.),(0.0294350,-0.0297793,0.),(0.0287309,-0.0295339,0.),(0.0288195,-0.0295235,0.),(0.0294350,-0.0297793,0.),(0.0288195,-0.0295235,0.),(0.0289056,-0.0295089,0.),(0.0294350,-0.0297793,0.),(0.0289056,-0.0295089,0.),(0.0289891,-0.0294901,0.),(0.0294350,-0.0297793,0.),(0.0289891,-0.0294901,0.),(0.0290701,-0.0294672,0.),(0.0294350,-0.0297793,0.),(0.0290701,-0.0294672,0.),(0.0291485,-0.0294401,0.),(0.0294350,-0.0297793,0.),(0.0291485,-0.0294401,0.),(0.0292244,-0.0294089,0.),(0.0272220,-0.0250538,0.),(0.0294350,-0.0297793,0.),(0.0292244,-0.0294089,0.),(0.0272220,-0.0250538,0.),(0.0292244,-0.0294089,0.),(0.0276200,-0.0266138,0.),(0.0272220,-0.0250538,0.),(0.0276200,-0.0266138,0.),(0.0274995,-0.0267167,0.),(0.0272464,-0.0270218,0.),(0.0272041,-0.0270911,0.),(0.0268358,-0.0268826,0.),(0.0272916,-0.0269553,0.),(0.0272464,-0.0270218,0.),(0.0268358,-0.0268826,0.),(0.0273901,-0.0268305,0.),(0.0272916,-0.0269553,0.),(0.0268358,-0.0268826,0.),(0.0274995,-0.0267167,0.),(0.0273901,-0.0268305,0.),(0.0268358,-0.0268826,0.),(0.0274995,-0.0267167,0.),(0.0268358,-0.0268826,0.),(0.0268937,-0.0267876,0.),(0.0274995,-0.0267167,0.),(0.0268937,-0.0267876,0.),(0.0269553,-0.0266966,0.),(0.0274995,-0.0267167,0.),(0.0269553,-0.0266966,0.),(0.0270207,-0.0266098,0.),(0.0274995,-0.0267167,0.),(0.0270207,-0.0266098,0.),(0.0270898,-0.0265270,0.),(0.0274995,-0.0267167,0.),(0.0270898,-0.0265270,0.),(0.0271625,-0.0264484,0.),(0.0274995,-0.0267167,0.),(0.0271625,-0.0264484,0.),(0.0272390,-0.0263738,0.),(0.0274995,-0.0267167,0.),(0.0272390,-0.0263738,0.),(0.0273191,-0.0263034,0.),(0.0274995,-0.0267167,0.),(0.0273191,-0.0263034,0.),(0.0274030,-0.0262370,0.),(0.0272220,-0.0250538,0.),(0.0274995,-0.0267167,0.),(0.0274030,-0.0262370,0.),(0.0272220,-0.0250538,0.),(0.0274030,-0.0262370,0.),(0.0268474,-0.0252665,0.),(0.0272220,-0.0250538,0.),(0.0268474,-0.0252665,0.),(0.0268199,-0.0251649,0.),(0.0272220,-0.0250538,0.),(0.0268199,-0.0251649,0.),(0.0268262,-0.0251046,0.),(0.0272220,-0.0250538,0.),(0.0268262,-0.0251046,0.),(0.0268654,-0.0250276,0.),(0.0272220,-0.0250538,0.),(0.0268654,-0.0250276,0.),(0.0269278,-0.0249723,0.),(0.0272220,-0.0250538,0.),(0.0269278,-0.0249723,0.),(0.0270326,-0.0249448,0.),(0.0272220,-0.0250538,0.),(0.0270326,-0.0249448,0.),(0.0270929,-0.0249522,0.),(0.0272220,-0.0250538,0.),(0.0270929,-0.0249522,0.),(0.0271654,-0.0249877,0.),(0.0417826,-0.0275769,0.),(0.0413773,-0.0275769,0.),(0.0406872,-0.0275631,0.),(0.0420250,-0.0275769,0.),(0.0417826,-0.0275769,0.),(0.0406872,-0.0275631,0.),(0.0413773,-0.0289125,0.),(0.0413773,-0.0275769,0.),(0.0417826,-0.0275769,0.),(0.0413773,-0.0289125,0.),(0.0417826,-0.0275769,0.),(0.0417826,-0.0297645,0.),(0.0406872,-0.0275631,0.),(0.0413773,-0.0289125,0.),(0.0417826,-0.0297645,0.),(0.0406872,-0.0275631,0.),(0.0417826,-0.0297645,0.),(0.0417728,-0.0298393,0.),(0.0406872,-0.0275631,0.),(0.0417728,-0.0298393,0.),(0.0417434,-0.0298968,0.),(0.0406872,-0.0275631,0.),(0.0417434,-0.0298968,0.),(0.0416344,-0.0299708,0.),(0.0406872,-0.0275631,0.),(0.0416344,-0.0299708,0.),(0.0415741,-0.0299782,0.),(0.0406872,-0.0275631,0.),(0.0415741,-0.0299782,0.),(0.0414979,-0.0299687,0.),(0.0406872,-0.0275631,0.),(0.0414979,-0.0299687,0.),(0.0413910,-0.0298851,0.),(0.0406872,-0.0275631,0.),(0.0413910,-0.0298851,0.),(0.0401136,-0.0274658,0.),(0.0420250,-0.0275769,0.),(0.0406872,-0.0275631,0.),(0.0401136,-0.0274658,0.),(0.0420250,-0.0275769,0.),(0.0401136,-0.0274658,0.),(0.0400787,-0.0273388,0.),(0.0420250,-0.0275769,0.),(0.0400787,-0.0273388,0.),(0.0401041,-0.0272509,0.),(0.0420250,-0.0275769,0.),(0.0401041,-0.0272509,0.),(0.0401811,-0.0271763,0.),(0.0420250,-0.0275769,0.),(0.0401811,-0.0271763,0.),(0.0402914,-0.0271514,0.),(0.0420250,-0.0275769,0.),(0.0402914,-0.0271514,0.),(0.0413561,-0.0271514,0.),(0.0413561,-0.0271514,0.),(0.0413561,-0.0261397,0.),(0.0413717,-0.0260563,0.),(0.0413561,-0.0271514,0.),(0.0413717,-0.0260563,0.),(0.0414185,-0.0259883,0.),(0.0413561,-0.0271514,0.),(0.0414185,-0.0259883,0.),(0.0414873,-0.0259423,0.),(0.0413561,-0.0271514,0.),(0.0414873,-0.0259423,0.),(0.0415688,-0.0259269,0.),(0.0413561,-0.0271514,0.),(0.0415688,-0.0259269,0.),(0.0416511,-0.0259423,0.),(0.0413561,-0.0271514,0.),(0.0416511,-0.0259423,0.),(0.0417202,-0.0259883,0.),(0.0413561,-0.0271514,0.),(0.0417202,-0.0259883,0.),(0.0417670,-0.0260563,0.),(0.0413561,-0.0271514,0.),(0.0417670,-0.0260563,0.),(0.0417826,-0.0261397,0.),(0.0413561,-0.0271514,0.),(0.0417826,-0.0261397,0.),(0.0417826,-0.0271514,0.),(0.0420250,-0.0275769,0.),(0.0413561,-0.0271514,0.),(0.0417826,-0.0271514,0.),(0.0420250,-0.0275769,0.),(0.0417826,-0.0271514,0.),(0.0420250,-0.0271514,0.),(0.0420250,-0.0275769,0.),(0.0420250,-0.0271514,0.),(0.0421086,-0.0271670,0.),(0.0420250,-0.0275769,0.),(0.0421086,-0.0271670,0.),(0.0421774,-0.0272139,0.),(0.0420250,-0.0275769,0.),(0.0421774,-0.0272139,0.),(0.0422234,-0.0272827,0.),(0.0420250,-0.0275769,0.),(0.0422234,-0.0272827,0.),(0.0422387,-0.0273642,0.),(0.0420250,-0.0275769,0.),(0.0422387,-0.0273642,0.),(0.0422234,-0.0274457,0.),(0.0420250,-0.0275769,0.),(0.0422234,-0.0274457,0.),(0.0421774,-0.0275144,0.),(0.0420250,-0.0275769,0.),(0.0421774,-0.0275144,0.),(0.0421086,-0.0275613,0.),(0.0390733,-0.0275769,0.),(0.0386679,-0.0275769,0.),(0.0379779,-0.0275631,0.),(0.0393156,-0.0275769,0.),(0.0390733,-0.0275769,0.),(0.0379779,-0.0275631,0.),(0.0386679,-0.0289125,0.),(0.0386679,-0.0275769,0.),(0.0390733,-0.0275769,0.),(0.0386679,-0.0289125,0.),(0.0390733,-0.0275769,0.),(0.0390733,-0.0297645,0.),(0.0379779,-0.0275631,0.),(0.0386679,-0.0289125,0.),(0.0390733,-0.0297645,0.),(0.0379779,-0.0275631,0.),(0.0390733,-0.0297645,0.),(0.0390635,-0.0298393,0.),(0.0379779,-0.0275631,0.),(0.0390635,-0.0298393,0.),(0.0390341,-0.0298968,0.),(0.0379779,-0.0275631,0.),(0.0390341,-0.0298968,0.),(0.0389251,-0.0299708,0.),(0.0379779,-0.0275631,0.),(0.0389251,-0.0299708,0.),(0.0388648,-0.0299782,0.),(0.0379779,-0.0275631,0.),(0.0388648,-0.0299782,0.),(0.0387886,-0.0299687,0.),(0.0379779,-0.0275631,0.),(0.0387886,-0.0299687,0.),(0.0386817,-0.0298851,0.),(0.0379779,-0.0275631,0.),(0.0386817,-0.0298851,0.),(0.0374043,-0.0274658,0.),(0.0393156,-0.0275769,0.),(0.0379779,-0.0275631,0.),(0.0374043,-0.0274658,0.),(0.0393156,-0.0275769,0.),(0.0374043,-0.0274658,0.),(0.0373693,-0.0273388,0.),(0.0393156,-0.0275769,0.),(0.0373693,-0.0273388,0.),(0.0373947,-0.0272509,0.),(0.0393156,-0.0275769,0.),(0.0373947,-0.0272509,0.),(0.0374717,-0.0271763,0.),(0.0393156,-0.0275769,0.),(0.0374717,-0.0271763,0.),(0.0375821,-0.0271514,0.),(0.0393156,-0.0275769,0.),(0.0375821,-0.0271514,0.),(0.0386468,-0.0271514,0.),(0.0386468,-0.0271514,0.),(0.0386468,-0.0261397,0.),(0.0386624,-0.0260563,0.),(0.0386468,-0.0271514,0.),(0.0386624,-0.0260563,0.),(0.0387092,-0.0259883,0.),(0.0386468,-0.0271514,0.),(0.0387092,-0.0259883,0.),(0.0387780,-0.0259423,0.),(0.0386468,-0.0271514,0.),(0.0387780,-0.0259423,0.),(0.0388595,-0.0259269,0.),(0.0386468,-0.0271514,0.),(0.0388595,-0.0259269,0.),(0.0389418,-0.0259423,0.),(0.0386468,-0.0271514,0.),(0.0389418,-0.0259423,0.),(0.0390108,-0.0259883,0.),(0.0386468,-0.0271514,0.),(0.0390108,-0.0259883,0.),(0.0390577,-0.0260563,0.),(0.0386468,-0.0271514,0.),(0.0390577,-0.0260563,0.),(0.0390733,-0.0261397,0.),(0.0386468,-0.0271514,0.),(0.0390733,-0.0261397,0.),(0.0390733,-0.0271514,0.),(0.0393156,-0.0275769,0.),(0.0386468,-0.0271514,0.),(0.0390733,-0.0271514,0.),(0.0393156,-0.0275769,0.),(0.0390733,-0.0271514,0.),(0.0393156,-0.0271514,0.),(0.0393156,-0.0275769,0.),(0.0393156,-0.0271514,0.),(0.0393992,-0.0271670,0.),(0.0393156,-0.0275769,0.),(0.0393992,-0.0271670,0.),(0.0394680,-0.0272139,0.),(0.0393156,-0.0275769,0.),(0.0394680,-0.0272139,0.),(0.0395141,-0.0272827,0.),(0.0393156,-0.0275769,0.),(0.0395141,-0.0272827,0.),(0.0395294,-0.0273642,0.),(0.0393156,-0.0275769,0.),(0.0395294,-0.0273642,0.),(0.0395141,-0.0274457,0.),(0.0393156,-0.0275769,0.),(0.0395141,-0.0274457,0.),(0.0394680,-0.0275144,0.),(0.0393156,-0.0275769,0.),(0.0394680,-0.0275144,0.),(0.0393992,-0.0275613,0.),(0.0327084,-0.0295380,0.),(0.0319401,-0.0261693,0.),(0.0319380,-0.0261206,0.),(0.0327084,-0.0295380,0.),(0.0319380,-0.0261206,0.),(0.0319676,-0.0260116,0.),(0.0327084,-0.0295380,0.),(0.0319676,-0.0260116,0.),(0.0320240,-0.0259494,0.),(0.0327084,-0.0295380,0.),(0.0320240,-0.0259494,0.),(0.0320999,-0.0259153,0.),(0.0327084,-0.0295380,0.),(0.0320999,-0.0259153,0.),(0.0321507,-0.0259121,0.),(0.0327084,-0.0295380,0.),(0.0321507,-0.0259121,0.),(0.0322618,-0.0259428,0.),(0.0327084,-0.0295380,0.),(0.0322618,-0.0259428,0.),(0.0323232,-0.0260002,0.),(0.0327084,-0.0295380,0.),(0.0323232,-0.0260002,0.),(0.0323550,-0.0260793,0.),(0.0327084,-0.0295380,0.),(0.0323550,-0.0260793,0.),(0.0331836,-0.0297052,0.),(0.0313241,-0.0295380,0.),(0.0327084,-0.0295380,0.),(0.0331836,-0.0297052,0.),(0.0313241,-0.0295380,0.),(0.0331836,-0.0297052,0.),(0.0331879,-0.0297560,0.),(0.0313241,-0.0295380,0.),(0.0331879,-0.0297560,0.),(0.0331424,-0.0298851,0.),(0.0313241,-0.0295380,0.),(0.0331424,-0.0298851,0.),(0.0330678,-0.0299446,0.),(0.0313241,-0.0295380,0.),(0.0330678,-0.0299446,0.),(0.0329751,-0.0299645,0.),(0.0313241,-0.0295380,0.),(0.0329751,-0.0299645,0.),(0.0313241,-0.0299645,0.),(0.0313241,-0.0295380,0.),(0.0313241,-0.0299645,0.),(0.0312427,-0.0299486,0.),(0.0313241,-0.0295380,0.),(0.0312427,-0.0299486,0.),(0.0311739,-0.0299010,0.),(0.0313241,-0.0295380,0.),(0.0311739,-0.0299010,0.),(0.0311270,-0.0298325,0.),(0.0313241,-0.0295380,0.),(0.0311270,-0.0298325,0.),(0.0311114,-0.0297518,0.),(0.0313241,-0.0295380,0.),(0.0311114,-0.0297518,0.),(0.0311270,-0.0296708,0.),(0.0313241,-0.0295380,0.),(0.0311270,-0.0296708,0.),(0.0311739,-0.0296015,0.),(0.0313241,-0.0295380,0.),(0.0311739,-0.0296015,0.),(0.0312427,-0.0295539,0.),(0.0360348,-0.0299708,0.),(0.0359173,-0.0299243,0.),(0.0353098,-0.0294226,0.),(0.0360348,-0.0299708,0.),(0.0353098,-0.0294226,0.),(0.0352522,-0.0293549,0.),(0.0360348,-0.0299708,0.),(0.0352522,-0.0293549,0.),(0.0352273,-0.0292829,0.),(0.0360348,-0.0299708,0.),(0.0352273,-0.0292829,0.),(0.0352273,-0.0292491,0.),(0.0360348,-0.0299708,0.),(0.0352273,-0.0292491,0.),(0.0352611,-0.0291210,0.),(0.0360348,-0.0299708,0.),(0.0352611,-0.0291210,0.),(0.0353204,-0.0290641,0.),(0.0360348,-0.0299708,0.),(0.0353204,-0.0290641,0.),(0.0354008,-0.0290353,0.),(0.0360348,-0.0299708,0.),(0.0354008,-0.0290353,0.),(0.0354421,-0.0290332,0.),(0.0360348,-0.0299708,0.),(0.0354421,-0.0290332,0.),(0.0355575,-0.0290702,0.),(0.0360348,-0.0299708,0.),(0.0355575,-0.0290702,0.),(0.0358284,-0.0293094,0.),(0.0360348,-0.0299708,0.),(0.0358284,-0.0293094,0.),(0.0358284,-0.0261238,0.),(0.0360348,-0.0299708,0.),(0.0358284,-0.0261238,0.),(0.0358438,-0.0260418,0.),(0.0360348,-0.0299708,0.),(0.0358438,-0.0260418,0.),(0.0358898,-0.0259735,0.),(0.0360348,-0.0299708,0.),(0.0358898,-0.0259735,0.),(0.0359581,-0.0259275,0.),(0.0360348,-0.0299708,0.),(0.0359581,-0.0259275,0.),(0.0360401,-0.0259121,0.),(0.0360348,-0.0299708,0.),(0.0360401,-0.0259121,0.),(0.0361229,-0.0259275,0.),(0.0360348,-0.0299708,0.),(0.0361229,-0.0259275,0.),(0.0361914,-0.0259735,0.),(0.0360348,-0.0299708,0.),(0.0361914,-0.0259735,0.),(0.0362375,-0.0260418,0.),(0.0360348,-0.0299708,0.),(0.0362375,-0.0260418,0.),(0.0362528,-0.0261238,0.),(0.0360348,-0.0299708,0.),(0.0362528,-0.0261238,0.),(0.0362528,-0.0297507,0.),(0.0360348,-0.0299708,0.),(0.0362528,-0.0297507,0.),(0.0362245,-0.0298639,0.),(0.0360348,-0.0299708,0.),(0.0362245,-0.0298639,0.),(0.0361396,-0.0299391,0.),(0.0336482,-0.0259426,0.),(0.0337213,-0.0258359,0.),(0.0338279,-0.0257629,0.),(0.0336482,-0.0259426,0.),(0.0338279,-0.0257629,0.),(0.0339530,-0.0257386,0.),(0.0336482,-0.0259426,0.),(0.0339530,-0.0257386,0.),(0.0340779,-0.0257629,0.),(0.0336482,-0.0259426,0.),(0.0340779,-0.0257629,0.),(0.0341838,-0.0258359,0.),(0.0336482,-0.0259426,0.),(0.0341838,-0.0258359,0.),(0.0342568,-0.0259426,0.),(0.0336482,-0.0259426,0.),(0.0342568,-0.0259426,0.),(0.0342811,-0.0260677,0.),(0.0336482,-0.0259426,0.),(0.0342811,-0.0260677,0.),(0.0342568,-0.0261929,0.),(0.0336482,-0.0259426,0.),(0.0342568,-0.0261929,0.),(0.0341838,-0.0262995,0.),(0.0336482,-0.0259426,0.),(0.0341838,-0.0262995,0.),(0.0340779,-0.0263725,0.),(0.0336482,-0.0259426,0.),(0.0340779,-0.0263725,0.),(0.0339530,-0.0263968,0.),(0.0336482,-0.0259426,0.),(0.0339530,-0.0263968,0.),(0.0338279,-0.0263725,0.),(0.0336482,-0.0259426,0.),(0.0338279,-0.0263725,0.),(0.0337213,-0.0262995,0.),(0.0336482,-0.0259426,0.),(0.0337213,-0.0262995,0.),(0.0336482,-0.0261929,0.),(0.0336482,-0.0259426,0.),(0.0336482,-0.0261929,0.),(0.0336239,-0.0260677,0.),(0.0539800,-0.0269328,0.),(0.0539854,-0.0270652,0.),(0.0539854,-0.0287553,0.),(0.0539800,-0.0269328,0.),(0.0539854,-0.0287553,0.),(0.0539801,-0.0288860,0.),(0.0539800,-0.0269328,0.),(0.0539801,-0.0288860,0.),(0.0539641,-0.0290106,0.),(0.0539800,-0.0269328,0.),(0.0539641,-0.0290106,0.),(0.0539376,-0.0291292,0.),(0.0539800,-0.0269328,0.),(0.0539376,-0.0291292,0.),(0.0539004,-0.0292419,0.),(0.0539800,-0.0269328,0.),(0.0539004,-0.0292419,0.),(0.0538527,-0.0293486,0.),(0.0539800,-0.0269328,0.),(0.0538527,-0.0293486,0.),(0.0537943,-0.0294493,0.),(0.0539800,-0.0269328,0.),(0.0537943,-0.0294493,0.),(0.0537253,-0.0295440,0.),(0.0539800,-0.0269328,0.),(0.0537253,-0.0295440,0.),(0.0536456,-0.0296327,0.),(0.0539800,-0.0269328,0.),(0.0536456,-0.0296327,0.),(0.0535690,-0.0297044,0.),(0.0539800,-0.0269328,0.),(0.0535690,-0.0297044,0.),(0.0534892,-0.0297665,0.),(0.0539800,-0.0269328,0.),(0.0534892,-0.0297665,0.),(0.0534064,-0.0298191,0.),(0.0534064,-0.0298191,0.),(0.0533205,-0.0298621,0.),(0.0532315,-0.0298955,0.),(0.0534064,-0.0298191,0.),(0.0532315,-0.0298955,0.),(0.0531394,-0.0299194,0.),(0.0534064,-0.0298191,0.),(0.0531394,-0.0299194,0.),(0.0530443,-0.0299338,0.),(0.0534064,-0.0298191,0.),(0.0530443,-0.0299338,0.),(0.0529461,-0.0299386,0.),(0.0534064,-0.0298191,0.),(0.0529461,-0.0299386,0.),(0.0528490,-0.0299338,0.),(0.0534064,-0.0298191,0.),(0.0528490,-0.0299338,0.),(0.0527546,-0.0299194,0.),(0.0534064,-0.0298191,0.),(0.0527546,-0.0299194,0.),(0.0526629,-0.0298955,0.),(0.0534064,-0.0298191,0.),(0.0526629,-0.0298955,0.),(0.0525738,-0.0298621,0.),(0.0534064,-0.0298191,0.),(0.0525738,-0.0298621,0.),(0.0524874,-0.0298191,0.),(0.0534064,-0.0298191,0.),(0.0524874,-0.0298191,0.),(0.0524038,-0.0297665,0.),(0.0534064,-0.0298191,0.),(0.0524038,-0.0297665,0.),(0.0523227,-0.0297044,0.),(0.0534064,-0.0298191,0.),(0.0523227,-0.0297044,0.),(0.0522444,-0.0296327,0.),(0.0534064,-0.0298191,0.),(0.0522444,-0.0296327,0.),(0.0521648,-0.0295457,0.),(0.0534064,-0.0298191,0.),(0.0521648,-0.0295457,0.),(0.0520958,-0.0294525,0.),(0.0534064,-0.0298191,0.),(0.0520958,-0.0294525,0.),(0.0520374,-0.0293531,0.),(0.0534064,-0.0298191,0.),(0.0520374,-0.0293531,0.),(0.0519896,-0.0292475,0.),(0.0534064,-0.0298191,0.),(0.0519896,-0.0292475,0.),(0.0519525,-0.0291356,0.),(0.0519525,-0.0291356,0.),(0.0519259,-0.0290175,0.),(0.0519100,-0.0288933,0.),(0.0519525,-0.0291356,0.),(0.0519100,-0.0288933,0.),(0.0519047,-0.0287627,0.),(0.0519525,-0.0291356,0.),(0.0519047,-0.0287627,0.),(0.0519047,-0.0287553,0.),(0.0519525,-0.0291356,0.),(0.0519047,-0.0287553,0.),(0.0519047,-0.0270609,0.),(0.0519525,-0.0291356,0.),(0.0519047,-0.0270609,0.),(0.0519100,-0.0269296,0.),(0.0519525,-0.0291356,0.),(0.0519100,-0.0269296,0.),(0.0519259,-0.0268045,0.),(0.0519525,-0.0291356,0.),(0.0519259,-0.0268045,0.),(0.0519525,-0.0266856,0.),(0.0519525,-0.0291356,0.),(0.0519525,-0.0266856,0.),(0.0519896,-0.0265728,0.),(0.0519525,-0.0291356,0.),(0.0519896,-0.0265728,0.),(0.0520374,-0.0264662,0.),(0.0519525,-0.0291356,0.),(0.0520374,-0.0264662,0.),(0.0520958,-0.0263658,0.),(0.0519525,-0.0291356,0.),(0.0520958,-0.0263658,0.),(0.0521648,-0.0262716,0.),(0.0519525,-0.0291356,0.),(0.0521648,-0.0262716,0.),(0.0522444,-0.0261836,0.),(0.0522444,-0.0261836,0.),(0.0525481,-0.0264799,0.),(0.0524542,-0.0265963,0.),(0.0522444,-0.0261836,0.),(0.0524542,-0.0265963,0.),(0.0523870,-0.0267326,0.),(0.0522444,-0.0261836,0.),(0.0523870,-0.0267326,0.),(0.0523467,-0.0268889,0.),(0.0519525,-0.0291356,0.),(0.0522444,-0.0261836,0.),(0.0523467,-0.0268889,0.),(0.0519525,-0.0291356,0.),(0.0523467,-0.0268889,0.),(0.0523367,-0.0269745,0.),(0.0519525,-0.0291356,0.),(0.0523367,-0.0269745,0.),(0.0523333,-0.0270652,0.),(0.0519525,-0.0291356,0.),(0.0523333,-0.0270652,0.),(0.0523333,-0.0287627,0.),(0.0519525,-0.0291356,0.),(0.0523333,-0.0287627,0.),(0.0523366,-0.0288511,0.),(0.0519525,-0.0291356,0.),(0.0523366,-0.0288511,0.),(0.0523466,-0.0289345,0.),(0.0519525,-0.0291356,0.),(0.0523466,-0.0289345,0.),(0.0523632,-0.0290130,0.),(0.0519525,-0.0291356,0.),(0.0523632,-0.0290130,0.),(0.0523865,-0.0290866,0.),(0.0519525,-0.0291356,0.),(0.0523865,-0.0290866,0.),(0.0524530,-0.0292192,0.),(0.0519525,-0.0291356,0.),(0.0524530,-0.0292192,0.),(0.0525460,-0.0293321,0.),(0.0519525,-0.0291356,0.),(0.0525460,-0.0293321,0.),(0.0526413,-0.0294108,0.),(0.0519525,-0.0291356,0.),(0.0526413,-0.0294108,0.),(0.0527397,-0.0294671,0.),(0.0534064,-0.0298191,0.),(0.0519525,-0.0291356,0.),(0.0527397,-0.0294671,0.),(0.0534064,-0.0298191,0.),(0.0527397,-0.0294671,0.),(0.0528413,-0.0295008,0.),(0.0534064,-0.0298191,0.),(0.0528413,-0.0295008,0.),(0.0529461,-0.0295120,0.),(0.0534064,-0.0298191,0.),(0.0529461,-0.0295120,0.),(0.0530552,-0.0295008,0.),(0.0534064,-0.0298191,0.),(0.0530552,-0.0295008,0.),(0.0531580,-0.0294671,0.),(0.0534064,-0.0298191,0.),(0.0531580,-0.0294671,0.),(0.0532547,-0.0294108,0.),(0.0534064,-0.0298191,0.),(0.0532547,-0.0294108,0.),(0.0533451,-0.0293321,0.),(0.0534064,-0.0298191,0.),(0.0533451,-0.0293321,0.),(0.0534381,-0.0292135,0.),(0.0534064,-0.0298191,0.),(0.0534381,-0.0292135,0.),(0.0535046,-0.0290779,0.),(0.0534064,-0.0298191,0.),(0.0535046,-0.0290779,0.),(0.0535445,-0.0289251,0.),(0.0539800,-0.0269328,0.),(0.0534064,-0.0298191,0.),(0.0535445,-0.0289251,0.),(0.0539800,-0.0269328,0.),(0.0535445,-0.0289251,0.),(0.0535545,-0.0288424,0.),(0.0539800,-0.0269328,0.),(0.0535545,-0.0288424,0.),(0.0535578,-0.0287553,0.),(0.0539800,-0.0269328,0.),(0.0535578,-0.0287553,0.),(0.0535578,-0.0270652,0.),(0.0539800,-0.0269328,0.),(0.0535578,-0.0270652,0.),(0.0535545,-0.0269755,0.),(0.0539800,-0.0269328,0.),(0.0535545,-0.0269755,0.),(0.0535445,-0.0268908,0.),(0.0539800,-0.0269328,0.),(0.0535445,-0.0268908,0.),(0.0535279,-0.0268108,0.),(0.0539800,-0.0269328,0.),(0.0535279,-0.0268108,0.),(0.0535046,-0.0267358,0.),(0.0539800,-0.0269328,0.),(0.0535046,-0.0267358,0.),(0.0534381,-0.0266002,0.),(0.0539800,-0.0269328,0.),(0.0534381,-0.0266002,0.),(0.0533451,-0.0264842,0.),(0.0539800,-0.0269328,0.),(0.0533451,-0.0264842,0.),(0.0532539,-0.0264064,0.),(0.0526397,-0.0264040,0.),(0.0525481,-0.0264799,0.),(0.0522444,-0.0261836,0.),(0.0527365,-0.0263497,0.),(0.0526397,-0.0264040,0.),(0.0522444,-0.0261836,0.),(0.0528387,-0.0263172,0.),(0.0527365,-0.0263497,0.),(0.0522444,-0.0261836,0.),(0.0529461,-0.0263064,0.),(0.0528387,-0.0263172,0.),(0.0522444,-0.0261836,0.),(0.0530544,-0.0263175,0.),(0.0529461,-0.0263064,0.),(0.0522444,-0.0261836,0.),(0.0530544,-0.0263175,0.),(0.0522444,-0.0261836,0.),(0.0523213,-0.0261129,0.),(0.0530544,-0.0263175,0.),(0.0523213,-0.0261129,0.),(0.0524011,-0.0260516,0.),(0.0531570,-0.0263508,0.),(0.0530544,-0.0263175,0.),(0.0524011,-0.0260516,0.),(0.0531570,-0.0263508,0.),(0.0524011,-0.0260516,0.),(0.0524839,-0.0259998,0.),(0.0531570,-0.0263508,0.),(0.0524839,-0.0259998,0.),(0.0525696,-0.0259574,0.),(0.0532539,-0.0264064,0.),(0.0531570,-0.0263508,0.),(0.0525696,-0.0259574,0.),(0.0532539,-0.0264064,0.),(0.0525696,-0.0259574,0.),(0.0526582,-0.0259244,0.),(0.0539800,-0.0269328,0.),(0.0532539,-0.0264064,0.),(0.0526582,-0.0259244,0.),(0.0539800,-0.0269328,0.),(0.0526582,-0.0259244,0.),(0.0527498,-0.0259008,0.),(0.0539800,-0.0269328,0.),(0.0527498,-0.0259008,0.),(0.0528444,-0.0258867,0.),(0.0539800,-0.0269328,0.),(0.0528444,-0.0258867,0.),(0.0529418,-0.0258820,0.),(0.0539800,-0.0269328,0.),(0.0529418,-0.0258820,0.),(0.0530410,-0.0258866,0.),(0.0539800,-0.0269328,0.),(0.0530410,-0.0258866,0.),(0.0531369,-0.0259005,0.),(0.0539800,-0.0269328,0.),(0.0531369,-0.0259005,0.),(0.0532295,-0.0259236,0.),(0.0539800,-0.0269328,0.),(0.0532295,-0.0259236,0.),(0.0533189,-0.0259560,0.),(0.0539800,-0.0269328,0.),(0.0533189,-0.0259560,0.),(0.0534050,-0.0259977,0.),(0.0539800,-0.0269328,0.),(0.0534050,-0.0259977,0.),(0.0534877,-0.0260487,0.),(0.0539800,-0.0269328,0.),(0.0534877,-0.0260487,0.),(0.0535673,-0.0261088,0.),(0.0539800,-0.0269328,0.),(0.0535673,-0.0261088,0.),(0.0536435,-0.0261783,0.),(0.0539800,-0.0269328,0.),(0.0536435,-0.0261783,0.),(0.0537236,-0.0262676,0.),(0.0539800,-0.0269328,0.),(0.0537236,-0.0262676,0.),(0.0537931,-0.0263631,0.),(0.0539800,-0.0269328,0.),(0.0537931,-0.0263631,0.),(0.0538518,-0.0264647,0.),(0.0539800,-0.0269328,0.),(0.0538518,-0.0264647,0.),(0.0538999,-0.0265725,0.),(0.0539800,-0.0269328,0.),(0.0538999,-0.0265725,0.),(0.0539373,-0.0266865,0.),(0.0539800,-0.0269328,0.),(0.0539373,-0.0266865,0.),(0.0539640,-0.0268066,0.),(0.0459717,-0.0259592,0.),(0.0460711,-0.0258502,0.),(0.0461844,-0.0258227,0.),(0.0459717,-0.0259592,0.),(0.0461844,-0.0258227,0.),(0.0462855,-0.0258481,0.),(0.0459717,-0.0259592,0.),(0.0462855,-0.0258481,0.),(0.0463622,-0.0259243,0.),(0.0459717,-0.0259592,0.),(0.0463622,-0.0259243,0.),(0.0463696,-0.0259306,0.),(0.0459717,-0.0259592,0.),(0.0463696,-0.0259306,0.),(0.0476153,-0.0280981,0.),(0.0459717,-0.0259592,0.),(0.0476153,-0.0280981,0.),(0.0476428,-0.0282050,0.),(0.0459717,-0.0259592,0.),(0.0476428,-0.0282050,0.),(0.0476150,-0.0283143,0.),(0.0459717,-0.0259592,0.),(0.0476150,-0.0283143,0.),(0.0475316,-0.0283923,0.),(0.0459717,-0.0259592,0.),(0.0475316,-0.0283923,0.),(0.0474248,-0.0284220,0.),(0.0459717,-0.0259592,0.),(0.0474248,-0.0284220,0.),(0.0473160,-0.0283942,0.),(0.0459717,-0.0259592,0.),(0.0473160,-0.0283942,0.),(0.0472395,-0.0283108,0.),(0.0459717,-0.0259592,0.),(0.0472395,-0.0283108,0.),(0.0463971,-0.0268450,0.),(0.0459717,-0.0259592,0.),(0.0463971,-0.0268450,0.),(0.0463971,-0.0294528,0.),(0.0463971,-0.0294528,0.),(0.0479836,-0.0294528,0.),(0.0480685,-0.0294687,0.),(0.0463971,-0.0294528,0.),(0.0480685,-0.0294687,0.),(0.0481391,-0.0295163,0.),(0.0463971,-0.0294528,0.),(0.0481391,-0.0295163,0.),(0.0481868,-0.0295859,0.),(0.0463971,-0.0294528,0.),(0.0481868,-0.0295859,0.),(0.0482026,-0.0296676,0.),(0.0463971,-0.0294528,0.),(0.0482026,-0.0296676,0.),(0.0481868,-0.0297496,0.),(0.0463971,-0.0294528,0.),(0.0481868,-0.0297496,0.),(0.0481391,-0.0298200,0.),(0.0463971,-0.0294528,0.),(0.0481391,-0.0298200,0.),(0.0480685,-0.0298692,0.),(0.0463971,-0.0294528,0.),(0.0480685,-0.0298692,0.),(0.0479836,-0.0298856,0.),(0.0463971,-0.0294528,0.),(0.0479836,-0.0298856,0.),(0.0461770,-0.0298856,0.),(0.0459717,-0.0259592,0.),(0.0463971,-0.0294528,0.),(0.0461770,-0.0298856,0.),(0.0461770,-0.0298856,0.),(0.0443715,-0.0298856,0.),(0.0442886,-0.0298692,0.),(0.0461770,-0.0298856,0.),(0.0442886,-0.0298692,0.),(0.0442201,-0.0298200,0.),(0.0461770,-0.0298856,0.),(0.0442201,-0.0298200,0.),(0.0441741,-0.0297496,0.),(0.0461770,-0.0298856,0.),(0.0441741,-0.0297496,0.),(0.0441587,-0.0296676,0.),(0.0461770,-0.0298856,0.),(0.0441587,-0.0296676,0.),(0.0441741,-0.0295859,0.),(0.0461770,-0.0298856,0.),(0.0441741,-0.0295859,0.),(0.0442201,-0.0295163,0.),(0.0461770,-0.0298856,0.),(0.0442201,-0.0295163,0.),(0.0442886,-0.0294687,0.),(0.0461770,-0.0298856,0.),(0.0442886,-0.0294687,0.),(0.0443715,-0.0294528,0.),(0.0461770,-0.0298856,0.),(0.0443715,-0.0294528,0.),(0.0459643,-0.0294528,0.),(0.0459717,-0.0259592,0.),(0.0461770,-0.0298856,0.),(0.0459643,-0.0294528,0.),(0.0459717,-0.0259592,0.),(0.0459643,-0.0294528,0.),(0.0459643,-0.0268408,0.),(0.0459717,-0.0259592,0.),(0.0459643,-0.0268408,0.),(0.0451081,-0.0283299,0.),(0.0459717,-0.0259592,0.),(0.0451081,-0.0283299,0.),(0.0450284,-0.0284093,0.),(0.0459717,-0.0259592,0.),(0.0450284,-0.0284093,0.),(0.0449207,-0.0284357,0.),(0.0459717,-0.0259592,0.),(0.0449207,-0.0284357,0.),(0.0448096,-0.0284082,0.),(0.0459717,-0.0259592,0.),(0.0448096,-0.0284082,0.),(0.0447279,-0.0283286,0.),(0.0459717,-0.0259592,0.),(0.0447279,-0.0283286,0.),(0.0447006,-0.0282188,0.),(0.0459717,-0.0259592,0.),(0.0447006,-0.0282188,0.),(0.0447324,-0.0281098,0.),(0.0505310,-0.0299407,0.),(0.0504135,-0.0298941,0.),(0.0498060,-0.0293925,0.),(0.0505310,-0.0299407,0.),(0.0498060,-0.0293925,0.),(0.0497483,-0.0293247,0.),(0.0505310,-0.0299407,0.),(0.0497483,-0.0293247,0.),(0.0497235,-0.0292528,0.),(0.0505310,-0.0299407,0.),(0.0497235,-0.0292528,0.),(0.0497235,-0.0292189,0.),(0.0505310,-0.0299407,0.),(0.0497235,-0.0292189,0.),(0.0497573,-0.0290908,0.),(0.0505310,-0.0299407,0.),(0.0497573,-0.0290908,0.),(0.0498166,-0.0290339,0.),(0.0505310,-0.0299407,0.),(0.0498166,-0.0290339,0.),(0.0498970,-0.0290051,0.),(0.0505310,-0.0299407,0.),(0.0498970,-0.0290051,0.),(0.0499383,-0.0290030,0.),(0.0505310,-0.0299407,0.),(0.0499383,-0.0290030,0.),(0.0500537,-0.0290400,0.),(0.0505310,-0.0299407,0.),(0.0500537,-0.0290400,0.),(0.0503246,-0.0292792,0.),(0.0505310,-0.0299407,0.),(0.0503246,-0.0292792,0.),(0.0503246,-0.0260936,0.),(0.0505310,-0.0299407,0.),(0.0503246,-0.0260936,0.),(0.0503399,-0.0260116,0.),(0.0505310,-0.0299407,0.),(0.0503399,-0.0260116,0.),(0.0503860,-0.0259433,0.),(0.0505310,-0.0299407,0.),(0.0503860,-0.0259433,0.),(0.0504542,-0.0258973,0.),(0.0505310,-0.0299407,0.),(0.0504542,-0.0258973,0.),(0.0505363,-0.0258820,0.),(0.0505310,-0.0299407,0.),(0.0505363,-0.0258820,0.),(0.0506191,-0.0258973,0.),(0.0505310,-0.0299407,0.),(0.0506191,-0.0258973,0.),(0.0506876,-0.0259433,0.),(0.0505310,-0.0299407,0.),(0.0506876,-0.0259433,0.),(0.0507336,-0.0260116,0.),(0.0505310,-0.0299407,0.),(0.0507336,-0.0260116,0.),(0.0507490,-0.0260936,0.),(0.0505310,-0.0299407,0.),(0.0507490,-0.0260936,0.),(0.0507490,-0.0297205,0.),(0.0505310,-0.0299407,0.),(0.0507490,-0.0297205,0.),(0.0507207,-0.0298338,0.),(0.0505310,-0.0299407,0.),(0.0507207,-0.0298338,0.),(0.0506357,-0.0299089,0.),(0.0219653,-0.0327023,0.),(0.0220624,-0.0326616,0.),(0.0221604,-0.0326264,0.),(0.0219653,-0.0327023,0.),(0.0221604,-0.0326264,0.),(0.0222593,-0.0325965,0.),(0.0219653,-0.0327023,0.),(0.0222593,-0.0325965,0.),(0.0223593,-0.0325721,0.),(0.0219653,-0.0327023,0.),(0.0223593,-0.0325721,0.),(0.0224602,-0.0325531,0.),(0.0219653,-0.0327023,0.),(0.0224602,-0.0325531,0.),(0.0225620,-0.0325396,0.),(0.0219653,-0.0327023,0.),(0.0225620,-0.0325396,0.),(0.0226648,-0.0325314,0.),(0.0219653,-0.0327023,0.),(0.0226648,-0.0325314,0.),(0.0227686,-0.0325287,0.),(0.0219653,-0.0327023,0.),(0.0227686,-0.0325287,0.),(0.0229044,-0.0325330,0.),(0.0219653,-0.0327023,0.),(0.0229044,-0.0325330,0.),(0.0230376,-0.0325460,0.),(0.0219653,-0.0327023,0.),(0.0230376,-0.0325460,0.),(0.0231683,-0.0325676,0.),(0.0219653,-0.0327023,0.),(0.0231683,-0.0325676,0.),(0.0232964,-0.0325978,0.),(0.0219653,-0.0327023,0.),(0.0232964,-0.0325978,0.),(0.0234220,-0.0326366,0.),(0.0219653,-0.0327023,0.),(0.0234220,-0.0326366,0.),(0.0235451,-0.0326841,0.),(0.0219653,-0.0327023,0.),(0.0235451,-0.0326841,0.),(0.0236656,-0.0327402,0.),(0.0219653,-0.0327023,0.),(0.0236656,-0.0327402,0.),(0.0237835,-0.0328050,0.),(0.0219653,-0.0327023,0.),(0.0237835,-0.0328050,0.),(0.0238971,-0.0328774,0.),(0.0219653,-0.0327023,0.),(0.0238971,-0.0328774,0.),(0.0240044,-0.0329559,0.),(0.0219653,-0.0327023,0.),(0.0240044,-0.0329559,0.),(0.0241056,-0.0330406,0.),(0.0219653,-0.0327023,0.),(0.0241056,-0.0330406,0.),(0.0242005,-0.0331314,0.),(0.0219653,-0.0327023,0.),(0.0242005,-0.0331314,0.),(0.0242892,-0.0332285,0.),(0.0242892,-0.0332285,0.),(0.0243717,-0.0333316,0.),(0.0244480,-0.0334409,0.),(0.0242892,-0.0332285,0.),(0.0244480,-0.0334409,0.),(0.0245180,-0.0335564,0.),(0.0242892,-0.0332285,0.),(0.0245180,-0.0335564,0.),(0.0245810,-0.0336761,0.),(0.0242892,-0.0332285,0.),(0.0245810,-0.0336761,0.),(0.0246356,-0.0337984,0.),(0.0242892,-0.0332285,0.),(0.0246356,-0.0337984,0.),(0.0246818,-0.0339231,0.),(0.0242892,-0.0332285,0.),(0.0246818,-0.0339231,0.),(0.0247196,-0.0340503,0.),(0.0242892,-0.0332285,0.),(0.0247196,-0.0340503,0.),(0.0247490,-0.0341800,0.),(0.0242892,-0.0332285,0.),(0.0247490,-0.0341800,0.),(0.0247700,-0.0343122,0.),(0.0242892,-0.0332285,0.),(0.0247700,-0.0343122,0.),(0.0247826,-0.0344469,0.),(0.0242892,-0.0332285,0.),(0.0247826,-0.0344469,0.),(0.0247868,-0.0345840,0.),(0.0242892,-0.0332285,0.),(0.0247868,-0.0345840,0.),(0.0247826,-0.0347156,0.),(0.0242892,-0.0332285,0.),(0.0247826,-0.0347156,0.),(0.0247700,-0.0348465,0.),(0.0242892,-0.0332285,0.),(0.0247700,-0.0348465,0.),(0.0247490,-0.0349765,0.),(0.0242892,-0.0332285,0.),(0.0247490,-0.0349765,0.),(0.0247196,-0.0351058,0.),(0.0242892,-0.0332285,0.),(0.0247196,-0.0351058,0.),(0.0246818,-0.0352342,0.),(0.0242892,-0.0332285,0.),(0.0246818,-0.0352342,0.),(0.0246356,-0.0353619,0.),(0.0246356,-0.0353619,0.),(0.0242438,-0.0352204,0.),(0.0242804,-0.0351225,0.),(0.0246356,-0.0353619,0.),(0.0242804,-0.0351225,0.),(0.0243103,-0.0350214,0.),(0.0246356,-0.0353619,0.),(0.0243103,-0.0350214,0.),(0.0243336,-0.0349169,0.),(0.0246356,-0.0353619,0.),(0.0243336,-0.0349169,0.),(0.0243502,-0.0348092,0.),(0.0246356,-0.0353619,0.),(0.0243502,-0.0348092,0.),(0.0243602,-0.0346983,0.),(0.0246356,-0.0353619,0.),(0.0243602,-0.0346983,0.),(0.0243635,-0.0345840,0.),(0.0246356,-0.0353619,0.),(0.0243635,-0.0345840,0.),(0.0243601,-0.0344740,0.),(0.0242892,-0.0332285,0.),(0.0246356,-0.0353619,0.),(0.0243601,-0.0344740,0.),(0.0242892,-0.0332285,0.),(0.0243601,-0.0344740,0.),(0.0243501,-0.0343661,0.),(0.0242892,-0.0332285,0.),(0.0243501,-0.0343661,0.),(0.0243333,-0.0342605,0.),(0.0242892,-0.0332285,0.),(0.0243333,-0.0342605,0.),(0.0243098,-0.0341570,0.),(0.0242892,-0.0332285,0.),(0.0243098,-0.0341570,0.),(0.0242796,-0.0340557,0.),(0.0242892,-0.0332285,0.),(0.0242796,-0.0340557,0.),(0.0242426,-0.0339566,0.),(0.0242892,-0.0332285,0.),(0.0242426,-0.0339566,0.),(0.0241990,-0.0338596,0.),(0.0242892,-0.0332285,0.),(0.0241990,-0.0338596,0.),(0.0241486,-0.0337649,0.),(0.0242892,-0.0332285,0.),(0.0241486,-0.0337649,0.),(0.0240928,-0.0336736,0.),(0.0242892,-0.0332285,0.),(0.0240928,-0.0336736,0.),(0.0240322,-0.0335873,0.),(0.0242892,-0.0332285,0.),(0.0240322,-0.0335873,0.),(0.0239667,-0.0335059,0.),(0.0242892,-0.0332285,0.),(0.0239667,-0.0335059,0.),(0.0238965,-0.0334294,0.),(0.0242892,-0.0332285,0.),(0.0238965,-0.0334294,0.),(0.0238215,-0.0333577,0.),(0.0242892,-0.0332285,0.),(0.0238215,-0.0333577,0.),(0.0237417,-0.0332910,0.),(0.0242892,-0.0332285,0.),(0.0237417,-0.0332910,0.),(0.0236570,-0.0332291,0.),(0.0242892,-0.0332285,0.),(0.0236570,-0.0332291,0.),(0.0235676,-0.0331722,0.),(0.0242892,-0.0332285,0.),(0.0235676,-0.0331722,0.),(0.0234750,-0.0331211,0.),(0.0242892,-0.0332285,0.),(0.0234750,-0.0331211,0.),(0.0233804,-0.0330768,0.),(0.0242892,-0.0332285,0.),(0.0233804,-0.0330768,0.),(0.0232836,-0.0330393,0.),(0.0242892,-0.0332285,0.),(0.0232836,-0.0330393,0.),(0.0231848,-0.0330087,0.),(0.0219653,-0.0327023,0.),(0.0242892,-0.0332285,0.),(0.0231848,-0.0330087,0.),(0.0219653,-0.0327023,0.),(0.0231848,-0.0330087,0.),(0.0230838,-0.0329848,0.),(0.0219653,-0.0327023,0.),(0.0230838,-0.0329848,0.),(0.0229808,-0.0329678,0.),(0.0219653,-0.0327023,0.),(0.0229808,-0.0329678,0.),(0.0228758,-0.0329576,0.),(0.0219653,-0.0327023,0.),(0.0228758,-0.0329576,0.),(0.0227686,-0.0329542,0.),(0.0219653,-0.0327023,0.),(0.0227686,-0.0329542,0.),(0.0226150,-0.0329613,0.),(0.0219653,-0.0327023,0.),(0.0226150,-0.0329613,0.),(0.0224654,-0.0329825,0.),(0.0219653,-0.0327023,0.),(0.0224654,-0.0329825,0.),(0.0223197,-0.0330179,0.),(0.0219653,-0.0327023,0.),(0.0223197,-0.0330179,0.),(0.0221780,-0.0330674,0.),(0.0219653,-0.0327023,0.),(0.0221780,-0.0330674,0.),(0.0237751,-0.0358508,0.),(0.0214044,-0.0317276,0.),(0.0219653,-0.0327023,0.),(0.0237751,-0.0358508,0.),(0.0242006,-0.0353150,0.),(0.0242438,-0.0352204,0.),(0.0246356,-0.0353619,0.),(0.0241508,-0.0354063,0.),(0.0242006,-0.0353150,0.),(0.0246356,-0.0353619,0.),(0.0240828,-0.0355103,0.),(0.0241508,-0.0354063,0.),(0.0246356,-0.0353619,0.),(0.0239976,-0.0356191,0.),(0.0240828,-0.0355103,0.),(0.0246356,-0.0353619,0.),(0.0239484,-0.0356752,0.),(0.0239976,-0.0356191,0.),(0.0246356,-0.0353619,0.),(0.0238950,-0.0357326,0.),(0.0239484,-0.0356752,0.),(0.0246356,-0.0353619,0.),(0.0238372,-0.0357911,0.),(0.0238950,-0.0357326,0.),(0.0246356,-0.0353619,0.),(0.0237751,-0.0358508,0.),(0.0238372,-0.0357911,0.),(0.0246356,-0.0353619,0.),(0.0237751,-0.0358508,0.),(0.0246356,-0.0353619,0.),(0.0245810,-0.0354888,0.),(0.0237751,-0.0358508,0.),(0.0245810,-0.0354888,0.),(0.0245180,-0.0356148,0.),(0.0237751,-0.0358508,0.),(0.0245180,-0.0356148,0.),(0.0244678,-0.0357015,0.),(0.0237751,-0.0358508,0.),(0.0244678,-0.0357015,0.),(0.0244130,-0.0357850,0.),(0.0237751,-0.0358508,0.),(0.0244130,-0.0357850,0.),(0.0243536,-0.0358651,0.),(0.0237751,-0.0358508,0.),(0.0243536,-0.0358651,0.),(0.0242897,-0.0359419,0.),(0.0237751,-0.0358508,0.),(0.0242897,-0.0359419,0.),(0.0242211,-0.0360153,0.),(0.0237751,-0.0358508,0.),(0.0242211,-0.0360153,0.),(0.0241479,-0.0360855,0.),(0.0237751,-0.0358508,0.),(0.0241479,-0.0360855,0.),(0.0240701,-0.0361524,0.),(0.0237751,-0.0358508,0.),(0.0240701,-0.0361524,0.),(0.0239878,-0.0362160,0.),(0.0237751,-0.0358508,0.),(0.0239878,-0.0362160,0.),(0.0245296,-0.0371685,0.),(0.0214044,-0.0317276,0.),(0.0237751,-0.0358508,0.),(0.0245296,-0.0371685,0.),(0.0214044,-0.0317276,0.),(0.0245296,-0.0371685,0.),(0.0245582,-0.0372722,0.),(0.0214044,-0.0317276,0.),(0.0245582,-0.0372722,0.),(0.0245508,-0.0373325,0.),(0.0214044,-0.0317276,0.),(0.0245508,-0.0373325,0.),(0.0245122,-0.0374076,0.),(0.0214044,-0.0317276,0.),(0.0245122,-0.0374076,0.),(0.0244471,-0.0374616,0.),(0.0214044,-0.0317276,0.),(0.0244471,-0.0374616,0.),(0.0243444,-0.0374923,0.),(0.0214044,-0.0317276,0.),(0.0243444,-0.0374923,0.),(0.0242841,-0.0374849,0.),(0.0214044,-0.0317276,0.),(0.0242841,-0.0374849,0.),(0.0242084,-0.0374463,0.),(0.0214044,-0.0317276,0.),(0.0242084,-0.0374463,0.),(0.0241529,-0.0373812,0.),(0.0214044,-0.0317276,0.),(0.0241529,-0.0373812,0.),(0.0236174,-0.0364530,0.),(0.0236174,-0.0364530,0.),(0.0235168,-0.0364974,0.),(0.0234128,-0.0365359,0.),(0.0236174,-0.0364530,0.),(0.0234128,-0.0365359,0.),(0.0233056,-0.0365685,0.),(0.0236174,-0.0364530,0.),(0.0233056,-0.0365685,0.),(0.0231951,-0.0365951,0.),(0.0236174,-0.0364530,0.),(0.0231951,-0.0365951,0.),(0.0230813,-0.0366158,0.),(0.0236174,-0.0364530,0.),(0.0230813,-0.0366158,0.),(0.0229641,-0.0366306,0.),(0.0236174,-0.0364530,0.),(0.0229641,-0.0366306,0.),(0.0228437,-0.0366395,0.),(0.0236174,-0.0364530,0.),(0.0228437,-0.0366395,0.),(0.0227199,-0.0366425,0.),(0.0236174,-0.0364530,0.),(0.0227199,-0.0366425,0.),(0.0225953,-0.0366381,0.),(0.0236174,-0.0364530,0.),(0.0225953,-0.0366381,0.),(0.0224718,-0.0366251,0.),(0.0236174,-0.0364530,0.),(0.0224718,-0.0366251,0.),(0.0223494,-0.0366035,0.),(0.0236174,-0.0364530,0.),(0.0223494,-0.0366035,0.),(0.0222280,-0.0365731,0.),(0.0236174,-0.0364530,0.),(0.0222280,-0.0365731,0.),(0.0221078,-0.0365342,0.),(0.0236174,-0.0364530,0.),(0.0221078,-0.0365342,0.),(0.0219887,-0.0364865,0.),(0.0236174,-0.0364530,0.),(0.0219887,-0.0364865,0.),(0.0218706,-0.0364302,0.),(0.0236174,-0.0364530,0.),(0.0218706,-0.0364302,0.),(0.0217536,-0.0363652,0.),(0.0236174,-0.0364530,0.),(0.0217536,-0.0363652,0.),(0.0216405,-0.0362930,0.),(0.0236174,-0.0364530,0.),(0.0216405,-0.0362930,0.),(0.0215335,-0.0362146,0.),(0.0236174,-0.0364530,0.),(0.0215335,-0.0362146,0.),(0.0214326,-0.0361300,0.),(0.0236174,-0.0364530,0.),(0.0214326,-0.0361300,0.),(0.0213377,-0.0360392,0.),(0.0236174,-0.0364530,0.),(0.0213377,-0.0360392,0.),(0.0212489,-0.0359422,0.),(0.0212489,-0.0359422,0.),(0.0211663,-0.0358389,0.),(0.0210897,-0.0357295,0.),(0.0212489,-0.0359422,0.),(0.0210897,-0.0357295,0.),(0.0210192,-0.0356138,0.),(0.0212489,-0.0359422,0.),(0.0210192,-0.0356138,0.),(0.0209559,-0.0354940,0.),(0.0212489,-0.0359422,0.),(0.0209559,-0.0354940,0.),(0.0209011,-0.0353716,0.),(0.0212489,-0.0359422,0.),(0.0209011,-0.0353716,0.),(0.0208547,-0.0352467,0.),(0.0212489,-0.0359422,0.),(0.0208547,-0.0352467,0.),(0.0208167,-0.0351193,0.),(0.0212489,-0.0359422,0.),(0.0208167,-0.0351193,0.),(0.0207872,-0.0349893,0.),(0.0212489,-0.0359422,0.),(0.0207872,-0.0349893,0.),(0.0207661,-0.0348567,0.),(0.0212489,-0.0359422,0.),(0.0207661,-0.0348567,0.),(0.0207535,-0.0347216,0.),(0.0212489,-0.0359422,0.),(0.0207535,-0.0347216,0.),(0.0207493,-0.0345840,0.),(0.0212489,-0.0359422,0.),(0.0207493,-0.0345840,0.),(0.0207535,-0.0344459,0.),(0.0212489,-0.0359422,0.),(0.0207535,-0.0344459,0.),(0.0207661,-0.0343106,0.),(0.0212489,-0.0359422,0.),(0.0207661,-0.0343106,0.),(0.0207871,-0.0341781,0.),(0.0212489,-0.0359422,0.),(0.0207871,-0.0341781,0.),(0.0208165,-0.0340482,0.),(0.0212489,-0.0359422,0.),(0.0208165,-0.0340482,0.),(0.0208543,-0.0339211,0.),(0.0212489,-0.0359422,0.),(0.0208543,-0.0339211,0.),(0.0209005,-0.0337968,0.),(0.0212489,-0.0359422,0.),(0.0209005,-0.0337968,0.),(0.0209551,-0.0336752,0.),(0.0212489,-0.0359422,0.),(0.0209551,-0.0336752,0.),(0.0210181,-0.0335564,0.),(0.0210181,-0.0335564,0.),(0.0213864,-0.0337649,0.),(0.0213370,-0.0338596,0.),(0.0210181,-0.0335564,0.),(0.0213370,-0.0338596,0.),(0.0212943,-0.0339565,0.),(0.0210181,-0.0335564,0.),(0.0212943,-0.0339565,0.),(0.0212581,-0.0340555,0.),(0.0210181,-0.0335564,0.),(0.0212581,-0.0340555,0.),(0.0212284,-0.0341567,0.),(0.0210181,-0.0335564,0.),(0.0212284,-0.0341567,0.),(0.0212054,-0.0342600,0.),(0.0210181,-0.0335564,0.),(0.0212054,-0.0342600,0.),(0.0211890,-0.0343655,0.),(0.0210181,-0.0335564,0.),(0.0211890,-0.0343655,0.),(0.0211791,-0.0344732,0.),(0.0210181,-0.0335564,0.),(0.0211791,-0.0344732,0.),(0.0211758,-0.0345830,0.),(0.0210181,-0.0335564,0.),(0.0211758,-0.0345830,0.),(0.0211791,-0.0346928,0.),(0.0212489,-0.0359422,0.),(0.0210181,-0.0335564,0.),(0.0211791,-0.0346928,0.),(0.0212489,-0.0359422,0.),(0.0211791,-0.0346928,0.),(0.0211892,-0.0348005,0.),(0.0212489,-0.0359422,0.),(0.0211892,-0.0348005,0.),(0.0212059,-0.0349062,0.),(0.0212489,-0.0359422,0.),(0.0212059,-0.0349062,0.),(0.0212292,-0.0350097,0.),(0.0212489,-0.0359422,0.),(0.0212292,-0.0350097,0.),(0.0212593,-0.0351112,0.),(0.0212489,-0.0359422,0.),(0.0212593,-0.0351112,0.),(0.0212960,-0.0352106,0.),(0.0212489,-0.0359422,0.),(0.0212960,-0.0352106,0.),(0.0213395,-0.0353079,0.),(0.0212489,-0.0359422,0.),(0.0213395,-0.0353079,0.),(0.0213896,-0.0354032,0.),(0.0212489,-0.0359422,0.),(0.0213896,-0.0354032,0.),(0.0214454,-0.0354951,0.),(0.0212489,-0.0359422,0.),(0.0214454,-0.0354951,0.),(0.0215061,-0.0355820,0.),(0.0212489,-0.0359422,0.),(0.0215061,-0.0355820,0.),(0.0215715,-0.0356639,0.),(0.0212489,-0.0359422,0.),(0.0215715,-0.0356639,0.),(0.0216417,-0.0357408,0.),(0.0212489,-0.0359422,0.),(0.0216417,-0.0357408,0.),(0.0217167,-0.0358126,0.),(0.0212489,-0.0359422,0.),(0.0217167,-0.0358126,0.),(0.0217966,-0.0358794,0.),(0.0212489,-0.0359422,0.),(0.0217966,-0.0358794,0.),(0.0218812,-0.0359412,0.),(0.0212489,-0.0359422,0.),(0.0218812,-0.0359412,0.),(0.0219706,-0.0359979,0.),(0.0212489,-0.0359422,0.),(0.0219706,-0.0359979,0.),(0.0220627,-0.0360490,0.),(0.0212489,-0.0359422,0.),(0.0220627,-0.0360490,0.),(0.0221553,-0.0360933,0.),(0.0212489,-0.0359422,0.),(0.0221553,-0.0360933,0.),(0.0222484,-0.0361308,0.),(0.0212489,-0.0359422,0.),(0.0222484,-0.0361308,0.),(0.0223421,-0.0361615,0.),(0.0212489,-0.0359422,0.),(0.0223421,-0.0361615,0.),(0.0224363,-0.0361853,0.),(0.0236174,-0.0364530,0.),(0.0212489,-0.0359422,0.),(0.0224363,-0.0361853,0.),(0.0236174,-0.0364530,0.),(0.0224363,-0.0361853,0.),(0.0225310,-0.0362023,0.),(0.0236174,-0.0364530,0.),(0.0225310,-0.0362023,0.),(0.0226262,-0.0362126,0.),(0.0236174,-0.0364530,0.),(0.0226262,-0.0362126,0.),(0.0227220,-0.0362160,0.),(0.0236174,-0.0364530,0.),(0.0227220,-0.0362160,0.),(0.0227284,-0.0362160,0.),(0.0236174,-0.0364530,0.),(0.0227284,-0.0362160,0.),(0.0228221,-0.0362139,0.),(0.0236174,-0.0364530,0.),(0.0228221,-0.0362139,0.),(0.0229132,-0.0362076,0.),(0.0236174,-0.0364530,0.),(0.0229132,-0.0362076,0.),(0.0230019,-0.0361972,0.),(0.0236174,-0.0364530,0.),(0.0230019,-0.0361972,0.),(0.0230879,-0.0361826,0.),(0.0236174,-0.0364530,0.),(0.0230879,-0.0361826,0.),(0.0231715,-0.0361639,0.),(0.0236174,-0.0364530,0.),(0.0231715,-0.0361639,0.),(0.0232524,-0.0361410,0.),(0.0236174,-0.0364530,0.),(0.0232524,-0.0361410,0.),(0.0233309,-0.0361139,0.),(0.0236174,-0.0364530,0.),(0.0233309,-0.0361139,0.),(0.0234068,-0.0360826,0.),(0.0214044,-0.0317276,0.),(0.0236174,-0.0364530,0.),(0.0234068,-0.0360826,0.),(0.0214044,-0.0317276,0.),(0.0234068,-0.0360826,0.),(0.0218023,-0.0332876,0.),(0.0214044,-0.0317276,0.),(0.0218023,-0.0332876,0.),(0.0216819,-0.0333904,0.),(0.0214288,-0.0336956,0.),(0.0213864,-0.0337649,0.),(0.0210181,-0.0335564,0.),(0.0214739,-0.0336291,0.),(0.0214288,-0.0336956,0.),(0.0210181,-0.0335564,0.),(0.0215724,-0.0335042,0.),(0.0214739,-0.0336291,0.),(0.0210181,-0.0335564,0.),(0.0216819,-0.0333904,0.),(0.0215724,-0.0335042,0.),(0.0210181,-0.0335564,0.),(0.0216819,-0.0333904,0.),(0.0210181,-0.0335564,0.),(0.0210760,-0.0334613,0.),(0.0216819,-0.0333904,0.),(0.0210760,-0.0334613,0.),(0.0211377,-0.0333704,0.),(0.0216819,-0.0333904,0.),(0.0211377,-0.0333704,0.),(0.0212030,-0.0332835,0.),(0.0216819,-0.0333904,0.),(0.0212030,-0.0332835,0.),(0.0212721,-0.0332008,0.),(0.0216819,-0.0333904,0.),(0.0212721,-0.0332008,0.),(0.0213449,-0.0331221,0.),(0.0216819,-0.0333904,0.),(0.0213449,-0.0331221,0.),(0.0214213,-0.0330476,0.),(0.0216819,-0.0333904,0.),(0.0214213,-0.0330476,0.),(0.0215015,-0.0329771,0.),(0.0216819,-0.0333904,0.),(0.0215015,-0.0329771,0.),(0.0215854,-0.0329108,0.),(0.0214044,-0.0317276,0.),(0.0216819,-0.0333904,0.),(0.0215854,-0.0329108,0.),(0.0214044,-0.0317276,0.),(0.0215854,-0.0329108,0.),(0.0210297,-0.0319403,0.),(0.0214044,-0.0317276,0.),(0.0210297,-0.0319403,0.),(0.0210022,-0.0318387,0.),(0.0214044,-0.0317276,0.),(0.0210022,-0.0318387,0.),(0.0210086,-0.0317784,0.),(0.0214044,-0.0317276,0.),(0.0210086,-0.0317784,0.),(0.0210477,-0.0317014,0.),(0.0214044,-0.0317276,0.),(0.0210477,-0.0317014,0.),(0.0211102,-0.0316461,0.),(0.0214044,-0.0317276,0.),(0.0211102,-0.0316461,0.),(0.0212149,-0.0316186,0.),(0.0214044,-0.0317276,0.),(0.0212149,-0.0316186,0.),(0.0212753,-0.0316260,0.),(0.0214044,-0.0317276,0.),(0.0212753,-0.0316260,0.),(0.0213478,-0.0316614,0.),(0.0309569,-0.0336441,0.),(0.0309622,-0.0337786,0.),(0.0309609,-0.0338819,0.),(0.0309569,-0.0336441,0.),(0.0309609,-0.0338819,0.),(0.0309570,-0.0339811,0.),(0.0309569,-0.0336441,0.),(0.0309570,-0.0339811,0.),(0.0309506,-0.0340763,0.),(0.0309569,-0.0336441,0.),(0.0309506,-0.0340763,0.),(0.0309416,-0.0341675,0.),(0.0309569,-0.0336441,0.),(0.0309416,-0.0341675,0.),(0.0309300,-0.0342546,0.),(0.0309569,-0.0336441,0.),(0.0309300,-0.0342546,0.),(0.0309158,-0.0343377,0.),(0.0309569,-0.0336441,0.),(0.0309158,-0.0343377,0.),(0.0308990,-0.0344167,0.),(0.0309569,-0.0336441,0.),(0.0308990,-0.0344167,0.),(0.0308796,-0.0344917,0.),(0.0309569,-0.0336441,0.),(0.0308796,-0.0344917,0.),(0.0308332,-0.0346295,0.),(0.0309569,-0.0336441,0.),(0.0308332,-0.0346295,0.),(0.0307765,-0.0347512,0.),(0.0309569,-0.0336441,0.),(0.0307765,-0.0347512,0.),(0.0307094,-0.0348566,0.),(0.0309569,-0.0336441,0.),(0.0307094,-0.0348566,0.),(0.0306320,-0.0349460,0.),(0.0309569,-0.0336441,0.),(0.0306320,-0.0349460,0.),(0.0305525,-0.0350154,0.),(0.0309569,-0.0336441,0.),(0.0305525,-0.0350154,0.),(0.0304707,-0.0350756,0.),(0.0309569,-0.0336441,0.),(0.0304707,-0.0350756,0.),(0.0303865,-0.0351265,0.),(0.0309569,-0.0336441,0.),(0.0303865,-0.0351265,0.),(0.0302999,-0.0351682,0.),(0.0309569,-0.0336441,0.),(0.0302999,-0.0351682,0.),(0.0302111,-0.0352006,0.),(0.0309569,-0.0336441,0.),(0.0302111,-0.0352006,0.),(0.0301198,-0.0352238,0.),(0.0309569,-0.0336441,0.),(0.0301198,-0.0352238,0.),(0.0300263,-0.0352377,0.),(0.0300263,-0.0352377,0.),(0.0299303,-0.0352423,0.),(0.0298417,-0.0352387,0.),(0.0300263,-0.0352377,0.),(0.0298417,-0.0352387,0.),(0.0297562,-0.0352281,0.),(0.0300263,-0.0352377,0.),(0.0297562,-0.0352281,0.),(0.0296739,-0.0352103,0.),(0.0300263,-0.0352377,0.),(0.0296739,-0.0352103,0.),(0.0295948,-0.0351854,0.),(0.0300263,-0.0352377,0.),(0.0295948,-0.0351854,0.),(0.0295189,-0.0351534,0.),(0.0300263,-0.0352377,0.),(0.0295189,-0.0351534,0.),(0.0294461,-0.0351143,0.),(0.0300263,-0.0352377,0.),(0.0294461,-0.0351143,0.),(0.0293765,-0.0350681,0.),(0.0300263,-0.0352377,0.),(0.0293765,-0.0350681,0.),(0.0293101,-0.0350148,0.),(0.0304211,-0.0359157,0.),(0.0304881,-0.0357768,0.),(0.0305711,-0.0356815,0.),(0.0304211,-0.0359157,0.),(0.0305711,-0.0356815,0.),(0.0306870,-0.0356286,0.),(0.0303261,-0.0360360,0.),(0.0304211,-0.0359157,0.),(0.0306870,-0.0356286,0.),(0.0303261,-0.0360360,0.),(0.0306870,-0.0356286,0.),(0.0307630,-0.0356601,0.),(0.0303261,-0.0360360,0.),(0.0307630,-0.0356601,0.),(0.0308238,-0.0357061,0.),(0.0302331,-0.0361148,0.),(0.0303261,-0.0360360,0.),(0.0308238,-0.0357061,0.),(0.0302331,-0.0361148,0.),(0.0308238,-0.0357061,0.),(0.0308998,-0.0358413,0.),(0.0301348,-0.0361710,0.),(0.0302331,-0.0361148,0.),(0.0308998,-0.0358413,0.),(0.0301348,-0.0361710,0.),(0.0308998,-0.0358413,0.),(0.0308934,-0.0359154,0.),(0.0301348,-0.0361710,0.),(0.0308934,-0.0359154,0.),(0.0308443,-0.0360322,0.),(0.0300315,-0.0362047,0.),(0.0301348,-0.0361710,0.),(0.0308443,-0.0360322,0.),(0.0300315,-0.0362047,0.),(0.0308443,-0.0360322,0.),(0.0307828,-0.0361413,0.),(0.0299229,-0.0362160,0.),(0.0300315,-0.0362047,0.),(0.0307828,-0.0361413,0.),(0.0299229,-0.0362160,0.),(0.0307828,-0.0361413,0.),(0.0307089,-0.0362428,0.),(0.0299229,-0.0362160,0.),(0.0307089,-0.0362428,0.),(0.0306225,-0.0363366,0.),(0.0298276,-0.0362040,0.),(0.0299229,-0.0362160,0.),(0.0306225,-0.0363366,0.),(0.0298276,-0.0362040,0.),(0.0306225,-0.0363366,0.),(0.0305458,-0.0364083,0.),(0.0298276,-0.0362040,0.),(0.0305458,-0.0364083,0.),(0.0304660,-0.0364704,0.),(0.0297269,-0.0361681,0.),(0.0298276,-0.0362040,0.),(0.0304660,-0.0364704,0.),(0.0297269,-0.0361681,0.),(0.0304660,-0.0364704,0.),(0.0303832,-0.0365230,0.),(0.0297269,-0.0361681,0.),(0.0303832,-0.0365230,0.),(0.0302973,-0.0365660,0.),(0.0296207,-0.0361082,0.),(0.0297269,-0.0361681,0.),(0.0302973,-0.0365660,0.),(0.0296207,-0.0361082,0.),(0.0302973,-0.0365660,0.),(0.0302083,-0.0365995,0.),(0.0295091,-0.0360244,0.),(0.0296207,-0.0361082,0.),(0.0302083,-0.0365995,0.),(0.0295091,-0.0360244,0.),(0.0302083,-0.0365995,0.),(0.0301163,-0.0366234,0.),(0.0295091,-0.0360244,0.),(0.0301163,-0.0366234,0.),(0.0300211,-0.0366377,0.),(0.0294221,-0.0359281,0.),(0.0295091,-0.0360244,0.),(0.0300211,-0.0366377,0.),(0.0294221,-0.0359281,0.),(0.0300211,-0.0366377,0.),(0.0299229,-0.0366425,0.),(0.0294221,-0.0359281,0.),(0.0299229,-0.0366425,0.),(0.0298378,-0.0366379,0.),(0.0294221,-0.0359281,0.),(0.0298378,-0.0366379,0.),(0.0297523,-0.0366241,0.),(0.0293599,-0.0358011,0.),(0.0294221,-0.0359281,0.),(0.0297523,-0.0366241,0.),(0.0293599,-0.0358011,0.),(0.0297523,-0.0366241,0.),(0.0296663,-0.0366011,0.),(0.0293599,-0.0358011,0.),(0.0296663,-0.0366011,0.),(0.0295800,-0.0365689,0.),(0.0293381,-0.0357261,0.),(0.0293599,-0.0358011,0.),(0.0295800,-0.0365689,0.),(0.0293381,-0.0357261,0.),(0.0295800,-0.0365689,0.),(0.0294933,-0.0365275,0.),(0.0293381,-0.0357261,0.),(0.0294933,-0.0365275,0.),(0.0294062,-0.0364770,0.),(0.0293226,-0.0356434,0.),(0.0293381,-0.0357261,0.),(0.0294062,-0.0364770,0.),(0.0293132,-0.0355530,0.),(0.0293226,-0.0356434,0.),(0.0294062,-0.0364770,0.),(0.0293132,-0.0355530,0.),(0.0294062,-0.0364770,0.),(0.0293187,-0.0364172,0.),(0.0293101,-0.0354550,0.),(0.0293132,-0.0355530,0.),(0.0293187,-0.0364172,0.),(0.0293101,-0.0354550,0.),(0.0293187,-0.0364172,0.),(0.0292308,-0.0363483,0.),(0.0293101,-0.0350148,0.),(0.0293101,-0.0354550,0.),(0.0292308,-0.0363483,0.),(0.0293101,-0.0350148,0.),(0.0292308,-0.0363483,0.),(0.0291489,-0.0362717,0.),(0.0293101,-0.0350148,0.),(0.0291489,-0.0362717,0.),(0.0290780,-0.0361856,0.),(0.0293101,-0.0350148,0.),(0.0290780,-0.0361856,0.),(0.0290179,-0.0360898,0.),(0.0293101,-0.0350148,0.),(0.0290179,-0.0360898,0.),(0.0289688,-0.0359845,0.),(0.0293101,-0.0350148,0.),(0.0289688,-0.0359845,0.),(0.0289306,-0.0358694,0.),(0.0293101,-0.0350148,0.),(0.0289306,-0.0358694,0.),(0.0289033,-0.0357448,0.),(0.0293101,-0.0350148,0.),(0.0289033,-0.0357448,0.),(0.0288870,-0.0356105,0.),(0.0293101,-0.0350148,0.),(0.0288870,-0.0356105,0.),(0.0288815,-0.0354667,0.),(0.0293101,-0.0350148,0.),(0.0288815,-0.0354667,0.),(0.0288815,-0.0341469,0.),(0.0300263,-0.0352377,0.),(0.0293101,-0.0350148,0.),(0.0288815,-0.0341469,0.),(0.0288815,-0.0341469,0.),(0.0292773,-0.0341533,0.),(0.0292928,-0.0342786,0.),(0.0288815,-0.0341469,0.),(0.0292928,-0.0342786,0.),(0.0293392,-0.0344014,0.),(0.0288815,-0.0341469,0.),(0.0293392,-0.0344014,0.),(0.0294166,-0.0345220,0.),(0.0300263,-0.0352377,0.),(0.0288815,-0.0341469,0.),(0.0294166,-0.0345220,0.),(0.0300263,-0.0352377,0.),(0.0294166,-0.0345220,0.),(0.0295250,-0.0346401,0.),(0.0300263,-0.0352377,0.),(0.0295250,-0.0346401,0.),(0.0296206,-0.0347179,0.),(0.0300263,-0.0352377,0.),(0.0296206,-0.0347179,0.),(0.0297200,-0.0347735,0.),(0.0300263,-0.0352377,0.),(0.0297200,-0.0347735,0.),(0.0298232,-0.0348068,0.),(0.0300263,-0.0352377,0.),(0.0298232,-0.0348068,0.),(0.0299303,-0.0348179,0.),(0.0300263,-0.0352377,0.),(0.0299303,-0.0348179,0.),(0.0300360,-0.0348068,0.),(0.0300263,-0.0352377,0.),(0.0300360,-0.0348068,0.),(0.0301383,-0.0347735,0.),(0.0300263,-0.0352377,0.),(0.0301383,-0.0347735,0.),(0.0302371,-0.0347179,0.),(0.0300263,-0.0352377,0.),(0.0302371,-0.0347179,0.),(0.0303325,-0.0346401,0.),(0.0300263,-0.0352377,0.),(0.0303325,-0.0346401,0.),(0.0304209,-0.0345115,0.),(0.0309569,-0.0336441,0.),(0.0300263,-0.0352377,0.),(0.0304209,-0.0345115,0.),(0.0309569,-0.0336441,0.),(0.0304209,-0.0345115,0.),(0.0304557,-0.0344254,0.),(0.0309569,-0.0336441,0.),(0.0304557,-0.0344254,0.),(0.0304841,-0.0343247,0.),(0.0309569,-0.0336441,0.),(0.0304841,-0.0343247,0.),(0.0305062,-0.0342095,0.),(0.0309569,-0.0336441,0.),(0.0305062,-0.0342095,0.),(0.0305220,-0.0340797,0.),(0.0309569,-0.0336441,0.),(0.0305220,-0.0340797,0.),(0.0305315,-0.0339354,0.),(0.0309569,-0.0336441,0.),(0.0305315,-0.0339354,0.),(0.0305346,-0.0337765,0.),(0.0309569,-0.0336441,0.),(0.0305346,-0.0337765,0.),(0.0305313,-0.0336851,0.),(0.0309569,-0.0336441,0.),(0.0305313,-0.0336851,0.),(0.0305211,-0.0335986,0.),(0.0309569,-0.0336441,0.),(0.0305211,-0.0335986,0.),(0.0305043,-0.0335170,0.),(0.0309569,-0.0336441,0.),(0.0305043,-0.0335170,0.),(0.0304807,-0.0334405,0.),(0.0309569,-0.0336441,0.),(0.0304807,-0.0334405,0.),(0.0304132,-0.0333022,0.),(0.0309569,-0.0336441,0.),(0.0304132,-0.0333022,0.),(0.0303187,-0.0331838,0.),(0.0309569,-0.0336441,0.),(0.0303187,-0.0331838,0.),(0.0302274,-0.0331079,0.),(0.0292783,-0.0340631,0.),(0.0292773,-0.0341533,0.),(0.0288815,-0.0341469,0.),(0.0292811,-0.0339769,0.),(0.0292783,-0.0340631,0.),(0.0288815,-0.0341469,0.),(0.0292922,-0.0338165,0.),(0.0292811,-0.0339769,0.),(0.0288815,-0.0341469,0.),(0.0293108,-0.0336721,0.),(0.0292922,-0.0338165,0.),(0.0288815,-0.0341469,0.),(0.0293369,-0.0335437,0.),(0.0293108,-0.0336721,0.),(0.0288815,-0.0341469,0.),(0.0293703,-0.0334313,0.),(0.0293369,-0.0335437,0.),(0.0288815,-0.0341469,0.),(0.0294113,-0.0333349,0.),(0.0293703,-0.0334313,0.),(0.0288815,-0.0341469,0.),(0.0294596,-0.0332545,0.),(0.0294113,-0.0333349,0.),(0.0288815,-0.0341469,0.),(0.0294596,-0.0332545,0.),(0.0288815,-0.0341469,0.),(0.0288829,-0.0340312,0.),(0.0294596,-0.0332545,0.),(0.0288829,-0.0340312,0.),(0.0288869,-0.0339204,0.),(0.0294596,-0.0332545,0.),(0.0288869,-0.0339204,0.),(0.0288936,-0.0338145,0.),(0.0295155,-0.0331902,0.),(0.0294596,-0.0332545,0.),(0.0288936,-0.0338145,0.),(0.0295155,-0.0331902,0.),(0.0288936,-0.0338145,0.),(0.0289029,-0.0337135,0.),(0.0295155,-0.0331902,0.),(0.0289029,-0.0337135,0.),(0.0289150,-0.0336173,0.),(0.0296125,-0.0331115,0.),(0.0295155,-0.0331902,0.),(0.0289150,-0.0336173,0.),(0.0296125,-0.0331115,0.),(0.0289150,-0.0336173,0.),(0.0289297,-0.0335261,0.),(0.0296125,-0.0331115,0.),(0.0289297,-0.0335261,0.),(0.0289471,-0.0334397,0.),(0.0297131,-0.0330552,0.),(0.0296125,-0.0331115,0.),(0.0289471,-0.0334397,0.),(0.0297131,-0.0330552,0.),(0.0289471,-0.0334397,0.),(0.0289672,-0.0333582,0.),(0.0297131,-0.0330552,0.),(0.0289672,-0.0333582,0.),(0.0289900,-0.0332816,0.),(0.0298173,-0.0330215,0.),(0.0297131,-0.0330552,0.),(0.0289900,-0.0332816,0.),(0.0298173,-0.0330215,0.),(0.0289900,-0.0332816,0.),(0.0290155,-0.0332099,0.),(0.0298173,-0.0330215,0.),(0.0290155,-0.0332099,0.),(0.0290744,-0.0330811,0.),(0.0299250,-0.0330103,0.),(0.0298173,-0.0330215,0.),(0.0290744,-0.0330811,0.),(0.0299250,-0.0330103,0.),(0.0290744,-0.0330811,0.),(0.0291440,-0.0329719,0.),(0.0299250,-0.0330103,0.),(0.0291440,-0.0329719,0.),(0.0292244,-0.0328822,0.),(0.0300306,-0.0330211,0.),(0.0299250,-0.0330103,0.),(0.0292244,-0.0328822,0.),(0.0300306,-0.0330211,0.),(0.0292244,-0.0328822,0.),(0.0293038,-0.0328128,0.),(0.0300306,-0.0330211,0.),(0.0293038,-0.0328128,0.),(0.0293857,-0.0327526,0.),(0.0301314,-0.0330537,0.),(0.0300306,-0.0330211,0.),(0.0293857,-0.0327526,0.),(0.0301314,-0.0330537,0.),(0.0293857,-0.0327526,0.),(0.0294703,-0.0327016,0.),(0.0301314,-0.0330537,0.),(0.0294703,-0.0327016,0.),(0.0295575,-0.0326600,0.),(0.0302274,-0.0331079,0.),(0.0301314,-0.0330537,0.),(0.0295575,-0.0326600,0.),(0.0302274,-0.0331079,0.),(0.0295575,-0.0326600,0.),(0.0296473,-0.0326276,0.),(0.0309569,-0.0336441,0.),(0.0302274,-0.0331079,0.),(0.0296473,-0.0326276,0.),(0.0309569,-0.0336441,0.),(0.0296473,-0.0326276,0.),(0.0297398,-0.0326044,0.),(0.0309569,-0.0336441,0.),(0.0297398,-0.0326044,0.),(0.0298348,-0.0325905,0.),(0.0309569,-0.0336441,0.),(0.0298348,-0.0325905,0.),(0.0299324,-0.0325859,0.),(0.0309569,-0.0336441,0.),(0.0299324,-0.0325859,0.),(0.0300277,-0.0325906,0.),(0.0309569,-0.0336441,0.),(0.0300277,-0.0325906,0.),(0.0301203,-0.0326047,0.),(0.0309569,-0.0336441,0.),(0.0301203,-0.0326047,0.),(0.0302103,-0.0326283,0.),(0.0309569,-0.0336441,0.),(0.0302103,-0.0326283,0.),(0.0302976,-0.0326613,0.),(0.0309569,-0.0336441,0.),(0.0302976,-0.0326613,0.),(0.0303822,-0.0327037,0.),(0.0309569,-0.0336441,0.),(0.0303822,-0.0327037,0.),(0.0304643,-0.0327555,0.),(0.0309569,-0.0336441,0.),(0.0304643,-0.0327555,0.),(0.0305436,-0.0328168,0.),(0.0309569,-0.0336441,0.),(0.0305436,-0.0328168,0.),(0.0306204,-0.0328875,0.),(0.0309569,-0.0336441,0.),(0.0306204,-0.0328875,0.),(0.0307005,-0.0329757,0.),(0.0309569,-0.0336441,0.),(0.0307005,-0.0329757,0.),(0.0307699,-0.0330706,0.),(0.0309569,-0.0336441,0.),(0.0307699,-0.0330706,0.),(0.0308287,-0.0331721,0.),(0.0309569,-0.0336441,0.),(0.0308287,-0.0331721,0.),(0.0308767,-0.0332801,0.),(0.0309569,-0.0336441,0.),(0.0308767,-0.0332801,0.),(0.0309141,-0.0333948,0.),(0.0309569,-0.0336441,0.),(0.0309141,-0.0333948,0.),(0.0309408,-0.0335162,0.),(0.0343055,-0.0355826,0.),(0.0343002,-0.0354476,0.),(0.0343015,-0.0353443,0.),(0.0343055,-0.0355826,0.),(0.0343015,-0.0353443,0.),(0.0343054,-0.0352451,0.),(0.0343055,-0.0355826,0.),(0.0343054,-0.0352451,0.),(0.0343120,-0.0351500,0.),(0.0343055,-0.0355826,0.),(0.0343120,-0.0351500,0.),(0.0343211,-0.0350589,0.),(0.0343055,-0.0355826,0.),(0.0343211,-0.0350589,0.),(0.0343329,-0.0349719,0.),(0.0343055,-0.0355826,0.),(0.0343329,-0.0349719,0.),(0.0343474,-0.0348890,0.),(0.0343055,-0.0355826,0.),(0.0343474,-0.0348890,0.),(0.0343644,-0.0348101,0.),(0.0343055,-0.0355826,0.),(0.0343644,-0.0348101,0.),(0.0343841,-0.0347354,0.),(0.0343055,-0.0355826,0.),(0.0343841,-0.0347354,0.),(0.0344312,-0.0345980,0.),(0.0343055,-0.0355826,0.),(0.0344312,-0.0345980,0.),(0.0344889,-0.0344769,0.),(0.0343055,-0.0355826,0.),(0.0344889,-0.0344769,0.),(0.0345570,-0.0343720,0.),(0.0343055,-0.0355826,0.),(0.0345570,-0.0343720,0.),(0.0346357,-0.0342834,0.),(0.0343055,-0.0355826,0.),(0.0346357,-0.0342834,0.),(0.0347139,-0.0342130,0.),(0.0343055,-0.0355826,0.),(0.0347139,-0.0342130,0.),(0.0347948,-0.0341519,0.),(0.0343055,-0.0355826,0.),(0.0347948,-0.0341519,0.),(0.0348781,-0.0341003,0.),(0.0343055,-0.0355826,0.),(0.0348781,-0.0341003,0.),(0.0349640,-0.0340580,0.),(0.0343055,-0.0355826,0.),(0.0349640,-0.0340580,0.),(0.0350525,-0.0340251,0.),(0.0343055,-0.0355826,0.),(0.0350525,-0.0340251,0.),(0.0351435,-0.0340017,0.),(0.0343055,-0.0355826,0.),(0.0351435,-0.0340017,0.),(0.0352370,-0.0339876,0.),(0.0352370,-0.0339876,0.),(0.0353331,-0.0339829,0.),(0.0354222,-0.0339864,0.),(0.0352370,-0.0339876,0.),(0.0354222,-0.0339864,0.),(0.0355080,-0.0339969,0.),(0.0352370,-0.0339876,0.),(0.0355080,-0.0339969,0.),(0.0355905,-0.0340144,0.),(0.0352370,-0.0339876,0.),(0.0355905,-0.0340144,0.),(0.0356697,-0.0340390,0.),(0.0352370,-0.0339876,0.),(0.0356697,-0.0340390,0.),(0.0357455,-0.0340705,0.),(0.0352370,-0.0339876,0.),(0.0357455,-0.0340705,0.),(0.0358181,-0.0341091,0.),(0.0352370,-0.0339876,0.),(0.0358181,-0.0341091,0.),(0.0358873,-0.0341547,0.),(0.0352370,-0.0339876,0.),(0.0358873,-0.0341547,0.),(0.0359533,-0.0342072,0.),(0.0348418,-0.0333079,0.),(0.0347743,-0.0334495,0.),(0.0346912,-0.0335431,0.),(0.0348418,-0.0333079,0.),(0.0346912,-0.0335431,0.),(0.0345753,-0.0335955,0.),(0.0349362,-0.0331881,0.),(0.0348418,-0.0333079,0.),(0.0345753,-0.0335955,0.),(0.0349362,-0.0331881,0.),(0.0345753,-0.0335955,0.),(0.0344997,-0.0335648,0.),(0.0349362,-0.0331881,0.),(0.0344997,-0.0335648,0.),(0.0344391,-0.0335191,0.),(0.0350294,-0.0331103,0.),(0.0349362,-0.0331881,0.),(0.0344391,-0.0335191,0.),(0.0350294,-0.0331103,0.),(0.0344391,-0.0335191,0.),(0.0343626,-0.0333828,0.),(0.0351281,-0.0330547,0.),(0.0350294,-0.0331103,0.),(0.0343626,-0.0333828,0.),(0.0351281,-0.0330547,0.),(0.0343626,-0.0333828,0.),(0.0343700,-0.0333108,0.),(0.0351281,-0.0330547,0.),(0.0343700,-0.0333108,0.),(0.0344186,-0.0331931,0.),(0.0352321,-0.0330214,0.),(0.0351281,-0.0330547,0.),(0.0344186,-0.0331931,0.),(0.0352321,-0.0330214,0.),(0.0344186,-0.0331931,0.),(0.0344798,-0.0330833,0.),(0.0353416,-0.0330103,0.),(0.0352321,-0.0330214,0.),(0.0344798,-0.0330833,0.),(0.0353416,-0.0330103,0.),(0.0344798,-0.0330833,0.),(0.0345536,-0.0329814,0.),(0.0353416,-0.0330103,0.),(0.0345536,-0.0329814,0.),(0.0346399,-0.0328875,0.),(0.0354362,-0.0330220,0.),(0.0353416,-0.0330103,0.),(0.0346399,-0.0328875,0.),(0.0354362,-0.0330220,0.),(0.0346399,-0.0328875,0.),(0.0347168,-0.0328168,0.),(0.0354362,-0.0330220,0.),(0.0347168,-0.0328168,0.),(0.0347969,-0.0327555,0.),(0.0355368,-0.0330571,0.),(0.0354362,-0.0330220,0.),(0.0347969,-0.0327555,0.),(0.0355368,-0.0330571,0.),(0.0347969,-0.0327555,0.),(0.0348800,-0.0327037,0.),(0.0355368,-0.0330571,0.),(0.0348800,-0.0327037,0.),(0.0349661,-0.0326613,0.),(0.0356436,-0.0331156,0.),(0.0355368,-0.0330571,0.),(0.0349661,-0.0326613,0.),(0.0356436,-0.0331156,0.),(0.0349661,-0.0326613,0.),(0.0350554,-0.0326283,0.),(0.0357564,-0.0331976,0.),(0.0356436,-0.0331156,0.),(0.0350554,-0.0326283,0.),(0.0357564,-0.0331976,0.),(0.0350554,-0.0326283,0.),(0.0351477,-0.0326047,0.),(0.0357564,-0.0331976,0.),(0.0351477,-0.0326047,0.),(0.0352431,-0.0325906,0.),(0.0358426,-0.0332956,0.),(0.0357564,-0.0331976,0.),(0.0352431,-0.0325906,0.),(0.0358426,-0.0332956,0.),(0.0352431,-0.0325906,0.),(0.0353416,-0.0325859,0.),(0.0358426,-0.0332956,0.),(0.0353416,-0.0325859,0.),(0.0354264,-0.0325904,0.),(0.0358426,-0.0332956,0.),(0.0354264,-0.0325904,0.),(0.0355117,-0.0326040,0.),(0.0359041,-0.0334235,0.),(0.0358426,-0.0332956,0.),(0.0355117,-0.0326040,0.),(0.0359041,-0.0334235,0.),(0.0355117,-0.0326040,0.),(0.0355974,-0.0326267,0.),(0.0359041,-0.0334235,0.),(0.0355974,-0.0326267,0.),(0.0356834,-0.0326584,0.),(0.0359041,-0.0334235,0.),(0.0356834,-0.0326584,0.),(0.0357699,-0.0326992,0.),(0.0359256,-0.0334987,0.),(0.0359041,-0.0334235,0.),(0.0357699,-0.0326992,0.),(0.0359256,-0.0334987,0.),(0.0357699,-0.0326992,0.),(0.0358567,-0.0327490,0.),(0.0359410,-0.0335814,0.),(0.0359256,-0.0334987,0.),(0.0358567,-0.0327490,0.),(0.0359502,-0.0336715,0.),(0.0359410,-0.0335814,0.),(0.0358567,-0.0327490,0.),(0.0359502,-0.0336715,0.),(0.0358567,-0.0327490,0.),(0.0359440,-0.0328079,0.),(0.0359533,-0.0337691,0.),(0.0359502,-0.0336715,0.),(0.0359440,-0.0328079,0.),(0.0359533,-0.0337691,0.),(0.0359440,-0.0328079,0.),(0.0360316,-0.0328759,0.),(0.0359533,-0.0342072,0.),(0.0359533,-0.0337691,0.),(0.0360316,-0.0328759,0.),(0.0359533,-0.0342072,0.),(0.0360316,-0.0328759,0.),(0.0361135,-0.0329536,0.),(0.0359533,-0.0342072,0.),(0.0361135,-0.0329536,0.),(0.0361844,-0.0330408,0.),(0.0359533,-0.0342072,0.),(0.0361844,-0.0330408,0.),(0.0362444,-0.0331375,0.),(0.0359533,-0.0342072,0.),(0.0362444,-0.0331375,0.),(0.0362936,-0.0332436,0.),(0.0359533,-0.0342072,0.),(0.0362936,-0.0332436,0.),(0.0363318,-0.0333592,0.),(0.0359533,-0.0342072,0.),(0.0363318,-0.0333592,0.),(0.0363590,-0.0334843,0.),(0.0359533,-0.0342072,0.),(0.0363590,-0.0334843,0.),(0.0363754,-0.0336188,0.),(0.0359533,-0.0342072,0.),(0.0363754,-0.0336188,0.),(0.0363809,-0.0337627,0.),(0.0359533,-0.0342072,0.),(0.0363809,-0.0337627,0.),(0.0363809,-0.0350793,0.),(0.0352370,-0.0339876,0.),(0.0359533,-0.0342072,0.),(0.0363809,-0.0350793,0.),(0.0363809,-0.0350793,0.),(0.0359850,-0.0350677,0.),(0.0359696,-0.0349447,0.),(0.0363809,-0.0350793,0.),(0.0359696,-0.0349447,0.),(0.0359231,-0.0348235,0.),(0.0363809,-0.0350793,0.),(0.0359231,-0.0348235,0.),(0.0358457,-0.0347039,0.),(0.0352370,-0.0339876,0.),(0.0363809,-0.0350793,0.),(0.0358457,-0.0347039,0.),(0.0352370,-0.0339876,0.),(0.0358457,-0.0347039,0.),(0.0357374,-0.0345861,0.),(0.0352370,-0.0339876,0.),(0.0357374,-0.0345861,0.),(0.0356419,-0.0345074,0.),(0.0352370,-0.0339876,0.),(0.0356419,-0.0345074,0.),(0.0355427,-0.0344512,0.),(0.0352370,-0.0339876,0.),(0.0355427,-0.0344512,0.),(0.0354397,-0.0344175,0.),(0.0352370,-0.0339876,0.),(0.0354397,-0.0344175,0.),(0.0353331,-0.0344062,0.),(0.0352370,-0.0339876,0.),(0.0353331,-0.0344062,0.),(0.0352269,-0.0344175,0.),(0.0352370,-0.0339876,0.),(0.0352269,-0.0344175,0.),(0.0351244,-0.0344512,0.),(0.0352370,-0.0339876,0.),(0.0351244,-0.0344512,0.),(0.0350253,-0.0345074,0.),(0.0352370,-0.0339876,0.),(0.0350253,-0.0345074,0.),(0.0349299,-0.0345861,0.),(0.0352370,-0.0339876,0.),(0.0349299,-0.0345861,0.),(0.0348419,-0.0347150,0.),(0.0343055,-0.0355826,0.),(0.0352370,-0.0339876,0.),(0.0348419,-0.0347150,0.),(0.0343055,-0.0355826,0.),(0.0348419,-0.0347150,0.),(0.0348074,-0.0348010,0.),(0.0343055,-0.0355826,0.),(0.0348074,-0.0348010,0.),(0.0347791,-0.0349015,0.),(0.0343055,-0.0355826,0.),(0.0347791,-0.0349015,0.),(0.0347571,-0.0350164,0.),(0.0343055,-0.0355826,0.),(0.0347571,-0.0350164,0.),(0.0347414,-0.0351457,0.),(0.0343055,-0.0355826,0.),(0.0347414,-0.0351457,0.),(0.0347319,-0.0352895,0.),(0.0343055,-0.0355826,0.),(0.0347319,-0.0352895,0.),(0.0347288,-0.0354476,0.),(0.0343055,-0.0355826,0.),(0.0347288,-0.0354476,0.),(0.0347322,-0.0355390,0.),(0.0343055,-0.0355826,0.),(0.0347322,-0.0355390,0.),(0.0347422,-0.0356254,0.),(0.0343055,-0.0355826,0.),(0.0347422,-0.0356254,0.),(0.0347590,-0.0357068,0.),(0.0343055,-0.0355826,0.),(0.0347590,-0.0357068,0.),(0.0347825,-0.0357831,0.),(0.0343055,-0.0355826,0.),(0.0347825,-0.0357831,0.),(0.0348497,-0.0359207,0.),(0.0343055,-0.0355826,0.),(0.0348497,-0.0359207,0.),(0.0349436,-0.0360382,0.),(0.0343055,-0.0355826,0.),(0.0349436,-0.0360382,0.),(0.0350349,-0.0361159,0.),(0.0359841,-0.0351589,0.),(0.0359850,-0.0350677,0.),(0.0363809,-0.0350793,0.),(0.0359813,-0.0352460,0.),(0.0359841,-0.0351589,0.),(0.0363809,-0.0350793,0.),(0.0359702,-0.0354080,0.),(0.0359813,-0.0352460,0.),(0.0363809,-0.0350793,0.),(0.0359516,-0.0355536,0.),(0.0359702,-0.0354080,0.),(0.0363809,-0.0350793,0.),(0.0359255,-0.0356828,0.),(0.0359516,-0.0355536,0.),(0.0363809,-0.0350793,0.),(0.0358920,-0.0357957,0.),(0.0359255,-0.0356828,0.),(0.0363809,-0.0350793,0.),(0.0358511,-0.0358922,0.),(0.0358920,-0.0357957,0.),(0.0363809,-0.0350793,0.),(0.0358027,-0.0359723,0.),(0.0358511,-0.0358922,0.),(0.0363809,-0.0350793,0.),(0.0358027,-0.0359723,0.),(0.0363809,-0.0350793,0.),(0.0363795,-0.0351948,0.),(0.0358027,-0.0359723,0.),(0.0363795,-0.0351948,0.),(0.0363755,-0.0353053,0.),(0.0358027,-0.0359723,0.),(0.0363755,-0.0353053,0.),(0.0363688,-0.0354111,0.),(0.0357469,-0.0360360,0.),(0.0358027,-0.0359723,0.),(0.0363688,-0.0354111,0.),(0.0357469,-0.0360360,0.),(0.0363688,-0.0354111,0.),(0.0363595,-0.0355120,0.),(0.0357469,-0.0360360,0.),(0.0363595,-0.0355120,0.),(0.0363475,-0.0356080,0.),(0.0356503,-0.0361148,0.),(0.0357469,-0.0360360,0.),(0.0363475,-0.0356080,0.),(0.0356503,-0.0361148,0.),(0.0363475,-0.0356080,0.),(0.0363328,-0.0356992,0.),(0.0356503,-0.0361148,0.),(0.0363328,-0.0356992,0.),(0.0363154,-0.0357855,0.),(0.0355498,-0.0361710,0.),(0.0356503,-0.0361148,0.),(0.0363154,-0.0357855,0.),(0.0355498,-0.0361710,0.),(0.0363154,-0.0357855,0.),(0.0362954,-0.0358670,0.),(0.0355498,-0.0361710,0.),(0.0362954,-0.0358670,0.),(0.0362727,-0.0359436,0.),(0.0354455,-0.0362047,0.),(0.0355498,-0.0361710,0.),(0.0362727,-0.0359436,0.),(0.0354455,-0.0362047,0.),(0.0362727,-0.0359436,0.),(0.0362473,-0.0360154,0.),(0.0354455,-0.0362047,0.),(0.0362473,-0.0360154,0.),(0.0361886,-0.0361443,0.),(0.0353373,-0.0362160,0.),(0.0354455,-0.0362047,0.),(0.0361886,-0.0361443,0.),(0.0353373,-0.0362160,0.),(0.0361886,-0.0361443,0.),(0.0361191,-0.0362539,0.),(0.0353373,-0.0362160,0.),(0.0361191,-0.0362539,0.),(0.0360390,-0.0363440,0.),(0.0352318,-0.0362048,0.),(0.0353373,-0.0362160,0.),(0.0360390,-0.0363440,0.),(0.0352318,-0.0362048,0.),(0.0360390,-0.0363440,0.),(0.0359594,-0.0364140,0.),(0.0352318,-0.0362048,0.),(0.0359594,-0.0364140,0.),(0.0358772,-0.0364746,0.),(0.0351310,-0.0361715,0.),(0.0352318,-0.0362048,0.),(0.0358772,-0.0364746,0.),(0.0351310,-0.0361715,0.),(0.0358772,-0.0364746,0.),(0.0357925,-0.0365259,0.),(0.0351310,-0.0361715,0.),(0.0357925,-0.0365259,0.),(0.0357051,-0.0365679,0.),(0.0350349,-0.0361159,0.),(0.0351310,-0.0361715,0.),(0.0357051,-0.0365679,0.),(0.0350349,-0.0361159,0.),(0.0357051,-0.0365679,0.),(0.0356152,-0.0366005,0.),(0.0343055,-0.0355826,0.),(0.0350349,-0.0361159,0.),(0.0356152,-0.0366005,0.),(0.0343055,-0.0355826,0.),(0.0356152,-0.0366005,0.),(0.0355227,-0.0366238,0.),(0.0343055,-0.0355826,0.),(0.0355227,-0.0366238,0.),(0.0354276,-0.0366378,0.),(0.0343055,-0.0355826,0.),(0.0354276,-0.0366378,0.),(0.0353299,-0.0366425,0.),(0.0343055,-0.0355826,0.),(0.0353299,-0.0366425,0.),(0.0352347,-0.0366377,0.),(0.0343055,-0.0355826,0.),(0.0352347,-0.0366377,0.),(0.0351422,-0.0366235,0.),(0.0343055,-0.0355826,0.),(0.0351422,-0.0366235,0.),(0.0350523,-0.0365998,0.),(0.0343055,-0.0355826,0.),(0.0350523,-0.0365998,0.),(0.0349651,-0.0365665,0.),(0.0343055,-0.0355826,0.),(0.0349651,-0.0365665,0.),(0.0348806,-0.0365238,0.),(0.0343055,-0.0355826,0.),(0.0348806,-0.0365238,0.),(0.0347987,-0.0364716,0.),(0.0343055,-0.0355826,0.),(0.0347987,-0.0364716,0.),(0.0347196,-0.0364099,0.),(0.0343055,-0.0355826,0.),(0.0347196,-0.0364099,0.),(0.0346431,-0.0363387,0.),(0.0343055,-0.0355826,0.),(0.0346431,-0.0363387,0.),(0.0345627,-0.0362510,0.),(0.0343055,-0.0355826,0.),(0.0345627,-0.0362510,0.),(0.0344931,-0.0361564,0.),(0.0343055,-0.0355826,0.),(0.0344931,-0.0361564,0.),(0.0344341,-0.0360552,0.),(0.0343055,-0.0355826,0.),(0.0344341,-0.0360552,0.),(0.0343859,-0.0359471,0.),(0.0343055,-0.0355826,0.),(0.0343859,-0.0359471,0.),(0.0343484,-0.0358324,0.),(0.0343055,-0.0355826,0.),(0.0343484,-0.0358324,0.),(0.0343216,-0.0357109,0.),(0.0315962,-0.0355826,0.),(0.0315908,-0.0354476,0.),(0.0315922,-0.0353443,0.),(0.0315962,-0.0355826,0.),(0.0315922,-0.0353443,0.),(0.0315961,-0.0352451,0.),(0.0315962,-0.0355826,0.),(0.0315961,-0.0352451,0.),(0.0316026,-0.0351500,0.),(0.0315962,-0.0355826,0.),(0.0316026,-0.0351500,0.),(0.0316118,-0.0350589,0.),(0.0315962,-0.0355826,0.),(0.0316118,-0.0350589,0.),(0.0316236,-0.0349719,0.),(0.0315962,-0.0355826,0.),(0.0316236,-0.0349719,0.),(0.0316380,-0.0348890,0.),(0.0315962,-0.0355826,0.),(0.0316380,-0.0348890,0.),(0.0316551,-0.0348101,0.),(0.0315962,-0.0355826,0.),(0.0316551,-0.0348101,0.),(0.0316747,-0.0347354,0.),(0.0315962,-0.0355826,0.),(0.0316747,-0.0347354,0.),(0.0317219,-0.0345980,0.),(0.0315962,-0.0355826,0.),(0.0317219,-0.0345980,0.),(0.0317796,-0.0344769,0.),(0.0315962,-0.0355826,0.),(0.0317796,-0.0344769,0.),(0.0318477,-0.0343720,0.),(0.0315962,-0.0355826,0.),(0.0318477,-0.0343720,0.),(0.0319263,-0.0342834,0.),(0.0315962,-0.0355826,0.),(0.0319263,-0.0342834,0.),(0.0320046,-0.0342130,0.),(0.0315962,-0.0355826,0.),(0.0320046,-0.0342130,0.),(0.0320854,-0.0341519,0.),(0.0315962,-0.0355826,0.),(0.0320854,-0.0341519,0.),(0.0321688,-0.0341003,0.),(0.0315962,-0.0355826,0.),(0.0321688,-0.0341003,0.),(0.0322547,-0.0340580,0.),(0.0315962,-0.0355826,0.),(0.0322547,-0.0340580,0.),(0.0323431,-0.0340251,0.),(0.0315962,-0.0355826,0.),(0.0323431,-0.0340251,0.),(0.0324341,-0.0340017,0.),(0.0315962,-0.0355826,0.),(0.0324341,-0.0340017,0.),(0.0325277,-0.0339876,0.),(0.0325277,-0.0339876,0.),(0.0326238,-0.0339829,0.),(0.0327129,-0.0339864,0.),(0.0325277,-0.0339876,0.),(0.0327129,-0.0339864,0.),(0.0327987,-0.0339969,0.),(0.0325277,-0.0339876,0.),(0.0327987,-0.0339969,0.),(0.0328812,-0.0340144,0.),(0.0325277,-0.0339876,0.),(0.0328812,-0.0340144,0.),(0.0329603,-0.0340390,0.),(0.0325277,-0.0339876,0.),(0.0329603,-0.0340390,0.),(0.0330362,-0.0340705,0.),(0.0325277,-0.0339876,0.),(0.0330362,-0.0340705,0.),(0.0331088,-0.0341091,0.),(0.0325277,-0.0339876,0.),(0.0331088,-0.0341091,0.),(0.0331780,-0.0341547,0.),(0.0325277,-0.0339876,0.),(0.0331780,-0.0341547,0.),(0.0332440,-0.0342072,0.),(0.0321324,-0.0333079,0.),(0.0320650,-0.0334495,0.),(0.0319819,-0.0335431,0.),(0.0321324,-0.0333079,0.),(0.0319819,-0.0335431,0.),(0.0318660,-0.0335955,0.),(0.0322269,-0.0331881,0.),(0.0321324,-0.0333079,0.),(0.0318660,-0.0335955,0.),(0.0322269,-0.0331881,0.),(0.0318660,-0.0335955,0.),(0.0317904,-0.0335648,0.),(0.0322269,-0.0331881,0.),(0.0317904,-0.0335648,0.),(0.0317298,-0.0335191,0.),(0.0323201,-0.0331103,0.),(0.0322269,-0.0331881,0.),(0.0317298,-0.0335191,0.),(0.0323201,-0.0331103,0.),(0.0317298,-0.0335191,0.),(0.0316533,-0.0333828,0.),(0.0324187,-0.0330547,0.),(0.0323201,-0.0331103,0.),(0.0316533,-0.0333828,0.),(0.0324187,-0.0330547,0.),(0.0316533,-0.0333828,0.),(0.0316607,-0.0333108,0.),(0.0324187,-0.0330547,0.),(0.0316607,-0.0333108,0.),(0.0317093,-0.0331931,0.),(0.0325228,-0.0330214,0.),(0.0324187,-0.0330547,0.),(0.0317093,-0.0331931,0.),(0.0325228,-0.0330214,0.),(0.0317093,-0.0331931,0.),(0.0317705,-0.0330833,0.),(0.0326322,-0.0330103,0.),(0.0325228,-0.0330214,0.),(0.0317705,-0.0330833,0.),(0.0326322,-0.0330103,0.),(0.0317705,-0.0330833,0.),(0.0318443,-0.0329814,0.),(0.0326322,-0.0330103,0.),(0.0318443,-0.0329814,0.),(0.0319306,-0.0328875,0.),(0.0327268,-0.0330220,0.),(0.0326322,-0.0330103,0.),(0.0319306,-0.0328875,0.),(0.0327268,-0.0330220,0.),(0.0319306,-0.0328875,0.),(0.0320075,-0.0328168,0.),(0.0327268,-0.0330220,0.),(0.0320075,-0.0328168,0.),(0.0320875,-0.0327555,0.),(0.0328275,-0.0330571,0.),(0.0327268,-0.0330220,0.),(0.0320875,-0.0327555,0.),(0.0328275,-0.0330571,0.),(0.0320875,-0.0327555,0.),(0.0321706,-0.0327037,0.),(0.0328275,-0.0330571,0.),(0.0321706,-0.0327037,0.),(0.0322568,-0.0326613,0.),(0.0329343,-0.0331156,0.),(0.0328275,-0.0330571,0.),(0.0322568,-0.0326613,0.),(0.0329343,-0.0331156,0.),(0.0322568,-0.0326613,0.),(0.0323461,-0.0326283,0.),(0.0330471,-0.0331976,0.),(0.0329343,-0.0331156,0.),(0.0323461,-0.0326283,0.),(0.0330471,-0.0331976,0.),(0.0323461,-0.0326283,0.),(0.0324384,-0.0326047,0.),(0.0330471,-0.0331976,0.),(0.0324384,-0.0326047,0.),(0.0325338,-0.0325906,0.),(0.0331332,-0.0332956,0.),(0.0330471,-0.0331976,0.),(0.0325338,-0.0325906,0.),(0.0331332,-0.0332956,0.),(0.0325338,-0.0325906,0.),(0.0326322,-0.0325859,0.),(0.0331332,-0.0332956,0.),(0.0326322,-0.0325859,0.),(0.0327171,-0.0325904,0.),(0.0331332,-0.0332956,0.),(0.0327171,-0.0325904,0.),(0.0328024,-0.0326040,0.),(0.0331948,-0.0334235,0.),(0.0331332,-0.0332956,0.),(0.0328024,-0.0326040,0.),(0.0331948,-0.0334235,0.),(0.0328024,-0.0326040,0.),(0.0328880,-0.0326267,0.),(0.0331948,-0.0334235,0.),(0.0328880,-0.0326267,0.),(0.0329741,-0.0326584,0.),(0.0331948,-0.0334235,0.),(0.0329741,-0.0326584,0.),(0.0330605,-0.0326992,0.),(0.0332163,-0.0334987,0.),(0.0331948,-0.0334235,0.),(0.0330605,-0.0326992,0.),(0.0332163,-0.0334987,0.),(0.0330605,-0.0326992,0.),(0.0331474,-0.0327490,0.),(0.0332317,-0.0335814,0.),(0.0332163,-0.0334987,0.),(0.0331474,-0.0327490,0.),(0.0332409,-0.0336715,0.),(0.0332317,-0.0335814,0.),(0.0331474,-0.0327490,0.),(0.0332409,-0.0336715,0.),(0.0331474,-0.0327490,0.),(0.0332346,-0.0328079,0.),(0.0332440,-0.0337691,0.),(0.0332409,-0.0336715,0.),(0.0332346,-0.0328079,0.),(0.0332440,-0.0337691,0.),(0.0332346,-0.0328079,0.),(0.0333223,-0.0328759,0.),(0.0332440,-0.0342072,0.),(0.0332440,-0.0337691,0.),(0.0333223,-0.0328759,0.),(0.0332440,-0.0342072,0.),(0.0333223,-0.0328759,0.),(0.0334041,-0.0329536,0.),(0.0332440,-0.0342072,0.),(0.0334041,-0.0329536,0.),(0.0334751,-0.0330408,0.),(0.0332440,-0.0342072,0.),(0.0334751,-0.0330408,0.),(0.0335351,-0.0331375,0.),(0.0332440,-0.0342072,0.),(0.0335351,-0.0331375,0.),(0.0335842,-0.0332436,0.),(0.0332440,-0.0342072,0.),(0.0335842,-0.0332436,0.),(0.0336224,-0.0333592,0.),(0.0332440,-0.0342072,0.),(0.0336224,-0.0333592,0.),(0.0336497,-0.0334843,0.),(0.0332440,-0.0342072,0.),(0.0336497,-0.0334843,0.),(0.0336661,-0.0336188,0.),(0.0332440,-0.0342072,0.),(0.0336661,-0.0336188,0.),(0.0336715,-0.0337627,0.),(0.0332440,-0.0342072,0.),(0.0336715,-0.0337627,0.),(0.0336715,-0.0350793,0.),(0.0325277,-0.0339876,0.),(0.0332440,-0.0342072,0.),(0.0336715,-0.0350793,0.),(0.0336715,-0.0350793,0.),(0.0332757,-0.0350677,0.),(0.0332602,-0.0349447,0.),(0.0336715,-0.0350793,0.),(0.0332602,-0.0349447,0.),(0.0332138,-0.0348235,0.),(0.0336715,-0.0350793,0.),(0.0332138,-0.0348235,0.),(0.0331364,-0.0347039,0.),(0.0325277,-0.0339876,0.),(0.0336715,-0.0350793,0.),(0.0331364,-0.0347039,0.),(0.0325277,-0.0339876,0.),(0.0331364,-0.0347039,0.),(0.0330281,-0.0345861,0.),(0.0325277,-0.0339876,0.),(0.0330281,-0.0345861,0.),(0.0329325,-0.0345074,0.),(0.0325277,-0.0339876,0.),(0.0329325,-0.0345074,0.),(0.0328333,-0.0344512,0.),(0.0325277,-0.0339876,0.),(0.0328333,-0.0344512,0.),(0.0327304,-0.0344175,0.),(0.0325277,-0.0339876,0.),(0.0327304,-0.0344175,0.),(0.0326238,-0.0344062,0.),(0.0325277,-0.0339876,0.),(0.0326238,-0.0344062,0.),(0.0325176,-0.0344175,0.),(0.0325277,-0.0339876,0.),(0.0325176,-0.0344175,0.),(0.0324150,-0.0344512,0.),(0.0325277,-0.0339876,0.),(0.0324150,-0.0344512,0.),(0.0323160,-0.0345074,0.),(0.0325277,-0.0339876,0.),(0.0323160,-0.0345074,0.),(0.0322206,-0.0345861,0.),(0.0325277,-0.0339876,0.),(0.0322206,-0.0345861,0.),(0.0321326,-0.0347150,0.),(0.0315962,-0.0355826,0.),(0.0325277,-0.0339876,0.),(0.0321326,-0.0347150,0.),(0.0315962,-0.0355826,0.),(0.0321326,-0.0347150,0.),(0.0320980,-0.0348010,0.),(0.0315962,-0.0355826,0.),(0.0320980,-0.0348010,0.),(0.0320697,-0.0349015,0.),(0.0315962,-0.0355826,0.),(0.0320697,-0.0349015,0.),(0.0320477,-0.0350164,0.),(0.0315962,-0.0355826,0.),(0.0320477,-0.0350164,0.),(0.0320320,-0.0351457,0.),(0.0315962,-0.0355826,0.),(0.0320320,-0.0351457,0.),(0.0320226,-0.0352895,0.),(0.0315962,-0.0355826,0.),(0.0320226,-0.0352895,0.),(0.0320195,-0.0354476,0.),(0.0315962,-0.0355826,0.),(0.0320195,-0.0354476,0.),(0.0320228,-0.0355390,0.),(0.0315962,-0.0355826,0.),(0.0320228,-0.0355390,0.),(0.0320329,-0.0356254,0.),(0.0315962,-0.0355826,0.),(0.0320329,-0.0356254,0.),(0.0320497,-0.0357068,0.),(0.0315962,-0.0355826,0.),(0.0320497,-0.0357068,0.),(0.0320732,-0.0357831,0.),(0.0315962,-0.0355826,0.),(0.0320732,-0.0357831,0.),(0.0321403,-0.0359207,0.),(0.0315962,-0.0355826,0.),(0.0321403,-0.0359207,0.),(0.0322343,-0.0360382,0.),(0.0315962,-0.0355826,0.),(0.0322343,-0.0360382,0.),(0.0323256,-0.0361159,0.),(0.0332748,-0.0351589,0.),(0.0332757,-0.0350677,0.),(0.0336715,-0.0350793,0.),(0.0332720,-0.0352460,0.),(0.0332748,-0.0351589,0.),(0.0336715,-0.0350793,0.),(0.0332608,-0.0354080,0.),(0.0332720,-0.0352460,0.),(0.0336715,-0.0350793,0.),(0.0332422,-0.0355536,0.),(0.0332608,-0.0354080,0.),(0.0336715,-0.0350793,0.),(0.0332162,-0.0356828,0.),(0.0332422,-0.0355536,0.),(0.0336715,-0.0350793,0.),(0.0331827,-0.0357957,0.),(0.0332162,-0.0356828,0.),(0.0336715,-0.0350793,0.),(0.0331418,-0.0358922,0.),(0.0331827,-0.0357957,0.),(0.0336715,-0.0350793,0.),(0.0330934,-0.0359723,0.),(0.0331418,-0.0358922,0.),(0.0336715,-0.0350793,0.),(0.0330934,-0.0359723,0.),(0.0336715,-0.0350793,0.),(0.0336702,-0.0351948,0.),(0.0330934,-0.0359723,0.),(0.0336702,-0.0351948,0.),(0.0336662,-0.0353053,0.),(0.0330934,-0.0359723,0.),(0.0336662,-0.0353053,0.),(0.0336595,-0.0354111,0.),(0.0330376,-0.0360360,0.),(0.0330934,-0.0359723,0.),(0.0336595,-0.0354111,0.),(0.0330376,-0.0360360,0.),(0.0336595,-0.0354111,0.),(0.0336502,-0.0355120,0.),(0.0330376,-0.0360360,0.),(0.0336502,-0.0355120,0.),(0.0336381,-0.0356080,0.),(0.0329409,-0.0361148,0.),(0.0330376,-0.0360360,0.),(0.0336381,-0.0356080,0.),(0.0329409,-0.0361148,0.),(0.0336381,-0.0356080,0.),(0.0336235,-0.0356992,0.),(0.0329409,-0.0361148,0.),(0.0336235,-0.0356992,0.),(0.0336061,-0.0357855,0.),(0.0328405,-0.0361710,0.),(0.0329409,-0.0361148,0.),(0.0336061,-0.0357855,0.),(0.0328405,-0.0361710,0.),(0.0336061,-0.0357855,0.),(0.0335861,-0.0358670,0.),(0.0328405,-0.0361710,0.),(0.0335861,-0.0358670,0.),(0.0335634,-0.0359436,0.),(0.0327362,-0.0362047,0.),(0.0328405,-0.0361710,0.),(0.0335634,-0.0359436,0.),(0.0327362,-0.0362047,0.),(0.0335634,-0.0359436,0.),(0.0335380,-0.0360154,0.),(0.0327362,-0.0362047,0.),(0.0335380,-0.0360154,0.),(0.0334792,-0.0361443,0.),(0.0326280,-0.0362160,0.),(0.0327362,-0.0362047,0.),(0.0334792,-0.0361443,0.),(0.0326280,-0.0362160,0.),(0.0334792,-0.0361443,0.),(0.0334098,-0.0362539,0.),(0.0326280,-0.0362160,0.),(0.0334098,-0.0362539,0.),(0.0333297,-0.0363440,0.),(0.0325224,-0.0362048,0.),(0.0326280,-0.0362160,0.),(0.0333297,-0.0363440,0.),(0.0325224,-0.0362048,0.),(0.0333297,-0.0363440,0.),(0.0332501,-0.0364140,0.),(0.0325224,-0.0362048,0.),(0.0332501,-0.0364140,0.),(0.0331679,-0.0364746,0.),(0.0324216,-0.0361715,0.),(0.0325224,-0.0362048,0.),(0.0331679,-0.0364746,0.),(0.0324216,-0.0361715,0.),(0.0331679,-0.0364746,0.),(0.0330831,-0.0365259,0.),(0.0324216,-0.0361715,0.),(0.0330831,-0.0365259,0.),(0.0329958,-0.0365679,0.),(0.0323256,-0.0361159,0.),(0.0324216,-0.0361715,0.),(0.0329958,-0.0365679,0.),(0.0323256,-0.0361159,0.),(0.0329958,-0.0365679,0.),(0.0329059,-0.0366005,0.),(0.0315962,-0.0355826,0.),(0.0323256,-0.0361159,0.),(0.0329059,-0.0366005,0.),(0.0315962,-0.0355826,0.),(0.0329059,-0.0366005,0.),(0.0328134,-0.0366238,0.),(0.0315962,-0.0355826,0.),(0.0328134,-0.0366238,0.),(0.0327183,-0.0366378,0.),(0.0315962,-0.0355826,0.),(0.0327183,-0.0366378,0.),(0.0326206,-0.0366425,0.),(0.0315962,-0.0355826,0.),(0.0326206,-0.0366425,0.),(0.0325254,-0.0366377,0.),(0.0315962,-0.0355826,0.),(0.0325254,-0.0366377,0.),(0.0324328,-0.0366235,0.),(0.0315962,-0.0355826,0.),(0.0324328,-0.0366235,0.),(0.0323429,-0.0365998,0.),(0.0315962,-0.0355826,0.),(0.0323429,-0.0365998,0.),(0.0322557,-0.0365665,0.),(0.0315962,-0.0355826,0.),(0.0322557,-0.0365665,0.),(0.0321712,-0.0365238,0.),(0.0315962,-0.0355826,0.),(0.0321712,-0.0365238,0.),(0.0320894,-0.0364716,0.),(0.0315962,-0.0355826,0.),(0.0320894,-0.0364716,0.),(0.0320102,-0.0364099,0.),(0.0315962,-0.0355826,0.),(0.0320102,-0.0364099,0.),(0.0319337,-0.0363387,0.),(0.0315962,-0.0355826,0.),(0.0319337,-0.0363387,0.),(0.0318534,-0.0362510,0.),(0.0315962,-0.0355826,0.),(0.0318534,-0.0362510,0.),(0.0317837,-0.0361564,0.),(0.0315962,-0.0355826,0.),(0.0317837,-0.0361564,0.),(0.0317248,-0.0360552,0.),(0.0315962,-0.0355826,0.),(0.0317248,-0.0360552,0.),(0.0316766,-0.0359471,0.),(0.0315962,-0.0355826,0.),(0.0316766,-0.0359471,0.),(0.0316391,-0.0358324,0.),(0.0315962,-0.0355826,0.),(0.0316391,-0.0358324,0.),(0.0316123,-0.0357109,0.),(0.0269564,-0.0342506,0.),(0.0265511,-0.0342506,0.),(0.0258610,-0.0342369,0.),(0.0271988,-0.0342506,0.),(0.0269564,-0.0342506,0.),(0.0258610,-0.0342369,0.),(0.0265511,-0.0355863,0.),(0.0265511,-0.0342506,0.),(0.0269564,-0.0342506,0.),(0.0265511,-0.0355863,0.),(0.0269564,-0.0342506,0.),(0.0269564,-0.0364382,0.),(0.0258610,-0.0342369,0.),(0.0265511,-0.0355863,0.),(0.0269564,-0.0364382,0.),(0.0258610,-0.0342369,0.),(0.0269564,-0.0364382,0.),(0.0269466,-0.0365131,0.),(0.0258610,-0.0342369,0.),(0.0269466,-0.0365131,0.),(0.0269172,-0.0365705,0.),(0.0258610,-0.0342369,0.),(0.0269172,-0.0365705,0.),(0.0268082,-0.0366446,0.),(0.0258610,-0.0342369,0.),(0.0268082,-0.0366446,0.),(0.0267479,-0.0366520,0.),(0.0258610,-0.0342369,0.),(0.0267479,-0.0366520,0.),(0.0266717,-0.0366425,0.),(0.0258610,-0.0342369,0.),(0.0266717,-0.0366425,0.),(0.0265648,-0.0365589,0.),(0.0258610,-0.0342369,0.),(0.0265648,-0.0365589,0.),(0.0252874,-0.0341395,0.),(0.0271988,-0.0342506,0.),(0.0258610,-0.0342369,0.),(0.0252874,-0.0341395,0.),(0.0271988,-0.0342506,0.),(0.0252874,-0.0341395,0.),(0.0252525,-0.0340125,0.),(0.0271988,-0.0342506,0.),(0.0252525,-0.0340125,0.),(0.0252779,-0.0339247,0.),(0.0271988,-0.0342506,0.),(0.0252779,-0.0339247,0.),(0.0253549,-0.0338501,0.),(0.0271988,-0.0342506,0.),(0.0253549,-0.0338501,0.),(0.0254652,-0.0338252,0.),(0.0271988,-0.0342506,0.),(0.0254652,-0.0338252,0.),(0.0265299,-0.0338252,0.),(0.0265299,-0.0338252,0.),(0.0265299,-0.0328134,0.),(0.0265455,-0.0327301,0.),(0.0265299,-0.0338252,0.),(0.0265455,-0.0327301,0.),(0.0265923,-0.0326621,0.),(0.0265299,-0.0338252,0.),(0.0265923,-0.0326621,0.),(0.0266611,-0.0326160,0.),(0.0265299,-0.0338252,0.),(0.0266611,-0.0326160,0.),(0.0267426,-0.0326007,0.),(0.0265299,-0.0338252,0.),(0.0267426,-0.0326007,0.),(0.0268249,-0.0326160,0.),(0.0265299,-0.0338252,0.),(0.0268249,-0.0326160,0.),(0.0268940,-0.0326621,0.),(0.0265299,-0.0338252,0.),(0.0268940,-0.0326621,0.),(0.0269408,-0.0327301,0.),(0.0265299,-0.0338252,0.),(0.0269408,-0.0327301,0.),(0.0269564,-0.0328134,0.),(0.0265299,-0.0338252,0.),(0.0269564,-0.0328134,0.),(0.0269564,-0.0338252,0.),(0.0271988,-0.0342506,0.),(0.0265299,-0.0338252,0.),(0.0269564,-0.0338252,0.),(0.0271988,-0.0342506,0.),(0.0269564,-0.0338252,0.),(0.0271988,-0.0338252,0.),(0.0271988,-0.0342506,0.),(0.0271988,-0.0338252,0.),(0.0272824,-0.0338408,0.),(0.0271988,-0.0342506,0.),(0.0272824,-0.0338408,0.),(0.0273512,-0.0338876,0.),(0.0271988,-0.0342506,0.),(0.0273512,-0.0338876,0.),(0.0273972,-0.0339564,0.),(0.0271988,-0.0342506,0.),(0.0273972,-0.0339564,0.),(0.0274125,-0.0340379,0.),(0.0271988,-0.0342506,0.),(0.0274125,-0.0340379,0.),(0.0273972,-0.0341194,0.),(0.0271988,-0.0342506,0.),(0.0273972,-0.0341194,0.),(0.0273512,-0.0341882,0.),(0.0271988,-0.0342506,0.),(0.0273512,-0.0341882,0.),(0.0272824,-0.0342350,0.),(0.0278306,-0.0326163,0.),(0.0279036,-0.0325097,0.),(0.0280102,-0.0324367,0.),(0.0278306,-0.0326163,0.),(0.0280102,-0.0324367,0.),(0.0281354,-0.0324123,0.),(0.0278306,-0.0326163,0.),(0.0281354,-0.0324123,0.),(0.0282603,-0.0324367,0.),(0.0278306,-0.0326163,0.),(0.0282603,-0.0324367,0.),(0.0283661,-0.0325097,0.),(0.0278306,-0.0326163,0.),(0.0283661,-0.0325097,0.),(0.0284391,-0.0326163,0.),(0.0278306,-0.0326163,0.),(0.0284391,-0.0326163,0.),(0.0284635,-0.0327415,0.),(0.0278306,-0.0326163,0.),(0.0284635,-0.0327415,0.),(0.0284391,-0.0328666,0.),(0.0278306,-0.0326163,0.),(0.0284391,-0.0328666,0.),(0.0283661,-0.0329732,0.),(0.0278306,-0.0326163,0.),(0.0283661,-0.0329732,0.),(0.0282603,-0.0330463,0.),(0.0278306,-0.0326163,0.),(0.0282603,-0.0330463,0.),(0.0281354,-0.0330706,0.),(0.0278306,-0.0326163,0.),(0.0281354,-0.0330706,0.),(0.0280102,-0.0330463,0.),(0.0278306,-0.0326163,0.),(0.0280102,-0.0330463,0.),(0.0279036,-0.0329732,0.),(0.0278306,-0.0326163,0.),(0.0279036,-0.0329732,0.),(0.0278306,-0.0328666,0.),(0.0278306,-0.0326163,0.),(0.0278306,-0.0328666,0.),(0.0278062,-0.0327415,0.),(0.0467686,-0.0343686,0.),(0.0481508,-0.0325790,0.),(0.0482230,-0.0325171,0.),(0.0467686,-0.0343686,0.),(0.0482230,-0.0325171,0.),(0.0483148,-0.0324964,0.),(0.0467686,-0.0343686,0.),(0.0483148,-0.0324964,0.),(0.0484471,-0.0325420,0.),(0.0467686,-0.0343686,0.),(0.0484471,-0.0325420,0.),(0.0485114,-0.0326155,0.),(0.0467686,-0.0343686,0.),(0.0485114,-0.0326155,0.),(0.0485328,-0.0327113,0.),(0.0467686,-0.0343686,0.),(0.0485328,-0.0327113,0.),(0.0484884,-0.0328436,0.),(0.0467686,-0.0343686,0.),(0.0484884,-0.0328436,0.),(0.0473126,-0.0343686,0.),(0.0473126,-0.0343686,0.),(0.0473983,-0.0343686,0.),(0.0475175,-0.0343738,0.),(0.0467686,-0.0343686,0.),(0.0473126,-0.0343686,0.),(0.0475175,-0.0343738,0.),(0.0459050,-0.0343686,0.),(0.0467686,-0.0343686,0.),(0.0475175,-0.0343738,0.),(0.0459050,-0.0343686,0.),(0.0475175,-0.0343738,0.),(0.0476313,-0.0343891,0.),(0.0459050,-0.0343686,0.),(0.0476313,-0.0343891,0.),(0.0477397,-0.0344146,0.),(0.0459050,-0.0343686,0.),(0.0477397,-0.0344146,0.),(0.0478425,-0.0344504,0.),(0.0459050,-0.0343686,0.),(0.0478425,-0.0344504,0.),(0.0479399,-0.0344964,0.),(0.0459050,-0.0343686,0.),(0.0479399,-0.0344964,0.),(0.0480319,-0.0345526,0.),(0.0459050,-0.0343686,0.),(0.0480319,-0.0345526,0.),(0.0481184,-0.0346190,0.),(0.0459050,-0.0343686,0.),(0.0481184,-0.0346190,0.),(0.0481995,-0.0346957,0.),(0.0459050,-0.0343686,0.),(0.0481995,-0.0346957,0.),(0.0482759,-0.0347854,0.),(0.0459050,-0.0343686,0.),(0.0482759,-0.0347854,0.),(0.0483421,-0.0348778,0.),(0.0459050,-0.0343686,0.),(0.0483421,-0.0348778,0.),(0.0483981,-0.0349730,0.),(0.0483981,-0.0349730,0.),(0.0484439,-0.0350708,0.),(0.0480484,-0.0352201,0.),(0.0483981,-0.0349730,0.),(0.0480484,-0.0352201,0.),(0.0479839,-0.0351025,0.),(0.0483981,-0.0349730,0.),(0.0479839,-0.0351025,0.),(0.0478936,-0.0349962,0.),(0.0483981,-0.0349730,0.),(0.0478936,-0.0349962,0.),(0.0477837,-0.0349083,0.),(0.0483981,-0.0349730,0.),(0.0477837,-0.0349083,0.),(0.0476645,-0.0348454,0.),(0.0483981,-0.0349730,0.),(0.0476645,-0.0348454,0.),(0.0475360,-0.0348077,0.),(0.0459050,-0.0343686,0.),(0.0483981,-0.0349730,0.),(0.0475360,-0.0348077,0.),(0.0459050,-0.0343686,0.),(0.0475360,-0.0348077,0.),(0.0473983,-0.0347951,0.),(0.0459050,-0.0343686,0.),(0.0473983,-0.0347951,0.),(0.0459050,-0.0347951,0.),(0.0480871,-0.0353491,0.),(0.0480484,-0.0352201,0.),(0.0484439,-0.0350708,0.),(0.0481000,-0.0354894,0.),(0.0480871,-0.0353491,0.),(0.0484439,-0.0350708,0.),(0.0480871,-0.0356285,0.),(0.0481000,-0.0354894,0.),(0.0484439,-0.0350708,0.),(0.0480484,-0.0357566,0.),(0.0480871,-0.0356285,0.),(0.0484439,-0.0350708,0.),(0.0479839,-0.0358740,0.),(0.0480484,-0.0357566,0.),(0.0484439,-0.0350708,0.),(0.0479839,-0.0358740,0.),(0.0484439,-0.0350708,0.),(0.0484796,-0.0351714,0.),(0.0479839,-0.0358740,0.),(0.0484796,-0.0351714,0.),(0.0485050,-0.0352747,0.),(0.0478936,-0.0359805,0.),(0.0479839,-0.0358740,0.),(0.0485050,-0.0352747,0.),(0.0478936,-0.0359805,0.),(0.0485050,-0.0352747,0.),(0.0485203,-0.0353807,0.),(0.0478936,-0.0359805,0.),(0.0485203,-0.0353807,0.),(0.0485254,-0.0354894,0.),(0.0477864,-0.0360685,0.),(0.0478936,-0.0359805,0.),(0.0485254,-0.0354894,0.),(0.0477864,-0.0360685,0.),(0.0485254,-0.0354894,0.),(0.0485203,-0.0356020,0.),(0.0477864,-0.0360685,0.),(0.0485203,-0.0356020,0.),(0.0485050,-0.0357107,0.),(0.0476692,-0.0361313,0.),(0.0477864,-0.0360685,0.),(0.0485050,-0.0357107,0.),(0.0476692,-0.0361313,0.),(0.0485050,-0.0357107,0.),(0.0484796,-0.0358155,0.),(0.0476692,-0.0361313,0.),(0.0484796,-0.0358155,0.),(0.0484439,-0.0359165,0.),(0.0475420,-0.0361690,0.),(0.0476692,-0.0361313,0.),(0.0484439,-0.0359165,0.),(0.0475420,-0.0361690,0.),(0.0484439,-0.0359165,0.),(0.0483981,-0.0360135,0.),(0.0475420,-0.0361690,0.),(0.0483981,-0.0360135,0.),(0.0483421,-0.0361066,0.),(0.0474046,-0.0361816,0.),(0.0475420,-0.0361690,0.),(0.0483421,-0.0361066,0.),(0.0474046,-0.0361816,0.),(0.0483421,-0.0361066,0.),(0.0482759,-0.0361958,0.),(0.0459050,-0.0361816,0.),(0.0474046,-0.0361816,0.),(0.0482759,-0.0361958,0.),(0.0459050,-0.0361816,0.),(0.0482759,-0.0361958,0.),(0.0481995,-0.0362810,0.),(0.0459050,-0.0361816,0.),(0.0481995,-0.0362810,0.),(0.0481124,-0.0363592,0.),(0.0459050,-0.0361816,0.),(0.0481124,-0.0363592,0.),(0.0480216,-0.0364269,0.),(0.0459050,-0.0361816,0.),(0.0480216,-0.0364269,0.),(0.0479271,-0.0364842,0.),(0.0459050,-0.0361816,0.),(0.0479271,-0.0364842,0.),(0.0478288,-0.0365311,0.),(0.0459050,-0.0361816,0.),(0.0478288,-0.0365311,0.),(0.0477268,-0.0365675,0.),(0.0459050,-0.0361816,0.),(0.0477268,-0.0365675,0.),(0.0476210,-0.0365936,0.),(0.0459050,-0.0361816,0.),(0.0476210,-0.0365936,0.),(0.0475115,-0.0366092,0.),(0.0459050,-0.0361816,0.),(0.0475115,-0.0366092,0.),(0.0473983,-0.0366144,0.),(0.0459050,-0.0361816,0.),(0.0473983,-0.0366144,0.),(0.0456923,-0.0366144,0.),(0.0459050,-0.0347951,0.),(0.0459050,-0.0361816,0.),(0.0456923,-0.0366144,0.),(0.0459050,-0.0343686,0.),(0.0459050,-0.0347951,0.),(0.0456923,-0.0366144,0.),(0.0459050,-0.0343686,0.),(0.0456923,-0.0366144,0.),(0.0456063,-0.0365978,0.),(0.0459050,-0.0343686,0.),(0.0456063,-0.0365978,0.),(0.0455346,-0.0365477,0.),(0.0459050,-0.0343686,0.),(0.0455346,-0.0365477,0.),(0.0454925,-0.0364734,0.),(0.0459050,-0.0343686,0.),(0.0454925,-0.0364734,0.),(0.0454785,-0.0363943,0.),(0.0459050,-0.0343686,0.),(0.0454785,-0.0363943,0.),(0.0454785,-0.0327674,0.),(0.0459050,-0.0343686,0.),(0.0454785,-0.0327674,0.),(0.0455014,-0.0326840,0.),(0.0459050,-0.0343686,0.),(0.0455014,-0.0326840,0.),(0.0455446,-0.0326245,0.),(0.0459050,-0.0343686,0.),(0.0455446,-0.0326245,0.),(0.0456923,-0.0325769,0.),(0.0459050,-0.0343686,0.),(0.0456923,-0.0325769,0.),(0.0457663,-0.0325888,0.),(0.0459050,-0.0343686,0.),(0.0457663,-0.0325888,0.),(0.0458264,-0.0326245,0.),(0.0459050,-0.0343686,0.),(0.0458264,-0.0326245,0.),(0.0459050,-0.0327674,0.),(0.0445165,-0.0343739,0.),(0.0445143,-0.0327674,0.),(0.0445305,-0.0326854,0.),(0.0445165,-0.0343739,0.),(0.0445305,-0.0326854,0.),(0.0445789,-0.0326171,0.),(0.0445165,-0.0343739,0.),(0.0445789,-0.0326171,0.),(0.0446477,-0.0325711,0.),(0.0445165,-0.0343739,0.),(0.0446477,-0.0325711,0.),(0.0447249,-0.0325557,0.),(0.0445165,-0.0343739,0.),(0.0447249,-0.0325557,0.),(0.0448078,-0.0325711,0.),(0.0445165,-0.0343739,0.),(0.0448078,-0.0325711,0.),(0.0448763,-0.0326171,0.),(0.0445165,-0.0343739,0.),(0.0448763,-0.0326171,0.),(0.0449223,-0.0326854,0.),(0.0445165,-0.0343739,0.),(0.0449223,-0.0326854,0.),(0.0449377,-0.0327674,0.),(0.0445165,-0.0343739,0.),(0.0449377,-0.0327674,0.),(0.0449377,-0.0363943,0.),(0.0445165,-0.0343739,0.),(0.0449377,-0.0363943,0.),(0.0449223,-0.0364758,0.),(0.0445165,-0.0343739,0.),(0.0449223,-0.0364758,0.),(0.0448763,-0.0365446,0.),(0.0445165,-0.0343739,0.),(0.0448763,-0.0365446,0.),(0.0448088,-0.0365922,0.),(0.0445165,-0.0343739,0.),(0.0448088,-0.0365922,0.),(0.0447292,-0.0366081,0.),(0.0445165,-0.0343739,0.),(0.0447292,-0.0366081,0.),(0.0446472,-0.0365917,0.),(0.0445165,-0.0343739,0.),(0.0446472,-0.0365917,0.),(0.0445768,-0.0365425,0.),(0.0445165,-0.0343739,0.),(0.0445768,-0.0365425,0.),(0.0445299,-0.0364779,0.),(0.0445165,-0.0343739,0.),(0.0445299,-0.0364779,0.),(0.0445143,-0.0363943,0.),(0.0445165,-0.0343739,0.),(0.0445143,-0.0363943,0.),(0.0445143,-0.0347951,0.),(0.0423151,-0.0343739,0.),(0.0445165,-0.0343739,0.),(0.0445143,-0.0347951,0.),(0.0423151,-0.0343739,0.),(0.0445143,-0.0347951,0.),(0.0423215,-0.0347951,0.),(0.0423151,-0.0343739,0.),(0.0423215,-0.0347951,0.),(0.0423215,-0.0363943,0.),(0.0423151,-0.0343739,0.),(0.0423215,-0.0363943,0.),(0.0423051,-0.0364758,0.),(0.0423151,-0.0343739,0.),(0.0423051,-0.0364758,0.),(0.0422559,-0.0365446,0.),(0.0423151,-0.0343739,0.),(0.0422559,-0.0365446,0.),(0.0421863,-0.0365922,0.),(0.0423151,-0.0343739,0.),(0.0421863,-0.0365922,0.),(0.0421087,-0.0366081,0.),(0.0423151,-0.0343739,0.),(0.0421087,-0.0366081,0.),(0.0420265,-0.0365922,0.),(0.0423151,-0.0343739,0.),(0.0420265,-0.0365922,0.),(0.0419553,-0.0365446,0.),(0.0423151,-0.0343739,0.),(0.0419553,-0.0365446,0.),(0.0419069,-0.0364758,0.),(0.0423151,-0.0343739,0.),(0.0419069,-0.0364758,0.),(0.0418907,-0.0363943,0.),(0.0423151,-0.0343739,0.),(0.0418907,-0.0363943,0.),(0.0418907,-0.0327674,0.),(0.0423151,-0.0343739,0.),(0.0418907,-0.0327674,0.),(0.0419063,-0.0326854,0.),(0.0423151,-0.0343739,0.),(0.0419063,-0.0326854,0.),(0.0419532,-0.0326171,0.),(0.0423151,-0.0343739,0.),(0.0419532,-0.0326171,0.),(0.0420228,-0.0325711,0.),(0.0423151,-0.0343739,0.),(0.0420228,-0.0325711,0.),(0.0421045,-0.0325557,0.),(0.0423151,-0.0343739,0.),(0.0421045,-0.0325557,0.),(0.0421823,-0.0325708,0.),(0.0423151,-0.0343739,0.),(0.0421823,-0.0325708,0.),(0.0422548,-0.0326160,0.),(0.0423151,-0.0343739,0.),(0.0422548,-0.0326160,0.),(0.0423000,-0.0326809,0.),(0.0423151,-0.0343739,0.),(0.0423000,-0.0326809,0.),(0.0423151,-0.0327674,0.),(0.0494970,-0.0340861,0.),(0.0494970,-0.0363943,0.),(0.0494816,-0.0364758,0.),(0.0494970,-0.0340861,0.),(0.0494816,-0.0364758,0.),(0.0494356,-0.0365446,0.),(0.0494970,-0.0340861,0.),(0.0494356,-0.0365446,0.),(0.0493681,-0.0365922,0.),(0.0495019,-0.0339736,0.),(0.0494970,-0.0340861,0.),(0.0493681,-0.0365922,0.),(0.0495019,-0.0339736,0.),(0.0493681,-0.0365922,0.),(0.0492885,-0.0366081,0.),(0.0495019,-0.0339736,0.),(0.0492885,-0.0366081,0.),(0.0492051,-0.0365917,0.),(0.0495019,-0.0339736,0.),(0.0492051,-0.0365917,0.),(0.0491308,-0.0365425,0.),(0.0495019,-0.0339736,0.),(0.0491308,-0.0365425,0.),(0.0490855,-0.0364779,0.),(0.0495019,-0.0339736,0.),(0.0490855,-0.0364779,0.),(0.0490705,-0.0363943,0.),(0.0495019,-0.0339736,0.),(0.0490705,-0.0363943,0.),(0.0490705,-0.0340861,0.),(0.0495019,-0.0339736,0.),(0.0490705,-0.0340861,0.),(0.0490774,-0.0339310,0.),(0.0495019,-0.0339736,0.),(0.0490774,-0.0339310,0.),(0.0490982,-0.0337816,0.),(0.0495019,-0.0339736,0.),(0.0490982,-0.0337816,0.),(0.0491330,-0.0336379,0.),(0.0495019,-0.0339736,0.),(0.0491330,-0.0336379,0.),(0.0491816,-0.0335000,0.),(0.0495019,-0.0339736,0.),(0.0491816,-0.0335000,0.),(0.0492441,-0.0333678,0.),(0.0495019,-0.0339736,0.),(0.0492441,-0.0333678,0.),(0.0493205,-0.0332413,0.),(0.0495019,-0.0339736,0.),(0.0493205,-0.0332413,0.),(0.0494108,-0.0331206,0.),(0.0495019,-0.0339736,0.),(0.0494108,-0.0331206,0.),(0.0495150,-0.0330055,0.),(0.0495019,-0.0339736,0.),(0.0495150,-0.0330055,0.),(0.0496275,-0.0329001,0.),(0.0496275,-0.0329001,0.),(0.0497462,-0.0328087,0.),(0.0498710,-0.0327314,0.),(0.0496275,-0.0329001,0.),(0.0498710,-0.0327314,0.),(0.0500018,-0.0326682,0.),(0.0496275,-0.0329001,0.),(0.0500018,-0.0326682,0.),(0.0501387,-0.0326190,0.),(0.0496275,-0.0329001,0.),(0.0501387,-0.0326190,0.),(0.0502817,-0.0325838,0.),(0.0496275,-0.0329001,0.),(0.0502817,-0.0325838,0.),(0.0504308,-0.0325627,0.),(0.0496275,-0.0329001,0.),(0.0504308,-0.0325627,0.),(0.0505860,-0.0325557,0.),(0.0496275,-0.0329001,0.),(0.0505860,-0.0325557,0.),(0.0507414,-0.0325627,0.),(0.0496275,-0.0329001,0.),(0.0507414,-0.0325627,0.),(0.0508911,-0.0325838,0.),(0.0496275,-0.0329001,0.),(0.0508911,-0.0325838,0.),(0.0510352,-0.0326190,0.),(0.0496275,-0.0329001,0.),(0.0510352,-0.0326190,0.),(0.0511736,-0.0326682,0.),(0.0496275,-0.0329001,0.),(0.0511736,-0.0326682,0.),(0.0513064,-0.0327314,0.),(0.0496275,-0.0329001,0.),(0.0513064,-0.0327314,0.),(0.0514335,-0.0328087,0.),(0.0496275,-0.0329001,0.),(0.0514335,-0.0328087,0.),(0.0515550,-0.0329001,0.),(0.0496275,-0.0329001,0.),(0.0515550,-0.0329001,0.),(0.0516708,-0.0330055,0.),(0.0516708,-0.0330055,0.),(0.0517755,-0.0331192,0.),(0.0518662,-0.0332391,0.),(0.0516708,-0.0330055,0.),(0.0518662,-0.0332391,0.),(0.0519429,-0.0333653,0.),(0.0516708,-0.0330055,0.),(0.0519429,-0.0333653,0.),(0.0520058,-0.0334976,0.),(0.0516708,-0.0330055,0.),(0.0520058,-0.0334976,0.),(0.0520546,-0.0336362,0.),(0.0516708,-0.0330055,0.),(0.0520546,-0.0336362,0.),(0.0520895,-0.0337810,0.),(0.0516708,-0.0330055,0.),(0.0520895,-0.0337810,0.),(0.0521104,-0.0339320,0.),(0.0516708,-0.0330055,0.),(0.0521104,-0.0339320,0.),(0.0521174,-0.0340892,0.),(0.0516708,-0.0330055,0.),(0.0521174,-0.0340892,0.),(0.0521174,-0.0363943,0.),(0.0516708,-0.0330055,0.),(0.0521174,-0.0363943,0.),(0.0521021,-0.0364758,0.),(0.0516708,-0.0330055,0.),(0.0521021,-0.0364758,0.),(0.0520560,-0.0365446,0.),(0.0516708,-0.0330055,0.),(0.0520560,-0.0365446,0.),(0.0519878,-0.0365922,0.),(0.0516708,-0.0330055,0.),(0.0519878,-0.0365922,0.),(0.0519057,-0.0366081,0.),(0.0516708,-0.0330055,0.),(0.0519057,-0.0366081,0.),(0.0518237,-0.0365922,0.),(0.0516708,-0.0330055,0.),(0.0518237,-0.0365922,0.),(0.0517555,-0.0365446,0.),(0.0517555,-0.0365446,0.),(0.0517094,-0.0364758,0.),(0.0516941,-0.0363943,0.),(0.0517555,-0.0365446,0.),(0.0516941,-0.0363943,0.),(0.0516941,-0.0340892,0.),(0.0516708,-0.0330055,0.),(0.0517555,-0.0365446,0.),(0.0516941,-0.0340892,0.),(0.0516708,-0.0330055,0.),(0.0516941,-0.0340892,0.),(0.0516890,-0.0339772,0.),(0.0516708,-0.0330055,0.),(0.0516890,-0.0339772,0.),(0.0516736,-0.0338692,0.),(0.0516708,-0.0330055,0.),(0.0516736,-0.0338692,0.),(0.0516481,-0.0337653,0.),(0.0516708,-0.0330055,0.),(0.0516481,-0.0337653,0.),(0.0516123,-0.0336654,0.),(0.0516708,-0.0330055,0.),(0.0516123,-0.0336654,0.),(0.0515663,-0.0335695,0.),(0.0516708,-0.0330055,0.),(0.0515663,-0.0335695,0.),(0.0515101,-0.0334777,0.),(0.0516708,-0.0330055,0.),(0.0515101,-0.0334777,0.),(0.0514437,-0.0333898,0.),(0.0516708,-0.0330055,0.),(0.0514437,-0.0333898,0.),(0.0513670,-0.0333061,0.),(0.0516708,-0.0330055,0.),(0.0513670,-0.0333061,0.),(0.0512852,-0.0332297,0.),(0.0516708,-0.0330055,0.),(0.0512852,-0.0332297,0.),(0.0511988,-0.0331635,0.),(0.0516708,-0.0330055,0.),(0.0511988,-0.0331635,0.),(0.0511080,-0.0331074,0.),(0.0516708,-0.0330055,0.),(0.0511080,-0.0331074,0.),(0.0510128,-0.0330616,0.),(0.0516708,-0.0330055,0.),(0.0510128,-0.0330616,0.),(0.0509130,-0.0330259,0.),(0.0516708,-0.0330055,0.),(0.0509130,-0.0330259,0.),(0.0508088,-0.0330005,0.),(0.0516708,-0.0330055,0.),(0.0508088,-0.0330005,0.),(0.0507002,-0.0329852,0.),(0.0496275,-0.0329001,0.),(0.0516708,-0.0330055,0.),(0.0507002,-0.0329852,0.),(0.0496275,-0.0329001,0.),(0.0507002,-0.0329852,0.),(0.0505871,-0.0329801,0.),(0.0496275,-0.0329001,0.),(0.0505871,-0.0329801,0.),(0.0504759,-0.0329852,0.),(0.0496275,-0.0329001,0.),(0.0504759,-0.0329852,0.),(0.0503690,-0.0330003,0.),(0.0496275,-0.0329001,0.),(0.0503690,-0.0330003,0.),(0.0502662,-0.0330256,0.),(0.0496275,-0.0329001,0.),(0.0502662,-0.0330256,0.),(0.0501677,-0.0330611,0.),(0.0496275,-0.0329001,0.),(0.0501677,-0.0330611,0.),(0.0500734,-0.0331066,0.),(0.0496275,-0.0329001,0.),(0.0500734,-0.0331066,0.),(0.0499832,-0.0331623,0.),(0.0496275,-0.0329001,0.),(0.0499832,-0.0331623,0.),(0.0498973,-0.0332281,0.),(0.0496275,-0.0329001,0.),(0.0498973,-0.0332281,0.),(0.0498155,-0.0333040,0.),(0.0496275,-0.0329001,0.),(0.0498155,-0.0333040,0.),(0.0497409,-0.0333870,0.),(0.0496275,-0.0329001,0.),(0.0497409,-0.0333870,0.),(0.0496762,-0.0334743,0.),(0.0496275,-0.0329001,0.),(0.0496762,-0.0334743,0.),(0.0496214,-0.0335657,0.),(0.0496275,-0.0329001,0.),(0.0496214,-0.0335657,0.),(0.0495766,-0.0336614,0.),(0.0496275,-0.0329001,0.),(0.0495766,-0.0336614,0.),(0.0495418,-0.0337613,0.),(0.0496275,-0.0329001,0.),(0.0495418,-0.0337613,0.),(0.0495169,-0.0338653,0.),(0.0495019,-0.0339736,0.),(0.0496275,-0.0329001,0.),(0.0495169,-0.0338653,0.),(0.0412946,-0.0362347,0.),(0.0413478,-0.0363943,0.),(0.0413327,-0.0364742,0.),(0.0412946,-0.0362347,0.),(0.0413327,-0.0364742,0.),(0.0412875,-0.0365425,0.),(0.0412946,-0.0362347,0.),(0.0412875,-0.0365425,0.),(0.0412192,-0.0365917,0.),(0.0412946,-0.0362347,0.),(0.0412192,-0.0365917,0.),(0.0411351,-0.0366081,0.),(0.0412946,-0.0362347,0.),(0.0411351,-0.0366081,0.),(0.0385146,-0.0366081,0.),(0.0412946,-0.0362347,0.),(0.0385146,-0.0366081,0.),(0.0384215,-0.0365877,0.),(0.0412946,-0.0362347,0.),(0.0384215,-0.0365877,0.),(0.0383474,-0.0365266,0.),(0.0412946,-0.0362347,0.),(0.0383474,-0.0365266,0.),(0.0383009,-0.0363943,0.),(0.0412946,-0.0362347,0.),(0.0383009,-0.0363943,0.),(0.0383009,-0.0363784,0.),(0.0412946,-0.0362347,0.),(0.0383009,-0.0363784,0.),(0.0383612,-0.0362493,0.),(0.0412946,-0.0362347,0.),(0.0383612,-0.0362493,0.),(0.0384324,-0.0361985,0.),(0.0412946,-0.0362347,0.),(0.0384324,-0.0361985,0.),(0.0385146,-0.0361816,0.),(0.0412946,-0.0362347,0.),(0.0385146,-0.0361816,0.),(0.0396143,-0.0361816,0.),(0.0396143,-0.0361816,0.),(0.0396143,-0.0327674,0.),(0.0396296,-0.0326854,0.),(0.0396143,-0.0361816,0.),(0.0396296,-0.0326854,0.),(0.0396756,-0.0326171,0.),(0.0396143,-0.0361816,0.),(0.0396756,-0.0326171,0.),(0.0397439,-0.0325711,0.),(0.0396143,-0.0361816,0.),(0.0397439,-0.0325711,0.),(0.0398259,-0.0325557,0.),(0.0396143,-0.0361816,0.),(0.0398259,-0.0325557,0.),(0.0399079,-0.0325711,0.),(0.0396143,-0.0361816,0.),(0.0399079,-0.0325711,0.),(0.0399762,-0.0326171,0.),(0.0396143,-0.0361816,0.),(0.0399762,-0.0326171,0.),(0.0400222,-0.0326854,0.),(0.0396143,-0.0361816,0.),(0.0400222,-0.0326854,0.),(0.0400376,-0.0327674,0.),(0.0396143,-0.0361816,0.),(0.0400376,-0.0327674,0.),(0.0400376,-0.0361816,0.),(0.0412946,-0.0362347,0.),(0.0396143,-0.0361816,0.),(0.0400376,-0.0361816,0.),(0.0412946,-0.0362347,0.),(0.0400376,-0.0361816,0.),(0.0411351,-0.0361816,0.),(0.0412946,-0.0362347,0.),(0.0411351,-0.0361816,0.),(0.0412281,-0.0361949,0.)));
#1178=COMPLEX_TRIANGULATED_SURFACE_SET('surface set',#1177,4473,(),(),(),((1,2,3),(4,5,6),(7,8,9),(10,11,12),(13,14,15),(16,17,18),(19,20,21),(22,23,24),(25,26,27),(28,29,30),(31,32,33),(34,35,36),(37,38,39),(40,41,42),(43,44,45),(46,47,48),(49,50,51),(52,53,54),(55,56,57),(58,59,60),(61,62,63),(64,65,66),(67,68,69),(70,71,72),(73,74,75),(76,77,78),(79,80,81),(82,83,84),(85,86,87),(88,89,90),(91,92,93),(94,95,96),(97,98,99),(100,101,102),(103,104,105),(106,107,108),(109,110,111),(112,113,114),(115,116,117),(118,119,120),(121,122,123),(124,125,126),(127,128,129),(130,131,132),(133,134,135),(136,137,138),(139,140,141),(142,143,144),(145,146,147),(148,149,150),(151,152,153),(154,155,156),(157,158,159),(160,161,162),(163,164,165),(166,167,168),(169,170,171),(172,173,174),(175,176,177),(178,179,180),(181,182,183),(184,185,186),(187,188,189),(190,191,192),(193,194,195),(196,197,198),(199,200,201),(202,203,204),(205,206,207),(208,209,210),(211,212,213),(214,215,216),(217,218,219),(220,221,222),(223,224,225),(226,227,228),(229,230,231),(232,233,234),(235,236,237),(238,239,240),(241,242,243),(244,245,246),(247,248,249),(250,251,252),(253,254,255),(256,257,258),(259,260,261),(262,263,264),(265,266,267),(268,269,270),(271,272,273),(274,275,276),(277,278,279),(280,281,282),(283,284,285),(286,287,288),(289,290,291),(292,293,294),(295,296,297),(298,299,300),(301,302,303),(304,305,306),(307,308,309),(310,311,312),(313,314,315),(316,317,318),(319,320,321),(322,323,324),(325,326,327),(328,329,330),(331,332,333),(334,335,336),(337,338,339),(340,341,342),(343,344,345),(346,347,348),(349,350,351),(352,353,354),(355,356,357),(358,359,360),(361,362,363),(364,365,366),(367,368,369),(370,371,372),(373,374,375),(376,377,378),(379,380,381),(382,383,384),(385,386,387),(388,389,390),(391,392,393),(394,395,396),(397,398,399),(400,401,402),(403,404,405),(406,407,408),(409,410,411),(412,413,414),(415,416,417),(418,419,420),(421,422,423),(424,425,426),(427,428,429),(430,431,432),(433,434,435),(436,437,438),(439,440,441),(442,443,444),(445,446,447),(448,449,450),(451,452,453),(454,455,456),(457,458,459),(460,461,462),(463,464,465),(466,467,468),(469,470,471),(472,473,474),(475,476,477),(478,479,480),(481,482,483),(484,485,486),(487,488,489),(490,491,492),(493,494,495),(496,497,498),(499,500,501),(502,503,504),(505,506,507),(508,509,510),(511,512,513),(514,515,516),(517,518,519),(520,521,522),(523,524,525),(526,527,528),(529,530,531),(532,533,534),(535,536,537),(538,539,540),(541,542,543),(544,545,546),(547,548,549),(550,551,552),(553,554,555),(556,557,558),(559,560,561),(562,563,564),(565,566,567),(568,569,570),(571,572,573),(574,575,576),(577,578,579),(580,581,582),(583,584,585),(586,587,588),(589,590,591),(592,593,594),(595,596,597),(598,599,600),(601,602,603),(604,605,606),(607,608,609),(610,611,612),(613,614,615),(616,617,618),(619,620,621),(622,623,624),(625,626,627),(628,629,630),(631,632,633),(634,635,636),(637,638,639),(640,641,642),(643,644,645),(646,647,648),(649,650,651),(652,653,654),(655,656,657),(658,659,660),(661,662,663),(664,665,666),(667,668,669),(670,671,672),(673,674,675),(676,677,678),(679,680,681),(682,683,684),(685,686,687),(688,689,690),(691,692,693),(694,695,696),(697,698,699),(700,701,702),(703,704,705),(706,707,708),(709,710,711),(712,713,714),(715,716,717),(718,719,720),(721,722,723),(724,725,726),(727,728,729),(730,731,732),(733,734,735),(736,737,738),(739,740,741),(742,743,744),(745,746,747),(748,749,750),(751,752,753),(754,755,756),(757,758,759),(760,761,762),(763,764,765),(766,767,768),(769,770,771),(772,773,774),(775,776,777),(778,779,780),(781,782,783),(784,785,786),(787,788,789),(790,791,792),(793,794,795),(796,797,798),(799,800,801),(802,803,804),(805,806,807),(808,809,810),(811,812,813),(814,815,816),(817,818,819),(820,821,822),(823,824,825),(826,827,828),(829,830,831),(832,833,834),(835,836,837),(838,839,840),(841,842,843),(844,845,846),(847,848,849),(850,851,852),(853,854,855),(856,857,858),(859,860,861),(862,863,864),(865,866,867),(868,869,870),(871,872,873),(874,875,876),(877,878,879),(880,881,882),(883,884,885),(886,887,888),(889,890,891),(892,893,894),(895,896,897),(898,899,900),(901,902,903),(904,905,906),(907,908,909),(910,911,912),(913,914,915),(916,917,918),(919,920,921),(922,923,924),(925,926,927),(928,929,930),(931,932,933),(934,935,936),(937,938,939),(940,941,942),(943,944,945),(946,947,948),(949,950,951),(952,953,954),(955,956,957),(958,959,960),(961,962,963),(964,965,966),(967,968,969),(970,971,972),(973,974,975),(976,977,978),(979,980,981),(982,983,984),(985,986,987),(988,989,990),(991,992,993),(994,995,996),(997,998,999),(1000,1001,1002),(1003,1004,1005),(1006,1007,1008),(1009,1010,1011),(1012,1013,1014),(1015,1016,1017),(1018,1019,1020),(1021,1022,1023),(1024,1025,1026),(1027,1028,1029),(1030,1031,1032),(1033,1034,1035),(1036,1037,1038),(1039,1040,1041),(1042,1043,1044),(1045,1046,1047),(1048,1049,1050),(1051,1052,1053),(1054,1055,1056),(1057,1058,1059),(1060,1061,1062),(1063,1064,1065),(1066,1067,1068),(1069,1070,1071),(1072,1073,1074),(1075,1076,1077),(1078,1079,1080),(1081,1082,1083),(1084,1085,1086),(1087,1088,1089),(1090,1091,1092),(1093,1094,1095),(1096,1097,1098),(1099,1100,1101),(1102,1103,1104),(1105,1106,1107),(1108,1109,1110),(1111,1112,1113),(1114,1115,1116),(1117,1118,1119),(1120,1121,1122),(1123,1124,1125),(1126,1127,1128),(1129,1130,1131),(1132,1133,1134),(1135,1136,1137),(1138,1139,1140),(1141,1142,1143),(1144,1145,1146),(1147,1148,1149),(1150,1151,1152),(1153,1154,1155),(1156,1157,1158),(1159,1160,1161),(1162,1163,1164),(1165,1166,1167),(1168,1169,1170),(1171,1172,1173),(1174,1175,1176),(1177,1178,1179),(1180,1181,1182),(1183,1184,1185),(1186,1187,1188),(1189,1190,1191),(1192,1193,1194),(1195,1196,1197),(1198,1199,1200),(1201,1202,1203),(1204,1205,1206),(1207,1208,1209),(1210,1211,1212),(1213,1214,1215),(1216,1217,1218),(1219,1220,1221),(1222,1223,1224),(1225,1226,1227),(1228,1229,1230),(1231,1232,1233),(1234,1235,1236),(1237,1238,1239),(1240,1241,1242),(1243,1244,1245),(1246,1247,1248),(1249,1250,1251),(1252,1253,1254),(1255,1256,1257),(1258,1259,1260),(1261,1262,1263),(1264,1265,1266),(1267,1268,1269),(1270,1271,1272),(1273,1274,1275),(1276,1277,1278),(1279,1280,1281),(1282,1283,1284),(1285,1286,1287),(1288,1289,1290),(1291,1292,1293),(1294,1295,1296),(1297,1298,1299),(1300,1301,1302),(1303,1304,1305),(1306,1307,1308),(1309,1310,1311),(1312,1313,1314),(1315,1316,1317),(1318,1319,1320),(1321,1322,1323),(1324,1325,1326),(1327,1328,1329),(1330,1331,1332),(1333,1334,1335),(1336,1337,1338),(1339,1340,1341),(1342,1343,1344),(1345,1346,1347),(1348,1349,1350),(1351,1352,1353),(1354,1355,1356),(1357,1358,1359),(1360,1361,1362),(1363,1364,1365),(1366,1367,1368),(1369,1370,1371),(1372,1373,1374),(1375,1376,1377),(1378,1379,1380),(1381,1382,1383),(1384,1385,1386),(1387,1388,1389),(1390,1391,1392),(1393,1394,1395),(1396,1397,1398),(1399,1400,1401),(1402,1403,1404),(1405,1406,1407),(1408,1409,1410),(1411,1412,1413),(1414,1415,1416),(1417,1418,1419),(1420,1421,1422),(1423,1424,1425),(1426,1427,1428),(1429,1430,1431),(1432,1433,1434),(1435,1436,1437),(1438,1439,1440),(1441,1442,1443),(1444,1445,1446),(1447,1448,1449),(1450,1451,1452),(1453,1454,1455),(1456,1457,1458),(1459,1460,1461),(1462,1463,1464),(1465,1466,1467),(1468,1469,1470),(1471,1472,1473),(1474,1475,1476),(1477,1478,1479),(1480,1481,1482),(1483,1484,1485),(1486,1487,1488),(1489,1490,1491),(1492,1493,1494),(1495,1496,1497),(1498,1499,1500),(1501,1502,1503),(1504,1505,1506),(1507,1508,1509),(1510,1511,1512),(1513,1514,1515),(1516,1517,1518),(1519,1520,1521),(1522,1523,1524),(1525,1526,1527),(1528,1529,1530),(1531,1532,1533),(1534,1535,1536),(1537,1538,1539),(1540,1541,1542),(1543,1544,1545),(1546,1547,1548),(1549,1550,1551),(1552,1553,1554),(1555,1556,1557),(1558,1559,1560),(1561,1562,1563),(1564,1565,1566),(1567,1568,1569),(1570,1571,1572),(1573,1574,1575),(1576,1577,1578),(1579,1580,1581),(1582,1583,1584),(1585,1586,1587),(1588,1589,1590),(1591,1592,1593),(1594,1595,1596),(1597,1598,1599),(1600,1601,1602),(1603,1604,1605),(1606,1607,1608),(1609,1610,1611),(1612,1613,1614),(1615,1616,1617),(1618,1619,1620),(1621,1622,1623),(1624,1625,1626),(1627,1628,1629),(1630,1631,1632),(1633,1634,1635),(1636,1637,1638),(1639,1640,1641),(1642,1643,1644),(1645,1646,1647),(1648,1649,1650),(1651,1652,1653),(1654,1655,1656),(1657,1658,1659),(1660,1661,1662),(1663,1664,1665),(1666,1667,1668),(1669,1670,1671),(1672,1673,1674),(1675,1676,1677),(1678,1679,1680),(1681,1682,1683),(1684,1685,1686),(1687,1688,1689),(1690,1691,1692),(1693,1694,1695),(1696,1697,1698),(1699,1700,1701),(1702,1703,1704),(1705,1706,1707),(1708,1709,1710),(1711,1712,1713),(1714,1715,1716),(1717,1718,1719),(1720,1721,1722),(1723,1724,1725),(1726,1727,1728),(1729,1730,1731),(1732,1733,1734),(1735,1736,1737),(1738,1739,1740),(1741,1742,1743),(1744,1745,1746),(1747,1748,1749),(1750,1751,1752),(1753,1754,1755),(1756,1757,1758),(1759,1760,1761),(1762,1763,1764),(1765,1766,1767),(1768,1769,1770),(1771,1772,1773),(1774,1775,1776),(1777,1778,1779),(1780,1781,1782),(1783,1784,1785),(1786,1787,1788),(1789,1790,1791),(1792,1793,1794),(1795,1796,1797),(1798,1799,1800),(1801,1802,1803),(1804,1805,1806),(1807,1808,1809),(1810,1811,1812),(1813,1814,1815),(1816,1817,1818),(1819,1820,1821),(1822,1823,1824),(1825,1826,1827),(1828,1829,1830),(1831,1832,1833),(1834,1835,1836),(1837,1838,1839),(1840,1841,1842),(1843,1844,1845),(1846,1847,1848),(1849,1850,1851),(1852,1853,1854),(1855,1856,1857),(1858,1859,1860),(1861,1862,1863),(1864,1865,1866),(1867,1868,1869),(1870,1871,1872),(1873,1874,1875),(1876,1877,1878),(1879,1880,1881),(1882,1883,1884),(1885,1886,1887),(1888,1889,1890),(1891,1892,1893),(1894,1895,1896),(1897,1898,1899),(1900,1901,1902),(1903,1904,1905),(1906,1907,1908),(1909,1910,1911),(1912,1913,1914),(1915,1916,1917),(1918,1919,1920),(1921,1922,1923),(1924,1925,1926),(1927,1928,1929),(1930,1931,1932),(1933,1934,1935),(1936,1937,1938),(1939,1940,1941),(1942,1943,1944),(1945,1946,1947),(1948,1949,1950),(1951,1952,1953),(1954,1955,1956),(1957,1958,1959),(1960,1961,1962),(1963,1964,1965),(1966,1967,1968),(1969,1970,1971),(1972,1973,1974),(1975,1976,1977),(1978,1979,1980),(1981,1982,1983),(1984,1985,1986),(1987,1988,1989),(1990,1991,1992),(1993,1994,1995),(1996,1997,1998),(1999,2000,2001),(2002,2003,2004),(2005,2006,2007),(2008,2009,2010),(2011,2012,2013),(2014,2015,2016),(2017,2018,2019),(2020,2021,2022),(2023,2024,2025),(2026,2027,2028),(2029,2030,2031),(2032,2033,2034),(2035,2036,2037),(2038,2039,2040),(2041,2042,2043),(2044,2045,2046),(2047,2048,2049),(2050,2051,2052),(2053,2054,2055),(2056,2057,2058),(2059,2060,2061),(2062,2063,2064),(2065,2066,2067),(2068,2069,2070),(2071,2072,2073),(2074,2075,2076),(2077,2078,2079),(2080,2081,2082),(2083,2084,2085),(2086,2087,2088),(2089,2090,2091),(2092,2093,2094),(2095,2096,2097),(2098,2099,2100),(2101,2102,2103),(2104,2105,2106),(2107,2108,2109),(2110,2111,2112),(2113,2114,2115),(2116,2117,2118),(2119,2120,2121),(2122,2123,2124),(2125,2126,2127),(2128,2129,2130),(2131,2132,2133),(2134,2135,2136),(2137,2138,2139),(2140,2141,2142),(2143,2144,2145),(2146,2147,2148),(2149,2150,2151),(2152,2153,2154),(2155,2156,2157),(2158,2159,2160),(2161,2162,2163),(2164,2165,2166),(2167,2168,2169),(2170,2171,2172),(2173,2174,2175),(2176,2177,2178),(2179,2180,2181),(2182,2183,2184),(2185,2186,2187),(2188,2189,2190),(2191,2192,2193),(2194,2195,2196),(2197,2198,2199),(2200,2201,2202),(2203,2204,2205),(2206,2207,2208),(2209,2210,2211),(2212,2213,2214),(2215,2216,2217),(2218,2219,2220),(2221,2222,2223),(2224,2225,2226),(2227,2228,2229),(2230,2231,2232),(2233,2234,2235),(2236,2237,2238),(2239,2240,2241),(2242,2243,2244),(2245,2246,2247),(2248,2249,2250),(2251,2252,2253),(2254,2255,2256),(2257,2258,2259),(2260,2261,2262),(2263,2264,2265),(2266,2267,2268),(2269,2270,2271),(2272,2273,2274),(2275,2276,2277),(2278,2279,2280),(2281,2282,2283),(2284,2285,2286),(2287,2288,2289),(2290,2291,2292),(2293,2294,2295),(2296,2297,2298),(2299,2300,2301),(2302,2303,2304),(2305,2306,2307),(2308,2309,2310),(2311,2312,2313),(2314,2315,2316),(2317,2318,2319),(2320,2321,2322),(2323,2324,2325),(2326,2327,2328),(2329,2330,2331),(2332,2333,2334),(2335,2336,2337),(2338,2339,2340),(2341,2342,2343),(2344,2345,2346),(2347,2348,2349),(2350,2351,2352),(2353,2354,2355),(2356,2357,2358),(2359,2360,2361),(2362,2363,2364),(2365,2366,2367),(2368,2369,2370),(2371,2372,2373),(2374,2375,2376),(2377,2378,2379),(2380,2381,2382),(2383,2384,2385),(2386,2387,2388),(2389,2390,2391),(2392,2393,2394),(2395,2396,2397),(2398,2399,2400),(2401,2402,2403),(2404,2405,2406),(2407,2408,2409),(2410,2411,2412),(2413,2414,2415),(2416,2417,2418),(2419,2420,2421),(2422,2423,2424),(2425,2426,2427),(2428,2429,2430),(2431,2432,2433),(2434,2435,2436),(2437,2438,2439),(2440,2441,2442),(2443,2444,2445),(2446,2447,2448),(2449,2450,2451),(2452,2453,2454),(2455,2456,2457),(2458,2459,2460),(2461,2462,2463),(2464,2465,2466),(2467,2468,2469),(2470,2471,2472),(2473,2474,2475),(2476,2477,2478),(2479,2480,2481),(2482,2483,2484),(2485,2486,2487),(2488,2489,2490),(2491,2492,2493),(2494,2495,2496),(2497,2498,2499),(2500,2501,2502),(2503,2504,2505),(2506,2507,2508),(2509,2510,2511),(2512,2513,2514),(2515,2516,2517),(2518,2519,2520),(2521,2522,2523),(2524,2525,2526),(2527,2528,2529),(2530,2531,2532),(2533,2534,2535),(2536,2537,2538),(2539,2540,2541),(2542,2543,2544),(2545,2546,2547),(2548,2549,2550),(2551,2552,2553),(2554,2555,2556),(2557,2558,2559),(2560,2561,2562),(2563,2564,2565),(2566,2567,2568),(2569,2570,2571),(2572,2573,2574),(2575,2576,2577),(2578,2579,2580),(2581,2582,2583),(2584,2585,2586),(2587,2588,2589),(2590,2591,2592),(2593,2594,2595),(2596,2597,2598),(2599,2600,2601),(2602,2603,2604),(2605,2606,2607),(2608,2609,2610),(2611,2612,2613),(2614,2615,2616),(2617,2618,2619),(2620,2621,2622),(2623,2624,2625),(2626,2627,2628),(2629,2630,2631),(2632,2633,2634),(2635,2636,2637),(2638,2639,2640),(2641,2642,2643),(2644,2645,2646),(2647,2648,2649),(2650,2651,2652),(2653,2654,2655),(2656,2657,2658),(2659,2660,2661),(2662,2663,2664),(2665,2666,2667),(2668,2669,2670),(2671,2672,2673),(2674,2675,2676),(2677,2678,2679),(2680,2681,2682),(2683,2684,2685),(2686,2687,2688),(2689,2690,2691),(2692,2693,2694),(2695,2696,2697),(2698,2699,2700),(2701,2702,2703),(2704,2705,2706),(2707,2708,2709),(2710,2711,2712),(2713,2714,2715),(2716,2717,2718),(2719,2720,2721),(2722,2723,2724),(2725,2726,2727),(2728,2729,2730),(2731,2732,2733),(2734,2735,2736),(2737,2738,2739),(2740,2741,2742),(2743,2744,2745),(2746,2747,2748),(2749,2750,2751),(2752,2753,2754),(2755,2756,2757),(2758,2759,2760),(2761,2762,2763),(2764,2765,2766),(2767,2768,2769),(2770,2771,2772),(2773,2774,2775),(2776,2777,2778),(2779,2780,2781),(2782,2783,2784),(2785,2786,2787),(2788,2789,2790),(2791,2792,2793),(2794,2795,2796),(2797,2798,2799),(2800,2801,2802),(2803,2804,2805),(2806,2807,2808),(2809,2810,2811),(2812,2813,2814),(2815,2816,2817),(2818,2819,2820),(2821,2822,2823),(2824,2825,2826),(2827,2828,2829),(2830,2831,2832),(2833,2834,2835),(2836,2837,2838),(2839,2840,2841),(2842,2843,2844),(2845,2846,2847),(2848,2849,2850),(2851,2852,2853),(2854,2855,2856),(2857,2858,2859),(2860,2861,2862),(2863,2864,2865),(2866,2867,2868),(2869,2870,2871),(2872,2873,2874),(2875,2876,2877),(2878,2879,2880),(2881,2882,2883),(2884,2885,2886),(2887,2888,2889),(2890,2891,2892),(2893,2894,2895),(2896,2897,2898),(2899,2900,2901),(2902,2903,2904),(2905,2906,2907),(2908,2909,2910),(2911,2912,2913),(2914,2915,2916),(2917,2918,2919),(2920,2921,2922),(2923,2924,2925),(2926,2927,2928),(2929,2930,2931),(2932,2933,2934),(2935,2936,2937),(2938,2939,2940),(2941,2942,2943),(2944,2945,2946),(2947,2948,2949),(2950,2951,2952),(2953,2954,2955),(2956,2957,2958),(2959,2960,2961),(2962,2963,2964),(2965,2966,2967),(2968,2969,2970),(2971,2972,2973),(2974,2975,2976),(2977,2978,2979),(2980,2981,2982),(2983,2984,2985),(2986,2987,2988),(2989,2990,2991),(2992,2993,2994),(2995,2996,2997),(2998,2999,3000),(3001,3002,3003),(3004,3005,3006),(3007,3008,3009),(3010,3011,3012),(3013,3014,3015),(3016,3017,3018),(3019,3020,3021),(3022,3023,3024),(3025,3026,3027),(3028,3029,3030),(3031,3032,3033),(3034,3035,3036),(3037,3038,3039),(3040,3041,3042),(3043,3044,3045),(3046,3047,3048),(3049,3050,3051),(3052,3053,3054),(3055,3056,3057),(3058,3059,3060),(3061,3062,3063),(3064,3065,3066),(3067,3068,3069),(3070,3071,3072),(3073,3074,3075),(3076,3077,3078),(3079,3080,3081),(3082,3083,3084),(3085,3086,3087),(3088,3089,3090),(3091,3092,3093),(3094,3095,3096),(3097,3098,3099),(3100,3101,3102),(3103,3104,3105),(3106,3107,3108),(3109,3110,3111),(3112,3113,3114),(3115,3116,3117),(3118,3119,3120),(3121,3122,3123),(3124,3125,3126),(3127,3128,3129),(3130,3131,3132),(3133,3134,3135),(3136,3137,3138),(3139,3140,3141),(3142,3143,3144),(3145,3146,3147),(3148,3149,3150),(3151,3152,3153),(3154,3155,3156),(3157,3158,3159),(3160,3161,3162),(3163,3164,3165),(3166,3167,3168),(3169,3170,3171),(3172,3173,3174),(3175,3176,3177),(3178,3179,3180),(3181,3182,3183),(3184,3185,3186),(3187,3188,3189),(3190,3191,3192),(3193,3194,3195),(3196,3197,3198),(3199,3200,3201),(3202,3203,3204),(3205,3206,3207),(3208,3209,3210),(3211,3212,3213),(3214,3215,3216),(3217,3218,3219),(3220,3221,3222),(3223,3224,3225),(3226,3227,3228),(3229,3230,3231),(3232,3233,3234),(3235,3236,3237),(3238,3239,3240),(3241,3242,3243),(3244,3245,3246),(3247,3248,3249),(3250,3251,3252),(3253,3254,3255),(3256,3257,3258),(3259,3260,3261),(3262,3263,3264),(3265,3266,3267),(3268,3269,3270),(3271,3272,3273),(3274,3275,3276),(3277,3278,3279),(3280,3281,3282),(3283,3284,3285),(3286,3287,3288),(3289,3290,3291),(3292,3293,3294),(3295,3296,3297),(3298,3299,3300),(3301,3302,3303),(3304,3305,3306),(3307,3308,3309),(3310,3311,3312),(3313,3314,3315),(3316,3317,3318),(3319,3320,3321),(3322,3323,3324),(3325,3326,3327),(3328,3329,3330),(3331,3332,3333),(3334,3335,3336),(3337,3338,3339),(3340,3341,3342),(3343,3344,3345),(3346,3347,3348),(3349,3350,3351),(3352,3353,3354),(3355,3356,3357),(3358,3359,3360),(3361,3362,3363),(3364,3365,3366),(3367,3368,3369),(3370,3371,3372),(3373,3374,3375),(3376,3377,3378),(3379,3380,3381),(3382,3383,3384),(3385,3386,3387),(3388,3389,3390),(3391,3392,3393),(3394,3395,3396),(3397,3398,3399),(3400,3401,3402),(3403,3404,3405),(3406,3407,3408),(3409,3410,3411),(3412,3413,3414),(3415,3416,3417),(3418,3419,3420),(3421,3422,3423),(3424,3425,3426),(3427,3428,3429),(3430,3431,3432),(3433,3434,3435),(3436,3437,3438),(3439,3440,3441),(3442,3443,3444),(3445,3446,3447),(3448,3449,3450),(3451,3452,3453),(3454,3455,3456),(3457,3458,3459),(3460,3461,3462),(3463,3464,3465),(3466,3467,3468),(3469,3470,3471),(3472,3473,3474),(3475,3476,3477),(3478,3479,3480),(3481,3482,3483),(3484,3485,3486),(3487,3488,3489),(3490,3491,3492),(3493,3494,3495),(3496,3497,3498),(3499,3500,3501),(3502,3503,3504),(3505,3506,3507),(3508,3509,3510),(3511,3512,3513),(3514,3515,3516),(3517,3518,3519),(3520,3521,3522),(3523,3524,3525),(3526,3527,3528),(3529,3530,3531),(3532,3533,3534),(3535,3536,3537),(3538,3539,3540),(3541,3542,3543),(3544,3545,3546),(3547,3548,3549),(3550,3551,3552),(3553,3554,3555),(3556,3557,3558),(3559,3560,3561),(3562,3563,3564),(3565,3566,3567),(3568,3569,3570),(3571,3572,3573),(3574,3575,3576),(3577,3578,3579),(3580,3581,3582),(3583,3584,3585),(3586,3587,3588),(3589,3590,3591),(3592,3593,3594),(3595,3596,3597),(3598,3599,3600),(3601,3602,3603),(3604,3605,3606),(3607,3608,3609),(3610,3611,3612),(3613,3614,3615),(3616,3617,3618),(3619,3620,3621),(3622,3623,3624),(3625,3626,3627),(3628,3629,3630),(3631,3632,3633),(3634,3635,3636),(3637,3638,3639),(3640,3641,3642),(3643,3644,3645),(3646,3647,3648),(3649,3650,3651),(3652,3653,3654),(3655,3656,3657),(3658,3659,3660),(3661,3662,3663),(3664,3665,3666),(3667,3668,3669),(3670,3671,3672),(3673,3674,3675),(3676,3677,3678),(3679,3680,3681),(3682,3683,3684),(3685,3686,3687),(3688,3689,3690),(3691,3692,3693),(3694,3695,3696),(3697,3698,3699),(3700,3701,3702),(3703,3704,3705),(3706,3707,3708),(3709,3710,3711),(3712,3713,3714),(3715,3716,3717),(3718,3719,3720),(3721,3722,3723),(3724,3725,3726),(3727,3728,3729),(3730,3731,3732),(3733,3734,3735),(3736,3737,3738),(3739,3740,3741),(3742,3743,3744),(3745,3746,3747),(3748,3749,3750),(3751,3752,3753),(3754,3755,3756),(3757,3758,3759),(3760,3761,3762),(3763,3764,3765),(3766,3767,3768),(3769,3770,3771),(3772,3773,3774),(3775,3776,3777),(3778,3779,3780),(3781,3782,3783),(3784,3785,3786),(3787,3788,3789),(3790,3791,3792),(3793,3794,3795),(3796,3797,3798),(3799,3800,3801),(3802,3803,3804),(3805,3806,3807),(3808,3809,3810),(3811,3812,3813),(3814,3815,3816),(3817,3818,3819),(3820,3821,3822),(3823,3824,3825),(3826,3827,3828),(3829,3830,3831),(3832,3833,3834),(3835,3836,3837),(3838,3839,3840),(3841,3842,3843),(3844,3845,3846),(3847,3848,3849),(3850,3851,3852),(3853,3854,3855),(3856,3857,3858),(3859,3860,3861),(3862,3863,3864),(3865,3866,3867),(3868,3869,3870),(3871,3872,3873),(3874,3875,3876),(3877,3878,3879),(3880,3881,3882),(3883,3884,3885),(3886,3887,3888),(3889,3890,3891),(3892,3893,3894),(3895,3896,3897),(3898,3899,3900),(3901,3902,3903),(3904,3905,3906),(3907,3908,3909),(3910,3911,3912),(3913,3914,3915),(3916,3917,3918),(3919,3920,3921),(3922,3923,3924),(3925,3926,3927),(3928,3929,3930),(3931,3932,3933),(3934,3935,3936),(3937,3938,3939),(3940,3941,3942),(3943,3944,3945),(3946,3947,3948),(3949,3950,3951),(3952,3953,3954),(3955,3956,3957),(3958,3959,3960),(3961,3962,3963),(3964,3965,3966),(3967,3968,3969),(3970,3971,3972),(3973,3974,3975),(3976,3977,3978),(3979,3980,3981),(3982,3983,3984),(3985,3986,3987),(3988,3989,3990),(3991,3992,3993),(3994,3995,3996),(3997,3998,3999),(4000,4001,4002),(4003,4004,4005),(4006,4007,4008),(4009,4010,4011),(4012,4013,4014),(4015,4016,4017),(4018,4019,4020),(4021,4022,4023),(4024,4025,4026),(4027,4028,4029),(4030,4031,4032),(4033,4034,4035),(4036,4037,4038),(4039,4040,4041),(4042,4043,4044),(4045,4046,4047),(4048,4049,4050),(4051,4052,4053),(4054,4055,4056),(4057,4058,4059),(4060,4061,4062),(4063,4064,4065),(4066,4067,4068),(4069,4070,4071),(4072,4073,4074),(4075,4076,4077),(4078,4079,4080),(4081,4082,4083),(4084,4085,4086),(4087,4088,4089),(4090,4091,4092),(4093,4094,4095),(4096,4097,4098),(4099,4100,4101),(4102,4103,4104),(4105,4106,4107),(4108,4109,4110),(4111,4112,4113),(4114,4115,4116),(4117,4118,4119),(4120,4121,4122),(4123,4124,4125),(4126,4127,4128),(4129,4130,4131),(4132,4133,4134),(4135,4136,4137),(4138,4139,4140),(4141,4142,4143),(4144,4145,4146),(4147,4148,4149),(4150,4151,4152),(4153,4154,4155),(4156,4157,4158),(4159,4160,4161),(4162,4163,4164),(4165,4166,4167),(4168,4169,4170),(4171,4172,4173),(4174,4175,4176),(4177,4178,4179),(4180,4181,4182),(4183,4184,4185),(4186,4187,4188),(4189,4190,4191),(4192,4193,4194),(4195,4196,4197),(4198,4199,4200),(4201,4202,4203),(4204,4205,4206),(4207,4208,4209),(4210,4211,4212),(4213,4214,4215),(4216,4217,4218),(4219,4220,4221),(4222,4223,4224),(4225,4226,4227),(4228,4229,4230),(4231,4232,4233),(4234,4235,4236),(4237,4238,4239),(4240,4241,4242),(4243,4244,4245),(4246,4247,4248),(4249,4250,4251),(4252,4253,4254),(4255,4256,4257),(4258,4259,4260),(4261,4262,4263),(4264,4265,4266),(4267,4268,4269),(4270,4271,4272),(4273,4274,4275),(4276,4277,4278),(4279,4280,4281),(4282,4283,4284),(4285,4286,4287),(4288,4289,4290),(4291,4292,4293),(4294,4295,4296),(4297,4298,4299),(4300,4301,4302),(4303,4304,4305),(4306,4307,4308),(4309,4310,4311),(4312,4313,4314),(4315,4316,4317),(4318,4319,4320),(4321,4322,4323),(4324,4325,4326),(4327,4328,4329),(4330,4331,4332),(4333,4334,4335),(4336,4337,4338),(4339,4340,4341),(4342,4343,4344),(4345,4346,4347),(4348,4349,4350),(4351,4352,4353),(4354,4355,4356),(4357,4358,4359),(4360,4361,4362),(4363,4364,4365),(4366,4367,4368),(4369,4370,4371),(4372,4373,4374),(4375,4376,4377),(4378,4379,4380),(4381,4382,4383),(4384,4385,4386),(4387,4388,4389),(4390,4391,4392),(4393,4394,4395),(4396,4397,4398),(4399,4400,4401),(4402,4403,4404),(4405,4406,4407),(4408,4409,4410),(4411,4412,4413),(4414,4415,4416),(4417,4418,4419),(4420,4421,4422),(4423,4424,4425),(4426,4427,4428),(4429,4430,4431),(4432,4433,4434),(4435,4436,4437),(4438,4439,4440),(4441,4442,4443),(4444,4445,4446),(4447,4448,4449),(4450,4451,4452),(4453,4454,4455),(4456,4457,4458),(4459,4460,4461),(4462,4463,4464),(4465,4466,4467),(4468,4469,4470),(4471,4472,4473)));
#1179=TESSELLATED_GEOMETRIC_SET('hole callout',(#1178));
#1180=COORDINATES_LIST('coordinates',5,((0.0182413,-0.0233448,0.),(0.0546254,-0.0233448,0.),(0.0025257,-0.0126292,0.),(0.0132413,-0.0233448,0.),(0.0182413,-0.0233448,0.)));
#1181=TESSELLATED_CURVE_SET('curve set',#1180,((1,2),(3,4,5)));
#1182=TESSELLATED_GEOMETRIC_SET('hole callout',(#1181));
#1183=TESSELLATED_ANNOTATION_OCCURRENCE('hole callout',(#1176),#1179);
#1184=TESSELLATED_ANNOTATION_OCCURRENCE('hole callout',(#1176),#1182);
#1185=DRAUGHTING_CALLOUT('hole callout',(#1183,#1184));
#1186=DRAUGHTING_MODEL_ITEM_ASSOCIATION('','',#1127,#1172,#1185);
#1187=DRAUGHTING_MODEL_ITEM_ASSOCIATION('','',#1135,#1172,#1185);
#1188=DRAUGHTING_MODEL_ITEM_ASSOCIATION('','',#1143,#1172,#1185);
#1189=DRAUGHTING_MODEL_ITEM_ASSOCIATION('','',#1090,#1172,#1185);
#1190=COMPOSITE_SHAPE_ASPECT('hole_callout.FqAz0lteKv5c8yz_1.JHD.0',$,#1080,$);
#1191=SHAPE_ASPECT('hole_callout.FqAz0lteKv5c8yz_1.JHD.0',$,#1080,.T.);
#1192=GEOMETRIC_ITEM_SPECIFIC_USAGE('','',#1191,#11,#600);
#1193=SHAPE_ASPECT_RELATIONSHIP('','',#1190,#1191);
#1194=SHAPE_ASPECT('hole_callout.FqAz0lteKv5c8yz_1.JHD.0',$,#1080,.T.);
#1195=GEOMETRIC_ITEM_SPECIFIC_USAGE('','',#1194,#11,#602);
#1196=SHAPE_ASPECT_RELATIONSHIP('','',#1190,#1194);
#1197=SHAPE_ASPECT('hole_callout.FqAz0lteKv5c8yz_1.JHD.0',$,#1080,.T.);
#1198=GEOMETRIC_ITEM_SPECIFIC_USAGE('','',#1197,#11,#601);
#1199=SHAPE_ASPECT_RELATIONSHIP('','',#1190,#1197);
#1200=SHAPE_ASPECT('hole_callout.FqAz0lteKv5c8yz_1.JHD.0',$,#1080,.T.);
#1201=GEOMETRIC_ITEM_SPECIFIC_USAGE('','',#1200,#11,#599);
#1202=SHAPE_ASPECT_RELATIONSHIP('','',#1190,#1200);
#1203=SHAPE_ASPECT('hole_callout.FqAz0lteKv5c8yz_1.JHD.0',$,#1080,.T.);
#1204=GEOMETRIC_ITEM_SPECIFIC_USAGE('','',#1203,#11,#597);
#1205=SHAPE_ASPECT_RELATIONSHIP('','',#1190,#1203);
#1206=SHAPE_ASPECT('hole_callout.FqAz0lteKv5c8yz_1.JHD.0',$,#1080,.T.);
#1207=GEOMETRIC_ITEM_SPECIFIC_USAGE('','',#1206,#11,#598);
#1208=SHAPE_ASPECT_RELATIONSHIP('','',#1190,#1206);
#1209=SHAPE_ASPECT('hole_callout.FqAz0lteKv5c8yz_1.JHD.0',$,#1080,.T.);
#1210=GEOMETRIC_ITEM_SPECIFIC_USAGE('','',#1209,#11,#593);
#1211=SHAPE_ASPECT_RELATIONSHIP('','',#1190,#1209);
#1212=SHAPE_ASPECT('hole_callout.FqAz0lteKv5c8yz_1.JHD.0',$,#1080,.T.);
#1213=GEOMETRIC_ITEM_SPECIFIC_USAGE('','',#1212,#11,#591);
#1214=SHAPE_ASPECT_RELATIONSHIP('','',#1190,#1212);
#1215=SHAPE_ASPECT('hole_callout.FqAz0lteKv5c8yz_1.JHD.0',$,#1080,.T.);
#1216=GEOMETRIC_ITEM_SPECIFIC_USAGE('','',#1215,#11,#592);
#1217=SHAPE_ASPECT_RELATIONSHIP('','',#1190,#1215);
#1218=SHAPE_ASPECT('hole_callout.FqAz0lteKv5c8yz_1.JHD.0',$,#1080,.T.);
#1219=GEOMETRIC_ITEM_SPECIFIC_USAGE('','',#1218,#11,#596);
#1220=SHAPE_ASPECT_RELATIONSHIP('','',#1190,#1218);
#1221=SHAPE_ASPECT('hole_callout.FqAz0lteKv5c8yz_1.JHD.0',$,#1080,.T.);
#1222=GEOMETRIC_ITEM_SPECIFIC_USAGE('','',#1221,#11,#594);
#1223=SHAPE_ASPECT_RELATIONSHIP('','',#1190,#1221);
#1224=SHAPE_ASPECT('hole_callout.FqAz0lteKv5c8yz_1.JHD.0',$,#1080,.T.);
#1225=GEOMETRIC_ITEM_SPECIFIC_USAGE('','',#1224,#11,#595);
#1226=SHAPE_ASPECT_RELATIONSHIP('','',#1190,#1224);
#1227=DIMENSIONAL_SIZE(#1190,'diameter');
#1228=(
LENGTH_UNIT()
NAMED_UNIT(*)
SI_UNIT(.MILLI.,.METRE.)
);
#1230=PRECISION_QUALIFIER(3);
#1229=(
LENGTH_MEASURE_WITH_UNIT()
MEASURE_REPRESENTATION_ITEM()
MEASURE_WITH_UNIT(POSITIVE_LENGTH_MEASURE(2.6),#1228)
QUALIFIED_REPRESENTATION_ITEM((#1230))
REPRESENTATION_ITEM('nominal value')
);
#1231=COMPOUND_REPRESENTATION_ITEM('modifiers',SET_REPRESENTATION_ITEM((#1232)));
#1232=DESCRIPTIVE_REPRESENTATION_ITEM('dimensional note','diameter');
#1233=SHAPE_DIMENSION_REPRESENTATION('',(#1229,#1231),#1075);
#1234=DIMENSIONAL_CHARACTERISTIC_REPRESENTATION(#1227,#1233);
#1235=DIMENSIONAL_SIZE(#1190,'depth');
#1236=(
LENGTH_UNIT()
NAMED_UNIT(*)
SI_UNIT(.MILLI.,.METRE.)
);
#1238=PRECISION_QUALIFIER(3);
#1237=(
LENGTH_MEASURE_WITH_UNIT()
MEASURE_REPRESENTATION_ITEM()
MEASURE_WITH_UNIT(POSITIVE_LENGTH_MEASURE(7.),#1236)
QUALIFIED_REPRESENTATION_ITEM((#1238))
REPRESENTATION_ITEM('nominal value')
);
#1239=COMPOUND_REPRESENTATION_ITEM('modifiers',SET_REPRESENTATION_ITEM((#1240)));
#1240=DESCRIPTIVE_REPRESENTATION_ITEM('dimensional note','depth');
#1241=SHAPE_DIMENSION_REPRESENTATION('',(#1237,#1239),#1075);
#1242=DIMENSIONAL_CHARACTERISTIC_REPRESENTATION(#1235,#1241);
#1243=DIMENSIONAL_SIZE(#1190,'diameter');
#1244=(
LENGTH_UNIT()
NAMED_UNIT(*)
SI_UNIT(.MILLI.,.METRE.)
);
#1246=PRECISION_QUALIFIER(3);
#1245=(
LENGTH_MEASURE_WITH_UNIT()
MEASURE_REPRESENTATION_ITEM()
MEASURE_WITH_UNIT(POSITIVE_LENGTH_MEASURE(4.4),#1244)
QUALIFIED_REPRESENTATION_ITEM((#1246))
REPRESENTATION_ITEM('nominal value')
);
#1247=COMPOUND_REPRESENTATION_ITEM('modifiers',SET_REPRESENTATION_ITEM((#1248,#1249)));
#1248=DESCRIPTIVE_REPRESENTATION_ITEM('dimensional note','counterbore');
#1249=DESCRIPTIVE_REPRESENTATION_ITEM('dimensional note','diameter');
#1250=SHAPE_DIMENSION_REPRESENTATION('',(#1245,#1247),#1075);
#1251=DIMENSIONAL_CHARACTERISTIC_REPRESENTATION(#1243,#1250);
#1252=PRESENTATION_STYLE_ASSIGNMENT((NULL_STYLE(.NULL.)));
#1253=CARTESIAN_POINT('',(0.00565685424949238,0.00565685424949238,0.015));
#1254=DIRECTION('',(0.,0.,1.));
#1255=DIRECTION('',(1.,0.,0.));
#1256=AXIS2_PLACEMENT_3D('',#1253,#1254,#1255);
#1257=PLANE('',#1256);
#1258=ANNOTATION_PLANE('',(#1252),#1257,(#1284));
#1259=CARTESIAN_POINT('',(0.,0.,0.));
#1260=DIRECTION('',(0.,0.,1.));
#1261=DIRECTION('',(1.,0.,0.));
#1262=AXIS2_PLACEMENT_3D('',#1259,#1260,#1261);
#1263=CARTESIAN_POINT('',(0.,0.,0.));
#1264=DIRECTION('',(0.,0.,1.));
#1265=DIRECTION('',(1.,0.,0.));
#1266=AXIS2_PLACEMENT_3D('',#1263,#1264,#1265);
#1267=SHAPE_REPRESENTATION('',(#1266,#628),#1075);
#1268=REPRESENTATION_MAP(#1262,#1267);
#1269=MAPPED_ITEM('',#1268,#1262);
#1270=PRESENTATION_STYLE_ASSIGNMENT((NULL_STYLE(.NULL.)));
#1271=STYLED_ITEM('',(#1270),#1269);
#1272=DRAUGHTING_PRE_DEFINED_CURVE_FONT('continuous');
#1273=COLOUR_RGB('',0.,0.,0.);
#1274=CURVE_STYLE('',#1272,POSITIVE_LENGTH_MEASURE(0.02),#1273);
#1275=PRESENTATION_STYLE_ASSIGNMENT((#1274));
#1276=COORDINATES_LIST('coordinates',3234,((0.0072125,0.0072125,0.0150000),(0.0086267,0.0100409,0.0150000),(0.0100409,0.0086267,0.0150000),(0.0192453,0.0167502,0.0150000),(0.0192453,0.0201633,0.0150000),(0.0192292,0.0202451,0.0150000),(0.0192453,0.0167502,0.0150000),(0.0192292,0.0202451,0.0150000),(0.0191808,0.0203147,0.0150000),(0.0192453,0.0167502,0.0150000),(0.0191808,0.0203147,0.0150000),(0.0191109,0.0203623,0.0150000),(0.0192453,0.0167502,0.0150000),(0.0191109,0.0203623,0.0150000),(0.0190284,0.0203782,0.0150000),(0.0192453,0.0167502,0.0150000),(0.0190284,0.0203782,0.0150000),(0.0189458,0.0203623,0.0150000),(0.0192453,0.0167502,0.0150000),(0.0189458,0.0203623,0.0150000),(0.0188760,0.0203147,0.0150000),(0.0192453,0.0167502,0.0150000),(0.0188760,0.0203147,0.0150000),(0.0188284,0.0202451,0.0150000),(0.0192453,0.0167502,0.0150000),(0.0188284,0.0202451,0.0150000),(0.0188125,0.0201633,0.0150000),(0.0192453,0.0167502,0.0150000),(0.0188125,0.0201633,0.0150000),(0.0188125,0.0165354,0.0150000),(0.0260674,0.0167502,0.0150000),(0.0192453,0.0167502,0.0150000),(0.0188125,0.0165354,0.0150000),(0.0260674,0.0167502,0.0150000),(0.0188125,0.0165354,0.0150000),(0.0188281,0.0164504,0.0150000),(0.0260674,0.0167502,0.0150000),(0.0188281,0.0164504,0.0150000),(0.0188749,0.0163819,0.0150000),(0.0260674,0.0167502,0.0150000),(0.0188749,0.0163819,0.0150000),(0.0189448,0.0163359,0.0150000),(0.0260674,0.0167502,0.0150000),(0.0189448,0.0163359,0.0150000),(0.0190294,0.0163205,0.0150000),(0.0260674,0.0167502,0.0150000),(0.0190294,0.0163205,0.0150000),(0.0262833,0.0163205,0.0150000),(0.0260674,0.0167502,0.0150000),(0.0262833,0.0163205,0.0150000),(0.0263677,0.0163359,0.0150000),(0.0260674,0.0167502,0.0150000),(0.0263677,0.0163359,0.0150000),(0.0264367,0.0163819,0.0150000),(0.0260674,0.0167502,0.0150000),(0.0264367,0.0163819,0.0150000),(0.0264828,0.0164504,0.0150000),(0.0260674,0.0167502,0.0150000),(0.0264828,0.0164504,0.0150000),(0.0264981,0.0165354,0.0150000),(0.0260674,0.0167502,0.0150000),(0.0264981,0.0165354,0.0150000),(0.0264981,0.0201633,0.0150000),(0.0260674,0.0167502,0.0150000),(0.0264981,0.0201633,0.0150000),(0.0264822,0.0202451,0.0150000),(0.0260674,0.0167502,0.0150000),(0.0264822,0.0202451,0.0150000),(0.0264346,0.0203147,0.0150000),(0.0260674,0.0167502,0.0150000),(0.0264346,0.0203147,0.0150000),(0.0263650,0.0203623,0.0150000),(0.0260674,0.0167502,0.0150000),(0.0263650,0.0203623,0.0150000),(0.0262833,0.0203782,0.0150000),(0.0260674,0.0167502,0.0150000),(0.0262833,0.0203782,0.0150000),(0.0262012,0.0203623,0.0150000),(0.0260674,0.0167502,0.0150000),(0.0262012,0.0203623,0.0150000),(0.0261309,0.0203147,0.0150000),(0.0260674,0.0167502,0.0150000),(0.0261309,0.0203147,0.0150000),(0.0260832,0.0202451,0.0150000),(0.0260674,0.0167502,0.0150000),(0.0260832,0.0202451,0.0150000),(0.0260674,0.0201633,0.0150000),(0.0283541,0.0164962,0.0150000),(0.0284512,0.0164555,0.0150000),(0.0285492,0.0164203,0.0150000),(0.0283541,0.0164962,0.0150000),(0.0285492,0.0164203,0.0150000),(0.0286482,0.0163905,0.0150000),(0.0283541,0.0164962,0.0150000),(0.0286482,0.0163905,0.0150000),(0.0287481,0.0163660,0.0150000),(0.0283541,0.0164962,0.0150000),(0.0287481,0.0163660,0.0150000),(0.0288490,0.0163471,0.0150000),(0.0283541,0.0164962,0.0150000),(0.0288490,0.0163471,0.0150000),(0.0289508,0.0163335,0.0150000),(0.0283541,0.0164962,0.0150000),(0.0289508,0.0163335,0.0150000),(0.0290536,0.0163254,0.0150000),(0.0283541,0.0164962,0.0150000),(0.0290536,0.0163254,0.0150000),(0.0291574,0.0163227,0.0150000),(0.0283541,0.0164962,0.0150000),(0.0291574,0.0163227,0.0150000),(0.0292932,0.0163270,0.0150000),(0.0283541,0.0164962,0.0150000),(0.0292932,0.0163270,0.0150000),(0.0294264,0.0163399,0.0150000),(0.0283541,0.0164962,0.0150000),(0.0294264,0.0163399,0.0150000),(0.0295571,0.0163615,0.0150000),(0.0283541,0.0164962,0.0150000),(0.0295571,0.0163615,0.0150000),(0.0296852,0.0163917,0.0150000),(0.0283541,0.0164962,0.0150000),(0.0296852,0.0163917,0.0150000),(0.0298108,0.0164306,0.0150000),(0.0283541,0.0164962,0.0150000),(0.0298108,0.0164306,0.0150000),(0.0299339,0.0164780,0.0150000),(0.0283541,0.0164962,0.0150000),(0.0299339,0.0164780,0.0150000),(0.0300544,0.0165341,0.0150000),(0.0283541,0.0164962,0.0150000),(0.0300544,0.0165341,0.0150000),(0.0301723,0.0165989,0.0150000),(0.0283541,0.0164962,0.0150000),(0.0301723,0.0165989,0.0150000),(0.0302859,0.0166713,0.0150000),(0.0283541,0.0164962,0.0150000),(0.0302859,0.0166713,0.0150000),(0.0303933,0.0167498,0.0150000),(0.0283541,0.0164962,0.0150000),(0.0303933,0.0167498,0.0150000),(0.0304944,0.0168345,0.0150000),(0.0283541,0.0164962,0.0150000),(0.0304944,0.0168345,0.0150000),(0.0305893,0.0169254,0.0150000),(0.0283541,0.0164962,0.0150000),(0.0305893,0.0169254,0.0150000),(0.0306780,0.0170224,0.0150000),(0.0306780,0.0170224,0.0150000),(0.0307605,0.0171255,0.0150000),(0.0308368,0.0172348,0.0150000),(0.0306780,0.0170224,0.0150000),(0.0308368,0.0172348,0.0150000),(0.0309068,0.0173503,0.0150000),(0.0306780,0.0170224,0.0150000),(0.0309068,0.0173503,0.0150000),(0.0309698,0.0174701,0.0150000),(0.0306780,0.0170224,0.0150000),(0.0309698,0.0174701,0.0150000),(0.0310244,0.0175923,0.0150000),(0.0306780,0.0170224,0.0150000),(0.0310244,0.0175923,0.0150000),(0.0310706,0.0177171,0.0150000),(0.0306780,0.0170224,0.0150000),(0.0310706,0.0177171,0.0150000),(0.0311084,0.0178443,0.0150000),(0.0306780,0.0170224,0.0150000),(0.0311084,0.0178443,0.0150000),(0.0311378,0.0179740,0.0150000),(0.0306780,0.0170224,0.0150000),(0.0311378,0.0179740,0.0150000),(0.0311588,0.0181061,0.0150000),(0.0306780,0.0170224,0.0150000),(0.0311588,0.0181061,0.0150000),(0.0311714,0.0182408,0.0150000),(0.0306780,0.0170224,0.0150000),(0.0311714,0.0182408,0.0150000),(0.0311756,0.0183779,0.0150000),(0.0306780,0.0170224,0.0150000),(0.0311756,0.0183779,0.0150000),(0.0311714,0.0185096,0.0150000),(0.0306780,0.0170224,0.0150000),(0.0311714,0.0185096,0.0150000),(0.0311588,0.0186404,0.0150000),(0.0306780,0.0170224,0.0150000),(0.0311588,0.0186404,0.0150000),(0.0311378,0.0187704,0.0150000),(0.0306780,0.0170224,0.0150000),(0.0311378,0.0187704,0.0150000),(0.0311084,0.0188997,0.0150000),(0.0306780,0.0170224,0.0150000),(0.0311084,0.0188997,0.0150000),(0.0310706,0.0190282,0.0150000),(0.0306780,0.0170224,0.0150000),(0.0310706,0.0190282,0.0150000),(0.0310244,0.0191558,0.0150000),(0.0310244,0.0191558,0.0150000),(0.0306327,0.0190143,0.0150000),(0.0306692,0.0189164,0.0150000),(0.0310244,0.0191558,0.0150000),(0.0306692,0.0189164,0.0150000),(0.0306991,0.0188153,0.0150000),(0.0310244,0.0191558,0.0150000),(0.0306991,0.0188153,0.0150000),(0.0307224,0.0187109,0.0150000),(0.0310244,0.0191558,0.0150000),(0.0307224,0.0187109,0.0150000),(0.0307390,0.0186032,0.0150000),(0.0310244,0.0191558,0.0150000),(0.0307390,0.0186032,0.0150000),(0.0307490,0.0184922,0.0150000),(0.0310244,0.0191558,0.0150000),(0.0307490,0.0184922,0.0150000),(0.0307523,0.0183779,0.0150000),(0.0310244,0.0191558,0.0150000),(0.0307523,0.0183779,0.0150000),(0.0307490,0.0182679,0.0150000),(0.0306780,0.0170224,0.0150000),(0.0310244,0.0191558,0.0150000),(0.0307490,0.0182679,0.0150000),(0.0306780,0.0170224,0.0150000),(0.0307490,0.0182679,0.0150000),(0.0307389,0.0181601,0.0150000),(0.0306780,0.0170224,0.0150000),(0.0307389,0.0181601,0.0150000),(0.0307221,0.0180544,0.0150000),(0.0306780,0.0170224,0.0150000),(0.0307221,0.0180544,0.0150000),(0.0306986,0.0179509,0.0150000),(0.0306780,0.0170224,0.0150000),(0.0306986,0.0179509,0.0150000),(0.0306684,0.0178496,0.0150000),(0.0306780,0.0170224,0.0150000),(0.0306684,0.0178496,0.0150000),(0.0306315,0.0177505,0.0150000),(0.0306780,0.0170224,0.0150000),(0.0306315,0.0177505,0.0150000),(0.0305878,0.0176535,0.0150000),(0.0306780,0.0170224,0.0150000),(0.0305878,0.0176535,0.0150000),(0.0305375,0.0175588,0.0150000),(0.0306780,0.0170224,0.0150000),(0.0305375,0.0175588,0.0150000),(0.0304816,0.0174676,0.0150000),(0.0306780,0.0170224,0.0150000),(0.0304816,0.0174676,0.0150000),(0.0304210,0.0173813,0.0150000),(0.0306780,0.0170224,0.0150000),(0.0304210,0.0173813,0.0150000),(0.0303556,0.0172998,0.0150000),(0.0306780,0.0170224,0.0150000),(0.0303556,0.0172998,0.0150000),(0.0302853,0.0172233,0.0150000),(0.0306780,0.0170224,0.0150000),(0.0302853,0.0172233,0.0150000),(0.0302103,0.0171517,0.0150000),(0.0306780,0.0170224,0.0150000),(0.0302103,0.0171517,0.0150000),(0.0301305,0.0170849,0.0150000),(0.0306780,0.0170224,0.0150000),(0.0301305,0.0170849,0.0150000),(0.0300459,0.0170231,0.0150000),(0.0306780,0.0170224,0.0150000),(0.0300459,0.0170231,0.0150000),(0.0299564,0.0169661,0.0150000),(0.0306780,0.0170224,0.0150000),(0.0299564,0.0169661,0.0150000),(0.0298639,0.0169150,0.0150000),(0.0306780,0.0170224,0.0150000),(0.0298639,0.0169150,0.0150000),(0.0297692,0.0168707,0.0150000),(0.0306780,0.0170224,0.0150000),(0.0297692,0.0168707,0.0150000),(0.0296724,0.0168333,0.0150000),(0.0306780,0.0170224,0.0150000),(0.0296724,0.0168333,0.0150000),(0.0295736,0.0168026,0.0150000),(0.0283541,0.0164962,0.0150000),(0.0306780,0.0170224,0.0150000),(0.0295736,0.0168026,0.0150000),(0.0283541,0.0164962,0.0150000),(0.0295736,0.0168026,0.0150000),(0.0294727,0.0167788,0.0150000),(0.0283541,0.0164962,0.0150000),(0.0294727,0.0167788,0.0150000),(0.0293697,0.0167617,0.0150000),(0.0283541,0.0164962,0.0150000),(0.0293697,0.0167617,0.0150000),(0.0292646,0.0167515,0.0150000),(0.0283541,0.0164962,0.0150000),(0.0292646,0.0167515,0.0150000),(0.0291574,0.0167481,0.0150000),(0.0283541,0.0164962,0.0150000),(0.0291574,0.0167481,0.0150000),(0.0290038,0.0167552,0.0150000),(0.0283541,0.0164962,0.0150000),(0.0290038,0.0167552,0.0150000),(0.0288542,0.0167764,0.0150000),(0.0283541,0.0164962,0.0150000),(0.0288542,0.0167764,0.0150000),(0.0287085,0.0168118,0.0150000),(0.0283541,0.0164962,0.0150000),(0.0287085,0.0168118,0.0150000),(0.0285669,0.0168613,0.0150000),(0.0283541,0.0164962,0.0150000),(0.0285669,0.0168613,0.0150000),(0.0301639,0.0196448,0.0150000),(0.0277932,0.0155215,0.0150000),(0.0283541,0.0164962,0.0150000),(0.0301639,0.0196448,0.0150000),(0.0305894,0.0191089,0.0150000),(0.0306327,0.0190143,0.0150000),(0.0310244,0.0191558,0.0150000),(0.0305396,0.0192003,0.0150000),(0.0305894,0.0191089,0.0150000),(0.0310244,0.0191558,0.0150000),(0.0304717,0.0193042,0.0150000),(0.0305396,0.0192003,0.0150000),(0.0310244,0.0191558,0.0150000),(0.0303864,0.0194130,0.0150000),(0.0304717,0.0193042,0.0150000),(0.0310244,0.0191558,0.0150000),(0.0303373,0.0194691,0.0150000),(0.0303864,0.0194130,0.0150000),(0.0310244,0.0191558,0.0150000),(0.0302838,0.0195265,0.0150000),(0.0303373,0.0194691,0.0150000),(0.0310244,0.0191558,0.0150000),(0.0302260,0.0195850,0.0150000),(0.0302838,0.0195265,0.0150000),(0.0310244,0.0191558,0.0150000),(0.0301639,0.0196448,0.0150000),(0.0302260,0.0195850,0.0150000),(0.0310244,0.0191558,0.0150000),(0.0301639,0.0196448,0.0150000),(0.0310244,0.0191558,0.0150000),(0.0309698,0.0192827,0.0150000),(0.0301639,0.0196448,0.0150000),(0.0309698,0.0192827,0.0150000),(0.0309068,0.0194088,0.0150000),(0.0301639,0.0196448,0.0150000),(0.0309068,0.0194088,0.0150000),(0.0308566,0.0194955,0.0150000),(0.0301639,0.0196448,0.0150000),(0.0308566,0.0194955,0.0150000),(0.0308019,0.0195789,0.0150000),(0.0301639,0.0196448,0.0150000),(0.0308019,0.0195789,0.0150000),(0.0307425,0.0196590,0.0150000),(0.0301639,0.0196448,0.0150000),(0.0307425,0.0196590,0.0150000),(0.0306785,0.0197358,0.0150000),(0.0301639,0.0196448,0.0150000),(0.0306785,0.0197358,0.0150000),(0.0306099,0.0198093,0.0150000),(0.0301639,0.0196448,0.0150000),(0.0306099,0.0198093,0.0150000),(0.0305367,0.0198794,0.0150000),(0.0301639,0.0196448,0.0150000),(0.0305367,0.0198794,0.0150000),(0.0304590,0.0199463,0.0150000),(0.0301639,0.0196448,0.0150000),(0.0304590,0.0199463,0.0150000),(0.0303766,0.0200099,0.0150000),(0.0301639,0.0196448,0.0150000),(0.0303766,0.0200099,0.0150000),(0.0309185,0.0209624,0.0150000),(0.0277932,0.0155215,0.0150000),(0.0301639,0.0196448,0.0150000),(0.0309185,0.0209624,0.0150000),(0.0277932,0.0155215,0.0150000),(0.0309185,0.0209624,0.0150000),(0.0309470,0.0210661,0.0150000),(0.0277932,0.0155215,0.0150000),(0.0309470,0.0210661,0.0150000),(0.0309396,0.0211264,0.0150000),(0.0277932,0.0155215,0.0150000),(0.0309396,0.0211264,0.0150000),(0.0309010,0.0212016,0.0150000),(0.0277932,0.0155215,0.0150000),(0.0309010,0.0212016,0.0150000),(0.0308359,0.0212555,0.0150000),(0.0277932,0.0155215,0.0150000),(0.0308359,0.0212555,0.0150000),(0.0307333,0.0212862,0.0150000),(0.0277932,0.0155215,0.0150000),(0.0307333,0.0212862,0.0150000),(0.0306729,0.0212788,0.0150000),(0.0277932,0.0155215,0.0150000),(0.0306729,0.0212788,0.0150000),(0.0305973,0.0212402,0.0150000),(0.0277932,0.0155215,0.0150000),(0.0305973,0.0212402,0.0150000),(0.0305417,0.0211751,0.0150000),(0.0277932,0.0155215,0.0150000),(0.0305417,0.0211751,0.0150000),(0.0300062,0.0202470,0.0150000),(0.0300062,0.0202470,0.0150000),(0.0299056,0.0202914,0.0150000),(0.0298017,0.0203298,0.0150000),(0.0300062,0.0202470,0.0150000),(0.0298017,0.0203298,0.0150000),(0.0296944,0.0203624,0.0150000),(0.0300062,0.0202470,0.0150000),(0.0296944,0.0203624,0.0150000),(0.0295839,0.0203890,0.0150000),(0.0300062,0.0202470,0.0150000),(0.0295839,0.0203890,0.0150000),(0.0294701,0.0204098,0.0150000),(0.0300062,0.0202470,0.0150000),(0.0294701,0.0204098,0.0150000),(0.0293529,0.0204246,0.0150000),(0.0300062,0.0202470,0.0150000),(0.0293529,0.0204246,0.0150000),(0.0292325,0.0204334,0.0150000),(0.0300062,0.0202470,0.0150000),(0.0292325,0.0204334,0.0150000),(0.0291087,0.0204364,0.0150000),(0.0300062,0.0202470,0.0150000),(0.0291087,0.0204364,0.0150000),(0.0289841,0.0204321,0.0150000),(0.0300062,0.0202470,0.0150000),(0.0289841,0.0204321,0.0150000),(0.0288606,0.0204191,0.0150000),(0.0300062,0.0202470,0.0150000),(0.0288606,0.0204191,0.0150000),(0.0287382,0.0203974,0.0150000),(0.0300062,0.0202470,0.0150000),(0.0287382,0.0203974,0.0150000),(0.0286169,0.0203671,0.0150000),(0.0300062,0.0202470,0.0150000),(0.0286169,0.0203671,0.0150000),(0.0284966,0.0203281,0.0150000),(0.0300062,0.0202470,0.0150000),(0.0284966,0.0203281,0.0150000),(0.0283775,0.0202804,0.0150000),(0.0300062,0.0202470,0.0150000),(0.0283775,0.0202804,0.0150000),(0.0282594,0.0202241,0.0150000),(0.0300062,0.0202470,0.0150000),(0.0282594,0.0202241,0.0150000),(0.0281425,0.0201591,0.0150000),(0.0300062,0.0202470,0.0150000),(0.0281425,0.0201591,0.0150000),(0.0280294,0.0200869,0.0150000),(0.0300062,0.0202470,0.0150000),(0.0280294,0.0200869,0.0150000),(0.0279223,0.0200086,0.0150000),(0.0300062,0.0202470,0.0150000),(0.0279223,0.0200086,0.0150000),(0.0278214,0.0199240,0.0150000),(0.0300062,0.0202470,0.0150000),(0.0278214,0.0199240,0.0150000),(0.0277265,0.0198331,0.0150000),(0.0300062,0.0202470,0.0150000),(0.0277265,0.0198331,0.0150000),(0.0276378,0.0197361,0.0150000),(0.0276378,0.0197361,0.0150000),(0.0275551,0.0196329,0.0150000),(0.0274785,0.0195234,0.0150000),(0.0276378,0.0197361,0.0150000),(0.0274785,0.0195234,0.0150000),(0.0274080,0.0194077,0.0150000),(0.0276378,0.0197361,0.0150000),(0.0274080,0.0194077,0.0150000),(0.0273447,0.0192879,0.0150000),(0.0276378,0.0197361,0.0150000),(0.0273447,0.0192879,0.0150000),(0.0272899,0.0191655,0.0150000),(0.0276378,0.0197361,0.0150000),(0.0272899,0.0191655,0.0150000),(0.0272435,0.0190406,0.0150000),(0.0276378,0.0197361,0.0150000),(0.0272435,0.0190406,0.0150000),(0.0272056,0.0189132,0.0150000),(0.0276378,0.0197361,0.0150000),(0.0272056,0.0189132,0.0150000),(0.0271761,0.0187832,0.0150000),(0.0276378,0.0197361,0.0150000),(0.0271761,0.0187832,0.0150000),(0.0271550,0.0186507,0.0150000),(0.0276378,0.0197361,0.0150000),(0.0271550,0.0186507,0.0150000),(0.0271423,0.0185156,0.0150000),(0.0276378,0.0197361,0.0150000),(0.0271423,0.0185156,0.0150000),(0.0271381,0.0183779,0.0150000),(0.0276378,0.0197361,0.0150000),(0.0271381,0.0183779,0.0150000),(0.0271423,0.0182399,0.0150000),(0.0276378,0.0197361,0.0150000),(0.0271423,0.0182399,0.0150000),(0.0271549,0.0181046,0.0150000),(0.0276378,0.0197361,0.0150000),(0.0271549,0.0181046,0.0150000),(0.0271759,0.0179720,0.0150000),(0.0276378,0.0197361,0.0150000),(0.0271759,0.0179720,0.0150000),(0.0272053,0.0178422,0.0150000),(0.0276378,0.0197361,0.0150000),(0.0272053,0.0178422,0.0150000),(0.0272431,0.0177151,0.0150000),(0.0276378,0.0197361,0.0150000),(0.0272431,0.0177151,0.0150000),(0.0272893,0.0175907,0.0150000),(0.0276378,0.0197361,0.0150000),(0.0272893,0.0175907,0.0150000),(0.0273439,0.0174691,0.0150000),(0.0276378,0.0197361,0.0150000),(0.0273439,0.0174691,0.0150000),(0.0274069,0.0173503,0.0150000),(0.0274069,0.0173503,0.0150000),(0.0277752,0.0175588,0.0150000),(0.0277259,0.0176535,0.0150000),(0.0274069,0.0173503,0.0150000),(0.0277259,0.0176535,0.0150000),(0.0276831,0.0177504,0.0150000),(0.0274069,0.0173503,0.0150000),(0.0276831,0.0177504,0.0150000),(0.0276469,0.0178495,0.0150000),(0.0274069,0.0173503,0.0150000),(0.0276469,0.0178495,0.0150000),(0.0276173,0.0179506,0.0150000),(0.0274069,0.0173503,0.0150000),(0.0276173,0.0179506,0.0150000),(0.0275942,0.0180540,0.0150000),(0.0274069,0.0173503,0.0150000),(0.0275942,0.0180540,0.0150000),(0.0275778,0.0181595,0.0150000),(0.0274069,0.0173503,0.0150000),(0.0275778,0.0181595,0.0150000),(0.0275679,0.0182671,0.0150000),(0.0274069,0.0173503,0.0150000),(0.0275679,0.0182671,0.0150000),(0.0275646,0.0183769,0.0150000),(0.0274069,0.0173503,0.0150000),(0.0275646,0.0183769,0.0150000),(0.0275680,0.0184867,0.0150000),(0.0276378,0.0197361,0.0150000),(0.0274069,0.0173503,0.0150000),(0.0275680,0.0184867,0.0150000),(0.0276378,0.0197361,0.0150000),(0.0275680,0.0184867,0.0150000),(0.0275780,0.0185944,0.0150000),(0.0276378,0.0197361,0.0150000),(0.0275780,0.0185944,0.0150000),(0.0275947,0.0187001,0.0150000),(0.0276378,0.0197361,0.0150000),(0.0275947,0.0187001,0.0150000),(0.0276181,0.0188037,0.0150000),(0.0276378,0.0197361,0.0150000),(0.0276181,0.0188037,0.0150000),(0.0276481,0.0189051,0.0150000),(0.0276378,0.0197361,0.0150000),(0.0276481,0.0189051,0.0150000),(0.0276849,0.0190045,0.0150000),(0.0276378,0.0197361,0.0150000),(0.0276849,0.0190045,0.0150000),(0.0277283,0.0191019,0.0150000),(0.0276378,0.0197361,0.0150000),(0.0277283,0.0191019,0.0150000),(0.0277784,0.0191971,0.0150000),(0.0276378,0.0197361,0.0150000),(0.0277784,0.0191971,0.0150000),(0.0278342,0.0192890,0.0150000),(0.0276378,0.0197361,0.0150000),(0.0278342,0.0192890,0.0150000),(0.0278949,0.0193759,0.0150000),(0.0276378,0.0197361,0.0150000),(0.0278949,0.0193759,0.0150000),(0.0279603,0.0194578,0.0150000),(0.0276378,0.0197361,0.0150000),(0.0279603,0.0194578,0.0150000),(0.0280305,0.0195347,0.0150000),(0.0276378,0.0197361,0.0150000),(0.0280305,0.0195347,0.0150000),(0.0281056,0.0196065,0.0150000),(0.0276378,0.0197361,0.0150000),(0.0281056,0.0196065,0.0150000),(0.0281854,0.0196733,0.0150000),(0.0276378,0.0197361,0.0150000),(0.0281854,0.0196733,0.0150000),(0.0282700,0.0197351,0.0150000),(0.0276378,0.0197361,0.0150000),(0.0282700,0.0197351,0.0150000),(0.0283594,0.0197919,0.0150000),(0.0276378,0.0197361,0.0150000),(0.0283594,0.0197919,0.0150000),(0.0284515,0.0198430,0.0150000),(0.0276378,0.0197361,0.0150000),(0.0284515,0.0198430,0.0150000),(0.0285441,0.0198873,0.0150000),(0.0276378,0.0197361,0.0150000),(0.0285441,0.0198873,0.0150000),(0.0286372,0.0199247,0.0150000),(0.0276378,0.0197361,0.0150000),(0.0286372,0.0199247,0.0150000),(0.0287309,0.0199554,0.0150000),(0.0276378,0.0197361,0.0150000),(0.0287309,0.0199554,0.0150000),(0.0288251,0.0199792,0.0150000),(0.0300062,0.0202470,0.0150000),(0.0276378,0.0197361,0.0150000),(0.0288251,0.0199792,0.0150000),(0.0300062,0.0202470,0.0150000),(0.0288251,0.0199792,0.0150000),(0.0289198,0.0199963,0.0150000),(0.0300062,0.0202470,0.0150000),(0.0289198,0.0199963,0.0150000),(0.0290151,0.0200065,0.0150000),(0.0300062,0.0202470,0.0150000),(0.0290151,0.0200065,0.0150000),(0.0291108,0.0200099,0.0150000),(0.0300062,0.0202470,0.0150000),(0.0291108,0.0200099,0.0150000),(0.0291172,0.0200099,0.0150000),(0.0300062,0.0202470,0.0150000),(0.0291172,0.0200099,0.0150000),(0.0292109,0.0200078,0.0150000),(0.0300062,0.0202470,0.0150000),(0.0292109,0.0200078,0.0150000),(0.0293021,0.0200016,0.0150000),(0.0300062,0.0202470,0.0150000),(0.0293021,0.0200016,0.0150000),(0.0293907,0.0199911,0.0150000),(0.0300062,0.0202470,0.0150000),(0.0293907,0.0199911,0.0150000),(0.0294768,0.0199766,0.0150000),(0.0300062,0.0202470,0.0150000),(0.0294768,0.0199766,0.0150000),(0.0295603,0.0199578,0.0150000),(0.0300062,0.0202470,0.0150000),(0.0295603,0.0199578,0.0150000),(0.0296413,0.0199349,0.0150000),(0.0300062,0.0202470,0.0150000),(0.0296413,0.0199349,0.0150000),(0.0297197,0.0199078,0.0150000),(0.0300062,0.0202470,0.0150000),(0.0297197,0.0199078,0.0150000),(0.0297956,0.0198765,0.0150000),(0.0277932,0.0155215,0.0150000),(0.0300062,0.0202470,0.0150000),(0.0297956,0.0198765,0.0150000),(0.0277932,0.0155215,0.0150000),(0.0297956,0.0198765,0.0150000),(0.0281911,0.0170815,0.0150000),(0.0277932,0.0155215,0.0150000),(0.0281911,0.0170815,0.0150000),(0.0280707,0.0171843,0.0150000),(0.0278176,0.0174895,0.0150000),(0.0277752,0.0175588,0.0150000),(0.0274069,0.0173503,0.0150000),(0.0278627,0.0174230,0.0150000),(0.0278176,0.0174895,0.0150000),(0.0274069,0.0173503,0.0150000),(0.0279612,0.0172982,0.0150000),(0.0278627,0.0174230,0.0150000),(0.0274069,0.0173503,0.0150000),(0.0280707,0.0171843,0.0150000),(0.0279612,0.0172982,0.0150000),(0.0274069,0.0173503,0.0150000),(0.0280707,0.0171843,0.0150000),(0.0274069,0.0173503,0.0150000),(0.0274649,0.0172552,0.0150000),(0.0280707,0.0171843,0.0150000),(0.0274649,0.0172552,0.0150000),(0.0275265,0.0171643,0.0150000),(0.0280707,0.0171843,0.0150000),(0.0275265,0.0171643,0.0150000),(0.0275919,0.0170774,0.0150000),(0.0280707,0.0171843,0.0150000),(0.0275919,0.0170774,0.0150000),(0.0276609,0.0169947,0.0150000),(0.0280707,0.0171843,0.0150000),(0.0276609,0.0169947,0.0150000),(0.0277337,0.0169161,0.0150000),(0.0280707,0.0171843,0.0150000),(0.0277337,0.0169161,0.0150000),(0.0278101,0.0168415,0.0150000),(0.0280707,0.0171843,0.0150000),(0.0278101,0.0168415,0.0150000),(0.0278903,0.0167711,0.0150000),(0.0280707,0.0171843,0.0150000),(0.0278903,0.0167711,0.0150000),(0.0279742,0.0167047,0.0150000),(0.0277932,0.0155215,0.0150000),(0.0280707,0.0171843,0.0150000),(0.0279742,0.0167047,0.0150000),(0.0277932,0.0155215,0.0150000),(0.0279742,0.0167047,0.0150000),(0.0274186,0.0157342,0.0150000),(0.0277932,0.0155215,0.0150000),(0.0274186,0.0157342,0.0150000),(0.0273910,0.0156326,0.0150000),(0.0277932,0.0155215,0.0150000),(0.0273910,0.0156326,0.0150000),(0.0273974,0.0155723,0.0150000),(0.0277932,0.0155215,0.0150000),(0.0273974,0.0155723,0.0150000),(0.0274366,0.0154953,0.0150000),(0.0277932,0.0155215,0.0150000),(0.0274366,0.0154953,0.0150000),(0.0274990,0.0154400,0.0150000),(0.0277932,0.0155215,0.0150000),(0.0274990,0.0154400,0.0150000),(0.0276038,0.0154125,0.0150000),(0.0277932,0.0155215,0.0150000),(0.0276038,0.0154125,0.0150000),(0.0276641,0.0154199,0.0150000),(0.0277932,0.0155215,0.0150000),(0.0276641,0.0154199,0.0150000),(0.0277366,0.0154554,0.0150000),(0.0333452,0.0180446,0.0150000),(0.0329399,0.0180446,0.0150000),(0.0322499,0.0180308,0.0150000),(0.0335876,0.0180446,0.0150000),(0.0333452,0.0180446,0.0150000),(0.0322499,0.0180308,0.0150000),(0.0329399,0.0193802,0.0150000),(0.0329399,0.0180446,0.0150000),(0.0333452,0.0180446,0.0150000),(0.0329399,0.0193802,0.0150000),(0.0333452,0.0180446,0.0150000),(0.0333452,0.0202321,0.0150000),(0.0322499,0.0180308,0.0150000),(0.0329399,0.0193802,0.0150000),(0.0333452,0.0202321,0.0150000),(0.0322499,0.0180308,0.0150000),(0.0333452,0.0202321,0.0150000),(0.0333354,0.0203070,0.0150000),(0.0322499,0.0180308,0.0150000),(0.0333354,0.0203070,0.0150000),(0.0333061,0.0203644,0.0150000),(0.0322499,0.0180308,0.0150000),(0.0333061,0.0203644,0.0150000),(0.0331971,0.0204385,0.0150000),(0.0322499,0.0180308,0.0150000),(0.0331971,0.0204385,0.0150000),(0.0331367,0.0204459,0.0150000),(0.0322499,0.0180308,0.0150000),(0.0331367,0.0204459,0.0150000),(0.0330605,0.0204364,0.0150000),(0.0322499,0.0180308,0.0150000),(0.0330605,0.0204364,0.0150000),(0.0329536,0.0203528,0.0150000),(0.0322499,0.0180308,0.0150000),(0.0329536,0.0203528,0.0150000),(0.0316762,0.0179334,0.0150000),(0.0335876,0.0180446,0.0150000),(0.0322499,0.0180308,0.0150000),(0.0316762,0.0179334,0.0150000),(0.0335876,0.0180446,0.0150000),(0.0316762,0.0179334,0.0150000),(0.0316413,0.0178064,0.0150000),(0.0335876,0.0180446,0.0150000),(0.0316413,0.0178064,0.0150000),(0.0316667,0.0177186,0.0150000),(0.0335876,0.0180446,0.0150000),(0.0316667,0.0177186,0.0150000),(0.0317437,0.0176440,0.0150000),(0.0335876,0.0180446,0.0150000),(0.0317437,0.0176440,0.0150000),(0.0318540,0.0176191,0.0150000),(0.0335876,0.0180446,0.0150000),(0.0318540,0.0176191,0.0150000),(0.0329187,0.0176191,0.0150000),(0.0329187,0.0176191,0.0150000),(0.0329187,0.0166073,0.0150000),(0.0329343,0.0165240,0.0150000),(0.0329187,0.0176191,0.0150000),(0.0329343,0.0165240,0.0150000),(0.0329812,0.0164560,0.0150000),(0.0329187,0.0176191,0.0150000),(0.0329812,0.0164560,0.0150000),(0.0330500,0.0164100,0.0150000),(0.0329187,0.0176191,0.0150000),(0.0330500,0.0164100,0.0150000),(0.0331314,0.0163946,0.0150000),(0.0329187,0.0176191,0.0150000),(0.0331314,0.0163946,0.0150000),(0.0332137,0.0164100,0.0150000),(0.0329187,0.0176191,0.0150000),(0.0332137,0.0164100,0.0150000),(0.0332828,0.0164560,0.0150000),(0.0329187,0.0176191,0.0150000),(0.0332828,0.0164560,0.0150000),(0.0333296,0.0165240,0.0150000),(0.0329187,0.0176191,0.0150000),(0.0333296,0.0165240,0.0150000),(0.0333452,0.0166073,0.0150000),(0.0329187,0.0176191,0.0150000),(0.0333452,0.0166073,0.0150000),(0.0333452,0.0176191,0.0150000),(0.0335876,0.0180446,0.0150000),(0.0329187,0.0176191,0.0150000),(0.0333452,0.0176191,0.0150000),(0.0335876,0.0180446,0.0150000),(0.0333452,0.0176191,0.0150000),(0.0335876,0.0176191,0.0150000),(0.0335876,0.0180446,0.0150000),(0.0335876,0.0176191,0.0150000),(0.0336712,0.0176347,0.0150000),(0.0335876,0.0180446,0.0150000),(0.0336712,0.0176347,0.0150000),(0.0337400,0.0176816,0.0150000),(0.0335876,0.0180446,0.0150000),(0.0337400,0.0176816,0.0150000),(0.0337860,0.0177503,0.0150000),(0.0335876,0.0180446,0.0150000),(0.0337860,0.0177503,0.0150000),(0.0338014,0.0178318,0.0150000),(0.0335876,0.0180446,0.0150000),(0.0338014,0.0178318,0.0150000),(0.0337860,0.0179133,0.0150000),(0.0335876,0.0180446,0.0150000),(0.0337860,0.0179133,0.0150000),(0.0337400,0.0179821,0.0150000),(0.0335876,0.0180446,0.0150000),(0.0337400,0.0179821,0.0150000),(0.0336712,0.0180290,0.0150000),(0.0369351,0.0180446,0.0150000),(0.0365298,0.0180446,0.0150000),(0.0358397,0.0180308,0.0150000),(0.0371775,0.0180446,0.0150000),(0.0369351,0.0180446,0.0150000),(0.0358397,0.0180308,0.0150000),(0.0365298,0.0193802,0.0150000),(0.0365298,0.0180446,0.0150000),(0.0369351,0.0180446,0.0150000),(0.0365298,0.0193802,0.0150000),(0.0369351,0.0180446,0.0150000),(0.0369351,0.0202321,0.0150000),(0.0358397,0.0180308,0.0150000),(0.0365298,0.0193802,0.0150000),(0.0369351,0.0202321,0.0150000),(0.0358397,0.0180308,0.0150000),(0.0369351,0.0202321,0.0150000),(0.0369253,0.0203070,0.0150000),(0.0358397,0.0180308,0.0150000),(0.0369253,0.0203070,0.0150000),(0.0368959,0.0203644,0.0150000),(0.0358397,0.0180308,0.0150000),(0.0368959,0.0203644,0.0150000),(0.0367869,0.0204385,0.0150000),(0.0358397,0.0180308,0.0150000),(0.0367869,0.0204385,0.0150000),(0.0367266,0.0204459,0.0150000),(0.0358397,0.0180308,0.0150000),(0.0367266,0.0204459,0.0150000),(0.0366504,0.0204364,0.0150000),(0.0358397,0.0180308,0.0150000),(0.0366504,0.0204364,0.0150000),(0.0365435,0.0203528,0.0150000),(0.0358397,0.0180308,0.0150000),(0.0365435,0.0203528,0.0150000),(0.0352661,0.0179334,0.0150000),(0.0371775,0.0180446,0.0150000),(0.0358397,0.0180308,0.0150000),(0.0352661,0.0179334,0.0150000),(0.0371775,0.0180446,0.0150000),(0.0352661,0.0179334,0.0150000),(0.0352312,0.0178064,0.0150000),(0.0371775,0.0180446,0.0150000),(0.0352312,0.0178064,0.0150000),(0.0352566,0.0177186,0.0150000),(0.0371775,0.0180446,0.0150000),(0.0352566,0.0177186,0.0150000),(0.0353336,0.0176440,0.0150000),(0.0371775,0.0180446,0.0150000),(0.0353336,0.0176440,0.0150000),(0.0354439,0.0176191,0.0150000),(0.0371775,0.0180446,0.0150000),(0.0354439,0.0176191,0.0150000),(0.0365086,0.0176191,0.0150000),(0.0365086,0.0176191,0.0150000),(0.0365086,0.0166073,0.0150000),(0.0365242,0.0165240,0.0150000),(0.0365086,0.0176191,0.0150000),(0.0365242,0.0165240,0.0150000),(0.0365710,0.0164560,0.0150000),(0.0365086,0.0176191,0.0150000),(0.0365710,0.0164560,0.0150000),(0.0366398,0.0164100,0.0150000),(0.0365086,0.0176191,0.0150000),(0.0366398,0.0164100,0.0150000),(0.0367213,0.0163946,0.0150000),(0.0365086,0.0176191,0.0150000),(0.0367213,0.0163946,0.0150000),(0.0368036,0.0164100,0.0150000),(0.0365086,0.0176191,0.0150000),(0.0368036,0.0164100,0.0150000),(0.0368727,0.0164560,0.0150000),(0.0365086,0.0176191,0.0150000),(0.0368727,0.0164560,0.0150000),(0.0369195,0.0165240,0.0150000),(0.0365086,0.0176191,0.0150000),(0.0369195,0.0165240,0.0150000),(0.0369351,0.0166073,0.0150000),(0.0365086,0.0176191,0.0150000),(0.0369351,0.0166073,0.0150000),(0.0369351,0.0176191,0.0150000),(0.0371775,0.0180446,0.0150000),(0.0365086,0.0176191,0.0150000),(0.0369351,0.0176191,0.0150000),(0.0371775,0.0180446,0.0150000),(0.0369351,0.0176191,0.0150000),(0.0371775,0.0176191,0.0150000),(0.0371775,0.0180446,0.0150000),(0.0371775,0.0176191,0.0150000),(0.0372611,0.0176347,0.0150000),(0.0371775,0.0180446,0.0150000),(0.0372611,0.0176347,0.0150000),(0.0373299,0.0176816,0.0150000),(0.0371775,0.0180446,0.0150000),(0.0373299,0.0176816,0.0150000),(0.0373759,0.0177503,0.0150000),(0.0371775,0.0180446,0.0150000),(0.0373759,0.0177503,0.0150000),(0.0373912,0.0178318,0.0150000),(0.0371775,0.0180446,0.0150000),(0.0373912,0.0178318,0.0150000),(0.0373759,0.0179133,0.0150000),(0.0371775,0.0180446,0.0150000),(0.0373759,0.0179133,0.0150000),(0.0373299,0.0179821,0.0150000),(0.0371775,0.0180446,0.0150000),(0.0373299,0.0179821,0.0150000),(0.0372611,0.0180290,0.0150000),(0.0342194,0.0164102,0.0150000),(0.0342924,0.0163036,0.0150000),(0.0343991,0.0162306,0.0150000),(0.0342194,0.0164102,0.0150000),(0.0343991,0.0162306,0.0150000),(0.0345242,0.0162062,0.0150000),(0.0342194,0.0164102,0.0150000),(0.0345242,0.0162062,0.0150000),(0.0346491,0.0162306,0.0150000),(0.0342194,0.0164102,0.0150000),(0.0346491,0.0162306,0.0150000),(0.0347549,0.0163036,0.0150000),(0.0342194,0.0164102,0.0150000),(0.0347549,0.0163036,0.0150000),(0.0348280,0.0164102,0.0150000),(0.0342194,0.0164102,0.0150000),(0.0348280,0.0164102,0.0150000),(0.0348523,0.0165354,0.0150000),(0.0342194,0.0164102,0.0150000),(0.0348523,0.0165354,0.0150000),(0.0348280,0.0166605,0.0150000),(0.0342194,0.0164102,0.0150000),(0.0348280,0.0166605,0.0150000),(0.0347549,0.0167672,0.0150000),(0.0342194,0.0164102,0.0150000),(0.0347549,0.0167672,0.0150000),(0.0346491,0.0168402,0.0150000),(0.0342194,0.0164102,0.0150000),(0.0346491,0.0168402,0.0150000),(0.0345242,0.0168645,0.0150000),(0.0342194,0.0164102,0.0150000),(0.0345242,0.0168645,0.0150000),(0.0343991,0.0168402,0.0150000),(0.0342194,0.0164102,0.0150000),(0.0343991,0.0168402,0.0150000),(0.0342924,0.0167672,0.0150000),(0.0342194,0.0164102,0.0150000),(0.0342924,0.0167672,0.0150000),(0.0342194,0.0166605,0.0150000),(0.0342194,0.0164102,0.0150000),(0.0342194,0.0166605,0.0150000),(0.0341951,0.0165354,0.0150000),(0.0411242,0.0164301,0.0150000),(0.0412236,0.0163211,0.0150000),(0.0413369,0.0162936,0.0150000),(0.0411242,0.0164301,0.0150000),(0.0413369,0.0162936,0.0150000),(0.0414380,0.0163190,0.0150000),(0.0411242,0.0164301,0.0150000),(0.0414380,0.0163190,0.0150000),(0.0415147,0.0163952,0.0150000),(0.0411242,0.0164301,0.0150000),(0.0415147,0.0163952,0.0150000),(0.0415221,0.0164015,0.0150000),(0.0411242,0.0164301,0.0150000),(0.0415221,0.0164015,0.0150000),(0.0427678,0.0185690,0.0150000),(0.0411242,0.0164301,0.0150000),(0.0427678,0.0185690,0.0150000),(0.0427953,0.0186759,0.0150000),(0.0411242,0.0164301,0.0150000),(0.0427953,0.0186759,0.0150000),(0.0427675,0.0187851,0.0150000),(0.0411242,0.0164301,0.0150000),(0.0427675,0.0187851,0.0150000),(0.0426841,0.0188632,0.0150000),(0.0411242,0.0164301,0.0150000),(0.0426841,0.0188632,0.0150000),(0.0425773,0.0188928,0.0150000),(0.0411242,0.0164301,0.0150000),(0.0425773,0.0188928,0.0150000),(0.0424685,0.0188650,0.0150000),(0.0411242,0.0164301,0.0150000),(0.0424685,0.0188650,0.0150000),(0.0423920,0.0187817,0.0150000),(0.0411242,0.0164301,0.0150000),(0.0423920,0.0187817,0.0150000),(0.0415496,0.0173159,0.0150000),(0.0411242,0.0164301,0.0150000),(0.0415496,0.0173159,0.0150000),(0.0415496,0.0199236,0.0150000),(0.0415496,0.0199236,0.0150000),(0.0431361,0.0199236,0.0150000),(0.0432210,0.0199395,0.0150000),(0.0415496,0.0199236,0.0150000),(0.0432210,0.0199395,0.0150000),(0.0432916,0.0199871,0.0150000),(0.0415496,0.0199236,0.0150000),(0.0432916,0.0199871,0.0150000),(0.0433393,0.0200567,0.0150000),(0.0415496,0.0199236,0.0150000),(0.0433393,0.0200567,0.0150000),(0.0433551,0.0201385,0.0150000),(0.0415496,0.0199236,0.0150000),(0.0433551,0.0201385,0.0150000),(0.0433393,0.0202205,0.0150000),(0.0415496,0.0199236,0.0150000),(0.0433393,0.0202205,0.0150000),(0.0432916,0.0202909,0.0150000),(0.0415496,0.0199236,0.0150000),(0.0432916,0.0202909,0.0150000),(0.0432210,0.0203401,0.0150000),(0.0415496,0.0199236,0.0150000),(0.0432210,0.0203401,0.0150000),(0.0431361,0.0203565,0.0150000),(0.0415496,0.0199236,0.0150000),(0.0431361,0.0203565,0.0150000),(0.0413295,0.0203565,0.0150000),(0.0411242,0.0164301,0.0150000),(0.0415496,0.0199236,0.0150000),(0.0413295,0.0203565,0.0150000),(0.0413295,0.0203565,0.0150000),(0.0395240,0.0203565,0.0150000),(0.0394411,0.0203401,0.0150000),(0.0413295,0.0203565,0.0150000),(0.0394411,0.0203401,0.0150000),(0.0393726,0.0202909,0.0150000),(0.0413295,0.0203565,0.0150000),(0.0393726,0.0202909,0.0150000),(0.0393266,0.0202205,0.0150000),(0.0413295,0.0203565,0.0150000),(0.0393266,0.0202205,0.0150000),(0.0393112,0.0201385,0.0150000),(0.0413295,0.0203565,0.0150000),(0.0393112,0.0201385,0.0150000),(0.0393266,0.0200567,0.0150000),(0.0413295,0.0203565,0.0150000),(0.0393266,0.0200567,0.0150000),(0.0393726,0.0199871,0.0150000),(0.0413295,0.0203565,0.0150000),(0.0393726,0.0199871,0.0150000),(0.0394411,0.0199395,0.0150000),(0.0413295,0.0203565,0.0150000),(0.0394411,0.0199395,0.0150000),(0.0395240,0.0199236,0.0150000),(0.0413295,0.0203565,0.0150000),(0.0395240,0.0199236,0.0150000),(0.0411168,0.0199236,0.0150000),(0.0411242,0.0164301,0.0150000),(0.0413295,0.0203565,0.0150000),(0.0411168,0.0199236,0.0150000),(0.0411242,0.0164301,0.0150000),(0.0411168,0.0199236,0.0150000),(0.0411168,0.0173117,0.0150000),(0.0411242,0.0164301,0.0150000),(0.0411168,0.0173117,0.0150000),(0.0402606,0.0188007,0.0150000),(0.0411242,0.0164301,0.0150000),(0.0402606,0.0188007,0.0150000),(0.0401809,0.0188801,0.0150000),(0.0411242,0.0164301,0.0150000),(0.0401809,0.0188801,0.0150000),(0.0400732,0.0189066,0.0150000),(0.0411242,0.0164301,0.0150000),(0.0400732,0.0189066,0.0150000),(0.0399621,0.0188791,0.0150000),(0.0411242,0.0164301,0.0150000),(0.0399621,0.0188791,0.0150000),(0.0398804,0.0187994,0.0150000),(0.0411242,0.0164301,0.0150000),(0.0398804,0.0187994,0.0150000),(0.0398531,0.0186896,0.0150000),(0.0411242,0.0164301,0.0150000),(0.0398531,0.0186896,0.0150000),(0.0398849,0.0185806,0.0150000),(0.0459470,0.0199787,0.0150000),(0.0451786,0.0166100,0.0150000),(0.0451765,0.0165613,0.0150000),(0.0459470,0.0199787,0.0150000),(0.0451765,0.0165613,0.0150000),(0.0452062,0.0164523,0.0150000),(0.0459470,0.0199787,0.0150000),(0.0452062,0.0164523,0.0150000),(0.0452625,0.0163901,0.0150000),(0.0459470,0.0199787,0.0150000),(0.0452625,0.0163901,0.0150000),(0.0453384,0.0163560,0.0150000),(0.0459470,0.0199787,0.0150000),(0.0453384,0.0163560,0.0150000),(0.0453892,0.0163528,0.0150000),(0.0459470,0.0199787,0.0150000),(0.0453892,0.0163528,0.0150000),(0.0455004,0.0163835,0.0150000),(0.0459470,0.0199787,0.0150000),(0.0455004,0.0163835,0.0150000),(0.0455618,0.0164409,0.0150000),(0.0459470,0.0199787,0.0150000),(0.0455618,0.0164409,0.0150000),(0.0455935,0.0165200,0.0150000),(0.0459470,0.0199787,0.0150000),(0.0455935,0.0165200,0.0150000),(0.0464222,0.0201459,0.0150000),(0.0445627,0.0199787,0.0150000),(0.0459470,0.0199787,0.0150000),(0.0464222,0.0201459,0.0150000),(0.0445627,0.0199787,0.0150000),(0.0464222,0.0201459,0.0150000),(0.0464264,0.0201967,0.0150000),(0.0445627,0.0199787,0.0150000),(0.0464264,0.0201967,0.0150000),(0.0463809,0.0203258,0.0150000),(0.0445627,0.0199787,0.0150000),(0.0463809,0.0203258,0.0150000),(0.0463063,0.0203853,0.0150000),(0.0445627,0.0199787,0.0150000),(0.0463063,0.0203853,0.0150000),(0.0462137,0.0204052,0.0150000),(0.0445627,0.0199787,0.0150000),(0.0462137,0.0204052,0.0150000),(0.0445627,0.0204052,0.0150000),(0.0445627,0.0199787,0.0150000),(0.0445627,0.0204052,0.0150000),(0.0444812,0.0203893,0.0150000),(0.0445627,0.0199787,0.0150000),(0.0444812,0.0203893,0.0150000),(0.0444124,0.0203417,0.0150000),(0.0445627,0.0199787,0.0150000),(0.0444124,0.0203417,0.0150000),(0.0443656,0.0202731,0.0150000),(0.0445627,0.0199787,0.0150000),(0.0443656,0.0202731,0.0150000),(0.0443500,0.0201925,0.0150000),(0.0445627,0.0199787,0.0150000),(0.0443500,0.0201925,0.0150000),(0.0443656,0.0201115,0.0150000),(0.0445627,0.0199787,0.0150000),(0.0443656,0.0201115,0.0150000),(0.0444124,0.0200422,0.0150000),(0.0445627,0.0199787,0.0150000),(0.0444124,0.0200422,0.0150000),(0.0444812,0.0199945,0.0150000),(0.0211807,0.0231700,0.0150000),(0.0212778,0.0231293,0.0150000),(0.0213758,0.0230940,0.0150000),(0.0211807,0.0231700,0.0150000),(0.0213758,0.0230940,0.0150000),(0.0214748,0.0230642,0.0150000),(0.0211807,0.0231700,0.0150000),(0.0214748,0.0230642,0.0150000),(0.0215747,0.0230398,0.0150000),(0.0211807,0.0231700,0.0150000),(0.0215747,0.0230398,0.0150000),(0.0216756,0.0230208,0.0150000),(0.0211807,0.0231700,0.0150000),(0.0216756,0.0230208,0.0150000),(0.0217774,0.0230073,0.0150000),(0.0211807,0.0231700,0.0150000),(0.0217774,0.0230073,0.0150000),(0.0218803,0.0229991,0.0150000),(0.0211807,0.0231700,0.0150000),(0.0218803,0.0229991,0.0150000),(0.0219840,0.0229964,0.0150000),(0.0211807,0.0231700,0.0150000),(0.0219840,0.0229964,0.0150000),(0.0221198,0.0230007,0.0150000),(0.0211807,0.0231700,0.0150000),(0.0221198,0.0230007,0.0150000),(0.0222530,0.0230137,0.0150000),(0.0211807,0.0231700,0.0150000),(0.0222530,0.0230137,0.0150000),(0.0223837,0.0230352,0.0150000),(0.0211807,0.0231700,0.0150000),(0.0223837,0.0230352,0.0150000),(0.0225119,0.0230655,0.0150000),(0.0211807,0.0231700,0.0150000),(0.0225119,0.0230655,0.0150000),(0.0226375,0.0231043,0.0150000),(0.0211807,0.0231700,0.0150000),(0.0226375,0.0231043,0.0150000),(0.0227605,0.0231518,0.0150000),(0.0211807,0.0231700,0.0150000),(0.0227605,0.0231518,0.0150000),(0.0228810,0.0232079,0.0150000),(0.0211807,0.0231700,0.0150000),(0.0228810,0.0232079,0.0150000),(0.0229990,0.0232726,0.0150000),(0.0211807,0.0231700,0.0150000),(0.0229990,0.0232726,0.0150000),(0.0231125,0.0233450,0.0150000),(0.0211807,0.0231700,0.0150000),(0.0231125,0.0233450,0.0150000),(0.0232199,0.0234236,0.0150000),(0.0211807,0.0231700,0.0150000),(0.0232199,0.0234236,0.0150000),(0.0233210,0.0235083,0.0150000),(0.0211807,0.0231700,0.0150000),(0.0233210,0.0235083,0.0150000),(0.0234159,0.0235991,0.0150000),(0.0211807,0.0231700,0.0150000),(0.0234159,0.0235991,0.0150000),(0.0235046,0.0236961,0.0150000),(0.0235046,0.0236961,0.0150000),(0.0235871,0.0237993,0.0150000),(0.0236634,0.0239086,0.0150000),(0.0235046,0.0236961,0.0150000),(0.0236634,0.0239086,0.0150000),(0.0237334,0.0240240,0.0150000),(0.0235046,0.0236961,0.0150000),(0.0237334,0.0240240,0.0150000),(0.0237965,0.0241438,0.0150000),(0.0235046,0.0236961,0.0150000),(0.0237965,0.0241438,0.0150000),(0.0238511,0.0242661,0.0150000),(0.0235046,0.0236961,0.0150000),(0.0238511,0.0242661,0.0150000),(0.0238973,0.0243908,0.0150000),(0.0235046,0.0236961,0.0150000),(0.0238973,0.0243908,0.0150000),(0.0239351,0.0245180,0.0150000),(0.0235046,0.0236961,0.0150000),(0.0239351,0.0245180,0.0150000),(0.0239645,0.0246477,0.0150000),(0.0235046,0.0236961,0.0150000),(0.0239645,0.0246477,0.0150000),(0.0239855,0.0247799,0.0150000),(0.0235046,0.0236961,0.0150000),(0.0239855,0.0247799,0.0150000),(0.0239981,0.0249146,0.0150000),(0.0235046,0.0236961,0.0150000),(0.0239981,0.0249146,0.0150000),(0.0240023,0.0250517,0.0150000),(0.0235046,0.0236961,0.0150000),(0.0240023,0.0250517,0.0150000),(0.0239981,0.0251833,0.0150000),(0.0235046,0.0236961,0.0150000),(0.0239981,0.0251833,0.0150000),(0.0239855,0.0253142,0.0150000),(0.0235046,0.0236961,0.0150000),(0.0239855,0.0253142,0.0150000),(0.0239645,0.0254442,0.0150000),(0.0235046,0.0236961,0.0150000),(0.0239645,0.0254442,0.0150000),(0.0239351,0.0255734,0.0150000),(0.0235046,0.0236961,0.0150000),(0.0239351,0.0255734,0.0150000),(0.0238973,0.0257019,0.0150000),(0.0235046,0.0236961,0.0150000),(0.0238973,0.0257019,0.0150000),(0.0238511,0.0258296,0.0150000),(0.0238511,0.0258296,0.0150000),(0.0234593,0.0256881,0.0150000),(0.0234958,0.0255902,0.0150000),(0.0238511,0.0258296,0.0150000),(0.0234958,0.0255902,0.0150000),(0.0235257,0.0254890,0.0150000),(0.0238511,0.0258296,0.0150000),(0.0235257,0.0254890,0.0150000),(0.0235490,0.0253846,0.0150000),(0.0238511,0.0258296,0.0150000),(0.0235490,0.0253846,0.0150000),(0.0235656,0.0252769,0.0150000),(0.0238511,0.0258296,0.0150000),(0.0235656,0.0252769,0.0150000),(0.0235756,0.0251659,0.0150000),(0.0238511,0.0258296,0.0150000),(0.0235756,0.0251659,0.0150000),(0.0235789,0.0250517,0.0150000),(0.0238511,0.0258296,0.0150000),(0.0235789,0.0250517,0.0150000),(0.0235756,0.0249417,0.0150000),(0.0235046,0.0236961,0.0150000),(0.0238511,0.0258296,0.0150000),(0.0235756,0.0249417,0.0150000),(0.0235046,0.0236961,0.0150000),(0.0235756,0.0249417,0.0150000),(0.0235655,0.0248338,0.0150000),(0.0235046,0.0236961,0.0150000),(0.0235655,0.0248338,0.0150000),(0.0235487,0.0247281,0.0150000),(0.0235046,0.0236961,0.0150000),(0.0235487,0.0247281,0.0150000),(0.0235252,0.0246247,0.0150000),(0.0235046,0.0236961,0.0150000),(0.0235252,0.0246247,0.0150000),(0.0234950,0.0245233,0.0150000),(0.0235046,0.0236961,0.0150000),(0.0234950,0.0245233,0.0150000),(0.0234581,0.0244242,0.0150000),(0.0235046,0.0236961,0.0150000),(0.0234581,0.0244242,0.0150000),(0.0234144,0.0243273,0.0150000),(0.0235046,0.0236961,0.0150000),(0.0234144,0.0243273,0.0150000),(0.0233641,0.0242325,0.0150000),(0.0235046,0.0236961,0.0150000),(0.0233641,0.0242325,0.0150000),(0.0233082,0.0241413,0.0150000),(0.0235046,0.0236961,0.0150000),(0.0233082,0.0241413,0.0150000),(0.0232476,0.0240550,0.0150000),(0.0235046,0.0236961,0.0150000),(0.0232476,0.0240550,0.0150000),(0.0231822,0.0239736,0.0150000),(0.0235046,0.0236961,0.0150000),(0.0231822,0.0239736,0.0150000),(0.0231119,0.0238970,0.0150000),(0.0235046,0.0236961,0.0150000),(0.0231119,0.0238970,0.0150000),(0.0230369,0.0238254,0.0150000),(0.0235046,0.0236961,0.0150000),(0.0230369,0.0238254,0.0150000),(0.0229571,0.0237587,0.0150000),(0.0235046,0.0236961,0.0150000),(0.0229571,0.0237587,0.0150000),(0.0228725,0.0236968,0.0150000),(0.0235046,0.0236961,0.0150000),(0.0228725,0.0236968,0.0150000),(0.0227831,0.0236399,0.0150000),(0.0235046,0.0236961,0.0150000),(0.0227831,0.0236399,0.0150000),(0.0226905,0.0235888,0.0150000),(0.0235046,0.0236961,0.0150000),(0.0226905,0.0235888,0.0150000),(0.0225958,0.0235445,0.0150000),(0.0235046,0.0236961,0.0150000),(0.0225958,0.0235445,0.0150000),(0.0224991,0.0235070,0.0150000),(0.0235046,0.0236961,0.0150000),(0.0224991,0.0235070,0.0150000),(0.0224002,0.0234764,0.0150000),(0.0211807,0.0231700,0.0150000),(0.0235046,0.0236961,0.0150000),(0.0224002,0.0234764,0.0150000),(0.0211807,0.0231700,0.0150000),(0.0224002,0.0234764,0.0150000),(0.0222993,0.0234525,0.0150000),(0.0211807,0.0231700,0.0150000),(0.0222993,0.0234525,0.0150000),(0.0221963,0.0234355,0.0150000),(0.0211807,0.0231700,0.0150000),(0.0221963,0.0234355,0.0150000),(0.0220912,0.0234253,0.0150000),(0.0211807,0.0231700,0.0150000),(0.0220912,0.0234253,0.0150000),(0.0219840,0.0234219,0.0150000),(0.0211807,0.0231700,0.0150000),(0.0219840,0.0234219,0.0150000),(0.0218304,0.0234289,0.0150000),(0.0211807,0.0231700,0.0150000),(0.0218304,0.0234289,0.0150000),(0.0216808,0.0234502,0.0150000),(0.0211807,0.0231700,0.0150000),(0.0216808,0.0234502,0.0150000),(0.0215352,0.0234856,0.0150000),(0.0211807,0.0231700,0.0150000),(0.0215352,0.0234856,0.0150000),(0.0213935,0.0235351,0.0150000),(0.0211807,0.0231700,0.0150000),(0.0213935,0.0235351,0.0150000),(0.0229905,0.0263185,0.0150000),(0.0206198,0.0221952,0.0150000),(0.0211807,0.0231700,0.0150000),(0.0229905,0.0263185,0.0150000),(0.0234161,0.0257827,0.0150000),(0.0234593,0.0256881,0.0150000),(0.0238511,0.0258296,0.0150000),(0.0233662,0.0258740,0.0150000),(0.0234161,0.0257827,0.0150000),(0.0238511,0.0258296,0.0150000),(0.0232983,0.0259780,0.0150000),(0.0233662,0.0258740,0.0150000),(0.0238511,0.0258296,0.0150000),(0.0232130,0.0260867,0.0150000),(0.0232983,0.0259780,0.0150000),(0.0238511,0.0258296,0.0150000),(0.0231639,0.0261429,0.0150000),(0.0232130,0.0260867,0.0150000),(0.0238511,0.0258296,0.0150000),(0.0231104,0.0262002,0.0150000),(0.0231639,0.0261429,0.0150000),(0.0238511,0.0258296,0.0150000),(0.0230526,0.0262588,0.0150000),(0.0231104,0.0262002,0.0150000),(0.0238511,0.0258296,0.0150000),(0.0229905,0.0263185,0.0150000),(0.0230526,0.0262588,0.0150000),(0.0238511,0.0258296,0.0150000),(0.0229905,0.0263185,0.0150000),(0.0238511,0.0258296,0.0150000),(0.0237965,0.0259564,0.0150000),(0.0229905,0.0263185,0.0150000),(0.0237965,0.0259564,0.0150000),(0.0237334,0.0260825,0.0150000),(0.0229905,0.0263185,0.0150000),(0.0237334,0.0260825,0.0150000),(0.0236833,0.0261692,0.0150000),(0.0229905,0.0263185,0.0150000),(0.0236833,0.0261692,0.0150000),(0.0236285,0.0262526,0.0150000),(0.0229905,0.0263185,0.0150000),(0.0236285,0.0262526,0.0150000),(0.0235691,0.0263327,0.0150000),(0.0229905,0.0263185,0.0150000),(0.0235691,0.0263327,0.0150000),(0.0235051,0.0264095,0.0150000),(0.0229905,0.0263185,0.0150000),(0.0235051,0.0264095,0.0150000),(0.0234365,0.0264830,0.0150000),(0.0229905,0.0263185,0.0150000),(0.0234365,0.0264830,0.0150000),(0.0233634,0.0265532,0.0150000),(0.0229905,0.0263185,0.0150000),(0.0233634,0.0265532,0.0150000),(0.0232856,0.0266201,0.0150000),(0.0229905,0.0263185,0.0150000),(0.0232856,0.0266201,0.0150000),(0.0232032,0.0266836,0.0150000),(0.0229905,0.0263185,0.0150000),(0.0232032,0.0266836,0.0150000),(0.0237451,0.0276361,0.0150000),(0.0206198,0.0221952,0.0150000),(0.0229905,0.0263185,0.0150000),(0.0237451,0.0276361,0.0150000),(0.0206198,0.0221952,0.0150000),(0.0237451,0.0276361,0.0150000),(0.0237737,0.0277399,0.0150000),(0.0206198,0.0221952,0.0150000),(0.0237737,0.0277399,0.0150000),(0.0237663,0.0278002,0.0150000),(0.0206198,0.0221952,0.0150000),(0.0237663,0.0278002,0.0150000),(0.0237276,0.0278753,0.0150000),(0.0206198,0.0221952,0.0150000),(0.0237276,0.0278753,0.0150000),(0.0236625,0.0279293,0.0150000),(0.0206198,0.0221952,0.0150000),(0.0236625,0.0279293,0.0150000),(0.0235599,0.0279600,0.0150000),(0.0206198,0.0221952,0.0150000),(0.0235599,0.0279600,0.0150000),(0.0234996,0.0279526,0.0150000),(0.0206198,0.0221952,0.0150000),(0.0234996,0.0279526,0.0150000),(0.0234239,0.0279140,0.0150000),(0.0206198,0.0221952,0.0150000),(0.0234239,0.0279140,0.0150000),(0.0233683,0.0278489,0.0150000),(0.0206198,0.0221952,0.0150000),(0.0233683,0.0278489,0.0150000),(0.0228328,0.0269207,0.0150000),(0.0228328,0.0269207,0.0150000),(0.0227322,0.0269651,0.0150000),(0.0226283,0.0270036,0.0150000),(0.0228328,0.0269207,0.0150000),(0.0226283,0.0270036,0.0150000),(0.0225211,0.0270361,0.0150000),(0.0228328,0.0269207,0.0150000),(0.0225211,0.0270361,0.0150000),(0.0224105,0.0270628,0.0150000),(0.0228328,0.0269207,0.0150000),(0.0224105,0.0270628,0.0150000),(0.0222967,0.0270835,0.0150000),(0.0228328,0.0269207,0.0150000),(0.0222967,0.0270835,0.0150000),(0.0221795,0.0270983,0.0150000),(0.0228328,0.0269207,0.0150000),(0.0221795,0.0270983,0.0150000),(0.0220591,0.0271072,0.0150000),(0.0228328,0.0269207,0.0150000),(0.0220591,0.0271072,0.0150000),(0.0219353,0.0271101,0.0150000),(0.0228328,0.0269207,0.0150000),(0.0219353,0.0271101,0.0150000),(0.0218107,0.0271058,0.0150000),(0.0228328,0.0269207,0.0150000),(0.0218107,0.0271058,0.0150000),(0.0216872,0.0270928,0.0150000),(0.0228328,0.0269207,0.0150000),(0.0216872,0.0270928,0.0150000),(0.0215648,0.0270712,0.0150000),(0.0228328,0.0269207,0.0150000),(0.0215648,0.0270712,0.0150000),(0.0214435,0.0270408,0.0150000),(0.0228328,0.0269207,0.0150000),(0.0214435,0.0270408,0.0150000),(0.0213232,0.0270018,0.0150000),(0.0228328,0.0269207,0.0150000),(0.0213232,0.0270018,0.0150000),(0.0212041,0.0269542,0.0150000),(0.0228328,0.0269207,0.0150000),(0.0212041,0.0269542,0.0150000),(0.0210860,0.0268979,0.0150000),(0.0228328,0.0269207,0.0150000),(0.0210860,0.0268979,0.0150000),(0.0209691,0.0268329,0.0150000),(0.0228328,0.0269207,0.0150000),(0.0209691,0.0268329,0.0150000),(0.0208560,0.0267607,0.0150000),(0.0228328,0.0269207,0.0150000),(0.0208560,0.0267607,0.0150000),(0.0207489,0.0266823,0.0150000),(0.0228328,0.0269207,0.0150000),(0.0207489,0.0266823,0.0150000),(0.0206480,0.0265977,0.0150000),(0.0228328,0.0269207,0.0150000),(0.0206480,0.0265977,0.0150000),(0.0205532,0.0265069,0.0150000),(0.0228328,0.0269207,0.0150000),(0.0205532,0.0265069,0.0150000),(0.0204644,0.0264099,0.0150000),(0.0204644,0.0264099,0.0150000),(0.0203817,0.0263066,0.0150000),(0.0203051,0.0261971,0.0150000),(0.0204644,0.0264099,0.0150000),(0.0203051,0.0261971,0.0150000),(0.0202346,0.0260814,0.0150000),(0.0204644,0.0264099,0.0150000),(0.0202346,0.0260814,0.0150000),(0.0201713,0.0259616,0.0150000),(0.0204644,0.0264099,0.0150000),(0.0201713,0.0259616,0.0150000),(0.0201165,0.0258393,0.0150000),(0.0204644,0.0264099,0.0150000),(0.0201165,0.0258393,0.0150000),(0.0200701,0.0257144,0.0150000),(0.0204644,0.0264099,0.0150000),(0.0200701,0.0257144,0.0150000),(0.0200322,0.0255869,0.0150000),(0.0204644,0.0264099,0.0150000),(0.0200322,0.0255869,0.0150000),(0.0200027,0.0254569,0.0150000),(0.0204644,0.0264099,0.0150000),(0.0200027,0.0254569,0.0150000),(0.0199816,0.0253244,0.0150000),(0.0204644,0.0264099,0.0150000),(0.0199816,0.0253244,0.0150000),(0.0199689,0.0251893,0.0150000),(0.0204644,0.0264099,0.0150000),(0.0199689,0.0251893,0.0150000),(0.0199647,0.0250517,0.0150000),(0.0204644,0.0264099,0.0150000),(0.0199647,0.0250517,0.0150000),(0.0199689,0.0249136,0.0150000),(0.0204644,0.0264099,0.0150000),(0.0199689,0.0249136,0.0150000),(0.0199815,0.0247783,0.0150000),(0.0204644,0.0264099,0.0150000),(0.0199815,0.0247783,0.0150000),(0.0200025,0.0246457,0.0150000),(0.0204644,0.0264099,0.0150000),(0.0200025,0.0246457,0.0150000),(0.0200319,0.0245159,0.0150000),(0.0204644,0.0264099,0.0150000),(0.0200319,0.0245159,0.0150000),(0.0200697,0.0243888,0.0150000),(0.0204644,0.0264099,0.0150000),(0.0200697,0.0243888,0.0150000),(0.0201159,0.0242645,0.0150000),(0.0204644,0.0264099,0.0150000),(0.0201159,0.0242645,0.0150000),(0.0201705,0.0241429,0.0150000),(0.0204644,0.0264099,0.0150000),(0.0201705,0.0241429,0.0150000),(0.0202335,0.0240240,0.0150000),(0.0202335,0.0240240,0.0150000),(0.0206018,0.0242325,0.0150000),(0.0205525,0.0243273,0.0150000),(0.0202335,0.0240240,0.0150000),(0.0205525,0.0243273,0.0150000),(0.0205097,0.0244242,0.0150000),(0.0202335,0.0240240,0.0150000),(0.0205097,0.0244242,0.0150000),(0.0204735,0.0245232,0.0150000),(0.0202335,0.0240240,0.0150000),(0.0204735,0.0245232,0.0150000),(0.0204439,0.0246244,0.0150000),(0.0202335,0.0240240,0.0150000),(0.0204439,0.0246244,0.0150000),(0.0204208,0.0247277,0.0150000),(0.0202335,0.0240240,0.0150000),(0.0204208,0.0247277,0.0150000),(0.0204044,0.0248332,0.0150000),(0.0202335,0.0240240,0.0150000),(0.0204044,0.0248332,0.0150000),(0.0203945,0.0249408,0.0150000),(0.0202335,0.0240240,0.0150000),(0.0203945,0.0249408,0.0150000),(0.0203912,0.0250506,0.0150000),(0.0202335,0.0240240,0.0150000),(0.0203912,0.0250506,0.0150000),(0.0203946,0.0251604,0.0150000),(0.0204644,0.0264099,0.0150000),(0.0202335,0.0240240,0.0150000),(0.0203946,0.0251604,0.0150000),(0.0204644,0.0264099,0.0150000),(0.0203946,0.0251604,0.0150000),(0.0204046,0.0252682,0.0150000),(0.0204644,0.0264099,0.0150000),(0.0204046,0.0252682,0.0150000),(0.0204213,0.0253738,0.0150000),(0.0204644,0.0264099,0.0150000),(0.0204213,0.0253738,0.0150000),(0.0204447,0.0254774,0.0150000),(0.0204644,0.0264099,0.0150000),(0.0204447,0.0254774,0.0150000),(0.0204747,0.0255789,0.0150000),(0.0204644,0.0264099,0.0150000),(0.0204747,0.0255789,0.0150000),(0.0205115,0.0256783,0.0150000),(0.0204644,0.0264099,0.0150000),(0.0205115,0.0256783,0.0150000),(0.0205549,0.0257756,0.0150000),(0.0204644,0.0264099,0.0150000),(0.0205549,0.0257756,0.0150000),(0.0206050,0.0258708,0.0150000),(0.0204644,0.0264099,0.0150000),(0.0206050,0.0258708,0.0150000),(0.0206609,0.0259628,0.0150000),(0.0204644,0.0264099,0.0150000),(0.0206609,0.0259628,0.0150000),(0.0207215,0.0260497,0.0150000),(0.0204644,0.0264099,0.0150000),(0.0207215,0.0260497,0.0150000),(0.0207869,0.0261316,0.0150000),(0.0204644,0.0264099,0.0150000),(0.0207869,0.0261316,0.0150000),(0.0208572,0.0262084,0.0150000),(0.0204644,0.0264099,0.0150000),(0.0208572,0.0262084,0.0150000),(0.0209322,0.0262803,0.0150000),(0.0204644,0.0264099,0.0150000),(0.0209322,0.0262803,0.0150000),(0.0210120,0.0263471,0.0150000),(0.0204644,0.0264099,0.0150000),(0.0210120,0.0263471,0.0150000),(0.0210966,0.0264089,0.0150000),(0.0204644,0.0264099,0.0150000),(0.0210966,0.0264089,0.0150000),(0.0211860,0.0264656,0.0150000),(0.0204644,0.0264099,0.0150000),(0.0211860,0.0264656,0.0150000),(0.0212781,0.0265167,0.0150000),(0.0204644,0.0264099,0.0150000),(0.0212781,0.0265167,0.0150000),(0.0213707,0.0265610,0.0150000),(0.0204644,0.0264099,0.0150000),(0.0213707,0.0265610,0.0150000),(0.0214639,0.0265985,0.0150000),(0.0204644,0.0264099,0.0150000),(0.0214639,0.0265985,0.0150000),(0.0215575,0.0266291,0.0150000),(0.0204644,0.0264099,0.0150000),(0.0215575,0.0266291,0.0150000),(0.0216517,0.0266530,0.0150000),(0.0228328,0.0269207,0.0150000),(0.0204644,0.0264099,0.0150000),(0.0216517,0.0266530,0.0150000),(0.0228328,0.0269207,0.0150000),(0.0216517,0.0266530,0.0150000),(0.0217464,0.0266700,0.0150000),(0.0228328,0.0269207,0.0150000),(0.0217464,0.0266700,0.0150000),(0.0218417,0.0266802,0.0150000),(0.0228328,0.0269207,0.0150000),(0.0218417,0.0266802,0.0150000),(0.0219375,0.0266836,0.0150000),(0.0228328,0.0269207,0.0150000),(0.0219375,0.0266836,0.0150000),(0.0219438,0.0266836,0.0150000),(0.0228328,0.0269207,0.0150000),(0.0219438,0.0266836,0.0150000),(0.0220375,0.0266816,0.0150000),(0.0228328,0.0269207,0.0150000),(0.0220375,0.0266816,0.0150000),(0.0221287,0.0266753,0.0150000),(0.0228328,0.0269207,0.0150000),(0.0221287,0.0266753,0.0150000),(0.0222173,0.0266649,0.0150000),(0.0228328,0.0269207,0.0150000),(0.0222173,0.0266649,0.0150000),(0.0223034,0.0266503,0.0150000),(0.0228328,0.0269207,0.0150000),(0.0223034,0.0266503,0.0150000),(0.0223869,0.0266315,0.0150000),(0.0228328,0.0269207,0.0150000),(0.0223869,0.0266315,0.0150000),(0.0224679,0.0266086,0.0150000),(0.0228328,0.0269207,0.0150000),(0.0224679,0.0266086,0.0150000),(0.0225463,0.0265815,0.0150000),(0.0228328,0.0269207,0.0150000),(0.0225463,0.0265815,0.0150000),(0.0226222,0.0265503,0.0150000),(0.0206198,0.0221952,0.0150000),(0.0228328,0.0269207,0.0150000),(0.0226222,0.0265503,0.0150000),(0.0206198,0.0221952,0.0150000),(0.0226222,0.0265503,0.0150000),(0.0210178,0.0237552,0.0150000),(0.0206198,0.0221952,0.0150000),(0.0210178,0.0237552,0.0150000),(0.0208973,0.0238581,0.0150000),(0.0206442,0.0241633,0.0150000),(0.0206018,0.0242325,0.0150000),(0.0202335,0.0240240,0.0150000),(0.0206894,0.0240967,0.0150000),(0.0206442,0.0241633,0.0150000),(0.0202335,0.0240240,0.0150000),(0.0207878,0.0239719,0.0150000),(0.0206894,0.0240967,0.0150000),(0.0202335,0.0240240,0.0150000),(0.0208973,0.0238581,0.0150000),(0.0207878,0.0239719,0.0150000),(0.0202335,0.0240240,0.0150000),(0.0208973,0.0238581,0.0150000),(0.0202335,0.0240240,0.0150000),(0.0202915,0.0239290,0.0150000),(0.0208973,0.0238581,0.0150000),(0.0202915,0.0239290,0.0150000),(0.0203531,0.0238380,0.0150000),(0.0208973,0.0238581,0.0150000),(0.0203531,0.0238380,0.0150000),(0.0204185,0.0237512,0.0150000),(0.0208973,0.0238581,0.0150000),(0.0204185,0.0237512,0.0150000),(0.0204875,0.0236684,0.0150000),(0.0208973,0.0238581,0.0150000),(0.0204875,0.0236684,0.0150000),(0.0205603,0.0235898,0.0150000),(0.0208973,0.0238581,0.0150000),(0.0205603,0.0235898,0.0150000),(0.0206368,0.0235153,0.0150000),(0.0208973,0.0238581,0.0150000),(0.0206368,0.0235153,0.0150000),(0.0207169,0.0234448,0.0150000),(0.0208973,0.0238581,0.0150000),(0.0207169,0.0234448,0.0150000),(0.0208008,0.0233785,0.0150000),(0.0206198,0.0221952,0.0150000),(0.0208973,0.0238581,0.0150000),(0.0208008,0.0233785,0.0150000),(0.0206198,0.0221952,0.0150000),(0.0208008,0.0233785,0.0150000),(0.0202452,0.0224080,0.0150000),(0.0206198,0.0221952,0.0150000),(0.0202452,0.0224080,0.0150000),(0.0202177,0.0223064,0.0150000),(0.0206198,0.0221952,0.0150000),(0.0202177,0.0223064,0.0150000),(0.0202240,0.0222460,0.0150000),(0.0206198,0.0221952,0.0150000),(0.0202240,0.0222460,0.0150000),(0.0202632,0.0221691,0.0150000),(0.0206198,0.0221952,0.0150000),(0.0202632,0.0221691,0.0150000),(0.0203256,0.0221138,0.0150000),(0.0206198,0.0221952,0.0150000),(0.0203256,0.0221138,0.0150000),(0.0204304,0.0220862,0.0150000),(0.0206198,0.0221952,0.0150000),(0.0204304,0.0220862,0.0150000),(0.0204907,0.0220936,0.0150000),(0.0206198,0.0221952,0.0150000),(0.0204907,0.0220936,0.0150000),(0.0205632,0.0221291,0.0150000),(0.0301723,0.0241118,0.0150000),(0.0301776,0.0242463,0.0150000),(0.0301763,0.0243496,0.0150000),(0.0301723,0.0241118,0.0150000),(0.0301763,0.0243496,0.0150000),(0.0301725,0.0244488,0.0150000),(0.0301723,0.0241118,0.0150000),(0.0301725,0.0244488,0.0150000),(0.0301660,0.0245440,0.0150000),(0.0301723,0.0241118,0.0150000),(0.0301660,0.0245440,0.0150000),(0.0301570,0.0246352,0.0150000),(0.0301723,0.0241118,0.0150000),(0.0301570,0.0246352,0.0150000),(0.0301454,0.0247223,0.0150000),(0.0301723,0.0241118,0.0150000),(0.0301454,0.0247223,0.0150000),(0.0301312,0.0248053,0.0150000),(0.0301723,0.0241118,0.0150000),(0.0301312,0.0248053,0.0150000),(0.0301144,0.0248844,0.0150000),(0.0301723,0.0241118,0.0150000),(0.0301144,0.0248844,0.0150000),(0.0300951,0.0249593,0.0150000),(0.0301723,0.0241118,0.0150000),(0.0300951,0.0249593,0.0150000),(0.0300487,0.0250972,0.0150000),(0.0301723,0.0241118,0.0150000),(0.0300487,0.0250972,0.0150000),(0.0299919,0.0252188,0.0150000),(0.0301723,0.0241118,0.0150000),(0.0299919,0.0252188,0.0150000),(0.0299248,0.0253243,0.0150000),(0.0301723,0.0241118,0.0150000),(0.0299248,0.0253243,0.0150000),(0.0298474,0.0254136,0.0150000),(0.0301723,0.0241118,0.0150000),(0.0298474,0.0254136,0.0150000),(0.0297679,0.0254831,0.0150000),(0.0301723,0.0241118,0.0150000),(0.0297679,0.0254831,0.0150000),(0.0296861,0.0255433,0.0150000),(0.0301723,0.0241118,0.0150000),(0.0296861,0.0255433,0.0150000),(0.0296019,0.0255942,0.0150000),(0.0301723,0.0241118,0.0150000),(0.0296019,0.0255942,0.0150000),(0.0295154,0.0256359,0.0150000),(0.0301723,0.0241118,0.0150000),(0.0295154,0.0256359,0.0150000),(0.0294265,0.0256683,0.0150000),(0.0301723,0.0241118,0.0150000),(0.0294265,0.0256683,0.0150000),(0.0293353,0.0256915,0.0150000),(0.0301723,0.0241118,0.0150000),(0.0293353,0.0256915,0.0150000),(0.0292417,0.0257053,0.0150000),(0.0292417,0.0257053,0.0150000),(0.0291458,0.0257100,0.0150000),(0.0290571,0.0257064,0.0150000),(0.0292417,0.0257053,0.0150000),(0.0290571,0.0257064,0.0150000),(0.0289717,0.0256958,0.0150000),(0.0292417,0.0257053,0.0150000),(0.0289717,0.0256958,0.0150000),(0.0288894,0.0256780,0.0150000),(0.0292417,0.0257053,0.0150000),(0.0288894,0.0256780,0.0150000),(0.0288103,0.0256531,0.0150000),(0.0292417,0.0257053,0.0150000),(0.0288103,0.0256531,0.0150000),(0.0287343,0.0256211,0.0150000),(0.0292417,0.0257053,0.0150000),(0.0287343,0.0256211,0.0150000),(0.0286616,0.0255820,0.0150000),(0.0292417,0.0257053,0.0150000),(0.0286616,0.0255820,0.0150000),(0.0285920,0.0255358,0.0150000),(0.0292417,0.0257053,0.0150000),(0.0285920,0.0255358,0.0150000),(0.0285256,0.0254824,0.0150000),(0.0296366,0.0263833,0.0150000),(0.0297035,0.0262444,0.0150000),(0.0297866,0.0261492,0.0150000),(0.0296366,0.0263833,0.0150000),(0.0297866,0.0261492,0.0150000),(0.0299025,0.0260963,0.0150000),(0.0295416,0.0265037,0.0150000),(0.0296366,0.0263833,0.0150000),(0.0299025,0.0260963,0.0150000),(0.0295416,0.0265037,0.0150000),(0.0299025,0.0260963,0.0150000),(0.0299785,0.0261278,0.0150000),(0.0295416,0.0265037,0.0150000),(0.0299785,0.0261278,0.0150000),(0.0300393,0.0261738,0.0150000),(0.0294485,0.0265824,0.0150000),(0.0295416,0.0265037,0.0150000),(0.0300393,0.0261738,0.0150000),(0.0294485,0.0265824,0.0150000),(0.0300393,0.0261738,0.0150000),(0.0301152,0.0263090,0.0150000),(0.0293503,0.0266387,0.0150000),(0.0294485,0.0265824,0.0150000),(0.0301152,0.0263090,0.0150000),(0.0293503,0.0266387,0.0150000),(0.0301152,0.0263090,0.0150000),(0.0301088,0.0263831,0.0150000),(0.0293503,0.0266387,0.0150000),(0.0301088,0.0263831,0.0150000),(0.0300598,0.0264999,0.0150000),(0.0292469,0.0266724,0.0150000),(0.0293503,0.0266387,0.0150000),(0.0300598,0.0264999,0.0150000),(0.0292469,0.0266724,0.0150000),(0.0300598,0.0264999,0.0150000),(0.0299983,0.0266090,0.0150000),(0.0291384,0.0266836,0.0150000),(0.0292469,0.0266724,0.0150000),(0.0299983,0.0266090,0.0150000),(0.0291384,0.0266836,0.0150000),(0.0299983,0.0266090,0.0150000),(0.0299243,0.0267105,0.0150000),(0.0291384,0.0266836,0.0150000),(0.0299243,0.0267105,0.0150000),(0.0298379,0.0268043,0.0150000),(0.0290430,0.0266717,0.0150000),(0.0291384,0.0266836,0.0150000),(0.0298379,0.0268043,0.0150000),(0.0290430,0.0266717,0.0150000),(0.0298379,0.0268043,0.0150000),(0.0297612,0.0268760,0.0150000),(0.0290430,0.0266717,0.0150000),(0.0297612,0.0268760,0.0150000),(0.0296815,0.0269381,0.0150000),(0.0289423,0.0266357,0.0150000),(0.0290430,0.0266717,0.0150000),(0.0296815,0.0269381,0.0150000),(0.0289423,0.0266357,0.0150000),(0.0296815,0.0269381,0.0150000),(0.0295986,0.0269907,0.0150000),(0.0289423,0.0266357,0.0150000),(0.0295986,0.0269907,0.0150000),(0.0295127,0.0270337,0.0150000),(0.0288361,0.0265759,0.0150000),(0.0289423,0.0266357,0.0150000),(0.0295127,0.0270337,0.0150000),(0.0288361,0.0265759,0.0150000),(0.0295127,0.0270337,0.0150000),(0.0294238,0.0270671,0.0150000),(0.0287245,0.0264921,0.0150000),(0.0288361,0.0265759,0.0150000),(0.0294238,0.0270671,0.0150000),(0.0287245,0.0264921,0.0150000),(0.0294238,0.0270671,0.0150000),(0.0293317,0.0270910,0.0150000),(0.0287245,0.0264921,0.0150000),(0.0293317,0.0270910,0.0150000),(0.0292366,0.0271054,0.0150000),(0.0286375,0.0263958,0.0150000),(0.0287245,0.0264921,0.0150000),(0.0292366,0.0271054,0.0150000),(0.0286375,0.0263958,0.0150000),(0.0292366,0.0271054,0.0150000),(0.0291384,0.0271101,0.0150000),(0.0286375,0.0263958,0.0150000),(0.0291384,0.0271101,0.0150000),(0.0290532,0.0271056,0.0150000),(0.0286375,0.0263958,0.0150000),(0.0290532,0.0271056,0.0150000),(0.0289677,0.0270918,0.0150000),(0.0285753,0.0262688,0.0150000),(0.0286375,0.0263958,0.0150000),(0.0289677,0.0270918,0.0150000),(0.0285753,0.0262688,0.0150000),(0.0289677,0.0270918,0.0150000),(0.0288818,0.0270688,0.0150000),(0.0285753,0.0262688,0.0150000),(0.0288818,0.0270688,0.0150000),(0.0287955,0.0270366,0.0150000),(0.0285536,0.0261938,0.0150000),(0.0285753,0.0262688,0.0150000),(0.0287955,0.0270366,0.0150000),(0.0285536,0.0261938,0.0150000),(0.0287955,0.0270366,0.0150000),(0.0287087,0.0269952,0.0150000),(0.0285536,0.0261938,0.0150000),(0.0287087,0.0269952,0.0150000),(0.0286216,0.0269447,0.0150000),(0.0285380,0.0261111,0.0150000),(0.0285536,0.0261938,0.0150000),(0.0286216,0.0269447,0.0150000),(0.0285287,0.0260207,0.0150000),(0.0285380,0.0261111,0.0150000),(0.0286216,0.0269447,0.0150000),(0.0285287,0.0260207,0.0150000),(0.0286216,0.0269447,0.0150000),(0.0285341,0.0268849,0.0150000),(0.0285256,0.0259227,0.0150000),(0.0285287,0.0260207,0.0150000),(0.0285341,0.0268849,0.0150000),(0.0285256,0.0259227,0.0150000),(0.0285341,0.0268849,0.0150000),(0.0284462,0.0268159,0.0150000),(0.0285256,0.0254824,0.0150000),(0.0285256,0.0259227,0.0150000),(0.0284462,0.0268159,0.0150000),(0.0285256,0.0254824,0.0150000),(0.0284462,0.0268159,0.0150000),(0.0283644,0.0267394,0.0150000),(0.0285256,0.0254824,0.0150000),(0.0283644,0.0267394,0.0150000),(0.0282934,0.0266533,0.0150000),(0.0285256,0.0254824,0.0150000),(0.0282934,0.0266533,0.0150000),(0.0282334,0.0265575,0.0150000),(0.0285256,0.0254824,0.0150000),(0.0282334,0.0265575,0.0150000),(0.0281843,0.0264521,0.0150000),(0.0285256,0.0254824,0.0150000),(0.0281843,0.0264521,0.0150000),(0.0281461,0.0263371,0.0150000),(0.0285256,0.0254824,0.0150000),(0.0281461,0.0263371,0.0150000),(0.0281188,0.0262125,0.0150000),(0.0285256,0.0254824,0.0150000),(0.0281188,0.0262125,0.0150000),(0.0281024,0.0260782,0.0150000),(0.0285256,0.0254824,0.0150000),(0.0281024,0.0260782,0.0150000),(0.0280970,0.0259343,0.0150000),(0.0285256,0.0254824,0.0150000),(0.0280970,0.0259343,0.0150000),(0.0280970,0.0246146,0.0150000),(0.0292417,0.0257053,0.0150000),(0.0285256,0.0254824,0.0150000),(0.0280970,0.0246146,0.0150000),(0.0280970,0.0246146,0.0150000),(0.0284928,0.0246209,0.0150000),(0.0285083,0.0247462,0.0150000),(0.0280970,0.0246146,0.0150000),(0.0285083,0.0247462,0.0150000),(0.0285547,0.0248691,0.0150000),(0.0280970,0.0246146,0.0150000),(0.0285547,0.0248691,0.0150000),(0.0286321,0.0249896,0.0150000),(0.0292417,0.0257053,0.0150000),(0.0280970,0.0246146,0.0150000),(0.0286321,0.0249896,0.0150000),(0.0292417,0.0257053,0.0150000),(0.0286321,0.0249896,0.0150000),(0.0287404,0.0251078,0.0150000),(0.0292417,0.0257053,0.0150000),(0.0287404,0.0251078,0.0150000),(0.0288360,0.0251856,0.0150000),(0.0292417,0.0257053,0.0150000),(0.0288360,0.0251856,0.0150000),(0.0289354,0.0252411,0.0150000),(0.0292417,0.0257053,0.0150000),(0.0289354,0.0252411,0.0150000),(0.0290387,0.0252745,0.0150000),(0.0292417,0.0257053,0.0150000),(0.0290387,0.0252745,0.0150000),(0.0291458,0.0252856,0.0150000),(0.0292417,0.0257053,0.0150000),(0.0291458,0.0252856,0.0150000),(0.0292515,0.0252745,0.0150000),(0.0292417,0.0257053,0.0150000),(0.0292515,0.0252745,0.0150000),(0.0293537,0.0252411,0.0150000),(0.0292417,0.0257053,0.0150000),(0.0293537,0.0252411,0.0150000),(0.0294525,0.0251856,0.0150000),(0.0292417,0.0257053,0.0150000),(0.0294525,0.0251856,0.0150000),(0.0295479,0.0251078,0.0150000),(0.0292417,0.0257053,0.0150000),(0.0295479,0.0251078,0.0150000),(0.0296364,0.0249792,0.0150000),(0.0301723,0.0241118,0.0150000),(0.0292417,0.0257053,0.0150000),(0.0296364,0.0249792,0.0150000),(0.0301723,0.0241118,0.0150000),(0.0296364,0.0249792,0.0150000),(0.0296711,0.0248931,0.0150000),(0.0301723,0.0241118,0.0150000),(0.0296711,0.0248931,0.0150000),(0.0296995,0.0247924,0.0150000),(0.0301723,0.0241118,0.0150000),(0.0296995,0.0247924,0.0150000),(0.0297216,0.0246772,0.0150000),(0.0301723,0.0241118,0.0150000),(0.0297216,0.0246772,0.0150000),(0.0297374,0.0245474,0.0150000),(0.0301723,0.0241118,0.0150000),(0.0297374,0.0245474,0.0150000),(0.0297469,0.0244031,0.0150000),(0.0301723,0.0241118,0.0150000),(0.0297469,0.0244031,0.0150000),(0.0297501,0.0242442,0.0150000),(0.0301723,0.0241118,0.0150000),(0.0297501,0.0242442,0.0150000),(0.0297467,0.0241527,0.0150000),(0.0301723,0.0241118,0.0150000),(0.0297467,0.0241527,0.0150000),(0.0297366,0.0240662,0.0150000),(0.0301723,0.0241118,0.0150000),(0.0297366,0.0240662,0.0150000),(0.0297197,0.0239847,0.0150000),(0.0301723,0.0241118,0.0150000),(0.0297197,0.0239847,0.0150000),(0.0296961,0.0239082,0.0150000),(0.0301723,0.0241118,0.0150000),(0.0296961,0.0239082,0.0150000),(0.0296286,0.0237699,0.0150000),(0.0301723,0.0241118,0.0150000),(0.0296286,0.0237699,0.0150000),(0.0295342,0.0236515,0.0150000),(0.0301723,0.0241118,0.0150000),(0.0295342,0.0236515,0.0150000),(0.0294429,0.0235756,0.0150000),(0.0284937,0.0245307,0.0150000),(0.0284928,0.0246209,0.0150000),(0.0280970,0.0246146,0.0150000),(0.0284965,0.0244445,0.0150000),(0.0284937,0.0245307,0.0150000),(0.0280970,0.0246146,0.0150000),(0.0285077,0.0242841,0.0150000),(0.0284965,0.0244445,0.0150000),(0.0280970,0.0246146,0.0150000),(0.0285263,0.0241397,0.0150000),(0.0285077,0.0242841,0.0150000),(0.0280970,0.0246146,0.0150000),(0.0285523,0.0240113,0.0150000),(0.0285263,0.0241397,0.0150000),(0.0280970,0.0246146,0.0150000),(0.0285858,0.0238990,0.0150000),(0.0285523,0.0240113,0.0150000),(0.0280970,0.0246146,0.0150000),(0.0286267,0.0238026,0.0150000),(0.0285858,0.0238990,0.0150000),(0.0280970,0.0246146,0.0150000),(0.0286751,0.0237222,0.0150000),(0.0286267,0.0238026,0.0150000),(0.0280970,0.0246146,0.0150000),(0.0286751,0.0237222,0.0150000),(0.0280970,0.0246146,0.0150000),(0.0280983,0.0244989,0.0150000),(0.0286751,0.0237222,0.0150000),(0.0280983,0.0244989,0.0150000),(0.0281023,0.0243881,0.0150000),(0.0286751,0.0237222,0.0150000),(0.0281023,0.0243881,0.0150000),(0.0281090,0.0242822,0.0150000),(0.0287309,0.0236579,0.0150000),(0.0286751,0.0237222,0.0150000),(0.0281090,0.0242822,0.0150000),(0.0287309,0.0236579,0.0150000),(0.0281090,0.0242822,0.0150000),(0.0281184,0.0241811,0.0150000),(0.0287309,0.0236579,0.0150000),(0.0281184,0.0241811,0.0150000),(0.0281304,0.0240850,0.0150000),(0.0288279,0.0235792,0.0150000),(0.0287309,0.0236579,0.0150000),(0.0281304,0.0240850,0.0150000),(0.0288279,0.0235792,0.0150000),(0.0281304,0.0240850,0.0150000),(0.0281452,0.0239937,0.0150000),(0.0288279,0.0235792,0.0150000),(0.0281452,0.0239937,0.0150000),(0.0281626,0.0239074,0.0150000),(0.0289285,0.0235229,0.0150000),(0.0288279,0.0235792,0.0150000),(0.0281626,0.0239074,0.0150000),(0.0289285,0.0235229,0.0150000),(0.0281626,0.0239074,0.0150000),(0.0281827,0.0238259,0.0150000),(0.0289285,0.0235229,0.0150000),(0.0281827,0.0238259,0.0150000),(0.0282055,0.0237493,0.0150000),(0.0290327,0.0234892,0.0150000),(0.0289285,0.0235229,0.0150000),(0.0282055,0.0237493,0.0150000),(0.0290327,0.0234892,0.0150000),(0.0282055,0.0237493,0.0150000),(0.0282309,0.0236776,0.0150000),(0.0290327,0.0234892,0.0150000),(0.0282309,0.0236776,0.0150000),(0.0282898,0.0235488,0.0150000),(0.0291405,0.0234779,0.0150000),(0.0290327,0.0234892,0.0150000),(0.0282898,0.0235488,0.0150000),(0.0291405,0.0234779,0.0150000),(0.0282898,0.0235488,0.0150000),(0.0283595,0.0234396,0.0150000),(0.0291405,0.0234779,0.0150000),(0.0283595,0.0234396,0.0150000),(0.0284399,0.0233499,0.0150000),(0.0292460,0.0234888,0.0150000),(0.0291405,0.0234779,0.0150000),(0.0284399,0.0233499,0.0150000),(0.0292460,0.0234888,0.0150000),(0.0284399,0.0233499,0.0150000),(0.0285192,0.0232804,0.0150000),(0.0292460,0.0234888,0.0150000),(0.0285192,0.0232804,0.0150000),(0.0286012,0.0232202,0.0150000),(0.0293468,0.0235213,0.0150000),(0.0292460,0.0234888,0.0150000),(0.0286012,0.0232202,0.0150000),(0.0293468,0.0235213,0.0150000),(0.0286012,0.0232202,0.0150000),(0.0286858,0.0231693,0.0150000),(0.0293468,0.0235213,0.0150000),(0.0286858,0.0231693,0.0150000),(0.0287730,0.0231276,0.0150000),(0.0294429,0.0235756,0.0150000),(0.0293468,0.0235213,0.0150000),(0.0287730,0.0231276,0.0150000),(0.0294429,0.0235756,0.0150000),(0.0287730,0.0231276,0.0150000),(0.0288628,0.0230952,0.0150000),(0.0301723,0.0241118,0.0150000),(0.0294429,0.0235756,0.0150000),(0.0288628,0.0230952,0.0150000),(0.0301723,0.0241118,0.0150000),(0.0288628,0.0230952,0.0150000),(0.0289552,0.0230721,0.0150000),(0.0301723,0.0241118,0.0150000),(0.0289552,0.0230721,0.0150000),(0.0290502,0.0230582,0.0150000),(0.0301723,0.0241118,0.0150000),(0.0290502,0.0230582,0.0150000),(0.0291479,0.0230536,0.0150000),(0.0301723,0.0241118,0.0150000),(0.0291479,0.0230536,0.0150000),(0.0292431,0.0230583,0.0150000),(0.0301723,0.0241118,0.0150000),(0.0292431,0.0230583,0.0150000),(0.0293357,0.0230724,0.0150000),(0.0301723,0.0241118,0.0150000),(0.0293357,0.0230724,0.0150000),(0.0294257,0.0230960,0.0150000),(0.0301723,0.0241118,0.0150000),(0.0294257,0.0230960,0.0150000),(0.0295130,0.0231290,0.0150000),(0.0301723,0.0241118,0.0150000),(0.0295130,0.0231290,0.0150000),(0.0295977,0.0231714,0.0150000),(0.0301723,0.0241118,0.0150000),(0.0295977,0.0231714,0.0150000),(0.0296797,0.0232232,0.0150000),(0.0301723,0.0241118,0.0150000),(0.0296797,0.0232232,0.0150000),(0.0297591,0.0232845,0.0150000),(0.0301723,0.0241118,0.0150000),(0.0297591,0.0232845,0.0150000),(0.0298358,0.0233552,0.0150000),(0.0301723,0.0241118,0.0150000),(0.0298358,0.0233552,0.0150000),(0.0299159,0.0234434,0.0150000),(0.0301723,0.0241118,0.0150000),(0.0299159,0.0234434,0.0150000),(0.0299854,0.0235383,0.0150000),(0.0301723,0.0241118,0.0150000),(0.0299854,0.0235383,0.0150000),(0.0300441,0.0236397,0.0150000),(0.0301723,0.0241118,0.0150000),(0.0300441,0.0236397,0.0150000),(0.0300922,0.0237478,0.0150000),(0.0301723,0.0241118,0.0150000),(0.0300922,0.0237478,0.0150000),(0.0301296,0.0238625,0.0150000),(0.0301723,0.0241118,0.0150000),(0.0301296,0.0238625,0.0150000),(0.0301563,0.0239838,0.0150000),(0.0251410,0.0234779,0.0150000),(0.0263126,0.0250686,0.0150000),(0.0263771,0.0251624,0.0150000),(0.0251410,0.0234779,0.0150000),(0.0263771,0.0251624,0.0150000),(0.0264330,0.0252600,0.0150000),(0.0251410,0.0234779,0.0150000),(0.0264330,0.0252600,0.0150000),(0.0264803,0.0253615,0.0150000),(0.0251410,0.0234779,0.0150000),(0.0264803,0.0253615,0.0150000),(0.0265190,0.0254668,0.0150000),(0.0251410,0.0234779,0.0150000),(0.0265190,0.0254668,0.0150000),(0.0265491,0.0255760,0.0150000),(0.0251410,0.0234779,0.0150000),(0.0265491,0.0255760,0.0150000),(0.0265706,0.0256891,0.0150000),(0.0251410,0.0234779,0.0150000),(0.0265706,0.0256891,0.0150000),(0.0265835,0.0258061,0.0150000),(0.0251410,0.0234779,0.0150000),(0.0265835,0.0258061,0.0150000),(0.0265878,0.0259269,0.0150000),(0.0251410,0.0234779,0.0150000),(0.0265878,0.0259269,0.0150000),(0.0265826,0.0260519,0.0150000),(0.0251410,0.0234779,0.0150000),(0.0265826,0.0260519,0.0150000),(0.0265673,0.0261723,0.0150000),(0.0251410,0.0234779,0.0150000),(0.0265673,0.0261723,0.0150000),(0.0265416,0.0262880,0.0150000),(0.0251410,0.0234779,0.0150000),(0.0265416,0.0262880,0.0150000),(0.0265058,0.0263992,0.0150000),(0.0265058,0.0263992,0.0150000),(0.0264596,0.0265058,0.0150000),(0.0264032,0.0266078,0.0150000),(0.0265058,0.0263992,0.0150000),(0.0264032,0.0266078,0.0150000),(0.0263366,0.0267052,0.0150000),(0.0265058,0.0263992,0.0150000),(0.0263366,0.0267052,0.0150000),(0.0262597,0.0267979,0.0150000),(0.0265058,0.0263992,0.0150000),(0.0262597,0.0267979,0.0150000),(0.0261868,0.0268711,0.0150000),(0.0265058,0.0263992,0.0150000),(0.0261868,0.0268711,0.0150000),(0.0261094,0.0269345,0.0150000),(0.0265058,0.0263992,0.0150000),(0.0261094,0.0269345,0.0150000),(0.0260275,0.0269882,0.0150000),(0.0265058,0.0263992,0.0150000),(0.0260275,0.0269882,0.0150000),(0.0259411,0.0270321,0.0150000),(0.0265058,0.0263992,0.0150000),(0.0259411,0.0270321,0.0150000),(0.0258502,0.0270662,0.0150000),(0.0265058,0.0263992,0.0150000),(0.0258502,0.0270662,0.0150000),(0.0257549,0.0270906,0.0150000),(0.0265058,0.0263992,0.0150000),(0.0257549,0.0270906,0.0150000),(0.0256550,0.0271053,0.0150000),(0.0265058,0.0263992,0.0150000),(0.0256550,0.0271053,0.0150000),(0.0255506,0.0271101,0.0150000),(0.0265058,0.0263992,0.0150000),(0.0255506,0.0271101,0.0150000),(0.0254521,0.0271054,0.0150000),(0.0265058,0.0263992,0.0150000),(0.0254521,0.0271054,0.0150000),(0.0253566,0.0270910,0.0150000),(0.0265058,0.0263992,0.0150000),(0.0253566,0.0270910,0.0150000),(0.0252641,0.0270671,0.0150000),(0.0265058,0.0263992,0.0150000),(0.0252641,0.0270671,0.0150000),(0.0251746,0.0270337,0.0150000),(0.0265058,0.0263992,0.0150000),(0.0251746,0.0270337,0.0150000),(0.0250882,0.0269907,0.0150000),(0.0265058,0.0263992,0.0150000),(0.0250882,0.0269907,0.0150000),(0.0250047,0.0269381,0.0150000),(0.0250047,0.0269381,0.0150000),(0.0249243,0.0268760,0.0150000),(0.0248468,0.0268043,0.0150000),(0.0250047,0.0269381,0.0150000),(0.0248468,0.0268043,0.0150000),(0.0247677,0.0267178,0.0150000),(0.0250047,0.0269381,0.0150000),(0.0247677,0.0267178,0.0150000),(0.0246991,0.0266249,0.0150000),(0.0250047,0.0269381,0.0150000),(0.0246991,0.0266249,0.0150000),(0.0246411,0.0265257,0.0150000),(0.0250047,0.0269381,0.0150000),(0.0246411,0.0265257,0.0150000),(0.0245936,0.0264201,0.0150000),(0.0250047,0.0269381,0.0150000),(0.0245936,0.0264201,0.0150000),(0.0245567,0.0263082,0.0150000),(0.0250047,0.0269381,0.0150000),(0.0245567,0.0263082,0.0150000),(0.0245303,0.0261899,0.0150000),(0.0250047,0.0269381,0.0150000),(0.0245303,0.0261899,0.0150000),(0.0245145,0.0260653,0.0150000),(0.0250047,0.0269381,0.0150000),(0.0245145,0.0260653,0.0150000),(0.0245092,0.0259343,0.0150000),(0.0250047,0.0269381,0.0150000),(0.0245092,0.0259343,0.0150000),(0.0245092,0.0259290,0.0150000),(0.0250047,0.0269381,0.0150000),(0.0245092,0.0259290,0.0150000),(0.0245248,0.0258476,0.0150000),(0.0250047,0.0269381,0.0150000),(0.0245248,0.0258476,0.0150000),(0.0245716,0.0257788,0.0150000),(0.0250047,0.0269381,0.0150000),(0.0245716,0.0257788,0.0150000),(0.0246404,0.0257319,0.0150000),(0.0250047,0.0269381,0.0150000),(0.0246404,0.0257319,0.0150000),(0.0247219,0.0257163,0.0150000),(0.0250047,0.0269381,0.0150000),(0.0247219,0.0257163,0.0150000),(0.0248034,0.0257319,0.0150000),(0.0250047,0.0269381,0.0150000),(0.0248034,0.0257319,0.0150000),(0.0248722,0.0257788,0.0150000),(0.0250047,0.0269381,0.0150000),(0.0248722,0.0257788,0.0150000),(0.0249198,0.0258476,0.0150000),(0.0249198,0.0258476,0.0150000),(0.0249357,0.0259290,0.0150000),(0.0249357,0.0259343,0.0150000),(0.0249198,0.0258476,0.0150000),(0.0249357,0.0259343,0.0150000),(0.0249390,0.0260213,0.0150000),(0.0250047,0.0269381,0.0150000),(0.0249198,0.0258476,0.0150000),(0.0249390,0.0260213,0.0150000),(0.0250047,0.0269381,0.0150000),(0.0249390,0.0260213,0.0150000),(0.0249490,0.0261037,0.0150000),(0.0250047,0.0269381,0.0150000),(0.0249490,0.0261037,0.0150000),(0.0249656,0.0261816,0.0150000),(0.0250047,0.0269381,0.0150000),(0.0249656,0.0261816,0.0150000),(0.0249889,0.0262550,0.0150000),(0.0250047,0.0269381,0.0150000),(0.0249889,0.0262550,0.0150000),(0.0250554,0.0263884,0.0150000),(0.0250047,0.0269381,0.0150000),(0.0250554,0.0263884,0.0150000),(0.0251484,0.0265037,0.0150000),(0.0250047,0.0269381,0.0150000),(0.0251484,0.0265037,0.0150000),(0.0252393,0.0265824,0.0150000),(0.0250047,0.0269381,0.0150000),(0.0252393,0.0265824,0.0150000),(0.0253363,0.0266387,0.0150000),(0.0250047,0.0269381,0.0150000),(0.0253363,0.0266387,0.0150000),(0.0254393,0.0266724,0.0150000),(0.0250047,0.0269381,0.0150000),(0.0254393,0.0266724,0.0150000),(0.0255485,0.0266836,0.0150000),(0.0250047,0.0269381,0.0150000),(0.0255485,0.0266836,0.0150000),(0.0256617,0.0266728,0.0150000),(0.0250047,0.0269381,0.0150000),(0.0256617,0.0266728,0.0150000),(0.0257654,0.0266402,0.0150000),(0.0265058,0.0263992,0.0150000),(0.0250047,0.0269381,0.0150000),(0.0257654,0.0266402,0.0150000),(0.0265058,0.0263992,0.0150000),(0.0257654,0.0266402,0.0150000),(0.0258596,0.0265860,0.0150000),(0.0265058,0.0263992,0.0150000),(0.0258596,0.0265860,0.0150000),(0.0259443,0.0265101,0.0150000),(0.0265058,0.0263992,0.0150000),(0.0259443,0.0265101,0.0150000),(0.0259959,0.0264489,0.0150000),(0.0265058,0.0263992,0.0150000),(0.0259959,0.0264489,0.0150000),(0.0260406,0.0263845,0.0150000),(0.0265058,0.0263992,0.0150000),(0.0260406,0.0263845,0.0150000),(0.0261094,0.0262458,0.0150000),(0.0265058,0.0263992,0.0150000),(0.0261094,0.0262458,0.0150000),(0.0261507,0.0260939,0.0150000),(0.0265058,0.0263992,0.0150000),(0.0261507,0.0260939,0.0150000),(0.0261610,0.0260131,0.0150000),(0.0265058,0.0263992,0.0150000),(0.0261610,0.0260131,0.0150000),(0.0261644,0.0259290,0.0150000),(0.0265058,0.0263992,0.0150000),(0.0261644,0.0259290,0.0150000),(0.0261615,0.0258423,0.0150000),(0.0265058,0.0263992,0.0150000),(0.0261615,0.0258423,0.0150000),(0.0261527,0.0257589,0.0150000),(0.0265058,0.0263992,0.0150000),(0.0261527,0.0257589,0.0150000),(0.0261381,0.0256788,0.0150000),(0.0265058,0.0263992,0.0150000),(0.0261381,0.0256788,0.0150000),(0.0261176,0.0256020,0.0150000),(0.0265058,0.0263992,0.0150000),(0.0261176,0.0256020,0.0150000),(0.0260591,0.0254584,0.0150000),(0.0251410,0.0234779,0.0150000),(0.0265058,0.0263992,0.0150000),(0.0260591,0.0254584,0.0150000),(0.0251410,0.0234779,0.0150000),(0.0260591,0.0254584,0.0150000),(0.0259771,0.0253279,0.0150000),(0.0251410,0.0234779,0.0150000),(0.0259771,0.0253279,0.0150000),(0.0245537,0.0233943,0.0150000),(0.0263772,0.0234779,0.0150000),(0.0251410,0.0234779,0.0150000),(0.0245537,0.0233943,0.0150000),(0.0263772,0.0234779,0.0150000),(0.0245537,0.0233943,0.0150000),(0.0245071,0.0232695,0.0150000),(0.0263772,0.0234779,0.0150000),(0.0245071,0.0232695,0.0150000),(0.0245092,0.0232345,0.0150000),(0.0263772,0.0234779,0.0150000),(0.0245092,0.0232345,0.0150000),(0.0245357,0.0231559,0.0150000),(0.0263772,0.0234779,0.0150000),(0.0245357,0.0231559,0.0150000),(0.0245875,0.0231001,0.0150000),(0.0263772,0.0234779,0.0150000),(0.0245875,0.0231001,0.0150000),(0.0246560,0.0230652,0.0150000),(0.0263772,0.0234779,0.0150000),(0.0246560,0.0230652,0.0150000),(0.0247219,0.0230536,0.0150000),(0.0263772,0.0234779,0.0150000),(0.0247219,0.0230536,0.0150000),(0.0263772,0.0230536,0.0150000),(0.0263772,0.0234779,0.0150000),(0.0263772,0.0230536,0.0150000),(0.0264605,0.0230686,0.0150000),(0.0263772,0.0234779,0.0150000),(0.0264605,0.0230686,0.0150000),(0.0265285,0.0231139,0.0150000),(0.0263772,0.0234779,0.0150000),(0.0265285,0.0231139,0.0150000),(0.0265730,0.0231819,0.0150000),(0.0263772,0.0234779,0.0150000),(0.0265730,0.0231819,0.0150000),(0.0265878,0.0232652,0.0150000),(0.0263772,0.0234779,0.0150000),(0.0265878,0.0232652,0.0150000),(0.0265730,0.0233494,0.0150000),(0.0263772,0.0234779,0.0150000),(0.0265730,0.0233494,0.0150000),(0.0265285,0.0234176,0.0150000),(0.0263772,0.0234779,0.0150000),(0.0265285,0.0234176,0.0150000),(0.0264626,0.0234629,0.0150000),(0.0270460,0.0230840,0.0150000),(0.0271191,0.0229774,0.0150000),(0.0272257,0.0229043,0.0150000),(0.0270460,0.0230840,0.0150000),(0.0272257,0.0229043,0.0150000),(0.0273508,0.0228800,0.0150000),(0.0270460,0.0230840,0.0150000),(0.0273508,0.0228800,0.0150000),(0.0274757,0.0229043,0.0150000),(0.0270460,0.0230840,0.0150000),(0.0274757,0.0229043,0.0150000),(0.0275815,0.0229774,0.0150000),(0.0270460,0.0230840,0.0150000),(0.0275815,0.0229774,0.0150000),(0.0276546,0.0230840,0.0150000),(0.0270460,0.0230840,0.0150000),(0.0276546,0.0230840,0.0150000),(0.0276789,0.0232091,0.0150000),(0.0270460,0.0230840,0.0150000),(0.0276789,0.0232091,0.0150000),(0.0276546,0.0233343,0.0150000),(0.0270460,0.0230840,0.0150000),(0.0276546,0.0233343,0.0150000),(0.0275815,0.0234409,0.0150000),(0.0270460,0.0230840,0.0150000),(0.0275815,0.0234409,0.0150000),(0.0274757,0.0235139,0.0150000),(0.0270460,0.0230840,0.0150000),(0.0274757,0.0235139,0.0150000),(0.0273508,0.0235383,0.0150000),(0.0270460,0.0230840,0.0150000),(0.0273508,0.0235383,0.0150000),(0.0272257,0.0235139,0.0150000),(0.0270460,0.0230840,0.0150000),(0.0272257,0.0235139,0.0150000),(0.0271191,0.0234409,0.0150000),(0.0270460,0.0230840,0.0150000),(0.0271191,0.0234409,0.0150000),(0.0270460,0.0233343,0.0150000),(0.0270460,0.0230840,0.0150000),(0.0270460,0.0233343,0.0150000),(0.0270217,0.0232091,0.0150000),(0.0405654,0.0248363,0.0150000),(0.0419475,0.0230467,0.0150000),(0.0420198,0.0229848,0.0150000),(0.0405654,0.0248363,0.0150000),(0.0420198,0.0229848,0.0150000),(0.0421116,0.0229641,0.0150000),(0.0405654,0.0248363,0.0150000),(0.0421116,0.0229641,0.0150000),(0.0422439,0.0230096,0.0150000),(0.0405654,0.0248363,0.0150000),(0.0422439,0.0230096,0.0150000),(0.0423082,0.0230832,0.0150000),(0.0405654,0.0248363,0.0150000),(0.0423082,0.0230832,0.0150000),(0.0423296,0.0231790,0.0150000),(0.0405654,0.0248363,0.0150000),(0.0423296,0.0231790,0.0150000),(0.0422852,0.0233113,0.0150000),(0.0405654,0.0248363,0.0150000),(0.0422852,0.0233113,0.0150000),(0.0411093,0.0248363,0.0150000),(0.0411093,0.0248363,0.0150000),(0.0411951,0.0248363,0.0150000),(0.0413143,0.0248414,0.0150000),(0.0405654,0.0248363,0.0150000),(0.0411093,0.0248363,0.0150000),(0.0413143,0.0248414,0.0150000),(0.0397018,0.0248363,0.0150000),(0.0405654,0.0248363,0.0150000),(0.0413143,0.0248414,0.0150000),(0.0397018,0.0248363,0.0150000),(0.0413143,0.0248414,0.0150000),(0.0414281,0.0248568,0.0150000),(0.0397018,0.0248363,0.0150000),(0.0414281,0.0248568,0.0150000),(0.0415364,0.0248823,0.0150000),(0.0397018,0.0248363,0.0150000),(0.0415364,0.0248823,0.0150000),(0.0416393,0.0249181,0.0150000),(0.0397018,0.0248363,0.0150000),(0.0416393,0.0249181,0.0150000),(0.0417367,0.0249641,0.0150000),(0.0397018,0.0248363,0.0150000),(0.0417367,0.0249641,0.0150000),(0.0418287,0.0250203,0.0150000),(0.0397018,0.0248363,0.0150000),(0.0418287,0.0250203,0.0150000),(0.0419152,0.0250867,0.0150000),(0.0397018,0.0248363,0.0150000),(0.0419152,0.0250867,0.0150000),(0.0419962,0.0251633,0.0150000),(0.0397018,0.0248363,0.0150000),(0.0419962,0.0251633,0.0150000),(0.0420726,0.0252531,0.0150000),(0.0397018,0.0248363,0.0150000),(0.0420726,0.0252531,0.0150000),(0.0421388,0.0253455,0.0150000),(0.0397018,0.0248363,0.0150000),(0.0421388,0.0253455,0.0150000),(0.0421949,0.0254407,0.0150000),(0.0421949,0.0254407,0.0150000),(0.0422407,0.0255385,0.0150000),(0.0418452,0.0256877,0.0150000),(0.0421949,0.0254407,0.0150000),(0.0418452,0.0256877,0.0150000),(0.0417807,0.0255701,0.0150000),(0.0421949,0.0254407,0.0150000),(0.0417807,0.0255701,0.0150000),(0.0416904,0.0254639,0.0150000),(0.0421949,0.0254407,0.0150000),(0.0416904,0.0254639,0.0150000),(0.0415804,0.0253759,0.0150000),(0.0421949,0.0254407,0.0150000),(0.0415804,0.0253759,0.0150000),(0.0414612,0.0253131,0.0150000),(0.0421949,0.0254407,0.0150000),(0.0414612,0.0253131,0.0150000),(0.0413328,0.0252754,0.0150000),(0.0397018,0.0248363,0.0150000),(0.0421949,0.0254407,0.0150000),(0.0413328,0.0252754,0.0150000),(0.0397018,0.0248363,0.0150000),(0.0413328,0.0252754,0.0150000),(0.0411951,0.0252628,0.0150000),(0.0397018,0.0248363,0.0150000),(0.0411951,0.0252628,0.0150000),(0.0397018,0.0252628,0.0150000),(0.0418838,0.0258167,0.0150000),(0.0418452,0.0256877,0.0150000),(0.0422407,0.0255385,0.0150000),(0.0418967,0.0259571,0.0150000),(0.0418838,0.0258167,0.0150000),(0.0422407,0.0255385,0.0150000),(0.0418838,0.0260961,0.0150000),(0.0418967,0.0259571,0.0150000),(0.0422407,0.0255385,0.0150000),(0.0418452,0.0262243,0.0150000),(0.0418838,0.0260961,0.0150000),(0.0422407,0.0255385,0.0150000),(0.0417807,0.0263417,0.0150000),(0.0418452,0.0262243,0.0150000),(0.0422407,0.0255385,0.0150000),(0.0417807,0.0263417,0.0150000),(0.0422407,0.0255385,0.0150000),(0.0422764,0.0256391,0.0150000),(0.0417807,0.0263417,0.0150000),(0.0422764,0.0256391,0.0150000),(0.0423018,0.0257424,0.0150000),(0.0416904,0.0264482,0.0150000),(0.0417807,0.0263417,0.0150000),(0.0423018,0.0257424,0.0150000),(0.0416904,0.0264482,0.0150000),(0.0423018,0.0257424,0.0150000),(0.0423171,0.0258484,0.0150000),(0.0416904,0.0264482,0.0150000),(0.0423171,0.0258484,0.0150000),(0.0423222,0.0259571,0.0150000),(0.0415832,0.0265361,0.0150000),(0.0416904,0.0264482,0.0150000),(0.0423222,0.0259571,0.0150000),(0.0415832,0.0265361,0.0150000),(0.0423222,0.0259571,0.0150000),(0.0423171,0.0260697,0.0150000),(0.0415832,0.0265361,0.0150000),(0.0423171,0.0260697,0.0150000),(0.0423018,0.0261784,0.0150000),(0.0414660,0.0265990,0.0150000),(0.0415832,0.0265361,0.0150000),(0.0423018,0.0261784,0.0150000),(0.0414660,0.0265990,0.0150000),(0.0423018,0.0261784,0.0150000),(0.0422764,0.0262832,0.0150000),(0.0414660,0.0265990,0.0150000),(0.0422764,0.0262832,0.0150000),(0.0422407,0.0263841,0.0150000),(0.0413387,0.0266367,0.0150000),(0.0414660,0.0265990,0.0150000),(0.0422407,0.0263841,0.0150000),(0.0413387,0.0266367,0.0150000),(0.0422407,0.0263841,0.0150000),(0.0421949,0.0264811,0.0150000),(0.0413387,0.0266367,0.0150000),(0.0421949,0.0264811,0.0150000),(0.0421388,0.0265742,0.0150000),(0.0412014,0.0266492,0.0150000),(0.0413387,0.0266367,0.0150000),(0.0421388,0.0265742,0.0150000),(0.0412014,0.0266492,0.0150000),(0.0421388,0.0265742,0.0150000),(0.0420726,0.0266634,0.0150000),(0.0397018,0.0266492,0.0150000),(0.0412014,0.0266492,0.0150000),(0.0420726,0.0266634,0.0150000),(0.0397018,0.0266492,0.0150000),(0.0420726,0.0266634,0.0150000),(0.0419962,0.0267487,0.0150000),(0.0397018,0.0266492,0.0150000),(0.0419962,0.0267487,0.0150000),(0.0419092,0.0268269,0.0150000),(0.0397018,0.0266492,0.0150000),(0.0419092,0.0268269,0.0150000),(0.0418184,0.0268946,0.0150000),(0.0397018,0.0266492,0.0150000),(0.0418184,0.0268946,0.0150000),(0.0417238,0.0269519,0.0150000),(0.0397018,0.0266492,0.0150000),(0.0417238,0.0269519,0.0150000),(0.0416255,0.0269988,0.0150000),(0.0397018,0.0266492,0.0150000),(0.0416255,0.0269988,0.0150000),(0.0415235,0.0270352,0.0150000),(0.0397018,0.0266492,0.0150000),(0.0415235,0.0270352,0.0150000),(0.0414178,0.0270613,0.0150000),(0.0397018,0.0266492,0.0150000),(0.0414178,0.0270613,0.0150000),(0.0413083,0.0270769,0.0150000),(0.0397018,0.0266492,0.0150000),(0.0413083,0.0270769,0.0150000),(0.0411951,0.0270821,0.0150000),(0.0397018,0.0266492,0.0150000),(0.0411951,0.0270821,0.0150000),(0.0394890,0.0270821,0.0150000),(0.0397018,0.0252628,0.0150000),(0.0397018,0.0266492,0.0150000),(0.0394890,0.0270821,0.0150000),(0.0397018,0.0248363,0.0150000),(0.0397018,0.0252628,0.0150000),(0.0394890,0.0270821,0.0150000),(0.0397018,0.0248363,0.0150000),(0.0394890,0.0270821,0.0150000),(0.0394030,0.0270654,0.0150000),(0.0397018,0.0248363,0.0150000),(0.0394030,0.0270654,0.0150000),(0.0393313,0.0270154,0.0150000),(0.0397018,0.0248363,0.0150000),(0.0393313,0.0270154,0.0150000),(0.0392893,0.0269411,0.0150000),(0.0397018,0.0248363,0.0150000),(0.0392893,0.0269411,0.0150000),(0.0392753,0.0268620,0.0150000),(0.0397018,0.0248363,0.0150000),(0.0392753,0.0268620,0.0150000),(0.0392753,0.0232351,0.0150000),(0.0397018,0.0248363,0.0150000),(0.0392753,0.0232351,0.0150000),(0.0392981,0.0231517,0.0150000),(0.0397018,0.0248363,0.0150000),(0.0392981,0.0231517,0.0150000),(0.0393414,0.0230922,0.0150000),(0.0397018,0.0248363,0.0150000),(0.0393414,0.0230922,0.0150000),(0.0394890,0.0230446,0.0150000),(0.0397018,0.0248363,0.0150000),(0.0394890,0.0230446,0.0150000),(0.0395631,0.0230565,0.0150000),(0.0397018,0.0248363,0.0150000),(0.0395631,0.0230565,0.0150000),(0.0396232,0.0230922,0.0150000),(0.0397018,0.0248363,0.0150000),(0.0396232,0.0230922,0.0150000),(0.0397018,0.0232351,0.0150000),(0.0383132,0.0248416,0.0150000),(0.0383111,0.0232351,0.0150000),(0.0383273,0.0231530,0.0150000),(0.0383132,0.0248416,0.0150000),(0.0383273,0.0231530,0.0150000),(0.0383757,0.0230848,0.0150000),(0.0383132,0.0248416,0.0150000),(0.0383757,0.0230848,0.0150000),(0.0384445,0.0230387,0.0150000),(0.0383132,0.0248416,0.0150000),(0.0384445,0.0230387,0.0150000),(0.0385217,0.0230234,0.0150000),(0.0383132,0.0248416,0.0150000),(0.0385217,0.0230234,0.0150000),(0.0386045,0.0230387,0.0150000),(0.0383132,0.0248416,0.0150000),(0.0386045,0.0230387,0.0150000),(0.0386731,0.0230848,0.0150000),(0.0383132,0.0248416,0.0150000),(0.0386731,0.0230848,0.0150000),(0.0387191,0.0231530,0.0150000),(0.0383132,0.0248416,0.0150000),(0.0387191,0.0231530,0.0150000),(0.0387344,0.0232351,0.0150000),(0.0383132,0.0248416,0.0150000),(0.0387344,0.0232351,0.0150000),(0.0387344,0.0268620,0.0150000),(0.0383132,0.0248416,0.0150000),(0.0387344,0.0268620,0.0150000),(0.0387191,0.0269435,0.0150000),(0.0383132,0.0248416,0.0150000),(0.0387191,0.0269435,0.0150000),(0.0386731,0.0270123,0.0150000),(0.0383132,0.0248416,0.0150000),(0.0386731,0.0270123,0.0150000),(0.0386056,0.0270599,0.0150000),(0.0383132,0.0248416,0.0150000),(0.0386056,0.0270599,0.0150000),(0.0385260,0.0270758,0.0150000),(0.0383132,0.0248416,0.0150000),(0.0385260,0.0270758,0.0150000),(0.0384439,0.0270593,0.0150000),(0.0383132,0.0248416,0.0150000),(0.0384439,0.0270593,0.0150000),(0.0383736,0.0270101,0.0150000),(0.0383132,0.0248416,0.0150000),(0.0383736,0.0270101,0.0150000),(0.0383267,0.0269456,0.0150000),(0.0383132,0.0248416,0.0150000),(0.0383267,0.0269456,0.0150000),(0.0383111,0.0268620,0.0150000),(0.0383132,0.0248416,0.0150000),(0.0383111,0.0268620,0.0150000),(0.0383111,0.0252628,0.0150000),(0.0361119,0.0248416,0.0150000),(0.0383132,0.0248416,0.0150000),(0.0383111,0.0252628,0.0150000),(0.0361119,0.0248416,0.0150000),(0.0383111,0.0252628,0.0150000),(0.0361182,0.0252628,0.0150000),(0.0361119,0.0248416,0.0150000),(0.0361182,0.0252628,0.0150000),(0.0361182,0.0268620,0.0150000),(0.0361119,0.0248416,0.0150000),(0.0361182,0.0268620,0.0150000),(0.0361018,0.0269435,0.0150000),(0.0361119,0.0248416,0.0150000),(0.0361018,0.0269435,0.0150000),(0.0360526,0.0270123,0.0150000),(0.0361119,0.0248416,0.0150000),(0.0360526,0.0270123,0.0150000),(0.0359830,0.0270599,0.0150000),(0.0361119,0.0248416,0.0150000),(0.0359830,0.0270599,0.0150000),(0.0359055,0.0270758,0.0150000),(0.0361119,0.0248416,0.0150000),(0.0359055,0.0270758,0.0150000),(0.0358232,0.0270599,0.0150000),(0.0361119,0.0248416,0.0150000),(0.0358232,0.0270599,0.0150000),(0.0357521,0.0270123,0.0150000),(0.0361119,0.0248416,0.0150000),(0.0357521,0.0270123,0.0150000),(0.0357036,0.0269435,0.0150000),(0.0361119,0.0248416,0.0150000),(0.0357036,0.0269435,0.0150000),(0.0356875,0.0268620,0.0150000),(0.0361119,0.0248416,0.0150000),(0.0356875,0.0268620,0.0150000),(0.0356875,0.0232351,0.0150000),(0.0361119,0.0248416,0.0150000),(0.0356875,0.0232351,0.0150000),(0.0357031,0.0231530,0.0150000),(0.0361119,0.0248416,0.0150000),(0.0357031,0.0231530,0.0150000),(0.0357499,0.0230848,0.0150000),(0.0361119,0.0248416,0.0150000),(0.0357499,0.0230848,0.0150000),(0.0358195,0.0230387,0.0150000),(0.0361119,0.0248416,0.0150000),(0.0358195,0.0230387,0.0150000),(0.0359013,0.0230234,0.0150000),(0.0361119,0.0248416,0.0150000),(0.0359013,0.0230234,0.0150000),(0.0359791,0.0230385,0.0150000),(0.0361119,0.0248416,0.0150000),(0.0359791,0.0230385,0.0150000),(0.0360516,0.0230837,0.0150000),(0.0361119,0.0248416,0.0150000),(0.0360516,0.0230837,0.0150000),(0.0360968,0.0231485,0.0150000),(0.0361119,0.0248416,0.0150000),(0.0360968,0.0231485,0.0150000),(0.0361119,0.0232351,0.0150000),(0.0432937,0.0245537,0.0150000),(0.0432937,0.0268620,0.0150000),(0.0432784,0.0269435,0.0150000),(0.0432937,0.0245537,0.0150000),(0.0432784,0.0269435,0.0150000),(0.0432324,0.0270123,0.0150000),(0.0432937,0.0245537,0.0150000),(0.0432324,0.0270123,0.0150000),(0.0431649,0.0270599,0.0150000),(0.0432987,0.0244413,0.0150000),(0.0432937,0.0245537,0.0150000),(0.0431649,0.0270599,0.0150000),(0.0432987,0.0244413,0.0150000),(0.0431649,0.0270599,0.0150000),(0.0430853,0.0270758,0.0150000),(0.0432987,0.0244413,0.0150000),(0.0430853,0.0270758,0.0150000),(0.0430019,0.0270593,0.0150000),(0.0432987,0.0244413,0.0150000),(0.0430019,0.0270593,0.0150000),(0.0429276,0.0270101,0.0150000),(0.0432987,0.0244413,0.0150000),(0.0429276,0.0270101,0.0150000),(0.0428823,0.0269456,0.0150000),(0.0432987,0.0244413,0.0150000),(0.0428823,0.0269456,0.0150000),(0.0428672,0.0268620,0.0150000),(0.0432987,0.0244413,0.0150000),(0.0428672,0.0268620,0.0150000),(0.0428672,0.0245537,0.0150000),(0.0432987,0.0244413,0.0150000),(0.0428672,0.0245537,0.0150000),(0.0428742,0.0243986,0.0150000),(0.0432987,0.0244413,0.0150000),(0.0428742,0.0243986,0.0150000),(0.0428950,0.0242493,0.0150000),(0.0432987,0.0244413,0.0150000),(0.0428950,0.0242493,0.0150000),(0.0429297,0.0241056,0.0150000),(0.0432987,0.0244413,0.0150000),(0.0429297,0.0241056,0.0150000),(0.0429784,0.0239677,0.0150000),(0.0432987,0.0244413,0.0150000),(0.0429784,0.0239677,0.0150000),(0.0430409,0.0238355,0.0150000),(0.0432987,0.0244413,0.0150000),(0.0430409,0.0238355,0.0150000),(0.0431173,0.0237090,0.0150000),(0.0432987,0.0244413,0.0150000),(0.0431173,0.0237090,0.0150000),(0.0432076,0.0235882,0.0150000),(0.0432987,0.0244413,0.0150000),(0.0432076,0.0235882,0.0150000),(0.0433117,0.0234732,0.0150000),(0.0432987,0.0244413,0.0150000),(0.0433117,0.0234732,0.0150000),(0.0434243,0.0233678,0.0150000),(0.0434243,0.0233678,0.0150000),(0.0435430,0.0232764,0.0150000),(0.0436677,0.0231991,0.0150000),(0.0434243,0.0233678,0.0150000),(0.0436677,0.0231991,0.0150000),(0.0437986,0.0231358,0.0150000),(0.0434243,0.0233678,0.0150000),(0.0437986,0.0231358,0.0150000),(0.0439355,0.0230866,0.0150000),(0.0434243,0.0233678,0.0150000),(0.0439355,0.0230866,0.0150000),(0.0440785,0.0230515,0.0150000),(0.0434243,0.0233678,0.0150000),(0.0440785,0.0230515,0.0150000),(0.0442276,0.0230304,0.0150000),(0.0434243,0.0233678,0.0150000),(0.0442276,0.0230304,0.0150000),(0.0443828,0.0230234,0.0150000),(0.0434243,0.0233678,0.0150000),(0.0443828,0.0230234,0.0150000),(0.0445382,0.0230304,0.0150000),(0.0434243,0.0233678,0.0150000),(0.0445382,0.0230304,0.0150000),(0.0446879,0.0230515,0.0150000),(0.0434243,0.0233678,0.0150000),(0.0446879,0.0230515,0.0150000),(0.0448320,0.0230866,0.0150000),(0.0434243,0.0233678,0.0150000),(0.0448320,0.0230866,0.0150000),(0.0449704,0.0231358,0.0150000),(0.0434243,0.0233678,0.0150000),(0.0449704,0.0231358,0.0150000),(0.0451032,0.0231991,0.0150000),(0.0434243,0.0233678,0.0150000),(0.0451032,0.0231991,0.0150000),(0.0452303,0.0232764,0.0150000),(0.0434243,0.0233678,0.0150000),(0.0452303,0.0232764,0.0150000),(0.0453518,0.0233678,0.0150000),(0.0434243,0.0233678,0.0150000),(0.0453518,0.0233678,0.0150000),(0.0454676,0.0234732,0.0150000),(0.0454676,0.0234732,0.0150000),(0.0455722,0.0235869,0.0150000),(0.0456630,0.0237068,0.0150000),(0.0454676,0.0234732,0.0150000),(0.0456630,0.0237068,0.0150000),(0.0457397,0.0238330,0.0150000),(0.0454676,0.0234732,0.0150000),(0.0457397,0.0238330,0.0150000),(0.0458025,0.0239653,0.0150000),(0.0454676,0.0234732,0.0150000),(0.0458025,0.0239653,0.0150000),(0.0458514,0.0241039,0.0150000),(0.0454676,0.0234732,0.0150000),(0.0458514,0.0241039,0.0150000),(0.0458863,0.0242487,0.0150000),(0.0454676,0.0234732,0.0150000),(0.0458863,0.0242487,0.0150000),(0.0459072,0.0243997,0.0150000),(0.0454676,0.0234732,0.0150000),(0.0459072,0.0243997,0.0150000),(0.0459142,0.0245569,0.0150000),(0.0454676,0.0234732,0.0150000),(0.0459142,0.0245569,0.0150000),(0.0459142,0.0268620,0.0150000),(0.0454676,0.0234732,0.0150000),(0.0459142,0.0268620,0.0150000),(0.0458988,0.0269435,0.0150000),(0.0454676,0.0234732,0.0150000),(0.0458988,0.0269435,0.0150000),(0.0458528,0.0270123,0.0150000),(0.0454676,0.0234732,0.0150000),(0.0458528,0.0270123,0.0150000),(0.0457845,0.0270599,0.0150000),(0.0454676,0.0234732,0.0150000),(0.0457845,0.0270599,0.0150000),(0.0457025,0.0270758,0.0150000),(0.0454676,0.0234732,0.0150000),(0.0457025,0.0270758,0.0150000),(0.0456205,0.0270599,0.0150000),(0.0454676,0.0234732,0.0150000),(0.0456205,0.0270599,0.0150000),(0.0455522,0.0270123,0.0150000),(0.0455522,0.0270123,0.0150000),(0.0455062,0.0269435,0.0150000),(0.0454908,0.0268620,0.0150000),(0.0455522,0.0270123,0.0150000),(0.0454908,0.0268620,0.0150000),(0.0454908,0.0245569,0.0150000),(0.0454676,0.0234732,0.0150000),(0.0455522,0.0270123,0.0150000),(0.0454908,0.0245569,0.0150000),(0.0454676,0.0234732,0.0150000),(0.0454908,0.0245569,0.0150000),(0.0454857,0.0244449,0.0150000),(0.0454676,0.0234732,0.0150000),(0.0454857,0.0244449,0.0150000),(0.0454704,0.0243369,0.0150000),(0.0454676,0.0234732,0.0150000),(0.0454704,0.0243369,0.0150000),(0.0454449,0.0242330,0.0150000),(0.0454676,0.0234732,0.0150000),(0.0454449,0.0242330,0.0150000),(0.0454091,0.0241331,0.0150000),(0.0454676,0.0234732,0.0150000),(0.0454091,0.0241331,0.0150000),(0.0453631,0.0240372,0.0150000),(0.0454676,0.0234732,0.0150000),(0.0453631,0.0240372,0.0150000),(0.0453069,0.0239453,0.0150000),(0.0454676,0.0234732,0.0150000),(0.0453069,0.0239453,0.0150000),(0.0452405,0.0238575,0.0150000),(0.0454676,0.0234732,0.0150000),(0.0452405,0.0238575,0.0150000),(0.0451638,0.0237738,0.0150000),(0.0454676,0.0234732,0.0150000),(0.0451638,0.0237738,0.0150000),(0.0450820,0.0236974,0.0150000),(0.0454676,0.0234732,0.0150000),(0.0450820,0.0236974,0.0150000),(0.0449956,0.0236311,0.0150000),(0.0454676,0.0234732,0.0150000),(0.0449956,0.0236311,0.0150000),(0.0449048,0.0235751,0.0150000),(0.0454676,0.0234732,0.0150000),(0.0449048,0.0235751,0.0150000),(0.0448095,0.0235293,0.0150000),(0.0454676,0.0234732,0.0150000),(0.0448095,0.0235293,0.0150000),(0.0447098,0.0234936,0.0150000),(0.0454676,0.0234732,0.0150000),(0.0447098,0.0234936,0.0150000),(0.0446056,0.0234682,0.0150000),(0.0454676,0.0234732,0.0150000),(0.0446056,0.0234682,0.0150000),(0.0444970,0.0234529,0.0150000),(0.0434243,0.0233678,0.0150000),(0.0454676,0.0234732,0.0150000),(0.0444970,0.0234529,0.0150000),(0.0434243,0.0233678,0.0150000),(0.0444970,0.0234529,0.0150000),(0.0443838,0.0234478,0.0150000),(0.0434243,0.0233678,0.0150000),(0.0443838,0.0234478,0.0150000),(0.0442727,0.0234528,0.0150000),(0.0434243,0.0233678,0.0150000),(0.0442727,0.0234528,0.0150000),(0.0441657,0.0234680,0.0150000),(0.0434243,0.0233678,0.0150000),(0.0441657,0.0234680,0.0150000),(0.0440630,0.0234933,0.0150000),(0.0434243,0.0233678,0.0150000),(0.0440630,0.0234933,0.0150000),(0.0439645,0.0235287,0.0150000),(0.0434243,0.0233678,0.0150000),(0.0439645,0.0235287,0.0150000),(0.0438701,0.0235743,0.0150000),(0.0434243,0.0233678,0.0150000),(0.0438701,0.0235743,0.0150000),(0.0437800,0.0236300,0.0150000),(0.0434243,0.0233678,0.0150000),(0.0437800,0.0236300,0.0150000),(0.0436940,0.0236957,0.0150000),(0.0434243,0.0233678,0.0150000),(0.0436940,0.0236957,0.0150000),(0.0436123,0.0237716,0.0150000),(0.0434243,0.0233678,0.0150000),(0.0436123,0.0237716,0.0150000),(0.0435376,0.0238547,0.0150000),(0.0434243,0.0233678,0.0150000),(0.0435376,0.0238547,0.0150000),(0.0434729,0.0239420,0.0150000),(0.0434243,0.0233678,0.0150000),(0.0434729,0.0239420,0.0150000),(0.0434182,0.0240334,0.0150000),(0.0434243,0.0233678,0.0150000),(0.0434182,0.0240334,0.0150000),(0.0433734,0.0241291,0.0150000),(0.0434243,0.0233678,0.0150000),(0.0433734,0.0241291,0.0150000),(0.0433385,0.0242290,0.0150000),(0.0434243,0.0233678,0.0150000),(0.0433385,0.0242290,0.0150000),(0.0433137,0.0243330,0.0150000),(0.0432987,0.0244413,0.0150000),(0.0434243,0.0233678,0.0150000),(0.0433137,0.0243330,0.0150000),(0.0350914,0.0267024,0.0150000),(0.0351446,0.0268620,0.0150000),(0.0351295,0.0269419,0.0150000),(0.0350914,0.0267024,0.0150000),(0.0351295,0.0269419,0.0150000),(0.0350843,0.0270101,0.0150000),(0.0350914,0.0267024,0.0150000),(0.0350843,0.0270101,0.0150000),(0.0350160,0.0270593,0.0150000),(0.0350914,0.0267024,0.0150000),(0.0350160,0.0270593,0.0150000),(0.0349319,0.0270758,0.0150000),(0.0350914,0.0267024,0.0150000),(0.0349319,0.0270758,0.0150000),(0.0323114,0.0270758,0.0150000),(0.0350914,0.0267024,0.0150000),(0.0323114,0.0270758,0.0150000),(0.0322183,0.0270554,0.0150000),(0.0350914,0.0267024,0.0150000),(0.0322183,0.0270554,0.0150000),(0.0321442,0.0269943,0.0150000),(0.0350914,0.0267024,0.0150000),(0.0321442,0.0269943,0.0150000),(0.0320976,0.0268620,0.0150000),(0.0350914,0.0267024,0.0150000),(0.0320976,0.0268620,0.0150000),(0.0320976,0.0268461,0.0150000),(0.0350914,0.0267024,0.0150000),(0.0320976,0.0268461,0.0150000),(0.0321580,0.0267170,0.0150000),(0.0350914,0.0267024,0.0150000),(0.0321580,0.0267170,0.0150000),(0.0322291,0.0266662,0.0150000),(0.0350914,0.0267024,0.0150000),(0.0322291,0.0266662,0.0150000),(0.0323114,0.0266492,0.0150000),(0.0350914,0.0267024,0.0150000),(0.0323114,0.0266492,0.0150000),(0.0334110,0.0266492,0.0150000),(0.0334110,0.0266492,0.0150000),(0.0334110,0.0232351,0.0150000),(0.0334264,0.0231530,0.0150000),(0.0334110,0.0266492,0.0150000),(0.0334264,0.0231530,0.0150000),(0.0334724,0.0230848,0.0150000),(0.0334110,0.0266492,0.0150000),(0.0334724,0.0230848,0.0150000),(0.0335407,0.0230387,0.0150000),(0.0334110,0.0266492,0.0150000),(0.0335407,0.0230387,0.0150000),(0.0336227,0.0230234,0.0150000),(0.0334110,0.0266492,0.0150000),(0.0336227,0.0230234,0.0150000),(0.0337047,0.0230387,0.0150000),(0.0334110,0.0266492,0.0150000),(0.0337047,0.0230387,0.0150000),(0.0337730,0.0230848,0.0150000),(0.0334110,0.0266492,0.0150000),(0.0337730,0.0230848,0.0150000),(0.0338190,0.0231530,0.0150000),(0.0334110,0.0266492,0.0150000),(0.0338190,0.0231530,0.0150000),(0.0338344,0.0232351,0.0150000),(0.0334110,0.0266492,0.0150000),(0.0338344,0.0232351,0.0150000),(0.0338344,0.0266492,0.0150000),(0.0350914,0.0267024,0.0150000),(0.0334110,0.0266492,0.0150000),(0.0338344,0.0266492,0.0150000),(0.0350914,0.0267024,0.0150000),(0.0338344,0.0266492,0.0150000),(0.0349319,0.0266492,0.0150000),(0.0350914,0.0267024,0.0150000),(0.0349319,0.0266492,0.0150000),(0.0350249,0.0266625,0.0150000)));
#1277=COMPLEX_TRIANGULATED_SURFACE_SET('surface set',#1276,3234,(),(),(),((1,2,3),(4,5,6),(7,8,9),(10,11,12),(13,14,15),(16,17,18),(19,20,21),(22,23,24),(25,26,27),(28,29,30),(31,32,33),(34,35,36),(37,38,39),(40,41,42),(43,44,45),(46,47,48),(49,50,51),(52,53,54),(55,56,57),(58,59,60),(61,62,63),(64,65,66),(67,68,69),(70,71,72),(73,74,75),(76,77,78),(79,80,81),(82,83,84),(85,86,87),(88,89,90),(91,92,93),(94,95,96),(97,98,99),(100,101,102),(103,104,105),(106,107,108),(109,110,111),(112,113,114),(115,116,117),(118,119,120),(121,122,123),(124,125,126),(127,128,129),(130,131,132),(133,134,135),(136,137,138),(139,140,141),(142,143,144),(145,146,147),(148,149,150),(151,152,153),(154,155,156),(157,158,159),(160,161,162),(163,164,165),(166,167,168),(169,170,171),(172,173,174),(175,176,177),(178,179,180),(181,182,183),(184,185,186),(187,188,189),(190,191,192),(193,194,195),(196,197,198),(199,200,201),(202,203,204),(205,206,207),(208,209,210),(211,212,213),(214,215,216),(217,218,219),(220,221,222),(223,224,225),(226,227,228),(229,230,231),(232,233,234),(235,236,237),(238,239,240),(241,242,243),(244,245,246),(247,248,249),(250,251,252),(253,254,255),(256,257,258),(259,260,261),(262,263,264),(265,266,267),(268,269,270),(271,272,273),(274,275,276),(277,278,279),(280,281,282),(283,284,285),(286,287,288),(289,290,291),(292,293,294),(295,296,297),(298,299,300),(301,302,303),(304,305,306),(307,308,309),(310,311,312),(313,314,315),(316,317,318),(319,320,321),(322,323,324),(325,326,327),(328,329,330),(331,332,333),(334,335,336),(337,338,339),(340,341,342),(343,344,345),(346,347,348),(349,350,351),(352,353,354),(355,356,357),(358,359,360),(361,362,363),(364,365,366),(367,368,369),(370,371,372),(373,374,375),(376,377,378),(379,380,381),(382,383,384),(385,386,387),(388,389,390),(391,392,393),(394,395,396),(397,398,399),(400,401,402),(403,404,405),(406,407,408),(409,410,411),(412,413,414),(415,416,417),(418,419,420),(421,422,423),(424,425,426),(427,428,429),(430,431,432),(433,434,435),(436,437,438),(439,440,441),(442,443,444),(445,446,447),(448,449,450),(451,452,453),(454,455,456),(457,458,459),(460,461,462),(463,464,465),(466,467,468),(469,470,471),(472,473,474),(475,476,477),(478,479,480),(481,482,483),(484,485,486),(487,488,489),(490,491,492),(493,494,495),(496,497,498),(499,500,501),(502,503,504),(505,506,507),(508,509,510),(511,512,513),(514,515,516),(517,518,519),(520,521,522),(523,524,525),(526,527,528),(529,530,531),(532,533,534),(535,536,537),(538,539,540),(541,542,543),(544,545,546),(547,548,549),(550,551,552),(553,554,555),(556,557,558),(559,560,561),(562,563,564),(565,566,567),(568,569,570),(571,572,573),(574,575,576),(577,578,579),(580,581,582),(583,584,585),(586,587,588),(589,590,591),(592,593,594),(595,596,597),(598,599,600),(601,602,603),(604,605,606),(607,608,609),(610,611,612),(613,614,615),(616,617,618),(619,620,621),(622,623,624),(625,626,627),(628,629,630),(631,632,633),(634,635,636),(637,638,639),(640,641,642),(643,644,645),(646,647,648),(649,650,651),(652,653,654),(655,656,657),(658,659,660),(661,662,663),(664,665,666),(667,668,669),(670,671,672),(673,674,675),(676,677,678),(679,680,681),(682,683,684),(685,686,687),(688,689,690),(691,692,693),(694,695,696),(697,698,699),(700,701,702),(703,704,705),(706,707,708),(709,710,711),(712,713,714),(715,716,717),(718,719,720),(721,722,723),(724,725,726),(727,728,729),(730,731,732),(733,734,735),(736,737,738),(739,740,741),(742,743,744),(745,746,747),(748,749,750),(751,752,753),(754,755,756),(757,758,759),(760,761,762),(763,764,765),(766,767,768),(769,770,771),(772,773,774),(775,776,777),(778,779,780),(781,782,783),(784,785,786),(787,788,789),(790,791,792),(793,794,795),(796,797,798),(799,800,801),(802,803,804),(805,806,807),(808,809,810),(811,812,813),(814,815,816),(817,818,819),(820,821,822),(823,824,825),(826,827,828),(829,830,831),(832,833,834),(835,836,837),(838,839,840),(841,842,843),(844,845,846),(847,848,849),(850,851,852),(853,854,855),(856,857,858),(859,860,861),(862,863,864),(865,866,867),(868,869,870),(871,872,873),(874,875,876),(877,878,879),(880,881,882),(883,884,885),(886,887,888),(889,890,891),(892,893,894),(895,896,897),(898,899,900),(901,902,903),(904,905,906),(907,908,909),(910,911,912),(913,914,915),(916,917,918),(919,920,921),(922,923,924),(925,926,927),(928,929,930),(931,932,933),(934,935,936),(937,938,939),(940,941,942),(943,944,945),(946,947,948),(949,950,951),(952,953,954),(955,956,957),(958,959,960),(961,962,963),(964,965,966),(967,968,969),(970,971,972),(973,974,975),(976,977,978),(979,980,981),(982,983,984),(985,986,987),(988,989,990),(991,992,993),(994,995,996),(997,998,999),(1000,1001,1002),(1003,1004,1005),(1006,1007,1008),(1009,1010,1011),(1012,1013,1014),(1015,1016,1017),(1018,1019,1020),(1021,1022,1023),(1024,1025,1026),(1027,1028,1029),(1030,1031,1032),(1033,1034,1035),(1036,1037,1038),(1039,1040,1041),(1042,1043,1044),(1045,1046,1047),(1048,1049,1050),(1051,1052,1053),(1054,1055,1056),(1057,1058,1059),(1060,1061,1062),(1063,1064,1065),(1066,1067,1068),(1069,1070,1071),(1072,1073,1074),(1075,1076,1077),(1078,1079,1080),(1081,1082,1083),(1084,1085,1086),(1087,1088,1089),(1090,1091,1092),(1093,1094,1095),(1096,1097,1098),(1099,1100,1101),(1102,1103,1104),(1105,1106,1107),(1108,1109,1110),(1111,1112,1113),(1114,1115,1116),(1117,1118,1119),(1120,1121,1122),(1123,1124,1125),(1126,1127,1128),(1129,1130,1131),(1132,1133,1134),(1135,1136,1137),(1138,1139,1140),(1141,1142,1143),(1144,1145,1146),(1147,1148,1149),(1150,1151,1152),(1153,1154,1155),(1156,1157,1158),(1159,1160,1161),(1162,1163,1164),(1165,1166,1167),(1168,1169,1170),(1171,1172,1173),(1174,1175,1176),(1177,1178,1179),(1180,1181,1182),(1183,1184,1185),(1186,1187,1188),(1189,1190,1191),(1192,1193,1194),(1195,1196,1197),(1198,1199,1200),(1201,1202,1203),(1204,1205,1206),(1207,1208,1209),(1210,1211,1212),(1213,1214,1215),(1216,1217,1218),(1219,1220,1221),(1222,1223,1224),(1225,1226,1227),(1228,1229,1230),(1231,1232,1233),(1234,1235,1236),(1237,1238,1239),(1240,1241,1242),(1243,1244,1245),(1246,1247,1248),(1249,1250,1251),(1252,1253,1254),(1255,1256,1257),(1258,1259,1260),(1261,1262,1263),(1264,1265,1266),(1267,1268,1269),(1270,1271,1272),(1273,1274,1275),(1276,1277,1278),(1279,1280,1281),(1282,1283,1284),(1285,1286,1287),(1288,1289,1290),(1291,1292,1293),(1294,1295,1296),(1297,1298,1299),(1300,1301,1302),(1303,1304,1305),(1306,1307,1308),(1309,1310,1311),(1312,1313,1314),(1315,1316,1317),(1318,1319,1320),(1321,1322,1323),(1324,1325,1326),(1327,1328,1329),(1330,1331,1332),(1333,1334,1335),(1336,1337,1338),(1339,1340,1341),(1342,1343,1344),(1345,1346,1347),(1348,1349,1350),(1351,1352,1353),(1354,1355,1356),(1357,1358,1359),(1360,1361,1362),(1363,1364,1365),(1366,1367,1368),(1369,1370,1371),(1372,1373,1374),(1375,1376,1377),(1378,1379,1380),(1381,1382,1383),(1384,1385,1386),(1387,1388,1389),(1390,1391,1392),(1393,1394,1395),(1396,1397,1398),(1399,1400,1401),(1402,1403,1404),(1405,1406,1407),(1408,1409,1410),(1411,1412,1413),(1414,1415,1416),(1417,1418,1419),(1420,1421,1422),(1423,1424,1425),(1426,1427,1428),(1429,1430,1431),(1432,1433,1434),(1435,1436,1437),(1438,1439,1440),(1441,1442,1443),(1444,1445,1446),(1447,1448,1449),(1450,1451,1452),(1453,1454,1455),(1456,1457,1458),(1459,1460,1461),(1462,1463,1464),(1465,1466,1467),(1468,1469,1470),(1471,1472,1473),(1474,1475,1476),(1477,1478,1479),(1480,1481,1482),(1483,1484,1485),(1486,1487,1488),(1489,1490,1491),(1492,1493,1494),(1495,1496,1497),(1498,1499,1500),(1501,1502,1503),(1504,1505,1506),(1507,1508,1509),(1510,1511,1512),(1513,1514,1515),(1516,1517,1518),(1519,1520,1521),(1522,1523,1524),(1525,1526,1527),(1528,1529,1530),(1531,1532,1533),(1534,1535,1536),(1537,1538,1539),(1540,1541,1542),(1543,1544,1545),(1546,1547,1548),(1549,1550,1551),(1552,1553,1554),(1555,1556,1557),(1558,1559,1560),(1561,1562,1563),(1564,1565,1566),(1567,1568,1569),(1570,1571,1572),(1573,1574,1575),(1576,1577,1578),(1579,1580,1581),(1582,1583,1584),(1585,1586,1587),(1588,1589,1590),(1591,1592,1593),(1594,1595,1596),(1597,1598,1599),(1600,1601,1602),(1603,1604,1605),(1606,1607,1608),(1609,1610,1611),(1612,1613,1614),(1615,1616,1617),(1618,1619,1620),(1621,1622,1623),(1624,1625,1626),(1627,1628,1629),(1630,1631,1632),(1633,1634,1635),(1636,1637,1638),(1639,1640,1641),(1642,1643,1644),(1645,1646,1647),(1648,1649,1650),(1651,1652,1653),(1654,1655,1656),(1657,1658,1659),(1660,1661,1662),(1663,1664,1665),(1666,1667,1668),(1669,1670,1671),(1672,1673,1674),(1675,1676,1677),(1678,1679,1680),(1681,1682,1683),(1684,1685,1686),(1687,1688,1689),(1690,1691,1692),(1693,1694,1695),(1696,1697,1698),(1699,1700,1701),(1702,1703,1704),(1705,1706,1707),(1708,1709,1710),(1711,1712,1713),(1714,1715,1716),(1717,1718,1719),(1720,1721,1722),(1723,1724,1725),(1726,1727,1728),(1729,1730,1731),(1732,1733,1734),(1735,1736,1737),(1738,1739,1740),(1741,1742,1743),(1744,1745,1746),(1747,1748,1749),(1750,1751,1752),(1753,1754,1755),(1756,1757,1758),(1759,1760,1761),(1762,1763,1764),(1765,1766,1767),(1768,1769,1770),(1771,1772,1773),(1774,1775,1776),(1777,1778,1779),(1780,1781,1782),(1783,1784,1785),(1786,1787,1788),(1789,1790,1791),(1792,1793,1794),(1795,1796,1797),(1798,1799,1800),(1801,1802,1803),(1804,1805,1806),(1807,1808,1809),(1810,1811,1812),(1813,1814,1815),(1816,1817,1818),(1819,1820,1821),(1822,1823,1824),(1825,1826,1827),(1828,1829,1830),(1831,1832,1833),(1834,1835,1836),(1837,1838,1839),(1840,1841,1842),(1843,1844,1845),(1846,1847,1848),(1849,1850,1851),(1852,1853,1854),(1855,1856,1857),(1858,1859,1860),(1861,1862,1863),(1864,1865,1866),(1867,1868,1869),(1870,1871,1872),(1873,1874,1875),(1876,1877,1878),(1879,1880,1881),(1882,1883,1884),(1885,1886,1887),(1888,1889,1890),(1891,1892,1893),(1894,1895,1896),(1897,1898,1899),(1900,1901,1902),(1903,1904,1905),(1906,1907,1908),(1909,1910,1911),(1912,1913,1914),(1915,1916,1917),(1918,1919,1920),(1921,1922,1923),(1924,1925,1926),(1927,1928,1929),(1930,1931,1932),(1933,1934,1935),(1936,1937,1938),(1939,1940,1941),(1942,1943,1944),(1945,1946,1947),(1948,1949,1950),(1951,1952,1953),(1954,1955,1956),(1957,1958,1959),(1960,1961,1962),(1963,1964,1965),(1966,1967,1968),(1969,1970,1971),(1972,1973,1974),(1975,1976,1977),(1978,1979,1980),(1981,1982,1983),(1984,1985,1986),(1987,1988,1989),(1990,1991,1992),(1993,1994,1995),(1996,1997,1998),(1999,2000,2001),(2002,2003,2004),(2005,2006,2007),(2008,2009,2010),(2011,2012,2013),(2014,2015,2016),(2017,2018,2019),(2020,2021,2022),(2023,2024,2025),(2026,2027,2028),(2029,2030,2031),(2032,2033,2034),(2035,2036,2037),(2038,2039,2040),(2041,2042,2043),(2044,2045,2046),(2047,2048,2049),(2050,2051,2052),(2053,2054,2055),(2056,2057,2058),(2059,2060,2061),(2062,2063,2064),(2065,2066,2067),(2068,2069,2070),(2071,2072,2073),(2074,2075,2076),(2077,2078,2079),(2080,2081,2082),(2083,2084,2085),(2086,2087,2088),(2089,2090,2091),(2092,2093,2094),(2095,2096,2097),(2098,2099,2100),(2101,2102,2103),(2104,2105,2106),(2107,2108,2109),(2110,2111,2112),(2113,2114,2115),(2116,2117,2118),(2119,2120,2121),(2122,2123,2124),(2125,2126,2127),(2128,2129,2130),(2131,2132,2133),(2134,2135,2136),(2137,2138,2139),(2140,2141,2142),(2143,2144,2145),(2146,2147,2148),(2149,2150,2151),(2152,2153,2154),(2155,2156,2157),(2158,2159,2160),(2161,2162,2163),(2164,2165,2166),(2167,2168,2169),(2170,2171,2172),(2173,2174,2175),(2176,2177,2178),(2179,2180,2181),(2182,2183,2184),(2185,2186,2187),(2188,2189,2190),(2191,2192,2193),(2194,2195,2196),(2197,2198,2199),(2200,2201,2202),(2203,2204,2205),(2206,2207,2208),(2209,2210,2211),(2212,2213,2214),(2215,2216,2217),(2218,2219,2220),(2221,2222,2223),(2224,2225,2226),(2227,2228,2229),(2230,2231,2232),(2233,2234,2235),(2236,2237,2238),(2239,2240,2241),(2242,2243,2244),(2245,2246,2247),(2248,2249,2250),(2251,2252,2253),(2254,2255,2256),(2257,2258,2259),(2260,2261,2262),(2263,2264,2265),(2266,2267,2268),(2269,2270,2271),(2272,2273,2274),(2275,2276,2277),(2278,2279,2280),(2281,2282,2283),(2284,2285,2286),(2287,2288,2289),(2290,2291,2292),(2293,2294,2295),(2296,2297,2298),(2299,2300,2301),(2302,2303,2304),(2305,2306,2307),(2308,2309,2310),(2311,2312,2313),(2314,2315,2316),(2317,2318,2319),(2320,2321,2322),(2323,2324,2325),(2326,2327,2328),(2329,2330,2331),(2332,2333,2334),(2335,2336,2337),(2338,2339,2340),(2341,2342,2343),(2344,2345,2346),(2347,2348,2349),(2350,2351,2352),(2353,2354,2355),(2356,2357,2358),(2359,2360,2361),(2362,2363,2364),(2365,2366,2367),(2368,2369,2370),(2371,2372,2373),(2374,2375,2376),(2377,2378,2379),(2380,2381,2382),(2383,2384,2385),(2386,2387,2388),(2389,2390,2391),(2392,2393,2394),(2395,2396,2397),(2398,2399,2400),(2401,2402,2403),(2404,2405,2406),(2407,2408,2409),(2410,2411,2412),(2413,2414,2415),(2416,2417,2418),(2419,2420,2421),(2422,2423,2424),(2425,2426,2427),(2428,2429,2430),(2431,2432,2433),(2434,2435,2436),(2437,2438,2439),(2440,2441,2442),(2443,2444,2445),(2446,2447,2448),(2449,2450,2451),(2452,2453,2454),(2455,2456,2457),(2458,2459,2460),(2461,2462,2463),(2464,2465,2466),(2467,2468,2469),(2470,2471,2472),(2473,2474,2475),(2476,2477,2478),(2479,2480,2481),(2482,2483,2484),(2485,2486,2487),(2488,2489,2490),(2491,2492,2493),(2494,2495,2496),(2497,2498,2499),(2500,2501,2502),(2503,2504,2505),(2506,2507,2508),(2509,2510,2511),(2512,2513,2514),(2515,2516,2517),(2518,2519,2520),(2521,2522,2523),(2524,2525,2526),(2527,2528,2529),(2530,2531,2532),(2533,2534,2535),(2536,2537,2538),(2539,2540,2541),(2542,2543,2544),(2545,2546,2547),(2548,2549,2550),(2551,2552,2553),(2554,2555,2556),(2557,2558,2559),(2560,2561,2562),(2563,2564,2565),(2566,2567,2568),(2569,2570,2571),(2572,2573,2574),(2575,2576,2577),(2578,2579,2580),(2581,2582,2583),(2584,2585,2586),(2587,2588,2589),(2590,2591,2592),(2593,2594,2595),(2596,2597,2598),(2599,2600,2601),(2602,2603,2604),(2605,2606,2607),(2608,2609,2610),(2611,2612,2613),(2614,2615,2616),(2617,2618,2619),(2620,2621,2622),(2623,2624,2625),(2626,2627,2628),(2629,2630,2631),(2632,2633,2634),(2635,2636,2637),(2638,2639,2640),(2641,2642,2643),(2644,2645,2646),(2647,2648,2649),(2650,2651,2652),(2653,2654,2655),(2656,2657,2658),(2659,2660,2661),(2662,2663,2664),(2665,2666,2667),(2668,2669,2670),(2671,2672,2673),(2674,2675,2676),(2677,2678,2679),(2680,2681,2682),(2683,2684,2685),(2686,2687,2688),(2689,2690,2691),(2692,2693,2694),(2695,2696,2697),(2698,2699,2700),(2701,2702,2703),(2704,2705,2706),(2707,2708,2709),(2710,2711,2712),(2713,2714,2715),(2716,2717,2718),(2719,2720,2721),(2722,2723,2724),(2725,2726,2727),(2728,2729,2730),(2731,2732,2733),(2734,2735,2736),(2737,2738,2739),(2740,2741,2742),(2743,2744,2745),(2746,2747,2748),(2749,2750,2751),(2752,2753,2754),(2755,2756,2757),(2758,2759,2760),(2761,2762,2763),(2764,2765,2766),(2767,2768,2769),(2770,2771,2772),(2773,2774,2775),(2776,2777,2778),(2779,2780,2781),(2782,2783,2784),(2785,2786,2787),(2788,2789,2790),(2791,2792,2793),(2794,2795,2796),(2797,2798,2799),(2800,2801,2802),(2803,2804,2805),(2806,2807,2808),(2809,2810,2811),(2812,2813,2814),(2815,2816,2817),(2818,2819,2820),(2821,2822,2823),(2824,2825,2826),(2827,2828,2829),(2830,2831,2832),(2833,2834,2835),(2836,2837,2838),(2839,2840,2841),(2842,2843,2844),(2845,2846,2847),(2848,2849,2850),(2851,2852,2853),(2854,2855,2856),(2857,2858,2859),(2860,2861,2862),(2863,2864,2865),(2866,2867,2868),(2869,2870,2871),(2872,2873,2874),(2875,2876,2877),(2878,2879,2880),(2881,2882,2883),(2884,2885,2886),(2887,2888,2889),(2890,2891,2892),(2893,2894,2895),(2896,2897,2898),(2899,2900,2901),(2902,2903,2904),(2905,2906,2907),(2908,2909,2910),(2911,2912,2913),(2914,2915,2916),(2917,2918,2919),(2920,2921,2922),(2923,2924,2925),(2926,2927,2928),(2929,2930,2931),(2932,2933,2934),(2935,2936,2937),(2938,2939,2940),(2941,2942,2943),(2944,2945,2946),(2947,2948,2949),(2950,2951,2952),(2953,2954,2955),(2956,2957,2958),(2959,2960,2961),(2962,2963,2964),(2965,2966,2967),(2968,2969,2970),(2971,2972,2973),(2974,2975,2976),(2977,2978,2979),(2980,2981,2982),(2983,2984,2985),(2986,2987,2988),(2989,2990,2991),(2992,2993,2994),(2995,2996,2997),(2998,2999,3000),(3001,3002,3003),(3004,3005,3006),(3007,3008,3009),(3010,3011,3012),(3013,3014,3015),(3016,3017,3018),(3019,3020,3021),(3022,3023,3024),(3025,3026,3027),(3028,3029,3030),(3031,3032,3033),(3034,3035,3036),(3037,3038,3039),(3040,3041,3042),(3043,3044,3045),(3046,3047,3048),(3049,3050,3051),(3052,3053,3054),(3055,3056,3057),(3058,3059,3060),(3061,3062,3063),(3064,3065,3066),(3067,3068,3069),(3070,3071,3072),(3073,3074,3075),(3076,3077,3078),(3079,3080,3081),(3082,3083,3084),(3085,3086,3087),(3088,3089,3090),(3091,3092,3093),(3094,3095,3096),(3097,3098,3099),(3100,3101,3102),(3103,3104,3105),(3106,3107,3108),(3109,3110,3111),(3112,3113,3114),(3115,3116,3117),(3118,3119,3120),(3121,3122,3123),(3124,3125,3126),(3127,3128,3129),(3130,3131,3132),(3133,3134,3135),(3136,3137,3138),(3139,3140,3141),(3142,3143,3144),(3145,3146,3147),(3148,3149,3150),(3151,3152,3153),(3154,3155,3156),(3157,3158,3159),(3160,3161,3162),(3163,3164,3165),(3166,3167,3168),(3169,3170,3171),(3172,3173,3174),(3175,3176,3177),(3178,3179,3180),(3181,3182,3183),(3184,3185,3186),(3187,3188,3189),(3190,3191,3192),(3193,3194,3195),(3196,3197,3198),(3199,3200,3201),(3202,3203,3204),(3205,3206,3207),(3208,3209,3210),(3211,3212,3213),(3214,3215,3216),(3217,3218,3219),(3220,3221,3222),(3223,3224,3225),(3226,3227,3228),(3229,3230,3231),(3232,3233,3234)));
#1278=TESSELLATED_GEOMETRIC_SET('hole callout',(#1277));
#1279=COORDINATES_LIST('coordinates',5,((0.0188125,0.0138125,0.0150000),(0.0470664,0.0138125,0.0150000),(0.0072125,0.0072125,0.0150000),(0.0138125,0.0138125,0.0150000),(0.0188125,0.0138125,0.0150000)));
#1280=TESSELLATED_CURVE_SET('curve set',#1279,((1,2),(3,4,5)));
#1281=TESSELLATED_GEOMETRIC_SET('hole callout',(#1280));
#1282=TESSELLATED_ANNOTATION_OCCURRENCE('hole callout',(#1275),#1278);
#1283=TESSELLATED_ANNOTATION_OCCURRENCE('hole callout',(#1275),#1281);
#1284=DRAUGHTING_CALLOUT('hole callout',(#1282,#1283));
#1285=DRAUGHTING_MODEL_ITEM_ASSOCIATION('','',#1227,#1172,#1284);
#1286=DRAUGHTING_MODEL_ITEM_ASSOCIATION('','',#1235,#1172,#1284);
#1287=DRAUGHTING_MODEL_ITEM_ASSOCIATION('','',#1243,#1172,#1284);
#1288=DRAUGHTING_MODEL_ITEM_ASSOCIATION('','',#1190,#1172,#1284);
ENDSEC;
END-ISO-10303-21;
