ISO-10303-21;
HEADER;
/* Generated by software containing ST-Developer
 * from STEP Tools, Inc. (www.steptools.com) 
 */
/* OPTION: using custom renumber hook */

FILE_DESCRIPTION(
/* description */ ('STEP AP242 Edition 2',
'CAx-IF Rec.Pracs.---Representation and Presentation of Product Manufa
cturing Information (PMI)---4.0---2014-10-13',
'CAx-IF Rec.Pracs.---3D Tessellated Geometry---0.4---2014-09-14','2;1',
'CAx-IF Rec.Pracs.---User Defined Attributes---1.5---2016-08-15'),
/* implementation_level */ '2;1');

FILE_NAME(
/* name */ 'DYNAMIXEL XM430-W350-T - DYNAMIXEL XM430-W350-T',
/* time_stamp */ '2026-04-15T18:27:27Z',
/* author */ (''),
/* organization */ (''),
/* preprocessor_version */ 'ST-DEVELOPER v20',
/* originating_system */ 'ONSHAPE BY PTC INC, 1.213',
/* authorisation */ '  ');

FILE_SCHEMA (('AP242_MANAGED_MODEL_BASED_3D_ENGINEERING_MIM_LF { 1 0 10303 442 3 1 4 }'));
ENDSEC;

DATA;
#10=SHAPE_REPRESENTATION_RELATIONSHIP('','',#6009,#27);
#11=SHAPE_REPRESENTATION_RELATIONSHIP('','',#6010,#28);
#12=SHAPE_REPRESENTATION_RELATIONSHIP('','',#6011,#29);
#13=SHAPE_REPRESENTATION_RELATIONSHIP('','',#6012,#30);
#14=SHAPE_REPRESENTATION_RELATIONSHIP('','',#6013,#31);
#15=SHAPE_REPRESENTATION_RELATIONSHIP('','',#6014,#32);
#16=SHAPE_REPRESENTATION_RELATIONSHIP('','',#6015,#33);
#17=SHAPE_REPRESENTATION_RELATIONSHIP('','',#6016,#34);
#18=SHAPE_REPRESENTATION_RELATIONSHIP('','',#6017,#35);
#19=SHAPE_REPRESENTATION_RELATIONSHIP('','',#6018,#36);
#20=SHAPE_REPRESENTATION_RELATIONSHIP('','',#6019,#37);
#21=SHAPE_REPRESENTATION_RELATIONSHIP('','',#6020,#38);
#22=SHAPE_REPRESENTATION_RELATIONSHIP('','',#6021,#39);
#23=SHAPE_REPRESENTATION_RELATIONSHIP('','',#6022,#40);
#24=SHAPE_REPRESENTATION_RELATIONSHIP('','',#6023,#41);
#25=SHAPE_REPRESENTATION_RELATIONSHIP('','',#6024,#42);
#26=SHAPE_REPRESENTATION_RELATIONSHIP('','',#6025,#43);
#27=ADVANCED_BREP_SHAPE_REPRESENTATION('',(#5975),#10314);
#28=ADVANCED_BREP_SHAPE_REPRESENTATION('',(#5976),#10315);
#29=ADVANCED_BREP_SHAPE_REPRESENTATION('',(#5977),#10316);
#30=ADVANCED_BREP_SHAPE_REPRESENTATION('',(#5978),#10317);
#31=ADVANCED_BREP_SHAPE_REPRESENTATION('',(#5979),#10318);
#32=ADVANCED_BREP_SHAPE_REPRESENTATION('',(#5980),#10319);
#33=ADVANCED_BREP_SHAPE_REPRESENTATION('',(#5981),#10320);
#34=ADVANCED_BREP_SHAPE_REPRESENTATION('',(#5982),#10321);
#35=ADVANCED_BREP_SHAPE_REPRESENTATION('',(#5983),#10322);
#36=ADVANCED_BREP_SHAPE_REPRESENTATION('',(#5984),#10323);
#37=ADVANCED_BREP_SHAPE_REPRESENTATION('',(#5985),#10324);
#38=ADVANCED_BREP_SHAPE_REPRESENTATION('',(#5986),#10325);
#39=ADVANCED_BREP_SHAPE_REPRESENTATION('',(#5987),#10326);
#40=ADVANCED_BREP_SHAPE_REPRESENTATION('',(#5988),#10327);
#41=ADVANCED_BREP_SHAPE_REPRESENTATION('',(#5989),#10328);
#42=ADVANCED_BREP_SHAPE_REPRESENTATION('',(#5990),#10329);
#43=ADVANCED_BREP_SHAPE_REPRESENTATION('',(#5991),#10330);
#44=VERTEX_LOOP('',#2784);
#45=VERTEX_LOOP('',#2798);
#46=VERTEX_LOOP('',#2806);
#47=VERTEX_LOOP('',#2814);
#48=VERTEX_LOOP('',#2841);
#49=VERTEX_LOOP('',#2849);
#50=VERTEX_LOOP('',#2973);
#51=VERTEX_LOOP('',#2981);
#52=CONICAL_SURFACE('',#6035,0.002174999999999,0.785398163397448);
#53=CONICAL_SURFACE('',#6041,0.003899999999998,0.785398163397448);
#54=CONICAL_SURFACE('',#6049,0.00095,0.785398163397448);
#55=CONICAL_SURFACE('',#6055,0.00095,0.785398163397448);
#56=CONICAL_SURFACE('',#6061,0.00095,0.785398163397448);
#57=CONICAL_SURFACE('',#6067,0.00095,0.785398163397448);
#58=CONICAL_SURFACE('',#6073,0.00095,0.785398163397448);
#59=CONICAL_SURFACE('',#6079,0.00095,0.785398163397448);
#60=CONICAL_SURFACE('',#6085,0.00095,0.785398163397448);
#61=CONICAL_SURFACE('',#6091,0.00095,0.785398163397448);
#62=CONICAL_SURFACE('',#6095,0.009649999999999,0.785398163397448);
#63=CONICAL_SURFACE('',#6099,0.0005480286653966,1.02974425867665);
#64=CONICAL_SURFACE('',#6103,0.0011875,0.785398163397448);
#65=CONICAL_SURFACE('',#6117,0.0011875,0.785398163397448);
#66=CONICAL_SURFACE('',#6123,0.0011875,0.785398163397448);
#67=CONICAL_SURFACE('',#6125,0.0005480286653966,1.02974425867665);
#68=CONICAL_SURFACE('',#6129,0.0011875,0.785398163397448);
#69=CONICAL_SURFACE('',#6139,0.0005480286653966,1.02974425867665);
#70=CONICAL_SURFACE('',#6143,0.0011875,0.785398163397448);
#71=CONICAL_SURFACE('',#6153,0.0005480286653966,1.02974425867665);
#72=CONICAL_SURFACE('',#6157,0.0011875,0.785398163397448);
#73=CONICAL_SURFACE('',#6173,0.0011875,0.785398163397448);
#74=CONICAL_SURFACE('',#6179,0.0011875,0.785398163397448);
#75=CONICAL_SURFACE('',#6185,0.0011875,0.785398163397448);
#76=CONICAL_SURFACE('',#6191,0.0011875,0.785398163397448);
#77=CONICAL_SURFACE('',#6193,0.0005480286653966,1.02974425867665);
#78=CONICAL_SURFACE('',#6197,0.0011875,0.785398163397448);
#79=CONICAL_SURFACE('',#6207,0.0005480286653966,1.02974425867665);
#80=CONICAL_SURFACE('',#6211,0.0011875,0.785398163397448);
#81=CONICAL_SURFACE('',#6228,0.0011875,0.785398163397448);
#82=CONICAL_SURFACE('',#6234,0.0011875,0.785398163397448);
#83=CONICAL_SURFACE('',#6240,0.0011875,0.785398163397448);
#84=CONICAL_SURFACE('',#6246,0.0011875,0.785398163397448);
#85=CONICAL_SURFACE('',#6252,0.0011875,0.785398163397448);
#86=CONICAL_SURFACE('',#6258,0.0011875,0.785398163397448);
#87=CONICAL_SURFACE('',#6264,0.0011875,0.785398163397448);
#88=CONICAL_SURFACE('',#6270,0.0011875,0.785398163397448);
#89=CONICAL_SURFACE('',#6326,0.0011875,0.785398163397448);
#90=CONICAL_SURFACE('',#6332,0.0011875,0.785398163397448);
#91=CONICAL_SURFACE('',#6340,0.0005480286653966,1.02974425867665);
#92=CONICAL_SURFACE('',#6344,0.0011875,0.785398163397448);
#93=CONICAL_SURFACE('',#6354,0.0005480286653966,1.02974425867665);
#94=CONICAL_SURFACE('',#6358,0.0011875,0.785398163397448);
#95=CONICAL_SURFACE('',#6381,0.002141746824527,1.0471975511966);
#96=CONICAL_SURFACE('',#6389,0.0011375,0.785398163397448);
#97=CONICAL_SURFACE('',#6402,0.002141746824527,1.0471975511966);
#98=CONICAL_SURFACE('',#6410,0.0011375,0.785398163397448);
#99=CONICAL_SURFACE('',#6423,0.002141746824527,1.0471975511966);
#100=CONICAL_SURFACE('',#6431,0.0011375,0.785398163397448);
#101=CONICAL_SURFACE('',#6444,0.002141746824527,1.0471975511966);
#102=CONICAL_SURFACE('',#6452,0.0011375,0.785398163397448);
#103=CONICAL_SURFACE('',#6465,0.002141746824527,1.0471975511966);
#104=CONICAL_SURFACE('',#6473,0.0011375,0.785398163397448);
#105=CONICAL_SURFACE('',#6486,0.002141746824527,1.0471975511966);
#106=CONICAL_SURFACE('',#6494,0.0011375,0.785398163397448);
#107=CONICAL_SURFACE('',#6507,0.002141746824527,1.0471975511966);
#108=CONICAL_SURFACE('',#6515,0.0011375,0.785398163397448);
#109=CONICAL_SURFACE('',#6528,0.002141746824527,1.0471975511966);
#110=CONICAL_SURFACE('',#6536,0.0011375,0.785398163397448);
#111=CONICAL_SURFACE('',#6545,0.00145,0.785398163397448);
#112=CONICAL_SURFACE('',#6554,0.002325,0.785398163397448);
#113=CONICAL_SURFACE('',#6558,0.002325,0.785398163397448);
#114=CONICAL_SURFACE('',#6564,0.001475,0.785398163397448);
#115=CONICAL_SURFACE('',#6575,0.00145,0.785398163397448);
#116=CONICAL_SURFACE('',#6584,0.002325,0.785398163397448);
#117=CONICAL_SURFACE('',#6588,0.002325,0.785398163397448);
#118=CONICAL_SURFACE('',#6594,0.001475,0.785398163397448);
#119=CONICAL_SURFACE('',#6605,0.00145,0.785398163397448);
#120=CONICAL_SURFACE('',#6614,0.002325,0.785398163397448);
#121=CONICAL_SURFACE('',#6618,0.002325,0.785398163397448);
#122=CONICAL_SURFACE('',#6624,0.001475,0.785398163397448);
#123=CONICAL_SURFACE('',#6635,0.00145,0.785398163397448);
#124=CONICAL_SURFACE('',#6644,0.002325,0.785398163397448);
#125=CONICAL_SURFACE('',#6648,0.002325,0.785398163397448);
#126=CONICAL_SURFACE('',#6654,0.001475,0.785398163397448);
#127=CONICAL_SURFACE('',#6665,0.00145,0.785398163397448);
#128=CONICAL_SURFACE('',#6674,0.002325,0.785398163397448);
#129=CONICAL_SURFACE('',#6678,0.002325,0.785398163397448);
#130=CONICAL_SURFACE('',#6684,0.001475,0.785398163397448);
#131=CONICAL_SURFACE('',#6695,0.00145,0.785398163397448);
#132=CONICAL_SURFACE('',#6704,0.002325,0.785398163397448);
#133=CONICAL_SURFACE('',#6708,0.002325,0.785398163397448);
#134=CONICAL_SURFACE('',#6714,0.001475,0.785398163397448);
#135=CONICAL_SURFACE('',#6725,0.00145,0.785398163397448);
#136=CONICAL_SURFACE('',#6734,0.002325,0.785398163397448);
#137=CONICAL_SURFACE('',#6738,0.002325,0.785398163397448);
#138=CONICAL_SURFACE('',#6744,0.001475,0.785398163397448);
#139=CONICAL_SURFACE('',#6755,0.00145,0.785398163397448);
#140=CONICAL_SURFACE('',#6764,0.002325,0.785398163397448);
#141=CONICAL_SURFACE('',#6768,0.002325,0.785398163397448);
#142=CONICAL_SURFACE('',#6774,0.001475,0.785398163397448);
#143=PLANE('',#6033);
#144=PLANE('',#6039);
#145=PLANE('',#6045);
#146=PLANE('',#6051);
#147=PLANE('',#6057);
#148=PLANE('',#6063);
#149=PLANE('',#6069);
#150=PLANE('',#6075);
#151=PLANE('',#6081);
#152=PLANE('',#6087);
#153=PLANE('',#6093);
#154=PLANE('',#6105);
#155=PLANE('',#6109);
#156=PLANE('',#6113);
#157=PLANE('',#6119);
#158=PLANE('',#6131);
#159=PLANE('',#6135);
#160=PLANE('',#6145);
#161=PLANE('',#6149);
#162=PLANE('',#6159);
#163=PLANE('',#6163);
#164=PLANE('',#6167);
#165=PLANE('',#6168);
#166=PLANE('',#6169);
#167=PLANE('',#6175);
#168=PLANE('',#6181);
#169=PLANE('',#6187);
#170=PLANE('',#6199);
#171=PLANE('',#6203);
#172=PLANE('',#6213);
#173=PLANE('',#6217);
#174=PLANE('',#6221);
#175=PLANE('',#6222);
#176=PLANE('',#6223);
#177=PLANE('',#6224);
#178=PLANE('',#6230);
#179=PLANE('',#6236);
#180=PLANE('',#6242);
#181=PLANE('',#6248);
#182=PLANE('',#6254);
#183=PLANE('',#6260);
#184=PLANE('',#6266);
#185=PLANE('',#6272);
#186=PLANE('',#6273);
#187=PLANE('',#6274);
#188=PLANE('',#6275);
#189=PLANE('',#6276);
#190=PLANE('',#6277);
#191=PLANE('',#6278);
#192=PLANE('',#6279);
#193=PLANE('',#6280);
#194=PLANE('',#6281);
#195=PLANE('',#6282);
#196=PLANE('',#6283);
#197=PLANE('',#6284);
#198=PLANE('',#6285);
#199=PLANE('',#6286);
#200=PLANE('',#6287);
#201=PLANE('',#6288);
#202=PLANE('',#6289);
#203=PLANE('',#6290);
#204=PLANE('',#6291);
#205=PLANE('',#6292);
#206=PLANE('',#6293);
#207=PLANE('',#6294);
#208=PLANE('',#6295);
#209=PLANE('',#6296);
#210=PLANE('',#6297);
#211=PLANE('',#6298);
#212=PLANE('',#6299);
#213=PLANE('',#6300);
#214=PLANE('',#6301);
#215=PLANE('',#6302);
#216=PLANE('',#6303);
#217=PLANE('',#6304);
#218=PLANE('',#6305);
#219=PLANE('',#6306);
#220=PLANE('',#6307);
#221=PLANE('',#6308);
#222=PLANE('',#6310);
#223=PLANE('',#6311);
#224=PLANE('',#6313);
#225=PLANE('',#6314);
#226=PLANE('',#6315);
#227=PLANE('',#6317);
#228=PLANE('',#6318);
#229=PLANE('',#6319);
#230=PLANE('',#6320);
#231=PLANE('',#6321);
#232=PLANE('',#6322);
#233=PLANE('',#6328);
#234=PLANE('',#6334);
#235=PLANE('',#6335);
#236=PLANE('',#6336);
#237=PLANE('',#6337);
#238=PLANE('',#6346);
#239=PLANE('',#6350);
#240=PLANE('',#6360);
#241=PLANE('',#6364);
#242=PLANE('',#6368);
#243=PLANE('',#6369);
#244=PLANE('',#6370);
#245=PLANE('',#6372);
#246=PLANE('',#6373);
#247=PLANE('',#6374);
#248=PLANE('',#6375);
#249=PLANE('',#6376);
#250=PLANE('',#6377);
#251=PLANE('',#6378);
#252=PLANE('',#6379);
#253=PLANE('',#6385);
#254=PLANE('',#6391);
#255=PLANE('',#6393);
#256=PLANE('',#6394);
#257=PLANE('',#6395);
#258=PLANE('',#6396);
#259=PLANE('',#6397);
#260=PLANE('',#6398);
#261=PLANE('',#6399);
#262=PLANE('',#6400);
#263=PLANE('',#6406);
#264=PLANE('',#6412);
#265=PLANE('',#6414);
#266=PLANE('',#6415);
#267=PLANE('',#6416);
#268=PLANE('',#6417);
#269=PLANE('',#6418);
#270=PLANE('',#6419);
#271=PLANE('',#6420);
#272=PLANE('',#6421);
#273=PLANE('',#6427);
#274=PLANE('',#6433);
#275=PLANE('',#6435);
#276=PLANE('',#6436);
#277=PLANE('',#6437);
#278=PLANE('',#6438);
#279=PLANE('',#6439);
#280=PLANE('',#6440);
#281=PLANE('',#6441);
#282=PLANE('',#6442);
#283=PLANE('',#6448);
#284=PLANE('',#6454);
#285=PLANE('',#6456);
#286=PLANE('',#6457);
#287=PLANE('',#6458);
#288=PLANE('',#6459);
#289=PLANE('',#6460);
#290=PLANE('',#6461);
#291=PLANE('',#6462);
#292=PLANE('',#6463);
#293=PLANE('',#6469);
#294=PLANE('',#6475);
#295=PLANE('',#6477);
#296=PLANE('',#6478);
#297=PLANE('',#6479);
#298=PLANE('',#6480);
#299=PLANE('',#6481);
#300=PLANE('',#6482);
#301=PLANE('',#6483);
#302=PLANE('',#6484);
#303=PLANE('',#6490);
#304=PLANE('',#6496);
#305=PLANE('',#6498);
#306=PLANE('',#6499);
#307=PLANE('',#6500);
#308=PLANE('',#6501);
#309=PLANE('',#6502);
#310=PLANE('',#6503);
#311=PLANE('',#6504);
#312=PLANE('',#6505);
#313=PLANE('',#6511);
#314=PLANE('',#6517);
#315=PLANE('',#6519);
#316=PLANE('',#6520);
#317=PLANE('',#6521);
#318=PLANE('',#6522);
#319=PLANE('',#6523);
#320=PLANE('',#6524);
#321=PLANE('',#6525);
#322=PLANE('',#6526);
#323=PLANE('',#6532);
#324=PLANE('',#6538);
#325=PLANE('',#6543);
#326=PLANE('',#6550);
#327=PLANE('',#6552);
#328=PLANE('',#6562);
#329=PLANE('',#6567);
#330=PLANE('',#6568);
#331=PLANE('',#6573);
#332=PLANE('',#6580);
#333=PLANE('',#6582);
#334=PLANE('',#6592);
#335=PLANE('',#6597);
#336=PLANE('',#6598);
#337=PLANE('',#6603);
#338=PLANE('',#6610);
#339=PLANE('',#6612);
#340=PLANE('',#6622);
#341=PLANE('',#6627);
#342=PLANE('',#6628);
#343=PLANE('',#6633);
#344=PLANE('',#6640);
#345=PLANE('',#6642);
#346=PLANE('',#6652);
#347=PLANE('',#6657);
#348=PLANE('',#6658);
#349=PLANE('',#6663);
#350=PLANE('',#6670);
#351=PLANE('',#6672);
#352=PLANE('',#6682);
#353=PLANE('',#6687);
#354=PLANE('',#6688);
#355=PLANE('',#6693);
#356=PLANE('',#6700);
#357=PLANE('',#6702);
#358=PLANE('',#6712);
#359=PLANE('',#6717);
#360=PLANE('',#6718);
#361=PLANE('',#6723);
#362=PLANE('',#6730);
#363=PLANE('',#6732);
#364=PLANE('',#6742);
#365=PLANE('',#6747);
#366=PLANE('',#6748);
#367=PLANE('',#6753);
#368=PLANE('',#6760);
#369=PLANE('',#6762);
#370=PLANE('',#6772);
#371=PLANE('',#6777);
#372=PLANE('',#6778);
#373=CIRCLE('',#6028,0.00975);
#374=CIRCLE('',#6029,0.00975);
#375=CIRCLE('',#6031,0.00975);
#376=CIRCLE('',#6032,0.00975);
#377=CIRCLE('',#6034,0.002099999999998);
#378=CIRCLE('',#6036,0.002249999999998);
#379=CIRCLE('',#6038,0.00225);
#380=CIRCLE('',#6040,0.003799999999998);
#381=CIRCLE('',#6042,0.003999999999998);
#382=CIRCLE('',#6044,0.004);
#383=CIRCLE('',#6046,0.0008);
#384=CIRCLE('',#6048,0.0008);
#385=CIRCLE('',#6050,0.0011);
#386=CIRCLE('',#6052,0.0008);
#387=CIRCLE('',#6054,0.0008);
#388=CIRCLE('',#6056,0.0011);
#389=CIRCLE('',#6058,0.0008);
#390=CIRCLE('',#6060,0.0008);
#391=CIRCLE('',#6062,0.0011);
#392=CIRCLE('',#6064,0.0008);
#393=CIRCLE('',#6066,0.0008);
#394=CIRCLE('',#6068,0.0011);
#395=CIRCLE('',#6070,0.0008);
#396=CIRCLE('',#6072,0.0008);
#397=CIRCLE('',#6074,0.0011);
#398=CIRCLE('',#6076,0.0008);
#399=CIRCLE('',#6078,0.0008);
#400=CIRCLE('',#6080,0.0011);
#401=CIRCLE('',#6082,0.0008);
#402=CIRCLE('',#6084,0.0008);
#403=CIRCLE('',#6086,0.0011);
#404=CIRCLE('',#6088,0.0008);
#405=CIRCLE('',#6090,0.0008);
#406=CIRCLE('',#6092,0.0011);
#407=CIRCLE('',#6094,0.009549999999999);
#408=CIRCLE('',#6096,0.009749999999999);
#409=CIRCLE('',#6098,0.00975);
#410=CIRCLE('',#6100,0.001025);
#411=CIRCLE('',#6102,0.001025);
#412=CIRCLE('',#6104,0.00135);
#413=CIRCLE('',#6106,0.0013);
#414=CIRCLE('',#6108,0.0013);
#415=CIRCLE('',#6110,0.0024);
#416=CIRCLE('',#6112,0.0024);
#417=CIRCLE('',#6114,0.001025);
#418=CIRCLE('',#6116,0.001025);
#419=CIRCLE('',#6118,0.00135);
#420=CIRCLE('',#6120,0.001025);
#421=CIRCLE('',#6122,0.001025);
#422=CIRCLE('',#6124,0.00135);
#423=CIRCLE('',#6126,0.001025);
#424=CIRCLE('',#6128,0.001025);
#425=CIRCLE('',#6130,0.00135);
#426=CIRCLE('',#6132,0.0013);
#427=CIRCLE('',#6134,0.0013);
#428=CIRCLE('',#6136,0.0024);
#429=CIRCLE('',#6138,0.0024);
#430=CIRCLE('',#6140,0.001025);
#431=CIRCLE('',#6142,0.001025);
#432=CIRCLE('',#6144,0.00135);
#433=CIRCLE('',#6146,0.0013);
#434=CIRCLE('',#6148,0.0013);
#435=CIRCLE('',#6150,0.0024);
#436=CIRCLE('',#6152,0.0024);
#437=CIRCLE('',#6154,0.001025);
#438=CIRCLE('',#6156,0.001025);
#439=CIRCLE('',#6158,0.00135);
#440=CIRCLE('',#6160,0.0013);
#441=CIRCLE('',#6162,0.0013);
#442=CIRCLE('',#6164,0.0024);
#443=CIRCLE('',#6166,0.0024);
#444=CIRCLE('',#6170,0.001025);
#445=CIRCLE('',#6172,0.001025);
#446=CIRCLE('',#6174,0.00135);
#447=CIRCLE('',#6176,0.001025);
#448=CIRCLE('',#6178,0.001025);
#449=CIRCLE('',#6180,0.00135);
#450=CIRCLE('',#6182,0.001025);
#451=CIRCLE('',#6184,0.001025);
#452=CIRCLE('',#6186,0.00135);
#453=CIRCLE('',#6188,0.001025);
#454=CIRCLE('',#6190,0.001025);
#455=CIRCLE('',#6192,0.00135);
#456=CIRCLE('',#6194,0.001025);
#457=CIRCLE('',#6196,0.001025);
#458=CIRCLE('',#6198,0.00135);
#459=CIRCLE('',#6200,0.0013);
#460=CIRCLE('',#6202,0.0013);
#461=CIRCLE('',#6204,0.0024);
#462=CIRCLE('',#6206,0.0024);
#463=CIRCLE('',#6208,0.001025);
#464=CIRCLE('',#6210,0.001025);
#465=CIRCLE('',#6212,0.00135);
#466=CIRCLE('',#6214,0.0013);
#467=CIRCLE('',#6216,0.0013);
#468=CIRCLE('',#6218,0.0024);
#469=CIRCLE('',#6220,0.0024);
#470=CIRCLE('',#6225,0.001025);
#471=CIRCLE('',#6227,0.001025);
#472=CIRCLE('',#6229,0.00135);
#473=CIRCLE('',#6231,0.001025);
#474=CIRCLE('',#6233,0.001025);
#475=CIRCLE('',#6235,0.00135);
#476=CIRCLE('',#6237,0.001025);
#477=CIRCLE('',#6239,0.001025);
#478=CIRCLE('',#6241,0.00135);
#479=CIRCLE('',#6243,0.001025);
#480=CIRCLE('',#6245,0.001025);
#481=CIRCLE('',#6247,0.00135);
#482=CIRCLE('',#6249,0.001025);
#483=CIRCLE('',#6251,0.001025);
#484=CIRCLE('',#6253,0.00135);
#485=CIRCLE('',#6255,0.001025);
#486=CIRCLE('',#6257,0.001025);
#487=CIRCLE('',#6259,0.00135);
#488=CIRCLE('',#6261,0.001025);
#489=CIRCLE('',#6263,0.001025);
#490=CIRCLE('',#6265,0.00135);
#491=CIRCLE('',#6267,0.001025);
#492=CIRCLE('',#6269,0.001025);
#493=CIRCLE('',#6271,0.00135);
#494=CIRCLE('',#6309,0.00975);
#495=CIRCLE('',#6312,0.00975);
#496=CIRCLE('',#6316,0.00975);
#497=CIRCLE('',#6323,0.001025);
#498=CIRCLE('',#6325,0.001025);
#499=CIRCLE('',#6327,0.00135);
#500=CIRCLE('',#6329,0.001025);
#501=CIRCLE('',#6331,0.001025);
#502=CIRCLE('',#6333,0.00135);
#503=CIRCLE('',#6339,0.00975);
#504=CIRCLE('',#6341,0.001025);
#505=CIRCLE('',#6343,0.001025);
#506=CIRCLE('',#6345,0.00135);
#507=CIRCLE('',#6347,0.0013);
#508=CIRCLE('',#6349,0.0013);
#509=CIRCLE('',#6351,0.0024);
#510=CIRCLE('',#6353,0.0024);
#511=CIRCLE('',#6355,0.001025);
#512=CIRCLE('',#6357,0.001025);
#513=CIRCLE('',#6359,0.00135);
#514=CIRCLE('',#6361,0.0013);
#515=CIRCLE('',#6363,0.0013);
#516=CIRCLE('',#6365,0.0024);
#517=CIRCLE('',#6367,0.0024);
#518=CIRCLE('',#6380,0.002033493649054);
#519=CIRCLE('',#6382,0.00225);
#520=CIRCLE('',#6384,0.00225);
#521=CIRCLE('',#6386,0.00125);
#522=CIRCLE('',#6388,0.00125);
#523=CIRCLE('',#6390,0.001025);
#524=CIRCLE('',#6401,0.002033493649054);
#525=CIRCLE('',#6403,0.00225);
#526=CIRCLE('',#6405,0.00225);
#527=CIRCLE('',#6407,0.00125);
#528=CIRCLE('',#6409,0.00125);
#529=CIRCLE('',#6411,0.001025);
#530=CIRCLE('',#6422,0.002033493649054);
#531=CIRCLE('',#6424,0.00225);
#532=CIRCLE('',#6426,0.00225);
#533=CIRCLE('',#6428,0.00125);
#534=CIRCLE('',#6430,0.00125);
#535=CIRCLE('',#6432,0.001025);
#536=CIRCLE('',#6443,0.002033493649054);
#537=CIRCLE('',#6445,0.00225);
#538=CIRCLE('',#6447,0.00225);
#539=CIRCLE('',#6449,0.00125);
#540=CIRCLE('',#6451,0.00125);
#541=CIRCLE('',#6453,0.001025);
#542=CIRCLE('',#6464,0.002033493649054);
#543=CIRCLE('',#6466,0.00225);
#544=CIRCLE('',#6468,0.00225);
#545=CIRCLE('',#6470,0.00125);
#546=CIRCLE('',#6472,0.00125);
#547=CIRCLE('',#6474,0.001025);
#548=CIRCLE('',#6485,0.002033493649054);
#549=CIRCLE('',#6487,0.00225);
#550=CIRCLE('',#6489,0.00225);
#551=CIRCLE('',#6491,0.00125);
#552=CIRCLE('',#6493,0.00125);
#553=CIRCLE('',#6495,0.001025);
#554=CIRCLE('',#6506,0.002033493649054);
#555=CIRCLE('',#6508,0.00225);
#556=CIRCLE('',#6510,0.00225);
#557=CIRCLE('',#6512,0.00125);
#558=CIRCLE('',#6514,0.00125);
#559=CIRCLE('',#6516,0.001025);
#560=CIRCLE('',#6527,0.002033493649054);
#561=CIRCLE('',#6529,0.00225);
#562=CIRCLE('',#6531,0.00225);
#563=CIRCLE('',#6533,0.00125);
#564=CIRCLE('',#6535,0.00125);
#565=CIRCLE('',#6537,0.001025);
#566=CIRCLE('',#6541,0.0017);
#567=CIRCLE('',#6542,0.0017);
#568=CIRCLE('',#6544,0.0015);
#569=CIRCLE('',#6546,0.0014);
#570=CIRCLE('',#6548,0.0014);
#571=CIRCLE('',#6549,0.0014);
#572=CIRCLE('',#6551,0.0024);
#573=CIRCLE('',#6553,0.00225);
#574=CIRCLE('',#6555,0.0024);
#575=CIRCLE('',#6557,0.0024);
#576=CIRCLE('',#6559,0.140207305853674);
#577=CIRCLE('',#6560,0.00225);
#578=CIRCLE('',#6561,0.140207305095909);
#579=CIRCLE('',#6563,0.0327001272647762);
#580=CIRCLE('',#6565,0.0334690823587625);
#581=CIRCLE('',#6566,0.00155);
#582=CIRCLE('',#6571,0.0017);
#583=CIRCLE('',#6572,0.0017);
#584=CIRCLE('',#6574,0.0015);
#585=CIRCLE('',#6576,0.0014);
#586=CIRCLE('',#6578,0.0014);
#587=CIRCLE('',#6579,0.0014);
#588=CIRCLE('',#6581,0.0024);
#589=CIRCLE('',#6583,0.00225);
#590=CIRCLE('',#6585,0.0024);
#591=CIRCLE('',#6587,0.0024);
#592=CIRCLE('',#6589,0.140207305853674);
#593=CIRCLE('',#6590,0.00225);
#594=CIRCLE('',#6591,0.140207305095909);
#595=CIRCLE('',#6593,0.0327001272647762);
#596=CIRCLE('',#6595,0.0334690823587625);
#597=CIRCLE('',#6596,0.00155);
#598=CIRCLE('',#6601,0.0017);
#599=CIRCLE('',#6602,0.0017);
#600=CIRCLE('',#6604,0.0015);
#601=CIRCLE('',#6606,0.0014);
#602=CIRCLE('',#6608,0.0014);
#603=CIRCLE('',#6609,0.0014);
#604=CIRCLE('',#6611,0.0024);
#605=CIRCLE('',#6613,0.00225);
#606=CIRCLE('',#6615,0.0024);
#607=CIRCLE('',#6617,0.0024);
#608=CIRCLE('',#6619,0.140207305853674);
#609=CIRCLE('',#6620,0.00225);
#610=CIRCLE('',#6621,0.140207305095909);
#611=CIRCLE('',#6623,0.0327001272647762);
#612=CIRCLE('',#6625,0.0334690823587625);
#613=CIRCLE('',#6626,0.00155);
#614=CIRCLE('',#6631,0.0017);
#615=CIRCLE('',#6632,0.0017);
#616=CIRCLE('',#6634,0.0015);
#617=CIRCLE('',#6636,0.0014);
#618=CIRCLE('',#6638,0.0014);
#619=CIRCLE('',#6639,0.0014);
#620=CIRCLE('',#6641,0.0024);
#621=CIRCLE('',#6643,0.00225);
#622=CIRCLE('',#6645,0.0024);
#623=CIRCLE('',#6647,0.0024);
#624=CIRCLE('',#6649,0.140207305853674);
#625=CIRCLE('',#6650,0.00225);
#626=CIRCLE('',#6651,0.140207305095909);
#627=CIRCLE('',#6653,0.0327001272647762);
#628=CIRCLE('',#6655,0.0334690823587625);
#629=CIRCLE('',#6656,0.00155);
#630=CIRCLE('',#6661,0.0017);
#631=CIRCLE('',#6662,0.0017);
#632=CIRCLE('',#6664,0.0015);
#633=CIRCLE('',#6666,0.0014);
#634=CIRCLE('',#6668,0.0014);
#635=CIRCLE('',#6669,0.0014);
#636=CIRCLE('',#6671,0.0024);
#637=CIRCLE('',#6673,0.00225);
#638=CIRCLE('',#6675,0.0024);
#639=CIRCLE('',#6677,0.0024);
#640=CIRCLE('',#6679,0.140207305853674);
#641=CIRCLE('',#6680,0.00225);
#642=CIRCLE('',#6681,0.140207305095909);
#643=CIRCLE('',#6683,0.0327001272647762);
#644=CIRCLE('',#6685,0.0334690823587625);
#645=CIRCLE('',#6686,0.00155);
#646=CIRCLE('',#6691,0.0017);
#647=CIRCLE('',#6692,0.0017);
#648=CIRCLE('',#6694,0.0015);
#649=CIRCLE('',#6696,0.0014);
#650=CIRCLE('',#6698,0.0014);
#651=CIRCLE('',#6699,0.0014);
#652=CIRCLE('',#6701,0.0024);
#653=CIRCLE('',#6703,0.00225);
#654=CIRCLE('',#6705,0.0024);
#655=CIRCLE('',#6707,0.0024);
#656=CIRCLE('',#6709,0.140207305853674);
#657=CIRCLE('',#6710,0.00225);
#658=CIRCLE('',#6711,0.140207305095909);
#659=CIRCLE('',#6713,0.0327001272647762);
#660=CIRCLE('',#6715,0.0334690823587625);
#661=CIRCLE('',#6716,0.00155);
#662=CIRCLE('',#6721,0.0017);
#663=CIRCLE('',#6722,0.0017);
#664=CIRCLE('',#6724,0.0015);
#665=CIRCLE('',#6726,0.0014);
#666=CIRCLE('',#6728,0.0014);
#667=CIRCLE('',#6729,0.0014);
#668=CIRCLE('',#6731,0.0024);
#669=CIRCLE('',#6733,0.00225);
#670=CIRCLE('',#6735,0.0024);
#671=CIRCLE('',#6737,0.0024);
#672=CIRCLE('',#6739,0.140207305853674);
#673=CIRCLE('',#6740,0.00225);
#674=CIRCLE('',#6741,0.140207305095909);
#675=CIRCLE('',#6743,0.0327001272647762);
#676=CIRCLE('',#6745,0.0334690823587625);
#677=CIRCLE('',#6746,0.00155);
#678=CIRCLE('',#6751,0.0017);
#679=CIRCLE('',#6752,0.0017);
#680=CIRCLE('',#6754,0.0015);
#681=CIRCLE('',#6756,0.0014);
#682=CIRCLE('',#6758,0.0014);
#683=CIRCLE('',#6759,0.0014);
#684=CIRCLE('',#6761,0.0024);
#685=CIRCLE('',#6763,0.00225);
#686=CIRCLE('',#6765,0.0024);
#687=CIRCLE('',#6767,0.0024);
#688=CIRCLE('',#6769,0.140207305853674);
#689=CIRCLE('',#6770,0.00225);
#690=CIRCLE('',#6771,0.140207305095909);
#691=CIRCLE('',#6773,0.0327001272647762);
#692=CIRCLE('',#6775,0.0334690823587625);
#693=CIRCLE('',#6776,0.00155);
#694=ORIENTED_EDGE('',*,*,#2060,.T.);
#695=ORIENTED_EDGE('',*,*,#2061,.F.);
#696=ORIENTED_EDGE('',*,*,#2062,.F.);
#697=ORIENTED_EDGE('',*,*,#2063,.T.);
#698=ORIENTED_EDGE('',*,*,#2064,.T.);
#699=ORIENTED_EDGE('',*,*,#2065,.F.);
#700=ORIENTED_EDGE('',*,*,#2066,.F.);
#701=ORIENTED_EDGE('',*,*,#2067,.T.);
#702=ORIENTED_EDGE('',*,*,#2068,.F.);
#703=ORIENTED_EDGE('',*,*,#2068,.T.);
#704=ORIENTED_EDGE('',*,*,#2069,.F.);
#705=ORIENTED_EDGE('',*,*,#2070,.T.);
#706=ORIENTED_EDGE('',*,*,#2069,.T.);
#707=ORIENTED_EDGE('',*,*,#2070,.F.);
#708=ORIENTED_EDGE('',*,*,#2071,.F.);
#709=ORIENTED_EDGE('',*,*,#2071,.T.);
#710=ORIENTED_EDGE('',*,*,#2072,.F.);
#711=ORIENTED_EDGE('',*,*,#2073,.T.);
#712=ORIENTED_EDGE('',*,*,#2072,.T.);
#713=ORIENTED_EDGE('',*,*,#2074,.F.);
#714=ORIENTED_EDGE('',*,*,#2074,.T.);
#715=ORIENTED_EDGE('',*,*,#2075,.T.);
#716=ORIENTED_EDGE('',*,*,#2075,.F.);
#717=ORIENTED_EDGE('',*,*,#2076,.T.);
#718=ORIENTED_EDGE('',*,*,#2077,.F.);
#719=ORIENTED_EDGE('',*,*,#2077,.T.);
#720=ORIENTED_EDGE('',*,*,#2078,.T.);
#721=ORIENTED_EDGE('',*,*,#2078,.F.);
#722=ORIENTED_EDGE('',*,*,#2079,.T.);
#723=ORIENTED_EDGE('',*,*,#2080,.F.);
#724=ORIENTED_EDGE('',*,*,#2080,.T.);
#725=ORIENTED_EDGE('',*,*,#2081,.T.);
#726=ORIENTED_EDGE('',*,*,#2081,.F.);
#727=ORIENTED_EDGE('',*,*,#2082,.T.);
#728=ORIENTED_EDGE('',*,*,#2083,.F.);
#729=ORIENTED_EDGE('',*,*,#2083,.T.);
#730=ORIENTED_EDGE('',*,*,#2084,.T.);
#731=ORIENTED_EDGE('',*,*,#2084,.F.);
#732=ORIENTED_EDGE('',*,*,#2085,.T.);
#733=ORIENTED_EDGE('',*,*,#2086,.F.);
#734=ORIENTED_EDGE('',*,*,#2086,.T.);
#735=ORIENTED_EDGE('',*,*,#2087,.T.);
#736=ORIENTED_EDGE('',*,*,#2087,.F.);
#737=ORIENTED_EDGE('',*,*,#2088,.T.);
#738=ORIENTED_EDGE('',*,*,#2089,.F.);
#739=ORIENTED_EDGE('',*,*,#2089,.T.);
#740=ORIENTED_EDGE('',*,*,#2090,.T.);
#741=ORIENTED_EDGE('',*,*,#2090,.F.);
#742=ORIENTED_EDGE('',*,*,#2091,.T.);
#743=ORIENTED_EDGE('',*,*,#2092,.F.);
#744=ORIENTED_EDGE('',*,*,#2092,.T.);
#745=ORIENTED_EDGE('',*,*,#2093,.T.);
#746=ORIENTED_EDGE('',*,*,#2093,.F.);
#747=ORIENTED_EDGE('',*,*,#2094,.T.);
#748=ORIENTED_EDGE('',*,*,#2095,.F.);
#749=ORIENTED_EDGE('',*,*,#2095,.T.);
#750=ORIENTED_EDGE('',*,*,#2096,.T.);
#751=ORIENTED_EDGE('',*,*,#2096,.F.);
#752=ORIENTED_EDGE('',*,*,#2097,.T.);
#753=ORIENTED_EDGE('',*,*,#2073,.F.);
#754=ORIENTED_EDGE('',*,*,#2076,.F.);
#755=ORIENTED_EDGE('',*,*,#2079,.F.);
#756=ORIENTED_EDGE('',*,*,#2082,.F.);
#757=ORIENTED_EDGE('',*,*,#2085,.F.);
#758=ORIENTED_EDGE('',*,*,#2088,.F.);
#759=ORIENTED_EDGE('',*,*,#2091,.F.);
#760=ORIENTED_EDGE('',*,*,#2094,.F.);
#761=ORIENTED_EDGE('',*,*,#2097,.F.);
#762=ORIENTED_EDGE('',*,*,#2098,.F.);
#763=ORIENTED_EDGE('',*,*,#2098,.T.);
#764=ORIENTED_EDGE('',*,*,#2099,.F.);
#765=ORIENTED_EDGE('',*,*,#2100,.T.);
#766=ORIENTED_EDGE('',*,*,#2099,.T.);
#767=ORIENTED_EDGE('',*,*,#2101,.F.);
#768=ORIENTED_EDGE('',*,*,#2101,.T.);
#769=ORIENTED_EDGE('',*,*,#2102,.T.);
#770=ORIENTED_EDGE('',*,*,#2102,.F.);
#771=ORIENTED_EDGE('',*,*,#2103,.T.);
#772=ORIENTED_EDGE('',*,*,#2104,.F.);
#773=ORIENTED_EDGE('',*,*,#2103,.F.);
#774=ORIENTED_EDGE('',*,*,#2105,.T.);
#775=ORIENTED_EDGE('',*,*,#2104,.T.);
#776=ORIENTED_EDGE('',*,*,#2105,.F.);
#777=ORIENTED_EDGE('',*,*,#2106,.F.);
#778=ORIENTED_EDGE('',*,*,#2107,.T.);
#779=ORIENTED_EDGE('',*,*,#2106,.T.);
#780=ORIENTED_EDGE('',*,*,#2108,.F.);
#781=ORIENTED_EDGE('',*,*,#2108,.T.);
#782=ORIENTED_EDGE('',*,*,#2109,.T.);
#783=ORIENTED_EDGE('',*,*,#2109,.F.);
#784=ORIENTED_EDGE('',*,*,#2110,.T.);
#785=ORIENTED_EDGE('',*,*,#2111,.F.);
#786=ORIENTED_EDGE('',*,*,#2111,.T.);
#787=ORIENTED_EDGE('',*,*,#2112,.T.);
#788=ORIENTED_EDGE('',*,*,#2112,.F.);
#789=ORIENTED_EDGE('',*,*,#2113,.T.);
#790=ORIENTED_EDGE('',*,*,#2114,.F.);
#791=ORIENTED_EDGE('',*,*,#2114,.T.);
#792=ORIENTED_EDGE('',*,*,#2115,.T.);
#793=ORIENTED_EDGE('',*,*,#2115,.F.);
#794=ORIENTED_EDGE('',*,*,#2116,.T.);
#795=ORIENTED_EDGE('',*,*,#2117,.F.);
#796=ORIENTED_EDGE('',*,*,#2116,.F.);
#797=ORIENTED_EDGE('',*,*,#2118,.T.);
#798=ORIENTED_EDGE('',*,*,#2117,.T.);
#799=ORIENTED_EDGE('',*,*,#2118,.F.);
#800=ORIENTED_EDGE('',*,*,#2119,.F.);
#801=ORIENTED_EDGE('',*,*,#2120,.T.);
#802=ORIENTED_EDGE('',*,*,#2119,.T.);
#803=ORIENTED_EDGE('',*,*,#2121,.F.);
#804=ORIENTED_EDGE('',*,*,#2121,.T.);
#805=ORIENTED_EDGE('',*,*,#2122,.T.);
#806=ORIENTED_EDGE('',*,*,#2122,.F.);
#807=ORIENTED_EDGE('',*,*,#2123,.T.);
#808=ORIENTED_EDGE('',*,*,#2124,.F.);
#809=ORIENTED_EDGE('',*,*,#2123,.F.);
#810=ORIENTED_EDGE('',*,*,#2125,.T.);
#811=ORIENTED_EDGE('',*,*,#2124,.T.);
#812=ORIENTED_EDGE('',*,*,#2125,.F.);
#813=ORIENTED_EDGE('',*,*,#2126,.F.);
#814=ORIENTED_EDGE('',*,*,#2127,.T.);
#815=ORIENTED_EDGE('',*,*,#2126,.T.);
#816=ORIENTED_EDGE('',*,*,#2128,.F.);
#817=ORIENTED_EDGE('',*,*,#2128,.T.);
#818=ORIENTED_EDGE('',*,*,#2129,.T.);
#819=ORIENTED_EDGE('',*,*,#2129,.F.);
#820=ORIENTED_EDGE('',*,*,#2130,.T.);
#821=ORIENTED_EDGE('',*,*,#2131,.F.);
#822=ORIENTED_EDGE('',*,*,#2130,.F.);
#823=ORIENTED_EDGE('',*,*,#2132,.T.);
#824=ORIENTED_EDGE('',*,*,#2131,.T.);
#825=ORIENTED_EDGE('',*,*,#2132,.F.);
#826=ORIENTED_EDGE('',*,*,#2133,.F.);
#827=ORIENTED_EDGE('',*,*,#2134,.T.);
#828=ORIENTED_EDGE('',*,*,#2133,.T.);
#829=ORIENTED_EDGE('',*,*,#2135,.F.);
#830=ORIENTED_EDGE('',*,*,#2136,.F.);
#831=ORIENTED_EDGE('',*,*,#2137,.T.);
#832=ORIENTED_EDGE('',*,*,#2138,.T.);
#833=ORIENTED_EDGE('',*,*,#2139,.F.);
#834=ORIENTED_EDGE('',*,*,#2140,.F.);
#835=ORIENTED_EDGE('',*,*,#2141,.T.);
#836=ORIENTED_EDGE('',*,*,#2139,.T.);
#837=ORIENTED_EDGE('',*,*,#2142,.F.);
#838=ORIENTED_EDGE('',*,*,#2143,.F.);
#839=ORIENTED_EDGE('',*,*,#2143,.T.);
#840=ORIENTED_EDGE('',*,*,#2144,.T.);
#841=ORIENTED_EDGE('',*,*,#2144,.F.);
#842=ORIENTED_EDGE('',*,*,#2145,.T.);
#843=ORIENTED_EDGE('',*,*,#2146,.F.);
#844=ORIENTED_EDGE('',*,*,#2146,.T.);
#845=ORIENTED_EDGE('',*,*,#2147,.T.);
#846=ORIENTED_EDGE('',*,*,#2147,.F.);
#847=ORIENTED_EDGE('',*,*,#2148,.T.);
#848=ORIENTED_EDGE('',*,*,#2149,.F.);
#849=ORIENTED_EDGE('',*,*,#2149,.T.);
#850=ORIENTED_EDGE('',*,*,#2150,.T.);
#851=ORIENTED_EDGE('',*,*,#2150,.F.);
#852=ORIENTED_EDGE('',*,*,#2151,.T.);
#853=ORIENTED_EDGE('',*,*,#2152,.F.);
#854=ORIENTED_EDGE('',*,*,#2152,.T.);
#855=ORIENTED_EDGE('',*,*,#2153,.T.);
#856=ORIENTED_EDGE('',*,*,#2153,.F.);
#857=ORIENTED_EDGE('',*,*,#2154,.T.);
#858=ORIENTED_EDGE('',*,*,#2155,.F.);
#859=ORIENTED_EDGE('',*,*,#2155,.T.);
#860=ORIENTED_EDGE('',*,*,#2156,.T.);
#861=ORIENTED_EDGE('',*,*,#2156,.F.);
#862=ORIENTED_EDGE('',*,*,#2157,.T.);
#863=ORIENTED_EDGE('',*,*,#2158,.F.);
#864=ORIENTED_EDGE('',*,*,#2157,.F.);
#865=ORIENTED_EDGE('',*,*,#2159,.T.);
#866=ORIENTED_EDGE('',*,*,#2158,.T.);
#867=ORIENTED_EDGE('',*,*,#2159,.F.);
#868=ORIENTED_EDGE('',*,*,#2160,.F.);
#869=ORIENTED_EDGE('',*,*,#2161,.T.);
#870=ORIENTED_EDGE('',*,*,#2160,.T.);
#871=ORIENTED_EDGE('',*,*,#2162,.F.);
#872=ORIENTED_EDGE('',*,*,#2162,.T.);
#873=ORIENTED_EDGE('',*,*,#2163,.T.);
#874=ORIENTED_EDGE('',*,*,#2163,.F.);
#875=ORIENTED_EDGE('',*,*,#2164,.T.);
#876=ORIENTED_EDGE('',*,*,#2165,.F.);
#877=ORIENTED_EDGE('',*,*,#2164,.F.);
#878=ORIENTED_EDGE('',*,*,#2166,.T.);
#879=ORIENTED_EDGE('',*,*,#2165,.T.);
#880=ORIENTED_EDGE('',*,*,#2166,.F.);
#881=ORIENTED_EDGE('',*,*,#2167,.F.);
#882=ORIENTED_EDGE('',*,*,#2168,.T.);
#883=ORIENTED_EDGE('',*,*,#2167,.T.);
#884=ORIENTED_EDGE('',*,*,#2169,.T.);
#885=ORIENTED_EDGE('',*,*,#2170,.F.);
#886=ORIENTED_EDGE('',*,*,#2171,.T.);
#887=ORIENTED_EDGE('',*,*,#2172,.F.);
#888=ORIENTED_EDGE('',*,*,#2173,.T.);
#889=ORIENTED_EDGE('',*,*,#2174,.F.);
#890=ORIENTED_EDGE('',*,*,#2170,.T.);
#891=ORIENTED_EDGE('',*,*,#2175,.T.);
#892=ORIENTED_EDGE('',*,*,#2176,.F.);
#893=ORIENTED_EDGE('',*,*,#2176,.T.);
#894=ORIENTED_EDGE('',*,*,#2177,.T.);
#895=ORIENTED_EDGE('',*,*,#2178,.T.);
#896=ORIENTED_EDGE('',*,*,#2179,.F.);
#897=ORIENTED_EDGE('',*,*,#2180,.T.);
#898=ORIENTED_EDGE('',*,*,#2181,.F.);
#899=ORIENTED_EDGE('',*,*,#2181,.T.);
#900=ORIENTED_EDGE('',*,*,#2182,.T.);
#901=ORIENTED_EDGE('',*,*,#2182,.F.);
#902=ORIENTED_EDGE('',*,*,#2183,.T.);
#903=ORIENTED_EDGE('',*,*,#2184,.F.);
#904=ORIENTED_EDGE('',*,*,#2184,.T.);
#905=ORIENTED_EDGE('',*,*,#2185,.T.);
#906=ORIENTED_EDGE('',*,*,#2185,.F.);
#907=ORIENTED_EDGE('',*,*,#2186,.T.);
#908=ORIENTED_EDGE('',*,*,#2187,.F.);
#909=ORIENTED_EDGE('',*,*,#2187,.T.);
#910=ORIENTED_EDGE('',*,*,#2188,.T.);
#911=ORIENTED_EDGE('',*,*,#2188,.F.);
#912=ORIENTED_EDGE('',*,*,#2189,.T.);
#913=ORIENTED_EDGE('',*,*,#2190,.F.);
#914=ORIENTED_EDGE('',*,*,#2190,.T.);
#915=ORIENTED_EDGE('',*,*,#2191,.T.);
#916=ORIENTED_EDGE('',*,*,#2191,.F.);
#917=ORIENTED_EDGE('',*,*,#2192,.T.);
#918=ORIENTED_EDGE('',*,*,#2193,.F.);
#919=ORIENTED_EDGE('',*,*,#2193,.T.);
#920=ORIENTED_EDGE('',*,*,#2194,.T.);
#921=ORIENTED_EDGE('',*,*,#2194,.F.);
#922=ORIENTED_EDGE('',*,*,#2195,.T.);
#923=ORIENTED_EDGE('',*,*,#2196,.F.);
#924=ORIENTED_EDGE('',*,*,#2196,.T.);
#925=ORIENTED_EDGE('',*,*,#2197,.T.);
#926=ORIENTED_EDGE('',*,*,#2197,.F.);
#927=ORIENTED_EDGE('',*,*,#2198,.T.);
#928=ORIENTED_EDGE('',*,*,#2199,.F.);
#929=ORIENTED_EDGE('',*,*,#2199,.T.);
#930=ORIENTED_EDGE('',*,*,#2200,.T.);
#931=ORIENTED_EDGE('',*,*,#2200,.F.);
#932=ORIENTED_EDGE('',*,*,#2201,.T.);
#933=ORIENTED_EDGE('',*,*,#2202,.F.);
#934=ORIENTED_EDGE('',*,*,#2202,.T.);
#935=ORIENTED_EDGE('',*,*,#2203,.T.);
#936=ORIENTED_EDGE('',*,*,#2203,.F.);
#937=ORIENTED_EDGE('',*,*,#2204,.T.);
#938=ORIENTED_EDGE('',*,*,#2205,.T.);
#939=ORIENTED_EDGE('',*,*,#2206,.T.);
#940=ORIENTED_EDGE('',*,*,#2207,.F.);
#941=ORIENTED_EDGE('',*,*,#2208,.T.);
#942=ORIENTED_EDGE('',*,*,#2209,.F.);
#943=ORIENTED_EDGE('',*,*,#2210,.T.);
#944=ORIENTED_EDGE('',*,*,#2211,.T.);
#945=ORIENTED_EDGE('',*,*,#2212,.F.);
#946=ORIENTED_EDGE('',*,*,#2209,.T.);
#947=ORIENTED_EDGE('',*,*,#2213,.T.);
#948=ORIENTED_EDGE('',*,*,#2214,.F.);
#949=ORIENTED_EDGE('',*,*,#2211,.F.);
#950=ORIENTED_EDGE('',*,*,#2215,.T.);
#951=ORIENTED_EDGE('',*,*,#2213,.F.);
#952=ORIENTED_EDGE('',*,*,#2216,.T.);
#953=ORIENTED_EDGE('',*,*,#2217,.T.);
#954=ORIENTED_EDGE('',*,*,#2218,.F.);
#955=ORIENTED_EDGE('',*,*,#2219,.F.);
#956=ORIENTED_EDGE('',*,*,#2220,.T.);
#957=ORIENTED_EDGE('',*,*,#2221,.T.);
#958=ORIENTED_EDGE('',*,*,#2222,.F.);
#959=ORIENTED_EDGE('',*,*,#2195,.F.);
#960=ORIENTED_EDGE('',*,*,#2198,.F.);
#961=ORIENTED_EDGE('',*,*,#2201,.F.);
#962=ORIENTED_EDGE('',*,*,#2204,.F.);
#963=ORIENTED_EDGE('',*,*,#2223,.F.);
#964=ORIENTED_EDGE('',*,*,#2218,.T.);
#965=ORIENTED_EDGE('',*,*,#2224,.T.);
#966=ORIENTED_EDGE('',*,*,#2222,.T.);
#967=ORIENTED_EDGE('',*,*,#2225,.F.);
#968=ORIENTED_EDGE('',*,*,#2214,.T.);
#969=ORIENTED_EDGE('',*,*,#2223,.T.);
#970=ORIENTED_EDGE('',*,*,#2226,.T.);
#971=ORIENTED_EDGE('',*,*,#2221,.F.);
#972=ORIENTED_EDGE('',*,*,#2227,.T.);
#973=ORIENTED_EDGE('',*,*,#2228,.T.);
#974=ORIENTED_EDGE('',*,*,#2226,.F.);
#975=ORIENTED_EDGE('',*,*,#2228,.F.);
#976=ORIENTED_EDGE('',*,*,#2229,.T.);
#977=ORIENTED_EDGE('',*,*,#2230,.T.);
#978=ORIENTED_EDGE('',*,*,#2231,.F.);
#979=ORIENTED_EDGE('',*,*,#2183,.F.);
#980=ORIENTED_EDGE('',*,*,#2186,.F.);
#981=ORIENTED_EDGE('',*,*,#2189,.F.);
#982=ORIENTED_EDGE('',*,*,#2192,.F.);
#983=ORIENTED_EDGE('',*,*,#2232,.F.);
#984=ORIENTED_EDGE('',*,*,#2233,.T.);
#985=ORIENTED_EDGE('',*,*,#2234,.F.);
#986=ORIENTED_EDGE('',*,*,#2235,.T.);
#987=ORIENTED_EDGE('',*,*,#2205,.F.);
#988=ORIENTED_EDGE('',*,*,#2212,.T.);
#989=ORIENTED_EDGE('',*,*,#2225,.T.);
#990=ORIENTED_EDGE('',*,*,#2231,.T.);
#991=ORIENTED_EDGE('',*,*,#2236,.F.);
#992=ORIENTED_EDGE('',*,*,#2237,.F.);
#993=ORIENTED_EDGE('',*,*,#2206,.F.);
#994=ORIENTED_EDGE('',*,*,#2235,.F.);
#995=ORIENTED_EDGE('',*,*,#2178,.F.);
#996=ORIENTED_EDGE('',*,*,#2238,.T.);
#997=ORIENTED_EDGE('',*,*,#2207,.T.);
#998=ORIENTED_EDGE('',*,*,#2237,.T.);
#999=ORIENTED_EDGE('',*,*,#2239,.T.);
#1000=ORIENTED_EDGE('',*,*,#2240,.T.);
#1001=ORIENTED_EDGE('',*,*,#2241,.T.);
#1002=ORIENTED_EDGE('',*,*,#2242,.T.);
#1003=ORIENTED_EDGE('',*,*,#2179,.T.);
#1004=ORIENTED_EDGE('',*,*,#2240,.F.);
#1005=ORIENTED_EDGE('',*,*,#2171,.F.);
#1006=ORIENTED_EDGE('',*,*,#2174,.T.);
#1007=ORIENTED_EDGE('',*,*,#2180,.F.);
#1008=ORIENTED_EDGE('',*,*,#2242,.F.);
#1009=ORIENTED_EDGE('',*,*,#2243,.F.);
#1010=ORIENTED_EDGE('',*,*,#2244,.F.);
#1011=ORIENTED_EDGE('',*,*,#2172,.T.);
#1012=ORIENTED_EDGE('',*,*,#2244,.T.);
#1013=ORIENTED_EDGE('',*,*,#2245,.T.);
#1014=ORIENTED_EDGE('',*,*,#2246,.F.);
#1015=ORIENTED_EDGE('',*,*,#2247,.F.);
#1016=ORIENTED_EDGE('',*,*,#2248,.T.);
#1017=ORIENTED_EDGE('',*,*,#2249,.T.);
#1018=ORIENTED_EDGE('',*,*,#2250,.T.);
#1019=ORIENTED_EDGE('',*,*,#2173,.F.);
#1020=ORIENTED_EDGE('',*,*,#2246,.T.);
#1021=ORIENTED_EDGE('',*,*,#2251,.F.);
#1022=ORIENTED_EDGE('',*,*,#2248,.F.);
#1023=ORIENTED_EDGE('',*,*,#2252,.F.);
#1024=ORIENTED_EDGE('',*,*,#2253,.T.);
#1025=ORIENTED_EDGE('',*,*,#2254,.T.);
#1026=ORIENTED_EDGE('',*,*,#2249,.F.);
#1027=ORIENTED_EDGE('',*,*,#2251,.T.);
#1028=ORIENTED_EDGE('',*,*,#2255,.T.);
#1029=ORIENTED_EDGE('',*,*,#2256,.F.);
#1030=ORIENTED_EDGE('',*,*,#2257,.F.);
#1031=ORIENTED_EDGE('',*,*,#2258,.F.);
#1032=ORIENTED_EDGE('',*,*,#2259,.T.);
#1033=ORIENTED_EDGE('',*,*,#2256,.T.);
#1034=ORIENTED_EDGE('',*,*,#2161,.F.);
#1035=ORIENTED_EDGE('',*,*,#2168,.F.);
#1036=ORIENTED_EDGE('',*,*,#2260,.F.);
#1037=ORIENTED_EDGE('',*,*,#2216,.F.);
#1038=ORIENTED_EDGE('',*,*,#2215,.F.);
#1039=ORIENTED_EDGE('',*,*,#2210,.F.);
#1040=ORIENTED_EDGE('',*,*,#2208,.F.);
#1041=ORIENTED_EDGE('',*,*,#2238,.F.);
#1042=ORIENTED_EDGE('',*,*,#2177,.F.);
#1043=ORIENTED_EDGE('',*,*,#2175,.F.);
#1044=ORIENTED_EDGE('',*,*,#2169,.F.);
#1045=ORIENTED_EDGE('',*,*,#2250,.F.);
#1046=ORIENTED_EDGE('',*,*,#2254,.F.);
#1047=ORIENTED_EDGE('',*,*,#2259,.F.);
#1048=ORIENTED_EDGE('',*,*,#2258,.T.);
#1049=ORIENTED_EDGE('',*,*,#2261,.F.);
#1050=ORIENTED_EDGE('',*,*,#2217,.F.);
#1051=ORIENTED_EDGE('',*,*,#2260,.T.);
#1052=ORIENTED_EDGE('',*,*,#2224,.F.);
#1053=ORIENTED_EDGE('',*,*,#2261,.T.);
#1054=ORIENTED_EDGE('',*,*,#2262,.T.);
#1055=ORIENTED_EDGE('',*,*,#2263,.T.);
#1056=ORIENTED_EDGE('',*,*,#2264,.F.);
#1057=ORIENTED_EDGE('',*,*,#2265,.T.);
#1058=ORIENTED_EDGE('',*,*,#2219,.T.);
#1059=ORIENTED_EDGE('',*,*,#2263,.F.);
#1060=ORIENTED_EDGE('',*,*,#2266,.F.);
#1061=ORIENTED_EDGE('',*,*,#2267,.T.);
#1062=ORIENTED_EDGE('',*,*,#2264,.T.);
#1063=ORIENTED_EDGE('',*,*,#2268,.F.);
#1064=ORIENTED_EDGE('',*,*,#2145,.F.);
#1065=ORIENTED_EDGE('',*,*,#2148,.F.);
#1066=ORIENTED_EDGE('',*,*,#2151,.F.);
#1067=ORIENTED_EDGE('',*,*,#2154,.F.);
#1068=ORIENTED_EDGE('',*,*,#2262,.F.);
#1069=ORIENTED_EDGE('',*,*,#2257,.T.);
#1070=ORIENTED_EDGE('',*,*,#2255,.F.);
#1071=ORIENTED_EDGE('',*,*,#2253,.F.);
#1072=ORIENTED_EDGE('',*,*,#2269,.F.);
#1073=ORIENTED_EDGE('',*,*,#2270,.T.);
#1074=ORIENTED_EDGE('',*,*,#2271,.T.);
#1075=ORIENTED_EDGE('',*,*,#2268,.T.);
#1076=ORIENTED_EDGE('',*,*,#2272,.T.);
#1077=ORIENTED_EDGE('',*,*,#2273,.T.);
#1078=ORIENTED_EDGE('',*,*,#2270,.F.);
#1079=ORIENTED_EDGE('',*,*,#2274,.T.);
#1080=ORIENTED_EDGE('',*,*,#2140,.T.);
#1081=ORIENTED_EDGE('',*,*,#2275,.F.);
#1082=ORIENTED_EDGE('',*,*,#2273,.F.);
#1083=ORIENTED_EDGE('',*,*,#2276,.T.);
#1084=ORIENTED_EDGE('',*,*,#2271,.F.);
#1085=ORIENTED_EDGE('',*,*,#2275,.T.);
#1086=ORIENTED_EDGE('',*,*,#2277,.T.);
#1087=ORIENTED_EDGE('',*,*,#2278,.T.);
#1088=ORIENTED_EDGE('',*,*,#2279,.F.);
#1089=ORIENTED_EDGE('',*,*,#2280,.T.);
#1090=ORIENTED_EDGE('',*,*,#2266,.T.);
#1091=ORIENTED_EDGE('',*,*,#2278,.F.);
#1092=ORIENTED_EDGE('',*,*,#2281,.F.);
#1093=ORIENTED_EDGE('',*,*,#2282,.T.);
#1094=ORIENTED_EDGE('',*,*,#2279,.T.);
#1095=ORIENTED_EDGE('',*,*,#2283,.F.);
#1096=ORIENTED_EDGE('',*,*,#2100,.F.);
#1097=ORIENTED_EDGE('',*,*,#2107,.F.);
#1098=ORIENTED_EDGE('',*,*,#2110,.F.);
#1099=ORIENTED_EDGE('',*,*,#2113,.F.);
#1100=ORIENTED_EDGE('',*,*,#2120,.F.);
#1101=ORIENTED_EDGE('',*,*,#2127,.F.);
#1102=ORIENTED_EDGE('',*,*,#2134,.F.);
#1103=ORIENTED_EDGE('',*,*,#2284,.F.);
#1104=ORIENTED_EDGE('',*,*,#2229,.F.);
#1105=ORIENTED_EDGE('',*,*,#2227,.F.);
#1106=ORIENTED_EDGE('',*,*,#2220,.F.);
#1107=ORIENTED_EDGE('',*,*,#2265,.F.);
#1108=ORIENTED_EDGE('',*,*,#2267,.F.);
#1109=ORIENTED_EDGE('',*,*,#2280,.F.);
#1110=ORIENTED_EDGE('',*,*,#2282,.F.);
#1111=ORIENTED_EDGE('',*,*,#2281,.T.);
#1112=ORIENTED_EDGE('',*,*,#2285,.F.);
#1113=ORIENTED_EDGE('',*,*,#2230,.F.);
#1114=ORIENTED_EDGE('',*,*,#2284,.T.);
#1115=ORIENTED_EDGE('',*,*,#2286,.F.);
#1116=ORIENTED_EDGE('',*,*,#2287,.T.);
#1117=ORIENTED_EDGE('',*,*,#2232,.T.);
#1118=ORIENTED_EDGE('',*,*,#2285,.T.);
#1119=ORIENTED_EDGE('',*,*,#2288,.F.);
#1120=ORIENTED_EDGE('',*,*,#2289,.T.);
#1121=ORIENTED_EDGE('',*,*,#2290,.T.);
#1122=ORIENTED_EDGE('',*,*,#2287,.F.);
#1123=ORIENTED_EDGE('',*,*,#2233,.F.);
#1124=ORIENTED_EDGE('',*,*,#2290,.F.);
#1125=ORIENTED_EDGE('',*,*,#2291,.T.);
#1126=ORIENTED_EDGE('',*,*,#2292,.T.);
#1127=ORIENTED_EDGE('',*,*,#2293,.F.);
#1128=ORIENTED_EDGE('',*,*,#2294,.T.);
#1129=ORIENTED_EDGE('',*,*,#2295,.T.);
#1130=ORIENTED_EDGE('',*,*,#2296,.F.);
#1131=ORIENTED_EDGE('',*,*,#2294,.F.);
#1132=ORIENTED_EDGE('',*,*,#2297,.T.);
#1133=ORIENTED_EDGE('',*,*,#2298,.F.);
#1134=ORIENTED_EDGE('',*,*,#2299,.F.);
#1135=ORIENTED_EDGE('',*,*,#2300,.T.);
#1136=ORIENTED_EDGE('',*,*,#2301,.T.);
#1137=ORIENTED_EDGE('',*,*,#2302,.F.);
#1138=ORIENTED_EDGE('',*,*,#2303,.T.);
#1139=ORIENTED_EDGE('',*,*,#2300,.F.);
#1140=ORIENTED_EDGE('',*,*,#2304,.F.);
#1141=ORIENTED_EDGE('',*,*,#2297,.F.);
#1142=ORIENTED_EDGE('',*,*,#2293,.T.);
#1143=ORIENTED_EDGE('',*,*,#2305,.F.);
#1144=ORIENTED_EDGE('',*,*,#2274,.F.);
#1145=ORIENTED_EDGE('',*,*,#2269,.T.);
#1146=ORIENTED_EDGE('',*,*,#2252,.T.);
#1147=ORIENTED_EDGE('',*,*,#2247,.T.);
#1148=ORIENTED_EDGE('',*,*,#2245,.F.);
#1149=ORIENTED_EDGE('',*,*,#2243,.T.);
#1150=ORIENTED_EDGE('',*,*,#2241,.F.);
#1151=ORIENTED_EDGE('',*,*,#2239,.F.);
#1152=ORIENTED_EDGE('',*,*,#2236,.T.);
#1153=ORIENTED_EDGE('',*,*,#2234,.T.);
#1154=ORIENTED_EDGE('',*,*,#2292,.F.);
#1155=ORIENTED_EDGE('',*,*,#2306,.F.);
#1156=ORIENTED_EDGE('',*,*,#2301,.F.);
#1157=ORIENTED_EDGE('',*,*,#2303,.F.);
#1158=ORIENTED_EDGE('',*,*,#2307,.T.);
#1159=ORIENTED_EDGE('',*,*,#2067,.F.);
#1160=ORIENTED_EDGE('',*,*,#2308,.F.);
#1161=ORIENTED_EDGE('',*,*,#2063,.F.);
#1162=ORIENTED_EDGE('',*,*,#2309,.T.);
#1163=ORIENTED_EDGE('',*,*,#2310,.F.);
#1164=ORIENTED_EDGE('',*,*,#2307,.F.);
#1165=ORIENTED_EDGE('',*,*,#2311,.F.);
#1166=ORIENTED_EDGE('',*,*,#2312,.T.);
#1167=ORIENTED_EDGE('',*,*,#2136,.T.);
#1168=ORIENTED_EDGE('',*,*,#2313,.F.);
#1169=ORIENTED_EDGE('',*,*,#2060,.F.);
#1170=ORIENTED_EDGE('',*,*,#2308,.T.);
#1171=ORIENTED_EDGE('',*,*,#2066,.T.);
#1172=ORIENTED_EDGE('',*,*,#2314,.F.);
#1173=ORIENTED_EDGE('',*,*,#2137,.F.);
#1174=ORIENTED_EDGE('',*,*,#2312,.F.);
#1175=ORIENTED_EDGE('',*,*,#2315,.F.);
#1176=ORIENTED_EDGE('',*,*,#2316,.F.);
#1177=ORIENTED_EDGE('',*,*,#2317,.T.);
#1178=ORIENTED_EDGE('',*,*,#2318,.F.);
#1179=ORIENTED_EDGE('',*,*,#2319,.T.);
#1180=ORIENTED_EDGE('',*,*,#2320,.F.);
#1181=ORIENTED_EDGE('',*,*,#2321,.T.);
#1182=ORIENTED_EDGE('',*,*,#2322,.F.);
#1183=ORIENTED_EDGE('',*,*,#2323,.F.);
#1184=ORIENTED_EDGE('',*,*,#2324,.T.);
#1185=ORIENTED_EDGE('',*,*,#2319,.F.);
#1186=ORIENTED_EDGE('',*,*,#2325,.T.);
#1187=ORIENTED_EDGE('',*,*,#2323,.T.);
#1188=ORIENTED_EDGE('',*,*,#2326,.F.);
#1189=ORIENTED_EDGE('',*,*,#2327,.F.);
#1190=ORIENTED_EDGE('',*,*,#2328,.T.);
#1191=ORIENTED_EDGE('',*,*,#2329,.F.);
#1192=ORIENTED_EDGE('',*,*,#2329,.T.);
#1193=ORIENTED_EDGE('',*,*,#2330,.T.);
#1194=ORIENTED_EDGE('',*,*,#2330,.F.);
#1195=ORIENTED_EDGE('',*,*,#2331,.T.);
#1196=ORIENTED_EDGE('',*,*,#2332,.F.);
#1197=ORIENTED_EDGE('',*,*,#2332,.T.);
#1198=ORIENTED_EDGE('',*,*,#2333,.T.);
#1199=ORIENTED_EDGE('',*,*,#2333,.F.);
#1200=ORIENTED_EDGE('',*,*,#2334,.T.);
#1201=ORIENTED_EDGE('',*,*,#2331,.F.);
#1202=ORIENTED_EDGE('',*,*,#2334,.F.);
#1203=ORIENTED_EDGE('',*,*,#2335,.T.);
#1204=ORIENTED_EDGE('',*,*,#2336,.T.);
#1205=ORIENTED_EDGE('',*,*,#2286,.T.);
#1206=ORIENTED_EDGE('',*,*,#2283,.T.);
#1207=ORIENTED_EDGE('',*,*,#2277,.F.);
#1208=ORIENTED_EDGE('',*,*,#2142,.T.);
#1209=ORIENTED_EDGE('',*,*,#2138,.F.);
#1210=ORIENTED_EDGE('',*,*,#2316,.T.);
#1211=ORIENTED_EDGE('',*,*,#2320,.T.);
#1212=ORIENTED_EDGE('',*,*,#2324,.F.);
#1213=ORIENTED_EDGE('',*,*,#2325,.F.);
#1214=ORIENTED_EDGE('',*,*,#2337,.F.);
#1215=ORIENTED_EDGE('',*,*,#2328,.F.);
#1216=ORIENTED_EDGE('',*,*,#2338,.F.);
#1217=ORIENTED_EDGE('',*,*,#2321,.F.);
#1218=ORIENTED_EDGE('',*,*,#2337,.T.);
#1219=ORIENTED_EDGE('',*,*,#2327,.T.);
#1220=ORIENTED_EDGE('',*,*,#2339,.F.);
#1221=ORIENTED_EDGE('',*,*,#2064,.F.);
#1222=ORIENTED_EDGE('',*,*,#2309,.F.);
#1223=ORIENTED_EDGE('',*,*,#2062,.T.);
#1224=ORIENTED_EDGE('',*,*,#2340,.F.);
#1225=ORIENTED_EDGE('',*,*,#2317,.F.);
#1226=ORIENTED_EDGE('',*,*,#2338,.T.);
#1227=ORIENTED_EDGE('',*,*,#2341,.F.);
#1228=ORIENTED_EDGE('',*,*,#2295,.F.);
#1229=ORIENTED_EDGE('',*,*,#2298,.T.);
#1230=ORIENTED_EDGE('',*,*,#2310,.T.);
#1231=ORIENTED_EDGE('',*,*,#2304,.T.);
#1232=ORIENTED_EDGE('',*,*,#2299,.T.);
#1233=ORIENTED_EDGE('',*,*,#2342,.F.);
#1234=ORIENTED_EDGE('',*,*,#2342,.T.);
#1235=ORIENTED_EDGE('',*,*,#2343,.T.);
#1236=ORIENTED_EDGE('',*,*,#2343,.F.);
#1237=ORIENTED_EDGE('',*,*,#2344,.T.);
#1238=ORIENTED_EDGE('',*,*,#2345,.F.);
#1239=ORIENTED_EDGE('',*,*,#2344,.F.);
#1240=ORIENTED_EDGE('',*,*,#2346,.T.);
#1241=ORIENTED_EDGE('',*,*,#2345,.T.);
#1242=ORIENTED_EDGE('',*,*,#2346,.F.);
#1243=ORIENTED_EDGE('',*,*,#2347,.F.);
#1244=ORIENTED_EDGE('',*,*,#2348,.T.);
#1245=ORIENTED_EDGE('',*,*,#2347,.T.);
#1246=ORIENTED_EDGE('',*,*,#2349,.F.);
#1247=ORIENTED_EDGE('',*,*,#2349,.T.);
#1248=ORIENTED_EDGE('',*,*,#2350,.T.);
#1249=ORIENTED_EDGE('',*,*,#2350,.F.);
#1250=ORIENTED_EDGE('',*,*,#2351,.T.);
#1251=ORIENTED_EDGE('',*,*,#2352,.F.);
#1252=ORIENTED_EDGE('',*,*,#2351,.F.);
#1253=ORIENTED_EDGE('',*,*,#2353,.T.);
#1254=ORIENTED_EDGE('',*,*,#2352,.T.);
#1255=ORIENTED_EDGE('',*,*,#2353,.F.);
#1256=ORIENTED_EDGE('',*,*,#2354,.F.);
#1257=ORIENTED_EDGE('',*,*,#2355,.T.);
#1258=ORIENTED_EDGE('',*,*,#2354,.T.);
#1259=ORIENTED_EDGE('',*,*,#2355,.F.);
#1260=ORIENTED_EDGE('',*,*,#2314,.T.);
#1261=ORIENTED_EDGE('',*,*,#2065,.T.);
#1262=ORIENTED_EDGE('',*,*,#2339,.T.);
#1263=ORIENTED_EDGE('',*,*,#2326,.T.);
#1264=ORIENTED_EDGE('',*,*,#2322,.T.);
#1265=ORIENTED_EDGE('',*,*,#2318,.T.);
#1266=ORIENTED_EDGE('',*,*,#2340,.T.);
#1267=ORIENTED_EDGE('',*,*,#2061,.T.);
#1268=ORIENTED_EDGE('',*,*,#2313,.T.);
#1269=ORIENTED_EDGE('',*,*,#2135,.T.);
#1270=ORIENTED_EDGE('',*,*,#2141,.F.);
#1271=ORIENTED_EDGE('',*,*,#2276,.F.);
#1272=ORIENTED_EDGE('',*,*,#2272,.F.);
#1273=ORIENTED_EDGE('',*,*,#2305,.T.);
#1274=ORIENTED_EDGE('',*,*,#2296,.T.);
#1275=ORIENTED_EDGE('',*,*,#2341,.T.);
#1276=ORIENTED_EDGE('',*,*,#2302,.T.);
#1277=ORIENTED_EDGE('',*,*,#2306,.T.);
#1278=ORIENTED_EDGE('',*,*,#2291,.F.);
#1279=ORIENTED_EDGE('',*,*,#2289,.F.);
#1280=ORIENTED_EDGE('',*,*,#2356,.F.);
#1281=ORIENTED_EDGE('',*,*,#2357,.F.);
#1282=ORIENTED_EDGE('',*,*,#2348,.F.);
#1283=ORIENTED_EDGE('',*,*,#2335,.F.);
#1284=ORIENTED_EDGE('',*,*,#2315,.T.);
#1285=ORIENTED_EDGE('',*,*,#2311,.T.);
#1286=ORIENTED_EDGE('',*,*,#2357,.T.);
#1287=ORIENTED_EDGE('',*,*,#2358,.F.);
#1288=ORIENTED_EDGE('',*,*,#2356,.T.);
#1289=ORIENTED_EDGE('',*,*,#2288,.T.);
#1290=ORIENTED_EDGE('',*,*,#2336,.F.);
#1291=ORIENTED_EDGE('',*,*,#2358,.T.);
#1292=ORIENTED_EDGE('',*,*,#2359,.T.);
#1293=ORIENTED_EDGE('',*,*,#2360,.T.);
#1294=ORIENTED_EDGE('',*,*,#2361,.T.);
#1295=ORIENTED_EDGE('',*,*,#2362,.T.);
#1296=ORIENTED_EDGE('',*,*,#2363,.T.);
#1297=ORIENTED_EDGE('',*,*,#2364,.T.);
#1298=ORIENTED_EDGE('',*,*,#2365,.T.);
#1299=ORIENTED_EDGE('',*,*,#2359,.F.);
#1300=ORIENTED_EDGE('',*,*,#2366,.F.);
#1301=ORIENTED_EDGE('',*,*,#2367,.T.);
#1302=ORIENTED_EDGE('',*,*,#2368,.T.);
#1303=ORIENTED_EDGE('',*,*,#2360,.F.);
#1304=ORIENTED_EDGE('',*,*,#2365,.F.);
#1305=ORIENTED_EDGE('',*,*,#2369,.T.);
#1306=ORIENTED_EDGE('',*,*,#2370,.T.);
#1307=ORIENTED_EDGE('',*,*,#2361,.F.);
#1308=ORIENTED_EDGE('',*,*,#2368,.F.);
#1309=ORIENTED_EDGE('',*,*,#2371,.T.);
#1310=ORIENTED_EDGE('',*,*,#2372,.T.);
#1311=ORIENTED_EDGE('',*,*,#2362,.F.);
#1312=ORIENTED_EDGE('',*,*,#2370,.F.);
#1313=ORIENTED_EDGE('',*,*,#2373,.T.);
#1314=ORIENTED_EDGE('',*,*,#2374,.T.);
#1315=ORIENTED_EDGE('',*,*,#2363,.F.);
#1316=ORIENTED_EDGE('',*,*,#2372,.F.);
#1317=ORIENTED_EDGE('',*,*,#2375,.T.);
#1318=ORIENTED_EDGE('',*,*,#2366,.T.);
#1319=ORIENTED_EDGE('',*,*,#2364,.F.);
#1320=ORIENTED_EDGE('',*,*,#2374,.F.);
#1321=ORIENTED_EDGE('',*,*,#2376,.T.);
#1322=ORIENTED_EDGE('',*,*,#2375,.F.);
#1323=ORIENTED_EDGE('',*,*,#2373,.F.);
#1324=ORIENTED_EDGE('',*,*,#2371,.F.);
#1325=ORIENTED_EDGE('',*,*,#2369,.F.);
#1326=ORIENTED_EDGE('',*,*,#2367,.F.);
#1327=ORIENTED_EDGE('',*,*,#2376,.F.);
#1328=ORIENTED_EDGE('',*,*,#2377,.T.);
#1329=ORIENTED_EDGE('',*,*,#2378,.F.);
#1330=ORIENTED_EDGE('',*,*,#2377,.F.);
#1331=ORIENTED_EDGE('',*,*,#2378,.T.);
#1332=ORIENTED_EDGE('',*,*,#2379,.F.);
#1333=ORIENTED_EDGE('',*,*,#2380,.F.);
#1334=ORIENTED_EDGE('',*,*,#2379,.T.);
#1335=ORIENTED_EDGE('',*,*,#2380,.T.);
#1336=ORIENTED_EDGE('',*,*,#2381,.F.);
#1337=ORIENTED_EDGE('',*,*,#2382,.T.);
#1338=ORIENTED_EDGE('',*,*,#2381,.T.);
#1339=ORIENTED_EDGE('',*,*,#2382,.F.);
#1340=ORIENTED_EDGE('',*,*,#2383,.T.);
#1341=ORIENTED_EDGE('',*,*,#2384,.T.);
#1342=ORIENTED_EDGE('',*,*,#2385,.T.);
#1343=ORIENTED_EDGE('',*,*,#2386,.T.);
#1344=ORIENTED_EDGE('',*,*,#2387,.T.);
#1345=ORIENTED_EDGE('',*,*,#2388,.T.);
#1346=ORIENTED_EDGE('',*,*,#2389,.T.);
#1347=ORIENTED_EDGE('',*,*,#2383,.F.);
#1348=ORIENTED_EDGE('',*,*,#2390,.F.);
#1349=ORIENTED_EDGE('',*,*,#2391,.T.);
#1350=ORIENTED_EDGE('',*,*,#2392,.T.);
#1351=ORIENTED_EDGE('',*,*,#2384,.F.);
#1352=ORIENTED_EDGE('',*,*,#2389,.F.);
#1353=ORIENTED_EDGE('',*,*,#2393,.T.);
#1354=ORIENTED_EDGE('',*,*,#2394,.T.);
#1355=ORIENTED_EDGE('',*,*,#2385,.F.);
#1356=ORIENTED_EDGE('',*,*,#2392,.F.);
#1357=ORIENTED_EDGE('',*,*,#2395,.T.);
#1358=ORIENTED_EDGE('',*,*,#2396,.T.);
#1359=ORIENTED_EDGE('',*,*,#2386,.F.);
#1360=ORIENTED_EDGE('',*,*,#2394,.F.);
#1361=ORIENTED_EDGE('',*,*,#2397,.T.);
#1362=ORIENTED_EDGE('',*,*,#2398,.T.);
#1363=ORIENTED_EDGE('',*,*,#2387,.F.);
#1364=ORIENTED_EDGE('',*,*,#2396,.F.);
#1365=ORIENTED_EDGE('',*,*,#2399,.T.);
#1366=ORIENTED_EDGE('',*,*,#2390,.T.);
#1367=ORIENTED_EDGE('',*,*,#2388,.F.);
#1368=ORIENTED_EDGE('',*,*,#2398,.F.);
#1369=ORIENTED_EDGE('',*,*,#2400,.T.);
#1370=ORIENTED_EDGE('',*,*,#2399,.F.);
#1371=ORIENTED_EDGE('',*,*,#2397,.F.);
#1372=ORIENTED_EDGE('',*,*,#2395,.F.);
#1373=ORIENTED_EDGE('',*,*,#2393,.F.);
#1374=ORIENTED_EDGE('',*,*,#2391,.F.);
#1375=ORIENTED_EDGE('',*,*,#2400,.F.);
#1376=ORIENTED_EDGE('',*,*,#2401,.T.);
#1377=ORIENTED_EDGE('',*,*,#2402,.F.);
#1378=ORIENTED_EDGE('',*,*,#2401,.F.);
#1379=ORIENTED_EDGE('',*,*,#2402,.T.);
#1380=ORIENTED_EDGE('',*,*,#2403,.F.);
#1381=ORIENTED_EDGE('',*,*,#2404,.F.);
#1382=ORIENTED_EDGE('',*,*,#2403,.T.);
#1383=ORIENTED_EDGE('',*,*,#2404,.T.);
#1384=ORIENTED_EDGE('',*,*,#2405,.F.);
#1385=ORIENTED_EDGE('',*,*,#2406,.T.);
#1386=ORIENTED_EDGE('',*,*,#2405,.T.);
#1387=ORIENTED_EDGE('',*,*,#2406,.F.);
#1388=ORIENTED_EDGE('',*,*,#2407,.T.);
#1389=ORIENTED_EDGE('',*,*,#2408,.T.);
#1390=ORIENTED_EDGE('',*,*,#2409,.T.);
#1391=ORIENTED_EDGE('',*,*,#2410,.T.);
#1392=ORIENTED_EDGE('',*,*,#2411,.T.);
#1393=ORIENTED_EDGE('',*,*,#2412,.T.);
#1394=ORIENTED_EDGE('',*,*,#2413,.T.);
#1395=ORIENTED_EDGE('',*,*,#2407,.F.);
#1396=ORIENTED_EDGE('',*,*,#2414,.F.);
#1397=ORIENTED_EDGE('',*,*,#2415,.T.);
#1398=ORIENTED_EDGE('',*,*,#2416,.T.);
#1399=ORIENTED_EDGE('',*,*,#2408,.F.);
#1400=ORIENTED_EDGE('',*,*,#2413,.F.);
#1401=ORIENTED_EDGE('',*,*,#2417,.T.);
#1402=ORIENTED_EDGE('',*,*,#2418,.T.);
#1403=ORIENTED_EDGE('',*,*,#2409,.F.);
#1404=ORIENTED_EDGE('',*,*,#2416,.F.);
#1405=ORIENTED_EDGE('',*,*,#2419,.T.);
#1406=ORIENTED_EDGE('',*,*,#2420,.T.);
#1407=ORIENTED_EDGE('',*,*,#2410,.F.);
#1408=ORIENTED_EDGE('',*,*,#2418,.F.);
#1409=ORIENTED_EDGE('',*,*,#2421,.T.);
#1410=ORIENTED_EDGE('',*,*,#2422,.T.);
#1411=ORIENTED_EDGE('',*,*,#2411,.F.);
#1412=ORIENTED_EDGE('',*,*,#2420,.F.);
#1413=ORIENTED_EDGE('',*,*,#2423,.T.);
#1414=ORIENTED_EDGE('',*,*,#2414,.T.);
#1415=ORIENTED_EDGE('',*,*,#2412,.F.);
#1416=ORIENTED_EDGE('',*,*,#2422,.F.);
#1417=ORIENTED_EDGE('',*,*,#2424,.T.);
#1418=ORIENTED_EDGE('',*,*,#2423,.F.);
#1419=ORIENTED_EDGE('',*,*,#2421,.F.);
#1420=ORIENTED_EDGE('',*,*,#2419,.F.);
#1421=ORIENTED_EDGE('',*,*,#2417,.F.);
#1422=ORIENTED_EDGE('',*,*,#2415,.F.);
#1423=ORIENTED_EDGE('',*,*,#2424,.F.);
#1424=ORIENTED_EDGE('',*,*,#2425,.T.);
#1425=ORIENTED_EDGE('',*,*,#2426,.F.);
#1426=ORIENTED_EDGE('',*,*,#2425,.F.);
#1427=ORIENTED_EDGE('',*,*,#2426,.T.);
#1428=ORIENTED_EDGE('',*,*,#2427,.F.);
#1429=ORIENTED_EDGE('',*,*,#2428,.F.);
#1430=ORIENTED_EDGE('',*,*,#2427,.T.);
#1431=ORIENTED_EDGE('',*,*,#2428,.T.);
#1432=ORIENTED_EDGE('',*,*,#2429,.F.);
#1433=ORIENTED_EDGE('',*,*,#2430,.T.);
#1434=ORIENTED_EDGE('',*,*,#2429,.T.);
#1435=ORIENTED_EDGE('',*,*,#2430,.F.);
#1436=ORIENTED_EDGE('',*,*,#2431,.T.);
#1437=ORIENTED_EDGE('',*,*,#2432,.T.);
#1438=ORIENTED_EDGE('',*,*,#2433,.T.);
#1439=ORIENTED_EDGE('',*,*,#2434,.T.);
#1440=ORIENTED_EDGE('',*,*,#2435,.T.);
#1441=ORIENTED_EDGE('',*,*,#2436,.T.);
#1442=ORIENTED_EDGE('',*,*,#2437,.T.);
#1443=ORIENTED_EDGE('',*,*,#2431,.F.);
#1444=ORIENTED_EDGE('',*,*,#2438,.F.);
#1445=ORIENTED_EDGE('',*,*,#2439,.T.);
#1446=ORIENTED_EDGE('',*,*,#2440,.T.);
#1447=ORIENTED_EDGE('',*,*,#2432,.F.);
#1448=ORIENTED_EDGE('',*,*,#2437,.F.);
#1449=ORIENTED_EDGE('',*,*,#2441,.T.);
#1450=ORIENTED_EDGE('',*,*,#2442,.T.);
#1451=ORIENTED_EDGE('',*,*,#2433,.F.);
#1452=ORIENTED_EDGE('',*,*,#2440,.F.);
#1453=ORIENTED_EDGE('',*,*,#2443,.T.);
#1454=ORIENTED_EDGE('',*,*,#2444,.T.);
#1455=ORIENTED_EDGE('',*,*,#2434,.F.);
#1456=ORIENTED_EDGE('',*,*,#2442,.F.);
#1457=ORIENTED_EDGE('',*,*,#2445,.T.);
#1458=ORIENTED_EDGE('',*,*,#2446,.T.);
#1459=ORIENTED_EDGE('',*,*,#2435,.F.);
#1460=ORIENTED_EDGE('',*,*,#2444,.F.);
#1461=ORIENTED_EDGE('',*,*,#2447,.T.);
#1462=ORIENTED_EDGE('',*,*,#2438,.T.);
#1463=ORIENTED_EDGE('',*,*,#2436,.F.);
#1464=ORIENTED_EDGE('',*,*,#2446,.F.);
#1465=ORIENTED_EDGE('',*,*,#2448,.T.);
#1466=ORIENTED_EDGE('',*,*,#2447,.F.);
#1467=ORIENTED_EDGE('',*,*,#2445,.F.);
#1468=ORIENTED_EDGE('',*,*,#2443,.F.);
#1469=ORIENTED_EDGE('',*,*,#2441,.F.);
#1470=ORIENTED_EDGE('',*,*,#2439,.F.);
#1471=ORIENTED_EDGE('',*,*,#2448,.F.);
#1472=ORIENTED_EDGE('',*,*,#2449,.T.);
#1473=ORIENTED_EDGE('',*,*,#2450,.F.);
#1474=ORIENTED_EDGE('',*,*,#2449,.F.);
#1475=ORIENTED_EDGE('',*,*,#2450,.T.);
#1476=ORIENTED_EDGE('',*,*,#2451,.F.);
#1477=ORIENTED_EDGE('',*,*,#2452,.F.);
#1478=ORIENTED_EDGE('',*,*,#2451,.T.);
#1479=ORIENTED_EDGE('',*,*,#2452,.T.);
#1480=ORIENTED_EDGE('',*,*,#2453,.F.);
#1481=ORIENTED_EDGE('',*,*,#2454,.T.);
#1482=ORIENTED_EDGE('',*,*,#2453,.T.);
#1483=ORIENTED_EDGE('',*,*,#2454,.F.);
#1484=ORIENTED_EDGE('',*,*,#2455,.T.);
#1485=ORIENTED_EDGE('',*,*,#2456,.T.);
#1486=ORIENTED_EDGE('',*,*,#2457,.T.);
#1487=ORIENTED_EDGE('',*,*,#2458,.T.);
#1488=ORIENTED_EDGE('',*,*,#2459,.T.);
#1489=ORIENTED_EDGE('',*,*,#2460,.T.);
#1490=ORIENTED_EDGE('',*,*,#2461,.T.);
#1491=ORIENTED_EDGE('',*,*,#2455,.F.);
#1492=ORIENTED_EDGE('',*,*,#2462,.F.);
#1493=ORIENTED_EDGE('',*,*,#2463,.T.);
#1494=ORIENTED_EDGE('',*,*,#2464,.T.);
#1495=ORIENTED_EDGE('',*,*,#2456,.F.);
#1496=ORIENTED_EDGE('',*,*,#2461,.F.);
#1497=ORIENTED_EDGE('',*,*,#2465,.T.);
#1498=ORIENTED_EDGE('',*,*,#2466,.T.);
#1499=ORIENTED_EDGE('',*,*,#2457,.F.);
#1500=ORIENTED_EDGE('',*,*,#2464,.F.);
#1501=ORIENTED_EDGE('',*,*,#2467,.T.);
#1502=ORIENTED_EDGE('',*,*,#2468,.T.);
#1503=ORIENTED_EDGE('',*,*,#2458,.F.);
#1504=ORIENTED_EDGE('',*,*,#2466,.F.);
#1505=ORIENTED_EDGE('',*,*,#2469,.T.);
#1506=ORIENTED_EDGE('',*,*,#2470,.T.);
#1507=ORIENTED_EDGE('',*,*,#2459,.F.);
#1508=ORIENTED_EDGE('',*,*,#2468,.F.);
#1509=ORIENTED_EDGE('',*,*,#2471,.T.);
#1510=ORIENTED_EDGE('',*,*,#2462,.T.);
#1511=ORIENTED_EDGE('',*,*,#2460,.F.);
#1512=ORIENTED_EDGE('',*,*,#2470,.F.);
#1513=ORIENTED_EDGE('',*,*,#2472,.T.);
#1514=ORIENTED_EDGE('',*,*,#2471,.F.);
#1515=ORIENTED_EDGE('',*,*,#2469,.F.);
#1516=ORIENTED_EDGE('',*,*,#2467,.F.);
#1517=ORIENTED_EDGE('',*,*,#2465,.F.);
#1518=ORIENTED_EDGE('',*,*,#2463,.F.);
#1519=ORIENTED_EDGE('',*,*,#2472,.F.);
#1520=ORIENTED_EDGE('',*,*,#2473,.T.);
#1521=ORIENTED_EDGE('',*,*,#2474,.F.);
#1522=ORIENTED_EDGE('',*,*,#2473,.F.);
#1523=ORIENTED_EDGE('',*,*,#2474,.T.);
#1524=ORIENTED_EDGE('',*,*,#2475,.F.);
#1525=ORIENTED_EDGE('',*,*,#2476,.F.);
#1526=ORIENTED_EDGE('',*,*,#2475,.T.);
#1527=ORIENTED_EDGE('',*,*,#2476,.T.);
#1528=ORIENTED_EDGE('',*,*,#2477,.F.);
#1529=ORIENTED_EDGE('',*,*,#2478,.T.);
#1530=ORIENTED_EDGE('',*,*,#2477,.T.);
#1531=ORIENTED_EDGE('',*,*,#2478,.F.);
#1532=ORIENTED_EDGE('',*,*,#2479,.T.);
#1533=ORIENTED_EDGE('',*,*,#2480,.T.);
#1534=ORIENTED_EDGE('',*,*,#2481,.T.);
#1535=ORIENTED_EDGE('',*,*,#2482,.T.);
#1536=ORIENTED_EDGE('',*,*,#2483,.T.);
#1537=ORIENTED_EDGE('',*,*,#2484,.T.);
#1538=ORIENTED_EDGE('',*,*,#2485,.T.);
#1539=ORIENTED_EDGE('',*,*,#2479,.F.);
#1540=ORIENTED_EDGE('',*,*,#2486,.F.);
#1541=ORIENTED_EDGE('',*,*,#2487,.T.);
#1542=ORIENTED_EDGE('',*,*,#2488,.T.);
#1543=ORIENTED_EDGE('',*,*,#2480,.F.);
#1544=ORIENTED_EDGE('',*,*,#2485,.F.);
#1545=ORIENTED_EDGE('',*,*,#2489,.T.);
#1546=ORIENTED_EDGE('',*,*,#2490,.T.);
#1547=ORIENTED_EDGE('',*,*,#2481,.F.);
#1548=ORIENTED_EDGE('',*,*,#2488,.F.);
#1549=ORIENTED_EDGE('',*,*,#2491,.T.);
#1550=ORIENTED_EDGE('',*,*,#2492,.T.);
#1551=ORIENTED_EDGE('',*,*,#2482,.F.);
#1552=ORIENTED_EDGE('',*,*,#2490,.F.);
#1553=ORIENTED_EDGE('',*,*,#2493,.T.);
#1554=ORIENTED_EDGE('',*,*,#2494,.T.);
#1555=ORIENTED_EDGE('',*,*,#2483,.F.);
#1556=ORIENTED_EDGE('',*,*,#2492,.F.);
#1557=ORIENTED_EDGE('',*,*,#2495,.T.);
#1558=ORIENTED_EDGE('',*,*,#2486,.T.);
#1559=ORIENTED_EDGE('',*,*,#2484,.F.);
#1560=ORIENTED_EDGE('',*,*,#2494,.F.);
#1561=ORIENTED_EDGE('',*,*,#2496,.T.);
#1562=ORIENTED_EDGE('',*,*,#2495,.F.);
#1563=ORIENTED_EDGE('',*,*,#2493,.F.);
#1564=ORIENTED_EDGE('',*,*,#2491,.F.);
#1565=ORIENTED_EDGE('',*,*,#2489,.F.);
#1566=ORIENTED_EDGE('',*,*,#2487,.F.);
#1567=ORIENTED_EDGE('',*,*,#2496,.F.);
#1568=ORIENTED_EDGE('',*,*,#2497,.T.);
#1569=ORIENTED_EDGE('',*,*,#2498,.F.);
#1570=ORIENTED_EDGE('',*,*,#2497,.F.);
#1571=ORIENTED_EDGE('',*,*,#2498,.T.);
#1572=ORIENTED_EDGE('',*,*,#2499,.F.);
#1573=ORIENTED_EDGE('',*,*,#2500,.F.);
#1574=ORIENTED_EDGE('',*,*,#2499,.T.);
#1575=ORIENTED_EDGE('',*,*,#2500,.T.);
#1576=ORIENTED_EDGE('',*,*,#2501,.F.);
#1577=ORIENTED_EDGE('',*,*,#2502,.T.);
#1578=ORIENTED_EDGE('',*,*,#2501,.T.);
#1579=ORIENTED_EDGE('',*,*,#2502,.F.);
#1580=ORIENTED_EDGE('',*,*,#2503,.T.);
#1581=ORIENTED_EDGE('',*,*,#2504,.T.);
#1582=ORIENTED_EDGE('',*,*,#2505,.T.);
#1583=ORIENTED_EDGE('',*,*,#2506,.T.);
#1584=ORIENTED_EDGE('',*,*,#2507,.T.);
#1585=ORIENTED_EDGE('',*,*,#2508,.T.);
#1586=ORIENTED_EDGE('',*,*,#2509,.T.);
#1587=ORIENTED_EDGE('',*,*,#2503,.F.);
#1588=ORIENTED_EDGE('',*,*,#2510,.F.);
#1589=ORIENTED_EDGE('',*,*,#2511,.T.);
#1590=ORIENTED_EDGE('',*,*,#2512,.T.);
#1591=ORIENTED_EDGE('',*,*,#2504,.F.);
#1592=ORIENTED_EDGE('',*,*,#2509,.F.);
#1593=ORIENTED_EDGE('',*,*,#2513,.T.);
#1594=ORIENTED_EDGE('',*,*,#2514,.T.);
#1595=ORIENTED_EDGE('',*,*,#2505,.F.);
#1596=ORIENTED_EDGE('',*,*,#2512,.F.);
#1597=ORIENTED_EDGE('',*,*,#2515,.T.);
#1598=ORIENTED_EDGE('',*,*,#2516,.T.);
#1599=ORIENTED_EDGE('',*,*,#2506,.F.);
#1600=ORIENTED_EDGE('',*,*,#2514,.F.);
#1601=ORIENTED_EDGE('',*,*,#2517,.T.);
#1602=ORIENTED_EDGE('',*,*,#2518,.T.);
#1603=ORIENTED_EDGE('',*,*,#2507,.F.);
#1604=ORIENTED_EDGE('',*,*,#2516,.F.);
#1605=ORIENTED_EDGE('',*,*,#2519,.T.);
#1606=ORIENTED_EDGE('',*,*,#2510,.T.);
#1607=ORIENTED_EDGE('',*,*,#2508,.F.);
#1608=ORIENTED_EDGE('',*,*,#2518,.F.);
#1609=ORIENTED_EDGE('',*,*,#2520,.T.);
#1610=ORIENTED_EDGE('',*,*,#2519,.F.);
#1611=ORIENTED_EDGE('',*,*,#2517,.F.);
#1612=ORIENTED_EDGE('',*,*,#2515,.F.);
#1613=ORIENTED_EDGE('',*,*,#2513,.F.);
#1614=ORIENTED_EDGE('',*,*,#2511,.F.);
#1615=ORIENTED_EDGE('',*,*,#2520,.F.);
#1616=ORIENTED_EDGE('',*,*,#2521,.T.);
#1617=ORIENTED_EDGE('',*,*,#2522,.F.);
#1618=ORIENTED_EDGE('',*,*,#2521,.F.);
#1619=ORIENTED_EDGE('',*,*,#2522,.T.);
#1620=ORIENTED_EDGE('',*,*,#2523,.F.);
#1621=ORIENTED_EDGE('',*,*,#2524,.F.);
#1622=ORIENTED_EDGE('',*,*,#2523,.T.);
#1623=ORIENTED_EDGE('',*,*,#2524,.T.);
#1624=ORIENTED_EDGE('',*,*,#2525,.F.);
#1625=ORIENTED_EDGE('',*,*,#2526,.T.);
#1626=ORIENTED_EDGE('',*,*,#2525,.T.);
#1627=ORIENTED_EDGE('',*,*,#2526,.F.);
#1628=ORIENTED_EDGE('',*,*,#2527,.T.);
#1629=ORIENTED_EDGE('',*,*,#2528,.T.);
#1630=ORIENTED_EDGE('',*,*,#2529,.T.);
#1631=ORIENTED_EDGE('',*,*,#2530,.T.);
#1632=ORIENTED_EDGE('',*,*,#2531,.T.);
#1633=ORIENTED_EDGE('',*,*,#2532,.T.);
#1634=ORIENTED_EDGE('',*,*,#2533,.T.);
#1635=ORIENTED_EDGE('',*,*,#2527,.F.);
#1636=ORIENTED_EDGE('',*,*,#2534,.F.);
#1637=ORIENTED_EDGE('',*,*,#2535,.T.);
#1638=ORIENTED_EDGE('',*,*,#2536,.T.);
#1639=ORIENTED_EDGE('',*,*,#2528,.F.);
#1640=ORIENTED_EDGE('',*,*,#2533,.F.);
#1641=ORIENTED_EDGE('',*,*,#2537,.T.);
#1642=ORIENTED_EDGE('',*,*,#2538,.T.);
#1643=ORIENTED_EDGE('',*,*,#2529,.F.);
#1644=ORIENTED_EDGE('',*,*,#2536,.F.);
#1645=ORIENTED_EDGE('',*,*,#2539,.T.);
#1646=ORIENTED_EDGE('',*,*,#2540,.T.);
#1647=ORIENTED_EDGE('',*,*,#2530,.F.);
#1648=ORIENTED_EDGE('',*,*,#2538,.F.);
#1649=ORIENTED_EDGE('',*,*,#2541,.T.);
#1650=ORIENTED_EDGE('',*,*,#2542,.T.);
#1651=ORIENTED_EDGE('',*,*,#2531,.F.);
#1652=ORIENTED_EDGE('',*,*,#2540,.F.);
#1653=ORIENTED_EDGE('',*,*,#2543,.T.);
#1654=ORIENTED_EDGE('',*,*,#2534,.T.);
#1655=ORIENTED_EDGE('',*,*,#2532,.F.);
#1656=ORIENTED_EDGE('',*,*,#2542,.F.);
#1657=ORIENTED_EDGE('',*,*,#2544,.T.);
#1658=ORIENTED_EDGE('',*,*,#2543,.F.);
#1659=ORIENTED_EDGE('',*,*,#2541,.F.);
#1660=ORIENTED_EDGE('',*,*,#2539,.F.);
#1661=ORIENTED_EDGE('',*,*,#2537,.F.);
#1662=ORIENTED_EDGE('',*,*,#2535,.F.);
#1663=ORIENTED_EDGE('',*,*,#2544,.F.);
#1664=ORIENTED_EDGE('',*,*,#2545,.T.);
#1665=ORIENTED_EDGE('',*,*,#2546,.F.);
#1666=ORIENTED_EDGE('',*,*,#2545,.F.);
#1667=ORIENTED_EDGE('',*,*,#2546,.T.);
#1668=ORIENTED_EDGE('',*,*,#2547,.F.);
#1669=ORIENTED_EDGE('',*,*,#2548,.F.);
#1670=ORIENTED_EDGE('',*,*,#2547,.T.);
#1671=ORIENTED_EDGE('',*,*,#2548,.T.);
#1672=ORIENTED_EDGE('',*,*,#2549,.F.);
#1673=ORIENTED_EDGE('',*,*,#2550,.T.);
#1674=ORIENTED_EDGE('',*,*,#2549,.T.);
#1675=ORIENTED_EDGE('',*,*,#2550,.F.);
#1676=ORIENTED_EDGE('',*,*,#2551,.T.);
#1677=ORIENTED_EDGE('',*,*,#2552,.T.);
#1678=ORIENTED_EDGE('',*,*,#2553,.F.);
#1679=ORIENTED_EDGE('',*,*,#2551,.F.);
#1680=ORIENTED_EDGE('',*,*,#2554,.F.);
#1681=ORIENTED_EDGE('',*,*,#2553,.T.);
#1682=ORIENTED_EDGE('',*,*,#2555,.F.);
#1683=ORIENTED_EDGE('',*,*,#2556,.T.);
#1684=ORIENTED_EDGE('',*,*,#2557,.F.);
#1685=ORIENTED_EDGE('',*,*,#2558,.T.);
#1686=ORIENTED_EDGE('',*,*,#2554,.T.);
#1687=ORIENTED_EDGE('',*,*,#2559,.F.);
#1688=ORIENTED_EDGE('',*,*,#2558,.F.);
#1689=ORIENTED_EDGE('',*,*,#2560,.F.);
#1690=ORIENTED_EDGE('',*,*,#2561,.F.);
#1691=ORIENTED_EDGE('',*,*,#2552,.F.);
#1692=ORIENTED_EDGE('',*,*,#2562,.F.);
#1693=ORIENTED_EDGE('',*,*,#2562,.T.);
#1694=ORIENTED_EDGE('',*,*,#2563,.F.);
#1695=ORIENTED_EDGE('',*,*,#2564,.T.);
#1696=ORIENTED_EDGE('',*,*,#2565,.F.);
#1697=ORIENTED_EDGE('',*,*,#2561,.T.);
#1698=ORIENTED_EDGE('',*,*,#2566,.F.);
#1699=ORIENTED_EDGE('',*,*,#2563,.T.);
#1700=ORIENTED_EDGE('',*,*,#2564,.F.);
#1701=ORIENTED_EDGE('',*,*,#2567,.F.);
#1702=ORIENTED_EDGE('',*,*,#2568,.T.);
#1703=ORIENTED_EDGE('',*,*,#2569,.F.);
#1704=ORIENTED_EDGE('',*,*,#2570,.F.);
#1705=ORIENTED_EDGE('',*,*,#2555,.T.);
#1706=ORIENTED_EDGE('',*,*,#2559,.T.);
#1707=ORIENTED_EDGE('',*,*,#2565,.T.);
#1708=ORIENTED_EDGE('',*,*,#2569,.T.);
#1709=ORIENTED_EDGE('',*,*,#2571,.F.);
#1710=ORIENTED_EDGE('',*,*,#2572,.T.);
#1711=ORIENTED_EDGE('',*,*,#2556,.F.);
#1712=ORIENTED_EDGE('',*,*,#2570,.T.);
#1713=ORIENTED_EDGE('',*,*,#2573,.T.);
#1714=ORIENTED_EDGE('',*,*,#2567,.T.);
#1715=ORIENTED_EDGE('',*,*,#2566,.T.);
#1716=ORIENTED_EDGE('',*,*,#2560,.T.);
#1717=ORIENTED_EDGE('',*,*,#2557,.T.);
#1718=ORIENTED_EDGE('',*,*,#2572,.F.);
#1719=ORIENTED_EDGE('',*,*,#2574,.T.);
#1720=ORIENTED_EDGE('',*,*,#2573,.F.);
#1721=ORIENTED_EDGE('',*,*,#2571,.T.);
#1722=ORIENTED_EDGE('',*,*,#2568,.F.);
#1723=ORIENTED_EDGE('',*,*,#2574,.F.);
#1724=ORIENTED_EDGE('',*,*,#2575,.T.);
#1725=ORIENTED_EDGE('',*,*,#2576,.T.);
#1726=ORIENTED_EDGE('',*,*,#2577,.F.);
#1727=ORIENTED_EDGE('',*,*,#2575,.F.);
#1728=ORIENTED_EDGE('',*,*,#2578,.F.);
#1729=ORIENTED_EDGE('',*,*,#2577,.T.);
#1730=ORIENTED_EDGE('',*,*,#2579,.F.);
#1731=ORIENTED_EDGE('',*,*,#2580,.T.);
#1732=ORIENTED_EDGE('',*,*,#2581,.F.);
#1733=ORIENTED_EDGE('',*,*,#2582,.T.);
#1734=ORIENTED_EDGE('',*,*,#2578,.T.);
#1735=ORIENTED_EDGE('',*,*,#2583,.F.);
#1736=ORIENTED_EDGE('',*,*,#2582,.F.);
#1737=ORIENTED_EDGE('',*,*,#2584,.F.);
#1738=ORIENTED_EDGE('',*,*,#2585,.F.);
#1739=ORIENTED_EDGE('',*,*,#2576,.F.);
#1740=ORIENTED_EDGE('',*,*,#2586,.F.);
#1741=ORIENTED_EDGE('',*,*,#2586,.T.);
#1742=ORIENTED_EDGE('',*,*,#2587,.F.);
#1743=ORIENTED_EDGE('',*,*,#2588,.T.);
#1744=ORIENTED_EDGE('',*,*,#2589,.F.);
#1745=ORIENTED_EDGE('',*,*,#2585,.T.);
#1746=ORIENTED_EDGE('',*,*,#2590,.F.);
#1747=ORIENTED_EDGE('',*,*,#2587,.T.);
#1748=ORIENTED_EDGE('',*,*,#2588,.F.);
#1749=ORIENTED_EDGE('',*,*,#2591,.F.);
#1750=ORIENTED_EDGE('',*,*,#2592,.T.);
#1751=ORIENTED_EDGE('',*,*,#2593,.F.);
#1752=ORIENTED_EDGE('',*,*,#2594,.F.);
#1753=ORIENTED_EDGE('',*,*,#2579,.T.);
#1754=ORIENTED_EDGE('',*,*,#2583,.T.);
#1755=ORIENTED_EDGE('',*,*,#2589,.T.);
#1756=ORIENTED_EDGE('',*,*,#2593,.T.);
#1757=ORIENTED_EDGE('',*,*,#2595,.F.);
#1758=ORIENTED_EDGE('',*,*,#2596,.T.);
#1759=ORIENTED_EDGE('',*,*,#2580,.F.);
#1760=ORIENTED_EDGE('',*,*,#2594,.T.);
#1761=ORIENTED_EDGE('',*,*,#2597,.T.);
#1762=ORIENTED_EDGE('',*,*,#2591,.T.);
#1763=ORIENTED_EDGE('',*,*,#2590,.T.);
#1764=ORIENTED_EDGE('',*,*,#2584,.T.);
#1765=ORIENTED_EDGE('',*,*,#2581,.T.);
#1766=ORIENTED_EDGE('',*,*,#2596,.F.);
#1767=ORIENTED_EDGE('',*,*,#2598,.T.);
#1768=ORIENTED_EDGE('',*,*,#2597,.F.);
#1769=ORIENTED_EDGE('',*,*,#2595,.T.);
#1770=ORIENTED_EDGE('',*,*,#2592,.F.);
#1771=ORIENTED_EDGE('',*,*,#2598,.F.);
#1772=ORIENTED_EDGE('',*,*,#2599,.T.);
#1773=ORIENTED_EDGE('',*,*,#2600,.T.);
#1774=ORIENTED_EDGE('',*,*,#2601,.F.);
#1775=ORIENTED_EDGE('',*,*,#2599,.F.);
#1776=ORIENTED_EDGE('',*,*,#2602,.F.);
#1777=ORIENTED_EDGE('',*,*,#2601,.T.);
#1778=ORIENTED_EDGE('',*,*,#2603,.F.);
#1779=ORIENTED_EDGE('',*,*,#2604,.T.);
#1780=ORIENTED_EDGE('',*,*,#2605,.F.);
#1781=ORIENTED_EDGE('',*,*,#2606,.T.);
#1782=ORIENTED_EDGE('',*,*,#2602,.T.);
#1783=ORIENTED_EDGE('',*,*,#2607,.F.);
#1784=ORIENTED_EDGE('',*,*,#2606,.F.);
#1785=ORIENTED_EDGE('',*,*,#2608,.F.);
#1786=ORIENTED_EDGE('',*,*,#2609,.F.);
#1787=ORIENTED_EDGE('',*,*,#2600,.F.);
#1788=ORIENTED_EDGE('',*,*,#2610,.F.);
#1789=ORIENTED_EDGE('',*,*,#2610,.T.);
#1790=ORIENTED_EDGE('',*,*,#2611,.F.);
#1791=ORIENTED_EDGE('',*,*,#2612,.T.);
#1792=ORIENTED_EDGE('',*,*,#2613,.F.);
#1793=ORIENTED_EDGE('',*,*,#2609,.T.);
#1794=ORIENTED_EDGE('',*,*,#2614,.F.);
#1795=ORIENTED_EDGE('',*,*,#2611,.T.);
#1796=ORIENTED_EDGE('',*,*,#2612,.F.);
#1797=ORIENTED_EDGE('',*,*,#2615,.F.);
#1798=ORIENTED_EDGE('',*,*,#2616,.T.);
#1799=ORIENTED_EDGE('',*,*,#2617,.F.);
#1800=ORIENTED_EDGE('',*,*,#2618,.F.);
#1801=ORIENTED_EDGE('',*,*,#2603,.T.);
#1802=ORIENTED_EDGE('',*,*,#2607,.T.);
#1803=ORIENTED_EDGE('',*,*,#2613,.T.);
#1804=ORIENTED_EDGE('',*,*,#2617,.T.);
#1805=ORIENTED_EDGE('',*,*,#2619,.F.);
#1806=ORIENTED_EDGE('',*,*,#2620,.T.);
#1807=ORIENTED_EDGE('',*,*,#2604,.F.);
#1808=ORIENTED_EDGE('',*,*,#2618,.T.);
#1809=ORIENTED_EDGE('',*,*,#2621,.T.);
#1810=ORIENTED_EDGE('',*,*,#2615,.T.);
#1811=ORIENTED_EDGE('',*,*,#2614,.T.);
#1812=ORIENTED_EDGE('',*,*,#2608,.T.);
#1813=ORIENTED_EDGE('',*,*,#2605,.T.);
#1814=ORIENTED_EDGE('',*,*,#2620,.F.);
#1815=ORIENTED_EDGE('',*,*,#2622,.T.);
#1816=ORIENTED_EDGE('',*,*,#2621,.F.);
#1817=ORIENTED_EDGE('',*,*,#2619,.T.);
#1818=ORIENTED_EDGE('',*,*,#2616,.F.);
#1819=ORIENTED_EDGE('',*,*,#2622,.F.);
#1820=ORIENTED_EDGE('',*,*,#2623,.T.);
#1821=ORIENTED_EDGE('',*,*,#2624,.T.);
#1822=ORIENTED_EDGE('',*,*,#2625,.F.);
#1823=ORIENTED_EDGE('',*,*,#2623,.F.);
#1824=ORIENTED_EDGE('',*,*,#2626,.F.);
#1825=ORIENTED_EDGE('',*,*,#2625,.T.);
#1826=ORIENTED_EDGE('',*,*,#2627,.F.);
#1827=ORIENTED_EDGE('',*,*,#2628,.T.);
#1828=ORIENTED_EDGE('',*,*,#2629,.F.);
#1829=ORIENTED_EDGE('',*,*,#2630,.T.);
#1830=ORIENTED_EDGE('',*,*,#2626,.T.);
#1831=ORIENTED_EDGE('',*,*,#2631,.F.);
#1832=ORIENTED_EDGE('',*,*,#2630,.F.);
#1833=ORIENTED_EDGE('',*,*,#2632,.F.);
#1834=ORIENTED_EDGE('',*,*,#2633,.F.);
#1835=ORIENTED_EDGE('',*,*,#2624,.F.);
#1836=ORIENTED_EDGE('',*,*,#2634,.F.);
#1837=ORIENTED_EDGE('',*,*,#2634,.T.);
#1838=ORIENTED_EDGE('',*,*,#2635,.F.);
#1839=ORIENTED_EDGE('',*,*,#2636,.T.);
#1840=ORIENTED_EDGE('',*,*,#2637,.F.);
#1841=ORIENTED_EDGE('',*,*,#2633,.T.);
#1842=ORIENTED_EDGE('',*,*,#2638,.F.);
#1843=ORIENTED_EDGE('',*,*,#2635,.T.);
#1844=ORIENTED_EDGE('',*,*,#2636,.F.);
#1845=ORIENTED_EDGE('',*,*,#2639,.F.);
#1846=ORIENTED_EDGE('',*,*,#2640,.T.);
#1847=ORIENTED_EDGE('',*,*,#2641,.F.);
#1848=ORIENTED_EDGE('',*,*,#2642,.F.);
#1849=ORIENTED_EDGE('',*,*,#2627,.T.);
#1850=ORIENTED_EDGE('',*,*,#2631,.T.);
#1851=ORIENTED_EDGE('',*,*,#2637,.T.);
#1852=ORIENTED_EDGE('',*,*,#2641,.T.);
#1853=ORIENTED_EDGE('',*,*,#2643,.F.);
#1854=ORIENTED_EDGE('',*,*,#2644,.T.);
#1855=ORIENTED_EDGE('',*,*,#2628,.F.);
#1856=ORIENTED_EDGE('',*,*,#2642,.T.);
#1857=ORIENTED_EDGE('',*,*,#2645,.T.);
#1858=ORIENTED_EDGE('',*,*,#2639,.T.);
#1859=ORIENTED_EDGE('',*,*,#2638,.T.);
#1860=ORIENTED_EDGE('',*,*,#2632,.T.);
#1861=ORIENTED_EDGE('',*,*,#2629,.T.);
#1862=ORIENTED_EDGE('',*,*,#2644,.F.);
#1863=ORIENTED_EDGE('',*,*,#2646,.T.);
#1864=ORIENTED_EDGE('',*,*,#2645,.F.);
#1865=ORIENTED_EDGE('',*,*,#2643,.T.);
#1866=ORIENTED_EDGE('',*,*,#2640,.F.);
#1867=ORIENTED_EDGE('',*,*,#2646,.F.);
#1868=ORIENTED_EDGE('',*,*,#2647,.T.);
#1869=ORIENTED_EDGE('',*,*,#2648,.T.);
#1870=ORIENTED_EDGE('',*,*,#2649,.F.);
#1871=ORIENTED_EDGE('',*,*,#2647,.F.);
#1872=ORIENTED_EDGE('',*,*,#2650,.F.);
#1873=ORIENTED_EDGE('',*,*,#2649,.T.);
#1874=ORIENTED_EDGE('',*,*,#2651,.F.);
#1875=ORIENTED_EDGE('',*,*,#2652,.T.);
#1876=ORIENTED_EDGE('',*,*,#2653,.F.);
#1877=ORIENTED_EDGE('',*,*,#2654,.T.);
#1878=ORIENTED_EDGE('',*,*,#2650,.T.);
#1879=ORIENTED_EDGE('',*,*,#2655,.F.);
#1880=ORIENTED_EDGE('',*,*,#2654,.F.);
#1881=ORIENTED_EDGE('',*,*,#2656,.F.);
#1882=ORIENTED_EDGE('',*,*,#2657,.F.);
#1883=ORIENTED_EDGE('',*,*,#2648,.F.);
#1884=ORIENTED_EDGE('',*,*,#2658,.F.);
#1885=ORIENTED_EDGE('',*,*,#2658,.T.);
#1886=ORIENTED_EDGE('',*,*,#2659,.F.);
#1887=ORIENTED_EDGE('',*,*,#2660,.T.);
#1888=ORIENTED_EDGE('',*,*,#2661,.F.);
#1889=ORIENTED_EDGE('',*,*,#2657,.T.);
#1890=ORIENTED_EDGE('',*,*,#2662,.F.);
#1891=ORIENTED_EDGE('',*,*,#2659,.T.);
#1892=ORIENTED_EDGE('',*,*,#2660,.F.);
#1893=ORIENTED_EDGE('',*,*,#2663,.F.);
#1894=ORIENTED_EDGE('',*,*,#2664,.T.);
#1895=ORIENTED_EDGE('',*,*,#2665,.F.);
#1896=ORIENTED_EDGE('',*,*,#2666,.F.);
#1897=ORIENTED_EDGE('',*,*,#2651,.T.);
#1898=ORIENTED_EDGE('',*,*,#2655,.T.);
#1899=ORIENTED_EDGE('',*,*,#2661,.T.);
#1900=ORIENTED_EDGE('',*,*,#2665,.T.);
#1901=ORIENTED_EDGE('',*,*,#2667,.F.);
#1902=ORIENTED_EDGE('',*,*,#2668,.T.);
#1903=ORIENTED_EDGE('',*,*,#2652,.F.);
#1904=ORIENTED_EDGE('',*,*,#2666,.T.);
#1905=ORIENTED_EDGE('',*,*,#2669,.T.);
#1906=ORIENTED_EDGE('',*,*,#2663,.T.);
#1907=ORIENTED_EDGE('',*,*,#2662,.T.);
#1908=ORIENTED_EDGE('',*,*,#2656,.T.);
#1909=ORIENTED_EDGE('',*,*,#2653,.T.);
#1910=ORIENTED_EDGE('',*,*,#2668,.F.);
#1911=ORIENTED_EDGE('',*,*,#2670,.T.);
#1912=ORIENTED_EDGE('',*,*,#2669,.F.);
#1913=ORIENTED_EDGE('',*,*,#2667,.T.);
#1914=ORIENTED_EDGE('',*,*,#2664,.F.);
#1915=ORIENTED_EDGE('',*,*,#2670,.F.);
#1916=ORIENTED_EDGE('',*,*,#2671,.T.);
#1917=ORIENTED_EDGE('',*,*,#2672,.T.);
#1918=ORIENTED_EDGE('',*,*,#2673,.F.);
#1919=ORIENTED_EDGE('',*,*,#2671,.F.);
#1920=ORIENTED_EDGE('',*,*,#2674,.F.);
#1921=ORIENTED_EDGE('',*,*,#2673,.T.);
#1922=ORIENTED_EDGE('',*,*,#2675,.F.);
#1923=ORIENTED_EDGE('',*,*,#2676,.T.);
#1924=ORIENTED_EDGE('',*,*,#2677,.F.);
#1925=ORIENTED_EDGE('',*,*,#2678,.T.);
#1926=ORIENTED_EDGE('',*,*,#2674,.T.);
#1927=ORIENTED_EDGE('',*,*,#2679,.F.);
#1928=ORIENTED_EDGE('',*,*,#2678,.F.);
#1929=ORIENTED_EDGE('',*,*,#2680,.F.);
#1930=ORIENTED_EDGE('',*,*,#2681,.F.);
#1931=ORIENTED_EDGE('',*,*,#2672,.F.);
#1932=ORIENTED_EDGE('',*,*,#2682,.F.);
#1933=ORIENTED_EDGE('',*,*,#2682,.T.);
#1934=ORIENTED_EDGE('',*,*,#2683,.F.);
#1935=ORIENTED_EDGE('',*,*,#2684,.T.);
#1936=ORIENTED_EDGE('',*,*,#2685,.F.);
#1937=ORIENTED_EDGE('',*,*,#2681,.T.);
#1938=ORIENTED_EDGE('',*,*,#2686,.F.);
#1939=ORIENTED_EDGE('',*,*,#2683,.T.);
#1940=ORIENTED_EDGE('',*,*,#2684,.F.);
#1941=ORIENTED_EDGE('',*,*,#2687,.F.);
#1942=ORIENTED_EDGE('',*,*,#2688,.T.);
#1943=ORIENTED_EDGE('',*,*,#2689,.F.);
#1944=ORIENTED_EDGE('',*,*,#2690,.F.);
#1945=ORIENTED_EDGE('',*,*,#2675,.T.);
#1946=ORIENTED_EDGE('',*,*,#2679,.T.);
#1947=ORIENTED_EDGE('',*,*,#2685,.T.);
#1948=ORIENTED_EDGE('',*,*,#2689,.T.);
#1949=ORIENTED_EDGE('',*,*,#2691,.F.);
#1950=ORIENTED_EDGE('',*,*,#2692,.T.);
#1951=ORIENTED_EDGE('',*,*,#2676,.F.);
#1952=ORIENTED_EDGE('',*,*,#2690,.T.);
#1953=ORIENTED_EDGE('',*,*,#2693,.T.);
#1954=ORIENTED_EDGE('',*,*,#2687,.T.);
#1955=ORIENTED_EDGE('',*,*,#2686,.T.);
#1956=ORIENTED_EDGE('',*,*,#2680,.T.);
#1957=ORIENTED_EDGE('',*,*,#2677,.T.);
#1958=ORIENTED_EDGE('',*,*,#2692,.F.);
#1959=ORIENTED_EDGE('',*,*,#2694,.T.);
#1960=ORIENTED_EDGE('',*,*,#2693,.F.);
#1961=ORIENTED_EDGE('',*,*,#2691,.T.);
#1962=ORIENTED_EDGE('',*,*,#2688,.F.);
#1963=ORIENTED_EDGE('',*,*,#2694,.F.);
#1964=ORIENTED_EDGE('',*,*,#2695,.T.);
#1965=ORIENTED_EDGE('',*,*,#2696,.T.);
#1966=ORIENTED_EDGE('',*,*,#2697,.F.);
#1967=ORIENTED_EDGE('',*,*,#2695,.F.);
#1968=ORIENTED_EDGE('',*,*,#2698,.F.);
#1969=ORIENTED_EDGE('',*,*,#2697,.T.);
#1970=ORIENTED_EDGE('',*,*,#2699,.F.);
#1971=ORIENTED_EDGE('',*,*,#2700,.T.);
#1972=ORIENTED_EDGE('',*,*,#2701,.F.);
#1973=ORIENTED_EDGE('',*,*,#2702,.T.);
#1974=ORIENTED_EDGE('',*,*,#2698,.T.);
#1975=ORIENTED_EDGE('',*,*,#2703,.F.);
#1976=ORIENTED_EDGE('',*,*,#2702,.F.);
#1977=ORIENTED_EDGE('',*,*,#2704,.F.);
#1978=ORIENTED_EDGE('',*,*,#2705,.F.);
#1979=ORIENTED_EDGE('',*,*,#2696,.F.);
#1980=ORIENTED_EDGE('',*,*,#2706,.F.);
#1981=ORIENTED_EDGE('',*,*,#2706,.T.);
#1982=ORIENTED_EDGE('',*,*,#2707,.F.);
#1983=ORIENTED_EDGE('',*,*,#2708,.T.);
#1984=ORIENTED_EDGE('',*,*,#2709,.F.);
#1985=ORIENTED_EDGE('',*,*,#2705,.T.);
#1986=ORIENTED_EDGE('',*,*,#2710,.F.);
#1987=ORIENTED_EDGE('',*,*,#2707,.T.);
#1988=ORIENTED_EDGE('',*,*,#2708,.F.);
#1989=ORIENTED_EDGE('',*,*,#2711,.F.);
#1990=ORIENTED_EDGE('',*,*,#2712,.T.);
#1991=ORIENTED_EDGE('',*,*,#2713,.F.);
#1992=ORIENTED_EDGE('',*,*,#2714,.F.);
#1993=ORIENTED_EDGE('',*,*,#2699,.T.);
#1994=ORIENTED_EDGE('',*,*,#2703,.T.);
#1995=ORIENTED_EDGE('',*,*,#2709,.T.);
#1996=ORIENTED_EDGE('',*,*,#2713,.T.);
#1997=ORIENTED_EDGE('',*,*,#2715,.F.);
#1998=ORIENTED_EDGE('',*,*,#2716,.T.);
#1999=ORIENTED_EDGE('',*,*,#2700,.F.);
#2000=ORIENTED_EDGE('',*,*,#2714,.T.);
#2001=ORIENTED_EDGE('',*,*,#2717,.T.);
#2002=ORIENTED_EDGE('',*,*,#2711,.T.);
#2003=ORIENTED_EDGE('',*,*,#2710,.T.);
#2004=ORIENTED_EDGE('',*,*,#2704,.T.);
#2005=ORIENTED_EDGE('',*,*,#2701,.T.);
#2006=ORIENTED_EDGE('',*,*,#2716,.F.);
#2007=ORIENTED_EDGE('',*,*,#2718,.T.);
#2008=ORIENTED_EDGE('',*,*,#2717,.F.);
#2009=ORIENTED_EDGE('',*,*,#2715,.T.);
#2010=ORIENTED_EDGE('',*,*,#2712,.F.);
#2011=ORIENTED_EDGE('',*,*,#2718,.F.);
#2012=ORIENTED_EDGE('',*,*,#2719,.T.);
#2013=ORIENTED_EDGE('',*,*,#2720,.T.);
#2014=ORIENTED_EDGE('',*,*,#2721,.F.);
#2015=ORIENTED_EDGE('',*,*,#2719,.F.);
#2016=ORIENTED_EDGE('',*,*,#2722,.F.);
#2017=ORIENTED_EDGE('',*,*,#2721,.T.);
#2018=ORIENTED_EDGE('',*,*,#2723,.F.);
#2019=ORIENTED_EDGE('',*,*,#2724,.T.);
#2020=ORIENTED_EDGE('',*,*,#2725,.F.);
#2021=ORIENTED_EDGE('',*,*,#2726,.T.);
#2022=ORIENTED_EDGE('',*,*,#2722,.T.);
#2023=ORIENTED_EDGE('',*,*,#2727,.F.);
#2024=ORIENTED_EDGE('',*,*,#2726,.F.);
#2025=ORIENTED_EDGE('',*,*,#2728,.F.);
#2026=ORIENTED_EDGE('',*,*,#2729,.F.);
#2027=ORIENTED_EDGE('',*,*,#2720,.F.);
#2028=ORIENTED_EDGE('',*,*,#2730,.F.);
#2029=ORIENTED_EDGE('',*,*,#2730,.T.);
#2030=ORIENTED_EDGE('',*,*,#2731,.F.);
#2031=ORIENTED_EDGE('',*,*,#2732,.T.);
#2032=ORIENTED_EDGE('',*,*,#2733,.F.);
#2033=ORIENTED_EDGE('',*,*,#2729,.T.);
#2034=ORIENTED_EDGE('',*,*,#2734,.F.);
#2035=ORIENTED_EDGE('',*,*,#2731,.T.);
#2036=ORIENTED_EDGE('',*,*,#2732,.F.);
#2037=ORIENTED_EDGE('',*,*,#2735,.F.);
#2038=ORIENTED_EDGE('',*,*,#2736,.T.);
#2039=ORIENTED_EDGE('',*,*,#2737,.F.);
#2040=ORIENTED_EDGE('',*,*,#2738,.F.);
#2041=ORIENTED_EDGE('',*,*,#2723,.T.);
#2042=ORIENTED_EDGE('',*,*,#2727,.T.);
#2043=ORIENTED_EDGE('',*,*,#2733,.T.);
#2044=ORIENTED_EDGE('',*,*,#2737,.T.);
#2045=ORIENTED_EDGE('',*,*,#2739,.F.);
#2046=ORIENTED_EDGE('',*,*,#2740,.T.);
#2047=ORIENTED_EDGE('',*,*,#2724,.F.);
#2048=ORIENTED_EDGE('',*,*,#2738,.T.);
#2049=ORIENTED_EDGE('',*,*,#2741,.T.);
#2050=ORIENTED_EDGE('',*,*,#2735,.T.);
#2051=ORIENTED_EDGE('',*,*,#2734,.T.);
#2052=ORIENTED_EDGE('',*,*,#2728,.T.);
#2053=ORIENTED_EDGE('',*,*,#2725,.T.);
#2054=ORIENTED_EDGE('',*,*,#2740,.F.);
#2055=ORIENTED_EDGE('',*,*,#2742,.T.);
#2056=ORIENTED_EDGE('',*,*,#2741,.F.);
#2057=ORIENTED_EDGE('',*,*,#2739,.T.);
#2058=ORIENTED_EDGE('',*,*,#2736,.F.);
#2059=ORIENTED_EDGE('',*,*,#2742,.F.);
#2060=EDGE_CURVE('',#2743,#2744,#3278,.T.);
#2061=EDGE_CURVE('',#2745,#2744,#373,.T.);
#2062=EDGE_CURVE('',#2746,#2745,#3279,.T.);
#2063=EDGE_CURVE('',#2746,#2743,#374,.T.);
#2064=EDGE_CURVE('',#2747,#2748,#3280,.T.);
#2065=EDGE_CURVE('',#2749,#2748,#375,.T.);
#2066=EDGE_CURVE('',#2750,#2749,#3281,.T.);
#2067=EDGE_CURVE('',#2750,#2747,#376,.T.);
#2068=EDGE_CURVE('',#2751,#2751,#377,.T.);
#2069=EDGE_CURVE('',#2752,#2752,#378,.T.);
#2070=EDGE_CURVE('',#2753,#2753,#379,.T.);
#2071=EDGE_CURVE('',#2754,#2754,#380,.T.);
#2072=EDGE_CURVE('',#2755,#2755,#381,.T.);
#2073=EDGE_CURVE('',#2756,#2756,#382,.T.);
#2074=EDGE_CURVE('',#2757,#2757,#383,.T.);
#2075=EDGE_CURVE('',#2758,#2758,#384,.T.);
#2076=EDGE_CURVE('',#2759,#2759,#385,.T.);
#2077=EDGE_CURVE('',#2760,#2760,#386,.T.);
#2078=EDGE_CURVE('',#2761,#2761,#387,.T.);
#2079=EDGE_CURVE('',#2762,#2762,#388,.T.);
#2080=EDGE_CURVE('',#2763,#2763,#389,.T.);
#2081=EDGE_CURVE('',#2764,#2764,#390,.T.);
#2082=EDGE_CURVE('',#2765,#2765,#391,.T.);
#2083=EDGE_CURVE('',#2766,#2766,#392,.T.);
#2084=EDGE_CURVE('',#2767,#2767,#393,.T.);
#2085=EDGE_CURVE('',#2768,#2768,#394,.T.);
#2086=EDGE_CURVE('',#2769,#2769,#395,.T.);
#2087=EDGE_CURVE('',#2770,#2770,#396,.T.);
#2088=EDGE_CURVE('',#2771,#2771,#397,.T.);
#2089=EDGE_CURVE('',#2772,#2772,#398,.T.);
#2090=EDGE_CURVE('',#2773,#2773,#399,.T.);
#2091=EDGE_CURVE('',#2774,#2774,#400,.T.);
#2092=EDGE_CURVE('',#2775,#2775,#401,.T.);
#2093=EDGE_CURVE('',#2776,#2776,#402,.T.);
#2094=EDGE_CURVE('',#2777,#2777,#403,.T.);
#2095=EDGE_CURVE('',#2778,#2778,#404,.T.);
#2096=EDGE_CURVE('',#2779,#2779,#405,.T.);
#2097=EDGE_CURVE('',#2780,#2780,#406,.T.);
#2098=EDGE_CURVE('',#2781,#2781,#407,.T.);
#2099=EDGE_CURVE('',#2782,#2782,#408,.T.);
#2100=EDGE_CURVE('',#2783,#2783,#409,.T.);
#2101=EDGE_CURVE('',#2785,#2785,#410,.T.);
#2102=EDGE_CURVE('',#2786,#2786,#411,.T.);
#2103=EDGE_CURVE('',#2787,#2787,#412,.T.);
#2104=EDGE_CURVE('',#2788,#2788,#413,.T.);
#2105=EDGE_CURVE('',#2789,#2789,#414,.T.);
#2106=EDGE_CURVE('',#2790,#2790,#415,.T.);
#2107=EDGE_CURVE('',#2791,#2791,#416,.T.);
#2108=EDGE_CURVE('',#2792,#2792,#417,.T.);
#2109=EDGE_CURVE('',#2793,#2793,#418,.T.);
#2110=EDGE_CURVE('',#2794,#2794,#419,.T.);
#2111=EDGE_CURVE('',#2795,#2795,#420,.T.);
#2112=EDGE_CURVE('',#2796,#2796,#421,.T.);
#2113=EDGE_CURVE('',#2797,#2797,#422,.T.);
#2114=EDGE_CURVE('',#2799,#2799,#423,.T.);
#2115=EDGE_CURVE('',#2800,#2800,#424,.T.);
#2116=EDGE_CURVE('',#2801,#2801,#425,.T.);
#2117=EDGE_CURVE('',#2802,#2802,#426,.T.);
#2118=EDGE_CURVE('',#2803,#2803,#427,.T.);
#2119=EDGE_CURVE('',#2804,#2804,#428,.T.);
#2120=EDGE_CURVE('',#2805,#2805,#429,.T.);
#2121=EDGE_CURVE('',#2807,#2807,#430,.T.);
#2122=EDGE_CURVE('',#2808,#2808,#431,.T.);
#2123=EDGE_CURVE('',#2809,#2809,#432,.T.);
#2124=EDGE_CURVE('',#2810,#2810,#433,.T.);
#2125=EDGE_CURVE('',#2811,#2811,#434,.T.);
#2126=EDGE_CURVE('',#2812,#2812,#435,.T.);
#2127=EDGE_CURVE('',#2813,#2813,#436,.T.);
#2128=EDGE_CURVE('',#2815,#2815,#437,.T.);
#2129=EDGE_CURVE('',#2816,#2816,#438,.T.);
#2130=EDGE_CURVE('',#2817,#2817,#439,.T.);
#2131=EDGE_CURVE('',#2818,#2818,#440,.T.);
#2132=EDGE_CURVE('',#2819,#2819,#441,.T.);
#2133=EDGE_CURVE('',#2820,#2820,#442,.T.);
#2134=EDGE_CURVE('',#2821,#2821,#443,.T.);
#2135=EDGE_CURVE('',#2822,#2823,#3282,.T.);
#2136=EDGE_CURVE('',#2824,#2822,#3283,.T.);
#2137=EDGE_CURVE('',#2824,#2825,#3284,.T.);
#2138=EDGE_CURVE('',#2825,#2826,#3285,.T.);
#2139=EDGE_CURVE('',#2823,#2826,#3286,.T.);
#2140=EDGE_CURVE('',#2827,#2828,#3287,.T.);
#2141=EDGE_CURVE('',#2827,#2823,#3288,.T.);
#2142=EDGE_CURVE('',#2828,#2826,#3289,.T.);
#2143=EDGE_CURVE('',#2829,#2829,#444,.T.);
#2144=EDGE_CURVE('',#2830,#2830,#445,.T.);
#2145=EDGE_CURVE('',#2831,#2831,#446,.T.);
#2146=EDGE_CURVE('',#2832,#2832,#447,.T.);
#2147=EDGE_CURVE('',#2833,#2833,#448,.T.);
#2148=EDGE_CURVE('',#2834,#2834,#449,.T.);
#2149=EDGE_CURVE('',#2835,#2835,#450,.T.);
#2150=EDGE_CURVE('',#2836,#2836,#451,.T.);
#2151=EDGE_CURVE('',#2837,#2837,#452,.T.);
#2152=EDGE_CURVE('',#2838,#2838,#453,.T.);
#2153=EDGE_CURVE('',#2839,#2839,#454,.T.);
#2154=EDGE_CURVE('',#2840,#2840,#455,.T.);
#2155=EDGE_CURVE('',#2842,#2842,#456,.T.);
#2156=EDGE_CURVE('',#2843,#2843,#457,.T.);
#2157=EDGE_CURVE('',#2844,#2844,#458,.T.);
#2158=EDGE_CURVE('',#2845,#2845,#459,.T.);
#2159=EDGE_CURVE('',#2846,#2846,#460,.T.);
#2160=EDGE_CURVE('',#2847,#2847,#461,.T.);
#2161=EDGE_CURVE('',#2848,#2848,#462,.T.);
#2162=EDGE_CURVE('',#2850,#2850,#463,.T.);
#2163=EDGE_CURVE('',#2851,#2851,#464,.T.);
#2164=EDGE_CURVE('',#2852,#2852,#465,.T.);
#2165=EDGE_CURVE('',#2853,#2853,#466,.T.);
#2166=EDGE_CURVE('',#2854,#2854,#467,.T.);
#2167=EDGE_CURVE('',#2855,#2855,#468,.T.);
#2168=EDGE_CURVE('',#2856,#2856,#469,.T.);
#2169=EDGE_CURVE('',#2857,#2858,#3290,.T.);
#2170=EDGE_CURVE('',#2859,#2858,#3291,.T.);
#2171=EDGE_CURVE('',#2859,#2860,#3292,.T.);
#2172=EDGE_CURVE('',#2861,#2860,#3293,.T.);
#2173=EDGE_CURVE('',#2861,#2857,#3294,.T.);
#2174=EDGE_CURVE('',#2859,#2862,#3295,.T.);
#2175=EDGE_CURVE('',#2858,#2863,#3296,.T.);
#2176=EDGE_CURVE('',#2862,#2863,#3297,.T.);
#2177=EDGE_CURVE('',#2863,#2864,#3298,.T.);
#2178=EDGE_CURVE('',#2864,#2865,#3299,.T.);
#2179=EDGE_CURVE('',#2866,#2865,#3300,.T.);
#2180=EDGE_CURVE('',#2866,#2862,#3301,.T.);
#2181=EDGE_CURVE('',#2867,#2867,#470,.T.);
#2182=EDGE_CURVE('',#2868,#2868,#471,.T.);
#2183=EDGE_CURVE('',#2869,#2869,#472,.T.);
#2184=EDGE_CURVE('',#2870,#2870,#473,.T.);
#2185=EDGE_CURVE('',#2871,#2871,#474,.T.);
#2186=EDGE_CURVE('',#2872,#2872,#475,.T.);
#2187=EDGE_CURVE('',#2873,#2873,#476,.T.);
#2188=EDGE_CURVE('',#2874,#2874,#477,.T.);
#2189=EDGE_CURVE('',#2875,#2875,#478,.T.);
#2190=EDGE_CURVE('',#2876,#2876,#479,.T.);
#2191=EDGE_CURVE('',#2877,#2877,#480,.T.);
#2192=EDGE_CURVE('',#2878,#2878,#481,.T.);
#2193=EDGE_CURVE('',#2879,#2879,#482,.T.);
#2194=EDGE_CURVE('',#2880,#2880,#483,.T.);
#2195=EDGE_CURVE('',#2881,#2881,#484,.T.);
#2196=EDGE_CURVE('',#2882,#2882,#485,.T.);
#2197=EDGE_CURVE('',#2883,#2883,#486,.T.);
#2198=EDGE_CURVE('',#2884,#2884,#487,.T.);
#2199=EDGE_CURVE('',#2885,#2885,#488,.T.);
#2200=EDGE_CURVE('',#2886,#2886,#489,.T.);
#2201=EDGE_CURVE('',#2887,#2887,#490,.T.);
#2202=EDGE_CURVE('',#2888,#2888,#491,.T.);
#2203=EDGE_CURVE('',#2889,#2889,#492,.T.);
#2204=EDGE_CURVE('',#2890,#2890,#493,.T.);
#2205=EDGE_CURVE('',#2891,#2892,#3302,.T.);
#2206=EDGE_CURVE('',#2892,#2893,#3303,.T.);
#2207=EDGE_CURVE('',#2894,#2893,#3304,.T.);
#2208=EDGE_CURVE('',#2894,#2895,#3305,.T.);
#2209=EDGE_CURVE('',#2891,#2895,#3306,.T.);
#2210=EDGE_CURVE('',#2895,#2896,#3307,.T.);
#2211=EDGE_CURVE('',#2896,#2897,#3308,.T.);
#2212=EDGE_CURVE('',#2891,#2897,#3309,.T.);
#2213=EDGE_CURVE('',#2898,#2899,#3310,.T.);
#2214=EDGE_CURVE('',#2897,#2899,#3311,.T.);
#2215=EDGE_CURVE('',#2896,#2898,#3312,.T.);
#2216=EDGE_CURVE('',#2898,#2900,#3313,.T.);
#2217=EDGE_CURVE('',#2900,#2901,#3314,.T.);
#2218=EDGE_CURVE('',#2899,#2901,#3315,.T.);
#2219=EDGE_CURVE('',#2902,#2903,#3316,.T.);
#2220=EDGE_CURVE('',#2902,#2904,#3317,.T.);
#2221=EDGE_CURVE('',#2904,#2905,#3318,.T.);
#2222=EDGE_CURVE('',#2903,#2905,#3319,.T.);
#2223=EDGE_CURVE('',#2899,#2905,#3320,.T.);
#2224=EDGE_CURVE('',#2901,#2903,#3321,.T.);
#2225=EDGE_CURVE('',#2897,#2906,#3322,.T.);
#2226=EDGE_CURVE('',#2905,#2906,#3323,.T.);
#2227=EDGE_CURVE('',#2904,#2907,#3324,.T.);
#2228=EDGE_CURVE('',#2907,#2906,#3325,.T.);
#2229=EDGE_CURVE('',#2907,#2908,#3326,.T.);
#2230=EDGE_CURVE('',#2908,#2909,#3327,.T.);
#2231=EDGE_CURVE('',#2906,#2909,#3328,.T.);
#2232=EDGE_CURVE('',#2910,#2909,#3329,.T.);
#2233=EDGE_CURVE('',#2910,#2911,#3330,.T.);
#2234=EDGE_CURVE('',#2912,#2911,#3331,.T.);
#2235=EDGE_CURVE('',#2912,#2892,#3332,.T.);
#2236=EDGE_CURVE('',#2913,#2912,#3333,.T.);
#2237=EDGE_CURVE('',#2893,#2913,#3334,.T.);
#2238=EDGE_CURVE('',#2864,#2894,#3335,.T.);
#2239=EDGE_CURVE('',#2913,#2914,#3336,.T.);
#2240=EDGE_CURVE('',#2914,#2865,#3337,.T.);
#2241=EDGE_CURVE('',#2914,#2915,#3338,.T.);
#2242=EDGE_CURVE('',#2915,#2866,#3339,.T.);
#2243=EDGE_CURVE('',#2916,#2915,#3340,.T.);
#2244=EDGE_CURVE('',#2860,#2916,#3341,.T.);
#2245=EDGE_CURVE('',#2916,#2917,#3342,.T.);
#2246=EDGE_CURVE('',#2861,#2917,#3343,.T.);
#2247=EDGE_CURVE('',#2918,#2917,#3344,.T.);
#2248=EDGE_CURVE('',#2918,#2919,#3345,.T.);
#2249=EDGE_CURVE('',#2919,#2920,#3346,.T.);
#2250=EDGE_CURVE('',#2920,#2857,#3347,.T.);
#2251=EDGE_CURVE('',#2919,#2921,#3348,.T.);
#2252=EDGE_CURVE('',#2922,#2918,#3349,.T.);
#2253=EDGE_CURVE('',#2922,#2921,#3350,.T.);
#2254=EDGE_CURVE('',#2923,#2920,#3351,.T.);
#2255=EDGE_CURVE('',#2921,#2924,#3352,.T.);
#2256=EDGE_CURVE('',#2923,#2924,#3353,.T.);
#2257=EDGE_CURVE('',#2925,#2924,#3354,.T.);
#2258=EDGE_CURVE('',#2926,#2925,#3355,.T.);
#2259=EDGE_CURVE('',#2926,#2923,#3356,.T.);
#2260=EDGE_CURVE('',#2900,#2926,#3357,.T.);
#2261=EDGE_CURVE('',#2901,#2925,#3358,.T.);
#2262=EDGE_CURVE('',#2925,#2927,#3359,.T.);
#2263=EDGE_CURVE('',#2927,#2903,#3360,.T.);
#2264=EDGE_CURVE('',#2928,#2927,#3361,.T.);
#2265=EDGE_CURVE('',#2928,#2902,#3362,.T.);
#2266=EDGE_CURVE('',#2929,#2930,#3363,.T.);
#2267=EDGE_CURVE('',#2929,#2928,#3364,.T.);
#2268=EDGE_CURVE('',#2930,#2927,#3365,.T.);
#2269=EDGE_CURVE('',#2931,#2922,#3366,.T.);
#2270=EDGE_CURVE('',#2931,#2932,#3367,.T.);
#2271=EDGE_CURVE('',#2932,#2930,#3368,.T.);
#2272=EDGE_CURVE('',#2933,#2934,#3369,.T.);
#2273=EDGE_CURVE('',#2934,#2932,#3370,.T.);
#2274=EDGE_CURVE('',#2931,#2933,#3371,.T.);
#2275=EDGE_CURVE('',#2932,#2828,#3372,.T.);
#2276=EDGE_CURVE('',#2934,#2827,#3373,.T.);
#2277=EDGE_CURVE('',#2828,#2935,#3374,.T.);
#2278=EDGE_CURVE('',#2935,#2930,#3375,.T.);
#2279=EDGE_CURVE('',#2936,#2935,#3376,.T.);
#2280=EDGE_CURVE('',#2936,#2929,#3377,.T.);
#2281=EDGE_CURVE('',#2937,#2938,#3378,.T.);
#2282=EDGE_CURVE('',#2937,#2936,#3379,.T.);
#2283=EDGE_CURVE('',#2938,#2935,#3380,.T.);
#2284=EDGE_CURVE('',#2908,#2937,#3381,.T.);
#2285=EDGE_CURVE('',#2909,#2938,#3382,.T.);
#2286=EDGE_CURVE('',#2939,#2938,#3383,.T.);
#2287=EDGE_CURVE('',#2939,#2910,#3384,.T.);
#2288=EDGE_CURVE('',#2940,#2939,#3385,.T.);
#2289=EDGE_CURVE('',#2940,#2941,#3386,.T.);
#2290=EDGE_CURVE('',#2941,#2910,#3387,.T.);
#2291=EDGE_CURVE('',#2941,#2942,#3388,.T.);
#2292=EDGE_CURVE('',#2942,#2911,#3389,.T.);
#2293=EDGE_CURVE('',#2943,#2944,#3390,.T.);
#2294=EDGE_CURVE('',#2943,#2945,#3391,.T.);
#2295=EDGE_CURVE('',#2945,#2946,#3392,.T.);
#2296=EDGE_CURVE('',#2944,#2946,#3393,.T.);
#2297=EDGE_CURVE('',#2943,#2947,#3394,.T.);
#2298=EDGE_CURVE('',#2945,#2947,#494,.T.);
#2299=EDGE_CURVE('',#2948,#2949,#3395,.T.);
#2300=EDGE_CURVE('',#2948,#2950,#3396,.T.);
#2301=EDGE_CURVE('',#2950,#2951,#3397,.T.);
#2302=EDGE_CURVE('',#2949,#2951,#3398,.T.);
#2303=EDGE_CURVE('',#2952,#2950,#3399,.T.);
#2304=EDGE_CURVE('',#2952,#2948,#495,.T.);
#2305=EDGE_CURVE('',#2933,#2944,#3400,.T.);
#2306=EDGE_CURVE('',#2951,#2942,#3401,.T.);
#2307=EDGE_CURVE('',#2952,#2947,#3402,.T.);
#2308=EDGE_CURVE('',#2743,#2750,#3403,.T.);
#2309=EDGE_CURVE('',#2746,#2747,#3404,.T.);
#2310=EDGE_CURVE('',#2947,#2952,#496,.T.);
#2311=EDGE_CURVE('',#2953,#2954,#3405,.T.);
#2312=EDGE_CURVE('',#2953,#2824,#3406,.T.);
#2313=EDGE_CURVE('',#2744,#2822,#3407,.T.);
#2314=EDGE_CURVE('',#2954,#2749,#3408,.T.);
#2315=EDGE_CURVE('',#2955,#2953,#3409,.T.);
#2316=EDGE_CURVE('',#2825,#2955,#3410,.T.);
#2317=EDGE_CURVE('',#2956,#2957,#3411,.T.);
#2318=EDGE_CURVE('',#2958,#2957,#3412,.T.);
#2319=EDGE_CURVE('',#2958,#2959,#3413,.T.);
#2320=EDGE_CURVE('',#2960,#2959,#3414,.T.);
#2321=EDGE_CURVE('',#2960,#2956,#3415,.T.);
#2322=EDGE_CURVE('',#2961,#2958,#3416,.T.);
#2323=EDGE_CURVE('',#2962,#2961,#3417,.T.);
#2324=EDGE_CURVE('',#2962,#2959,#3418,.T.);
#2325=EDGE_CURVE('',#2963,#2962,#3419,.T.);
#2326=EDGE_CURVE('',#2964,#2961,#3420,.T.);
#2327=EDGE_CURVE('',#2965,#2964,#3421,.T.);
#2328=EDGE_CURVE('',#2965,#2963,#3422,.T.);
#2329=EDGE_CURVE('',#2966,#2966,#497,.T.);
#2330=EDGE_CURVE('',#2967,#2967,#498,.T.);
#2331=EDGE_CURVE('',#2968,#2968,#499,.T.);
#2332=EDGE_CURVE('',#2969,#2969,#500,.T.);
#2333=EDGE_CURVE('',#2970,#2970,#501,.T.);
#2334=EDGE_CURVE('',#2971,#2971,#502,.T.);
#2335=EDGE_CURVE('',#2955,#2972,#3423,.T.);
#2336=EDGE_CURVE('',#2972,#2939,#3424,.T.);
#2337=EDGE_CURVE('',#2960,#2963,#3425,.T.);
#2338=EDGE_CURVE('',#2956,#2965,#3426,.T.);
#2339=EDGE_CURVE('',#2748,#2964,#3427,.T.);
#2340=EDGE_CURVE('',#2957,#2745,#3428,.T.);
#2341=EDGE_CURVE('',#2946,#2949,#503,.T.);
#2342=EDGE_CURVE('',#2974,#2974,#504,.T.);
#2343=EDGE_CURVE('',#2975,#2975,#505,.T.);
#2344=EDGE_CURVE('',#2976,#2976,#506,.T.);
#2345=EDGE_CURVE('',#2977,#2977,#507,.T.);
#2346=EDGE_CURVE('',#2978,#2978,#508,.T.);
#2347=EDGE_CURVE('',#2979,#2979,#509,.T.);
#2348=EDGE_CURVE('',#2980,#2980,#510,.T.);
#2349=EDGE_CURVE('',#2982,#2982,#511,.T.);
#2350=EDGE_CURVE('',#2983,#2983,#512,.T.);
#2351=EDGE_CURVE('',#2984,#2984,#513,.T.);
#2352=EDGE_CURVE('',#2985,#2985,#514,.T.);
#2353=EDGE_CURVE('',#2986,#2986,#515,.T.);
#2354=EDGE_CURVE('',#2987,#2987,#516,.T.);
#2355=EDGE_CURVE('',#2988,#2988,#517,.T.);
#2356=EDGE_CURVE('',#2989,#2940,#3429,.T.);
#2357=EDGE_CURVE('',#2954,#2989,#3430,.T.);
#2358=EDGE_CURVE('',#2972,#2989,#3431,.T.);
#2359=EDGE_CURVE('',#2990,#2991,#3432,.T.);
#2360=EDGE_CURVE('',#2991,#2992,#3433,.T.);
#2361=EDGE_CURVE('',#2992,#2993,#3434,.T.);
#2362=EDGE_CURVE('',#2993,#2994,#3435,.T.);
#2363=EDGE_CURVE('',#2994,#2995,#3436,.T.);
#2364=EDGE_CURVE('',#2995,#2990,#3437,.T.);
#2365=EDGE_CURVE('',#2996,#2991,#3438,.T.);
#2366=EDGE_CURVE('',#2997,#2990,#3439,.T.);
#2367=EDGE_CURVE('',#2997,#2996,#3440,.T.);
#2368=EDGE_CURVE('',#2998,#2992,#3441,.T.);
#2369=EDGE_CURVE('',#2996,#2998,#3442,.T.);
#2370=EDGE_CURVE('',#2999,#2993,#3443,.T.);
#2371=EDGE_CURVE('',#2998,#2999,#3444,.T.);
#2372=EDGE_CURVE('',#3000,#2994,#3445,.T.);
#2373=EDGE_CURVE('',#2999,#3000,#3446,.T.);
#2374=EDGE_CURVE('',#3001,#2995,#3447,.T.);
#2375=EDGE_CURVE('',#3000,#3001,#3448,.T.);
#2376=EDGE_CURVE('',#3001,#2997,#3449,.T.);
#2377=EDGE_CURVE('',#3002,#3002,#518,.T.);
#2378=EDGE_CURVE('',#3003,#3003,#519,.T.);
#2379=EDGE_CURVE('',#3004,#3004,#520,.T.);
#2380=EDGE_CURVE('',#3005,#3005,#521,.T.);
#2381=EDGE_CURVE('',#3006,#3006,#522,.T.);
#2382=EDGE_CURVE('',#3007,#3007,#523,.T.);
#2383=EDGE_CURVE('',#3008,#3009,#3450,.T.);
#2384=EDGE_CURVE('',#3009,#3010,#3451,.T.);
#2385=EDGE_CURVE('',#3010,#3011,#3452,.T.);
#2386=EDGE_CURVE('',#3011,#3012,#3453,.T.);
#2387=EDGE_CURVE('',#3012,#3013,#3454,.T.);
#2388=EDGE_CURVE('',#3013,#3008,#3455,.T.);
#2389=EDGE_CURVE('',#3014,#3009,#3456,.T.);
#2390=EDGE_CURVE('',#3015,#3008,#3457,.T.);
#2391=EDGE_CURVE('',#3015,#3014,#3458,.T.);
#2392=EDGE_CURVE('',#3016,#3010,#3459,.T.);
#2393=EDGE_CURVE('',#3014,#3016,#3460,.T.);
#2394=EDGE_CURVE('',#3017,#3011,#3461,.T.);
#2395=EDGE_CURVE('',#3016,#3017,#3462,.T.);
#2396=EDGE_CURVE('',#3018,#3012,#3463,.T.);
#2397=EDGE_CURVE('',#3017,#3018,#3464,.T.);
#2398=EDGE_CURVE('',#3019,#3013,#3465,.T.);
#2399=EDGE_CURVE('',#3018,#3019,#3466,.T.);
#2400=EDGE_CURVE('',#3019,#3015,#3467,.T.);
#2401=EDGE_CURVE('',#3020,#3020,#524,.T.);
#2402=EDGE_CURVE('',#3021,#3021,#525,.T.);
#2403=EDGE_CURVE('',#3022,#3022,#526,.T.);
#2404=EDGE_CURVE('',#3023,#3023,#527,.T.);
#2405=EDGE_CURVE('',#3024,#3024,#528,.T.);
#2406=EDGE_CURVE('',#3025,#3025,#529,.T.);
#2407=EDGE_CURVE('',#3026,#3027,#3468,.T.);
#2408=EDGE_CURVE('',#3027,#3028,#3469,.T.);
#2409=EDGE_CURVE('',#3028,#3029,#3470,.T.);
#2410=EDGE_CURVE('',#3029,#3030,#3471,.T.);
#2411=EDGE_CURVE('',#3030,#3031,#3472,.T.);
#2412=EDGE_CURVE('',#3031,#3026,#3473,.T.);
#2413=EDGE_CURVE('',#3032,#3027,#3474,.T.);
#2414=EDGE_CURVE('',#3033,#3026,#3475,.T.);
#2415=EDGE_CURVE('',#3033,#3032,#3476,.T.);
#2416=EDGE_CURVE('',#3034,#3028,#3477,.T.);
#2417=EDGE_CURVE('',#3032,#3034,#3478,.T.);
#2418=EDGE_CURVE('',#3035,#3029,#3479,.T.);
#2419=EDGE_CURVE('',#3034,#3035,#3480,.T.);
#2420=EDGE_CURVE('',#3036,#3030,#3481,.T.);
#2421=EDGE_CURVE('',#3035,#3036,#3482,.T.);
#2422=EDGE_CURVE('',#3037,#3031,#3483,.T.);
#2423=EDGE_CURVE('',#3036,#3037,#3484,.T.);
#2424=EDGE_CURVE('',#3037,#3033,#3485,.T.);
#2425=EDGE_CURVE('',#3038,#3038,#530,.T.);
#2426=EDGE_CURVE('',#3039,#3039,#531,.T.);
#2427=EDGE_CURVE('',#3040,#3040,#532,.T.);
#2428=EDGE_CURVE('',#3041,#3041,#533,.T.);
#2429=EDGE_CURVE('',#3042,#3042,#534,.T.);
#2430=EDGE_CURVE('',#3043,#3043,#535,.T.);
#2431=EDGE_CURVE('',#3044,#3045,#3486,.T.);
#2432=EDGE_CURVE('',#3045,#3046,#3487,.T.);
#2433=EDGE_CURVE('',#3046,#3047,#3488,.T.);
#2434=EDGE_CURVE('',#3047,#3048,#3489,.T.);
#2435=EDGE_CURVE('',#3048,#3049,#3490,.T.);
#2436=EDGE_CURVE('',#3049,#3044,#3491,.T.);
#2437=EDGE_CURVE('',#3050,#3045,#3492,.T.);
#2438=EDGE_CURVE('',#3051,#3044,#3493,.T.);
#2439=EDGE_CURVE('',#3051,#3050,#3494,.T.);
#2440=EDGE_CURVE('',#3052,#3046,#3495,.T.);
#2441=EDGE_CURVE('',#3050,#3052,#3496,.T.);
#2442=EDGE_CURVE('',#3053,#3047,#3497,.T.);
#2443=EDGE_CURVE('',#3052,#3053,#3498,.T.);
#2444=EDGE_CURVE('',#3054,#3048,#3499,.T.);
#2445=EDGE_CURVE('',#3053,#3054,#3500,.T.);
#2446=EDGE_CURVE('',#3055,#3049,#3501,.T.);
#2447=EDGE_CURVE('',#3054,#3055,#3502,.T.);
#2448=EDGE_CURVE('',#3055,#3051,#3503,.T.);
#2449=EDGE_CURVE('',#3056,#3056,#536,.T.);
#2450=EDGE_CURVE('',#3057,#3057,#537,.T.);
#2451=EDGE_CURVE('',#3058,#3058,#538,.T.);
#2452=EDGE_CURVE('',#3059,#3059,#539,.T.);
#2453=EDGE_CURVE('',#3060,#3060,#540,.T.);
#2454=EDGE_CURVE('',#3061,#3061,#541,.T.);
#2455=EDGE_CURVE('',#3062,#3063,#3504,.T.);
#2456=EDGE_CURVE('',#3063,#3064,#3505,.T.);
#2457=EDGE_CURVE('',#3064,#3065,#3506,.T.);
#2458=EDGE_CURVE('',#3065,#3066,#3507,.T.);
#2459=EDGE_CURVE('',#3066,#3067,#3508,.T.);
#2460=EDGE_CURVE('',#3067,#3062,#3509,.T.);
#2461=EDGE_CURVE('',#3068,#3063,#3510,.T.);
#2462=EDGE_CURVE('',#3069,#3062,#3511,.T.);
#2463=EDGE_CURVE('',#3069,#3068,#3512,.T.);
#2464=EDGE_CURVE('',#3070,#3064,#3513,.T.);
#2465=EDGE_CURVE('',#3068,#3070,#3514,.T.);
#2466=EDGE_CURVE('',#3071,#3065,#3515,.T.);
#2467=EDGE_CURVE('',#3070,#3071,#3516,.T.);
#2468=EDGE_CURVE('',#3072,#3066,#3517,.T.);
#2469=EDGE_CURVE('',#3071,#3072,#3518,.T.);
#2470=EDGE_CURVE('',#3073,#3067,#3519,.T.);
#2471=EDGE_CURVE('',#3072,#3073,#3520,.T.);
#2472=EDGE_CURVE('',#3073,#3069,#3521,.T.);
#2473=EDGE_CURVE('',#3074,#3074,#542,.T.);
#2474=EDGE_CURVE('',#3075,#3075,#543,.T.);
#2475=EDGE_CURVE('',#3076,#3076,#544,.T.);
#2476=EDGE_CURVE('',#3077,#3077,#545,.T.);
#2477=EDGE_CURVE('',#3078,#3078,#546,.T.);
#2478=EDGE_CURVE('',#3079,#3079,#547,.T.);
#2479=EDGE_CURVE('',#3080,#3081,#3522,.T.);
#2480=EDGE_CURVE('',#3081,#3082,#3523,.T.);
#2481=EDGE_CURVE('',#3082,#3083,#3524,.T.);
#2482=EDGE_CURVE('',#3083,#3084,#3525,.T.);
#2483=EDGE_CURVE('',#3084,#3085,#3526,.T.);
#2484=EDGE_CURVE('',#3085,#3080,#3527,.T.);
#2485=EDGE_CURVE('',#3086,#3081,#3528,.T.);
#2486=EDGE_CURVE('',#3087,#3080,#3529,.T.);
#2487=EDGE_CURVE('',#3087,#3086,#3530,.T.);
#2488=EDGE_CURVE('',#3088,#3082,#3531,.T.);
#2489=EDGE_CURVE('',#3086,#3088,#3532,.T.);
#2490=EDGE_CURVE('',#3089,#3083,#3533,.T.);
#2491=EDGE_CURVE('',#3088,#3089,#3534,.T.);
#2492=EDGE_CURVE('',#3090,#3084,#3535,.T.);
#2493=EDGE_CURVE('',#3089,#3090,#3536,.T.);
#2494=EDGE_CURVE('',#3091,#3085,#3537,.T.);
#2495=EDGE_CURVE('',#3090,#3091,#3538,.T.);
#2496=EDGE_CURVE('',#3091,#3087,#3539,.T.);
#2497=EDGE_CURVE('',#3092,#3092,#548,.T.);
#2498=EDGE_CURVE('',#3093,#3093,#549,.T.);
#2499=EDGE_CURVE('',#3094,#3094,#550,.T.);
#2500=EDGE_CURVE('',#3095,#3095,#551,.T.);
#2501=EDGE_CURVE('',#3096,#3096,#552,.T.);
#2502=EDGE_CURVE('',#3097,#3097,#553,.T.);
#2503=EDGE_CURVE('',#3098,#3099,#3540,.T.);
#2504=EDGE_CURVE('',#3099,#3100,#3541,.T.);
#2505=EDGE_CURVE('',#3100,#3101,#3542,.T.);
#2506=EDGE_CURVE('',#3101,#3102,#3543,.T.);
#2507=EDGE_CURVE('',#3102,#3103,#3544,.T.);
#2508=EDGE_CURVE('',#3103,#3098,#3545,.T.);
#2509=EDGE_CURVE('',#3104,#3099,#3546,.T.);
#2510=EDGE_CURVE('',#3105,#3098,#3547,.T.);
#2511=EDGE_CURVE('',#3105,#3104,#3548,.T.);
#2512=EDGE_CURVE('',#3106,#3100,#3549,.T.);
#2513=EDGE_CURVE('',#3104,#3106,#3550,.T.);
#2514=EDGE_CURVE('',#3107,#3101,#3551,.T.);
#2515=EDGE_CURVE('',#3106,#3107,#3552,.T.);
#2516=EDGE_CURVE('',#3108,#3102,#3553,.T.);
#2517=EDGE_CURVE('',#3107,#3108,#3554,.T.);
#2518=EDGE_CURVE('',#3109,#3103,#3555,.T.);
#2519=EDGE_CURVE('',#3108,#3109,#3556,.T.);
#2520=EDGE_CURVE('',#3109,#3105,#3557,.T.);
#2521=EDGE_CURVE('',#3110,#3110,#554,.T.);
#2522=EDGE_CURVE('',#3111,#3111,#555,.T.);
#2523=EDGE_CURVE('',#3112,#3112,#556,.T.);
#2524=EDGE_CURVE('',#3113,#3113,#557,.T.);
#2525=EDGE_CURVE('',#3114,#3114,#558,.T.);
#2526=EDGE_CURVE('',#3115,#3115,#559,.T.);
#2527=EDGE_CURVE('',#3116,#3117,#3558,.T.);
#2528=EDGE_CURVE('',#3117,#3118,#3559,.T.);
#2529=EDGE_CURVE('',#3118,#3119,#3560,.T.);
#2530=EDGE_CURVE('',#3119,#3120,#3561,.T.);
#2531=EDGE_CURVE('',#3120,#3121,#3562,.T.);
#2532=EDGE_CURVE('',#3121,#3116,#3563,.T.);
#2533=EDGE_CURVE('',#3122,#3117,#3564,.T.);
#2534=EDGE_CURVE('',#3123,#3116,#3565,.T.);
#2535=EDGE_CURVE('',#3123,#3122,#3566,.T.);
#2536=EDGE_CURVE('',#3124,#3118,#3567,.T.);
#2537=EDGE_CURVE('',#3122,#3124,#3568,.T.);
#2538=EDGE_CURVE('',#3125,#3119,#3569,.T.);
#2539=EDGE_CURVE('',#3124,#3125,#3570,.T.);
#2540=EDGE_CURVE('',#3126,#3120,#3571,.T.);
#2541=EDGE_CURVE('',#3125,#3126,#3572,.T.);
#2542=EDGE_CURVE('',#3127,#3121,#3573,.T.);
#2543=EDGE_CURVE('',#3126,#3127,#3574,.T.);
#2544=EDGE_CURVE('',#3127,#3123,#3575,.T.);
#2545=EDGE_CURVE('',#3128,#3128,#560,.T.);
#2546=EDGE_CURVE('',#3129,#3129,#561,.T.);
#2547=EDGE_CURVE('',#3130,#3130,#562,.T.);
#2548=EDGE_CURVE('',#3131,#3131,#563,.T.);
#2549=EDGE_CURVE('',#3132,#3132,#564,.T.);
#2550=EDGE_CURVE('',#3133,#3133,#565,.T.);
#2551=EDGE_CURVE('',#3134,#3134,#566,.T.);
#2552=EDGE_CURVE('',#3135,#3135,#567,.T.);
#2553=EDGE_CURVE('',#3136,#3136,#568,.T.);
#2554=EDGE_CURVE('',#3137,#3137,#569,.T.);
#2555=EDGE_CURVE('',#3138,#3139,#3576,.T.);
#2556=EDGE_CURVE('',#3138,#3140,#570,.T.);
#2557=EDGE_CURVE('',#3141,#3140,#3577,.T.);
#2558=EDGE_CURVE('',#3141,#3139,#571,.T.);
#2559=EDGE_CURVE('',#3139,#3142,#3578,.T.);
#2560=EDGE_CURVE('',#3143,#3141,#3579,.T.);
#2561=EDGE_CURVE('',#3142,#3143,#572,.T.);
#2562=EDGE_CURVE('',#3144,#3144,#573,.T.);
#2563=EDGE_CURVE('',#3145,#3145,#574,.T.);
#2564=EDGE_CURVE('',#3146,#3147,#575,.T.);
#2565=EDGE_CURVE('',#3142,#3147,#3580,.T.);
#2566=EDGE_CURVE('',#3146,#3143,#3581,.T.);
#2567=EDGE_CURVE('',#3148,#3146,#576,.T.);
#2568=EDGE_CURVE('',#3148,#3149,#577,.T.);
#2569=EDGE_CURVE('',#3147,#3149,#578,.T.);
#2570=EDGE_CURVE('',#3138,#3150,#579,.T.);
#2571=EDGE_CURVE('',#3150,#3149,#3582,.T.);
#2572=EDGE_CURVE('',#3151,#3140,#580,.T.);
#2573=EDGE_CURVE('',#3150,#3151,#581,.T.);
#2574=EDGE_CURVE('',#3151,#3148,#3583,.T.);
#2575=EDGE_CURVE('',#3152,#3152,#582,.T.);
#2576=EDGE_CURVE('',#3153,#3153,#583,.T.);
#2577=EDGE_CURVE('',#3154,#3154,#584,.T.);
#2578=EDGE_CURVE('',#3155,#3155,#585,.T.);
#2579=EDGE_CURVE('',#3156,#3157,#3584,.T.);
#2580=EDGE_CURVE('',#3156,#3158,#586,.T.);
#2581=EDGE_CURVE('',#3159,#3158,#3585,.T.);
#2582=EDGE_CURVE('',#3159,#3157,#587,.T.);
#2583=EDGE_CURVE('',#3157,#3160,#3586,.T.);
#2584=EDGE_CURVE('',#3161,#3159,#3587,.T.);
#2585=EDGE_CURVE('',#3160,#3161,#588,.T.);
#2586=EDGE_CURVE('',#3162,#3162,#589,.T.);
#2587=EDGE_CURVE('',#3163,#3163,#590,.T.);
#2588=EDGE_CURVE('',#3164,#3165,#591,.T.);
#2589=EDGE_CURVE('',#3160,#3165,#3588,.T.);
#2590=EDGE_CURVE('',#3164,#3161,#3589,.T.);
#2591=EDGE_CURVE('',#3166,#3164,#592,.T.);
#2592=EDGE_CURVE('',#3166,#3167,#593,.T.);
#2593=EDGE_CURVE('',#3165,#3167,#594,.T.);
#2594=EDGE_CURVE('',#3156,#3168,#595,.T.);
#2595=EDGE_CURVE('',#3168,#3167,#3590,.T.);
#2596=EDGE_CURVE('',#3169,#3158,#596,.T.);
#2597=EDGE_CURVE('',#3168,#3169,#597,.T.);
#2598=EDGE_CURVE('',#3169,#3166,#3591,.T.);
#2599=EDGE_CURVE('',#3170,#3170,#598,.T.);
#2600=EDGE_CURVE('',#3171,#3171,#599,.T.);
#2601=EDGE_CURVE('',#3172,#3172,#600,.T.);
#2602=EDGE_CURVE('',#3173,#3173,#601,.T.);
#2603=EDGE_CURVE('',#3174,#3175,#3592,.T.);
#2604=EDGE_CURVE('',#3174,#3176,#602,.T.);
#2605=EDGE_CURVE('',#3177,#3176,#3593,.T.);
#2606=EDGE_CURVE('',#3177,#3175,#603,.T.);
#2607=EDGE_CURVE('',#3175,#3178,#3594,.T.);
#2608=EDGE_CURVE('',#3179,#3177,#3595,.T.);
#2609=EDGE_CURVE('',#3178,#3179,#604,.T.);
#2610=EDGE_CURVE('',#3180,#3180,#605,.T.);
#2611=EDGE_CURVE('',#3181,#3181,#606,.T.);
#2612=EDGE_CURVE('',#3182,#3183,#607,.T.);
#2613=EDGE_CURVE('',#3178,#3183,#3596,.T.);
#2614=EDGE_CURVE('',#3182,#3179,#3597,.T.);
#2615=EDGE_CURVE('',#3184,#3182,#608,.T.);
#2616=EDGE_CURVE('',#3184,#3185,#609,.T.);
#2617=EDGE_CURVE('',#3183,#3185,#610,.T.);
#2618=EDGE_CURVE('',#3174,#3186,#611,.T.);
#2619=EDGE_CURVE('',#3186,#3185,#3598,.T.);
#2620=EDGE_CURVE('',#3187,#3176,#612,.T.);
#2621=EDGE_CURVE('',#3186,#3187,#613,.T.);
#2622=EDGE_CURVE('',#3187,#3184,#3599,.T.);
#2623=EDGE_CURVE('',#3188,#3188,#614,.T.);
#2624=EDGE_CURVE('',#3189,#3189,#615,.T.);
#2625=EDGE_CURVE('',#3190,#3190,#616,.T.);
#2626=EDGE_CURVE('',#3191,#3191,#617,.T.);
#2627=EDGE_CURVE('',#3192,#3193,#3600,.T.);
#2628=EDGE_CURVE('',#3192,#3194,#618,.T.);
#2629=EDGE_CURVE('',#3195,#3194,#3601,.T.);
#2630=EDGE_CURVE('',#3195,#3193,#619,.T.);
#2631=EDGE_CURVE('',#3193,#3196,#3602,.T.);
#2632=EDGE_CURVE('',#3197,#3195,#3603,.T.);
#2633=EDGE_CURVE('',#3196,#3197,#620,.T.);
#2634=EDGE_CURVE('',#3198,#3198,#621,.T.);
#2635=EDGE_CURVE('',#3199,#3199,#622,.T.);
#2636=EDGE_CURVE('',#3200,#3201,#623,.T.);
#2637=EDGE_CURVE('',#3196,#3201,#3604,.T.);
#2638=EDGE_CURVE('',#3200,#3197,#3605,.T.);
#2639=EDGE_CURVE('',#3202,#3200,#624,.T.);
#2640=EDGE_CURVE('',#3202,#3203,#625,.T.);
#2641=EDGE_CURVE('',#3201,#3203,#626,.T.);
#2642=EDGE_CURVE('',#3192,#3204,#627,.T.);
#2643=EDGE_CURVE('',#3204,#3203,#3606,.T.);
#2644=EDGE_CURVE('',#3205,#3194,#628,.T.);
#2645=EDGE_CURVE('',#3204,#3205,#629,.T.);
#2646=EDGE_CURVE('',#3205,#3202,#3607,.T.);
#2647=EDGE_CURVE('',#3206,#3206,#630,.T.);
#2648=EDGE_CURVE('',#3207,#3207,#631,.T.);
#2649=EDGE_CURVE('',#3208,#3208,#632,.T.);
#2650=EDGE_CURVE('',#3209,#3209,#633,.T.);
#2651=EDGE_CURVE('',#3210,#3211,#3608,.T.);
#2652=EDGE_CURVE('',#3210,#3212,#634,.T.);
#2653=EDGE_CURVE('',#3213,#3212,#3609,.T.);
#2654=EDGE_CURVE('',#3213,#3211,#635,.T.);
#2655=EDGE_CURVE('',#3211,#3214,#3610,.T.);
#2656=EDGE_CURVE('',#3215,#3213,#3611,.T.);
#2657=EDGE_CURVE('',#3214,#3215,#636,.T.);
#2658=EDGE_CURVE('',#3216,#3216,#637,.T.);
#2659=EDGE_CURVE('',#3217,#3217,#638,.T.);
#2660=EDGE_CURVE('',#3218,#3219,#639,.T.);
#2661=EDGE_CURVE('',#3214,#3219,#3612,.T.);
#2662=EDGE_CURVE('',#3218,#3215,#3613,.T.);
#2663=EDGE_CURVE('',#3220,#3218,#640,.T.);
#2664=EDGE_CURVE('',#3220,#3221,#641,.T.);
#2665=EDGE_CURVE('',#3219,#3221,#642,.T.);
#2666=EDGE_CURVE('',#3210,#3222,#643,.T.);
#2667=EDGE_CURVE('',#3222,#3221,#3614,.T.);
#2668=EDGE_CURVE('',#3223,#3212,#644,.T.);
#2669=EDGE_CURVE('',#3222,#3223,#645,.T.);
#2670=EDGE_CURVE('',#3223,#3220,#3615,.T.);
#2671=EDGE_CURVE('',#3224,#3224,#646,.T.);
#2672=EDGE_CURVE('',#3225,#3225,#647,.T.);
#2673=EDGE_CURVE('',#3226,#3226,#648,.T.);
#2674=EDGE_CURVE('',#3227,#3227,#649,.T.);
#2675=EDGE_CURVE('',#3228,#3229,#3616,.T.);
#2676=EDGE_CURVE('',#3228,#3230,#650,.T.);
#2677=EDGE_CURVE('',#3231,#3230,#3617,.T.);
#2678=EDGE_CURVE('',#3231,#3229,#651,.T.);
#2679=EDGE_CURVE('',#3229,#3232,#3618,.T.);
#2680=EDGE_CURVE('',#3233,#3231,#3619,.T.);
#2681=EDGE_CURVE('',#3232,#3233,#652,.T.);
#2682=EDGE_CURVE('',#3234,#3234,#653,.T.);
#2683=EDGE_CURVE('',#3235,#3235,#654,.T.);
#2684=EDGE_CURVE('',#3236,#3237,#655,.T.);
#2685=EDGE_CURVE('',#3232,#3237,#3620,.T.);
#2686=EDGE_CURVE('',#3236,#3233,#3621,.T.);
#2687=EDGE_CURVE('',#3238,#3236,#656,.T.);
#2688=EDGE_CURVE('',#3238,#3239,#657,.T.);
#2689=EDGE_CURVE('',#3237,#3239,#658,.T.);
#2690=EDGE_CURVE('',#3228,#3240,#659,.T.);
#2691=EDGE_CURVE('',#3240,#3239,#3622,.T.);
#2692=EDGE_CURVE('',#3241,#3230,#660,.T.);
#2693=EDGE_CURVE('',#3240,#3241,#661,.T.);
#2694=EDGE_CURVE('',#3241,#3238,#3623,.T.);
#2695=EDGE_CURVE('',#3242,#3242,#662,.T.);
#2696=EDGE_CURVE('',#3243,#3243,#663,.T.);
#2697=EDGE_CURVE('',#3244,#3244,#664,.T.);
#2698=EDGE_CURVE('',#3245,#3245,#665,.T.);
#2699=EDGE_CURVE('',#3246,#3247,#3624,.T.);
#2700=EDGE_CURVE('',#3246,#3248,#666,.T.);
#2701=EDGE_CURVE('',#3249,#3248,#3625,.T.);
#2702=EDGE_CURVE('',#3249,#3247,#667,.T.);
#2703=EDGE_CURVE('',#3247,#3250,#3626,.T.);
#2704=EDGE_CURVE('',#3251,#3249,#3627,.T.);
#2705=EDGE_CURVE('',#3250,#3251,#668,.T.);
#2706=EDGE_CURVE('',#3252,#3252,#669,.T.);
#2707=EDGE_CURVE('',#3253,#3253,#670,.T.);
#2708=EDGE_CURVE('',#3254,#3255,#671,.T.);
#2709=EDGE_CURVE('',#3250,#3255,#3628,.T.);
#2710=EDGE_CURVE('',#3254,#3251,#3629,.T.);
#2711=EDGE_CURVE('',#3256,#3254,#672,.T.);
#2712=EDGE_CURVE('',#3256,#3257,#673,.T.);
#2713=EDGE_CURVE('',#3255,#3257,#674,.T.);
#2714=EDGE_CURVE('',#3246,#3258,#675,.T.);
#2715=EDGE_CURVE('',#3258,#3257,#3630,.T.);
#2716=EDGE_CURVE('',#3259,#3248,#676,.T.);
#2717=EDGE_CURVE('',#3258,#3259,#677,.T.);
#2718=EDGE_CURVE('',#3259,#3256,#3631,.T.);
#2719=EDGE_CURVE('',#3260,#3260,#678,.T.);
#2720=EDGE_CURVE('',#3261,#3261,#679,.T.);
#2721=EDGE_CURVE('',#3262,#3262,#680,.T.);
#2722=EDGE_CURVE('',#3263,#3263,#681,.T.);
#2723=EDGE_CURVE('',#3264,#3265,#3632,.T.);
#2724=EDGE_CURVE('',#3264,#3266,#682,.T.);
#2725=EDGE_CURVE('',#3267,#3266,#3633,.T.);
#2726=EDGE_CURVE('',#3267,#3265,#683,.T.);
#2727=EDGE_CURVE('',#3265,#3268,#3634,.T.);
#2728=EDGE_CURVE('',#3269,#3267,#3635,.T.);
#2729=EDGE_CURVE('',#3268,#3269,#684,.T.);
#2730=EDGE_CURVE('',#3270,#3270,#685,.T.);
#2731=EDGE_CURVE('',#3271,#3271,#686,.T.);
#2732=EDGE_CURVE('',#3272,#3273,#687,.T.);
#2733=EDGE_CURVE('',#3268,#3273,#3636,.T.);
#2734=EDGE_CURVE('',#3272,#3269,#3637,.T.);
#2735=EDGE_CURVE('',#3274,#3272,#688,.T.);
#2736=EDGE_CURVE('',#3274,#3275,#689,.T.);
#2737=EDGE_CURVE('',#3273,#3275,#690,.T.);
#2738=EDGE_CURVE('',#3264,#3276,#691,.T.);
#2739=EDGE_CURVE('',#3276,#3275,#3638,.T.);
#2740=EDGE_CURVE('',#3277,#3266,#692,.T.);
#2741=EDGE_CURVE('',#3276,#3277,#693,.T.);
#2742=EDGE_CURVE('',#3277,#3274,#3639,.T.);
#2743=VERTEX_POINT('',#8650);
#2744=VERTEX_POINT('',#8651);
#2745=VERTEX_POINT('',#8653);
#2746=VERTEX_POINT('',#8655);
#2747=VERTEX_POINT('',#8659);
#2748=VERTEX_POINT('',#8660);
#2749=VERTEX_POINT('',#8662);
#2750=VERTEX_POINT('',#8664);
#2751=VERTEX_POINT('',#8668);
#2752=VERTEX_POINT('',#8671);
#2753=VERTEX_POINT('',#8674);
#2754=VERTEX_POINT('',#8677);
#2755=VERTEX_POINT('',#8680);
#2756=VERTEX_POINT('',#8683);
#2757=VERTEX_POINT('',#8686);
#2758=VERTEX_POINT('',#8689);
#2759=VERTEX_POINT('',#8692);
#2760=VERTEX_POINT('',#8695);
#2761=VERTEX_POINT('',#8698);
#2762=VERTEX_POINT('',#8701);
#2763=VERTEX_POINT('',#8704);
#2764=VERTEX_POINT('',#8707);
#2765=VERTEX_POINT('',#8710);
#2766=VERTEX_POINT('',#8713);
#2767=VERTEX_POINT('',#8716);
#2768=VERTEX_POINT('',#8719);
#2769=VERTEX_POINT('',#8722);
#2770=VERTEX_POINT('',#8725);
#2771=VERTEX_POINT('',#8728);
#2772=VERTEX_POINT('',#8731);
#2773=VERTEX_POINT('',#8734);
#2774=VERTEX_POINT('',#8737);
#2775=VERTEX_POINT('',#8740);
#2776=VERTEX_POINT('',#8743);
#2777=VERTEX_POINT('',#8746);
#2778=VERTEX_POINT('',#8749);
#2779=VERTEX_POINT('',#8752);
#2780=VERTEX_POINT('',#8755);
#2781=VERTEX_POINT('',#8758);
#2782=VERTEX_POINT('',#8761);
#2783=VERTEX_POINT('',#8764);
#2784=VERTEX_POINT('',#8766);
#2785=VERTEX_POINT('',#8768);
#2786=VERTEX_POINT('',#8771);
#2787=VERTEX_POINT('',#8774);
#2788=VERTEX_POINT('',#8777);
#2789=VERTEX_POINT('',#8780);
#2790=VERTEX_POINT('',#8783);
#2791=VERTEX_POINT('',#8786);
#2792=VERTEX_POINT('',#8789);
#2793=VERTEX_POINT('',#8792);
#2794=VERTEX_POINT('',#8795);
#2795=VERTEX_POINT('',#8798);
#2796=VERTEX_POINT('',#8801);
#2797=VERTEX_POINT('',#8804);
#2798=VERTEX_POINT('',#8806);
#2799=VERTEX_POINT('',#8808);
#2800=VERTEX_POINT('',#8811);
#2801=VERTEX_POINT('',#8814);
#2802=VERTEX_POINT('',#8817);
#2803=VERTEX_POINT('',#8820);
#2804=VERTEX_POINT('',#8823);
#2805=VERTEX_POINT('',#8826);
#2806=VERTEX_POINT('',#8828);
#2807=VERTEX_POINT('',#8830);
#2808=VERTEX_POINT('',#8833);
#2809=VERTEX_POINT('',#8836);
#2810=VERTEX_POINT('',#8839);
#2811=VERTEX_POINT('',#8842);
#2812=VERTEX_POINT('',#8845);
#2813=VERTEX_POINT('',#8848);
#2814=VERTEX_POINT('',#8850);
#2815=VERTEX_POINT('',#8852);
#2816=VERTEX_POINT('',#8855);
#2817=VERTEX_POINT('',#8858);
#2818=VERTEX_POINT('',#8861);
#2819=VERTEX_POINT('',#8864);
#2820=VERTEX_POINT('',#8867);
#2821=VERTEX_POINT('',#8870);
#2822=VERTEX_POINT('',#8873);
#2823=VERTEX_POINT('',#8874);
#2824=VERTEX_POINT('',#8876);
#2825=VERTEX_POINT('',#8878);
#2826=VERTEX_POINT('',#8880);
#2827=VERTEX_POINT('',#8884);
#2828=VERTEX_POINT('',#8885);
#2829=VERTEX_POINT('',#8890);
#2830=VERTEX_POINT('',#8893);
#2831=VERTEX_POINT('',#8896);
#2832=VERTEX_POINT('',#8899);
#2833=VERTEX_POINT('',#8902);
#2834=VERTEX_POINT('',#8905);
#2835=VERTEX_POINT('',#8908);
#2836=VERTEX_POINT('',#8911);
#2837=VERTEX_POINT('',#8914);
#2838=VERTEX_POINT('',#8917);
#2839=VERTEX_POINT('',#8920);
#2840=VERTEX_POINT('',#8923);
#2841=VERTEX_POINT('',#8925);
#2842=VERTEX_POINT('',#8927);
#2843=VERTEX_POINT('',#8930);
#2844=VERTEX_POINT('',#8933);
#2845=VERTEX_POINT('',#8936);
#2846=VERTEX_POINT('',#8939);
#2847=VERTEX_POINT('',#8942);
#2848=VERTEX_POINT('',#8945);
#2849=VERTEX_POINT('',#8947);
#2850=VERTEX_POINT('',#8949);
#2851=VERTEX_POINT('',#8952);
#2852=VERTEX_POINT('',#8955);
#2853=VERTEX_POINT('',#8958);
#2854=VERTEX_POINT('',#8961);
#2855=VERTEX_POINT('',#8964);
#2856=VERTEX_POINT('',#8967);
#2857=VERTEX_POINT('',#8970);
#2858=VERTEX_POINT('',#8971);
#2859=VERTEX_POINT('',#8973);
#2860=VERTEX_POINT('',#8975);
#2861=VERTEX_POINT('',#8977);
#2862=VERTEX_POINT('',#8981);
#2863=VERTEX_POINT('',#8983);
#2864=VERTEX_POINT('',#8987);
#2865=VERTEX_POINT('',#8989);
#2866=VERTEX_POINT('',#8991);
#2867=VERTEX_POINT('',#8995);
#2868=VERTEX_POINT('',#8998);
#2869=VERTEX_POINT('',#9001);
#2870=VERTEX_POINT('',#9004);
#2871=VERTEX_POINT('',#9007);
#2872=VERTEX_POINT('',#9010);
#2873=VERTEX_POINT('',#9013);
#2874=VERTEX_POINT('',#9016);
#2875=VERTEX_POINT('',#9019);
#2876=VERTEX_POINT('',#9022);
#2877=VERTEX_POINT('',#9025);
#2878=VERTEX_POINT('',#9028);
#2879=VERTEX_POINT('',#9031);
#2880=VERTEX_POINT('',#9034);
#2881=VERTEX_POINT('',#9037);
#2882=VERTEX_POINT('',#9040);
#2883=VERTEX_POINT('',#9043);
#2884=VERTEX_POINT('',#9046);
#2885=VERTEX_POINT('',#9049);
#2886=VERTEX_POINT('',#9052);
#2887=VERTEX_POINT('',#9055);
#2888=VERTEX_POINT('',#9058);
#2889=VERTEX_POINT('',#9061);
#2890=VERTEX_POINT('',#9064);
#2891=VERTEX_POINT('',#9067);
#2892=VERTEX_POINT('',#9068);
#2893=VERTEX_POINT('',#9070);
#2894=VERTEX_POINT('',#9072);
#2895=VERTEX_POINT('',#9074);
#2896=VERTEX_POINT('',#9078);
#2897=VERTEX_POINT('',#9080);
#2898=VERTEX_POINT('',#9084);
#2899=VERTEX_POINT('',#9085);
#2900=VERTEX_POINT('',#9090);
#2901=VERTEX_POINT('',#9092);
#2902=VERTEX_POINT('',#9096);
#2903=VERTEX_POINT('',#9097);
#2904=VERTEX_POINT('',#9099);
#2905=VERTEX_POINT('',#9101);
#2906=VERTEX_POINT('',#9108);
#2907=VERTEX_POINT('',#9112);
#2908=VERTEX_POINT('',#9116);
#2909=VERTEX_POINT('',#9118);
#2910=VERTEX_POINT('',#9122);
#2911=VERTEX_POINT('',#9124);
#2912=VERTEX_POINT('',#9126);
#2913=VERTEX_POINT('',#9130);
#2914=VERTEX_POINT('',#9135);
#2915=VERTEX_POINT('',#9139);
#2916=VERTEX_POINT('',#9143);
#2917=VERTEX_POINT('',#9147);
#2918=VERTEX_POINT('',#9151);
#2919=VERTEX_POINT('',#9153);
#2920=VERTEX_POINT('',#9155);
#2921=VERTEX_POINT('',#9159);
#2922=VERTEX_POINT('',#9161);
#2923=VERTEX_POINT('',#9165);
#2924=VERTEX_POINT('',#9167);
#2925=VERTEX_POINT('',#9171);
#2926=VERTEX_POINT('',#9173);
#2927=VERTEX_POINT('',#9181);
#2928=VERTEX_POINT('',#9185);
#2929=VERTEX_POINT('',#9189);
#2930=VERTEX_POINT('',#9190);
#2931=VERTEX_POINT('',#9195);
#2932=VERTEX_POINT('',#9197);
#2933=VERTEX_POINT('',#9201);
#2934=VERTEX_POINT('',#9202);
#2935=VERTEX_POINT('',#9210);
#2936=VERTEX_POINT('',#9214);
#2937=VERTEX_POINT('',#9218);
#2938=VERTEX_POINT('',#9219);
#2939=VERTEX_POINT('',#9228);
#2940=VERTEX_POINT('',#9232);
#2941=VERTEX_POINT('',#9234);
#2942=VERTEX_POINT('',#9238);
#2943=VERTEX_POINT('',#9242);
#2944=VERTEX_POINT('',#9243);
#2945=VERTEX_POINT('',#9245);
#2946=VERTEX_POINT('',#9247);
#2947=VERTEX_POINT('',#9251);
#2948=VERTEX_POINT('',#9255);
#2949=VERTEX_POINT('',#9256);
#2950=VERTEX_POINT('',#9258);
#2951=VERTEX_POINT('',#9260);
#2952=VERTEX_POINT('',#9264);
#2953=VERTEX_POINT('',#9277);
#2954=VERTEX_POINT('',#9278);
#2955=VERTEX_POINT('',#9284);
#2956=VERTEX_POINT('',#9288);
#2957=VERTEX_POINT('',#9289);
#2958=VERTEX_POINT('',#9291);
#2959=VERTEX_POINT('',#9293);
#2960=VERTEX_POINT('',#9295);
#2961=VERTEX_POINT('',#9299);
#2962=VERTEX_POINT('',#9301);
#2963=VERTEX_POINT('',#9305);
#2964=VERTEX_POINT('',#9307);
#2965=VERTEX_POINT('',#9309);
#2966=VERTEX_POINT('',#9313);
#2967=VERTEX_POINT('',#9316);
#2968=VERTEX_POINT('',#9319);
#2969=VERTEX_POINT('',#9322);
#2970=VERTEX_POINT('',#9325);
#2971=VERTEX_POINT('',#9328);
#2972=VERTEX_POINT('',#9331);
#2973=VERTEX_POINT('',#9343);
#2974=VERTEX_POINT('',#9345);
#2975=VERTEX_POINT('',#9348);
#2976=VERTEX_POINT('',#9351);
#2977=VERTEX_POINT('',#9354);
#2978=VERTEX_POINT('',#9357);
#2979=VERTEX_POINT('',#9360);
#2980=VERTEX_POINT('',#9363);
#2981=VERTEX_POINT('',#9365);
#2982=VERTEX_POINT('',#9367);
#2983=VERTEX_POINT('',#9370);
#2984=VERTEX_POINT('',#9373);
#2985=VERTEX_POINT('',#9376);
#2986=VERTEX_POINT('',#9379);
#2987=VERTEX_POINT('',#9382);
#2988=VERTEX_POINT('',#9385);
#2989=VERTEX_POINT('',#9388);
#2990=VERTEX_POINT('',#9396);
#2991=VERTEX_POINT('',#9397);
#2992=VERTEX_POINT('',#9399);
#2993=VERTEX_POINT('',#9401);
#2994=VERTEX_POINT('',#9403);
#2995=VERTEX_POINT('',#9405);
#2996=VERTEX_POINT('',#9409);
#2997=VERTEX_POINT('',#9411);
#2998=VERTEX_POINT('',#9415);
#2999=VERTEX_POINT('',#9419);
#3000=VERTEX_POINT('',#9423);
#3001=VERTEX_POINT('',#9427);
#3002=VERTEX_POINT('',#9433);
#3003=VERTEX_POINT('',#9436);
#3004=VERTEX_POINT('',#9439);
#3005=VERTEX_POINT('',#9442);
#3006=VERTEX_POINT('',#9445);
#3007=VERTEX_POINT('',#9448);
#3008=VERTEX_POINT('',#9453);
#3009=VERTEX_POINT('',#9454);
#3010=VERTEX_POINT('',#9456);
#3011=VERTEX_POINT('',#9458);
#3012=VERTEX_POINT('',#9460);
#3013=VERTEX_POINT('',#9462);
#3014=VERTEX_POINT('',#9466);
#3015=VERTEX_POINT('',#9468);
#3016=VERTEX_POINT('',#9472);
#3017=VERTEX_POINT('',#9476);
#3018=VERTEX_POINT('',#9480);
#3019=VERTEX_POINT('',#9484);
#3020=VERTEX_POINT('',#9490);
#3021=VERTEX_POINT('',#9493);
#3022=VERTEX_POINT('',#9496);
#3023=VERTEX_POINT('',#9499);
#3024=VERTEX_POINT('',#9502);
#3025=VERTEX_POINT('',#9505);
#3026=VERTEX_POINT('',#9510);
#3027=VERTEX_POINT('',#9511);
#3028=VERTEX_POINT('',#9513);
#3029=VERTEX_POINT('',#9515);
#3030=VERTEX_POINT('',#9517);
#3031=VERTEX_POINT('',#9519);
#3032=VERTEX_POINT('',#9523);
#3033=VERTEX_POINT('',#9525);
#3034=VERTEX_POINT('',#9529);
#3035=VERTEX_POINT('',#9533);
#3036=VERTEX_POINT('',#9537);
#3037=VERTEX_POINT('',#9541);
#3038=VERTEX_POINT('',#9547);
#3039=VERTEX_POINT('',#9550);
#3040=VERTEX_POINT('',#9553);
#3041=VERTEX_POINT('',#9556);
#3042=VERTEX_POINT('',#9559);
#3043=VERTEX_POINT('',#9562);
#3044=VERTEX_POINT('',#9567);
#3045=VERTEX_POINT('',#9568);
#3046=VERTEX_POINT('',#9570);
#3047=VERTEX_POINT('',#9572);
#3048=VERTEX_POINT('',#9574);
#3049=VERTEX_POINT('',#9576);
#3050=VERTEX_POINT('',#9580);
#3051=VERTEX_POINT('',#9582);
#3052=VERTEX_POINT('',#9586);
#3053=VERTEX_POINT('',#9590);
#3054=VERTEX_POINT('',#9594);
#3055=VERTEX_POINT('',#9598);
#3056=VERTEX_POINT('',#9604);
#3057=VERTEX_POINT('',#9607);
#3058=VERTEX_POINT('',#9610);
#3059=VERTEX_POINT('',#9613);
#3060=VERTEX_POINT('',#9616);
#3061=VERTEX_POINT('',#9619);
#3062=VERTEX_POINT('',#9624);
#3063=VERTEX_POINT('',#9625);
#3064=VERTEX_POINT('',#9627);
#3065=VERTEX_POINT('',#9629);
#3066=VERTEX_POINT('',#9631);
#3067=VERTEX_POINT('',#9633);
#3068=VERTEX_POINT('',#9637);
#3069=VERTEX_POINT('',#9639);
#3070=VERTEX_POINT('',#9643);
#3071=VERTEX_POINT('',#9647);
#3072=VERTEX_POINT('',#9651);
#3073=VERTEX_POINT('',#9655);
#3074=VERTEX_POINT('',#9661);
#3075=VERTEX_POINT('',#9664);
#3076=VERTEX_POINT('',#9667);
#3077=VERTEX_POINT('',#9670);
#3078=VERTEX_POINT('',#9673);
#3079=VERTEX_POINT('',#9676);
#3080=VERTEX_POINT('',#9681);
#3081=VERTEX_POINT('',#9682);
#3082=VERTEX_POINT('',#9684);
#3083=VERTEX_POINT('',#9686);
#3084=VERTEX_POINT('',#9688);
#3085=VERTEX_POINT('',#9690);
#3086=VERTEX_POINT('',#9694);
#3087=VERTEX_POINT('',#9696);
#3088=VERTEX_POINT('',#9700);
#3089=VERTEX_POINT('',#9704);
#3090=VERTEX_POINT('',#9708);
#3091=VERTEX_POINT('',#9712);
#3092=VERTEX_POINT('',#9718);
#3093=VERTEX_POINT('',#9721);
#3094=VERTEX_POINT('',#9724);
#3095=VERTEX_POINT('',#9727);
#3096=VERTEX_POINT('',#9730);
#3097=VERTEX_POINT('',#9733);
#3098=VERTEX_POINT('',#9738);
#3099=VERTEX_POINT('',#9739);
#3100=VERTEX_POINT('',#9741);
#3101=VERTEX_POINT('',#9743);
#3102=VERTEX_POINT('',#9745);
#3103=VERTEX_POINT('',#9747);
#3104=VERTEX_POINT('',#9751);
#3105=VERTEX_POINT('',#9753);
#3106=VERTEX_POINT('',#9757);
#3107=VERTEX_POINT('',#9761);
#3108=VERTEX_POINT('',#9765);
#3109=VERTEX_POINT('',#9769);
#3110=VERTEX_POINT('',#9775);
#3111=VERTEX_POINT('',#9778);
#3112=VERTEX_POINT('',#9781);
#3113=VERTEX_POINT('',#9784);
#3114=VERTEX_POINT('',#9787);
#3115=VERTEX_POINT('',#9790);
#3116=VERTEX_POINT('',#9795);
#3117=VERTEX_POINT('',#9796);
#3118=VERTEX_POINT('',#9798);
#3119=VERTEX_POINT('',#9800);
#3120=VERTEX_POINT('',#9802);
#3121=VERTEX_POINT('',#9804);
#3122=VERTEX_POINT('',#9808);
#3123=VERTEX_POINT('',#9810);
#3124=VERTEX_POINT('',#9814);
#3125=VERTEX_POINT('',#9818);
#3126=VERTEX_POINT('',#9822);
#3127=VERTEX_POINT('',#9826);
#3128=VERTEX_POINT('',#9832);
#3129=VERTEX_POINT('',#9835);
#3130=VERTEX_POINT('',#9838);
#3131=VERTEX_POINT('',#9841);
#3132=VERTEX_POINT('',#9844);
#3133=VERTEX_POINT('',#9847);
#3134=VERTEX_POINT('',#9852);
#3135=VERTEX_POINT('',#9854);
#3136=VERTEX_POINT('',#9857);
#3137=VERTEX_POINT('',#9860);
#3138=VERTEX_POINT('',#9863);
#3139=VERTEX_POINT('',#9864);
#3140=VERTEX_POINT('',#9866);
#3141=VERTEX_POINT('',#9868);
#3142=VERTEX_POINT('',#9872);
#3143=VERTEX_POINT('',#9874);
#3144=VERTEX_POINT('',#9878);
#3145=VERTEX_POINT('',#9881);
#3146=VERTEX_POINT('',#9884);
#3147=VERTEX_POINT('',#9885);
#3148=VERTEX_POINT('',#9890);
#3149=VERTEX_POINT('',#9892);
#3150=VERTEX_POINT('',#9896);
#3151=VERTEX_POINT('',#9900);
#3152=VERTEX_POINT('',#9908);
#3153=VERTEX_POINT('',#9910);
#3154=VERTEX_POINT('',#9913);
#3155=VERTEX_POINT('',#9916);
#3156=VERTEX_POINT('',#9919);
#3157=VERTEX_POINT('',#9920);
#3158=VERTEX_POINT('',#9922);
#3159=VERTEX_POINT('',#9924);
#3160=VERTEX_POINT('',#9928);
#3161=VERTEX_POINT('',#9930);
#3162=VERTEX_POINT('',#9934);
#3163=VERTEX_POINT('',#9937);
#3164=VERTEX_POINT('',#9940);
#3165=VERTEX_POINT('',#9941);
#3166=VERTEX_POINT('',#9946);
#3167=VERTEX_POINT('',#9948);
#3168=VERTEX_POINT('',#9952);
#3169=VERTEX_POINT('',#9956);
#3170=VERTEX_POINT('',#9964);
#3171=VERTEX_POINT('',#9966);
#3172=VERTEX_POINT('',#9969);
#3173=VERTEX_POINT('',#9972);
#3174=VERTEX_POINT('',#9975);
#3175=VERTEX_POINT('',#9976);
#3176=VERTEX_POINT('',#9978);
#3177=VERTEX_POINT('',#9980);
#3178=VERTEX_POINT('',#9984);
#3179=VERTEX_POINT('',#9986);
#3180=VERTEX_POINT('',#9990);
#3181=VERTEX_POINT('',#9993);
#3182=VERTEX_POINT('',#9996);
#3183=VERTEX_POINT('',#9997);
#3184=VERTEX_POINT('',#10002);
#3185=VERTEX_POINT('',#10004);
#3186=VERTEX_POINT('',#10008);
#3187=VERTEX_POINT('',#10012);
#3188=VERTEX_POINT('',#10020);
#3189=VERTEX_POINT('',#10022);
#3190=VERTEX_POINT('',#10025);
#3191=VERTEX_POINT('',#10028);
#3192=VERTEX_POINT('',#10031);
#3193=VERTEX_POINT('',#10032);
#3194=VERTEX_POINT('',#10034);
#3195=VERTEX_POINT('',#10036);
#3196=VERTEX_POINT('',#10040);
#3197=VERTEX_POINT('',#10042);
#3198=VERTEX_POINT('',#10046);
#3199=VERTEX_POINT('',#10049);
#3200=VERTEX_POINT('',#10052);
#3201=VERTEX_POINT('',#10053);
#3202=VERTEX_POINT('',#10058);
#3203=VERTEX_POINT('',#10060);
#3204=VERTEX_POINT('',#10064);
#3205=VERTEX_POINT('',#10068);
#3206=VERTEX_POINT('',#10076);
#3207=VERTEX_POINT('',#10078);
#3208=VERTEX_POINT('',#10081);
#3209=VERTEX_POINT('',#10084);
#3210=VERTEX_POINT('',#10087);
#3211=VERTEX_POINT('',#10088);
#3212=VERTEX_POINT('',#10090);
#3213=VERTEX_POINT('',#10092);
#3214=VERTEX_POINT('',#10096);
#3215=VERTEX_POINT('',#10098);
#3216=VERTEX_POINT('',#10102);
#3217=VERTEX_POINT('',#10105);
#3218=VERTEX_POINT('',#10108);
#3219=VERTEX_POINT('',#10109);
#3220=VERTEX_POINT('',#10114);
#3221=VERTEX_POINT('',#10116);
#3222=VERTEX_POINT('',#10120);
#3223=VERTEX_POINT('',#10124);
#3224=VERTEX_POINT('',#10132);
#3225=VERTEX_POINT('',#10134);
#3226=VERTEX_POINT('',#10137);
#3227=VERTEX_POINT('',#10140);
#3228=VERTEX_POINT('',#10143);
#3229=VERTEX_POINT('',#10144);
#3230=VERTEX_POINT('',#10146);
#3231=VERTEX_POINT('',#10148);
#3232=VERTEX_POINT('',#10152);
#3233=VERTEX_POINT('',#10154);
#3234=VERTEX_POINT('',#10158);
#3235=VERTEX_POINT('',#10161);
#3236=VERTEX_POINT('',#10164);
#3237=VERTEX_POINT('',#10165);
#3238=VERTEX_POINT('',#10170);
#3239=VERTEX_POINT('',#10172);
#3240=VERTEX_POINT('',#10176);
#3241=VERTEX_POINT('',#10180);
#3242=VERTEX_POINT('',#10188);
#3243=VERTEX_POINT('',#10190);
#3244=VERTEX_POINT('',#10193);
#3245=VERTEX_POINT('',#10196);
#3246=VERTEX_POINT('',#10199);
#3247=VERTEX_POINT('',#10200);
#3248=VERTEX_POINT('',#10202);
#3249=VERTEX_POINT('',#10204);
#3250=VERTEX_POINT('',#10208);
#3251=VERTEX_POINT('',#10210);
#3252=VERTEX_POINT('',#10214);
#3253=VERTEX_POINT('',#10217);
#3254=VERTEX_POINT('',#10220);
#3255=VERTEX_POINT('',#10221);
#3256=VERTEX_POINT('',#10226);
#3257=VERTEX_POINT('',#10228);
#3258=VERTEX_POINT('',#10232);
#3259=VERTEX_POINT('',#10236);
#3260=VERTEX_POINT('',#10244);
#3261=VERTEX_POINT('',#10246);
#3262=VERTEX_POINT('',#10249);
#3263=VERTEX_POINT('',#10252);
#3264=VERTEX_POINT('',#10255);
#3265=VERTEX_POINT('',#10256);
#3266=VERTEX_POINT('',#10258);
#3267=VERTEX_POINT('',#10260);
#3268=VERTEX_POINT('',#10264);
#3269=VERTEX_POINT('',#10266);
#3270=VERTEX_POINT('',#10270);
#3271=VERTEX_POINT('',#10273);
#3272=VERTEX_POINT('',#10276);
#3273=VERTEX_POINT('',#10277);
#3274=VERTEX_POINT('',#10282);
#3275=VERTEX_POINT('',#10284);
#3276=VERTEX_POINT('',#10288);
#3277=VERTEX_POINT('',#10292);
#3278=LINE('',#8649,#3640);
#3279=LINE('',#8654,#3641);
#3280=LINE('',#8658,#3642);
#3281=LINE('',#8663,#3643);
#3282=LINE('',#8872,#3644);
#3283=LINE('',#8875,#3645);
#3284=LINE('',#8877,#3646);
#3285=LINE('',#8879,#3647);
#3286=LINE('',#8881,#3648);
#3287=LINE('',#8883,#3649);
#3288=LINE('',#8886,#3650);
#3289=LINE('',#8887,#3651);
#3290=LINE('',#8969,#3652);
#3291=LINE('',#8972,#3653);
#3292=LINE('',#8974,#3654);
#3293=LINE('',#8976,#3655);
#3294=LINE('',#8978,#3656);
#3295=LINE('',#8980,#3657);
#3296=LINE('',#8982,#3658);
#3297=LINE('',#8984,#3659);
#3298=LINE('',#8986,#3660);
#3299=LINE('',#8988,#3661);
#3300=LINE('',#8990,#3662);
#3301=LINE('',#8992,#3663);
#3302=LINE('',#9066,#3664);
#3303=LINE('',#9069,#3665);
#3304=LINE('',#9071,#3666);
#3305=LINE('',#9073,#3667);
#3306=LINE('',#9075,#3668);
#3307=LINE('',#9077,#3669);
#3308=LINE('',#9079,#3670);
#3309=LINE('',#9081,#3671);
#3310=LINE('',#9083,#3672);
#3311=LINE('',#9086,#3673);
#3312=LINE('',#9087,#3674);
#3313=LINE('',#9089,#3675);
#3314=LINE('',#9091,#3676);
#3315=LINE('',#9093,#3677);
#3316=LINE('',#9095,#3678);
#3317=LINE('',#9098,#3679);
#3318=LINE('',#9100,#3680);
#3319=LINE('',#9102,#3681);
#3320=LINE('',#9104,#3682);
#3321=LINE('',#9105,#3683);
#3322=LINE('',#9107,#3684);
#3323=LINE('',#9109,#3685);
#3324=LINE('',#9111,#3686);
#3325=LINE('',#9113,#3687);
#3326=LINE('',#9115,#3688);
#3327=LINE('',#9117,#3689);
#3328=LINE('',#9119,#3690);
#3329=LINE('',#9121,#3691);
#3330=LINE('',#9123,#3692);
#3331=LINE('',#9125,#3693);
#3332=LINE('',#9127,#3694);
#3333=LINE('',#9129,#3695);
#3334=LINE('',#9131,#3696);
#3335=LINE('',#9133,#3697);
#3336=LINE('',#9134,#3698);
#3337=LINE('',#9136,#3699);
#3338=LINE('',#9138,#3700);
#3339=LINE('',#9140,#3701);
#3340=LINE('',#9142,#3702);
#3341=LINE('',#9144,#3703);
#3342=LINE('',#9146,#3704);
#3343=LINE('',#9148,#3705);
#3344=LINE('',#9150,#3706);
#3345=LINE('',#9152,#3707);
#3346=LINE('',#9154,#3708);
#3347=LINE('',#9156,#3709);
#3348=LINE('',#9158,#3710);
#3349=LINE('',#9160,#3711);
#3350=LINE('',#9162,#3712);
#3351=LINE('',#9164,#3713);
#3352=LINE('',#9166,#3714);
#3353=LINE('',#9168,#3715);
#3354=LINE('',#9170,#3716);
#3355=LINE('',#9172,#3717);
#3356=LINE('',#9174,#3718);
#3357=LINE('',#9176,#3719);
#3358=LINE('',#9178,#3720);
#3359=LINE('',#9180,#3721);
#3360=LINE('',#9182,#3722);
#3361=LINE('',#9184,#3723);
#3362=LINE('',#9186,#3724);
#3363=LINE('',#9188,#3725);
#3364=LINE('',#9191,#3726);
#3365=LINE('',#9192,#3727);
#3366=LINE('',#9194,#3728);
#3367=LINE('',#9196,#3729);
#3368=LINE('',#9198,#3730);
#3369=LINE('',#9200,#3731);
#3370=LINE('',#9203,#3732);
#3371=LINE('',#9204,#3733);
#3372=LINE('',#9206,#3734);
#3373=LINE('',#9207,#3735);
#3374=LINE('',#9209,#3736);
#3375=LINE('',#9211,#3737);
#3376=LINE('',#9213,#3738);
#3377=LINE('',#9215,#3739);
#3378=LINE('',#9217,#3740);
#3379=LINE('',#9220,#3741);
#3380=LINE('',#9221,#3742);
#3381=LINE('',#9223,#3743);
#3382=LINE('',#9225,#3744);
#3383=LINE('',#9227,#3745);
#3384=LINE('',#9229,#3746);
#3385=LINE('',#9231,#3747);
#3386=LINE('',#9233,#3748);
#3387=LINE('',#9235,#3749);
#3388=LINE('',#9237,#3750);
#3389=LINE('',#9239,#3751);
#3390=LINE('',#9241,#3752);
#3391=LINE('',#9244,#3753);
#3392=LINE('',#9246,#3754);
#3393=LINE('',#9248,#3755);
#3394=LINE('',#9250,#3756);
#3395=LINE('',#9254,#3757);
#3396=LINE('',#9257,#3758);
#3397=LINE('',#9259,#3759);
#3398=LINE('',#9261,#3760);
#3399=LINE('',#9263,#3761);
#3400=LINE('',#9267,#3762);
#3401=LINE('',#9268,#3763);
#3402=LINE('',#9269,#3764);
#3403=LINE('',#9271,#3765);
#3404=LINE('',#9272,#3766);
#3405=LINE('',#9276,#3767);
#3406=LINE('',#9279,#3768);
#3407=LINE('',#9280,#3769);
#3408=LINE('',#9281,#3770);
#3409=LINE('',#9283,#3771);
#3410=LINE('',#9285,#3772);
#3411=LINE('',#9287,#3773);
#3412=LINE('',#9290,#3774);
#3413=LINE('',#9292,#3775);
#3414=LINE('',#9294,#3776);
#3415=LINE('',#9296,#3777);
#3416=LINE('',#9298,#3778);
#3417=LINE('',#9300,#3779);
#3418=LINE('',#9302,#3780);
#3419=LINE('',#9304,#3781);
#3420=LINE('',#9306,#3782);
#3421=LINE('',#9308,#3783);
#3422=LINE('',#9310,#3784);
#3423=LINE('',#9330,#3785);
#3424=LINE('',#9332,#3786);
#3425=LINE('',#9334,#3787);
#3426=LINE('',#9336,#3788);
#3427=LINE('',#9338,#3789);
#3428=LINE('',#9339,#3790);
#3429=LINE('',#9387,#3791);
#3430=LINE('',#9389,#3792);
#3431=LINE('',#9391,#3793);
#3432=LINE('',#9395,#3794);
#3433=LINE('',#9398,#3795);
#3434=LINE('',#9400,#3796);
#3435=LINE('',#9402,#3797);
#3436=LINE('',#9404,#3798);
#3437=LINE('',#9406,#3799);
#3438=LINE('',#9408,#3800);
#3439=LINE('',#9410,#3801);
#3440=LINE('',#9412,#3802);
#3441=LINE('',#9414,#3803);
#3442=LINE('',#9416,#3804);
#3443=LINE('',#9418,#3805);
#3444=LINE('',#9420,#3806);
#3445=LINE('',#9422,#3807);
#3446=LINE('',#9424,#3808);
#3447=LINE('',#9426,#3809);
#3448=LINE('',#9428,#3810);
#3449=LINE('',#9430,#3811);
#3450=LINE('',#9452,#3812);
#3451=LINE('',#9455,#3813);
#3452=LINE('',#9457,#3814);
#3453=LINE('',#9459,#3815);
#3454=LINE('',#9461,#3816);
#3455=LINE('',#9463,#3817);
#3456=LINE('',#9465,#3818);
#3457=LINE('',#9467,#3819);
#3458=LINE('',#9469,#3820);
#3459=LINE('',#9471,#3821);
#3460=LINE('',#9473,#3822);
#3461=LINE('',#9475,#3823);
#3462=LINE('',#9477,#3824);
#3463=LINE('',#9479,#3825);
#3464=LINE('',#9481,#3826);
#3465=LINE('',#9483,#3827);
#3466=LINE('',#9485,#3828);
#3467=LINE('',#9487,#3829);
#3468=LINE('',#9509,#3830);
#3469=LINE('',#9512,#3831);
#3470=LINE('',#9514,#3832);
#3471=LINE('',#9516,#3833);
#3472=LINE('',#9518,#3834);
#3473=LINE('',#9520,#3835);
#3474=LINE('',#9522,#3836);
#3475=LINE('',#9524,#3837);
#3476=LINE('',#9526,#3838);
#3477=LINE('',#9528,#3839);
#3478=LINE('',#9530,#3840);
#3479=LINE('',#9532,#3841);
#3480=LINE('',#9534,#3842);
#3481=LINE('',#9536,#3843);
#3482=LINE('',#9538,#3844);
#3483=LINE('',#9540,#3845);
#3484=LINE('',#9542,#3846);
#3485=LINE('',#9544,#3847);
#3486=LINE('',#9566,#3848);
#3487=LINE('',#9569,#3849);
#3488=LINE('',#9571,#3850);
#3489=LINE('',#9573,#3851);
#3490=LINE('',#9575,#3852);
#3491=LINE('',#9577,#3853);
#3492=LINE('',#9579,#3854);
#3493=LINE('',#9581,#3855);
#3494=LINE('',#9583,#3856);
#3495=LINE('',#9585,#3857);
#3496=LINE('',#9587,#3858);
#3497=LINE('',#9589,#3859);
#3498=LINE('',#9591,#3860);
#3499=LINE('',#9593,#3861);
#3500=LINE('',#9595,#3862);
#3501=LINE('',#9597,#3863);
#3502=LINE('',#9599,#3864);
#3503=LINE('',#9601,#3865);
#3504=LINE('',#9623,#3866);
#3505=LINE('',#9626,#3867);
#3506=LINE('',#9628,#3868);
#3507=LINE('',#9630,#3869);
#3508=LINE('',#9632,#3870);
#3509=LINE('',#9634,#3871);
#3510=LINE('',#9636,#3872);
#3511=LINE('',#9638,#3873);
#3512=LINE('',#9640,#3874);
#3513=LINE('',#9642,#3875);
#3514=LINE('',#9644,#3876);
#3515=LINE('',#9646,#3877);
#3516=LINE('',#9648,#3878);
#3517=LINE('',#9650,#3879);
#3518=LINE('',#9652,#3880);
#3519=LINE('',#9654,#3881);
#3520=LINE('',#9656,#3882);
#3521=LINE('',#9658,#3883);
#3522=LINE('',#9680,#3884);
#3523=LINE('',#9683,#3885);
#3524=LINE('',#9685,#3886);
#3525=LINE('',#9687,#3887);
#3526=LINE('',#9689,#3888);
#3527=LINE('',#9691,#3889);
#3528=LINE('',#9693,#3890);
#3529=LINE('',#9695,#3891);
#3530=LINE('',#9697,#3892);
#3531=LINE('',#9699,#3893);
#3532=LINE('',#9701,#3894);
#3533=LINE('',#9703,#3895);
#3534=LINE('',#9705,#3896);
#3535=LINE('',#9707,#3897);
#3536=LINE('',#9709,#3898);
#3537=LINE('',#9711,#3899);
#3538=LINE('',#9713,#3900);
#3539=LINE('',#9715,#3901);
#3540=LINE('',#9737,#3902);
#3541=LINE('',#9740,#3903);
#3542=LINE('',#9742,#3904);
#3543=LINE('',#9744,#3905);
#3544=LINE('',#9746,#3906);
#3545=LINE('',#9748,#3907);
#3546=LINE('',#9750,#3908);
#3547=LINE('',#9752,#3909);
#3548=LINE('',#9754,#3910);
#3549=LINE('',#9756,#3911);
#3550=LINE('',#9758,#3912);
#3551=LINE('',#9760,#3913);
#3552=LINE('',#9762,#3914);
#3553=LINE('',#9764,#3915);
#3554=LINE('',#9766,#3916);
#3555=LINE('',#9768,#3917);
#3556=LINE('',#9770,#3918);
#3557=LINE('',#9772,#3919);
#3558=LINE('',#9794,#3920);
#3559=LINE('',#9797,#3921);
#3560=LINE('',#9799,#3922);
#3561=LINE('',#9801,#3923);
#3562=LINE('',#9803,#3924);
#3563=LINE('',#9805,#3925);
#3564=LINE('',#9807,#3926);
#3565=LINE('',#9809,#3927);
#3566=LINE('',#9811,#3928);
#3567=LINE('',#9813,#3929);
#3568=LINE('',#9815,#3930);
#3569=LINE('',#9817,#3931);
#3570=LINE('',#9819,#3932);
#3571=LINE('',#9821,#3933);
#3572=LINE('',#9823,#3934);
#3573=LINE('',#9825,#3935);
#3574=LINE('',#9827,#3936);
#3575=LINE('',#9829,#3937);
#3576=LINE('',#9862,#3938);
#3577=LINE('',#9867,#3939);
#3578=LINE('',#9871,#3940);
#3579=LINE('',#9873,#3941);
#3580=LINE('',#9886,#3942);
#3581=LINE('',#9887,#3943);
#3582=LINE('',#9897,#3944);
#3583=LINE('',#9903,#3945);
#3584=LINE('',#9918,#3946);
#3585=LINE('',#9923,#3947);
#3586=LINE('',#9927,#3948);
#3587=LINE('',#9929,#3949);
#3588=LINE('',#9942,#3950);
#3589=LINE('',#9943,#3951);
#3590=LINE('',#9953,#3952);
#3591=LINE('',#9959,#3953);
#3592=LINE('',#9974,#3954);
#3593=LINE('',#9979,#3955);
#3594=LINE('',#9983,#3956);
#3595=LINE('',#9985,#3957);
#3596=LINE('',#9998,#3958);
#3597=LINE('',#9999,#3959);
#3598=LINE('',#10009,#3960);
#3599=LINE('',#10015,#3961);
#3600=LINE('',#10030,#3962);
#3601=LINE('',#10035,#3963);
#3602=LINE('',#10039,#3964);
#3603=LINE('',#10041,#3965);
#3604=LINE('',#10054,#3966);
#3605=LINE('',#10055,#3967);
#3606=LINE('',#10065,#3968);
#3607=LINE('',#10071,#3969);
#3608=LINE('',#10086,#3970);
#3609=LINE('',#10091,#3971);
#3610=LINE('',#10095,#3972);
#3611=LINE('',#10097,#3973);
#3612=LINE('',#10110,#3974);
#3613=LINE('',#10111,#3975);
#3614=LINE('',#10121,#3976);
#3615=LINE('',#10127,#3977);
#3616=LINE('',#10142,#3978);
#3617=LINE('',#10147,#3979);
#3618=LINE('',#10151,#3980);
#3619=LINE('',#10153,#3981);
#3620=LINE('',#10166,#3982);
#3621=LINE('',#10167,#3983);
#3622=LINE('',#10177,#3984);
#3623=LINE('',#10183,#3985);
#3624=LINE('',#10198,#3986);
#3625=LINE('',#10203,#3987);
#3626=LINE('',#10207,#3988);
#3627=LINE('',#10209,#3989);
#3628=LINE('',#10222,#3990);
#3629=LINE('',#10223,#3991);
#3630=LINE('',#10233,#3992);
#3631=LINE('',#10239,#3993);
#3632=LINE('',#10254,#3994);
#3633=LINE('',#10259,#3995);
#3634=LINE('',#10263,#3996);
#3635=LINE('',#10265,#3997);
#3636=LINE('',#10278,#3998);
#3637=LINE('',#10279,#3999);
#3638=LINE('',#10289,#4000);
#3639=LINE('',#10295,#4001);
#3640=VECTOR('',#6783,1.);
#3641=VECTOR('',#6786,1.);
#3642=VECTOR('',#6791,1.);
#3643=VECTOR('',#6794,1.);
#3644=VECTOR('',#7067,1.);
#3645=VECTOR('',#7068,1.);
#3646=VECTOR('',#7069,1.);
#3647=VECTOR('',#7070,1.);
#3648=VECTOR('',#7071,1.);
#3649=VECTOR('',#7074,1.);
#3650=VECTOR('',#7075,1.);
#3651=VECTOR('',#7076,1.);
#3652=VECTOR('',#7183,1.);
#3653=VECTOR('',#7184,1.);
#3654=VECTOR('',#7185,1.);
#3655=VECTOR('',#7186,1.);
#3656=VECTOR('',#7187,1.);
#3657=VECTOR('',#7190,1.);
#3658=VECTOR('',#7191,1.);
#3659=VECTOR('',#7192,1.);
#3660=VECTOR('',#7195,1.);
#3661=VECTOR('',#7196,1.);
#3662=VECTOR('',#7197,1.);
#3663=VECTOR('',#7198,1.);
#3664=VECTOR('',#7297,1.);
#3665=VECTOR('',#7298,1.);
#3666=VECTOR('',#7299,1.);
#3667=VECTOR('',#7300,1.);
#3668=VECTOR('',#7301,1.);
#3669=VECTOR('',#7304,1.);
#3670=VECTOR('',#7305,1.);
#3671=VECTOR('',#7306,1.);
#3672=VECTOR('',#7309,1.);
#3673=VECTOR('',#7310,1.);
#3674=VECTOR('',#7311,1.);
#3675=VECTOR('',#7314,1.);
#3676=VECTOR('',#7315,1.);
#3677=VECTOR('',#7316,1.);
#3678=VECTOR('',#7319,1.);
#3679=VECTOR('',#7320,1.);
#3680=VECTOR('',#7321,1.);
#3681=VECTOR('',#7322,1.);
#3682=VECTOR('',#7325,1.);
#3683=VECTOR('',#7326,1.);
#3684=VECTOR('',#7329,1.);
#3685=VECTOR('',#7330,1.);
#3686=VECTOR('',#7333,1.);
#3687=VECTOR('',#7334,1.);
#3688=VECTOR('',#7337,1.);
#3689=VECTOR('',#7338,1.);
#3690=VECTOR('',#7339,1.);
#3691=VECTOR('',#7342,1.);
#3692=VECTOR('',#7343,1.);
#3693=VECTOR('',#7344,1.);
#3694=VECTOR('',#7345,1.);
#3695=VECTOR('',#7348,1.);
#3696=VECTOR('',#7349,1.);
#3697=VECTOR('',#7352,1.);
#3698=VECTOR('',#7353,1.);
#3699=VECTOR('',#7354,1.);
#3700=VECTOR('',#7357,1.);
#3701=VECTOR('',#7358,1.);
#3702=VECTOR('',#7361,1.);
#3703=VECTOR('',#7362,1.);
#3704=VECTOR('',#7365,1.);
#3705=VECTOR('',#7366,1.);
#3706=VECTOR('',#7369,1.);
#3707=VECTOR('',#7370,1.);
#3708=VECTOR('',#7371,1.);
#3709=VECTOR('',#7372,1.);
#3710=VECTOR('',#7375,1.);
#3711=VECTOR('',#7376,1.);
#3712=VECTOR('',#7377,1.);
#3713=VECTOR('',#7380,1.);
#3714=VECTOR('',#7381,1.);
#3715=VECTOR('',#7382,1.);
#3716=VECTOR('',#7385,1.);
#3717=VECTOR('',#7386,1.);
#3718=VECTOR('',#7387,1.);
#3719=VECTOR('',#7390,1.);
#3720=VECTOR('',#7393,1.);
#3721=VECTOR('',#7396,1.);
#3722=VECTOR('',#7397,1.);
#3723=VECTOR('',#7400,1.);
#3724=VECTOR('',#7401,1.);
#3725=VECTOR('',#7404,1.);
#3726=VECTOR('',#7405,1.);
#3727=VECTOR('',#7406,1.);
#3728=VECTOR('',#7409,1.);
#3729=VECTOR('',#7410,1.);
#3730=VECTOR('',#7411,1.);
#3731=VECTOR('',#7414,1.);
#3732=VECTOR('',#7415,1.);
#3733=VECTOR('',#7416,1.);
#3734=VECTOR('',#7419,1.);
#3735=VECTOR('',#7420,1.);
#3736=VECTOR('',#7423,1.);
#3737=VECTOR('',#7424,1.);
#3738=VECTOR('',#7427,1.);
#3739=VECTOR('',#7428,1.);
#3740=VECTOR('',#7431,1.);
#3741=VECTOR('',#7432,1.);
#3742=VECTOR('',#7433,1.);
#3743=VECTOR('',#7436,1.);
#3744=VECTOR('',#7439,1.);
#3745=VECTOR('',#7442,1.);
#3746=VECTOR('',#7443,1.);
#3747=VECTOR('',#7446,1.);
#3748=VECTOR('',#7447,1.);
#3749=VECTOR('',#7448,1.);
#3750=VECTOR('',#7451,1.);
#3751=VECTOR('',#7452,1.);
#3752=VECTOR('',#7455,1.);
#3753=VECTOR('',#7456,1.);
#3754=VECTOR('',#7457,1.);
#3755=VECTOR('',#7458,1.);
#3756=VECTOR('',#7461,1.);
#3757=VECTOR('',#7466,1.);
#3758=VECTOR('',#7467,1.);
#3759=VECTOR('',#7468,1.);
#3760=VECTOR('',#7469,1.);
#3761=VECTOR('',#7472,1.);
#3762=VECTOR('',#7477,1.);
#3763=VECTOR('',#7478,1.);
#3764=VECTOR('',#7479,1.);
#3765=VECTOR('',#7482,1.);
#3766=VECTOR('',#7483,1.);
#3767=VECTOR('',#7490,1.);
#3768=VECTOR('',#7491,1.);
#3769=VECTOR('',#7492,1.);
#3770=VECTOR('',#7493,1.);
#3771=VECTOR('',#7496,1.);
#3772=VECTOR('',#7497,1.);
#3773=VECTOR('',#7500,1.);
#3774=VECTOR('',#7501,1.);
#3775=VECTOR('',#7502,1.);
#3776=VECTOR('',#7503,1.);
#3777=VECTOR('',#7504,1.);
#3778=VECTOR('',#7507,1.);
#3779=VECTOR('',#7508,1.);
#3780=VECTOR('',#7509,1.);
#3781=VECTOR('',#7512,1.);
#3782=VECTOR('',#7513,1.);
#3783=VECTOR('',#7514,1.);
#3784=VECTOR('',#7515,1.);
#3785=VECTOR('',#7542,1.);
#3786=VECTOR('',#7543,1.);
#3787=VECTOR('',#7546,1.);
#3788=VECTOR('',#7549,1.);
#3789=VECTOR('',#7552,1.);
#3790=VECTOR('',#7553,1.);
#3791=VECTOR('',#7616,1.);
#3792=VECTOR('',#7617,1.);
#3793=VECTOR('',#7620,1.);
#3794=VECTOR('',#7627,1.);
#3795=VECTOR('',#7628,1.);
#3796=VECTOR('',#7629,1.);
#3797=VECTOR('',#7630,1.);
#3798=VECTOR('',#7631,1.);
#3799=VECTOR('',#7632,1.);
#3800=VECTOR('',#7635,1.);
#3801=VECTOR('',#7636,1.);
#3802=VECTOR('',#7637,1.);
#3803=VECTOR('',#7640,1.);
#3804=VECTOR('',#7641,1.);
#3805=VECTOR('',#7644,1.);
#3806=VECTOR('',#7645,1.);
#3807=VECTOR('',#7648,1.);
#3808=VECTOR('',#7649,1.);
#3809=VECTOR('',#7652,1.);
#3810=VECTOR('',#7653,1.);
#3811=VECTOR('',#7656,1.);
#3812=VECTOR('',#7687,1.);
#3813=VECTOR('',#7688,1.);
#3814=VECTOR('',#7689,1.);
#3815=VECTOR('',#7690,1.);
#3816=VECTOR('',#7691,1.);
#3817=VECTOR('',#7692,1.);
#3818=VECTOR('',#7695,1.);
#3819=VECTOR('',#7696,1.);
#3820=VECTOR('',#7697,1.);
#3821=VECTOR('',#7700,1.);
#3822=VECTOR('',#7701,1.);
#3823=VECTOR('',#7704,1.);
#3824=VECTOR('',#7705,1.);
#3825=VECTOR('',#7708,1.);
#3826=VECTOR('',#7709,1.);
#3827=VECTOR('',#7712,1.);
#3828=VECTOR('',#7713,1.);
#3829=VECTOR('',#7716,1.);
#3830=VECTOR('',#7747,1.);
#3831=VECTOR('',#7748,1.);
#3832=VECTOR('',#7749,1.);
#3833=VECTOR('',#7750,1.);
#3834=VECTOR('',#7751,1.);
#3835=VECTOR('',#7752,1.);
#3836=VECTOR('',#7755,1.);
#3837=VECTOR('',#7756,1.);
#3838=VECTOR('',#7757,1.);
#3839=VECTOR('',#7760,1.);
#3840=VECTOR('',#7761,1.);
#3841=VECTOR('',#7764,1.);
#3842=VECTOR('',#7765,1.);
#3843=VECTOR('',#7768,1.);
#3844=VECTOR('',#7769,1.);
#3845=VECTOR('',#7772,1.);
#3846=VECTOR('',#7773,1.);
#3847=VECTOR('',#7776,1.);
#3848=VECTOR('',#7807,1.);
#3849=VECTOR('',#7808,1.);
#3850=VECTOR('',#7809,1.);
#3851=VECTOR('',#7810,1.);
#3852=VECTOR('',#7811,1.);
#3853=VECTOR('',#7812,1.);
#3854=VECTOR('',#7815,1.);
#3855=VECTOR('',#7816,1.);
#3856=VECTOR('',#7817,1.);
#3857=VECTOR('',#7820,1.);
#3858=VECTOR('',#7821,1.);
#3859=VECTOR('',#7824,1.);
#3860=VECTOR('',#7825,1.);
#3861=VECTOR('',#7828,1.);
#3862=VECTOR('',#7829,1.);
#3863=VECTOR('',#7832,1.);
#3864=VECTOR('',#7833,1.);
#3865=VECTOR('',#7836,1.);
#3866=VECTOR('',#7867,1.);
#3867=VECTOR('',#7868,1.);
#3868=VECTOR('',#7869,1.);
#3869=VECTOR('',#7870,1.);
#3870=VECTOR('',#7871,1.);
#3871=VECTOR('',#7872,1.);
#3872=VECTOR('',#7875,1.);
#3873=VECTOR('',#7876,1.);
#3874=VECTOR('',#7877,1.);
#3875=VECTOR('',#7880,1.);
#3876=VECTOR('',#7881,1.);
#3877=VECTOR('',#7884,1.);
#3878=VECTOR('',#7885,1.);
#3879=VECTOR('',#7888,1.);
#3880=VECTOR('',#7889,1.);
#3881=VECTOR('',#7892,1.);
#3882=VECTOR('',#7893,1.);
#3883=VECTOR('',#7896,1.);
#3884=VECTOR('',#7927,1.);
#3885=VECTOR('',#7928,1.);
#3886=VECTOR('',#7929,1.);
#3887=VECTOR('',#7930,1.);
#3888=VECTOR('',#7931,1.);
#3889=VECTOR('',#7932,1.);
#3890=VECTOR('',#7935,1.);
#3891=VECTOR('',#7936,1.);
#3892=VECTOR('',#7937,1.);
#3893=VECTOR('',#7940,1.);
#3894=VECTOR('',#7941,1.);
#3895=VECTOR('',#7944,1.);
#3896=VECTOR('',#7945,1.);
#3897=VECTOR('',#7948,1.);
#3898=VECTOR('',#7949,1.);
#3899=VECTOR('',#7952,1.);
#3900=VECTOR('',#7953,1.);
#3901=VECTOR('',#7956,1.);
#3902=VECTOR('',#7987,1.);
#3903=VECTOR('',#7988,1.);
#3904=VECTOR('',#7989,1.);
#3905=VECTOR('',#7990,1.);
#3906=VECTOR('',#7991,1.);
#3907=VECTOR('',#7992,1.);
#3908=VECTOR('',#7995,1.);
#3909=VECTOR('',#7996,1.);
#3910=VECTOR('',#7997,1.);
#3911=VECTOR('',#8000,1.);
#3912=VECTOR('',#8001,1.);
#3913=VECTOR('',#8004,1.);
#3914=VECTOR('',#8005,1.);
#3915=VECTOR('',#8008,1.);
#3916=VECTOR('',#8009,1.);
#3917=VECTOR('',#8012,1.);
#3918=VECTOR('',#8013,1.);
#3919=VECTOR('',#8016,1.);
#3920=VECTOR('',#8047,1.);
#3921=VECTOR('',#8048,1.);
#3922=VECTOR('',#8049,1.);
#3923=VECTOR('',#8050,1.);
#3924=VECTOR('',#8051,1.);
#3925=VECTOR('',#8052,1.);
#3926=VECTOR('',#8055,1.);
#3927=VECTOR('',#8056,1.);
#3928=VECTOR('',#8057,1.);
#3929=VECTOR('',#8060,1.);
#3930=VECTOR('',#8061,1.);
#3931=VECTOR('',#8064,1.);
#3932=VECTOR('',#8065,1.);
#3933=VECTOR('',#8068,1.);
#3934=VECTOR('',#8069,1.);
#3935=VECTOR('',#8072,1.);
#3936=VECTOR('',#8073,1.);
#3937=VECTOR('',#8076,1.);
#3938=VECTOR('',#8121,1.);
#3939=VECTOR('',#8124,1.);
#3940=VECTOR('',#8129,1.);
#3941=VECTOR('',#8130,1.);
#3942=VECTOR('',#8145,1.);
#3943=VECTOR('',#8146,1.);
#3944=VECTOR('',#8159,1.);
#3945=VECTOR('',#8168,1.);
#3946=VECTOR('',#8189,1.);
#3947=VECTOR('',#8192,1.);
#3948=VECTOR('',#8197,1.);
#3949=VECTOR('',#8198,1.);
#3950=VECTOR('',#8213,1.);
#3951=VECTOR('',#8214,1.);
#3952=VECTOR('',#8227,1.);
#3953=VECTOR('',#8236,1.);
#3954=VECTOR('',#8257,1.);
#3955=VECTOR('',#8260,1.);
#3956=VECTOR('',#8265,1.);
#3957=VECTOR('',#8266,1.);
#3958=VECTOR('',#8281,1.);
#3959=VECTOR('',#8282,1.);
#3960=VECTOR('',#8295,1.);
#3961=VECTOR('',#8304,1.);
#3962=VECTOR('',#8325,1.);
#3963=VECTOR('',#8328,1.);
#3964=VECTOR('',#8333,1.);
#3965=VECTOR('',#8334,1.);
#3966=VECTOR('',#8349,1.);
#3967=VECTOR('',#8350,1.);
#3968=VECTOR('',#8363,1.);
#3969=VECTOR('',#8372,1.);
#3970=VECTOR('',#8393,1.);
#3971=VECTOR('',#8396,1.);
#3972=VECTOR('',#8401,1.);
#3973=VECTOR('',#8402,1.);
#3974=VECTOR('',#8417,1.);
#3975=VECTOR('',#8418,1.);
#3976=VECTOR('',#8431,1.);
#3977=VECTOR('',#8440,1.);
#3978=VECTOR('',#8461,1.);
#3979=VECTOR('',#8464,1.);
#3980=VECTOR('',#8469,1.);
#3981=VECTOR('',#8470,1.);
#3982=VECTOR('',#8485,1.);
#3983=VECTOR('',#8486,1.);
#3984=VECTOR('',#8499,1.);
#3985=VECTOR('',#8508,1.);
#3986=VECTOR('',#8529,1.);
#3987=VECTOR('',#8532,1.);
#3988=VECTOR('',#8537,1.);
#3989=VECTOR('',#8538,1.);
#3990=VECTOR('',#8553,1.);
#3991=VECTOR('',#8554,1.);
#3992=VECTOR('',#8567,1.);
#3993=VECTOR('',#8576,1.);
#3994=VECTOR('',#8597,1.);
#3995=VECTOR('',#8600,1.);
#3996=VECTOR('',#8605,1.);
#3997=VECTOR('',#8606,1.);
#3998=VECTOR('',#8621,1.);
#3999=VECTOR('',#8622,1.);
#4000=VECTOR('',#8635,1.);
#4001=VECTOR('',#8644,1.);
#4002=EDGE_LOOP('',(#694,#695,#696,#697));
#4003=EDGE_LOOP('',(#698,#699,#700,#701));
#4004=EDGE_LOOP('',(#702));
#4005=EDGE_LOOP('',(#703));
#4006=EDGE_LOOP('',(#704));
#4007=EDGE_LOOP('',(#705));
#4008=EDGE_LOOP('',(#706));
#4009=EDGE_LOOP('',(#707));
#4010=EDGE_LOOP('',(#708));
#4011=EDGE_LOOP('',(#709));
#4012=EDGE_LOOP('',(#710));
#4013=EDGE_LOOP('',(#711));
#4014=EDGE_LOOP('',(#712));
#4015=EDGE_LOOP('',(#713));
#4016=EDGE_LOOP('',(#714));
#4017=EDGE_LOOP('',(#715));
#4018=EDGE_LOOP('',(#716));
#4019=EDGE_LOOP('',(#717));
#4020=EDGE_LOOP('',(#718));
#4021=EDGE_LOOP('',(#719));
#4022=EDGE_LOOP('',(#720));
#4023=EDGE_LOOP('',(#721));
#4024=EDGE_LOOP('',(#722));
#4025=EDGE_LOOP('',(#723));
#4026=EDGE_LOOP('',(#724));
#4027=EDGE_LOOP('',(#725));
#4028=EDGE_LOOP('',(#726));
#4029=EDGE_LOOP('',(#727));
#4030=EDGE_LOOP('',(#728));
#4031=EDGE_LOOP('',(#729));
#4032=EDGE_LOOP('',(#730));
#4033=EDGE_LOOP('',(#731));
#4034=EDGE_LOOP('',(#732));
#4035=EDGE_LOOP('',(#733));
#4036=EDGE_LOOP('',(#734));
#4037=EDGE_LOOP('',(#735));
#4038=EDGE_LOOP('',(#736));
#4039=EDGE_LOOP('',(#737));
#4040=EDGE_LOOP('',(#738));
#4041=EDGE_LOOP('',(#739));
#4042=EDGE_LOOP('',(#740));
#4043=EDGE_LOOP('',(#741));
#4044=EDGE_LOOP('',(#742));
#4045=EDGE_LOOP('',(#743));
#4046=EDGE_LOOP('',(#744));
#4047=EDGE_LOOP('',(#745));
#4048=EDGE_LOOP('',(#746));
#4049=EDGE_LOOP('',(#747));
#4050=EDGE_LOOP('',(#748));
#4051=EDGE_LOOP('',(#749));
#4052=EDGE_LOOP('',(#750));
#4053=EDGE_LOOP('',(#751));
#4054=EDGE_LOOP('',(#752));
#4055=EDGE_LOOP('',(#753));
#4056=EDGE_LOOP('',(#754));
#4057=EDGE_LOOP('',(#755));
#4058=EDGE_LOOP('',(#756));
#4059=EDGE_LOOP('',(#757));
#4060=EDGE_LOOP('',(#758));
#4061=EDGE_LOOP('',(#759));
#4062=EDGE_LOOP('',(#760));
#4063=EDGE_LOOP('',(#761));
#4064=EDGE_LOOP('',(#762));
#4065=EDGE_LOOP('',(#763));
#4066=EDGE_LOOP('',(#764));
#4067=EDGE_LOOP('',(#765));
#4068=EDGE_LOOP('',(#766));
#4069=EDGE_LOOP('',(#767));
#4070=EDGE_LOOP('',(#768));
#4071=EDGE_LOOP('',(#769));
#4072=EDGE_LOOP('',(#770));
#4073=EDGE_LOOP('',(#771));
#4074=EDGE_LOOP('',(#772));
#4075=EDGE_LOOP('',(#773));
#4076=EDGE_LOOP('',(#774));
#4077=EDGE_LOOP('',(#775));
#4078=EDGE_LOOP('',(#776));
#4079=EDGE_LOOP('',(#777));
#4080=EDGE_LOOP('',(#778));
#4081=EDGE_LOOP('',(#779));
#4082=EDGE_LOOP('',(#780));
#4083=EDGE_LOOP('',(#781));
#4084=EDGE_LOOP('',(#782));
#4085=EDGE_LOOP('',(#783));
#4086=EDGE_LOOP('',(#784));
#4087=EDGE_LOOP('',(#785));
#4088=EDGE_LOOP('',(#786));
#4089=EDGE_LOOP('',(#787));
#4090=EDGE_LOOP('',(#788));
#4091=EDGE_LOOP('',(#789));
#4092=EDGE_LOOP('',(#790));
#4093=EDGE_LOOP('',(#791));
#4094=EDGE_LOOP('',(#792));
#4095=EDGE_LOOP('',(#793));
#4096=EDGE_LOOP('',(#794));
#4097=EDGE_LOOP('',(#795));
#4098=EDGE_LOOP('',(#796));
#4099=EDGE_LOOP('',(#797));
#4100=EDGE_LOOP('',(#798));
#4101=EDGE_LOOP('',(#799));
#4102=EDGE_LOOP('',(#800));
#4103=EDGE_LOOP('',(#801));
#4104=EDGE_LOOP('',(#802));
#4105=EDGE_LOOP('',(#803));
#4106=EDGE_LOOP('',(#804));
#4107=EDGE_LOOP('',(#805));
#4108=EDGE_LOOP('',(#806));
#4109=EDGE_LOOP('',(#807));
#4110=EDGE_LOOP('',(#808));
#4111=EDGE_LOOP('',(#809));
#4112=EDGE_LOOP('',(#810));
#4113=EDGE_LOOP('',(#811));
#4114=EDGE_LOOP('',(#812));
#4115=EDGE_LOOP('',(#813));
#4116=EDGE_LOOP('',(#814));
#4117=EDGE_LOOP('',(#815));
#4118=EDGE_LOOP('',(#816));
#4119=EDGE_LOOP('',(#817));
#4120=EDGE_LOOP('',(#818));
#4121=EDGE_LOOP('',(#819));
#4122=EDGE_LOOP('',(#820));
#4123=EDGE_LOOP('',(#821));
#4124=EDGE_LOOP('',(#822));
#4125=EDGE_LOOP('',(#823));
#4126=EDGE_LOOP('',(#824));
#4127=EDGE_LOOP('',(#825));
#4128=EDGE_LOOP('',(#826));
#4129=EDGE_LOOP('',(#827));
#4130=EDGE_LOOP('',(#828));
#4131=EDGE_LOOP('',(#829,#830,#831,#832,#833));
#4132=EDGE_LOOP('',(#834,#835,#836,#837));
#4133=EDGE_LOOP('',(#838));
#4134=EDGE_LOOP('',(#839));
#4135=EDGE_LOOP('',(#840));
#4136=EDGE_LOOP('',(#841));
#4137=EDGE_LOOP('',(#842));
#4138=EDGE_LOOP('',(#843));
#4139=EDGE_LOOP('',(#844));
#4140=EDGE_LOOP('',(#845));
#4141=EDGE_LOOP('',(#846));
#4142=EDGE_LOOP('',(#847));
#4143=EDGE_LOOP('',(#848));
#4144=EDGE_LOOP('',(#849));
#4145=EDGE_LOOP('',(#850));
#4146=EDGE_LOOP('',(#851));
#4147=EDGE_LOOP('',(#852));
#4148=EDGE_LOOP('',(#853));
#4149=EDGE_LOOP('',(#854));
#4150=EDGE_LOOP('',(#855));
#4151=EDGE_LOOP('',(#856));
#4152=EDGE_LOOP('',(#857));
#4153=EDGE_LOOP('',(#858));
#4154=EDGE_LOOP('',(#859));
#4155=EDGE_LOOP('',(#860));
#4156=EDGE_LOOP('',(#861));
#4157=EDGE_LOOP('',(#862));
#4158=EDGE_LOOP('',(#863));
#4159=EDGE_LOOP('',(#864));
#4160=EDGE_LOOP('',(#865));
#4161=EDGE_LOOP('',(#866));
#4162=EDGE_LOOP('',(#867));
#4163=EDGE_LOOP('',(#868));
#4164=EDGE_LOOP('',(#869));
#4165=EDGE_LOOP('',(#870));
#4166=EDGE_LOOP('',(#871));
#4167=EDGE_LOOP('',(#872));
#4168=EDGE_LOOP('',(#873));
#4169=EDGE_LOOP('',(#874));
#4170=EDGE_LOOP('',(#875));
#4171=EDGE_LOOP('',(#876));
#4172=EDGE_LOOP('',(#877));
#4173=EDGE_LOOP('',(#878));
#4174=EDGE_LOOP('',(#879));
#4175=EDGE_LOOP('',(#880));
#4176=EDGE_LOOP('',(#881));
#4177=EDGE_LOOP('',(#882));
#4178=EDGE_LOOP('',(#883));
#4179=EDGE_LOOP('',(#884,#885,#886,#887,#888));
#4180=EDGE_LOOP('',(#889,#890,#891,#892));
#4181=EDGE_LOOP('',(#893,#894,#895,#896,#897));
#4182=EDGE_LOOP('',(#898));
#4183=EDGE_LOOP('',(#899));
#4184=EDGE_LOOP('',(#900));
#4185=EDGE_LOOP('',(#901));
#4186=EDGE_LOOP('',(#902));
#4187=EDGE_LOOP('',(#903));
#4188=EDGE_LOOP('',(#904));
#4189=EDGE_LOOP('',(#905));
#4190=EDGE_LOOP('',(#906));
#4191=EDGE_LOOP('',(#907));
#4192=EDGE_LOOP('',(#908));
#4193=EDGE_LOOP('',(#909));
#4194=EDGE_LOOP('',(#910));
#4195=EDGE_LOOP('',(#911));
#4196=EDGE_LOOP('',(#912));
#4197=EDGE_LOOP('',(#913));
#4198=EDGE_LOOP('',(#914));
#4199=EDGE_LOOP('',(#915));
#4200=EDGE_LOOP('',(#916));
#4201=EDGE_LOOP('',(#917));
#4202=EDGE_LOOP('',(#918));
#4203=EDGE_LOOP('',(#919));
#4204=EDGE_LOOP('',(#920));
#4205=EDGE_LOOP('',(#921));
#4206=EDGE_LOOP('',(#922));
#4207=EDGE_LOOP('',(#923));
#4208=EDGE_LOOP('',(#924));
#4209=EDGE_LOOP('',(#925));
#4210=EDGE_LOOP('',(#926));
#4211=EDGE_LOOP('',(#927));
#4212=EDGE_LOOP('',(#928));
#4213=EDGE_LOOP('',(#929));
#4214=EDGE_LOOP('',(#930));
#4215=EDGE_LOOP('',(#931));
#4216=EDGE_LOOP('',(#932));
#4217=EDGE_LOOP('',(#933));
#4218=EDGE_LOOP('',(#934));
#4219=EDGE_LOOP('',(#935));
#4220=EDGE_LOOP('',(#936));
#4221=EDGE_LOOP('',(#937));
#4222=EDGE_LOOP('',(#938,#939,#940,#941,#942));
#4223=EDGE_LOOP('',(#943,#944,#945,#946));
#4224=EDGE_LOOP('',(#947,#948,#949,#950));
#4225=EDGE_LOOP('',(#951,#952,#953,#954));
#4226=EDGE_LOOP('',(#955,#956,#957,#958));
#4227=EDGE_LOOP('',(#959));
#4228=EDGE_LOOP('',(#960));
#4229=EDGE_LOOP('',(#961));
#4230=EDGE_LOOP('',(#962));
#4231=EDGE_LOOP('',(#963,#964,#965,#966));
#4232=EDGE_LOOP('',(#967,#968,#969,#970));
#4233=EDGE_LOOP('',(#971,#972,#973,#974));
#4234=EDGE_LOOP('',(#975,#976,#977,#978));
#4235=EDGE_LOOP('',(#979));
#4236=EDGE_LOOP('',(#980));
#4237=EDGE_LOOP('',(#981));
#4238=EDGE_LOOP('',(#982));
#4239=EDGE_LOOP('',(#983,#984,#985,#986,#987,#988,#989,#990));
#4240=EDGE_LOOP('',(#991,#992,#993,#994));
#4241=EDGE_LOOP('',(#995,#996,#997,#998,#999,#1000));
#4242=EDGE_LOOP('',(#1001,#1002,#1003,#1004));
#4243=EDGE_LOOP('',(#1005,#1006,#1007,#1008,#1009,#1010));
#4244=EDGE_LOOP('',(#1011,#1012,#1013,#1014));
#4245=EDGE_LOOP('',(#1015,#1016,#1017,#1018,#1019,#1020));
#4246=EDGE_LOOP('',(#1021,#1022,#1023,#1024));
#4247=EDGE_LOOP('',(#1025,#1026,#1027,#1028,#1029));
#4248=EDGE_LOOP('',(#1030,#1031,#1032,#1033));
#4249=EDGE_LOOP('',(#1034));
#4250=EDGE_LOOP('',(#1035));
#4251=EDGE_LOOP('',(#1036,#1037,#1038,#1039,#1040,#1041,#1042,#1043,#1044,
#1045,#1046,#1047));
#4252=EDGE_LOOP('',(#1048,#1049,#1050,#1051));
#4253=EDGE_LOOP('',(#1052,#1053,#1054,#1055));
#4254=EDGE_LOOP('',(#1056,#1057,#1058,#1059));
#4255=EDGE_LOOP('',(#1060,#1061,#1062,#1063));
#4256=EDGE_LOOP('',(#1064));
#4257=EDGE_LOOP('',(#1065));
#4258=EDGE_LOOP('',(#1066));
#4259=EDGE_LOOP('',(#1067));
#4260=EDGE_LOOP('',(#1068,#1069,#1070,#1071,#1072,#1073,#1074,#1075));
#4261=EDGE_LOOP('',(#1076,#1077,#1078,#1079));
#4262=EDGE_LOOP('',(#1080,#1081,#1082,#1083));
#4263=EDGE_LOOP('',(#1084,#1085,#1086,#1087));
#4264=EDGE_LOOP('',(#1088,#1089,#1090,#1091));
#4265=EDGE_LOOP('',(#1092,#1093,#1094,#1095));
#4266=EDGE_LOOP('',(#1096));
#4267=EDGE_LOOP('',(#1097));
#4268=EDGE_LOOP('',(#1098));
#4269=EDGE_LOOP('',(#1099));
#4270=EDGE_LOOP('',(#1100));
#4271=EDGE_LOOP('',(#1101));
#4272=EDGE_LOOP('',(#1102));
#4273=EDGE_LOOP('',(#1103,#1104,#1105,#1106,#1107,#1108,#1109,#1110));
#4274=EDGE_LOOP('',(#1111,#1112,#1113,#1114));
#4275=EDGE_LOOP('',(#1115,#1116,#1117,#1118));
#4276=EDGE_LOOP('',(#1119,#1120,#1121,#1122));
#4277=EDGE_LOOP('',(#1123,#1124,#1125,#1126));
#4278=EDGE_LOOP('',(#1127,#1128,#1129,#1130));
#4279=EDGE_LOOP('',(#1131,#1132,#1133));
#4280=EDGE_LOOP('',(#1134,#1135,#1136,#1137));
#4281=EDGE_LOOP('',(#1138,#1139,#1140));
#4282=EDGE_LOOP('',(#1141,#1142,#1143,#1144,#1145,#1146,#1147,#1148,#1149,
#1150,#1151,#1152,#1153,#1154,#1155,#1156,#1157,#1158));
#4283=EDGE_LOOP('',(#1159,#1160,#1161,#1162));
#4284=EDGE_LOOP('',(#1163,#1164));
#4285=EDGE_LOOP('',(#1165,#1166,#1167,#1168,#1169,#1170,#1171,#1172));
#4286=EDGE_LOOP('',(#1173,#1174,#1175,#1176));
#4287=EDGE_LOOP('',(#1177,#1178,#1179,#1180,#1181));
#4288=EDGE_LOOP('',(#1182,#1183,#1184,#1185));
#4289=EDGE_LOOP('',(#1186,#1187,#1188,#1189,#1190));
#4290=EDGE_LOOP('',(#1191));
#4291=EDGE_LOOP('',(#1192));
#4292=EDGE_LOOP('',(#1193));
#4293=EDGE_LOOP('',(#1194));
#4294=EDGE_LOOP('',(#1195));
#4295=EDGE_LOOP('',(#1196));
#4296=EDGE_LOOP('',(#1197));
#4297=EDGE_LOOP('',(#1198));
#4298=EDGE_LOOP('',(#1199));
#4299=EDGE_LOOP('',(#1200));
#4300=EDGE_LOOP('',(#1201));
#4301=EDGE_LOOP('',(#1202));
#4302=EDGE_LOOP('',(#1203,#1204,#1205,#1206,#1207,#1208,#1209,#1210));
#4303=EDGE_LOOP('',(#1211,#1212,#1213,#1214));
#4304=EDGE_LOOP('',(#1215,#1216,#1217,#1218));
#4305=EDGE_LOOP('',(#1219,#1220,#1221,#1222,#1223,#1224,#1225,#1226));
#4306=EDGE_LOOP('',(#1227,#1228,#1229,#1230,#1231,#1232));
#4307=EDGE_LOOP('',(#1233));
#4308=EDGE_LOOP('',(#1234));
#4309=EDGE_LOOP('',(#1235));
#4310=EDGE_LOOP('',(#1236));
#4311=EDGE_LOOP('',(#1237));
#4312=EDGE_LOOP('',(#1238));
#4313=EDGE_LOOP('',(#1239));
#4314=EDGE_LOOP('',(#1240));
#4315=EDGE_LOOP('',(#1241));
#4316=EDGE_LOOP('',(#1242));
#4317=EDGE_LOOP('',(#1243));
#4318=EDGE_LOOP('',(#1244));
#4319=EDGE_LOOP('',(#1245));
#4320=EDGE_LOOP('',(#1246));
#4321=EDGE_LOOP('',(#1247));
#4322=EDGE_LOOP('',(#1248));
#4323=EDGE_LOOP('',(#1249));
#4324=EDGE_LOOP('',(#1250));
#4325=EDGE_LOOP('',(#1251));
#4326=EDGE_LOOP('',(#1252));
#4327=EDGE_LOOP('',(#1253));
#4328=EDGE_LOOP('',(#1254));
#4329=EDGE_LOOP('',(#1255));
#4330=EDGE_LOOP('',(#1256));
#4331=EDGE_LOOP('',(#1257));
#4332=EDGE_LOOP('',(#1258));
#4333=EDGE_LOOP('',(#1259));
#4334=EDGE_LOOP('',(#1260,#1261,#1262,#1263,#1264,#1265,#1266,#1267,#1268,
#1269,#1270,#1271,#1272,#1273,#1274,#1275,#1276,#1277,#1278,#1279,#1280,
#1281));
#4335=EDGE_LOOP('',(#1282));
#4336=EDGE_LOOP('',(#1283,#1284,#1285,#1286,#1287));
#4337=EDGE_LOOP('',(#1288,#1289,#1290,#1291));
#4338=EDGE_LOOP('',(#1292,#1293,#1294,#1295,#1296,#1297));
#4339=EDGE_LOOP('',(#1298,#1299,#1300,#1301));
#4340=EDGE_LOOP('',(#1302,#1303,#1304,#1305));
#4341=EDGE_LOOP('',(#1306,#1307,#1308,#1309));
#4342=EDGE_LOOP('',(#1310,#1311,#1312,#1313));
#4343=EDGE_LOOP('',(#1314,#1315,#1316,#1317));
#4344=EDGE_LOOP('',(#1318,#1319,#1320,#1321));
#4345=EDGE_LOOP('',(#1322,#1323,#1324,#1325,#1326,#1327));
#4346=EDGE_LOOP('',(#1328));
#4347=EDGE_LOOP('',(#1329));
#4348=EDGE_LOOP('',(#1330));
#4349=EDGE_LOOP('',(#1331));
#4350=EDGE_LOOP('',(#1332));
#4351=EDGE_LOOP('',(#1333));
#4352=EDGE_LOOP('',(#1334));
#4353=EDGE_LOOP('',(#1335));
#4354=EDGE_LOOP('',(#1336));
#4355=EDGE_LOOP('',(#1337));
#4356=EDGE_LOOP('',(#1338));
#4357=EDGE_LOOP('',(#1339));
#4358=EDGE_LOOP('',(#1340,#1341,#1342,#1343,#1344,#1345));
#4359=EDGE_LOOP('',(#1346,#1347,#1348,#1349));
#4360=EDGE_LOOP('',(#1350,#1351,#1352,#1353));
#4361=EDGE_LOOP('',(#1354,#1355,#1356,#1357));
#4362=EDGE_LOOP('',(#1358,#1359,#1360,#1361));
#4363=EDGE_LOOP('',(#1362,#1363,#1364,#1365));
#4364=EDGE_LOOP('',(#1366,#1367,#1368,#1369));
#4365=EDGE_LOOP('',(#1370,#1371,#1372,#1373,#1374,#1375));
#4366=EDGE_LOOP('',(#1376));
#4367=EDGE_LOOP('',(#1377));
#4368=EDGE_LOOP('',(#1378));
#4369=EDGE_LOOP('',(#1379));
#4370=EDGE_LOOP('',(#1380));
#4371=EDGE_LOOP('',(#1381));
#4372=EDGE_LOOP('',(#1382));
#4373=EDGE_LOOP('',(#1383));
#4374=EDGE_LOOP('',(#1384));
#4375=EDGE_LOOP('',(#1385));
#4376=EDGE_LOOP('',(#1386));
#4377=EDGE_LOOP('',(#1387));
#4378=EDGE_LOOP('',(#1388,#1389,#1390,#1391,#1392,#1393));
#4379=EDGE_LOOP('',(#1394,#1395,#1396,#1397));
#4380=EDGE_LOOP('',(#1398,#1399,#1400,#1401));
#4381=EDGE_LOOP('',(#1402,#1403,#1404,#1405));
#4382=EDGE_LOOP('',(#1406,#1407,#1408,#1409));
#4383=EDGE_LOOP('',(#1410,#1411,#1412,#1413));
#4384=EDGE_LOOP('',(#1414,#1415,#1416,#1417));
#4385=EDGE_LOOP('',(#1418,#1419,#1420,#1421,#1422,#1423));
#4386=EDGE_LOOP('',(#1424));
#4387=EDGE_LOOP('',(#1425));
#4388=EDGE_LOOP('',(#1426));
#4389=EDGE_LOOP('',(#1427));
#4390=EDGE_LOOP('',(#1428));
#4391=EDGE_LOOP('',(#1429));
#4392=EDGE_LOOP('',(#1430));
#4393=EDGE_LOOP('',(#1431));
#4394=EDGE_LOOP('',(#1432));
#4395=EDGE_LOOP('',(#1433));
#4396=EDGE_LOOP('',(#1434));
#4397=EDGE_LOOP('',(#1435));
#4398=EDGE_LOOP('',(#1436,#1437,#1438,#1439,#1440,#1441));
#4399=EDGE_LOOP('',(#1442,#1443,#1444,#1445));
#4400=EDGE_LOOP('',(#1446,#1447,#1448,#1449));
#4401=EDGE_LOOP('',(#1450,#1451,#1452,#1453));
#4402=EDGE_LOOP('',(#1454,#1455,#1456,#1457));
#4403=EDGE_LOOP('',(#1458,#1459,#1460,#1461));
#4404=EDGE_LOOP('',(#1462,#1463,#1464,#1465));
#4405=EDGE_LOOP('',(#1466,#1467,#1468,#1469,#1470,#1471));
#4406=EDGE_LOOP('',(#1472));
#4407=EDGE_LOOP('',(#1473));
#4408=EDGE_LOOP('',(#1474));
#4409=EDGE_LOOP('',(#1475));
#4410=EDGE_LOOP('',(#1476));
#4411=EDGE_LOOP('',(#1477));
#4412=EDGE_LOOP('',(#1478));
#4413=EDGE_LOOP('',(#1479));
#4414=EDGE_LOOP('',(#1480));
#4415=EDGE_LOOP('',(#1481));
#4416=EDGE_LOOP('',(#1482));
#4417=EDGE_LOOP('',(#1483));
#4418=EDGE_LOOP('',(#1484,#1485,#1486,#1487,#1488,#1489));
#4419=EDGE_LOOP('',(#1490,#1491,#1492,#1493));
#4420=EDGE_LOOP('',(#1494,#1495,#1496,#1497));
#4421=EDGE_LOOP('',(#1498,#1499,#1500,#1501));
#4422=EDGE_LOOP('',(#1502,#1503,#1504,#1505));
#4423=EDGE_LOOP('',(#1506,#1507,#1508,#1509));
#4424=EDGE_LOOP('',(#1510,#1511,#1512,#1513));
#4425=EDGE_LOOP('',(#1514,#1515,#1516,#1517,#1518,#1519));
#4426=EDGE_LOOP('',(#1520));
#4427=EDGE_LOOP('',(#1521));
#4428=EDGE_LOOP('',(#1522));
#4429=EDGE_LOOP('',(#1523));
#4430=EDGE_LOOP('',(#1524));
#4431=EDGE_LOOP('',(#1525));
#4432=EDGE_LOOP('',(#1526));
#4433=EDGE_LOOP('',(#1527));
#4434=EDGE_LOOP('',(#1528));
#4435=EDGE_LOOP('',(#1529));
#4436=EDGE_LOOP('',(#1530));
#4437=EDGE_LOOP('',(#1531));
#4438=EDGE_LOOP('',(#1532,#1533,#1534,#1535,#1536,#1537));
#4439=EDGE_LOOP('',(#1538,#1539,#1540,#1541));
#4440=EDGE_LOOP('',(#1542,#1543,#1544,#1545));
#4441=EDGE_LOOP('',(#1546,#1547,#1548,#1549));
#4442=EDGE_LOOP('',(#1550,#1551,#1552,#1553));
#4443=EDGE_LOOP('',(#1554,#1555,#1556,#1557));
#4444=EDGE_LOOP('',(#1558,#1559,#1560,#1561));
#4445=EDGE_LOOP('',(#1562,#1563,#1564,#1565,#1566,#1567));
#4446=EDGE_LOOP('',(#1568));
#4447=EDGE_LOOP('',(#1569));
#4448=EDGE_LOOP('',(#1570));
#4449=EDGE_LOOP('',(#1571));
#4450=EDGE_LOOP('',(#1572));
#4451=EDGE_LOOP('',(#1573));
#4452=EDGE_LOOP('',(#1574));
#4453=EDGE_LOOP('',(#1575));
#4454=EDGE_LOOP('',(#1576));
#4455=EDGE_LOOP('',(#1577));
#4456=EDGE_LOOP('',(#1578));
#4457=EDGE_LOOP('',(#1579));
#4458=EDGE_LOOP('',(#1580,#1581,#1582,#1583,#1584,#1585));
#4459=EDGE_LOOP('',(#1586,#1587,#1588,#1589));
#4460=EDGE_LOOP('',(#1590,#1591,#1592,#1593));
#4461=EDGE_LOOP('',(#1594,#1595,#1596,#1597));
#4462=EDGE_LOOP('',(#1598,#1599,#1600,#1601));
#4463=EDGE_LOOP('',(#1602,#1603,#1604,#1605));
#4464=EDGE_LOOP('',(#1606,#1607,#1608,#1609));
#4465=EDGE_LOOP('',(#1610,#1611,#1612,#1613,#1614,#1615));
#4466=EDGE_LOOP('',(#1616));
#4467=EDGE_LOOP('',(#1617));
#4468=EDGE_LOOP('',(#1618));
#4469=EDGE_LOOP('',(#1619));
#4470=EDGE_LOOP('',(#1620));
#4471=EDGE_LOOP('',(#1621));
#4472=EDGE_LOOP('',(#1622));
#4473=EDGE_LOOP('',(#1623));
#4474=EDGE_LOOP('',(#1624));
#4475=EDGE_LOOP('',(#1625));
#4476=EDGE_LOOP('',(#1626));
#4477=EDGE_LOOP('',(#1627));
#4478=EDGE_LOOP('',(#1628,#1629,#1630,#1631,#1632,#1633));
#4479=EDGE_LOOP('',(#1634,#1635,#1636,#1637));
#4480=EDGE_LOOP('',(#1638,#1639,#1640,#1641));
#4481=EDGE_LOOP('',(#1642,#1643,#1644,#1645));
#4482=EDGE_LOOP('',(#1646,#1647,#1648,#1649));
#4483=EDGE_LOOP('',(#1650,#1651,#1652,#1653));
#4484=EDGE_LOOP('',(#1654,#1655,#1656,#1657));
#4485=EDGE_LOOP('',(#1658,#1659,#1660,#1661,#1662,#1663));
#4486=EDGE_LOOP('',(#1664));
#4487=EDGE_LOOP('',(#1665));
#4488=EDGE_LOOP('',(#1666));
#4489=EDGE_LOOP('',(#1667));
#4490=EDGE_LOOP('',(#1668));
#4491=EDGE_LOOP('',(#1669));
#4492=EDGE_LOOP('',(#1670));
#4493=EDGE_LOOP('',(#1671));
#4494=EDGE_LOOP('',(#1672));
#4495=EDGE_LOOP('',(#1673));
#4496=EDGE_LOOP('',(#1674));
#4497=EDGE_LOOP('',(#1675));
#4498=EDGE_LOOP('',(#1676));
#4499=EDGE_LOOP('',(#1677));
#4500=EDGE_LOOP('',(#1678));
#4501=EDGE_LOOP('',(#1679));
#4502=EDGE_LOOP('',(#1680));
#4503=EDGE_LOOP('',(#1681));
#4504=EDGE_LOOP('',(#1682,#1683,#1684,#1685));
#4505=EDGE_LOOP('',(#1686));
#4506=EDGE_LOOP('',(#1687,#1688,#1689,#1690));
#4507=EDGE_LOOP('',(#1691));
#4508=EDGE_LOOP('',(#1692));
#4509=EDGE_LOOP('',(#1693));
#4510=EDGE_LOOP('',(#1694));
#4511=EDGE_LOOP('',(#1695,#1696,#1697,#1698));
#4512=EDGE_LOOP('',(#1699));
#4513=EDGE_LOOP('',(#1700,#1701,#1702,#1703));
#4514=EDGE_LOOP('',(#1704,#1705,#1706,#1707,#1708,#1709));
#4515=EDGE_LOOP('',(#1710,#1711,#1712,#1713));
#4516=EDGE_LOOP('',(#1714,#1715,#1716,#1717,#1718,#1719));
#4517=EDGE_LOOP('',(#1720,#1721,#1722,#1723));
#4518=EDGE_LOOP('',(#1724));
#4519=EDGE_LOOP('',(#1725));
#4520=EDGE_LOOP('',(#1726));
#4521=EDGE_LOOP('',(#1727));
#4522=EDGE_LOOP('',(#1728));
#4523=EDGE_LOOP('',(#1729));
#4524=EDGE_LOOP('',(#1730,#1731,#1732,#1733));
#4525=EDGE_LOOP('',(#1734));
#4526=EDGE_LOOP('',(#1735,#1736,#1737,#1738));
#4527=EDGE_LOOP('',(#1739));
#4528=EDGE_LOOP('',(#1740));
#4529=EDGE_LOOP('',(#1741));
#4530=EDGE_LOOP('',(#1742));
#4531=EDGE_LOOP('',(#1743,#1744,#1745,#1746));
#4532=EDGE_LOOP('',(#1747));
#4533=EDGE_LOOP('',(#1748,#1749,#1750,#1751));
#4534=EDGE_LOOP('',(#1752,#1753,#1754,#1755,#1756,#1757));
#4535=EDGE_LOOP('',(#1758,#1759,#1760,#1761));
#4536=EDGE_LOOP('',(#1762,#1763,#1764,#1765,#1766,#1767));
#4537=EDGE_LOOP('',(#1768,#1769,#1770,#1771));
#4538=EDGE_LOOP('',(#1772));
#4539=EDGE_LOOP('',(#1773));
#4540=EDGE_LOOP('',(#1774));
#4541=EDGE_LOOP('',(#1775));
#4542=EDGE_LOOP('',(#1776));
#4543=EDGE_LOOP('',(#1777));
#4544=EDGE_LOOP('',(#1778,#1779,#1780,#1781));
#4545=EDGE_LOOP('',(#1782));
#4546=EDGE_LOOP('',(#1783,#1784,#1785,#1786));
#4547=EDGE_LOOP('',(#1787));
#4548=EDGE_LOOP('',(#1788));
#4549=EDGE_LOOP('',(#1789));
#4550=EDGE_LOOP('',(#1790));
#4551=EDGE_LOOP('',(#1791,#1792,#1793,#1794));
#4552=EDGE_LOOP('',(#1795));
#4553=EDGE_LOOP('',(#1796,#1797,#1798,#1799));
#4554=EDGE_LOOP('',(#1800,#1801,#1802,#1803,#1804,#1805));
#4555=EDGE_LOOP('',(#1806,#1807,#1808,#1809));
#4556=EDGE_LOOP('',(#1810,#1811,#1812,#1813,#1814,#1815));
#4557=EDGE_LOOP('',(#1816,#1817,#1818,#1819));
#4558=EDGE_LOOP('',(#1820));
#4559=EDGE_LOOP('',(#1821));
#4560=EDGE_LOOP('',(#1822));
#4561=EDGE_LOOP('',(#1823));
#4562=EDGE_LOOP('',(#1824));
#4563=EDGE_LOOP('',(#1825));
#4564=EDGE_LOOP('',(#1826,#1827,#1828,#1829));
#4565=EDGE_LOOP('',(#1830));
#4566=EDGE_LOOP('',(#1831,#1832,#1833,#1834));
#4567=EDGE_LOOP('',(#1835));
#4568=EDGE_LOOP('',(#1836));
#4569=EDGE_LOOP('',(#1837));
#4570=EDGE_LOOP('',(#1838));
#4571=EDGE_LOOP('',(#1839,#1840,#1841,#1842));
#4572=EDGE_LOOP('',(#1843));
#4573=EDGE_LOOP('',(#1844,#1845,#1846,#1847));
#4574=EDGE_LOOP('',(#1848,#1849,#1850,#1851,#1852,#1853));
#4575=EDGE_LOOP('',(#1854,#1855,#1856,#1857));
#4576=EDGE_LOOP('',(#1858,#1859,#1860,#1861,#1862,#1863));
#4577=EDGE_LOOP('',(#1864,#1865,#1866,#1867));
#4578=EDGE_LOOP('',(#1868));
#4579=EDGE_LOOP('',(#1869));
#4580=EDGE_LOOP('',(#1870));
#4581=EDGE_LOOP('',(#1871));
#4582=EDGE_LOOP('',(#1872));
#4583=EDGE_LOOP('',(#1873));
#4584=EDGE_LOOP('',(#1874,#1875,#1876,#1877));
#4585=EDGE_LOOP('',(#1878));
#4586=EDGE_LOOP('',(#1879,#1880,#1881,#1882));
#4587=EDGE_LOOP('',(#1883));
#4588=EDGE_LOOP('',(#1884));
#4589=EDGE_LOOP('',(#1885));
#4590=EDGE_LOOP('',(#1886));
#4591=EDGE_LOOP('',(#1887,#1888,#1889,#1890));
#4592=EDGE_LOOP('',(#1891));
#4593=EDGE_LOOP('',(#1892,#1893,#1894,#1895));
#4594=EDGE_LOOP('',(#1896,#1897,#1898,#1899,#1900,#1901));
#4595=EDGE_LOOP('',(#1902,#1903,#1904,#1905));
#4596=EDGE_LOOP('',(#1906,#1907,#1908,#1909,#1910,#1911));
#4597=EDGE_LOOP('',(#1912,#1913,#1914,#1915));
#4598=EDGE_LOOP('',(#1916));
#4599=EDGE_LOOP('',(#1917));
#4600=EDGE_LOOP('',(#1918));
#4601=EDGE_LOOP('',(#1919));
#4602=EDGE_LOOP('',(#1920));
#4603=EDGE_LOOP('',(#1921));
#4604=EDGE_LOOP('',(#1922,#1923,#1924,#1925));
#4605=EDGE_LOOP('',(#1926));
#4606=EDGE_LOOP('',(#1927,#1928,#1929,#1930));
#4607=EDGE_LOOP('',(#1931));
#4608=EDGE_LOOP('',(#1932));
#4609=EDGE_LOOP('',(#1933));
#4610=EDGE_LOOP('',(#1934));
#4611=EDGE_LOOP('',(#1935,#1936,#1937,#1938));
#4612=EDGE_LOOP('',(#1939));
#4613=EDGE_LOOP('',(#1940,#1941,#1942,#1943));
#4614=EDGE_LOOP('',(#1944,#1945,#1946,#1947,#1948,#1949));
#4615=EDGE_LOOP('',(#1950,#1951,#1952,#1953));
#4616=EDGE_LOOP('',(#1954,#1955,#1956,#1957,#1958,#1959));
#4617=EDGE_LOOP('',(#1960,#1961,#1962,#1963));
#4618=EDGE_LOOP('',(#1964));
#4619=EDGE_LOOP('',(#1965));
#4620=EDGE_LOOP('',(#1966));
#4621=EDGE_LOOP('',(#1967));
#4622=EDGE_LOOP('',(#1968));
#4623=EDGE_LOOP('',(#1969));
#4624=EDGE_LOOP('',(#1970,#1971,#1972,#1973));
#4625=EDGE_LOOP('',(#1974));
#4626=EDGE_LOOP('',(#1975,#1976,#1977,#1978));
#4627=EDGE_LOOP('',(#1979));
#4628=EDGE_LOOP('',(#1980));
#4629=EDGE_LOOP('',(#1981));
#4630=EDGE_LOOP('',(#1982));
#4631=EDGE_LOOP('',(#1983,#1984,#1985,#1986));
#4632=EDGE_LOOP('',(#1987));
#4633=EDGE_LOOP('',(#1988,#1989,#1990,#1991));
#4634=EDGE_LOOP('',(#1992,#1993,#1994,#1995,#1996,#1997));
#4635=EDGE_LOOP('',(#1998,#1999,#2000,#2001));
#4636=EDGE_LOOP('',(#2002,#2003,#2004,#2005,#2006,#2007));
#4637=EDGE_LOOP('',(#2008,#2009,#2010,#2011));
#4638=EDGE_LOOP('',(#2012));
#4639=EDGE_LOOP('',(#2013));
#4640=EDGE_LOOP('',(#2014));
#4641=EDGE_LOOP('',(#2015));
#4642=EDGE_LOOP('',(#2016));
#4643=EDGE_LOOP('',(#2017));
#4644=EDGE_LOOP('',(#2018,#2019,#2020,#2021));
#4645=EDGE_LOOP('',(#2022));
#4646=EDGE_LOOP('',(#2023,#2024,#2025,#2026));
#4647=EDGE_LOOP('',(#2027));
#4648=EDGE_LOOP('',(#2028));
#4649=EDGE_LOOP('',(#2029));
#4650=EDGE_LOOP('',(#2030));
#4651=EDGE_LOOP('',(#2031,#2032,#2033,#2034));
#4652=EDGE_LOOP('',(#2035));
#4653=EDGE_LOOP('',(#2036,#2037,#2038,#2039));
#4654=EDGE_LOOP('',(#2040,#2041,#2042,#2043,#2044,#2045));
#4655=EDGE_LOOP('',(#2046,#2047,#2048,#2049));
#4656=EDGE_LOOP('',(#2050,#2051,#2052,#2053,#2054,#2055));
#4657=EDGE_LOOP('',(#2056,#2057,#2058,#2059));
#4658=FACE_BOUND('',#4002,.T.);
#4659=FACE_BOUND('',#4003,.T.);
#4660=FACE_BOUND('',#4004,.T.);
#4661=FACE_BOUND('',#4005,.T.);
#4662=FACE_BOUND('',#4006,.T.);
#4663=FACE_BOUND('',#4007,.T.);
#4664=FACE_BOUND('',#4008,.T.);
#4665=FACE_BOUND('',#4009,.T.);
#4666=FACE_BOUND('',#4010,.T.);
#4667=FACE_BOUND('',#4011,.T.);
#4668=FACE_BOUND('',#4012,.T.);
#4669=FACE_BOUND('',#4013,.T.);
#4670=FACE_BOUND('',#4014,.T.);
#4671=FACE_BOUND('',#4015,.T.);
#4672=FACE_BOUND('',#4016,.T.);
#4673=FACE_BOUND('',#4017,.T.);
#4674=FACE_BOUND('',#4018,.T.);
#4675=FACE_BOUND('',#4019,.T.);
#4676=FACE_BOUND('',#4020,.T.);
#4677=FACE_BOUND('',#4021,.T.);
#4678=FACE_BOUND('',#4022,.T.);
#4679=FACE_BOUND('',#4023,.T.);
#4680=FACE_BOUND('',#4024,.T.);
#4681=FACE_BOUND('',#4025,.T.);
#4682=FACE_BOUND('',#4026,.T.);
#4683=FACE_BOUND('',#4027,.T.);
#4684=FACE_BOUND('',#4028,.T.);
#4685=FACE_BOUND('',#4029,.T.);
#4686=FACE_BOUND('',#4030,.T.);
#4687=FACE_BOUND('',#4031,.T.);
#4688=FACE_BOUND('',#4032,.T.);
#4689=FACE_BOUND('',#4033,.T.);
#4690=FACE_BOUND('',#4034,.T.);
#4691=FACE_BOUND('',#4035,.T.);
#4692=FACE_BOUND('',#4036,.T.);
#4693=FACE_BOUND('',#4037,.T.);
#4694=FACE_BOUND('',#4038,.T.);
#4695=FACE_BOUND('',#4039,.T.);
#4696=FACE_BOUND('',#4040,.T.);
#4697=FACE_BOUND('',#4041,.T.);
#4698=FACE_BOUND('',#4042,.T.);
#4699=FACE_BOUND('',#4043,.T.);
#4700=FACE_BOUND('',#4044,.T.);
#4701=FACE_BOUND('',#4045,.T.);
#4702=FACE_BOUND('',#4046,.T.);
#4703=FACE_BOUND('',#4047,.T.);
#4704=FACE_BOUND('',#4048,.T.);
#4705=FACE_BOUND('',#4049,.T.);
#4706=FACE_BOUND('',#4050,.T.);
#4707=FACE_BOUND('',#4051,.T.);
#4708=FACE_BOUND('',#4052,.T.);
#4709=FACE_BOUND('',#4053,.T.);
#4710=FACE_BOUND('',#4054,.T.);
#4711=FACE_BOUND('',#4055,.T.);
#4712=FACE_BOUND('',#4056,.T.);
#4713=FACE_BOUND('',#4057,.T.);
#4714=FACE_BOUND('',#4058,.T.);
#4715=FACE_BOUND('',#4059,.T.);
#4716=FACE_BOUND('',#4060,.T.);
#4717=FACE_BOUND('',#4061,.T.);
#4718=FACE_BOUND('',#4062,.T.);
#4719=FACE_BOUND('',#4063,.T.);
#4720=FACE_BOUND('',#4064,.T.);
#4721=FACE_BOUND('',#4065,.T.);
#4722=FACE_BOUND('',#4066,.T.);
#4723=FACE_BOUND('',#4067,.T.);
#4724=FACE_BOUND('',#4068,.T.);
#4725=FACE_BOUND('',#44,.T.);
#4726=FACE_BOUND('',#4069,.T.);
#4727=FACE_BOUND('',#4070,.T.);
#4728=FACE_BOUND('',#4071,.T.);
#4729=FACE_BOUND('',#4072,.T.);
#4730=FACE_BOUND('',#4073,.T.);
#4731=FACE_BOUND('',#4074,.T.);
#4732=FACE_BOUND('',#4075,.T.);
#4733=FACE_BOUND('',#4076,.T.);
#4734=FACE_BOUND('',#4077,.T.);
#4735=FACE_BOUND('',#4078,.T.);
#4736=FACE_BOUND('',#4079,.T.);
#4737=FACE_BOUND('',#4080,.T.);
#4738=FACE_BOUND('',#4081,.T.);
#4739=FACE_BOUND('',#4082,.T.);
#4740=FACE_BOUND('',#4083,.T.);
#4741=FACE_BOUND('',#4084,.T.);
#4742=FACE_BOUND('',#4085,.T.);
#4743=FACE_BOUND('',#4086,.T.);
#4744=FACE_BOUND('',#4087,.T.);
#4745=FACE_BOUND('',#4088,.T.);
#4746=FACE_BOUND('',#4089,.T.);
#4747=FACE_BOUND('',#4090,.T.);
#4748=FACE_BOUND('',#4091,.T.);
#4749=FACE_BOUND('',#45,.T.);
#4750=FACE_BOUND('',#4092,.T.);
#4751=FACE_BOUND('',#4093,.T.);
#4752=FACE_BOUND('',#4094,.T.);
#4753=FACE_BOUND('',#4095,.T.);
#4754=FACE_BOUND('',#4096,.T.);
#4755=FACE_BOUND('',#4097,.T.);
#4756=FACE_BOUND('',#4098,.T.);
#4757=FACE_BOUND('',#4099,.T.);
#4758=FACE_BOUND('',#4100,.T.);
#4759=FACE_BOUND('',#4101,.T.);
#4760=FACE_BOUND('',#4102,.T.);
#4761=FACE_BOUND('',#4103,.T.);
#4762=FACE_BOUND('',#4104,.T.);
#4763=FACE_BOUND('',#46,.T.);
#4764=FACE_BOUND('',#4105,.T.);
#4765=FACE_BOUND('',#4106,.T.);
#4766=FACE_BOUND('',#4107,.T.);
#4767=FACE_BOUND('',#4108,.T.);
#4768=FACE_BOUND('',#4109,.T.);
#4769=FACE_BOUND('',#4110,.T.);
#4770=FACE_BOUND('',#4111,.T.);
#4771=FACE_BOUND('',#4112,.T.);
#4772=FACE_BOUND('',#4113,.T.);
#4773=FACE_BOUND('',#4114,.T.);
#4774=FACE_BOUND('',#4115,.T.);
#4775=FACE_BOUND('',#4116,.T.);
#4776=FACE_BOUND('',#4117,.T.);
#4777=FACE_BOUND('',#47,.T.);
#4778=FACE_BOUND('',#4118,.T.);
#4779=FACE_BOUND('',#4119,.T.);
#4780=FACE_BOUND('',#4120,.T.);
#4781=FACE_BOUND('',#4121,.T.);
#4782=FACE_BOUND('',#4122,.T.);
#4783=FACE_BOUND('',#4123,.T.);
#4784=FACE_BOUND('',#4124,.T.);
#4785=FACE_BOUND('',#4125,.T.);
#4786=FACE_BOUND('',#4126,.T.);
#4787=FACE_BOUND('',#4127,.T.);
#4788=FACE_BOUND('',#4128,.T.);
#4789=FACE_BOUND('',#4129,.T.);
#4790=FACE_BOUND('',#4130,.T.);
#4791=FACE_BOUND('',#4131,.T.);
#4792=FACE_BOUND('',#4132,.T.);
#4793=FACE_BOUND('',#4133,.T.);
#4794=FACE_BOUND('',#4134,.T.);
#4795=FACE_BOUND('',#4135,.T.);
#4796=FACE_BOUND('',#4136,.T.);
#4797=FACE_BOUND('',#4137,.T.);
#4798=FACE_BOUND('',#4138,.T.);
#4799=FACE_BOUND('',#4139,.T.);
#4800=FACE_BOUND('',#4140,.T.);
#4801=FACE_BOUND('',#4141,.T.);
#4802=FACE_BOUND('',#4142,.T.);
#4803=FACE_BOUND('',#4143,.T.);
#4804=FACE_BOUND('',#4144,.T.);
#4805=FACE_BOUND('',#4145,.T.);
#4806=FACE_BOUND('',#4146,.T.);
#4807=FACE_BOUND('',#4147,.T.);
#4808=FACE_BOUND('',#4148,.T.);
#4809=FACE_BOUND('',#4149,.T.);
#4810=FACE_BOUND('',#4150,.T.);
#4811=FACE_BOUND('',#4151,.T.);
#4812=FACE_BOUND('',#4152,.T.);
#4813=FACE_BOUND('',#48,.T.);
#4814=FACE_BOUND('',#4153,.T.);
#4815=FACE_BOUND('',#4154,.T.);
#4816=FACE_BOUND('',#4155,.T.);
#4817=FACE_BOUND('',#4156,.T.);
#4818=FACE_BOUND('',#4157,.T.);
#4819=FACE_BOUND('',#4158,.T.);
#4820=FACE_BOUND('',#4159,.T.);
#4821=FACE_BOUND('',#4160,.T.);
#4822=FACE_BOUND('',#4161,.T.);
#4823=FACE_BOUND('',#4162,.T.);
#4824=FACE_BOUND('',#4163,.T.);
#4825=FACE_BOUND('',#4164,.T.);
#4826=FACE_BOUND('',#4165,.T.);
#4827=FACE_BOUND('',#49,.T.);
#4828=FACE_BOUND('',#4166,.T.);
#4829=FACE_BOUND('',#4167,.T.);
#4830=FACE_BOUND('',#4168,.T.);
#4831=FACE_BOUND('',#4169,.T.);
#4832=FACE_BOUND('',#4170,.T.);
#4833=FACE_BOUND('',#4171,.T.);
#4834=FACE_BOUND('',#4172,.T.);
#4835=FACE_BOUND('',#4173,.T.);
#4836=FACE_BOUND('',#4174,.T.);
#4837=FACE_BOUND('',#4175,.T.);
#4838=FACE_BOUND('',#4176,.T.);
#4839=FACE_BOUND('',#4177,.T.);
#4840=FACE_BOUND('',#4178,.T.);
#4841=FACE_BOUND('',#4179,.T.);
#4842=FACE_BOUND('',#4180,.T.);
#4843=FACE_BOUND('',#4181,.T.);
#4844=FACE_BOUND('',#4182,.T.);
#4845=FACE_BOUND('',#4183,.T.);
#4846=FACE_BOUND('',#4184,.T.);
#4847=FACE_BOUND('',#4185,.T.);
#4848=FACE_BOUND('',#4186,.T.);
#4849=FACE_BOUND('',#4187,.T.);
#4850=FACE_BOUND('',#4188,.T.);
#4851=FACE_BOUND('',#4189,.T.);
#4852=FACE_BOUND('',#4190,.T.);
#4853=FACE_BOUND('',#4191,.T.);
#4854=FACE_BOUND('',#4192,.T.);
#4855=FACE_BOUND('',#4193,.T.);
#4856=FACE_BOUND('',#4194,.T.);
#4857=FACE_BOUND('',#4195,.T.);
#4858=FACE_BOUND('',#4196,.T.);
#4859=FACE_BOUND('',#4197,.T.);
#4860=FACE_BOUND('',#4198,.T.);
#4861=FACE_BOUND('',#4199,.T.);
#4862=FACE_BOUND('',#4200,.T.);
#4863=FACE_BOUND('',#4201,.T.);
#4864=FACE_BOUND('',#4202,.T.);
#4865=FACE_BOUND('',#4203,.T.);
#4866=FACE_BOUND('',#4204,.T.);
#4867=FACE_BOUND('',#4205,.T.);
#4868=FACE_BOUND('',#4206,.T.);
#4869=FACE_BOUND('',#4207,.T.);
#4870=FACE_BOUND('',#4208,.T.);
#4871=FACE_BOUND('',#4209,.T.);
#4872=FACE_BOUND('',#4210,.T.);
#4873=FACE_BOUND('',#4211,.T.);
#4874=FACE_BOUND('',#4212,.T.);
#4875=FACE_BOUND('',#4213,.T.);
#4876=FACE_BOUND('',#4214,.T.);
#4877=FACE_BOUND('',#4215,.T.);
#4878=FACE_BOUND('',#4216,.T.);
#4879=FACE_BOUND('',#4217,.T.);
#4880=FACE_BOUND('',#4218,.T.);
#4881=FACE_BOUND('',#4219,.T.);
#4882=FACE_BOUND('',#4220,.T.);
#4883=FACE_BOUND('',#4221,.T.);
#4884=FACE_BOUND('',#4222,.T.);
#4885=FACE_BOUND('',#4223,.T.);
#4886=FACE_BOUND('',#4224,.T.);
#4887=FACE_BOUND('',#4225,.T.);
#4888=FACE_BOUND('',#4226,.T.);
#4889=FACE_BOUND('',#4227,.T.);
#4890=FACE_BOUND('',#4228,.T.);
#4891=FACE_BOUND('',#4229,.T.);
#4892=FACE_BOUND('',#4230,.T.);
#4893=FACE_BOUND('',#4231,.T.);
#4894=FACE_BOUND('',#4232,.T.);
#4895=FACE_BOUND('',#4233,.T.);
#4896=FACE_BOUND('',#4234,.T.);
#4897=FACE_BOUND('',#4235,.T.);
#4898=FACE_BOUND('',#4236,.T.);
#4899=FACE_BOUND('',#4237,.T.);
#4900=FACE_BOUND('',#4238,.T.);
#4901=FACE_BOUND('',#4239,.T.);
#4902=FACE_BOUND('',#4240,.T.);
#4903=FACE_BOUND('',#4241,.T.);
#4904=FACE_BOUND('',#4242,.T.);
#4905=FACE_BOUND('',#4243,.T.);
#4906=FACE_BOUND('',#4244,.T.);
#4907=FACE_BOUND('',#4245,.T.);
#4908=FACE_BOUND('',#4246,.T.);
#4909=FACE_BOUND('',#4247,.T.);
#4910=FACE_BOUND('',#4248,.T.);
#4911=FACE_BOUND('',#4249,.T.);
#4912=FACE_BOUND('',#4250,.T.);
#4913=FACE_BOUND('',#4251,.T.);
#4914=FACE_BOUND('',#4252,.T.);
#4915=FACE_BOUND('',#4253,.T.);
#4916=FACE_BOUND('',#4254,.T.);
#4917=FACE_BOUND('',#4255,.T.);
#4918=FACE_BOUND('',#4256,.T.);
#4919=FACE_BOUND('',#4257,.T.);
#4920=FACE_BOUND('',#4258,.T.);
#4921=FACE_BOUND('',#4259,.T.);
#4922=FACE_BOUND('',#4260,.T.);
#4923=FACE_BOUND('',#4261,.T.);
#4924=FACE_BOUND('',#4262,.T.);
#4925=FACE_BOUND('',#4263,.T.);
#4926=FACE_BOUND('',#4264,.T.);
#4927=FACE_BOUND('',#4265,.T.);
#4928=FACE_BOUND('',#4266,.T.);
#4929=FACE_BOUND('',#4267,.T.);
#4930=FACE_BOUND('',#4268,.T.);
#4931=FACE_BOUND('',#4269,.T.);
#4932=FACE_BOUND('',#4270,.T.);
#4933=FACE_BOUND('',#4271,.T.);
#4934=FACE_BOUND('',#4272,.T.);
#4935=FACE_BOUND('',#4273,.T.);
#4936=FACE_BOUND('',#4274,.T.);
#4937=FACE_BOUND('',#4275,.T.);
#4938=FACE_BOUND('',#4276,.T.);
#4939=FACE_BOUND('',#4277,.T.);
#4940=FACE_BOUND('',#4278,.T.);
#4941=FACE_BOUND('',#4279,.T.);
#4942=FACE_BOUND('',#4280,.T.);
#4943=FACE_BOUND('',#4281,.T.);
#4944=FACE_BOUND('',#4282,.T.);
#4945=FACE_BOUND('',#4283,.T.);
#4946=FACE_BOUND('',#4284,.T.);
#4947=FACE_BOUND('',#4285,.T.);
#4948=FACE_BOUND('',#4286,.T.);
#4949=FACE_BOUND('',#4287,.T.);
#4950=FACE_BOUND('',#4288,.T.);
#4951=FACE_BOUND('',#4289,.T.);
#4952=FACE_BOUND('',#4290,.T.);
#4953=FACE_BOUND('',#4291,.T.);
#4954=FACE_BOUND('',#4292,.T.);
#4955=FACE_BOUND('',#4293,.T.);
#4956=FACE_BOUND('',#4294,.T.);
#4957=FACE_BOUND('',#4295,.T.);
#4958=FACE_BOUND('',#4296,.T.);
#4959=FACE_BOUND('',#4297,.T.);
#4960=FACE_BOUND('',#4298,.T.);
#4961=FACE_BOUND('',#4299,.T.);
#4962=FACE_BOUND('',#4300,.T.);
#4963=FACE_BOUND('',#4301,.T.);
#4964=FACE_BOUND('',#4302,.T.);
#4965=FACE_BOUND('',#4303,.T.);
#4966=FACE_BOUND('',#4304,.T.);
#4967=FACE_BOUND('',#4305,.T.);
#4968=FACE_BOUND('',#4306,.T.);
#4969=FACE_BOUND('',#50,.T.);
#4970=FACE_BOUND('',#4307,.T.);
#4971=FACE_BOUND('',#4308,.T.);
#4972=FACE_BOUND('',#4309,.T.);
#4973=FACE_BOUND('',#4310,.T.);
#4974=FACE_BOUND('',#4311,.T.);
#4975=FACE_BOUND('',#4312,.T.);
#4976=FACE_BOUND('',#4313,.T.);
#4977=FACE_BOUND('',#4314,.T.);
#4978=FACE_BOUND('',#4315,.T.);
#4979=FACE_BOUND('',#4316,.T.);
#4980=FACE_BOUND('',#4317,.T.);
#4981=FACE_BOUND('',#4318,.T.);
#4982=FACE_BOUND('',#4319,.T.);
#4983=FACE_BOUND('',#51,.T.);
#4984=FACE_BOUND('',#4320,.T.);
#4985=FACE_BOUND('',#4321,.T.);
#4986=FACE_BOUND('',#4322,.T.);
#4987=FACE_BOUND('',#4323,.T.);
#4988=FACE_BOUND('',#4324,.T.);
#4989=FACE_BOUND('',#4325,.T.);
#4990=FACE_BOUND('',#4326,.T.);
#4991=FACE_BOUND('',#4327,.T.);
#4992=FACE_BOUND('',#4328,.T.);
#4993=FACE_BOUND('',#4329,.T.);
#4994=FACE_BOUND('',#4330,.T.);
#4995=FACE_BOUND('',#4331,.T.);
#4996=FACE_BOUND('',#4332,.T.);
#4997=FACE_BOUND('',#4333,.T.);
#4998=FACE_BOUND('',#4334,.T.);
#4999=FACE_BOUND('',#4335,.T.);
#5000=FACE_BOUND('',#4336,.T.);
#5001=FACE_BOUND('',#4337,.T.);
#5002=FACE_BOUND('',#4338,.T.);
#5003=FACE_BOUND('',#4339,.T.);
#5004=FACE_BOUND('',#4340,.T.);
#5005=FACE_BOUND('',#4341,.T.);
#5006=FACE_BOUND('',#4342,.T.);
#5007=FACE_BOUND('',#4343,.T.);
#5008=FACE_BOUND('',#4344,.T.);
#5009=FACE_BOUND('',#4345,.T.);
#5010=FACE_BOUND('',#4346,.T.);
#5011=FACE_BOUND('',#4347,.T.);
#5012=FACE_BOUND('',#4348,.T.);
#5013=FACE_BOUND('',#4349,.T.);
#5014=FACE_BOUND('',#4350,.T.);
#5015=FACE_BOUND('',#4351,.T.);
#5016=FACE_BOUND('',#4352,.T.);
#5017=FACE_BOUND('',#4353,.T.);
#5018=FACE_BOUND('',#4354,.T.);
#5019=FACE_BOUND('',#4355,.T.);
#5020=FACE_BOUND('',#4356,.T.);
#5021=FACE_BOUND('',#4357,.T.);
#5022=FACE_BOUND('',#4358,.T.);
#5023=FACE_BOUND('',#4359,.T.);
#5024=FACE_BOUND('',#4360,.T.);
#5025=FACE_BOUND('',#4361,.T.);
#5026=FACE_BOUND('',#4362,.T.);
#5027=FACE_BOUND('',#4363,.T.);
#5028=FACE_BOUND('',#4364,.T.);
#5029=FACE_BOUND('',#4365,.T.);
#5030=FACE_BOUND('',#4366,.T.);
#5031=FACE_BOUND('',#4367,.T.);
#5032=FACE_BOUND('',#4368,.T.);
#5033=FACE_BOUND('',#4369,.T.);
#5034=FACE_BOUND('',#4370,.T.);
#5035=FACE_BOUND('',#4371,.T.);
#5036=FACE_BOUND('',#4372,.T.);
#5037=FACE_BOUND('',#4373,.T.);
#5038=FACE_BOUND('',#4374,.T.);
#5039=FACE_BOUND('',#4375,.T.);
#5040=FACE_BOUND('',#4376,.T.);
#5041=FACE_BOUND('',#4377,.T.);
#5042=FACE_BOUND('',#4378,.T.);
#5043=FACE_BOUND('',#4379,.T.);
#5044=FACE_BOUND('',#4380,.T.);
#5045=FACE_BOUND('',#4381,.T.);
#5046=FACE_BOUND('',#4382,.T.);
#5047=FACE_BOUND('',#4383,.T.);
#5048=FACE_BOUND('',#4384,.T.);
#5049=FACE_BOUND('',#4385,.T.);
#5050=FACE_BOUND('',#4386,.T.);
#5051=FACE_BOUND('',#4387,.T.);
#5052=FACE_BOUND('',#4388,.T.);
#5053=FACE_BOUND('',#4389,.T.);
#5054=FACE_BOUND('',#4390,.T.);
#5055=FACE_BOUND('',#4391,.T.);
#5056=FACE_BOUND('',#4392,.T.);
#5057=FACE_BOUND('',#4393,.T.);
#5058=FACE_BOUND('',#4394,.T.);
#5059=FACE_BOUND('',#4395,.T.);
#5060=FACE_BOUND('',#4396,.T.);
#5061=FACE_BOUND('',#4397,.T.);
#5062=FACE_BOUND('',#4398,.T.);
#5063=FACE_BOUND('',#4399,.T.);
#5064=FACE_BOUND('',#4400,.T.);
#5065=FACE_BOUND('',#4401,.T.);
#5066=FACE_BOUND('',#4402,.T.);
#5067=FACE_BOUND('',#4403,.T.);
#5068=FACE_BOUND('',#4404,.T.);
#5069=FACE_BOUND('',#4405,.T.);
#5070=FACE_BOUND('',#4406,.T.);
#5071=FACE_BOUND('',#4407,.T.);
#5072=FACE_BOUND('',#4408,.T.);
#5073=FACE_BOUND('',#4409,.T.);
#5074=FACE_BOUND('',#4410,.T.);
#5075=FACE_BOUND('',#4411,.T.);
#5076=FACE_BOUND('',#4412,.T.);
#5077=FACE_BOUND('',#4413,.T.);
#5078=FACE_BOUND('',#4414,.T.);
#5079=FACE_BOUND('',#4415,.T.);
#5080=FACE_BOUND('',#4416,.T.);
#5081=FACE_BOUND('',#4417,.T.);
#5082=FACE_BOUND('',#4418,.T.);
#5083=FACE_BOUND('',#4419,.T.);
#5084=FACE_BOUND('',#4420,.T.);
#5085=FACE_BOUND('',#4421,.T.);
#5086=FACE_BOUND('',#4422,.T.);
#5087=FACE_BOUND('',#4423,.T.);
#5088=FACE_BOUND('',#4424,.T.);
#5089=FACE_BOUND('',#4425,.T.);
#5090=FACE_BOUND('',#4426,.T.);
#5091=FACE_BOUND('',#4427,.T.);
#5092=FACE_BOUND('',#4428,.T.);
#5093=FACE_BOUND('',#4429,.T.);
#5094=FACE_BOUND('',#4430,.T.);
#5095=FACE_BOUND('',#4431,.T.);
#5096=FACE_BOUND('',#4432,.T.);
#5097=FACE_BOUND('',#4433,.T.);
#5098=FACE_BOUND('',#4434,.T.);
#5099=FACE_BOUND('',#4435,.T.);
#5100=FACE_BOUND('',#4436,.T.);
#5101=FACE_BOUND('',#4437,.T.);
#5102=FACE_BOUND('',#4438,.T.);
#5103=FACE_BOUND('',#4439,.T.);
#5104=FACE_BOUND('',#4440,.T.);
#5105=FACE_BOUND('',#4441,.T.);
#5106=FACE_BOUND('',#4442,.T.);
#5107=FACE_BOUND('',#4443,.T.);
#5108=FACE_BOUND('',#4444,.T.);
#5109=FACE_BOUND('',#4445,.T.);
#5110=FACE_BOUND('',#4446,.T.);
#5111=FACE_BOUND('',#4447,.T.);
#5112=FACE_BOUND('',#4448,.T.);
#5113=FACE_BOUND('',#4449,.T.);
#5114=FACE_BOUND('',#4450,.T.);
#5115=FACE_BOUND('',#4451,.T.);
#5116=FACE_BOUND('',#4452,.T.);
#5117=FACE_BOUND('',#4453,.T.);
#5118=FACE_BOUND('',#4454,.T.);
#5119=FACE_BOUND('',#4455,.T.);
#5120=FACE_BOUND('',#4456,.T.);
#5121=FACE_BOUND('',#4457,.T.);
#5122=FACE_BOUND('',#4458,.T.);
#5123=FACE_BOUND('',#4459,.T.);
#5124=FACE_BOUND('',#4460,.T.);
#5125=FACE_BOUND('',#4461,.T.);
#5126=FACE_BOUND('',#4462,.T.);
#5127=FACE_BOUND('',#4463,.T.);
#5128=FACE_BOUND('',#4464,.T.);
#5129=FACE_BOUND('',#4465,.T.);
#5130=FACE_BOUND('',#4466,.T.);
#5131=FACE_BOUND('',#4467,.T.);
#5132=FACE_BOUND('',#4468,.T.);
#5133=FACE_BOUND('',#4469,.T.);
#5134=FACE_BOUND('',#4470,.T.);
#5135=FACE_BOUND('',#4471,.T.);
#5136=FACE_BOUND('',#4472,.T.);
#5137=FACE_BOUND('',#4473,.T.);
#5138=FACE_BOUND('',#4474,.T.);
#5139=FACE_BOUND('',#4475,.T.);
#5140=FACE_BOUND('',#4476,.T.);
#5141=FACE_BOUND('',#4477,.T.);
#5142=FACE_BOUND('',#4478,.T.);
#5143=FACE_BOUND('',#4479,.T.);
#5144=FACE_BOUND('',#4480,.T.);
#5145=FACE_BOUND('',#4481,.T.);
#5146=FACE_BOUND('',#4482,.T.);
#5147=FACE_BOUND('',#4483,.T.);
#5148=FACE_BOUND('',#4484,.T.);
#5149=FACE_BOUND('',#4485,.T.);
#5150=FACE_BOUND('',#4486,.T.);
#5151=FACE_BOUND('',#4487,.T.);
#5152=FACE_BOUND('',#4488,.T.);
#5153=FACE_BOUND('',#4489,.T.);
#5154=FACE_BOUND('',#4490,.T.);
#5155=FACE_BOUND('',#4491,.T.);
#5156=FACE_BOUND('',#4492,.T.);
#5157=FACE_BOUND('',#4493,.T.);
#5158=FACE_BOUND('',#4494,.T.);
#5159=FACE_BOUND('',#4495,.T.);
#5160=FACE_BOUND('',#4496,.T.);
#5161=FACE_BOUND('',#4497,.T.);
#5162=FACE_BOUND('',#4498,.T.);
#5163=FACE_BOUND('',#4499,.T.);
#5164=FACE_BOUND('',#4500,.T.);
#5165=FACE_BOUND('',#4501,.T.);
#5166=FACE_BOUND('',#4502,.T.);
#5167=FACE_BOUND('',#4503,.T.);
#5168=FACE_BOUND('',#4504,.T.);
#5169=FACE_BOUND('',#4505,.T.);
#5170=FACE_BOUND('',#4506,.T.);
#5171=FACE_BOUND('',#4507,.T.);
#5172=FACE_BOUND('',#4508,.T.);
#5173=FACE_BOUND('',#4509,.T.);
#5174=FACE_BOUND('',#4510,.T.);
#5175=FACE_BOUND('',#4511,.T.);
#5176=FACE_BOUND('',#4512,.T.);
#5177=FACE_BOUND('',#4513,.T.);
#5178=FACE_BOUND('',#4514,.T.);
#5179=FACE_BOUND('',#4515,.T.);
#5180=FACE_BOUND('',#4516,.T.);
#5181=FACE_BOUND('',#4517,.T.);
#5182=FACE_BOUND('',#4518,.T.);
#5183=FACE_BOUND('',#4519,.T.);
#5184=FACE_BOUND('',#4520,.T.);
#5185=FACE_BOUND('',#4521,.T.);
#5186=FACE_BOUND('',#4522,.T.);
#5187=FACE_BOUND('',#4523,.T.);
#5188=FACE_BOUND('',#4524,.T.);
#5189=FACE_BOUND('',#4525,.T.);
#5190=FACE_BOUND('',#4526,.T.);
#5191=FACE_BOUND('',#4527,.T.);
#5192=FACE_BOUND('',#4528,.T.);
#5193=FACE_BOUND('',#4529,.T.);
#5194=FACE_BOUND('',#4530,.T.);
#5195=FACE_BOUND('',#4531,.T.);
#5196=FACE_BOUND('',#4532,.T.);
#5197=FACE_BOUND('',#4533,.T.);
#5198=FACE_BOUND('',#4534,.T.);
#5199=FACE_BOUND('',#4535,.T.);
#5200=FACE_BOUND('',#4536,.T.);
#5201=FACE_BOUND('',#4537,.T.);
#5202=FACE_BOUND('',#4538,.T.);
#5203=FACE_BOUND('',#4539,.T.);
#5204=FACE_BOUND('',#4540,.T.);
#5205=FACE_BOUND('',#4541,.T.);
#5206=FACE_BOUND('',#4542,.T.);
#5207=FACE_BOUND('',#4543,.T.);
#5208=FACE_BOUND('',#4544,.T.);
#5209=FACE_BOUND('',#4545,.T.);
#5210=FACE_BOUND('',#4546,.T.);
#5211=FACE_BOUND('',#4547,.T.);
#5212=FACE_BOUND('',#4548,.T.);
#5213=FACE_BOUND('',#4549,.T.);
#5214=FACE_BOUND('',#4550,.T.);
#5215=FACE_BOUND('',#4551,.T.);
#5216=FACE_BOUND('',#4552,.T.);
#5217=FACE_BOUND('',#4553,.T.);
#5218=FACE_BOUND('',#4554,.T.);
#5219=FACE_BOUND('',#4555,.T.);
#5220=FACE_BOUND('',#4556,.T.);
#5221=FACE_BOUND('',#4557,.T.);
#5222=FACE_BOUND('',#4558,.T.);
#5223=FACE_BOUND('',#4559,.T.);
#5224=FACE_BOUND('',#4560,.T.);
#5225=FACE_BOUND('',#4561,.T.);
#5226=FACE_BOUND('',#4562,.T.);
#5227=FACE_BOUND('',#4563,.T.);
#5228=FACE_BOUND('',#4564,.T.);
#5229=FACE_BOUND('',#4565,.T.);
#5230=FACE_BOUND('',#4566,.T.);
#5231=FACE_BOUND('',#4567,.T.);
#5232=FACE_BOUND('',#4568,.T.);
#5233=FACE_BOUND('',#4569,.T.);
#5234=FACE_BOUND('',#4570,.T.);
#5235=FACE_BOUND('',#4571,.T.);
#5236=FACE_BOUND('',#4572,.T.);
#5237=FACE_BOUND('',#4573,.T.);
#5238=FACE_BOUND('',#4574,.T.);
#5239=FACE_BOUND('',#4575,.T.);
#5240=FACE_BOUND('',#4576,.T.);
#5241=FACE_BOUND('',#4577,.T.);
#5242=FACE_BOUND('',#4578,.T.);
#5243=FACE_BOUND('',#4579,.T.);
#5244=FACE_BOUND('',#4580,.T.);
#5245=FACE_BOUND('',#4581,.T.);
#5246=FACE_BOUND('',#4582,.T.);
#5247=FACE_BOUND('',#4583,.T.);
#5248=FACE_BOUND('',#4584,.T.);
#5249=FACE_BOUND('',#4585,.T.);
#5250=FACE_BOUND('',#4586,.T.);
#5251=FACE_BOUND('',#4587,.T.);
#5252=FACE_BOUND('',#4588,.T.);
#5253=FACE_BOUND('',#4589,.T.);
#5254=FACE_BOUND('',#4590,.T.);
#5255=FACE_BOUND('',#4591,.T.);
#5256=FACE_BOUND('',#4592,.T.);
#5257=FACE_BOUND('',#4593,.T.);
#5258=FACE_BOUND('',#4594,.T.);
#5259=FACE_BOUND('',#4595,.T.);
#5260=FACE_BOUND('',#4596,.T.);
#5261=FACE_BOUND('',#4597,.T.);
#5262=FACE_BOUND('',#4598,.T.);
#5263=FACE_BOUND('',#4599,.T.);
#5264=FACE_BOUND('',#4600,.T.);
#5265=FACE_BOUND('',#4601,.T.);
#5266=FACE_BOUND('',#4602,.T.);
#5267=FACE_BOUND('',#4603,.T.);
#5268=FACE_BOUND('',#4604,.T.);
#5269=FACE_BOUND('',#4605,.T.);
#5270=FACE_BOUND('',#4606,.T.);
#5271=FACE_BOUND('',#4607,.T.);
#5272=FACE_BOUND('',#4608,.T.);
#5273=FACE_BOUND('',#4609,.T.);
#5274=FACE_BOUND('',#4610,.T.);
#5275=FACE_BOUND('',#4611,.T.);
#5276=FACE_BOUND('',#4612,.T.);
#5277=FACE_BOUND('',#4613,.T.);
#5278=FACE_BOUND('',#4614,.T.);
#5279=FACE_BOUND('',#4615,.T.);
#5280=FACE_BOUND('',#4616,.T.);
#5281=FACE_BOUND('',#4617,.T.);
#5282=FACE_BOUND('',#4618,.T.);
#5283=FACE_BOUND('',#4619,.T.);
#5284=FACE_BOUND('',#4620,.T.);
#5285=FACE_BOUND('',#4621,.T.);
#5286=FACE_BOUND('',#4622,.T.);
#5287=FACE_BOUND('',#4623,.T.);
#5288=FACE_BOUND('',#4624,.T.);
#5289=FACE_BOUND('',#4625,.T.);
#5290=FACE_BOUND('',#4626,.T.);
#5291=FACE_BOUND('',#4627,.T.);
#5292=FACE_BOUND('',#4628,.T.);
#5293=FACE_BOUND('',#4629,.T.);
#5294=FACE_BOUND('',#4630,.T.);
#5295=FACE_BOUND('',#4631,.T.);
#5296=FACE_BOUND('',#4632,.T.);
#5297=FACE_BOUND('',#4633,.T.);
#5298=FACE_BOUND('',#4634,.T.);
#5299=FACE_BOUND('',#4635,.T.);
#5300=FACE_BOUND('',#4636,.T.);
#5301=FACE_BOUND('',#4637,.T.);
#5302=FACE_BOUND('',#4638,.T.);
#5303=FACE_BOUND('',#4639,.T.);
#5304=FACE_BOUND('',#4640,.T.);
#5305=FACE_BOUND('',#4641,.T.);
#5306=FACE_BOUND('',#4642,.T.);
#5307=FACE_BOUND('',#4643,.T.);
#5308=FACE_BOUND('',#4644,.T.);
#5309=FACE_BOUND('',#4645,.T.);
#5310=FACE_BOUND('',#4646,.T.);
#5311=FACE_BOUND('',#4647,.T.);
#5312=FACE_BOUND('',#4648,.T.);
#5313=FACE_BOUND('',#4649,.T.);
#5314=FACE_BOUND('',#4650,.T.);
#5315=FACE_BOUND('',#4651,.T.);
#5316=FACE_BOUND('',#4652,.T.);
#5317=FACE_BOUND('',#4653,.T.);
#5318=FACE_BOUND('',#4654,.T.);
#5319=FACE_BOUND('',#4655,.T.);
#5320=FACE_BOUND('',#4656,.T.);
#5321=FACE_BOUND('',#4657,.T.);
#5322=CYLINDRICAL_SURFACE('',#6027,0.00975);
#5323=CYLINDRICAL_SURFACE('',#6030,0.00975);
#5324=CYLINDRICAL_SURFACE('',#6037,0.00225);
#5325=CYLINDRICAL_SURFACE('',#6043,0.004);
#5326=CYLINDRICAL_SURFACE('',#6047,0.0008);
#5327=CYLINDRICAL_SURFACE('',#6053,0.0008);
#5328=CYLINDRICAL_SURFACE('',#6059,0.0008);
#5329=CYLINDRICAL_SURFACE('',#6065,0.0008);
#5330=CYLINDRICAL_SURFACE('',#6071,0.0008);
#5331=CYLINDRICAL_SURFACE('',#6077,0.0008);
#5332=CYLINDRICAL_SURFACE('',#6083,0.0008);
#5333=CYLINDRICAL_SURFACE('',#6089,0.0008);
#5334=CYLINDRICAL_SURFACE('',#6097,0.00975);
#5335=CYLINDRICAL_SURFACE('',#6101,0.001025);
#5336=CYLINDRICAL_SURFACE('',#6107,0.0013);
#5337=CYLINDRICAL_SURFACE('',#6111,0.0024);
#5338=CYLINDRICAL_SURFACE('',#6115,0.001025);
#5339=CYLINDRICAL_SURFACE('',#6121,0.001025);
#5340=CYLINDRICAL_SURFACE('',#6127,0.001025);
#5341=CYLINDRICAL_SURFACE('',#6133,0.0013);
#5342=CYLINDRICAL_SURFACE('',#6137,0.0024);
#5343=CYLINDRICAL_SURFACE('',#6141,0.001025);
#5344=CYLINDRICAL_SURFACE('',#6147,0.0013);
#5345=CYLINDRICAL_SURFACE('',#6151,0.0024);
#5346=CYLINDRICAL_SURFACE('',#6155,0.001025);
#5347=CYLINDRICAL_SURFACE('',#6161,0.0013);
#5348=CYLINDRICAL_SURFACE('',#6165,0.0024);
#5349=CYLINDRICAL_SURFACE('',#6171,0.001025);
#5350=CYLINDRICAL_SURFACE('',#6177,0.001025);
#5351=CYLINDRICAL_SURFACE('',#6183,0.001025);
#5352=CYLINDRICAL_SURFACE('',#6189,0.001025);
#5353=CYLINDRICAL_SURFACE('',#6195,0.001025);
#5354=CYLINDRICAL_SURFACE('',#6201,0.0013);
#5355=CYLINDRICAL_SURFACE('',#6205,0.0024);
#5356=CYLINDRICAL_SURFACE('',#6209,0.001025);
#5357=CYLINDRICAL_SURFACE('',#6215,0.0013);
#5358=CYLINDRICAL_SURFACE('',#6219,0.0024);
#5359=CYLINDRICAL_SURFACE('',#6226,0.001025);
#5360=CYLINDRICAL_SURFACE('',#6232,0.001025);
#5361=CYLINDRICAL_SURFACE('',#6238,0.001025);
#5362=CYLINDRICAL_SURFACE('',#6244,0.001025);
#5363=CYLINDRICAL_SURFACE('',#6250,0.001025);
#5364=CYLINDRICAL_SURFACE('',#6256,0.001025);
#5365=CYLINDRICAL_SURFACE('',#6262,0.001025);
#5366=CYLINDRICAL_SURFACE('',#6268,0.001025);
#5367=CYLINDRICAL_SURFACE('',#6324,0.001025);
#5368=CYLINDRICAL_SURFACE('',#6330,0.001025);
#5369=CYLINDRICAL_SURFACE('',#6338,0.00975);
#5370=CYLINDRICAL_SURFACE('',#6342,0.001025);
#5371=CYLINDRICAL_SURFACE('',#6348,0.0013);
#5372=CYLINDRICAL_SURFACE('',#6352,0.0024);
#5373=CYLINDRICAL_SURFACE('',#6356,0.001025);
#5374=CYLINDRICAL_SURFACE('',#6362,0.0013);
#5375=CYLINDRICAL_SURFACE('',#6366,0.0024);
#5376=CYLINDRICAL_SURFACE('',#6383,0.00225);
#5377=CYLINDRICAL_SURFACE('',#6387,0.00125);
#5378=CYLINDRICAL_SURFACE('',#6404,0.00225);
#5379=CYLINDRICAL_SURFACE('',#6408,0.00125);
#5380=CYLINDRICAL_SURFACE('',#6425,0.00225);
#5381=CYLINDRICAL_SURFACE('',#6429,0.00125);
#5382=CYLINDRICAL_SURFACE('',#6446,0.00225);
#5383=CYLINDRICAL_SURFACE('',#6450,0.00125);
#5384=CYLINDRICAL_SURFACE('',#6467,0.00225);
#5385=CYLINDRICAL_SURFACE('',#6471,0.00125);
#5386=CYLINDRICAL_SURFACE('',#6488,0.00225);
#5387=CYLINDRICAL_SURFACE('',#6492,0.00125);
#5388=CYLINDRICAL_SURFACE('',#6509,0.00225);
#5389=CYLINDRICAL_SURFACE('',#6513,0.00125);
#5390=CYLINDRICAL_SURFACE('',#6530,0.00225);
#5391=CYLINDRICAL_SURFACE('',#6534,0.00125);
#5392=CYLINDRICAL_SURFACE('',#6540,0.0017);
#5393=CYLINDRICAL_SURFACE('',#6547,0.0014);
#5394=CYLINDRICAL_SURFACE('',#6556,0.0024);
#5395=CYLINDRICAL_SURFACE('',#6570,0.0017);
#5396=CYLINDRICAL_SURFACE('',#6577,0.0014);
#5397=CYLINDRICAL_SURFACE('',#6586,0.0024);
#5398=CYLINDRICAL_SURFACE('',#6600,0.0017);
#5399=CYLINDRICAL_SURFACE('',#6607,0.0014);
#5400=CYLINDRICAL_SURFACE('',#6616,0.0024);
#5401=CYLINDRICAL_SURFACE('',#6630,0.0017);
#5402=CYLINDRICAL_SURFACE('',#6637,0.0014);
#5403=CYLINDRICAL_SURFACE('',#6646,0.0024);
#5404=CYLINDRICAL_SURFACE('',#6660,0.0017);
#5405=CYLINDRICAL_SURFACE('',#6667,0.0014);
#5406=CYLINDRICAL_SURFACE('',#6676,0.0024);
#5407=CYLINDRICAL_SURFACE('',#6690,0.0017);
#5408=CYLINDRICAL_SURFACE('',#6697,0.0014);
#5409=CYLINDRICAL_SURFACE('',#6706,0.0024);
#5410=CYLINDRICAL_SURFACE('',#6720,0.0017);
#5411=CYLINDRICAL_SURFACE('',#6727,0.0014);
#5412=CYLINDRICAL_SURFACE('',#6736,0.0024);
#5413=CYLINDRICAL_SURFACE('',#6750,0.0017);
#5414=CYLINDRICAL_SURFACE('',#6757,0.0014);
#5415=CYLINDRICAL_SURFACE('',#6766,0.0024);
#5416=ADVANCED_FACE('',(#4658),#5322,.T.);
#5417=ADVANCED_FACE('',(#4659),#5323,.T.);
#5418=ADVANCED_FACE('',(#4660),#143,.T.);
#5419=ADVANCED_FACE('',(#4661,#4662),#52,.T.);
#5420=ADVANCED_FACE('',(#4663,#4664),#5324,.T.);
#5421=ADVANCED_FACE('',(#4665,#4666),#144,.F.);
#5422=ADVANCED_FACE('',(#4667,#4668),#53,.T.);
#5423=ADVANCED_FACE('',(#4669,#4670),#5325,.T.);
#5424=ADVANCED_FACE('',(#4671),#145,.T.);
#5425=ADVANCED_FACE('',(#4672,#4673),#5326,.F.);
#5426=ADVANCED_FACE('',(#4674,#4675),#54,.F.);
#5427=ADVANCED_FACE('',(#4676),#146,.T.);
#5428=ADVANCED_FACE('',(#4677,#4678),#5327,.F.);
#5429=ADVANCED_FACE('',(#4679,#4680),#55,.F.);
#5430=ADVANCED_FACE('',(#4681),#147,.T.);
#5431=ADVANCED_FACE('',(#4682,#4683),#5328,.F.);
#5432=ADVANCED_FACE('',(#4684,#4685),#56,.F.);
#5433=ADVANCED_FACE('',(#4686),#148,.T.);
#5434=ADVANCED_FACE('',(#4687,#4688),#5329,.F.);
#5435=ADVANCED_FACE('',(#4689,#4690),#57,.F.);
#5436=ADVANCED_FACE('',(#4691),#149,.T.);
#5437=ADVANCED_FACE('',(#4692,#4693),#5330,.F.);
#5438=ADVANCED_FACE('',(#4694,#4695),#58,.F.);
#5439=ADVANCED_FACE('',(#4696),#150,.T.);
#5440=ADVANCED_FACE('',(#4697,#4698),#5331,.F.);
#5441=ADVANCED_FACE('',(#4699,#4700),#59,.F.);
#5442=ADVANCED_FACE('',(#4701),#151,.T.);
#5443=ADVANCED_FACE('',(#4702,#4703),#5332,.F.);
#5444=ADVANCED_FACE('',(#4704,#4705),#60,.F.);
#5445=ADVANCED_FACE('',(#4706),#152,.T.);
#5446=ADVANCED_FACE('',(#4707,#4708),#5333,.F.);
#5447=ADVANCED_FACE('',(#4709,#4710),#61,.F.);
#5448=ADVANCED_FACE('',(#4711,#4712,#4713,#4714,#4715,#4716,#4717,#4718,
#4719,#4720),#153,.F.);
#5449=ADVANCED_FACE('',(#4721,#4722),#62,.T.);
#5450=ADVANCED_FACE('',(#4723,#4724),#5334,.T.);
#5451=ADVANCED_FACE('',(#4725,#4726),#63,.F.);
#5452=ADVANCED_FACE('',(#4727,#4728),#5335,.F.);
#5453=ADVANCED_FACE('',(#4729,#4730),#64,.F.);
#5454=ADVANCED_FACE('',(#4731,#4732),#154,.F.);
#5455=ADVANCED_FACE('',(#4733,#4734),#5336,.F.);
#5456=ADVANCED_FACE('',(#4735,#4736),#155,.T.);
#5457=ADVANCED_FACE('',(#4737,#4738),#5337,.F.);
#5458=ADVANCED_FACE('',(#4739),#156,.T.);
#5459=ADVANCED_FACE('',(#4740,#4741),#5338,.F.);
#5460=ADVANCED_FACE('',(#4742,#4743),#65,.F.);
#5461=ADVANCED_FACE('',(#4744),#157,.T.);
#5462=ADVANCED_FACE('',(#4745,#4746),#5339,.F.);
#5463=ADVANCED_FACE('',(#4747,#4748),#66,.F.);
#5464=ADVANCED_FACE('',(#4749,#4750),#67,.F.);
#5465=ADVANCED_FACE('',(#4751,#4752),#5340,.F.);
#5466=ADVANCED_FACE('',(#4753,#4754),#68,.F.);
#5467=ADVANCED_FACE('',(#4755,#4756),#158,.F.);
#5468=ADVANCED_FACE('',(#4757,#4758),#5341,.F.);
#5469=ADVANCED_FACE('',(#4759,#4760),#159,.T.);
#5470=ADVANCED_FACE('',(#4761,#4762),#5342,.F.);
#5471=ADVANCED_FACE('',(#4763,#4764),#69,.F.);
#5472=ADVANCED_FACE('',(#4765,#4766),#5343,.F.);
#5473=ADVANCED_FACE('',(#4767,#4768),#70,.F.);
#5474=ADVANCED_FACE('',(#4769,#4770),#160,.F.);
#5475=ADVANCED_FACE('',(#4771,#4772),#5344,.F.);
#5476=ADVANCED_FACE('',(#4773,#4774),#161,.T.);
#5477=ADVANCED_FACE('',(#4775,#4776),#5345,.F.);
#5478=ADVANCED_FACE('',(#4777,#4778),#71,.F.);
#5479=ADVANCED_FACE('',(#4779,#4780),#5346,.F.);
#5480=ADVANCED_FACE('',(#4781,#4782),#72,.F.);
#5481=ADVANCED_FACE('',(#4783,#4784),#162,.F.);
#5482=ADVANCED_FACE('',(#4785,#4786),#5347,.F.);
#5483=ADVANCED_FACE('',(#4787,#4788),#163,.T.);
#5484=ADVANCED_FACE('',(#4789,#4790),#5348,.F.);
#5485=ADVANCED_FACE('',(#4791),#164,.F.);
#5486=ADVANCED_FACE('',(#4792),#165,.T.);
#5487=ADVANCED_FACE('',(#4793),#166,.T.);
#5488=ADVANCED_FACE('',(#4794,#4795),#5349,.F.);
#5489=ADVANCED_FACE('',(#4796,#4797),#73,.F.);
#5490=ADVANCED_FACE('',(#4798),#167,.T.);
#5491=ADVANCED_FACE('',(#4799,#4800),#5350,.F.);
#5492=ADVANCED_FACE('',(#4801,#4802),#74,.F.);
#5493=ADVANCED_FACE('',(#4803),#168,.T.);
#5494=ADVANCED_FACE('',(#4804,#4805),#5351,.F.);
#5495=ADVANCED_FACE('',(#4806,#4807),#75,.F.);
#5496=ADVANCED_FACE('',(#4808),#169,.T.);
#5497=ADVANCED_FACE('',(#4809,#4810),#5352,.F.);
#5498=ADVANCED_FACE('',(#4811,#4812),#76,.F.);
#5499=ADVANCED_FACE('',(#4813,#4814),#77,.F.);
#5500=ADVANCED_FACE('',(#4815,#4816),#5353,.F.);
#5501=ADVANCED_FACE('',(#4817,#4818),#78,.F.);
#5502=ADVANCED_FACE('',(#4819,#4820),#170,.F.);
#5503=ADVANCED_FACE('',(#4821,#4822),#5354,.F.);
#5504=ADVANCED_FACE('',(#4823,#4824),#171,.T.);
#5505=ADVANCED_FACE('',(#4825,#4826),#5355,.F.);
#5506=ADVANCED_FACE('',(#4827,#4828),#79,.F.);
#5507=ADVANCED_FACE('',(#4829,#4830),#5356,.F.);
#5508=ADVANCED_FACE('',(#4831,#4832),#80,.F.);
#5509=ADVANCED_FACE('',(#4833,#4834),#172,.F.);
#5510=ADVANCED_FACE('',(#4835,#4836),#5357,.F.);
#5511=ADVANCED_FACE('',(#4837,#4838),#173,.T.);
#5512=ADVANCED_FACE('',(#4839,#4840),#5358,.F.);
#5513=ADVANCED_FACE('',(#4841),#174,.T.);
#5514=ADVANCED_FACE('',(#4842),#175,.T.);
#5515=ADVANCED_FACE('',(#4843),#176,.T.);
#5516=ADVANCED_FACE('',(#4844),#177,.F.);
#5517=ADVANCED_FACE('',(#4845,#4846),#5359,.F.);
#5518=ADVANCED_FACE('',(#4847,#4848),#81,.F.);
#5519=ADVANCED_FACE('',(#4849),#178,.F.);
#5520=ADVANCED_FACE('',(#4850,#4851),#5360,.F.);
#5521=ADVANCED_FACE('',(#4852,#4853),#82,.F.);
#5522=ADVANCED_FACE('',(#4854),#179,.F.);
#5523=ADVANCED_FACE('',(#4855,#4856),#5361,.F.);
#5524=ADVANCED_FACE('',(#4857,#4858),#83,.F.);
#5525=ADVANCED_FACE('',(#4859),#180,.F.);
#5526=ADVANCED_FACE('',(#4860,#4861),#5362,.F.);
#5527=ADVANCED_FACE('',(#4862,#4863),#84,.F.);
#5528=ADVANCED_FACE('',(#4864),#181,.T.);
#5529=ADVANCED_FACE('',(#4865,#4866),#5363,.F.);
#5530=ADVANCED_FACE('',(#4867,#4868),#85,.F.);
#5531=ADVANCED_FACE('',(#4869),#182,.T.);
#5532=ADVANCED_FACE('',(#4870,#4871),#5364,.F.);
#5533=ADVANCED_FACE('',(#4872,#4873),#86,.F.);
#5534=ADVANCED_FACE('',(#4874),#183,.T.);
#5535=ADVANCED_FACE('',(#4875,#4876),#5365,.F.);
#5536=ADVANCED_FACE('',(#4877,#4878),#87,.F.);
#5537=ADVANCED_FACE('',(#4879),#184,.T.);
#5538=ADVANCED_FACE('',(#4880,#4881),#5366,.F.);
#5539=ADVANCED_FACE('',(#4882,#4883),#88,.F.);
#5540=ADVANCED_FACE('',(#4884),#185,.F.);
#5541=ADVANCED_FACE('',(#4885),#186,.T.);
#5542=ADVANCED_FACE('',(#4886),#187,.T.);
#5543=ADVANCED_FACE('',(#4887),#188,.T.);
#5544=ADVANCED_FACE('',(#4888),#189,.T.);
#5545=ADVANCED_FACE('',(#4889,#4890,#4891,#4892,#4893),#190,.T.);
#5546=ADVANCED_FACE('',(#4894),#191,.T.);
#5547=ADVANCED_FACE('',(#4895),#192,.T.);
#5548=ADVANCED_FACE('',(#4896),#193,.T.);
#5549=ADVANCED_FACE('',(#4897,#4898,#4899,#4900,#4901),#194,.T.);
#5550=ADVANCED_FACE('',(#4902),#195,.T.);
#5551=ADVANCED_FACE('',(#4903),#196,.F.);
#5552=ADVANCED_FACE('',(#4904),#197,.T.);
#5553=ADVANCED_FACE('',(#4905),#198,.F.);
#5554=ADVANCED_FACE('',(#4906),#199,.T.);
#5555=ADVANCED_FACE('',(#4907),#200,.F.);
#5556=ADVANCED_FACE('',(#4908),#201,.T.);
#5557=ADVANCED_FACE('',(#4909),#202,.F.);
#5558=ADVANCED_FACE('',(#4910),#203,.T.);
#5559=ADVANCED_FACE('',(#4911,#4912,#4913),#204,.F.);
#5560=ADVANCED_FACE('',(#4914),#205,.T.);
#5561=ADVANCED_FACE('',(#4915),#206,.T.);
#5562=ADVANCED_FACE('',(#4916),#207,.T.);
#5563=ADVANCED_FACE('',(#4917),#208,.T.);
#5564=ADVANCED_FACE('',(#4918,#4919,#4920,#4921,#4922),#209,.T.);
#5565=ADVANCED_FACE('',(#4923),#210,.T.);
#5566=ADVANCED_FACE('',(#4924),#211,.T.);
#5567=ADVANCED_FACE('',(#4925),#212,.T.);
#5568=ADVANCED_FACE('',(#4926),#213,.T.);
#5569=ADVANCED_FACE('',(#4927),#214,.T.);
#5570=ADVANCED_FACE('',(#4928,#4929,#4930,#4931,#4932,#4933,#4934,#4935),
#215,.T.);
#5571=ADVANCED_FACE('',(#4936),#216,.T.);
#5572=ADVANCED_FACE('',(#4937),#217,.T.);
#5573=ADVANCED_FACE('',(#4938),#218,.T.);
#5574=ADVANCED_FACE('',(#4939),#219,.T.);
#5575=ADVANCED_FACE('',(#4940),#220,.F.);
#5576=ADVANCED_FACE('',(#4941),#221,.T.);
#5577=ADVANCED_FACE('',(#4942),#222,.F.);
#5578=ADVANCED_FACE('',(#4943),#223,.T.);
#5579=ADVANCED_FACE('',(#4944),#224,.F.);
#5580=ADVANCED_FACE('',(#4945),#225,.F.);
#5581=ADVANCED_FACE('',(#4946),#226,.F.);
#5582=ADVANCED_FACE('',(#4947),#227,.F.);
#5583=ADVANCED_FACE('',(#4948),#228,.T.);
#5584=ADVANCED_FACE('',(#4949),#229,.T.);
#5585=ADVANCED_FACE('',(#4950),#230,.T.);
#5586=ADVANCED_FACE('',(#4951),#231,.T.);
#5587=ADVANCED_FACE('',(#4952),#232,.T.);
#5588=ADVANCED_FACE('',(#4953,#4954),#5367,.F.);
#5589=ADVANCED_FACE('',(#4955,#4956),#89,.F.);
#5590=ADVANCED_FACE('',(#4957),#233,.T.);
#5591=ADVANCED_FACE('',(#4958,#4959),#5368,.F.);
#5592=ADVANCED_FACE('',(#4960,#4961),#90,.F.);
#5593=ADVANCED_FACE('',(#4962,#4963,#4964),#234,.T.);
#5594=ADVANCED_FACE('',(#4965),#235,.T.);
#5595=ADVANCED_FACE('',(#4966),#236,.F.);
#5596=ADVANCED_FACE('',(#4967),#237,.T.);
#5597=ADVANCED_FACE('',(#4968),#5369,.T.);
#5598=ADVANCED_FACE('',(#4969,#4970),#91,.F.);
#5599=ADVANCED_FACE('',(#4971,#4972),#5370,.F.);
#5600=ADVANCED_FACE('',(#4973,#4974),#92,.F.);
#5601=ADVANCED_FACE('',(#4975,#4976),#238,.F.);
#5602=ADVANCED_FACE('',(#4977,#4978),#5371,.F.);
#5603=ADVANCED_FACE('',(#4979,#4980),#239,.T.);
#5604=ADVANCED_FACE('',(#4981,#4982),#5372,.F.);
#5605=ADVANCED_FACE('',(#4983,#4984),#93,.F.);
#5606=ADVANCED_FACE('',(#4985,#4986),#5373,.F.);
#5607=ADVANCED_FACE('',(#4987,#4988),#94,.F.);
#5608=ADVANCED_FACE('',(#4989,#4990),#240,.F.);
#5609=ADVANCED_FACE('',(#4991,#4992),#5374,.F.);
#5610=ADVANCED_FACE('',(#4993,#4994),#241,.T.);
#5611=ADVANCED_FACE('',(#4995,#4996),#5375,.F.);
#5612=ADVANCED_FACE('',(#4997,#4998,#4999),#242,.F.);
#5613=ADVANCED_FACE('',(#5000),#243,.F.);
#5614=ADVANCED_FACE('',(#5001),#244,.T.);
#5615=ADVANCED_FACE('',(#5002),#245,.T.);
#5616=ADVANCED_FACE('',(#5003),#246,.F.);
#5617=ADVANCED_FACE('',(#5004),#247,.F.);
#5618=ADVANCED_FACE('',(#5005),#248,.F.);
#5619=ADVANCED_FACE('',(#5006),#249,.F.);
#5620=ADVANCED_FACE('',(#5007),#250,.F.);
#5621=ADVANCED_FACE('',(#5008),#251,.F.);
#5622=ADVANCED_FACE('',(#5009,#5010),#252,.F.);
#5623=ADVANCED_FACE('',(#5011,#5012),#95,.T.);
#5624=ADVANCED_FACE('',(#5013,#5014),#5376,.T.);
#5625=ADVANCED_FACE('',(#5015,#5016),#253,.T.);
#5626=ADVANCED_FACE('',(#5017,#5018),#5377,.T.);
#5627=ADVANCED_FACE('',(#5019,#5020),#96,.T.);
#5628=ADVANCED_FACE('',(#5021),#254,.T.);
#5629=ADVANCED_FACE('',(#5022),#255,.T.);
#5630=ADVANCED_FACE('',(#5023),#256,.F.);
#5631=ADVANCED_FACE('',(#5024),#257,.F.);
#5632=ADVANCED_FACE('',(#5025),#258,.F.);
#5633=ADVANCED_FACE('',(#5026),#259,.F.);
#5634=ADVANCED_FACE('',(#5027),#260,.F.);
#5635=ADVANCED_FACE('',(#5028),#261,.F.);
#5636=ADVANCED_FACE('',(#5029,#5030),#262,.F.);
#5637=ADVANCED_FACE('',(#5031,#5032),#97,.T.);
#5638=ADVANCED_FACE('',(#5033,#5034),#5378,.T.);
#5639=ADVANCED_FACE('',(#5035,#5036),#263,.T.);
#5640=ADVANCED_FACE('',(#5037,#5038),#5379,.T.);
#5641=ADVANCED_FACE('',(#5039,#5040),#98,.T.);
#5642=ADVANCED_FACE('',(#5041),#264,.T.);
#5643=ADVANCED_FACE('',(#5042),#265,.T.);
#5644=ADVANCED_FACE('',(#5043),#266,.F.);
#5645=ADVANCED_FACE('',(#5044),#267,.F.);
#5646=ADVANCED_FACE('',(#5045),#268,.F.);
#5647=ADVANCED_FACE('',(#5046),#269,.F.);
#5648=ADVANCED_FACE('',(#5047),#270,.F.);
#5649=ADVANCED_FACE('',(#5048),#271,.F.);
#5650=ADVANCED_FACE('',(#5049,#5050),#272,.F.);
#5651=ADVANCED_FACE('',(#5051,#5052),#99,.T.);
#5652=ADVANCED_FACE('',(#5053,#5054),#5380,.T.);
#5653=ADVANCED_FACE('',(#5055,#5056),#273,.T.);
#5654=ADVANCED_FACE('',(#5057,#5058),#5381,.T.);
#5655=ADVANCED_FACE('',(#5059,#5060),#100,.T.);
#5656=ADVANCED_FACE('',(#5061),#274,.T.);
#5657=ADVANCED_FACE('',(#5062),#275,.T.);
#5658=ADVANCED_FACE('',(#5063),#276,.F.);
#5659=ADVANCED_FACE('',(#5064),#277,.F.);
#5660=ADVANCED_FACE('',(#5065),#278,.F.);
#5661=ADVANCED_FACE('',(#5066),#279,.F.);
#5662=ADVANCED_FACE('',(#5067),#280,.F.);
#5663=ADVANCED_FACE('',(#5068),#281,.F.);
#5664=ADVANCED_FACE('',(#5069,#5070),#282,.F.);
#5665=ADVANCED_FACE('',(#5071,#5072),#101,.T.);
#5666=ADVANCED_FACE('',(#5073,#5074),#5382,.T.);
#5667=ADVANCED_FACE('',(#5075,#5076),#283,.T.);
#5668=ADVANCED_FACE('',(#5077,#5078),#5383,.T.);
#5669=ADVANCED_FACE('',(#5079,#5080),#102,.T.);
#5670=ADVANCED_FACE('',(#5081),#284,.T.);
#5671=ADVANCED_FACE('',(#5082),#285,.T.);
#5672=ADVANCED_FACE('',(#5083),#286,.F.);
#5673=ADVANCED_FACE('',(#5084),#287,.F.);
#5674=ADVANCED_FACE('',(#5085),#288,.F.);
#5675=ADVANCED_FACE('',(#5086),#289,.F.);
#5676=ADVANCED_FACE('',(#5087),#290,.F.);
#5677=ADVANCED_FACE('',(#5088),#291,.F.);
#5678=ADVANCED_FACE('',(#5089,#5090),#292,.F.);
#5679=ADVANCED_FACE('',(#5091,#5092),#103,.T.);
#5680=ADVANCED_FACE('',(#5093,#5094),#5384,.T.);
#5681=ADVANCED_FACE('',(#5095,#5096),#293,.T.);
#5682=ADVANCED_FACE('',(#5097,#5098),#5385,.T.);
#5683=ADVANCED_FACE('',(#5099,#5100),#104,.T.);
#5684=ADVANCED_FACE('',(#5101),#294,.T.);
#5685=ADVANCED_FACE('',(#5102),#295,.T.);
#5686=ADVANCED_FACE('',(#5103),#296,.F.);
#5687=ADVANCED_FACE('',(#5104),#297,.F.);
#5688=ADVANCED_FACE('',(#5105),#298,.F.);
#5689=ADVANCED_FACE('',(#5106),#299,.F.);
#5690=ADVANCED_FACE('',(#5107),#300,.F.);
#5691=ADVANCED_FACE('',(#5108),#301,.F.);
#5692=ADVANCED_FACE('',(#5109,#5110),#302,.F.);
#5693=ADVANCED_FACE('',(#5111,#5112),#105,.T.);
#5694=ADVANCED_FACE('',(#5113,#5114),#5386,.T.);
#5695=ADVANCED_FACE('',(#5115,#5116),#303,.T.);
#5696=ADVANCED_FACE('',(#5117,#5118),#5387,.T.);
#5697=ADVANCED_FACE('',(#5119,#5120),#106,.T.);
#5698=ADVANCED_FACE('',(#5121),#304,.T.);
#5699=ADVANCED_FACE('',(#5122),#305,.T.);
#5700=ADVANCED_FACE('',(#5123),#306,.F.);
#5701=ADVANCED_FACE('',(#5124),#307,.F.);
#5702=ADVANCED_FACE('',(#5125),#308,.F.);
#5703=ADVANCED_FACE('',(#5126),#309,.F.);
#5704=ADVANCED_FACE('',(#5127),#310,.F.);
#5705=ADVANCED_FACE('',(#5128),#311,.F.);
#5706=ADVANCED_FACE('',(#5129,#5130),#312,.F.);
#5707=ADVANCED_FACE('',(#5131,#5132),#107,.T.);
#5708=ADVANCED_FACE('',(#5133,#5134),#5388,.T.);
#5709=ADVANCED_FACE('',(#5135,#5136),#313,.T.);
#5710=ADVANCED_FACE('',(#5137,#5138),#5389,.T.);
#5711=ADVANCED_FACE('',(#5139,#5140),#108,.T.);
#5712=ADVANCED_FACE('',(#5141),#314,.T.);
#5713=ADVANCED_FACE('',(#5142),#315,.T.);
#5714=ADVANCED_FACE('',(#5143),#316,.F.);
#5715=ADVANCED_FACE('',(#5144),#317,.F.);
#5716=ADVANCED_FACE('',(#5145),#318,.F.);
#5717=ADVANCED_FACE('',(#5146),#319,.F.);
#5718=ADVANCED_FACE('',(#5147),#320,.F.);
#5719=ADVANCED_FACE('',(#5148),#321,.F.);
#5720=ADVANCED_FACE('',(#5149,#5150),#322,.F.);
#5721=ADVANCED_FACE('',(#5151,#5152),#109,.T.);
#5722=ADVANCED_FACE('',(#5153,#5154),#5390,.T.);
#5723=ADVANCED_FACE('',(#5155,#5156),#323,.T.);
#5724=ADVANCED_FACE('',(#5157,#5158),#5391,.T.);
#5725=ADVANCED_FACE('',(#5159,#5160),#110,.T.);
#5726=ADVANCED_FACE('',(#5161),#324,.T.);
#5727=ADVANCED_FACE('',(#5162,#5163),#5392,.F.);
#5728=ADVANCED_FACE('',(#5164,#5165),#325,.F.);
#5729=ADVANCED_FACE('',(#5166,#5167),#111,.F.);
#5730=ADVANCED_FACE('',(#5168,#5169),#5393,.F.);
#5731=ADVANCED_FACE('',(#5170),#326,.T.);
#5732=ADVANCED_FACE('',(#5171,#5172),#327,.T.);
#5733=ADVANCED_FACE('',(#5173,#5174),#112,.T.);
#5734=ADVANCED_FACE('',(#5175,#5176),#5394,.T.);
#5735=ADVANCED_FACE('',(#5177),#113,.T.);
#5736=ADVANCED_FACE('',(#5178),#328,.F.);
#5737=ADVANCED_FACE('',(#5179),#114,.F.);
#5738=ADVANCED_FACE('',(#5180),#329,.F.);
#5739=ADVANCED_FACE('',(#5181),#330,.F.);
#5740=ADVANCED_FACE('',(#5182,#5183),#5395,.F.);
#5741=ADVANCED_FACE('',(#5184,#5185),#331,.F.);
#5742=ADVANCED_FACE('',(#5186,#5187),#115,.F.);
#5743=ADVANCED_FACE('',(#5188,#5189),#5396,.F.);
#5744=ADVANCED_FACE('',(#5190),#332,.T.);
#5745=ADVANCED_FACE('',(#5191,#5192),#333,.T.);
#5746=ADVANCED_FACE('',(#5193,#5194),#116,.T.);
#5747=ADVANCED_FACE('',(#5195,#5196),#5397,.T.);
#5748=ADVANCED_FACE('',(#5197),#117,.T.);
#5749=ADVANCED_FACE('',(#5198),#334,.F.);
#5750=ADVANCED_FACE('',(#5199),#118,.F.);
#5751=ADVANCED_FACE('',(#5200),#335,.F.);
#5752=ADVANCED_FACE('',(#5201),#336,.F.);
#5753=ADVANCED_FACE('',(#5202,#5203),#5398,.F.);
#5754=ADVANCED_FACE('',(#5204,#5205),#337,.F.);
#5755=ADVANCED_FACE('',(#5206,#5207),#119,.F.);
#5756=ADVANCED_FACE('',(#5208,#5209),#5399,.F.);
#5757=ADVANCED_FACE('',(#5210),#338,.T.);
#5758=ADVANCED_FACE('',(#5211,#5212),#339,.T.);
#5759=ADVANCED_FACE('',(#5213,#5214),#120,.T.);
#5760=ADVANCED_FACE('',(#5215,#5216),#5400,.T.);
#5761=ADVANCED_FACE('',(#5217),#121,.T.);
#5762=ADVANCED_FACE('',(#5218),#340,.F.);
#5763=ADVANCED_FACE('',(#5219),#122,.F.);
#5764=ADVANCED_FACE('',(#5220),#341,.F.);
#5765=ADVANCED_FACE('',(#5221),#342,.F.);
#5766=ADVANCED_FACE('',(#5222,#5223),#5401,.F.);
#5767=ADVANCED_FACE('',(#5224,#5225),#343,.F.);
#5768=ADVANCED_FACE('',(#5226,#5227),#123,.F.);
#5769=ADVANCED_FACE('',(#5228,#5229),#5402,.F.);
#5770=ADVANCED_FACE('',(#5230),#344,.T.);
#5771=ADVANCED_FACE('',(#5231,#5232),#345,.T.);
#5772=ADVANCED_FACE('',(#5233,#5234),#124,.T.);
#5773=ADVANCED_FACE('',(#5235,#5236),#5403,.T.);
#5774=ADVANCED_FACE('',(#5237),#125,.T.);
#5775=ADVANCED_FACE('',(#5238),#346,.F.);
#5776=ADVANCED_FACE('',(#5239),#126,.F.);
#5777=ADVANCED_FACE('',(#5240),#347,.F.);
#5778=ADVANCED_FACE('',(#5241),#348,.F.);
#5779=ADVANCED_FACE('',(#5242,#5243),#5404,.F.);
#5780=ADVANCED_FACE('',(#5244,#5245),#349,.F.);
#5781=ADVANCED_FACE('',(#5246,#5247),#127,.F.);
#5782=ADVANCED_FACE('',(#5248,#5249),#5405,.F.);
#5783=ADVANCED_FACE('',(#5250),#350,.T.);
#5784=ADVANCED_FACE('',(#5251,#5252),#351,.T.);
#5785=ADVANCED_FACE('',(#5253,#5254),#128,.T.);
#5786=ADVANCED_FACE('',(#5255,#5256),#5406,.T.);
#5787=ADVANCED_FACE('',(#5257),#129,.T.);
#5788=ADVANCED_FACE('',(#5258),#352,.F.);
#5789=ADVANCED_FACE('',(#5259),#130,.F.);
#5790=ADVANCED_FACE('',(#5260),#353,.F.);
#5791=ADVANCED_FACE('',(#5261),#354,.F.);
#5792=ADVANCED_FACE('',(#5262,#5263),#5407,.F.);
#5793=ADVANCED_FACE('',(#5264,#5265),#355,.F.);
#5794=ADVANCED_FACE('',(#5266,#5267),#131,.F.);
#5795=ADVANCED_FACE('',(#5268,#5269),#5408,.F.);
#5796=ADVANCED_FACE('',(#5270),#356,.T.);
#5797=ADVANCED_FACE('',(#5271,#5272),#357,.T.);
#5798=ADVANCED_FACE('',(#5273,#5274),#132,.T.);
#5799=ADVANCED_FACE('',(#5275,#5276),#5409,.T.);
#5800=ADVANCED_FACE('',(#5277),#133,.T.);
#5801=ADVANCED_FACE('',(#5278),#358,.F.);
#5802=ADVANCED_FACE('',(#5279),#134,.F.);
#5803=ADVANCED_FACE('',(#5280),#359,.F.);
#5804=ADVANCED_FACE('',(#5281),#360,.F.);
#5805=ADVANCED_FACE('',(#5282,#5283),#5410,.F.);
#5806=ADVANCED_FACE('',(#5284,#5285),#361,.F.);
#5807=ADVANCED_FACE('',(#5286,#5287),#135,.F.);
#5808=ADVANCED_FACE('',(#5288,#5289),#5411,.F.);
#5809=ADVANCED_FACE('',(#5290),#362,.T.);
#5810=ADVANCED_FACE('',(#5291,#5292),#363,.T.);
#5811=ADVANCED_FACE('',(#5293,#5294),#136,.T.);
#5812=ADVANCED_FACE('',(#5295,#5296),#5412,.T.);
#5813=ADVANCED_FACE('',(#5297),#137,.T.);
#5814=ADVANCED_FACE('',(#5298),#364,.F.);
#5815=ADVANCED_FACE('',(#5299),#138,.F.);
#5816=ADVANCED_FACE('',(#5300),#365,.F.);
#5817=ADVANCED_FACE('',(#5301),#366,.F.);
#5818=ADVANCED_FACE('',(#5302,#5303),#5413,.F.);
#5819=ADVANCED_FACE('',(#5304,#5305),#367,.F.);
#5820=ADVANCED_FACE('',(#5306,#5307),#139,.F.);
#5821=ADVANCED_FACE('',(#5308,#5309),#5414,.F.);
#5822=ADVANCED_FACE('',(#5310),#368,.T.);
#5823=ADVANCED_FACE('',(#5311,#5312),#369,.T.);
#5824=ADVANCED_FACE('',(#5313,#5314),#140,.T.);
#5825=ADVANCED_FACE('',(#5315,#5316),#5415,.T.);
#5826=ADVANCED_FACE('',(#5317),#141,.T.);
#5827=ADVANCED_FACE('',(#5318),#370,.F.);
#5828=ADVANCED_FACE('',(#5319),#142,.F.);
#5829=ADVANCED_FACE('',(#5320),#371,.F.);
#5830=ADVANCED_FACE('',(#5321),#372,.F.);
#5831=CLOSED_SHELL('',(#5416,#5417,#5418,#5419,#5420,#5421,#5422,#5423,
#5424,#5425,#5426,#5427,#5428,#5429,#5430,#5431,#5432,#5433,#5434,#5435,
#5436,#5437,#5438,#5439,#5440,#5441,#5442,#5443,#5444,#5445,#5446,#5447,
#5448,#5449,#5450,#5451,#5452,#5453,#5454,#5455,#5456,#5457,#5458,#5459,
#5460,#5461,#5462,#5463,#5464,#5465,#5466,#5467,#5468,#5469,#5470,#5471,
#5472,#5473,#5474,#5475,#5476,#5477,#5478,#5479,#5480,#5481,#5482,#5483,
#5484,#5485,#5486,#5487,#5488,#5489,#5490,#5491,#5492,#5493,#5494,#5495,
#5496,#5497,#5498,#5499,#5500,#5501,#5502,#5503,#5504,#5505,#5506,#5507,
#5508,#5509,#5510,#5511,#5512,#5513,#5514,#5515,#5516,#5517,#5518,#5519,
#5520,#5521,#5522,#5523,#5524,#5525,#5526,#5527,#5528,#5529,#5530,#5531,
#5532,#5533,#5534,#5535,#5536,#5537,#5538,#5539,#5540,#5541,#5542,#5543,
#5544,#5545,#5546,#5547,#5548,#5549,#5550,#5551,#5552,#5553,#5554,#5555,
#5556,#5557,#5558,#5559,#5560,#5561,#5562,#5563,#5564,#5565,#5566,#5567,
#5568,#5569,#5570,#5571,#5572,#5573,#5574,#5575,#5576,#5577,#5578,#5579,
#5580,#5581,#5582,#5583,#5584,#5585,#5586,#5587,#5588,#5589,#5590,#5591,
#5592,#5593,#5594,#5595,#5596,#5597,#5598,#5599,#5600,#5601,#5602,#5603,
#5604,#5605,#5606,#5607,#5608,#5609,#5610,#5611,#5612,#5613,#5614));
#5832=CLOSED_SHELL('',(#5615,#5616,#5617,#5618,#5619,#5620,#5621,#5622,
#5623,#5624,#5625,#5626,#5627,#5628));
#5833=CLOSED_SHELL('',(#5629,#5630,#5631,#5632,#5633,#5634,#5635,#5636,
#5637,#5638,#5639,#5640,#5641,#5642));
#5834=CLOSED_SHELL('',(#5643,#5644,#5645,#5646,#5647,#5648,#5649,#5650,
#5651,#5652,#5653,#5654,#5655,#5656));
#5835=CLOSED_SHELL('',(#5657,#5658,#5659,#5660,#5661,#5662,#5663,#5664,
#5665,#5666,#5667,#5668,#5669,#5670));
#5836=CLOSED_SHELL('',(#5671,#5672,#5673,#5674,#5675,#5676,#5677,#5678,
#5679,#5680,#5681,#5682,#5683,#5684));
#5837=CLOSED_SHELL('',(#5685,#5686,#5687,#5688,#5689,#5690,#5691,#5692,
#5693,#5694,#5695,#5696,#5697,#5698));
#5838=CLOSED_SHELL('',(#5699,#5700,#5701,#5702,#5703,#5704,#5705,#5706,
#5707,#5708,#5709,#5710,#5711,#5712));
#5839=CLOSED_SHELL('',(#5713,#5714,#5715,#5716,#5717,#5718,#5719,#5720,
#5721,#5722,#5723,#5724,#5725,#5726));
#5840=CLOSED_SHELL('',(#5727,#5728,#5729,#5730,#5731,#5732,#5733,#5734,
#5735,#5736,#5737,#5738,#5739));
#5841=CLOSED_SHELL('',(#5740,#5741,#5742,#5743,#5744,#5745,#5746,#5747,
#5748,#5749,#5750,#5751,#5752));
#5842=CLOSED_SHELL('',(#5753,#5754,#5755,#5756,#5757,#5758,#5759,#5760,
#5761,#5762,#5763,#5764,#5765));
#5843=CLOSED_SHELL('',(#5766,#5767,#5768,#5769,#5770,#5771,#5772,#5773,
#5774,#5775,#5776,#5777,#5778));
#5844=CLOSED_SHELL('',(#5779,#5780,#5781,#5782,#5783,#5784,#5785,#5786,
#5787,#5788,#5789,#5790,#5791));
#5845=CLOSED_SHELL('',(#5792,#5793,#5794,#5795,#5796,#5797,#5798,#5799,
#5800,#5801,#5802,#5803,#5804));
#5846=CLOSED_SHELL('',(#5805,#5806,#5807,#5808,#5809,#5810,#5811,#5812,
#5813,#5814,#5815,#5816,#5817));
#5847=CLOSED_SHELL('',(#5818,#5819,#5820,#5821,#5822,#5823,#5824,#5825,
#5826,#5827,#5828,#5829,#5830));
#5848=STYLED_ITEM('',(#5865),#5975);
#5849=STYLED_ITEM('',(#5866),#5976);
#5850=STYLED_ITEM('',(#5867),#5977);
#5851=STYLED_ITEM('',(#5868),#5978);
#5852=STYLED_ITEM('',(#5869),#5979);
#5853=STYLED_ITEM('',(#5870),#5980);
#5854=STYLED_ITEM('',(#5871),#5981);
#5855=STYLED_ITEM('',(#5872),#5982);
#5856=STYLED_ITEM('',(#5873),#5983);
#5857=STYLED_ITEM('',(#5874),#5984);
#5858=STYLED_ITEM('',(#5875),#5985);
#5859=STYLED_ITEM('',(#5876),#5986);
#5860=STYLED_ITEM('',(#5877),#5987);
#5861=STYLED_ITEM('',(#5878),#5988);
#5862=STYLED_ITEM('',(#5879),#5989);
#5863=STYLED_ITEM('',(#5880),#5990);
#5864=STYLED_ITEM('',(#5881),#5991);
#5865=PRESENTATION_STYLE_ASSIGNMENT((#5882));
#5866=PRESENTATION_STYLE_ASSIGNMENT((#5883));
#5867=PRESENTATION_STYLE_ASSIGNMENT((#5884));
#5868=PRESENTATION_STYLE_ASSIGNMENT((#5885));
#5869=PRESENTATION_STYLE_ASSIGNMENT((#5886));
#5870=PRESENTATION_STYLE_ASSIGNMENT((#5887));
#5871=PRESENTATION_STYLE_ASSIGNMENT((#5888));
#5872=PRESENTATION_STYLE_ASSIGNMENT((#5889));
#5873=PRESENTATION_STYLE_ASSIGNMENT((#5890));
#5874=PRESENTATION_STYLE_ASSIGNMENT((#5891));
#5875=PRESENTATION_STYLE_ASSIGNMENT((#5892));
#5876=PRESENTATION_STYLE_ASSIGNMENT((#5893));
#5877=PRESENTATION_STYLE_ASSIGNMENT((#5894));
#5878=PRESENTATION_STYLE_ASSIGNMENT((#5895));
#5879=PRESENTATION_STYLE_ASSIGNMENT((#5896));
#5880=PRESENTATION_STYLE_ASSIGNMENT((#5897));
#5881=PRESENTATION_STYLE_ASSIGNMENT((#5898));
#5882=SURFACE_STYLE_USAGE(.BOTH.,#5899);
#5883=SURFACE_STYLE_USAGE(.BOTH.,#5900);
#5884=SURFACE_STYLE_USAGE(.BOTH.,#5901);
#5885=SURFACE_STYLE_USAGE(.BOTH.,#5902);
#5886=SURFACE_STYLE_USAGE(.BOTH.,#5903);
#5887=SURFACE_STYLE_USAGE(.BOTH.,#5904);
#5888=SURFACE_STYLE_USAGE(.BOTH.,#5905);
#5889=SURFACE_STYLE_USAGE(.BOTH.,#5906);
#5890=SURFACE_STYLE_USAGE(.BOTH.,#5907);
#5891=SURFACE_STYLE_USAGE(.BOTH.,#5908);
#5892=SURFACE_STYLE_USAGE(.BOTH.,#5909);
#5893=SURFACE_STYLE_USAGE(.BOTH.,#5910);
#5894=SURFACE_STYLE_USAGE(.BOTH.,#5911);
#5895=SURFACE_STYLE_USAGE(.BOTH.,#5912);
#5896=SURFACE_STYLE_USAGE(.BOTH.,#5913);
#5897=SURFACE_STYLE_USAGE(.BOTH.,#5914);
#5898=SURFACE_STYLE_USAGE(.BOTH.,#5915);
#5899=SURFACE_SIDE_STYLE('',(#5916));
#5900=SURFACE_SIDE_STYLE('',(#5917));
#5901=SURFACE_SIDE_STYLE('',(#5918));
#5902=SURFACE_SIDE_STYLE('',(#5919));
#5903=SURFACE_SIDE_STYLE('',(#5920));
#5904=SURFACE_SIDE_STYLE('',(#5921));
#5905=SURFACE_SIDE_STYLE('',(#5922));
#5906=SURFACE_SIDE_STYLE('',(#5923));
#5907=SURFACE_SIDE_STYLE('',(#5924));
#5908=SURFACE_SIDE_STYLE('',(#5925));
#5909=SURFACE_SIDE_STYLE('',(#5926));
#5910=SURFACE_SIDE_STYLE('',(#5927));
#5911=SURFACE_SIDE_STYLE('',(#5928));
#5912=SURFACE_SIDE_STYLE('',(#5929));
#5913=SURFACE_SIDE_STYLE('',(#5930));
#5914=SURFACE_SIDE_STYLE('',(#5931));
#5915=SURFACE_SIDE_STYLE('',(#5932));
#5916=SURFACE_STYLE_FILL_AREA(#5933);
#5917=SURFACE_STYLE_FILL_AREA(#5934);
#5918=SURFACE_STYLE_FILL_AREA(#5935);
#5919=SURFACE_STYLE_FILL_AREA(#5936);
#5920=SURFACE_STYLE_FILL_AREA(#5937);
#5921=SURFACE_STYLE_FILL_AREA(#5938);
#5922=SURFACE_STYLE_FILL_AREA(#5939);
#5923=SURFACE_STYLE_FILL_AREA(#5940);
#5924=SURFACE_STYLE_FILL_AREA(#5941);
#5925=SURFACE_STYLE_FILL_AREA(#5942);
#5926=SURFACE_STYLE_FILL_AREA(#5943);
#5927=SURFACE_STYLE_FILL_AREA(#5944);
#5928=SURFACE_STYLE_FILL_AREA(#5945);
#5929=SURFACE_STYLE_FILL_AREA(#5946);
#5930=SURFACE_STYLE_FILL_AREA(#5947);
#5931=SURFACE_STYLE_FILL_AREA(#5948);
#5932=SURFACE_STYLE_FILL_AREA(#5949);
#5933=FILL_AREA_STYLE('',(#5950));
#5934=FILL_AREA_STYLE('',(#5951));
#5935=FILL_AREA_STYLE('',(#5952));
#5936=FILL_AREA_STYLE('',(#5953));
#5937=FILL_AREA_STYLE('',(#5954));
#5938=FILL_AREA_STYLE('',(#5955));
#5939=FILL_AREA_STYLE('',(#5956));
#5940=FILL_AREA_STYLE('',(#5957));
#5941=FILL_AREA_STYLE('',(#5958));
#5942=FILL_AREA_STYLE('',(#5959));
#5943=FILL_AREA_STYLE('',(#5960));
#5944=FILL_AREA_STYLE('',(#5961));
#5945=FILL_AREA_STYLE('',(#5962));
#5946=FILL_AREA_STYLE('',(#5963));
#5947=FILL_AREA_STYLE('',(#5964));
#5948=FILL_AREA_STYLE('',(#5965));
#5949=FILL_AREA_STYLE('',(#5966));
#5950=FILL_AREA_STYLE_COLOUR('',#5967);
#5951=FILL_AREA_STYLE_COLOUR('',#5968);
#5952=FILL_AREA_STYLE_COLOUR('',#5969);
#5953=FILL_AREA_STYLE_COLOUR('',#5970);
#5954=FILL_AREA_STYLE_COLOUR('',#5971);
#5955=FILL_AREA_STYLE_COLOUR('',#5972);
#5956=FILL_AREA_STYLE_COLOUR('',#5973);
#5957=FILL_AREA_STYLE_COLOUR('',#5974);
#5958=FILL_AREA_STYLE_COLOUR('',#5967);
#5959=FILL_AREA_STYLE_COLOUR('',#5968);
#5960=FILL_AREA_STYLE_COLOUR('',#5969);
#5961=FILL_AREA_STYLE_COLOUR('',#5970);
#5962=FILL_AREA_STYLE_COLOUR('',#5971);
#5963=FILL_AREA_STYLE_COLOUR('',#5972);
#5964=FILL_AREA_STYLE_COLOUR('',#5973);
#5965=FILL_AREA_STYLE_COLOUR('',#5974);
#5966=FILL_AREA_STYLE_COLOUR('',#5967);
#5967=COLOUR_RGB('',0.647058823529412,0.647058823529412,0.647058823529412);
#5968=COLOUR_RGB('',0.231372549019608,0.380392156862745,0.705882352941177);
#5969=COLOUR_RGB('',0.917647058823529,0.917647058823529,0.917647058823529);
#5970=COLOUR_RGB('',0.768627450980392,0.886274509803922,0.952941176470588);
#5971=COLOUR_RGB('',0.972549019607843,0.529411764705882,0.00392156862745098);
#5972=COLOUR_RGB('',0.498039215686275,0.498039215686275,0.498039215686275);
#5973=COLOUR_RGB('',0.980392156862745,0.713725490196078,0.00392156862745098);
#5974=COLOUR_RGB('',0.615686274509804,0.811764705882353,0.929411764705882);
#5975=MANIFOLD_SOLID_BREP('DUMMY_DC12',#5831);
#5976=MANIFOLD_SOLID_BREP('WBH_M2_5X12',#5832);
#5977=MANIFOLD_SOLID_BREP('WBH_M2_5X12_1',#5833);
#5978=MANIFOLD_SOLID_BREP('WBH_M2_5X12_2',#5834);
#5979=MANIFOLD_SOLID_BREP('WBH_M2_5X12_3',#5835);
#5980=MANIFOLD_SOLID_BREP('WBH_M2_5X12_4',#5836);
#5981=MANIFOLD_SOLID_BREP('WBH_M2_5X12_5',#5837);
#5982=MANIFOLD_SOLID_BREP('WBH_M2_5X12_6',#5838);
#5983=MANIFOLD_SOLID_BREP('WBH_M2_5X12_7',#5839);
#5984=MANIFOLD_SOLID_BREP('DC12_A01_SPACER_RING_1',#5840);
#5985=MANIFOLD_SOLID_BREP('DC12_A01_SPACER_RING_1_1',#5841);
#5986=MANIFOLD_SOLID_BREP('DC12_A01_SPACER_RING_1_2',#5842);
#5987=MANIFOLD_SOLID_BREP('DC12_A01_SPACER_RING_1_3',#5843);
#5988=MANIFOLD_SOLID_BREP('DC12_A01_SPACER_RING_1_4',#5844);
#5989=MANIFOLD_SOLID_BREP('DC12_A01_SPACER_RING_1_5',#5845);
#5990=MANIFOLD_SOLID_BREP('DC12_A01_SPACER_RING_1_6',#5846);
#5991=MANIFOLD_SOLID_BREP('DC12_A01_SPACER_RING_1_7',#5847);
#5992=SHAPE_DEFINITION_REPRESENTATION(#10399,#6009);
#5993=SHAPE_DEFINITION_REPRESENTATION(#10400,#6010);
#5994=SHAPE_DEFINITION_REPRESENTATION(#10401,#6011);
#5995=SHAPE_DEFINITION_REPRESENTATION(#10402,#6012);
#5996=SHAPE_DEFINITION_REPRESENTATION(#10403,#6013);
#5997=SHAPE_DEFINITION_REPRESENTATION(#10404,#6014);
#5998=SHAPE_DEFINITION_REPRESENTATION(#10405,#6015);
#5999=SHAPE_DEFINITION_REPRESENTATION(#10406,#6016);
#6000=SHAPE_DEFINITION_REPRESENTATION(#10407,#6017);
#6001=SHAPE_DEFINITION_REPRESENTATION(#10408,#6018);
#6002=SHAPE_DEFINITION_REPRESENTATION(#10409,#6019);
#6003=SHAPE_DEFINITION_REPRESENTATION(#10410,#6020);
#6004=SHAPE_DEFINITION_REPRESENTATION(#10411,#6021);
#6005=SHAPE_DEFINITION_REPRESENTATION(#10412,#6022);
#6006=SHAPE_DEFINITION_REPRESENTATION(#10413,#6023);
#6007=SHAPE_DEFINITION_REPRESENTATION(#10414,#6024);
#6008=SHAPE_DEFINITION_REPRESENTATION(#10415,#6025);
#6009=SHAPE_REPRESENTATION('DUMMY_DC12',(#6026),#10314);
#6010=SHAPE_REPRESENTATION('WBH_M2_5X12',(#6371),#10315);
#6011=SHAPE_REPRESENTATION('WBH_M2_5X12_1',(#6392),#10316);
#6012=SHAPE_REPRESENTATION('WBH_M2_5X12_2',(#6413),#10317);
#6013=SHAPE_REPRESENTATION('WBH_M2_5X12_3',(#6434),#10318);
#6014=SHAPE_REPRESENTATION('WBH_M2_5X12_4',(#6455),#10319);
#6015=SHAPE_REPRESENTATION('WBH_M2_5X12_5',(#6476),#10320);
#6016=SHAPE_REPRESENTATION('WBH_M2_5X12_6',(#6497),#10321);
#6017=SHAPE_REPRESENTATION('WBH_M2_5X12_7',(#6518),#10322);
#6018=SHAPE_REPRESENTATION('DC12_A01_SPACER_RING_1',(#6539),#10323);
#6019=SHAPE_REPRESENTATION('DC12_A01_SPACER_RING_1_1',(#6569),#10324);
#6020=SHAPE_REPRESENTATION('DC12_A01_SPACER_RING_1_2',(#6599),#10325);
#6021=SHAPE_REPRESENTATION('DC12_A01_SPACER_RING_1_3',(#6629),#10326);
#6022=SHAPE_REPRESENTATION('DC12_A01_SPACER_RING_1_4',(#6659),#10327);
#6023=SHAPE_REPRESENTATION('DC12_A01_SPACER_RING_1_5',(#6689),#10328);
#6024=SHAPE_REPRESENTATION('DC12_A01_SPACER_RING_1_6',(#6719),#10329);
#6025=SHAPE_REPRESENTATION('DC12_A01_SPACER_RING_1_7',(#6749),#10330);
#6026=AXIS2_PLACEMENT_3D('',#8647,#6779,#6780);
#6027=AXIS2_PLACEMENT_3D('',#8648,#6781,#6782);
#6028=AXIS2_PLACEMENT_3D('',#8652,#6784,#6785);
#6029=AXIS2_PLACEMENT_3D('',#8656,#6787,#6788);
#6030=AXIS2_PLACEMENT_3D('',#8657,#6789,#6790);
#6031=AXIS2_PLACEMENT_3D('',#8661,#6792,#6793);
#6032=AXIS2_PLACEMENT_3D('',#8665,#6795,#6796);
#6033=AXIS2_PLACEMENT_3D('',#8666,#6797,#6798);
#6034=AXIS2_PLACEMENT_3D('',#8667,#6799,#6800);
#6035=AXIS2_PLACEMENT_3D('',#8669,#6801,#6802);
#6036=AXIS2_PLACEMENT_3D('',#8670,#6803,#6804);
#6037=AXIS2_PLACEMENT_3D('',#8672,#6805,#6806);
#6038=AXIS2_PLACEMENT_3D('',#8673,#6807,#6808);
#6039=AXIS2_PLACEMENT_3D('',#8675,#6809,#6810);
#6040=AXIS2_PLACEMENT_3D('',#8676,#6811,#6812);
#6041=AXIS2_PLACEMENT_3D('',#8678,#6813,#6814);
#6042=AXIS2_PLACEMENT_3D('',#8679,#6815,#6816);
#6043=AXIS2_PLACEMENT_3D('',#8681,#6817,#6818);
#6044=AXIS2_PLACEMENT_3D('',#8682,#6819,#6820);
#6045=AXIS2_PLACEMENT_3D('',#8684,#6821,#6822);
#6046=AXIS2_PLACEMENT_3D('',#8685,#6823,#6824);
#6047=AXIS2_PLACEMENT_3D('',#8687,#6825,#6826);
#6048=AXIS2_PLACEMENT_3D('',#8688,#6827,#6828);
#6049=AXIS2_PLACEMENT_3D('',#8690,#6829,#6830);
#6050=AXIS2_PLACEMENT_3D('',#8691,#6831,#6832);
#6051=AXIS2_PLACEMENT_3D('',#8693,#6833,#6834);
#6052=AXIS2_PLACEMENT_3D('',#8694,#6835,#6836);
#6053=AXIS2_PLACEMENT_3D('',#8696,#6837,#6838);
#6054=AXIS2_PLACEMENT_3D('',#8697,#6839,#6840);
#6055=AXIS2_PLACEMENT_3D('',#8699,#6841,#6842);
#6056=AXIS2_PLACEMENT_3D('',#8700,#6843,#6844);
#6057=AXIS2_PLACEMENT_3D('',#8702,#6845,#6846);
#6058=AXIS2_PLACEMENT_3D('',#8703,#6847,#6848);
#6059=AXIS2_PLACEMENT_3D('',#8705,#6849,#6850);
#6060=AXIS2_PLACEMENT_3D('',#8706,#6851,#6852);
#6061=AXIS2_PLACEMENT_3D('',#8708,#6853,#6854);
#6062=AXIS2_PLACEMENT_3D('',#8709,#6855,#6856);
#6063=AXIS2_PLACEMENT_3D('',#8711,#6857,#6858);
#6064=AXIS2_PLACEMENT_3D('',#8712,#6859,#6860);
#6065=AXIS2_PLACEMENT_3D('',#8714,#6861,#6862);
#6066=AXIS2_PLACEMENT_3D('',#8715,#6863,#6864);
#6067=AXIS2_PLACEMENT_3D('',#8717,#6865,#6866);
#6068=AXIS2_PLACEMENT_3D('',#8718,#6867,#6868);
#6069=AXIS2_PLACEMENT_3D('',#8720,#6869,#6870);
#6070=AXIS2_PLACEMENT_3D('',#8721,#6871,#6872);
#6071=AXIS2_PLACEMENT_3D('',#8723,#6873,#6874);
#6072=AXIS2_PLACEMENT_3D('',#8724,#6875,#6876);
#6073=AXIS2_PLACEMENT_3D('',#8726,#6877,#6878);
#6074=AXIS2_PLACEMENT_3D('',#8727,#6879,#6880);
#6075=AXIS2_PLACEMENT_3D('',#8729,#6881,#6882);
#6076=AXIS2_PLACEMENT_3D('',#8730,#6883,#6884);
#6077=AXIS2_PLACEMENT_3D('',#8732,#6885,#6886);
#6078=AXIS2_PLACEMENT_3D('',#8733,#6887,#6888);
#6079=AXIS2_PLACEMENT_3D('',#8735,#6889,#6890);
#6080=AXIS2_PLACEMENT_3D('',#8736,#6891,#6892);
#6081=AXIS2_PLACEMENT_3D('',#8738,#6893,#6894);
#6082=AXIS2_PLACEMENT_3D('',#8739,#6895,#6896);
#6083=AXIS2_PLACEMENT_3D('',#8741,#6897,#6898);
#6084=AXIS2_PLACEMENT_3D('',#8742,#6899,#6900);
#6085=AXIS2_PLACEMENT_3D('',#8744,#6901,#6902);
#6086=AXIS2_PLACEMENT_3D('',#8745,#6903,#6904);
#6087=AXIS2_PLACEMENT_3D('',#8747,#6905,#6906);
#6088=AXIS2_PLACEMENT_3D('',#8748,#6907,#6908);
#6089=AXIS2_PLACEMENT_3D('',#8750,#6909,#6910);
#6090=AXIS2_PLACEMENT_3D('',#8751,#6911,#6912);
#6091=AXIS2_PLACEMENT_3D('',#8753,#6913,#6914);
#6092=AXIS2_PLACEMENT_3D('',#8754,#6915,#6916);
#6093=AXIS2_PLACEMENT_3D('',#8756,#6917,#6918);
#6094=AXIS2_PLACEMENT_3D('',#8757,#6919,#6920);
#6095=AXIS2_PLACEMENT_3D('',#8759,#6921,#6922);
#6096=AXIS2_PLACEMENT_3D('',#8760,#6923,#6924);
#6097=AXIS2_PLACEMENT_3D('',#8762,#6925,#6926);
#6098=AXIS2_PLACEMENT_3D('',#8763,#6927,#6928);
#6099=AXIS2_PLACEMENT_3D('',#8765,#6929,#6930);
#6100=AXIS2_PLACEMENT_3D('',#8767,#6931,#6932);
#6101=AXIS2_PLACEMENT_3D('',#8769,#6933,#6934);
#6102=AXIS2_PLACEMENT_3D('',#8770,#6935,#6936);
#6103=AXIS2_PLACEMENT_3D('',#8772,#6937,#6938);
#6104=AXIS2_PLACEMENT_3D('',#8773,#6939,#6940);
#6105=AXIS2_PLACEMENT_3D('',#8775,#6941,#6942);
#6106=AXIS2_PLACEMENT_3D('',#8776,#6943,#6944);
#6107=AXIS2_PLACEMENT_3D('',#8778,#6945,#6946);
#6108=AXIS2_PLACEMENT_3D('',#8779,#6947,#6948);
#6109=AXIS2_PLACEMENT_3D('',#8781,#6949,#6950);
#6110=AXIS2_PLACEMENT_3D('',#8782,#6951,#6952);
#6111=AXIS2_PLACEMENT_3D('',#8784,#6953,#6954);
#6112=AXIS2_PLACEMENT_3D('',#8785,#6955,#6956);
#6113=AXIS2_PLACEMENT_3D('',#8787,#6957,#6958);
#6114=AXIS2_PLACEMENT_3D('',#8788,#6959,#6960);
#6115=AXIS2_PLACEMENT_3D('',#8790,#6961,#6962);
#6116=AXIS2_PLACEMENT_3D('',#8791,#6963,#6964);
#6117=AXIS2_PLACEMENT_3D('',#8793,#6965,#6966);
#6118=AXIS2_PLACEMENT_3D('',#8794,#6967,#6968);
#6119=AXIS2_PLACEMENT_3D('',#8796,#6969,#6970);
#6120=AXIS2_PLACEMENT_3D('',#8797,#6971,#6972);
#6121=AXIS2_PLACEMENT_3D('',#8799,#6973,#6974);
#6122=AXIS2_PLACEMENT_3D('',#8800,#6975,#6976);
#6123=AXIS2_PLACEMENT_3D('',#8802,#6977,#6978);
#6124=AXIS2_PLACEMENT_3D('',#8803,#6979,#6980);
#6125=AXIS2_PLACEMENT_3D('',#8805,#6981,#6982);
#6126=AXIS2_PLACEMENT_3D('',#8807,#6983,#6984);
#6127=AXIS2_PLACEMENT_3D('',#8809,#6985,#6986);
#6128=AXIS2_PLACEMENT_3D('',#8810,#6987,#6988);
#6129=AXIS2_PLACEMENT_3D('',#8812,#6989,#6990);
#6130=AXIS2_PLACEMENT_3D('',#8813,#6991,#6992);
#6131=AXIS2_PLACEMENT_3D('',#8815,#6993,#6994);
#6132=AXIS2_PLACEMENT_3D('',#8816,#6995,#6996);
#6133=AXIS2_PLACEMENT_3D('',#8818,#6997,#6998);
#6134=AXIS2_PLACEMENT_3D('',#8819,#6999,#7000);
#6135=AXIS2_PLACEMENT_3D('',#8821,#7001,#7002);
#6136=AXIS2_PLACEMENT_3D('',#8822,#7003,#7004);
#6137=AXIS2_PLACEMENT_3D('',#8824,#7005,#7006);
#6138=AXIS2_PLACEMENT_3D('',#8825,#7007,#7008);
#6139=AXIS2_PLACEMENT_3D('',#8827,#7009,#7010);
#6140=AXIS2_PLACEMENT_3D('',#8829,#7011,#7012);
#6141=AXIS2_PLACEMENT_3D('',#8831,#7013,#7014);
#6142=AXIS2_PLACEMENT_3D('',#8832,#7015,#7016);
#6143=AXIS2_PLACEMENT_3D('',#8834,#7017,#7018);
#6144=AXIS2_PLACEMENT_3D('',#8835,#7019,#7020);
#6145=AXIS2_PLACEMENT_3D('',#8837,#7021,#7022);
#6146=AXIS2_PLACEMENT_3D('',#8838,#7023,#7024);
#6147=AXIS2_PLACEMENT_3D('',#8840,#7025,#7026);
#6148=AXIS2_PLACEMENT_3D('',#8841,#7027,#7028);
#6149=AXIS2_PLACEMENT_3D('',#8843,#7029,#7030);
#6150=AXIS2_PLACEMENT_3D('',#8844,#7031,#7032);
#6151=AXIS2_PLACEMENT_3D('',#8846,#7033,#7034);
#6152=AXIS2_PLACEMENT_3D('',#8847,#7035,#7036);
#6153=AXIS2_PLACEMENT_3D('',#8849,#7037,#7038);
#6154=AXIS2_PLACEMENT_3D('',#8851,#7039,#7040);
#6155=AXIS2_PLACEMENT_3D('',#8853,#7041,#7042);
#6156=AXIS2_PLACEMENT_3D('',#8854,#7043,#7044);
#6157=AXIS2_PLACEMENT_3D('',#8856,#7045,#7046);
#6158=AXIS2_PLACEMENT_3D('',#8857,#7047,#7048);
#6159=AXIS2_PLACEMENT_3D('',#8859,#7049,#7050);
#6160=AXIS2_PLACEMENT_3D('',#8860,#7051,#7052);
#6161=AXIS2_PLACEMENT_3D('',#8862,#7053,#7054);
#6162=AXIS2_PLACEMENT_3D('',#8863,#7055,#7056);
#6163=AXIS2_PLACEMENT_3D('',#8865,#7057,#7058);
#6164=AXIS2_PLACEMENT_3D('',#8866,#7059,#7060);
#6165=AXIS2_PLACEMENT_3D('',#8868,#7061,#7062);
#6166=AXIS2_PLACEMENT_3D('',#8869,#7063,#7064);
#6167=AXIS2_PLACEMENT_3D('',#8871,#7065,#7066);
#6168=AXIS2_PLACEMENT_3D('',#8882,#7072,#7073);
#6169=AXIS2_PLACEMENT_3D('',#8888,#7077,#7078);
#6170=AXIS2_PLACEMENT_3D('',#8889,#7079,#7080);
#6171=AXIS2_PLACEMENT_3D('',#8891,#7081,#7082);
#6172=AXIS2_PLACEMENT_3D('',#8892,#7083,#7084);
#6173=AXIS2_PLACEMENT_3D('',#8894,#7085,#7086);
#6174=AXIS2_PLACEMENT_3D('',#8895,#7087,#7088);
#6175=AXIS2_PLACEMENT_3D('',#8897,#7089,#7090);
#6176=AXIS2_PLACEMENT_3D('',#8898,#7091,#7092);
#6177=AXIS2_PLACEMENT_3D('',#8900,#7093,#7094);
#6178=AXIS2_PLACEMENT_3D('',#8901,#7095,#7096);
#6179=AXIS2_PLACEMENT_3D('',#8903,#7097,#7098);
#6180=AXIS2_PLACEMENT_3D('',#8904,#7099,#7100);
#6181=AXIS2_PLACEMENT_3D('',#8906,#7101,#7102);
#6182=AXIS2_PLACEMENT_3D('',#8907,#7103,#7104);
#6183=AXIS2_PLACEMENT_3D('',#8909,#7105,#7106);
#6184=AXIS2_PLACEMENT_3D('',#8910,#7107,#7108);
#6185=AXIS2_PLACEMENT_3D('',#8912,#7109,#7110);
#6186=AXIS2_PLACEMENT_3D('',#8913,#7111,#7112);
#6187=AXIS2_PLACEMENT_3D('',#8915,#7113,#7114);
#6188=AXIS2_PLACEMENT_3D('',#8916,#7115,#7116);
#6189=AXIS2_PLACEMENT_3D('',#8918,#7117,#7118);
#6190=AXIS2_PLACEMENT_3D('',#8919,#7119,#7120);
#6191=AXIS2_PLACEMENT_3D('',#8921,#7121,#7122);
#6192=AXIS2_PLACEMENT_3D('',#8922,#7123,#7124);
#6193=AXIS2_PLACEMENT_3D('',#8924,#7125,#7126);
#6194=AXIS2_PLACEMENT_3D('',#8926,#7127,#7128);
#6195=AXIS2_PLACEMENT_3D('',#8928,#7129,#7130);
#6196=AXIS2_PLACEMENT_3D('',#8929,#7131,#7132);
#6197=AXIS2_PLACEMENT_3D('',#8931,#7133,#7134);
#6198=AXIS2_PLACEMENT_3D('',#8932,#7135,#7136);
#6199=AXIS2_PLACEMENT_3D('',#8934,#7137,#7138);
#6200=AXIS2_PLACEMENT_3D('',#8935,#7139,#7140);
#6201=AXIS2_PLACEMENT_3D('',#8937,#7141,#7142);
#6202=AXIS2_PLACEMENT_3D('',#8938,#7143,#7144);
#6203=AXIS2_PLACEMENT_3D('',#8940,#7145,#7146);
#6204=AXIS2_PLACEMENT_3D('',#8941,#7147,#7148);
#6205=AXIS2_PLACEMENT_3D('',#8943,#7149,#7150);
#6206=AXIS2_PLACEMENT_3D('',#8944,#7151,#7152);
#6207=AXIS2_PLACEMENT_3D('',#8946,#7153,#7154);
#6208=AXIS2_PLACEMENT_3D('',#8948,#7155,#7156);
#6209=AXIS2_PLACEMENT_3D('',#8950,#7157,#7158);
#6210=AXIS2_PLACEMENT_3D('',#8951,#7159,#7160);
#6211=AXIS2_PLACEMENT_3D('',#8953,#7161,#7162);
#6212=AXIS2_PLACEMENT_3D('',#8954,#7163,#7164);
#6213=AXIS2_PLACEMENT_3D('',#8956,#7165,#7166);
#6214=AXIS2_PLACEMENT_3D('',#8957,#7167,#7168);
#6215=AXIS2_PLACEMENT_3D('',#8959,#7169,#7170);
#6216=AXIS2_PLACEMENT_3D('',#8960,#7171,#7172);
#6217=AXIS2_PLACEMENT_3D('',#8962,#7173,#7174);
#6218=AXIS2_PLACEMENT_3D('',#8963,#7175,#7176);
#6219=AXIS2_PLACEMENT_3D('',#8965,#7177,#7178);
#6220=AXIS2_PLACEMENT_3D('',#8966,#7179,#7180);
#6221=AXIS2_PLACEMENT_3D('',#8968,#7181,#7182);
#6222=AXIS2_PLACEMENT_3D('',#8979,#7188,#7189);
#6223=AXIS2_PLACEMENT_3D('',#8985,#7193,#7194);
#6224=AXIS2_PLACEMENT_3D('',#8993,#7199,#7200);
#6225=AXIS2_PLACEMENT_3D('',#8994,#7201,#7202);
#6226=AXIS2_PLACEMENT_3D('',#8996,#7203,#7204);
#6227=AXIS2_PLACEMENT_3D('',#8997,#7205,#7206);
#6228=AXIS2_PLACEMENT_3D('',#8999,#7207,#7208);
#6229=AXIS2_PLACEMENT_3D('',#9000,#7209,#7210);
#6230=AXIS2_PLACEMENT_3D('',#9002,#7211,#7212);
#6231=AXIS2_PLACEMENT_3D('',#9003,#7213,#7214);
#6232=AXIS2_PLACEMENT_3D('',#9005,#7215,#7216);
#6233=AXIS2_PLACEMENT_3D('',#9006,#7217,#7218);
#6234=AXIS2_PLACEMENT_3D('',#9008,#7219,#7220);
#6235=AXIS2_PLACEMENT_3D('',#9009,#7221,#7222);
#6236=AXIS2_PLACEMENT_3D('',#9011,#7223,#7224);
#6237=AXIS2_PLACEMENT_3D('',#9012,#7225,#7226);
#6238=AXIS2_PLACEMENT_3D('',#9014,#7227,#7228);
#6239=AXIS2_PLACEMENT_3D('',#9015,#7229,#7230);
#6240=AXIS2_PLACEMENT_3D('',#9017,#7231,#7232);
#6241=AXIS2_PLACEMENT_3D('',#9018,#7233,#7234);
#6242=AXIS2_PLACEMENT_3D('',#9020,#7235,#7236);
#6243=AXIS2_PLACEMENT_3D('',#9021,#7237,#7238);
#6244=AXIS2_PLACEMENT_3D('',#9023,#7239,#7240);
#6245=AXIS2_PLACEMENT_3D('',#9024,#7241,#7242);
#6246=AXIS2_PLACEMENT_3D('',#9026,#7243,#7244);
#6247=AXIS2_PLACEMENT_3D('',#9027,#7245,#7246);
#6248=AXIS2_PLACEMENT_3D('',#9029,#7247,#7248);
#6249=AXIS2_PLACEMENT_3D('',#9030,#7249,#7250);
#6250=AXIS2_PLACEMENT_3D('',#9032,#7251,#7252);
#6251=AXIS2_PLACEMENT_3D('',#9033,#7253,#7254);
#6252=AXIS2_PLACEMENT_3D('',#9035,#7255,#7256);
#6253=AXIS2_PLACEMENT_3D('',#9036,#7257,#7258);
#6254=AXIS2_PLACEMENT_3D('',#9038,#7259,#7260);
#6255=AXIS2_PLACEMENT_3D('',#9039,#7261,#7262);
#6256=AXIS2_PLACEMENT_3D('',#9041,#7263,#7264);
#6257=AXIS2_PLACEMENT_3D('',#9042,#7265,#7266);
#6258=AXIS2_PLACEMENT_3D('',#9044,#7267,#7268);
#6259=AXIS2_PLACEMENT_3D('',#9045,#7269,#7270);
#6260=AXIS2_PLACEMENT_3D('',#9047,#7271,#7272);
#6261=AXIS2_PLACEMENT_3D('',#9048,#7273,#7274);
#6262=AXIS2_PLACEMENT_3D('',#9050,#7275,#7276);
#6263=AXIS2_PLACEMENT_3D('',#9051,#7277,#7278);
#6264=AXIS2_PLACEMENT_3D('',#9053,#7279,#7280);
#6265=AXIS2_PLACEMENT_3D('',#9054,#7281,#7282);
#6266=AXIS2_PLACEMENT_3D('',#9056,#7283,#7284);
#6267=AXIS2_PLACEMENT_3D('',#9057,#7285,#7286);
#6268=AXIS2_PLACEMENT_3D('',#9059,#7287,#7288);
#6269=AXIS2_PLACEMENT_3D('',#9060,#7289,#7290);
#6270=AXIS2_PLACEMENT_3D('',#9062,#7291,#7292);
#6271=AXIS2_PLACEMENT_3D('',#9063,#7293,#7294);
#6272=AXIS2_PLACEMENT_3D('',#9065,#7295,#7296);
#6273=AXIS2_PLACEMENT_3D('',#9076,#7302,#7303);
#6274=AXIS2_PLACEMENT_3D('',#9082,#7307,#7308);
#6275=AXIS2_PLACEMENT_3D('',#9088,#7312,#7313);
#6276=AXIS2_PLACEMENT_3D('',#9094,#7317,#7318);
#6277=AXIS2_PLACEMENT_3D('',#9103,#7323,#7324);
#6278=AXIS2_PLACEMENT_3D('',#9106,#7327,#7328);
#6279=AXIS2_PLACEMENT_3D('',#9110,#7331,#7332);
#6280=AXIS2_PLACEMENT_3D('',#9114,#7335,#7336);
#6281=AXIS2_PLACEMENT_3D('',#9120,#7340,#7341);
#6282=AXIS2_PLACEMENT_3D('',#9128,#7346,#7347);
#6283=AXIS2_PLACEMENT_3D('',#9132,#7350,#7351);
#6284=AXIS2_PLACEMENT_3D('',#9137,#7355,#7356);
#6285=AXIS2_PLACEMENT_3D('',#9141,#7359,#7360);
#6286=AXIS2_PLACEMENT_3D('',#9145,#7363,#7364);
#6287=AXIS2_PLACEMENT_3D('',#9149,#7367,#7368);
#6288=AXIS2_PLACEMENT_3D('',#9157,#7373,#7374);
#6289=AXIS2_PLACEMENT_3D('',#9163,#7378,#7379);
#6290=AXIS2_PLACEMENT_3D('',#9169,#7383,#7384);
#6291=AXIS2_PLACEMENT_3D('',#9175,#7388,#7389);
#6292=AXIS2_PLACEMENT_3D('',#9177,#7391,#7392);
#6293=AXIS2_PLACEMENT_3D('',#9179,#7394,#7395);
#6294=AXIS2_PLACEMENT_3D('',#9183,#7398,#7399);
#6295=AXIS2_PLACEMENT_3D('',#9187,#7402,#7403);
#6296=AXIS2_PLACEMENT_3D('',#9193,#7407,#7408);
#6297=AXIS2_PLACEMENT_3D('',#9199,#7412,#7413);
#6298=AXIS2_PLACEMENT_3D('',#9205,#7417,#7418);
#6299=AXIS2_PLACEMENT_3D('',#9208,#7421,#7422);
#6300=AXIS2_PLACEMENT_3D('',#9212,#7425,#7426);
#6301=AXIS2_PLACEMENT_3D('',#9216,#7429,#7430);
#6302=AXIS2_PLACEMENT_3D('',#9222,#7434,#7435);
#6303=AXIS2_PLACEMENT_3D('',#9224,#7437,#7438);
#6304=AXIS2_PLACEMENT_3D('',#9226,#7440,#7441);
#6305=AXIS2_PLACEMENT_3D('',#9230,#7444,#7445);
#6306=AXIS2_PLACEMENT_3D('',#9236,#7449,#7450);
#6307=AXIS2_PLACEMENT_3D('',#9240,#7453,#7454);
#6308=AXIS2_PLACEMENT_3D('',#9249,#7459,#7460);
#6309=AXIS2_PLACEMENT_3D('',#9252,#7462,#7463);
#6310=AXIS2_PLACEMENT_3D('',#9253,#7464,#7465);
#6311=AXIS2_PLACEMENT_3D('',#9262,#7470,#7471);
#6312=AXIS2_PLACEMENT_3D('',#9265,#7473,#7474);
#6313=AXIS2_PLACEMENT_3D('',#9266,#7475,#7476);
#6314=AXIS2_PLACEMENT_3D('',#9270,#7480,#7481);
#6315=AXIS2_PLACEMENT_3D('',#9273,#7484,#7485);
#6316=AXIS2_PLACEMENT_3D('',#9274,#7486,#7487);
#6317=AXIS2_PLACEMENT_3D('',#9275,#7488,#7489);
#6318=AXIS2_PLACEMENT_3D('',#9282,#7494,#7495);
#6319=AXIS2_PLACEMENT_3D('',#9286,#7498,#7499);
#6320=AXIS2_PLACEMENT_3D('',#9297,#7505,#7506);
#6321=AXIS2_PLACEMENT_3D('',#9303,#7510,#7511);
#6322=AXIS2_PLACEMENT_3D('',#9311,#7516,#7517);
#6323=AXIS2_PLACEMENT_3D('',#9312,#7518,#7519);
#6324=AXIS2_PLACEMENT_3D('',#9314,#7520,#7521);
#6325=AXIS2_PLACEMENT_3D('',#9315,#7522,#7523);
#6326=AXIS2_PLACEMENT_3D('',#9317,#7524,#7525);
#6327=AXIS2_PLACEMENT_3D('',#9318,#7526,#7527);
#6328=AXIS2_PLACEMENT_3D('',#9320,#7528,#7529);
#6329=AXIS2_PLACEMENT_3D('',#9321,#7530,#7531);
#6330=AXIS2_PLACEMENT_3D('',#9323,#7532,#7533);
#6331=AXIS2_PLACEMENT_3D('',#9324,#7534,#7535);
#6332=AXIS2_PLACEMENT_3D('',#9326,#7536,#7537);
#6333=AXIS2_PLACEMENT_3D('',#9327,#7538,#7539);
#6334=AXIS2_PLACEMENT_3D('',#9329,#7540,#7541);
#6335=AXIS2_PLACEMENT_3D('',#9333,#7544,#7545);
#6336=AXIS2_PLACEMENT_3D('',#9335,#7547,#7548);
#6337=AXIS2_PLACEMENT_3D('',#9337,#7550,#7551);
#6338=AXIS2_PLACEMENT_3D('',#9340,#7554,#7555);
#6339=AXIS2_PLACEMENT_3D('',#9341,#7556,#7557);
#6340=AXIS2_PLACEMENT_3D('',#9342,#7558,#7559);
#6341=AXIS2_PLACEMENT_3D('',#9344,#7560,#7561);
#6342=AXIS2_PLACEMENT_3D('',#9346,#7562,#7563);
#6343=AXIS2_PLACEMENT_3D('',#9347,#7564,#7565);
#6344=AXIS2_PLACEMENT_3D('',#9349,#7566,#7567);
#6345=AXIS2_PLACEMENT_3D('',#9350,#7568,#7569);
#6346=AXIS2_PLACEMENT_3D('',#9352,#7570,#7571);
#6347=AXIS2_PLACEMENT_3D('',#9353,#7572,#7573);
#6348=AXIS2_PLACEMENT_3D('',#9355,#7574,#7575);
#6349=AXIS2_PLACEMENT_3D('',#9356,#7576,#7577);
#6350=AXIS2_PLACEMENT_3D('',#9358,#7578,#7579);
#6351=AXIS2_PLACEMENT_3D('',#9359,#7580,#7581);
#6352=AXIS2_PLACEMENT_3D('',#9361,#7582,#7583);
#6353=AXIS2_PLACEMENT_3D('',#9362,#7584,#7585);
#6354=AXIS2_PLACEMENT_3D('',#9364,#7586,#7587);
#6355=AXIS2_PLACEMENT_3D('',#9366,#7588,#7589);
#6356=AXIS2_PLACEMENT_3D('',#9368,#7590,#7591);
#6357=AXIS2_PLACEMENT_3D('',#9369,#7592,#7593);
#6358=AXIS2_PLACEMENT_3D('',#9371,#7594,#7595);
#6359=AXIS2_PLACEMENT_3D('',#9372,#7596,#7597);
#6360=AXIS2_PLACEMENT_3D('',#9374,#7598,#7599);
#6361=AXIS2_PLACEMENT_3D('',#9375,#7600,#7601);
#6362=AXIS2_PLACEMENT_3D('',#9377,#7602,#7603);
#6363=AXIS2_PLACEMENT_3D('',#9378,#7604,#7605);
#6364=AXIS2_PLACEMENT_3D('',#9380,#7606,#7607);
#6365=AXIS2_PLACEMENT_3D('',#9381,#7608,#7609);
#6366=AXIS2_PLACEMENT_3D('',#9383,#7610,#7611);
#6367=AXIS2_PLACEMENT_3D('',#9384,#7612,#7613);
#6368=AXIS2_PLACEMENT_3D('',#9386,#7614,#7615);
#6369=AXIS2_PLACEMENT_3D('',#9390,#7618,#7619);
#6370=AXIS2_PLACEMENT_3D('',#9392,#7621,#7622);
#6371=AXIS2_PLACEMENT_3D('',#9393,#7623,#7624);
#6372=AXIS2_PLACEMENT_3D('',#9394,#7625,#7626);
#6373=AXIS2_PLACEMENT_3D('',#9407,#7633,#7634);
#6374=AXIS2_PLACEMENT_3D('',#9413,#7638,#7639);
#6375=AXIS2_PLACEMENT_3D('',#9417,#7642,#7643);
#6376=AXIS2_PLACEMENT_3D('',#9421,#7646,#7647);
#6377=AXIS2_PLACEMENT_3D('',#9425,#7650,#7651);
#6378=AXIS2_PLACEMENT_3D('',#9429,#7654,#7655);
#6379=AXIS2_PLACEMENT_3D('',#9431,#7657,#7658);
#6380=AXIS2_PLACEMENT_3D('',#9432,#7659,#7660);
#6381=AXIS2_PLACEMENT_3D('',#9434,#7661,#7662);
#6382=AXIS2_PLACEMENT_3D('',#9435,#7663,#7664);
#6383=AXIS2_PLACEMENT_3D('',#9437,#7665,#7666);
#6384=AXIS2_PLACEMENT_3D('',#9438,#7667,#7668);
#6385=AXIS2_PLACEMENT_3D('',#9440,#7669,#7670);
#6386=AXIS2_PLACEMENT_3D('',#9441,#7671,#7672);
#6387=AXIS2_PLACEMENT_3D('',#9443,#7673,#7674);
#6388=AXIS2_PLACEMENT_3D('',#9444,#7675,#7676);
#6389=AXIS2_PLACEMENT_3D('',#9446,#7677,#7678);
#6390=AXIS2_PLACEMENT_3D('',#9447,#7679,#7680);
#6391=AXIS2_PLACEMENT_3D('',#9449,#7681,#7682);
#6392=AXIS2_PLACEMENT_3D('',#9450,#7683,#7684);
#6393=AXIS2_PLACEMENT_3D('',#9451,#7685,#7686);
#6394=AXIS2_PLACEMENT_3D('',#9464,#7693,#7694);
#6395=AXIS2_PLACEMENT_3D('',#9470,#7698,#7699);
#6396=AXIS2_PLACEMENT_3D('',#9474,#7702,#7703);
#6397=AXIS2_PLACEMENT_3D('',#9478,#7706,#7707);
#6398=AXIS2_PLACEMENT_3D('',#9482,#7710,#7711);
#6399=AXIS2_PLACEMENT_3D('',#9486,#7714,#7715);
#6400=AXIS2_PLACEMENT_3D('',#9488,#7717,#7718);
#6401=AXIS2_PLACEMENT_3D('',#9489,#7719,#7720);
#6402=AXIS2_PLACEMENT_3D('',#9491,#7721,#7722);
#6403=AXIS2_PLACEMENT_3D('',#9492,#7723,#7724);
#6404=AXIS2_PLACEMENT_3D('',#9494,#7725,#7726);
#6405=AXIS2_PLACEMENT_3D('',#9495,#7727,#7728);
#6406=AXIS2_PLACEMENT_3D('',#9497,#7729,#7730);
#6407=AXIS2_PLACEMENT_3D('',#9498,#7731,#7732);
#6408=AXIS2_PLACEMENT_3D('',#9500,#7733,#7734);
#6409=AXIS2_PLACEMENT_3D('',#9501,#7735,#7736);
#6410=AXIS2_PLACEMENT_3D('',#9503,#7737,#7738);
#6411=AXIS2_PLACEMENT_3D('',#9504,#7739,#7740);
#6412=AXIS2_PLACEMENT_3D('',#9506,#7741,#7742);
#6413=AXIS2_PLACEMENT_3D('',#9507,#7743,#7744);
#6414=AXIS2_PLACEMENT_3D('',#9508,#7745,#7746);
#6415=AXIS2_PLACEMENT_3D('',#9521,#7753,#7754);
#6416=AXIS2_PLACEMENT_3D('',#9527,#7758,#7759);
#6417=AXIS2_PLACEMENT_3D('',#9531,#7762,#7763);
#6418=AXIS2_PLACEMENT_3D('',#9535,#7766,#7767);
#6419=AXIS2_PLACEMENT_3D('',#9539,#7770,#7771);
#6420=AXIS2_PLACEMENT_3D('',#9543,#7774,#7775);
#6421=AXIS2_PLACEMENT_3D('',#9545,#7777,#7778);
#6422=AXIS2_PLACEMENT_3D('',#9546,#7779,#7780);
#6423=AXIS2_PLACEMENT_3D('',#9548,#7781,#7782);
#6424=AXIS2_PLACEMENT_3D('',#9549,#7783,#7784);
#6425=AXIS2_PLACEMENT_3D('',#9551,#7785,#7786);
#6426=AXIS2_PLACEMENT_3D('',#9552,#7787,#7788);
#6427=AXIS2_PLACEMENT_3D('',#9554,#7789,#7790);
#6428=AXIS2_PLACEMENT_3D('',#9555,#7791,#7792);
#6429=AXIS2_PLACEMENT_3D('',#9557,#7793,#7794);
#6430=AXIS2_PLACEMENT_3D('',#9558,#7795,#7796);
#6431=AXIS2_PLACEMENT_3D('',#9560,#7797,#7798);
#6432=AXIS2_PLACEMENT_3D('',#9561,#7799,#7800);
#6433=AXIS2_PLACEMENT_3D('',#9563,#7801,#7802);
#6434=AXIS2_PLACEMENT_3D('',#9564,#7803,#7804);
#6435=AXIS2_PLACEMENT_3D('',#9565,#7805,#7806);
#6436=AXIS2_PLACEMENT_3D('',#9578,#7813,#7814);
#6437=AXIS2_PLACEMENT_3D('',#9584,#7818,#7819);
#6438=AXIS2_PLACEMENT_3D('',#9588,#7822,#7823);
#6439=AXIS2_PLACEMENT_3D('',#9592,#7826,#7827);
#6440=AXIS2_PLACEMENT_3D('',#9596,#7830,#7831);
#6441=AXIS2_PLACEMENT_3D('',#9600,#7834,#7835);
#6442=AXIS2_PLACEMENT_3D('',#9602,#7837,#7838);
#6443=AXIS2_PLACEMENT_3D('',#9603,#7839,#7840);
#6444=AXIS2_PLACEMENT_3D('',#9605,#7841,#7842);
#6445=AXIS2_PLACEMENT_3D('',#9606,#7843,#7844);
#6446=AXIS2_PLACEMENT_3D('',#9608,#7845,#7846);
#6447=AXIS2_PLACEMENT_3D('',#9609,#7847,#7848);
#6448=AXIS2_PLACEMENT_3D('',#9611,#7849,#7850);
#6449=AXIS2_PLACEMENT_3D('',#9612,#7851,#7852);
#6450=AXIS2_PLACEMENT_3D('',#9614,#7853,#7854);
#6451=AXIS2_PLACEMENT_3D('',#9615,#7855,#7856);
#6452=AXIS2_PLACEMENT_3D('',#9617,#7857,#7858);
#6453=AXIS2_PLACEMENT_3D('',#9618,#7859,#7860);
#6454=AXIS2_PLACEMENT_3D('',#9620,#7861,#7862);
#6455=AXIS2_PLACEMENT_3D('',#9621,#7863,#7864);
#6456=AXIS2_PLACEMENT_3D('',#9622,#7865,#7866);
#6457=AXIS2_PLACEMENT_3D('',#9635,#7873,#7874);
#6458=AXIS2_PLACEMENT_3D('',#9641,#7878,#7879);
#6459=AXIS2_PLACEMENT_3D('',#9645,#7882,#7883);
#6460=AXIS2_PLACEMENT_3D('',#9649,#7886,#7887);
#6461=AXIS2_PLACEMENT_3D('',#9653,#7890,#7891);
#6462=AXIS2_PLACEMENT_3D('',#9657,#7894,#7895);
#6463=AXIS2_PLACEMENT_3D('',#9659,#7897,#7898);
#6464=AXIS2_PLACEMENT_3D('',#9660,#7899,#7900);
#6465=AXIS2_PLACEMENT_3D('',#9662,#7901,#7902);
#6466=AXIS2_PLACEMENT_3D('',#9663,#7903,#7904);
#6467=AXIS2_PLACEMENT_3D('',#9665,#7905,#7906);
#6468=AXIS2_PLACEMENT_3D('',#9666,#7907,#7908);
#6469=AXIS2_PLACEMENT_3D('',#9668,#7909,#7910);
#6470=AXIS2_PLACEMENT_3D('',#9669,#7911,#7912);
#6471=AXIS2_PLACEMENT_3D('',#9671,#7913,#7914);
#6472=AXIS2_PLACEMENT_3D('',#9672,#7915,#7916);
#6473=AXIS2_PLACEMENT_3D('',#9674,#7917,#7918);
#6474=AXIS2_PLACEMENT_3D('',#9675,#7919,#7920);
#6475=AXIS2_PLACEMENT_3D('',#9677,#7921,#7922);
#6476=AXIS2_PLACEMENT_3D('',#9678,#7923,#7924);
#6477=AXIS2_PLACEMENT_3D('',#9679,#7925,#7926);
#6478=AXIS2_PLACEMENT_3D('',#9692,#7933,#7934);
#6479=AXIS2_PLACEMENT_3D('',#9698,#7938,#7939);
#6480=AXIS2_PLACEMENT_3D('',#9702,#7942,#7943);
#6481=AXIS2_PLACEMENT_3D('',#9706,#7946,#7947);
#6482=AXIS2_PLACEMENT_3D('',#9710,#7950,#7951);
#6483=AXIS2_PLACEMENT_3D('',#9714,#7954,#7955);
#6484=AXIS2_PLACEMENT_3D('',#9716,#7957,#7958);
#6485=AXIS2_PLACEMENT_3D('',#9717,#7959,#7960);
#6486=AXIS2_PLACEMENT_3D('',#9719,#7961,#7962);
#6487=AXIS2_PLACEMENT_3D('',#9720,#7963,#7964);
#6488=AXIS2_PLACEMENT_3D('',#9722,#7965,#7966);
#6489=AXIS2_PLACEMENT_3D('',#9723,#7967,#7968);
#6490=AXIS2_PLACEMENT_3D('',#9725,#7969,#7970);
#6491=AXIS2_PLACEMENT_3D('',#9726,#7971,#7972);
#6492=AXIS2_PLACEMENT_3D('',#9728,#7973,#7974);
#6493=AXIS2_PLACEMENT_3D('',#9729,#7975,#7976);
#6494=AXIS2_PLACEMENT_3D('',#9731,#7977,#7978);
#6495=AXIS2_PLACEMENT_3D('',#9732,#7979,#7980);
#6496=AXIS2_PLACEMENT_3D('',#9734,#7981,#7982);
#6497=AXIS2_PLACEMENT_3D('',#9735,#7983,#7984);
#6498=AXIS2_PLACEMENT_3D('',#9736,#7985,#7986);
#6499=AXIS2_PLACEMENT_3D('',#9749,#7993,#7994);
#6500=AXIS2_PLACEMENT_3D('',#9755,#7998,#7999);
#6501=AXIS2_PLACEMENT_3D('',#9759,#8002,#8003);
#6502=AXIS2_PLACEMENT_3D('',#9763,#8006,#8007);
#6503=AXIS2_PLACEMENT_3D('',#9767,#8010,#8011);
#6504=AXIS2_PLACEMENT_3D('',#9771,#8014,#8015);
#6505=AXIS2_PLACEMENT_3D('',#9773,#8017,#8018);
#6506=AXIS2_PLACEMENT_3D('',#9774,#8019,#8020);
#6507=AXIS2_PLACEMENT_3D('',#9776,#8021,#8022);
#6508=AXIS2_PLACEMENT_3D('',#9777,#8023,#8024);
#6509=AXIS2_PLACEMENT_3D('',#9779,#8025,#8026);
#6510=AXIS2_PLACEMENT_3D('',#9780,#8027,#8028);
#6511=AXIS2_PLACEMENT_3D('',#9782,#8029,#8030);
#6512=AXIS2_PLACEMENT_3D('',#9783,#8031,#8032);
#6513=AXIS2_PLACEMENT_3D('',#9785,#8033,#8034);
#6514=AXIS2_PLACEMENT_3D('',#9786,#8035,#8036);
#6515=AXIS2_PLACEMENT_3D('',#9788,#8037,#8038);
#6516=AXIS2_PLACEMENT_3D('',#9789,#8039,#8040);
#6517=AXIS2_PLACEMENT_3D('',#9791,#8041,#8042);
#6518=AXIS2_PLACEMENT_3D('',#9792,#8043,#8044);
#6519=AXIS2_PLACEMENT_3D('',#9793,#8045,#8046);
#6520=AXIS2_PLACEMENT_3D('',#9806,#8053,#8054);
#6521=AXIS2_PLACEMENT_3D('',#9812,#8058,#8059);
#6522=AXIS2_PLACEMENT_3D('',#9816,#8062,#8063);
#6523=AXIS2_PLACEMENT_3D('',#9820,#8066,#8067);
#6524=AXIS2_PLACEMENT_3D('',#9824,#8070,#8071);
#6525=AXIS2_PLACEMENT_3D('',#9828,#8074,#8075);
#6526=AXIS2_PLACEMENT_3D('',#9830,#8077,#8078);
#6527=AXIS2_PLACEMENT_3D('',#9831,#8079,#8080);
#6528=AXIS2_PLACEMENT_3D('',#9833,#8081,#8082);
#6529=AXIS2_PLACEMENT_3D('',#9834,#8083,#8084);
#6530=AXIS2_PLACEMENT_3D('',#9836,#8085,#8086);
#6531=AXIS2_PLACEMENT_3D('',#9837,#8087,#8088);
#6532=AXIS2_PLACEMENT_3D('',#9839,#8089,#8090);
#6533=AXIS2_PLACEMENT_3D('',#9840,#8091,#8092);
#6534=AXIS2_PLACEMENT_3D('',#9842,#8093,#8094);
#6535=AXIS2_PLACEMENT_3D('',#9843,#8095,#8096);
#6536=AXIS2_PLACEMENT_3D('',#9845,#8097,#8098);
#6537=AXIS2_PLACEMENT_3D('',#9846,#8099,#8100);
#6538=AXIS2_PLACEMENT_3D('',#9848,#8101,#8102);
#6539=AXIS2_PLACEMENT_3D('',#9849,#8103,#8104);
#6540=AXIS2_PLACEMENT_3D('',#9850,#8105,#8106);
#6541=AXIS2_PLACEMENT_3D('',#9851,#8107,#8108);
#6542=AXIS2_PLACEMENT_3D('',#9853,#8109,#8110);
#6543=AXIS2_PLACEMENT_3D('',#9855,#8111,#8112);
#6544=AXIS2_PLACEMENT_3D('',#9856,#8113,#8114);
#6545=AXIS2_PLACEMENT_3D('',#9858,#8115,#8116);
#6546=AXIS2_PLACEMENT_3D('',#9859,#8117,#8118);
#6547=AXIS2_PLACEMENT_3D('',#9861,#8119,#8120);
#6548=AXIS2_PLACEMENT_3D('',#9865,#8122,#8123);
#6549=AXIS2_PLACEMENT_3D('',#9869,#8125,#8126);
#6550=AXIS2_PLACEMENT_3D('',#9870,#8127,#8128);
#6551=AXIS2_PLACEMENT_3D('',#9875,#8131,#8132);
#6552=AXIS2_PLACEMENT_3D('',#9876,#8133,#8134);
#6553=AXIS2_PLACEMENT_3D('',#9877,#8135,#8136);
#6554=AXIS2_PLACEMENT_3D('',#9879,#8137,#8138);
#6555=AXIS2_PLACEMENT_3D('',#9880,#8139,#8140);
#6556=AXIS2_PLACEMENT_3D('',#9882,#8141,#8142);
#6557=AXIS2_PLACEMENT_3D('',#9883,#8143,#8144);
#6558=AXIS2_PLACEMENT_3D('',#9888,#8147,#8148);
#6559=AXIS2_PLACEMENT_3D('',#9889,#8149,#8150);
#6560=AXIS2_PLACEMENT_3D('',#9891,#8151,#8152);
#6561=AXIS2_PLACEMENT_3D('',#9893,#8153,#8154);
#6562=AXIS2_PLACEMENT_3D('',#9894,#8155,#8156);
#6563=AXIS2_PLACEMENT_3D('',#9895,#8157,#8158);
#6564=AXIS2_PLACEMENT_3D('',#9898,#8160,#8161);
#6565=AXIS2_PLACEMENT_3D('',#9899,#8162,#8163);
#6566=AXIS2_PLACEMENT_3D('',#9901,#8164,#8165);
#6567=AXIS2_PLACEMENT_3D('',#9902,#8166,#8167);
#6568=AXIS2_PLACEMENT_3D('',#9904,#8169,#8170);
#6569=AXIS2_PLACEMENT_3D('',#9905,#8171,#8172);
#6570=AXIS2_PLACEMENT_3D('',#9906,#8173,#8174);
#6571=AXIS2_PLACEMENT_3D('',#9907,#8175,#8176);
#6572=AXIS2_PLACEMENT_3D('',#9909,#8177,#8178);
#6573=AXIS2_PLACEMENT_3D('',#9911,#8179,#8180);
#6574=AXIS2_PLACEMENT_3D('',#9912,#8181,#8182);
#6575=AXIS2_PLACEMENT_3D('',#9914,#8183,#8184);
#6576=AXIS2_PLACEMENT_3D('',#9915,#8185,#8186);
#6577=AXIS2_PLACEMENT_3D('',#9917,#8187,#8188);
#6578=AXIS2_PLACEMENT_3D('',#9921,#8190,#8191);
#6579=AXIS2_PLACEMENT_3D('',#9925,#8193,#8194);
#6580=AXIS2_PLACEMENT_3D('',#9926,#8195,#8196);
#6581=AXIS2_PLACEMENT_3D('',#9931,#8199,#8200);
#6582=AXIS2_PLACEMENT_3D('',#9932,#8201,#8202);
#6583=AXIS2_PLACEMENT_3D('',#9933,#8203,#8204);
#6584=AXIS2_PLACEMENT_3D('',#9935,#8205,#8206);
#6585=AXIS2_PLACEMENT_3D('',#9936,#8207,#8208);
#6586=AXIS2_PLACEMENT_3D('',#9938,#8209,#8210);
#6587=AXIS2_PLACEMENT_3D('',#9939,#8211,#8212);
#6588=AXIS2_PLACEMENT_3D('',#9944,#8215,#8216);
#6589=AXIS2_PLACEMENT_3D('',#9945,#8217,#8218);
#6590=AXIS2_PLACEMENT_3D('',#9947,#8219,#8220);
#6591=AXIS2_PLACEMENT_3D('',#9949,#8221,#8222);
#6592=AXIS2_PLACEMENT_3D('',#9950,#8223,#8224);
#6593=AXIS2_PLACEMENT_3D('',#9951,#8225,#8226);
#6594=AXIS2_PLACEMENT_3D('',#9954,#8228,#8229);
#6595=AXIS2_PLACEMENT_3D('',#9955,#8230,#8231);
#6596=AXIS2_PLACEMENT_3D('',#9957,#8232,#8233);
#6597=AXIS2_PLACEMENT_3D('',#9958,#8234,#8235);
#6598=AXIS2_PLACEMENT_3D('',#9960,#8237,#8238);
#6599=AXIS2_PLACEMENT_3D('',#9961,#8239,#8240);
#6600=AXIS2_PLACEMENT_3D('',#9962,#8241,#8242);
#6601=AXIS2_PLACEMENT_3D('',#9963,#8243,#8244);
#6602=AXIS2_PLACEMENT_3D('',#9965,#8245,#8246);
#6603=AXIS2_PLACEMENT_3D('',#9967,#8247,#8248);
#6604=AXIS2_PLACEMENT_3D('',#9968,#8249,#8250);
#6605=AXIS2_PLACEMENT_3D('',#9970,#8251,#8252);
#6606=AXIS2_PLACEMENT_3D('',#9971,#8253,#8254);
#6607=AXIS2_PLACEMENT_3D('',#9973,#8255,#8256);
#6608=AXIS2_PLACEMENT_3D('',#9977,#8258,#8259);
#6609=AXIS2_PLACEMENT_3D('',#9981,#8261,#8262);
#6610=AXIS2_PLACEMENT_3D('',#9982,#8263,#8264);
#6611=AXIS2_PLACEMENT_3D('',#9987,#8267,#8268);
#6612=AXIS2_PLACEMENT_3D('',#9988,#8269,#8270);
#6613=AXIS2_PLACEMENT_3D('',#9989,#8271,#8272);
#6614=AXIS2_PLACEMENT_3D('',#9991,#8273,#8274);
#6615=AXIS2_PLACEMENT_3D('',#9992,#8275,#8276);
#6616=AXIS2_PLACEMENT_3D('',#9994,#8277,#8278);
#6617=AXIS2_PLACEMENT_3D('',#9995,#8279,#8280);
#6618=AXIS2_PLACEMENT_3D('',#10000,#8283,#8284);
#6619=AXIS2_PLACEMENT_3D('',#10001,#8285,#8286);
#6620=AXIS2_PLACEMENT_3D('',#10003,#8287,#8288);
#6621=AXIS2_PLACEMENT_3D('',#10005,#8289,#8290);
#6622=AXIS2_PLACEMENT_3D('',#10006,#8291,#8292);
#6623=AXIS2_PLACEMENT_3D('',#10007,#8293,#8294);
#6624=AXIS2_PLACEMENT_3D('',#10010,#8296,#8297);
#6625=AXIS2_PLACEMENT_3D('',#10011,#8298,#8299);
#6626=AXIS2_PLACEMENT_3D('',#10013,#8300,#8301);
#6627=AXIS2_PLACEMENT_3D('',#10014,#8302,#8303);
#6628=AXIS2_PLACEMENT_3D('',#10016,#8305,#8306);
#6629=AXIS2_PLACEMENT_3D('',#10017,#8307,#8308);
#6630=AXIS2_PLACEMENT_3D('',#10018,#8309,#8310);
#6631=AXIS2_PLACEMENT_3D('',#10019,#8311,#8312);
#6632=AXIS2_PLACEMENT_3D('',#10021,#8313,#8314);
#6633=AXIS2_PLACEMENT_3D('',#10023,#8315,#8316);
#6634=AXIS2_PLACEMENT_3D('',#10024,#8317,#8318);
#6635=AXIS2_PLACEMENT_3D('',#10026,#8319,#8320);
#6636=AXIS2_PLACEMENT_3D('',#10027,#8321,#8322);
#6637=AXIS2_PLACEMENT_3D('',#10029,#8323,#8324);
#6638=AXIS2_PLACEMENT_3D('',#10033,#8326,#8327);
#6639=AXIS2_PLACEMENT_3D('',#10037,#8329,#8330);
#6640=AXIS2_PLACEMENT_3D('',#10038,#8331,#8332);
#6641=AXIS2_PLACEMENT_3D('',#10043,#8335,#8336);
#6642=AXIS2_PLACEMENT_3D('',#10044,#8337,#8338);
#6643=AXIS2_PLACEMENT_3D('',#10045,#8339,#8340);
#6644=AXIS2_PLACEMENT_3D('',#10047,#8341,#8342);
#6645=AXIS2_PLACEMENT_3D('',#10048,#8343,#8344);
#6646=AXIS2_PLACEMENT_3D('',#10050,#8345,#8346);
#6647=AXIS2_PLACEMENT_3D('',#10051,#8347,#8348);
#6648=AXIS2_PLACEMENT_3D('',#10056,#8351,#8352);
#6649=AXIS2_PLACEMENT_3D('',#10057,#8353,#8354);
#6650=AXIS2_PLACEMENT_3D('',#10059,#8355,#8356);
#6651=AXIS2_PLACEMENT_3D('',#10061,#8357,#8358);
#6652=AXIS2_PLACEMENT_3D('',#10062,#8359,#8360);
#6653=AXIS2_PLACEMENT_3D('',#10063,#8361,#8362);
#6654=AXIS2_PLACEMENT_3D('',#10066,#8364,#8365);
#6655=AXIS2_PLACEMENT_3D('',#10067,#8366,#8367);
#6656=AXIS2_PLACEMENT_3D('',#10069,#8368,#8369);
#6657=AXIS2_PLACEMENT_3D('',#10070,#8370,#8371);
#6658=AXIS2_PLACEMENT_3D('',#10072,#8373,#8374);
#6659=AXIS2_PLACEMENT_3D('',#10073,#8375,#8376);
#6660=AXIS2_PLACEMENT_3D('',#10074,#8377,#8378);
#6661=AXIS2_PLACEMENT_3D('',#10075,#8379,#8380);
#6662=AXIS2_PLACEMENT_3D('',#10077,#8381,#8382);
#6663=AXIS2_PLACEMENT_3D('',#10079,#8383,#8384);
#6664=AXIS2_PLACEMENT_3D('',#10080,#8385,#8386);
#6665=AXIS2_PLACEMENT_3D('',#10082,#8387,#8388);
#6666=AXIS2_PLACEMENT_3D('',#10083,#8389,#8390);
#6667=AXIS2_PLACEMENT_3D('',#10085,#8391,#8392);
#6668=AXIS2_PLACEMENT_3D('',#10089,#8394,#8395);
#6669=AXIS2_PLACEMENT_3D('',#10093,#8397,#8398);
#6670=AXIS2_PLACEMENT_3D('',#10094,#8399,#8400);
#6671=AXIS2_PLACEMENT_3D('',#10099,#8403,#8404);
#6672=AXIS2_PLACEMENT_3D('',#10100,#8405,#8406);
#6673=AXIS2_PLACEMENT_3D('',#10101,#8407,#8408);
#6674=AXIS2_PLACEMENT_3D('',#10103,#8409,#8410);
#6675=AXIS2_PLACEMENT_3D('',#10104,#8411,#8412);
#6676=AXIS2_PLACEMENT_3D('',#10106,#8413,#8414);
#6677=AXIS2_PLACEMENT_3D('',#10107,#8415,#8416);
#6678=AXIS2_PLACEMENT_3D('',#10112,#8419,#8420);
#6679=AXIS2_PLACEMENT_3D('',#10113,#8421,#8422);
#6680=AXIS2_PLACEMENT_3D('',#10115,#8423,#8424);
#6681=AXIS2_PLACEMENT_3D('',#10117,#8425,#8426);
#6682=AXIS2_PLACEMENT_3D('',#10118,#8427,#8428);
#6683=AXIS2_PLACEMENT_3D('',#10119,#8429,#8430);
#6684=AXIS2_PLACEMENT_3D('',#10122,#8432,#8433);
#6685=AXIS2_PLACEMENT_3D('',#10123,#8434,#8435);
#6686=AXIS2_PLACEMENT_3D('',#10125,#8436,#8437);
#6687=AXIS2_PLACEMENT_3D('',#10126,#8438,#8439);
#6688=AXIS2_PLACEMENT_3D('',#10128,#8441,#8442);
#6689=AXIS2_PLACEMENT_3D('',#10129,#8443,#8444);
#6690=AXIS2_PLACEMENT_3D('',#10130,#8445,#8446);
#6691=AXIS2_PLACEMENT_3D('',#10131,#8447,#8448);
#6692=AXIS2_PLACEMENT_3D('',#10133,#8449,#8450);
#6693=AXIS2_PLACEMENT_3D('',#10135,#8451,#8452);
#6694=AXIS2_PLACEMENT_3D('',#10136,#8453,#8454);
#6695=AXIS2_PLACEMENT_3D('',#10138,#8455,#8456);
#6696=AXIS2_PLACEMENT_3D('',#10139,#8457,#8458);
#6697=AXIS2_PLACEMENT_3D('',#10141,#8459,#8460);
#6698=AXIS2_PLACEMENT_3D('',#10145,#8462,#8463);
#6699=AXIS2_PLACEMENT_3D('',#10149,#8465,#8466);
#6700=AXIS2_PLACEMENT_3D('',#10150,#8467,#8468);
#6701=AXIS2_PLACEMENT_3D('',#10155,#8471,#8472);
#6702=AXIS2_PLACEMENT_3D('',#10156,#8473,#8474);
#6703=AXIS2_PLACEMENT_3D('',#10157,#8475,#8476);
#6704=AXIS2_PLACEMENT_3D('',#10159,#8477,#8478);
#6705=AXIS2_PLACEMENT_3D('',#10160,#8479,#8480);
#6706=AXIS2_PLACEMENT_3D('',#10162,#8481,#8482);
#6707=AXIS2_PLACEMENT_3D('',#10163,#8483,#8484);
#6708=AXIS2_PLACEMENT_3D('',#10168,#8487,#8488);
#6709=AXIS2_PLACEMENT_3D('',#10169,#8489,#8490);
#6710=AXIS2_PLACEMENT_3D('',#10171,#8491,#8492);
#6711=AXIS2_PLACEMENT_3D('',#10173,#8493,#8494);
#6712=AXIS2_PLACEMENT_3D('',#10174,#8495,#8496);
#6713=AXIS2_PLACEMENT_3D('',#10175,#8497,#8498);
#6714=AXIS2_PLACEMENT_3D('',#10178,#8500,#8501);
#6715=AXIS2_PLACEMENT_3D('',#10179,#8502,#8503);
#6716=AXIS2_PLACEMENT_3D('',#10181,#8504,#8505);
#6717=AXIS2_PLACEMENT_3D('',#10182,#8506,#8507);
#6718=AXIS2_PLACEMENT_3D('',#10184,#8509,#8510);
#6719=AXIS2_PLACEMENT_3D('',#10185,#8511,#8512);
#6720=AXIS2_PLACEMENT_3D('',#10186,#8513,#8514);
#6721=AXIS2_PLACEMENT_3D('',#10187,#8515,#8516);
#6722=AXIS2_PLACEMENT_3D('',#10189,#8517,#8518);
#6723=AXIS2_PLACEMENT_3D('',#10191,#8519,#8520);
#6724=AXIS2_PLACEMENT_3D('',#10192,#8521,#8522);
#6725=AXIS2_PLACEMENT_3D('',#10194,#8523,#8524);
#6726=AXIS2_PLACEMENT_3D('',#10195,#8525,#8526);
#6727=AXIS2_PLACEMENT_3D('',#10197,#8527,#8528);
#6728=AXIS2_PLACEMENT_3D('',#10201,#8530,#8531);
#6729=AXIS2_PLACEMENT_3D('',#10205,#8533,#8534);
#6730=AXIS2_PLACEMENT_3D('',#10206,#8535,#8536);
#6731=AXIS2_PLACEMENT_3D('',#10211,#8539,#8540);
#6732=AXIS2_PLACEMENT_3D('',#10212,#8541,#8542);
#6733=AXIS2_PLACEMENT_3D('',#10213,#8543,#8544);
#6734=AXIS2_PLACEMENT_3D('',#10215,#8545,#8546);
#6735=AXIS2_PLACEMENT_3D('',#10216,#8547,#8548);
#6736=AXIS2_PLACEMENT_3D('',#10218,#8549,#8550);
#6737=AXIS2_PLACEMENT_3D('',#10219,#8551,#8552);
#6738=AXIS2_PLACEMENT_3D('',#10224,#8555,#8556);
#6739=AXIS2_PLACEMENT_3D('',#10225,#8557,#8558);
#6740=AXIS2_PLACEMENT_3D('',#10227,#8559,#8560);
#6741=AXIS2_PLACEMENT_3D('',#10229,#8561,#8562);
#6742=AXIS2_PLACEMENT_3D('',#10230,#8563,#8564);
#6743=AXIS2_PLACEMENT_3D('',#10231,#8565,#8566);
#6744=AXIS2_PLACEMENT_3D('',#10234,#8568,#8569);
#6745=AXIS2_PLACEMENT_3D('',#10235,#8570,#8571);
#6746=AXIS2_PLACEMENT_3D('',#10237,#8572,#8573);
#6747=AXIS2_PLACEMENT_3D('',#10238,#8574,#8575);
#6748=AXIS2_PLACEMENT_3D('',#10240,#8577,#8578);
#6749=AXIS2_PLACEMENT_3D('',#10241,#8579,#8580);
#6750=AXIS2_PLACEMENT_3D('',#10242,#8581,#8582);
#6751=AXIS2_PLACEMENT_3D('',#10243,#8583,#8584);
#6752=AXIS2_PLACEMENT_3D('',#10245,#8585,#8586);
#6753=AXIS2_PLACEMENT_3D('',#10247,#8587,#8588);
#6754=AXIS2_PLACEMENT_3D('',#10248,#8589,#8590);
#6755=AXIS2_PLACEMENT_3D('',#10250,#8591,#8592);
#6756=AXIS2_PLACEMENT_3D('',#10251,#8593,#8594);
#6757=AXIS2_PLACEMENT_3D('',#10253,#8595,#8596);
#6758=AXIS2_PLACEMENT_3D('',#10257,#8598,#8599);
#6759=AXIS2_PLACEMENT_3D('',#10261,#8601,#8602);
#6760=AXIS2_PLACEMENT_3D('',#10262,#8603,#8604);
#6761=AXIS2_PLACEMENT_3D('',#10267,#8607,#8608);
#6762=AXIS2_PLACEMENT_3D('',#10268,#8609,#8610);
#6763=AXIS2_PLACEMENT_3D('',#10269,#8611,#8612);
#6764=AXIS2_PLACEMENT_3D('',#10271,#8613,#8614);
#6765=AXIS2_PLACEMENT_3D('',#10272,#8615,#8616);
#6766=AXIS2_PLACEMENT_3D('',#10274,#8617,#8618);
#6767=AXIS2_PLACEMENT_3D('',#10275,#8619,#8620);
#6768=AXIS2_PLACEMENT_3D('',#10280,#8623,#8624);
#6769=AXIS2_PLACEMENT_3D('',#10281,#8625,#8626);
#6770=AXIS2_PLACEMENT_3D('',#10283,#8627,#8628);
#6771=AXIS2_PLACEMENT_3D('',#10285,#8629,#8630);
#6772=AXIS2_PLACEMENT_3D('',#10286,#8631,#8632);
#6773=AXIS2_PLACEMENT_3D('',#10287,#8633,#8634);
#6774=AXIS2_PLACEMENT_3D('',#10290,#8636,#8637);
#6775=AXIS2_PLACEMENT_3D('',#10291,#8638,#8639);
#6776=AXIS2_PLACEMENT_3D('',#10293,#8640,#8641);
#6777=AXIS2_PLACEMENT_3D('',#10294,#8642,#8643);
#6778=AXIS2_PLACEMENT_3D('',#10296,#8645,#8646);
#6779=DIRECTION('',(0.,0.,1.));
#6780=DIRECTION('',(1.,0.,0.));
#6781=DIRECTION('',(0.,0.,-1.));
#6782=DIRECTION('',(-1.,0.,0.));
#6783=DIRECTION('',(-3.241851231905E-14,0.,-1.));
#6784=DIRECTION('',(0.,0.,-1.));
#6785=DIRECTION('',(-1.,0.,0.));
#6786=DIRECTION('',(1.021405182655E-14,0.,-1.));
#6787=DIRECTION('',(0.,0.,-1.));
#6788=DIRECTION('',(0.201506489275795,0.979487179487176,0.));
#6789=DIRECTION('',(0.,0.,-1.));
#6790=DIRECTION('',(-1.,0.,0.));
#6791=DIRECTION('',(0.,0.,-1.));
#6792=DIRECTION('',(0.,0.,-1.));
#6793=DIRECTION('',(-1.,0.,0.));
#6794=DIRECTION('',(3.153033389935E-14,0.,-1.));
#6795=DIRECTION('',(0.,0.,-1.));
#6796=DIRECTION('',(-0.24615384615389,0.969230769230758,0.));
#6797=DIRECTION('',(0.,0.,1.));
#6798=DIRECTION('',(1.,0.,0.));
#6799=DIRECTION('',(0.,0.,-1.));
#6800=DIRECTION('',(-1.,0.,0.));
#6801=DIRECTION('',(0.,0.,-1.));
#6802=DIRECTION('',(0.,-1.,0.));
#6803=DIRECTION('',(0.,0.,-1.));
#6804=DIRECTION('',(-1.,4.72650819628E-9,0.));
#6805=DIRECTION('',(0.,0.,1.));
#6806=DIRECTION('',(1.,0.,0.));
#6807=DIRECTION('',(0.,0.,1.));
#6808=DIRECTION('',(-1.,0.,0.));
#6809=DIRECTION('',(0.,0.,-1.));
#6810=DIRECTION('',(0.,-1.,0.));
#6811=DIRECTION('',(0.,0.,-1.));
#6812=DIRECTION('',(0.,1.,0.));
#6813=DIRECTION('',(0.,0.,-1.));
#6814=DIRECTION('',(0.,-1.,0.));
#6815=DIRECTION('',(0.,0.,-1.));
#6816=DIRECTION('',(-6.75441602989E-10,1.,0.));
#6817=DIRECTION('',(0.,0.,-1.));
#6818=DIRECTION('',(0.,-1.,0.));
#6819=DIRECTION('',(0.,0.,1.));
#6820=DIRECTION('',(0.,1.,0.));
#6821=DIRECTION('',(0.,0.,1.));
#6822=DIRECTION('',(1.,0.,0.));
#6823=DIRECTION('',(0.,0.,-1.));
#6824=DIRECTION('',(-0.707106781186548,0.707106781186548,0.));
#6825=DIRECTION('',(0.,0.,1.));
#6826=DIRECTION('',(-0.707106781186548,0.707106781186548,0.));
#6827=DIRECTION('',(0.,0.,1.));
#6828=DIRECTION('',(-0.707106781186548,0.707106781186548,0.));
#6829=DIRECTION('',(0.,0.,1.));
#6830=DIRECTION('',(-0.707106781186548,0.707106781186548,0.));
#6831=DIRECTION('',(0.,0.,1.));
#6832=DIRECTION('',(0.707106781186548,-0.707106781186548,0.));
#6833=DIRECTION('',(0.,0.,1.));
#6834=DIRECTION('',(1.,0.,0.));
#6835=DIRECTION('',(0.,0.,-1.));
#6836=DIRECTION('',(0.,1.,0.));
#6837=DIRECTION('',(0.,0.,1.));
#6838=DIRECTION('',(0.,1.,0.));
#6839=DIRECTION('',(0.,0.,1.));
#6840=DIRECTION('',(0.,1.,0.));
#6841=DIRECTION('',(0.,0.,1.));
#6842=DIRECTION('',(0.,1.,0.));
#6843=DIRECTION('',(0.,0.,1.));
#6844=DIRECTION('',(0.,-1.,0.));
#6845=DIRECTION('',(0.,0.,1.));
#6846=DIRECTION('',(1.,0.,0.));
#6847=DIRECTION('',(0.,0.,-1.));
#6848=DIRECTION('',(0.707106781186548,0.707106781186548,0.));
#6849=DIRECTION('',(0.,0.,1.));
#6850=DIRECTION('',(0.707106781186548,0.707106781186548,0.));
#6851=DIRECTION('',(0.,0.,1.));
#6852=DIRECTION('',(0.707106781186548,0.707106781186548,0.));
#6853=DIRECTION('',(0.,0.,1.));
#6854=DIRECTION('',(0.707106781186548,0.707106781186548,0.));
#6855=DIRECTION('',(0.,0.,1.));
#6856=DIRECTION('',(-0.707106781186548,-0.707106781186548,0.));
#6857=DIRECTION('',(0.,0.,1.));
#6858=DIRECTION('',(1.,0.,0.));
#6859=DIRECTION('',(0.,0.,-1.));
#6860=DIRECTION('',(1.,0.,0.));
#6861=DIRECTION('',(0.,0.,1.));
#6862=DIRECTION('',(1.,0.,0.));
#6863=DIRECTION('',(0.,0.,1.));
#6864=DIRECTION('',(1.,0.,0.));
#6865=DIRECTION('',(0.,0.,1.));
#6866=DIRECTION('',(1.,0.,0.));
#6867=DIRECTION('',(0.,0.,1.));
#6868=DIRECTION('',(-1.,0.,0.));
#6869=DIRECTION('',(0.,0.,1.));
#6870=DIRECTION('',(1.,0.,0.));
#6871=DIRECTION('',(0.,0.,-1.));
#6872=DIRECTION('',(0.707106781186548,-0.707106781186548,0.));
#6873=DIRECTION('',(0.,0.,1.));
#6874=DIRECTION('',(0.707106781186548,-0.707106781186548,0.));
#6875=DIRECTION('',(0.,0.,1.));
#6876=DIRECTION('',(0.707106781186548,-0.707106781186548,0.));
#6877=DIRECTION('',(0.,0.,1.));
#6878=DIRECTION('',(0.707106781186548,-0.707106781186548,0.));
#6879=DIRECTION('',(0.,0.,1.));
#6880=DIRECTION('',(-0.707106781186548,0.707106781186548,0.));
#6881=DIRECTION('',(0.,0.,1.));
#6882=DIRECTION('',(1.,0.,0.));
#6883=DIRECTION('',(0.,0.,-1.));
#6884=DIRECTION('',(0.,-1.,0.));
#6885=DIRECTION('',(0.,0.,1.));
#6886=DIRECTION('',(0.,-1.,0.));
#6887=DIRECTION('',(0.,0.,1.));
#6888=DIRECTION('',(0.,-1.,0.));
#6889=DIRECTION('',(0.,0.,1.));
#6890=DIRECTION('',(0.,-1.,0.));
#6891=DIRECTION('',(0.,0.,1.));
#6892=DIRECTION('',(0.,1.,0.));
#6893=DIRECTION('',(0.,0.,1.));
#6894=DIRECTION('',(1.,0.,0.));
#6895=DIRECTION('',(0.,0.,-1.));
#6896=DIRECTION('',(-0.707106781186548,-0.707106781186548,0.));
#6897=DIRECTION('',(0.,0.,1.));
#6898=DIRECTION('',(-0.707106781186548,-0.707106781186548,0.));
#6899=DIRECTION('',(0.,0.,1.));
#6900=DIRECTION('',(-0.707106781186548,-0.707106781186548,0.));
#6901=DIRECTION('',(0.,0.,1.));
#6902=DIRECTION('',(-0.707106781186548,-0.707106781186548,0.));
#6903=DIRECTION('',(0.,0.,1.));
#6904=DIRECTION('',(0.707106781186548,0.707106781186548,0.));
#6905=DIRECTION('',(0.,0.,1.));
#6906=DIRECTION('',(1.,0.,0.));
#6907=DIRECTION('',(0.,0.,-1.));
#6908=DIRECTION('',(-1.,0.,0.));
#6909=DIRECTION('',(0.,0.,1.));
#6910=DIRECTION('',(-1.,0.,0.));
#6911=DIRECTION('',(0.,0.,1.));
#6912=DIRECTION('',(-1.,0.,0.));
#6913=DIRECTION('',(0.,0.,1.));
#6914=DIRECTION('',(-1.,0.,0.));
#6915=DIRECTION('',(0.,0.,1.));
#6916=DIRECTION('',(1.,0.,0.));
#6917=DIRECTION('',(0.,0.,-1.));
#6918=DIRECTION('',(0.,-1.,0.));
#6919=DIRECTION('',(0.,0.,-1.));
#6920=DIRECTION('',(0.,1.,0.));
#6921=DIRECTION('',(0.,0.,-1.));
#6922=DIRECTION('',(0.,-1.,0.));
#6923=DIRECTION('',(0.,0.,-1.));
#6924=DIRECTION('',(1.815208979723E-10,1.,0.));
#6925=DIRECTION('',(0.,0.,-1.));
#6926=DIRECTION('',(-1.,0.,0.));
#6927=DIRECTION('',(0.,0.,1.));
#6928=DIRECTION('',(0.,1.,0.));
#6929=DIRECTION('',(0.,0.,1.));
#6930=DIRECTION('',(-1.,0.,0.));
#6931=DIRECTION('',(0.,0.,-1.));
#6932=DIRECTION('',(1.,0.,0.));
#6933=DIRECTION('',(0.,0.,1.));
#6934=DIRECTION('',(-1.,0.,0.));
#6935=DIRECTION('',(0.,0.,1.));
#6936=DIRECTION('',(1.,0.,0.));
#6937=DIRECTION('',(0.,0.,1.));
#6938=DIRECTION('',(-1.,0.,0.));
#6939=DIRECTION('',(0.,0.,1.));
#6940=DIRECTION('',(-1.,0.,0.));
#6941=DIRECTION('',(0.,0.,1.));
#6942=DIRECTION('',(-1.,0.,0.));
#6943=DIRECTION('',(0.,0.,-1.));
#6944=DIRECTION('',(-1.,0.,0.));
#6945=DIRECTION('',(0.,0.,-1.));
#6946=DIRECTION('',(-1.,0.,0.));
#6947=DIRECTION('',(0.,0.,1.));
#6948=DIRECTION('',(-1.,0.,0.));
#6949=DIRECTION('',(0.,0.,1.));
#6950=DIRECTION('',(1.,0.,0.));
#6951=DIRECTION('',(0.,0.,-1.));
#6952=DIRECTION('',(-1.,0.,0.));
#6953=DIRECTION('',(0.,0.,1.));
#6954=DIRECTION('',(1.,0.,0.));
#6955=DIRECTION('',(0.,0.,1.));
#6956=DIRECTION('',(-1.,0.,0.));
#6957=DIRECTION('',(0.,0.,1.));
#6958=DIRECTION('',(1.,0.,0.));
#6959=DIRECTION('',(0.,0.,-1.));
#6960=DIRECTION('',(-1.,0.,0.));
#6961=DIRECTION('',(0.,0.,-1.));
#6962=DIRECTION('',(1.,0.,0.));
#6963=DIRECTION('',(0.,0.,1.));
#6964=DIRECTION('',(-1.,0.,0.));
#6965=DIRECTION('',(0.,0.,1.));
#6966=DIRECTION('',(-1.,0.,0.));
#6967=DIRECTION('',(0.,0.,1.));
#6968=DIRECTION('',(1.,0.,0.));
#6969=DIRECTION('',(0.,0.,1.));
#6970=DIRECTION('',(1.,0.,0.));
#6971=DIRECTION('',(0.,0.,-1.));
#6972=DIRECTION('',(-1.,0.,0.));
#6973=DIRECTION('',(0.,0.,1.));
#6974=DIRECTION('',(-1.,0.,0.));
#6975=DIRECTION('',(0.,0.,1.));
#6976=DIRECTION('',(-1.,0.,0.));
#6977=DIRECTION('',(0.,0.,1.));
#6978=DIRECTION('',(-1.,0.,0.));
#6979=DIRECTION('',(0.,0.,1.));
#6980=DIRECTION('',(1.,0.,0.));
#6981=DIRECTION('',(0.,0.,1.));
#6982=DIRECTION('',(-1.,0.,0.));
#6983=DIRECTION('',(0.,0.,-1.));
#6984=DIRECTION('',(1.,0.,0.));
#6985=DIRECTION('',(0.,0.,1.));
#6986=DIRECTION('',(-1.,0.,0.));
#6987=DIRECTION('',(0.,0.,1.));
#6988=DIRECTION('',(1.,0.,0.));
#6989=DIRECTION('',(0.,0.,1.));
#6990=DIRECTION('',(-1.,0.,0.));
#6991=DIRECTION('',(0.,0.,1.));
#6992=DIRECTION('',(-1.,0.,0.));
#6993=DIRECTION('',(0.,0.,1.));
#6994=DIRECTION('',(-1.,0.,0.));
#6995=DIRECTION('',(0.,0.,-1.));
#6996=DIRECTION('',(-1.,0.,0.));
#6997=DIRECTION('',(0.,0.,-1.));
#6998=DIRECTION('',(-1.,0.,0.));
#6999=DIRECTION('',(0.,0.,1.));
#7000=DIRECTION('',(-1.,0.,0.));
#7001=DIRECTION('',(0.,0.,1.));
#7002=DIRECTION('',(1.,0.,0.));
#7003=DIRECTION('',(0.,0.,-1.));
#7004=DIRECTION('',(-1.,0.,0.));
#7005=DIRECTION('',(0.,0.,1.));
#7006=DIRECTION('',(1.,0.,0.));
#7007=DIRECTION('',(0.,0.,1.));
#7008=DIRECTION('',(-1.,0.,0.));
#7009=DIRECTION('',(0.,0.,1.));
#7010=DIRECTION('',(-1.,0.,0.));
#7011=DIRECTION('',(0.,0.,-1.));
#7012=DIRECTION('',(1.,0.,0.));
#7013=DIRECTION('',(0.,0.,1.));
#7014=DIRECTION('',(-1.,0.,0.));
#7015=DIRECTION('',(0.,0.,1.));
#7016=DIRECTION('',(1.,0.,0.));
#7017=DIRECTION('',(0.,0.,1.));
#7018=DIRECTION('',(-1.,0.,0.));
#7019=DIRECTION('',(0.,0.,1.));
#7020=DIRECTION('',(-1.,0.,0.));
#7021=DIRECTION('',(0.,0.,1.));
#7022=DIRECTION('',(-1.,0.,0.));
#7023=DIRECTION('',(0.,0.,-1.));
#7024=DIRECTION('',(-1.,0.,0.));
#7025=DIRECTION('',(0.,0.,-1.));
#7026=DIRECTION('',(-1.,0.,0.));
#7027=DIRECTION('',(0.,0.,1.));
#7028=DIRECTION('',(-1.,0.,0.));
#7029=DIRECTION('',(0.,0.,1.));
#7030=DIRECTION('',(1.,0.,0.));
#7031=DIRECTION('',(0.,0.,-1.));
#7032=DIRECTION('',(-1.,0.,0.));
#7033=DIRECTION('',(0.,0.,1.));
#7034=DIRECTION('',(1.,0.,0.));
#7035=DIRECTION('',(0.,0.,1.));
#7036=DIRECTION('',(-1.,0.,0.));
#7037=DIRECTION('',(0.,0.,1.));
#7038=DIRECTION('',(-1.,0.,0.));
#7039=DIRECTION('',(0.,0.,-1.));
#7040=DIRECTION('',(1.,0.,0.));
#7041=DIRECTION('',(0.,0.,1.));
#7042=DIRECTION('',(-1.,0.,0.));
#7043=DIRECTION('',(0.,0.,1.));
#7044=DIRECTION('',(1.,0.,0.));
#7045=DIRECTION('',(0.,0.,1.));
#7046=DIRECTION('',(-1.,0.,0.));
#7047=DIRECTION('',(0.,0.,1.));
#7048=DIRECTION('',(-1.,0.,0.));
#7049=DIRECTION('',(0.,0.,1.));
#7050=DIRECTION('',(-1.,0.,0.));
#7051=DIRECTION('',(0.,0.,-1.));
#7052=DIRECTION('',(-1.,0.,0.));
#7053=DIRECTION('',(0.,0.,-1.));
#7054=DIRECTION('',(-1.,0.,0.));
#7055=DIRECTION('',(0.,0.,1.));
#7056=DIRECTION('',(-1.,0.,0.));
#7057=DIRECTION('',(0.,0.,1.));
#7058=DIRECTION('',(1.,0.,0.));
#7059=DIRECTION('',(0.,0.,-1.));
#7060=DIRECTION('',(-1.,0.,0.));
#7061=DIRECTION('',(0.,0.,1.));
#7062=DIRECTION('',(1.,0.,0.));
#7063=DIRECTION('',(0.,0.,1.));
#7064=DIRECTION('',(-1.,0.,0.));
#7065=DIRECTION('',(1.,0.,0.));
#7066=DIRECTION('',(0.,-1.,0.));
#7067=DIRECTION('',(0.,1.,0.));
#7068=DIRECTION('',(0.,0.,-1.));
#7069=DIRECTION('',(0.,1.,0.));
#7070=DIRECTION('',(0.,0.,-1.));
#7071=DIRECTION('',(0.,0.707106781186498,0.707106781186597));
#7072=DIRECTION('',(0.,0.707106781186548,-0.707106781186548));
#7073=DIRECTION('',(0.,0.707106781186548,0.707106781186548));
#7074=DIRECTION('',(0.281084637715391,0.678598344545979,0.678598344545479));
#7075=DIRECTION('',(-1.,6.352767538143E-14,-6.373460592013E-14));
#7076=DIRECTION('',(-1.,3.857231994126E-14,-5.359522349734E-14));
#7077=DIRECTION('',(1.,0.,0.));
#7078=DIRECTION('',(0.,0.,-1.));
#7079=DIRECTION('',(-1.,0.,0.));
#7080=DIRECTION('',(0.,-1.,0.));
#7081=DIRECTION('',(1.,0.,0.));
#7082=DIRECTION('',(0.,-1.,0.));
#7083=DIRECTION('',(1.,0.,0.));
#7084=DIRECTION('',(0.,-1.,0.));
#7085=DIRECTION('',(1.,0.,0.));
#7086=DIRECTION('',(0.,-1.,0.));
#7087=DIRECTION('',(1.,0.,0.));
#7088=DIRECTION('',(0.,1.,0.));
#7089=DIRECTION('',(1.,0.,0.));
#7090=DIRECTION('',(0.,0.,-1.));
#7091=DIRECTION('',(-1.,0.,0.));
#7092=DIRECTION('',(0.,-1.,0.));
#7093=DIRECTION('',(1.,0.,0.));
#7094=DIRECTION('',(0.,-1.,0.));
#7095=DIRECTION('',(1.,0.,0.));
#7096=DIRECTION('',(0.,-1.,0.));
#7097=DIRECTION('',(1.,0.,0.));
#7098=DIRECTION('',(0.,-1.,0.));
#7099=DIRECTION('',(1.,0.,0.));
#7100=DIRECTION('',(0.,1.,0.));
#7101=DIRECTION('',(1.,0.,0.));
#7102=DIRECTION('',(0.,0.,-1.));
#7103=DIRECTION('',(-1.,0.,0.));
#7104=DIRECTION('',(0.,-1.,0.));
#7105=DIRECTION('',(1.,0.,0.));
#7106=DIRECTION('',(0.,-1.,0.));
#7107=DIRECTION('',(1.,0.,0.));
#7108=DIRECTION('',(0.,-1.,0.));
#7109=DIRECTION('',(1.,0.,0.));
#7110=DIRECTION('',(0.,-1.,0.));
#7111=DIRECTION('',(1.,0.,0.));
#7112=DIRECTION('',(0.,1.,0.));
#7113=DIRECTION('',(1.,0.,0.));
#7114=DIRECTION('',(0.,0.,-1.));
#7115=DIRECTION('',(-1.,0.,0.));
#7116=DIRECTION('',(0.,-1.,0.));
#7117=DIRECTION('',(1.,0.,0.));
#7118=DIRECTION('',(0.,-1.,0.));
#7119=DIRECTION('',(1.,0.,0.));
#7120=DIRECTION('',(0.,-1.,0.));
#7121=DIRECTION('',(1.,0.,0.));
#7122=DIRECTION('',(0.,-1.,0.));
#7123=DIRECTION('',(1.,0.,0.));
#7124=DIRECTION('',(0.,1.,0.));
#7125=DIRECTION('',(0.,0.,-1.));
#7126=DIRECTION('',(1.,0.,0.));
#7127=DIRECTION('',(0.,0.,1.));
#7128=DIRECTION('',(-1.,0.,0.));
#7129=DIRECTION('',(0.,0.,1.));
#7130=DIRECTION('',(-1.,0.,0.));
#7131=DIRECTION('',(0.,0.,-1.));
#7132=DIRECTION('',(-1.,0.,0.));
#7133=DIRECTION('',(0.,0.,-1.));
#7134=DIRECTION('',(1.,0.,0.));
#7135=DIRECTION('',(0.,0.,-1.));
#7136=DIRECTION('',(1.,0.,0.));
#7137=DIRECTION('',(0.,0.,-1.));
#7138=DIRECTION('',(1.,0.,0.));
#7139=DIRECTION('',(0.,0.,1.));
#7140=DIRECTION('',(1.,0.,0.));
#7141=DIRECTION('',(0.,0.,-1.));
#7142=DIRECTION('',(-1.,0.,0.));
#7143=DIRECTION('',(0.,0.,-1.));
#7144=DIRECTION('',(1.,0.,0.));
#7145=DIRECTION('',(0.,0.,-1.));
#7146=DIRECTION('',(-1.,0.,0.));
#7147=DIRECTION('',(0.,0.,1.));
#7148=DIRECTION('',(1.,0.,0.));
#7149=DIRECTION('',(0.,0.,1.));
#7150=DIRECTION('',(1.,0.,0.));
#7151=DIRECTION('',(0.,0.,-1.));
#7152=DIRECTION('',(1.,0.,0.));
#7153=DIRECTION('',(0.,0.,-1.));
#7154=DIRECTION('',(1.,0.,0.));
#7155=DIRECTION('',(0.,0.,1.));
#7156=DIRECTION('',(-1.,0.,0.));
#7157=DIRECTION('',(0.,0.,1.));
#7158=DIRECTION('',(-1.,0.,0.));
#7159=DIRECTION('',(0.,0.,-1.));
#7160=DIRECTION('',(-1.,0.,0.));
#7161=DIRECTION('',(0.,0.,-1.));
#7162=DIRECTION('',(1.,0.,0.));
#7163=DIRECTION('',(0.,0.,-1.));
#7164=DIRECTION('',(1.,0.,0.));
#7165=DIRECTION('',(0.,0.,-1.));
#7166=DIRECTION('',(1.,0.,0.));
#7167=DIRECTION('',(0.,0.,1.));
#7168=DIRECTION('',(1.,0.,0.));
#7169=DIRECTION('',(0.,0.,-1.));
#7170=DIRECTION('',(-1.,0.,0.));
#7171=DIRECTION('',(0.,0.,-1.));
#7172=DIRECTION('',(1.,0.,0.));
#7173=DIRECTION('',(0.,0.,-1.));
#7174=DIRECTION('',(-1.,0.,0.));
#7175=DIRECTION('',(0.,0.,1.));
#7176=DIRECTION('',(1.,0.,0.));
#7177=DIRECTION('',(0.,0.,1.));
#7178=DIRECTION('',(1.,0.,0.));
#7179=DIRECTION('',(0.,0.,-1.));
#7180=DIRECTION('',(1.,0.,0.));
#7181=DIRECTION('',(0.707106781186548,0.707106781186548,0.));
#7182=DIRECTION('',(-0.707106781186548,0.707106781186548,0.));
#7183=DIRECTION('',(-0.707106781186548,0.707106781186548,0.));
#7184=DIRECTION('',(0.,0.,-1.));
#7185=DIRECTION('',(0.707106781186548,-0.707106781186548,0.));
#7186=DIRECTION('',(-0.577350269189626,0.577350269189626,-0.577350269189626));
#7187=DIRECTION('',(0.,0.,-1.));
#7188=DIRECTION('',(0.,1.,0.));
#7189=DIRECTION('',(1.,0.,0.));
#7190=DIRECTION('',(-1.,0.,0.));
#7191=DIRECTION('',(-1.,0.,0.));
#7192=DIRECTION('',(0.,0.,-1.));
#7193=DIRECTION('',(-0.707106781186548,0.707106781186548,0.));
#7194=DIRECTION('',(-0.707106781186548,-0.707106781186548,0.));
#7195=DIRECTION('',(-0.707106781186548,-0.707106781186548,0.));
#7196=DIRECTION('',(0.,0.,1.));
#7197=DIRECTION('',(-0.577350269189626,-0.577350269189626,0.577350269189626));
#7198=DIRECTION('',(0.707106781186548,0.707106781186548,0.));
#7199=DIRECTION('',(1.,0.,0.));
#7200=DIRECTION('',(0.,0.,-1.));
#7201=DIRECTION('',(1.,0.,0.));
#7202=DIRECTION('',(0.,1.,0.));
#7203=DIRECTION('',(1.,0.,0.));
#7204=DIRECTION('',(0.,-1.,0.));
#7205=DIRECTION('',(-1.,0.,0.));
#7206=DIRECTION('',(0.,1.,0.));
#7207=DIRECTION('',(-1.,0.,0.));
#7208=DIRECTION('',(0.,1.,0.));
#7209=DIRECTION('',(-1.,0.,0.));
#7210=DIRECTION('',(0.,-1.,0.));
#7211=DIRECTION('',(1.,0.,0.));
#7212=DIRECTION('',(0.,0.,-1.));
#7213=DIRECTION('',(1.,0.,0.));
#7214=DIRECTION('',(0.,1.,0.));
#7215=DIRECTION('',(1.,0.,0.));
#7216=DIRECTION('',(0.,-1.,0.));
#7217=DIRECTION('',(-1.,0.,0.));
#7218=DIRECTION('',(0.,1.,0.));
#7219=DIRECTION('',(-1.,0.,0.));
#7220=DIRECTION('',(0.,1.,0.));
#7221=DIRECTION('',(-1.,0.,0.));
#7222=DIRECTION('',(0.,-1.,0.));
#7223=DIRECTION('',(1.,0.,0.));
#7224=DIRECTION('',(0.,0.,-1.));
#7225=DIRECTION('',(1.,0.,0.));
#7226=DIRECTION('',(0.,1.,0.));
#7227=DIRECTION('',(1.,0.,0.));
#7228=DIRECTION('',(0.,-1.,0.));
#7229=DIRECTION('',(-1.,0.,0.));
#7230=DIRECTION('',(0.,1.,0.));
#7231=DIRECTION('',(-1.,0.,0.));
#7232=DIRECTION('',(0.,1.,0.));
#7233=DIRECTION('',(-1.,0.,0.));
#7234=DIRECTION('',(0.,-1.,0.));
#7235=DIRECTION('',(1.,0.,0.));
#7236=DIRECTION('',(0.,0.,-1.));
#7237=DIRECTION('',(1.,0.,0.));
#7238=DIRECTION('',(0.,1.,0.));
#7239=DIRECTION('',(1.,0.,0.));
#7240=DIRECTION('',(0.,-1.,0.));
#7241=DIRECTION('',(-1.,0.,0.));
#7242=DIRECTION('',(0.,1.,0.));
#7243=DIRECTION('',(-1.,0.,0.));
#7244=DIRECTION('',(0.,1.,0.));
#7245=DIRECTION('',(-1.,0.,0.));
#7246=DIRECTION('',(0.,-1.,0.));
#7247=DIRECTION('',(0.,-1.,0.));
#7248=DIRECTION('',(1.,0.,0.));
#7249=DIRECTION('',(0.,1.,0.));
#7250=DIRECTION('',(-1.,0.,0.));
#7251=DIRECTION('',(0.,-1.,0.));
#7252=DIRECTION('',(-1.,0.,0.));
#7253=DIRECTION('',(0.,-1.,0.));
#7254=DIRECTION('',(-1.,0.,0.));
#7255=DIRECTION('',(0.,-1.,0.));
#7256=DIRECTION('',(-1.,0.,0.));
#7257=DIRECTION('',(0.,-1.,0.));
#7258=DIRECTION('',(1.,0.,0.));
#7259=DIRECTION('',(0.,-1.,0.));
#7260=DIRECTION('',(1.,0.,0.));
#7261=DIRECTION('',(0.,1.,0.));
#7262=DIRECTION('',(-1.,0.,0.));
#7263=DIRECTION('',(0.,-1.,0.));
#7264=DIRECTION('',(-1.,0.,0.));
#7265=DIRECTION('',(0.,-1.,0.));
#7266=DIRECTION('',(-1.,0.,0.));
#7267=DIRECTION('',(0.,-1.,0.));
#7268=DIRECTION('',(-1.,0.,0.));
#7269=DIRECTION('',(0.,-1.,0.));
#7270=DIRECTION('',(1.,0.,0.));
#7271=DIRECTION('',(0.,-1.,0.));
#7272=DIRECTION('',(1.,0.,0.));
#7273=DIRECTION('',(0.,1.,0.));
#7274=DIRECTION('',(-1.,0.,0.));
#7275=DIRECTION('',(0.,-1.,0.));
#7276=DIRECTION('',(-1.,0.,0.));
#7277=DIRECTION('',(0.,-1.,0.));
#7278=DIRECTION('',(-1.,0.,0.));
#7279=DIRECTION('',(0.,-1.,0.));
#7280=DIRECTION('',(-1.,0.,0.));
#7281=DIRECTION('',(0.,-1.,0.));
#7282=DIRECTION('',(1.,0.,0.));
#7283=DIRECTION('',(0.,-1.,0.));
#7284=DIRECTION('',(1.,0.,0.));
#7285=DIRECTION('',(0.,1.,0.));
#7286=DIRECTION('',(-1.,0.,0.));
#7287=DIRECTION('',(0.,-1.,0.));
#7288=DIRECTION('',(-1.,0.,0.));
#7289=DIRECTION('',(0.,-1.,0.));
#7290=DIRECTION('',(-1.,0.,0.));
#7291=DIRECTION('',(0.,-1.,0.));
#7292=DIRECTION('',(-1.,0.,0.));
#7293=DIRECTION('',(0.,-1.,0.));
#7294=DIRECTION('',(1.,0.,0.));
#7295=DIRECTION('',(0.,-1.,0.));
#7296=DIRECTION('',(0.,0.,-1.));
#7297=DIRECTION('',(0.,0.,1.));
#7298=DIRECTION('',(1.,0.,0.));
#7299=DIRECTION('',(0.,0.,1.));
#7300=DIRECTION('',(-1.,0.,0.));
#7301=DIRECTION('',(0.707106781186548,0.,-0.707106781186548));
#7302=DIRECTION('',(-0.707106781186548,0.,-0.707106781186548));
#7303=DIRECTION('',(-0.707106781186548,0.,0.707106781186548));
#7304=DIRECTION('',(4.615702811339E-14,-1.,4.409907144592E-14));
#7305=DIRECTION('',(-0.678598344545906,-0.281084637715503,0.678598344545506));
#7306=DIRECTION('',(2.856671815199E-14,-1.,3.741225016859E-14));
#7307=DIRECTION('',(-0.500000000000017,-0.500000000000017,-0.707106781186524));
#7308=DIRECTION('',(-0.499999999999982,-0.499999999999982,0.707106781186574));
#7309=DIRECTION('',(-0.281084637715391,-0.678598344545979,0.678598344545479));
#7310=DIRECTION('',(0.707106781186548,-0.707106781186548,0.));
#7311=DIRECTION('',(0.707106781186498,-0.707106781186597,0.));
#7312=DIRECTION('',(0.,-0.707106781186548,-0.707106781186548));
#7313=DIRECTION('',(0.,-0.707106781186548,0.707106781186548));
#7314=DIRECTION('',(1.,0.,0.));
#7315=DIRECTION('',(0.281084637715391,-0.678598344545979,0.678598344545479));
#7316=DIRECTION('',(1.,0.,0.));
#7317=DIRECTION('',(0.,-0.707106781186548,0.707106781186548));
#7318=DIRECTION('',(0.,-0.707106781186548,-0.707106781186548));
#7319=DIRECTION('',(0.281084637715391,-0.678598344545979,-0.678598344545479));
#7320=DIRECTION('',(-1.,0.,0.));
#7321=DIRECTION('',(-0.281084637715391,-0.678598344545979,-0.678598344545479));
#7322=DIRECTION('',(-1.,0.,0.));
#7323=DIRECTION('',(0.,-1.,0.));
#7324=DIRECTION('',(1.,0.,0.));
#7325=DIRECTION('',(0.,0.,1.));
#7326=DIRECTION('',(0.,0.,1.));
#7327=DIRECTION('',(-0.707106781186548,-0.707106781186548,0.));
#7328=DIRECTION('',(-0.707106781186548,0.707106781186548,0.));
#7329=DIRECTION('',(0.,0.,1.));
#7330=DIRECTION('',(-0.707106781186548,0.707106781186548,0.));
#7331=DIRECTION('',(-0.500000000000017,-0.500000000000017,0.707106781186524));
#7332=DIRECTION('',(-0.499999999999982,-0.499999999999982,-0.707106781186574));
#7333=DIRECTION('',(-0.707106781186548,0.707106781186548,0.));
#7334=DIRECTION('',(-0.678598344545979,-0.281084637715391,-0.678598344545479));
#7335=DIRECTION('',(-0.707106781186548,0.,0.707106781186548));
#7336=DIRECTION('',(-0.707106781186548,0.,-0.707106781186548));
#7337=DIRECTION('',(0.,1.,0.));
#7338=DIRECTION('',(-0.678598344545925,0.281084637715411,-0.678598344545525));
#7339=DIRECTION('',(0.,1.,0.));
#7340=DIRECTION('',(-1.,0.,0.));
#7341=DIRECTION('',(0.,-1.,0.));
#7342=DIRECTION('',(0.,0.,1.));
#7343=DIRECTION('',(-1.956566953542E-14,-1.,-2.718598293343E-14));
#7344=DIRECTION('',(0.,0.,-1.));
#7345=DIRECTION('',(0.,-1.,0.));
#7346=DIRECTION('',(0.,0.,-1.));
#7347=DIRECTION('',(-1.,0.,0.));
#7348=DIRECTION('',(-1.,0.,0.));
#7349=DIRECTION('',(0.,1.,0.));
#7350=DIRECTION('',(1.,0.,0.));
#7351=DIRECTION('',(0.,-1.,0.));
#7352=DIRECTION('',(0.,-1.,0.));
#7353=DIRECTION('',(0.,0.,-1.));
#7354=DIRECTION('',(0.,-1.,0.));
#7355=DIRECTION('',(-0.707106781186548,0.,-0.707106781186548));
#7356=DIRECTION('',(-0.707106781186548,0.,0.707106781186548));
#7357=DIRECTION('',(0.707106781186548,0.,-0.707106781186548));
#7358=DIRECTION('',(0.,-1.,0.));
#7359=DIRECTION('',(0.,0.,1.));
#7360=DIRECTION('',(0.,-1.,0.));
#7361=DIRECTION('',(-1.,0.,0.));
#7362=DIRECTION('',(0.,1.,0.));
#7363=DIRECTION('',(0.707106781186548,0.,-0.707106781186548));
#7364=DIRECTION('',(0.707106781186548,0.,0.707106781186548));
#7365=DIRECTION('',(0.707106781186548,0.,0.707106781186548));
#7366=DIRECTION('',(0.,1.,0.));
#7367=DIRECTION('',(-1.,0.,0.));
#7368=DIRECTION('',(0.,1.,0.));
#7369=DIRECTION('',(0.,0.,-1.));
#7370=DIRECTION('',(0.,-1.,0.));
#7371=DIRECTION('',(0.,0.,-1.));
#7372=DIRECTION('',(0.,1.,0.));
#7373=DIRECTION('',(0.,0.,-1.));
#7374=DIRECTION('',(-1.,0.,0.));
#7375=DIRECTION('',(1.,0.,0.));
#7376=DIRECTION('',(-1.,0.,0.));
#7377=DIRECTION('',(0.,-1.,0.));
#7378=DIRECTION('',(0.,-1.,0.));
#7379=DIRECTION('',(0.,0.,-1.));
#7380=DIRECTION('',(-1.,0.,0.));
#7381=DIRECTION('',(0.,0.,-1.));
#7382=DIRECTION('',(0.707106781186548,0.,0.707106781186548));
#7383=DIRECTION('',(0.707106781186548,0.,-0.707106781186548));
#7384=DIRECTION('',(0.707106781186548,0.,0.707106781186548));
#7385=DIRECTION('',(2.75516571009E-14,1.,-3.82823024981E-14));
#7386=DIRECTION('',(0.678598344545979,-0.281084637715391,0.678598344545479));
#7387=DIRECTION('',(4.498105287484E-14,1.,-4.527504668448E-14));
#7388=DIRECTION('',(0.,0.,1.));
#7389=DIRECTION('',(1.,0.,0.));
#7390=DIRECTION('',(0.707106781186548,0.707106781186548,0.));
#7391=DIRECTION('',(0.500000000000017,-0.500000000000017,-0.707106781186524));
#7392=DIRECTION('',(0.499999999999982,-0.499999999999982,0.707106781186574));
#7393=DIRECTION('',(0.707106781186548,0.707106781186548,0.));
#7394=DIRECTION('',(0.707106781186548,-0.707106781186548,0.));
#7395=DIRECTION('',(-0.707106781186548,-0.707106781186548,0.));
#7396=DIRECTION('',(0.,0.,1.));
#7397=DIRECTION('',(-0.707106781186548,-0.707106781186548,0.));
#7398=DIRECTION('',(0.500000000000017,-0.500000000000017,0.707106781186524));
#7399=DIRECTION('',(0.499999999999982,-0.499999999999982,-0.707106781186574));
#7400=DIRECTION('',(0.678598344545925,-0.281084637715411,-0.678598344545525));
#7401=DIRECTION('',(-0.707106781186548,-0.707106781186548,0.));
#7402=DIRECTION('',(0.707106781186548,0.,0.707106781186548));
#7403=DIRECTION('',(0.707106781186548,0.,-0.707106781186548));
#7404=DIRECTION('',(0.678598344546082,0.281084637714893,-0.678598344545582));
#7405=DIRECTION('',(0.,-1.,0.));
#7406=DIRECTION('',(0.,-1.,0.));
#7407=DIRECTION('',(1.,0.,0.));
#7408=DIRECTION('',(0.,1.,0.));
#7409=DIRECTION('',(0.,0.,1.));
#7410=DIRECTION('',(-1.956566953542E-14,1.,2.718598293343E-14));
#7411=DIRECTION('',(0.,0.,1.));
#7412=DIRECTION('',(0.707106781186548,0.,-0.707106781186548));
#7413=DIRECTION('',(0.707106781186548,0.,0.707106781186548));
#7414=DIRECTION('',(-3.18166228132E-14,1.,3.20245745963E-14));
#7415=DIRECTION('',(0.678598344545979,0.281084637715391,0.678598344545479));
#7416=DIRECTION('',(-0.707106781186548,0.,-0.707106781186548));
#7417=DIRECTION('',(0.500000000000017,0.500000000000017,-0.707106781186524));
#7418=DIRECTION('',(0.499999999999982,0.499999999999982,0.707106781186574));
#7419=DIRECTION('',(-0.707106781186548,0.707106781186548,0.));
#7420=DIRECTION('',(-0.707106781186548,0.707106781186548,0.));
#7421=DIRECTION('',(0.707106781186548,0.707106781186548,0.));
#7422=DIRECTION('',(0.707106781186548,-0.707106781186548,0.));
#7423=DIRECTION('',(0.,0.,1.));
#7424=DIRECTION('',(0.707106781186548,-0.707106781186548,0.));
#7425=DIRECTION('',(0.500000000000017,0.500000000000017,0.707106781186524));
#7426=DIRECTION('',(0.499999999999982,0.499999999999982,-0.707106781186574));
#7427=DIRECTION('',(0.281084637714893,0.678598344546082,-0.678598344545582));
#7428=DIRECTION('',(0.707106781186548,-0.707106781186548,0.));
#7429=DIRECTION('',(0.,0.707106781186548,0.707106781186548));
#7430=DIRECTION('',(0.,0.707106781186548,-0.707106781186548));
#7431=DIRECTION('',(-0.281084637715391,0.678598344545979,-0.678598344545479));
#7432=DIRECTION('',(1.,0.,0.));
#7433=DIRECTION('',(1.,0.,0.));
#7434=DIRECTION('',(0.,0.,1.));
#7435=DIRECTION('',(1.,0.,0.));
#7436=DIRECTION('',(0.707106781186548,0.707106781186548,0.));
#7437=DIRECTION('',(-0.500000000000017,0.500000000000017,0.707106781186524));
#7438=DIRECTION('',(-0.499999999999982,0.499999999999982,-0.707106781186574));
#7439=DIRECTION('',(0.707106781186548,0.707106781186548,0.));
#7440=DIRECTION('',(-0.707106781186548,0.707106781186548,0.));
#7441=DIRECTION('',(0.707106781186548,0.707106781186548,0.));
#7442=DIRECTION('',(0.,0.,1.));
#7443=DIRECTION('',(-0.707106781186548,-0.707106781186548,0.));
#7444=DIRECTION('',(-0.500000000000017,0.500000000000017,-0.707106781186524));
#7445=DIRECTION('',(-0.499999999999982,0.499999999999982,0.707106781186574));
#7446=DIRECTION('',(-0.281084637714893,0.678598344546082,0.678598344545582));
#7447=DIRECTION('',(-0.707106781186548,-0.707106781186548,0.));
#7448=DIRECTION('',(-0.678598344546082,0.281084637714893,0.678598344545582));
#7449=DIRECTION('',(-0.707106781186548,0.,-0.707106781186548));
#7450=DIRECTION('',(-0.707106781186548,0.,0.707106781186548));
#7451=DIRECTION('',(-2.495421397114E-14,-1.,-3.888698343836E-14));
#7452=DIRECTION('',(-0.707106781186548,0.,0.707106781186548));
#7453=DIRECTION('',(1.,0.,0.));
#7454=DIRECTION('',(0.,-1.,0.));
#7455=DIRECTION('',(0.,0.,-1.));
#7456=DIRECTION('',(0.,1.,0.));
#7457=DIRECTION('',(0.,0.,-1.));
#7458=DIRECTION('',(1.646855077128E-14,1.,0.));
#7459=DIRECTION('',(0.,0.,-1.));
#7460=DIRECTION('',(0.,-1.,0.));
#7461=DIRECTION('',(-1.,0.,0.));
#7462=DIRECTION('',(0.,0.,-1.));
#7463=DIRECTION('',(0.579487179487183,-0.814981354884877,0.));
#7464=DIRECTION('',(-1.,0.,0.));
#7465=DIRECTION('',(0.,1.,0.));
#7466=DIRECTION('',(0.,0.,-1.));
#7467=DIRECTION('',(0.,-1.,0.));
#7468=DIRECTION('',(0.,0.,-1.));
#7469=DIRECTION('',(0.,-1.,0.));
#7470=DIRECTION('',(0.,0.,-1.));
#7471=DIRECTION('',(0.,-1.,0.));
#7472=DIRECTION('',(-1.,0.,0.));
#7473=DIRECTION('',(0.,0.,-1.));
#7474=DIRECTION('',(-0.571628123323303,-0.820512820512805,0.));
#7475=DIRECTION('',(0.,1.,0.));
#7476=DIRECTION('',(0.,0.,1.));
#7477=DIRECTION('',(-1.,0.,0.));
#7478=DIRECTION('',(-1.,0.,0.));
#7479=DIRECTION('',(1.,0.,0.));
#7480=DIRECTION('',(0.,0.,-1.));
#7481=DIRECTION('',(0.,-1.,0.));
#7482=DIRECTION('',(-1.,0.,0.));
#7483=DIRECTION('',(-1.,0.,0.));
#7484=DIRECTION('',(0.,0.,-1.));
#7485=DIRECTION('',(0.,-1.,0.));
#7486=DIRECTION('',(0.,0.,-1.));
#7487=DIRECTION('',(0.571628123323303,-0.820512820512805,0.));
#7488=DIRECTION('',(0.,-1.,0.));
#7489=DIRECTION('',(-1.,0.,0.));
#7490=DIRECTION('',(0.,0.,-1.));
#7491=DIRECTION('',(1.,0.,0.));
#7492=DIRECTION('',(1.,0.,0.));
#7493=DIRECTION('',(1.,0.,0.));
#7494=DIRECTION('',(0.,0.,-1.));
#7495=DIRECTION('',(1.,0.,0.));
#7496=DIRECTION('',(0.,-1.,0.));
#7497=DIRECTION('',(-1.,0.,0.));
#7498=DIRECTION('',(1.,0.,0.));
#7499=DIRECTION('',(0.,-1.,0.));
#7500=DIRECTION('',(0.,0.,-1.));
#7501=DIRECTION('',(0.,-1.,0.));
#7502=DIRECTION('',(0.,0.707106781186548,0.707106781186548));
#7503=DIRECTION('',(0.,0.,-1.));
#7504=DIRECTION('',(0.,-1.,0.));
#7505=DIRECTION('',(0.,0.707106781186548,-0.707106781186548));
#7506=DIRECTION('',(0.,0.707106781186548,0.707106781186548));
#7507=DIRECTION('',(1.,0.,0.));
#7508=DIRECTION('',(0.,-0.707106781186498,-0.707106781186597));
#7509=DIRECTION('',(1.,0.,0.));
#7510=DIRECTION('',(-1.,0.,0.));
#7511=DIRECTION('',(0.,1.,0.));
#7512=DIRECTION('',(0.,0.,-1.));
#7513=DIRECTION('',(0.,1.,0.));
#7514=DIRECTION('',(0.,0.,-1.));
#7515=DIRECTION('',(0.,1.,0.));
#7516=DIRECTION('',(0.,1.,0.));
#7517=DIRECTION('',(-1.,0.,0.));
#7518=DIRECTION('',(0.,-1.,0.));
#7519=DIRECTION('',(1.,0.,0.));
#7520=DIRECTION('',(0.,-1.,0.));
#7521=DIRECTION('',(-1.,0.,0.));
#7522=DIRECTION('',(0.,1.,0.));
#7523=DIRECTION('',(1.,0.,0.));
#7524=DIRECTION('',(0.,1.,0.));
#7525=DIRECTION('',(1.,0.,0.));
#7526=DIRECTION('',(0.,1.,0.));
#7527=DIRECTION('',(-1.,0.,0.));
#7528=DIRECTION('',(0.,1.,0.));
#7529=DIRECTION('',(-1.,0.,0.));
#7530=DIRECTION('',(0.,-1.,0.));
#7531=DIRECTION('',(1.,0.,0.));
#7532=DIRECTION('',(0.,-1.,0.));
#7533=DIRECTION('',(-1.,0.,0.));
#7534=DIRECTION('',(0.,1.,0.));
#7535=DIRECTION('',(1.,0.,0.));
#7536=DIRECTION('',(0.,1.,0.));
#7537=DIRECTION('',(1.,0.,0.));
#7538=DIRECTION('',(0.,1.,0.));
#7539=DIRECTION('',(-1.,0.,0.));
#7540=DIRECTION('',(0.,1.,0.));
#7541=DIRECTION('',(-1.,0.,0.));
#7542=DIRECTION('',(0.,0.,-1.));
#7543=DIRECTION('',(-1.,-3.857231994126E-14,5.359522349734E-14));
#7544=DIRECTION('',(0.,1.,0.));
#7545=DIRECTION('',(-1.,0.,0.));
#7546=DIRECTION('',(-1.,0.,0.));
#7547=DIRECTION('',(0.,0.,-1.));
#7548=DIRECTION('',(-1.,0.,0.));
#7549=DIRECTION('',(-1.,0.,0.));
#7550=DIRECTION('',(0.,-1.,0.));
#7551=DIRECTION('',(-1.,0.,0.));
#7552=DIRECTION('',(-1.,0.,0.));
#7553=DIRECTION('',(-1.,0.,0.));
#7554=DIRECTION('',(0.,0.,-1.));
#7555=DIRECTION('',(-1.,0.,0.));
#7556=DIRECTION('',(0.,0.,-1.));
#7557=DIRECTION('',(-1.,0.,0.));
#7558=DIRECTION('',(0.,0.,-1.));
#7559=DIRECTION('',(1.,0.,0.));
#7560=DIRECTION('',(0.,0.,1.));
#7561=DIRECTION('',(-1.,0.,0.));
#7562=DIRECTION('',(0.,0.,1.));
#7563=DIRECTION('',(-1.,0.,0.));
#7564=DIRECTION('',(0.,0.,-1.));
#7565=DIRECTION('',(-1.,0.,0.));
#7566=DIRECTION('',(0.,0.,-1.));
#7567=DIRECTION('',(1.,0.,0.));
#7568=DIRECTION('',(0.,0.,-1.));
#7569=DIRECTION('',(1.,0.,0.));
#7570=DIRECTION('',(0.,0.,-1.));
#7571=DIRECTION('',(1.,0.,0.));
#7572=DIRECTION('',(0.,0.,1.));
#7573=DIRECTION('',(1.,0.,0.));
#7574=DIRECTION('',(0.,0.,-1.));
#7575=DIRECTION('',(-1.,0.,0.));
#7576=DIRECTION('',(0.,0.,-1.));
#7577=DIRECTION('',(1.,0.,0.));
#7578=DIRECTION('',(0.,0.,-1.));
#7579=DIRECTION('',(-1.,0.,0.));
#7580=DIRECTION('',(0.,0.,1.));
#7581=DIRECTION('',(1.,0.,0.));
#7582=DIRECTION('',(0.,0.,1.));
#7583=DIRECTION('',(1.,0.,0.));
#7584=DIRECTION('',(0.,0.,-1.));
#7585=DIRECTION('',(1.,0.,0.));
#7586=DIRECTION('',(0.,0.,-1.));
#7587=DIRECTION('',(1.,0.,0.));
#7588=DIRECTION('',(0.,0.,1.));
#7589=DIRECTION('',(-1.,0.,0.));
#7590=DIRECTION('',(0.,0.,1.));
#7591=DIRECTION('',(-1.,0.,0.));
#7592=DIRECTION('',(0.,0.,-1.));
#7593=DIRECTION('',(-1.,0.,0.));
#7594=DIRECTION('',(0.,0.,-1.));
#7595=DIRECTION('',(1.,0.,0.));
#7596=DIRECTION('',(0.,0.,-1.));
#7597=DIRECTION('',(1.,0.,0.));
#7598=DIRECTION('',(0.,0.,-1.));
#7599=DIRECTION('',(1.,0.,0.));
#7600=DIRECTION('',(0.,0.,1.));
#7601=DIRECTION('',(1.,0.,0.));
#7602=DIRECTION('',(0.,0.,-1.));
#7603=DIRECTION('',(-1.,0.,0.));
#7604=DIRECTION('',(0.,0.,-1.));
#7605=DIRECTION('',(1.,0.,0.));
#7606=DIRECTION('',(0.,0.,-1.));
#7607=DIRECTION('',(-1.,0.,0.));
#7608=DIRECTION('',(0.,0.,1.));
#7609=DIRECTION('',(1.,0.,0.));
#7610=DIRECTION('',(0.,0.,1.));
#7611=DIRECTION('',(1.,0.,0.));
#7612=DIRECTION('',(0.,0.,-1.));
#7613=DIRECTION('',(1.,0.,0.));
#7614=DIRECTION('',(0.,0.,1.));
#7615=DIRECTION('',(1.,0.,0.));
#7616=DIRECTION('',(-1.,-4.966332928841E-14,7.739202147445E-14));
#7617=DIRECTION('',(0.,1.,0.));
#7618=DIRECTION('',(-1.,0.,0.));
#7619=DIRECTION('',(0.,1.,0.));
#7620=DIRECTION('',(0.,-0.707106781186498,-0.707106781186597));
#7621=DIRECTION('',(0.,0.707106781186548,-0.707106781186548));
#7622=DIRECTION('',(0.,0.707106781186548,0.707106781186548));
#7623=DIRECTION('',(0.,0.,1.));
#7624=DIRECTION('',(1.,0.,0.));
#7625=DIRECTION('',(0.,0.,1.));
#7626=DIRECTION('',(1.,0.,0.));
#7627=DIRECTION('',(0.,-1.,0.));
#7628=DIRECTION('',(0.866025403784429,-0.500000000000017,0.));
#7629=DIRECTION('',(0.866025403784429,0.500000000000017,0.));
#7630=DIRECTION('',(0.,1.,0.));
#7631=DIRECTION('',(-0.866025403784429,0.500000000000017,0.));
#7632=DIRECTION('',(-0.866025403784429,-0.500000000000017,0.));
#7633=DIRECTION('',(-1.,0.,0.));
#7634=DIRECTION('',(0.,-1.,0.));
#7635=DIRECTION('',(0.,0.,-1.));
#7636=DIRECTION('',(0.,0.,-1.));
#7637=DIRECTION('',(0.,-1.,0.));
#7638=DIRECTION('',(-0.500000000000017,-0.866025403784429,0.));
#7639=DIRECTION('',(0.866025403784429,-0.500000000000017,0.));
#7640=DIRECTION('',(0.,0.,-1.));
#7641=DIRECTION('',(0.866025403784429,-0.500000000000017,0.));
#7642=DIRECTION('',(0.500000000000017,-0.866025403784429,0.));
#7643=DIRECTION('',(0.866025403784429,0.500000000000017,0.));
#7644=DIRECTION('',(0.,0.,-1.));
#7645=DIRECTION('',(0.866025403784429,0.500000000000017,0.));
#7646=DIRECTION('',(1.,0.,0.));
#7647=DIRECTION('',(0.,1.,0.));
#7648=DIRECTION('',(0.,0.,-1.));
#7649=DIRECTION('',(0.,1.,0.));
#7650=DIRECTION('',(0.500000000000017,0.866025403784429,0.));
#7651=DIRECTION('',(-0.866025403784429,0.500000000000017,0.));
#7652=DIRECTION('',(0.,0.,-1.));
#7653=DIRECTION('',(-0.866025403784429,0.500000000000017,0.));
#7654=DIRECTION('',(-0.500000000000017,0.866025403784429,0.));
#7655=DIRECTION('',(-0.866025403784429,-0.500000000000017,0.));
#7656=DIRECTION('',(-0.866025403784429,-0.500000000000017,0.));
#7657=DIRECTION('',(0.,0.,-1.));
#7658=DIRECTION('',(0.,-1.,0.));
#7659=DIRECTION('',(0.,0.,1.));
#7660=DIRECTION('',(-1.,0.,0.));
#7661=DIRECTION('',(0.,0.,-1.));
#7662=DIRECTION('',(1.,0.,0.));
#7663=DIRECTION('',(0.,0.,-1.));
#7664=DIRECTION('',(-1.,0.,0.));
#7665=DIRECTION('',(0.,0.,-1.));
#7666=DIRECTION('',(0.,-1.,0.));
#7667=DIRECTION('',(0.,0.,-1.));
#7668=DIRECTION('',(0.,1.,0.));
#7669=DIRECTION('',(0.,0.,-1.));
#7670=DIRECTION('',(0.,-1.,0.));
#7671=DIRECTION('',(0.,0.,-1.));
#7672=DIRECTION('',(0.,1.,0.));
#7673=DIRECTION('',(0.,0.,-1.));
#7674=DIRECTION('',(0.,-1.,0.));
#7675=DIRECTION('',(0.,0.,-1.));
#7676=DIRECTION('',(1.,0.,0.));
#7677=DIRECTION('',(0.,0.,1.));
#7678=DIRECTION('',(-1.,0.,0.));
#7679=DIRECTION('',(0.,0.,1.));
#7680=DIRECTION('',(1.,0.,0.));
#7681=DIRECTION('',(0.,0.,-1.));
#7682=DIRECTION('',(0.,-1.,0.));
#7683=DIRECTION('',(0.,0.,1.));
#7684=DIRECTION('',(1.,0.,0.));
#7685=DIRECTION('',(0.,0.,1.));
#7686=DIRECTION('',(1.,0.,0.));
#7687=DIRECTION('',(0.,-1.,0.));
#7688=DIRECTION('',(0.866025403784429,-0.500000000000017,0.));
#7689=DIRECTION('',(0.866025403784429,0.500000000000017,0.));
#7690=DIRECTION('',(0.,1.,0.));
#7691=DIRECTION('',(-0.866025403784429,0.500000000000017,0.));
#7692=DIRECTION('',(-0.866025403784429,-0.500000000000017,0.));
#7693=DIRECTION('',(-1.,0.,0.));
#7694=DIRECTION('',(0.,-1.,0.));
#7695=DIRECTION('',(0.,0.,-1.));
#7696=DIRECTION('',(0.,0.,-1.));
#7697=DIRECTION('',(0.,-1.,0.));
#7698=DIRECTION('',(-0.500000000000017,-0.866025403784429,0.));
#7699=DIRECTION('',(0.866025403784429,-0.500000000000017,0.));
#7700=DIRECTION('',(0.,0.,-1.));
#7701=DIRECTION('',(0.866025403784429,-0.500000000000017,0.));
#7702=DIRECTION('',(0.500000000000017,-0.866025403784429,0.));
#7703=DIRECTION('',(0.866025403784429,0.500000000000017,0.));
#7704=DIRECTION('',(0.,0.,-1.));
#7705=DIRECTION('',(0.866025403784429,0.500000000000017,0.));
#7706=DIRECTION('',(1.,0.,0.));
#7707=DIRECTION('',(0.,1.,0.));
#7708=DIRECTION('',(0.,0.,-1.));
#7709=DIRECTION('',(0.,1.,0.));
#7710=DIRECTION('',(0.500000000000017,0.866025403784429,0.));
#7711=DIRECTION('',(-0.866025403784429,0.500000000000017,0.));
#7712=DIRECTION('',(0.,0.,-1.));
#7713=DIRECTION('',(-0.866025403784429,0.500000000000017,0.));
#7714=DIRECTION('',(-0.500000000000017,0.866025403784429,0.));
#7715=DIRECTION('',(-0.866025403784429,-0.500000000000017,0.));
#7716=DIRECTION('',(-0.866025403784429,-0.500000000000017,0.));
#7717=DIRECTION('',(0.,0.,-1.));
#7718=DIRECTION('',(0.,-1.,0.));
#7719=DIRECTION('',(0.,0.,1.));
#7720=DIRECTION('',(-1.,0.,0.));
#7721=DIRECTION('',(0.,0.,-1.));
#7722=DIRECTION('',(1.,0.,0.));
#7723=DIRECTION('',(0.,0.,-1.));
#7724=DIRECTION('',(-1.,0.,0.));
#7725=DIRECTION('',(0.,0.,-1.));
#7726=DIRECTION('',(0.,-1.,0.));
#7727=DIRECTION('',(0.,0.,-1.));
#7728=DIRECTION('',(0.,1.,0.));
#7729=DIRECTION('',(0.,0.,-1.));
#7730=DIRECTION('',(0.,-1.,0.));
#7731=DIRECTION('',(0.,0.,-1.));
#7732=DIRECTION('',(0.,1.,0.));
#7733=DIRECTION('',(0.,0.,-1.));
#7734=DIRECTION('',(0.,-1.,0.));
#7735=DIRECTION('',(0.,0.,-1.));
#7736=DIRECTION('',(1.,0.,0.));
#7737=DIRECTION('',(0.,0.,1.));
#7738=DIRECTION('',(-1.,0.,0.));
#7739=DIRECTION('',(0.,0.,1.));
#7740=DIRECTION('',(1.,0.,0.));
#7741=DIRECTION('',(0.,0.,-1.));
#7742=DIRECTION('',(0.,-1.,0.));
#7743=DIRECTION('',(0.,0.,1.));
#7744=DIRECTION('',(1.,0.,0.));
#7745=DIRECTION('',(0.,0.,1.));
#7746=DIRECTION('',(1.,0.,0.));
#7747=DIRECTION('',(0.,-1.,0.));
#7748=DIRECTION('',(0.866025403784429,-0.500000000000017,0.));
#7749=DIRECTION('',(0.866025403784429,0.500000000000017,0.));
#7750=DIRECTION('',(0.,1.,0.));
#7751=DIRECTION('',(-0.866025403784429,0.500000000000017,0.));
#7752=DIRECTION('',(-0.866025403784429,-0.500000000000017,0.));
#7753=DIRECTION('',(-1.,0.,0.));
#7754=DIRECTION('',(0.,-1.,0.));
#7755=DIRECTION('',(0.,0.,-1.));
#7756=DIRECTION('',(0.,0.,-1.));
#7757=DIRECTION('',(0.,-1.,0.));
#7758=DIRECTION('',(-0.500000000000017,-0.866025403784429,0.));
#7759=DIRECTION('',(0.866025403784429,-0.500000000000017,0.));
#7760=DIRECTION('',(0.,0.,-1.));
#7761=DIRECTION('',(0.866025403784429,-0.500000000000017,0.));
#7762=DIRECTION('',(0.500000000000017,-0.866025403784429,0.));
#7763=DIRECTION('',(0.866025403784429,0.500000000000017,0.));
#7764=DIRECTION('',(0.,0.,-1.));
#7765=DIRECTION('',(0.866025403784429,0.500000000000017,0.));
#7766=DIRECTION('',(1.,0.,0.));
#7767=DIRECTION('',(0.,1.,0.));
#7768=DIRECTION('',(0.,0.,-1.));
#7769=DIRECTION('',(0.,1.,0.));
#7770=DIRECTION('',(0.500000000000017,0.866025403784429,0.));
#7771=DIRECTION('',(-0.866025403784429,0.500000000000017,0.));
#7772=DIRECTION('',(0.,0.,-1.));
#7773=DIRECTION('',(-0.866025403784429,0.500000000000017,0.));
#7774=DIRECTION('',(-0.500000000000017,0.866025403784429,0.));
#7775=DIRECTION('',(-0.866025403784429,-0.500000000000017,0.));
#7776=DIRECTION('',(-0.866025403784429,-0.500000000000017,0.));
#7777=DIRECTION('',(0.,0.,-1.));
#7778=DIRECTION('',(0.,-1.,0.));
#7779=DIRECTION('',(0.,0.,1.));
#7780=DIRECTION('',(-1.,0.,0.));
#7781=DIRECTION('',(0.,0.,-1.));
#7782=DIRECTION('',(1.,0.,0.));
#7783=DIRECTION('',(0.,0.,-1.));
#7784=DIRECTION('',(-1.,0.,0.));
#7785=DIRECTION('',(0.,0.,-1.));
#7786=DIRECTION('',(0.,-1.,0.));
#7787=DIRECTION('',(0.,0.,-1.));
#7788=DIRECTION('',(0.,1.,0.));
#7789=DIRECTION('',(0.,0.,-1.));
#7790=DIRECTION('',(0.,-1.,0.));
#7791=DIRECTION('',(0.,0.,-1.));
#7792=DIRECTION('',(0.,1.,0.));
#7793=DIRECTION('',(0.,0.,-1.));
#7794=DIRECTION('',(0.,-1.,0.));
#7795=DIRECTION('',(0.,0.,-1.));
#7796=DIRECTION('',(1.,0.,0.));
#7797=DIRECTION('',(0.,0.,1.));
#7798=DIRECTION('',(-1.,0.,0.));
#7799=DIRECTION('',(0.,0.,1.));
#7800=DIRECTION('',(1.,0.,0.));
#7801=DIRECTION('',(0.,0.,-1.));
#7802=DIRECTION('',(0.,-1.,0.));
#7803=DIRECTION('',(0.,0.,1.));
#7804=DIRECTION('',(1.,0.,0.));
#7805=DIRECTION('',(0.,0.,1.));
#7806=DIRECTION('',(1.,0.,0.));
#7807=DIRECTION('',(0.,-1.,0.));
#7808=DIRECTION('',(0.866025403784429,-0.500000000000017,0.));
#7809=DIRECTION('',(0.866025403784429,0.500000000000017,0.));
#7810=DIRECTION('',(0.,1.,0.));
#7811=DIRECTION('',(-0.866025403784429,0.500000000000017,0.));
#7812=DIRECTION('',(-0.866025403784429,-0.500000000000017,0.));
#7813=DIRECTION('',(-1.,0.,0.));
#7814=DIRECTION('',(0.,-1.,0.));
#7815=DIRECTION('',(0.,0.,-1.));
#7816=DIRECTION('',(0.,0.,-1.));
#7817=DIRECTION('',(0.,-1.,0.));
#7818=DIRECTION('',(-0.500000000000017,-0.866025403784429,0.));
#7819=DIRECTION('',(0.866025403784429,-0.500000000000017,0.));
#7820=DIRECTION('',(0.,0.,-1.));
#7821=DIRECTION('',(0.866025403784429,-0.500000000000017,0.));
#7822=DIRECTION('',(0.500000000000017,-0.866025403784429,0.));
#7823=DIRECTION('',(0.866025403784429,0.500000000000017,0.));
#7824=DIRECTION('',(0.,0.,-1.));
#7825=DIRECTION('',(0.866025403784429,0.500000000000017,0.));
#7826=DIRECTION('',(1.,0.,0.));
#7827=DIRECTION('',(0.,1.,0.));
#7828=DIRECTION('',(0.,0.,-1.));
#7829=DIRECTION('',(0.,1.,0.));
#7830=DIRECTION('',(0.500000000000017,0.866025403784429,0.));
#7831=DIRECTION('',(-0.866025403784429,0.500000000000017,0.));
#7832=DIRECTION('',(0.,0.,-1.));
#7833=DIRECTION('',(-0.866025403784429,0.500000000000017,0.));
#7834=DIRECTION('',(-0.500000000000017,0.866025403784429,0.));
#7835=DIRECTION('',(-0.866025403784429,-0.500000000000017,0.));
#7836=DIRECTION('',(-0.866025403784429,-0.500000000000017,0.));
#7837=DIRECTION('',(0.,0.,-1.));
#7838=DIRECTION('',(0.,-1.,0.));
#7839=DIRECTION('',(0.,0.,1.));
#7840=DIRECTION('',(-1.,0.,0.));
#7841=DIRECTION('',(0.,0.,-1.));
#7842=DIRECTION('',(1.,0.,0.));
#7843=DIRECTION('',(0.,0.,-1.));
#7844=DIRECTION('',(-1.,0.,0.));
#7845=DIRECTION('',(0.,0.,-1.));
#7846=DIRECTION('',(0.,-1.,0.));
#7847=DIRECTION('',(0.,0.,-1.));
#7848=DIRECTION('',(0.,1.,0.));
#7849=DIRECTION('',(0.,0.,-1.));
#7850=DIRECTION('',(0.,-1.,0.));
#7851=DIRECTION('',(0.,0.,-1.));
#7852=DIRECTION('',(0.,1.,0.));
#7853=DIRECTION('',(0.,0.,-1.));
#7854=DIRECTION('',(0.,-1.,0.));
#7855=DIRECTION('',(0.,0.,-1.));
#7856=DIRECTION('',(1.,0.,0.));
#7857=DIRECTION('',(0.,0.,1.));
#7858=DIRECTION('',(-1.,0.,0.));
#7859=DIRECTION('',(0.,0.,1.));
#7860=DIRECTION('',(1.,0.,0.));
#7861=DIRECTION('',(0.,0.,-1.));
#7862=DIRECTION('',(0.,-1.,0.));
#7863=DIRECTION('',(0.,0.,1.));
#7864=DIRECTION('',(1.,0.,0.));
#7865=DIRECTION('',(0.,0.,-1.));
#7866=DIRECTION('',(-1.,0.,0.));
#7867=DIRECTION('',(0.,-1.,0.));
#7868=DIRECTION('',(-0.866025403784429,-0.500000000000017,0.));
#7869=DIRECTION('',(-0.866025403784429,0.500000000000017,0.));
#7870=DIRECTION('',(0.,1.,0.));
#7871=DIRECTION('',(0.866025403784429,0.500000000000017,0.));
#7872=DIRECTION('',(0.866025403784429,-0.500000000000017,0.));
#7873=DIRECTION('',(1.,0.,0.));
#7874=DIRECTION('',(0.,-1.,0.));
#7875=DIRECTION('',(0.,0.,1.));
#7876=DIRECTION('',(0.,0.,1.));
#7877=DIRECTION('',(0.,-1.,0.));
#7878=DIRECTION('',(0.500000000000017,-0.866025403784429,0.));
#7879=DIRECTION('',(-0.866025403784429,-0.500000000000017,0.));
#7880=DIRECTION('',(0.,0.,1.));
#7881=DIRECTION('',(-0.866025403784429,-0.500000000000017,0.));
#7882=DIRECTION('',(-0.500000000000017,-0.866025403784429,0.));
#7883=DIRECTION('',(-0.866025403784429,0.500000000000017,0.));
#7884=DIRECTION('',(0.,0.,1.));
#7885=DIRECTION('',(-0.866025403784429,0.500000000000017,0.));
#7886=DIRECTION('',(-1.,0.,0.));
#7887=DIRECTION('',(0.,1.,0.));
#7888=DIRECTION('',(0.,0.,1.));
#7889=DIRECTION('',(0.,1.,0.));
#7890=DIRECTION('',(-0.500000000000017,0.866025403784429,0.));
#7891=DIRECTION('',(0.866025403784429,0.500000000000017,0.));
#7892=DIRECTION('',(0.,0.,1.));
#7893=DIRECTION('',(0.866025403784429,0.500000000000017,0.));
#7894=DIRECTION('',(0.500000000000017,0.866025403784429,0.));
#7895=DIRECTION('',(0.866025403784429,-0.500000000000017,0.));
#7896=DIRECTION('',(0.866025403784429,-0.500000000000017,0.));
#7897=DIRECTION('',(0.,0.,1.));
#7898=DIRECTION('',(0.,-1.,0.));
#7899=DIRECTION('',(0.,0.,-1.));
#7900=DIRECTION('',(1.,0.,0.));
#7901=DIRECTION('',(0.,0.,1.));
#7902=DIRECTION('',(-1.,0.,0.));
#7903=DIRECTION('',(0.,0.,1.));
#7904=DIRECTION('',(1.,0.,0.));
#7905=DIRECTION('',(0.,0.,1.));
#7906=DIRECTION('',(0.,-1.,0.));
#7907=DIRECTION('',(0.,0.,1.));
#7908=DIRECTION('',(0.,1.,0.));
#7909=DIRECTION('',(0.,0.,1.));
#7910=DIRECTION('',(0.,-1.,0.));
#7911=DIRECTION('',(0.,0.,1.));
#7912=DIRECTION('',(0.,1.,0.));
#7913=DIRECTION('',(0.,0.,1.));
#7914=DIRECTION('',(0.,-1.,0.));
#7915=DIRECTION('',(0.,0.,1.));
#7916=DIRECTION('',(-1.,0.,0.));
#7917=DIRECTION('',(0.,0.,-1.));
#7918=DIRECTION('',(1.,0.,0.));
#7919=DIRECTION('',(0.,0.,-1.));
#7920=DIRECTION('',(-1.,0.,0.));
#7921=DIRECTION('',(0.,0.,1.));
#7922=DIRECTION('',(0.,-1.,0.));
#7923=DIRECTION('',(0.,0.,1.));
#7924=DIRECTION('',(1.,0.,0.));
#7925=DIRECTION('',(0.,0.,-1.));
#7926=DIRECTION('',(-1.,0.,0.));
#7927=DIRECTION('',(0.,-1.,0.));
#7928=DIRECTION('',(-0.866025403784429,-0.500000000000017,0.));
#7929=DIRECTION('',(-0.866025403784429,0.500000000000017,0.));
#7930=DIRECTION('',(0.,1.,0.));
#7931=DIRECTION('',(0.866025403784429,0.500000000000017,0.));
#7932=DIRECTION('',(0.866025403784429,-0.500000000000017,0.));
#7933=DIRECTION('',(1.,0.,0.));
#7934=DIRECTION('',(0.,-1.,0.));
#7935=DIRECTION('',(0.,0.,1.));
#7936=DIRECTION('',(0.,0.,1.));
#7937=DIRECTION('',(0.,-1.,0.));
#7938=DIRECTION('',(0.500000000000017,-0.866025403784429,0.));
#7939=DIRECTION('',(-0.866025403784429,-0.500000000000017,0.));
#7940=DIRECTION('',(0.,0.,1.));
#7941=DIRECTION('',(-0.866025403784429,-0.500000000000017,0.));
#7942=DIRECTION('',(-0.500000000000017,-0.866025403784429,0.));
#7943=DIRECTION('',(-0.866025403784429,0.500000000000017,0.));
#7944=DIRECTION('',(0.,0.,1.));
#7945=DIRECTION('',(-0.866025403784429,0.500000000000017,0.));
#7946=DIRECTION('',(-1.,0.,0.));
#7947=DIRECTION('',(0.,1.,0.));
#7948=DIRECTION('',(0.,0.,1.));
#7949=DIRECTION('',(0.,1.,0.));
#7950=DIRECTION('',(-0.500000000000017,0.866025403784429,0.));
#7951=DIRECTION('',(0.866025403784429,0.500000000000017,0.));
#7952=DIRECTION('',(0.,0.,1.));
#7953=DIRECTION('',(0.866025403784429,0.500000000000017,0.));
#7954=DIRECTION('',(0.500000000000017,0.866025403784429,0.));
#7955=DIRECTION('',(0.866025403784429,-0.500000000000017,0.));
#7956=DIRECTION('',(0.866025403784429,-0.500000000000017,0.));
#7957=DIRECTION('',(0.,0.,1.));
#7958=DIRECTION('',(0.,-1.,0.));
#7959=DIRECTION('',(0.,0.,-1.));
#7960=DIRECTION('',(1.,0.,0.));
#7961=DIRECTION('',(0.,0.,1.));
#7962=DIRECTION('',(-1.,0.,0.));
#7963=DIRECTION('',(0.,0.,1.));
#7964=DIRECTION('',(1.,0.,0.));
#7965=DIRECTION('',(0.,0.,1.));
#7966=DIRECTION('',(0.,-1.,0.));
#7967=DIRECTION('',(0.,0.,1.));
#7968=DIRECTION('',(0.,1.,0.));
#7969=DIRECTION('',(0.,0.,1.));
#7970=DIRECTION('',(0.,-1.,0.));
#7971=DIRECTION('',(0.,0.,1.));
#7972=DIRECTION('',(0.,1.,0.));
#7973=DIRECTION('',(0.,0.,1.));
#7974=DIRECTION('',(0.,-1.,0.));
#7975=DIRECTION('',(0.,0.,1.));
#7976=DIRECTION('',(-1.,0.,0.));
#7977=DIRECTION('',(0.,0.,-1.));
#7978=DIRECTION('',(1.,0.,0.));
#7979=DIRECTION('',(0.,0.,-1.));
#7980=DIRECTION('',(-1.,0.,0.));
#7981=DIRECTION('',(0.,0.,1.));
#7982=DIRECTION('',(0.,-1.,0.));
#7983=DIRECTION('',(0.,0.,1.));
#7984=DIRECTION('',(1.,0.,0.));
#7985=DIRECTION('',(0.,0.,-1.));
#7986=DIRECTION('',(-1.,0.,0.));
#7987=DIRECTION('',(0.,-1.,0.));
#7988=DIRECTION('',(-0.866025403784429,-0.500000000000017,0.));
#7989=DIRECTION('',(-0.866025403784429,0.500000000000017,0.));
#7990=DIRECTION('',(0.,1.,0.));
#7991=DIRECTION('',(0.866025403784429,0.500000000000017,0.));
#7992=DIRECTION('',(0.866025403784429,-0.500000000000017,0.));
#7993=DIRECTION('',(1.,0.,0.));
#7994=DIRECTION('',(0.,-1.,0.));
#7995=DIRECTION('',(0.,0.,1.));
#7996=DIRECTION('',(0.,0.,1.));
#7997=DIRECTION('',(0.,-1.,0.));
#7998=DIRECTION('',(0.500000000000017,-0.866025403784429,0.));
#7999=DIRECTION('',(-0.866025403784429,-0.500000000000017,0.));
#8000=DIRECTION('',(0.,0.,1.));
#8001=DIRECTION('',(-0.866025403784429,-0.500000000000017,0.));
#8002=DIRECTION('',(-0.500000000000017,-0.866025403784429,0.));
#8003=DIRECTION('',(-0.866025403784429,0.500000000000017,0.));
#8004=DIRECTION('',(0.,0.,1.));
#8005=DIRECTION('',(-0.866025403784429,0.500000000000017,0.));
#8006=DIRECTION('',(-1.,0.,0.));
#8007=DIRECTION('',(0.,1.,0.));
#8008=DIRECTION('',(0.,0.,1.));
#8009=DIRECTION('',(0.,1.,0.));
#8010=DIRECTION('',(-0.500000000000017,0.866025403784429,0.));
#8011=DIRECTION('',(0.866025403784429,0.500000000000017,0.));
#8012=DIRECTION('',(0.,0.,1.));
#8013=DIRECTION('',(0.866025403784429,0.500000000000017,0.));
#8014=DIRECTION('',(0.500000000000017,0.866025403784429,0.));
#8015=DIRECTION('',(0.866025403784429,-0.500000000000017,0.));
#8016=DIRECTION('',(0.866025403784429,-0.500000000000017,0.));
#8017=DIRECTION('',(0.,0.,1.));
#8018=DIRECTION('',(0.,-1.,0.));
#8019=DIRECTION('',(0.,0.,-1.));
#8020=DIRECTION('',(1.,0.,0.));
#8021=DIRECTION('',(0.,0.,1.));
#8022=DIRECTION('',(-1.,0.,0.));
#8023=DIRECTION('',(0.,0.,1.));
#8024=DIRECTION('',(1.,0.,0.));
#8025=DIRECTION('',(0.,0.,1.));
#8026=DIRECTION('',(0.,-1.,0.));
#8027=DIRECTION('',(0.,0.,1.));
#8028=DIRECTION('',(0.,1.,0.));
#8029=DIRECTION('',(0.,0.,1.));
#8030=DIRECTION('',(0.,-1.,0.));
#8031=DIRECTION('',(0.,0.,1.));
#8032=DIRECTION('',(0.,1.,0.));
#8033=DIRECTION('',(0.,0.,1.));
#8034=DIRECTION('',(0.,-1.,0.));
#8035=DIRECTION('',(0.,0.,1.));
#8036=DIRECTION('',(-1.,0.,0.));
#8037=DIRECTION('',(0.,0.,-1.));
#8038=DIRECTION('',(1.,0.,0.));
#8039=DIRECTION('',(0.,0.,-1.));
#8040=DIRECTION('',(-1.,0.,0.));
#8041=DIRECTION('',(0.,0.,1.));
#8042=DIRECTION('',(0.,-1.,0.));
#8043=DIRECTION('',(0.,0.,1.));
#8044=DIRECTION('',(1.,0.,0.));
#8045=DIRECTION('',(0.,0.,-1.));
#8046=DIRECTION('',(-1.,0.,0.));
#8047=DIRECTION('',(0.,-1.,0.));
#8048=DIRECTION('',(-0.866025403784429,-0.500000000000017,0.));
#8049=DIRECTION('',(-0.866025403784429,0.500000000000017,0.));
#8050=DIRECTION('',(0.,1.,0.));
#8051=DIRECTION('',(0.866025403784429,0.500000000000017,0.));
#8052=DIRECTION('',(0.866025403784429,-0.500000000000017,0.));
#8053=DIRECTION('',(1.,0.,0.));
#8054=DIRECTION('',(0.,-1.,0.));
#8055=DIRECTION('',(0.,0.,1.));
#8056=DIRECTION('',(0.,0.,1.));
#8057=DIRECTION('',(0.,-1.,0.));
#8058=DIRECTION('',(0.500000000000017,-0.866025403784429,0.));
#8059=DIRECTION('',(-0.866025403784429,-0.500000000000017,0.));
#8060=DIRECTION('',(0.,0.,1.));
#8061=DIRECTION('',(-0.866025403784429,-0.500000000000017,0.));
#8062=DIRECTION('',(-0.500000000000017,-0.866025403784429,0.));
#8063=DIRECTION('',(-0.866025403784429,0.500000000000017,0.));
#8064=DIRECTION('',(0.,0.,1.));
#8065=DIRECTION('',(-0.866025403784429,0.500000000000017,0.));
#8066=DIRECTION('',(-1.,0.,0.));
#8067=DIRECTION('',(0.,1.,0.));
#8068=DIRECTION('',(0.,0.,1.));
#8069=DIRECTION('',(0.,1.,0.));
#8070=DIRECTION('',(-0.500000000000017,0.866025403784429,0.));
#8071=DIRECTION('',(0.866025403784429,0.500000000000017,0.));
#8072=DIRECTION('',(0.,0.,1.));
#8073=DIRECTION('',(0.866025403784429,0.500000000000017,0.));
#8074=DIRECTION('',(0.500000000000017,0.866025403784429,0.));
#8075=DIRECTION('',(0.866025403784429,-0.500000000000017,0.));
#8076=DIRECTION('',(0.866025403784429,-0.500000000000017,0.));
#8077=DIRECTION('',(0.,0.,1.));
#8078=DIRECTION('',(0.,-1.,0.));
#8079=DIRECTION('',(0.,0.,-1.));
#8080=DIRECTION('',(1.,0.,0.));
#8081=DIRECTION('',(0.,0.,1.));
#8082=DIRECTION('',(-1.,0.,0.));
#8083=DIRECTION('',(0.,0.,1.));
#8084=DIRECTION('',(1.,0.,0.));
#8085=DIRECTION('',(0.,0.,1.));
#8086=DIRECTION('',(0.,-1.,0.));
#8087=DIRECTION('',(0.,0.,1.));
#8088=DIRECTION('',(0.,1.,0.));
#8089=DIRECTION('',(0.,0.,1.));
#8090=DIRECTION('',(0.,-1.,0.));
#8091=DIRECTION('',(0.,0.,1.));
#8092=DIRECTION('',(0.,1.,0.));
#8093=DIRECTION('',(0.,0.,1.));
#8094=DIRECTION('',(0.,-1.,0.));
#8095=DIRECTION('',(0.,0.,1.));
#8096=DIRECTION('',(-1.,0.,0.));
#8097=DIRECTION('',(0.,0.,-1.));
#8098=DIRECTION('',(1.,0.,0.));
#8099=DIRECTION('',(0.,0.,-1.));
#8100=DIRECTION('',(-1.,0.,0.));
#8101=DIRECTION('',(0.,0.,1.));
#8102=DIRECTION('',(0.,-1.,0.));
#8103=DIRECTION('',(0.,0.,1.));
#8104=DIRECTION('',(1.,0.,0.));
#8105=DIRECTION('',(0.,0.,1.));
#8106=DIRECTION('',(1.,0.,0.));
#8107=DIRECTION('',(0.,0.,1.));
#8108=DIRECTION('',(-1.,0.,0.));
#8109=DIRECTION('',(0.,0.,-1.));
#8110=DIRECTION('',(1.,0.,0.));
#8111=DIRECTION('',(0.,0.,1.));
#8112=DIRECTION('',(1.,0.,0.));
#8113=DIRECTION('',(0.,0.,-1.));
#8114=DIRECTION('',(-1.,0.,0.));
#8115=DIRECTION('',(0.,0.,-1.));
#8116=DIRECTION('',(0.,-1.,0.));
#8117=DIRECTION('',(0.,0.,-1.));
#8118=DIRECTION('',(-1.,6.244992267049E-11,0.));
#8119=DIRECTION('',(0.,0.,-1.));
#8120=DIRECTION('',(1.,0.,0.));
#8121=DIRECTION('',(1.41964306624498E-7,5.42816241019194E-8,-0.999999999999988));
#8122=DIRECTION('',(0.,0.,1.));
#8123=DIRECTION('',(1.,0.,0.));
#8124=DIRECTION('',(-5.34911996086019E-7,2.04528388734208E-7,0.999999999999836));
#8125=DIRECTION('',(0.,0.,1.));
#8126=DIRECTION('',(0.357142857142881,0.93404977361585,0.));
#8127=DIRECTION('',(0.,0.,1.));
#8128=DIRECTION('',(1.,0.,0.));
#8129=DIRECTION('',(1.495006470285E-14,1.,0.));
#8130=DIRECTION('',(1.559078176154E-14,-1.,0.));
#8131=DIRECTION('',(0.,0.,-1.));
#8132=DIRECTION('',(-0.2083333333333,0.978057882858799,0.));
#8133=DIRECTION('',(0.,0.,-1.));
#8134=DIRECTION('',(1.,0.,0.));
#8135=DIRECTION('',(0.,0.,1.));
#8136=DIRECTION('',(-1.,0.,0.));
#8137=DIRECTION('',(0.,0.,1.));
#8138=DIRECTION('',(0.,-1.,0.));
#8139=DIRECTION('',(0.,0.,1.));
#8140=DIRECTION('',(-1.,6.762933512497E-11,0.));
#8141=DIRECTION('',(0.,0.,-1.));
#8142=DIRECTION('',(1.,0.,0.));
#8143=DIRECTION('',(0.,0.,-1.));
#8144=DIRECTION('',(0.2083333333333,0.978057882858799,0.));
#8145=DIRECTION('',(0.,0.,1.));
#8146=DIRECTION('',(0.,0.,-1.));
#8147=DIRECTION('',(0.,0.,-1.));
#8148=DIRECTION('',(0.,-1.,0.));
#8149=DIRECTION('',(-1.,4.27816930977471E-17,4.3807832545617E-17));
#8150=DIRECTION('',(6.10895210523087E-17,0.698130112578447,0.71597091135828));
#8151=DIRECTION('',(0.,0.,-1.));
#8152=DIRECTION('',(0.,-1.,0.));
#8153=DIRECTION('',(1.,-4.27816930977471E-17,-4.3807832545617E-17));
#8154=DIRECTION('',(6.10895213824733E-17,0.699225617705605,0.714901066962566));
#8155=DIRECTION('',(-1.,0.,0.));
#8156=DIRECTION('',(0.,-1.,0.));
#8157=DIRECTION('',(0.999999787386424,-0.000446372172946202,0.000475372475378754));
#8158=DIRECTION('',(0.000652092386785885,0.682706859157201,-0.730692082367962));
#8159=DIRECTION('',(2.37823790530694E-7,0.999999999999972,-8.96406356746675E-14));
#8160=DIRECTION('',(0.,0.,1.));
#8161=DIRECTION('',(0.,-1.,0.));
#8162=DIRECTION('',(-0.999999766520235,0.000468680466449269,-0.000497290755271156));
#8163=DIRECTION('',(0.000683342538393596,0.687527817905611,-0.726157718852402));
#8164=DIRECTION('',(0.,0.,1.));
#8165=DIRECTION('',(0.,-1.,0.));
#8166=DIRECTION('',(1.,0.,0.));
#8167=DIRECTION('',(0.,1.,0.));
#8168=DIRECTION('',(5.58766189650999E-8,1.,-8.96408169270199E-14));
#8169=DIRECTION('',(0.,0.,-1.));
#8170=DIRECTION('',(1.,0.,0.));
#8171=DIRECTION('',(0.,0.,1.));
#8172=DIRECTION('',(1.,0.,0.));
#8173=DIRECTION('',(0.,0.,1.));
#8174=DIRECTION('',(1.,0.,0.));
#8175=DIRECTION('',(0.,0.,1.));
#8176=DIRECTION('',(-1.,0.,0.));
#8177=DIRECTION('',(0.,0.,-1.));
#8178=DIRECTION('',(1.,0.,0.));
#8179=DIRECTION('',(0.,0.,1.));
#8180=DIRECTION('',(1.,0.,0.));
#8181=DIRECTION('',(0.,0.,-1.));
#8182=DIRECTION('',(-1.,0.,0.));
#8183=DIRECTION('',(0.,0.,-1.));
#8184=DIRECTION('',(0.,-1.,0.));
#8185=DIRECTION('',(0.,0.,-1.));
#8186=DIRECTION('',(-1.,6.244992267049E-11,0.));
#8187=DIRECTION('',(0.,0.,-1.));
#8188=DIRECTION('',(1.,0.,0.));
#8189=DIRECTION('',(1.41964306624498E-7,5.42816241019194E-8,-0.999999999999988));
#8190=DIRECTION('',(0.,0.,1.));
#8191=DIRECTION('',(1.,0.,0.));
#8192=DIRECTION('',(-5.34911996086019E-7,2.04528388734208E-7,0.999999999999836));
#8193=DIRECTION('',(0.,0.,1.));
#8194=DIRECTION('',(0.357142857142881,0.93404977361585,0.));
#8195=DIRECTION('',(0.,0.,1.));
#8196=DIRECTION('',(1.,0.,0.));
#8197=DIRECTION('',(1.495006470285E-14,1.,0.));
#8198=DIRECTION('',(1.559078176154E-14,-1.,0.));
#8199=DIRECTION('',(0.,0.,-1.));
#8200=DIRECTION('',(-0.2083333333333,0.978057882858799,0.));
#8201=DIRECTION('',(0.,0.,-1.));
#8202=DIRECTION('',(1.,0.,0.));
#8203=DIRECTION('',(0.,0.,1.));
#8204=DIRECTION('',(-1.,0.,0.));
#8205=DIRECTION('',(0.,0.,1.));
#8206=DIRECTION('',(0.,-1.,0.));
#8207=DIRECTION('',(0.,0.,1.));
#8208=DIRECTION('',(-1.,6.762933512497E-11,0.));
#8209=DIRECTION('',(0.,0.,-1.));
#8210=DIRECTION('',(1.,0.,0.));
#8211=DIRECTION('',(0.,0.,-1.));
#8212=DIRECTION('',(0.2083333333333,0.978057882858799,0.));
#8213=DIRECTION('',(0.,0.,1.));
#8214=DIRECTION('',(0.,0.,-1.));
#8215=DIRECTION('',(0.,0.,-1.));
#8216=DIRECTION('',(0.,-1.,0.));
#8217=DIRECTION('',(-1.,4.27816930977471E-17,4.3807832545617E-17));
#8218=DIRECTION('',(6.10895210523087E-17,0.698130112578447,0.71597091135828));
#8219=DIRECTION('',(0.,0.,-1.));
#8220=DIRECTION('',(0.,-1.,0.));
#8221=DIRECTION('',(1.,-4.27816930977471E-17,-4.3807832545617E-17));
#8222=DIRECTION('',(6.10895213824733E-17,0.699225617705605,0.714901066962566));
#8223=DIRECTION('',(-1.,0.,0.));
#8224=DIRECTION('',(0.,-1.,0.));
#8225=DIRECTION('',(0.999999787386424,-0.000446372172946202,0.000475372475378754));
#8226=DIRECTION('',(0.000652092386785885,0.682706859157201,-0.730692082367962));
#8227=DIRECTION('',(2.37823790530694E-7,0.999999999999972,-8.96406356746675E-14));
#8228=DIRECTION('',(0.,0.,1.));
#8229=DIRECTION('',(0.,-1.,0.));
#8230=DIRECTION('',(-0.999999766520235,0.000468680466449269,-0.000497290755271156));
#8231=DIRECTION('',(0.000683342538393596,0.687527817905611,-0.726157718852402));
#8232=DIRECTION('',(0.,0.,1.));
#8233=DIRECTION('',(0.,-1.,0.));
#8234=DIRECTION('',(1.,0.,0.));
#8235=DIRECTION('',(0.,1.,0.));
#8236=DIRECTION('',(5.58766189650999E-8,1.,-8.96408169270199E-14));
#8237=DIRECTION('',(0.,0.,-1.));
#8238=DIRECTION('',(1.,0.,0.));
#8239=DIRECTION('',(0.,0.,1.));
#8240=DIRECTION('',(1.,0.,0.));
#8241=DIRECTION('',(0.,0.,1.));
#8242=DIRECTION('',(1.,0.,0.));
#8243=DIRECTION('',(0.,0.,1.));
#8244=DIRECTION('',(-1.,0.,0.));
#8245=DIRECTION('',(0.,0.,-1.));
#8246=DIRECTION('',(1.,0.,0.));
#8247=DIRECTION('',(0.,0.,1.));
#8248=DIRECTION('',(1.,0.,0.));
#8249=DIRECTION('',(0.,0.,-1.));
#8250=DIRECTION('',(-1.,0.,0.));
#8251=DIRECTION('',(0.,0.,-1.));
#8252=DIRECTION('',(0.,-1.,0.));
#8253=DIRECTION('',(0.,0.,-1.));
#8254=DIRECTION('',(-1.,6.244992267049E-11,0.));
#8255=DIRECTION('',(0.,0.,-1.));
#8256=DIRECTION('',(1.,0.,0.));
#8257=DIRECTION('',(1.41964306624498E-7,5.42816241019194E-8,-0.999999999999988));
#8258=DIRECTION('',(0.,0.,1.));
#8259=DIRECTION('',(1.,0.,0.));
#8260=DIRECTION('',(-5.34911996086019E-7,2.04528388734208E-7,0.999999999999836));
#8261=DIRECTION('',(0.,0.,1.));
#8262=DIRECTION('',(0.357142857142881,0.93404977361585,0.));
#8263=DIRECTION('',(0.,0.,1.));
#8264=DIRECTION('',(1.,0.,0.));
#8265=DIRECTION('',(1.495006470285E-14,1.,0.));
#8266=DIRECTION('',(1.559078176154E-14,-1.,0.));
#8267=DIRECTION('',(0.,0.,-1.));
#8268=DIRECTION('',(-0.2083333333333,0.978057882858799,0.));
#8269=DIRECTION('',(0.,0.,-1.));
#8270=DIRECTION('',(1.,0.,0.));
#8271=DIRECTION('',(0.,0.,1.));
#8272=DIRECTION('',(-1.,0.,0.));
#8273=DIRECTION('',(0.,0.,1.));
#8274=DIRECTION('',(0.,-1.,0.));
#8275=DIRECTION('',(0.,0.,1.));
#8276=DIRECTION('',(-1.,6.762933512497E-11,0.));
#8277=DIRECTION('',(0.,0.,-1.));
#8278=DIRECTION('',(1.,0.,0.));
#8279=DIRECTION('',(0.,0.,-1.));
#8280=DIRECTION('',(0.2083333333333,0.978057882858799,0.));
#8281=DIRECTION('',(0.,0.,1.));
#8282=DIRECTION('',(0.,0.,-1.));
#8283=DIRECTION('',(0.,0.,-1.));
#8284=DIRECTION('',(0.,-1.,0.));
#8285=DIRECTION('',(-1.,4.27816930977471E-17,4.3807832545617E-17));
#8286=DIRECTION('',(6.10895210523087E-17,0.698130112578447,0.71597091135828));
#8287=DIRECTION('',(0.,0.,-1.));
#8288=DIRECTION('',(0.,-1.,0.));
#8289=DIRECTION('',(1.,-4.27816930977471E-17,-4.3807832545617E-17));
#8290=DIRECTION('',(6.10895213824733E-17,0.699225617705605,0.714901066962566));
#8291=DIRECTION('',(-1.,0.,0.));
#8292=DIRECTION('',(0.,-1.,0.));
#8293=DIRECTION('',(0.999999787386424,-0.000446372172946202,0.000475372475378754));
#8294=DIRECTION('',(0.000652092386785885,0.682706859157201,-0.730692082367962));
#8295=DIRECTION('',(2.37823790530694E-7,0.999999999999972,-8.96406356746675E-14));
#8296=DIRECTION('',(0.,0.,1.));
#8297=DIRECTION('',(0.,-1.,0.));
#8298=DIRECTION('',(-0.999999766520235,0.000468680466449269,-0.000497290755271156));
#8299=DIRECTION('',(0.000683342538393596,0.687527817905611,-0.726157718852402));
#8300=DIRECTION('',(0.,0.,1.));
#8301=DIRECTION('',(0.,-1.,0.));
#8302=DIRECTION('',(1.,0.,0.));
#8303=DIRECTION('',(0.,1.,0.));
#8304=DIRECTION('',(5.58766189650999E-8,1.,-8.96408169270199E-14));
#8305=DIRECTION('',(0.,0.,-1.));
#8306=DIRECTION('',(1.,0.,0.));
#8307=DIRECTION('',(0.,0.,1.));
#8308=DIRECTION('',(1.,0.,0.));
#8309=DIRECTION('',(0.,0.,1.));
#8310=DIRECTION('',(1.,0.,0.));
#8311=DIRECTION('',(0.,0.,1.));
#8312=DIRECTION('',(-1.,0.,0.));
#8313=DIRECTION('',(0.,0.,-1.));
#8314=DIRECTION('',(1.,0.,0.));
#8315=DIRECTION('',(0.,0.,1.));
#8316=DIRECTION('',(1.,0.,0.));
#8317=DIRECTION('',(0.,0.,-1.));
#8318=DIRECTION('',(-1.,0.,0.));
#8319=DIRECTION('',(0.,0.,-1.));
#8320=DIRECTION('',(0.,-1.,0.));
#8321=DIRECTION('',(0.,0.,-1.));
#8322=DIRECTION('',(-1.,6.244992267049E-11,0.));
#8323=DIRECTION('',(0.,0.,-1.));
#8324=DIRECTION('',(1.,0.,0.));
#8325=DIRECTION('',(1.41964306624498E-7,5.42816241019194E-8,-0.999999999999988));
#8326=DIRECTION('',(0.,0.,1.));
#8327=DIRECTION('',(1.,0.,0.));
#8328=DIRECTION('',(-5.34911996086019E-7,2.04528388734208E-7,0.999999999999836));
#8329=DIRECTION('',(0.,0.,1.));
#8330=DIRECTION('',(0.357142857142881,0.93404977361585,0.));
#8331=DIRECTION('',(0.,0.,1.));
#8332=DIRECTION('',(1.,0.,0.));
#8333=DIRECTION('',(1.495006470285E-14,1.,0.));
#8334=DIRECTION('',(1.559078176154E-14,-1.,0.));
#8335=DIRECTION('',(0.,0.,-1.));
#8336=DIRECTION('',(-0.2083333333333,0.978057882858799,0.));
#8337=DIRECTION('',(0.,0.,-1.));
#8338=DIRECTION('',(1.,0.,0.));
#8339=DIRECTION('',(0.,0.,1.));
#8340=DIRECTION('',(-1.,0.,0.));
#8341=DIRECTION('',(0.,0.,1.));
#8342=DIRECTION('',(0.,-1.,0.));
#8343=DIRECTION('',(0.,0.,1.));
#8344=DIRECTION('',(-1.,6.762933512497E-11,0.));
#8345=DIRECTION('',(0.,0.,-1.));
#8346=DIRECTION('',(1.,0.,0.));
#8347=DIRECTION('',(0.,0.,-1.));
#8348=DIRECTION('',(0.2083333333333,0.978057882858799,0.));
#8349=DIRECTION('',(0.,0.,1.));
#8350=DIRECTION('',(0.,0.,-1.));
#8351=DIRECTION('',(0.,0.,-1.));
#8352=DIRECTION('',(0.,-1.,0.));
#8353=DIRECTION('',(-1.,4.27816930977471E-17,4.3807832545617E-17));
#8354=DIRECTION('',(6.10895210523087E-17,0.698130112578447,0.71597091135828));
#8355=DIRECTION('',(0.,0.,-1.));
#8356=DIRECTION('',(0.,-1.,0.));
#8357=DIRECTION('',(1.,-4.27816930977471E-17,-4.3807832545617E-17));
#8358=DIRECTION('',(6.10895213824733E-17,0.699225617705605,0.714901066962566));
#8359=DIRECTION('',(-1.,0.,0.));
#8360=DIRECTION('',(0.,-1.,0.));
#8361=DIRECTION('',(0.999999787386424,-0.000446372172946202,0.000475372475378754));
#8362=DIRECTION('',(0.000652092386785885,0.682706859157201,-0.730692082367962));
#8363=DIRECTION('',(2.37823790530694E-7,0.999999999999972,-8.96406356746675E-14));
#8364=DIRECTION('',(0.,0.,1.));
#8365=DIRECTION('',(0.,-1.,0.));
#8366=DIRECTION('',(-0.999999766520235,0.000468680466449269,-0.000497290755271156));
#8367=DIRECTION('',(0.000683342538393596,0.687527817905611,-0.726157718852402));
#8368=DIRECTION('',(0.,0.,1.));
#8369=DIRECTION('',(0.,-1.,0.));
#8370=DIRECTION('',(1.,0.,0.));
#8371=DIRECTION('',(0.,1.,0.));
#8372=DIRECTION('',(5.58766189650999E-8,1.,-8.96408169270199E-14));
#8373=DIRECTION('',(0.,0.,-1.));
#8374=DIRECTION('',(1.,0.,0.));
#8375=DIRECTION('',(0.,0.,1.));
#8376=DIRECTION('',(1.,0.,0.));
#8377=DIRECTION('',(0.,0.,-1.));
#8378=DIRECTION('',(-1.,0.,0.));
#8379=DIRECTION('',(0.,0.,-1.));
#8380=DIRECTION('',(1.,0.,0.));
#8381=DIRECTION('',(0.,0.,1.));
#8382=DIRECTION('',(-1.,0.,0.));
#8383=DIRECTION('',(0.,0.,-1.));
#8384=DIRECTION('',(-1.,0.,0.));
#8385=DIRECTION('',(0.,0.,1.));
#8386=DIRECTION('',(1.,0.,0.));
#8387=DIRECTION('',(0.,0.,1.));
#8388=DIRECTION('',(0.,-1.,0.));
#8389=DIRECTION('',(0.,0.,1.));
#8390=DIRECTION('',(1.,6.244992267049E-11,0.));
#8391=DIRECTION('',(0.,0.,1.));
#8392=DIRECTION('',(-1.,0.,0.));
#8393=DIRECTION('',(-1.41964306624498E-7,5.42816241019194E-8,0.999999999999988));
#8394=DIRECTION('',(0.,0.,-1.));
#8395=DIRECTION('',(-1.,0.,0.));
#8396=DIRECTION('',(5.34911996086019E-7,2.04528388734208E-7,-0.999999999999836));
#8397=DIRECTION('',(0.,0.,-1.));
#8398=DIRECTION('',(-0.357142857142881,0.93404977361585,0.));
#8399=DIRECTION('',(0.,0.,-1.));
#8400=DIRECTION('',(-1.,0.,0.));
#8401=DIRECTION('',(-1.495006470285E-14,1.,0.));
#8402=DIRECTION('',(-1.559078176154E-14,-1.,0.));
#8403=DIRECTION('',(0.,0.,1.));
#8404=DIRECTION('',(0.2083333333333,0.978057882858799,0.));
#8405=DIRECTION('',(0.,0.,1.));
#8406=DIRECTION('',(-1.,0.,0.));
#8407=DIRECTION('',(0.,0.,-1.));
#8408=DIRECTION('',(1.,0.,0.));
#8409=DIRECTION('',(0.,0.,-1.));
#8410=DIRECTION('',(0.,-1.,0.));
#8411=DIRECTION('',(0.,0.,-1.));
#8412=DIRECTION('',(1.,6.762933512497E-11,0.));
#8413=DIRECTION('',(0.,0.,1.));
#8414=DIRECTION('',(-1.,0.,0.));
#8415=DIRECTION('',(0.,0.,1.));
#8416=DIRECTION('',(-0.2083333333333,0.978057882858799,0.));
#8417=DIRECTION('',(0.,0.,-1.));
#8418=DIRECTION('',(0.,0.,1.));
#8419=DIRECTION('',(0.,0.,1.));
#8420=DIRECTION('',(0.,-1.,0.));
#8421=DIRECTION('',(1.,4.27816930977471E-17,-4.3807832545617E-17));
#8422=DIRECTION('',(-6.10895210523087E-17,0.698130112578447,-0.71597091135828));
#8423=DIRECTION('',(0.,0.,1.));
#8424=DIRECTION('',(0.,-1.,0.));
#8425=DIRECTION('',(-1.,-4.27816930977471E-17,4.3807832545617E-17));
#8426=DIRECTION('',(-6.10895213824733E-17,0.699225617705605,-0.714901066962566));
#8427=DIRECTION('',(1.,0.,0.));
#8428=DIRECTION('',(0.,-1.,0.));
#8429=DIRECTION('',(-0.999999787386424,-0.000446372172946202,-0.000475372475378754));
#8430=DIRECTION('',(-0.000652092386785885,0.682706859157201,0.730692082367962));
#8431=DIRECTION('',(-2.37823790530694E-7,0.999999999999972,8.96406356746675E-14));
#8432=DIRECTION('',(0.,0.,-1.));
#8433=DIRECTION('',(0.,-1.,0.));
#8434=DIRECTION('',(0.999999766520235,0.000468680466449269,0.000497290755271156));
#8435=DIRECTION('',(-0.000683342538393596,0.687527817905611,0.726157718852402));
#8436=DIRECTION('',(0.,0.,-1.));
#8437=DIRECTION('',(0.,-1.,0.));
#8438=DIRECTION('',(-1.,0.,0.));
#8439=DIRECTION('',(0.,1.,0.));
#8440=DIRECTION('',(-5.58766189650999E-8,1.,8.96408169270199E-14));
#8441=DIRECTION('',(0.,0.,1.));
#8442=DIRECTION('',(-1.,0.,0.));
#8443=DIRECTION('',(0.,0.,1.));
#8444=DIRECTION('',(1.,0.,0.));
#8445=DIRECTION('',(0.,0.,-1.));
#8446=DIRECTION('',(-1.,0.,0.));
#8447=DIRECTION('',(0.,0.,-1.));
#8448=DIRECTION('',(1.,0.,0.));
#8449=DIRECTION('',(0.,0.,1.));
#8450=DIRECTION('',(-1.,0.,0.));
#8451=DIRECTION('',(0.,0.,-1.));
#8452=DIRECTION('',(-1.,0.,0.));
#8453=DIRECTION('',(0.,0.,1.));
#8454=DIRECTION('',(1.,0.,0.));
#8455=DIRECTION('',(0.,0.,1.));
#8456=DIRECTION('',(0.,-1.,0.));
#8457=DIRECTION('',(0.,0.,1.));
#8458=DIRECTION('',(1.,6.244992267049E-11,0.));
#8459=DIRECTION('',(0.,0.,1.));
#8460=DIRECTION('',(-1.,0.,0.));
#8461=DIRECTION('',(-1.41964306624498E-7,5.42816241019194E-8,0.999999999999988));
#8462=DIRECTION('',(0.,0.,-1.));
#8463=DIRECTION('',(-1.,0.,0.));
#8464=DIRECTION('',(5.34911996086019E-7,2.04528388734208E-7,-0.999999999999836));
#8465=DIRECTION('',(0.,0.,-1.));
#8466=DIRECTION('',(-0.357142857142881,0.93404977361585,0.));
#8467=DIRECTION('',(0.,0.,-1.));
#8468=DIRECTION('',(-1.,0.,0.));
#8469=DIRECTION('',(-1.495006470285E-14,1.,0.));
#8470=DIRECTION('',(-1.559078176154E-14,-1.,0.));
#8471=DIRECTION('',(0.,0.,1.));
#8472=DIRECTION('',(0.2083333333333,0.978057882858799,0.));
#8473=DIRECTION('',(0.,0.,1.));
#8474=DIRECTION('',(-1.,0.,0.));
#8475=DIRECTION('',(0.,0.,-1.));
#8476=DIRECTION('',(1.,0.,0.));
#8477=DIRECTION('',(0.,0.,-1.));
#8478=DIRECTION('',(0.,-1.,0.));
#8479=DIRECTION('',(0.,0.,-1.));
#8480=DIRECTION('',(1.,6.762933512497E-11,0.));
#8481=DIRECTION('',(0.,0.,1.));
#8482=DIRECTION('',(-1.,0.,0.));
#8483=DIRECTION('',(0.,0.,1.));
#8484=DIRECTION('',(-0.2083333333333,0.978057882858799,0.));
#8485=DIRECTION('',(0.,0.,-1.));
#8486=DIRECTION('',(0.,0.,1.));
#8487=DIRECTION('',(0.,0.,1.));
#8488=DIRECTION('',(0.,-1.,0.));
#8489=DIRECTION('',(1.,4.27816930977471E-17,-4.3807832545617E-17));
#8490=DIRECTION('',(-6.10895210523087E-17,0.698130112578447,-0.71597091135828));
#8491=DIRECTION('',(0.,0.,1.));
#8492=DIRECTION('',(0.,-1.,0.));
#8493=DIRECTION('',(-1.,-4.27816930977471E-17,4.3807832545617E-17));
#8494=DIRECTION('',(-6.10895213824733E-17,0.699225617705605,-0.714901066962566));
#8495=DIRECTION('',(1.,0.,0.));
#8496=DIRECTION('',(0.,-1.,0.));
#8497=DIRECTION('',(-0.999999787386424,-0.000446372172946202,-0.000475372475378754));
#8498=DIRECTION('',(-0.000652092386785885,0.682706859157201,0.730692082367962));
#8499=DIRECTION('',(-2.37823790530694E-7,0.999999999999972,8.96406356746675E-14));
#8500=DIRECTION('',(0.,0.,-1.));
#8501=DIRECTION('',(0.,-1.,0.));
#8502=DIRECTION('',(0.999999766520235,0.000468680466449269,0.000497290755271156));
#8503=DIRECTION('',(-0.000683342538393596,0.687527817905611,0.726157718852402));
#8504=DIRECTION('',(0.,0.,-1.));
#8505=DIRECTION('',(0.,-1.,0.));
#8506=DIRECTION('',(-1.,0.,0.));
#8507=DIRECTION('',(0.,1.,0.));
#8508=DIRECTION('',(-5.58766189650999E-8,1.,8.96408169270199E-14));
#8509=DIRECTION('',(0.,0.,1.));
#8510=DIRECTION('',(-1.,0.,0.));
#8511=DIRECTION('',(0.,0.,1.));
#8512=DIRECTION('',(1.,0.,0.));
#8513=DIRECTION('',(0.,0.,-1.));
#8514=DIRECTION('',(-1.,0.,0.));
#8515=DIRECTION('',(0.,0.,-1.));
#8516=DIRECTION('',(1.,0.,0.));
#8517=DIRECTION('',(0.,0.,1.));
#8518=DIRECTION('',(-1.,0.,0.));
#8519=DIRECTION('',(0.,0.,-1.));
#8520=DIRECTION('',(-1.,0.,0.));
#8521=DIRECTION('',(0.,0.,1.));
#8522=DIRECTION('',(1.,0.,0.));
#8523=DIRECTION('',(0.,0.,1.));
#8524=DIRECTION('',(0.,-1.,0.));
#8525=DIRECTION('',(0.,0.,1.));
#8526=DIRECTION('',(1.,6.244992267049E-11,0.));
#8527=DIRECTION('',(0.,0.,1.));
#8528=DIRECTION('',(-1.,0.,0.));
#8529=DIRECTION('',(-1.41964306624498E-7,5.42816241019194E-8,0.999999999999988));
#8530=DIRECTION('',(0.,0.,-1.));
#8531=DIRECTION('',(-1.,0.,0.));
#8532=DIRECTION('',(5.34911996086019E-7,2.04528388734208E-7,-0.999999999999836));
#8533=DIRECTION('',(0.,0.,-1.));
#8534=DIRECTION('',(-0.357142857142881,0.93404977361585,0.));
#8535=DIRECTION('',(0.,0.,-1.));
#8536=DIRECTION('',(-1.,0.,0.));
#8537=DIRECTION('',(-1.495006470285E-14,1.,0.));
#8538=DIRECTION('',(-1.559078176154E-14,-1.,0.));
#8539=DIRECTION('',(0.,0.,1.));
#8540=DIRECTION('',(0.2083333333333,0.978057882858799,0.));
#8541=DIRECTION('',(0.,0.,1.));
#8542=DIRECTION('',(-1.,0.,0.));
#8543=DIRECTION('',(0.,0.,-1.));
#8544=DIRECTION('',(1.,0.,0.));
#8545=DIRECTION('',(0.,0.,-1.));
#8546=DIRECTION('',(0.,-1.,0.));
#8547=DIRECTION('',(0.,0.,-1.));
#8548=DIRECTION('',(1.,6.762933512497E-11,0.));
#8549=DIRECTION('',(0.,0.,1.));
#8550=DIRECTION('',(-1.,0.,0.));
#8551=DIRECTION('',(0.,0.,1.));
#8552=DIRECTION('',(-0.2083333333333,0.978057882858799,0.));
#8553=DIRECTION('',(0.,0.,-1.));
#8554=DIRECTION('',(0.,0.,1.));
#8555=DIRECTION('',(0.,0.,1.));
#8556=DIRECTION('',(0.,-1.,0.));
#8557=DIRECTION('',(1.,4.27816930977471E-17,-4.3807832545617E-17));
#8558=DIRECTION('',(-6.10895210523087E-17,0.698130112578447,-0.71597091135828));
#8559=DIRECTION('',(0.,0.,1.));
#8560=DIRECTION('',(0.,-1.,0.));
#8561=DIRECTION('',(-1.,-4.27816930977471E-17,4.3807832545617E-17));
#8562=DIRECTION('',(-6.10895213824733E-17,0.699225617705605,-0.714901066962566));
#8563=DIRECTION('',(1.,0.,0.));
#8564=DIRECTION('',(0.,-1.,0.));
#8565=DIRECTION('',(-0.999999787386424,-0.000446372172946202,-0.000475372475378754));
#8566=DIRECTION('',(-0.000652092386785885,0.682706859157201,0.730692082367962));
#8567=DIRECTION('',(-2.37823790530694E-7,0.999999999999972,8.96406356746675E-14));
#8568=DIRECTION('',(0.,0.,-1.));
#8569=DIRECTION('',(0.,-1.,0.));
#8570=DIRECTION('',(0.999999766520235,0.000468680466449269,0.000497290755271156));
#8571=DIRECTION('',(-0.000683342538393596,0.687527817905611,0.726157718852402));
#8572=DIRECTION('',(0.,0.,-1.));
#8573=DIRECTION('',(0.,-1.,0.));
#8574=DIRECTION('',(-1.,0.,0.));
#8575=DIRECTION('',(0.,1.,0.));
#8576=DIRECTION('',(-5.58766189650999E-8,1.,8.96408169270199E-14));
#8577=DIRECTION('',(0.,0.,1.));
#8578=DIRECTION('',(-1.,0.,0.));
#8579=DIRECTION('',(0.,0.,1.));
#8580=DIRECTION('',(1.,0.,0.));
#8581=DIRECTION('',(0.,0.,-1.));
#8582=DIRECTION('',(-1.,0.,0.));
#8583=DIRECTION('',(0.,0.,-1.));
#8584=DIRECTION('',(1.,0.,0.));
#8585=DIRECTION('',(0.,0.,1.));
#8586=DIRECTION('',(-1.,0.,0.));
#8587=DIRECTION('',(0.,0.,-1.));
#8588=DIRECTION('',(-1.,0.,0.));
#8589=DIRECTION('',(0.,0.,1.));
#8590=DIRECTION('',(1.,0.,0.));
#8591=DIRECTION('',(0.,0.,1.));
#8592=DIRECTION('',(0.,-1.,0.));
#8593=DIRECTION('',(0.,0.,1.));
#8594=DIRECTION('',(1.,6.244992267049E-11,0.));
#8595=DIRECTION('',(0.,0.,1.));
#8596=DIRECTION('',(-1.,0.,0.));
#8597=DIRECTION('',(-1.41964306624498E-7,5.42816241019194E-8,0.999999999999988));
#8598=DIRECTION('',(0.,0.,-1.));
#8599=DIRECTION('',(-1.,0.,0.));
#8600=DIRECTION('',(5.34911996086019E-7,2.04528388734208E-7,-0.999999999999836));
#8601=DIRECTION('',(0.,0.,-1.));
#8602=DIRECTION('',(-0.357142857142881,0.93404977361585,0.));
#8603=DIRECTION('',(0.,0.,-1.));
#8604=DIRECTION('',(-1.,0.,0.));
#8605=DIRECTION('',(-1.495006470285E-14,1.,0.));
#8606=DIRECTION('',(-1.559078176154E-14,-1.,0.));
#8607=DIRECTION('',(0.,0.,1.));
#8608=DIRECTION('',(0.2083333333333,0.978057882858799,0.));
#8609=DIRECTION('',(0.,0.,1.));
#8610=DIRECTION('',(-1.,0.,0.));
#8611=DIRECTION('',(0.,0.,-1.));
#8612=DIRECTION('',(1.,0.,0.));
#8613=DIRECTION('',(0.,0.,-1.));
#8614=DIRECTION('',(0.,-1.,0.));
#8615=DIRECTION('',(0.,0.,-1.));
#8616=DIRECTION('',(1.,6.762933512497E-11,0.));
#8617=DIRECTION('',(0.,0.,1.));
#8618=DIRECTION('',(-1.,0.,0.));
#8619=DIRECTION('',(0.,0.,1.));
#8620=DIRECTION('',(-0.2083333333333,0.978057882858799,0.));
#8621=DIRECTION('',(0.,0.,-1.));
#8622=DIRECTION('',(0.,0.,1.));
#8623=DIRECTION('',(0.,0.,1.));
#8624=DIRECTION('',(0.,-1.,0.));
#8625=DIRECTION('',(1.,4.27816930977471E-17,-4.3807832545617E-17));
#8626=DIRECTION('',(-6.10895210523087E-17,0.698130112578447,-0.71597091135828));
#8627=DIRECTION('',(0.,0.,1.));
#8628=DIRECTION('',(0.,-1.,0.));
#8629=DIRECTION('',(-1.,-4.27816930977471E-17,4.3807832545617E-17));
#8630=DIRECTION('',(-6.10895213824733E-17,0.699225617705605,-0.714901066962566));
#8631=DIRECTION('',(1.,0.,0.));
#8632=DIRECTION('',(0.,-1.,0.));
#8633=DIRECTION('',(-0.999999787386424,-0.000446372172946202,-0.000475372475378754));
#8634=DIRECTION('',(-0.000652092386785885,0.682706859157201,0.730692082367962));
#8635=DIRECTION('',(-2.37823790530694E-7,0.999999999999972,8.96406356746675E-14));
#8636=DIRECTION('',(0.,0.,-1.));
#8637=DIRECTION('',(0.,-1.,0.));
#8638=DIRECTION('',(0.999999766520235,0.000468680466449269,0.000497290755271156));
#8639=DIRECTION('',(-0.000683342538393596,0.687527817905611,0.726157718852402));
#8640=DIRECTION('',(0.,0.,-1.));
#8641=DIRECTION('',(0.,-1.,0.));
#8642=DIRECTION('',(-1.,0.,0.));
#8643=DIRECTION('',(0.,1.,0.));
#8644=DIRECTION('',(-5.58766189650999E-8,1.,8.96408169270199E-14));
#8645=DIRECTION('',(0.,0.,1.));
#8646=DIRECTION('',(-1.,0.,0.));
#8647=CARTESIAN_POINT('',(0.,0.,0.));
#8648=CARTESIAN_POINT('',(0.,0.,-0.016));
#8649=CARTESIAN_POINT('',(0.0024,0.00945,-0.016));
#8650=CARTESIAN_POINT('',(0.0024,0.00945,-0.016));
#8651=CARTESIAN_POINT('',(0.0024,0.00945,-0.017));
#8652=CARTESIAN_POINT('',(0.,0.,-0.017));
#8653=CARTESIAN_POINT('',(0.001964688270439,0.00955,-0.017));
#8654=CARTESIAN_POINT('',(0.001964688270439,0.00955,-0.016));
#8655=CARTESIAN_POINT('',(0.001964688270439,0.00955,-0.016));
#8656=CARTESIAN_POINT('',(0.,0.,-0.016));
#8657=CARTESIAN_POINT('',(0.,0.,-0.016));
#8658=CARTESIAN_POINT('',(-0.001964688270439,0.00955,-0.016));
#8659=CARTESIAN_POINT('',(-0.001964688270439,0.00955,-0.016));
#8660=CARTESIAN_POINT('',(-0.001964688270439,0.00955,-0.017));
#8661=CARTESIAN_POINT('',(0.,0.,-0.017));
#8662=CARTESIAN_POINT('',(-0.0024,0.00945,-0.017));
#8663=CARTESIAN_POINT('',(-0.0024,0.00945,-0.016));
#8664=CARTESIAN_POINT('',(-0.0024,0.00945,-0.016));
#8665=CARTESIAN_POINT('',(0.,0.,-0.016));
#8666=CARTESIAN_POINT('',(0.,0.,0.0234));
#8667=CARTESIAN_POINT('',(0.,0.,0.0234));
#8668=CARTESIAN_POINT('',(-0.002099999999998,0.,0.0234));
#8669=CARTESIAN_POINT('',(0.,0.,0.023325));
#8670=CARTESIAN_POINT('',(0.,0.,0.02325));
#8671=CARTESIAN_POINT('',(-0.002249999999998,1.06346434416205E-11,0.02325));
#8672=CARTESIAN_POINT('',(0.,0.,0.0209));
#8673=CARTESIAN_POINT('',(0.,0.,0.0209));
#8674=CARTESIAN_POINT('',(-0.00225,0.,0.0209));
#8675=CARTESIAN_POINT('',(0.,0.,0.0209));
#8676=CARTESIAN_POINT('',(0.,0.,0.0209));
#8677=CARTESIAN_POINT('',(0.,0.003799999999998,0.0209));
#8678=CARTESIAN_POINT('',(0.,0.,0.0208));
#8679=CARTESIAN_POINT('',(0.,0.,0.0207));
#8680=CARTESIAN_POINT('',(-2.70176641195465E-12,0.003999999999998,0.0207));
#8681=CARTESIAN_POINT('',(0.,0.,0.02135));
#8682=CARTESIAN_POINT('',(0.,0.,0.019));
#8683=CARTESIAN_POINT('',(0.,0.004,0.019));
#8684=CARTESIAN_POINT('',(0.,0.,0.017));
#8685=CARTESIAN_POINT('',(0.005656854249492,0.005656854249492,0.017));
#8686=CARTESIAN_POINT('',(0.00509116882454276,0.00622253967444124,0.017));
#8687=CARTESIAN_POINT('',(0.005656854249492,0.005656854249492,0.01639527708002));
#8688=CARTESIAN_POINT('',(0.005656854249492,0.005656854249492,0.0187));
#8689=CARTESIAN_POINT('',(0.00509116882454276,0.00622253967444124,0.0187));
#8690=CARTESIAN_POINT('',(0.005656854249492,0.005656854249492,0.01885));
#8691=CARTESIAN_POINT('',(0.005656854249492,0.005656854249492,0.019));
#8692=CARTESIAN_POINT('',(0.0064346717087972,0.0048790367901868,0.019));
#8693=CARTESIAN_POINT('',(0.,0.,0.017));
#8694=CARTESIAN_POINT('',(0.008,0.,0.017));
#8695=CARTESIAN_POINT('',(0.008,0.0008,0.017));
#8696=CARTESIAN_POINT('',(0.008,0.,0.01639527708002));
#8697=CARTESIAN_POINT('',(0.008,0.,0.0187));
#8698=CARTESIAN_POINT('',(0.008,0.0008,0.0187));
#8699=CARTESIAN_POINT('',(0.008,0.,0.01885));
#8700=CARTESIAN_POINT('',(0.008,0.,0.019));
#8701=CARTESIAN_POINT('',(0.008,-0.0011,0.019));
#8702=CARTESIAN_POINT('',(0.,0.,0.017));
#8703=CARTESIAN_POINT('',(0.005656854249492,-0.005656854249492,0.017));
#8704=CARTESIAN_POINT('',(0.00622253967444124,-0.00509116882454276,0.017));
#8705=CARTESIAN_POINT('',(0.005656854249492,-0.005656854249492,0.01639527708002));
#8706=CARTESIAN_POINT('',(0.005656854249492,-0.005656854249492,0.0187));
#8707=CARTESIAN_POINT('',(0.00622253967444124,-0.00509116882454276,0.0187));
#8708=CARTESIAN_POINT('',(0.005656854249492,-0.005656854249492,0.01885));
#8709=CARTESIAN_POINT('',(0.005656854249492,-0.005656854249492,0.019));
#8710=CARTESIAN_POINT('',(0.0048790367901868,-0.0064346717087972,0.019));
#8711=CARTESIAN_POINT('',(0.,0.,0.017));
#8712=CARTESIAN_POINT('',(0.,-0.008,0.017));
#8713=CARTESIAN_POINT('',(0.0008,-0.008,0.017));
#8714=CARTESIAN_POINT('',(0.,-0.008,0.01639527708002));
#8715=CARTESIAN_POINT('',(0.,-0.008,0.0187));
#8716=CARTESIAN_POINT('',(0.0008,-0.008,0.0187));
#8717=CARTESIAN_POINT('',(0.,-0.008,0.01885));
#8718=CARTESIAN_POINT('',(0.,-0.008,0.019));
#8719=CARTESIAN_POINT('',(-0.0011,-0.008,0.019));
#8720=CARTESIAN_POINT('',(0.,0.,0.017));
#8721=CARTESIAN_POINT('',(-0.005656854249492,-0.005656854249492,0.017));
#8722=CARTESIAN_POINT('',(-0.00509116882454276,-0.00622253967444124,0.017));
#8723=CARTESIAN_POINT('',(-0.005656854249492,-0.005656854249492,0.01639527708002));
#8724=CARTESIAN_POINT('',(-0.005656854249492,-0.005656854249492,0.0187));
#8725=CARTESIAN_POINT('',(-0.00509116882454276,-0.00622253967444124,0.0187));
#8726=CARTESIAN_POINT('',(-0.005656854249492,-0.005656854249492,0.01885));
#8727=CARTESIAN_POINT('',(-0.005656854249492,-0.005656854249492,0.019));
#8728=CARTESIAN_POINT('',(-0.0064346717087972,-0.0048790367901868,0.019));
#8729=CARTESIAN_POINT('',(0.,0.,0.017));
#8730=CARTESIAN_POINT('',(-0.008,0.,0.017));
#8731=CARTESIAN_POINT('',(-0.008,-0.0008,0.017));
#8732=CARTESIAN_POINT('',(-0.008,0.,0.01639527708002));
#8733=CARTESIAN_POINT('',(-0.008,0.,0.0187));
#8734=CARTESIAN_POINT('',(-0.008,-0.0008,0.0187));
#8735=CARTESIAN_POINT('',(-0.008,0.,0.01885));
#8736=CARTESIAN_POINT('',(-0.008,0.,0.019));
#8737=CARTESIAN_POINT('',(-0.008,0.0011,0.019));
#8738=CARTESIAN_POINT('',(0.,0.,0.017));
#8739=CARTESIAN_POINT('',(-0.005656854249492,0.005656854249492,0.017));
#8740=CARTESIAN_POINT('',(-0.00622253967444124,0.00509116882454276,0.017));
#8741=CARTESIAN_POINT('',(-0.005656854249492,0.005656854249492,0.01639527708002));
#8742=CARTESIAN_POINT('',(-0.005656854249492,0.005656854249492,0.0187));
#8743=CARTESIAN_POINT('',(-0.00622253967444124,0.00509116882454276,0.0187));
#8744=CARTESIAN_POINT('',(-0.005656854249492,0.005656854249492,0.01885));
#8745=CARTESIAN_POINT('',(-0.005656854249492,0.005656854249492,0.019));
#8746=CARTESIAN_POINT('',(-0.0048790367901868,0.0064346717087972,0.019));
#8747=CARTESIAN_POINT('',(0.,0.,0.017));
#8748=CARTESIAN_POINT('',(0.,0.008,0.017));
#8749=CARTESIAN_POINT('',(-0.0008,0.008,0.017));
#8750=CARTESIAN_POINT('',(0.,0.008,0.01639527708002));
#8751=CARTESIAN_POINT('',(0.,0.008,0.0187));
#8752=CARTESIAN_POINT('',(-0.0008,0.008,0.0187));
#8753=CARTESIAN_POINT('',(0.,0.008,0.01885));
#8754=CARTESIAN_POINT('',(0.,0.008,0.019));
#8755=CARTESIAN_POINT('',(0.0011,0.008,0.019));
#8756=CARTESIAN_POINT('',(0.,0.,0.019));
#8757=CARTESIAN_POINT('',(0.,0.,0.019));
#8758=CARTESIAN_POINT('',(0.,0.009549999999999,0.019));
#8759=CARTESIAN_POINT('',(0.,0.,0.0189));
#8760=CARTESIAN_POINT('',(0.,0.,0.0188));
#8761=CARTESIAN_POINT('',(1.76982875522974E-12,0.009749999999999,0.0188));
#8762=CARTESIAN_POINT('',(0.,0.,-0.016));
#8763=CARTESIAN_POINT('',(0.,0.,0.017));
#8764=CARTESIAN_POINT('',(0.,0.00975,0.017));
#8765=CARTESIAN_POINT('',(0.011,0.008,0.001213406708632));
#8766=CARTESIAN_POINT('',(0.011,0.008,0.0008841178654966));
#8767=CARTESIAN_POINT('',(0.011,0.008,0.0015));
#8768=CARTESIAN_POINT('',(0.012025,0.008,0.0015));
#8769=CARTESIAN_POINT('',(0.011,0.008,0.0004283237587716));
#8770=CARTESIAN_POINT('',(0.011,0.008,0.009675));
#8771=CARTESIAN_POINT('',(0.012025,0.008,0.009675));
#8772=CARTESIAN_POINT('',(0.011,0.008,0.0098375));
#8773=CARTESIAN_POINT('',(0.011,0.008,0.01));
#8774=CARTESIAN_POINT('',(0.00965,0.008,0.01));
#8775=CARTESIAN_POINT('',(-0.011,-0.032,0.01));
#8776=CARTESIAN_POINT('',(0.011,0.008,0.01));
#8777=CARTESIAN_POINT('',(0.0097,0.008,0.01));
#8778=CARTESIAN_POINT('',(0.011,0.008,-0.017));
#8779=CARTESIAN_POINT('',(0.011,0.008,0.0142));
#8780=CARTESIAN_POINT('',(0.0097,0.008,0.0142));
#8781=CARTESIAN_POINT('',(0.,0.,0.0142));
#8782=CARTESIAN_POINT('',(0.011,0.008,0.0142));
#8783=CARTESIAN_POINT('',(0.0086,0.008,0.0142));
#8784=CARTESIAN_POINT('',(0.011,0.008,0.017));
#8785=CARTESIAN_POINT('',(0.011,0.008,0.017));
#8786=CARTESIAN_POINT('',(0.0086,0.008,0.017));
#8787=CARTESIAN_POINT('',(0.,0.,0.014));
#8788=CARTESIAN_POINT('',(-0.011,-0.008,0.014));
#8789=CARTESIAN_POINT('',(-0.012025,-0.008,0.014));
#8790=CARTESIAN_POINT('',(-0.011,-0.008,0.01267832375877));
#8791=CARTESIAN_POINT('',(-0.011,-0.008,0.016675));
#8792=CARTESIAN_POINT('',(-0.012025,-0.008,0.016675));
#8793=CARTESIAN_POINT('',(-0.011,-0.008,0.0168375));
#8794=CARTESIAN_POINT('',(-0.011,-0.008,0.017));
#8795=CARTESIAN_POINT('',(-0.00965,-0.008,0.017));
#8796=CARTESIAN_POINT('',(0.,0.,0.014));
#8797=CARTESIAN_POINT('',(0.011,-0.008,0.014));
#8798=CARTESIAN_POINT('',(0.009975,-0.008,0.014));
#8799=CARTESIAN_POINT('',(0.011,-0.008,0.01267832375877));
#8800=CARTESIAN_POINT('',(0.011,-0.008,0.016675));
#8801=CARTESIAN_POINT('',(0.009975,-0.008,0.016675));
#8802=CARTESIAN_POINT('',(0.011,-0.008,0.0168375));
#8803=CARTESIAN_POINT('',(0.011,-0.008,0.017));
#8804=CARTESIAN_POINT('',(0.01235,-0.008,0.017));
#8805=CARTESIAN_POINT('',(-0.011,-0.032,0.001213406708632));
#8806=CARTESIAN_POINT('',(-0.011,-0.032,0.0008841178654966));
#8807=CARTESIAN_POINT('',(-0.011,-0.032,0.0015));
#8808=CARTESIAN_POINT('',(-0.009975,-0.032,0.0015));
#8809=CARTESIAN_POINT('',(-0.011,-0.032,0.0004283237587716));
#8810=CARTESIAN_POINT('',(-0.011,-0.032,0.009675));
#8811=CARTESIAN_POINT('',(-0.009975,-0.032,0.009675));
#8812=CARTESIAN_POINT('',(-0.011,-0.032,0.0098375));
#8813=CARTESIAN_POINT('',(-0.011,-0.032,0.01));
#8814=CARTESIAN_POINT('',(-0.01235,-0.032,0.01));
#8815=CARTESIAN_POINT('',(-0.011,-0.032,0.01));
#8816=CARTESIAN_POINT('',(-0.011,-0.032,0.01));
#8817=CARTESIAN_POINT('',(-0.0123,-0.032,0.01));
#8818=CARTESIAN_POINT('',(-0.011,-0.032,-0.017));
#8819=CARTESIAN_POINT('',(-0.011,-0.032,0.0142));
#8820=CARTESIAN_POINT('',(-0.0123,-0.032,0.0142));
#8821=CARTESIAN_POINT('',(0.,0.,0.0142));
#8822=CARTESIAN_POINT('',(-0.011,-0.032,0.0142));
#8823=CARTESIAN_POINT('',(-0.0134,-0.032,0.0142));
#8824=CARTESIAN_POINT('',(-0.011,-0.032,0.017));
#8825=CARTESIAN_POINT('',(-0.011,-0.032,0.017));
#8826=CARTESIAN_POINT('',(-0.0134,-0.032,0.017));
#8827=CARTESIAN_POINT('',(0.011,-0.032,0.001213406708632));
#8828=CARTESIAN_POINT('',(0.011,-0.032,0.0008841178654966));
#8829=CARTESIAN_POINT('',(0.011,-0.032,0.0015));
#8830=CARTESIAN_POINT('',(0.012025,-0.032,0.0015));
#8831=CARTESIAN_POINT('',(0.011,-0.032,0.0004283237587716));
#8832=CARTESIAN_POINT('',(0.011,-0.032,0.009675));
#8833=CARTESIAN_POINT('',(0.012025,-0.032,0.009675));
#8834=CARTESIAN_POINT('',(0.011,-0.032,0.0098375));
#8835=CARTESIAN_POINT('',(0.011,-0.032,0.01));
#8836=CARTESIAN_POINT('',(0.00965,-0.032,0.01));
#8837=CARTESIAN_POINT('',(-0.011,-0.032,0.01));
#8838=CARTESIAN_POINT('',(0.011,-0.032,0.01));
#8839=CARTESIAN_POINT('',(0.0097,-0.032,0.01));
#8840=CARTESIAN_POINT('',(0.011,-0.032,-0.017));
#8841=CARTESIAN_POINT('',(0.011,-0.032,0.0142));
#8842=CARTESIAN_POINT('',(0.0097,-0.032,0.0142));
#8843=CARTESIAN_POINT('',(0.,0.,0.0142));
#8844=CARTESIAN_POINT('',(0.011,-0.032,0.0142));
#8845=CARTESIAN_POINT('',(0.0086,-0.032,0.0142));
#8846=CARTESIAN_POINT('',(0.011,-0.032,0.017));
#8847=CARTESIAN_POINT('',(0.011,-0.032,0.017));
#8848=CARTESIAN_POINT('',(0.0086,-0.032,0.017));
#8849=CARTESIAN_POINT('',(-0.011,0.008,0.001213406708632));
#8850=CARTESIAN_POINT('',(-0.011,0.008,0.0008841178654966));
#8851=CARTESIAN_POINT('',(-0.011,0.008,0.0015));
#8852=CARTESIAN_POINT('',(-0.009975,0.008,0.0015));
#8853=CARTESIAN_POINT('',(-0.011,0.008,0.0004283237587716));
#8854=CARTESIAN_POINT('',(-0.011,0.008,0.009675));
#8855=CARTESIAN_POINT('',(-0.009975,0.008,0.009675));
#8856=CARTESIAN_POINT('',(-0.011,0.008,0.0098375));
#8857=CARTESIAN_POINT('',(-0.011,0.008,0.01));
#8858=CARTESIAN_POINT('',(-0.01235,0.008,0.01));
#8859=CARTESIAN_POINT('',(-0.011,-0.032,0.01));
#8860=CARTESIAN_POINT('',(-0.011,0.008,0.01));
#8861=CARTESIAN_POINT('',(-0.0123,0.008,0.01));
#8862=CARTESIAN_POINT('',(-0.011,0.008,-0.017));
#8863=CARTESIAN_POINT('',(-0.011,0.008,0.0142));
#8864=CARTESIAN_POINT('',(-0.0123,0.008,0.0142));
#8865=CARTESIAN_POINT('',(0.,0.,0.0142));
#8866=CARTESIAN_POINT('',(-0.011,0.008,0.0142));
#8867=CARTESIAN_POINT('',(-0.0134,0.008,0.0142));
#8868=CARTESIAN_POINT('',(-0.011,0.008,0.017));
#8869=CARTESIAN_POINT('',(-0.011,0.008,0.017));
#8870=CARTESIAN_POINT('',(-0.0134,0.008,0.017));
#8871=CARTESIAN_POINT('',(0.0035,0.01125,-0.017));
#8872=CARTESIAN_POINT('',(0.0035,0.00945,-0.017));
#8873=CARTESIAN_POINT('',(0.0035,0.00945,-0.017));
#8874=CARTESIAN_POINT('',(0.0035,0.0108500000000002,-0.017));
#8875=CARTESIAN_POINT('',(0.0035,0.00945,-0.0135));
#8876=CARTESIAN_POINT('',(0.0035,0.00945,-0.0135));
#8877=CARTESIAN_POINT('',(0.0035,0.00945,-0.0135));
#8878=CARTESIAN_POINT('',(0.0035,0.01125,-0.0135));
#8879=CARTESIAN_POINT('',(0.0035,0.01125,-0.0135));
#8880=CARTESIAN_POINT('',(0.0035,0.01125,-0.0166));
#8881=CARTESIAN_POINT('',(0.0035,0.01085,-0.017));
#8882=CARTESIAN_POINT('',(-0.007875,0.01105,-0.0168));
#8883=CARTESIAN_POINT('',(0.01208431457505,0.01085,-0.017));
#8884=CARTESIAN_POINT('',(0.01208431457505,0.01085,-0.017));
#8885=CARTESIAN_POINT('',(0.0122499999999998,0.0112500000000002,-0.0166));
#8886=CARTESIAN_POINT('',(0.01208431457505,0.01085,-0.017));
#8887=CARTESIAN_POINT('',(0.01225,0.01125,-0.0166));
#8888=CARTESIAN_POINT('',(0.01125,0.,0.));
#8889=CARTESIAN_POINT('',(0.01125,-0.004,-0.006));
#8890=CARTESIAN_POINT('',(0.01125,-0.005025,-0.006));
#8891=CARTESIAN_POINT('',(-0.01045332375877,-0.004,-0.006));
#8892=CARTESIAN_POINT('',(0.013925,-0.004,-0.006));
#8893=CARTESIAN_POINT('',(0.013925,-0.005025,-0.006));
#8894=CARTESIAN_POINT('',(0.0140875,-0.004,-0.006));
#8895=CARTESIAN_POINT('',(0.01425,-0.004,-0.006));
#8896=CARTESIAN_POINT('',(0.01425,-0.00265,-0.006));
#8897=CARTESIAN_POINT('',(0.01125,0.,0.));
#8898=CARTESIAN_POINT('',(0.01125,-0.028,0.006));
#8899=CARTESIAN_POINT('',(0.01125,-0.029025,0.006));
#8900=CARTESIAN_POINT('',(-0.01045332375877,-0.028,0.006));
#8901=CARTESIAN_POINT('',(0.013925,-0.028,0.006));
#8902=CARTESIAN_POINT('',(0.013925,-0.029025,0.006));
#8903=CARTESIAN_POINT('',(0.0140875,-0.028,0.006));
#8904=CARTESIAN_POINT('',(0.01425,-0.028,0.006));
#8905=CARTESIAN_POINT('',(0.01425,-0.02665,0.006));
#8906=CARTESIAN_POINT('',(0.01125,0.,0.));
#8907=CARTESIAN_POINT('',(0.01125,-0.028,-0.006));
#8908=CARTESIAN_POINT('',(0.01125,-0.029025,-0.006));
#8909=CARTESIAN_POINT('',(-0.01045332375877,-0.028,-0.006));
#8910=CARTESIAN_POINT('',(0.013925,-0.028,-0.006));
#8911=CARTESIAN_POINT('',(0.013925,-0.029025,-0.006));
#8912=CARTESIAN_POINT('',(0.0140875,-0.028,-0.006));
#8913=CARTESIAN_POINT('',(0.01425,-0.028,-0.006));
#8914=CARTESIAN_POINT('',(0.01425,-0.02665,-0.006));
#8915=CARTESIAN_POINT('',(0.01125,0.,0.));
#8916=CARTESIAN_POINT('',(0.01125,-0.004,0.006));
#8917=CARTESIAN_POINT('',(0.01125,-0.005025,0.006));
#8918=CARTESIAN_POINT('',(-0.01045332375877,-0.004,0.006));
#8919=CARTESIAN_POINT('',(0.013925,-0.004,0.006));
#8920=CARTESIAN_POINT('',(0.013925,-0.005025,0.006));
#8921=CARTESIAN_POINT('',(0.0140875,-0.004,0.006));
#8922=CARTESIAN_POINT('',(0.01425,-0.004,0.006));
#8923=CARTESIAN_POINT('',(0.01425,-0.00265,0.006));
#8924=CARTESIAN_POINT('',(0.011,-0.032,-0.001213406708632));
#8925=CARTESIAN_POINT('',(0.011,-0.032,-0.0008841178654966));
#8926=CARTESIAN_POINT('',(0.011,-0.032,-0.0015));
#8927=CARTESIAN_POINT('',(0.009975,-0.032,-0.0015));
#8928=CARTESIAN_POINT('',(0.011,-0.032,0.0004283237587716));
#8929=CARTESIAN_POINT('',(0.011,-0.032,-0.007675));
#8930=CARTESIAN_POINT('',(0.009975,-0.032,-0.007675));
#8931=CARTESIAN_POINT('',(0.011,-0.032,-0.0078375));
#8932=CARTESIAN_POINT('',(0.011,-0.032,-0.008));
#8933=CARTESIAN_POINT('',(0.01235,-0.032,-0.008));
#8934=CARTESIAN_POINT('',(-0.011,-0.032,-0.008));
#8935=CARTESIAN_POINT('',(0.011,-0.032,-0.008));
#8936=CARTESIAN_POINT('',(0.0123,-0.032,-0.008));
#8937=CARTESIAN_POINT('',(0.011,-0.032,-0.017));
#8938=CARTESIAN_POINT('',(0.011,-0.032,-0.0142));
#8939=CARTESIAN_POINT('',(0.0123,-0.032,-0.0142));
#8940=CARTESIAN_POINT('',(0.,0.,-0.0142));
#8941=CARTESIAN_POINT('',(0.011,-0.032,-0.0142));
#8942=CARTESIAN_POINT('',(0.0134,-0.032,-0.0142));
#8943=CARTESIAN_POINT('',(0.011,-0.032,0.017));
#8944=CARTESIAN_POINT('',(0.011,-0.032,-0.017));
#8945=CARTESIAN_POINT('',(0.0134,-0.032,-0.017));
#8946=CARTESIAN_POINT('',(-0.011,-0.032,-0.001213406708632));
#8947=CARTESIAN_POINT('',(-0.011,-0.032,-0.0008841178654966));
#8948=CARTESIAN_POINT('',(-0.011,-0.032,-0.0015));
#8949=CARTESIAN_POINT('',(-0.012025,-0.032,-0.0015));
#8950=CARTESIAN_POINT('',(-0.011,-0.032,0.0004283237587716));
#8951=CARTESIAN_POINT('',(-0.011,-0.032,-0.007675));
#8952=CARTESIAN_POINT('',(-0.012025,-0.032,-0.007675));
#8953=CARTESIAN_POINT('',(-0.011,-0.032,-0.0078375));
#8954=CARTESIAN_POINT('',(-0.011,-0.032,-0.008));
#8955=CARTESIAN_POINT('',(-0.00965,-0.032,-0.008));
#8956=CARTESIAN_POINT('',(-0.011,-0.032,-0.008));
#8957=CARTESIAN_POINT('',(-0.011,-0.032,-0.008));
#8958=CARTESIAN_POINT('',(-0.0097,-0.032,-0.008));
#8959=CARTESIAN_POINT('',(-0.011,-0.032,-0.017));
#8960=CARTESIAN_POINT('',(-0.011,-0.032,-0.0142));
#8961=CARTESIAN_POINT('',(-0.0097,-0.032,-0.0142));
#8962=CARTESIAN_POINT('',(0.,0.,-0.0142));
#8963=CARTESIAN_POINT('',(-0.011,-0.032,-0.0142));
#8964=CARTESIAN_POINT('',(-0.0086,-0.032,-0.0142));
#8965=CARTESIAN_POINT('',(-0.011,-0.032,0.017));
#8966=CARTESIAN_POINT('',(-0.011,-0.032,-0.017));
#8967=CARTESIAN_POINT('',(-0.0086,-0.032,-0.017));
#8968=CARTESIAN_POINT('',(0.00775,-0.01715,-0.0154));
#8969=CARTESIAN_POINT('',(0.0094,-0.0188,-0.017));
#8970=CARTESIAN_POINT('',(0.0094,-0.0188,-0.017));
#8971=CARTESIAN_POINT('',(0.0061,-0.0155,-0.017));
#8972=CARTESIAN_POINT('',(0.0061,-0.0155,-0.0138));
#8973=CARTESIAN_POINT('',(0.0061,-0.0155,-0.0138));
#8974=CARTESIAN_POINT('',(0.0061,-0.0155,-0.0138));
#8975=CARTESIAN_POINT('',(0.009,-0.0184,-0.0138));
#8976=CARTESIAN_POINT('',(0.0094,-0.0188,-0.0134));
#8977=CARTESIAN_POINT('',(0.0094,-0.0188,-0.0134));
#8978=CARTESIAN_POINT('',(0.0094,-0.0188,-0.0134));
#8979=CARTESIAN_POINT('',(-0.0094,-0.0155,-0.017));
#8980=CARTESIAN_POINT('',(0.0061,-0.0155,-0.0138));
#8981=CARTESIAN_POINT('',(-0.0061,-0.0155,-0.0138));
#8982=CARTESIAN_POINT('',(0.0061,-0.0155,-0.017));
#8983=CARTESIAN_POINT('',(-0.0061,-0.0155,-0.017));
#8984=CARTESIAN_POINT('',(-0.0061,-0.0155,-0.0138));
#8985=CARTESIAN_POINT('',(-0.00775,-0.01715,-0.0154));
#8986=CARTESIAN_POINT('',(-0.0061,-0.0155,-0.017));
#8987=CARTESIAN_POINT('',(-0.0094,-0.0188,-0.017));
#8988=CARTESIAN_POINT('',(-0.0094,-0.0188,-0.017));
#8989=CARTESIAN_POINT('',(-0.0094,-0.0188,-0.0134));
#8990=CARTESIAN_POINT('',(-0.009,-0.0184,-0.0138));
#8991=CARTESIAN_POINT('',(-0.009,-0.0184,-0.0138));
#8992=CARTESIAN_POINT('',(-0.009,-0.0184,-0.0138));
#8993=CARTESIAN_POINT('',(-0.01125,0.,0.));
#8994=CARTESIAN_POINT('',(-0.01125,-0.004,-0.006));
#8995=CARTESIAN_POINT('',(-0.01125,-0.002975,-0.006));
#8996=CARTESIAN_POINT('',(-0.01045332375877,-0.004,-0.006));
#8997=CARTESIAN_POINT('',(-0.013925,-0.004,-0.006));
#8998=CARTESIAN_POINT('',(-0.013925,-0.002975,-0.006));
#8999=CARTESIAN_POINT('',(-0.0140875,-0.004,-0.006));
#9000=CARTESIAN_POINT('',(-0.01425,-0.004,-0.006));
#9001=CARTESIAN_POINT('',(-0.01425,-0.00535,-0.006));
#9002=CARTESIAN_POINT('',(-0.01125,0.,0.));
#9003=CARTESIAN_POINT('',(-0.01125,-0.028,0.006));
#9004=CARTESIAN_POINT('',(-0.01125,-0.026975,0.006));
#9005=CARTESIAN_POINT('',(-0.01045332375877,-0.028,0.006));
#9006=CARTESIAN_POINT('',(-0.013925,-0.028,0.006));
#9007=CARTESIAN_POINT('',(-0.013925,-0.026975,0.006));
#9008=CARTESIAN_POINT('',(-0.0140875,-0.028,0.006));
#9009=CARTESIAN_POINT('',(-0.01425,-0.028,0.006));
#9010=CARTESIAN_POINT('',(-0.01425,-0.02935,0.006));
#9011=CARTESIAN_POINT('',(-0.01125,0.,0.));
#9012=CARTESIAN_POINT('',(-0.01125,-0.028,-0.006));
#9013=CARTESIAN_POINT('',(-0.01125,-0.026975,-0.006));
#9014=CARTESIAN_POINT('',(-0.01045332375877,-0.028,-0.006));
#9015=CARTESIAN_POINT('',(-0.013925,-0.028,-0.006));
#9016=CARTESIAN_POINT('',(-0.013925,-0.026975,-0.006));
#9017=CARTESIAN_POINT('',(-0.0140875,-0.028,-0.006));
#9018=CARTESIAN_POINT('',(-0.01425,-0.028,-0.006));
#9019=CARTESIAN_POINT('',(-0.01425,-0.02935,-0.006));
#9020=CARTESIAN_POINT('',(-0.01125,0.,0.));
#9021=CARTESIAN_POINT('',(-0.01125,-0.004,0.006));
#9022=CARTESIAN_POINT('',(-0.01125,-0.002975,0.006));
#9023=CARTESIAN_POINT('',(-0.01045332375877,-0.004,0.006));
#9024=CARTESIAN_POINT('',(-0.013925,-0.004,0.006));
#9025=CARTESIAN_POINT('',(-0.013925,-0.002975,0.006));
#9026=CARTESIAN_POINT('',(-0.0140875,-0.004,0.006));
#9027=CARTESIAN_POINT('',(-0.01425,-0.004,0.006));
#9028=CARTESIAN_POINT('',(-0.01425,-0.00535,0.006));
#9029=CARTESIAN_POINT('',(0.,-0.03225,0.));
#9030=CARTESIAN_POINT('',(0.008,-0.03225,0.006));
#9031=CARTESIAN_POINT('',(0.006975,-0.03225,0.006));
#9032=CARTESIAN_POINT('',(0.008,-0.03145332375877,0.006));
#9033=CARTESIAN_POINT('',(0.008,-0.034925,0.006));
#9034=CARTESIAN_POINT('',(0.006975,-0.034925,0.006));
#9035=CARTESIAN_POINT('',(0.008,-0.0350875,0.006));
#9036=CARTESIAN_POINT('',(0.008,-0.03525,0.006));
#9037=CARTESIAN_POINT('',(0.00935,-0.03525,0.006));
#9038=CARTESIAN_POINT('',(0.,-0.03225,0.));
#9039=CARTESIAN_POINT('',(-0.008,-0.03225,-0.006));
#9040=CARTESIAN_POINT('',(-0.009025,-0.03225,-0.006));
#9041=CARTESIAN_POINT('',(-0.008,-0.03145332375877,-0.006));
#9042=CARTESIAN_POINT('',(-0.008,-0.034925,-0.006));
#9043=CARTESIAN_POINT('',(-0.009025,-0.034925,-0.006));
#9044=CARTESIAN_POINT('',(-0.008,-0.0350875,-0.006));
#9045=CARTESIAN_POINT('',(-0.008,-0.03525,-0.006));
#9046=CARTESIAN_POINT('',(-0.00665,-0.03525,-0.006));
#9047=CARTESIAN_POINT('',(0.,-0.03225,0.));
#9048=CARTESIAN_POINT('',(0.008,-0.03225,-0.006));
#9049=CARTESIAN_POINT('',(0.006975,-0.03225,-0.006));
#9050=CARTESIAN_POINT('',(0.008,-0.03145332375877,-0.006));
#9051=CARTESIAN_POINT('',(0.008,-0.034925,-0.006));
#9052=CARTESIAN_POINT('',(0.006975,-0.034925,-0.006));
#9053=CARTESIAN_POINT('',(0.008,-0.0350875,-0.006));
#9054=CARTESIAN_POINT('',(0.008,-0.03525,-0.006));
#9055=CARTESIAN_POINT('',(0.00935,-0.03525,-0.006));
#9056=CARTESIAN_POINT('',(0.,-0.03225,0.));
#9057=CARTESIAN_POINT('',(-0.008,-0.03225,0.006));
#9058=CARTESIAN_POINT('',(-0.009025,-0.03225,0.006));
#9059=CARTESIAN_POINT('',(-0.008,-0.03145332375877,0.006));
#9060=CARTESIAN_POINT('',(-0.008,-0.034925,0.006));
#9061=CARTESIAN_POINT('',(-0.009025,-0.034925,0.006));
#9062=CARTESIAN_POINT('',(-0.008,-0.0350875,0.006));
#9063=CARTESIAN_POINT('',(-0.008,-0.03525,0.006));
#9064=CARTESIAN_POINT('',(-0.00665,-0.03525,0.006));
#9065=CARTESIAN_POINT('',(-0.0171,-0.021,-0.0138));
#9066=CARTESIAN_POINT('',(-0.01425,-0.021,-0.0166));
#9067=CARTESIAN_POINT('',(-0.01425,-0.021,-0.0166));
#9068=CARTESIAN_POINT('',(-0.01425,-0.021,-0.0085));
#9069=CARTESIAN_POINT('',(-0.01425,-0.021,-0.0085));
#9070=CARTESIAN_POINT('',(-0.0094,-0.021,-0.0085));
#9071=CARTESIAN_POINT('',(-0.0094,-0.021,-0.017));
#9072=CARTESIAN_POINT('',(-0.0094,-0.021,-0.017));
#9073=CARTESIAN_POINT('',(-0.0094,-0.021,-0.017));
#9074=CARTESIAN_POINT('',(-0.01385,-0.021,-0.017));
#9075=CARTESIAN_POINT('',(-0.01425,-0.021,-0.0166));
#9076=CARTESIAN_POINT('',(-0.01405,0.000625,-0.0168));
#9077=CARTESIAN_POINT('',(-0.01385,-0.021,-0.017));
#9078=CARTESIAN_POINT('',(-0.0138499999999996,-0.0330843145750504,-0.017));
#9079=CARTESIAN_POINT('',(-0.01385,-0.03308431457505,-0.017));
#9080=CARTESIAN_POINT('',(-0.01425,-0.03325,-0.0166));
#9081=CARTESIAN_POINT('',(-0.01425,-0.021,-0.0166));
#9082=CARTESIAN_POINT('',(-0.01310857864376,-0.03410857864376,-0.0168));
#9083=CARTESIAN_POINT('',(-0.01208431457505,-0.03485,-0.017));
#9084=CARTESIAN_POINT('',(-0.01208431457505,-0.03485,-0.017));
#9085=CARTESIAN_POINT('',(-0.01225,-0.03525,-0.0166));
#9086=CARTESIAN_POINT('',(-0.01425,-0.03325,-0.0166));
#9087=CARTESIAN_POINT('',(-0.01385,-0.03308431457505,-0.017));
#9088=CARTESIAN_POINT('',(3.552713678801E-17,-0.03505,-0.0168));
#9089=CARTESIAN_POINT('',(-0.01208431457505,-0.03485,-0.017));
#9090=CARTESIAN_POINT('',(0.01208431457505,-0.03485,-0.017));
#9091=CARTESIAN_POINT('',(0.01208431457505,-0.03485,-0.017));
#9092=CARTESIAN_POINT('',(0.01225,-0.03525,-0.0166));
#9093=CARTESIAN_POINT('',(-0.01225,-0.03525,-0.0166));
#9094=CARTESIAN_POINT('',(0.,-0.03505,0.0168));
#9095=CARTESIAN_POINT('',(0.01208431457505,-0.03485,0.017));
#9096=CARTESIAN_POINT('',(0.01208431457505,-0.03485,0.017));
#9097=CARTESIAN_POINT('',(0.01225,-0.03525,0.0166));
#9098=CARTESIAN_POINT('',(0.01208431457505,-0.03485,0.017));
#9099=CARTESIAN_POINT('',(-0.01208431457505,-0.03485,0.017));
#9100=CARTESIAN_POINT('',(-0.01208431457505,-0.03485,0.017));
#9101=CARTESIAN_POINT('',(-0.01225,-0.03525,0.0166));
#9102=CARTESIAN_POINT('',(0.01225,-0.03525,0.0166));
#9103=CARTESIAN_POINT('',(-0.01425,-0.03525,-0.017));
#9104=CARTESIAN_POINT('',(-0.01225,-0.03525,-0.0166));
#9105=CARTESIAN_POINT('',(0.01225,-0.03525,-0.0166));
#9106=CARTESIAN_POINT('',(-0.01325,-0.03425,-2.84217094304E-17));
#9107=CARTESIAN_POINT('',(-0.01425,-0.03325,-0.0166));
#9108=CARTESIAN_POINT('',(-0.01425,-0.03325,0.0166));
#9109=CARTESIAN_POINT('',(-0.01225,-0.03525,0.0166));
#9110=CARTESIAN_POINT('',(-0.01310857864376,-0.03410857864376,0.0168));
#9111=CARTESIAN_POINT('',(-0.01208431457505,-0.03485,0.017));
#9112=CARTESIAN_POINT('',(-0.01385,-0.03308431457505,0.017));
#9113=CARTESIAN_POINT('',(-0.01385,-0.03308431457505,0.017));
#9114=CARTESIAN_POINT('',(-0.01405,-0.012,0.0168));
#9115=CARTESIAN_POINT('',(-0.01385,-0.03308431457505,0.017));
#9116=CARTESIAN_POINT('',(-0.01385,0.00908431457505,0.017));
#9117=CARTESIAN_POINT('',(-0.01385,0.00908431457505,0.017));
#9118=CARTESIAN_POINT('',(-0.01425,0.00925,0.0166));
#9119=CARTESIAN_POINT('',(-0.01425,-0.03325,0.0166));
#9120=CARTESIAN_POINT('',(-0.01425,0.01125,-0.017));
#9121=CARTESIAN_POINT('',(-0.01425,0.00925,-0.0166));
#9122=CARTESIAN_POINT('',(-0.01425,0.00925,-0.0166));
#9123=CARTESIAN_POINT('',(-0.01425,0.00925,-0.0166));
#9124=CARTESIAN_POINT('',(-0.01425,-0.008,-0.0166));
#9125=CARTESIAN_POINT('',(-0.01425,-0.008,-0.0085));
#9126=CARTESIAN_POINT('',(-0.01425,-0.008,-0.0085));
#9127=CARTESIAN_POINT('',(-0.01425,-0.008,-0.0085));
#9128=CARTESIAN_POINT('',(0.,0.,-0.0085));
#9129=CARTESIAN_POINT('',(-0.0094,-0.008,-0.0085));
#9130=CARTESIAN_POINT('',(-0.0094,-0.008,-0.0085));
#9131=CARTESIAN_POINT('',(-0.0094,-0.021,-0.0085));
#9132=CARTESIAN_POINT('',(-0.0094,-0.008,-0.017));
#9133=CARTESIAN_POINT('',(-0.0094,-0.0188,-0.017));
#9134=CARTESIAN_POINT('',(-0.0094,-0.008,-0.0085));
#9135=CARTESIAN_POINT('',(-0.0094,-0.008,-0.0134));
#9136=CARTESIAN_POINT('',(-0.0094,-0.008,-0.0134));
#9137=CARTESIAN_POINT('',(-0.0092,-0.0132,-0.0136));
#9138=CARTESIAN_POINT('',(-0.0094,-0.008,-0.0134));
#9139=CARTESIAN_POINT('',(-0.009,-0.008,-0.0138));
#9140=CARTESIAN_POINT('',(-0.009,-0.008,-0.0138));
#9141=CARTESIAN_POINT('',(-0.0171,-0.008,-0.0138));
#9142=CARTESIAN_POINT('',(0.009,-0.008,-0.0138));
#9143=CARTESIAN_POINT('',(0.009,-0.008,-0.0138));
#9144=CARTESIAN_POINT('',(0.009,-0.0184,-0.0138));
#9145=CARTESIAN_POINT('',(0.0092,-0.0132,-0.0136));
#9146=CARTESIAN_POINT('',(0.009,-0.008,-0.0138));
#9147=CARTESIAN_POINT('',(0.0094,-0.008,-0.0134));
#9148=CARTESIAN_POINT('',(0.0094,-0.0188,-0.0134));
#9149=CARTESIAN_POINT('',(0.0094,-0.021,-0.017));
#9150=CARTESIAN_POINT('',(0.0094,-0.008,-0.0085));
#9151=CARTESIAN_POINT('',(0.0094,-0.008,-0.0085));
#9152=CARTESIAN_POINT('',(0.0094,-0.008,-0.0085));
#9153=CARTESIAN_POINT('',(0.0094,-0.021,-0.0085));
#9154=CARTESIAN_POINT('',(0.0094,-0.021,-0.0085));
#9155=CARTESIAN_POINT('',(0.0094,-0.021,-0.017));
#9156=CARTESIAN_POINT('',(0.0094,-0.021,-0.017));
#9157=CARTESIAN_POINT('',(0.,0.,-0.0085));
#9158=CARTESIAN_POINT('',(0.0094,-0.021,-0.0085));
#9159=CARTESIAN_POINT('',(0.01425,-0.021,-0.0085));
#9160=CARTESIAN_POINT('',(0.01425,-0.008,-0.0085));
#9161=CARTESIAN_POINT('',(0.01425,-0.008,-0.0085));
#9162=CARTESIAN_POINT('',(0.01425,-0.008,-0.0085));
#9163=CARTESIAN_POINT('',(-0.0171,-0.021,-0.0138));
#9164=CARTESIAN_POINT('',(0.01385,-0.021,-0.017));
#9165=CARTESIAN_POINT('',(0.0138500000000002,-0.021,-0.017));
#9166=CARTESIAN_POINT('',(0.01425,-0.021,-0.0085));
#9167=CARTESIAN_POINT('',(0.01425,-0.021,-0.0166));
#9168=CARTESIAN_POINT('',(0.01385,-0.021,-0.017));
#9169=CARTESIAN_POINT('',(0.01405,0.000625,-0.0168));
#9170=CARTESIAN_POINT('',(0.01425,-0.03325,-0.0166));
#9171=CARTESIAN_POINT('',(0.0142500000000002,-0.03325,-0.0166));
#9172=CARTESIAN_POINT('',(0.01385,-0.03308431457505,-0.017));
#9173=CARTESIAN_POINT('',(0.01385,-0.03308431457505,-0.017));
#9174=CARTESIAN_POINT('',(0.01385,-0.03308431457505,-0.017));
#9175=CARTESIAN_POINT('',(0.,0.,-0.017));
#9176=CARTESIAN_POINT('',(0.01208431457505,-0.03485,-0.017));
#9177=CARTESIAN_POINT('',(0.01310857864376,-0.03410857864376,-0.0168));
#9178=CARTESIAN_POINT('',(0.01225,-0.03525,-0.0166));
#9179=CARTESIAN_POINT('',(0.01325,-0.03425,-2.84217094304E-17));
#9180=CARTESIAN_POINT('',(0.01425,-0.03325,-0.0166));
#9181=CARTESIAN_POINT('',(0.01425,-0.03325,0.0166));
#9182=CARTESIAN_POINT('',(0.01425,-0.03325,0.0166));
#9183=CARTESIAN_POINT('',(0.01310857864376,-0.03410857864376,0.0168));
#9184=CARTESIAN_POINT('',(0.01385,-0.03308431457505,0.017));
#9185=CARTESIAN_POINT('',(0.01385,-0.03308431457505,0.017));
#9186=CARTESIAN_POINT('',(0.01385,-0.03308431457505,0.017));
#9187=CARTESIAN_POINT('',(0.01405,-0.012,0.0168));
#9188=CARTESIAN_POINT('',(0.01385,0.00908431457505,0.017));
#9189=CARTESIAN_POINT('',(0.01385,0.00908431457505,0.017));
#9190=CARTESIAN_POINT('',(0.01425,0.00925,0.0166));
#9191=CARTESIAN_POINT('',(0.01385,0.00908431457505,0.017));
#9192=CARTESIAN_POINT('',(0.01425,0.00925,0.0166));
#9193=CARTESIAN_POINT('',(0.01425,-0.03525,-0.017));
#9194=CARTESIAN_POINT('',(0.01425,-0.008,-0.0166));
#9195=CARTESIAN_POINT('',(0.01425,-0.008,-0.0166));
#9196=CARTESIAN_POINT('',(0.01425,-0.008,-0.0166));
#9197=CARTESIAN_POINT('',(0.01425,0.00925,-0.0166));
#9198=CARTESIAN_POINT('',(0.01425,0.00925,-0.0166));
#9199=CARTESIAN_POINT('',(0.01405,0.000625,-0.0168));
#9200=CARTESIAN_POINT('',(0.01385,-0.008,-0.017));
#9201=CARTESIAN_POINT('',(0.01385,-0.008,-0.017));
#9202=CARTESIAN_POINT('',(0.01385,0.00908431457505,-0.017));
#9203=CARTESIAN_POINT('',(0.01385,0.00908431457505,-0.017));
#9204=CARTESIAN_POINT('',(0.01425,-0.008,-0.0166));
#9205=CARTESIAN_POINT('',(0.01310857864376,0.01010857864376,-0.0168));
#9206=CARTESIAN_POINT('',(0.01425,0.00925,-0.0166));
#9207=CARTESIAN_POINT('',(0.01385,0.00908431457505,-0.017));
#9208=CARTESIAN_POINT('',(0.01325,0.01025,-2.84217094304E-17));
#9209=CARTESIAN_POINT('',(0.01225,0.01125,-0.0166));
#9210=CARTESIAN_POINT('',(0.01225,0.01125,0.0166));
#9211=CARTESIAN_POINT('',(0.01225,0.01125,0.0166));
#9212=CARTESIAN_POINT('',(0.01310857864376,0.01010857864376,0.0168));
#9213=CARTESIAN_POINT('',(0.01208431457505,0.01085,0.017));
#9214=CARTESIAN_POINT('',(0.01208431457505,0.01085,0.017));
#9215=CARTESIAN_POINT('',(0.01208431457505,0.01085,0.017));
#9216=CARTESIAN_POINT('',(2.13162820728E-17,0.01105,0.0168));
#9217=CARTESIAN_POINT('',(-0.01208431457505,0.01085,0.017));
#9218=CARTESIAN_POINT('',(-0.01208431457505,0.01085,0.017));
#9219=CARTESIAN_POINT('',(-0.01225,0.01125,0.0166));
#9220=CARTESIAN_POINT('',(-0.01208431457505,0.01085,0.017));
#9221=CARTESIAN_POINT('',(-0.01225,0.01125,0.0166));
#9222=CARTESIAN_POINT('',(0.,0.,0.017));
#9223=CARTESIAN_POINT('',(-0.01385,0.00908431457505,0.017));
#9224=CARTESIAN_POINT('',(-0.01310857864376,0.01010857864376,0.0168));
#9225=CARTESIAN_POINT('',(-0.01425,0.00925,0.0166));
#9226=CARTESIAN_POINT('',(-0.01325,0.01025,-2.84217094304E-17));
#9227=CARTESIAN_POINT('',(-0.01225,0.01125,-0.0166));
#9228=CARTESIAN_POINT('',(-0.01225,0.01125,-0.0166));
#9229=CARTESIAN_POINT('',(-0.01225,0.01125,-0.0166));
#9230=CARTESIAN_POINT('',(-0.01310857864376,0.01010857864376,-0.0168));
#9231=CARTESIAN_POINT('',(-0.01208431457505,0.01085,-0.017));
#9232=CARTESIAN_POINT('',(-0.01208431457505,0.01085,-0.017));
#9233=CARTESIAN_POINT('',(-0.01208431457505,0.01085,-0.017));
#9234=CARTESIAN_POINT('',(-0.01385,0.00908431457505,-0.017));
#9235=CARTESIAN_POINT('',(-0.01385,0.00908431457505,-0.017));
#9236=CARTESIAN_POINT('',(-0.01405,0.000625,-0.0168));
#9237=CARTESIAN_POINT('',(-0.01385,0.00908431457505,-0.017));
#9238=CARTESIAN_POINT('',(-0.01385,-0.008,-0.017));
#9239=CARTESIAN_POINT('',(-0.01385,-0.008,-0.017));
#9240=CARTESIAN_POINT('',(0.00565,-0.007005533527148,-0.017));
#9241=CARTESIAN_POINT('',(0.00565,-0.008,-0.016));
#9242=CARTESIAN_POINT('',(0.00565,-0.008,-0.016));
#9243=CARTESIAN_POINT('',(0.00565,-0.008,-0.017));
#9244=CARTESIAN_POINT('',(0.00565,-0.008,-0.016));
#9245=CARTESIAN_POINT('',(0.00565,-0.00794606821012772,-0.016));
#9246=CARTESIAN_POINT('',(0.00565,-0.007946068210128,-0.016));
#9247=CARTESIAN_POINT('',(0.0056499999999999,-0.00794606821012786,-0.017));
#9248=CARTESIAN_POINT('',(0.00565,-0.008,-0.017));
#9249=CARTESIAN_POINT('',(0.,0.,-0.016));
#9250=CARTESIAN_POINT('',(0.00565,-0.008,-0.016));
#9251=CARTESIAN_POINT('',(0.00557337420240199,-0.008,-0.016));
#9252=CARTESIAN_POINT('',(0.,0.,-0.016));
#9253=CARTESIAN_POINT('',(-0.00565,-0.008,-0.017));
#9254=CARTESIAN_POINT('',(-0.00565,-0.007946068210128,-0.016));
#9255=CARTESIAN_POINT('',(-0.00565,-0.00794606821012772,-0.016));
#9256=CARTESIAN_POINT('',(-0.0056499999999999,-0.00794606821012786,-0.017));
#9257=CARTESIAN_POINT('',(-0.00565,-0.007946068210128,-0.016));
#9258=CARTESIAN_POINT('',(-0.00565,-0.008,-0.016));
#9259=CARTESIAN_POINT('',(-0.00565,-0.008,-0.016));
#9260=CARTESIAN_POINT('',(-0.00565,-0.008,-0.017));
#9261=CARTESIAN_POINT('',(-0.00565,-0.007946068210128,-0.017));
#9262=CARTESIAN_POINT('',(0.,0.,-0.016));
#9263=CARTESIAN_POINT('',(-0.005573374202402,-0.008,-0.016));
#9264=CARTESIAN_POINT('',(-0.00557337420240199,-0.008,-0.016));
#9265=CARTESIAN_POINT('',(0.,0.,-0.016));
#9266=CARTESIAN_POINT('',(-0.0171,-0.008,-0.017));
#9267=CARTESIAN_POINT('',(0.01385,-0.008,-0.017));
#9268=CARTESIAN_POINT('',(-0.00565,-0.008,-0.017));
#9269=CARTESIAN_POINT('',(-0.005573374202402,-0.008,-0.016));
#9270=CARTESIAN_POINT('',(0.,0.,-0.016));
#9271=CARTESIAN_POINT('',(0.0024,0.00945,-0.016));
#9272=CARTESIAN_POINT('',(0.001964688270439,0.00955,-0.016));
#9273=CARTESIAN_POINT('',(0.,0.,-0.016));
#9274=CARTESIAN_POINT('',(0.,0.,-0.016));
#9275=CARTESIAN_POINT('',(0.0035,0.00945,-0.017));
#9276=CARTESIAN_POINT('',(-0.0035,0.00945,-0.0135));
#9277=CARTESIAN_POINT('',(-0.0035,0.00945,-0.0135));
#9278=CARTESIAN_POINT('',(-0.0035,0.00945,-0.017));
#9279=CARTESIAN_POINT('',(-0.0035,0.00945,-0.0135));
#9280=CARTESIAN_POINT('',(0.0024,0.00945,-0.017));
#9281=CARTESIAN_POINT('',(-0.0035,0.00945,-0.017));
#9282=CARTESIAN_POINT('',(0.,0.,-0.0135));
#9283=CARTESIAN_POINT('',(-0.0035,0.01125,-0.0135));
#9284=CARTESIAN_POINT('',(-0.0035,0.01125,-0.0135));
#9285=CARTESIAN_POINT('',(0.0035,0.01125,-0.0135));
#9286=CARTESIAN_POINT('',(0.0034,0.01125,-0.0135));
#9287=CARTESIAN_POINT('',(0.0034,0.00955,-0.0136));
#9288=CARTESIAN_POINT('',(0.0034,0.00955,-0.0136));
#9289=CARTESIAN_POINT('',(0.0034,0.00955,-0.017));
#9290=CARTESIAN_POINT('',(0.0034,0.0108,-0.017));
#9291=CARTESIAN_POINT('',(0.0034,0.0108,-0.017));
#9292=CARTESIAN_POINT('',(0.0034,0.0108,-0.017));
#9293=CARTESIAN_POINT('',(0.0034,0.01125,-0.01655));
#9294=CARTESIAN_POINT('',(0.0034,0.01125,-0.0136));
#9295=CARTESIAN_POINT('',(0.0034,0.01125,-0.0136));
#9296=CARTESIAN_POINT('',(0.0034,0.01125,-0.0136));
#9297=CARTESIAN_POINT('',(-1.06581410364E-17,0.011025,-0.016775));
#9298=CARTESIAN_POINT('',(-0.0034,0.0108,-0.017));
#9299=CARTESIAN_POINT('',(-0.0034,0.0108,-0.017));
#9300=CARTESIAN_POINT('',(-0.0034,0.01125,-0.01655));
#9301=CARTESIAN_POINT('',(-0.0034,0.01125,-0.01655));
#9302=CARTESIAN_POINT('',(-0.0034,0.01125,-0.01655));
#9303=CARTESIAN_POINT('',(-0.0034,0.00955,-0.0135));
#9304=CARTESIAN_POINT('',(-0.0034,0.01125,-0.0136));
#9305=CARTESIAN_POINT('',(-0.0034,0.01125,-0.0136));
#9306=CARTESIAN_POINT('',(-0.0034,0.00955,-0.017));
#9307=CARTESIAN_POINT('',(-0.0034,0.00955,-0.017));
#9308=CARTESIAN_POINT('',(-0.0034,0.00955,-0.0136));
#9309=CARTESIAN_POINT('',(-0.0034,0.00955,-0.0136));
#9310=CARTESIAN_POINT('',(-0.0034,0.00955,-0.0136));
#9311=CARTESIAN_POINT('',(0.008,0.00825,0.006));
#9312=CARTESIAN_POINT('',(-0.008,0.00825,0.006));
#9313=CARTESIAN_POINT('',(-0.006975,0.00825,0.006));
#9314=CARTESIAN_POINT('',(-0.008,-0.03145332375877,0.006));
#9315=CARTESIAN_POINT('',(-0.008,0.010925,0.006));
#9316=CARTESIAN_POINT('',(-0.006975,0.010925,0.006));
#9317=CARTESIAN_POINT('',(-0.008,0.0110875,0.006));
#9318=CARTESIAN_POINT('',(-0.008,0.01125,0.006));
#9319=CARTESIAN_POINT('',(-0.00935,0.01125,0.006));
#9320=CARTESIAN_POINT('',(0.008,0.00825,0.006));
#9321=CARTESIAN_POINT('',(0.008,0.00825,0.006));
#9322=CARTESIAN_POINT('',(0.009025,0.00825,0.006));
#9323=CARTESIAN_POINT('',(0.008,-0.03145332375877,0.006));
#9324=CARTESIAN_POINT('',(0.008,0.010925,0.006));
#9325=CARTESIAN_POINT('',(0.009025,0.010925,0.006));
#9326=CARTESIAN_POINT('',(0.008,0.0110875,0.006));
#9327=CARTESIAN_POINT('',(0.008,0.01125,0.006));
#9328=CARTESIAN_POINT('',(0.00665,0.01125,0.006));
#9329=CARTESIAN_POINT('',(0.01425,0.01125,-0.017));
#9330=CARTESIAN_POINT('',(-0.0035,0.01125,-0.0135));
#9331=CARTESIAN_POINT('',(-0.0035,0.01125,-0.0166));
#9332=CARTESIAN_POINT('',(-0.0035,0.01125,-0.0166));
#9333=CARTESIAN_POINT('',(0.01425,0.01125,-0.017));
#9334=CARTESIAN_POINT('',(0.0034,0.01125,-0.0136));
#9335=CARTESIAN_POINT('',(0.0034,0.01125,-0.0136));
#9336=CARTESIAN_POINT('',(0.0034,0.00955,-0.0136));
#9337=CARTESIAN_POINT('',(0.0034,0.00955,-0.0135));
#9338=CARTESIAN_POINT('',(-0.001964688270439,0.00955,-0.017));
#9339=CARTESIAN_POINT('',(0.0034,0.00955,-0.017));
#9340=CARTESIAN_POINT('',(0.,0.,-0.016));
#9341=CARTESIAN_POINT('',(0.,0.,-0.017));
#9342=CARTESIAN_POINT('',(0.011,0.008,-0.001213406708632));
#9343=CARTESIAN_POINT('',(0.011,0.008,-0.0008841178654966));
#9344=CARTESIAN_POINT('',(0.011,0.008,-0.0015));
#9345=CARTESIAN_POINT('',(0.009975,0.008,-0.0015));
#9346=CARTESIAN_POINT('',(0.011,0.008,0.0004283237587716));
#9347=CARTESIAN_POINT('',(0.011,0.008,-0.007675));
#9348=CARTESIAN_POINT('',(0.009975,0.008,-0.007675));
#9349=CARTESIAN_POINT('',(0.011,0.008,-0.0078375));
#9350=CARTESIAN_POINT('',(0.011,0.008,-0.008));
#9351=CARTESIAN_POINT('',(0.01235,0.008,-0.008));
#9352=CARTESIAN_POINT('',(-0.011,-0.032,-0.008));
#9353=CARTESIAN_POINT('',(0.011,0.008,-0.008));
#9354=CARTESIAN_POINT('',(0.0123,0.008,-0.008));
#9355=CARTESIAN_POINT('',(0.011,0.008,-0.017));
#9356=CARTESIAN_POINT('',(0.011,0.008,-0.0142));
#9357=CARTESIAN_POINT('',(0.0123,0.008,-0.0142));
#9358=CARTESIAN_POINT('',(0.,0.,-0.0142));
#9359=CARTESIAN_POINT('',(0.011,0.008,-0.0142));
#9360=CARTESIAN_POINT('',(0.0134,0.008,-0.0142));
#9361=CARTESIAN_POINT('',(0.011,0.008,0.017));
#9362=CARTESIAN_POINT('',(0.011,0.008,-0.017));
#9363=CARTESIAN_POINT('',(0.0134,0.008,-0.017));
#9364=CARTESIAN_POINT('',(-0.011,0.008,-0.001213406708632));
#9365=CARTESIAN_POINT('',(-0.011,0.008,-0.0008841178654966));
#9366=CARTESIAN_POINT('',(-0.011,0.008,-0.0015));
#9367=CARTESIAN_POINT('',(-0.012025,0.008,-0.0015));
#9368=CARTESIAN_POINT('',(-0.011,0.008,0.0004283237587716));
#9369=CARTESIAN_POINT('',(-0.011,0.008,-0.007675));
#9370=CARTESIAN_POINT('',(-0.012025,0.008,-0.007675));
#9371=CARTESIAN_POINT('',(-0.011,0.008,-0.0078375));
#9372=CARTESIAN_POINT('',(-0.011,0.008,-0.008));
#9373=CARTESIAN_POINT('',(-0.00965,0.008,-0.008));
#9374=CARTESIAN_POINT('',(-0.011,-0.032,-0.008));
#9375=CARTESIAN_POINT('',(-0.011,0.008,-0.008));
#9376=CARTESIAN_POINT('',(-0.0097,0.008,-0.008));
#9377=CARTESIAN_POINT('',(-0.011,0.008,-0.017));
#9378=CARTESIAN_POINT('',(-0.011,0.008,-0.0142));
#9379=CARTESIAN_POINT('',(-0.0097,0.008,-0.0142));
#9380=CARTESIAN_POINT('',(0.,0.,-0.0142));
#9381=CARTESIAN_POINT('',(-0.011,0.008,-0.0142));
#9382=CARTESIAN_POINT('',(-0.0086,0.008,-0.0142));
#9383=CARTESIAN_POINT('',(-0.011,0.008,0.017));
#9384=CARTESIAN_POINT('',(-0.011,0.008,-0.017));
#9385=CARTESIAN_POINT('',(-0.0086,0.008,-0.017));
#9386=CARTESIAN_POINT('',(0.,0.,-0.017));
#9387=CARTESIAN_POINT('',(-0.0035,0.01085,-0.017));
#9388=CARTESIAN_POINT('',(-0.0035,0.01085,-0.017));
#9389=CARTESIAN_POINT('',(-0.0035,0.00945,-0.017));
#9390=CARTESIAN_POINT('',(-0.0035,0.00945,-0.017));
#9391=CARTESIAN_POINT('',(-0.0035,0.01125,-0.0166));
#9392=CARTESIAN_POINT('',(-0.007875,0.01105,-0.0168));
#9393=CARTESIAN_POINT('',(0.,0.,0.));
#9394=CARTESIAN_POINT('',(-0.011,0.008,0.01545));
#9395=CARTESIAN_POINT('',(-0.012,0.0085773502691896,0.01545));
#9396=CARTESIAN_POINT('',(-0.012,0.0085773502691896,0.01545));
#9397=CARTESIAN_POINT('',(-0.012,0.0074226497308104,0.01545));
#9398=CARTESIAN_POINT('',(-0.012,0.0074226497308104,0.01545));
#9399=CARTESIAN_POINT('',(-0.011,0.006845299461621,0.01545));
#9400=CARTESIAN_POINT('',(-0.011,0.006845299461621,0.01545));
#9401=CARTESIAN_POINT('',(-0.01,0.0074226497308104,0.01545));
#9402=CARTESIAN_POINT('',(-0.01,0.0074226497308104,0.01545));
#9403=CARTESIAN_POINT('',(-0.01,0.0085773502691896,0.01545));
#9404=CARTESIAN_POINT('',(-0.01,0.0085773502691896,0.01545));
#9405=CARTESIAN_POINT('',(-0.011,0.009154700538379,0.01545));
#9406=CARTESIAN_POINT('',(-0.011,0.009154700538379,0.01545));
#9407=CARTESIAN_POINT('',(-0.012,0.0085773502691896,0.0167));
#9408=CARTESIAN_POINT('',(-0.012,0.0074226497308104,0.0167));
#9409=CARTESIAN_POINT('',(-0.012,0.0074226497308104,0.0167));
#9410=CARTESIAN_POINT('',(-0.012,0.0085773502691896,0.0167));
#9411=CARTESIAN_POINT('',(-0.012,0.0085773502691896,0.0167));
#9412=CARTESIAN_POINT('',(-0.012,0.0085773502691896,0.0167));
#9413=CARTESIAN_POINT('',(-0.012,0.0074226497308104,0.0167));
#9414=CARTESIAN_POINT('',(-0.011,0.006845299461621,0.0167));
#9415=CARTESIAN_POINT('',(-0.011,0.006845299461621,0.0167));
#9416=CARTESIAN_POINT('',(-0.012,0.0074226497308104,0.0167));
#9417=CARTESIAN_POINT('',(-0.011,0.006845299461621,0.0167));
#9418=CARTESIAN_POINT('',(-0.01,0.0074226497308104,0.0167));
#9419=CARTESIAN_POINT('',(-0.01,0.0074226497308104,0.0167));
#9420=CARTESIAN_POINT('',(-0.011,0.006845299461621,0.0167));
#9421=CARTESIAN_POINT('',(-0.01,0.0074226497308104,0.0167));
#9422=CARTESIAN_POINT('',(-0.01,0.0085773502691896,0.0167));
#9423=CARTESIAN_POINT('',(-0.01,0.0085773502691896,0.0167));
#9424=CARTESIAN_POINT('',(-0.01,0.0074226497308104,0.0167));
#9425=CARTESIAN_POINT('',(-0.01,0.0085773502691896,0.0167));
#9426=CARTESIAN_POINT('',(-0.011,0.009154700538379,0.0167));
#9427=CARTESIAN_POINT('',(-0.011,0.009154700538379,0.0167));
#9428=CARTESIAN_POINT('',(-0.01,0.0085773502691896,0.0167));
#9429=CARTESIAN_POINT('',(-0.011,0.009154700538379,0.0167));
#9430=CARTESIAN_POINT('',(-0.011,0.009154700538379,0.0167));
#9431=CARTESIAN_POINT('',(-0.011,0.008,0.0167));
#9432=CARTESIAN_POINT('',(-0.011,0.008,0.0167));
#9433=CARTESIAN_POINT('',(-0.013033493649054,0.008,0.0167));
#9434=CARTESIAN_POINT('',(-0.011,0.008,0.0166375));
#9435=CARTESIAN_POINT('',(-0.011,0.008,0.016575));
#9436=CARTESIAN_POINT('',(-0.01325,0.008,0.016575));
#9437=CARTESIAN_POINT('',(-0.011,0.008,0.017425));
#9438=CARTESIAN_POINT('',(-0.011,0.008,0.0142));
#9439=CARTESIAN_POINT('',(-0.011,0.01025,0.0142));
#9440=CARTESIAN_POINT('',(-0.011,0.008,0.0142));
#9441=CARTESIAN_POINT('',(-0.011,0.008,0.0142));
#9442=CARTESIAN_POINT('',(-0.011,0.00925,0.0142));
#9443=CARTESIAN_POINT('',(-0.011,0.008,0.017425));
#9444=CARTESIAN_POINT('',(-0.011,0.008,0.002425));
#9445=CARTESIAN_POINT('',(-0.00975,0.008,0.002425));
#9446=CARTESIAN_POINT('',(-0.011,0.008,0.0023125));
#9447=CARTESIAN_POINT('',(-0.011,0.008,0.0022));
#9448=CARTESIAN_POINT('',(-0.009975,0.008,0.0022));
#9449=CARTESIAN_POINT('',(-0.011,0.008,0.0022));
#9450=CARTESIAN_POINT('',(0.,0.,0.));
#9451=CARTESIAN_POINT('',(0.011,0.008,0.01545));
#9452=CARTESIAN_POINT('',(0.01,0.0085773502691896,0.01545));
#9453=CARTESIAN_POINT('',(0.01,0.0085773502691896,0.01545));
#9454=CARTESIAN_POINT('',(0.01,0.0074226497308104,0.01545));
#9455=CARTESIAN_POINT('',(0.01,0.0074226497308104,0.01545));
#9456=CARTESIAN_POINT('',(0.011,0.006845299461621,0.01545));
#9457=CARTESIAN_POINT('',(0.011,0.006845299461621,0.01545));
#9458=CARTESIAN_POINT('',(0.012,0.0074226497308104,0.01545));
#9459=CARTESIAN_POINT('',(0.012,0.0074226497308104,0.01545));
#9460=CARTESIAN_POINT('',(0.012,0.0085773502691896,0.01545));
#9461=CARTESIAN_POINT('',(0.012,0.0085773502691896,0.01545));
#9462=CARTESIAN_POINT('',(0.011,0.009154700538379,0.01545));
#9463=CARTESIAN_POINT('',(0.011,0.009154700538379,0.01545));
#9464=CARTESIAN_POINT('',(0.01,0.0085773502691896,0.0167));
#9465=CARTESIAN_POINT('',(0.01,0.0074226497308104,0.0167));
#9466=CARTESIAN_POINT('',(0.01,0.0074226497308104,0.0167));
#9467=CARTESIAN_POINT('',(0.01,0.0085773502691896,0.0167));
#9468=CARTESIAN_POINT('',(0.01,0.0085773502691896,0.0167));
#9469=CARTESIAN_POINT('',(0.01,0.0085773502691896,0.0167));
#9470=CARTESIAN_POINT('',(0.01,0.0074226497308104,0.0167));
#9471=CARTESIAN_POINT('',(0.011,0.006845299461621,0.0167));
#9472=CARTESIAN_POINT('',(0.011,0.006845299461621,0.0167));
#9473=CARTESIAN_POINT('',(0.01,0.0074226497308104,0.0167));
#9474=CARTESIAN_POINT('',(0.011,0.006845299461621,0.0167));
#9475=CARTESIAN_POINT('',(0.012,0.0074226497308104,0.0167));
#9476=CARTESIAN_POINT('',(0.012,0.0074226497308104,0.0167));
#9477=CARTESIAN_POINT('',(0.011,0.006845299461621,0.0167));
#9478=CARTESIAN_POINT('',(0.012,0.0074226497308104,0.0167));
#9479=CARTESIAN_POINT('',(0.012,0.0085773502691896,0.0167));
#9480=CARTESIAN_POINT('',(0.012,0.0085773502691896,0.0167));
#9481=CARTESIAN_POINT('',(0.012,0.0074226497308104,0.0167));
#9482=CARTESIAN_POINT('',(0.012,0.0085773502691896,0.0167));
#9483=CARTESIAN_POINT('',(0.011,0.009154700538379,0.0167));
#9484=CARTESIAN_POINT('',(0.011,0.009154700538379,0.0167));
#9485=CARTESIAN_POINT('',(0.012,0.0085773502691896,0.0167));
#9486=CARTESIAN_POINT('',(0.011,0.009154700538379,0.0167));
#9487=CARTESIAN_POINT('',(0.011,0.009154700538379,0.0167));
#9488=CARTESIAN_POINT('',(0.011,0.008,0.0167));
#9489=CARTESIAN_POINT('',(0.011,0.008,0.0167));
#9490=CARTESIAN_POINT('',(0.008966506350946,0.008,0.0167));
#9491=CARTESIAN_POINT('',(0.011,0.008,0.0166375));
#9492=CARTESIAN_POINT('',(0.011,0.008,0.016575));
#9493=CARTESIAN_POINT('',(0.00875,0.008,0.016575));
#9494=CARTESIAN_POINT('',(0.011,0.008,0.017425));
#9495=CARTESIAN_POINT('',(0.011,0.008,0.0142));
#9496=CARTESIAN_POINT('',(0.011,0.01025,0.0142));
#9497=CARTESIAN_POINT('',(0.011,0.008,0.0142));
#9498=CARTESIAN_POINT('',(0.011,0.008,0.0142));
#9499=CARTESIAN_POINT('',(0.011,0.00925,0.0142));
#9500=CARTESIAN_POINT('',(0.011,0.008,0.017425));
#9501=CARTESIAN_POINT('',(0.011,0.008,0.002425));
#9502=CARTESIAN_POINT('',(0.01225,0.008,0.002425));
#9503=CARTESIAN_POINT('',(0.011,0.008,0.0023125));
#9504=CARTESIAN_POINT('',(0.011,0.008,0.0022));
#9505=CARTESIAN_POINT('',(0.012025,0.008,0.0022));
#9506=CARTESIAN_POINT('',(0.011,0.008,0.0022));
#9507=CARTESIAN_POINT('',(0.,0.,0.));
#9508=CARTESIAN_POINT('',(-0.011,-0.032,0.01545));
#9509=CARTESIAN_POINT('',(-0.012,-0.0314226497308104,0.01545));
#9510=CARTESIAN_POINT('',(-0.012,-0.0314226497308104,0.01545));
#9511=CARTESIAN_POINT('',(-0.012,-0.0325773502691896,0.01545));
#9512=CARTESIAN_POINT('',(-0.012,-0.0325773502691896,0.01545));
#9513=CARTESIAN_POINT('',(-0.011,-0.033154700538379,0.01545));
#9514=CARTESIAN_POINT('',(-0.011,-0.033154700538379,0.01545));
#9515=CARTESIAN_POINT('',(-0.01,-0.0325773502691896,0.01545));
#9516=CARTESIAN_POINT('',(-0.01,-0.0325773502691896,0.01545));
#9517=CARTESIAN_POINT('',(-0.01,-0.0314226497308104,0.01545));
#9518=CARTESIAN_POINT('',(-0.01,-0.0314226497308104,0.01545));
#9519=CARTESIAN_POINT('',(-0.011,-0.030845299461621,0.01545));
#9520=CARTESIAN_POINT('',(-0.011,-0.030845299461621,0.01545));
#9521=CARTESIAN_POINT('',(-0.012,-0.0314226497308104,0.0167));
#9522=CARTESIAN_POINT('',(-0.012,-0.0325773502691896,0.0167));
#9523=CARTESIAN_POINT('',(-0.012,-0.0325773502691896,0.0167));
#9524=CARTESIAN_POINT('',(-0.012,-0.0314226497308104,0.0167));
#9525=CARTESIAN_POINT('',(-0.012,-0.0314226497308104,0.0167));
#9526=CARTESIAN_POINT('',(-0.012,-0.0314226497308104,0.0167));
#9527=CARTESIAN_POINT('',(-0.012,-0.0325773502691896,0.0167));
#9528=CARTESIAN_POINT('',(-0.011,-0.033154700538379,0.0167));
#9529=CARTESIAN_POINT('',(-0.011,-0.033154700538379,0.0167));
#9530=CARTESIAN_POINT('',(-0.012,-0.0325773502691896,0.0167));
#9531=CARTESIAN_POINT('',(-0.011,-0.033154700538379,0.0167));
#9532=CARTESIAN_POINT('',(-0.01,-0.0325773502691896,0.0167));
#9533=CARTESIAN_POINT('',(-0.01,-0.0325773502691896,0.0167));
#9534=CARTESIAN_POINT('',(-0.011,-0.033154700538379,0.0167));
#9535=CARTESIAN_POINT('',(-0.01,-0.0325773502691896,0.0167));
#9536=CARTESIAN_POINT('',(-0.01,-0.0314226497308104,0.0167));
#9537=CARTESIAN_POINT('',(-0.01,-0.0314226497308104,0.0167));
#9538=CARTESIAN_POINT('',(-0.01,-0.0325773502691896,0.0167));
#9539=CARTESIAN_POINT('',(-0.01,-0.0314226497308104,0.0167));
#9540=CARTESIAN_POINT('',(-0.011,-0.030845299461621,0.0167));
#9541=CARTESIAN_POINT('',(-0.011,-0.030845299461621,0.0167));
#9542=CARTESIAN_POINT('',(-0.01,-0.0314226497308104,0.0167));
#9543=CARTESIAN_POINT('',(-0.011,-0.030845299461621,0.0167));
#9544=CARTESIAN_POINT('',(-0.011,-0.030845299461621,0.0167));
#9545=CARTESIAN_POINT('',(-0.011,-0.032,0.0167));
#9546=CARTESIAN_POINT('',(-0.011,-0.032,0.0167));
#9547=CARTESIAN_POINT('',(-0.013033493649054,-0.032,0.0167));
#9548=CARTESIAN_POINT('',(-0.011,-0.032,0.0166375));
#9549=CARTESIAN_POINT('',(-0.011,-0.032,0.016575));
#9550=CARTESIAN_POINT('',(-0.01325,-0.032,0.016575));
#9551=CARTESIAN_POINT('',(-0.011,-0.032,0.017425));
#9552=CARTESIAN_POINT('',(-0.011,-0.032,0.0142));
#9553=CARTESIAN_POINT('',(-0.011,-0.02975,0.0142));
#9554=CARTESIAN_POINT('',(-0.011,-0.032,0.0142));
#9555=CARTESIAN_POINT('',(-0.011,-0.032,0.0142));
#9556=CARTESIAN_POINT('',(-0.011,-0.03075,0.0142));
#9557=CARTESIAN_POINT('',(-0.011,-0.032,0.017425));
#9558=CARTESIAN_POINT('',(-0.011,-0.032,0.002425));
#9559=CARTESIAN_POINT('',(-0.00975,-0.032,0.002425));
#9560=CARTESIAN_POINT('',(-0.011,-0.032,0.0023125));
#9561=CARTESIAN_POINT('',(-0.011,-0.032,0.0022));
#9562=CARTESIAN_POINT('',(-0.009975,-0.032,0.0022));
#9563=CARTESIAN_POINT('',(-0.011,-0.032,0.0022));
#9564=CARTESIAN_POINT('',(0.,0.,0.));
#9565=CARTESIAN_POINT('',(0.011,-0.032,0.01545));
#9566=CARTESIAN_POINT('',(0.01,-0.0314226497308104,0.01545));
#9567=CARTESIAN_POINT('',(0.01,-0.0314226497308104,0.01545));
#9568=CARTESIAN_POINT('',(0.01,-0.0325773502691896,0.01545));
#9569=CARTESIAN_POINT('',(0.01,-0.0325773502691896,0.01545));
#9570=CARTESIAN_POINT('',(0.011,-0.033154700538379,0.01545));
#9571=CARTESIAN_POINT('',(0.011,-0.033154700538379,0.01545));
#9572=CARTESIAN_POINT('',(0.012,-0.0325773502691896,0.01545));
#9573=CARTESIAN_POINT('',(0.012,-0.0325773502691896,0.01545));
#9574=CARTESIAN_POINT('',(0.012,-0.0314226497308104,0.01545));
#9575=CARTESIAN_POINT('',(0.012,-0.0314226497308104,0.01545));
#9576=CARTESIAN_POINT('',(0.011,-0.030845299461621,0.01545));
#9577=CARTESIAN_POINT('',(0.011,-0.030845299461621,0.01545));
#9578=CARTESIAN_POINT('',(0.01,-0.0314226497308104,0.0167));
#9579=CARTESIAN_POINT('',(0.01,-0.0325773502691896,0.0167));
#9580=CARTESIAN_POINT('',(0.01,-0.0325773502691896,0.0167));
#9581=CARTESIAN_POINT('',(0.01,-0.0314226497308104,0.0167));
#9582=CARTESIAN_POINT('',(0.01,-0.0314226497308104,0.0167));
#9583=CARTESIAN_POINT('',(0.01,-0.0314226497308104,0.0167));
#9584=CARTESIAN_POINT('',(0.01,-0.0325773502691896,0.0167));
#9585=CARTESIAN_POINT('',(0.011,-0.033154700538379,0.0167));
#9586=CARTESIAN_POINT('',(0.011,-0.033154700538379,0.0167));
#9587=CARTESIAN_POINT('',(0.01,-0.0325773502691896,0.0167));
#9588=CARTESIAN_POINT('',(0.011,-0.033154700538379,0.0167));
#9589=CARTESIAN_POINT('',(0.012,-0.0325773502691896,0.0167));
#9590=CARTESIAN_POINT('',(0.012,-0.0325773502691896,0.0167));
#9591=CARTESIAN_POINT('',(0.011,-0.033154700538379,0.0167));
#9592=CARTESIAN_POINT('',(0.012,-0.0325773502691896,0.0167));
#9593=CARTESIAN_POINT('',(0.012,-0.0314226497308104,0.0167));
#9594=CARTESIAN_POINT('',(0.012,-0.0314226497308104,0.0167));
#9595=CARTESIAN_POINT('',(0.012,-0.0325773502691896,0.0167));
#9596=CARTESIAN_POINT('',(0.012,-0.0314226497308104,0.0167));
#9597=CARTESIAN_POINT('',(0.011,-0.030845299461621,0.0167));
#9598=CARTESIAN_POINT('',(0.011,-0.030845299461621,0.0167));
#9599=CARTESIAN_POINT('',(0.012,-0.0314226497308104,0.0167));
#9600=CARTESIAN_POINT('',(0.011,-0.030845299461621,0.0167));
#9601=CARTESIAN_POINT('',(0.011,-0.030845299461621,0.0167));
#9602=CARTESIAN_POINT('',(0.011,-0.032,0.0167));
#9603=CARTESIAN_POINT('',(0.011,-0.032,0.0167));
#9604=CARTESIAN_POINT('',(0.008966506350946,-0.032,0.0167));
#9605=CARTESIAN_POINT('',(0.011,-0.032,0.0166375));
#9606=CARTESIAN_POINT('',(0.011,-0.032,0.016575));
#9607=CARTESIAN_POINT('',(0.00875,-0.032,0.016575));
#9608=CARTESIAN_POINT('',(0.011,-0.032,0.017425));
#9609=CARTESIAN_POINT('',(0.011,-0.032,0.0142));
#9610=CARTESIAN_POINT('',(0.011,-0.02975,0.0142));
#9611=CARTESIAN_POINT('',(0.011,-0.032,0.0142));
#9612=CARTESIAN_POINT('',(0.011,-0.032,0.0142));
#9613=CARTESIAN_POINT('',(0.011,-0.03075,0.0142));
#9614=CARTESIAN_POINT('',(0.011,-0.032,0.017425));
#9615=CARTESIAN_POINT('',(0.011,-0.032,0.002425));
#9616=CARTESIAN_POINT('',(0.01225,-0.032,0.002425));
#9617=CARTESIAN_POINT('',(0.011,-0.032,0.0023125));
#9618=CARTESIAN_POINT('',(0.011,-0.032,0.0022));
#9619=CARTESIAN_POINT('',(0.012025,-0.032,0.0022));
#9620=CARTESIAN_POINT('',(0.011,-0.032,0.0022));
#9621=CARTESIAN_POINT('',(0.,0.,0.));
#9622=CARTESIAN_POINT('',(0.011,-0.032,-0.01545));
#9623=CARTESIAN_POINT('',(0.012,-0.0314226497308104,-0.01545));
#9624=CARTESIAN_POINT('',(0.012,-0.0314226497308104,-0.01545));
#9625=CARTESIAN_POINT('',(0.012,-0.0325773502691896,-0.01545));
#9626=CARTESIAN_POINT('',(0.012,-0.0325773502691896,-0.01545));
#9627=CARTESIAN_POINT('',(0.011,-0.033154700538379,-0.01545));
#9628=CARTESIAN_POINT('',(0.011,-0.033154700538379,-0.01545));
#9629=CARTESIAN_POINT('',(0.01,-0.0325773502691896,-0.01545));
#9630=CARTESIAN_POINT('',(0.01,-0.0325773502691896,-0.01545));
#9631=CARTESIAN_POINT('',(0.01,-0.0314226497308104,-0.01545));
#9632=CARTESIAN_POINT('',(0.01,-0.0314226497308104,-0.01545));
#9633=CARTESIAN_POINT('',(0.011,-0.030845299461621,-0.01545));
#9634=CARTESIAN_POINT('',(0.011,-0.030845299461621,-0.01545));
#9635=CARTESIAN_POINT('',(0.012,-0.0314226497308104,-0.0167));
#9636=CARTESIAN_POINT('',(0.012,-0.0325773502691896,-0.0167));
#9637=CARTESIAN_POINT('',(0.012,-0.0325773502691896,-0.0167));
#9638=CARTESIAN_POINT('',(0.012,-0.0314226497308104,-0.0167));
#9639=CARTESIAN_POINT('',(0.012,-0.0314226497308104,-0.0167));
#9640=CARTESIAN_POINT('',(0.012,-0.0314226497308104,-0.0167));
#9641=CARTESIAN_POINT('',(0.012,-0.0325773502691896,-0.0167));
#9642=CARTESIAN_POINT('',(0.011,-0.033154700538379,-0.0167));
#9643=CARTESIAN_POINT('',(0.011,-0.033154700538379,-0.0167));
#9644=CARTESIAN_POINT('',(0.012,-0.0325773502691896,-0.0167));
#9645=CARTESIAN_POINT('',(0.011,-0.033154700538379,-0.0167));
#9646=CARTESIAN_POINT('',(0.01,-0.0325773502691896,-0.0167));
#9647=CARTESIAN_POINT('',(0.01,-0.0325773502691896,-0.0167));
#9648=CARTESIAN_POINT('',(0.011,-0.033154700538379,-0.0167));
#9649=CARTESIAN_POINT('',(0.01,-0.0325773502691896,-0.0167));
#9650=CARTESIAN_POINT('',(0.01,-0.0314226497308104,-0.0167));
#9651=CARTESIAN_POINT('',(0.01,-0.0314226497308104,-0.0167));
#9652=CARTESIAN_POINT('',(0.01,-0.0325773502691896,-0.0167));
#9653=CARTESIAN_POINT('',(0.01,-0.0314226497308104,-0.0167));
#9654=CARTESIAN_POINT('',(0.011,-0.030845299461621,-0.0167));
#9655=CARTESIAN_POINT('',(0.011,-0.030845299461621,-0.0167));
#9656=CARTESIAN_POINT('',(0.01,-0.0314226497308104,-0.0167));
#9657=CARTESIAN_POINT('',(0.011,-0.030845299461621,-0.0167));
#9658=CARTESIAN_POINT('',(0.011,-0.030845299461621,-0.0167));
#9659=CARTESIAN_POINT('',(0.011,-0.032,-0.0167));
#9660=CARTESIAN_POINT('',(0.011,-0.032,-0.0167));
#9661=CARTESIAN_POINT('',(0.013033493649054,-0.032,-0.0167));
#9662=CARTESIAN_POINT('',(0.011,-0.032,-0.0166375));
#9663=CARTESIAN_POINT('',(0.011,-0.032,-0.016575));
#9664=CARTESIAN_POINT('',(0.01325,-0.032,-0.016575));
#9665=CARTESIAN_POINT('',(0.011,-0.032,-0.017425));
#9666=CARTESIAN_POINT('',(0.011,-0.032,-0.0142));
#9667=CARTESIAN_POINT('',(0.011,-0.02975,-0.0142));
#9668=CARTESIAN_POINT('',(0.011,-0.032,-0.0142));
#9669=CARTESIAN_POINT('',(0.011,-0.032,-0.0142));
#9670=CARTESIAN_POINT('',(0.011,-0.03075,-0.0142));
#9671=CARTESIAN_POINT('',(0.011,-0.032,-0.017425));
#9672=CARTESIAN_POINT('',(0.011,-0.032,-0.002425));
#9673=CARTESIAN_POINT('',(0.00975,-0.032,-0.002425));
#9674=CARTESIAN_POINT('',(0.011,-0.032,-0.0023125));
#9675=CARTESIAN_POINT('',(0.011,-0.032,-0.0022));
#9676=CARTESIAN_POINT('',(0.009975,-0.032,-0.0022));
#9677=CARTESIAN_POINT('',(0.011,-0.032,-0.0022));
#9678=CARTESIAN_POINT('',(0.,0.,0.));
#9679=CARTESIAN_POINT('',(-0.011,-0.032,-0.01545));
#9680=CARTESIAN_POINT('',(-0.01,-0.0314226497308104,-0.01545));
#9681=CARTESIAN_POINT('',(-0.01,-0.0314226497308104,-0.01545));
#9682=CARTESIAN_POINT('',(-0.01,-0.0325773502691896,-0.01545));
#9683=CARTESIAN_POINT('',(-0.01,-0.0325773502691896,-0.01545));
#9684=CARTESIAN_POINT('',(-0.011,-0.033154700538379,-0.01545));
#9685=CARTESIAN_POINT('',(-0.011,-0.033154700538379,-0.01545));
#9686=CARTESIAN_POINT('',(-0.012,-0.0325773502691896,-0.01545));
#9687=CARTESIAN_POINT('',(-0.012,-0.0325773502691896,-0.01545));
#9688=CARTESIAN_POINT('',(-0.012,-0.0314226497308104,-0.01545));
#9689=CARTESIAN_POINT('',(-0.012,-0.0314226497308104,-0.01545));
#9690=CARTESIAN_POINT('',(-0.011,-0.030845299461621,-0.01545));
#9691=CARTESIAN_POINT('',(-0.011,-0.030845299461621,-0.01545));
#9692=CARTESIAN_POINT('',(-0.01,-0.0314226497308104,-0.0167));
#9693=CARTESIAN_POINT('',(-0.01,-0.0325773502691896,-0.0167));
#9694=CARTESIAN_POINT('',(-0.01,-0.0325773502691896,-0.0167));
#9695=CARTESIAN_POINT('',(-0.01,-0.0314226497308104,-0.0167));
#9696=CARTESIAN_POINT('',(-0.01,-0.0314226497308104,-0.0167));
#9697=CARTESIAN_POINT('',(-0.01,-0.0314226497308104,-0.0167));
#9698=CARTESIAN_POINT('',(-0.01,-0.0325773502691896,-0.0167));
#9699=CARTESIAN_POINT('',(-0.011,-0.033154700538379,-0.0167));
#9700=CARTESIAN_POINT('',(-0.011,-0.033154700538379,-0.0167));
#9701=CARTESIAN_POINT('',(-0.01,-0.0325773502691896,-0.0167));
#9702=CARTESIAN_POINT('',(-0.011,-0.033154700538379,-0.0167));
#9703=CARTESIAN_POINT('',(-0.012,-0.0325773502691896,-0.0167));
#9704=CARTESIAN_POINT('',(-0.012,-0.0325773502691896,-0.0167));
#9705=CARTESIAN_POINT('',(-0.011,-0.033154700538379,-0.0167));
#9706=CARTESIAN_POINT('',(-0.012,-0.0325773502691896,-0.0167));
#9707=CARTESIAN_POINT('',(-0.012,-0.0314226497308104,-0.0167));
#9708=CARTESIAN_POINT('',(-0.012,-0.0314226497308104,-0.0167));
#9709=CARTESIAN_POINT('',(-0.012,-0.0325773502691896,-0.0167));
#9710=CARTESIAN_POINT('',(-0.012,-0.0314226497308104,-0.0167));
#9711=CARTESIAN_POINT('',(-0.011,-0.030845299461621,-0.0167));
#9712=CARTESIAN_POINT('',(-0.011,-0.030845299461621,-0.0167));
#9713=CARTESIAN_POINT('',(-0.012,-0.0314226497308104,-0.0167));
#9714=CARTESIAN_POINT('',(-0.011,-0.030845299461621,-0.0167));
#9715=CARTESIAN_POINT('',(-0.011,-0.030845299461621,-0.0167));
#9716=CARTESIAN_POINT('',(-0.011,-0.032,-0.0167));
#9717=CARTESIAN_POINT('',(-0.011,-0.032,-0.0167));
#9718=CARTESIAN_POINT('',(-0.008966506350946,-0.032,-0.0167));
#9719=CARTESIAN_POINT('',(-0.011,-0.032,-0.0166375));
#9720=CARTESIAN_POINT('',(-0.011,-0.032,-0.016575));
#9721=CARTESIAN_POINT('',(-0.00875,-0.032,-0.016575));
#9722=CARTESIAN_POINT('',(-0.011,-0.032,-0.017425));
#9723=CARTESIAN_POINT('',(-0.011,-0.032,-0.0142));
#9724=CARTESIAN_POINT('',(-0.011,-0.02975,-0.0142));
#9725=CARTESIAN_POINT('',(-0.011,-0.032,-0.0142));
#9726=CARTESIAN_POINT('',(-0.011,-0.032,-0.0142));
#9727=CARTESIAN_POINT('',(-0.011,-0.03075,-0.0142));
#9728=CARTESIAN_POINT('',(-0.011,-0.032,-0.017425));
#9729=CARTESIAN_POINT('',(-0.011,-0.032,-0.002425));
#9730=CARTESIAN_POINT('',(-0.01225,-0.032,-0.002425));
#9731=CARTESIAN_POINT('',(-0.011,-0.032,-0.0023125));
#9732=CARTESIAN_POINT('',(-0.011,-0.032,-0.0022));
#9733=CARTESIAN_POINT('',(-0.012025,-0.032,-0.0022));
#9734=CARTESIAN_POINT('',(-0.011,-0.032,-0.0022));
#9735=CARTESIAN_POINT('',(0.,0.,0.));
#9736=CARTESIAN_POINT('',(0.011,0.008,-0.01545));
#9737=CARTESIAN_POINT('',(0.012,0.0085773502691896,-0.01545));
#9738=CARTESIAN_POINT('',(0.012,0.0085773502691896,-0.01545));
#9739=CARTESIAN_POINT('',(0.012,0.0074226497308104,-0.01545));
#9740=CARTESIAN_POINT('',(0.012,0.0074226497308104,-0.01545));
#9741=CARTESIAN_POINT('',(0.011,0.006845299461621,-0.01545));
#9742=CARTESIAN_POINT('',(0.011,0.006845299461621,-0.01545));
#9743=CARTESIAN_POINT('',(0.01,0.0074226497308104,-0.01545));
#9744=CARTESIAN_POINT('',(0.01,0.0074226497308104,-0.01545));
#9745=CARTESIAN_POINT('',(0.01,0.0085773502691896,-0.01545));
#9746=CARTESIAN_POINT('',(0.01,0.0085773502691896,-0.01545));
#9747=CARTESIAN_POINT('',(0.011,0.009154700538379,-0.01545));
#9748=CARTESIAN_POINT('',(0.011,0.009154700538379,-0.01545));
#9749=CARTESIAN_POINT('',(0.012,0.0085773502691896,-0.0167));
#9750=CARTESIAN_POINT('',(0.012,0.0074226497308104,-0.0167));
#9751=CARTESIAN_POINT('',(0.012,0.0074226497308104,-0.0167));
#9752=CARTESIAN_POINT('',(0.012,0.0085773502691896,-0.0167));
#9753=CARTESIAN_POINT('',(0.012,0.0085773502691896,-0.0167));
#9754=CARTESIAN_POINT('',(0.012,0.0085773502691896,-0.0167));
#9755=CARTESIAN_POINT('',(0.012,0.0074226497308104,-0.0167));
#9756=CARTESIAN_POINT('',(0.011,0.006845299461621,-0.0167));
#9757=CARTESIAN_POINT('',(0.011,0.006845299461621,-0.0167));
#9758=CARTESIAN_POINT('',(0.012,0.0074226497308104,-0.0167));
#9759=CARTESIAN_POINT('',(0.011,0.006845299461621,-0.0167));
#9760=CARTESIAN_POINT('',(0.01,0.0074226497308104,-0.0167));
#9761=CARTESIAN_POINT('',(0.01,0.0074226497308104,-0.0167));
#9762=CARTESIAN_POINT('',(0.011,0.006845299461621,-0.0167));
#9763=CARTESIAN_POINT('',(0.01,0.0074226497308104,-0.0167));
#9764=CARTESIAN_POINT('',(0.01,0.0085773502691896,-0.0167));
#9765=CARTESIAN_POINT('',(0.01,0.0085773502691896,-0.0167));
#9766=CARTESIAN_POINT('',(0.01,0.0074226497308104,-0.0167));
#9767=CARTESIAN_POINT('',(0.01,0.0085773502691896,-0.0167));
#9768=CARTESIAN_POINT('',(0.011,0.009154700538379,-0.0167));
#9769=CARTESIAN_POINT('',(0.011,0.009154700538379,-0.0167));
#9770=CARTESIAN_POINT('',(0.01,0.0085773502691896,-0.0167));
#9771=CARTESIAN_POINT('',(0.011,0.009154700538379,-0.0167));
#9772=CARTESIAN_POINT('',(0.011,0.009154700538379,-0.0167));
#9773=CARTESIAN_POINT('',(0.011,0.008,-0.0167));
#9774=CARTESIAN_POINT('',(0.011,0.008,-0.0167));
#9775=CARTESIAN_POINT('',(0.013033493649054,0.008,-0.0167));
#9776=CARTESIAN_POINT('',(0.011,0.008,-0.0166375));
#9777=CARTESIAN_POINT('',(0.011,0.008,-0.016575));
#9778=CARTESIAN_POINT('',(0.01325,0.008,-0.016575));
#9779=CARTESIAN_POINT('',(0.011,0.008,-0.017425));
#9780=CARTESIAN_POINT('',(0.011,0.008,-0.0142));
#9781=CARTESIAN_POINT('',(0.011,0.01025,-0.0142));
#9782=CARTESIAN_POINT('',(0.011,0.008,-0.0142));
#9783=CARTESIAN_POINT('',(0.011,0.008,-0.0142));
#9784=CARTESIAN_POINT('',(0.011,0.00925,-0.0142));
#9785=CARTESIAN_POINT('',(0.011,0.008,-0.017425));
#9786=CARTESIAN_POINT('',(0.011,0.008,-0.002425));
#9787=CARTESIAN_POINT('',(0.00975,0.008,-0.002425));
#9788=CARTESIAN_POINT('',(0.011,0.008,-0.0023125));
#9789=CARTESIAN_POINT('',(0.011,0.008,-0.0022));
#9790=CARTESIAN_POINT('',(0.009975,0.008,-0.0022));
#9791=CARTESIAN_POINT('',(0.011,0.008,-0.0022));
#9792=CARTESIAN_POINT('',(0.,0.,0.));
#9793=CARTESIAN_POINT('',(-0.011,0.008,-0.01545));
#9794=CARTESIAN_POINT('',(-0.01,0.0085773502691896,-0.01545));
#9795=CARTESIAN_POINT('',(-0.01,0.0085773502691896,-0.01545));
#9796=CARTESIAN_POINT('',(-0.01,0.0074226497308104,-0.01545));
#9797=CARTESIAN_POINT('',(-0.01,0.0074226497308104,-0.01545));
#9798=CARTESIAN_POINT('',(-0.011,0.006845299461621,-0.01545));
#9799=CARTESIAN_POINT('',(-0.011,0.006845299461621,-0.01545));
#9800=CARTESIAN_POINT('',(-0.012,0.0074226497308104,-0.01545));
#9801=CARTESIAN_POINT('',(-0.012,0.0074226497308104,-0.01545));
#9802=CARTESIAN_POINT('',(-0.012,0.0085773502691896,-0.01545));
#9803=CARTESIAN_POINT('',(-0.012,0.0085773502691896,-0.01545));
#9804=CARTESIAN_POINT('',(-0.011,0.009154700538379,-0.01545));
#9805=CARTESIAN_POINT('',(-0.011,0.009154700538379,-0.01545));
#9806=CARTESIAN_POINT('',(-0.01,0.0085773502691896,-0.0167));
#9807=CARTESIAN_POINT('',(-0.01,0.0074226497308104,-0.0167));
#9808=CARTESIAN_POINT('',(-0.01,0.0074226497308104,-0.0167));
#9809=CARTESIAN_POINT('',(-0.01,0.0085773502691896,-0.0167));
#9810=CARTESIAN_POINT('',(-0.01,0.0085773502691896,-0.0167));
#9811=CARTESIAN_POINT('',(-0.01,0.0085773502691896,-0.0167));
#9812=CARTESIAN_POINT('',(-0.01,0.0074226497308104,-0.0167));
#9813=CARTESIAN_POINT('',(-0.011,0.006845299461621,-0.0167));
#9814=CARTESIAN_POINT('',(-0.011,0.006845299461621,-0.0167));
#9815=CARTESIAN_POINT('',(-0.01,0.0074226497308104,-0.0167));
#9816=CARTESIAN_POINT('',(-0.011,0.006845299461621,-0.0167));
#9817=CARTESIAN_POINT('',(-0.012,0.0074226497308104,-0.0167));
#9818=CARTESIAN_POINT('',(-0.012,0.0074226497308104,-0.0167));
#9819=CARTESIAN_POINT('',(-0.011,0.006845299461621,-0.0167));
#9820=CARTESIAN_POINT('',(-0.012,0.0074226497308104,-0.0167));
#9821=CARTESIAN_POINT('',(-0.012,0.0085773502691896,-0.0167));
#9822=CARTESIAN_POINT('',(-0.012,0.0085773502691896,-0.0167));
#9823=CARTESIAN_POINT('',(-0.012,0.0074226497308104,-0.0167));
#9824=CARTESIAN_POINT('',(-0.012,0.0085773502691896,-0.0167));
#9825=CARTESIAN_POINT('',(-0.011,0.009154700538379,-0.0167));
#9826=CARTESIAN_POINT('',(-0.011,0.009154700538379,-0.0167));
#9827=CARTESIAN_POINT('',(-0.012,0.0085773502691896,-0.0167));
#9828=CARTESIAN_POINT('',(-0.011,0.009154700538379,-0.0167));
#9829=CARTESIAN_POINT('',(-0.011,0.009154700538379,-0.0167));
#9830=CARTESIAN_POINT('',(-0.011,0.008,-0.0167));
#9831=CARTESIAN_POINT('',(-0.011,0.008,-0.0167));
#9832=CARTESIAN_POINT('',(-0.008966506350946,0.008,-0.0167));
#9833=CARTESIAN_POINT('',(-0.011,0.008,-0.0166375));
#9834=CARTESIAN_POINT('',(-0.011,0.008,-0.016575));
#9835=CARTESIAN_POINT('',(-0.00875,0.008,-0.016575));
#9836=CARTESIAN_POINT('',(-0.011,0.008,-0.017425));
#9837=CARTESIAN_POINT('',(-0.011,0.008,-0.0142));
#9838=CARTESIAN_POINT('',(-0.011,0.01025,-0.0142));
#9839=CARTESIAN_POINT('',(-0.011,0.008,-0.0142));
#9840=CARTESIAN_POINT('',(-0.011,0.008,-0.0142));
#9841=CARTESIAN_POINT('',(-0.011,0.00925,-0.0142));
#9842=CARTESIAN_POINT('',(-0.011,0.008,-0.017425));
#9843=CARTESIAN_POINT('',(-0.011,0.008,-0.002425));
#9844=CARTESIAN_POINT('',(-0.01225,0.008,-0.002425));
#9845=CARTESIAN_POINT('',(-0.011,0.008,-0.0023125));
#9846=CARTESIAN_POINT('',(-0.011,0.008,-0.0022));
#9847=CARTESIAN_POINT('',(-0.012025,0.008,-0.0022));
#9848=CARTESIAN_POINT('',(-0.011,0.008,-0.0022));
#9849=CARTESIAN_POINT('',(0.,0.,0.));
#9850=CARTESIAN_POINT('',(0.011,0.008,-0.017));
#9851=CARTESIAN_POINT('',(0.011,0.008,-0.0156));
#9852=CARTESIAN_POINT('',(0.0093,0.008,-0.0156));
#9853=CARTESIAN_POINT('',(0.011,0.008,-0.017));
#9854=CARTESIAN_POINT('',(0.0127,0.008,-0.017));
#9855=CARTESIAN_POINT('',(0.011,0.008,-0.0156));
#9856=CARTESIAN_POINT('',(0.011,0.008,-0.0156));
#9857=CARTESIAN_POINT('',(0.0095,0.008,-0.0156));
#9858=CARTESIAN_POINT('',(0.011,0.008,-0.01555));
#9859=CARTESIAN_POINT('',(0.011,0.008,-0.0155));
#9860=CARTESIAN_POINT('',(0.0096,0.00800000000008743,-0.0155));
#9861=CARTESIAN_POINT('',(0.011,0.008,-0.0142));
#9862=CARTESIAN_POINT('',(0.0104999999503124,0.009307669664064,-0.0143499997207241));
#9863=CARTESIAN_POINT('',(0.0104999999503124,0.009307669664064,-0.0143499997207241));
#9864=CARTESIAN_POINT('',(0.0105,0.009307669683062,-0.0147));
#9865=CARTESIAN_POINT('',(0.011,0.008,-0.0143499999999998));
#9866=CARTESIAN_POINT('',(0.0114999998127814,0.009307669754647,-0.0143500010523687));
#9867=CARTESIAN_POINT('',(0.0115,0.009307669683062,-0.0147));
#9868=CARTESIAN_POINT('',(0.0115,0.009307669683062,-0.0147));
#9869=CARTESIAN_POINT('',(0.011,0.008,-0.0147));
#9870=CARTESIAN_POINT('',(0.011,0.008,-0.0147));
#9871=CARTESIAN_POINT('',(0.0105,0.009307669683062,-0.0147));
#9872=CARTESIAN_POINT('',(0.0105,0.010347338918861,-0.0147));
#9873=CARTESIAN_POINT('',(0.0115,0.010347338918861,-0.0147));
#9874=CARTESIAN_POINT('',(0.0115,0.010347338918861,-0.0147));
#9875=CARTESIAN_POINT('',(0.011,0.008,-0.0147));
#9876=CARTESIAN_POINT('',(0.011,0.008,-0.017));
#9877=CARTESIAN_POINT('',(0.011,0.008,-0.017));
#9878=CARTESIAN_POINT('',(0.00875,0.008,-0.017));
#9879=CARTESIAN_POINT('',(0.011,0.008,-0.016925));
#9880=CARTESIAN_POINT('',(0.011,0.008,-0.01685));
#9881=CARTESIAN_POINT('',(0.0086,0.00800000000016231,-0.01685));
#9882=CARTESIAN_POINT('',(0.011,0.008,-0.0142));
#9883=CARTESIAN_POINT('',(0.011,0.008,-0.01435));
#9884=CARTESIAN_POINT('',(0.0115,0.010347338918861,-0.01435));
#9885=CARTESIAN_POINT('',(0.0105,0.010347338918861,-0.01435));
#9886=CARTESIAN_POINT('',(0.0105,0.010347338918861,-0.0147));
#9887=CARTESIAN_POINT('',(0.0115,0.010347338918861,-0.01435));
#9888=CARTESIAN_POINT('',(0.011,0.008,-0.014275));
#9889=CARTESIAN_POINT('',(0.0115,-0.0876892011230979,-0.114584352551144));
#9890=CARTESIAN_POINT('',(0.0115,0.010193741096848,-0.0142));
#9891=CARTESIAN_POINT('',(0.011,0.008,-0.0142));
#9892=CARTESIAN_POINT('',(0.0105,0.010193741096848,-0.0142));
#9893=CARTESIAN_POINT('',(0.0105,-0.0876892005936642,-0.114584352009011));
#9894=CARTESIAN_POINT('',(0.0105,0.011,-0.0142));
#9895=CARTESIAN_POINT('',(0.0104786764462761,-0.0130169315149121,0.0095437243640726));
#9896=CARTESIAN_POINT('',(0.0104999998271967,0.009467138885461,-0.0142));
#9897=CARTESIAN_POINT('',(0.0104999998271967,0.009467138885461,-0.0142));
#9898=CARTESIAN_POINT('',(0.011,0.008,-0.0142749999999998));
#9899=CARTESIAN_POINT('',(0.0114771291117033,-0.0135437848067831,0.0101038324977222));
#9900=CARTESIAN_POINT('',(0.0114999999594,0.00946714035464,-0.0142));
#9901=CARTESIAN_POINT('',(0.011,0.008,-0.0141999999999998));
#9902=CARTESIAN_POINT('',(0.0115,0.008,-0.0142));
#9903=CARTESIAN_POINT('',(0.0114999999594,0.00946714035464,-0.0142));
#9904=CARTESIAN_POINT('',(0.011,0.008,-0.0142));
#9905=CARTESIAN_POINT('',(0.,0.,0.));
#9906=CARTESIAN_POINT('',(-0.011,0.008,-0.017));
#9907=CARTESIAN_POINT('',(-0.011,0.008,-0.0156));
#9908=CARTESIAN_POINT('',(-0.0127,0.008,-0.0156));
#9909=CARTESIAN_POINT('',(-0.011,0.008,-0.017));
#9910=CARTESIAN_POINT('',(-0.0093,0.008,-0.017));
#9911=CARTESIAN_POINT('',(-0.011,0.008,-0.0156));
#9912=CARTESIAN_POINT('',(-0.011,0.008,-0.0156));
#9913=CARTESIAN_POINT('',(-0.0125,0.008,-0.0156));
#9914=CARTESIAN_POINT('',(-0.011,0.008,-0.01555));
#9915=CARTESIAN_POINT('',(-0.011,0.008,-0.0155));
#9916=CARTESIAN_POINT('',(-0.0124,0.00800000000008743,-0.0155));
#9917=CARTESIAN_POINT('',(-0.011,0.008,-0.0142));
#9918=CARTESIAN_POINT('',(-0.0115000000496876,0.009307669664064,-0.0143499997207241));
#9919=CARTESIAN_POINT('',(-0.0115000000496876,0.009307669664064,-0.0143499997207241));
#9920=CARTESIAN_POINT('',(-0.0115,0.009307669683062,-0.0147));
#9921=CARTESIAN_POINT('',(-0.011,0.008,-0.0143499999999998));
#9922=CARTESIAN_POINT('',(-0.0105000001872186,0.009307669754647,-0.0143500010523687));
#9923=CARTESIAN_POINT('',(-0.0105,0.009307669683062,-0.0147));
#9924=CARTESIAN_POINT('',(-0.0105,0.009307669683062,-0.0147));
#9925=CARTESIAN_POINT('',(-0.011,0.008,-0.0147));
#9926=CARTESIAN_POINT('',(-0.011,0.008,-0.0147));
#9927=CARTESIAN_POINT('',(-0.0115,0.009307669683062,-0.0147));
#9928=CARTESIAN_POINT('',(-0.0115,0.010347338918861,-0.0147));
#9929=CARTESIAN_POINT('',(-0.0105,0.010347338918861,-0.0147));
#9930=CARTESIAN_POINT('',(-0.0105,0.010347338918861,-0.0147));
#9931=CARTESIAN_POINT('',(-0.011,0.008,-0.0147));
#9932=CARTESIAN_POINT('',(-0.011,0.008,-0.017));
#9933=CARTESIAN_POINT('',(-0.011,0.008,-0.017));
#9934=CARTESIAN_POINT('',(-0.01325,0.008,-0.017));
#9935=CARTESIAN_POINT('',(-0.011,0.008,-0.016925));
#9936=CARTESIAN_POINT('',(-0.011,0.008,-0.01685));
#9937=CARTESIAN_POINT('',(-0.0134,0.00800000000016231,-0.01685));
#9938=CARTESIAN_POINT('',(-0.011,0.008,-0.0142));
#9939=CARTESIAN_POINT('',(-0.011,0.008,-0.01435));
#9940=CARTESIAN_POINT('',(-0.0105,0.010347338918861,-0.01435));
#9941=CARTESIAN_POINT('',(-0.0115,0.010347338918861,-0.01435));
#9942=CARTESIAN_POINT('',(-0.0115,0.010347338918861,-0.0147));
#9943=CARTESIAN_POINT('',(-0.0105,0.010347338918861,-0.01435));
#9944=CARTESIAN_POINT('',(-0.011,0.008,-0.014275));
#9945=CARTESIAN_POINT('',(-0.0105,-0.0876892011230979,-0.114584352551144));
#9946=CARTESIAN_POINT('',(-0.0105,0.010193741096848,-0.0142));
#9947=CARTESIAN_POINT('',(-0.011,0.008,-0.0142));
#9948=CARTESIAN_POINT('',(-0.0115,0.010193741096848,-0.0142));
#9949=CARTESIAN_POINT('',(-0.0115,-0.0876892005936642,-0.114584352009011));
#9950=CARTESIAN_POINT('',(-0.0115,0.011,-0.0142));
#9951=CARTESIAN_POINT('',(-0.0115213235537239,-0.0130169315149121,0.0095437243640726));
#9952=CARTESIAN_POINT('',(-0.0115000001728033,0.009467138885461,-0.0142));
#9953=CARTESIAN_POINT('',(-0.0115000001728033,0.009467138885461,-0.0142));
#9954=CARTESIAN_POINT('',(-0.011,0.008,-0.0142749999999998));
#9955=CARTESIAN_POINT('',(-0.0105228708882967,-0.0135437848067831,0.0101038324977222));
#9956=CARTESIAN_POINT('',(-0.0105000000406,0.00946714035464,-0.0142));
#9957=CARTESIAN_POINT('',(-0.011,0.008,-0.0141999999999998));
#9958=CARTESIAN_POINT('',(-0.0105,0.008,-0.0142));
#9959=CARTESIAN_POINT('',(-0.0105000000406,0.00946714035464,-0.0142));
#9960=CARTESIAN_POINT('',(-0.011,0.008,-0.0142));
#9961=CARTESIAN_POINT('',(0.,0.,0.));
#9962=CARTESIAN_POINT('',(0.011,-0.032,-0.017));
#9963=CARTESIAN_POINT('',(0.011,-0.032,-0.0156));
#9964=CARTESIAN_POINT('',(0.0093,-0.032,-0.0156));
#9965=CARTESIAN_POINT('',(0.011,-0.032,-0.017));
#9966=CARTESIAN_POINT('',(0.0127,-0.032,-0.017));
#9967=CARTESIAN_POINT('',(0.011,-0.032,-0.0156));
#9968=CARTESIAN_POINT('',(0.011,-0.032,-0.0156));
#9969=CARTESIAN_POINT('',(0.0095,-0.032,-0.0156));
#9970=CARTESIAN_POINT('',(0.011,-0.032,-0.01555));
#9971=CARTESIAN_POINT('',(0.011,-0.032,-0.0155));
#9972=CARTESIAN_POINT('',(0.0096,-0.0319999999999126,-0.0155));
#9973=CARTESIAN_POINT('',(0.011,-0.032,-0.0142));
#9974=CARTESIAN_POINT('',(0.0104999999503124,-0.030692330335936,-0.0143499997207241));
#9975=CARTESIAN_POINT('',(0.0104999999503124,-0.030692330335936,-0.0143499997207241));
#9976=CARTESIAN_POINT('',(0.0105,-0.030692330316938,-0.0147));
#9977=CARTESIAN_POINT('',(0.011,-0.032,-0.0143499999999998));
#9978=CARTESIAN_POINT('',(0.0114999998127814,-0.030692330245353,-0.0143500010523687));
#9979=CARTESIAN_POINT('',(0.0115,-0.030692330316938,-0.0147));
#9980=CARTESIAN_POINT('',(0.0115,-0.030692330316938,-0.0147));
#9981=CARTESIAN_POINT('',(0.011,-0.032,-0.0147));
#9982=CARTESIAN_POINT('',(0.011,-0.032,-0.0147));
#9983=CARTESIAN_POINT('',(0.0105,-0.030692330316938,-0.0147));
#9984=CARTESIAN_POINT('',(0.0105,-0.029652661081139,-0.0147));
#9985=CARTESIAN_POINT('',(0.0115,-0.029652661081139,-0.0147));
#9986=CARTESIAN_POINT('',(0.0115,-0.029652661081139,-0.0147));
#9987=CARTESIAN_POINT('',(0.011,-0.032,-0.0147));
#9988=CARTESIAN_POINT('',(0.011,-0.032,-0.017));
#9989=CARTESIAN_POINT('',(0.011,-0.032,-0.017));
#9990=CARTESIAN_POINT('',(0.00875,-0.032,-0.017));
#9991=CARTESIAN_POINT('',(0.011,-0.032,-0.016925));
#9992=CARTESIAN_POINT('',(0.011,-0.032,-0.01685));
#9993=CARTESIAN_POINT('',(0.0086,-0.0319999999998377,-0.01685));
#9994=CARTESIAN_POINT('',(0.011,-0.032,-0.0142));
#9995=CARTESIAN_POINT('',(0.011,-0.032,-0.01435));
#9996=CARTESIAN_POINT('',(0.0115,-0.029652661081139,-0.01435));
#9997=CARTESIAN_POINT('',(0.0105,-0.029652661081139,-0.01435));
#9998=CARTESIAN_POINT('',(0.0105,-0.029652661081139,-0.0147));
#9999=CARTESIAN_POINT('',(0.0115,-0.029652661081139,-0.01435));
#10000=CARTESIAN_POINT('',(0.011,-0.032,-0.014275));
#10001=CARTESIAN_POINT('',(0.0115,-0.127689201123098,-0.114584352551144));
#10002=CARTESIAN_POINT('',(0.0115,-0.029806258903152,-0.0142));
#10003=CARTESIAN_POINT('',(0.011,-0.032,-0.0142));
#10004=CARTESIAN_POINT('',(0.0105,-0.029806258903152,-0.0142));
#10005=CARTESIAN_POINT('',(0.0105,-0.127689200593664,-0.114584352009011));
#10006=CARTESIAN_POINT('',(0.0105,-0.029,-0.0142));
#10007=CARTESIAN_POINT('',(0.0104786764462761,-0.0530169315149121,0.0095437243640726));
#10008=CARTESIAN_POINT('',(0.0104999998271967,-0.030532861114539,-0.0142));
#10009=CARTESIAN_POINT('',(0.0104999998271967,-0.030532861114539,-0.0142));
#10010=CARTESIAN_POINT('',(0.011,-0.032,-0.0142749999999998));
#10011=CARTESIAN_POINT('',(0.0114771291117033,-0.0535437848067832,0.0101038324977222));
#10012=CARTESIAN_POINT('',(0.0114999999594,-0.03053285964536,-0.0142));
#10013=CARTESIAN_POINT('',(0.011,-0.032,-0.0141999999999998));
#10014=CARTESIAN_POINT('',(0.0115,-0.032,-0.0142));
#10015=CARTESIAN_POINT('',(0.0114999999594,-0.03053285964536,-0.0142));
#10016=CARTESIAN_POINT('',(0.011,-0.032,-0.0142));
#10017=CARTESIAN_POINT('',(0.,0.,0.));
#10018=CARTESIAN_POINT('',(-0.011,-0.032,-0.017));
#10019=CARTESIAN_POINT('',(-0.011,-0.032,-0.0156));
#10020=CARTESIAN_POINT('',(-0.0127,-0.032,-0.0156));
#10021=CARTESIAN_POINT('',(-0.011,-0.032,-0.017));
#10022=CARTESIAN_POINT('',(-0.0093,-0.032,-0.017));
#10023=CARTESIAN_POINT('',(-0.011,-0.032,-0.0156));
#10024=CARTESIAN_POINT('',(-0.011,-0.032,-0.0156));
#10025=CARTESIAN_POINT('',(-0.0125,-0.032,-0.0156));
#10026=CARTESIAN_POINT('',(-0.011,-0.032,-0.01555));
#10027=CARTESIAN_POINT('',(-0.011,-0.032,-0.0155));
#10028=CARTESIAN_POINT('',(-0.0124,-0.0319999999999126,-0.0155));
#10029=CARTESIAN_POINT('',(-0.011,-0.032,-0.0142));
#10030=CARTESIAN_POINT('',(-0.0115000000496876,-0.030692330335936,-0.0143499997207241));
#10031=CARTESIAN_POINT('',(-0.0115000000496876,-0.030692330335936,-0.0143499997207241));
#10032=CARTESIAN_POINT('',(-0.0115,-0.030692330316938,-0.0147));
#10033=CARTESIAN_POINT('',(-0.011,-0.032,-0.0143499999999998));
#10034=CARTESIAN_POINT('',(-0.0105000001872186,-0.030692330245353,-0.0143500010523687));
#10035=CARTESIAN_POINT('',(-0.0105,-0.030692330316938,-0.0147));
#10036=CARTESIAN_POINT('',(-0.0105,-0.030692330316938,-0.0147));
#10037=CARTESIAN_POINT('',(-0.011,-0.032,-0.0147));
#10038=CARTESIAN_POINT('',(-0.011,-0.032,-0.0147));
#10039=CARTESIAN_POINT('',(-0.0115,-0.030692330316938,-0.0147));
#10040=CARTESIAN_POINT('',(-0.0115,-0.029652661081139,-0.0147));
#10041=CARTESIAN_POINT('',(-0.0105,-0.029652661081139,-0.0147));
#10042=CARTESIAN_POINT('',(-0.0105,-0.029652661081139,-0.0147));
#10043=CARTESIAN_POINT('',(-0.011,-0.032,-0.0147));
#10044=CARTESIAN_POINT('',(-0.011,-0.032,-0.017));
#10045=CARTESIAN_POINT('',(-0.011,-0.032,-0.017));
#10046=CARTESIAN_POINT('',(-0.01325,-0.032,-0.017));
#10047=CARTESIAN_POINT('',(-0.011,-0.032,-0.016925));
#10048=CARTESIAN_POINT('',(-0.011,-0.032,-0.01685));
#10049=CARTESIAN_POINT('',(-0.0134,-0.0319999999998377,-0.01685));
#10050=CARTESIAN_POINT('',(-0.011,-0.032,-0.0142));
#10051=CARTESIAN_POINT('',(-0.011,-0.032,-0.01435));
#10052=CARTESIAN_POINT('',(-0.0105,-0.029652661081139,-0.01435));
#10053=CARTESIAN_POINT('',(-0.0115,-0.029652661081139,-0.01435));
#10054=CARTESIAN_POINT('',(-0.0115,-0.029652661081139,-0.0147));
#10055=CARTESIAN_POINT('',(-0.0105,-0.029652661081139,-0.01435));
#10056=CARTESIAN_POINT('',(-0.011,-0.032,-0.014275));
#10057=CARTESIAN_POINT('',(-0.0105,-0.127689201123098,-0.114584352551144));
#10058=CARTESIAN_POINT('',(-0.0105,-0.029806258903152,-0.0142));
#10059=CARTESIAN_POINT('',(-0.011,-0.032,-0.0142));
#10060=CARTESIAN_POINT('',(-0.0115,-0.029806258903152,-0.0142));
#10061=CARTESIAN_POINT('',(-0.0115,-0.127689200593664,-0.114584352009011));
#10062=CARTESIAN_POINT('',(-0.0115,-0.029,-0.0142));
#10063=CARTESIAN_POINT('',(-0.0115213235537239,-0.0530169315149121,0.0095437243640726));
#10064=CARTESIAN_POINT('',(-0.0115000001728033,-0.030532861114539,-0.0142));
#10065=CARTESIAN_POINT('',(-0.0115000001728033,-0.030532861114539,-0.0142));
#10066=CARTESIAN_POINT('',(-0.011,-0.032,-0.0142749999999998));
#10067=CARTESIAN_POINT('',(-0.0105228708882967,-0.0535437848067832,0.0101038324977222));
#10068=CARTESIAN_POINT('',(-0.0105000000406,-0.03053285964536,-0.0142));
#10069=CARTESIAN_POINT('',(-0.011,-0.032,-0.0141999999999998));
#10070=CARTESIAN_POINT('',(-0.0105,-0.032,-0.0142));
#10071=CARTESIAN_POINT('',(-0.0105000000406,-0.03053285964536,-0.0142));
#10072=CARTESIAN_POINT('',(-0.011,-0.032,-0.0142));
#10073=CARTESIAN_POINT('',(0.,0.,0.));
#10074=CARTESIAN_POINT('',(-0.011,-0.032,0.017));
#10075=CARTESIAN_POINT('',(-0.011,-0.032,0.0156));
#10076=CARTESIAN_POINT('',(-0.0093,-0.032,0.0156));
#10077=CARTESIAN_POINT('',(-0.011,-0.032,0.017));
#10078=CARTESIAN_POINT('',(-0.0127,-0.032,0.017));
#10079=CARTESIAN_POINT('',(-0.011,-0.032,0.0156));
#10080=CARTESIAN_POINT('',(-0.011,-0.032,0.0156));
#10081=CARTESIAN_POINT('',(-0.0095,-0.032,0.0156));
#10082=CARTESIAN_POINT('',(-0.011,-0.032,0.01555));
#10083=CARTESIAN_POINT('',(-0.011,-0.032,0.0155));
#10084=CARTESIAN_POINT('',(-0.0096,-0.0319999999999126,0.0155));
#10085=CARTESIAN_POINT('',(-0.011,-0.032,0.0142));
#10086=CARTESIAN_POINT('',(-0.0104999999503124,-0.030692330335936,0.0143499997207241));
#10087=CARTESIAN_POINT('',(-0.0104999999503124,-0.030692330335936,0.0143499997207241));
#10088=CARTESIAN_POINT('',(-0.0105,-0.030692330316938,0.0147));
#10089=CARTESIAN_POINT('',(-0.011,-0.032,0.0143499999999998));
#10090=CARTESIAN_POINT('',(-0.0114999998127814,-0.030692330245353,0.0143500010523687));
#10091=CARTESIAN_POINT('',(-0.0115,-0.030692330316938,0.0147));
#10092=CARTESIAN_POINT('',(-0.0115,-0.030692330316938,0.0147));
#10093=CARTESIAN_POINT('',(-0.011,-0.032,0.0147));
#10094=CARTESIAN_POINT('',(-0.011,-0.032,0.0147));
#10095=CARTESIAN_POINT('',(-0.0105,-0.030692330316938,0.0147));
#10096=CARTESIAN_POINT('',(-0.0105,-0.029652661081139,0.0147));
#10097=CARTESIAN_POINT('',(-0.0115,-0.029652661081139,0.0147));
#10098=CARTESIAN_POINT('',(-0.0115,-0.029652661081139,0.0147));
#10099=CARTESIAN_POINT('',(-0.011,-0.032,0.0147));
#10100=CARTESIAN_POINT('',(-0.011,-0.032,0.017));
#10101=CARTESIAN_POINT('',(-0.011,-0.032,0.017));
#10102=CARTESIAN_POINT('',(-0.00875,-0.032,0.017));
#10103=CARTESIAN_POINT('',(-0.011,-0.032,0.016925));
#10104=CARTESIAN_POINT('',(-0.011,-0.032,0.01685));
#10105=CARTESIAN_POINT('',(-0.0086,-0.0319999999998377,0.01685));
#10106=CARTESIAN_POINT('',(-0.011,-0.032,0.0142));
#10107=CARTESIAN_POINT('',(-0.011,-0.032,0.01435));
#10108=CARTESIAN_POINT('',(-0.0115,-0.029652661081139,0.01435));
#10109=CARTESIAN_POINT('',(-0.0105,-0.029652661081139,0.01435));
#10110=CARTESIAN_POINT('',(-0.0105,-0.029652661081139,0.0147));
#10111=CARTESIAN_POINT('',(-0.0115,-0.029652661081139,0.01435));
#10112=CARTESIAN_POINT('',(-0.011,-0.032,0.014275));
#10113=CARTESIAN_POINT('',(-0.0115,-0.127689201123098,0.114584352551144));
#10114=CARTESIAN_POINT('',(-0.0115,-0.029806258903152,0.0142));
#10115=CARTESIAN_POINT('',(-0.011,-0.032,0.0142));
#10116=CARTESIAN_POINT('',(-0.0105,-0.029806258903152,0.0142));
#10117=CARTESIAN_POINT('',(-0.0105,-0.127689200593664,0.114584352009011));
#10118=CARTESIAN_POINT('',(-0.0105,-0.029,0.0142));
#10119=CARTESIAN_POINT('',(-0.0104786764462761,-0.0530169315149121,-0.0095437243640726));
#10120=CARTESIAN_POINT('',(-0.0104999998271967,-0.030532861114539,0.0142));
#10121=CARTESIAN_POINT('',(-0.0104999998271967,-0.030532861114539,0.0142));
#10122=CARTESIAN_POINT('',(-0.011,-0.032,0.0142749999999998));
#10123=CARTESIAN_POINT('',(-0.0114771291117033,-0.0535437848067832,-0.0101038324977222));
#10124=CARTESIAN_POINT('',(-0.0114999999594,-0.03053285964536,0.0142));
#10125=CARTESIAN_POINT('',(-0.011,-0.032,0.0141999999999998));
#10126=CARTESIAN_POINT('',(-0.0115,-0.032,0.0142));
#10127=CARTESIAN_POINT('',(-0.0114999999594,-0.03053285964536,0.0142));
#10128=CARTESIAN_POINT('',(-0.011,-0.032,0.0142));
#10129=CARTESIAN_POINT('',(0.,0.,0.));
#10130=CARTESIAN_POINT('',(0.011,-0.032,0.017));
#10131=CARTESIAN_POINT('',(0.011,-0.032,0.0156));
#10132=CARTESIAN_POINT('',(0.0127,-0.032,0.0156));
#10133=CARTESIAN_POINT('',(0.011,-0.032,0.017));
#10134=CARTESIAN_POINT('',(0.0093,-0.032,0.017));
#10135=CARTESIAN_POINT('',(0.011,-0.032,0.0156));
#10136=CARTESIAN_POINT('',(0.011,-0.032,0.0156));
#10137=CARTESIAN_POINT('',(0.0125,-0.032,0.0156));
#10138=CARTESIAN_POINT('',(0.011,-0.032,0.01555));
#10139=CARTESIAN_POINT('',(0.011,-0.032,0.0155));
#10140=CARTESIAN_POINT('',(0.0124,-0.0319999999999126,0.0155));
#10141=CARTESIAN_POINT('',(0.011,-0.032,0.0142));
#10142=CARTESIAN_POINT('',(0.0115000000496876,-0.030692330335936,0.0143499997207241));
#10143=CARTESIAN_POINT('',(0.0115000000496876,-0.030692330335936,0.0143499997207241));
#10144=CARTESIAN_POINT('',(0.0115,-0.030692330316938,0.0147));
#10145=CARTESIAN_POINT('',(0.011,-0.032,0.0143499999999998));
#10146=CARTESIAN_POINT('',(0.0105000001872186,-0.030692330245353,0.0143500010523687));
#10147=CARTESIAN_POINT('',(0.0105,-0.030692330316938,0.0147));
#10148=CARTESIAN_POINT('',(0.0105,-0.030692330316938,0.0147));
#10149=CARTESIAN_POINT('',(0.011,-0.032,0.0147));
#10150=CARTESIAN_POINT('',(0.011,-0.032,0.0147));
#10151=CARTESIAN_POINT('',(0.0115,-0.030692330316938,0.0147));
#10152=CARTESIAN_POINT('',(0.0115,-0.029652661081139,0.0147));
#10153=CARTESIAN_POINT('',(0.0105,-0.029652661081139,0.0147));
#10154=CARTESIAN_POINT('',(0.0105,-0.029652661081139,0.0147));
#10155=CARTESIAN_POINT('',(0.011,-0.032,0.0147));
#10156=CARTESIAN_POINT('',(0.011,-0.032,0.017));
#10157=CARTESIAN_POINT('',(0.011,-0.032,0.017));
#10158=CARTESIAN_POINT('',(0.01325,-0.032,0.017));
#10159=CARTESIAN_POINT('',(0.011,-0.032,0.016925));
#10160=CARTESIAN_POINT('',(0.011,-0.032,0.01685));
#10161=CARTESIAN_POINT('',(0.0134,-0.0319999999998377,0.01685));
#10162=CARTESIAN_POINT('',(0.011,-0.032,0.0142));
#10163=CARTESIAN_POINT('',(0.011,-0.032,0.01435));
#10164=CARTESIAN_POINT('',(0.0105,-0.029652661081139,0.01435));
#10165=CARTESIAN_POINT('',(0.0115,-0.029652661081139,0.01435));
#10166=CARTESIAN_POINT('',(0.0115,-0.029652661081139,0.0147));
#10167=CARTESIAN_POINT('',(0.0105,-0.029652661081139,0.01435));
#10168=CARTESIAN_POINT('',(0.011,-0.032,0.014275));
#10169=CARTESIAN_POINT('',(0.0105,-0.127689201123098,0.114584352551144));
#10170=CARTESIAN_POINT('',(0.0105,-0.029806258903152,0.0142));
#10171=CARTESIAN_POINT('',(0.011,-0.032,0.0142));
#10172=CARTESIAN_POINT('',(0.0115,-0.029806258903152,0.0142));
#10173=CARTESIAN_POINT('',(0.0115,-0.127689200593664,0.114584352009011));
#10174=CARTESIAN_POINT('',(0.0115,-0.029,0.0142));
#10175=CARTESIAN_POINT('',(0.0115213235537239,-0.0530169315149121,-0.0095437243640726));
#10176=CARTESIAN_POINT('',(0.0115000001728033,-0.030532861114539,0.0142));
#10177=CARTESIAN_POINT('',(0.0115000001728033,-0.030532861114539,0.0142));
#10178=CARTESIAN_POINT('',(0.011,-0.032,0.0142749999999998));
#10179=CARTESIAN_POINT('',(0.0105228708882967,-0.0535437848067832,-0.0101038324977222));
#10180=CARTESIAN_POINT('',(0.0105000000406,-0.03053285964536,0.0142));
#10181=CARTESIAN_POINT('',(0.011,-0.032,0.0141999999999998));
#10182=CARTESIAN_POINT('',(0.0105,-0.032,0.0142));
#10183=CARTESIAN_POINT('',(0.0105000000406,-0.03053285964536,0.0142));
#10184=CARTESIAN_POINT('',(0.011,-0.032,0.0142));
#10185=CARTESIAN_POINT('',(0.,0.,0.));
#10186=CARTESIAN_POINT('',(-0.011,0.008,0.017));
#10187=CARTESIAN_POINT('',(-0.011,0.008,0.0156));
#10188=CARTESIAN_POINT('',(-0.0093,0.008,0.0156));
#10189=CARTESIAN_POINT('',(-0.011,0.008,0.017));
#10190=CARTESIAN_POINT('',(-0.0127,0.008,0.017));
#10191=CARTESIAN_POINT('',(-0.011,0.008,0.0156));
#10192=CARTESIAN_POINT('',(-0.011,0.008,0.0156));
#10193=CARTESIAN_POINT('',(-0.0095,0.008,0.0156));
#10194=CARTESIAN_POINT('',(-0.011,0.008,0.01555));
#10195=CARTESIAN_POINT('',(-0.011,0.008,0.0155));
#10196=CARTESIAN_POINT('',(-0.0096,0.00800000000008743,0.0155));
#10197=CARTESIAN_POINT('',(-0.011,0.008,0.0142));
#10198=CARTESIAN_POINT('',(-0.0104999999503124,0.009307669664064,0.0143499997207241));
#10199=CARTESIAN_POINT('',(-0.0104999999503124,0.009307669664064,0.0143499997207241));
#10200=CARTESIAN_POINT('',(-0.0105,0.009307669683062,0.0147));
#10201=CARTESIAN_POINT('',(-0.011,0.008,0.0143499999999998));
#10202=CARTESIAN_POINT('',(-0.0114999998127814,0.009307669754647,0.0143500010523687));
#10203=CARTESIAN_POINT('',(-0.0115,0.009307669683062,0.0147));
#10204=CARTESIAN_POINT('',(-0.0115,0.009307669683062,0.0147));
#10205=CARTESIAN_POINT('',(-0.011,0.008,0.0147));
#10206=CARTESIAN_POINT('',(-0.011,0.008,0.0147));
#10207=CARTESIAN_POINT('',(-0.0105,0.009307669683062,0.0147));
#10208=CARTESIAN_POINT('',(-0.0105,0.010347338918861,0.0147));
#10209=CARTESIAN_POINT('',(-0.0115,0.010347338918861,0.0147));
#10210=CARTESIAN_POINT('',(-0.0115,0.010347338918861,0.0147));
#10211=CARTESIAN_POINT('',(-0.011,0.008,0.0147));
#10212=CARTESIAN_POINT('',(-0.011,0.008,0.017));
#10213=CARTESIAN_POINT('',(-0.011,0.008,0.017));
#10214=CARTESIAN_POINT('',(-0.00875,0.008,0.017));
#10215=CARTESIAN_POINT('',(-0.011,0.008,0.016925));
#10216=CARTESIAN_POINT('',(-0.011,0.008,0.01685));
#10217=CARTESIAN_POINT('',(-0.0086,0.00800000000016231,0.01685));
#10218=CARTESIAN_POINT('',(-0.011,0.008,0.0142));
#10219=CARTESIAN_POINT('',(-0.011,0.008,0.01435));
#10220=CARTESIAN_POINT('',(-0.0115,0.010347338918861,0.01435));
#10221=CARTESIAN_POINT('',(-0.0105,0.010347338918861,0.01435));
#10222=CARTESIAN_POINT('',(-0.0105,0.010347338918861,0.0147));
#10223=CARTESIAN_POINT('',(-0.0115,0.010347338918861,0.01435));
#10224=CARTESIAN_POINT('',(-0.011,0.008,0.014275));
#10225=CARTESIAN_POINT('',(-0.0115,-0.0876892011230979,0.114584352551144));
#10226=CARTESIAN_POINT('',(-0.0115,0.010193741096848,0.0142));
#10227=CARTESIAN_POINT('',(-0.011,0.008,0.0142));
#10228=CARTESIAN_POINT('',(-0.0105,0.010193741096848,0.0142));
#10229=CARTESIAN_POINT('',(-0.0105,-0.0876892005936642,0.114584352009011));
#10230=CARTESIAN_POINT('',(-0.0105,0.011,0.0142));
#10231=CARTESIAN_POINT('',(-0.0104786764462761,-0.0130169315149121,-0.0095437243640726));
#10232=CARTESIAN_POINT('',(-0.0104999998271967,0.009467138885461,0.0142));
#10233=CARTESIAN_POINT('',(-0.0104999998271967,0.009467138885461,0.0142));
#10234=CARTESIAN_POINT('',(-0.011,0.008,0.0142749999999998));
#10235=CARTESIAN_POINT('',(-0.0114771291117033,-0.0135437848067831,-0.0101038324977222));
#10236=CARTESIAN_POINT('',(-0.0114999999594,0.00946714035464,0.0142));
#10237=CARTESIAN_POINT('',(-0.011,0.008,0.0141999999999998));
#10238=CARTESIAN_POINT('',(-0.0115,0.008,0.0142));
#10239=CARTESIAN_POINT('',(-0.0114999999594,0.00946714035464,0.0142));
#10240=CARTESIAN_POINT('',(-0.011,0.008,0.0142));
#10241=CARTESIAN_POINT('',(0.,0.,0.));
#10242=CARTESIAN_POINT('',(0.011,0.008,0.017));
#10243=CARTESIAN_POINT('',(0.011,0.008,0.0156));
#10244=CARTESIAN_POINT('',(0.0127,0.008,0.0156));
#10245=CARTESIAN_POINT('',(0.011,0.008,0.017));
#10246=CARTESIAN_POINT('',(0.0093,0.008,0.017));
#10247=CARTESIAN_POINT('',(0.011,0.008,0.0156));
#10248=CARTESIAN_POINT('',(0.011,0.008,0.0156));
#10249=CARTESIAN_POINT('',(0.0125,0.008,0.0156));
#10250=CARTESIAN_POINT('',(0.011,0.008,0.01555));
#10251=CARTESIAN_POINT('',(0.011,0.008,0.0155));
#10252=CARTESIAN_POINT('',(0.0124,0.00800000000008743,0.0155));
#10253=CARTESIAN_POINT('',(0.011,0.008,0.0142));
#10254=CARTESIAN_POINT('',(0.0115000000496876,0.009307669664064,0.0143499997207241));
#10255=CARTESIAN_POINT('',(0.0115000000496876,0.009307669664064,0.0143499997207241));
#10256=CARTESIAN_POINT('',(0.0115,0.009307669683062,0.0147));
#10257=CARTESIAN_POINT('',(0.011,0.008,0.0143499999999998));
#10258=CARTESIAN_POINT('',(0.0105000001872186,0.009307669754647,0.0143500010523687));
#10259=CARTESIAN_POINT('',(0.0105,0.009307669683062,0.0147));
#10260=CARTESIAN_POINT('',(0.0105,0.009307669683062,0.0147));
#10261=CARTESIAN_POINT('',(0.011,0.008,0.0147));
#10262=CARTESIAN_POINT('',(0.011,0.008,0.0147));
#10263=CARTESIAN_POINT('',(0.0115,0.009307669683062,0.0147));
#10264=CARTESIAN_POINT('',(0.0115,0.010347338918861,0.0147));
#10265=CARTESIAN_POINT('',(0.0105,0.010347338918861,0.0147));
#10266=CARTESIAN_POINT('',(0.0105,0.010347338918861,0.0147));
#10267=CARTESIAN_POINT('',(0.011,0.008,0.0147));
#10268=CARTESIAN_POINT('',(0.011,0.008,0.017));
#10269=CARTESIAN_POINT('',(0.011,0.008,0.017));
#10270=CARTESIAN_POINT('',(0.01325,0.008,0.017));
#10271=CARTESIAN_POINT('',(0.011,0.008,0.016925));
#10272=CARTESIAN_POINT('',(0.011,0.008,0.01685));
#10273=CARTESIAN_POINT('',(0.0134,0.00800000000016231,0.01685));
#10274=CARTESIAN_POINT('',(0.011,0.008,0.0142));
#10275=CARTESIAN_POINT('',(0.011,0.008,0.01435));
#10276=CARTESIAN_POINT('',(0.0105,0.010347338918861,0.01435));
#10277=CARTESIAN_POINT('',(0.0115,0.010347338918861,0.01435));
#10278=CARTESIAN_POINT('',(0.0115,0.010347338918861,0.0147));
#10279=CARTESIAN_POINT('',(0.0105,0.010347338918861,0.01435));
#10280=CARTESIAN_POINT('',(0.011,0.008,0.014275));
#10281=CARTESIAN_POINT('',(0.0105,-0.0876892011230979,0.114584352551144));
#10282=CARTESIAN_POINT('',(0.0105,0.010193741096848,0.0142));
#10283=CARTESIAN_POINT('',(0.011,0.008,0.0142));
#10284=CARTESIAN_POINT('',(0.0115,0.010193741096848,0.0142));
#10285=CARTESIAN_POINT('',(0.0115,-0.0876892005936642,0.114584352009011));
#10286=CARTESIAN_POINT('',(0.0115,0.011,0.0142));
#10287=CARTESIAN_POINT('',(0.0115213235537239,-0.0130169315149121,-0.0095437243640726));
#10288=CARTESIAN_POINT('',(0.0115000001728033,0.009467138885461,0.0142));
#10289=CARTESIAN_POINT('',(0.0115000001728033,0.009467138885461,0.0142));
#10290=CARTESIAN_POINT('',(0.011,0.008,0.0142749999999998));
#10291=CARTESIAN_POINT('',(0.0105228708882967,-0.0135437848067831,-0.0101038324977222));
#10292=CARTESIAN_POINT('',(0.0105000000406,0.00946714035464,0.0142));
#10293=CARTESIAN_POINT('',(0.011,0.008,0.0141999999999998));
#10294=CARTESIAN_POINT('',(0.0105,0.008,0.0142));
#10295=CARTESIAN_POINT('',(0.0105000000406,0.00946714035464,0.0142));
#10296=CARTESIAN_POINT('',(0.011,0.008,0.0142));
#10297=MECHANICAL_DESIGN_GEOMETRIC_PRESENTATION_REPRESENTATION('',(#5848),
#10314);
#10298=MECHANICAL_DESIGN_GEOMETRIC_PRESENTATION_REPRESENTATION('',(#5849),
#10315);
#10299=MECHANICAL_DESIGN_GEOMETRIC_PRESENTATION_REPRESENTATION('',(#5850),
#10316);
#10300=MECHANICAL_DESIGN_GEOMETRIC_PRESENTATION_REPRESENTATION('',(#5851),
#10317);
#10301=MECHANICAL_DESIGN_GEOMETRIC_PRESENTATION_REPRESENTATION('',(#5852),
#10318);
#10302=MECHANICAL_DESIGN_GEOMETRIC_PRESENTATION_REPRESENTATION('',(#5853),
#10319);
#10303=MECHANICAL_DESIGN_GEOMETRIC_PRESENTATION_REPRESENTATION('',(#5854),
#10320);
#10304=MECHANICAL_DESIGN_GEOMETRIC_PRESENTATION_REPRESENTATION('',(#5855),
#10321);
#10305=MECHANICAL_DESIGN_GEOMETRIC_PRESENTATION_REPRESENTATION('',(#5856),
#10322);
#10306=MECHANICAL_DESIGN_GEOMETRIC_PRESENTATION_REPRESENTATION('',(#5857),
#10323);
#10307=MECHANICAL_DESIGN_GEOMETRIC_PRESENTATION_REPRESENTATION('',(#5858),
#10324);
#10308=MECHANICAL_DESIGN_GEOMETRIC_PRESENTATION_REPRESENTATION('',(#5859),
#10325);
#10309=MECHANICAL_DESIGN_GEOMETRIC_PRESENTATION_REPRESENTATION('',(#5860),
#10326);
#10310=MECHANICAL_DESIGN_GEOMETRIC_PRESENTATION_REPRESENTATION('',(#5861),
#10327);
#10311=MECHANICAL_DESIGN_GEOMETRIC_PRESENTATION_REPRESENTATION('',(#5862),
#10328);
#10312=MECHANICAL_DESIGN_GEOMETRIC_PRESENTATION_REPRESENTATION('',(#5863),
#10329);
#10313=MECHANICAL_DESIGN_GEOMETRIC_PRESENTATION_REPRESENTATION('',(#5864),
#10330);
#10314=(
GEOMETRIC_REPRESENTATION_CONTEXT(3)
GLOBAL_UNCERTAINTY_ASSIGNED_CONTEXT((#10331))
GLOBAL_UNIT_ASSIGNED_CONTEXT((#10382,#10365,#10348))
REPRESENTATION_CONTEXT('DUMMY_DC12','TOP_LEVEL_ASSEMBLY_PART')
);
#10315=(
GEOMETRIC_REPRESENTATION_CONTEXT(3)
GLOBAL_UNCERTAINTY_ASSIGNED_CONTEXT((#10332))
GLOBAL_UNIT_ASSIGNED_CONTEXT((#10383,#10366,#10349))
REPRESENTATION_CONTEXT('WBH_M2_5X12','TOP_LEVEL_ASSEMBLY_PART')
);
#10316=(
GEOMETRIC_REPRESENTATION_CONTEXT(3)
GLOBAL_UNCERTAINTY_ASSIGNED_CONTEXT((#10333))
GLOBAL_UNIT_ASSIGNED_CONTEXT((#10384,#10367,#10350))
REPRESENTATION_CONTEXT('WBH_M2_5X12_1','TOP_LEVEL_ASSEMBLY_PART')
);
#10317=(
GEOMETRIC_REPRESENTATION_CONTEXT(3)
GLOBAL_UNCERTAINTY_ASSIGNED_CONTEXT((#10334))
GLOBAL_UNIT_ASSIGNED_CONTEXT((#10385,#10368,#10351))
REPRESENTATION_CONTEXT('WBH_M2_5X12_2','TOP_LEVEL_ASSEMBLY_PART')
);
#10318=(
GEOMETRIC_REPRESENTATION_CONTEXT(3)
GLOBAL_UNCERTAINTY_ASSIGNED_CONTEXT((#10335))
GLOBAL_UNIT_ASSIGNED_CONTEXT((#10386,#10369,#10352))
REPRESENTATION_CONTEXT('WBH_M2_5X12_3','TOP_LEVEL_ASSEMBLY_PART')
);
#10319=(
GEOMETRIC_REPRESENTATION_CONTEXT(3)
GLOBAL_UNCERTAINTY_ASSIGNED_CONTEXT((#10336))
GLOBAL_UNIT_ASSIGNED_CONTEXT((#10387,#10370,#10353))
REPRESENTATION_CONTEXT('WBH_M2_5X12_4','TOP_LEVEL_ASSEMBLY_PART')
);
#10320=(
GEOMETRIC_REPRESENTATION_CONTEXT(3)
GLOBAL_UNCERTAINTY_ASSIGNED_CONTEXT((#10337))
GLOBAL_UNIT_ASSIGNED_CONTEXT((#10388,#10371,#10354))
REPRESENTATION_CONTEXT('WBH_M2_5X12_5','TOP_LEVEL_ASSEMBLY_PART')
);
#10321=(
GEOMETRIC_REPRESENTATION_CONTEXT(3)
GLOBAL_UNCERTAINTY_ASSIGNED_CONTEXT((#10338))
GLOBAL_UNIT_ASSIGNED_CONTEXT((#10389,#10372,#10355))
REPRESENTATION_CONTEXT('WBH_M2_5X12_6','TOP_LEVEL_ASSEMBLY_PART')
);
#10322=(
GEOMETRIC_REPRESENTATION_CONTEXT(3)
GLOBAL_UNCERTAINTY_ASSIGNED_CONTEXT((#10339))
GLOBAL_UNIT_ASSIGNED_CONTEXT((#10390,#10373,#10356))
REPRESENTATION_CONTEXT('WBH_M2_5X12_7','TOP_LEVEL_ASSEMBLY_PART')
);
#10323=(
GEOMETRIC_REPRESENTATION_CONTEXT(3)
GLOBAL_UNCERTAINTY_ASSIGNED_CONTEXT((#10340))
GLOBAL_UNIT_ASSIGNED_CONTEXT((#10391,#10374,#10357))
REPRESENTATION_CONTEXT('DC12_A01_SPACER_RING_1',
'TOP_LEVEL_ASSEMBLY_PART')
);
#10324=(
GEOMETRIC_REPRESENTATION_CONTEXT(3)
GLOBAL_UNCERTAINTY_ASSIGNED_CONTEXT((#10341))
GLOBAL_UNIT_ASSIGNED_CONTEXT((#10392,#10375,#10358))
REPRESENTATION_CONTEXT('DC12_A01_SPACER_RING_1_1',
'TOP_LEVEL_ASSEMBLY_PART')
);
#10325=(
GEOMETRIC_REPRESENTATION_CONTEXT(3)
GLOBAL_UNCERTAINTY_ASSIGNED_CONTEXT((#10342))
GLOBAL_UNIT_ASSIGNED_CONTEXT((#10393,#10376,#10359))
REPRESENTATION_CONTEXT('DC12_A01_SPACER_RING_1_2',
'TOP_LEVEL_ASSEMBLY_PART')
);
#10326=(
GEOMETRIC_REPRESENTATION_CONTEXT(3)
GLOBAL_UNCERTAINTY_ASSIGNED_CONTEXT((#10343))
GLOBAL_UNIT_ASSIGNED_CONTEXT((#10394,#10377,#10360))
REPRESENTATION_CONTEXT('DC12_A01_SPACER_RING_1_3',
'TOP_LEVEL_ASSEMBLY_PART')
);
#10327=(
GEOMETRIC_REPRESENTATION_CONTEXT(3)
GLOBAL_UNCERTAINTY_ASSIGNED_CONTEXT((#10344))
GLOBAL_UNIT_ASSIGNED_CONTEXT((#10395,#10378,#10361))
REPRESENTATION_CONTEXT('DC12_A01_SPACER_RING_1_4',
'TOP_LEVEL_ASSEMBLY_PART')
);
#10328=(
GEOMETRIC_REPRESENTATION_CONTEXT(3)
GLOBAL_UNCERTAINTY_ASSIGNED_CONTEXT((#10345))
GLOBAL_UNIT_ASSIGNED_CONTEXT((#10396,#10379,#10362))
REPRESENTATION_CONTEXT('DC12_A01_SPACER_RING_1_5',
'TOP_LEVEL_ASSEMBLY_PART')
);
#10329=(
GEOMETRIC_REPRESENTATION_CONTEXT(3)
GLOBAL_UNCERTAINTY_ASSIGNED_CONTEXT((#10346))
GLOBAL_UNIT_ASSIGNED_CONTEXT((#10397,#10380,#10363))
REPRESENTATION_CONTEXT('DC12_A01_SPACER_RING_1_6',
'TOP_LEVEL_ASSEMBLY_PART')
);
#10330=(
GEOMETRIC_REPRESENTATION_CONTEXT(3)
GLOBAL_UNCERTAINTY_ASSIGNED_CONTEXT((#10347))
GLOBAL_UNIT_ASSIGNED_CONTEXT((#10398,#10381,#10364))
REPRESENTATION_CONTEXT('DC12_A01_SPACER_RING_1_7',
'TOP_LEVEL_ASSEMBLY_PART')
);
#10331=UNCERTAINTY_MEASURE_WITH_UNIT(LENGTH_MEASURE(1.E-6),#10382,
'DISTANCE_ACCURACY_VALUE','Maximum Tolerance applied to model');
#10332=UNCERTAINTY_MEASURE_WITH_UNIT(LENGTH_MEASURE(1.E-6),#10383,
'DISTANCE_ACCURACY_VALUE','Maximum Tolerance applied to model');
#10333=UNCERTAINTY_MEASURE_WITH_UNIT(LENGTH_MEASURE(1.E-6),#10384,
'DISTANCE_ACCURACY_VALUE','Maximum Tolerance applied to model');
#10334=UNCERTAINTY_MEASURE_WITH_UNIT(LENGTH_MEASURE(1.E-6),#10385,
'DISTANCE_ACCURACY_VALUE','Maximum Tolerance applied to model');
#10335=UNCERTAINTY_MEASURE_WITH_UNIT(LENGTH_MEASURE(1.E-6),#10386,
'DISTANCE_ACCURACY_VALUE','Maximum Tolerance applied to model');
#10336=UNCERTAINTY_MEASURE_WITH_UNIT(LENGTH_MEASURE(1.E-6),#10387,
'DISTANCE_ACCURACY_VALUE','Maximum Tolerance applied to model');
#10337=UNCERTAINTY_MEASURE_WITH_UNIT(LENGTH_MEASURE(1.E-6),#10388,
'DISTANCE_ACCURACY_VALUE','Maximum Tolerance applied to model');
#10338=UNCERTAINTY_MEASURE_WITH_UNIT(LENGTH_MEASURE(1.E-6),#10389,
'DISTANCE_ACCURACY_VALUE','Maximum Tolerance applied to model');
#10339=UNCERTAINTY_MEASURE_WITH_UNIT(LENGTH_MEASURE(1.E-6),#10390,
'DISTANCE_ACCURACY_VALUE','Maximum Tolerance applied to model');
#10340=UNCERTAINTY_MEASURE_WITH_UNIT(LENGTH_MEASURE(1.E-6),#10391,
'DISTANCE_ACCURACY_VALUE','Maximum Tolerance applied to model');
#10341=UNCERTAINTY_MEASURE_WITH_UNIT(LENGTH_MEASURE(1.E-6),#10392,
'DISTANCE_ACCURACY_VALUE','Maximum Tolerance applied to model');
#10342=UNCERTAINTY_MEASURE_WITH_UNIT(LENGTH_MEASURE(1.E-6),#10393,
'DISTANCE_ACCURACY_VALUE','Maximum Tolerance applied to model');
#10343=UNCERTAINTY_MEASURE_WITH_UNIT(LENGTH_MEASURE(1.E-6),#10394,
'DISTANCE_ACCURACY_VALUE','Maximum Tolerance applied to model');
#10344=UNCERTAINTY_MEASURE_WITH_UNIT(LENGTH_MEASURE(1.E-6),#10395,
'DISTANCE_ACCURACY_VALUE','Maximum Tolerance applied to model');
#10345=UNCERTAINTY_MEASURE_WITH_UNIT(LENGTH_MEASURE(1.E-6),#10396,
'DISTANCE_ACCURACY_VALUE','Maximum Tolerance applied to model');
#10346=UNCERTAINTY_MEASURE_WITH_UNIT(LENGTH_MEASURE(1.E-6),#10397,
'DISTANCE_ACCURACY_VALUE','Maximum Tolerance applied to model');
#10347=UNCERTAINTY_MEASURE_WITH_UNIT(LENGTH_MEASURE(1.E-6),#10398,
'DISTANCE_ACCURACY_VALUE','Maximum Tolerance applied to model');
#10348=(
NAMED_UNIT(*)
SI_UNIT($,.STERADIAN.)
SOLID_ANGLE_UNIT()
);
#10349=(
NAMED_UNIT(*)
SI_UNIT($,.STERADIAN.)
SOLID_ANGLE_UNIT()
);
#10350=(
NAMED_UNIT(*)
SI_UNIT($,.STERADIAN.)
SOLID_ANGLE_UNIT()
);
#10351=(
NAMED_UNIT(*)
SI_UNIT($,.STERADIAN.)
SOLID_ANGLE_UNIT()
);
#10352=(
NAMED_UNIT(*)
SI_UNIT($,.STERADIAN.)
SOLID_ANGLE_UNIT()
);
#10353=(
NAMED_UNIT(*)
SI_UNIT($,.STERADIAN.)
SOLID_ANGLE_UNIT()
);
#10354=(
NAMED_UNIT(*)
SI_UNIT($,.STERADIAN.)
SOLID_ANGLE_UNIT()
);
#10355=(
NAMED_UNIT(*)
SI_UNIT($,.STERADIAN.)
SOLID_ANGLE_UNIT()
);
#10356=(
NAMED_UNIT(*)
SI_UNIT($,.STERADIAN.)
SOLID_ANGLE_UNIT()
);
#10357=(
NAMED_UNIT(*)
SI_UNIT($,.STERADIAN.)
SOLID_ANGLE_UNIT()
);
#10358=(
NAMED_UNIT(*)
SI_UNIT($,.STERADIAN.)
SOLID_ANGLE_UNIT()
);
#10359=(
NAMED_UNIT(*)
SI_UNIT($,.STERADIAN.)
SOLID_ANGLE_UNIT()
);
#10360=(
NAMED_UNIT(*)
SI_UNIT($,.STERADIAN.)
SOLID_ANGLE_UNIT()
);
#10361=(
NAMED_UNIT(*)
SI_UNIT($,.STERADIAN.)
SOLID_ANGLE_UNIT()
);
#10362=(
NAMED_UNIT(*)
SI_UNIT($,.STERADIAN.)
SOLID_ANGLE_UNIT()
);
#10363=(
NAMED_UNIT(*)
SI_UNIT($,.STERADIAN.)
SOLID_ANGLE_UNIT()
);
#10364=(
NAMED_UNIT(*)
SI_UNIT($,.STERADIAN.)
SOLID_ANGLE_UNIT()
);
#10365=(
NAMED_UNIT(*)
PLANE_ANGLE_UNIT()
SI_UNIT($,.RADIAN.)
);
#10366=(
NAMED_UNIT(*)
PLANE_ANGLE_UNIT()
SI_UNIT($,.RADIAN.)
);
#10367=(
NAMED_UNIT(*)
PLANE_ANGLE_UNIT()
SI_UNIT($,.RADIAN.)
);
#10368=(
NAMED_UNIT(*)
PLANE_ANGLE_UNIT()
SI_UNIT($,.RADIAN.)
);
#10369=(
NAMED_UNIT(*)
PLANE_ANGLE_UNIT()
SI_UNIT($,.RADIAN.)
);
#10370=(
NAMED_UNIT(*)
PLANE_ANGLE_UNIT()
SI_UNIT($,.RADIAN.)
);
#10371=(
NAMED_UNIT(*)
PLANE_ANGLE_UNIT()
SI_UNIT($,.RADIAN.)
);
#10372=(
NAMED_UNIT(*)
PLANE_ANGLE_UNIT()
SI_UNIT($,.RADIAN.)
);
#10373=(
NAMED_UNIT(*)
PLANE_ANGLE_UNIT()
SI_UNIT($,.RADIAN.)
);
#10374=(
NAMED_UNIT(*)
PLANE_ANGLE_UNIT()
SI_UNIT($,.RADIAN.)
);
#10375=(
NAMED_UNIT(*)
PLANE_ANGLE_UNIT()
SI_UNIT($,.RADIAN.)
);
#10376=(
NAMED_UNIT(*)
PLANE_ANGLE_UNIT()
SI_UNIT($,.RADIAN.)
);
#10377=(
NAMED_UNIT(*)
PLANE_ANGLE_UNIT()
SI_UNIT($,.RADIAN.)
);
#10378=(
NAMED_UNIT(*)
PLANE_ANGLE_UNIT()
SI_UNIT($,.RADIAN.)
);
#10379=(
NAMED_UNIT(*)
PLANE_ANGLE_UNIT()
SI_UNIT($,.RADIAN.)
);
#10380=(
NAMED_UNIT(*)
PLANE_ANGLE_UNIT()
SI_UNIT($,.RADIAN.)
);
#10381=(
NAMED_UNIT(*)
PLANE_ANGLE_UNIT()
SI_UNIT($,.RADIAN.)
);
#10382=(
LENGTH_UNIT()
NAMED_UNIT(*)
SI_UNIT($,.METRE.)
);
#10383=(
LENGTH_UNIT()
NAMED_UNIT(*)
SI_UNIT($,.METRE.)
);
#10384=(
LENGTH_UNIT()
NAMED_UNIT(*)
SI_UNIT($,.METRE.)
);
#10385=(
LENGTH_UNIT()
NAMED_UNIT(*)
SI_UNIT($,.METRE.)
);
#10386=(
LENGTH_UNIT()
NAMED_UNIT(*)
SI_UNIT($,.METRE.)
);
#10387=(
LENGTH_UNIT()
NAMED_UNIT(*)
SI_UNIT($,.METRE.)
);
#10388=(
LENGTH_UNIT()
NAMED_UNIT(*)
SI_UNIT($,.METRE.)
);
#10389=(
LENGTH_UNIT()
NAMED_UNIT(*)
SI_UNIT($,.METRE.)
);
#10390=(
LENGTH_UNIT()
NAMED_UNIT(*)
SI_UNIT($,.METRE.)
);
#10391=(
LENGTH_UNIT()
NAMED_UNIT(*)
SI_UNIT($,.METRE.)
);
#10392=(
LENGTH_UNIT()
NAMED_UNIT(*)
SI_UNIT($,.METRE.)
);
#10393=(
LENGTH_UNIT()
NAMED_UNIT(*)
SI_UNIT($,.METRE.)
);
#10394=(
LENGTH_UNIT()
NAMED_UNIT(*)
SI_UNIT($,.METRE.)
);
#10395=(
LENGTH_UNIT()
NAMED_UNIT(*)
SI_UNIT($,.METRE.)
);
#10396=(
LENGTH_UNIT()
NAMED_UNIT(*)
SI_UNIT($,.METRE.)
);
#10397=(
LENGTH_UNIT()
NAMED_UNIT(*)
SI_UNIT($,.METRE.)
);
#10398=(
LENGTH_UNIT()
NAMED_UNIT(*)
SI_UNIT($,.METRE.)
);
#10399=PRODUCT_DEFINITION_SHAPE('','',#10416);
#10400=PRODUCT_DEFINITION_SHAPE('','',#10417);
#10401=PRODUCT_DEFINITION_SHAPE('','',#10418);
#10402=PRODUCT_DEFINITION_SHAPE('','',#10419);
#10403=PRODUCT_DEFINITION_SHAPE('','',#10420);
#10404=PRODUCT_DEFINITION_SHAPE('','',#10421);
#10405=PRODUCT_DEFINITION_SHAPE('','',#10422);
#10406=PRODUCT_DEFINITION_SHAPE('','',#10423);
#10407=PRODUCT_DEFINITION_SHAPE('','',#10424);
#10408=PRODUCT_DEFINITION_SHAPE('','',#10425);
#10409=PRODUCT_DEFINITION_SHAPE('','',#10426);
#10410=PRODUCT_DEFINITION_SHAPE('','',#10427);
#10411=PRODUCT_DEFINITION_SHAPE('','',#10428);
#10412=PRODUCT_DEFINITION_SHAPE('','',#10429);
#10413=PRODUCT_DEFINITION_SHAPE('','',#10430);
#10414=PRODUCT_DEFINITION_SHAPE('','',#10431);
#10415=PRODUCT_DEFINITION_SHAPE('','',#10432);
#10416=PRODUCT_DEFINITION('','',#10450,#10433);
#10417=PRODUCT_DEFINITION('','',#10451,#10434);
#10418=PRODUCT_DEFINITION('','',#10452,#10435);
#10419=PRODUCT_DEFINITION('','',#10453,#10436);
#10420=PRODUCT_DEFINITION('','',#10454,#10437);
#10421=PRODUCT_DEFINITION('','',#10455,#10438);
#10422=PRODUCT_DEFINITION('','',#10456,#10439);
#10423=PRODUCT_DEFINITION('','',#10457,#10440);
#10424=PRODUCT_DEFINITION('','',#10458,#10441);
#10425=PRODUCT_DEFINITION('','',#10459,#10442);
#10426=PRODUCT_DEFINITION('','',#10460,#10443);
#10427=PRODUCT_DEFINITION('','',#10461,#10444);
#10428=PRODUCT_DEFINITION('','',#10462,#10445);
#10429=PRODUCT_DEFINITION('','',#10463,#10446);
#10430=PRODUCT_DEFINITION('','',#10464,#10447);
#10431=PRODUCT_DEFINITION('','',#10465,#10448);
#10432=PRODUCT_DEFINITION('','',#10466,#10449);
#10433=PRODUCT_DEFINITION_CONTEXT('',#10552,'design');
#10434=PRODUCT_DEFINITION_CONTEXT('',#10553,'design');
#10435=PRODUCT_DEFINITION_CONTEXT('',#10554,'design');
#10436=PRODUCT_DEFINITION_CONTEXT('',#10555,'design');
#10437=PRODUCT_DEFINITION_CONTEXT('',#10556,'design');
#10438=PRODUCT_DEFINITION_CONTEXT('',#10557,'design');
#10439=PRODUCT_DEFINITION_CONTEXT('',#10558,'design');
#10440=PRODUCT_DEFINITION_CONTEXT('',#10559,'design');
#10441=PRODUCT_DEFINITION_CONTEXT('',#10560,'design');
#10442=PRODUCT_DEFINITION_CONTEXT('',#10561,'design');
#10443=PRODUCT_DEFINITION_CONTEXT('',#10562,'design');
#10444=PRODUCT_DEFINITION_CONTEXT('',#10563,'design');
#10445=PRODUCT_DEFINITION_CONTEXT('',#10564,'design');
#10446=PRODUCT_DEFINITION_CONTEXT('',#10565,'design');
#10447=PRODUCT_DEFINITION_CONTEXT('',#10566,'design');
#10448=PRODUCT_DEFINITION_CONTEXT('',#10567,'design');
#10449=PRODUCT_DEFINITION_CONTEXT('',#10568,'design');
#10450=PRODUCT_DEFINITION_FORMATION_WITH_SPECIFIED_SOURCE('','',#10484,
 .NOT_KNOWN.);
#10451=PRODUCT_DEFINITION_FORMATION_WITH_SPECIFIED_SOURCE('','',#10485,
 .NOT_KNOWN.);
#10452=PRODUCT_DEFINITION_FORMATION_WITH_SPECIFIED_SOURCE('','',#10486,
 .NOT_KNOWN.);
#10453=PRODUCT_DEFINITION_FORMATION_WITH_SPECIFIED_SOURCE('','',#10487,
 .NOT_KNOWN.);
#10454=PRODUCT_DEFINITION_FORMATION_WITH_SPECIFIED_SOURCE('','',#10488,
 .NOT_KNOWN.);
#10455=PRODUCT_DEFINITION_FORMATION_WITH_SPECIFIED_SOURCE('','',#10489,
 .NOT_KNOWN.);
#10456=PRODUCT_DEFINITION_FORMATION_WITH_SPECIFIED_SOURCE('','',#10490,
 .NOT_KNOWN.);
#10457=PRODUCT_DEFINITION_FORMATION_WITH_SPECIFIED_SOURCE('','',#10491,
 .NOT_KNOWN.);
#10458=PRODUCT_DEFINITION_FORMATION_WITH_SPECIFIED_SOURCE('','',#10492,
 .NOT_KNOWN.);
#10459=PRODUCT_DEFINITION_FORMATION_WITH_SPECIFIED_SOURCE('','',#10493,
 .NOT_KNOWN.);
#10460=PRODUCT_DEFINITION_FORMATION_WITH_SPECIFIED_SOURCE('','',#10494,
 .NOT_KNOWN.);
#10461=PRODUCT_DEFINITION_FORMATION_WITH_SPECIFIED_SOURCE('','',#10495,
 .NOT_KNOWN.);
#10462=PRODUCT_DEFINITION_FORMATION_WITH_SPECIFIED_SOURCE('','',#10496,
 .NOT_KNOWN.);
#10463=PRODUCT_DEFINITION_FORMATION_WITH_SPECIFIED_SOURCE('','',#10497,
 .NOT_KNOWN.);
#10464=PRODUCT_DEFINITION_FORMATION_WITH_SPECIFIED_SOURCE('','',#10498,
 .NOT_KNOWN.);
#10465=PRODUCT_DEFINITION_FORMATION_WITH_SPECIFIED_SOURCE('','',#10499,
 .NOT_KNOWN.);
#10466=PRODUCT_DEFINITION_FORMATION_WITH_SPECIFIED_SOURCE('','',#10500,
 .NOT_KNOWN.);
#10467=PRODUCT_RELATED_PRODUCT_CATEGORY('','',(#10484));
#10468=PRODUCT_RELATED_PRODUCT_CATEGORY('','',(#10485));
#10469=PRODUCT_RELATED_PRODUCT_CATEGORY('','',(#10486));
#10470=PRODUCT_RELATED_PRODUCT_CATEGORY('','',(#10487));
#10471=PRODUCT_RELATED_PRODUCT_CATEGORY('','',(#10488));
#10472=PRODUCT_RELATED_PRODUCT_CATEGORY('','',(#10489));
#10473=PRODUCT_RELATED_PRODUCT_CATEGORY('','',(#10490));
#10474=PRODUCT_RELATED_PRODUCT_CATEGORY('','',(#10491));
#10475=PRODUCT_RELATED_PRODUCT_CATEGORY('','',(#10492));
#10476=PRODUCT_RELATED_PRODUCT_CATEGORY('','',(#10493));
#10477=PRODUCT_RELATED_PRODUCT_CATEGORY('','',(#10494));
#10478=PRODUCT_RELATED_PRODUCT_CATEGORY('','',(#10495));
#10479=PRODUCT_RELATED_PRODUCT_CATEGORY('','',(#10496));
#10480=PRODUCT_RELATED_PRODUCT_CATEGORY('','',(#10497));
#10481=PRODUCT_RELATED_PRODUCT_CATEGORY('','',(#10498));
#10482=PRODUCT_RELATED_PRODUCT_CATEGORY('','',(#10499));
#10483=PRODUCT_RELATED_PRODUCT_CATEGORY('','',(#10500));
#10484=PRODUCT('DUMMY_DC12','DUMMY_DC12','DUMMY_DC12',(#10518));
#10485=PRODUCT('WBH_M2_5X12','WBH_M2_5X12','WBH_M2_5X12',(#10519));
#10486=PRODUCT('WBH_M2_5X12_1','WBH_M2_5X12_1','WBH_M2_5X12_1',(#10520));
#10487=PRODUCT('WBH_M2_5X12_2','WBH_M2_5X12_2','WBH_M2_5X12_2',(#10521));
#10488=PRODUCT('WBH_M2_5X12_3','WBH_M2_5X12_3','WBH_M2_5X12_3',(#10522));
#10489=PRODUCT('WBH_M2_5X12_4','WBH_M2_5X12_4','WBH_M2_5X12_4',(#10523));
#10490=PRODUCT('WBH_M2_5X12_5','WBH_M2_5X12_5','WBH_M2_5X12_5',(#10524));
#10491=PRODUCT('WBH_M2_5X12_6','WBH_M2_5X12_6','WBH_M2_5X12_6',(#10525));
#10492=PRODUCT('WBH_M2_5X12_7','WBH_M2_5X12_7','WBH_M2_5X12_7',(#10526));
#10493=PRODUCT('DC12_A01_SPACER_RING_1','DC12_A01_SPACER_RING_1',
'DC12_A01_SPACER_RING_1',(#10527));
#10494=PRODUCT('DC12_A01_SPACER_RING_1_1','DC12_A01_SPACER_RING_1_1',
'DC12_A01_SPACER_RING_1_1',(#10528));
#10495=PRODUCT('DC12_A01_SPACER_RING_1_2','DC12_A01_SPACER_RING_1_2',
'DC12_A01_SPACER_RING_1_2',(#10529));
#10496=PRODUCT('DC12_A01_SPACER_RING_1_3','DC12_A01_SPACER_RING_1_3',
'DC12_A01_SPACER_RING_1_3',(#10530));
#10497=PRODUCT('DC12_A01_SPACER_RING_1_4','DC12_A01_SPACER_RING_1_4',
'DC12_A01_SPACER_RING_1_4',(#10531));
#10498=PRODUCT('DC12_A01_SPACER_RING_1_5','DC12_A01_SPACER_RING_1_5',
'DC12_A01_SPACER_RING_1_5',(#10532));
#10499=PRODUCT('DC12_A01_SPACER_RING_1_6','DC12_A01_SPACER_RING_1_6',
'DC12_A01_SPACER_RING_1_6',(#10533));
#10500=PRODUCT('DC12_A01_SPACER_RING_1_7','DC12_A01_SPACER_RING_1_7',
'DC12_A01_SPACER_RING_1_7',(#10534));
#10501=PRODUCT_CATEGORY('','');
#10502=PRODUCT_CATEGORY('','');
#10503=PRODUCT_CATEGORY('','');
#10504=PRODUCT_CATEGORY('','');
#10505=PRODUCT_CATEGORY('','');
#10506=PRODUCT_CATEGORY('','');
#10507=PRODUCT_CATEGORY('','');
#10508=PRODUCT_CATEGORY('','');
#10509=PRODUCT_CATEGORY('','');
#10510=PRODUCT_CATEGORY('','');
#10511=PRODUCT_CATEGORY('','');
#10512=PRODUCT_CATEGORY('','');
#10513=PRODUCT_CATEGORY('','');
#10514=PRODUCT_CATEGORY('','');
#10515=PRODUCT_CATEGORY('','');
#10516=PRODUCT_CATEGORY('','');
#10517=PRODUCT_CATEGORY('','');
#10518=PRODUCT_CONTEXT('',#10552,'mechanical');
#10519=PRODUCT_CONTEXT('',#10553,'mechanical');
#10520=PRODUCT_CONTEXT('',#10554,'mechanical');
#10521=PRODUCT_CONTEXT('',#10555,'mechanical');
#10522=PRODUCT_CONTEXT('',#10556,'mechanical');
#10523=PRODUCT_CONTEXT('',#10557,'mechanical');
#10524=PRODUCT_CONTEXT('',#10558,'mechanical');
#10525=PRODUCT_CONTEXT('',#10559,'mechanical');
#10526=PRODUCT_CONTEXT('',#10560,'mechanical');
#10527=PRODUCT_CONTEXT('',#10561,'mechanical');
#10528=PRODUCT_CONTEXT('',#10562,'mechanical');
#10529=PRODUCT_CONTEXT('',#10563,'mechanical');
#10530=PRODUCT_CONTEXT('',#10564,'mechanical');
#10531=PRODUCT_CONTEXT('',#10565,'mechanical');
#10532=PRODUCT_CONTEXT('',#10566,'mechanical');
#10533=PRODUCT_CONTEXT('',#10567,'mechanical');
#10534=PRODUCT_CONTEXT('',#10568,'mechanical');
#10535=APPLICATION_PROTOCOL_DEFINITION('international standard',
'ap242_managed_model_based_3d_engineering',2020,#10552);
#10536=APPLICATION_PROTOCOL_DEFINITION('international standard',
'ap242_managed_model_based_3d_engineering',2020,#10553);
#10537=APPLICATION_PROTOCOL_DEFINITION('international standard',
'ap242_managed_model_based_3d_engineering',2020,#10554);
#10538=APPLICATION_PROTOCOL_DEFINITION('international standard',
'ap242_managed_model_based_3d_engineering',2020,#10555);
#10539=APPLICATION_PROTOCOL_DEFINITION('international standard',
'ap242_managed_model_based_3d_engineering',2020,#10556);
#10540=APPLICATION_PROTOCOL_DEFINITION('international standard',
'ap242_managed_model_based_3d_engineering',2020,#10557);
#10541=APPLICATION_PROTOCOL_DEFINITION('international standard',
'ap242_managed_model_based_3d_engineering',2020,#10558);
#10542=APPLICATION_PROTOCOL_DEFINITION('international standard',
'ap242_managed_model_based_3d_engineering',2020,#10559);
#10543=APPLICATION_PROTOCOL_DEFINITION('international standard',
'ap242_managed_model_based_3d_engineering',2020,#10560);
#10544=APPLICATION_PROTOCOL_DEFINITION('international standard',
'ap242_managed_model_based_3d_engineering',2020,#10561);
#10545=APPLICATION_PROTOCOL_DEFINITION('international standard',
'ap242_managed_model_based_3d_engineering',2020,#10562);
#10546=APPLICATION_PROTOCOL_DEFINITION('international standard',
'ap242_managed_model_based_3d_engineering',2020,#10563);
#10547=APPLICATION_PROTOCOL_DEFINITION('international standard',
'ap242_managed_model_based_3d_engineering',2020,#10564);
#10548=APPLICATION_PROTOCOL_DEFINITION('international standard',
'ap242_managed_model_based_3d_engineering',2020,#10565);
#10549=APPLICATION_PROTOCOL_DEFINITION('international standard',
'ap242_managed_model_based_3d_engineering',2020,#10566);
#10550=APPLICATION_PROTOCOL_DEFINITION('international standard',
'ap242_managed_model_based_3d_engineering',2020,#10567);
#10551=APPLICATION_PROTOCOL_DEFINITION('international standard',
'ap242_managed_model_based_3d_engineering',2020,#10568);
#10552=APPLICATION_CONTEXT('managed model based 3d engineering');
#10553=APPLICATION_CONTEXT('managed model based 3d engineering');
#10554=APPLICATION_CONTEXT('managed model based 3d engineering');
#10555=APPLICATION_CONTEXT('managed model based 3d engineering');
#10556=APPLICATION_CONTEXT('managed model based 3d engineering');
#10557=APPLICATION_CONTEXT('managed model based 3d engineering');
#10558=APPLICATION_CONTEXT('managed model based 3d engineering');
#10559=APPLICATION_CONTEXT('managed model based 3d engineering');
#10560=APPLICATION_CONTEXT('managed model based 3d engineering');
#10561=APPLICATION_CONTEXT('managed model based 3d engineering');
#10562=APPLICATION_CONTEXT('managed model based 3d engineering');
#10563=APPLICATION_CONTEXT('managed model based 3d engineering');
#10564=APPLICATION_CONTEXT('managed model based 3d engineering');
#10565=APPLICATION_CONTEXT('managed model based 3d engineering');
#10566=APPLICATION_CONTEXT('managed model based 3d engineering');
#10567=APPLICATION_CONTEXT('managed model based 3d engineering');
#10568=APPLICATION_CONTEXT('managed model based 3d engineering');
ENDSEC;
END-ISO-10303-21;
