ISO-10303-21;
HEADER;
/* Generated by software containing ST-Developer
 * from STEP Tools, Inc. (www.steptools.com) 
 */
/* OPTION: using custom renumber hook */

FILE_DESCRIPTION(
/* description */ ('STEP AP242 Edition 2',
'CAx-IF Rec.Pracs.---Representation and Presentation of Product Manufa
cturing Information (PMI)---4.0---2014-10-13',
'CAx-IF Rec.Pracs.---3D Tessellated Geometry---0.4---2014-09-14','2;1',
'CAx-IF Rec.Pracs.---User Defined Attributes---1.5---2016-08-15'),
/* implementation_level */ '2;1');

FILE_NAME(
/* name */ 'M10 Nut - M10 Nut',
/* time_stamp */ '2026-04-15T18:32:39Z',
/* author */ (''),
/* organization */ (''),
/* preprocessor_version */ 'ST-DEVELOPER v20',
/* originating_system */ 'ONSHAPE BY PTC INC, 1.213',
/* authorisation */ '  ');

FILE_SCHEMA (('AP242_MANAGED_MODEL_BASED_3D_ENGINEERING_MIM_LF { 1 0 10303 442 3 1 4 }'));
ENDSEC;

DATA;
#10=SHAPE_REPRESENTATION_RELATIONSHIP('','',#504,#11);
#11=ADVANCED_BREP_SHAPE_REPRESENTATION('',(#502),#1554);
#12=LINE('',#1531,#18);
#13=LINE('',#1532,#19);
#14=LINE('',#1534,#20);
#15=LINE('',#1536,#21);
#16=LINE('',#1538,#22);
#17=LINE('',#1540,#23);
#18=VECTOR('',#609,1.);
#19=VECTOR('',#610,1.);
#20=VECTOR('',#613,1.);
#21=VECTOR('',#616,1.);
#22=VECTOR('',#619,1.);
#23=VECTOR('',#622,1.);
#24=PLANE('',#534);
#25=PLANE('',#535);
#26=PLANE('',#536);
#27=PLANE('',#537);
#28=PLANE('',#538);
#29=PLANE('',#539);
#30=PLANE('',#540);
#31=PLANE('',#542);
#32=CONICAL_SURFACE('',#510,0.0085,1.0471975511966);
#33=CONICAL_SURFACE('',#512,0.0085,1.0471975511966);
#34=CONICAL_SURFACE('',#514,0.0085,1.0471975511966);
#35=CONICAL_SURFACE('',#516,0.0085,1.0471975511966);
#36=CONICAL_SURFACE('',#518,0.0085,1.0471975511966);
#37=CONICAL_SURFACE('',#520,0.0085,1.0471975511966);
#38=CONICAL_SURFACE('',#522,0.0085,1.0471975511966);
#39=CONICAL_SURFACE('',#524,0.0085,1.0471975511966);
#40=CONICAL_SURFACE('',#526,0.0085,1.0471975511966);
#41=CONICAL_SURFACE('',#528,0.0085,1.0471975511966);
#42=CONICAL_SURFACE('',#530,0.0085,1.0471975511966);
#43=CONICAL_SURFACE('',#532,0.0085,1.0471975511966);
#44=CONICAL_SURFACE('',#547,0.00508118988160479,0.78539816339745);
#45=CONICAL_SURFACE('',#548,0.00508118988160479,0.78539816339745);
#46=B_SPLINE_CURVE_WITH_KNOTS('',3,(#959,#960,#961,#962,#963,#964,#965),
 .UNSPECIFIED.,.F.,.F.,(4,1,1,1,4),(-0.028487793393571,-0.0265129381264702,
-0.0245380828593694,-0.0225632275922686,-0.0205883723251678),
 .UNSPECIFIED.);
#47=B_SPLINE_CURVE_WITH_KNOTS('',3,(#967,#968,#969,#970,#971,#972,#973,
#974,#975,#976,#977),.UNSPECIFIED.,.F.,.F.,(4,1,1,1,1,1,1,1,4),(0.,0.00361273294720509,
0.00722546589441017,0.0108381988416153,0.0144509317888203,0.0180636647360254,
0.0216763976832305,0.0252891306304356,0.0289018635776407),.UNSPECIFIED.);
#48=B_SPLINE_CURVE_WITH_KNOTS('',3,(#1260,#1261,#1262,#1263,#1264,#1265,
#1266,#1267,#1268,#1269,#1270,#1271),.UNSPECIFIED.,.F.,.F.,(4,1,1,1,1,1,
1,1,1,4),(2.66951623940088E-17,0.00361648973251363,0.00723297946502723,
0.0108494691975408,0.0144659589300544,0.018082448662568,0.0216989383950816,
0.0235071832613384,0.0253154281275952,0.0289319178601088),.UNSPECIFIED.);
#49=B_SPLINE_CURVE_WITH_KNOTS('',3,(#1381,#1382,#1383,#1384,#1385),
 .UNSPECIFIED.,.F.,.F.,(4,1,4),(2.04566856771261E-18,0.00392976339049289,
0.00785952678098579),.UNSPECIFIED.);
#50=B_SPLINE_CURVE_WITH_KNOTS('',3,(#1390,#1391,#1392,#1393),
 .UNSPECIFIED.,.F.,.F.,(4,4),(0.,0.00496585347672744),.UNSPECIFIED.);
#51=B_SPLINE_CURVE_WITH_KNOTS('',3,(#1395,#1396,#1397,#1398),
 .UNSPECIFIED.,.F.,.F.,(4,4),(5.13138124274734E-18,0.00496585347681632),
 .UNSPECIFIED.);
#52=B_SPLINE_CURVE_WITH_KNOTS('',3,(#1402,#1403,#1404,#1405),
 .UNSPECIFIED.,.F.,.F.,(4,4),(8.19416438449821E-21,0.00496585358683114),
 .UNSPECIFIED.);
#53=B_SPLINE_CURVE_WITH_KNOTS('',3,(#1407,#1408,#1409,#1410),
 .UNSPECIFIED.,.F.,.F.,(4,4),(0.,0.00496585358683115),.UNSPECIFIED.);
#54=B_SPLINE_CURVE_WITH_KNOTS('',3,(#1414,#1415,#1416,#1417),
 .UNSPECIFIED.,.F.,.F.,(4,4),(0.,0.00496585347672716),.UNSPECIFIED.);
#55=B_SPLINE_CURVE_WITH_KNOTS('',3,(#1419,#1420,#1421,#1422),
 .UNSPECIFIED.,.F.,.F.,(4,4),(0.,0.00496585347681655),.UNSPECIFIED.);
#56=B_SPLINE_CURVE_WITH_KNOTS('',3,(#1426,#1427,#1428,#1429),
 .UNSPECIFIED.,.F.,.F.,(4,4),(0.,0.00496585347672698),.UNSPECIFIED.);
#57=B_SPLINE_CURVE_WITH_KNOTS('',3,(#1431,#1432,#1433,#1434),
 .UNSPECIFIED.,.F.,.F.,(4,4),(0.,0.00496585347681663),.UNSPECIFIED.);
#58=B_SPLINE_CURVE_WITH_KNOTS('',3,(#1438,#1439,#1440,#1441),
 .UNSPECIFIED.,.F.,.F.,(4,4),(2.01878093347079E-20,0.00496585358683115),
 .UNSPECIFIED.);
#59=B_SPLINE_CURVE_WITH_KNOTS('',3,(#1443,#1444,#1445,#1446),
 .UNSPECIFIED.,.F.,.F.,(4,4),(0.,0.00496585358683116),.UNSPECIFIED.);
#60=B_SPLINE_CURVE_WITH_KNOTS('',3,(#1448,#1449,#1450,#1451),
 .UNSPECIFIED.,.F.,.F.,(4,4),(0.,0.00496585347681651),.UNSPECIFIED.);
#61=B_SPLINE_CURVE_WITH_KNOTS('',3,(#1454,#1455,#1456,#1457),
 .UNSPECIFIED.,.F.,.F.,(4,4),(0.,0.00496585347672729),.UNSPECIFIED.);
#62=B_SPLINE_CURVE_WITH_KNOTS('',3,(#1459,#1460,#1461,#1462),
 .UNSPECIFIED.,.F.,.F.,(4,4),(0.,0.00496585358683116),.UNSPECIFIED.);
#63=B_SPLINE_CURVE_WITH_KNOTS('',3,(#1465,#1466,#1467,#1468),
 .UNSPECIFIED.,.F.,.F.,(4,4),(3.28165577668698E-19,0.00496585358683115),
 .UNSPECIFIED.);
#64=B_SPLINE_CURVE_WITH_KNOTS('',3,(#1472,#1473,#1474,#1475),
 .UNSPECIFIED.,.F.,.F.,(4,4),(0.,0.00496585347672725),.UNSPECIFIED.);
#65=B_SPLINE_CURVE_WITH_KNOTS('',3,(#1477,#1478,#1479,#1480),
 .UNSPECIFIED.,.F.,.F.,(4,4),(0.,0.00496585347681652),.UNSPECIFIED.);
#66=B_SPLINE_CURVE_WITH_KNOTS('',3,(#1484,#1485,#1486,#1487),
 .UNSPECIFIED.,.F.,.F.,(4,4),(0.,0.0049658534767273),.UNSPECIFIED.);
#67=B_SPLINE_CURVE_WITH_KNOTS('',3,(#1489,#1490,#1491,#1492),
 .UNSPECIFIED.,.F.,.F.,(4,4),(0.,0.0049658534768165),.UNSPECIFIED.);
#68=B_SPLINE_CURVE_WITH_KNOTS('',3,(#1496,#1497,#1498,#1499),
 .UNSPECIFIED.,.F.,.F.,(4,4),(0.,0.00496585358683115),.UNSPECIFIED.);
#69=B_SPLINE_CURVE_WITH_KNOTS('',3,(#1501,#1502,#1503,#1504),
 .UNSPECIFIED.,.F.,.F.,(4,4),(1.66049428467481E-19,0.00496585358683114),
 .UNSPECIFIED.);
#70=B_SPLINE_CURVE_WITH_KNOTS('',3,(#1508,#1509,#1510,#1511),
 .UNSPECIFIED.,.F.,.F.,(4,4),(5.13138124274734E-18,0.00496585346321889),
 .UNSPECIFIED.);
#71=B_SPLINE_CURVE_WITH_KNOTS('',3,(#1513,#1514,#1515,#1516),
 .UNSPECIFIED.,.F.,.F.,(4,4),(0.,0.00496585347081343),.UNSPECIFIED.);
#72=B_SPLINE_CURVE_WITH_KNOTS('',3,(#1520,#1521,#1522,#1523),
 .UNSPECIFIED.,.F.,.F.,(4,4),(0.,0.00496585347681662),.UNSPECIFIED.);
#73=B_SPLINE_CURVE_WITH_KNOTS('',3,(#1526,#1527,#1528,#1529),
 .UNSPECIFIED.,.F.,.F.,(4,4),(0.,0.00496585347672696),.UNSPECIFIED.);
#74=(
BOUNDED_SURFACE()
B_SPLINE_SURFACE(1,2,((#785,#786,#787,#788,#789,#790,#791,#792,#793,#794,
#795,#796,#797,#798,#799,#800,#801,#802,#803,#804,#805,#806,#807,#808,#809,
#810,#811,#812,#813,#814,#815,#816,#817,#818,#819,#820,#821,#822,#823,#824,
#825,#826,#827,#828,#829,#830,#831,#832,#833,#834,#835,#836,#837,#838,#839,
#840,#841,#842,#843,#844,#845,#846,#847,#848,#849,#850,#851,#852,#853,#854,
#855,#856,#857,#858,#859,#860,#861,#862,#863,#864,#865,#866,#867,#868,#869,
#870,#871),(#872,#873,#874,#875,#876,#877,#878,#879,#880,#881,#882,#883,
#884,#885,#886,#887,#888,#889,#890,#891,#892,#893,#894,#895,#896,#897,#898,
#899,#900,#901,#902,#903,#904,#905,#906,#907,#908,#909,#910,#911,#912,#913,
#914,#915,#916,#917,#918,#919,#920,#921,#922,#923,#924,#925,#926,#927,#928,
#929,#930,#931,#932,#933,#934,#935,#936,#937,#938,#939,#940,#941,#942,#943,
#944,#945,#946,#947,#948,#949,#950,#951,#952,#953,#954,#955,#956,#957,#958)),
 .RULED_SURF.,.F.,.F.,.F.)
B_SPLINE_SURFACE_WITH_KNOTS((2,2),(3,2,2,2,2,2,2,2,2,2,2,2,2,2,2,2,2,2,
2,2,2,2,2,2,2,2,2,2,2,2,2,2,2,2,2,2,2,2,2,2,2,2,2,3),(0.,0.928615782798162),
(0.00329797386549595,0.0178571428571428,0.0357142857142857,0.0535714285714286,
0.0714285714285714,0.0892857142857143,0.107142857142857,0.125,0.142857142857143,
0.160714285714285,0.178571428571428,0.196428571428572,0.214285714285714,
0.232142857142857,0.25,0.267857142857143,0.285714285714286,0.303571428571428,
0.321428571428572,0.339285714285715,0.357142857142857,0.375,0.392857142857143,
0.410714285714286,0.428571428571428,0.446428571428572,0.464285714285714,
0.482142857142857,0.5,0.517857142857143,0.535714285714286,0.553571428571429,
0.571428571428571,0.589285714285714,0.607142857142857,0.625,0.642857142857143,
0.660714285714286,0.678571428571429,0.696428571428571,0.714285714285714,
0.732142857142857,0.75,0.758784034770328),.PIECEWISE_BEZIER_KNOTS.)
GEOMETRIC_REPRESENTATION_ITEM()
RATIONAL_B_SPLINE_SURFACE(((0.977075952836053,0.937937958006085,1.,0.923879532511287,
1.,0.923879532511287,1.,0.923879532511287,1.,0.923879532511287,1.,0.923879532511287,
1.,0.923879532511287,1.,0.923879532511287,1.,0.923879532511287,1.,0.923879532511287,
1.,0.923879532511287,1.,0.923879532511287,1.,0.923879532511287,1.,0.923879532511287,
1.,0.923879532511287,1.,0.923879532511287,1.,0.923879532511287,1.,0.923879532511287,
1.,0.923879532511287,1.,0.923879532511287,1.,0.923879532511287,1.,0.923879532511287,
1.,0.923879532511287,1.,0.923879532511287,1.,0.923879532511287,1.,0.923879532511287,
1.,0.923879532511287,1.,0.923879532511287,1.,0.923879532511287,1.,0.923879532511287,
1.,0.923879532511287,1.,0.923879532511287,1.,0.923879532511287,1.,0.923879532511287,
1.,0.923879532511287,1.,0.923879532511287,1.,0.923879532511287,1.,0.923879532511287,
1.,0.923879532511287,1.,0.923879532511287,1.,0.923879532511287,1.,0.923879532511287,
1.,0.962555889343348,0.961949740121326),(0.977075952836053,0.937937958006085,
1.,0.923879532511287,1.,0.923879532511287,1.,0.923879532511287,1.,0.923879532511287,
1.,0.923879532511287,1.,0.923879532511287,1.,0.923879532511287,1.,0.923879532511287,
1.,0.923879532511287,1.,0.923879532511287,1.,0.923879532511287,1.,0.923879532511287,
1.,0.923879532511287,1.,0.923879532511287,1.,0.923879532511287,1.,0.923879532511287,
1.,0.923879532511287,1.,0.923879532511287,1.,0.923879532511287,1.,0.923879532511287,
1.,0.923879532511287,1.,0.923879532511287,1.,0.923879532511287,1.,0.923879532511287,
1.,0.923879532511287,1.,0.923879532511287,1.,0.923879532511287,1.,0.923879532511287,
1.,0.923879532511287,1.,0.923879532511287,1.,0.923879532511287,1.,0.923879532511287,
1.,0.923879532511287,1.,0.923879532511287,1.,0.923879532511287,1.,0.923879532511287,
1.,0.923879532511287,1.,0.923879532511287,1.,0.923879532511287,1.,0.923879532511287,
1.,0.923879532511287,1.,0.962555889343348,0.961949740121326)))
REPRESENTATION_ITEM('')
SURFACE()
);
#75=(
BOUNDED_SURFACE()
B_SPLINE_SURFACE(1,2,((#1086,#1087,#1088,#1089,#1090,#1091,#1092,#1093,
#1094,#1095,#1096,#1097,#1098,#1099,#1100,#1101,#1102,#1103,#1104,#1105,
#1106,#1107,#1108,#1109,#1110,#1111,#1112,#1113,#1114,#1115,#1116,#1117,
#1118,#1119,#1120,#1121,#1122,#1123,#1124,#1125,#1126,#1127,#1128,#1129,
#1130,#1131,#1132,#1133,#1134,#1135,#1136,#1137,#1138,#1139,#1140,#1141,
#1142,#1143,#1144,#1145,#1146,#1147,#1148,#1149,#1150,#1151,#1152,#1153,
#1154,#1155,#1156,#1157,#1158,#1159,#1160,#1161,#1162,#1163,#1164,#1165,
#1166,#1167,#1168,#1169,#1170,#1171,#1172),(#1173,#1174,#1175,#1176,#1177,
#1178,#1179,#1180,#1181,#1182,#1183,#1184,#1185,#1186,#1187,#1188,#1189,
#1190,#1191,#1192,#1193,#1194,#1195,#1196,#1197,#1198,#1199,#1200,#1201,
#1202,#1203,#1204,#1205,#1206,#1207,#1208,#1209,#1210,#1211,#1212,#1213,
#1214,#1215,#1216,#1217,#1218,#1219,#1220,#1221,#1222,#1223,#1224,#1225,
#1226,#1227,#1228,#1229,#1230,#1231,#1232,#1233,#1234,#1235,#1236,#1237,
#1238,#1239,#1240,#1241,#1242,#1243,#1244,#1245,#1246,#1247,#1248,#1249,
#1250,#1251,#1252,#1253,#1254,#1255,#1256,#1257,#1258,#1259)),
 .RULED_SURF.,.F.,.F.,.F.)
B_SPLINE_SURFACE_WITH_KNOTS((2,2),(3,2,2,2,2,2,2,2,2,2,2,2,2,2,2,2,2,2,
2,2,2,2,2,2,2,2,2,2,2,2,2,2,2,2,2,2,2,2,2,2,2,2,2,3),(0.0769230769223699,
1.),(0.128297973865498,0.142857142857143,0.160714285714285,0.178571428571428,
0.196428571428572,0.214285714285714,0.232142857142857,0.25,0.267857142857143,
0.285714285714286,0.303571428571428,0.321428571428572,0.339285714285715,
0.357142857142857,0.375,0.392857142857143,0.410714285714286,0.428571428571428,
0.446428571428572,0.464285714285714,0.482142857142857,0.5,0.517857142857143,
0.535714285714286,0.553571428571429,0.571428571428571,0.589285714285714,
0.607142857142857,0.625,0.642857142857143,0.660714285714286,0.678571428571429,
0.696428571428571,0.714285714285714,0.732142857142857,0.75,0.767857142857143,
0.785714285714286,0.803571428571429,0.821428571428571,0.839285714285714,
0.857142857142857,0.875,0.883784034770306),.PIECEWISE_BEZIER_KNOTS.)
GEOMETRIC_REPRESENTATION_ITEM()
RATIONAL_B_SPLINE_SURFACE(((0.977075952836043,0.937937958006093,1.,0.923879532511287,
1.,0.923879532511287,1.,0.923879532511287,1.,0.923879532511287,1.,0.923879532511287,
1.,0.923879532511287,1.,0.923879532511287,1.,0.923879532511287,1.,0.923879532511287,
1.,0.923879532511287,1.,0.923879532511287,1.,0.923879532511287,1.,0.923879532511287,
1.,0.923879532511287,1.,0.923879532511287,1.,0.923879532511287,1.,0.923879532511287,
1.,0.923879532511287,1.,0.923879532511287,1.,0.923879532511287,1.,0.923879532511287,
1.,0.923879532511287,1.,0.923879532511287,1.,0.923879532511287,1.,0.923879532511287,
1.,0.923879532511287,1.,0.923879532511287,1.,0.923879532511287,1.,0.923879532511287,
1.,0.923879532511287,1.,0.923879532511287,1.,0.923879532511287,1.,0.923879532511287,
1.,0.923879532511287,1.,0.923879532511287,1.,0.923879532511287,1.,0.923879532511287,
1.,0.923879532511287,1.,0.923879532511287,1.,0.923879532511287,1.,0.923879532511287,
1.,0.962555889343443,0.961949740121329),(0.977075952836043,0.937937958006093,
1.,0.923879532511287,1.,0.923879532511287,1.,0.923879532511287,1.,0.923879532511287,
1.,0.923879532511287,1.,0.923879532511287,1.,0.923879532511287,1.,0.923879532511287,
1.,0.923879532511287,1.,0.923879532511287,1.,0.923879532511287,1.,0.923879532511287,
1.,0.923879532511287,1.,0.923879532511287,1.,0.923879532511287,1.,0.923879532511287,
1.,0.923879532511287,1.,0.923879532511287,1.,0.923879532511287,1.,0.923879532511287,
1.,0.923879532511287,1.,0.923879532511287,1.,0.923879532511287,1.,0.923879532511287,
1.,0.923879532511287,1.,0.923879532511287,1.,0.923879532511287,1.,0.923879532511287,
1.,0.923879532511287,1.,0.923879532511287,1.,0.923879532511287,1.,0.923879532511287,
1.,0.923879532511287,1.,0.923879532511287,1.,0.923879532511287,1.,0.923879532511287,
1.,0.923879532511287,1.,0.923879532511287,1.,0.923879532511287,1.,0.923879532511287,
1.,0.923879532511287,1.,0.962555889343442,0.961949740121329)))
REPRESENTATION_ITEM('')
SURFACE()
);
#76=(
BOUNDED_CURVE()
B_SPLINE_CURVE(2,(#648,#649,#650,#651,#652,#653,#654,#655,#656,#657,#658,
#659,#660,#661,#662,#663,#664,#665,#666,#667,#668,#669,#670,#671,#672,#673,
#674,#675,#676,#677,#678,#679,#680,#681,#682,#683,#684,#685,#686,#687,#688,
#689,#690,#691,#692,#693,#694,#695,#696,#697,#698,#699,#700,#701,#702,#703,
#704,#705,#706,#707,#708,#709,#710,#711,#712,#713,#714),.UNSPECIFIED.,.F.,
 .F.)
B_SPLINE_CURVE_WITH_KNOTS((3,2,2,2,2,2,2,2,2,2,2,2,2,2,2,2,2,2,2,2,2,2,
2,2,2,2,2,2,2,2,2,2,2,3),(0.189965506440355,0.197375903103373,0.217113493413711,
0.236851083724048,0.256588674034385,0.276326264344722,0.29606385465506,
0.315801444965397,0.335539035275734,0.355276625586072,0.375014215896409,
0.394751806206746,0.414489396517083,0.434226986827421,0.453964577137758,
0.473702167448095,0.493439757758433,0.51317734806877,0.532914938379107,
0.552652528689445,0.572390118999782,0.592127709310119,0.611865299620457,
0.631602889930794,0.651340480241131,0.671078070551469,0.690815660861806,
0.710553251172143,0.730290841482481,0.750028431792818,0.769766022103155,
0.789503612413492,0.80924120272383,0.810035039739821),.UNSPECIFIED.)
CURVE()
GEOMETRIC_REPRESENTATION_ITEM()
RATIONAL_B_SPLINE_CURVE((0.964301591411179,0.97142088525516,1.,0.923879532511287,
1.,0.923879532511287,1.,0.923879532511287,1.,0.923879532511287,1.,0.923879532511287,
1.,0.923879532511287,1.,0.923879532511287,1.,0.923879532511287,1.,0.923879532511287,
1.,0.923879532511287,1.,0.923879532511287,1.,0.923879532511287,1.,0.923879532511287,
1.,0.923879532511287,1.,0.923879532511287,1.,0.923879532511287,1.,0.923879532511287,
1.,0.923879532511287,1.,0.923879532511287,1.,0.923879532511287,1.,0.923879532511287,
1.,0.923879532511287,1.,0.923879532511287,1.,0.923879532511287,1.,0.923879532511287,
1.,0.923879532511287,1.,0.923879532511287,1.,0.923879532511287,1.,0.923879532511287,
1.,0.923879532511287,1.,0.923879532511287,1.,0.996938468991554,0.994123204786896))
REPRESENTATION_ITEM('')
);
#77=(
BOUNDED_CURVE()
B_SPLINE_CURVE(2,(#718,#719,#720,#721,#722,#723,#724,#725,#726,#727,#728,
#729,#730,#731,#732,#733,#734,#735,#736,#737,#738,#739,#740,#741,#742,#743,
#744,#745,#746,#747,#748,#749,#750,#751,#752,#753,#754,#755,#756,#757,#758,
#759,#760,#761,#762,#763,#764,#765,#766,#767,#768,#769,#770,#771,#772,#773,
#774,#775,#776,#777,#778,#779,#780,#781,#782,#783,#784),.UNSPECIFIED.,.F.,
 .F.)
B_SPLINE_CURVE_WITH_KNOTS((3,2,2,2,2,2,2,2,2,2,2,2,2,2,2,2,2,2,2,2,2,2,
2,2,2,2,2,2,2,2,2,2,2,3),(0.154009895271532,0.160714285714285,0.178571428571428,
0.196428571428572,0.214285714285714,0.232142857142857,0.25,0.267857142857143,
0.285714285714286,0.303571428571428,0.321428571428572,0.339285714285715,
0.357142857142857,0.375,0.392857142857143,0.410714285714286,0.428571428571428,
0.446428571428572,0.464285714285714,0.482142857142857,0.5,0.517857142857143,
0.535714285714286,0.553571428571429,0.571428571428571,0.589285714285714,
0.607142857142857,0.625,0.642857142857143,0.660714285714286,0.678571428571429,
0.696428571428571,0.714285714285714,0.715003920549863),.UNSPECIFIED.)
CURVE()
GEOMETRIC_REPRESENTATION_ITEM()
RATIONAL_B_SPLINE_CURVE((0.964301591411179,0.97142088525516,1.,0.923879532511287,
1.,0.923879532511287,1.,0.923879532511287,1.,0.923879532511287,1.,0.923879532511287,
1.,0.923879532511287,1.,0.923879532511287,1.,0.923879532511287,1.,0.923879532511287,
1.,0.923879532511287,1.,0.923879532511287,1.,0.923879532511287,1.,0.923879532511287,
1.,0.923879532511287,1.,0.923879532511287,1.,0.923879532511287,1.,0.923879532511287,
1.,0.923879532511287,1.,0.923879532511287,1.,0.923879532511287,1.,0.923879532511287,
1.,0.923879532511287,1.,0.923879532511287,1.,0.923879532511287,1.,0.923879532511287,
1.,0.923879532511287,1.,0.923879532511287,1.,0.923879532511287,1.,0.923879532511287,
1.,0.923879532511287,1.,0.923879532511287,1.,0.996938468991504,0.994123204786805))
REPRESENTATION_ITEM('')
);
#78=(
BOUNDED_CURVE()
B_SPLINE_CURVE(2,(#979,#980,#981,#982,#983),.UNSPECIFIED.,.F.,.F.)
B_SPLINE_CURVE_WITH_KNOTS((3,2,3),(0.869013230864757,0.8868703737219,0.896950376344542),
 .UNSPECIFIED.)
CURVE()
GEOMETRIC_REPRESENTATION_ITEM()
RATIONAL_B_SPLINE_CURVE((1.,0.923879532511287,1.,0.957031507332311,0.962572736768128))
REPRESENTATION_ITEM('')
);
#79=(
BOUNDED_CURVE()
B_SPLINE_CURVE(2,(#985,#986,#987,#988,#989,#990,#991,#992,#993),
 .UNSPECIFIED.,.F.,.F.)
B_SPLINE_CURVE_WITH_KNOTS((3,2,2,2,3),(0.797584659436185,0.815441802293328,
0.833298945150471,0.851156088007614,0.869013230864757),.UNSPECIFIED.)
CURVE()
GEOMETRIC_REPRESENTATION_ITEM()
RATIONAL_B_SPLINE_CURVE((1.,0.923879532511287,1.,0.923879532511287,1.,0.923879532511287,
1.,0.923879532511287,1.))
REPRESENTATION_ITEM('')
);
#80=(
BOUNDED_CURVE()
B_SPLINE_CURVE(2,(#995,#996,#997,#998,#999,#1000,#1001,#1002,#1003),
 .UNSPECIFIED.,.F.,.F.)
B_SPLINE_CURVE_WITH_KNOTS((3,2,2,2,3),(0.726156088007614,0.744013230864757,
0.7618703737219,0.779727516579043,0.797584659436185),.UNSPECIFIED.)
CURVE()
GEOMETRIC_REPRESENTATION_ITEM()
RATIONAL_B_SPLINE_CURVE((1.,0.923879532511287,1.,0.923879532511287,1.,0.923879532511287,
1.,0.923879532511287,1.))
REPRESENTATION_ITEM('')
);
#81=(
BOUNDED_CURVE()
B_SPLINE_CURVE(2,(#1005,#1006,#1007,#1008,#1009,#1010,#1011,#1012,#1013),
 .UNSPECIFIED.,.F.,.F.)
B_SPLINE_CURVE_WITH_KNOTS((3,2,2,2,3),(0.654727516579043,0.672584659436185,
0.690441802293328,0.708298945150471,0.726156088007614),.UNSPECIFIED.)
CURVE()
GEOMETRIC_REPRESENTATION_ITEM()
RATIONAL_B_SPLINE_CURVE((1.,0.923879532511287,1.,0.923879532511287,1.,0.923879532511287,
1.,0.923879532511287,1.))
REPRESENTATION_ITEM('')
);
#82=(
BOUNDED_CURVE()
B_SPLINE_CURVE(2,(#1015,#1016,#1017,#1018,#1019,#1020,#1021,#1022,#1023),
 .UNSPECIFIED.,.F.,.F.)
B_SPLINE_CURVE_WITH_KNOTS((3,2,2,2,3),(0.583298945150471,0.601156088007614,
0.619013230864757,0.6368703737219,0.654727516579043),.UNSPECIFIED.)
CURVE()
GEOMETRIC_REPRESENTATION_ITEM()
RATIONAL_B_SPLINE_CURVE((1.,0.923879532511287,1.,0.923879532511287,1.,0.923879532511287,
1.,0.923879532511287,1.))
REPRESENTATION_ITEM('')
);
#83=(
BOUNDED_CURVE()
B_SPLINE_CURVE(2,(#1025,#1026,#1027,#1028,#1029,#1030,#1031,#1032,#1033),
 .UNSPECIFIED.,.F.,.F.)
B_SPLINE_CURVE_WITH_KNOTS((3,2,2,2,3),(0.5118703737219,0.529727516579043,
0.547584659436185,0.565441802293328,0.583298945150471),.UNSPECIFIED.)
CURVE()
GEOMETRIC_REPRESENTATION_ITEM()
RATIONAL_B_SPLINE_CURVE((1.,0.923879532511287,1.,0.923879532511287,1.,0.923879532511287,
1.,0.923879532511287,1.))
REPRESENTATION_ITEM('')
);
#84=(
BOUNDED_CURVE()
B_SPLINE_CURVE(2,(#1035,#1036,#1037,#1038,#1039,#1040,#1041,#1042,#1043),
 .UNSPECIFIED.,.F.,.F.)
B_SPLINE_CURVE_WITH_KNOTS((3,2,2,2,3),(0.440441802293328,0.458298945150471,
0.476156088007614,0.494013230864757,0.5118703737219),.UNSPECIFIED.)
CURVE()
GEOMETRIC_REPRESENTATION_ITEM()
RATIONAL_B_SPLINE_CURVE((1.,0.923879532511287,1.,0.923879532511287,1.,0.923879532511287,
1.,0.923879532511287,1.))
REPRESENTATION_ITEM('')
);
#85=(
BOUNDED_CURVE()
B_SPLINE_CURVE(2,(#1045,#1046,#1047,#1048,#1049,#1050,#1051,#1052,#1053),
 .UNSPECIFIED.,.F.,.F.)
B_SPLINE_CURVE_WITH_KNOTS((3,2,2,2,3),(0.369013230864757,0.386870373721899,
0.404727516579042,0.422584659436185,0.440441802293328),.UNSPECIFIED.)
CURVE()
GEOMETRIC_REPRESENTATION_ITEM()
RATIONAL_B_SPLINE_CURVE((1.,0.923879532511287,1.,0.923879532511287,1.,0.923879532511287,
1.,0.923879532511287,1.))
REPRESENTATION_ITEM('')
);
#86=(
BOUNDED_CURVE()
B_SPLINE_CURVE(2,(#1055,#1056,#1057,#1058,#1059,#1060,#1061,#1062,#1063),
 .UNSPECIFIED.,.F.,.F.)
B_SPLINE_CURVE_WITH_KNOTS((3,2,2,2,3),(0.297584659436185,0.315441802293328,
0.333298945150471,0.351156088007614,0.369013230864757),.UNSPECIFIED.)
CURVE()
GEOMETRIC_REPRESENTATION_ITEM()
RATIONAL_B_SPLINE_CURVE((1.,0.923879532511287,1.,0.923879532511287,1.,0.923879532511287,
1.,0.923879532511287,1.))
REPRESENTATION_ITEM('')
);
#87=(
BOUNDED_CURVE()
B_SPLINE_CURVE(2,(#1065,#1066,#1067,#1068,#1069,#1070,#1071,#1072,#1073),
 .UNSPECIFIED.,.F.,.F.)
B_SPLINE_CURVE_WITH_KNOTS((3,2,2,2,3),(0.226156088007614,0.244013230864757,
0.261870373721899,0.279727516579042,0.297584659436185),.UNSPECIFIED.)
CURVE()
GEOMETRIC_REPRESENTATION_ITEM()
RATIONAL_B_SPLINE_CURVE((1.,0.923879532511287,1.,0.923879532511287,1.,0.923879532511287,
1.,0.923879532511287,1.))
REPRESENTATION_ITEM('')
);
#88=(
BOUNDED_CURVE()
B_SPLINE_CURVE(2,(#1075,#1076,#1077,#1078,#1079,#1080,#1081,#1082,#1083),
 .UNSPECIFIED.,.F.,.F.)
B_SPLINE_CURVE_WITH_KNOTS((3,2,2,2,3),(0.154727516579042,0.172584659436186,
0.190441802293328,0.208298945150471,0.226156088007614),.UNSPECIFIED.)
CURVE()
GEOMETRIC_REPRESENTATION_ITEM()
RATIONAL_B_SPLINE_CURVE((1.,0.923879532511287,1.,0.923879532511287,1.,0.923879532511287,
1.,0.923879532511287,1.))
REPRESENTATION_ITEM('')
);
#89=(
BOUNDED_CURVE()
B_SPLINE_CURVE(2,(#1273,#1274,#1275,#1276,#1277,#1278,#1279,#1280,#1281),
 .UNSPECIFIED.,.F.,.F.)
B_SPLINE_CURVE_WITH_KNOTS((3,2,2,2,3),(0.00166029093701421,0.00260284811323731,
0.00651269542511789,0.0104225427369984,0.014332390048879),.UNSPECIFIED.)
CURVE()
GEOMETRIC_REPRESENTATION_ITEM()
RATIONAL_B_SPLINE_CURVE((0.972146513520439,0.981649438669657,1.,0.923879532511287,
1.,0.923879532511287,1.,0.923879532510873,1.00000000000041))
REPRESENTATION_ITEM('')
);
#90=(
BOUNDED_CURVE()
B_SPLINE_CURVE(2,(#1283,#1284,#1285,#1286,#1287,#1288,#1289,#1290,#1291),
 .UNSPECIFIED.,.F.,.F.)
B_SPLINE_CURVE_WITH_KNOTS((3,2,2,2,3),(0.014332390048879,0.0182455822948456,
0.0221587745408121,0.0260719667867787,0.0299851590327453),.UNSPECIFIED.)
CURVE()
GEOMETRIC_REPRESENTATION_ITEM()
RATIONAL_B_SPLINE_CURVE((0.999999999999586,0.923879532511701,1.,0.923879532511287,
1.,0.923879532511287,1.,0.923879532511287,1.))
REPRESENTATION_ITEM('')
);
#91=(
BOUNDED_CURVE()
B_SPLINE_CURVE(2,(#1293,#1294,#1295,#1296,#1297,#1298,#1299,#1300,#1301),
 .UNSPECIFIED.,.F.,.F.)
B_SPLINE_CURVE_WITH_KNOTS((3,2,2,2,3),(0.0299851590327453,0.0338973076817994,
0.0378094563308535,0.0417216049799076,0.0456337536289617),.UNSPECIFIED.)
CURVE()
GEOMETRIC_REPRESENTATION_ITEM()
RATIONAL_B_SPLINE_CURVE((1.,0.923879532511286,1.,0.923879532511287,1.,0.923879532511287,
1.,0.923879532511688,0.999999999999599))
REPRESENTATION_ITEM('')
);
#92=(
BOUNDED_CURVE()
B_SPLINE_CURVE(2,(#1303,#1304,#1305,#1306,#1307,#1308,#1309,#1310,#1311),
 .UNSPECIFIED.,.F.,.F.)
B_SPLINE_CURVE_WITH_KNOTS((3,2,2,2,3),(0.0456337536289617,0.0495467706107578,
0.0534597875925539,0.0573728045743501,0.0612858215561462),.UNSPECIFIED.)
CURVE()
GEOMETRIC_REPRESENTATION_ITEM()
RATIONAL_B_SPLINE_CURVE((1.0000000000004,0.923879532510886,1.,0.923879532511287,
1.,0.923879532511287,1.,0.923879532511287,1.))
REPRESENTATION_ITEM('')
);
#93=(
BOUNDED_CURVE()
B_SPLINE_CURVE(2,(#1313,#1314,#1315,#1316,#1317,#1318,#1319,#1320,#1321),
 .UNSPECIFIED.,.F.,.F.)
B_SPLINE_CURVE_WITH_KNOTS((3,2,2,2,3),(0.0612858215561462,0.0651991776218372,
0.0691125336875282,0.0730258897532193,0.0769392458189103),.UNSPECIFIED.)
CURVE()
GEOMETRIC_REPRESENTATION_ITEM()
RATIONAL_B_SPLINE_CURVE((1.,0.923879532511287,1.,0.923879532511287,1.,0.923879532511287,
1.,0.923879532511287,1.))
REPRESENTATION_ITEM('')
);
#94=(
BOUNDED_CURVE()
B_SPLINE_CURVE(2,(#1323,#1324,#1325,#1326,#1327,#1328,#1329,#1330,#1331),
 .UNSPECIFIED.,.F.,.F.)
B_SPLINE_CURVE_WITH_KNOTS((3,2,2,2,3),(0.0769392458189103,0.0808516391824085,
0.0847640325459068,0.088676425909405,0.0925888192729033),.UNSPECIFIED.)
CURVE()
GEOMETRIC_REPRESENTATION_ITEM()
RATIONAL_B_SPLINE_CURVE((1.,0.923879532511287,1.,0.923879532511287,1.,0.923879532511287,
1.,0.923879532511287,1.))
REPRESENTATION_ITEM('')
);
#95=(
BOUNDED_CURVE()
B_SPLINE_CURVE(2,(#1333,#1334,#1335,#1336,#1337,#1338,#1339,#1340,#1341),
 .UNSPECIFIED.,.F.,.F.)
B_SPLINE_CURVE_WITH_KNOTS((3,2,2,2,3),(0.0925888192729033,0.0965014520197721,
0.100414084766641,0.10432671751351,0.108239350260379),.UNSPECIFIED.)
CURVE()
GEOMETRIC_REPRESENTATION_ITEM()
RATIONAL_B_SPLINE_CURVE((1.,0.923879532511287,1.,0.923879532511287,1.,0.923879532511287,
1.,0.923879532511275,1.))
REPRESENTATION_ITEM('')
);
#96=(
BOUNDED_CURVE()
B_SPLINE_CURVE(2,(#1343,#1344,#1345,#1346,#1347,#1348,#1349,#1350,#1351),
 .UNSPECIFIED.,.F.,.F.)
B_SPLINE_CURVE_WITH_KNOTS((3,2,2,2,3),(0.108239350260379,0.112152739382398,
0.116066128504418,0.119979517626437,0.123892906748457),.UNSPECIFIED.)
CURVE()
GEOMETRIC_REPRESENTATION_ITEM()
RATIONAL_B_SPLINE_CURVE((0.999999999999989,0.923879532511298,1.,0.923879532511287,
1.,0.923879532511287,1.,0.923879532511287,1.))
REPRESENTATION_ITEM('')
);
#97=(
BOUNDED_CURVE()
B_SPLINE_CURVE(2,(#1353,#1354,#1355,#1356,#1357,#1358,#1359,#1360,#1361),
 .UNSPECIFIED.,.F.,.F.)
B_SPLINE_CURVE_WITH_KNOTS((3,2,2,2,3),(0.123892906748457,0.12780573485988,
0.131718562971303,0.135631391082726,0.13954421919415),.UNSPECIFIED.)
CURVE()
GEOMETRIC_REPRESENTATION_ITEM()
RATIONAL_B_SPLINE_CURVE((1.,0.923879532511287,1.,0.923879532511287,1.,0.923879532511287,
1.,0.923879532511287,1.))
REPRESENTATION_ITEM('')
);
#98=(
BOUNDED_CURVE()
B_SPLINE_CURVE(2,(#1363,#1364,#1365,#1366,#1367,#1368,#1369,#1370,#1371),
 .UNSPECIFIED.,.F.,.F.)
B_SPLINE_CURVE_WITH_KNOTS((3,2,2,2,3),(0.13954421919415,0.143456460748407,
0.147368702302664,0.151280943856921,0.155193185411178),.UNSPECIFIED.)
CURVE()
GEOMETRIC_REPRESENTATION_ITEM()
RATIONAL_B_SPLINE_CURVE((1.,0.923879532511287,1.,0.923879532511287,1.,0.923879532511287,
1.,0.923879532511571,0.999999999999716))
REPRESENTATION_ITEM('')
);
#99=(
BOUNDED_CURVE()
B_SPLINE_CURVE(2,(#1373,#1374,#1375,#1376,#1377,#1378,#1379),
 .UNSPECIFIED.,.F.,.F.)
B_SPLINE_CURVE_WITH_KNOTS((3,2,2,3),(0.155193185411178,0.159107298916524,
0.16302141242187,0.165230851788225),.UNSPECIFIED.)
CURVE()
GEOMETRIC_REPRESENTATION_ITEM()
RATIONAL_B_SPLINE_CURVE((1.00000000000028,0.923879532511003,1.,0.923879532511287,
1.,0.957031507332304,0.96257273676813))
REPRESENTATION_ITEM('')
);
#100=ORIENTED_EDGE('',*,*,#254,.F.);
#101=ORIENTED_EDGE('',*,*,#255,.F.);
#102=ORIENTED_EDGE('',*,*,#256,.F.);
#103=ORIENTED_EDGE('',*,*,#257,.T.);
#104=ORIENTED_EDGE('',*,*,#258,.F.);
#105=ORIENTED_EDGE('',*,*,#257,.F.);
#106=ORIENTED_EDGE('',*,*,#259,.F.);
#107=ORIENTED_EDGE('',*,*,#260,.F.);
#108=ORIENTED_EDGE('',*,*,#261,.F.);
#109=ORIENTED_EDGE('',*,*,#262,.F.);
#110=ORIENTED_EDGE('',*,*,#263,.F.);
#111=ORIENTED_EDGE('',*,*,#264,.F.);
#112=ORIENTED_EDGE('',*,*,#265,.F.);
#113=ORIENTED_EDGE('',*,*,#266,.F.);
#114=ORIENTED_EDGE('',*,*,#267,.F.);
#115=ORIENTED_EDGE('',*,*,#268,.F.);
#116=ORIENTED_EDGE('',*,*,#269,.F.);
#117=ORIENTED_EDGE('',*,*,#270,.F.);
#118=ORIENTED_EDGE('',*,*,#271,.F.);
#119=ORIENTED_EDGE('',*,*,#272,.F.);
#120=ORIENTED_EDGE('',*,*,#273,.T.);
#121=ORIENTED_EDGE('',*,*,#274,.T.);
#122=ORIENTED_EDGE('',*,*,#275,.T.);
#123=ORIENTED_EDGE('',*,*,#276,.T.);
#124=ORIENTED_EDGE('',*,*,#277,.T.);
#125=ORIENTED_EDGE('',*,*,#278,.T.);
#126=ORIENTED_EDGE('',*,*,#279,.T.);
#127=ORIENTED_EDGE('',*,*,#280,.T.);
#128=ORIENTED_EDGE('',*,*,#281,.T.);
#129=ORIENTED_EDGE('',*,*,#282,.T.);
#130=ORIENTED_EDGE('',*,*,#283,.T.);
#131=ORIENTED_EDGE('',*,*,#284,.F.);
#132=ORIENTED_EDGE('',*,*,#255,.T.);
#133=ORIENTED_EDGE('',*,*,#285,.F.);
#134=ORIENTED_EDGE('',*,*,#286,.F.);
#135=ORIENTED_EDGE('',*,*,#287,.F.);
#136=ORIENTED_EDGE('',*,*,#288,.F.);
#137=ORIENTED_EDGE('',*,*,#289,.F.);
#138=ORIENTED_EDGE('',*,*,#290,.F.);
#139=ORIENTED_EDGE('',*,*,#291,.F.);
#140=ORIENTED_EDGE('',*,*,#292,.F.);
#141=ORIENTED_EDGE('',*,*,#293,.F.);
#142=ORIENTED_EDGE('',*,*,#294,.F.);
#143=ORIENTED_EDGE('',*,*,#295,.F.);
#144=ORIENTED_EDGE('',*,*,#296,.F.);
#145=ORIENTED_EDGE('',*,*,#297,.F.);
#146=ORIENTED_EDGE('',*,*,#298,.F.);
#147=ORIENTED_EDGE('',*,*,#299,.F.);
#148=ORIENTED_EDGE('',*,*,#300,.F.);
#149=ORIENTED_EDGE('',*,*,#301,.T.);
#150=ORIENTED_EDGE('',*,*,#302,.F.);
#151=ORIENTED_EDGE('',*,*,#303,.T.);
#152=ORIENTED_EDGE('',*,*,#304,.T.);
#153=ORIENTED_EDGE('',*,*,#305,.F.);
#154=ORIENTED_EDGE('',*,*,#306,.T.);
#155=ORIENTED_EDGE('',*,*,#307,.T.);
#156=ORIENTED_EDGE('',*,*,#308,.F.);
#157=ORIENTED_EDGE('',*,*,#309,.T.);
#158=ORIENTED_EDGE('',*,*,#310,.T.);
#159=ORIENTED_EDGE('',*,*,#311,.F.);
#160=ORIENTED_EDGE('',*,*,#312,.T.);
#161=ORIENTED_EDGE('',*,*,#313,.T.);
#162=ORIENTED_EDGE('',*,*,#314,.F.);
#163=ORIENTED_EDGE('',*,*,#315,.T.);
#164=ORIENTED_EDGE('',*,*,#316,.T.);
#165=ORIENTED_EDGE('',*,*,#317,.F.);
#166=ORIENTED_EDGE('',*,*,#318,.T.);
#167=ORIENTED_EDGE('',*,*,#319,.F.);
#168=ORIENTED_EDGE('',*,*,#320,.T.);
#169=ORIENTED_EDGE('',*,*,#321,.T.);
#170=ORIENTED_EDGE('',*,*,#286,.T.);
#171=ORIENTED_EDGE('',*,*,#300,.T.);
#172=ORIENTED_EDGE('',*,*,#322,.F.);
#173=ORIENTED_EDGE('',*,*,#320,.F.);
#174=ORIENTED_EDGE('',*,*,#316,.F.);
#175=ORIENTED_EDGE('',*,*,#323,.T.);
#176=ORIENTED_EDGE('',*,*,#289,.T.);
#177=ORIENTED_EDGE('',*,*,#287,.T.);
#178=ORIENTED_EDGE('',*,*,#321,.F.);
#179=ORIENTED_EDGE('',*,*,#315,.F.);
#180=ORIENTED_EDGE('',*,*,#313,.F.);
#181=ORIENTED_EDGE('',*,*,#324,.T.);
#182=ORIENTED_EDGE('',*,*,#292,.T.);
#183=ORIENTED_EDGE('',*,*,#290,.T.);
#184=ORIENTED_EDGE('',*,*,#323,.F.);
#185=ORIENTED_EDGE('',*,*,#312,.F.);
#186=ORIENTED_EDGE('',*,*,#310,.F.);
#187=ORIENTED_EDGE('',*,*,#325,.T.);
#188=ORIENTED_EDGE('',*,*,#295,.T.);
#189=ORIENTED_EDGE('',*,*,#293,.T.);
#190=ORIENTED_EDGE('',*,*,#324,.F.);
#191=ORIENTED_EDGE('',*,*,#309,.F.);
#192=ORIENTED_EDGE('',*,*,#307,.F.);
#193=ORIENTED_EDGE('',*,*,#326,.T.);
#194=ORIENTED_EDGE('',*,*,#298,.T.);
#195=ORIENTED_EDGE('',*,*,#296,.T.);
#196=ORIENTED_EDGE('',*,*,#325,.F.);
#197=ORIENTED_EDGE('',*,*,#306,.F.);
#198=ORIENTED_EDGE('',*,*,#304,.F.);
#199=ORIENTED_EDGE('',*,*,#322,.T.);
#200=ORIENTED_EDGE('',*,*,#302,.T.);
#201=ORIENTED_EDGE('',*,*,#299,.T.);
#202=ORIENTED_EDGE('',*,*,#326,.F.);
#203=ORIENTED_EDGE('',*,*,#303,.F.);
#204=ORIENTED_EDGE('',*,*,#318,.F.);
#205=ORIENTED_EDGE('',*,*,#301,.F.);
#206=ORIENTED_EDGE('',*,*,#285,.T.);
#207=ORIENTED_EDGE('',*,*,#288,.T.);
#208=ORIENTED_EDGE('',*,*,#291,.T.);
#209=ORIENTED_EDGE('',*,*,#294,.T.);
#210=ORIENTED_EDGE('',*,*,#297,.T.);
#211=ORIENTED_EDGE('',*,*,#327,.F.);
#212=ORIENTED_EDGE('',*,*,#317,.T.);
#213=ORIENTED_EDGE('',*,*,#319,.T.);
#214=ORIENTED_EDGE('',*,*,#305,.T.);
#215=ORIENTED_EDGE('',*,*,#308,.T.);
#216=ORIENTED_EDGE('',*,*,#311,.T.);
#217=ORIENTED_EDGE('',*,*,#314,.T.);
#218=ORIENTED_EDGE('',*,*,#328,.F.);
#219=ORIENTED_EDGE('',*,*,#261,.T.);
#220=ORIENTED_EDGE('',*,*,#260,.T.);
#221=ORIENTED_EDGE('',*,*,#329,.F.);
#222=ORIENTED_EDGE('',*,*,#283,.F.);
#223=ORIENTED_EDGE('',*,*,#282,.F.);
#224=ORIENTED_EDGE('',*,*,#281,.F.);
#225=ORIENTED_EDGE('',*,*,#280,.F.);
#226=ORIENTED_EDGE('',*,*,#279,.F.);
#227=ORIENTED_EDGE('',*,*,#278,.F.);
#228=ORIENTED_EDGE('',*,*,#277,.F.);
#229=ORIENTED_EDGE('',*,*,#276,.F.);
#230=ORIENTED_EDGE('',*,*,#275,.F.);
#231=ORIENTED_EDGE('',*,*,#274,.F.);
#232=ORIENTED_EDGE('',*,*,#273,.F.);
#233=ORIENTED_EDGE('',*,*,#330,.F.);
#234=ORIENTED_EDGE('',*,*,#271,.T.);
#235=ORIENTED_EDGE('',*,*,#270,.T.);
#236=ORIENTED_EDGE('',*,*,#269,.T.);
#237=ORIENTED_EDGE('',*,*,#268,.T.);
#238=ORIENTED_EDGE('',*,*,#267,.T.);
#239=ORIENTED_EDGE('',*,*,#266,.T.);
#240=ORIENTED_EDGE('',*,*,#265,.T.);
#241=ORIENTED_EDGE('',*,*,#264,.T.);
#242=ORIENTED_EDGE('',*,*,#263,.T.);
#243=ORIENTED_EDGE('',*,*,#262,.T.);
#244=ORIENTED_EDGE('',*,*,#328,.T.);
#245=ORIENTED_EDGE('',*,*,#259,.T.);
#246=ORIENTED_EDGE('',*,*,#256,.T.);
#247=ORIENTED_EDGE('',*,*,#284,.T.);
#248=ORIENTED_EDGE('',*,*,#329,.T.);
#249=ORIENTED_EDGE('',*,*,#327,.T.);
#250=ORIENTED_EDGE('',*,*,#272,.T.);
#251=ORIENTED_EDGE('',*,*,#254,.T.);
#252=ORIENTED_EDGE('',*,*,#258,.T.);
#253=ORIENTED_EDGE('',*,*,#330,.T.);
#254=EDGE_CURVE('',#331,#332,#386,.F.);
#255=EDGE_CURVE('',#333,#331,#76,.T.);
#256=EDGE_CURVE('',#334,#333,#387,.F.);
#257=EDGE_CURVE('',#334,#332,#77,.T.);
#258=EDGE_CURVE('',#332,#335,#46,.T.);
#259=EDGE_CURVE('',#336,#334,#47,.T.);
#260=EDGE_CURVE('',#337,#336,#78,.T.);
#261=EDGE_CURVE('',#338,#337,#79,.T.);
#262=EDGE_CURVE('',#339,#338,#80,.T.);
#263=EDGE_CURVE('',#340,#339,#81,.T.);
#264=EDGE_CURVE('',#341,#340,#82,.T.);
#265=EDGE_CURVE('',#342,#341,#83,.T.);
#266=EDGE_CURVE('',#343,#342,#84,.T.);
#267=EDGE_CURVE('',#344,#343,#85,.T.);
#268=EDGE_CURVE('',#345,#344,#86,.T.);
#269=EDGE_CURVE('',#346,#345,#87,.T.);
#270=EDGE_CURVE('',#347,#346,#88,.T.);
#271=EDGE_CURVE('',#335,#347,#388,.T.);
#272=EDGE_CURVE('',#348,#331,#48,.T.);
#273=EDGE_CURVE('',#348,#349,#89,.T.);
#274=EDGE_CURVE('',#349,#350,#90,.T.);
#275=EDGE_CURVE('',#350,#351,#91,.T.);
#276=EDGE_CURVE('',#351,#352,#92,.T.);
#277=EDGE_CURVE('',#352,#353,#93,.T.);
#278=EDGE_CURVE('',#353,#354,#94,.T.);
#279=EDGE_CURVE('',#354,#355,#95,.T.);
#280=EDGE_CURVE('',#355,#356,#96,.T.);
#281=EDGE_CURVE('',#356,#357,#97,.T.);
#282=EDGE_CURVE('',#357,#358,#98,.T.);
#283=EDGE_CURVE('',#358,#359,#99,.T.);
#284=EDGE_CURVE('',#333,#359,#49,.T.);
#285=EDGE_CURVE('',#360,#361,#389,.T.);
#286=EDGE_CURVE('',#362,#360,#50,.T.);
#287=EDGE_CURVE('',#361,#362,#51,.T.);
#288=EDGE_CURVE('',#361,#363,#390,.T.);
#289=EDGE_CURVE('',#364,#361,#52,.T.);
#290=EDGE_CURVE('',#363,#364,#53,.T.);
#291=EDGE_CURVE('',#363,#365,#391,.T.);
#292=EDGE_CURVE('',#366,#363,#54,.T.);
#293=EDGE_CURVE('',#365,#366,#55,.T.);
#294=EDGE_CURVE('',#365,#367,#392,.T.);
#295=EDGE_CURVE('',#368,#365,#56,.T.);
#296=EDGE_CURVE('',#367,#368,#57,.T.);
#297=EDGE_CURVE('',#367,#369,#393,.T.);
#298=EDGE_CURVE('',#370,#367,#58,.T.);
#299=EDGE_CURVE('',#369,#370,#59,.T.);
#300=EDGE_CURVE('',#360,#371,#60,.T.);
#301=EDGE_CURVE('',#360,#369,#394,.T.);
#302=EDGE_CURVE('',#371,#369,#61,.T.);
#303=EDGE_CURVE('',#372,#373,#62,.T.);
#304=EDGE_CURVE('',#373,#374,#63,.T.);
#305=EDGE_CURVE('',#372,#374,#395,.T.);
#306=EDGE_CURVE('',#374,#375,#64,.T.);
#307=EDGE_CURVE('',#375,#376,#65,.T.);
#308=EDGE_CURVE('',#374,#376,#396,.T.);
#309=EDGE_CURVE('',#376,#377,#66,.T.);
#310=EDGE_CURVE('',#377,#378,#67,.T.);
#311=EDGE_CURVE('',#376,#378,#397,.T.);
#312=EDGE_CURVE('',#378,#379,#68,.T.);
#313=EDGE_CURVE('',#379,#380,#69,.T.);
#314=EDGE_CURVE('',#378,#380,#398,.T.);
#315=EDGE_CURVE('',#380,#381,#70,.T.);
#316=EDGE_CURVE('',#381,#382,#71,.T.);
#317=EDGE_CURVE('',#380,#382,#399,.T.);
#318=EDGE_CURVE('',#383,#372,#72,.T.);
#319=EDGE_CURVE('',#382,#372,#400,.T.);
#320=EDGE_CURVE('',#382,#383,#73,.T.);
#321=EDGE_CURVE('',#381,#362,#12,.T.);
#322=EDGE_CURVE('',#383,#371,#13,.T.);
#323=EDGE_CURVE('',#379,#364,#14,.T.);
#324=EDGE_CURVE('',#377,#366,#15,.T.);
#325=EDGE_CURVE('',#375,#368,#16,.T.);
#326=EDGE_CURVE('',#373,#370,#17,.T.);
#327=EDGE_CURVE('',#384,#384,#401,.T.);
#328=EDGE_CURVE('',#385,#385,#402,.T.);
#329=EDGE_CURVE('',#359,#336,#403,.T.);
#330=EDGE_CURVE('',#335,#348,#404,.T.);
#331=VERTEX_POINT('',#646);
#332=VERTEX_POINT('',#647);
#333=VERTEX_POINT('',#715);
#334=VERTEX_POINT('',#717);
#335=VERTEX_POINT('',#966);
#336=VERTEX_POINT('',#978);
#337=VERTEX_POINT('',#984);
#338=VERTEX_POINT('',#994);
#339=VERTEX_POINT('',#1004);
#340=VERTEX_POINT('',#1014);
#341=VERTEX_POINT('',#1024);
#342=VERTEX_POINT('',#1034);
#343=VERTEX_POINT('',#1044);
#344=VERTEX_POINT('',#1054);
#345=VERTEX_POINT('',#1064);
#346=VERTEX_POINT('',#1074);
#347=VERTEX_POINT('',#1084);
#348=VERTEX_POINT('',#1272);
#349=VERTEX_POINT('',#1282);
#350=VERTEX_POINT('',#1292);
#351=VERTEX_POINT('',#1302);
#352=VERTEX_POINT('',#1312);
#353=VERTEX_POINT('',#1322);
#354=VERTEX_POINT('',#1332);
#355=VERTEX_POINT('',#1342);
#356=VERTEX_POINT('',#1352);
#357=VERTEX_POINT('',#1362);
#358=VERTEX_POINT('',#1372);
#359=VERTEX_POINT('',#1380);
#360=VERTEX_POINT('',#1388);
#361=VERTEX_POINT('',#1389);
#362=VERTEX_POINT('',#1394);
#363=VERTEX_POINT('',#1401);
#364=VERTEX_POINT('',#1406);
#365=VERTEX_POINT('',#1413);
#366=VERTEX_POINT('',#1418);
#367=VERTEX_POINT('',#1425);
#368=VERTEX_POINT('',#1430);
#369=VERTEX_POINT('',#1437);
#370=VERTEX_POINT('',#1442);
#371=VERTEX_POINT('',#1452);
#372=VERTEX_POINT('',#1463);
#373=VERTEX_POINT('',#1464);
#374=VERTEX_POINT('',#1469);
#375=VERTEX_POINT('',#1476);
#376=VERTEX_POINT('',#1481);
#377=VERTEX_POINT('',#1488);
#378=VERTEX_POINT('',#1493);
#379=VERTEX_POINT('',#1500);
#380=VERTEX_POINT('',#1505);
#381=VERTEX_POINT('',#1512);
#382=VERTEX_POINT('',#1517);
#383=VERTEX_POINT('',#1524);
#384=VERTEX_POINT('',#1544);
#385=VERTEX_POINT('',#1547);
#386=CIRCLE('',#507,0.00402572142074249);
#387=CIRCLE('',#508,0.00402572142074249);
#388=CIRCLE('',#509,0.00501041549413303);
#389=CIRCLE('',#511,0.0085);
#390=CIRCLE('',#513,0.0085);
#391=CIRCLE('',#515,0.0085);
#392=CIRCLE('',#517,0.0085);
#393=CIRCLE('',#519,0.0085);
#394=CIRCLE('',#521,0.0085);
#395=CIRCLE('',#523,0.0085);
#396=CIRCLE('',#525,0.0085);
#397=CIRCLE('',#527,0.0085);
#398=CIRCLE('',#529,0.0085);
#399=CIRCLE('',#531,0.0085);
#400=CIRCLE('',#533,0.0085);
#401=CIRCLE('',#541,0.00508118988160479);
#402=CIRCLE('',#543,0.00508118988160479);
#403=CIRCLE('',#545,0.005);
#404=CIRCLE('',#546,0.005);
#405=EDGE_LOOP('',(#100,#101,#102,#103));
#406=EDGE_LOOP('',(#104,#105,#106,#107,#108,#109,#110,#111,#112,#113,#114,
#115,#116,#117,#118));
#407=EDGE_LOOP('',(#119,#120,#121,#122,#123,#124,#125,#126,#127,#128,#129,
#130,#131,#132));
#408=EDGE_LOOP('',(#133,#134,#135));
#409=EDGE_LOOP('',(#136,#137,#138));
#410=EDGE_LOOP('',(#139,#140,#141));
#411=EDGE_LOOP('',(#142,#143,#144));
#412=EDGE_LOOP('',(#145,#146,#147));
#413=EDGE_LOOP('',(#148,#149,#150));
#414=EDGE_LOOP('',(#151,#152,#153));
#415=EDGE_LOOP('',(#154,#155,#156));
#416=EDGE_LOOP('',(#157,#158,#159));
#417=EDGE_LOOP('',(#160,#161,#162));
#418=EDGE_LOOP('',(#163,#164,#165));
#419=EDGE_LOOP('',(#166,#167,#168));
#420=EDGE_LOOP('',(#169,#170,#171,#172,#173,#174));
#421=EDGE_LOOP('',(#175,#176,#177,#178,#179,#180));
#422=EDGE_LOOP('',(#181,#182,#183,#184,#185,#186));
#423=EDGE_LOOP('',(#187,#188,#189,#190,#191,#192));
#424=EDGE_LOOP('',(#193,#194,#195,#196,#197,#198));
#425=EDGE_LOOP('',(#199,#200,#201,#202,#203,#204));
#426=EDGE_LOOP('',(#205,#206,#207,#208,#209,#210));
#427=EDGE_LOOP('',(#211));
#428=EDGE_LOOP('',(#212,#213,#214,#215,#216,#217));
#429=EDGE_LOOP('',(#218));
#430=EDGE_LOOP('',(#219,#220,#221,#222,#223,#224,#225,#226,#227,#228,#229,
#230,#231,#232,#233,#234,#235,#236,#237,#238,#239,#240,#241,#242,#243));
#431=EDGE_LOOP('',(#244));
#432=EDGE_LOOP('',(#245,#246,#247,#248));
#433=EDGE_LOOP('',(#249));
#434=EDGE_LOOP('',(#250,#251,#252,#253));
#435=FACE_BOUND('',#405,.T.);
#436=FACE_BOUND('',#406,.T.);
#437=FACE_BOUND('',#407,.T.);
#438=FACE_BOUND('',#408,.T.);
#439=FACE_BOUND('',#409,.T.);
#440=FACE_BOUND('',#410,.T.);
#441=FACE_BOUND('',#411,.T.);
#442=FACE_BOUND('',#412,.T.);
#443=FACE_BOUND('',#413,.T.);
#444=FACE_BOUND('',#414,.T.);
#445=FACE_BOUND('',#415,.T.);
#446=FACE_BOUND('',#416,.T.);
#447=FACE_BOUND('',#417,.T.);
#448=FACE_BOUND('',#418,.T.);
#449=FACE_BOUND('',#419,.T.);
#450=FACE_BOUND('',#420,.T.);
#451=FACE_BOUND('',#421,.T.);
#452=FACE_BOUND('',#422,.T.);
#453=FACE_BOUND('',#423,.T.);
#454=FACE_BOUND('',#424,.T.);
#455=FACE_BOUND('',#425,.T.);
#456=FACE_BOUND('',#426,.T.);
#457=FACE_BOUND('',#427,.T.);
#458=FACE_BOUND('',#428,.T.);
#459=FACE_BOUND('',#429,.T.);
#460=FACE_BOUND('',#430,.T.);
#461=FACE_BOUND('',#431,.T.);
#462=FACE_BOUND('',#432,.T.);
#463=FACE_BOUND('',#433,.T.);
#464=FACE_BOUND('',#434,.T.);
#465=CYLINDRICAL_SURFACE('',#506,0.00402572142074249);
#466=CYLINDRICAL_SURFACE('',#544,0.005);
#467=ADVANCED_FACE('',(#435),#465,.F.);
#468=ADVANCED_FACE('',(#436),#74,.T.);
#469=ADVANCED_FACE('',(#437),#75,.T.);
#470=ADVANCED_FACE('',(#438),#32,.T.);
#471=ADVANCED_FACE('',(#439),#33,.T.);
#472=ADVANCED_FACE('',(#440),#34,.T.);
#473=ADVANCED_FACE('',(#441),#35,.T.);
#474=ADVANCED_FACE('',(#442),#36,.T.);
#475=ADVANCED_FACE('',(#443),#37,.T.);
#476=ADVANCED_FACE('',(#444),#38,.T.);
#477=ADVANCED_FACE('',(#445),#39,.T.);
#478=ADVANCED_FACE('',(#446),#40,.T.);
#479=ADVANCED_FACE('',(#447),#41,.T.);
#480=ADVANCED_FACE('',(#448),#42,.T.);
#481=ADVANCED_FACE('',(#449),#43,.T.);
#482=ADVANCED_FACE('',(#450),#24,.F.);
#483=ADVANCED_FACE('',(#451),#25,.F.);
#484=ADVANCED_FACE('',(#452),#26,.F.);
#485=ADVANCED_FACE('',(#453),#27,.F.);
#486=ADVANCED_FACE('',(#454),#28,.F.);
#487=ADVANCED_FACE('',(#455),#29,.F.);
#488=ADVANCED_FACE('',(#456,#457),#30,.F.);
#489=ADVANCED_FACE('',(#458,#459),#31,.T.);
#490=ADVANCED_FACE('',(#460),#466,.F.);
#491=ADVANCED_FACE('',(#461,#462),#44,.F.);
#492=ADVANCED_FACE('',(#463,#464),#45,.F.);
#493=CLOSED_SHELL('',(#467,#468,#469,#470,#471,#472,#473,#474,#475,#476,
#477,#478,#479,#480,#481,#482,#483,#484,#485,#486,#487,#488,#489,#490,#491,
#492));
#494=STYLED_ITEM('',(#495),#502);
#495=PRESENTATION_STYLE_ASSIGNMENT((#496));
#496=SURFACE_STYLE_USAGE(.BOTH.,#497);
#497=SURFACE_SIDE_STYLE('',(#498));
#498=SURFACE_STYLE_FILL_AREA(#499);
#499=FILL_AREA_STYLE('',(#500));
#500=FILL_AREA_STYLE_COLOUR('',#501);
#501=COLOUR_RGB('',0.901960784313726,0.901960784313726,0.901960784313726);
#502=MANIFOLD_SOLID_BREP('M10 Nut',#493);
#503=SHAPE_DEFINITION_REPRESENTATION(#1559,#504);
#504=SHAPE_REPRESENTATION('M10 Nut',(#505),#1554);
#505=AXIS2_PLACEMENT_3D('',#643,#549,#550);
#506=AXIS2_PLACEMENT_3D('',#644,#551,#552);
#507=AXIS2_PLACEMENT_3D('',#645,#553,#554);
#508=AXIS2_PLACEMENT_3D('',#716,#555,#556);
#509=AXIS2_PLACEMENT_3D('',#1085,#557,#558);
#510=AXIS2_PLACEMENT_3D('',#1386,#559,#560);
#511=AXIS2_PLACEMENT_3D('',#1387,#561,#562);
#512=AXIS2_PLACEMENT_3D('',#1399,#563,#564);
#513=AXIS2_PLACEMENT_3D('',#1400,#565,#566);
#514=AXIS2_PLACEMENT_3D('',#1411,#567,#568);
#515=AXIS2_PLACEMENT_3D('',#1412,#569,#570);
#516=AXIS2_PLACEMENT_3D('',#1423,#571,#572);
#517=AXIS2_PLACEMENT_3D('',#1424,#573,#574);
#518=AXIS2_PLACEMENT_3D('',#1435,#575,#576);
#519=AXIS2_PLACEMENT_3D('',#1436,#577,#578);
#520=AXIS2_PLACEMENT_3D('',#1447,#579,#580);
#521=AXIS2_PLACEMENT_3D('',#1453,#581,#582);
#522=AXIS2_PLACEMENT_3D('',#1458,#583,#584);
#523=AXIS2_PLACEMENT_3D('',#1470,#585,#586);
#524=AXIS2_PLACEMENT_3D('',#1471,#587,#588);
#525=AXIS2_PLACEMENT_3D('',#1482,#589,#590);
#526=AXIS2_PLACEMENT_3D('',#1483,#591,#592);
#527=AXIS2_PLACEMENT_3D('',#1494,#593,#594);
#528=AXIS2_PLACEMENT_3D('',#1495,#595,#596);
#529=AXIS2_PLACEMENT_3D('',#1506,#597,#598);
#530=AXIS2_PLACEMENT_3D('',#1507,#599,#600);
#531=AXIS2_PLACEMENT_3D('',#1518,#601,#602);
#532=AXIS2_PLACEMENT_3D('',#1519,#603,#604);
#533=AXIS2_PLACEMENT_3D('',#1525,#605,#606);
#534=AXIS2_PLACEMENT_3D('',#1530,#607,#608);
#535=AXIS2_PLACEMENT_3D('',#1533,#611,#612);
#536=AXIS2_PLACEMENT_3D('',#1535,#614,#615);
#537=AXIS2_PLACEMENT_3D('',#1537,#617,#618);
#538=AXIS2_PLACEMENT_3D('',#1539,#620,#621);
#539=AXIS2_PLACEMENT_3D('',#1541,#623,#624);
#540=AXIS2_PLACEMENT_3D('',#1542,#625,#626);
#541=AXIS2_PLACEMENT_3D('',#1543,#627,#628);
#542=AXIS2_PLACEMENT_3D('',#1545,#629,#630);
#543=AXIS2_PLACEMENT_3D('',#1546,#631,#632);
#544=AXIS2_PLACEMENT_3D('',#1548,#633,#634);
#545=AXIS2_PLACEMENT_3D('',#1549,#635,#636);
#546=AXIS2_PLACEMENT_3D('',#1550,#637,#638);
#547=AXIS2_PLACEMENT_3D('',#1551,#639,#640);
#548=AXIS2_PLACEMENT_3D('',#1552,#641,#642);
#549=DIRECTION('',(0.,0.,1.));
#550=DIRECTION('',(1.,0.,0.));
#551=DIRECTION('',(0.,0.,-1.));
#552=DIRECTION('',(-1.,0.,0.));
#553=DIRECTION('',(0.,0.,-1.));
#554=DIRECTION('',(-1.,0.,0.));
#555=DIRECTION('',(0.,0.,1.));
#556=DIRECTION('',(1.,0.,0.));
#557=DIRECTION('',(-0.0187275346636147,-0.0452122681121421,0.998801847343896));
#558=DIRECTION('',(0.982351536092384,-0.186778404919456,0.00996428585881645));
#559=DIRECTION('',(0.,0.,1.));
#560=DIRECTION('',(1.,0.,0.));
#561=DIRECTION('',(0.,0.,-1.));
#562=DIRECTION('',(1.,0.,0.));
#563=DIRECTION('',(0.,0.,1.));
#564=DIRECTION('',(1.,0.,0.));
#565=DIRECTION('',(0.,0.,-1.));
#566=DIRECTION('',(1.,0.,0.));
#567=DIRECTION('',(0.,0.,1.));
#568=DIRECTION('',(1.,0.,0.));
#569=DIRECTION('',(0.,0.,-1.));
#570=DIRECTION('',(1.,1.77635683940025E-15,0.));
#571=DIRECTION('',(0.,0.,1.));
#572=DIRECTION('',(1.,0.,0.));
#573=DIRECTION('',(0.,0.,-1.));
#574=DIRECTION('',(1.,0.,0.));
#575=DIRECTION('',(0.,0.,1.));
#576=DIRECTION('',(1.,0.,0.));
#577=DIRECTION('',(0.,0.,-1.));
#578=DIRECTION('',(1.,-1.77635683940025E-15,0.));
#579=DIRECTION('',(0.,0.,1.));
#580=DIRECTION('',(1.,0.,0.));
#581=DIRECTION('',(0.,0.,1.));
#582=DIRECTION('',(1.,0.,0.));
#583=DIRECTION('',(0.,0.,-1.));
#584=DIRECTION('',(1.,0.,0.));
#585=DIRECTION('',(0.,0.,1.));
#586=DIRECTION('',(1.,0.,0.));
#587=DIRECTION('',(0.,0.,-1.));
#588=DIRECTION('',(1.,0.,0.));
#589=DIRECTION('',(0.,0.,1.));
#590=DIRECTION('',(1.,0.,0.));
#591=DIRECTION('',(0.,0.,-1.));
#592=DIRECTION('',(1.,0.,0.));
#593=DIRECTION('',(0.,0.,1.));
#594=DIRECTION('',(1.,0.,0.));
#595=DIRECTION('',(0.,0.,-1.));
#596=DIRECTION('',(1.,0.,0.));
#597=DIRECTION('',(0.,0.,1.));
#598=DIRECTION('',(1.,0.,0.));
#599=DIRECTION('',(0.,0.,-1.));
#600=DIRECTION('',(1.,0.,0.));
#601=DIRECTION('',(0.,0.,1.));
#602=DIRECTION('',(1.,0.,0.));
#603=DIRECTION('',(0.,0.,-1.));
#604=DIRECTION('',(1.,0.,0.));
#605=DIRECTION('',(0.,0.,1.));
#606=DIRECTION('',(1.,0.,0.));
#607=DIRECTION('',(-1.,0.,0.));
#608=DIRECTION('',(0.,-1.,0.));
#609=DIRECTION('',(0.,0.,-1.));
#610=DIRECTION('',(0.,0.,-1.));
#611=DIRECTION('',(-0.5,0.866025403784439,0.));
#612=DIRECTION('',(-0.866025403784439,-0.5,0.));
#613=DIRECTION('',(0.,0.,-1.));
#614=DIRECTION('',(0.5,0.866025403784439,0.));
#615=DIRECTION('',(-0.866025403784439,0.5,0.));
#616=DIRECTION('',(0.,0.,-1.));
#617=DIRECTION('',(1.,0.,0.));
#618=DIRECTION('',(0.,1.,0.));
#619=DIRECTION('',(0.,0.,-1.));
#620=DIRECTION('',(0.5,-0.866025403784439,0.));
#621=DIRECTION('',(0.866025403784439,0.5,0.));
#622=DIRECTION('',(0.,0.,-1.));
#623=DIRECTION('',(-0.5,-0.866025403784439,0.));
#624=DIRECTION('',(0.866025403784439,-0.5,0.));
#625=DIRECTION('',(0.,0.,1.));
#626=DIRECTION('',(1.,0.,0.));
#627=DIRECTION('',(0.,0.,-1.));
#628=DIRECTION('',(-1.,0.,0.));
#629=DIRECTION('',(0.,0.,1.));
#630=DIRECTION('',(1.,0.,0.));
#631=DIRECTION('',(0.,0.,1.));
#632=DIRECTION('',(1.,0.,0.));
#633=DIRECTION('',(0.,0.,-1.));
#634=DIRECTION('',(-1.,0.,0.));
#635=DIRECTION('',(0.,0.,-1.));
#636=DIRECTION('',(1.,0.,0.));
#637=DIRECTION('',(0.,0.,1.));
#638=DIRECTION('',(-1.,7.105427357601E-15,0.));
#639=DIRECTION('',(0.,0.,1.));
#640=DIRECTION('',(1.,0.,0.));
#641=DIRECTION('',(0.,0.,-1.));
#642=DIRECTION('',(-1.,0.,0.));
#643=CARTESIAN_POINT('',(0.,0.,0.));
#644=CARTESIAN_POINT('',(8.67361737988404E-19,-2.16840434497101E-18,0.00190156392058263));
#645=CARTESIAN_POINT('',(0.,-2.71050543121376E-19,-0.0029445315391377));
#646=CARTESIAN_POINT('',(0.00293313292773475,0.00275738357608497,-0.00294453153913769));
#647=CARTESIAN_POINT('',(0.000124273558341082,0.00402380280830488,-0.0029445315391377));
#648=CARTESIAN_POINT('',(0.00385336208866031,0.00116534697455326,0.00294453153913771));
#649=CARTESIAN_POINT('',(0.0040257214207425,0.000595419793743519,0.00290847545673638));
#650=CARTESIAN_POINT('',(0.00402572142074249,2.46504342608562E-19,0.00287500000000005));
#651=CARTESIAN_POINT('',(0.00402572142074249,-0.00166750841080743,0.00278125000000005));
#652=CARTESIAN_POINT('',(0.00284661491577497,-0.00284661491577496,0.00268750000000005));
#653=CARTESIAN_POINT('',(0.00166750841080743,-0.00402572142074249,0.00259375000000005));
#654=CARTESIAN_POINT('',(4.93008685217123E-19,-0.00402572142074249,0.00250000000000005));
#655=CARTESIAN_POINT('',(-0.00166750841080743,-0.00402572142074249,0.00240625000000005));
#656=CARTESIAN_POINT('',(-0.00284661491577496,-0.00284661491577497,0.00231250000000005));
#657=CARTESIAN_POINT('',(-0.00402572142074249,-0.00166750841080743,0.00221875000000005));
#658=CARTESIAN_POINT('',(-0.00402572142074249,-7.39513027825685E-19,0.00212500000000005));
#659=CARTESIAN_POINT('',(-0.00402572142074249,0.00166750841080743,0.00203125000000005));
#660=CARTESIAN_POINT('',(-0.00284661491577497,0.00284661491577496,0.00193750000000005));
#661=CARTESIAN_POINT('',(-0.00166750841080743,0.00402572142074249,0.00184375000000005));
#662=CARTESIAN_POINT('',(0.,0.00402572142074249,0.00175000000000006));
#663=CARTESIAN_POINT('',(0.00166750841080743,0.00402572142074249,0.00165625000000006));
#664=CARTESIAN_POINT('',(0.00284661491577496,0.00284661491577497,0.00156250000000006));
#665=CARTESIAN_POINT('',(0.00402572142074249,0.00166750841080743,0.00146875000000005));
#666=CARTESIAN_POINT('',(0.00402572142074249,2.46504342608562E-19,0.00137500000000005));
#667=CARTESIAN_POINT('',(0.00402572142074249,-0.00166750841080743,0.00128125000000005));
#668=CARTESIAN_POINT('',(0.00284661491577497,-0.00284661491577496,0.00118750000000005));
#669=CARTESIAN_POINT('',(0.00166750841080743,-0.00402572142074249,0.00109375000000005));
#670=CARTESIAN_POINT('',(4.93008685217123E-19,-0.00402572142074249,0.00100000000000006));
#671=CARTESIAN_POINT('',(-0.00166750841080743,-0.00402572142074249,0.000906250000000055));
#672=CARTESIAN_POINT('',(-0.00284661491577496,-0.00284661491577497,0.000812500000000057));
#673=CARTESIAN_POINT('',(-0.00402572142074249,-0.00166750841080743,0.000718750000000057));
#674=CARTESIAN_POINT('',(-0.00402572142074249,-7.39513027825685E-19,0.000625000000000057));
#675=CARTESIAN_POINT('',(-0.00402572142074249,0.00166750841080743,0.000531250000000057));
#676=CARTESIAN_POINT('',(-0.00284661491577497,0.00284661491577496,0.000437500000000058));
#677=CARTESIAN_POINT('',(-0.00166750841080743,0.00402572142074249,0.000343750000000059));
#678=CARTESIAN_POINT('',(0.,0.00402572142074249,0.000250000000000058));
#679=CARTESIAN_POINT('',(0.00166750841080743,0.00402572142074249,0.000156250000000058));
#680=CARTESIAN_POINT('',(0.00284661491577496,0.00284661491577497,6.25000000000593E-5));
#681=CARTESIAN_POINT('',(0.00402572142074249,0.00166750841080743,-3.124999999994E-5));
#682=CARTESIAN_POINT('',(0.00402572142074249,2.46504342608562E-19,-0.00012499999999994));
#683=CARTESIAN_POINT('',(0.00402572142074249,-0.00166750841080743,-0.00021874999999994));
#684=CARTESIAN_POINT('',(0.00284661491577497,-0.00284661491577496,-0.00031249999999994));
#685=CARTESIAN_POINT('',(0.00166750841080743,-0.00402572142074249,-0.000406249999999939));
#686=CARTESIAN_POINT('',(4.93008685217123E-19,-0.00402572142074249,-0.000499999999999939));
#687=CARTESIAN_POINT('',(-0.00166750841080743,-0.00402572142074249,-0.000593749999999939));
#688=CARTESIAN_POINT('',(-0.00284661491577496,-0.00284661491577497,-0.000687499999999938));
#689=CARTESIAN_POINT('',(-0.00402572142074249,-0.00166750841080743,-0.000781249999999937));
#690=CARTESIAN_POINT('',(-0.00402572142074249,-7.39513027825685E-19,-0.000874999999999937));
#691=CARTESIAN_POINT('',(-0.00402572142074249,0.00166750841080743,-0.000968749999999937));
#692=CARTESIAN_POINT('',(-0.00284661491577497,0.00284661491577496,-0.00106249999999994));
#693=CARTESIAN_POINT('',(-0.00166750841080743,0.00402572142074249,-0.00115624999999994));
#694=CARTESIAN_POINT('',(0.,0.00402572142074249,-0.00124999999999994));
#695=CARTESIAN_POINT('',(0.00166750841080743,0.00402572142074249,-0.00134374999999994));
#696=CARTESIAN_POINT('',(0.00284661491577496,0.00284661491577497,-0.00143749999999993));
#697=CARTESIAN_POINT('',(0.00402572142074249,0.00166750841080743,-0.00153124999999993));
#698=CARTESIAN_POINT('',(0.00402572142074249,2.46504342608562E-19,-0.00162499999999993));
#699=CARTESIAN_POINT('',(0.00402572142074249,-0.00166750841080743,-0.00171874999999994));
#700=CARTESIAN_POINT('',(0.00284661491577497,-0.00284661491577496,-0.00181249999999994));
#701=CARTESIAN_POINT('',(0.00166750841080743,-0.00402572142074249,-0.00190624999999993));
#702=CARTESIAN_POINT('',(4.93008685217123E-19,-0.00402572142074249,-0.00199999999999993));
#703=CARTESIAN_POINT('',(-0.00166750841080743,-0.00402572142074249,-0.00209374999999993));
#704=CARTESIAN_POINT('',(-0.00284661491577496,-0.00284661491577497,-0.00218749999999993));
#705=CARTESIAN_POINT('',(-0.00402572142074249,-0.00166750841080743,-0.00228124999999993));
#706=CARTESIAN_POINT('',(-0.00402572142074249,-7.39513027825685E-19,-0.00237499999999993));
#707=CARTESIAN_POINT('',(-0.00402572142074249,0.00166750841080743,-0.00246874999999993));
#708=CARTESIAN_POINT('',(-0.00284661491577497,0.00284661491577496,-0.00256249999999993));
#709=CARTESIAN_POINT('',(-0.00166750841080743,0.00402572142074249,-0.00265624999999993));
#710=CARTESIAN_POINT('',(0.,0.00402572142074249,-0.00274999999999993));
#711=CARTESIAN_POINT('',(0.00166750841080743,0.00402572142074249,-0.00284374999999993));
#712=CARTESIAN_POINT('',(0.00284661491577496,0.00284661491577497,-0.00293749999999993));
#713=CARTESIAN_POINT('',(0.00289056272619741,0.00280266710535252,-0.00294099426214652));
#714=CARTESIAN_POINT('',(0.00293313292773475,0.00275738357608497,-0.00294453153913768));
#715=CARTESIAN_POINT('',(0.00385336208866031,0.00116534697455326,0.0029445315391377));
#716=CARTESIAN_POINT('',(0.,-2.71050543121376E-19,0.0029445315391377));
#717=CARTESIAN_POINT('',(0.00190071371511699,0.00354876321140071,0.0029445315391377));
#718=CARTESIAN_POINT('',(0.001900713715117,0.00354876321140071,0.00294453153913771));
#719=CARTESIAN_POINT('',(0.00242558954196622,0.0032676402895837,0.00290847545673637));
#720=CARTESIAN_POINT('',(0.00284661491577496,0.00284661491577496,0.00287500000000005));
#721=CARTESIAN_POINT('',(0.00402572142074249,0.00166750841080743,0.00278125000000005));
#722=CARTESIAN_POINT('',(0.00402572142074249,2.46504342608562E-19,0.00268750000000004));
#723=CARTESIAN_POINT('',(0.00402572142074249,-0.00166750841080743,0.00259375000000005));
#724=CARTESIAN_POINT('',(0.00284661491577496,-0.00284661491577496,0.00250000000000005));
#725=CARTESIAN_POINT('',(0.00166750841080743,-0.00402572142074249,0.00240625000000004));
#726=CARTESIAN_POINT('',(4.93008685217123E-19,-0.00402572142074249,0.00231250000000004));
#727=CARTESIAN_POINT('',(-0.00166750841080742,-0.00402572142074249,0.00221875000000005));
#728=CARTESIAN_POINT('',(-0.00284661491577496,-0.00284661491577496,0.00212500000000005));
#729=CARTESIAN_POINT('',(-0.00402572142074249,-0.00166750841080743,0.00203125000000005));
#730=CARTESIAN_POINT('',(-0.00402572142074249,-7.39513027825684E-19,0.00193750000000005));
#731=CARTESIAN_POINT('',(-0.00402572142074249,0.00166750841080743,0.00184375000000005));
#732=CARTESIAN_POINT('',(-0.00284661491577496,0.00284661491577496,0.00175000000000005));
#733=CARTESIAN_POINT('',(-0.00166750841080743,0.00402572142074249,0.00165625000000005));
#734=CARTESIAN_POINT('',(0.,0.00402572142074249,0.00156250000000005));
#735=CARTESIAN_POINT('',(0.00166750841080743,0.00402572142074249,0.00146875000000005));
#736=CARTESIAN_POINT('',(0.00284661491577496,0.00284661491577496,0.00137500000000005));
#737=CARTESIAN_POINT('',(0.00402572142074249,0.00166750841080743,0.00128125000000005));
#738=CARTESIAN_POINT('',(0.00402572142074249,2.46504342608562E-19,0.00118750000000005));
#739=CARTESIAN_POINT('',(0.00402572142074249,-0.00166750841080743,0.00109375000000005));
#740=CARTESIAN_POINT('',(0.00284661491577496,-0.00284661491577496,0.00100000000000005));
#741=CARTESIAN_POINT('',(0.00166750841080743,-0.00402572142074249,0.000906250000000052));
#742=CARTESIAN_POINT('',(4.93008685217123E-19,-0.00402572142074249,0.000812500000000053));
#743=CARTESIAN_POINT('',(-0.00166750841080742,-0.00402572142074249,0.000718750000000053));
#744=CARTESIAN_POINT('',(-0.00284661491577496,-0.00284661491577496,0.000625000000000054));
#745=CARTESIAN_POINT('',(-0.00402572142074249,-0.00166750841080743,0.000531250000000054));
#746=CARTESIAN_POINT('',(-0.00402572142074249,-7.39513027825684E-19,0.000437500000000054));
#747=CARTESIAN_POINT('',(-0.00402572142074249,0.00166750841080743,0.000343750000000054));
#748=CARTESIAN_POINT('',(-0.00284661491577496,0.00284661491577496,0.000250000000000055));
#749=CARTESIAN_POINT('',(-0.00166750841080743,0.00402572142074249,0.000156250000000056));
#750=CARTESIAN_POINT('',(0.,0.00402572142074249,6.25000000000556E-5));
#751=CARTESIAN_POINT('',(0.00166750841080743,0.00402572142074249,-3.12499999999445E-5));
#752=CARTESIAN_POINT('',(0.00284661491577496,0.00284661491577496,-0.000124999999999944));
#753=CARTESIAN_POINT('',(0.00402572142074249,0.00166750841080743,-0.000218749999999943));
#754=CARTESIAN_POINT('',(0.00402572142074249,2.46504342608562E-19,-0.000312499999999943));
#755=CARTESIAN_POINT('',(0.00402572142074249,-0.00166750841080743,-0.000406249999999943));
#756=CARTESIAN_POINT('',(0.00284661491577496,-0.00284661491577496,-0.000499999999999942));
#757=CARTESIAN_POINT('',(0.00166750841080743,-0.00402572142074249,-0.000593749999999942));
#758=CARTESIAN_POINT('',(4.93008685217123E-19,-0.00402572142074249,-0.000687499999999942));
#759=CARTESIAN_POINT('',(-0.00166750841080742,-0.00402572142074249,-0.000781249999999942));
#760=CARTESIAN_POINT('',(-0.00284661491577496,-0.00284661491577496,-0.000874999999999941));
#761=CARTESIAN_POINT('',(-0.00402572142074249,-0.00166750841080743,-0.00096874999999994));
#762=CARTESIAN_POINT('',(-0.00402572142074249,-7.39513027825684E-19,-0.00106249999999994));
#763=CARTESIAN_POINT('',(-0.00402572142074249,0.00166750841080743,-0.00115624999999994));
#764=CARTESIAN_POINT('',(-0.00284661491577496,0.00284661491577496,-0.00124999999999994));
#765=CARTESIAN_POINT('',(-0.00166750841080743,0.00402572142074249,-0.00134374999999994));
#766=CARTESIAN_POINT('',(0.,0.00402572142074249,-0.00143749999999994));
#767=CARTESIAN_POINT('',(0.00166750841080743,0.00402572142074249,-0.00153124999999994));
#768=CARTESIAN_POINT('',(0.00284661491577496,0.00284661491577496,-0.00162499999999994));
#769=CARTESIAN_POINT('',(0.00402572142074249,0.00166750841080743,-0.00171874999999994));
#770=CARTESIAN_POINT('',(0.00402572142074249,2.46504342608562E-19,-0.00181249999999994));
#771=CARTESIAN_POINT('',(0.00402572142074249,-0.00166750841080743,-0.00190624999999994));
#772=CARTESIAN_POINT('',(0.00284661491577496,-0.00284661491577496,-0.00199999999999993));
#773=CARTESIAN_POINT('',(0.00166750841080743,-0.00402572142074249,-0.00209374999999993));
#774=CARTESIAN_POINT('',(4.93008685217123E-19,-0.00402572142074249,-0.00218749999999993));
#775=CARTESIAN_POINT('',(-0.00166750841080742,-0.00402572142074249,-0.00228124999999994));
#776=CARTESIAN_POINT('',(-0.00284661491577496,-0.00284661491577496,-0.00237499999999993));
#777=CARTESIAN_POINT('',(-0.00402572142074249,-0.00166750841080743,-0.00246874999999994));
#778=CARTESIAN_POINT('',(-0.00402572142074249,-7.39513027825684E-19,-0.00256249999999994));
#779=CARTESIAN_POINT('',(-0.00402572142074249,0.00166750841080743,-0.00265624999999993));
#780=CARTESIAN_POINT('',(-0.00284661491577496,0.00284661491577496,-0.00274999999999993));
#781=CARTESIAN_POINT('',(-0.00166750841080743,0.00402572142074249,-0.00284374999999993));
#782=CARTESIAN_POINT('',(0.,0.00402572142074249,-0.00293749999999993));
#783=CARTESIAN_POINT('',(6.21515895370362E-5,0.00402572142074249,-0.00294099426214658));
#784=CARTESIAN_POINT('',(0.000124273558341082,0.00402380280830488,-0.00294453153913771));
#785=CARTESIAN_POINT('',(0.000574210945559832,0.00398455954246191,0.00452925837116674));
#786=CARTESIAN_POINT('',(0.00189968271900155,0.00379354711254836,0.00445028997005236));
#787=CARTESIAN_POINT('',(0.00284661491577496,0.00284661491577496,0.004375));
#788=CARTESIAN_POINT('',(0.00402572142074249,0.00166750841080743,0.00428125000000004));
#789=CARTESIAN_POINT('',(0.00402572142074249,2.46504342608562E-19,0.0041875));
#790=CARTESIAN_POINT('',(0.00402572142074249,-0.00166750841080743,0.00409375000000004));
#791=CARTESIAN_POINT('',(0.00284661491577496,-0.00284661491577496,0.004));
#792=CARTESIAN_POINT('',(0.00166750841080743,-0.00402572142074249,0.00390625000000004));
#793=CARTESIAN_POINT('',(4.93008685217123E-19,-0.00402572142074249,0.0038125));
#794=CARTESIAN_POINT('',(-0.00166750841080742,-0.00402572142074249,0.00371875000000004));
#795=CARTESIAN_POINT('',(-0.00284661491577496,-0.00284661491577496,0.00362500000000005));
#796=CARTESIAN_POINT('',(-0.00402572142074249,-0.00166750841080743,0.00353125000000004));
#797=CARTESIAN_POINT('',(-0.00402572142074249,-7.39513027825684E-19,0.00343750000000005));
#798=CARTESIAN_POINT('',(-0.00402572142074249,0.00166750841080743,0.00334375000000004));
#799=CARTESIAN_POINT('',(-0.00284661491577496,0.00284661491577496,0.00325000000000004));
#800=CARTESIAN_POINT('',(-0.00166750841080743,0.00402572142074249,0.00315625000000004));
#801=CARTESIAN_POINT('',(0.,0.00402572142074249,0.00306250000000005));
#802=CARTESIAN_POINT('',(0.00166750841080743,0.00402572142074249,0.00296875000000005));
#803=CARTESIAN_POINT('',(0.00284661491577496,0.00284661491577496,0.00287500000000005));
#804=CARTESIAN_POINT('',(0.00402572142074249,0.00166750841080743,0.00278125000000005));
#805=CARTESIAN_POINT('',(0.00402572142074249,2.46504342608562E-19,0.00268750000000004));
#806=CARTESIAN_POINT('',(0.00402572142074249,-0.00166750841080743,0.00259375000000005));
#807=CARTESIAN_POINT('',(0.00284661491577496,-0.00284661491577496,0.00250000000000005));
#808=CARTESIAN_POINT('',(0.00166750841080743,-0.00402572142074249,0.00240625000000004));
#809=CARTESIAN_POINT('',(4.93008685217123E-19,-0.00402572142074249,0.00231250000000004));
#810=CARTESIAN_POINT('',(-0.00166750841080742,-0.00402572142074249,0.00221875000000005));
#811=CARTESIAN_POINT('',(-0.00284661491577496,-0.00284661491577496,0.00212500000000005));
#812=CARTESIAN_POINT('',(-0.00402572142074249,-0.00166750841080743,0.00203125000000005));
#813=CARTESIAN_POINT('',(-0.00402572142074249,-7.39513027825684E-19,0.00193750000000005));
#814=CARTESIAN_POINT('',(-0.00402572142074249,0.00166750841080743,0.00184375000000005));
#815=CARTESIAN_POINT('',(-0.00284661491577496,0.00284661491577496,0.00175000000000005));
#816=CARTESIAN_POINT('',(-0.00166750841080743,0.00402572142074249,0.00165625000000005));
#817=CARTESIAN_POINT('',(0.,0.00402572142074249,0.00156250000000005));
#818=CARTESIAN_POINT('',(0.00166750841080743,0.00402572142074249,0.00146875000000005));
#819=CARTESIAN_POINT('',(0.00284661491577496,0.00284661491577496,0.00137500000000005));
#820=CARTESIAN_POINT('',(0.00402572142074249,0.00166750841080743,0.00128125000000005));
#821=CARTESIAN_POINT('',(0.00402572142074249,2.46504342608562E-19,0.00118750000000005));
#822=CARTESIAN_POINT('',(0.00402572142074249,-0.00166750841080743,0.00109375000000005));
#823=CARTESIAN_POINT('',(0.00284661491577496,-0.00284661491577496,0.00100000000000005));
#824=CARTESIAN_POINT('',(0.00166750841080743,-0.00402572142074249,0.000906250000000052));
#825=CARTESIAN_POINT('',(4.93008685217123E-19,-0.00402572142074249,0.000812500000000053));
#826=CARTESIAN_POINT('',(-0.00166750841080742,-0.00402572142074249,0.000718750000000053));
#827=CARTESIAN_POINT('',(-0.00284661491577496,-0.00284661491577496,0.000625000000000054));
#828=CARTESIAN_POINT('',(-0.00402572142074249,-0.00166750841080743,0.000531250000000054));
#829=CARTESIAN_POINT('',(-0.00402572142074249,-7.39513027825684E-19,0.000437500000000054));
#830=CARTESIAN_POINT('',(-0.00402572142074249,0.00166750841080743,0.000343750000000054));
#831=CARTESIAN_POINT('',(-0.00284661491577496,0.00284661491577496,0.000250000000000055));
#832=CARTESIAN_POINT('',(-0.00166750841080743,0.00402572142074249,0.000156250000000056));
#833=CARTESIAN_POINT('',(0.,0.00402572142074249,6.25000000000556E-5));
#834=CARTESIAN_POINT('',(0.00166750841080743,0.00402572142074249,-3.12499999999445E-5));
#835=CARTESIAN_POINT('',(0.00284661491577496,0.00284661491577496,-0.000124999999999944));
#836=CARTESIAN_POINT('',(0.00402572142074249,0.00166750841080743,-0.000218749999999943));
#837=CARTESIAN_POINT('',(0.00402572142074249,2.46504342608562E-19,-0.000312499999999943));
#838=CARTESIAN_POINT('',(0.00402572142074249,-0.00166750841080743,-0.000406249999999943));
#839=CARTESIAN_POINT('',(0.00284661491577496,-0.00284661491577496,-0.000499999999999942));
#840=CARTESIAN_POINT('',(0.00166750841080743,-0.00402572142074249,-0.000593749999999942));
#841=CARTESIAN_POINT('',(4.93008685217123E-19,-0.00402572142074249,-0.000687499999999942));
#842=CARTESIAN_POINT('',(-0.00166750841080742,-0.00402572142074249,-0.000781249999999942));
#843=CARTESIAN_POINT('',(-0.00284661491577496,-0.00284661491577496,-0.000874999999999941));
#844=CARTESIAN_POINT('',(-0.00402572142074249,-0.00166750841080743,-0.00096874999999994));
#845=CARTESIAN_POINT('',(-0.00402572142074249,-7.39513027825684E-19,-0.00106249999999994));
#846=CARTESIAN_POINT('',(-0.00402572142074249,0.00166750841080743,-0.00115624999999994));
#847=CARTESIAN_POINT('',(-0.00284661491577496,0.00284661491577496,-0.00124999999999994));
#848=CARTESIAN_POINT('',(-0.00166750841080743,0.00402572142074249,-0.00134374999999994));
#849=CARTESIAN_POINT('',(0.,0.00402572142074249,-0.00143749999999994));
#850=CARTESIAN_POINT('',(0.00166750841080743,0.00402572142074249,-0.00153124999999994));
#851=CARTESIAN_POINT('',(0.00284661491577496,0.00284661491577496,-0.00162499999999994));
#852=CARTESIAN_POINT('',(0.00402572142074249,0.00166750841080743,-0.00171874999999994));
#853=CARTESIAN_POINT('',(0.00402572142074249,2.46504342608562E-19,-0.00181249999999994));
#854=CARTESIAN_POINT('',(0.00402572142074249,-0.00166750841080743,-0.00190624999999994));
#855=CARTESIAN_POINT('',(0.00284661491577496,-0.00284661491577496,-0.00199999999999993));
#856=CARTESIAN_POINT('',(0.00166750841080743,-0.00402572142074249,-0.00209374999999994));
#857=CARTESIAN_POINT('',(4.93008685217123E-19,-0.00402572142074249,-0.00218749999999993));
#858=CARTESIAN_POINT('',(-0.00166750841080742,-0.00402572142074249,-0.00228124999999994));
#859=CARTESIAN_POINT('',(-0.00284661491577496,-0.00284661491577496,-0.00237499999999993));
#860=CARTESIAN_POINT('',(-0.00402572142074249,-0.00166750841080743,-0.00246874999999994));
#861=CARTESIAN_POINT('',(-0.00402572142074249,-7.39513027825684E-19,-0.00256249999999994));
#862=CARTESIAN_POINT('',(-0.00402572142074249,0.00166750841080743,-0.00265624999999993));
#863=CARTESIAN_POINT('',(-0.00284661491577496,0.00284661491577496,-0.00274999999999993));
#864=CARTESIAN_POINT('',(-0.00166750841080743,0.00402572142074249,-0.00284374999999993));
#865=CARTESIAN_POINT('',(0.,0.00402572142074249,-0.00293749999999993));
#866=CARTESIAN_POINT('',(0.00166750841080743,0.00402572142074249,-0.00303124999999993));
#867=CARTESIAN_POINT('',(0.00284661491577496,0.00284661491577496,-0.00312499999999994));
#868=CARTESIAN_POINT('',(0.00402572142074249,0.00166750841080743,-0.00321874999999993));
#869=CARTESIAN_POINT('',(0.00402572142074249,2.46504342608562E-19,-0.00331249999999993));
#870=CARTESIAN_POINT('',(0.00402572142074249,-0.000787298631813736,-0.0033567631930694));
#871=CARTESIAN_POINT('',(0.00372912575510481,-0.0015165929117726,-0.00340467233450634));
#872=CARTESIAN_POINT('',(0.000714011556502009,0.0049546627121752,0.00396338312852411));
#873=CARTESIAN_POINT('',(0.00236219010721198,0.00471714532688602,0.00388441472740972));
#874=CARTESIAN_POINT('',(0.003539667717049,0.003539667717049,0.00380912475735737));
#875=CARTESIAN_POINT('',(0.0050058460917449,0.00207348934235309,0.00371537475735741));
#876=CARTESIAN_POINT('',(0.00500584609174491,3.06519669663984E-19,0.00362162475735737));
#877=CARTESIAN_POINT('',(0.0050058460917449,-0.00207348934235309,0.00352787475735741));
#878=CARTESIAN_POINT('',(0.003539667717049,-0.003539667717049,0.00343412475735741));
#879=CARTESIAN_POINT('',(0.00207348934235309,-0.0050058460917449,0.00334037475735741));
#880=CARTESIAN_POINT('',(6.13039339327968E-19,-0.00500584609174491,0.00324662475735741));
#881=CARTESIAN_POINT('',(-0.00207348934235309,-0.0050058460917449,0.00315287475735741));
#882=CARTESIAN_POINT('',(-0.003539667717049,-0.003539667717049,0.00305912475735741));
#883=CARTESIAN_POINT('',(-0.0050058460917449,-0.00207348934235309,0.00296537475735741));
#884=CARTESIAN_POINT('',(-0.00500584609174491,-9.19559008991952E-19,0.00287162475735741));
#885=CARTESIAN_POINT('',(-0.0050058460917449,0.00207348934235309,0.00277787475735741));
#886=CARTESIAN_POINT('',(-0.003539667717049,0.003539667717049,0.00268412475735741));
#887=CARTESIAN_POINT('',(-0.0020734893423531,0.0050058460917449,0.00259037475735741));
#888=CARTESIAN_POINT('',(0.,0.00500584609174491,0.00249662475735741));
#889=CARTESIAN_POINT('',(0.00207348934235309,0.0050058460917449,0.00240287475735741));
#890=CARTESIAN_POINT('',(0.003539667717049,0.003539667717049,0.00230912475735741));
#891=CARTESIAN_POINT('',(0.0050058460917449,0.00207348934235309,0.00221537475735741));
#892=CARTESIAN_POINT('',(0.00500584609174491,3.06519669663984E-19,0.00212162475735741));
#893=CARTESIAN_POINT('',(0.0050058460917449,-0.00207348934235309,0.00202787475735741));
#894=CARTESIAN_POINT('',(0.003539667717049,-0.003539667717049,0.00193412475735741));
#895=CARTESIAN_POINT('',(0.00207348934235309,-0.0050058460917449,0.00184037475735741));
#896=CARTESIAN_POINT('',(6.13039339327968E-19,-0.00500584609174491,0.00174662475735741));
#897=CARTESIAN_POINT('',(-0.00207348934235309,-0.0050058460917449,0.00165287475735741));
#898=CARTESIAN_POINT('',(-0.003539667717049,-0.003539667717049,0.00155912475735742));
#899=CARTESIAN_POINT('',(-0.0050058460917449,-0.00207348934235309,0.00146537475735742));
#900=CARTESIAN_POINT('',(-0.00500584609174491,-9.19559008991952E-19,0.00137162475735742));
#901=CARTESIAN_POINT('',(-0.0050058460917449,0.00207348934235309,0.00127787475735742));
#902=CARTESIAN_POINT('',(-0.003539667717049,0.003539667717049,0.00118412475735742));
#903=CARTESIAN_POINT('',(-0.0020734893423531,0.0050058460917449,0.00109037475735742));
#904=CARTESIAN_POINT('',(0.,0.00500584609174491,0.000996624757357418));
#905=CARTESIAN_POINT('',(0.00207348934235309,0.0050058460917449,0.000902874757357419));
#906=CARTESIAN_POINT('',(0.003539667717049,0.003539667717049,0.000809124757357418));
#907=CARTESIAN_POINT('',(0.0050058460917449,0.00207348934235309,0.000715374757357419));
#908=CARTESIAN_POINT('',(0.00500584609174491,3.06519669663984E-19,0.000621624757357419));
#909=CARTESIAN_POINT('',(0.0050058460917449,-0.00207348934235309,0.000527874757357419));
#910=CARTESIAN_POINT('',(0.003539667717049,-0.003539667717049,0.00043412475735742));
#911=CARTESIAN_POINT('',(0.00207348934235309,-0.0050058460917449,0.00034037475735742));
#912=CARTESIAN_POINT('',(6.13039339327968E-19,-0.00500584609174491,0.00024662475735742));
#913=CARTESIAN_POINT('',(-0.00207348934235309,-0.0050058460917449,0.000152874757357421));
#914=CARTESIAN_POINT('',(-0.003539667717049,-0.003539667717049,5.91247573574212E-5));
#915=CARTESIAN_POINT('',(-0.0050058460917449,-0.00207348934235309,-3.46252426425781E-5));
#916=CARTESIAN_POINT('',(-0.00500584609174491,-9.19559008991952E-19,-0.000128375242642578));
#917=CARTESIAN_POINT('',(-0.0050058460917449,0.00207348934235309,-0.000222125242642578));
#918=CARTESIAN_POINT('',(-0.003539667717049,0.003539667717049,-0.000315875242642578));
#919=CARTESIAN_POINT('',(-0.0020734893423531,0.0050058460917449,-0.000409625242642577));
#920=CARTESIAN_POINT('',(0.,0.00500584609174491,-0.000503375242642577));
#921=CARTESIAN_POINT('',(0.00207348934235309,0.0050058460917449,-0.000597125242642577));
#922=CARTESIAN_POINT('',(0.003539667717049,0.003539667717049,-0.000690875242642576));
#923=CARTESIAN_POINT('',(0.0050058460917449,0.00207348934235309,-0.000784625242642575));
#924=CARTESIAN_POINT('',(0.00500584609174491,3.06519669663984E-19,-0.000878375242642575));
#925=CARTESIAN_POINT('',(0.0050058460917449,-0.00207348934235309,-0.000972125242642575));
#926=CARTESIAN_POINT('',(0.003539667717049,-0.003539667717049,-0.00106587524264257));
#927=CARTESIAN_POINT('',(0.00207348934235309,-0.0050058460917449,-0.00115962524264257));
#928=CARTESIAN_POINT('',(6.13039339327968E-19,-0.00500584609174491,-0.00125337524264257));
#929=CARTESIAN_POINT('',(-0.00207348934235309,-0.0050058460917449,-0.00134712524264257));
#930=CARTESIAN_POINT('',(-0.003539667717049,-0.003539667717049,-0.00144087524264257));
#931=CARTESIAN_POINT('',(-0.0050058460917449,-0.00207348934235309,-0.00153462524264257));
#932=CARTESIAN_POINT('',(-0.00500584609174491,-9.19559008991952E-19,-0.00162837524264257));
#933=CARTESIAN_POINT('',(-0.0050058460917449,0.00207348934235309,-0.00172212524264257));
#934=CARTESIAN_POINT('',(-0.003539667717049,0.003539667717049,-0.00181587524264257));
#935=CARTESIAN_POINT('',(-0.0020734893423531,0.0050058460917449,-0.00190962524264257));
#936=CARTESIAN_POINT('',(0.,0.00500584609174491,-0.00200337524264257));
#937=CARTESIAN_POINT('',(0.00207348934235309,0.0050058460917449,-0.00209712524264257));
#938=CARTESIAN_POINT('',(0.003539667717049,0.003539667717049,-0.00219087524264257));
#939=CARTESIAN_POINT('',(0.0050058460917449,0.00207348934235309,-0.00228462524264257));
#940=CARTESIAN_POINT('',(0.00500584609174491,3.06519669663984E-19,-0.00237837524264257));
#941=CARTESIAN_POINT('',(0.0050058460917449,-0.00207348934235309,-0.00247212524264257));
#942=CARTESIAN_POINT('',(0.003539667717049,-0.003539667717049,-0.00256587524264257));
#943=CARTESIAN_POINT('',(0.00207348934235309,-0.0050058460917449,-0.00265962524264257));
#944=CARTESIAN_POINT('',(6.13039339327968E-19,-0.00500584609174491,-0.00275337524264257));
#945=CARTESIAN_POINT('',(-0.00207348934235309,-0.0050058460917449,-0.00284712524264257));
#946=CARTESIAN_POINT('',(-0.003539667717049,-0.003539667717049,-0.00294087524264257));
#947=CARTESIAN_POINT('',(-0.0050058460917449,-0.00207348934235309,-0.00303462524264257));
#948=CARTESIAN_POINT('',(-0.00500584609174491,-9.19559008991952E-19,-0.00312837524264256));
#949=CARTESIAN_POINT('',(-0.0050058460917449,0.00207348934235309,-0.00322212524264257));
#950=CARTESIAN_POINT('',(-0.003539667717049,0.003539667717049,-0.00331587524264257));
#951=CARTESIAN_POINT('',(-0.0020734893423531,0.0050058460917449,-0.00340962524264257));
#952=CARTESIAN_POINT('',(0.,0.00500584609174491,-0.00350337524264257));
#953=CARTESIAN_POINT('',(0.00207348934235309,0.0050058460917449,-0.00359712524264257));
#954=CARTESIAN_POINT('',(0.003539667717049,0.003539667717049,-0.00369087524264257));
#955=CARTESIAN_POINT('',(0.0050058460917449,0.00207348934235309,-0.00378462524264256));
#956=CARTESIAN_POINT('',(0.00500584609174491,3.06519669663984E-19,-0.00387837524264256));
#957=CARTESIAN_POINT('',(0.0050058460917449,-0.000978978763606055,-0.00392263843571204));
#958=CARTESIAN_POINT('',(0.00463703958516179,-0.00188583111117626,-0.00397054757714898));
#959=CARTESIAN_POINT('',(0.000124273558340561,0.0040238028083049,-0.00294453153913767));
#960=CARTESIAN_POINT('',(0.000773905800939376,0.0040909389598091,-0.0030316897671149));
#961=CARTESIAN_POINT('',(0.00211342407498221,0.00391572403295152,-0.00321867695602017));
#962=CARTESIAN_POINT('',(0.00376708501430953,0.00277241414990418,-0.00345438089159567));
#963=CARTESIAN_POINT('',(0.00480460485029482,0.00105375275963606,-0.00370341516067705));
#964=CARTESIAN_POINT('',(0.00496137262461135,-0.000275244296930259,-0.00384459314135659));
#965=CARTESIAN_POINT('',(0.00491245256798909,-0.000931563077464924,-0.00391881011839906));
#966=CARTESIAN_POINT('',(0.00491245256798718,-0.000931563077464717,-0.00391881011839715));
#967=CARTESIAN_POINT('',(0.00167406484070263,0.00471142302379263,0.00391881011839522));
#968=CARTESIAN_POINT('',(0.00281136183839923,0.00426714045377163,0.00388095127595798));
#969=CARTESIAN_POINT('',(0.00471479496879877,0.00254018529072005,0.00380899320548808));
#970=CARTESIAN_POINT('',(0.00508567880496817,-0.00133941594770183,0.00369473463013043));
#971=CARTESIAN_POINT('',(0.00267014008667735,-0.00440851122577854,0.00357868122225119));
#972=CARTESIAN_POINT('',(-0.00122203206422781,-0.00490119570313835,0.00345931622494406));
#973=CARTESIAN_POINT('',(-0.00430192967678611,-0.00243442330080914,0.00333642782156801));
#974=CARTESIAN_POINT('',(-0.00459394409046001,0.00151242489816204,0.00321056102950632));
#975=CARTESIAN_POINT('',(-0.00180028804091877,0.00436231525124842,0.00307936620241705));
#976=CARTESIAN_POINT('',(0.000845172893168363,0.00416735225090084,0.00299146601111497));
#977=CARTESIAN_POINT('',(0.001900713715117,0.00354876321140072,0.00294453153913771));
#978=CARTESIAN_POINT('',(0.00167406484070263,0.00471142302379263,0.00391881011839522));
#979=CARTESIAN_POINT('',(0.005,3.06161699786838E-19,0.003625));
#980=CARTESIAN_POINT('',(0.00500000000000001,0.00207106781186548,0.00371875000000003));
#981=CARTESIAN_POINT('',(0.00353553390593274,0.00353553390593274,0.0038125));
#982=CARTESIAN_POINT('',(0.00273750779144655,0.00433356002041893,0.00386358684218516));
#983=CARTESIAN_POINT('',(0.00167406484070264,0.00471142302379264,0.00391881011839522));
#984=CARTESIAN_POINT('',(0.005,3.06161699786838E-19,0.003625));
#985=CARTESIAN_POINT('',(-0.005,-9.18485099360516E-19,0.00287500000000004));
#986=CARTESIAN_POINT('',(-0.00500000000000001,-0.00207106781186548,0.00296875000000003));
#987=CARTESIAN_POINT('',(-0.00353553390593274,-0.00353553390593274,0.00306250000000004));
#988=CARTESIAN_POINT('',(-0.00207106781186548,-0.00500000000000001,0.00315625000000003));
#989=CARTESIAN_POINT('',(6.12323399573677E-19,-0.005,0.00325000000000003));
#990=CARTESIAN_POINT('',(0.00207106781186548,-0.00500000000000001,0.00334375000000004));
#991=CARTESIAN_POINT('',(0.00353553390593274,-0.00353553390593274,0.00343750000000004));
#992=CARTESIAN_POINT('',(0.00500000000000001,-0.00207106781186548,0.00353125000000003));
#993=CARTESIAN_POINT('',(0.005,3.06161699786838E-19,0.003625));
#994=CARTESIAN_POINT('',(-0.005,-9.18485099360516E-19,0.00287500000000004));
#995=CARTESIAN_POINT('',(0.005,3.06161699786838E-19,0.00212500000000004));
#996=CARTESIAN_POINT('',(0.00500000000000001,0.00207106781186548,0.00221875000000004));
#997=CARTESIAN_POINT('',(0.00353553390593274,0.00353553390593274,0.00231250000000004));
#998=CARTESIAN_POINT('',(0.00207106781186548,0.00500000000000001,0.00240625000000004));
#999=CARTESIAN_POINT('',(0.,0.005,0.00250000000000004));
#1000=CARTESIAN_POINT('',(-0.00207106781186548,0.00500000000000001,0.00259375000000004));
#1001=CARTESIAN_POINT('',(-0.00353553390593274,0.00353553390593274,0.00268750000000003));
#1002=CARTESIAN_POINT('',(-0.00500000000000001,0.00207106781186548,0.00278125000000004));
#1003=CARTESIAN_POINT('',(-0.005,-9.18485099360516E-19,0.00287500000000004));
#1004=CARTESIAN_POINT('',(0.005,3.06161699786838E-19,0.00212500000000004));
#1005=CARTESIAN_POINT('',(-0.005,-9.18485099360516E-19,0.00137500000000004));
#1006=CARTESIAN_POINT('',(-0.00500000000000001,-0.00207106781186548,0.00146875000000004));
#1007=CARTESIAN_POINT('',(-0.00353553390593274,-0.00353553390593274,0.00156250000000004));
#1008=CARTESIAN_POINT('',(-0.00207106781186548,-0.00500000000000001,0.00165625000000004));
#1009=CARTESIAN_POINT('',(6.12323399573677E-19,-0.005,0.00175000000000004));
#1010=CARTESIAN_POINT('',(0.00207106781186548,-0.00500000000000001,0.00184375000000004));
#1011=CARTESIAN_POINT('',(0.00353553390593274,-0.00353553390593274,0.00193750000000004));
#1012=CARTESIAN_POINT('',(0.00500000000000001,-0.00207106781186548,0.00203125000000004));
#1013=CARTESIAN_POINT('',(0.005,3.06161699786838E-19,0.00212500000000004));
#1014=CARTESIAN_POINT('',(-0.005,-9.18485099360516E-19,0.00137500000000004));
#1015=CARTESIAN_POINT('',(0.005,3.06161699786838E-19,0.000625000000000045));
#1016=CARTESIAN_POINT('',(0.00500000000000001,0.00207106781186548,0.000718750000000045));
#1017=CARTESIAN_POINT('',(0.00353553390593274,0.00353553390593274,0.000812500000000044));
#1018=CARTESIAN_POINT('',(0.00207106781186548,0.00500000000000001,0.000906250000000044));
#1019=CARTESIAN_POINT('',(0.,0.005,0.00100000000000004));
#1020=CARTESIAN_POINT('',(-0.00207106781186548,0.00500000000000001,0.00109375000000004));
#1021=CARTESIAN_POINT('',(-0.00353553390593274,0.00353553390593274,0.00118750000000004));
#1022=CARTESIAN_POINT('',(-0.00500000000000001,0.00207106781186548,0.00128125000000004));
#1023=CARTESIAN_POINT('',(-0.005,-9.18485099360516E-19,0.00137500000000004));
#1024=CARTESIAN_POINT('',(0.005,3.06161699786838E-19,0.000625000000000045));
#1025=CARTESIAN_POINT('',(-0.005,-9.18485099360516E-19,-0.000124999999999952));
#1026=CARTESIAN_POINT('',(-0.00500000000000001,-0.00207106781186548,-3.12499999999521E-5));
#1027=CARTESIAN_POINT('',(-0.00353553390593274,-0.00353553390593274,6.25000000000471E-5));
#1028=CARTESIAN_POINT('',(-0.00207106781186548,-0.00500000000000001,0.000156250000000047));
#1029=CARTESIAN_POINT('',(6.12323399573677E-19,-0.005,0.000250000000000047));
#1030=CARTESIAN_POINT('',(0.00207106781186548,-0.00500000000000001,0.000343750000000046));
#1031=CARTESIAN_POINT('',(0.00353553390593274,-0.00353553390593274,0.000437500000000046));
#1032=CARTESIAN_POINT('',(0.00500000000000001,-0.00207106781186548,0.000531250000000045));
#1033=CARTESIAN_POINT('',(0.005,3.06161699786838E-19,0.000625000000000045));
#1034=CARTESIAN_POINT('',(-0.005,-9.18485099360516E-19,-0.000124999999999952));
#1035=CARTESIAN_POINT('',(0.005,3.06161699786838E-19,-0.000874999999999949));
#1036=CARTESIAN_POINT('',(0.00500000000000001,0.00207106781186548,-0.000781249999999949));
#1037=CARTESIAN_POINT('',(0.00353553390593274,0.00353553390593274,-0.00068749999999995));
#1038=CARTESIAN_POINT('',(0.00207106781186548,0.00500000000000001,-0.000593749999999951));
#1039=CARTESIAN_POINT('',(0.,0.005,-0.000499999999999951));
#1040=CARTESIAN_POINT('',(-0.00207106781186548,0.00500000000000001,-0.00040624999999995));
#1041=CARTESIAN_POINT('',(-0.00353553390593274,0.00353553390593274,-0.000312499999999951));
#1042=CARTESIAN_POINT('',(-0.00500000000000001,0.00207106781186548,-0.000218749999999952));
#1043=CARTESIAN_POINT('',(-0.005,-9.18485099360516E-19,-0.000124999999999952));
#1044=CARTESIAN_POINT('',(0.005,3.06161699786838E-19,-0.000874999999999949));
#1045=CARTESIAN_POINT('',(-0.005,-9.18485099360516E-19,-0.00162499999999994));
#1046=CARTESIAN_POINT('',(-0.00500000000000001,-0.00207106781186548,-0.00153124999999995));
#1047=CARTESIAN_POINT('',(-0.00353553390593274,-0.00353553390593274,-0.00143749999999995));
#1048=CARTESIAN_POINT('',(-0.00207106781186548,-0.00500000000000001,-0.00134374999999995));
#1049=CARTESIAN_POINT('',(6.12323399573677E-19,-0.005,-0.00124999999999995));
#1050=CARTESIAN_POINT('',(0.00207106781186548,-0.00500000000000001,-0.00115624999999995));
#1051=CARTESIAN_POINT('',(0.00353553390593274,-0.00353553390593274,-0.00106249999999995));
#1052=CARTESIAN_POINT('',(0.00500000000000001,-0.00207106781186548,-0.000968749999999949));
#1053=CARTESIAN_POINT('',(0.005,3.06161699786838E-19,-0.000874999999999949));
#1054=CARTESIAN_POINT('',(-0.005,-9.18485099360516E-19,-0.00162499999999994));
#1055=CARTESIAN_POINT('',(0.005,3.06161699786838E-19,-0.00237499999999994));
#1056=CARTESIAN_POINT('',(0.00500000000000001,0.00207106781186548,-0.00228124999999994));
#1057=CARTESIAN_POINT('',(0.00353553390593274,0.00353553390593274,-0.00218749999999994));
#1058=CARTESIAN_POINT('',(0.00207106781186548,0.00500000000000001,-0.00209374999999994));
#1059=CARTESIAN_POINT('',(0.,0.005,-0.00199999999999994));
#1060=CARTESIAN_POINT('',(-0.00207106781186548,0.00500000000000001,-0.00190624999999995));
#1061=CARTESIAN_POINT('',(-0.00353553390593274,0.00353553390593274,-0.00181249999999995));
#1062=CARTESIAN_POINT('',(-0.00500000000000001,0.00207106781186548,-0.00171874999999995));
#1063=CARTESIAN_POINT('',(-0.005,-9.18485099360516E-19,-0.00162499999999994));
#1064=CARTESIAN_POINT('',(0.005,3.06161699786838E-19,-0.00237499999999994));
#1065=CARTESIAN_POINT('',(-0.005,-9.18485099360516E-19,-0.00312499999999994));
#1066=CARTESIAN_POINT('',(-0.00500000000000001,-0.00207106781186548,-0.00303124999999994));
#1067=CARTESIAN_POINT('',(-0.00353553390593274,-0.00353553390593274,-0.00293749999999994));
#1068=CARTESIAN_POINT('',(-0.00207106781186548,-0.00500000000000001,-0.00284374999999994));
#1069=CARTESIAN_POINT('',(6.12323399573677E-19,-0.005,-0.00274999999999994));
#1070=CARTESIAN_POINT('',(0.00207106781186548,-0.00500000000000001,-0.00265624999999994));
#1071=CARTESIAN_POINT('',(0.00353553390593274,-0.00353553390593274,-0.00256249999999995));
#1072=CARTESIAN_POINT('',(0.00500000000000001,-0.00207106781186548,-0.00246874999999995));
#1073=CARTESIAN_POINT('',(0.005,3.06161699786838E-19,-0.00237499999999994));
#1074=CARTESIAN_POINT('',(-0.005,-9.18485099360516E-19,-0.00312499999999994));
#1075=CARTESIAN_POINT('',(0.005,3.06161699786838E-19,-0.00387499999999994));
#1076=CARTESIAN_POINT('',(0.00500000000000001,0.00207106781186548,-0.00378124999999994));
#1077=CARTESIAN_POINT('',(0.00353553390593274,0.00353553390593274,-0.00368749999999994));
#1078=CARTESIAN_POINT('',(0.00207106781186548,0.00500000000000001,-0.00359374999999994));
#1079=CARTESIAN_POINT('',(0.,0.005,-0.00349999999999994));
#1080=CARTESIAN_POINT('',(-0.00207106781186548,0.00500000000000001,-0.00340624999999994));
#1081=CARTESIAN_POINT('',(-0.00353553390593274,0.00353553390593274,-0.00331249999999994));
#1082=CARTESIAN_POINT('',(-0.00500000000000001,0.00207106781186548,-0.00321874999999994));
#1083=CARTESIAN_POINT('',(-0.005,-9.18485099360516E-19,-0.00312499999999994));
#1084=CARTESIAN_POINT('',(0.005,3.06161699786838E-19,-0.00387499999999994));
#1085=CARTESIAN_POINT('',(-9.53678913358496E-6,4.27433651282102E-6,-0.00396873533065407));
#1086=CARTESIAN_POINT('',(-0.00299509127314978,0.00400367684329161,0.00396675837116719));
#1087=CARTESIAN_POINT('',(-0.00166326009100468,0.00500000000000074,0.00388778997005279));
#1088=CARTESIAN_POINT('',(0.,0.00500000000000074,0.00381250000000048));
#1089=CARTESIAN_POINT('',(0.00207106781186578,0.00500000000000074,0.00371875000000047));
#1090=CARTESIAN_POINT('',(0.00353553390593326,0.00353553390593326,0.00362500000000048));
#1091=CARTESIAN_POINT('',(0.00500000000000074,0.00207106781186578,0.00353125000000047));
#1092=CARTESIAN_POINT('',(0.00500000000000074,3.06161699786884E-19,0.00343750000000048));
#1093=CARTESIAN_POINT('',(0.00500000000000074,-0.00207106781186578,0.00334375000000048));
#1094=CARTESIAN_POINT('',(0.00353553390593326,-0.00353553390593326,0.00325000000000048));
#1095=CARTESIAN_POINT('',(0.00207106781186578,-0.00500000000000074,0.00315625000000048));
#1096=CARTESIAN_POINT('',(6.12323399573767E-19,-0.00500000000000074,0.00306250000000048));
#1097=CARTESIAN_POINT('',(-0.00207106781186578,-0.00500000000000074,0.00296875000000048));
#1098=CARTESIAN_POINT('',(-0.00353553390593326,-0.00353553390593327,0.00287500000000048));
#1099=CARTESIAN_POINT('',(-0.00500000000000074,-0.00207106781186578,0.00278125000000048));
#1100=CARTESIAN_POINT('',(-0.00500000000000074,-9.18485099360651E-19,0.00268750000000048));
#1101=CARTESIAN_POINT('',(-0.00500000000000074,0.00207106781186578,0.00259375000000048));
#1102=CARTESIAN_POINT('',(-0.00353553390593327,0.00353553390593326,0.00250000000000048));
#1103=CARTESIAN_POINT('',(-0.00207106781186579,0.00500000000000074,0.00240625000000048));
#1104=CARTESIAN_POINT('',(0.,0.00500000000000074,0.00231250000000048));
#1105=CARTESIAN_POINT('',(0.00207106781186578,0.00500000000000074,0.00221875000000048));
#1106=CARTESIAN_POINT('',(0.00353553390593326,0.00353553390593326,0.00212500000000048));
#1107=CARTESIAN_POINT('',(0.00500000000000074,0.00207106781186578,0.00203125000000048));
#1108=CARTESIAN_POINT('',(0.00500000000000074,3.06161699786884E-19,0.00193750000000049));
#1109=CARTESIAN_POINT('',(0.00500000000000074,-0.00207106781186578,0.00184375000000048));
#1110=CARTESIAN_POINT('',(0.00353553390593326,-0.00353553390593326,0.00175000000000049));
#1111=CARTESIAN_POINT('',(0.00207106781186578,-0.00500000000000074,0.00165625000000048));
#1112=CARTESIAN_POINT('',(6.12323399573767E-19,-0.00500000000000074,0.00156250000000049));
#1113=CARTESIAN_POINT('',(-0.00207106781186578,-0.00500000000000074,0.00146875000000049));
#1114=CARTESIAN_POINT('',(-0.00353553390593326,-0.00353553390593327,0.00137500000000048));
#1115=CARTESIAN_POINT('',(-0.00500000000000074,-0.00207106781186578,0.00128125000000049));
#1116=CARTESIAN_POINT('',(-0.00500000000000074,-9.18485099360651E-19,0.00118750000000049));
#1117=CARTESIAN_POINT('',(-0.00500000000000074,0.00207106781186578,0.00109375000000049));
#1118=CARTESIAN_POINT('',(-0.00353553390593327,0.00353553390593326,0.00100000000000049));
#1119=CARTESIAN_POINT('',(-0.00207106781186579,0.00500000000000074,0.000906250000000488));
#1120=CARTESIAN_POINT('',(0.,0.00500000000000074,0.000812500000000488));
#1121=CARTESIAN_POINT('',(0.00207106781186578,0.00500000000000074,0.000718750000000488));
#1122=CARTESIAN_POINT('',(0.00353553390593326,0.00353553390593326,0.000625000000000489));
#1123=CARTESIAN_POINT('',(0.00500000000000074,0.00207106781186578,0.000531250000000489));
#1124=CARTESIAN_POINT('',(0.00500000000000074,3.06161699786884E-19,0.00043750000000049));
#1125=CARTESIAN_POINT('',(0.00500000000000074,-0.00207106781186578,0.000343750000000489));
#1126=CARTESIAN_POINT('',(0.00353553390593326,-0.00353553390593326,0.00025000000000049));
#1127=CARTESIAN_POINT('',(0.00207106781186578,-0.00500000000000074,0.000156250000000491));
#1128=CARTESIAN_POINT('',(6.12323399573767E-19,-0.00500000000000074,6.25000000004907E-5));
#1129=CARTESIAN_POINT('',(-0.00207106781186578,-0.00500000000000074,-3.12499999995094E-5));
#1130=CARTESIAN_POINT('',(-0.00353553390593326,-0.00353553390593327,-0.000124999999999509));
#1131=CARTESIAN_POINT('',(-0.00500000000000074,-0.00207106781186578,-0.000218749999999508));
#1132=CARTESIAN_POINT('',(-0.00500000000000074,-9.18485099360651E-19,-0.000312499999999508));
#1133=CARTESIAN_POINT('',(-0.00500000000000074,0.00207106781186578,-0.000406249999999508));
#1134=CARTESIAN_POINT('',(-0.00353553390593327,0.00353553390593326,-0.000499999999999507));
#1135=CARTESIAN_POINT('',(-0.00207106781186579,0.00500000000000074,-0.000593749999999506));
#1136=CARTESIAN_POINT('',(0.,0.00500000000000074,-0.000687499999999506));
#1137=CARTESIAN_POINT('',(0.00207106781186578,0.00500000000000074,-0.000781249999999506));
#1138=CARTESIAN_POINT('',(0.00353553390593326,0.00353553390593326,-0.000874999999999505));
#1139=CARTESIAN_POINT('',(0.00500000000000074,0.00207106781186578,-0.000968749999999505));
#1140=CARTESIAN_POINT('',(0.00500000000000074,3.06161699786884E-19,-0.00106249999999951));
#1141=CARTESIAN_POINT('',(0.00500000000000074,-0.00207106781186578,-0.00115624999999951));
#1142=CARTESIAN_POINT('',(0.00353553390593326,-0.00353553390593326,-0.0012499999999995));
#1143=CARTESIAN_POINT('',(0.00207106781186578,-0.00500000000000074,-0.0013437499999995));
#1144=CARTESIAN_POINT('',(6.12323399573767E-19,-0.00500000000000074,-0.0014374999999995));
#1145=CARTESIAN_POINT('',(-0.00207106781186578,-0.00500000000000074,-0.0015312499999995));
#1146=CARTESIAN_POINT('',(-0.00353553390593326,-0.00353553390593327,-0.0016249999999995));
#1147=CARTESIAN_POINT('',(-0.00500000000000074,-0.00207106781186578,-0.0017187499999995));
#1148=CARTESIAN_POINT('',(-0.00500000000000074,-9.18485099360651E-19,-0.0018124999999995));
#1149=CARTESIAN_POINT('',(-0.00500000000000074,0.00207106781186578,-0.0019062499999995));
#1150=CARTESIAN_POINT('',(-0.00353553390593327,0.00353553390593326,-0.0019999999999995));
#1151=CARTESIAN_POINT('',(-0.00207106781186579,0.00500000000000074,-0.0020937499999995));
#1152=CARTESIAN_POINT('',(0.,0.00500000000000074,-0.0021874999999995));
#1153=CARTESIAN_POINT('',(0.00207106781186578,0.00500000000000074,-0.0022812499999995));
#1154=CARTESIAN_POINT('',(0.00353553390593326,0.00353553390593326,-0.0023749999999995));
#1155=CARTESIAN_POINT('',(0.00500000000000074,0.00207106781186578,-0.0024687499999995));
#1156=CARTESIAN_POINT('',(0.00500000000000074,3.06161699786884E-19,-0.0025624999999995));
#1157=CARTESIAN_POINT('',(0.00500000000000074,-0.00207106781186578,-0.0026562499999995));
#1158=CARTESIAN_POINT('',(0.00353553390593326,-0.00353553390593326,-0.0027499999999995));
#1159=CARTESIAN_POINT('',(0.00207106781186578,-0.00500000000000074,-0.0028437499999995));
#1160=CARTESIAN_POINT('',(6.12323399573767E-19,-0.00500000000000074,-0.0029374999999995));
#1161=CARTESIAN_POINT('',(-0.00207106781186578,-0.00500000000000074,-0.0030312499999995));
#1162=CARTESIAN_POINT('',(-0.00353553390593326,-0.00353553390593327,-0.0031249999999995));
#1163=CARTESIAN_POINT('',(-0.00500000000000074,-0.00207106781186578,-0.0032187499999995));
#1164=CARTESIAN_POINT('',(-0.00500000000000074,-9.18485099360651E-19,-0.00331249999999949));
#1165=CARTESIAN_POINT('',(-0.00500000000000074,0.00207106781186578,-0.00340624999999949));
#1166=CARTESIAN_POINT('',(-0.00353553390593327,0.00353553390593326,-0.00349999999999949));
#1167=CARTESIAN_POINT('',(-0.00207106781186579,0.00500000000000074,-0.00359374999999949));
#1168=CARTESIAN_POINT('',(0.,0.00500000000000074,-0.00368749999999949));
#1169=CARTESIAN_POINT('',(0.00207106781186578,0.00500000000000074,-0.0037812499999995));
#1170=CARTESIAN_POINT('',(0.00353553390593326,0.00353553390593326,-0.00387499999999949));
#1171=CARTESIAN_POINT('',(0.00422696799089577,0.00284409982097075,-0.00391926319306885));
#1172=CARTESIAN_POINT('',(0.00460697953717418,0.00194312622957588,-0.00396717233450567));
#1173=CARTESIAN_POINT('',(-0.00241148061907923,0.00322353752595347,0.00340425837116676));
#1174=CARTESIAN_POINT('',(-0.00133916435532453,0.00402572142074249,0.00332528997005236));
#1175=CARTESIAN_POINT('',(0.,0.00402572142074249,0.00325000000000004));
#1176=CARTESIAN_POINT('',(0.00166750841080743,0.00402572142074249,0.00315625000000004));
#1177=CARTESIAN_POINT('',(0.00284661491577496,0.00284661491577496,0.00306250000000005));
#1178=CARTESIAN_POINT('',(0.00402572142074249,0.00166750841080743,0.00296875000000005));
#1179=CARTESIAN_POINT('',(0.00402572142074249,2.46504342608562E-19,0.00287500000000005));
#1180=CARTESIAN_POINT('',(0.00402572142074249,-0.00166750841080743,0.00278125000000005));
#1181=CARTESIAN_POINT('',(0.00284661491577496,-0.00284661491577496,0.00268750000000004));
#1182=CARTESIAN_POINT('',(0.00166750841080743,-0.00402572142074249,0.00259375000000005));
#1183=CARTESIAN_POINT('',(4.93008685217123E-19,-0.00402572142074249,0.00250000000000005));
#1184=CARTESIAN_POINT('',(-0.00166750841080742,-0.00402572142074249,0.00240625000000005));
#1185=CARTESIAN_POINT('',(-0.00284661491577496,-0.00284661491577496,0.00231250000000005));
#1186=CARTESIAN_POINT('',(-0.00402572142074249,-0.00166750841080743,0.00221875000000005));
#1187=CARTESIAN_POINT('',(-0.00402572142074249,-7.39513027825684E-19,0.00212500000000005));
#1188=CARTESIAN_POINT('',(-0.00402572142074249,0.00166750841080743,0.00203125000000005));
#1189=CARTESIAN_POINT('',(-0.00284661491577496,0.00284661491577496,0.00193750000000005));
#1190=CARTESIAN_POINT('',(-0.00166750841080743,0.00402572142074249,0.00184375000000005));
#1191=CARTESIAN_POINT('',(0.,0.00402572142074249,0.00175000000000005));
#1192=CARTESIAN_POINT('',(0.00166750841080743,0.00402572142074249,0.00165625000000005));
#1193=CARTESIAN_POINT('',(0.00284661491577496,0.00284661491577496,0.00156250000000005));
#1194=CARTESIAN_POINT('',(0.00402572142074249,0.00166750841080743,0.00146875000000005));
#1195=CARTESIAN_POINT('',(0.00402572142074249,2.46504342608562E-19,0.00137500000000005));
#1196=CARTESIAN_POINT('',(0.00402572142074249,-0.00166750841080743,0.00128125000000005));
#1197=CARTESIAN_POINT('',(0.00284661491577496,-0.00284661491577496,0.00118750000000005));
#1198=CARTESIAN_POINT('',(0.00166750841080743,-0.00402572142074249,0.00109375000000005));
#1199=CARTESIAN_POINT('',(4.93008685217123E-19,-0.00402572142074249,0.00100000000000005));
#1200=CARTESIAN_POINT('',(-0.00166750841080742,-0.00402572142074249,0.000906250000000053));
#1201=CARTESIAN_POINT('',(-0.00284661491577496,-0.00284661491577496,0.000812500000000054));
#1202=CARTESIAN_POINT('',(-0.00402572142074249,-0.00166750841080743,0.000718750000000055));
#1203=CARTESIAN_POINT('',(-0.00402572142074249,-7.39513027825684E-19,0.000625000000000054));
#1204=CARTESIAN_POINT('',(-0.00402572142074249,0.00166750841080743,0.000531250000000054));
#1205=CARTESIAN_POINT('',(-0.00284661491577496,0.00284661491577496,0.000437500000000055));
#1206=CARTESIAN_POINT('',(-0.00166750841080743,0.00402572142074249,0.000343750000000056));
#1207=CARTESIAN_POINT('',(0.,0.00402572142074249,0.000250000000000056));
#1208=CARTESIAN_POINT('',(0.00166750841080743,0.00402572142074249,0.000156250000000056));
#1209=CARTESIAN_POINT('',(0.00284661491577496,0.00284661491577496,6.25000000000564E-5));
#1210=CARTESIAN_POINT('',(0.00402572142074249,0.00166750841080743,-3.12499999999428E-5));
#1211=CARTESIAN_POINT('',(0.00402572142074249,2.46504342608562E-19,-0.000124999999999943));
#1212=CARTESIAN_POINT('',(0.00402572142074249,-0.00166750841080743,-0.000218749999999943));
#1213=CARTESIAN_POINT('',(0.00284661491577496,-0.00284661491577496,-0.000312499999999942));
#1214=CARTESIAN_POINT('',(0.00166750841080743,-0.00402572142074249,-0.000406249999999941));
#1215=CARTESIAN_POINT('',(4.93008685217123E-19,-0.00402572142074249,-0.000499999999999942));
#1216=CARTESIAN_POINT('',(-0.00166750841080742,-0.00402572142074249,-0.000593749999999942));
#1217=CARTESIAN_POINT('',(-0.00284661491577496,-0.00284661491577496,-0.000687499999999941));
#1218=CARTESIAN_POINT('',(-0.00402572142074249,-0.00166750841080743,-0.000781249999999939));
#1219=CARTESIAN_POINT('',(-0.00402572142074249,-7.39513027825684E-19,-0.00087499999999994));
#1220=CARTESIAN_POINT('',(-0.00402572142074249,0.00166750841080743,-0.00096874999999994));
#1221=CARTESIAN_POINT('',(-0.00284661491577496,0.00284661491577496,-0.00106249999999994));
#1222=CARTESIAN_POINT('',(-0.00166750841080743,0.00402572142074249,-0.00115624999999994));
#1223=CARTESIAN_POINT('',(0.,0.00402572142074249,-0.00124999999999994));
#1224=CARTESIAN_POINT('',(0.00166750841080743,0.00402572142074249,-0.00134374999999994));
#1225=CARTESIAN_POINT('',(0.00284661491577496,0.00284661491577496,-0.00143749999999994));
#1226=CARTESIAN_POINT('',(0.00402572142074249,0.00166750841080743,-0.00153124999999994));
#1227=CARTESIAN_POINT('',(0.00402572142074249,2.46504342608562E-19,-0.00162499999999993));
#1228=CARTESIAN_POINT('',(0.00402572142074249,-0.00166750841080743,-0.00171874999999994));
#1229=CARTESIAN_POINT('',(0.00284661491577496,-0.00284661491577496,-0.00181249999999994));
#1230=CARTESIAN_POINT('',(0.00166750841080743,-0.00402572142074249,-0.00190624999999993));
#1231=CARTESIAN_POINT('',(4.93008685217123E-19,-0.00402572142074249,-0.00199999999999993));
#1232=CARTESIAN_POINT('',(-0.00166750841080742,-0.00402572142074249,-0.00209374999999994));
#1233=CARTESIAN_POINT('',(-0.00284661491577496,-0.00284661491577496,-0.00218749999999993));
#1234=CARTESIAN_POINT('',(-0.00402572142074249,-0.00166750841080743,-0.00228124999999993));
#1235=CARTESIAN_POINT('',(-0.00402572142074249,-7.39513027825684E-19,-0.00237499999999993));
#1236=CARTESIAN_POINT('',(-0.00402572142074249,0.00166750841080743,-0.00246874999999994));
#1237=CARTESIAN_POINT('',(-0.00284661491577496,0.00284661491577496,-0.00256249999999994));
#1238=CARTESIAN_POINT('',(-0.00166750841080743,0.00402572142074249,-0.00265624999999993));
#1239=CARTESIAN_POINT('',(0.,0.00402572142074249,-0.00274999999999993));
#1240=CARTESIAN_POINT('',(0.00166750841080743,0.00402572142074249,-0.00284374999999993));
#1241=CARTESIAN_POINT('',(0.00284661491577496,0.00284661491577496,-0.00293749999999993));
#1242=CARTESIAN_POINT('',(0.00402572142074249,0.00166750841080743,-0.00303124999999993));
#1243=CARTESIAN_POINT('',(0.00402572142074249,2.46504342608562E-19,-0.00312499999999993));
#1244=CARTESIAN_POINT('',(0.00402572142074249,-0.00166750841080743,-0.00321874999999993));
#1245=CARTESIAN_POINT('',(0.00284661491577496,-0.00284661491577496,-0.00331249999999993));
#1246=CARTESIAN_POINT('',(0.00166750841080743,-0.00402572142074249,-0.00340624999999993));
#1247=CARTESIAN_POINT('',(4.93008685217123E-19,-0.00402572142074249,-0.00349999999999993));
#1248=CARTESIAN_POINT('',(-0.00166750841080742,-0.00402572142074249,-0.00359374999999993));
#1249=CARTESIAN_POINT('',(-0.00284661491577496,-0.00284661491577496,-0.00368749999999993));
#1250=CARTESIAN_POINT('',(-0.00402572142074249,-0.00166750841080743,-0.00378124999999993));
#1251=CARTESIAN_POINT('',(-0.00402572142074249,-7.39513027825684E-19,-0.00387499999999993));
#1252=CARTESIAN_POINT('',(-0.00402572142074249,0.00166750841080743,-0.00396874999999993));
#1253=CARTESIAN_POINT('',(-0.00284661491577496,0.00284661491577496,-0.00406249999999993));
#1254=CARTESIAN_POINT('',(-0.00166750841080743,0.00402572142074249,-0.00415624999999993));
#1255=CARTESIAN_POINT('',(0.,0.00402572142074249,-0.00424999999999993));
#1256=CARTESIAN_POINT('',(0.00166750841080743,0.00402572142074249,-0.00434374999999993));
#1257=CARTESIAN_POINT('',(0.00284661491577496,0.00284661491577496,-0.00443749999999993));
#1258=CARTESIAN_POINT('',(0.00340331911714789,0.00228991071440203,-0.00448176319306928));
#1259=CARTESIAN_POINT('',(0.00370928324154434,0.00156449697712181,-0.0045296723345061));
#1260=CARTESIAN_POINT('',(0.00413234309225548,0.00281491395390593,-0.00391881011839592));
#1261=CARTESIAN_POINT('',(0.0034138701454343,0.00380365617876472,-0.00388165963175633));
#1262=CARTESIAN_POINT('',(0.00125644051363903,0.00520642439980856,-0.00380838779562955));
#1263=CARTESIAN_POINT('',(-0.00259255103249291,0.00457618271088905,-0.00369449915816027));
#1264=CARTESIAN_POINT('',(-0.0049450183392887,0.00145435823501467,-0.00357828623042411));
#1265=CARTESIAN_POINT('',(-0.00442489642595847,-0.00243821582941222,-0.00345866915758778));
#1266=CARTESIAN_POINT('',(-0.00124288224715811,-0.00478588019012189,-0.00333614464011886));
#1267=CARTESIAN_POINT('',(0.00198973511436451,-0.00416442529890615,-0.00322960290154378));
#1268=CARTESIAN_POINT('',(0.00367751025189596,-0.00234037834820947,-0.0031462922603114));
#1269=CARTESIAN_POINT('',(0.00445329924725025,2.41851496699569E-5,-0.00305606888196072));
#1270=CARTESIAN_POINT('',(0.00380363038731775,0.00189587772675778,-0.00298869323439568));
#1271=CARTESIAN_POINT('',(0.00293313292773475,0.00275738357608497,-0.00294453153913768));
#1272=CARTESIAN_POINT('',(0.00413234309225536,0.00281491395390584,-0.00391881011839566));
#1273=CARTESIAN_POINT('',(0.00413234309225573,0.00281491395390609,-0.00391881011839609));
#1274=CARTESIAN_POINT('',(0.00386780009568582,0.00320326771617966,-0.00389627051996317));
#1275=CARTESIAN_POINT('',(0.00353553390593274,0.00353553390593274,-0.00387499999999992));
#1276=CARTESIAN_POINT('',(0.00207106781186548,0.00500000000000001,-0.00378124999999992));
#1277=CARTESIAN_POINT('',(0.,0.005,-0.00368749999999992));
#1278=CARTESIAN_POINT('',(-0.00207106781186548,0.00500000000000001,-0.00359374999999992));
#1279=CARTESIAN_POINT('',(-0.00353553390593274,0.00353553390593274,-0.00349999999999992));
#1280=CARTESIAN_POINT('',(-0.00500000000000862,0.00207106781185685,-0.00340624999999937));
#1281=CARTESIAN_POINT('',(-0.005,-2.2794020090692E-14,-0.00331249999999889));
#1282=CARTESIAN_POINT('',(-0.005,-2.2794020090692E-14,-0.00331249999999889));
#1283=CARTESIAN_POINT('',(-0.005,-2.2794020090692E-14,-0.00331249999999889));
#1284=CARTESIAN_POINT('',(-0.00499999999999138,-0.00207106781187411,-0.00321874999999937));
#1285=CARTESIAN_POINT('',(-0.00353553390593274,-0.00353553390593274,-0.00312499999999993));
#1286=CARTESIAN_POINT('',(-0.00207106781186548,-0.00500000000000001,-0.00303124999999993));
#1287=CARTESIAN_POINT('',(6.12323399573677E-19,-0.005,-0.00293749999999992));
#1288=CARTESIAN_POINT('',(0.00207106781186548,-0.00500000000000001,-0.00284374999999992));
#1289=CARTESIAN_POINT('',(0.00353553390593274,-0.00353553390593274,-0.00274999999999992));
#1290=CARTESIAN_POINT('',(0.00499999999999999,-0.00207106781186549,-0.00265624999999993));
#1291=CARTESIAN_POINT('',(0.005,3.06161699786838E-19,-0.00256249999999993));
#1292=CARTESIAN_POINT('',(0.005,3.06161699786838E-19,-0.00256249999999993));
#1293=CARTESIAN_POINT('',(0.005,3.06161699786838E-19,-0.00256249999999993));
#1294=CARTESIAN_POINT('',(0.00500000000000002,0.00207106781186547,-0.00246874999999993));
#1295=CARTESIAN_POINT('',(0.00353553390593274,0.00353553390593274,-0.00237499999999992));
#1296=CARTESIAN_POINT('',(0.00207106781186548,0.00500000000000001,-0.00228124999999993));
#1297=CARTESIAN_POINT('',(0.,0.005,-0.00218749999999992));
#1298=CARTESIAN_POINT('',(-0.00207106781186548,0.00500000000000001,-0.00209374999999993));
#1299=CARTESIAN_POINT('',(-0.00353553390593274,0.00353553390593274,-0.00199999999999993));
#1300=CARTESIAN_POINT('',(-0.00499999999999165,0.00207106781187383,-0.00190625000000047));
#1301=CARTESIAN_POINT('',(-0.00500000000000001,1.83668001365416E-14,-0.00181250000000076));
#1302=CARTESIAN_POINT('',(-0.005,1.83668001365417E-14,-0.00181250000000076));
#1303=CARTESIAN_POINT('',(-0.00500000000000001,1.83668001365417E-14,-0.00181250000000076));
#1304=CARTESIAN_POINT('',(-0.00500000000000836,-0.00207106781185713,-0.00171875000000047));
#1305=CARTESIAN_POINT('',(-0.00353553390593274,-0.00353553390593274,-0.00162499999999993));
#1306=CARTESIAN_POINT('',(-0.00207106781186548,-0.00500000000000001,-0.00153124999999993));
#1307=CARTESIAN_POINT('',(6.12323399573677E-19,-0.005,-0.00143749999999993));
#1308=CARTESIAN_POINT('',(0.00207106781186548,-0.00500000000000001,-0.00134374999999993));
#1309=CARTESIAN_POINT('',(0.00353553390593274,-0.00353553390593274,-0.00124999999999993));
#1310=CARTESIAN_POINT('',(0.00500000000000001,-0.00207106781186548,-0.00115624999999993));
#1311=CARTESIAN_POINT('',(0.005,3.06161699786838E-19,-0.00106249999999993));
#1312=CARTESIAN_POINT('',(0.005,3.06161699786838E-19,-0.00106249999999993));
#1313=CARTESIAN_POINT('',(0.005,3.06161699786838E-19,-0.00106249999999993));
#1314=CARTESIAN_POINT('',(0.00500000000000005,0.0020710678118655,-0.000968749999999904));
#1315=CARTESIAN_POINT('',(0.00353553390593277,0.00353553390593277,-0.000874999999999905));
#1316=CARTESIAN_POINT('',(0.0020710678118655,0.00500000000000005,-0.000781249999999906));
#1317=CARTESIAN_POINT('',(0.,0.005,-0.000687499999999906));
#1318=CARTESIAN_POINT('',(-0.0020710678118655,0.00500000000000005,-0.000593749999999906));
#1319=CARTESIAN_POINT('',(-0.00353553390593277,0.00353553390593277,-0.000499999999999907));
#1320=CARTESIAN_POINT('',(-0.00500000000000005,0.0020710678118655,-0.000406249999999907));
#1321=CARTESIAN_POINT('',(-0.005,-9.18485099360516E-19,-0.000312499999999935));
#1322=CARTESIAN_POINT('',(-0.005,-9.18485099360516E-19,-0.000312499999999935));
#1323=CARTESIAN_POINT('',(-0.005,-9.18485099360516E-19,-0.000312499999999935));
#1324=CARTESIAN_POINT('',(-0.00500000000000005,-0.0020710678118655,-0.000218749999999907));
#1325=CARTESIAN_POINT('',(-0.00353553390593277,-0.00353553390593277,-0.000124999999999908));
#1326=CARTESIAN_POINT('',(-0.00207106781186549,-0.00500000000000005,-3.1249999999909E-5));
#1327=CARTESIAN_POINT('',(6.12323399573683E-19,-0.005,6.25000000000911E-5));
#1328=CARTESIAN_POINT('',(0.0020710678118655,-0.00500000000000005,0.000156250000000091));
#1329=CARTESIAN_POINT('',(0.00353553390593277,-0.00353553390593277,0.00025000000000009));
#1330=CARTESIAN_POINT('',(0.00500000000000005,-0.0020710678118655,0.000343750000000089));
#1331=CARTESIAN_POINT('',(0.005,3.06161699786838E-19,0.000437500000000062));
#1332=CARTESIAN_POINT('',(0.005,3.06161699786838E-19,0.000437500000000062));
#1333=CARTESIAN_POINT('',(0.005,3.06161699786838E-19,0.000437500000000062));
#1334=CARTESIAN_POINT('',(0.00500000000000051,0.00207106781186568,0.000531250000000356));
#1335=CARTESIAN_POINT('',(0.0035355339059331,0.0035355339059331,0.000625000000000355));
#1336=CARTESIAN_POINT('',(0.00207106781186569,0.00500000000000051,0.000718750000000355));
#1337=CARTESIAN_POINT('',(0.,0.00500000000000051,0.000812500000000355));
#1338=CARTESIAN_POINT('',(-0.00207106781186569,0.00500000000000051,0.000906250000000354));
#1339=CARTESIAN_POINT('',(-0.0035355339059331,0.0035355339059331,0.00100000000000035));
#1340=CARTESIAN_POINT('',(-0.00500000000000075,0.00207106781186545,0.00109375000000037));
#1341=CARTESIAN_POINT('',(-0.00500000000000006,-7.74170888212197E-16,0.00118750000000011));
#1342=CARTESIAN_POINT('',(-0.005,-7.74170888212188E-16,0.00118750000000009));
#1343=CARTESIAN_POINT('',(-0.00500000000000005,-7.74170888212188E-16,0.00118750000000009));
#1344=CARTESIAN_POINT('',(-0.00500000000000027,-0.00207106781186593,0.00128125000000037));
#1345=CARTESIAN_POINT('',(-0.0035355339059331,-0.0035355339059331,0.00137500000000035));
#1346=CARTESIAN_POINT('',(-0.00207106781186569,-0.00500000000000051,0.00146875000000035));
#1347=CARTESIAN_POINT('',(6.12323399573739E-19,-0.00500000000000051,0.00156250000000035));
#1348=CARTESIAN_POINT('',(0.00207106781186569,-0.0050000000000005,0.00165625000000035));
#1349=CARTESIAN_POINT('',(0.0035355339059331,-0.0035355339059331,0.00175000000000035));
#1350=CARTESIAN_POINT('',(0.0050000000000005,-0.00207106781186569,0.00184375000000035));
#1351=CARTESIAN_POINT('',(0.005,3.06161699786838E-19,0.00193750000000006));
#1352=CARTESIAN_POINT('',(0.005,3.06161699786838E-19,0.00193750000000006));
#1353=CARTESIAN_POINT('',(0.005,3.06161699786838E-19,0.00193750000000006));
#1354=CARTESIAN_POINT('',(0.00500000000000001,0.00207106781186548,0.00203125000000006));
#1355=CARTESIAN_POINT('',(0.00353553390593274,0.00353553390593274,0.00212500000000006));
#1356=CARTESIAN_POINT('',(0.00207106781186548,0.00500000000000001,0.00221875000000006));
#1357=CARTESIAN_POINT('',(0.,0.005,0.00231250000000005));
#1358=CARTESIAN_POINT('',(-0.00207106781186548,0.00500000000000001,0.00240625000000006));
#1359=CARTESIAN_POINT('',(-0.00353553390593274,0.00353553390593274,0.00250000000000006));
#1360=CARTESIAN_POINT('',(-0.00500000000000001,0.00207106781186548,0.00259375000000005));
#1361=CARTESIAN_POINT('',(-0.005,-9.18485099360516E-19,0.00268750000000005));
#1362=CARTESIAN_POINT('',(-0.005,-9.18485099360516E-19,0.00268750000000005));
#1363=CARTESIAN_POINT('',(-0.005,-9.18485099360516E-19,0.00268750000000005));
#1364=CARTESIAN_POINT('',(-0.00500000000000004,-0.00207106781186549,0.00278125000000007));
#1365=CARTESIAN_POINT('',(-0.00353553390593276,-0.00353553390593276,0.00287500000000007));
#1366=CARTESIAN_POINT('',(-0.00207106781186549,-0.00500000000000004,0.00296875000000007));
#1367=CARTESIAN_POINT('',(6.12323399573681E-19,-0.005,0.00306250000000007));
#1368=CARTESIAN_POINT('',(0.00207106781186549,-0.00500000000000004,0.00315625000000007));
#1369=CARTESIAN_POINT('',(0.00353553390593276,-0.00353553390593276,0.00325000000000007));
#1370=CARTESIAN_POINT('',(0.00499999999999412,-0.0020710678118714,0.00334374999999969));
#1371=CARTESIAN_POINT('',(0.00500000000000001,-1.42453823418062E-14,0.00343749999999941));
#1372=CARTESIAN_POINT('',(0.005,-1.42453823418062E-14,0.00343749999999941));
#1373=CARTESIAN_POINT('',(0.00500000000000001,-1.42453823418062E-14,0.00343749999999941));
#1374=CARTESIAN_POINT('',(0.00500000000000595,0.00207106781185958,0.00353124999999969));
#1375=CARTESIAN_POINT('',(0.00353553390593276,0.00353553390593276,0.00362500000000007));
#1376=CARTESIAN_POINT('',(0.00207106781186549,0.00500000000000004,0.00371875000000007));
#1377=CARTESIAN_POINT('',(0.,0.005,0.00381250000000007));
#1378=CARTESIAN_POINT('',(-0.00112857935423449,0.00500000000000003,0.0038635868421852));
#1379=CARTESIAN_POINT('',(-0.00214773656815506,0.00451522177016917,0.00391881011839522));
#1380=CARTESIAN_POINT('',(-0.00214773656815506,0.00451522177016916,0.00391881011839522));
#1381=CARTESIAN_POINT('',(0.00385336208866033,0.00116534697455326,0.00294453153913772));
#1382=CARTESIAN_POINT('',(0.00365527076315076,0.00246398671444135,0.00313084554592357));
#1383=CARTESIAN_POINT('',(0.0019242812557675,0.00475347082369452,0.00346555863414697));
#1384=CARTESIAN_POINT('',(-0.000901838705084837,0.00494020697653199,0.00376741852940863));
#1385=CARTESIAN_POINT('',(-0.00214773656815506,0.00451522177016917,0.00391881011839522));
#1386=CARTESIAN_POINT('',(0.,0.,-0.004));
#1387=CARTESIAN_POINT('',(0.,0.,-0.004));
#1388=CARTESIAN_POINT('',(0.0085,4.81643665356712E-19,-0.004));
#1389=CARTESIAN_POINT('',(0.00425,-0.00736121593216773,-0.004));
#1390=CARTESIAN_POINT('',(0.0085,-0.00490747718146121,-0.00324081065223254));
#1391=CARTESIAN_POINT('',(0.0085,-0.00330410611594773,-0.00370366400283093));
#1392=CARTESIAN_POINT('',(0.0085,-0.00167497472669407,-0.004));
#1393=CARTESIAN_POINT('',(0.0085,-8.37230440880886E-19,-0.004));
#1394=CARTESIAN_POINT('',(0.0085,-0.00490747723478651,-0.00324081063683885));
#1395=CARTESIAN_POINT('',(0.00425,-0.00736121593216772,-0.004));
#1396=CARTESIAN_POINT('',(0.00570057066404043,-0.0065237285688054,-0.004));
#1397=CARTESIAN_POINT('',(0.00711143983326116,-0.00570916287416447,-0.00370366400282006));
#1398=CARTESIAN_POINT('',(0.00849999990771242,-0.00490747734139407,-0.00324081065220769));
#1399=CARTESIAN_POINT('',(0.,0.,-0.004));
#1400=CARTESIAN_POINT('',(0.,0.,-0.004));
#1401=CARTESIAN_POINT('',(-0.00425,-0.00736121593216773,-0.004));
#1402=CARTESIAN_POINT('',(5.62609916287023E-18,-0.00981495457622363,-0.00324081062144517));
#1403=CARTESIAN_POINT('',(0.0013885601037411,-0.00901326902654274,-0.00370366398935886));
#1404=CARTESIAN_POINT('',(0.00279942930318566,-0.00819870331445206,-0.004));
#1405=CARTESIAN_POINT('',(0.00425,-0.00736121593216772,-0.004));
#1406=CARTESIAN_POINT('',(5.63728618850885E-18,-0.00981495457622363,-0.00324081062144517));
#1407=CARTESIAN_POINT('',(-0.00425,-0.00736121593216773,-0.004));
#1408=CARTESIAN_POINT('',(-0.00279942930318566,-0.00819870331445207,-0.004));
#1409=CARTESIAN_POINT('',(-0.00138856010374109,-0.00901326902654273,-0.00370366398935886));
#1410=CARTESIAN_POINT('',(6.48414129670996E-18,-0.00981495457622363,-0.00324081062144517));
#1411=CARTESIAN_POINT('',(0.,0.,-0.004));
#1412=CARTESIAN_POINT('',(0.,0.,-0.004));
#1413=CARTESIAN_POINT('',(-0.0085,-1.20736753927986E-18,-0.004));
#1414=CARTESIAN_POINT('',(-0.00849999990763762,-0.00490747734143726,-0.00324081065223262));
#1415=CARTESIAN_POINT('',(-0.00711143983321009,-0.00570916287419396,-0.00370366400283097));
#1416=CARTESIAN_POINT('',(-0.00570057066401387,-0.00652372856882075,-0.004));
#1417=CARTESIAN_POINT('',(-0.00425,-0.00736121593216773,-0.004));
#1418=CARTESIAN_POINT('',(-0.00849999995381881,-0.00490747731477454,-0.00324081063683889));
#1419=CARTESIAN_POINT('',(-0.0085,-1.20736753927986E-18,-0.004));
#1420=CARTESIAN_POINT('',(-0.0085,-0.00167497472672472,-0.004));
#1421=CARTESIAN_POINT('',(-0.0085,-0.00330410611600664,-0.00370366400282003));
#1422=CARTESIAN_POINT('',(-0.0085,-0.00490747718154752,-0.00324081065220762));
#1423=CARTESIAN_POINT('',(0.,0.,-0.004));
#1424=CARTESIAN_POINT('',(0.,0.,-0.004));
#1425=CARTESIAN_POINT('',(-0.00425,0.00736121593216773,-0.004));
#1426=CARTESIAN_POINT('',(-0.0085,0.00490747718146076,-0.00324081065223266));
#1427=CARTESIAN_POINT('',(-0.0085,0.00330410611594742,-0.00370366400283099));
#1428=CARTESIAN_POINT('',(-0.0085,0.0016749747266939,-0.004));
#1429=CARTESIAN_POINT('',(-0.0085,-5.9777315753692E-19,-0.004));
#1430=CARTESIAN_POINT('',(-0.0085,0.00490747723478629,-0.00324081063683891));
#1431=CARTESIAN_POINT('',(-0.00425,0.00736121593216773,-0.004));
#1432=CARTESIAN_POINT('',(-0.00570057066404053,0.00652372856880536,-0.004));
#1433=CARTESIAN_POINT('',(-0.00711143983326133,0.00570916287416438,-0.00370366400282002));
#1434=CARTESIAN_POINT('',(-0.00849999990771268,0.00490747734139393,-0.0032408106522076));
#1435=CARTESIAN_POINT('',(0.,0.,-0.004));
#1436=CARTESIAN_POINT('',(0.,0.,-0.004));
#1437=CARTESIAN_POINT('',(0.00425,0.00736121593216773,-0.004));
#1438=CARTESIAN_POINT('',(-6.99738682882885E-18,0.00981495457622364,-0.00324081062144516));
#1439=CARTESIAN_POINT('',(-0.0013885601037411,0.00901326902654275,-0.00370366398935886));
#1440=CARTESIAN_POINT('',(-0.00279942930318566,0.00819870331445207,-0.004));
#1441=CARTESIAN_POINT('',(-0.00425,0.00736121593216773,-0.004));
#1442=CARTESIAN_POINT('',(-7.02494809438537E-18,0.00981495457622364,-0.00324081062144516));
#1443=CARTESIAN_POINT('',(0.00425,0.00736121593216773,-0.004));
#1444=CARTESIAN_POINT('',(0.00279942930318566,0.00819870331445207,-0.004));
#1445=CARTESIAN_POINT('',(0.00138856010374109,0.00901326902654274,-0.00370366398935886));
#1446=CARTESIAN_POINT('',(-7.80625564189563E-18,0.00981495457622364,-0.00324081062144516));
#1447=CARTESIAN_POINT('',(0.,0.,-0.004));
#1448=CARTESIAN_POINT('',(0.0085,4.81643665356712E-19,-0.004));
#1449=CARTESIAN_POINT('',(0.0085,0.0016749747267247,-0.004));
#1450=CARTESIAN_POINT('',(0.0085,0.00330410611600662,-0.00370366400282004));
#1451=CARTESIAN_POINT('',(0.0085,0.00490747718154748,-0.00324081065220764));
#1452=CARTESIAN_POINT('',(0.00849999995381887,0.00490747726149234,-0.00324081065222011));
#1453=CARTESIAN_POINT('',(0.,0.,-0.004));
#1454=CARTESIAN_POINT('',(0.00849999990763774,0.0049074773414372,-0.00324081065223258));
#1455=CARTESIAN_POINT('',(0.00711143983321018,0.00570916287419392,-0.00370366400283095));
#1456=CARTESIAN_POINT('',(0.00570057066401391,0.00652372856882072,-0.004));
#1457=CARTESIAN_POINT('',(0.00425,0.00736121593216773,-0.004));
#1458=CARTESIAN_POINT('',(0.,0.,0.004));
#1459=CARTESIAN_POINT('',(0.00425,0.00736121593216773,0.004));
#1460=CARTESIAN_POINT('',(0.00279942930318566,0.00819870331445207,0.004));
#1461=CARTESIAN_POINT('',(0.00138856010374109,0.00901326902654274,0.00370366398935886));
#1462=CARTESIAN_POINT('',(-7.80625564189563E-18,0.00981495457622364,0.00324081062144516));
#1463=CARTESIAN_POINT('',(0.00425,0.00736121593216773,0.004));
#1464=CARTESIAN_POINT('',(-7.44541258945884E-18,0.00981495457622364,0.00324081062144516));
#1465=CARTESIAN_POINT('',(-6.99738682882885E-18,0.00981495457622364,0.00324081062144516));
#1466=CARTESIAN_POINT('',(-0.0013885601037411,0.00901326902654275,0.00370366398935886));
#1467=CARTESIAN_POINT('',(-0.00279942930318566,0.00819870331445207,0.004));
#1468=CARTESIAN_POINT('',(-0.00425,0.00736121593216773,0.004));
#1469=CARTESIAN_POINT('',(-0.00425,0.00736121593216773,0.004));
#1470=CARTESIAN_POINT('',(0.,0.,0.004));
#1471=CARTESIAN_POINT('',(0.,0.,0.004));
#1472=CARTESIAN_POINT('',(-0.00425,0.00736121593216773,0.004));
#1473=CARTESIAN_POINT('',(-0.0057005706640139,0.00652372856882073,0.004));
#1474=CARTESIAN_POINT('',(-0.00711143983321015,0.00570916287419393,0.00370366400283096));
#1475=CARTESIAN_POINT('',(-0.0084999999076377,0.00490747734143722,0.00324081065223259));
#1476=CARTESIAN_POINT('',(-0.00849999995381886,0.00490747726149235,0.00324081065222011));
#1477=CARTESIAN_POINT('',(-0.0085,0.00490747718154749,0.00324081065220763));
#1478=CARTESIAN_POINT('',(-0.0085,0.00330410611600662,0.00370366400282003));
#1479=CARTESIAN_POINT('',(-0.0085,0.0016749747267247,0.004));
#1480=CARTESIAN_POINT('',(-0.0085,-1.98458952981134E-18,0.004));
#1481=CARTESIAN_POINT('',(-0.0085,-5.78241158658936E-19,0.004));
#1482=CARTESIAN_POINT('',(0.,0.,0.004));
#1483=CARTESIAN_POINT('',(0.,0.,0.004));
#1484=CARTESIAN_POINT('',(-0.0085,-5.78241158658936E-19,0.004));
#1485=CARTESIAN_POINT('',(-0.0085,-0.00167497472669402,0.004));
#1486=CARTESIAN_POINT('',(-0.0085,-0.00330410611594763,0.00370366400283095));
#1487=CARTESIAN_POINT('',(-0.0085,-0.00490747718146107,0.00324081065223258));
#1488=CARTESIAN_POINT('',(-0.00849999995385629,-0.00490747726142753,0.0032408106522201));
#1489=CARTESIAN_POINT('',(-0.00849999990771257,-0.00490747734139399,0.00324081065220764));
#1490=CARTESIAN_POINT('',(-0.00711143983326126,-0.00570916287416442,0.00370366400282004));
#1491=CARTESIAN_POINT('',(-0.00570057066404049,-0.00652372856880538,0.004));
#1492=CARTESIAN_POINT('',(-0.00425,-0.00736121593216773,0.004));
#1493=CARTESIAN_POINT('',(-0.00425,-0.00736121593216773,0.004));
#1494=CARTESIAN_POINT('',(0.,0.,0.004));
#1495=CARTESIAN_POINT('',(0.,0.,0.004));
#1496=CARTESIAN_POINT('',(-0.00425,-0.00736121593216773,0.004));
#1497=CARTESIAN_POINT('',(-0.00279942930318566,-0.00819870331445207,0.004));
#1498=CARTESIAN_POINT('',(-0.00138856010374109,-0.00901326902654273,0.00370366398935886));
#1499=CARTESIAN_POINT('',(6.4630695585069E-18,-0.00981495457622363,0.00324081062144517));
#1500=CARTESIAN_POINT('',(5.39940134154534E-18,-0.00981495457622363,0.00324081062144517));
#1501=CARTESIAN_POINT('',(5.62609916287023E-18,-0.00981495457622363,0.00324081062144517));
#1502=CARTESIAN_POINT('',(0.0013885601037411,-0.00901326902654274,0.00370366398935886));
#1503=CARTESIAN_POINT('',(0.00279942930318566,-0.00819870331445206,0.004));
#1504=CARTESIAN_POINT('',(0.00425,-0.00736121593216772,0.004));
#1505=CARTESIAN_POINT('',(0.00425,-0.00736121593216773,0.004));
#1506=CARTESIAN_POINT('',(0.,0.,0.004));
#1507=CARTESIAN_POINT('',(0.,0.,0.004));
#1508=CARTESIAN_POINT('',(0.00425,-0.00736121593216772,0.004));
#1509=CARTESIAN_POINT('',(0.0057005706599897,-0.0065237285711441,0.004));
#1510=CARTESIAN_POINT('',(0.00711143982547486,-0.00570916287865989,0.00370366400448381));
#1511=CARTESIAN_POINT('',(0.00849999989630601,-0.00490747734797956,0.00324081065600982));
#1512=CARTESIAN_POINT('',(0.00849999995381871,-0.00490747726149252,0.00324081065222014));
#1513=CARTESIAN_POINT('',(0.00849999992497247,-0.00490747716845854,0.00324081060686553));
#1514=CARTESIAN_POINT('',(0.00849999992497247,-0.00330410610711093,0.0037036639584057));
#1515=CARTESIAN_POINT('',(0.0085,-0.00167497472714244,0.004));
#1516=CARTESIAN_POINT('',(0.0085,9.49186373601186E-19,0.004));
#1517=CARTESIAN_POINT('',(0.0085,1.21434499774682E-18,0.004));
#1518=CARTESIAN_POINT('',(0.,0.,0.004));
#1519=CARTESIAN_POINT('',(0.,0.,0.004));
#1520=CARTESIAN_POINT('',(0.00849999990771267,0.00490747734139394,0.0032408106522076));
#1521=CARTESIAN_POINT('',(0.00711143983326133,0.00570916287416439,0.00370366400282002));
#1522=CARTESIAN_POINT('',(0.00570057066404052,0.00652372856880536,0.004));
#1523=CARTESIAN_POINT('',(0.00425,0.00736121593216773,0.004));
#1524=CARTESIAN_POINT('',(0.00849999995385633,0.00490747726142734,0.00324081065222014));
#1525=CARTESIAN_POINT('',(0.,0.,0.004));
#1526=CARTESIAN_POINT('',(0.0085,1.21434499774682E-18,0.004));
#1527=CARTESIAN_POINT('',(0.0085,0.0016749747266939,0.004));
#1528=CARTESIAN_POINT('',(0.0085,0.00330410611594741,0.00370366400283099));
#1529=CARTESIAN_POINT('',(0.0085,0.00490747718146074,0.00324081065223267));
#1530=CARTESIAN_POINT('',(0.0085,-0.00490747728811181,0.004));
#1531=CARTESIAN_POINT('',(0.0085,-0.00490747728811181,0.004));
#1532=CARTESIAN_POINT('',(0.0085,0.00490747728811183,0.004));
#1533=CARTESIAN_POINT('',(5.61668627586131E-18,-0.00981495457622363,0.004));
#1534=CARTESIAN_POINT('',(5.61668627586131E-18,-0.00981495457622363,0.004));
#1535=CARTESIAN_POINT('',(-0.0085,-0.00490747728811181,0.004));
#1536=CARTESIAN_POINT('',(-0.0085,-0.00490747728811181,0.004));
#1537=CARTESIAN_POINT('',(-0.0085,0.00490747728811182,0.004));
#1538=CARTESIAN_POINT('',(-0.0085,0.00490747728811182,0.004));
#1539=CARTESIAN_POINT('',(-7.0546447080194E-18,0.00981495457622364,0.004));
#1540=CARTESIAN_POINT('',(-7.0546447080194E-18,0.00981495457622364,0.004));
#1541=CARTESIAN_POINT('',(0.0085,0.00490747728811183,0.004));
#1542=CARTESIAN_POINT('',(0.,0.,-0.004));
#1543=CARTESIAN_POINT('',(0.,-2.71050543121376E-19,-0.004));
#1544=CARTESIAN_POINT('',(0.00506940267005607,0.00034590053736777,-0.004));
#1545=CARTESIAN_POINT('',(0.,0.,0.004));
#1546=CARTESIAN_POINT('',(0.,-2.71050543121376E-19,0.004));
#1547=CARTESIAN_POINT('',(0.00508118988160479,-2.71050543121376E-19,0.004));
#1548=CARTESIAN_POINT('',(0.,0.,0.004));
#1549=CARTESIAN_POINT('',(0.,-2.71050543121376E-19,0.00391881011839522));
#1550=CARTESIAN_POINT('',(0.,-2.71050543121376E-19,-0.00391881011839522));
#1551=CARTESIAN_POINT('',(0.,-2.71050543121376E-19,0.004));
#1552=CARTESIAN_POINT('',(0.,-2.71050543121376E-19,-0.004));
#1553=MECHANICAL_DESIGN_GEOMETRIC_PRESENTATION_REPRESENTATION('',(#494),
#1554);
#1554=(
GEOMETRIC_REPRESENTATION_CONTEXT(3)
GLOBAL_UNCERTAINTY_ASSIGNED_CONTEXT((#1555))
GLOBAL_UNIT_ASSIGNED_CONTEXT((#1558,#1557,#1556))
REPRESENTATION_CONTEXT('M10 Nut','TOP_LEVEL_ASSEMBLY_PART')
);
#1555=UNCERTAINTY_MEASURE_WITH_UNIT(LENGTH_MEASURE(2.E-5),#1558,
'DISTANCE_ACCURACY_VALUE','Maximum Tolerance applied to model');
#1556=(
NAMED_UNIT(*)
SI_UNIT($,.STERADIAN.)
SOLID_ANGLE_UNIT()
);
#1557=(
NAMED_UNIT(*)
PLANE_ANGLE_UNIT()
SI_UNIT($,.RADIAN.)
);
#1558=(
LENGTH_UNIT()
NAMED_UNIT(*)
SI_UNIT($,.METRE.)
);
#1559=PRODUCT_DEFINITION_SHAPE('','',#1560);
#1560=PRODUCT_DEFINITION('','',#1562,#1561);
#1561=PRODUCT_DEFINITION_CONTEXT('',#1568,'design');
#1562=PRODUCT_DEFINITION_FORMATION_WITH_SPECIFIED_SOURCE('','',#1564,
 .NOT_KNOWN.);
#1563=PRODUCT_RELATED_PRODUCT_CATEGORY('','',(#1564));
#1564=PRODUCT('M10 Nut','M10 Nut','M10 Nut',(#1566));
#1565=PRODUCT_CATEGORY('','');
#1566=PRODUCT_CONTEXT('',#1568,'mechanical');
#1567=APPLICATION_PROTOCOL_DEFINITION('international standard',
'ap242_managed_model_based_3d_engineering',2020,#1568);
#1568=APPLICATION_CONTEXT('managed model based 3d engineering');
ENDSEC;
END-ISO-10303-21;
