ISO-10303-21;
HEADER;
/* Generated by software containing ST-Developer
 * from STEP Tools, Inc. (www.steptools.com) 
 */
/* OPTION: using custom renumber hook */

FILE_DESCRIPTION(
/* description */ ('STEP AP242 Edition 2',
'CAx-IF Rec.Pracs.---Representation and Presentation of Product Manufa
cturing Information (PMI)---4.0---2014-10-13',
'CAx-IF Rec.Pracs.---3D Tessellated Geometry---0.4---2014-09-14','2;1',
'CAx-IF Rec.Pracs.---User Defined Attributes---1.5---2016-08-15'),
/* implementation_level */ '2;1');

FILE_NAME(
/* name */ 'M10 x 50 - M10 x 50',
/* time_stamp */ '2026-04-15T18:31:50Z',
/* author */ (''),
/* organization */ (''),
/* preprocessor_version */ 'ST-DEVELOPER v20',
/* originating_system */ 'ONSHAPE BY PTC INC, 1.213',
/* authorisation */ '  ');

FILE_SCHEMA (('AP242_MANAGED_MODEL_BASED_3D_ENGINEERING_MIM_LF { 1 0 10303 442 3 1 4 }'));
ENDSEC;

DATA;
#10=SHAPE_REPRESENTATION_RELATIONSHIP('','',#1718,#11);
#11=ADVANCED_BREP_SHAPE_REPRESENTATION('',(#1716),#8733);
#12=B_SPLINE_SURFACE_WITH_KNOTS('',3,1,((#6864,#6865),(#6866,#6867),(#6868,
#6869),(#6870,#6871),(#6872,#6873),(#6874,#6875),(#6876,#6877),(#6878,#6879),
(#6880,#6881),(#6882,#6883),(#6884,#6885),(#6886,#6887),(#6888,#6889),(#6890,
#6891),(#6892,#6893),(#6894,#6895),(#6896,#6897),(#6898,#6899),(#6900,#6901)),
 .SURF_OF_LINEAR_EXTRUSION.,.F.,.F.,.F.,(4,1,1,1,1,1,1,1,1,1,1,1,1,1,1,
1,4),(2,2),(1.71141760318205E-9,0.0612675560073352,0.120821287104165,0.178985698366598,
0.236645059586719,0.294395620729497,0.352792725296381,0.412241000299045,
0.474276810949433,0.536953714018934,0.599593467559457,0.66197417732883,
0.725552076032239,0.790752056360384,0.857809975221741,0.927515627061441,
0.999999999038035),(0.,1.),.UNSPECIFIED.);
#13=B_SPLINE_SURFACE_WITH_KNOTS('',3,1,((#6925,#6926),(#6927,#6928),(#6929,
#6930),(#6931,#6932),(#6933,#6934),(#6935,#6936),(#6937,#6938),(#6939,#6940),
(#6941,#6942),(#6943,#6944),(#6945,#6946),(#6947,#6948),(#6949,#6950),(#6951,
#6952),(#6953,#6954),(#6955,#6956),(#6957,#6958),(#6959,#6960),(#6961,#6962)),
 .SURF_OF_LINEAR_EXTRUSION.,.F.,.F.,.F.,(4,1,1,1,1,1,1,1,1,1,1,1,1,1,1,
1,4),(2,2),(2.13668691731957E-9,0.0735593902167768,0.144406880522386,0.212035000612302,
0.277455182895964,0.341240831122113,0.403615225713777,0.465772853725949,
0.527839405900435,0.589271108646648,0.648485061002809,0.706313491571885,
0.763897708792844,0.820995580197687,0.879024456534409,0.938439191447014,
0.999999998173486),(0.,1.),.UNSPECIFIED.);
#14=B_SPLINE_SURFACE_WITH_KNOTS('',3,1,((#6984,#6985),(#6986,#6987),(#6988,
#6989),(#6990,#6991),(#6992,#6993),(#6994,#6995),(#6996,#6997),(#6998,#6999),
(#7000,#7001),(#7002,#7003),(#7004,#7005),(#7006,#7007),(#7008,#7009),(#7010,
#7011),(#7012,#7013),(#7014,#7015),(#7016,#7017),(#7018,#7019),(#7020,#7021)),
 .SURF_OF_LINEAR_EXTRUSION.,.F.,.F.,.F.,(4,1,1,1,1,1,1,1,1,1,1,1,1,1,1,
1,4),(2,2),(2.98647365720542E-9,0.0597231991534155,0.117938202453779,0.175873850210707,
0.232935832676711,0.28977472151776,0.346809293398555,0.404930206352705,
0.464604292371129,0.524868337817909,0.58666965150224,0.649605488956457,
0.714105836130174,0.781313160616241,0.851524614834698,0.924322071240449,
0.99999999842037),(0.,1.),.UNSPECIFIED.);
#15=B_SPLINE_SURFACE_WITH_KNOTS('',3,1,((#7043,#7044),(#7045,#7046),(#7047,
#7048),(#7049,#7050),(#7051,#7052),(#7053,#7054),(#7055,#7056),(#7057,#7058),
(#7059,#7060),(#7061,#7062),(#7063,#7064)),.SURF_OF_LINEAR_EXTRUSION.,.F.,
 .F.,.F.,(4,1,1,1,1,1,1,1,4),(2,2),(9.94671823131958E-9,0.14381860843526,
0.276720184060535,0.40139659054717,0.520594774062884,0.637293245567233,
0.754098075608519,0.873962190826756,0.999999989633652),(0.,1.),
 .UNSPECIFIED.);
#16=B_SPLINE_SURFACE_WITH_KNOTS('',3,1,((#7078,#7079),(#7080,#7081),(#7082,
#7083),(#7084,#7085),(#7086,#7087),(#7088,#7089),(#7090,#7091),(#7092,#7093),
(#7094,#7095),(#7096,#7097),(#7098,#7099),(#7100,#7101),(#7102,#7103),(#7104,
#7105),(#7106,#7107),(#7108,#7109),(#7110,#7111),(#7112,#7113),(#7114,#7115)),
 .SURF_OF_LINEAR_EXTRUSION.,.F.,.F.,.F.,(4,1,1,1,1,1,1,1,1,1,1,1,1,1,1,
1,4),(2,2),(1.93726562456896E-9,0.0618009710281554,0.122005337166018,0.18035060128547,
0.237956680350668,0.295993496555078,0.354224180223643,0.413796608373368,
0.475344905905867,0.537628047311842,0.600103014912843,0.662388390250829,
0.725572014773439,0.790351843146754,0.857597742298064,0.927154440774627,
0.999999997941771),(0.,1.),.UNSPECIFIED.);
#17=B_SPLINE_SURFACE_WITH_KNOTS('',3,1,((#7137,#7138),(#7139,#7140),(#7141,
#7142),(#7143,#7144),(#7145,#7146),(#7147,#7148),(#7149,#7150),(#7151,#7152),
(#7153,#7154),(#7155,#7156),(#7157,#7158),(#7159,#7160),(#7161,#7162),(#7163,
#7164),(#7165,#7166),(#7167,#7168),(#7169,#7170),(#7171,#7172),(#7173,#7174)),
 .SURF_OF_LINEAR_EXTRUSION.,.F.,.F.,.F.,(4,1,1,1,1,1,1,1,1,1,1,1,1,1,1,
1,4),(2,2),(2.25033324340265E-9,0.0724915710472832,0.142248636949713,0.209709388595723,
0.274857515432795,0.33824955536162,0.400730922620109,0.462891931966943,
0.525566461597643,0.587484469713601,0.64667511935087,0.705219765007066,
0.762798326707908,0.820199705010802,0.878348632650845,0.938420716788534,
0.999999996665732),(0.,1.),.UNSPECIFIED.);
#18=B_SPLINE_SURFACE_WITH_KNOTS('',3,1,((#7196,#7197),(#7198,#7199),(#7200,
#7201),(#7202,#7203),(#7204,#7205),(#7206,#7207),(#7208,#7209),(#7210,#7211),
(#7212,#7213),(#7214,#7215),(#7216,#7217)),.SURF_OF_LINEAR_EXTRUSION.,.F.,
 .F.,.F.,(4,1,1,1,1,1,1,1,4),(2,2),(1.33279017903451E-8,0.129460777681808,
0.251364758465844,0.369750478112862,0.48633159458772,0.605179466580234,
0.728807707522854,0.859213949280771,0.999999990234649),(0.,1.),
 .UNSPECIFIED.);
#19=B_SPLINE_SURFACE_WITH_KNOTS('',3,1,((#7231,#7232),(#7233,#7234),(#7235,
#7236),(#7237,#7238),(#7239,#7240),(#7241,#7242),(#7243,#7244),(#7245,#7246),
(#7247,#7248),(#7249,#7250),(#7251,#7252),(#7253,#7254),(#7255,#7256),(#7257,
#7258),(#7259,#7260),(#7261,#7262),(#7263,#7264),(#7265,#7266),(#7267,#7268)),
 .SURF_OF_LINEAR_EXTRUSION.,.F.,.F.,.F.,(4,1,1,1,1,1,1,1,1,1,1,1,1,1,1,
1,4),(2,2),(2.27043577608925E-9,0.0737198727326366,0.143946935064662,0.212133747062962,
0.277912671008997,0.34156704167165,0.403626619899117,0.464825448444965,
0.524706702690351,0.583602784640957,0.642223378321781,0.700523711411864,
0.758512105377773,0.816969451940464,0.876419241746809,0.937592570779656,
0.999999996842216),(0.,1.),.UNSPECIFIED.);
#20=B_SPLINE_SURFACE_WITH_KNOTS('',3,1,((#7288,#7289),(#7290,#7291),(#7292,
#7293),(#7294,#7295),(#7296,#7297),(#7298,#7299),(#7300,#7301),(#7302,#7303),
(#7304,#7305),(#7306,#7307),(#7308,#7309),(#7310,#7311),(#7312,#7313),(#7314,
#7315),(#7316,#7317),(#7318,#7319),(#7320,#7321),(#7322,#7323),(#7324,#7325)),
 .SURF_OF_LINEAR_EXTRUSION.,.F.,.F.,.F.,(4,1,1,1,1,1,1,1,1,1,1,1,1,1,1,
1,4),(2,2),(1.71141760325235E-9,0.0612675560073352,0.120821287104165,0.178985698366598,
0.236645059586719,0.294395620729497,0.352792725296381,0.412241000299045,
0.474276810949433,0.536953714018934,0.599593467559458,0.66197417732883,
0.725552076032239,0.790752056360384,0.857809975221741,0.927515627061441,
0.999999999038035),(0.,1.),.UNSPECIFIED.);
#21=B_SPLINE_SURFACE_WITH_KNOTS('',3,1,((#7349,#7350),(#7351,#7352),(#7353,
#7354),(#7355,#7356),(#7357,#7358),(#7359,#7360),(#7361,#7362),(#7363,#7364),
(#7365,#7366),(#7367,#7368),(#7369,#7370),(#7371,#7372),(#7373,#7374),(#7375,
#7376),(#7377,#7378),(#7379,#7380),(#7381,#7382),(#7383,#7384),(#7385,#7386)),
 .SURF_OF_LINEAR_EXTRUSION.,.F.,.F.,.F.,(4,1,1,1,1,1,1,1,1,1,1,1,1,1,1,
1,4),(2,2),(2.13668691731279E-9,0.0735593902167768,0.144406880522386,0.212035000612302,
0.277455182895964,0.341240831122113,0.403615225713777,0.465772853725949,
0.527839405900435,0.589271108646648,0.648485061002809,0.706313491571885,
0.763897708792844,0.820995580197687,0.879024456534409,0.938439191447014,
0.999999998173486),(0.,1.),.UNSPECIFIED.);
#22=B_SPLINE_SURFACE_WITH_KNOTS('',3,1,((#7408,#7409),(#7410,#7411),(#7412,
#7413),(#7414,#7415),(#7416,#7417),(#7418,#7419),(#7420,#7421),(#7422,#7423),
(#7424,#7425),(#7426,#7427),(#7428,#7429),(#7430,#7431),(#7432,#7433),(#7434,
#7435),(#7436,#7437),(#7438,#7439),(#7440,#7441),(#7442,#7443),(#7444,#7445)),
 .SURF_OF_LINEAR_EXTRUSION.,.F.,.F.,.F.,(4,1,1,1,1,1,1,1,1,1,1,1,1,1,1,
1,4),(2,2),(2.98647365677513E-9,0.0597231991534152,0.117938202453779,0.175873850210707,
0.232935832676711,0.28977472151776,0.346809293398555,0.404930206352705,
0.464604292371129,0.524868337817908,0.58666965150224,0.649605488956457,
0.714105836130174,0.781313160616241,0.851524614834698,0.924322071240449,
0.99999999842037),(0.,1.),.UNSPECIFIED.);
#23=B_SPLINE_SURFACE_WITH_KNOTS('',3,1,((#7467,#7468),(#7469,#7470),(#7471,
#7472),(#7473,#7474),(#7475,#7476),(#7477,#7478),(#7479,#7480),(#7481,#7482),
(#7483,#7484),(#7485,#7486),(#7487,#7488)),.SURF_OF_LINEAR_EXTRUSION.,.F.,
 .F.,.F.,(4,1,1,1,1,1,1,1,4),(2,2),(9.94671822701241E-9,0.14381860843526,
0.276720184060535,0.40139659054717,0.520594774062884,0.637293245567233,
0.75409807560852,0.873962190826757,0.999999989633652),(0.,1.),
 .UNSPECIFIED.);
#24=B_SPLINE_SURFACE_WITH_KNOTS('',3,1,((#7502,#7503),(#7504,#7505),(#7506,
#7507),(#7508,#7509),(#7510,#7511),(#7512,#7513),(#7514,#7515),(#7516,#7517),
(#7518,#7519),(#7520,#7521),(#7522,#7523),(#7524,#7525),(#7526,#7527),(#7528,
#7529),(#7530,#7531),(#7532,#7533),(#7534,#7535),(#7536,#7537),(#7538,#7539)),
 .SURF_OF_LINEAR_EXTRUSION.,.F.,.F.,.F.,(4,1,1,1,1,1,1,1,1,1,1,1,1,1,1,
1,4),(2,2),(1.93726562473498E-9,0.0618009710281554,0.122005337166018,0.18035060128547,
0.237956680350668,0.295993496555078,0.354224180223643,0.413796608373368,
0.475344905905867,0.537628047311842,0.600103014912843,0.662388390250829,
0.725572014773439,0.790351843146754,0.857597742298064,0.927154440774627,
0.999999997941771),(0.,1.),.UNSPECIFIED.);
#25=B_SPLINE_SURFACE_WITH_KNOTS('',3,1,((#7561,#7562),(#7563,#7564),(#7565,
#7566),(#7567,#7568),(#7569,#7570),(#7571,#7572),(#7573,#7574),(#7575,#7576),
(#7577,#7578),(#7579,#7580),(#7581,#7582),(#7583,#7584),(#7585,#7586),(#7587,
#7588),(#7589,#7590),(#7591,#7592),(#7593,#7594),(#7595,#7596),(#7597,#7598)),
 .SURF_OF_LINEAR_EXTRUSION.,.F.,.F.,.F.,(4,1,1,1,1,1,1,1,1,1,1,1,1,1,1,
1,4),(2,2),(2.25033324340011E-9,0.0724915710472832,0.142248636949713,0.209709388595723,
0.274857515432795,0.338249555361619,0.400730922620109,0.462891931966943,
0.525566461597643,0.587484469713601,0.64667511935087,0.705219765007066,
0.762798326707908,0.820199705010802,0.878348632650845,0.938420716788534,
0.999999996665732),(0.,1.),.UNSPECIFIED.);
#26=B_SPLINE_SURFACE_WITH_KNOTS('',3,1,((#7620,#7621),(#7622,#7623),(#7624,
#7625),(#7626,#7627),(#7628,#7629),(#7630,#7631),(#7632,#7633),(#7634,#7635),
(#7636,#7637),(#7638,#7639),(#7640,#7641)),.SURF_OF_LINEAR_EXTRUSION.,.F.,
 .F.,.F.,(4,1,1,1,1,1,1,1,4),(2,2),(1.33279017914945E-8,0.129460777681808,
0.251364758465844,0.369750478112862,0.48633159458772,0.605179466580234,
0.728807707522854,0.859213949280771,0.999999990234649),(0.,1.),
 .UNSPECIFIED.);
#27=B_SPLINE_SURFACE_WITH_KNOTS('',3,1,((#7655,#7656),(#7657,#7658),(#7659,
#7660),(#7661,#7662),(#7663,#7664),(#7665,#7666),(#7667,#7668),(#7669,#7670),
(#7671,#7672),(#7673,#7674),(#7675,#7676),(#7677,#7678),(#7679,#7680),(#7681,
#7682),(#7683,#7684),(#7685,#7686),(#7687,#7688),(#7689,#7690),(#7691,#7692)),
 .SURF_OF_LINEAR_EXTRUSION.,.F.,.F.,.F.,(4,1,1,1,1,1,1,1,1,1,1,1,1,1,1,
1,4),(2,2),(2.27043577608755E-9,0.0737198727326366,0.143946935064662,0.212133747062962,
0.277912671008997,0.34156704167165,0.403626619899118,0.464825448444965,
0.524706702690351,0.583602784640957,0.642223378321782,0.700523711411864,
0.758512105377773,0.816969451940464,0.876419241746809,0.937592570779656,
0.999999996842216),(0.,1.),.UNSPECIFIED.);
#28=B_SPLINE_SURFACE_WITH_KNOTS('',3,1,((#7971,#7972),(#7973,#7974),(#7975,
#7976),(#7977,#7978),(#7979,#7980),(#7981,#7982),(#7983,#7984),(#7985,#7986),
(#7987,#7988),(#7989,#7990),(#7991,#7992)),.SURF_OF_LINEAR_EXTRUSION.,.F.,
 .F.,.F.,(4,1,1,1,1,1,1,1,4),(2,2),(1.14494441636559E-8,0.153975786043391,
0.294620990206987,0.42595294323634,0.551063084753368,0.669883873511439,
0.780296648018842,0.888858324162197,0.99999996691435),(0.,1.),
 .UNSPECIFIED.);
#29=B_SPLINE_SURFACE_WITH_KNOTS('',3,1,((#8008,#8009),(#8010,#8011),(#8012,
#8013),(#8014,#8015),(#8016,#8017),(#8018,#8019),(#8020,#8021),(#8022,#8023),
(#8024,#8025),(#8026,#8027),(#8028,#8029)),.SURF_OF_LINEAR_EXTRUSION.,.F.,
 .F.,.F.,(4,1,1,1,1,1,1,1,4),(2,2),(3.97928158485321E-8,0.113035127206385,
0.22352787461649,0.337812984577189,0.462304974001557,0.590889524052717,
0.720496476039469,0.855414628911259,0.999999978167796),(0.,1.),
 .UNSPECIFIED.);
#30=B_SPLINE_SURFACE_WITH_KNOTS('',3,1,((#8043,#8044),(#8045,#8046),(#8047,
#8048),(#8049,#8050),(#8051,#8052),(#8053,#8054),(#8055,#8056),(#8057,#8058),
(#8059,#8060),(#8061,#8062),(#8063,#8064)),.SURF_OF_LINEAR_EXTRUSION.,.F.,
 .F.,.F.,(4,1,1,1,1,1,1,1,4),(2,2),(1.47130403744613E-8,0.149379665294656,
0.288273014687601,0.418942648167458,0.547753389590675,0.670496533301504,
0.782663672045753,0.890203158268387,0.999999959691318),(0.,1.),
 .UNSPECIFIED.);
#31=B_SPLINE_SURFACE_WITH_KNOTS('',3,1,((#8078,#8079),(#8080,#8081),(#8082,
#8083),(#8084,#8085),(#8086,#8087),(#8088,#8089),(#8090,#8091),(#8092,#8093),
(#8094,#8095),(#8096,#8097),(#8098,#8099)),.SURF_OF_LINEAR_EXTRUSION.,.F.,
 .F.,.F.,(4,1,1,1,1,1,1,1,4),(2,2),(4.15448501358694E-8,0.113008663357688,
0.223447121007772,0.335763095333029,0.457240997711765,0.584219963833153,
0.714811315114105,0.851997802140335,0.999999986008079),(0.,1.),
 .UNSPECIFIED.);
#32=B_SPLINE_SURFACE_WITH_KNOTS('',3,1,((#8111,#8112),(#8113,#8114),(#8115,
#8116),(#8117,#8118),(#8119,#8120),(#8121,#8122),(#8123,#8124),(#8125,#8126),
(#8127,#8128),(#8129,#8130),(#8131,#8132),(#8133,#8134),(#8135,#8136),(#8137,
#8138),(#8139,#8140),(#8141,#8142),(#8143,#8144),(#8145,#8146),(#8147,#8148)),
 .SURF_OF_LINEAR_EXTRUSION.,.F.,.F.,.F.,(4,1,1,1,1,1,1,1,1,1,1,1,1,1,1,
1,4),(2,2),(2.59478884059711E-9,0.0768723536038944,0.150603343572851,0.220876273582275,
0.288315870518755,0.35395225660761,0.418604106617997,0.481972048717605,
0.545247561534372,0.606993813632933,0.665860906234417,0.723420981486814,
0.778433488719744,0.833552283298071,0.88813757158342,0.943362448943921,
0.999999993724416),(0.,1.),.UNSPECIFIED.);
#33=B_SPLINE_SURFACE_WITH_KNOTS('',3,1,((#8172,#8173),(#8174,#8175),(#8176,
#8177),(#8178,#8179),(#8180,#8181),(#8182,#8183),(#8184,#8185),(#8186,#8187),
(#8188,#8189),(#8190,#8191),(#8192,#8193),(#8194,#8195),(#8196,#8197),(#8198,
#8199),(#8200,#8201),(#8202,#8203),(#8204,#8205),(#8206,#8207),(#8208,#8209)),
 .SURF_OF_LINEAR_EXTRUSION.,.F.,.F.,.F.,(4,1,1,1,1,1,1,1,1,1,1,1,1,1,1,
1,4),(2,2),(5.02206370656867E-9,0.0577170366867072,0.113994474768008,0.16893758423175,
0.224179487123505,0.279968804571931,0.337633163696686,0.397092193126611,
0.459041827583877,0.522525900750905,0.586121573329079,0.650102352916103,
0.71540731027663,0.782762550840158,0.852275272320573,0.924507298607219,
0.999999998802653),(0.,1.),.UNSPECIFIED.);
#34=B_SPLINE_SURFACE_WITH_KNOTS('',3,1,((#8231,#8232),(#8233,#8234),(#8235,
#8236),(#8237,#8238),(#8239,#8240),(#8241,#8242),(#8243,#8244),(#8245,#8246),
(#8247,#8248),(#8249,#8250),(#8251,#8252),(#8253,#8254),(#8255,#8256),(#8257,
#8258),(#8259,#8260),(#8261,#8262),(#8263,#8264),(#8265,#8266),(#8267,#8268)),
 .SURF_OF_LINEAR_EXTRUSION.,.F.,.F.,.F.,(4,1,1,1,1,1,1,1,1,1,1,1,1,1,1,
1,4),(2,2),(1.62657378139621E-9,0.0766164418639844,0.150101977842741,0.220268821680907,
0.287483908975341,0.35290178839726,0.417338409308383,0.480866360224848,
0.543808187325834,0.605854592868513,0.665047756996982,0.722013651121557,
0.777789178028364,0.832724479504672,0.887128050755955,0.942855781853261,
0.999999994418977),(0.,1.),.UNSPECIFIED.);
#35=B_SPLINE_SURFACE_WITH_KNOTS('',3,1,((#8290,#8291),(#8292,#8293),(#8294,
#8295),(#8296,#8297),(#8298,#8299),(#8300,#8301),(#8302,#8303),(#8304,#8305),
(#8306,#8307),(#8308,#8309),(#8310,#8311),(#8312,#8313),(#8314,#8315),(#8316,
#8317),(#8318,#8319),(#8320,#8321),(#8322,#8323),(#8324,#8325),(#8326,#8327)),
 .SURF_OF_LINEAR_EXTRUSION.,.F.,.F.,.F.,(4,1,1,1,1,1,1,1,1,1,1,1,1,1,1,
1,4),(2,2),(8.71213269083836E-9,0.0580692684342556,0.114001303445375,0.169772099070702,
0.224674954494909,0.280054150165824,0.336957215314267,0.395112576113712,
0.456649482459617,0.519182398591372,0.582165728137028,0.645753825355143,
0.710908012329458,0.778341319290106,0.848949505917864,0.922850140892551,
0.99999999967177),(0.,1.),.UNSPECIFIED.);
#36=B_SPLINE_SURFACE_WITH_KNOTS('',3,1,((#8347,#8348),(#8349,#8350),(#8351,
#8352),(#8353,#8354),(#8355,#8356),(#8357,#8358),(#8359,#8360),(#8361,#8362),
(#8363,#8364),(#8365,#8366),(#8367,#8368)),.SURF_OF_LINEAR_EXTRUSION.,.F.,
 .F.,.F.,(4,1,1,1,1,1,1,1,4),(2,2),(1.14494451956385E-8,0.153975786043391,
0.294620990206987,0.425952943236339,0.551063084753368,0.669883873511439,
0.780296648018842,0.888858324162197,0.99999996691435),(0.,1.),
 .UNSPECIFIED.);
#37=B_SPLINE_SURFACE_WITH_KNOTS('',3,1,((#8384,#8385),(#8386,#8387),(#8388,
#8389),(#8390,#8391),(#8392,#8393),(#8394,#8395),(#8396,#8397),(#8398,#8399),
(#8400,#8401),(#8402,#8403),(#8404,#8405)),.SURF_OF_LINEAR_EXTRUSION.,.F.,
 .F.,.F.,(4,1,1,1,1,1,1,1,4),(2,2),(3.97928158486592E-8,0.113035127206385,
0.22352787461649,0.337812984577189,0.462304974001557,0.590889524052717,
0.720496476039469,0.855414628911259,0.999999978167796),(0.,1.),
 .UNSPECIFIED.);
#38=B_SPLINE_SURFACE_WITH_KNOTS('',3,1,((#8419,#8420),(#8421,#8422),(#8423,
#8424),(#8425,#8426),(#8427,#8428),(#8429,#8430),(#8431,#8432),(#8433,#8434),
(#8435,#8436),(#8437,#8438),(#8439,#8440)),.SURF_OF_LINEAR_EXTRUSION.,.F.,
 .F.,.F.,(4,1,1,1,1,1,1,1,4),(2,2),(1.47130403998588E-8,0.149379665294656,
0.288273014687601,0.418942648167458,0.547753389590675,0.670496533301504,
0.782663672045753,0.890203158268387,0.999999959691318),(0.,1.),
 .UNSPECIFIED.);
#39=B_SPLINE_SURFACE_WITH_KNOTS('',3,1,((#8454,#8455),(#8456,#8457),(#8458,
#8459),(#8460,#8461),(#8462,#8463),(#8464,#8465),(#8466,#8467),(#8468,#8469),
(#8470,#8471),(#8472,#8473),(#8474,#8475)),.SURF_OF_LINEAR_EXTRUSION.,.F.,
 .F.,.F.,(4,1,1,1,1,1,1,1,4),(2,2),(4.15448501367012E-8,0.113008663357688,
0.223447121007772,0.335763095333029,0.457240997711765,0.584219963833153,
0.714811315114105,0.851997802140335,0.999999986008079),(0.,1.),
 .UNSPECIFIED.);
#40=B_SPLINE_SURFACE_WITH_KNOTS('',3,1,((#8487,#8488),(#8489,#8490),(#8491,
#8492),(#8493,#8494),(#8495,#8496),(#8497,#8498),(#8499,#8500),(#8501,#8502),
(#8503,#8504),(#8505,#8506),(#8507,#8508),(#8509,#8510),(#8511,#8512),(#8513,
#8514),(#8515,#8516),(#8517,#8518),(#8519,#8520),(#8521,#8522),(#8523,#8524)),
 .SURF_OF_LINEAR_EXTRUSION.,.F.,.F.,.F.,(4,1,1,1,1,1,1,1,1,1,1,1,1,1,1,
1,4),(2,2),(2.59478883602907E-9,0.0768723536038944,0.150603343572851,0.220876273582275,
0.288315870518755,0.35395225660761,0.418604106617997,0.481972048717606,
0.545247561534372,0.606993813632933,0.665860906234417,0.723420981486814,
0.778433488719744,0.833552283298071,0.88813757158342,0.943362448943921,
0.999999993724416),(0.,1.),.UNSPECIFIED.);
#41=B_SPLINE_SURFACE_WITH_KNOTS('',3,1,((#8548,#8549),(#8550,#8551),(#8552,
#8553),(#8554,#8555),(#8556,#8557),(#8558,#8559),(#8560,#8561),(#8562,#8563),
(#8564,#8565),(#8566,#8567),(#8568,#8569),(#8570,#8571),(#8572,#8573),(#8574,
#8575),(#8576,#8577),(#8578,#8579),(#8580,#8581),(#8582,#8583),(#8584,#8585)),
 .SURF_OF_LINEAR_EXTRUSION.,.F.,.F.,.F.,(4,1,1,1,1,1,1,1,1,1,1,1,1,1,1,
1,4),(2,2),(5.02206370706419E-9,0.0577170366867072,0.113994474768008,0.16893758423175,
0.224179487123504,0.279968804571931,0.337633163696686,0.397092193126611,
0.459041827583877,0.522525900750905,0.586121573329079,0.650102352916103,
0.71540731027663,0.782762550840158,0.852275272320573,0.924507298607219,
0.999999998802653),(0.,1.),.UNSPECIFIED.);
#42=B_SPLINE_SURFACE_WITH_KNOTS('',3,1,((#8607,#8608),(#8609,#8610),(#8611,
#8612),(#8613,#8614),(#8615,#8616),(#8617,#8618),(#8619,#8620),(#8621,#8622),
(#8623,#8624),(#8625,#8626),(#8627,#8628),(#8629,#8630),(#8631,#8632),(#8633,
#8634),(#8635,#8636),(#8637,#8638),(#8639,#8640),(#8641,#8642),(#8643,#8644)),
 .SURF_OF_LINEAR_EXTRUSION.,.F.,.F.,.F.,(4,1,1,1,1,1,1,1,1,1,1,1,1,1,1,
1,4),(2,2),(1.6265737813996E-9,0.0766164418639844,0.150101977842741,0.220268821680907,
0.287483908975341,0.35290178839726,0.417338409308383,0.480866360224848,
0.543808187325834,0.605854592868513,0.665047756996982,0.722013651121557,
0.777789178028364,0.832724479504672,0.887128050755955,0.942855781853261,
0.999999994418977),(0.,1.),.UNSPECIFIED.);
#43=B_SPLINE_SURFACE_WITH_KNOTS('',3,1,((#8666,#8667),(#8668,#8669),(#8670,
#8671),(#8672,#8673),(#8674,#8675),(#8676,#8677),(#8678,#8679),(#8680,#8681),
(#8682,#8683),(#8684,#8685),(#8686,#8687),(#8688,#8689),(#8690,#8691),(#8692,
#8693),(#8694,#8695),(#8696,#8697),(#8698,#8699),(#8700,#8701),(#8702,#8703)),
 .SURF_OF_LINEAR_EXTRUSION.,.F.,.F.,.F.,(4,1,1,1,1,1,1,1,1,1,1,1,1,1,1,
1,4),(2,2),(8.71213269078245E-9,0.0580692684342556,0.114001303445375,0.169772099070702,
0.224674954494909,0.280054150165824,0.336957215314267,0.395112576113712,
0.456649482459617,0.519182398591372,0.582165728137028,0.645753825355143,
0.710908012329458,0.778341319290106,0.848949505917864,0.922850140892551,
0.99999999967177),(0.,1.),.UNSPECIFIED.);
#44=CONICAL_SURFACE('',#1730,0.0085,1.0471975511966);
#45=CONICAL_SURFACE('',#1734,0.0085,1.0471975511966);
#46=CONICAL_SURFACE('',#1737,0.0085,1.0471975511966);
#47=CONICAL_SURFACE('',#1740,0.0085,1.0471975511966);
#48=CONICAL_SURFACE('',#1743,0.0085,1.0471975511966);
#49=CONICAL_SURFACE('',#1745,0.0085,1.0471975511966);
#50=CONICAL_SURFACE('',#1759,0.00516237976320958,0.539306738866249);
#51=CONICAL_SURFACE('',#1763,0.003875,0.785398163397452);
#52=LINE('',#6453,#108);
#53=LINE('',#6456,#109);
#54=LINE('',#6458,#110);
#55=LINE('',#6460,#111);
#56=LINE('',#6462,#112);
#57=LINE('',#6464,#113);
#58=LINE('',#6474,#114);
#59=LINE('',#6475,#115);
#60=LINE('',#6494,#116);
#61=LINE('',#6501,#117);
#62=LINE('',#6515,#118);
#63=LINE('',#6529,#119);
#64=LINE('',#6840,#120);
#65=LINE('',#6843,#121);
#66=LINE('',#6845,#122);
#67=LINE('',#6847,#123);
#68=LINE('',#6849,#124);
#69=LINE('',#6851,#125);
#70=LINE('',#6853,#126);
#71=LINE('',#6855,#127);
#72=LINE('',#6857,#128);
#73=LINE('',#6859,#129);
#74=LINE('',#6861,#130);
#75=LINE('',#6863,#131);
#76=LINE('',#6902,#132);
#77=LINE('',#6924,#133);
#78=LINE('',#6983,#134);
#79=LINE('',#7042,#135);
#80=LINE('',#7077,#136);
#81=LINE('',#7136,#137);
#82=LINE('',#7195,#138);
#83=LINE('',#7230,#139);
#84=LINE('',#7326,#140);
#85=LINE('',#7348,#141);
#86=LINE('',#7407,#142);
#87=LINE('',#7466,#143);
#88=LINE('',#7501,#144);
#89=LINE('',#7560,#145);
#90=LINE('',#7619,#146);
#91=LINE('',#7654,#147);
#92=LINE('',#7993,#148);
#93=LINE('',#7995,#149);
#94=LINE('',#8030,#150);
#95=LINE('',#8065,#151);
#96=LINE('',#8149,#152);
#97=LINE('',#8151,#153);
#98=LINE('',#8210,#154);
#99=LINE('',#8269,#155);
#100=LINE('',#8369,#156);
#101=LINE('',#8371,#157);
#102=LINE('',#8406,#158);
#103=LINE('',#8441,#159);
#104=LINE('',#8525,#160);
#105=LINE('',#8527,#161);
#106=LINE('',#8586,#162);
#107=LINE('',#8645,#163);
#108=VECTOR('',#1782,1.);
#109=VECTOR('',#1783,1.);
#110=VECTOR('',#1784,1.);
#111=VECTOR('',#1785,1.);
#112=VECTOR('',#1786,1.);
#113=VECTOR('',#1787,1.);
#114=VECTOR('',#1792,1.);
#115=VECTOR('',#1793,1.);
#116=VECTOR('',#1800,1.);
#117=VECTOR('',#1803,1.);
#118=VECTOR('',#1810,1.);
#119=VECTOR('',#1817,1.);
#120=VECTOR('',#1834,1.);
#121=VECTOR('',#1835,1.);
#122=VECTOR('',#1836,1.);
#123=VECTOR('',#1837,1.);
#124=VECTOR('',#1840,1.);
#125=VECTOR('',#1841,1.);
#126=VECTOR('',#1842,1.);
#127=VECTOR('',#1845,1.);
#128=VECTOR('',#1846,1.);
#129=VECTOR('',#1849,1.);
#130=VECTOR('',#1850,1.);
#131=VECTOR('',#1853,1.);
#132=VECTOR('',#1854,1.);
#133=VECTOR('',#1855,1.);
#134=VECTOR('',#1856,1.);
#135=VECTOR('',#1857,1.);
#136=VECTOR('',#1858,1.);
#137=VECTOR('',#1859,1.);
#138=VECTOR('',#1860,1.);
#139=VECTOR('',#1861,1.);
#140=VECTOR('',#1862,1.);
#141=VECTOR('',#1863,1.);
#142=VECTOR('',#1864,1.);
#143=VECTOR('',#1865,1.);
#144=VECTOR('',#1866,1.);
#145=VECTOR('',#1867,1.);
#146=VECTOR('',#1868,1.);
#147=VECTOR('',#1869,1.);
#148=VECTOR('',#1876,1.);
#149=VECTOR('',#1877,1.);
#150=VECTOR('',#1878,1.);
#151=VECTOR('',#1879,1.);
#152=VECTOR('',#1880,1.);
#153=VECTOR('',#1881,1.);
#154=VECTOR('',#1882,1.);
#155=VECTOR('',#1883,1.);
#156=VECTOR('',#1884,1.);
#157=VECTOR('',#1885,1.);
#158=VECTOR('',#1886,1.);
#159=VECTOR('',#1887,1.);
#160=VECTOR('',#1888,1.);
#161=VECTOR('',#1889,1.);
#162=VECTOR('',#1890,1.);
#163=VECTOR('',#1891,1.);
#164=CYLINDRICAL_SURFACE('',#1722,0.00402572142074251);
#165=CYLINDRICAL_SURFACE('',#1761,0.005);
#166=(
BOUNDED_CURVE()
B_SPLINE_CURVE(2,(#2989,#2990,#2991,#2992,#2993),.UNSPECIFIED.,.F.,.F.)
B_SPLINE_CURVE_WITH_KNOTS((3,2,3),(0.942857142857143,0.946428571428571,
0.947239772274828),.UNSPECIFIED.)
CURVE()
GEOMETRIC_REPRESENTATION_ITEM()
RATIONAL_B_SPLINE_CURVE((1.,0.923879532511287,1.,0.982710283459593,0.973274809225092))
REPRESENTATION_ITEM('')
);
#167=(
BOUNDED_CURVE()
B_SPLINE_CURVE(2,(#2995,#2996,#2997,#2998,#2999,#3000,#3001,#3002,#3003),
 .UNSPECIFIED.,.F.,.F.)
B_SPLINE_CURVE_WITH_KNOTS((3,2,2,2,3),(0.928571428571428,0.932142857142857,
0.935714285714286,0.939285714285714,0.942857142857143),.UNSPECIFIED.)
CURVE()
GEOMETRIC_REPRESENTATION_ITEM()
RATIONAL_B_SPLINE_CURVE((1.,0.923879532511284,1.,0.923879532511287,1.,0.923879532511287,
1.,0.923879532511287,1.))
REPRESENTATION_ITEM('')
);
#168=(
BOUNDED_CURVE()
B_SPLINE_CURVE(2,(#3005,#3006,#3007,#3008,#3009,#3010,#3011,#3012,#3013),
 .UNSPECIFIED.,.F.,.F.)
B_SPLINE_CURVE_WITH_KNOTS((3,2,2,2,3),(0.914285714285714,0.917857142857143,
0.921428571428571,0.925,0.928571428571428),.UNSPECIFIED.)
CURVE()
GEOMETRIC_REPRESENTATION_ITEM()
RATIONAL_B_SPLINE_CURVE((1.,0.923879532511287,1.,0.923879532511287,1.,0.923879532511287,
1.,0.923879532511289,1.))
REPRESENTATION_ITEM('')
);
#169=(
BOUNDED_CURVE()
B_SPLINE_CURVE(2,(#3015,#3016,#3017,#3018,#3019,#3020,#3021,#3022,#3023),
 .UNSPECIFIED.,.F.,.F.)
B_SPLINE_CURVE_WITH_KNOTS((3,2,2,2,3),(0.9,0.903571428571429,0.907142857142857,
0.910714285714286,0.914285714285714),.UNSPECIFIED.)
CURVE()
GEOMETRIC_REPRESENTATION_ITEM()
RATIONAL_B_SPLINE_CURVE((1.,0.923879532511287,1.,0.923879532511287,1.,0.923879532511287,
1.,0.923879532511287,1.))
REPRESENTATION_ITEM('')
);
#170=(
BOUNDED_CURVE()
B_SPLINE_CURVE(2,(#3025,#3026,#3027,#3028,#3029,#3030,#3031,#3032,#3033),
 .UNSPECIFIED.,.F.,.F.)
B_SPLINE_CURVE_WITH_KNOTS((3,2,2,2,3),(0.885714285714286,0.889285714285714,
0.892857142857143,0.896428571428572,0.9),.UNSPECIFIED.)
CURVE()
GEOMETRIC_REPRESENTATION_ITEM()
RATIONAL_B_SPLINE_CURVE((1.,0.923879532511287,1.,0.923879532511287,1.,0.923879532511287,
1.,0.923879532511287,1.))
REPRESENTATION_ITEM('')
);
#171=(
BOUNDED_CURVE()
B_SPLINE_CURVE(2,(#3035,#3036,#3037,#3038,#3039,#3040,#3041,#3042,#3043),
 .UNSPECIFIED.,.F.,.F.)
B_SPLINE_CURVE_WITH_KNOTS((3,2,2,2,3),(0.871428571428571,0.875,0.878571428571429,
0.882142857142857,0.885714285714286),.UNSPECIFIED.)
CURVE()
GEOMETRIC_REPRESENTATION_ITEM()
RATIONAL_B_SPLINE_CURVE((1.,0.923879532511287,1.,0.923879532511287,1.,0.923879532511287,
1.,0.923879532511287,1.))
REPRESENTATION_ITEM('')
);
#172=(
BOUNDED_CURVE()
B_SPLINE_CURVE(2,(#3045,#3046,#3047,#3048,#3049,#3050,#3051,#3052,#3053),
 .UNSPECIFIED.,.F.,.F.)
B_SPLINE_CURVE_WITH_KNOTS((3,2,2,2,3),(0.857142857142857,0.860714285714286,
0.864285714285714,0.867857142857143,0.871428571428571),.UNSPECIFIED.)
CURVE()
GEOMETRIC_REPRESENTATION_ITEM()
RATIONAL_B_SPLINE_CURVE((1.,0.923879532511287,1.,0.923879532511287,1.,0.923879532511287,
1.,0.923879532511287,1.))
REPRESENTATION_ITEM('')
);
#173=(
BOUNDED_CURVE()
B_SPLINE_CURVE(2,(#3055,#3056,#3057,#3058,#3059,#3060,#3061,#3062,#3063),
 .UNSPECIFIED.,.F.,.F.)
B_SPLINE_CURVE_WITH_KNOTS((3,2,2,2,3),(0.842857142857143,0.846428571428571,
0.85,0.853571428571429,0.857142857142857),.UNSPECIFIED.)
CURVE()
GEOMETRIC_REPRESENTATION_ITEM()
RATIONAL_B_SPLINE_CURVE((1.,0.923879532511284,1.,0.923879532511287,1.,0.923879532511287,
1.,0.923879532511287,1.))
REPRESENTATION_ITEM('')
);
#174=(
BOUNDED_CURVE()
B_SPLINE_CURVE(2,(#3065,#3066,#3067,#3068,#3069,#3070,#3071,#3072,#3073),
 .UNSPECIFIED.,.F.,.F.)
B_SPLINE_CURVE_WITH_KNOTS((3,2,2,2,3),(0.828571428571429,0.832142857142857,
0.835714285714286,0.839285714285714,0.842857142857143),.UNSPECIFIED.)
CURVE()
GEOMETRIC_REPRESENTATION_ITEM()
RATIONAL_B_SPLINE_CURVE((1.,0.923879532511287,1.,0.923879532511287,1.,0.923879532511287,
1.,0.923879532511289,1.))
REPRESENTATION_ITEM('')
);
#175=(
BOUNDED_CURVE()
B_SPLINE_CURVE(2,(#3075,#3076,#3077,#3078,#3079,#3080,#3081,#3082,#3083),
 .UNSPECIFIED.,.F.,.F.)
B_SPLINE_CURVE_WITH_KNOTS((3,2,2,2,3),(0.814285714285714,0.817857142857143,
0.821428571428571,0.825,0.828571428571429),.UNSPECIFIED.)
CURVE()
GEOMETRIC_REPRESENTATION_ITEM()
RATIONAL_B_SPLINE_CURVE((1.,0.923879532511287,1.,0.923879532511287,1.,0.923879532511287,
1.,0.923879532511287,1.))
REPRESENTATION_ITEM('')
);
#176=(
BOUNDED_CURVE()
B_SPLINE_CURVE(2,(#3085,#3086,#3087,#3088,#3089,#3090,#3091,#3092,#3093),
 .UNSPECIFIED.,.F.,.F.)
B_SPLINE_CURVE_WITH_KNOTS((3,2,2,2,3),(0.8,0.803571428571429,0.807142857142857,
0.810714285714286,0.814285714285714),.UNSPECIFIED.)
CURVE()
GEOMETRIC_REPRESENTATION_ITEM()
RATIONAL_B_SPLINE_CURVE((1.,0.923879532511284,1.,0.923879532511287,1.,0.923879532511287,
1.,0.923879532511287,1.))
REPRESENTATION_ITEM('')
);
#177=(
BOUNDED_CURVE()
B_SPLINE_CURVE(2,(#3095,#3096,#3097,#3098,#3099,#3100,#3101,#3102,#3103),
 .UNSPECIFIED.,.F.,.F.)
B_SPLINE_CURVE_WITH_KNOTS((3,2,2,2,3),(0.785714285714286,0.789285714285714,
0.792857142857143,0.796428571428571,0.8),.UNSPECIFIED.)
CURVE()
GEOMETRIC_REPRESENTATION_ITEM()
RATIONAL_B_SPLINE_CURVE((1.,0.923879532511287,1.,0.923879532511287,1.,0.923879532511287,
1.,0.923879532511289,1.))
REPRESENTATION_ITEM('')
);
#178=(
BOUNDED_CURVE()
B_SPLINE_CURVE(2,(#3105,#3106,#3107,#3108,#3109,#3110,#3111,#3112,#3113),
 .UNSPECIFIED.,.F.,.F.)
B_SPLINE_CURVE_WITH_KNOTS((3,2,2,2,3),(0.771428571428571,0.775,0.778571428571429,
0.782142857142857,0.785714285714286),.UNSPECIFIED.)
CURVE()
GEOMETRIC_REPRESENTATION_ITEM()
RATIONAL_B_SPLINE_CURVE((1.,0.923879532511284,1.,0.923879532511287,1.,0.923879532511287,
1.,0.923879532511287,1.))
REPRESENTATION_ITEM('')
);
#179=(
BOUNDED_CURVE()
B_SPLINE_CURVE(2,(#3115,#3116,#3117,#3118,#3119,#3120,#3121,#3122,#3123),
 .UNSPECIFIED.,.F.,.F.)
B_SPLINE_CURVE_WITH_KNOTS((3,2,2,2,3),(0.757142857142857,0.760714285714286,
0.764285714285714,0.767857142857143,0.771428571428571),.UNSPECIFIED.)
CURVE()
GEOMETRIC_REPRESENTATION_ITEM()
RATIONAL_B_SPLINE_CURVE((1.,0.923879532511287,1.,0.923879532511287,1.,0.923879532511287,
1.,0.923879532511289,1.))
REPRESENTATION_ITEM('')
);
#180=(
BOUNDED_CURVE()
B_SPLINE_CURVE(2,(#3125,#3126,#3127,#3128,#3129,#3130,#3131,#3132,#3133),
 .UNSPECIFIED.,.F.,.F.)
B_SPLINE_CURVE_WITH_KNOTS((3,2,2,2,3),(0.742857142857143,0.746428571428571,
0.75,0.753571428571429,0.757142857142857),.UNSPECIFIED.)
CURVE()
GEOMETRIC_REPRESENTATION_ITEM()
RATIONAL_B_SPLINE_CURVE((1.,0.923879532511287,1.,0.923879532511287,1.,0.923879532511287,
1.,0.923879532511287,1.))
REPRESENTATION_ITEM('')
);
#181=(
BOUNDED_CURVE()
B_SPLINE_CURVE(2,(#3135,#3136,#3137,#3138,#3139,#3140,#3141,#3142,#3143),
 .UNSPECIFIED.,.F.,.F.)
B_SPLINE_CURVE_WITH_KNOTS((3,2,2,2,3),(0.728571428571429,0.732142857142857,
0.735714285714286,0.739285714285714,0.742857142857143),.UNSPECIFIED.)
CURVE()
GEOMETRIC_REPRESENTATION_ITEM()
RATIONAL_B_SPLINE_CURVE((1.,0.923879532511287,1.,0.923879532511287,1.,0.923879532511287,
1.,0.923879532511287,1.))
REPRESENTATION_ITEM('')
);
#182=(
BOUNDED_CURVE()
B_SPLINE_CURVE(2,(#3145,#3146,#3147,#3148,#3149,#3150,#3151,#3152,#3153),
 .UNSPECIFIED.,.F.,.F.)
B_SPLINE_CURVE_WITH_KNOTS((3,2,2,2,3),(0.714285714285714,0.717857142857143,
0.721428571428571,0.725,0.728571428571429),.UNSPECIFIED.)
CURVE()
GEOMETRIC_REPRESENTATION_ITEM()
RATIONAL_B_SPLINE_CURVE((1.,0.923879532511287,1.,0.923879532511287,1.,0.923879532511287,
1.,0.923879532511287,1.))
REPRESENTATION_ITEM('')
);
#183=(
BOUNDED_CURVE()
B_SPLINE_CURVE(2,(#3155,#3156,#3157,#3158,#3159,#3160,#3161,#3162,#3163),
 .UNSPECIFIED.,.F.,.F.)
B_SPLINE_CURVE_WITH_KNOTS((3,2,2,2,3),(0.7,0.703571428571429,0.707142857142857,
0.710714285714286,0.714285714285714),.UNSPECIFIED.)
CURVE()
GEOMETRIC_REPRESENTATION_ITEM()
RATIONAL_B_SPLINE_CURVE((1.,0.923879532511284,1.,0.923879532511287,1.,0.923879532511287,
1.,0.923879532511287,1.))
REPRESENTATION_ITEM('')
);
#184=(
BOUNDED_CURVE()
B_SPLINE_CURVE(2,(#3165,#3166,#3167,#3168,#3169,#3170,#3171,#3172,#3173),
 .UNSPECIFIED.,.F.,.F.)
B_SPLINE_CURVE_WITH_KNOTS((3,2,2,2,3),(0.685714285714286,0.689285714285714,
0.692857142857143,0.696428571428571,0.7),.UNSPECIFIED.)
CURVE()
GEOMETRIC_REPRESENTATION_ITEM()
RATIONAL_B_SPLINE_CURVE((1.,0.923879532511289,1.,0.923879532511287,1.,0.923879532511287,
1.,0.923879532511289,1.))
REPRESENTATION_ITEM('')
);
#185=(
BOUNDED_CURVE()
B_SPLINE_CURVE(2,(#3175,#3176,#3177,#3178,#3179,#3180,#3181,#3182,#3183),
 .UNSPECIFIED.,.F.,.F.)
B_SPLINE_CURVE_WITH_KNOTS((3,2,2,2,3),(0.671428571428572,0.675,0.678571428571429,
0.682142857142857,0.685714285714286),.UNSPECIFIED.)
CURVE()
GEOMETRIC_REPRESENTATION_ITEM()
RATIONAL_B_SPLINE_CURVE((1.,0.923879532511289,1.,0.923879532511287,1.,0.923879532511287,
1.,0.923879532511284,1.))
REPRESENTATION_ITEM('')
);
#186=(
BOUNDED_CURVE()
B_SPLINE_CURVE(2,(#3185,#3186,#3187,#3188,#3189,#3190,#3191,#3192,#3193),
 .UNSPECIFIED.,.F.,.F.)
B_SPLINE_CURVE_WITH_KNOTS((3,2,2,2,3),(0.657142857142857,0.660714285714286,
0.664285714285714,0.667857142857143,0.671428571428572),.UNSPECIFIED.)
CURVE()
GEOMETRIC_REPRESENTATION_ITEM()
RATIONAL_B_SPLINE_CURVE((1.,0.923879532511287,1.,0.923879532511287,1.,0.923879532511287,
1.,0.923879532511284,1.))
REPRESENTATION_ITEM('')
);
#187=(
BOUNDED_CURVE()
B_SPLINE_CURVE(2,(#3195,#3196,#3197,#3198,#3199,#3200,#3201,#3202,#3203),
 .UNSPECIFIED.,.F.,.F.)
B_SPLINE_CURVE_WITH_KNOTS((3,2,2,2,3),(0.642857142857143,0.646428571428571,
0.65,0.653571428571429,0.657142857142857),.UNSPECIFIED.)
CURVE()
GEOMETRIC_REPRESENTATION_ITEM()
RATIONAL_B_SPLINE_CURVE((1.,0.923879532511284,1.,0.923879532511287,1.,0.923879532511287,
1.,0.923879532511287,1.))
REPRESENTATION_ITEM('')
);
#188=(
BOUNDED_CURVE()
B_SPLINE_CURVE(2,(#3205,#3206,#3207,#3208,#3209,#3210,#3211,#3212,#3213),
 .UNSPECIFIED.,.F.,.F.)
B_SPLINE_CURVE_WITH_KNOTS((3,2,2,2,3),(0.628571428571429,0.632142857142857,
0.635714285714286,0.639285714285714,0.642857142857143),.UNSPECIFIED.)
CURVE()
GEOMETRIC_REPRESENTATION_ITEM()
RATIONAL_B_SPLINE_CURVE((1.,0.923879532511287,1.,0.923879532511287,1.,0.923879532511287,
1.,0.923879532511289,1.))
REPRESENTATION_ITEM('')
);
#189=(
BOUNDED_CURVE()
B_SPLINE_CURVE(2,(#3215,#3216,#3217,#3218,#3219,#3220,#3221,#3222,#3223),
 .UNSPECIFIED.,.F.,.F.)
B_SPLINE_CURVE_WITH_KNOTS((3,2,2,2,3),(0.614285714285714,0.617857142857143,
0.621428571428571,0.625,0.628571428571429),.UNSPECIFIED.)
CURVE()
GEOMETRIC_REPRESENTATION_ITEM()
RATIONAL_B_SPLINE_CURVE((1.,0.923879532511284,1.,0.923879532511287,1.,0.923879532511287,
1.,0.923879532511287,1.))
REPRESENTATION_ITEM('')
);
#190=(
BOUNDED_CURVE()
B_SPLINE_CURVE(2,(#3225,#3226,#3227,#3228,#3229,#3230,#3231,#3232,#3233),
 .UNSPECIFIED.,.F.,.F.)
B_SPLINE_CURVE_WITH_KNOTS((3,2,2,2,3),(0.6,0.603571428571429,0.607142857142857,
0.610714285714286,0.614285714285714),.UNSPECIFIED.)
CURVE()
GEOMETRIC_REPRESENTATION_ITEM()
RATIONAL_B_SPLINE_CURVE((1.,0.923879532511287,1.,0.923879532511287,1.,0.923879532511287,
1.,0.923879532511289,1.))
REPRESENTATION_ITEM('')
);
#191=(
BOUNDED_CURVE()
B_SPLINE_CURVE(2,(#3235,#3236,#3237,#3238,#3239,#3240,#3241,#3242,#3243),
 .UNSPECIFIED.,.F.,.F.)
B_SPLINE_CURVE_WITH_KNOTS((3,2,2,2,3),(0.585714285714286,0.589285714285714,
0.592857142857143,0.596428571428571,0.6),.UNSPECIFIED.)
CURVE()
GEOMETRIC_REPRESENTATION_ITEM()
RATIONAL_B_SPLINE_CURVE((1.,0.923879532511287,1.,0.923879532511287,1.,0.923879532511287,
1.,0.923879532511287,1.))
REPRESENTATION_ITEM('')
);
#192=(
BOUNDED_CURVE()
B_SPLINE_CURVE(2,(#3245,#3246,#3247,#3248,#3249,#3250,#3251,#3252,#3253),
 .UNSPECIFIED.,.F.,.F.)
B_SPLINE_CURVE_WITH_KNOTS((3,2,2,2,3),(0.571428571428571,0.575,0.578571428571429,
0.582142857142857,0.585714285714286),.UNSPECIFIED.)
CURVE()
GEOMETRIC_REPRESENTATION_ITEM()
RATIONAL_B_SPLINE_CURVE((1.,0.923879532511287,1.,0.923879532511287,1.,0.923879532511287,
1.,0.923879532511287,1.))
REPRESENTATION_ITEM('')
);
#193=(
BOUNDED_CURVE()
B_SPLINE_CURVE(2,(#3255,#3256,#3257,#3258,#3259,#3260,#3261,#3262,#3263),
 .UNSPECIFIED.,.F.,.F.)
B_SPLINE_CURVE_WITH_KNOTS((3,2,2,2,3),(0.557142857142857,0.560714285714286,
0.564285714285714,0.567857142857143,0.571428571428571),.UNSPECIFIED.)
CURVE()
GEOMETRIC_REPRESENTATION_ITEM()
RATIONAL_B_SPLINE_CURVE((1.,0.923879532511287,1.,0.923879532511287,1.,0.923879532511287,
1.,0.923879532511287,1.))
REPRESENTATION_ITEM('')
);
#194=(
BOUNDED_CURVE()
B_SPLINE_CURVE(2,(#3265,#3266,#3267,#3268,#3269,#3270,#3271,#3272,#3273),
 .UNSPECIFIED.,.F.,.F.)
B_SPLINE_CURVE_WITH_KNOTS((3,2,2,2,3),(0.542857142857143,0.546428571428571,
0.55,0.553571428571429,0.557142857142857),.UNSPECIFIED.)
CURVE()
GEOMETRIC_REPRESENTATION_ITEM()
RATIONAL_B_SPLINE_CURVE((1.,0.923879532511287,1.,0.923879532511287,1.,0.923879532511287,
1.,0.923879532511287,1.))
REPRESENTATION_ITEM('')
);
#195=(
BOUNDED_CURVE()
B_SPLINE_CURVE(2,(#3275,#3276,#3277,#3278,#3279,#3280,#3281,#3282,#3283),
 .UNSPECIFIED.,.F.,.F.)
B_SPLINE_CURVE_WITH_KNOTS((3,2,2,2,3),(0.528571428571429,0.532142857142857,
0.535714285714286,0.539285714285714,0.542857142857143),.UNSPECIFIED.)
CURVE()
GEOMETRIC_REPRESENTATION_ITEM()
RATIONAL_B_SPLINE_CURVE((1.,0.923879532511287,1.,0.923879532511287,1.,0.923879532511287,
1.,0.923879532511287,1.))
REPRESENTATION_ITEM('')
);
#196=(
BOUNDED_CURVE()
B_SPLINE_CURVE(2,(#3285,#3286,#3287,#3288,#3289,#3290,#3291,#3292,#3293),
 .UNSPECIFIED.,.F.,.F.)
B_SPLINE_CURVE_WITH_KNOTS((3,2,2,2,3),(0.514285714285714,0.517857142857143,
0.521428571428572,0.525,0.528571428571429),.UNSPECIFIED.)
CURVE()
GEOMETRIC_REPRESENTATION_ITEM()
RATIONAL_B_SPLINE_CURVE((1.,0.923879532511287,1.,0.923879532511287,1.,0.923879532511287,
1.,0.923879532511287,1.))
REPRESENTATION_ITEM('')
);
#197=(
BOUNDED_CURVE()
B_SPLINE_CURVE(2,(#3295,#3296,#3297,#3298,#3299,#3300,#3301,#3302,#3303),
 .UNSPECIFIED.,.F.,.F.)
B_SPLINE_CURVE_WITH_KNOTS((3,2,2,2,3),(0.5,0.503571428571429,0.507142857142857,
0.510714285714286,0.514285714285714),.UNSPECIFIED.)
CURVE()
GEOMETRIC_REPRESENTATION_ITEM()
RATIONAL_B_SPLINE_CURVE((1.,0.923879532511287,1.,0.923879532511287,1.,0.923879532511287,
1.,0.923879532511287,1.))
REPRESENTATION_ITEM('')
);
#198=(
BOUNDED_CURVE()
B_SPLINE_CURVE(2,(#3305,#3306,#3307,#3308,#3309,#3310,#3311,#3312,#3313),
 .UNSPECIFIED.,.F.,.F.)
B_SPLINE_CURVE_WITH_KNOTS((3,2,2,2,3),(0.485714285714286,0.489285714285714,
0.492857142857143,0.496428571428571,0.5),.UNSPECIFIED.)
CURVE()
GEOMETRIC_REPRESENTATION_ITEM()
RATIONAL_B_SPLINE_CURVE((1.,0.923879532511287,1.,0.923879532511287,1.,0.923879532511287,
1.,0.923879532511287,1.))
REPRESENTATION_ITEM('')
);
#199=(
BOUNDED_CURVE()
B_SPLINE_CURVE(2,(#3315,#3316,#3317,#3318,#3319,#3320,#3321,#3322,#3323),
 .UNSPECIFIED.,.F.,.F.)
B_SPLINE_CURVE_WITH_KNOTS((3,2,2,2,3),(0.471428571428571,0.475,0.478571428571429,
0.482142857142857,0.485714285714286),.UNSPECIFIED.)
CURVE()
GEOMETRIC_REPRESENTATION_ITEM()
RATIONAL_B_SPLINE_CURVE((1.,0.923879532511287,1.,0.923879532511287,1.,0.923879532511287,
1.,0.923879532511287,1.))
REPRESENTATION_ITEM('')
);
#200=(
BOUNDED_CURVE()
B_SPLINE_CURVE(2,(#3325,#3326,#3327,#3328,#3329,#3330,#3331,#3332,#3333),
 .UNSPECIFIED.,.F.,.F.)
B_SPLINE_CURVE_WITH_KNOTS((3,2,2,2,3),(0.457142857142857,0.460714285714286,
0.464285714285714,0.467857142857143,0.471428571428571),.UNSPECIFIED.)
CURVE()
GEOMETRIC_REPRESENTATION_ITEM()
RATIONAL_B_SPLINE_CURVE((1.,0.923879532511287,1.,0.923879532511287,1.,0.923879532511287,
1.,0.923879532511287,1.))
REPRESENTATION_ITEM('')
);
#201=(
BOUNDED_CURVE()
B_SPLINE_CURVE(2,(#3335,#3336,#3337,#3338,#3339,#3340,#3341,#3342,#3343),
 .UNSPECIFIED.,.F.,.F.)
B_SPLINE_CURVE_WITH_KNOTS((3,2,2,2,3),(0.442857142857143,0.446428571428572,
0.45,0.453571428571429,0.457142857142857),.UNSPECIFIED.)
CURVE()
GEOMETRIC_REPRESENTATION_ITEM()
RATIONAL_B_SPLINE_CURVE((1.,0.923879532511287,1.,0.923879532511287,1.,0.923879532511287,
1.,0.923879532511287,1.))
REPRESENTATION_ITEM('')
);
#202=(
BOUNDED_CURVE()
B_SPLINE_CURVE(2,(#3345,#3346,#3347,#3348,#3349,#3350,#3351,#3352,#3353),
 .UNSPECIFIED.,.F.,.F.)
B_SPLINE_CURVE_WITH_KNOTS((3,2,2,2,3),(0.428571428571428,0.432142857142857,
0.435714285714285,0.439285714285715,0.442857142857143),.UNSPECIFIED.)
CURVE()
GEOMETRIC_REPRESENTATION_ITEM()
RATIONAL_B_SPLINE_CURVE((1.,0.923879532511287,1.,0.923879532511287,1.,0.923879532511287,
1.,0.923879532511287,1.))
REPRESENTATION_ITEM('')
);
#203=(
BOUNDED_CURVE()
B_SPLINE_CURVE(2,(#3355,#3356,#3357,#3358,#3359,#3360,#3361,#3362,#3363),
 .UNSPECIFIED.,.F.,.F.)
B_SPLINE_CURVE_WITH_KNOTS((3,2,2,2,3),(0.414285714285715,0.417857142857143,
0.421428571428571,0.425,0.428571428571428),.UNSPECIFIED.)
CURVE()
GEOMETRIC_REPRESENTATION_ITEM()
RATIONAL_B_SPLINE_CURVE((1.,0.923879532511287,1.,0.923879532511287,1.,0.923879532511287,
1.,0.923879532511287,1.))
REPRESENTATION_ITEM('')
);
#204=(
BOUNDED_CURVE()
B_SPLINE_CURVE(2,(#3365,#3366,#3367,#3368,#3369,#3370,#3371,#3372,#3373),
 .UNSPECIFIED.,.F.,.F.)
B_SPLINE_CURVE_WITH_KNOTS((3,2,2,2,3),(0.4,0.403571428571429,0.407142857142857,
0.410714285714286,0.414285714285715),.UNSPECIFIED.)
CURVE()
GEOMETRIC_REPRESENTATION_ITEM()
RATIONAL_B_SPLINE_CURVE((1.,0.923879532511286,1.,0.923879532511287,1.,0.923879532511287,
1.,0.923879532511287,1.))
REPRESENTATION_ITEM('')
);
#205=(
BOUNDED_CURVE()
B_SPLINE_CURVE(2,(#3375,#3376,#3377,#3378,#3379,#3380,#3381,#3382,#3383),
 .UNSPECIFIED.,.F.,.F.)
B_SPLINE_CURVE_WITH_KNOTS((3,2,2,2,3),(0.385714285714286,0.389285714285715,
0.392857142857143,0.396428571428572,0.4),.UNSPECIFIED.)
CURVE()
GEOMETRIC_REPRESENTATION_ITEM()
RATIONAL_B_SPLINE_CURVE((1.,0.923879532511287,1.,0.923879532511287,1.,0.923879532511287,
1.,0.923879532511288,1.))
REPRESENTATION_ITEM('')
);
#206=(
BOUNDED_CURVE()
B_SPLINE_CURVE(2,(#3385,#3386,#3387,#3388,#3389,#3390,#3391,#3392,#3393),
 .UNSPECIFIED.,.F.,.F.)
B_SPLINE_CURVE_WITH_KNOTS((3,2,2,2,3),(0.371428571428571,0.375,0.378571428571429,
0.382142857142857,0.385714285714286),.UNSPECIFIED.)
CURVE()
GEOMETRIC_REPRESENTATION_ITEM()
RATIONAL_B_SPLINE_CURVE((1.,0.923879532511287,1.,0.923879532511287,1.,0.923879532511287,
1.,0.923879532511287,1.))
REPRESENTATION_ITEM('')
);
#207=(
BOUNDED_CURVE()
B_SPLINE_CURVE(2,(#3395,#3396,#3397,#3398,#3399,#3400,#3401,#3402,#3403),
 .UNSPECIFIED.,.F.,.F.)
B_SPLINE_CURVE_WITH_KNOTS((3,2,2,2,3),(0.357142857142857,0.360714285714286,
0.364285714285714,0.367857142857143,0.371428571428571),.UNSPECIFIED.)
CURVE()
GEOMETRIC_REPRESENTATION_ITEM()
RATIONAL_B_SPLINE_CURVE((1.,0.923879532511287,1.,0.923879532511287,1.,0.923879532511287,
1.,0.923879532511287,1.))
REPRESENTATION_ITEM('')
);
#208=(
BOUNDED_CURVE()
B_SPLINE_CURVE(2,(#3405,#3406,#3407,#3408,#3409,#3410,#3411,#3412,#3413),
 .UNSPECIFIED.,.F.,.F.)
B_SPLINE_CURVE_WITH_KNOTS((3,2,2,2,3),(0.342857142857143,0.346428571428572,
0.35,0.353571428571429,0.357142857142857),.UNSPECIFIED.)
CURVE()
GEOMETRIC_REPRESENTATION_ITEM()
RATIONAL_B_SPLINE_CURVE((1.,0.923879532511288,1.,0.923879532511287,1.,0.923879532511287,
1.,0.923879532511287,1.))
REPRESENTATION_ITEM('')
);
#209=(
BOUNDED_CURVE()
B_SPLINE_CURVE(2,(#3415,#3416,#3417,#3418,#3419,#3420,#3421,#3422,#3423),
 .UNSPECIFIED.,.F.,.F.)
B_SPLINE_CURVE_WITH_KNOTS((3,2,2,2,3),(0.328571428571429,0.332142857142857,
0.335714285714286,0.339285714285715,0.342857142857143),.UNSPECIFIED.)
CURVE()
GEOMETRIC_REPRESENTATION_ITEM()
RATIONAL_B_SPLINE_CURVE((1.,0.923879532511287,1.,0.923879532511287,1.,0.923879532511287,
1.,0.923879532511286,1.))
REPRESENTATION_ITEM('')
);
#210=(
BOUNDED_CURVE()
B_SPLINE_CURVE(2,(#3425,#3426,#3427,#3428,#3429,#3430,#3431,#3432,#3433),
 .UNSPECIFIED.,.F.,.F.)
B_SPLINE_CURVE_WITH_KNOTS((3,2,2,2,3),(0.314285714285715,0.317857142857143,
0.321428571428572,0.325,0.328571428571429),.UNSPECIFIED.)
CURVE()
GEOMETRIC_REPRESENTATION_ITEM()
RATIONAL_B_SPLINE_CURVE((1.,0.923879532511287,1.,0.923879532511287,1.,0.923879532511287,
1.,0.923879532511287,1.))
REPRESENTATION_ITEM('')
);
#211=(
BOUNDED_CURVE()
B_SPLINE_CURVE(2,(#3435,#3436,#3437,#3438,#3439,#3440,#3441,#3442,#3443),
 .UNSPECIFIED.,.F.,.F.)
B_SPLINE_CURVE_WITH_KNOTS((3,2,2,2,3),(0.3,0.303571428571428,0.307142857142857,
0.310714285714285,0.314285714285715),.UNSPECIFIED.)
CURVE()
GEOMETRIC_REPRESENTATION_ITEM()
RATIONAL_B_SPLINE_CURVE((1.,0.923879532511287,1.,0.923879532511287,1.,0.923879532511287,
1.,0.923879532511287,1.))
REPRESENTATION_ITEM('')
);
#212=(
BOUNDED_CURVE()
B_SPLINE_CURVE(2,(#3445,#3446,#3447,#3448,#3449,#3450,#3451,#3452,#3453),
 .UNSPECIFIED.,.F.,.F.)
B_SPLINE_CURVE_WITH_KNOTS((3,2,2,2,3),(0.285714285714286,0.289285714285715,
0.292857142857143,0.296428571428571,0.3),.UNSPECIFIED.)
CURVE()
GEOMETRIC_REPRESENTATION_ITEM()
RATIONAL_B_SPLINE_CURVE((1.,0.923879532511287,1.,0.923879532511287,1.,0.923879532511287,
1.,0.923879532511287,1.))
REPRESENTATION_ITEM('')
);
#213=(
BOUNDED_CURVE()
B_SPLINE_CURVE(2,(#3455,#3456,#3457,#3458,#3459,#3460,#3461,#3462,#3463),
 .UNSPECIFIED.,.F.,.F.)
B_SPLINE_CURVE_WITH_KNOTS((3,2,2,2,3),(0.271428571428572,0.275,0.278571428571429,
0.282142857142857,0.285714285714286),.UNSPECIFIED.)
CURVE()
GEOMETRIC_REPRESENTATION_ITEM()
RATIONAL_B_SPLINE_CURVE((1.,0.923879532511288,1.,0.923879532511287,1.,0.923879532511287,
1.,0.923879532511287,1.))
REPRESENTATION_ITEM('')
);
#214=(
BOUNDED_CURVE()
B_SPLINE_CURVE(2,(#3465,#3466,#3467,#3468,#3469,#3470,#3471,#3472,#3473),
 .UNSPECIFIED.,.F.,.F.)
B_SPLINE_CURVE_WITH_KNOTS((3,2,2,2,3),(0.257142857142857,0.260714285714286,
0.264285714285715,0.267857142857143,0.271428571428572),.UNSPECIFIED.)
CURVE()
GEOMETRIC_REPRESENTATION_ITEM()
RATIONAL_B_SPLINE_CURVE((1.,0.923879532511287,1.,0.923879532511287,1.,0.923879532511287,
1.,0.923879532511286,1.))
REPRESENTATION_ITEM('')
);
#215=(
BOUNDED_CURVE()
B_SPLINE_CURVE(2,(#3475,#3476,#3477,#3478,#3479,#3480,#3481,#3482,#3483),
 .UNSPECIFIED.,.F.,.F.)
B_SPLINE_CURVE_WITH_KNOTS((3,2,2,2,3),(0.242857142857143,0.246428571428572,
0.25,0.253571428571429,0.257142857142857),.UNSPECIFIED.)
CURVE()
GEOMETRIC_REPRESENTATION_ITEM()
RATIONAL_B_SPLINE_CURVE((1.,0.923879532511287,1.,0.923879532511287,1.,0.923879532511287,
1.,0.923879532511287,1.))
REPRESENTATION_ITEM('')
);
#216=(
BOUNDED_CURVE()
B_SPLINE_CURVE(2,(#3485,#3486,#3487,#3488,#3489,#3490,#3491,#3492,#3493),
 .UNSPECIFIED.,.F.,.F.)
B_SPLINE_CURVE_WITH_KNOTS((3,2,2,2,3),(0.228571428571428,0.232142857142857,
0.235714285714285,0.239285714285715,0.242857142857143),.UNSPECIFIED.)
CURVE()
GEOMETRIC_REPRESENTATION_ITEM()
RATIONAL_B_SPLINE_CURVE((1.,0.923879532511287,1.,0.923879532511287,1.,0.923879532511287,
1.,0.923879532511287,1.))
REPRESENTATION_ITEM('')
);
#217=(
BOUNDED_CURVE()
B_SPLINE_CURVE(2,(#3495,#3496,#3497,#3498,#3499,#3500,#3501,#3502,#3503),
 .UNSPECIFIED.,.F.,.F.)
B_SPLINE_CURVE_WITH_KNOTS((3,2,2,2,3),(0.214285714285714,0.217857142857143,
0.221428571428572,0.225,0.228571428571428),.UNSPECIFIED.)
CURVE()
GEOMETRIC_REPRESENTATION_ITEM()
RATIONAL_B_SPLINE_CURVE((1.,0.923879532511287,1.,0.923879532511287,1.,0.923879532511287,
1.,0.923879532511287,1.))
REPRESENTATION_ITEM('')
);
#218=(
BOUNDED_CURVE()
B_SPLINE_CURVE(2,(#3505,#3506,#3507,#3508,#3509,#3510,#3511,#3512,#3513),
 .UNSPECIFIED.,.F.,.F.)
B_SPLINE_CURVE_WITH_KNOTS((3,2,2,2,3),(0.2,0.203571428571429,0.207142857142857,
0.210714285714285,0.214285714285714),.UNSPECIFIED.)
CURVE()
GEOMETRIC_REPRESENTATION_ITEM()
RATIONAL_B_SPLINE_CURVE((1.,0.923879532511287,1.,0.923879532511287,1.,0.923879532511287,
1.,0.923879532511287,1.))
REPRESENTATION_ITEM('')
);
#219=(
BOUNDED_CURVE()
B_SPLINE_CURVE(2,(#3515,#3516,#3517,#3518,#3519,#3520,#3521,#3522,#3523),
 .UNSPECIFIED.,.F.,.F.)
B_SPLINE_CURVE_WITH_KNOTS((3,2,2,2,3),(0.185714285714285,0.189285714285715,
0.192857142857143,0.196428571428572,0.2),.UNSPECIFIED.)
CURVE()
GEOMETRIC_REPRESENTATION_ITEM()
RATIONAL_B_SPLINE_CURVE((1.,0.923879532511287,1.,0.923879532511287,1.,0.923879532511287,
1.,0.923879532511286,1.))
REPRESENTATION_ITEM('')
);
#220=(
BOUNDED_CURVE()
B_SPLINE_CURVE(2,(#3525,#3526,#3527,#3528,#3529,#3530,#3531,#3532,#3533),
 .UNSPECIFIED.,.F.,.F.)
B_SPLINE_CURVE_WITH_KNOTS((3,2,2,2,3),(0.171428571428572,0.175,0.178571428571428,
0.182142857142857,0.185714285714285),.UNSPECIFIED.)
CURVE()
GEOMETRIC_REPRESENTATION_ITEM()
RATIONAL_B_SPLINE_CURVE((1.,0.923879532511288,1.,0.923879532511287,1.,0.923879532511287,
1.,0.923879532511287,1.))
REPRESENTATION_ITEM('')
);
#221=(
BOUNDED_CURVE()
B_SPLINE_CURVE(2,(#3535,#3536,#3537,#3538,#3539,#3540,#3541,#3542,#3543),
 .UNSPECIFIED.,.F.,.F.)
B_SPLINE_CURVE_WITH_KNOTS((3,2,2,2,3),(0.157142857142857,0.160714285714286,
0.164285714285714,0.167857142857143,0.171428571428572),.UNSPECIFIED.)
CURVE()
GEOMETRIC_REPRESENTATION_ITEM()
RATIONAL_B_SPLINE_CURVE((1.,0.923879532511287,1.,0.923879532511287,1.,0.923879532511287,
1.,0.923879532511286,1.))
REPRESENTATION_ITEM('')
);
#222=(
BOUNDED_CURVE()
B_SPLINE_CURVE(2,(#3545,#3546,#3547,#3548,#3549,#3550,#3551,#3552,#3553),
 .UNSPECIFIED.,.F.,.F.)
B_SPLINE_CURVE_WITH_KNOTS((3,2,2,2,3),(0.142857142857143,0.146428571428571,
0.15,0.153571428571428,0.157142857142857),.UNSPECIFIED.)
CURVE()
GEOMETRIC_REPRESENTATION_ITEM()
RATIONAL_B_SPLINE_CURVE((1.,0.923879532511287,1.,0.923879532511287,1.,0.923879532511287,
1.,0.923879532511287,1.))
REPRESENTATION_ITEM('')
);
#223=(
BOUNDED_CURVE()
B_SPLINE_CURVE(2,(#3555,#3556,#3557,#3558,#3559,#3560,#3561,#3562,#3563),
 .UNSPECIFIED.,.F.,.F.)
B_SPLINE_CURVE_WITH_KNOTS((3,2,2,2,3),(0.128571428571428,0.132142857142857,
0.135714285714286,0.139285714285714,0.142857142857143),.UNSPECIFIED.)
CURVE()
GEOMETRIC_REPRESENTATION_ITEM()
RATIONAL_B_SPLINE_CURVE((1.,0.923879532511286,1.,0.923879532511287,1.,0.923879532511287,
1.,0.923879532511287,1.))
REPRESENTATION_ITEM('')
);
#224=(
BOUNDED_CURVE()
B_SPLINE_CURVE(2,(#3565,#3566,#3567,#3568,#3569,#3570,#3571,#3572,#3573),
 .UNSPECIFIED.,.F.,.F.)
B_SPLINE_CURVE_WITH_KNOTS((3,2,2,2,3),(0.114285714285714,0.117857142857143,
0.121428571428571,0.125,0.128571428571428),.UNSPECIFIED.)
CURVE()
GEOMETRIC_REPRESENTATION_ITEM()
RATIONAL_B_SPLINE_CURVE((1.,0.923879532511286,1.,0.923879532511287,1.,0.923879532511287,
1.,0.923879532511287,1.))
REPRESENTATION_ITEM('')
);
#225=(
BOUNDED_CURVE()
B_SPLINE_CURVE(2,(#3575,#3576,#3577,#3578,#3579,#3580,#3581,#3582,#3583),
 .UNSPECIFIED.,.F.,.F.)
B_SPLINE_CURVE_WITH_KNOTS((3,2,2,2,3),(0.1,0.103571428571429,0.107142857142857,
0.110714285714286,0.114285714285714),.UNSPECIFIED.)
CURVE()
GEOMETRIC_REPRESENTATION_ITEM()
RATIONAL_B_SPLINE_CURVE((1.,0.923879532511287,1.,0.923879532511287,1.,0.923879532511287,
1.,0.923879532511288,1.))
REPRESENTATION_ITEM('')
);
#226=(
BOUNDED_CURVE()
B_SPLINE_CURVE(2,(#3585,#3586,#3587,#3588,#3589,#3590,#3591,#3592,#3593),
 .UNSPECIFIED.,.F.,.F.)
B_SPLINE_CURVE_WITH_KNOTS((3,2,2,2,3),(0.0857142857142857,0.0892857142857143,
0.0928571428571429,0.0964285714285714,0.1),.UNSPECIFIED.)
CURVE()
GEOMETRIC_REPRESENTATION_ITEM()
RATIONAL_B_SPLINE_CURVE((1.,0.923879532511287,1.,0.923879532511287,1.,0.923879532511287,
1.,0.923879532511286,1.))
REPRESENTATION_ITEM('')
);
#227=(
BOUNDED_CURVE()
B_SPLINE_CURVE(2,(#3595,#3596,#3597,#3598,#3599,#3600,#3601,#3602,#3603),
 .UNSPECIFIED.,.F.,.F.)
B_SPLINE_CURVE_WITH_KNOTS((3,2,2,2,3),(0.0714285714285714,0.075,0.0785714285714286,
0.0821428571428572,0.0857142857142857),.UNSPECIFIED.)
CURVE()
GEOMETRIC_REPRESENTATION_ITEM()
RATIONAL_B_SPLINE_CURVE((1.,0.923879532511286,1.,0.923879532511287,1.,0.923879532511287,
1.,0.923879532511286,1.))
REPRESENTATION_ITEM('')
);
#228=(
BOUNDED_CURVE()
B_SPLINE_CURVE(2,(#3605,#3606,#3607,#3608,#3609,#3610,#3611,#3612,#3613),
 .UNSPECIFIED.,.F.,.F.)
B_SPLINE_CURVE_WITH_KNOTS((3,2,2,2,3),(0.0571428571428571,0.0607142857142857,
0.0642857142857143,0.0678571428571428,0.0714285714285714),.UNSPECIFIED.)
CURVE()
GEOMETRIC_REPRESENTATION_ITEM()
RATIONAL_B_SPLINE_CURVE((1.,0.923879532511286,1.,0.923879532511287,1.,0.923879532511287,
1.,0.923879532511287,1.))
REPRESENTATION_ITEM('')
);
#229=(
BOUNDED_CURVE()
B_SPLINE_CURVE(2,(#3615,#3616,#3617,#3618,#3619,#3620,#3621,#3622,#3623),
 .UNSPECIFIED.,.F.,.F.)
B_SPLINE_CURVE_WITH_KNOTS((3,2,2,2,3),(0.0428571428571429,0.0464285714285714,
0.05,0.0535714285714286,0.0571428571428571),.UNSPECIFIED.)
CURVE()
GEOMETRIC_REPRESENTATION_ITEM()
RATIONAL_B_SPLINE_CURVE((1.,0.923879532511287,1.,0.923879532511287,1.,0.923879532511287,
1.,0.923879532511287,1.))
REPRESENTATION_ITEM('')
);
#230=(
BOUNDED_CURVE()
B_SPLINE_CURVE(2,(#3625,#3626,#3627,#3628,#3629,#3630,#3631,#3632,#3633),
 .UNSPECIFIED.,.F.,.F.)
B_SPLINE_CURVE_WITH_KNOTS((3,2,2,2,3),(0.0285714285714286,0.0321428571428571,
0.0357142857142858,0.0392857142857143,0.0428571428571429),.UNSPECIFIED.)
CURVE()
GEOMETRIC_REPRESENTATION_ITEM()
RATIONAL_B_SPLINE_CURVE((1.,0.923879532511287,1.,0.923879532511287,1.,0.923879532511287,
1.,0.923879532511286,1.))
REPRESENTATION_ITEM('')
);
#231=(
BOUNDED_CURVE()
B_SPLINE_CURVE(2,(#3635,#3636,#3637,#3638,#3639),.UNSPECIFIED.,.F.,.F.)
B_SPLINE_CURVE_WITH_KNOTS((3,2,3),(0.0214285714285714,0.025,0.0285714285714286),
 .UNSPECIFIED.)
CURVE()
GEOMETRIC_REPRESENTATION_ITEM()
RATIONAL_B_SPLINE_CURVE((1.,0.923879532511287,1.,0.923879532511286,1.))
REPRESENTATION_ITEM('')
);
#232=(
BOUNDED_CURVE()
B_SPLINE_CURVE(2,(#3647,#3648,#3649,#3650,#3651,#3652,#3653,#3654,#3655,
#3656,#3657,#3658,#3659,#3660,#3661,#3662,#3663,#3664,#3665,#3666,#3667,
#3668,#3669,#3670,#3671,#3672,#3673,#3674,#3675,#3676,#3677,#3678,#3679,
#3680,#3681,#3682,#3683,#3684,#3685,#3686,#3687,#3688,#3689,#3690,#3691,
#3692,#3693,#3694,#3695,#3696,#3697,#3698,#3699,#3700,#3701,#3702,#3703,
#3704,#3705,#3706,#3707,#3708,#3709,#3710,#3711,#3712,#3713,#3714,#3715,
#3716,#3717,#3718,#3719,#3720,#3721,#3722,#3723,#3724,#3725,#3726,#3727,
#3728,#3729,#3730,#3731,#3732,#3733,#3734,#3735,#3736,#3737,#3738,#3739,
#3740,#3741,#3742,#3743,#3744,#3745,#3746,#3747,#3748,#3749,#3750,#3751,
#3752,#3753,#3754,#3755,#3756,#3757,#3758,#3759,#3760,#3761,#3762,#3763,
#3764,#3765,#3766,#3767,#3768,#3769,#3770,#3771,#3772,#3773,#3774,#3775,
#3776,#3777,#3778,#3779,#3780,#3781,#3782,#3783,#3784,#3785,#3786,#3787,
#3788,#3789,#3790,#3791,#3792,#3793,#3794,#3795,#3796,#3797,#3798,#3799,
#3800,#3801,#3802,#3803,#3804,#3805,#3806,#3807,#3808,#3809,#3810,#3811,
#3812,#3813,#3814,#3815,#3816,#3817,#3818,#3819,#3820,#3821,#3822,#3823,
#3824,#3825,#3826,#3827,#3828,#3829,#3830,#3831,#3832,#3833,#3834,#3835,
#3836,#3837,#3838,#3839,#3840,#3841,#3842,#3843,#3844,#3845,#3846,#3847,
#3848,#3849,#3850,#3851,#3852,#3853,#3854,#3855,#3856,#3857,#3858,#3859,
#3860,#3861,#3862,#3863,#3864,#3865,#3866,#3867,#3868,#3869,#3870,#3871,
#3872,#3873,#3874,#3875,#3876,#3877,#3878,#3879,#3880,#3881,#3882,#3883,
#3884,#3885,#3886,#3887,#3888,#3889,#3890,#3891,#3892,#3893,#3894,#3895,
#3896,#3897,#3898,#3899,#3900,#3901,#3902,#3903,#3904,#3905,#3906,#3907,
#3908,#3909,#3910,#3911,#3912,#3913,#3914,#3915,#3916,#3917,#3918,#3919,
#3920,#3921,#3922,#3923,#3924,#3925,#3926,#3927,#3928,#3929,#3930,#3931,
#3932,#3933,#3934,#3935,#3936,#3937,#3938,#3939,#3940,#3941,#3942,#3943,
#3944,#3945,#3946,#3947,#3948,#3949,#3950,#3951,#3952,#3953,#3954,#3955,
#3956,#3957,#3958,#3959,#3960,#3961,#3962,#3963,#3964,#3965,#3966,#3967,
#3968,#3969,#3970,#3971,#3972,#3973,#3974,#3975,#3976,#3977,#3978,#3979,
#3980,#3981,#3982,#3983,#3984,#3985,#3986,#3987,#3988,#3989,#3990,#3991,
#3992,#3993,#3994,#3995,#3996,#3997,#3998,#3999,#4000,#4001,#4002,#4003,
#4004,#4005,#4006,#4007,#4008,#4009,#4010,#4011,#4012,#4013,#4014,#4015,
#4016,#4017,#4018,#4019,#4020,#4021,#4022,#4023,#4024,#4025,#4026,#4027,
#4028,#4029,#4030,#4031,#4032,#4033,#4034,#4035,#4036,#4037,#4038,#4039,
#4040,#4041,#4042,#4043,#4044,#4045,#4046,#4047,#4048,#4049,#4050,#4051,
#4052,#4053,#4054,#4055,#4056,#4057,#4058,#4059,#4060,#4061,#4062,#4063,
#4064,#4065,#4066,#4067,#4068,#4069,#4070,#4071,#4072,#4073,#4074,#4075,
#4076,#4077,#4078,#4079,#4080,#4081,#4082,#4083,#4084,#4085,#4086,#4087,
#4088,#4089,#4090,#4091,#4092,#4093,#4094,#4095,#4096,#4097,#4098,#4099,
#4100,#4101,#4102,#4103,#4104,#4105,#4106,#4107,#4108,#4109,#4110,#4111,
#4112,#4113,#4114,#4115,#4116,#4117,#4118,#4119,#4120,#4121,#4122,#4123,
#4124,#4125,#4126,#4127,#4128,#4129,#4130,#4131,#4132,#4133,#4134,#4135,
#4136,#4137,#4138,#4139,#4140,#4141,#4142,#4143,#4144,#4145,#4146,#4147,
#4148,#4149,#4150,#4151,#4152,#4153,#4154,#4155,#4156,#4157,#4158,#4159,
#4160,#4161),.UNSPECIFIED.,.F.,.F.)
B_SPLINE_CURVE_WITH_KNOTS((3,2,2,2,2,2,2,2,2,2,2,2,2,2,2,2,2,2,2,2,2,2,
2,2,2,2,2,2,2,2,2,2,2,2,2,2,2,2,2,2,2,2,2,2,2,2,2,2,2,2,2,2,2,2,2,2,2,2,
2,2,2,2,2,2,2,2,2,2,2,2,2,2,2,2,2,2,2,2,2,2,2,2,2,2,2,2,2,2,2,2,2,2,2,2,
2,2,2,2,2,2,2,2,2,2,2,2,2,2,2,2,2,2,2,2,2,2,2,2,2,2,2,2,2,2,2,2,2,2,2,2,
2,2,2,2,2,2,2,2,2,2,2,2,2,2,2,2,2,2,2,2,2,2,2,2,2,2,2,2,2,2,2,2,2,2,2,2,
2,2,2,2,2,2,2,2,2,2,2,2,2,2,2,2,2,2,2,2,2,2,2,2,2,2,2,2,2,2,2,2,2,2,2,2,
2,2,2,2,2,2,2,2,2,2,2,2,2,2,2,2,2,2,2,2,2,2,2,2,2,2,2,2,2,2,2,2,2,2,2,2,
2,2,2,2,2,2,2,2,2,2,2,2,2,2,2,2,2,2,2,3),(0.0138217427033815,0.0145632085179411,
0.0182040106474264,0.0218448127769117,0.0254856149063969,0.0291264170358822,
0.0327672191653675,0.0364080212948528,0.0400488234243381,0.0436896255538234,
0.0473304276833086,0.0509712298127939,0.0546120319422792,0.0582528340717644,
0.0618936362012497,0.065534438330735,0.0691752404602203,0.0728160425897056,
0.0764568447191908,0.0800976468486761,0.0837384489781614,0.0873792511076467,
0.0910200532371319,0.0946608553666172,0.0983016574961025,0.101942459625588,
0.105583261755073,0.109224063884558,0.112864866014044,0.116505668143529,
0.120146470273014,0.123787272402499,0.127428074531985,0.13106887666147,
0.134709678790955,0.138350480920441,0.141991283049926,0.145632085179411,
0.149272887308896,0.152913689438381,0.156554491567867,0.160195293697352,
0.163836095826838,0.167476897956323,0.171117700085808,0.174758502215293,
0.178399304344778,0.182040106474264,0.185680908603749,0.189321710733235,
0.19296251286272,0.196603314992205,0.200244117121691,0.203884919251175,
0.207525721380661,0.211166523510146,0.214807325639631,0.218448127769116,
0.222088929898602,0.225729732028087,0.229370534157572,0.233011336287058,
0.236652138416543,0.240292940546029,0.243933742675514,0.247574544804999,
0.251215346934484,0.254856149063969,0.258496951193455,0.26213775332294,
0.265778555452426,0.269419357581911,0.273060159711396,0.276700961840881,
0.280341763970367,0.283982566099852,0.287623368229337,0.291264170358822,
0.294904972488307,0.298545774617793,0.302186576747278,0.305827378876763,
0.309468181006249,0.313108983135734,0.316749785265219,0.320390587394704,
0.32403138952419,0.327672191653675,0.33131299378316,0.334953795912646,0.338594598042131,
0.342235400171616,0.345876202301101,0.349517004430587,0.353157806560072,
0.356798608689557,0.360439410819043,0.364080212948528,0.367721015078013,
0.371361817207499,0.375002619336983,0.378643421466469,0.382284223595954,
0.385925025725439,0.389565827854924,0.39320662998441,0.396847432113896,
0.40048823424338,0.404129036372866,0.407769838502351,0.411410640631837,
0.415051442761321,0.418692244890807,0.422333047020293,0.425973849149778,
0.429614651279263,0.433255453408748,0.436896255538234,0.440537057667719,
0.444177859797204,0.447818661926689,0.451459464056174,0.45510026618566,
0.458741068315145,0.46238187044463,0.466022672574116,0.469663474703601,
0.473304276833086,0.476945078962571,0.480585881092057,0.484226683221542,
0.487867485351027,0.491508287480513,0.495149089609998,0.498789891739483,
0.502430693868968,0.506071495998454,0.509712298127939,0.513353100257424,
0.51699390238691,0.520634704516395,0.52427550664588,0.527916308775365,0.531557110904851,
0.535197913034336,0.538838715163821,0.542479517293306,0.546120319422792,
0.549761121552277,0.553401923681762,0.557042725811247,0.560683527940733,
0.564324330070218,0.567965132199703,0.571605934329189,0.575246736458674,
0.578887538588159,0.582528340717644,0.58616914284713,0.589809944976615,
0.5934507471061,0.597091549235586,0.600732351365071,0.604373153494556,0.608013955624041,
0.611654757753527,0.615295559883012,0.618936362012497,0.622577164141983,
0.626217966271468,0.629858768400953,0.633499570530438,0.637140372659924,
0.640781174789409,0.644421976918894,0.648062779048379,0.651703581177865,
0.65534438330735,0.658985185436835,0.662625987566321,0.666266789695806,
0.669907591825291,0.673548393954776,0.677189196084262,0.680829998213747,
0.684470800343232,0.688111602472718,0.691752404602203,0.695393206731688,
0.699034008861173,0.702674810990659,0.706315613120144,0.709956415249629,
0.713597217379114,0.7172380195086,0.720878821638085,0.72451962376757,0.728160425897056,
0.731801228026541,0.735442030156026,0.739082832285511,0.742723634414997,
0.746364436544482,0.750005238673967,0.753646040803452,0.757286842932938,
0.760927645062423,0.764568447191908,0.768209249321394,0.771850051450879,
0.775490853580364,0.779131655709849,0.782772457839335,0.78641325996882,
0.790054062098305,0.793694864227791,0.797335666357276,0.800976468486761,
0.804617270616246,0.808258072745732,0.811898874875217,0.815539677004702,
0.819180479134188,0.822821281263673,0.826462083393158,0.830102885522643,
0.833743687652129,0.837384489781614,0.841025291911099,0.844666094040585,
0.84830689617007,0.851947698299555,0.85558850042904,0.859229302558526,0.862870104688011,
0.866510906817496,0.870151708946981,0.873792511076467,0.877433313205952,
0.881074115335437,0.884714917464923,0.888355719594408,0.891996521723893,
0.895637323853378,0.899278125982864,0.902918928112349,0.906559730241834,
0.910200532371319,0.913841334500805,0.91748213663029,0.921122938759775,
0.92476374088926,0.928404543018746,0.932045345148231,0.935686147277716,
0.939326949407202,0.942967751536687,0.944919533074401),.UNSPECIFIED.)
CURVE()
GEOMETRIC_REPRESENTATION_ITEM()
RATIONAL_B_SPLINE_CURVE((0.975309663024264,0.984497722638073,1.,0.923879532511287,
1.,0.923879532511287,1.,0.923879532511287,1.,0.923879532511287,1.,0.923879532511287,
1.,0.923879532511287,1.,0.923879532511287,1.,0.923879532511287,1.,0.923879532511287,
1.,0.923879532511287,1.,0.923879532511287,1.,0.923879532511287,1.,0.923879532511287,
1.,0.923879532511287,1.,0.923879532511287,1.,0.923879532511287,1.,0.923879532511287,
1.,0.923879532511287,1.,0.923879532511287,1.,0.923879532511287,1.,0.923879532511287,
1.,0.923879532511287,1.,0.923879532511287,1.,0.923879532511287,1.,0.923879532511287,
1.,0.923879532511287,1.,0.923879532511287,1.,0.923879532511287,1.,0.923879532511287,
1.,0.923879532511287,1.,0.923879532511287,1.,0.923879532511287,1.,0.923879532511287,
1.,0.923879532511287,1.,0.923879532511287,1.,0.923879532511287,1.,0.923879532511287,
1.,0.923879532511287,1.,0.923879532511287,1.,0.923879532511287,1.,0.923879532511287,
1.,0.923879532511287,1.,0.923879532511287,1.,0.923879532511287,1.,0.923879532511287,
1.,0.923879532511287,1.,0.923879532511287,1.,0.923879532511287,1.,0.923879532511287,
1.,0.923879532511287,1.,0.923879532511287,1.,0.923879532511287,1.,0.923879532511287,
1.,0.923879532511287,1.,0.923879532511287,1.,0.923879532511287,1.,0.923879532511287,
1.,0.923879532511287,1.,0.923879532511287,1.,0.923879532511287,1.,0.923879532511287,
1.,0.923879532511287,1.,0.923879532511287,1.,0.923879532511287,1.,0.923879532511287,
1.,0.923879532511287,1.,0.923879532511287,1.,0.923879532511287,1.,0.923879532511287,
1.,0.923879532511287,1.,0.923879532511287,1.,0.923879532511287,1.,0.923879532511287,
1.,0.923879532511287,1.,0.923879532511287,1.,0.923879532511287,1.,0.923879532511287,
1.,0.923879532511287,1.,0.923879532511287,1.,0.923879532511287,1.,0.923879532511287,
1.,0.923879532511287,1.,0.923879532511287,1.,0.923879532511287,1.,0.923879532511287,
1.,0.923879532511287,1.,0.923879532511287,1.,0.923879532511287,1.,0.923879532511287,
1.,0.923879532511287,1.,0.923879532511287,1.,0.923879532511287,1.,0.923879532511287,
1.,0.923879532511287,1.,0.923879532511287,1.,0.923879532511287,1.,0.923879532511287,
1.,0.923879532511287,1.,0.923879532511287,1.,0.923879532511287,1.,0.923879532511287,
1.,0.923879532511287,1.,0.923879532511287,1.,0.923879532511287,1.,0.923879532511287,
1.,0.923879532511287,1.,0.923879532511287,1.,0.923879532511287,1.,0.923879532511287,
1.,0.923879532511287,1.,0.923879532511287,1.,0.923879532511287,1.,0.923879532511287,
1.,0.923879532511287,1.,0.923879532511287,1.,0.923879532511287,1.,0.923879532511287,
1.,0.923879532511287,1.,0.923879532511287,1.,0.923879532511287,1.,0.923879532511287,
1.,0.923879532511287,1.,0.923879532511287,1.,0.923879532511287,1.,0.923879532511287,
1.,0.923879532511287,1.,0.923879532511287,1.,0.923879532511287,1.,0.923879532511287,
1.,0.923879532511287,1.,0.923879532511287,1.,0.923879532511287,1.,0.923879532511287,
1.,0.923879532511287,1.,0.923879532511287,1.,0.923879532511287,1.,0.923879532511287,
1.,0.923879532511287,1.,0.923879532511287,1.,0.923879532511287,1.,0.923879532511287,
1.,0.923879532511287,1.,0.923879532511287,1.,0.923879532511287,1.,0.923879532511287,
1.,0.923879532511287,1.,0.923879532511287,1.,0.923879532511287,1.,0.923879532511287,
1.,0.923879532511287,1.,0.923879532511287,1.,0.923879532511287,1.,0.923879532511287,
1.,0.923879532511287,1.,0.923879532511287,1.,0.923879532511287,1.,0.923879532511287,
1.,0.923879532511287,1.,0.923879532511287,1.,0.923879532511287,1.,0.923879532511287,
1.,0.923879532511287,1.,0.923879532511287,1.,0.923879532511287,1.,0.923879532511287,
1.,0.923879532511287,1.,0.923879532511287,1.,0.923879532511287,1.,0.923879532511287,
1.,0.923879532511287,1.,0.923879532511287,1.,0.923879532511287,1.,0.923879532511287,
1.,0.923879532511287,1.,0.923879532511287,1.,0.923879532511287,1.,0.923879532511287,
1.,0.923879532511287,1.,0.923879532511287,1.,0.923879532511287,1.,0.923879532511287,
1.,0.923879532511287,1.,0.923879532511287,1.,0.923879532511287,1.,0.923879532511287,
1.,0.923879532511287,1.,0.923879532511287,1.,0.923879532511287,1.,0.923879532511287,
1.,0.923879532511287,1.,0.923879532511287,1.,0.923879532511287,1.,0.923879532511287,
1.,0.923879532511287,1.,0.923879532511287,1.,0.923879532511287,1.,0.923879532511287,
1.,0.923879532511287,1.,0.923879532511287,1.,0.923879532511287,1.,0.923879532511287,
1.,0.923879532511287,1.,0.923879532511287,1.,0.923879532511287,1.,0.923879532511287,
1.,0.923879532511287,1.,0.923879532511287,1.,0.923879532511287,1.,0.923879532511287,
1.,0.923879532511287,1.,0.923879532511287,1.,0.923879532511287,1.,0.923879532511287,
1.,0.923879532511287,1.,0.923879532511287,1.,0.923879532511287,1.,0.923879532511287,
1.,0.923879532511287,1.,0.923879532511287,1.,0.923879532511287,1.,0.923879532511287,
1.,0.923879532511287,1.,0.923879532511287,1.,0.923879532511287,1.,0.923879532511287,
1.,0.923879532511287,1.,0.923879532511287,1.,0.923879532511287,1.,0.923879532511287,
1.,0.923879532511287,1.,0.923879532511287,1.,0.923879532511287,1.,0.923879532511287,
1.,0.923879532511287,1.,0.923879532511287,1.,0.923879532511287,1.,0.923879532511287,
1.,0.923879532511287,1.,0.923879532511287,1.,0.923879532511287,1.,0.923879532511287,
1.,0.923879532511287,1.,0.923879532511287,1.,0.923879532511287,1.,0.923879532511287,
1.,0.923879532511287,1.,0.923879532511287,1.,0.923879532511287,1.,0.923879532511287,
1.,0.923879532511287,1.,0.923879532511287,1.,0.923879532511287,1.,0.923879532511287,
1.,0.923879532511287,1.,0.923879532511287,1.,0.959192914692218,0.962138009744167))
REPRESENTATION_ITEM('')
);
#233=(
BOUNDED_CURVE()
B_SPLINE_CURVE(2,(#4169,#4170,#4171,#4172,#4173,#4174,#4175,#4176,#4177,
#4178,#4179,#4180,#4181,#4182,#4183,#4184,#4185,#4186,#4187,#4188,#4189,
#4190,#4191,#4192,#4193,#4194,#4195,#4196,#4197,#4198,#4199,#4200,#4201,
#4202,#4203,#4204,#4205,#4206,#4207,#4208,#4209,#4210,#4211,#4212,#4213,
#4214,#4215,#4216,#4217,#4218,#4219,#4220,#4221,#4222,#4223,#4224,#4225,
#4226,#4227,#4228,#4229,#4230,#4231,#4232,#4233,#4234,#4235,#4236,#4237,
#4238,#4239,#4240,#4241,#4242,#4243,#4244,#4245,#4246,#4247,#4248,#4249,
#4250,#4251,#4252,#4253,#4254,#4255,#4256,#4257,#4258,#4259,#4260,#4261,
#4262,#4263,#4264,#4265,#4266,#4267,#4268,#4269,#4270,#4271,#4272,#4273,
#4274,#4275,#4276,#4277,#4278,#4279,#4280,#4281,#4282,#4283,#4284,#4285,
#4286,#4287,#4288,#4289,#4290,#4291,#4292,#4293,#4294,#4295,#4296,#4297,
#4298,#4299,#4300,#4301,#4302,#4303,#4304,#4305,#4306,#4307,#4308,#4309,
#4310,#4311,#4312,#4313,#4314,#4315,#4316,#4317,#4318,#4319,#4320,#4321,
#4322,#4323,#4324,#4325,#4326,#4327,#4328,#4329,#4330,#4331,#4332,#4333,
#4334,#4335,#4336,#4337,#4338,#4339,#4340,#4341,#4342,#4343,#4344,#4345,
#4346,#4347,#4348,#4349,#4350,#4351,#4352,#4353,#4354,#4355,#4356,#4357,
#4358,#4359,#4360,#4361,#4362,#4363,#4364,#4365,#4366,#4367,#4368,#4369,
#4370,#4371,#4372,#4373,#4374,#4375,#4376,#4377,#4378,#4379,#4380,#4381,
#4382,#4383,#4384,#4385,#4386,#4387,#4388,#4389,#4390,#4391,#4392,#4393,
#4394,#4395,#4396,#4397,#4398,#4399,#4400,#4401,#4402,#4403,#4404,#4405,
#4406,#4407,#4408,#4409,#4410,#4411,#4412,#4413,#4414,#4415,#4416,#4417,
#4418,#4419,#4420,#4421,#4422,#4423,#4424,#4425,#4426,#4427,#4428,#4429,
#4430,#4431,#4432,#4433,#4434,#4435,#4436,#4437,#4438,#4439,#4440,#4441,
#4442,#4443,#4444,#4445,#4446,#4447,#4448,#4449,#4450,#4451,#4452,#4453,
#4454,#4455,#4456,#4457,#4458,#4459,#4460,#4461,#4462,#4463,#4464,#4465,
#4466,#4467,#4468,#4469,#4470,#4471,#4472,#4473,#4474,#4475,#4476,#4477,
#4478,#4479,#4480,#4481,#4482,#4483,#4484,#4485,#4486,#4487,#4488,#4489,
#4490,#4491,#4492,#4493,#4494,#4495,#4496,#4497,#4498,#4499,#4500,#4501,
#4502,#4503,#4504,#4505,#4506,#4507,#4508,#4509,#4510,#4511,#4512,#4513,
#4514,#4515,#4516,#4517,#4518,#4519,#4520,#4521,#4522,#4523,#4524,#4525,
#4526,#4527,#4528,#4529,#4530,#4531,#4532,#4533,#4534,#4535,#4536,#4537,
#4538,#4539,#4540,#4541,#4542,#4543,#4544,#4545,#4546,#4547,#4548,#4549,
#4550,#4551,#4552,#4553,#4554,#4555,#4556,#4557,#4558,#4559,#4560,#4561,
#4562,#4563,#4564,#4565,#4566,#4567,#4568,#4569,#4570,#4571,#4572,#4573,
#4574,#4575,#4576,#4577,#4578,#4579,#4580,#4581,#4582,#4583,#4584,#4585,
#4586,#4587,#4588,#4589,#4590,#4591,#4592,#4593,#4594,#4595,#4596,#4597,
#4598,#4599,#4600,#4601,#4602,#4603,#4604,#4605,#4606,#4607,#4608,#4609,
#4610,#4611,#4612,#4613,#4614,#4615,#4616,#4617,#4618,#4619,#4620,#4621,
#4622,#4623,#4624,#4625,#4626,#4627,#4628,#4629,#4630,#4631,#4632,#4633,
#4634,#4635,#4636,#4637,#4638,#4639,#4640,#4641,#4642,#4643,#4644,#4645,
#4646,#4647,#4648,#4649,#4650,#4651,#4652,#4653,#4654,#4655,#4656,#4657,
#4658,#4659,#4660,#4661,#4662,#4663,#4664,#4665,#4666,#4667,#4668,#4669,
#4670,#4671,#4672,#4673,#4674,#4675,#4676,#4677,#4678,#4679,#4680,#4681,
#4682,#4683),.UNSPECIFIED.,.F.,.F.)
B_SPLINE_CURVE_WITH_KNOTS((3,2,2,2,2,2,2,2,2,2,2,2,2,2,2,2,2,2,2,2,2,2,
2,2,2,2,2,2,2,2,2,2,2,2,2,2,2,2,2,2,2,2,2,2,2,2,2,2,2,2,2,2,2,2,2,2,2,2,
2,2,2,2,2,2,2,2,2,2,2,2,2,2,2,2,2,2,2,2,2,2,2,2,2,2,2,2,2,2,2,2,2,2,2,2,
2,2,2,2,2,2,2,2,2,2,2,2,2,2,2,2,2,2,2,2,2,2,2,2,2,2,2,2,2,2,2,2,2,2,2,2,
2,2,2,2,2,2,2,2,2,2,2,2,2,2,2,2,2,2,2,2,2,2,2,2,2,2,2,2,2,2,2,2,2,2,2,2,
2,2,2,2,2,2,2,2,2,2,2,2,2,2,2,2,2,2,2,2,2,2,2,2,2,2,2,2,2,2,2,2,2,2,2,2,
2,2,2,2,2,2,2,2,2,2,2,2,2,2,2,2,2,2,2,2,2,2,2,2,2,2,2,2,2,2,2,2,2,2,2,2,
2,2,2,2,2,2,2,2,2,2,2,2,2,2,2,2,2,2,2,3),(0.0174625444211287,0.0182040102193893,
0.0218448122632671,0.025485614307145,0.0291264163510228,0.0327672183949007,
0.0364080204387785,0.0400488224826565,0.0436896245265343,0.0473304265704121,
0.05097122861429,0.0546120306581679,0.0582528327020457,0.0618936347459236,
0.0655344367898014,0.0691752388336793,0.0728160408775571,0.076456842921435,
0.0800976449653129,0.0837384470091907,0.0873792490530686,0.0910200510969464,
0.0946608531408243,0.0983016551847021,0.10194245722858,0.105583259272458,
0.109224061316336,0.112864863360214,0.116505665404091,0.120146467447969,
0.123787269491847,0.127428071535725,0.131068873579603,0.134709675623481,
0.138350477667359,0.141991279711236,0.145632081755114,0.149272883798992,
0.15291368584287,0.156554487886748,0.160195289930626,0.163836091974503,
0.167476894018381,0.17111769606226,0.174758498106137,0.178399300150015,
0.182040102193893,0.185680904237771,0.189321706281648,0.192962508325526,
0.196603310369405,0.200244112413282,0.20388491445716,0.207525716501038,
0.211166518544915,0.214807320588793,0.218448122632671,0.22208892467655,
0.225729726720427,0.229370528764305,0.233011330808183,0.23665213285206,
0.240292934895939,0.243933736939817,0.247574538983694,0.251215341027572,
0.25485614307145,0.258496945115328,0.262137747159205,0.265778549203083,
0.269419351246961,0.27306015329084,0.276700955334717,0.280341757378595,
0.283982559422473,0.287623361466351,0.291264163510229,0.294904965554107,
0.298545767597985,0.302186569641862,0.30582737168574,0.309468173729618,
0.313108975773496,0.316749777817374,0.320390579861252,0.32403138190513,
0.327672183949007,0.331312985992885,0.334953788036763,0.33859459008064,
0.342235392124519,0.345876194168397,0.349516996212274,0.353157798256152,
0.35679860030003,0.360439402343908,0.364080204387786,0.367721006431663,
0.371361808475542,0.37500261051942,0.378643412563297,0.382284214607175,
0.385925016651053,0.389565818694931,0.393206620738809,0.396847422782687,
0.400488224826564,0.404129026870442,0.40776982891432,0.411410630958198,
0.415051433002076,0.418692235045954,0.422333037089831,0.42597383913371,
0.429614641177587,0.433255443221465,0.436896245265343,0.44053704730922,
0.444177849353099,0.447818651396977,0.451459453440854,0.455100255484732,
0.45874105752861,0.462381859572488,0.466022661616366,0.469663463660244,
0.473304265704121,0.476945067747999,0.480585869791877,0.484226671835755,
0.487867473879633,0.491508275923511,0.495149077967389,0.498789880011266,
0.502430682055144,0.506071484099022,0.5097122861429,0.513353088186778,0.516993890230656,
0.520634692274534,0.524275494318411,0.527916296362289,0.531557098406167,
0.535197900450045,0.538838702493923,0.542479504537801,0.546120306581679,
0.549761108625556,0.553401910669434,0.557042712713312,0.56068351475719,
0.564324316801068,0.567965118844946,0.571605920888824,0.575246722932701,
0.578887524976579,0.582528327020457,0.586169129064335,0.589809931108213,
0.593450733152091,0.597091535195969,0.600732337239846,0.604373139283724,
0.608013941327602,0.61165474337148,0.615295545415358,0.618936347459236,
0.622577149503114,0.626217951546991,0.629858753590869,0.633499555634747,
0.637140357678625,0.640781159722503,0.644421961766381,0.648062763810259,
0.651703565854136,0.655344367898014,0.658985169941892,0.66262597198577,
0.666266774029648,0.669907576073526,0.673548378117404,0.677189180161282,
0.680829982205159,0.684470784249037,0.688111586292915,0.691752388336793,
0.695393190380671,0.699033992424549,0.702674794468426,0.706315596512304,
0.709956398556182,0.71359720060006,0.717238002643938,0.720878804687816,
0.724519606731694,0.728160408775571,0.731801210819449,0.735442012863327,
0.739082814907205,0.742723616951083,0.746364418994961,0.750005221038839,
0.753646023082716,0.757286825126594,0.760927627170472,0.76456842921435,
0.768209231258228,0.771850033302106,0.775490835345984,0.779131637389861,
0.782772439433739,0.786413241477617,0.790054043521495,0.793694845565373,
0.797335647609251,0.800976449653129,0.804617251697006,0.808258053740884,
0.811898855784762,0.81553965782864,0.819180459872518,0.822821261916396,
0.826462063960274,0.830102866004151,0.833743668048029,0.837384470091907,
0.841025272135785,0.844666074179663,0.848306876223541,0.851947678267419,
0.855588480311297,0.859229282355174,0.862870084399052,0.86651088644293,
0.870151688486808,0.873792490530686,0.877433292574564,0.881074094618442,
0.884714896662319,0.888355698706197,0.891996500750075,0.895637302793953,
0.899278104837831,0.902918906881709,0.906559708925586,0.910200510969464,
0.913841313013342,0.91748211505722,0.921122917101098,0.924763719144976,
0.928404521188854,0.932045323232731,0.935686125276609,0.939326927320487,
0.942967729364365,0.946608531408243,0.948560312900064),.UNSPECIFIED.)
CURVE()
GEOMETRIC_REPRESENTATION_ITEM()
RATIONAL_B_SPLINE_CURVE((0.975309662996126,0.984497722614336,1.,0.923879532511287,
1.,0.923879532511287,1.,0.923879532511287,1.,0.923879532511287,1.,0.923879532511287,
1.,0.923879532511287,1.,0.923879532511287,1.,0.923879532511287,1.,0.923879532511287,
1.,0.923879532511287,1.,0.923879532511287,1.,0.923879532511287,1.,0.923879532511287,
1.,0.923879532511287,1.,0.923879532511287,1.,0.923879532511287,1.,0.923879532511287,
1.,0.923879532511287,1.,0.923879532511287,1.,0.923879532511287,1.,0.923879532511287,
1.,0.923879532511287,1.,0.923879532511287,1.,0.923879532511287,1.,0.923879532511287,
1.,0.923879532511287,1.,0.923879532511287,1.,0.923879532511287,1.,0.923879532511287,
1.,0.923879532511287,1.,0.923879532511287,1.,0.923879532511287,1.,0.923879532511287,
1.,0.923879532511287,1.,0.923879532511287,1.,0.923879532511287,1.,0.923879532511287,
1.,0.923879532511287,1.,0.923879532511287,1.,0.923879532511287,1.,0.923879532511287,
1.,0.923879532511287,1.,0.923879532511287,1.,0.923879532511287,1.,0.923879532511287,
1.,0.923879532511287,1.,0.923879532511287,1.,0.923879532511287,1.,0.923879532511287,
1.,0.923879532511287,1.,0.923879532511287,1.,0.923879532511287,1.,0.923879532511287,
1.,0.923879532511287,1.,0.923879532511287,1.,0.923879532511287,1.,0.923879532511287,
1.,0.923879532511287,1.,0.923879532511287,1.,0.923879532511287,1.,0.923879532511287,
1.,0.923879532511287,1.,0.923879532511287,1.,0.923879532511287,1.,0.923879532511287,
1.,0.923879532511287,1.,0.923879532511287,1.,0.923879532511287,1.,0.923879532511287,
1.,0.923879532511287,1.,0.923879532511287,1.,0.923879532511287,1.,0.923879532511287,
1.,0.923879532511287,1.,0.923879532511287,1.,0.923879532511287,1.,0.923879532511287,
1.,0.923879532511287,1.,0.923879532511287,1.,0.923879532511287,1.,0.923879532511287,
1.,0.923879532511287,1.,0.923879532511287,1.,0.923879532511287,1.,0.923879532511287,
1.,0.923879532511287,1.,0.923879532511287,1.,0.923879532511287,1.,0.923879532511287,
1.,0.923879532511287,1.,0.923879532511287,1.,0.923879532511287,1.,0.923879532511287,
1.,0.923879532511287,1.,0.923879532511287,1.,0.923879532511287,1.,0.923879532511287,
1.,0.923879532511287,1.,0.923879532511287,1.,0.923879532511287,1.,0.923879532511287,
1.,0.923879532511287,1.,0.923879532511287,1.,0.923879532511287,1.,0.923879532511287,
1.,0.923879532511287,1.,0.923879532511287,1.,0.923879532511287,1.,0.923879532511287,
1.,0.923879532511287,1.,0.923879532511287,1.,0.923879532511287,1.,0.923879532511287,
1.,0.923879532511287,1.,0.923879532511287,1.,0.923879532511287,1.,0.923879532511287,
1.,0.923879532511287,1.,0.923879532511287,1.,0.923879532511287,1.,0.923879532511287,
1.,0.923879532511287,1.,0.923879532511287,1.,0.923879532511287,1.,0.923879532511287,
1.,0.923879532511287,1.,0.923879532511287,1.,0.923879532511287,1.,0.923879532511287,
1.,0.923879532511287,1.,0.923879532511287,1.,0.923879532511287,1.,0.923879532511287,
1.,0.923879532511287,1.,0.923879532511287,1.,0.923879532511287,1.,0.923879532511287,
1.,0.923879532511287,1.,0.923879532511287,1.,0.923879532511287,1.,0.923879532511287,
1.,0.923879532511287,1.,0.923879532511287,1.,0.923879532511287,1.,0.923879532511287,
1.,0.923879532511287,1.,0.923879532511287,1.,0.923879532511287,1.,0.923879532511287,
1.,0.923879532511287,1.,0.923879532511287,1.,0.923879532511287,1.,0.923879532511287,
1.,0.923879532511287,1.,0.923879532511287,1.,0.923879532511287,1.,0.923879532511287,
1.,0.923879532511287,1.,0.923879532511287,1.,0.923879532511287,1.,0.923879532511287,
1.,0.923879532511287,1.,0.923879532511287,1.,0.923879532511287,1.,0.923879532511287,
1.,0.923879532511287,1.,0.923879532511287,1.,0.923879532511287,1.,0.923879532511287,
1.,0.923879532511287,1.,0.923879532511287,1.,0.923879532511287,1.,0.923879532511287,
1.,0.923879532511287,1.,0.923879532511287,1.,0.923879532511287,1.,0.923879532511287,
1.,0.923879532511287,1.,0.923879532511287,1.,0.923879532511287,1.,0.923879532511287,
1.,0.923879532511287,1.,0.923879532511287,1.,0.923879532511287,1.,0.923879532511287,
1.,0.923879532511287,1.,0.923879532511287,1.,0.923879532511287,1.,0.923879532511287,
1.,0.923879532511287,1.,0.923879532511287,1.,0.923879532511287,1.,0.923879532511287,
1.,0.923879532511287,1.,0.923879532511287,1.,0.923879532511287,1.,0.923879532511287,
1.,0.923879532511287,1.,0.923879532511287,1.,0.923879532511287,1.,0.923879532511287,
1.,0.923879532511287,1.,0.923879532511287,1.,0.923879532511287,1.,0.923879532511287,
1.,0.923879532511287,1.,0.923879532511287,1.,0.923879532511287,1.,0.923879532511287,
1.,0.923879532511287,1.,0.923879532511287,1.,0.923879532511287,1.,0.923879532511287,
1.,0.923879532511287,1.,0.923879532511287,1.,0.923879532511287,1.,0.923879532511287,
1.,0.923879532511287,1.,0.923879532511287,1.,0.923879532511287,1.,0.923879532511287,
1.,0.923879532511287,1.,0.923879532511287,1.,0.923879532511287,1.,0.923879532511287,
1.,0.923879532511287,1.,0.923879532511287,1.,0.923879532511287,1.,0.923879532511287,
1.,0.923879532511287,1.,0.923879532511287,1.,0.923879532511287,1.,0.923879532511287,
1.,0.923879532511287,1.,0.923879532511287,1.,0.923879532511287,1.,0.923879532511287,
1.,0.923879532511287,1.,0.923879532511287,1.,0.923879532511287,1.,0.923879532511287,
1.,0.923879532511287,1.,0.923879532511287,1.,0.923879532511287,1.,0.923879532511287,
1.,0.923879532511287,1.,0.923879532511287,1.,0.923879532511287,1.,0.923879532511287,
1.,0.923879532511287,1.,0.923879532511287,1.,0.923879532511287,1.,0.923879532511287,
1.,0.923879532511287,1.,0.923879532511287,1.,0.959192914692225,0.962138009744166))
REPRESENTATION_ITEM('')
);
#234=(
BOUNDED_CURVE()
B_SPLINE_CURVE(2,(#5803,#5804,#5805,#5806,#5807,#5808,#5809),
 .UNSPECIFIED.,.F.,.F.)
B_SPLINE_CURVE_WITH_KNOTS((3,2,2,3),(2.55098740219394E-17,0.00391297226855065,
0.00782594453710128,0.0117389168056519),.UNSPECIFIED.)
CURVE()
GEOMETRIC_REPRESENTATION_ITEM()
RATIONAL_B_SPLINE_CURVE((0.999999999999953,0.923879532511334,1.,0.923879532511287,
1.,0.923879532511377,0.99999999999991))
REPRESENTATION_ITEM('')
);
#235=(
BOUNDED_CURVE()
B_SPLINE_CURVE(2,(#5811,#5812,#5813,#5814,#5815,#5816,#5817,#5818,#5819),
 .UNSPECIFIED.,.F.,.F.)
B_SPLINE_CURVE_WITH_KNOTS((3,2,2,2,3),(0.0117389168056519,0.015651328236426,
0.0195637396672,0.0234761510979741,0.0273885625287482),.UNSPECIFIED.)
CURVE()
GEOMETRIC_REPRESENTATION_ITEM()
RATIONAL_B_SPLINE_CURVE((1.00000000000009,0.923879532511197,1.,0.923879532511287,
1.,0.923879532511287,1.,0.923879532511755,0.999999999999531))
REPRESENTATION_ITEM('')
);
#236=(
BOUNDED_CURVE()
B_SPLINE_CURVE(2,(#5821,#5822,#5823,#5824,#5825,#5826,#5827,#5828,#5829),
 .UNSPECIFIED.,.F.,.F.)
B_SPLINE_CURVE_WITH_KNOTS((3,2,2,2,3),(0.0273885625287482,0.0313019319612272,
0.0352153013937063,0.0391286708261854,0.0430420402586644),.UNSPECIFIED.)
CURVE()
GEOMETRIC_REPRESENTATION_ITEM()
RATIONAL_B_SPLINE_CURVE((1.00000000000047,0.923879532510818,1.,0.923879532511287,
1.,0.923879532511287,1.,0.923879532511287,1.))
REPRESENTATION_ITEM('')
);
#237=(
BOUNDED_CURVE()
B_SPLINE_CURVE(2,(#5831,#5832,#5833,#5834,#5835,#5836,#5837,#5838,#5839),
 .UNSPECIFIED.,.F.,.F.)
B_SPLINE_CURVE_WITH_KNOTS((3,2,2,2,3),(0.0430420402586644,0.0469550635785925,
0.0508680868985206,0.0547811102184488,0.0586941335383769),.UNSPECIFIED.)
CURVE()
GEOMETRIC_REPRESENTATION_ITEM()
RATIONAL_B_SPLINE_CURVE((1.,0.923879532511287,1.,0.923879532511287,1.,0.923879532511287,
1.,0.923879532511287,1.))
REPRESENTATION_ITEM('')
);
#238=(
BOUNDED_CURVE()
B_SPLINE_CURVE(2,(#5841,#5842,#5843,#5844,#5845,#5846,#5847,#5848,#5849),
 .UNSPECIFIED.,.F.,.F.)
B_SPLINE_CURVE_WITH_KNOTS((3,2,2,2,3),(0.0586941335383769,0.0626062954713608,
0.0665184574043448,0.0704306193373287,0.0743427812703126),.UNSPECIFIED.)
CURVE()
GEOMETRIC_REPRESENTATION_ITEM()
RATIONAL_B_SPLINE_CURVE((1.,0.923879532511287,1.,0.923879532511287,1.,0.923879532511287,
1.,0.923879532511578,0.999999999999709))
REPRESENTATION_ITEM('')
);
#239=(
BOUNDED_CURVE()
B_SPLINE_CURVE(2,(#5851,#5852,#5853,#5854,#5855,#5856,#5857,#5858,#5859),
 .UNSPECIFIED.,.F.,.F.)
B_SPLINE_CURVE_WITH_KNOTS((3,2,2,2,3),(0.0743427812703126,0.0782559891709828,
0.0821691970716529,0.086082404972323,0.089995612872993),.UNSPECIFIED.)
CURVE()
GEOMETRIC_REPRESENTATION_ITEM()
RATIONAL_B_SPLINE_CURVE((1.00000000000029,0.923879532510996,1.,0.923879532511287,
1.,0.923879532511287,1.,0.923879532511142,1.00000000000014))
REPRESENTATION_ITEM('')
);
#240=(
BOUNDED_CURVE()
B_SPLINE_CURVE(2,(#5861,#5862,#5863,#5864,#5865,#5866,#5867,#5868,#5869),
 .UNSPECIFIED.,.F.,.F.)
B_SPLINE_CURVE_WITH_KNOTS((3,2,2,2,3),(0.089995612872993,0.0939088891066562,
0.0978221653403193,0.101735441573982,0.105648717807646),.UNSPECIFIED.)
CURVE()
GEOMETRIC_REPRESENTATION_ITEM()
RATIONAL_B_SPLINE_CURVE((0.999999999999856,0.923879532511431,1.,0.923879532511287,
1.,0.923879532511287,1.,0.923879532511287,1.))
REPRESENTATION_ITEM('')
);
#241=(
BOUNDED_CURVE()
B_SPLINE_CURVE(2,(#5871,#5872,#5873,#5874,#5875,#5876,#5877,#5878,#5879),
 .UNSPECIFIED.,.F.,.F.)
B_SPLINE_CURVE_WITH_KNOTS((3,2,2,2,3),(0.105648717807646,0.109560929046806,
0.113473140285967,0.117385351525128,0.121297562764289),.UNSPECIFIED.)
CURVE()
GEOMETRIC_REPRESENTATION_ITEM()
RATIONAL_B_SPLINE_CURVE((1.,0.923879532511287,1.,0.923879532511287,1.,0.923879532511287,
1.,0.923879532511642,0.999999999999645))
REPRESENTATION_ITEM('')
);
#242=(
BOUNDED_CURVE()
B_SPLINE_CURVE(2,(#5881,#5882,#5883,#5884,#5885,#5886,#5887,#5888,#5889),
 .UNSPECIFIED.,.F.,.F.)
B_SPLINE_CURVE_WITH_KNOTS((3,2,2,2,3),(0.121297562764289,0.12521047274725,
0.12912338273021,0.133036292713171,0.136949202696132),.UNSPECIFIED.)
CURVE()
GEOMETRIC_REPRESENTATION_ITEM()
RATIONAL_B_SPLINE_CURVE((1.00000000000035,0.923879532510932,1.,0.923879532511287,
1.,0.923879532511287,1.,0.923879532511887,0.9999999999994))
REPRESENTATION_ITEM('')
);
#243=(
BOUNDED_CURVE()
B_SPLINE_CURVE(2,(#5891,#5892,#5893,#5894,#5895,#5896,#5897,#5898,#5899),
 .UNSPECIFIED.,.F.,.F.)
B_SPLINE_CURVE_WITH_KNOTS((3,2,2,2,3),(0.136949202696132,0.140862596108962,
0.144775989521792,0.148689382934623,0.152602776347452),.UNSPECIFIED.)
CURVE()
GEOMETRIC_REPRESENTATION_ITEM()
RATIONAL_B_SPLINE_CURVE((1.0000000000006,0.923879532510687,1.,0.923879532511287,
1.,0.923879532511287,1.,0.92387953251128,1.))
REPRESENTATION_ITEM('')
);
#244=(
BOUNDED_CURVE()
B_SPLINE_CURVE(2,(#5901,#5902,#5903,#5904,#5905,#5906,#5907,#5908,#5909),
 .UNSPECIFIED.,.F.,.F.)
B_SPLINE_CURVE_WITH_KNOTS((3,2,2,2,3),(0.152602776347452,0.156515335941151,
0.160427895534849,0.164340455128548,0.168253014722246),.UNSPECIFIED.)
CURVE()
GEOMETRIC_REPRESENTATION_ITEM()
RATIONAL_B_SPLINE_CURVE((1.,0.923879532511294,1.,0.923879532511287,1.,0.923879532511287,
1.,0.923879532511392,0.999999999999895))
REPRESENTATION_ITEM('')
);
#245=(
BOUNDED_CURVE()
B_SPLINE_CURVE(2,(#5911,#5912,#5913,#5914,#5915,#5916,#5917,#5918,#5919),
 .UNSPECIFIED.,.F.,.F.)
B_SPLINE_CURVE_WITH_KNOTS((3,2,2,2,3),(0.168253014722246,0.1721654984665,
0.176077982210754,0.179990465955007,0.18390294969926),.UNSPECIFIED.)
CURVE()
GEOMETRIC_REPRESENTATION_ITEM()
RATIONAL_B_SPLINE_CURVE((1.00000000000011,0.923879532511181,1.,0.923879532511287,
1.,0.923879532511287,1.,0.92387953251167,0.999999999999617))
REPRESENTATION_ITEM('')
);
#246=(
BOUNDED_CURVE()
B_SPLINE_CURVE(2,(#5921,#5922,#5923,#5924,#5925,#5926,#5927,#5928,#5929),
 .UNSPECIFIED.,.F.,.F.)
B_SPLINE_CURVE_WITH_KNOTS((3,2,2,2,3),(0.18390294969926,0.18781633321892,
0.191729716738579,0.195643100258238,0.199556483777897),.UNSPECIFIED.)
CURVE()
GEOMETRIC_REPRESENTATION_ITEM()
RATIONAL_B_SPLINE_CURVE((1.00000000000038,0.923879532510903,1.,0.923879532511287,
1.,0.923879532511287,1.,0.923879532511607,0.999999999999679))
REPRESENTATION_ITEM('')
);
#247=(
BOUNDED_CURVE()
B_SPLINE_CURVE(2,(#5931,#5932,#5933,#5934,#5935,#5936,#5937,#5938,#5939),
 .UNSPECIFIED.,.F.,.F.)
B_SPLINE_CURVE_WITH_KNOTS((3,2,2,2,3),(0.199556483777897,0.203469450757462,
0.207382417737026,0.211295384716591,0.215208351696155),.UNSPECIFIED.)
CURVE()
GEOMETRIC_REPRESENTATION_ITEM()
RATIONAL_B_SPLINE_CURVE((1.00000000000032,0.923879532510966,1.,0.923879532511287,
1.,0.923879532511287,1.,0.923879532511287,1.))
REPRESENTATION_ITEM('')
);
#248=(
BOUNDED_CURVE()
B_SPLINE_CURVE(2,(#5941,#5942,#5943,#5944,#5945,#5946,#5947,#5948,#5949),
 .UNSPECIFIED.,.F.,.F.)
B_SPLINE_CURVE_WITH_KNOTS((3,2,2,2,3),(0.215208351696155,0.219120534799488,
0.22303271790282,0.226944901006152,0.230857084109484),.UNSPECIFIED.)
CURVE()
GEOMETRIC_REPRESENTATION_ITEM()
RATIONAL_B_SPLINE_CURVE((1.,0.923879532511287,1.,0.923879532511287,1.,0.923879532511287,
1.,0.92387953251129,1.))
REPRESENTATION_ITEM('')
);
#249=(
BOUNDED_CURVE()
B_SPLINE_CURVE(2,(#5951,#5952,#5953,#5954,#5955,#5956,#5957,#5958,#5959),
 .UNSPECIFIED.,.F.,.F.)
B_SPLINE_CURVE_WITH_KNOTS((3,2,2,2,3),(0.230857084109484,0.234770328989227,
0.23868357386897,0.242596818748712,0.246510063628455),.UNSPECIFIED.)
CURVE()
GEOMETRIC_REPRESENTATION_ITEM()
RATIONAL_B_SPLINE_CURVE((1.,0.923879532511283,1.,0.923879532511287,1.,0.923879532511287,
1.,0.923879532511287,1.))
REPRESENTATION_ITEM('')
);
#250=(
BOUNDED_CURVE()
B_SPLINE_CURVE(2,(#5961,#5962,#5963,#5964,#5965,#5966,#5967,#5968,#5969),
 .UNSPECIFIED.,.F.,.F.)
B_SPLINE_CURVE_WITH_KNOTS((3,2,2,2,3),(0.246510063628455,0.250423306614315,
0.254336549600175,0.258249792586035,0.262163035571895),.UNSPECIFIED.)
CURVE()
GEOMETRIC_REPRESENTATION_ITEM()
RATIONAL_B_SPLINE_CURVE((1.,0.923879532511287,1.,0.923879532511287,1.,0.923879532511287,
1.,0.92387953251116,1.00000000000013))
REPRESENTATION_ITEM('')
);
#251=(
BOUNDED_CURVE()
B_SPLINE_CURVE(2,(#5971,#5972,#5973,#5974,#5975,#5976,#5977,#5978,#5979),
 .UNSPECIFIED.,.F.,.F.)
B_SPLINE_CURVE_WITH_KNOTS((3,2,2,2,3),(0.262163035571895,0.266075217453057,
0.269987399334219,0.27389958121538,0.277811763096542),.UNSPECIFIED.)
CURVE()
GEOMETRIC_REPRESENTATION_ITEM()
RATIONAL_B_SPLINE_CURVE((0.999999999999873,0.923879532511413,1.,0.923879532511287,
1.,0.923879532511287,1.,0.923879532511856,0.999999999999431))
REPRESENTATION_ITEM('')
);
#252=(
BOUNDED_CURVE()
B_SPLINE_CURVE(2,(#5981,#5982,#5983,#5984,#5985,#5986,#5987,#5988,#5989),
 .UNSPECIFIED.,.F.,.F.)
B_SPLINE_CURVE_WITH_KNOTS((3,2,2,2,3),(0.277811763096542,0.281724733060904,
0.285637703025266,0.289550672989628,0.29346364295399),.UNSPECIFIED.)
CURVE()
GEOMETRIC_REPRESENTATION_ITEM()
RATIONAL_B_SPLINE_CURVE((1.00000000000057,0.923879532510718,1.,0.923879532511287,
1.,0.923879532511287,1.,0.923879532511289,1.))
REPRESENTATION_ITEM('')
);
#253=(
BOUNDED_CURVE()
B_SPLINE_CURVE(2,(#5991,#5992,#5993,#5994,#5995,#5996,#5997,#5998,#5999),
 .UNSPECIFIED.,.F.,.F.)
B_SPLINE_CURVE_WITH_KNOTS((3,2,2,2,3),(0.29346364295399,0.297377025788994,
0.301290408623999,0.305203791459004,0.309117174294008),.UNSPECIFIED.)
CURVE()
GEOMETRIC_REPRESENTATION_ITEM()
RATIONAL_B_SPLINE_CURVE((1.,0.923879532511284,1.,0.923879532511287,1.,0.923879532511287,
1.,0.923879532511617,0.99999999999967))
REPRESENTATION_ITEM('')
);
#254=(
BOUNDED_CURVE()
B_SPLINE_CURVE(2,(#6001,#6002,#6003,#6004,#6005,#6006,#6007,#6008,#6009),
 .UNSPECIFIED.,.F.,.F.)
B_SPLINE_CURVE_WITH_KNOTS((3,2,2,2,3),(0.309117174294008,0.313029654472977,
0.316942134651946,0.320854614830916,0.324767095009885),.UNSPECIFIED.)
CURVE()
GEOMETRIC_REPRESENTATION_ITEM()
RATIONAL_B_SPLINE_CURVE((1.00000000000033,0.923879532510957,1.,0.923879532511287,
1.,0.923879532511287,1.,0.923879532511287,1.))
REPRESENTATION_ITEM('')
);
#255=(
BOUNDED_CURVE()
B_SPLINE_CURVE(2,(#6011,#6012,#6013,#6014,#6015,#6016,#6017,#6018,#6019),
 .UNSPECIFIED.,.F.,.F.)
B_SPLINE_CURVE_WITH_KNOTS((3,2,2,2,3),(0.324767095009885,0.328679658302623,
0.332592221595362,0.3365047848881,0.340417348180839),.UNSPECIFIED.)
CURVE()
GEOMETRIC_REPRESENTATION_ITEM()
RATIONAL_B_SPLINE_CURVE((1.,0.923879532511287,1.,0.923879532511287,1.,0.923879532511287,
1.,0.923879532511747,0.99999999999954))
REPRESENTATION_ITEM('')
);
#256=(
BOUNDED_CURVE()
B_SPLINE_CURVE(2,(#6021,#6022,#6023,#6024,#6025,#6026,#6027,#6028,#6029),
 .UNSPECIFIED.,.F.,.F.)
B_SPLINE_CURVE_WITH_KNOTS((3,2,2,2,3),(0.340417348180839,0.344330742057778,
0.348244135934717,0.352157529811657,0.356070923688595),.UNSPECIFIED.)
CURVE()
GEOMETRIC_REPRESENTATION_ITEM()
RATIONAL_B_SPLINE_CURVE((1.00000000000046,0.923879532510826,1.,0.923879532511287,
1.,0.923879532511287,1.,0.923879532511297,0.999999999999989))
REPRESENTATION_ITEM('')
);
#257=(
BOUNDED_CURVE()
B_SPLINE_CURVE(2,(#6031,#6032,#6033,#6034,#6035,#6036,#6037,#6038,#6039),
 .UNSPECIFIED.,.F.,.F.)
B_SPLINE_CURVE_WITH_KNOTS((3,2,2,2,3),(0.356070923688595,0.359983830512665,
0.363896737336733,0.367809644160802,0.371722550984871),.UNSPECIFIED.)
CURVE()
GEOMETRIC_REPRESENTATION_ITEM()
RATIONAL_B_SPLINE_CURVE((1.,0.923879532511276,1.,0.923879532511287,1.,0.923879532511287,
1.,0.923879532511287,1.))
REPRESENTATION_ITEM('')
);
#258=(
BOUNDED_CURVE()
B_SPLINE_CURVE(2,(#6041,#6042,#6043,#6044,#6045,#6046,#6047,#6048,#6049),
 .UNSPECIFIED.,.F.,.F.)
B_SPLINE_CURVE_WITH_KNOTS((3,2,2,2,3),(0.371722550984871,0.375634763836837,
0.379546976688803,0.38345918954077,0.387371402392736),.UNSPECIFIED.)
CURVE()
GEOMETRIC_REPRESENTATION_ITEM()
RATIONAL_B_SPLINE_CURVE((1.,0.923879532511287,1.,0.923879532511287,1.,0.923879532511287,
1.,0.923879532511592,0.999999999999695))
REPRESENTATION_ITEM('')
);
#259=(
BOUNDED_CURVE()
B_SPLINE_CURVE(2,(#6051,#6052,#6053,#6054,#6055,#6056,#6057,#6058,#6059),
 .UNSPECIFIED.,.F.,.F.)
B_SPLINE_CURVE_WITH_KNOTS((3,2,2,2,3),(0.387371402392736,0.391284680297992,
0.395197958203247,0.399111236108502,0.403024514013757),.UNSPECIFIED.)
CURVE()
GEOMETRIC_REPRESENTATION_ITEM()
RATIONAL_B_SPLINE_CURVE((1.0000000000003,0.923879532510982,1.,0.923879532511287,
1.,0.923879532511287,1.,0.923879532510894,1.00000000000039))
REPRESENTATION_ITEM('')
);
#260=(
BOUNDED_CURVE()
B_SPLINE_CURVE(2,(#6061,#6062,#6063,#6064,#6065,#6066,#6067,#6068,#6069),
 .UNSPECIFIED.,.F.,.F.)
B_SPLINE_CURVE_WITH_KNOTS((3,2,2,2,3),(0.403024514013757,0.40693771980246,
0.410850925591162,0.414764131379865,0.418677337168567),.UNSPECIFIED.)
CURVE()
GEOMETRIC_REPRESENTATION_ITEM()
RATIONAL_B_SPLINE_CURVE((0.999999999999607,0.92387953251168,1.,0.923879532511287,
1.,0.923879532511287,1.,0.923879532511207,1.00000000000008))
REPRESENTATION_ITEM('')
);
#261=(
BOUNDED_CURVE()
B_SPLINE_CURVE(2,(#6071,#6072,#6073,#6074,#6075,#6076,#6077,#6078,#6079),
 .UNSPECIFIED.,.F.,.F.)
B_SPLINE_CURVE_WITH_KNOTS((3,2,2,2,3),(0.418677337168567,0.42258949827351,
0.426501659378454,0.430413820483398,0.434325981588342),.UNSPECIFIED.)
CURVE()
GEOMETRIC_REPRESENTATION_ITEM()
RATIONAL_B_SPLINE_CURVE((0.999999999999921,0.923879532511366,1.,0.923879532511287,
1.,0.923879532511287,1.,0.923879532511258,1.00000000000003))
REPRESENTATION_ITEM('')
);
#262=(
BOUNDED_CURVE()
B_SPLINE_CURVE(2,(#6081,#6082,#6083,#6084,#6085,#6086,#6087,#6088,#6089),
 .UNSPECIFIED.,.F.,.F.)
B_SPLINE_CURVE_WITH_KNOTS((3,2,2,2,3),(0.434325981588342,0.438239007706891,
0.442152033825439,0.446065059943988,0.449978086062537),.UNSPECIFIED.)
CURVE()
GEOMETRIC_REPRESENTATION_ITEM()
RATIONAL_B_SPLINE_CURVE((0.999999999999972,0.923879532511315,1.,0.923879532511287,
1.,0.923879532511287,1.,0.923879532511286,1.))
REPRESENTATION_ITEM('')
);
#263=(
BOUNDED_CURVE()
B_SPLINE_CURVE(2,(#6091,#6092,#6093,#6094,#6095,#6096,#6097,#6098,#6099),
 .UNSPECIFIED.,.F.,.F.)
B_SPLINE_CURVE_WITH_KNOTS((3,2,2,2,3),(0.449978086062537,0.453891454587553,
0.45780482311257,0.461718191637587,0.465631560162603),.UNSPECIFIED.)
CURVE()
GEOMETRIC_REPRESENTATION_ITEM()
RATIONAL_B_SPLINE_CURVE((1.,0.923879532511288,1.,0.923879532511287,1.,0.923879532511287,
1.,0.923879532511284,1.))
REPRESENTATION_ITEM('')
);
#264=(
BOUNDED_CURVE()
B_SPLINE_CURVE(2,(#6101,#6102,#6103,#6104,#6105,#6106,#6107,#6108,#6109),
 .UNSPECIFIED.,.F.,.F.)
B_SPLINE_CURVE_WITH_KNOTS((3,2,2,2,3),(0.465631560162603,0.469543968390794,
0.473456376618984,0.477368784847175,0.481281193075366),.UNSPECIFIED.)
CURVE()
GEOMETRIC_REPRESENTATION_ITEM()
RATIONAL_B_SPLINE_CURVE((1.,0.923879532511289,1.,0.923879532511287,1.,0.923879532511287,
1.,0.923879532511287,1.))
REPRESENTATION_ITEM('')
);
#265=(
BOUNDED_CURVE()
B_SPLINE_CURVE(2,(#6111,#6112,#6113,#6114,#6115,#6116,#6117,#6118,#6119),
 .UNSPECIFIED.,.F.,.F.)
B_SPLINE_CURVE_WITH_KNOTS((3,2,2,2,3),(0.481281193075366,0.485193833931759,
0.489106474788152,0.493019115644546,0.496931756500939),.UNSPECIFIED.)
CURVE()
GEOMETRIC_REPRESENTATION_ITEM()
RATIONAL_B_SPLINE_CURVE((1.,0.923879532511287,1.,0.923879532511287,1.,0.923879532511287,
1.,0.923879532511275,1.00000000000001))
REPRESENTATION_ITEM('')
);
#266=(
BOUNDED_CURVE()
B_SPLINE_CURVE(2,(#6121,#6122,#6123,#6124,#6125,#6126,#6127,#6128,#6129),
 .UNSPECIFIED.,.F.,.F.)
B_SPLINE_CURVE_WITH_KNOTS((3,2,2,2,3),(0.496931756500939,0.500845157088111,
0.504758557675282,0.508671958262454,0.512585358849625),.UNSPECIFIED.)
CURVE()
GEOMETRIC_REPRESENTATION_ITEM()
RATIONAL_B_SPLINE_CURVE((0.999999999999988,0.923879532511299,1.,0.923879532511287,
1.,0.923879532511287,1.,0.923879532511287,1.))
REPRESENTATION_ITEM('')
);
#267=(
BOUNDED_CURVE()
B_SPLINE_CURVE(2,(#6131,#6132,#6133,#6134,#6135,#6136,#6137,#6138,#6139),
 .UNSPECIFIED.,.F.,.F.)
B_SPLINE_CURVE_WITH_KNOTS((3,2,2,2,3),(0.512585358849625,0.516498201755861,
0.520411044662096,0.524323887568332,0.528236730474567),.UNSPECIFIED.)
CURVE()
GEOMETRIC_REPRESENTATION_ITEM()
RATIONAL_B_SPLINE_CURVE((1.,0.923879532511287,1.,0.923879532511287,1.,0.923879532511287,
1.,0.923879532511287,1.))
REPRESENTATION_ITEM('')
);
#268=(
BOUNDED_CURVE()
B_SPLINE_CURVE(2,(#6141,#6142,#6143,#6144,#6145,#6146,#6147,#6148,#6149),
 .UNSPECIFIED.,.F.,.F.)
B_SPLINE_CURVE_WITH_KNOTS((3,2,2,2,3),(0.528236730474567,0.53214898169664,
0.536061232918713,0.539973484140786,0.543885735362858),.UNSPECIFIED.)
CURVE()
GEOMETRIC_REPRESENTATION_ITEM()
RATIONAL_B_SPLINE_CURVE((1.,0.923879532511287,1.,0.923879532511287,1.,0.923879532511287,
1.,0.923879532511587,0.999999999999699))
REPRESENTATION_ITEM('')
);
#269=(
BOUNDED_CURVE()
B_SPLINE_CURVE(2,(#6151,#6152,#6153,#6154,#6155,#6156,#6157,#6158,#6159),
 .UNSPECIFIED.,.F.,.F.)
B_SPLINE_CURVE_WITH_KNOTS((3,2,2,2,3),(0.543885735362858,0.547799042368488,
0.551712349374118,0.555625656379747,0.559538963385377),.UNSPECIFIED.)
CURVE()
GEOMETRIC_REPRESENTATION_ITEM()
RATIONAL_B_SPLINE_CURVE((1.0000000000003,0.923879532510986,1.,0.923879532511287,
1.,0.923879532511287,1.,0.923879532511048,1.00000000000024))
REPRESENTATION_ITEM('')
);
#270=(
BOUNDED_CURVE()
B_SPLINE_CURVE(2,(#6161,#6162,#6163,#6164,#6165,#6166,#6167,#6168,#6169),
 .UNSPECIFIED.,.F.,.F.)
B_SPLINE_CURVE_WITH_KNOTS((3,2,2,2,3),(0.559538963385377,0.563452128025661,
0.567365292665945,0.571278457306229,0.575191621946513),.UNSPECIFIED.)
CURVE()
GEOMETRIC_REPRESENTATION_ITEM()
RATIONAL_B_SPLINE_CURVE((0.999999999999761,0.923879532511526,1.,0.923879532511287,
1.,0.923879532511287,1.,0.923879532511287,1.))
REPRESENTATION_ITEM('')
);
#271=(
BOUNDED_CURVE()
B_SPLINE_CURVE(2,(#6171,#6172,#6173,#6174,#6175,#6176,#6177,#6178,#6179),
 .UNSPECIFIED.,.F.,.F.)
B_SPLINE_CURVE_WITH_KNOTS((3,2,2,2,3),(0.575191621946513,0.579103770845428,
0.583015919744343,0.586928068643258,0.590840217542174),.UNSPECIFIED.)
CURVE()
GEOMETRIC_REPRESENTATION_ITEM()
RATIONAL_B_SPLINE_CURVE((1.,0.923879532511287,1.,0.923879532511287,1.,0.923879532511287,
1.,0.923879532511748,0.999999999999539))
REPRESENTATION_ITEM('')
);
#272=(
BOUNDED_CURVE()
B_SPLINE_CURVE(2,(#6181,#6182,#6183,#6184,#6185,#6186,#6187,#6188,#6189),
 .UNSPECIFIED.,.F.,.F.)
B_SPLINE_CURVE_WITH_KNOTS((3,2,2,2,3),(0.590840217542174,0.594753295961773,
0.598666374381372,0.602579452800971,0.60649253122057),.UNSPECIFIED.)
CURVE()
GEOMETRIC_REPRESENTATION_ITEM()
RATIONAL_B_SPLINE_CURVE((1.00000000000046,0.923879532510825,1.,0.923879532511287,
1.,0.923879532511287,1.,0.923879532511561,0.999999999999726))
REPRESENTATION_ITEM('')
);
#273=(
BOUNDED_CURVE()
B_SPLINE_CURVE(2,(#6191,#6192,#6193,#6194,#6195,#6196,#6197,#6198,#6199),
 .UNSPECIFIED.,.F.,.F.)
B_SPLINE_CURVE_WITH_KNOTS((3,2,2,2,3),(0.60649253122057,0.610405881646975,
0.614319232073379,0.618232582499784,0.622145932926189),.UNSPECIFIED.)
CURVE()
GEOMETRIC_REPRESENTATION_ITEM()
RATIONAL_B_SPLINE_CURVE((1.00000000000027,0.923879532511012,1.,0.923879532511287,
1.,0.923879532511287,1.,0.923879532511292,1.))
REPRESENTATION_ITEM('')
);
#274=(
BOUNDED_CURVE()
B_SPLINE_CURVE(2,(#6201,#6202,#6203,#6204,#6205,#6206,#6207,#6208,#6209),
 .UNSPECIFIED.,.F.,.F.)
B_SPLINE_CURVE_WITH_KNOTS((3,2,2,2,3),(0.622145932926189,0.626058277980594,
0.629970623034999,0.633882968089405,0.63779531314381),.UNSPECIFIED.)
CURVE()
GEOMETRIC_REPRESENTATION_ITEM()
RATIONAL_B_SPLINE_CURVE((1.,0.923879532511282,1.,0.923879532511287,1.,0.923879532511287,
1.,0.923879532511284,1.))
REPRESENTATION_ITEM('')
);
#275=(
BOUNDED_CURVE()
B_SPLINE_CURVE(2,(#6211,#6212,#6213,#6214,#6215,#6216,#6217,#6218,#6219),
 .UNSPECIFIED.,.F.,.F.)
B_SPLINE_CURVE_WITH_KNOTS((3,2,2,2,3),(0.63779531314381,0.641708028248356,
0.645620743352902,0.649533458457449,0.653446173561995),.UNSPECIFIED.)
CURVE()
GEOMETRIC_REPRESENTATION_ITEM()
RATIONAL_B_SPLINE_CURVE((1.,0.923879532511289,1.,0.923879532511287,1.,0.923879532511287,
1.,0.923879532511194,1.00000000000009))
REPRESENTATION_ITEM('')
);
#276=(
BOUNDED_CURVE()
B_SPLINE_CURVE(2,(#6221,#6222,#6223,#6224,#6225,#6226,#6227,#6228,#6229),
 .UNSPECIFIED.,.F.,.F.)
B_SPLINE_CURVE_WITH_KNOTS((3,2,2,2,3),(0.653446173561995,0.657359577296604,
0.661272981031213,0.665186384765821,0.66909978850043),.UNSPECIFIED.)
CURVE()
GEOMETRIC_REPRESENTATION_ITEM()
RATIONAL_B_SPLINE_CURVE((0.999999999999908,0.923879532511379,1.,0.923879532511287,
1.,0.923879532511287,1.,0.92387953251069,1.0000000000006))
REPRESENTATION_ITEM('')
);
#277=(
BOUNDED_CURVE()
B_SPLINE_CURVE(2,(#6231,#6232,#6233,#6234,#6235,#6236,#6237,#6238,#6239),
 .UNSPECIFIED.,.F.,.F.)
B_SPLINE_CURVE_WITH_KNOTS((3,2,2,2,3),(0.66909978850043,0.673012563822349,
0.676925339144269,0.680838114466188,0.684750889788107),.UNSPECIFIED.)
CURVE()
GEOMETRIC_REPRESENTATION_ITEM()
RATIONAL_B_SPLINE_CURVE((0.999999999999404,0.923879532511883,1.,0.923879532511287,
1.,0.923879532511287,1.,0.923879532511289,1.))
REPRESENTATION_ITEM('')
);
#278=(
BOUNDED_CURVE()
B_SPLINE_CURVE(2,(#6241,#6242,#6243,#6244,#6245,#6246,#6247,#6248,#6249),
 .UNSPECIFIED.,.F.,.F.)
B_SPLINE_CURVE_WITH_KNOTS((3,2,2,2,3),(0.684750889788107,0.688663188024732,
0.692575486261356,0.69648778449798,0.700400082734605),.UNSPECIFIED.)
CURVE()
GEOMETRIC_REPRESENTATION_ITEM()
RATIONAL_B_SPLINE_CURVE((1.,0.923879532511284,1.,0.923879532511287,1.,0.923879532511287,
1.,0.923879532511571,0.999999999999716))
REPRESENTATION_ITEM('')
);
#279=(
BOUNDED_CURVE()
B_SPLINE_CURVE(2,(#6251,#6252,#6253,#6254,#6255,#6256,#6257,#6258,#6259),
 .UNSPECIFIED.,.F.,.F.)
B_SPLINE_CURVE_WITH_KNOTS((3,2,2,2,3),(0.700400082734605,0.704313414932205,
0.708226747129805,0.712140079327404,0.716053411525004),.UNSPECIFIED.)
CURVE()
GEOMETRIC_REPRESENTATION_ITEM()
RATIONAL_B_SPLINE_CURVE((1.00000000000028,0.923879532511003,1.,0.923879532511287,
1.,0.923879532511287,1.,0.923879532511199,1.00000000000009))
REPRESENTATION_ITEM('')
);
#280=(
BOUNDED_CURVE()
B_SPLINE_CURVE(2,(#6261,#6262,#6263,#6264,#6265,#6266,#6267,#6268,#6269),
 .UNSPECIFIED.,.F.,.F.)
B_SPLINE_CURVE_WITH_KNOTS((3,2,2,2,3),(0.716053411525004,0.719966531093396,
0.723879650661788,0.727792770230179,0.731705889798571),.UNSPECIFIED.)
CURVE()
GEOMETRIC_REPRESENTATION_ITEM()
RATIONAL_B_SPLINE_CURVE((0.999999999999912,0.923879532511374,1.,0.923879532511287,
1.,0.923879532511287,1.,0.923879532511284,1.))
REPRESENTATION_ITEM('')
);
#281=(
BOUNDED_CURVE()
B_SPLINE_CURVE(2,(#6271,#6272,#6273,#6274,#6275,#6276,#6277,#6278,#6279),
 .UNSPECIFIED.,.F.,.F.)
B_SPLINE_CURVE_WITH_KNOTS((3,2,2,2,3),(0.731705889798571,0.735618035059771,
0.73953018032097,0.74344232558217,0.74735447084337),.UNSPECIFIED.)
CURVE()
GEOMETRIC_REPRESENTATION_ITEM()
RATIONAL_B_SPLINE_CURVE((1.,0.923879532511289,1.,0.923879532511287,1.,0.923879532511287,
1.,0.92387953251212,0.999999999999167))
REPRESENTATION_ITEM('')
);
#282=(
BOUNDED_CURVE()
B_SPLINE_CURVE(2,(#6281,#6282,#6283,#6284,#6285,#6286,#6287,#6288,#6289),
 .UNSPECIFIED.,.F.,.F.)
B_SPLINE_CURVE_WITH_KNOTS((3,2,2,2,3),(0.74735447084337,0.751267597659509,
0.755180724475649,0.759093851291789,0.763006978107929),.UNSPECIFIED.)
CURVE()
GEOMETRIC_REPRESENTATION_ITEM()
RATIONAL_B_SPLINE_CURVE((1.00000000000083,0.923879532510454,1.,0.923879532511287,
1.,0.923879532511287,1.,0.923879532511557,0.99999999999973))
REPRESENTATION_ITEM('')
);
#283=(
BOUNDED_CURVE()
B_SPLINE_CURVE(2,(#6291,#6292,#6293,#6294,#6295,#6296,#6297,#6298,#6299),
 .UNSPECIFIED.,.F.,.F.)
B_SPLINE_CURVE_WITH_KNOTS((3,2,2,2,3),(0.763006978107929,0.766920306606702,
0.770833635105475,0.774746963604248,0.778660292103021),.UNSPECIFIED.)
CURVE()
GEOMETRIC_REPRESENTATION_ITEM()
RATIONAL_B_SPLINE_CURVE((1.00000000000027,0.923879532511017,1.,0.923879532511287,
1.,0.923879532511287,1.,0.923879532511275,1.00000000000001))
REPRESENTATION_ITEM('')
);
#284=(
BOUNDED_CURVE()
B_SPLINE_CURVE(2,(#6301,#6302,#6303,#6304,#6305,#6306,#6307,#6308,#6309),
 .UNSPECIFIED.,.F.,.F.)
B_SPLINE_CURVE_WITH_KNOTS((3,2,2,2,3),(0.778660292103021,0.782572582734461,
0.786484873365901,0.790397163997341,0.794309454628781),.UNSPECIFIED.)
CURVE()
GEOMETRIC_REPRESENTATION_ITEM()
RATIONAL_B_SPLINE_CURVE((0.999999999999988,0.923879532511299,1.,0.923879532511287,
1.,0.923879532511287,1.,0.923879532511282,1.))
REPRESENTATION_ITEM('')
);
#285=(
BOUNDED_CURVE()
B_SPLINE_CURVE(2,(#6311,#6312,#6313,#6314,#6315,#6316,#6317,#6318,#6319),
 .UNSPECIFIED.,.F.,.F.)
B_SPLINE_CURVE_WITH_KNOTS((3,2,2,2,3),(0.794309454628781,0.798222240430644,
0.802135026232507,0.80604781203437,0.809960597836233),.UNSPECIFIED.)
CURVE()
GEOMETRIC_REPRESENTATION_ITEM()
RATIONAL_B_SPLINE_CURVE((1.,0.923879532511292,1.,0.923879532511287,1.,0.923879532511287,
1.,0.923879532511729,0.999999999999557))
REPRESENTATION_ITEM('')
);
#286=(
BOUNDED_CURVE()
B_SPLINE_CURVE(2,(#6321,#6322,#6323,#6324,#6325,#6326,#6327,#6328,#6329),
 .UNSPECIFIED.,.F.,.F.)
B_SPLINE_CURVE_WITH_KNOTS((3,2,2,2,3),(0.809960597836233,0.813874001298323,
0.817787404760414,0.821700808222504,0.825614211684595),.UNSPECIFIED.)
CURVE()
GEOMETRIC_REPRESENTATION_ITEM()
RATIONAL_B_SPLINE_CURVE((1.00000000000044,0.923879532510844,1.,0.923879532511287,
1.,0.923879532511287,1.,0.923879532511071,1.00000000000021))
REPRESENTATION_ITEM('')
);
#287=(
BOUNDED_CURVE()
B_SPLINE_CURVE(2,(#6331,#6332,#6333,#6334,#6335,#6336,#6337,#6338,#6339),
 .UNSPECIFIED.,.F.,.F.)
B_SPLINE_CURVE_WITH_KNOTS((3,2,2,2,3),(0.825614211684595,0.829526915811784,
0.833439619938973,0.837352324066162,0.841265028193351),.UNSPECIFIED.)
CURVE()
GEOMETRIC_REPRESENTATION_ITEM()
RATIONAL_B_SPLINE_CURVE((0.999999999999785,0.923879532511502,1.,0.923879532511287,
1.,0.923879532511287,1.,0.923879532511289,1.))
REPRESENTATION_ITEM('')
);
#288=(
BOUNDED_CURVE()
B_SPLINE_CURVE(2,(#6341,#6342,#6343,#6344,#6345,#6346,#6347,#6348,#6349),
 .UNSPECIFIED.,.F.,.F.)
B_SPLINE_CURVE_WITH_KNOTS((3,2,2,2,3),(0.841265028193351,0.845177382119094,
0.849089736044837,0.853002089970579,0.856914443896322),.UNSPECIFIED.)
CURVE()
GEOMETRIC_REPRESENTATION_ITEM()
RATIONAL_B_SPLINE_CURVE((1.,0.923879532511284,1.,0.923879532511287,1.,0.923879532511287,
1.,0.923879532511256,1.00000000000003))
REPRESENTATION_ITEM('')
);
#289=(
BOUNDED_CURVE()
B_SPLINE_CURVE(2,(#6351,#6352,#6353,#6354,#6355,#6356,#6357,#6358,#6359),
 .UNSPECIFIED.,.F.,.F.)
B_SPLINE_CURVE_WITH_KNOTS((3,2,2,2,3),(0.856914443896322,0.860827797402121,
0.86474115090792,0.868654504413718,0.872567857919517),.UNSPECIFIED.)
CURVE()
GEOMETRIC_REPRESENTATION_ITEM()
RATIONAL_B_SPLINE_CURVE((0.999999999999969,0.923879532511317,1.,0.923879532511287,
1.,0.923879532511287,1.,0.923879532511287,1.))
REPRESENTATION_ITEM('')
);
#290=(
BOUNDED_CURVE()
B_SPLINE_CURVE(2,(#6361,#6362,#6363,#6364,#6365,#6366,#6367,#6368,#6369),
 .UNSPECIFIED.,.F.,.F.)
B_SPLINE_CURVE_WITH_KNOTS((3,2,2,2,3),(0.872567857919517,0.876480928492317,
0.880393999065116,0.884307069637916,0.888220140210716),.UNSPECIFIED.)
CURVE()
GEOMETRIC_REPRESENTATION_ITEM()
RATIONAL_B_SPLINE_CURVE((1.,0.923879532511287,1.,0.923879532511287,1.,0.923879532511287,
1.,0.923879532511287,1.))
REPRESENTATION_ITEM('')
);
#291=(
BOUNDED_CURVE()
B_SPLINE_CURVE(2,(#6371,#6372,#6373,#6374,#6375,#6376,#6377,#6378,#6379),
 .UNSPECIFIED.,.F.,.F.)
B_SPLINE_CURVE_WITH_KNOTS((3,2,2,2,3),(0.888220140210716,0.892132290382056,
0.896044440553397,0.899956590724738,0.903868740896078),.UNSPECIFIED.)
CURVE()
GEOMETRIC_REPRESENTATION_ITEM()
RATIONAL_B_SPLINE_CURVE((1.,0.923879532511287,1.,0.923879532511287,1.,0.923879532511287,
1.,0.923879532511646,0.99999999999964))
REPRESENTATION_ITEM('')
);
#292=(
BOUNDED_CURVE()
B_SPLINE_CURVE(2,(#6381,#6382,#6383,#6384,#6385,#6386,#6387,#6388,#6389),
 .UNSPECIFIED.,.F.,.F.)
B_SPLINE_CURVE_WITH_KNOTS((3,2,2,2,3),(0.903868740896078,0.907781912172687,
0.911695083449296,0.915608254725905,0.919521426002513),.UNSPECIFIED.)
CURVE()
GEOMETRIC_REPRESENTATION_ITEM()
RATIONAL_B_SPLINE_CURVE((1.00000000000036,0.923879532510927,1.,0.923879532511287,
1.,0.923879532511287,1.,0.923879532511287,1.))
REPRESENTATION_ITEM('')
);
#293=(
BOUNDED_CURVE()
B_SPLINE_CURVE(2,(#6391,#6392,#6393,#6394,#6395,#6396,#6397,#6398,#6399),
 .UNSPECIFIED.,.F.,.F.)
B_SPLINE_CURVE_WITH_KNOTS((3,2,2,2,3),(0.919521426002513,0.923434728687975,
0.927348031373437,0.931261334058898,0.93517463674436),.UNSPECIFIED.)
CURVE()
GEOMETRIC_REPRESENTATION_ITEM()
RATIONAL_B_SPLINE_CURVE((1.,0.923879532511287,1.,0.923879532511287,1.,0.923879532511287,
1.,0.923879532510676,1.00000000000061))
REPRESENTATION_ITEM('')
);
#294=(
BOUNDED_CURVE()
B_SPLINE_CURVE(2,(#6401,#6402,#6403,#6404,#6405,#6406,#6407,#6408,#6409),
 .UNSPECIFIED.,.F.,.F.)
B_SPLINE_CURVE_WITH_KNOTS((3,2,2,2,3),(0.93517463674436,0.939086881632514,
0.942999126520669,0.946911371408824,0.950823616296979),.UNSPECIFIED.)
CURVE()
GEOMETRIC_REPRESENTATION_ITEM()
RATIONAL_B_SPLINE_CURVE((0.999999999999389,0.923879532511897,1.,0.923879532511287,
1.,0.923879532511287,1.,0.923879532511878,0.999999999999408))
REPRESENTATION_ITEM('')
);
#295=(
BOUNDED_CURVE()
B_SPLINE_CURVE(2,(#6411,#6412,#6413,#6414,#6415,#6416,#6417,#6418,#6419),
 .UNSPECIFIED.,.F.,.F.)
B_SPLINE_CURVE_WITH_KNOTS((3,2,2,2,3),(0.950823616296979,0.954736469157664,
0.95864932201835,0.962562174879036,0.966475027739722),.UNSPECIFIED.)
CURVE()
GEOMETRIC_REPRESENTATION_ITEM()
RATIONAL_B_SPLINE_CURVE((1.00000000000059,0.923879532510695,1.,0.923879532511287,
1.,0.923879532511287,1.,0.923879532511282,1.))
REPRESENTATION_ITEM('')
);
#296=(
BOUNDED_CURVE()
B_SPLINE_CURVE(2,(#6421,#6422,#6423,#6424,#6425,#6426,#6427,#6428,#6429),
 .UNSPECIFIED.,.F.,.F.)
B_SPLINE_CURVE_WITH_KNOTS((3,2,2,2,3),(0.966475027739722,0.970388427481973,
0.974301827224224,0.978215226966475,0.982128626708725),.UNSPECIFIED.)
CURVE()
GEOMETRIC_REPRESENTATION_ITEM()
RATIONAL_B_SPLINE_CURVE((1.,0.923879532511292,1.,0.923879532511287,1.,0.923879532511287,
1.,0.923879532573752,0.999999999937534))
REPRESENTATION_ITEM('')
);
#297=(
BOUNDED_CURVE()
B_SPLINE_CURVE(2,(#6431,#6432,#6433,#6434,#6435,#6436,#6437,#6438,#6439),
 .UNSPECIFIED.,.F.,.F.)
B_SPLINE_CURVE_WITH_KNOTS((3,2,2,2,3),(0.982128626708725,0.986041256125322,
0.989953885541919,0.993866514958516,0.997779144375113),.UNSPECIFIED.)
CURVE()
GEOMETRIC_REPRESENTATION_ITEM()
RATIONAL_B_SPLINE_CURVE((1.00000000006247,0.923879532448821,1.,0.923879532511287,
1.,0.923879532511287,1.,0.923879532511287,1.))
REPRESENTATION_ITEM('')
);
#298=(
BOUNDED_CURVE()
B_SPLINE_CURVE(2,(#6441,#6442,#6443,#6444,#6445,#6446,#6447,#6448,#6449),
 .UNSPECIFIED.,.F.,.F.)
B_SPLINE_CURVE_WITH_KNOTS((3,2,2,2,3),(0.997779144375113,1.00169156273232,
1.00560398108953,1.00951639944674,1.01342881780395),.UNSPECIFIED.)
CURVE()
GEOMETRIC_REPRESENTATION_ITEM()
RATIONAL_B_SPLINE_CURVE((1.,0.923879532511287,1.,0.923879532511287,1.,0.923879532511287,
1.,0.923879532574053,0.999999999937234))
REPRESENTATION_ITEM('')
);
#299=B_SPLINE_CURVE_WITH_KNOTS('',3,(#2976,#2977,#2978,#2979,#2980,#2981,
#2982,#2983,#2984,#2985,#2986),.UNSPECIFIED.,.F.,.F.,(4,1,1,1,1,1,1,1,4),
(-0.011994669968761,-0.00946834476067254,-0.00694201955258406,-0.00441569434449558,
-0.0018893691364071,0.000636956071681376,0.00316328127976985,0.00568960648785833,
0.00821593169594681),.UNSPECIFIED.);
#300=B_SPLINE_CURVE_WITH_KNOTS('',3,(#3641,#3642,#3643,#3644,#3645),
 .UNSPECIFIED.,.F.,.F.,(4,1,4),(-0.00731451677746116,-0.003330308921238,
0.000653898934985159),.UNSPECIFIED.);
#301=B_SPLINE_CURVE_WITH_KNOTS('',3,(#5770,#5771,#5772,#5773,#5774,#5775,
#5776,#5777,#5778,#5779,#5780,#5781,#5782,#5783,#5784,#5785,#5786,#5787,
#5788),.UNSPECIFIED.,.F.,.F.,(4,1,1,1,1,1,1,1,1,1,1,1,1,1,1,1,4),(4.86225692284333E-17,
0.00258187508221181,0.00516375016442356,0.00774562524663532,0.0103275003288471,
0.0129093754110588,0.0154912504932706,0.0180731255754824,0.0206550006576941,
0.0232368757399059,0.0258187508221176,0.0284006259043294,0.0309825009865411,
0.0335643760687529,0.0361462511509646,0.0387281262331764,0.0413100013153882),
 .UNSPECIFIED.);
#302=B_SPLINE_CURVE_WITH_KNOTS('',3,(#5790,#5791,#5792,#5793,#5794,#5795,
#5796,#5797,#5798,#5799,#5800,#5801),.UNSPECIFIED.,.F.,.F.,(4,1,1,1,1,1,
1,1,1,4),(3.62764020011176E-15,0.00363189132856215,0.00726378265712068,
0.0108956739856792,0.0145275653142377,0.0181594566427963,0.0217913479713548,
0.023607293635634,0.0254232392999133,0.0290551306284718),.UNSPECIFIED.);
#303=B_SPLINE_CURVE_WITH_KNOTS('',3,(#6468,#6469,#6470,#6471),
 .UNSPECIFIED.,.F.,.F.,(4,4),(0.,0.00496585358683115),.UNSPECIFIED.);
#304=B_SPLINE_CURVE_WITH_KNOTS('',3,(#6477,#6478,#6479,#6480),
 .UNSPECIFIED.,.F.,.F.,(4,4),(0.,0.00496585358683115),.UNSPECIFIED.);
#305=B_SPLINE_CURVE_WITH_KNOTS('',3,(#6482,#6483,#6484,#6485),
 .UNSPECIFIED.,.F.,.F.,(4,4),(5.08309887002362E-19,0.00496585358683115),
 .UNSPECIFIED.);
#306=B_SPLINE_CURVE_WITH_KNOTS('',3,(#6489,#6490,#6491,#6492),
 .UNSPECIFIED.,.F.,.F.,(4,4),(0.,0.00496585358683115),.UNSPECIFIED.);
#307=B_SPLINE_CURVE_WITH_KNOTS('',3,(#6496,#6497,#6498,#6499),
 .UNSPECIFIED.,.F.,.F.,(4,4),(2.28199537139911E-20,0.00496585358683115),
 .UNSPECIFIED.);
#308=B_SPLINE_CURVE_WITH_KNOTS('',3,(#6503,#6504,#6505,#6506),
 .UNSPECIFIED.,.F.,.F.,(4,4),(0.,0.0049658534632188),.UNSPECIFIED.);
#309=B_SPLINE_CURVE_WITH_KNOTS('',3,(#6510,#6511,#6512,#6513),
 .UNSPECIFIED.,.F.,.F.,(4,4),(0.,0.00496585347081353),.UNSPECIFIED.);
#310=B_SPLINE_CURVE_WITH_KNOTS('',3,(#6517,#6518,#6519,#6520),
 .UNSPECIFIED.,.F.,.F.,(4,4),(0.,0.00496585347672695),.UNSPECIFIED.);
#311=B_SPLINE_CURVE_WITH_KNOTS('',3,(#6524,#6525,#6526,#6527),
 .UNSPECIFIED.,.F.,.F.,(4,4),(0.,0.00496585347681663),.UNSPECIFIED.);
#312=B_SPLINE_CURVE_WITH_KNOTS('',3,(#6531,#6532,#6533,#6534),
 .UNSPECIFIED.,.F.,.F.,(4,4),(0.,0.00496585358683115),.UNSPECIFIED.);
#313=B_SPLINE_CURVE_WITH_KNOTS('',3,(#6538,#6539,#6540,#6541),
 .UNSPECIFIED.,.F.,.F.,(4,4),(1.46472488315326E-19,0.00496585358683115),
 .UNSPECIFIED.);
#314=B_SPLINE_CURVE_WITH_KNOTS('',3,(#6543,#6544,#6545,#6546),
 .UNSPECIFIED.,.F.,.F.,(4,4),(0.,0.00496585358683115),.UNSPECIFIED.);
#315=B_SPLINE_CURVE_WITH_KNOTS('',3,(#6552,#6553,#6554,#6555,#6556,#6557,
#6558,#6559,#6560,#6561,#6562,#6563,#6564,#6565,#6566,#6567,#6568,#6569,
#6570),.UNSPECIFIED.,.F.,.F.,(4,1,1,1,1,1,1,1,1,1,1,1,1,1,1,1,4),(0.,0.0724843729385586,
0.142190024778259,0.209247943639616,0.274447923967761,0.33802582267117,
0.400406532440542,0.463046285981066,0.525723189050567,0.587758999700955,
0.647207274703619,0.705604379270503,0.76335494041328,0.821014301633402,
0.879178712895835,0.938732443992665,1.),.UNSPECIFIED.);
#316=B_SPLINE_CURVE_WITH_KNOTS('',3,(#6573,#6574,#6575,#6576,#6577,#6578,
#6579,#6580,#6581,#6582,#6583,#6584,#6585,#6586,#6587,#6588,#6589,#6590,
#6591),.UNSPECIFIED.,.F.,.F.,(4,1,1,1,1,1,1,1,1,1,1,1,1,1,1,1,4),(0.,0.061560808552986,
0.120975543465591,0.179004419802313,0.236102291207156,0.293686508428115,
0.351514938997191,0.410728891353352,0.472160594099565,0.534227146274051,
0.596384774286223,0.658759168877887,0.722544817104036,0.787964999387698,
0.855593119477614,0.926440609783223,1.),.UNSPECIFIED.);
#317=B_SPLINE_CURVE_WITH_KNOTS('',3,(#6593,#6594,#6595,#6596,#6597,#6598,
#6599,#6600,#6601,#6602,#6603,#6604,#6605,#6606,#6607,#6608,#6609,#6610,
#6611),.UNSPECIFIED.,.F.,.F.,(4,1,1,1,1,1,1,1,1,1,1,1,1,1,1,1,4),(0.,0.0756779287595513,
0.148475385165302,0.218686839383758,0.285894163869826,0.350394511043543,
0.41333034849776,0.475131662182092,0.535395707628871,0.595069793647295,
0.653190706601446,0.71022527848224,0.767064167323289,0.824126149789293,
0.882061797546221,0.940276800846585,1.),.UNSPECIFIED.);
#318=B_SPLINE_CURVE_WITH_KNOTS('',3,(#6613,#6614,#6615,#6616,#6617,#6618,
#6619,#6620,#6621,#6622,#6623),.UNSPECIFIED.,.F.,.F.,(4,1,1,1,1,1,1,1,4),
(0.,0.126037809173243,0.24590192439148,0.362706754432767,0.479405225937116,
0.59860340945283,0.723279815939466,0.85618139156474,1.),.UNSPECIFIED.);
#319=B_SPLINE_CURVE_WITH_KNOTS('',3,(#6625,#6626,#6627,#6628,#6629,#6630,
#6631,#6632,#6633,#6634,#6635,#6636,#6637,#6638,#6639,#6640,#6641,#6642,
#6643),.UNSPECIFIED.,.F.,.F.,(4,1,1,1,1,1,1,1,1,1,1,1,1,1,1,1,4),(0.,0.0728455592253727,
0.142402257701936,0.209648156853246,0.274427985226561,0.337611609749171,
0.399896985087157,0.462371952688158,0.524655094094133,0.586203391626632,
0.645775819776357,0.704006503444922,0.762043319649332,0.81964939871453,
0.877994662833982,0.938199028971844,1.),.UNSPECIFIED.);
#320=B_SPLINE_CURVE_WITH_KNOTS('',3,(#6645,#6646,#6647,#6648,#6649,#6650,
#6651,#6652,#6653,#6654,#6655,#6656,#6657,#6658,#6659,#6660,#6661,#6662,
#6663),.UNSPECIFIED.,.F.,.F.,(4,1,1,1,1,1,1,1,1,1,1,1,1,1,1,1,4),(0.,0.061579283211466,
0.121651367349155,0.179800294989198,0.237201673292092,0.294780234992934,
0.353324880649131,0.412515530286399,0.474433538402357,0.537108068033057,
0.599269077379891,0.66175044463838,0.725142484567205,0.790290611404277,
0.857751363050287,0.927508428952717,1.),.UNSPECIFIED.);
#321=B_SPLINE_CURVE_WITH_KNOTS('',3,(#6665,#6666,#6667,#6668,#6669,#6670,
#6671,#6672,#6673,#6674,#6675),.UNSPECIFIED.,.F.,.F.,(4,1,1,1,1,1,1,1,4),
(0.,0.140786050719229,0.271192292477146,0.394820533419766,0.51366840541228,
0.630249521887138,0.748635241534156,0.870539222318192,1.),.UNSPECIFIED.);
#322=B_SPLINE_CURVE_WITH_KNOTS('',3,(#6677,#6678,#6679,#6680,#6681,#6682,
#6683,#6684,#6685,#6686,#6687,#6688,#6689,#6690,#6691,#6692,#6693,#6694,
#6695),.UNSPECIFIED.,.F.,.F.,(4,1,1,1,1,1,1,1,1,1,1,1,1,1,1,1,4),(0.,0.0624074292203441,
0.123580758253191,0.183030548059535,0.241487894622227,0.299476288588136,
0.357776621678218,0.416397215359044,0.475293297309649,0.535174551555035,
0.596373380100883,0.65843295832835,0.722087328991003,0.787866252937039,
0.856053064935338,0.926280127267363,1.),.UNSPECIFIED.);
#323=B_SPLINE_CURVE_WITH_KNOTS('',3,(#6696,#6697,#6698,#6699,#6700,#6701,
#6702,#6703,#6704,#6705,#6706,#6707,#6708,#6709,#6710,#6711,#6712,#6713,
#6714),.UNSPECIFIED.,.F.,.F.,(4,1,1,1,1,1,1,1,1,1,1,1,1,1,1,1,4),(0.,0.0724843729385586,
0.142190024778259,0.209247943639616,0.274447923967761,0.33802582267117,
0.400406532440542,0.463046285981066,0.525723189050567,0.587758999700955,
0.647207274703619,0.705604379270503,0.76335494041328,0.821014301633402,
0.879178712895835,0.938732443992665,1.),.UNSPECIFIED.);
#324=B_SPLINE_CURVE_WITH_KNOTS('',3,(#6717,#6718,#6719,#6720,#6721,#6722,
#6723,#6724,#6725,#6726,#6727,#6728,#6729,#6730,#6731,#6732,#6733,#6734,
#6735),.UNSPECIFIED.,.F.,.F.,(4,1,1,1,1,1,1,1,1,1,1,1,1,1,1,1,4),(0.,0.061560808552986,
0.120975543465591,0.179004419802313,0.236102291207156,0.293686508428115,
0.351514938997191,0.410728891353352,0.472160594099565,0.534227146274051,
0.596384774286223,0.658759168877887,0.722544817104036,0.787964999387698,
0.855593119477614,0.926440609783223,1.),.UNSPECIFIED.);
#325=B_SPLINE_CURVE_WITH_KNOTS('',3,(#6737,#6738,#6739,#6740,#6741,#6742,
#6743,#6744,#6745,#6746,#6747,#6748,#6749,#6750,#6751,#6752,#6753,#6754,
#6755),.UNSPECIFIED.,.F.,.F.,(4,1,1,1,1,1,1,1,1,1,1,1,1,1,1,1,4),(0.,0.0756779287595513,
0.148475385165302,0.218686839383758,0.285894163869826,0.350394511043543,
0.41333034849776,0.475131662182092,0.535395707628871,0.595069793647295,
0.653190706601445,0.71022527848224,0.767064167323289,0.824126149789293,
0.882061797546221,0.940276800846584,1.),.UNSPECIFIED.);
#326=B_SPLINE_CURVE_WITH_KNOTS('',3,(#6757,#6758,#6759,#6760,#6761,#6762,
#6763,#6764,#6765,#6766,#6767),.UNSPECIFIED.,.F.,.F.,(4,1,1,1,1,1,1,1,4),
(0.,0.126037809173244,0.24590192439148,0.362706754432767,0.479405225937116,
0.59860340945283,0.723279815939466,0.85618139156474,1.),.UNSPECIFIED.);
#327=B_SPLINE_CURVE_WITH_KNOTS('',3,(#6769,#6770,#6771,#6772,#6773,#6774,
#6775,#6776,#6777,#6778,#6779,#6780,#6781,#6782,#6783,#6784,#6785,#6786,
#6787),.UNSPECIFIED.,.F.,.F.,(4,1,1,1,1,1,1,1,1,1,1,1,1,1,1,1,4),(0.,0.0728455592253727,
0.142402257701936,0.209648156853246,0.274427985226561,0.337611609749171,
0.399896985087157,0.462371952688158,0.524655094094133,0.586203391626633,
0.645775819776357,0.704006503444922,0.762043319649332,0.81964939871453,
0.877994662833982,0.938199028971844,1.),.UNSPECIFIED.);
#328=B_SPLINE_CURVE_WITH_KNOTS('',3,(#6789,#6790,#6791,#6792,#6793,#6794,
#6795,#6796,#6797,#6798,#6799,#6800,#6801,#6802,#6803,#6804,#6805,#6806,
#6807),.UNSPECIFIED.,.F.,.F.,(4,1,1,1,1,1,1,1,1,1,1,1,1,1,1,1,4),(0.,0.061579283211466,
0.121651367349155,0.179800294989198,0.237201673292092,0.294780234992934,
0.353324880649131,0.412515530286399,0.474433538402357,0.537108068033057,
0.599269077379891,0.66175044463838,0.725142484567205,0.790290611404277,
0.857751363050287,0.927508428952717,1.),.UNSPECIFIED.);
#329=B_SPLINE_CURVE_WITH_KNOTS('',3,(#6809,#6810,#6811,#6812,#6813,#6814,
#6815,#6816,#6817,#6818,#6819),.UNSPECIFIED.,.F.,.F.,(4,1,1,1,1,1,1,1,4),
(0.,0.140786050719229,0.271192292477146,0.394820533419766,0.51366840541228,
0.630249521887138,0.748635241534156,0.870539222318192,1.),.UNSPECIFIED.);
#330=B_SPLINE_CURVE_WITH_KNOTS('',3,(#6821,#6822,#6823,#6824,#6825,#6826,
#6827,#6828,#6829,#6830,#6831,#6832,#6833,#6834,#6835,#6836,#6837,#6838,
#6839),.UNSPECIFIED.,.F.,.F.,(4,1,1,1,1,1,1,1,1,1,1,1,1,1,1,1,4),(0.,0.0624074292203441,
0.123580758253191,0.183030548059535,0.241487894622227,0.299476288588135,
0.357776621678218,0.416397215359044,0.475293297309649,0.535174551555035,
0.596373380100883,0.65843295832835,0.722087328991003,0.787866252937039,
0.856053064935338,0.926280127267363,1.),.UNSPECIFIED.);
#331=B_SPLINE_CURVE_WITH_KNOTS('',3,(#6904,#6905,#6906,#6907,#6908,#6909,
#6910,#6911,#6912,#6913,#6914,#6915,#6916,#6917,#6918,#6919,#6920,#6921,
#6922),.UNSPECIFIED.,.F.,.F.,(4,1,1,1,1,1,1,1,1,1,1,1,1,1,1,1,4),(0.,0.0612675560073352,
0.120821287104165,0.178985698366598,0.236645059586719,0.294395620729497,
0.352792725296381,0.412241000299045,0.474276810949433,0.536953714018934,
0.599593467559457,0.66197417732883,0.725552076032239,0.790752056360384,
0.857809975221741,0.927515627061441,1.),.UNSPECIFIED.);
#332=B_SPLINE_CURVE_WITH_KNOTS('',3,(#6963,#6964,#6965,#6966,#6967,#6968,
#6969,#6970,#6971,#6972,#6973,#6974,#6975,#6976,#6977,#6978,#6979,#6980,
#6981),.UNSPECIFIED.,.F.,.F.,(4,1,1,1,1,1,1,1,1,1,1,1,1,1,1,1,4),(0.,0.0735593902167768,
0.144406880522386,0.212035000612302,0.277455182895964,0.341240831122113,
0.403615225713777,0.465772853725949,0.527839405900435,0.589271108646648,
0.648485061002809,0.706313491571885,0.763897708792844,0.820995580197687,
0.879024456534409,0.938439191447014,1.),.UNSPECIFIED.);
#333=B_SPLINE_CURVE_WITH_KNOTS('',3,(#7022,#7023,#7024,#7025,#7026,#7027,
#7028,#7029,#7030,#7031,#7032,#7033,#7034,#7035,#7036,#7037,#7038,#7039,
#7040),.UNSPECIFIED.,.F.,.F.,(4,1,1,1,1,1,1,1,1,1,1,1,1,1,1,1,4),(0.,0.0597231991534155,
0.117938202453779,0.175873850210707,0.232935832676711,0.28977472151776,
0.346809293398555,0.404930206352705,0.464604292371129,0.524868337817909,
0.58666965150224,0.649605488956457,0.714105836130174,0.781313160616241,
0.851524614834698,0.924322071240449,1.),.UNSPECIFIED.);
#334=B_SPLINE_CURVE_WITH_KNOTS('',3,(#7065,#7066,#7067,#7068,#7069,#7070,
#7071,#7072,#7073,#7074,#7075),.UNSPECIFIED.,.F.,.F.,(4,1,1,1,1,1,1,1,4),
(0.,0.14381860843526,0.276720184060535,0.40139659054717,0.520594774062884,
0.637293245567233,0.754098075608519,0.873962190826756,1.),.UNSPECIFIED.);
#335=B_SPLINE_CURVE_WITH_KNOTS('',3,(#7116,#7117,#7118,#7119,#7120,#7121,
#7122,#7123,#7124,#7125,#7126,#7127,#7128,#7129,#7130,#7131,#7132,#7133,
#7134),.UNSPECIFIED.,.F.,.F.,(4,1,1,1,1,1,1,1,1,1,1,1,1,1,1,1,4),(0.,0.0618009710281554,
0.122005337166018,0.18035060128547,0.237956680350668,0.295993496555078,
0.354224180223643,0.413796608373368,0.475344905905867,0.537628047311842,
0.600103014912843,0.662388390250829,0.725572014773439,0.790351843146754,
0.857597742298064,0.927154440774627,1.),.UNSPECIFIED.);
#336=B_SPLINE_CURVE_WITH_KNOTS('',3,(#7175,#7176,#7177,#7178,#7179,#7180,
#7181,#7182,#7183,#7184,#7185,#7186,#7187,#7188,#7189,#7190,#7191,#7192,
#7193),.UNSPECIFIED.,.F.,.F.,(4,1,1,1,1,1,1,1,1,1,1,1,1,1,1,1,4),(0.,0.0724915710472832,
0.142248636949713,0.209709388595723,0.274857515432795,0.33824955536162,
0.400730922620109,0.462891931966943,0.525566461597643,0.587484469713601,
0.64667511935087,0.705219765007066,0.762798326707908,0.820199705010802,
0.878348632650845,0.938420716788534,1.),.UNSPECIFIED.);
#337=B_SPLINE_CURVE_WITH_KNOTS('',3,(#7218,#7219,#7220,#7221,#7222,#7223,
#7224,#7225,#7226,#7227,#7228),.UNSPECIFIED.,.F.,.F.,(4,1,1,1,1,1,1,1,4),
(0.,0.129460777681808,0.251364758465844,0.369750478112862,0.48633159458772,
0.605179466580234,0.728807707522854,0.859213949280771,1.),.UNSPECIFIED.);
#338=B_SPLINE_CURVE_WITH_KNOTS('',3,(#7269,#7270,#7271,#7272,#7273,#7274,
#7275,#7276,#7277,#7278,#7279,#7280,#7281,#7282,#7283,#7284,#7285,#7286,
#7287),.UNSPECIFIED.,.F.,.F.,(4,1,1,1,1,1,1,1,1,1,1,1,1,1,1,1,4),(0.,0.0737198727326366,
0.143946935064662,0.212133747062962,0.277912671008997,0.34156704167165,
0.403626619899117,0.464825448444965,0.524706702690351,0.583602784640957,
0.642223378321781,0.700523711411864,0.758512105377773,0.816969451940464,
0.876419241746809,0.937592570779656,1.),.UNSPECIFIED.);
#339=B_SPLINE_CURVE_WITH_KNOTS('',3,(#7328,#7329,#7330,#7331,#7332,#7333,
#7334,#7335,#7336,#7337,#7338,#7339,#7340,#7341,#7342,#7343,#7344,#7345,
#7346),.UNSPECIFIED.,.F.,.F.,(4,1,1,1,1,1,1,1,1,1,1,1,1,1,1,1,4),(0.,0.0612675560073352,
0.120821287104165,0.178985698366598,0.236645059586719,0.294395620729497,
0.352792725296381,0.412241000299045,0.474276810949433,0.536953714018934,
0.599593467559458,0.66197417732883,0.725552076032239,0.790752056360384,
0.857809975221741,0.927515627061441,1.),.UNSPECIFIED.);
#340=B_SPLINE_CURVE_WITH_KNOTS('',3,(#7387,#7388,#7389,#7390,#7391,#7392,
#7393,#7394,#7395,#7396,#7397,#7398,#7399,#7400,#7401,#7402,#7403,#7404,
#7405),.UNSPECIFIED.,.F.,.F.,(4,1,1,1,1,1,1,1,1,1,1,1,1,1,1,1,4),(0.,0.0735593902167768,
0.144406880522386,0.212035000612302,0.277455182895964,0.341240831122113,
0.403615225713777,0.465772853725949,0.527839405900435,0.589271108646648,
0.648485061002809,0.706313491571885,0.763897708792844,0.820995580197687,
0.879024456534409,0.938439191447014,1.),.UNSPECIFIED.);
#341=B_SPLINE_CURVE_WITH_KNOTS('',3,(#7446,#7447,#7448,#7449,#7450,#7451,
#7452,#7453,#7454,#7455,#7456,#7457,#7458,#7459,#7460,#7461,#7462,#7463,
#7464),.UNSPECIFIED.,.F.,.F.,(4,1,1,1,1,1,1,1,1,1,1,1,1,1,1,1,4),(0.,0.0597231991534152,
0.117938202453779,0.175873850210707,0.232935832676711,0.28977472151776,
0.346809293398555,0.404930206352705,0.464604292371129,0.524868337817908,
0.58666965150224,0.649605488956457,0.714105836130174,0.781313160616241,
0.851524614834698,0.924322071240449,1.),.UNSPECIFIED.);
#342=B_SPLINE_CURVE_WITH_KNOTS('',3,(#7489,#7490,#7491,#7492,#7493,#7494,
#7495,#7496,#7497,#7498,#7499),.UNSPECIFIED.,.F.,.F.,(4,1,1,1,1,1,1,1,4),
(0.,0.14381860843526,0.276720184060535,0.40139659054717,0.520594774062884,
0.637293245567233,0.75409807560852,0.873962190826757,1.),.UNSPECIFIED.);
#343=B_SPLINE_CURVE_WITH_KNOTS('',3,(#7540,#7541,#7542,#7543,#7544,#7545,
#7546,#7547,#7548,#7549,#7550,#7551,#7552,#7553,#7554,#7555,#7556,#7557,
#7558),.UNSPECIFIED.,.F.,.F.,(4,1,1,1,1,1,1,1,1,1,1,1,1,1,1,1,4),(0.,0.0618009710281554,
0.122005337166018,0.18035060128547,0.237956680350668,0.295993496555078,
0.354224180223643,0.413796608373368,0.475344905905867,0.537628047311842,
0.600103014912843,0.662388390250829,0.725572014773439,0.790351843146754,
0.857597742298064,0.927154440774627,1.),.UNSPECIFIED.);
#344=B_SPLINE_CURVE_WITH_KNOTS('',3,(#7599,#7600,#7601,#7602,#7603,#7604,
#7605,#7606,#7607,#7608,#7609,#7610,#7611,#7612,#7613,#7614,#7615,#7616,
#7617),.UNSPECIFIED.,.F.,.F.,(4,1,1,1,1,1,1,1,1,1,1,1,1,1,1,1,4),(0.,0.0724915710472832,
0.142248636949713,0.209709388595723,0.274857515432795,0.338249555361619,
0.400730922620109,0.462891931966943,0.525566461597643,0.587484469713601,
0.64667511935087,0.705219765007066,0.762798326707908,0.820199705010802,
0.878348632650845,0.938420716788534,1.),.UNSPECIFIED.);
#345=B_SPLINE_CURVE_WITH_KNOTS('',3,(#7642,#7643,#7644,#7645,#7646,#7647,
#7648,#7649,#7650,#7651,#7652),.UNSPECIFIED.,.F.,.F.,(4,1,1,1,1,1,1,1,4),
(0.,0.129460777681808,0.251364758465844,0.369750478112862,0.48633159458772,
0.605179466580234,0.728807707522854,0.859213949280771,1.),.UNSPECIFIED.);
#346=B_SPLINE_CURVE_WITH_KNOTS('',3,(#7693,#7694,#7695,#7696,#7697,#7698,
#7699,#7700,#7701,#7702,#7703,#7704,#7705,#7706,#7707,#7708,#7709,#7710,
#7711),.UNSPECIFIED.,.F.,.F.,(4,1,1,1,1,1,1,1,1,1,1,1,1,1,1,1,4),(0.,0.0737198727326366,
0.143946935064662,0.212133747062962,0.277912671008997,0.34156704167165,
0.403626619899118,0.464825448444965,0.524706702690351,0.583602784640957,
0.642223378321782,0.700523711411864,0.758512105377773,0.816969451940464,
0.876419241746809,0.937592570779656,1.),.UNSPECIFIED.);
#347=B_SPLINE_CURVE_WITH_KNOTS('',3,(#7714,#7715,#7716,#7717,#7718,#7719,
#7720,#7721,#7722,#7723,#7724,#7725,#7726,#7727,#7728,#7729,#7730,#7731,
#7732),.UNSPECIFIED.,.F.,.F.,(4,1,1,1,1,1,1,1,1,1,1,1,1,1,1,1,4),(0.,0.0566375510560786,
0.11186242841658,0.16644771670193,0.221566511280256,0.276579018513186,0.334139093765582,
0.393006186367067,0.454752438465629,0.518027951282395,0.581395893382003,
0.646047743392391,0.711684129481244,0.779123726417726,0.849396656427148,
0.923127646396106,1.),.UNSPECIFIED.);
#348=B_SPLINE_CURVE_WITH_KNOTS('',3,(#7735,#7736,#7737,#7738,#7739,#7740,
#7741,#7742,#7743,#7744,#7745,#7746,#7747,#7748,#7749,#7750,#7751,#7752,
#7753),.UNSPECIFIED.,.F.,.F.,(4,1,1,1,1,1,1,1,1,1,1,1,1,1,1,1,4),(0.,0.075492701392781,
0.147724727679427,0.217237449159842,0.284592689723369,0.349897647083897,
0.413878426670921,0.477474099249095,0.540958172416123,0.602907806873388,
0.662366836303314,0.72003119542807,0.775820512876496,0.83106241576825,0.886005525231992,
0.942282963313293,1.),.UNSPECIFIED.);
#349=B_SPLINE_CURVE_WITH_KNOTS('',3,(#7755,#7756,#7757,#7758,#7759,#7760,
#7761,#7762,#7763,#7764,#7765,#7766,#7767,#7768,#7769,#7770,#7771,#7772,
#7773),.UNSPECIFIED.,.F.,.F.,(4,1,1,1,1,1,1,1,1,1,1,1,1,1,1,1,4),(0.,0.0571442181467391,
0.112871949244045,0.167275520495328,0.222210821971636,0.277986348878443,
0.334952243003018,0.394145407131487,0.456191812674166,0.519133639775152,
0.582661590691617,0.647098211602739,0.712516091024659,0.779731178319093,
0.84989802215726,0.923383558136016,1.),.UNSPECIFIED.);
#350=B_SPLINE_CURVE_WITH_KNOTS('',3,(#7775,#7776,#7777,#7778,#7779,#7780,
#7781,#7782,#7783,#7784,#7785,#7786,#7787,#7788,#7789,#7790,#7791,#7792,
#7793),.UNSPECIFIED.,.F.,.F.,(4,1,1,1,1,1,1,1,1,1,1,1,1,1,1,1,4),(0.,0.0771498591074487,
0.151050494082136,0.221658680709894,0.289091987670542,0.354246174644858,
0.417834271862972,0.480817601408628,0.543350517540383,0.604887423886288,
0.663042784685733,0.719945849834176,0.775325045505091,0.830227900929299,
0.885998696554625,0.941930731565744,1.),.UNSPECIFIED.);
#351=B_SPLINE_CURVE_WITH_KNOTS('',3,(#7794,#7795,#7796,#7797,#7798,#7799,
#7800,#7801,#7802,#7803,#7804),.UNSPECIFIED.,.F.,.F.,(4,1,1,1,1,1,1,1,4),
(0.,0.111141675837803,0.219703351981158,0.330116126488562,0.448936915246632,
0.57404705676366,0.705379009793014,0.846024213956609,1.),.UNSPECIFIED.);
#352=B_SPLINE_CURVE_WITH_KNOTS('',3,(#7807,#7808,#7809,#7810,#7811,#7812,
#7813,#7814,#7815,#7816,#7817),.UNSPECIFIED.,.F.,.F.,(4,1,1,1,1,1,1,1,4),
(0.,0.144585371088741,0.279503523960531,0.409110475947283,0.537695025998443,
0.662187015422811,0.77647212538351,0.886964872793615,1.),.UNSPECIFIED.);
#353=B_SPLINE_CURVE_WITH_KNOTS('',3,(#7819,#7820,#7821,#7822,#7823,#7824,
#7825,#7826,#7827,#7828,#7829),.UNSPECIFIED.,.F.,.F.,(4,1,1,1,1,1,1,1,4),
(0.,0.109796841731613,0.217336327954247,0.329503466698497,0.452246610409325,
0.581057351832542,0.711726985312399,0.850620334705344,1.),.UNSPECIFIED.);
#354=B_SPLINE_CURVE_WITH_KNOTS('',3,(#7831,#7832,#7833,#7834,#7835,#7836,
#7837,#7838,#7839,#7840,#7841),.UNSPECIFIED.,.F.,.F.,(4,1,1,1,1,1,1,1,4),
(0.,0.148002197859665,0.285188684885895,0.415780036166847,0.542759002288235,
0.664236904666971,0.776552878992228,0.886991336642312,1.),.UNSPECIFIED.);
#355=B_SPLINE_CURVE_WITH_KNOTS('',3,(#7843,#7844,#7845,#7846,#7847,#7848,
#7849,#7850,#7851,#7852,#7853,#7854,#7855,#7856,#7857,#7858,#7859,#7860,
#7861),.UNSPECIFIED.,.F.,.F.,(4,1,1,1,1,1,1,1,1,1,1,1,1,1,1,1,4),(0.,0.0566375510560788,
0.11186242841658,0.166447716701929,0.221566511280256,0.276579018513186,
0.334139093765582,0.393006186367067,0.454752438465628,0.518027951282395,
0.581395893382003,0.646047743392391,0.711684129481244,0.779123726417726,
0.849396656427148,0.923127646396106,1.),.UNSPECIFIED.);
#356=B_SPLINE_CURVE_WITH_KNOTS('',3,(#7864,#7865,#7866,#7867,#7868,#7869,
#7870,#7871,#7872,#7873,#7874,#7875,#7876,#7877,#7878,#7879,#7880,#7881,
#7882),.UNSPECIFIED.,.F.,.F.,(4,1,1,1,1,1,1,1,1,1,1,1,1,1,1,1,4),(0.,0.075492701392781,
0.147724727679427,0.217237449159842,0.284592689723369,0.349897647083897,
0.413878426670921,0.477474099249095,0.540958172416123,0.602907806873388,
0.662366836303314,0.72003119542807,0.775820512876496,0.83106241576825,0.886005525231993,
0.942282963313293,1.),.UNSPECIFIED.);
#357=B_SPLINE_CURVE_WITH_KNOTS('',3,(#7884,#7885,#7886,#7887,#7888,#7889,
#7890,#7891,#7892,#7893,#7894,#7895,#7896,#7897,#7898,#7899,#7900,#7901,
#7902),.UNSPECIFIED.,.F.,.F.,(4,1,1,1,1,1,1,1,1,1,1,1,1,1,1,1,4),(0.,0.0571442181467391,
0.112871949244045,0.167275520495328,0.222210821971636,0.277986348878443,
0.334952243003018,0.394145407131487,0.456191812674166,0.519133639775152,
0.582661590691617,0.647098211602739,0.712516091024659,0.779731178319093,
0.84989802215726,0.923383558136016,1.),.UNSPECIFIED.);
#358=B_SPLINE_CURVE_WITH_KNOTS('',3,(#7904,#7905,#7906,#7907,#7908,#7909,
#7910,#7911,#7912,#7913,#7914,#7915,#7916,#7917,#7918,#7919,#7920,#7921,
#7922),.UNSPECIFIED.,.F.,.F.,(4,1,1,1,1,1,1,1,1,1,1,1,1,1,1,1,4),(0.,0.0771498591074487,
0.151050494082136,0.221658680709894,0.289091987670543,0.354246174644858,
0.417834271862972,0.480817601408628,0.543350517540383,0.604887423886288,
0.663042784685733,0.719945849834176,0.775325045505091,0.830227900929299,
0.885998696554625,0.941930731565744,1.),.UNSPECIFIED.);
#359=B_SPLINE_CURVE_WITH_KNOTS('',3,(#7923,#7924,#7925,#7926,#7927,#7928,
#7929,#7930,#7931,#7932,#7933),.UNSPECIFIED.,.F.,.F.,(4,1,1,1,1,1,1,1,4),
(0.,0.111141675837803,0.219703351981158,0.330116126488561,0.448936915246632,
0.57404705676366,0.705379009793014,0.846024213956609,1.),.UNSPECIFIED.);
#360=B_SPLINE_CURVE_WITH_KNOTS('',3,(#7936,#7937,#7938,#7939,#7940,#7941,
#7942,#7943,#7944,#7945,#7946),.UNSPECIFIED.,.F.,.F.,(4,1,1,1,1,1,1,1,4),
(0.,0.144585371088741,0.279503523960531,0.409110475947283,0.537695025998443,
0.662187015422811,0.77647212538351,0.886964872793615,1.),.UNSPECIFIED.);
#361=B_SPLINE_CURVE_WITH_KNOTS('',3,(#7948,#7949,#7950,#7951,#7952,#7953,
#7954,#7955,#7956,#7957,#7958),.UNSPECIFIED.,.F.,.F.,(4,1,1,1,1,1,1,1,4),
(0.,0.109796841731613,0.217336327954247,0.329503466698497,0.452246610409325,
0.581057351832542,0.711726985312399,0.850620334705344,1.),.UNSPECIFIED.);
#362=B_SPLINE_CURVE_WITH_KNOTS('',3,(#7960,#7961,#7962,#7963,#7964,#7965,
#7966,#7967,#7968,#7969,#7970),.UNSPECIFIED.,.F.,.F.,(4,1,1,1,1,1,1,1,4),
(0.,0.148002197859665,0.285188684885895,0.415780036166847,0.542759002288235,
0.664236904666971,0.776552878992228,0.886991336642312,1.),.UNSPECIFIED.);
#363=B_SPLINE_CURVE_WITH_KNOTS('',3,(#7997,#7998,#7999,#8000,#8001,#8002,
#8003,#8004,#8005,#8006,#8007),.UNSPECIFIED.,.F.,.F.,(4,1,1,1,1,1,1,1,4),
(0.,0.153975786043391,0.294620990206987,0.42595294323634,0.551063084753368,
0.669883873511439,0.780296648018842,0.888858324162197,1.),.UNSPECIFIED.);
#364=B_SPLINE_CURVE_WITH_KNOTS('',3,(#8032,#8033,#8034,#8035,#8036,#8037,
#8038,#8039,#8040,#8041,#8042),.UNSPECIFIED.,.F.,.F.,(4,1,1,1,1,1,1,1,4),
(0.,0.113035127206385,0.22352787461649,0.337812984577189,0.462304974001557,
0.590889524052717,0.720496476039469,0.855414628911259,1.),.UNSPECIFIED.);
#365=B_SPLINE_CURVE_WITH_KNOTS('',3,(#8067,#8068,#8069,#8070,#8071,#8072,
#8073,#8074,#8075,#8076,#8077),.UNSPECIFIED.,.F.,.F.,(4,1,1,1,1,1,1,1,4),
(0.,0.149379665294656,0.288273014687601,0.418942648167458,0.547753389590675,
0.670496533301504,0.782663672045753,0.890203158268387,1.),.UNSPECIFIED.);
#366=B_SPLINE_CURVE_WITH_KNOTS('',3,(#8100,#8101,#8102,#8103,#8104,#8105,
#8106,#8107,#8108,#8109,#8110),.UNSPECIFIED.,.F.,.F.,(4,1,1,1,1,1,1,1,4),
(0.,0.113008663357688,0.223447121007772,0.335763095333029,0.457240997711765,
0.584219963833153,0.714811315114105,0.851997802140335,1.),.UNSPECIFIED.);
#367=B_SPLINE_CURVE_WITH_KNOTS('',3,(#8153,#8154,#8155,#8156,#8157,#8158,
#8159,#8160,#8161,#8162,#8163,#8164,#8165,#8166,#8167,#8168,#8169,#8170,
#8171),.UNSPECIFIED.,.F.,.F.,(4,1,1,1,1,1,1,1,1,1,1,1,1,1,1,1,4),(0.,0.0768723536038944,
0.150603343572851,0.220876273582275,0.288315870518755,0.35395225660761,
0.418604106617997,0.481972048717605,0.545247561534372,0.606993813632933,
0.665860906234417,0.723420981486814,0.778433488719744,0.833552283298071,
0.88813757158342,0.943362448943921,1.),.UNSPECIFIED.);
#368=B_SPLINE_CURVE_WITH_KNOTS('',3,(#8212,#8213,#8214,#8215,#8216,#8217,
#8218,#8219,#8220,#8221,#8222,#8223,#8224,#8225,#8226,#8227,#8228,#8229,
#8230),.UNSPECIFIED.,.F.,.F.,(4,1,1,1,1,1,1,1,1,1,1,1,1,1,1,1,4),(0.,0.0577170366867072,
0.113994474768008,0.16893758423175,0.224179487123505,0.279968804571931,
0.337633163696686,0.397092193126611,0.459041827583877,0.522525900750905,
0.586121573329079,0.650102352916103,0.71540731027663,0.782762550840158,
0.852275272320573,0.924507298607219,1.),.UNSPECIFIED.);
#369=B_SPLINE_CURVE_WITH_KNOTS('',3,(#8271,#8272,#8273,#8274,#8275,#8276,
#8277,#8278,#8279,#8280,#8281,#8282,#8283,#8284,#8285,#8286,#8287,#8288,
#8289),.UNSPECIFIED.,.F.,.F.,(4,1,1,1,1,1,1,1,1,1,1,1,1,1,1,1,4),(0.,0.0766164418639844,
0.150101977842741,0.220268821680907,0.287483908975341,0.35290178839726,
0.417338409308383,0.480866360224848,0.543808187325834,0.605854592868513,
0.665047756996982,0.722013651121557,0.777789178028364,0.832724479504672,
0.887128050755955,0.942855781853261,1.),.UNSPECIFIED.);
#370=B_SPLINE_CURVE_WITH_KNOTS('',3,(#8328,#8329,#8330,#8331,#8332,#8333,
#8334,#8335,#8336,#8337,#8338,#8339,#8340,#8341,#8342,#8343,#8344,#8345,
#8346),.UNSPECIFIED.,.F.,.F.,(4,1,1,1,1,1,1,1,1,1,1,1,1,1,1,1,4),(0.,0.0580692684342556,
0.114001303445375,0.169772099070702,0.224674954494909,0.280054150165824,
0.336957215314267,0.395112576113712,0.456649482459617,0.519182398591372,
0.582165728137028,0.645753825355143,0.710908012329458,0.778341319290106,
0.848949505917864,0.922850140892551,1.),.UNSPECIFIED.);
#371=B_SPLINE_CURVE_WITH_KNOTS('',3,(#8373,#8374,#8375,#8376,#8377,#8378,
#8379,#8380,#8381,#8382,#8383),.UNSPECIFIED.,.F.,.F.,(4,1,1,1,1,1,1,1,4),
(0.,0.153975786043391,0.294620990206987,0.425952943236339,0.551063084753368,
0.669883873511439,0.780296648018842,0.888858324162197,1.),.UNSPECIFIED.);
#372=B_SPLINE_CURVE_WITH_KNOTS('',3,(#8408,#8409,#8410,#8411,#8412,#8413,
#8414,#8415,#8416,#8417,#8418),.UNSPECIFIED.,.F.,.F.,(4,1,1,1,1,1,1,1,4),
(0.,0.113035127206385,0.22352787461649,0.337812984577189,0.462304974001557,
0.590889524052717,0.720496476039469,0.855414628911259,1.),.UNSPECIFIED.);
#373=B_SPLINE_CURVE_WITH_KNOTS('',3,(#8443,#8444,#8445,#8446,#8447,#8448,
#8449,#8450,#8451,#8452,#8453),.UNSPECIFIED.,.F.,.F.,(4,1,1,1,1,1,1,1,4),
(0.,0.149379665294656,0.288273014687601,0.418942648167458,0.547753389590675,
0.670496533301504,0.782663672045753,0.890203158268387,1.),.UNSPECIFIED.);
#374=B_SPLINE_CURVE_WITH_KNOTS('',3,(#8476,#8477,#8478,#8479,#8480,#8481,
#8482,#8483,#8484,#8485,#8486),.UNSPECIFIED.,.F.,.F.,(4,1,1,1,1,1,1,1,4),
(0.,0.113008663357688,0.223447121007772,0.335763095333029,0.457240997711765,
0.584219963833153,0.714811315114105,0.851997802140335,1.),.UNSPECIFIED.);
#375=B_SPLINE_CURVE_WITH_KNOTS('',3,(#8529,#8530,#8531,#8532,#8533,#8534,
#8535,#8536,#8537,#8538,#8539,#8540,#8541,#8542,#8543,#8544,#8545,#8546,
#8547),.UNSPECIFIED.,.F.,.F.,(4,1,1,1,1,1,1,1,1,1,1,1,1,1,1,1,4),(0.,0.0768723536038944,
0.150603343572851,0.220876273582275,0.288315870518755,0.35395225660761,
0.418604106617997,0.481972048717606,0.545247561534372,0.606993813632933,
0.665860906234417,0.723420981486814,0.778433488719744,0.833552283298071,
0.88813757158342,0.943362448943921,1.),.UNSPECIFIED.);
#376=B_SPLINE_CURVE_WITH_KNOTS('',3,(#8588,#8589,#8590,#8591,#8592,#8593,
#8594,#8595,#8596,#8597,#8598,#8599,#8600,#8601,#8602,#8603,#8604,#8605,
#8606),.UNSPECIFIED.,.F.,.F.,(4,1,1,1,1,1,1,1,1,1,1,1,1,1,1,1,4),(0.,0.0577170366867072,
0.113994474768008,0.16893758423175,0.224179487123504,0.279968804571931,
0.337633163696686,0.397092193126611,0.459041827583877,0.522525900750905,
0.586121573329079,0.650102352916103,0.71540731027663,0.782762550840158,
0.852275272320573,0.924507298607219,1.),.UNSPECIFIED.);
#377=B_SPLINE_CURVE_WITH_KNOTS('',3,(#8647,#8648,#8649,#8650,#8651,#8652,
#8653,#8654,#8655,#8656,#8657,#8658,#8659,#8660,#8661,#8662,#8663,#8664,
#8665),.UNSPECIFIED.,.F.,.F.,(4,1,1,1,1,1,1,1,1,1,1,1,1,1,1,1,4),(0.,0.0766164418639844,
0.150101977842741,0.220268821680907,0.287483908975341,0.35290178839726,
0.417338409308383,0.480866360224848,0.543808187325834,0.605854592868513,
0.665047756996982,0.722013651121557,0.777789178028364,0.832724479504672,
0.887128050755955,0.942855781853261,1.),.UNSPECIFIED.);
#378=B_SPLINE_CURVE_WITH_KNOTS('',3,(#8704,#8705,#8706,#8707,#8708,#8709,
#8710,#8711,#8712,#8713,#8714,#8715,#8716,#8717,#8718,#8719,#8720,#8721,
#8722),.UNSPECIFIED.,.F.,.F.,(4,1,1,1,1,1,1,1,1,1,1,1,1,1,1,1,4),(0.,0.0580692684342556,
0.114001303445375,0.169772099070702,0.224674954494909,0.280054150165824,
0.336957215314267,0.395112576113712,0.456649482459617,0.519182398591372,
0.582165728137028,0.645753825355143,0.710908012329458,0.778341319290106,
0.848949505917864,0.922850140892551,1.),.UNSPECIFIED.);
#379=(
BOUNDED_SURFACE()
B_SPLINE_SURFACE(1,2,((#1914,#1915,#1916,#1917,#1918,#1919,#1920,#1921,
#1922,#1923,#1924,#1925,#1926,#1927,#1928,#1929,#1930,#1931,#1932,#1933,
#1934,#1935,#1936,#1937,#1938,#1939,#1940,#1941,#1942,#1943,#1944,#1945,
#1946,#1947,#1948,#1949,#1950,#1951,#1952,#1953,#1954,#1955,#1956,#1957,
#1958,#1959,#1960,#1961,#1962,#1963,#1964,#1965,#1966,#1967,#1968,#1969,
#1970,#1971,#1972,#1973,#1974,#1975,#1976,#1977,#1978,#1979,#1980,#1981,
#1982,#1983,#1984,#1985,#1986,#1987,#1988,#1989,#1990,#1991,#1992,#1993,
#1994,#1995,#1996,#1997,#1998,#1999,#2000,#2001,#2002,#2003,#2004,#2005,
#2006,#2007,#2008,#2009,#2010,#2011,#2012,#2013,#2014,#2015,#2016,#2017,
#2018,#2019,#2020,#2021,#2022,#2023,#2024,#2025,#2026,#2027,#2028,#2029,
#2030,#2031,#2032,#2033,#2034,#2035,#2036,#2037,#2038,#2039,#2040,#2041,
#2042,#2043,#2044,#2045,#2046,#2047,#2048,#2049,#2050,#2051,#2052,#2053,
#2054,#2055,#2056,#2057,#2058,#2059,#2060,#2061,#2062,#2063,#2064,#2065,
#2066,#2067,#2068,#2069,#2070,#2071,#2072,#2073,#2074,#2075,#2076,#2077,
#2078,#2079,#2080,#2081,#2082,#2083,#2084,#2085,#2086,#2087,#2088,#2089,
#2090,#2091,#2092,#2093,#2094,#2095,#2096,#2097,#2098,#2099,#2100,#2101,
#2102,#2103,#2104,#2105,#2106,#2107,#2108,#2109,#2110,#2111,#2112,#2113,
#2114,#2115,#2116,#2117,#2118,#2119,#2120,#2121,#2122,#2123,#2124,#2125,
#2126,#2127,#2128,#2129,#2130,#2131,#2132,#2133,#2134,#2135,#2136,#2137,
#2138,#2139,#2140,#2141,#2142,#2143,#2144,#2145,#2146,#2147,#2148,#2149,
#2150,#2151,#2152,#2153,#2154,#2155,#2156,#2157,#2158,#2159,#2160,#2161,
#2162,#2163,#2164,#2165,#2166,#2167,#2168,#2169,#2170,#2171,#2172,#2173,
#2174,#2175,#2176,#2177,#2178,#2179,#2180,#2181,#2182,#2183,#2184,#2185,
#2186,#2187,#2188,#2189,#2190,#2191,#2192,#2193,#2194,#2195,#2196,#2197,
#2198,#2199,#2200,#2201,#2202,#2203,#2204,#2205,#2206,#2207,#2208,#2209,
#2210,#2211,#2212,#2213,#2214,#2215,#2216,#2217,#2218,#2219,#2220,#2221,
#2222,#2223,#2224,#2225,#2226,#2227,#2228,#2229,#2230,#2231,#2232,#2233,
#2234,#2235,#2236,#2237,#2238,#2239,#2240,#2241,#2242,#2243,#2244,#2245,
#2246,#2247,#2248,#2249,#2250,#2251,#2252,#2253,#2254,#2255,#2256,#2257,
#2258,#2259,#2260,#2261,#2262,#2263,#2264,#2265,#2266,#2267,#2268,#2269,
#2270,#2271,#2272,#2273,#2274,#2275,#2276,#2277,#2278,#2279,#2280,#2281,
#2282,#2283,#2284,#2285,#2286,#2287,#2288,#2289,#2290,#2291,#2292,#2293,
#2294,#2295,#2296,#2297,#2298,#2299,#2300,#2301,#2302,#2303,#2304,#2305,
#2306,#2307,#2308,#2309,#2310,#2311,#2312,#2313,#2314,#2315,#2316,#2317,
#2318,#2319,#2320,#2321,#2322,#2323,#2324,#2325,#2326,#2327,#2328,#2329,
#2330,#2331,#2332,#2333,#2334,#2335,#2336,#2337,#2338,#2339,#2340,#2341,
#2342,#2343,#2344,#2345,#2346,#2347,#2348,#2349,#2350,#2351,#2352,#2353,
#2354,#2355,#2356,#2357,#2358,#2359,#2360,#2361,#2362,#2363,#2364,#2365,
#2366,#2367,#2368,#2369,#2370,#2371,#2372,#2373,#2374,#2375,#2376,#2377,
#2378,#2379,#2380,#2381,#2382,#2383,#2384,#2385,#2386,#2387,#2388,#2389,
#2390,#2391,#2392,#2393,#2394,#2395,#2396,#2397,#2398,#2399,#2400,#2401,
#2402,#2403,#2404,#2405,#2406,#2407,#2408,#2409,#2410,#2411,#2412,#2413,
#2414,#2415,#2416,#2417,#2418,#2419,#2420,#2421,#2422,#2423,#2424,#2425,
#2426,#2427,#2428,#2429,#2430,#2431,#2432,#2433,#2434,#2435,#2436,#2437,
#2438,#2439,#2440,#2441,#2442,#2443,#2444),(#2445,#2446,#2447,#2448,#2449,
#2450,#2451,#2452,#2453,#2454,#2455,#2456,#2457,#2458,#2459,#2460,#2461,
#2462,#2463,#2464,#2465,#2466,#2467,#2468,#2469,#2470,#2471,#2472,#2473,
#2474,#2475,#2476,#2477,#2478,#2479,#2480,#2481,#2482,#2483,#2484,#2485,
#2486,#2487,#2488,#2489,#2490,#2491,#2492,#2493,#2494,#2495,#2496,#2497,
#2498,#2499,#2500,#2501,#2502,#2503,#2504,#2505,#2506,#2507,#2508,#2509,
#2510,#2511,#2512,#2513,#2514,#2515,#2516,#2517,#2518,#2519,#2520,#2521,
#2522,#2523,#2524,#2525,#2526,#2527,#2528,#2529,#2530,#2531,#2532,#2533,
#2534,#2535,#2536,#2537,#2538,#2539,#2540,#2541,#2542,#2543,#2544,#2545,
#2546,#2547,#2548,#2549,#2550,#2551,#2552,#2553,#2554,#2555,#2556,#2557,
#2558,#2559,#2560,#2561,#2562,#2563,#2564,#2565,#2566,#2567,#2568,#2569,
#2570,#2571,#2572,#2573,#2574,#2575,#2576,#2577,#2578,#2579,#2580,#2581,
#2582,#2583,#2584,#2585,#2586,#2587,#2588,#2589,#2590,#2591,#2592,#2593,
#2594,#2595,#2596,#2597,#2598,#2599,#2600,#2601,#2602,#2603,#2604,#2605,
#2606,#2607,#2608,#2609,#2610,#2611,#2612,#2613,#2614,#2615,#2616,#2617,
#2618,#2619,#2620,#2621,#2622,#2623,#2624,#2625,#2626,#2627,#2628,#2629,
#2630,#2631,#2632,#2633,#2634,#2635,#2636,#2637,#2638,#2639,#2640,#2641,
#2642,#2643,#2644,#2645,#2646,#2647,#2648,#2649,#2650,#2651,#2652,#2653,
#2654,#2655,#2656,#2657,#2658,#2659,#2660,#2661,#2662,#2663,#2664,#2665,
#2666,#2667,#2668,#2669,#2670,#2671,#2672,#2673,#2674,#2675,#2676,#2677,
#2678,#2679,#2680,#2681,#2682,#2683,#2684,#2685,#2686,#2687,#2688,#2689,
#2690,#2691,#2692,#2693,#2694,#2695,#2696,#2697,#2698,#2699,#2700,#2701,
#2702,#2703,#2704,#2705,#2706,#2707,#2708,#2709,#2710,#2711,#2712,#2713,
#2714,#2715,#2716,#2717,#2718,#2719,#2720,#2721,#2722,#2723,#2724,#2725,
#2726,#2727,#2728,#2729,#2730,#2731,#2732,#2733,#2734,#2735,#2736,#2737,
#2738,#2739,#2740,#2741,#2742,#2743,#2744,#2745,#2746,#2747,#2748,#2749,
#2750,#2751,#2752,#2753,#2754,#2755,#2756,#2757,#2758,#2759,#2760,#2761,
#2762,#2763,#2764,#2765,#2766,#2767,#2768,#2769,#2770,#2771,#2772,#2773,
#2774,#2775,#2776,#2777,#2778,#2779,#2780,#2781,#2782,#2783,#2784,#2785,
#2786,#2787,#2788,#2789,#2790,#2791,#2792,#2793,#2794,#2795,#2796,#2797,
#2798,#2799,#2800,#2801,#2802,#2803,#2804,#2805,#2806,#2807,#2808,#2809,
#2810,#2811,#2812,#2813,#2814,#2815,#2816,#2817,#2818,#2819,#2820,#2821,
#2822,#2823,#2824,#2825,#2826,#2827,#2828,#2829,#2830,#2831,#2832,#2833,
#2834,#2835,#2836,#2837,#2838,#2839,#2840,#2841,#2842,#2843,#2844,#2845,
#2846,#2847,#2848,#2849,#2850,#2851,#2852,#2853,#2854,#2855,#2856,#2857,
#2858,#2859,#2860,#2861,#2862,#2863,#2864,#2865,#2866,#2867,#2868,#2869,
#2870,#2871,#2872,#2873,#2874,#2875,#2876,#2877,#2878,#2879,#2880,#2881,
#2882,#2883,#2884,#2885,#2886,#2887,#2888,#2889,#2890,#2891,#2892,#2893,
#2894,#2895,#2896,#2897,#2898,#2899,#2900,#2901,#2902,#2903,#2904,#2905,
#2906,#2907,#2908,#2909,#2910,#2911,#2912,#2913,#2914,#2915,#2916,#2917,
#2918,#2919,#2920,#2921,#2922,#2923,#2924,#2925,#2926,#2927,#2928,#2929,
#2930,#2931,#2932,#2933,#2934,#2935,#2936,#2937,#2938,#2939,#2940,#2941,
#2942,#2943,#2944,#2945,#2946,#2947,#2948,#2949,#2950,#2951,#2952,#2953,
#2954,#2955,#2956,#2957,#2958,#2959,#2960,#2961,#2962,#2963,#2964,#2965,
#2966,#2967,#2968,#2969,#2970,#2971,#2972,#2973,#2974,#2975)),
 .RULED_SURF.,.F.,.F.,.F.)
B_SPLINE_SURFACE_WITH_KNOTS((2,2),(3,2,2,2,2,2,2,2,2,2,2,2,2,2,2,2,2,2,
2,2,2,2,2,2,2,2,2,2,2,2,2,2,2,2,2,2,2,2,2,2,2,2,2,2,2,2,2,2,2,2,2,2,2,2,
2,2,2,2,2,2,2,2,2,2,2,2,2,2,2,2,2,2,2,2,2,2,2,2,2,2,2,2,2,2,2,2,2,2,2,2,
2,2,2,2,2,2,2,2,2,2,2,2,2,2,2,2,2,2,2,2,2,2,2,2,2,2,2,2,2,2,2,2,2,2,2,2,
2,2,2,2,2,2,2,2,2,2,2,2,2,2,2,2,2,2,2,2,2,2,2,2,2,2,2,2,2,2,2,2,2,2,2,2,
2,2,2,2,2,2,2,2,2,2,2,2,2,2,2,2,2,2,2,2,2,2,2,2,2,2,2,2,2,2,2,2,2,2,2,2,
2,2,2,2,2,2,2,2,2,2,2,2,2,2,2,2,2,2,2,2,2,2,2,2,2,2,2,2,2,2,2,2,2,2,2,2,
2,2,2,2,2,2,2,2,2,2,2,2,2,2,2,2,2,2,2,2,2,2,2,2,2,2,2,2,2,2,2,3),(0.0769230769229713,
1.),(0.00795628833645617,0.0107142857142857,0.0142857142857143,0.0178571428571428,
0.0214285714285714,0.025,0.0285714285714285,0.0321428571428571,0.0357142857142857,
0.0392857142857143,0.0428571428571429,0.0464285714285714,0.05,0.0535714285714286,
0.0571428571428571,0.0607142857142857,0.0642857142857143,0.0678571428571429,
0.0714285714285714,0.075,0.0785714285714286,0.0821428571428571,0.0857142857142857,
0.0892857142857143,0.0928571428571429,0.0964285714285714,0.1,0.103571428571429,
0.107142857142857,0.110714285714286,0.114285714285714,0.117857142857143,
0.121428571428571,0.125,0.128571428571429,0.132142857142857,0.135714285714286,
0.139285714285714,0.142857142857143,0.146428571428571,0.15,0.153571428571428,
0.157142857142857,0.160714285714285,0.164285714285714,0.167857142857143,
0.171428571428572,0.175,0.178571428571428,0.182142857142857,0.185714285714285,
0.189285714285715,0.192857142857143,0.196428571428572,0.2,0.203571428571429,
0.207142857142857,0.210714285714285,0.214285714285714,0.217857142857143,
0.221428571428572,0.225,0.228571428571428,0.232142857142857,0.235714285714285,
0.239285714285715,0.242857142857143,0.246428571428572,0.25,0.253571428571429,
0.257142857142857,0.260714285714286,0.264285714285715,0.267857142857143,
0.271428571428572,0.275,0.278571428571429,0.282142857142857,0.285714285714286,
0.289285714285715,0.292857142857143,0.296428571428571,0.3,0.303571428571428,
0.307142857142857,0.310714285714285,0.314285714285715,0.317857142857143,
0.321428571428572,0.325,0.328571428571429,0.332142857142857,0.335714285714286,
0.339285714285715,0.342857142857143,0.346428571428572,0.35,0.353571428571429,
0.357142857142857,0.360714285714286,0.364285714285714,0.367857142857143,
0.371428571428571,0.375,0.378571428571429,0.382142857142857,0.385714285714286,
0.389285714285715,0.392857142857143,0.396428571428572,0.4,0.403571428571429,
0.407142857142857,0.410714285714286,0.414285714285715,0.417857142857143,
0.421428571428571,0.425,0.428571428571428,0.432142857142857,0.435714285714285,
0.439285714285715,0.442857142857143,0.446428571428572,0.45,0.453571428571429,
0.457142857142857,0.460714285714286,0.464285714285714,0.467857142857143,
0.471428571428571,0.475,0.478571428571429,0.482142857142857,0.485714285714286,
0.489285714285714,0.492857142857143,0.496428571428571,0.5,0.503571428571429,
0.507142857142857,0.510714285714286,0.514285714285714,0.517857142857143,
0.521428571428572,0.525,0.528571428571429,0.532142857142857,0.535714285714286,
0.539285714285714,0.542857142857143,0.546428571428571,0.55,0.553571428571429,
0.557142857142857,0.560714285714286,0.564285714285714,0.567857142857143,
0.571428571428571,0.575,0.578571428571429,0.582142857142857,0.585714285714286,
0.589285714285714,0.592857142857143,0.596428571428571,0.6,0.603571428571429,
0.607142857142857,0.610714285714286,0.614285714285714,0.617857142857143,
0.621428571428571,0.625,0.628571428571429,0.632142857142857,0.635714285714286,
0.639285714285714,0.642857142857143,0.646428571428572,0.65,0.653571428571429,
0.657142857142857,0.660714285714286,0.664285714285714,0.667857142857143,
0.671428571428571,0.675,0.678571428571429,0.682142857142857,0.685714285714286,
0.689285714285714,0.692857142857143,0.696428571428571,0.7,0.703571428571429,
0.707142857142857,0.710714285714286,0.714285714285714,0.717857142857143,
0.721428571428571,0.725,0.728571428571429,0.732142857142857,0.735714285714286,
0.739285714285714,0.742857142857143,0.746428571428571,0.75,0.753571428571429,
0.757142857142857,0.760714285714286,0.764285714285714,0.767857142857143,
0.771428571428572,0.775,0.778571428571429,0.782142857142857,0.785714285714286,
0.789285714285714,0.792857142857143,0.796428571428571,0.8,0.803571428571429,
0.807142857142857,0.810714285714286,0.814285714285714,0.817857142857143,
0.821428571428571,0.825,0.828571428571429,0.832142857142857,0.835714285714286,
0.839285714285714,0.842857142857143,0.846428571428571,0.85,0.853571428571429,
0.857142857142857,0.860714285714286,0.864285714285714,0.867857142857143,
0.871428571428571,0.875,0.878571428571429,0.882142857142857,0.885714285714286,
0.889285714285714,0.892857142857143,0.896428571428572,0.9,0.903571428571429,
0.907142857142857,0.910714285714286,0.914285714285714,0.917857142857143,
0.921428571428571,0.925,0.928571428571429,0.932142857142857,0.935714285714286,
0.939285714285714,0.942857142857143,0.946428571428571,0.95,0.952841860648218),
 .PIECEWISE_BEZIER_KNOTS.)
GEOMETRIC_REPRESENTATION_ITEM()
RATIONAL_B_SPLINE_SURFACE(((0.973222984074591,0.941216786074752,1.,0.923879532511287,
1.,0.923879532511287,1.,0.923879532511287,1.,0.923879532511287,1.,0.923879532511287,
1.,0.923879532511287,1.,0.923879532511287,1.,0.923879532511287,1.,0.923879532511287,
1.,0.923879532511287,1.,0.923879532511287,1.,0.923879532511287,1.,0.923879532511287,
1.,0.923879532511287,1.,0.923879532511287,1.,0.923879532511287,1.,0.923879532511287,
1.,0.923879532511287,1.,0.923879532511287,1.,0.923879532511287,1.,0.923879532511287,
1.,0.923879532511287,1.,0.923879532511287,1.,0.923879532511287,1.,0.923879532511287,
1.,0.923879532511287,1.,0.923879532511287,1.,0.923879532511287,1.,0.923879532511287,
1.,0.923879532511287,1.,0.923879532511287,1.,0.923879532511287,1.,0.923879532511287,
1.,0.923879532511287,1.,0.923879532511287,1.,0.923879532511287,1.,0.923879532511287,
1.,0.923879532511287,1.,0.923879532511287,1.,0.923879532511287,1.,0.923879532511287,
1.,0.923879532511287,1.,0.923879532511287,1.,0.923879532511287,1.,0.923879532511287,
1.,0.923879532511287,1.,0.923879532511287,1.,0.923879532511287,1.,0.923879532511287,
1.,0.923879532511287,1.,0.923879532511287,1.,0.923879532511287,1.,0.923879532511287,
1.,0.923879532511287,1.,0.923879532511287,1.,0.923879532511287,1.,0.923879532511287,
1.,0.923879532511287,1.,0.923879532511287,1.,0.923879532511287,1.,0.923879532511287,
1.,0.923879532511287,1.,0.923879532511287,1.,0.923879532511287,1.,0.923879532511287,
1.,0.923879532511287,1.,0.923879532511287,1.,0.923879532511287,1.,0.923879532511287,
1.,0.923879532511287,1.,0.923879532511287,1.,0.923879532511287,1.,0.923879532511287,
1.,0.923879532511287,1.,0.923879532511287,1.,0.923879532511287,1.,0.923879532511287,
1.,0.923879532511287,1.,0.923879532511287,1.,0.923879532511287,1.,0.923879532511287,
1.,0.923879532511287,1.,0.923879532511287,1.,0.923879532511287,1.,0.923879532511287,
1.,0.923879532511287,1.,0.923879532511287,1.,0.923879532511287,1.,0.923879532511287,
1.,0.923879532511287,1.,0.923879532511287,1.,0.923879532511287,1.,0.923879532511287,
1.,0.923879532511287,1.,0.923879532511287,1.,0.923879532511287,1.,0.923879532511287,
1.,0.923879532511287,1.,0.923879532511287,1.,0.923879532511287,1.,0.923879532511287,
1.,0.923879532511287,1.,0.923879532511287,1.,0.923879532511287,1.,0.923879532511287,
1.,0.923879532511287,1.,0.923879532511287,1.,0.923879532511287,1.,0.923879532511287,
1.,0.923879532511287,1.,0.923879532511287,1.,0.923879532511287,1.,0.923879532511287,
1.,0.923879532511287,1.,0.923879532511287,1.,0.923879532511287,1.,0.923879532511287,
1.,0.923879532511287,1.,0.923879532511287,1.,0.923879532511287,1.,0.923879532511287,
1.,0.923879532511287,1.,0.923879532511287,1.,0.923879532511287,1.,0.923879532511287,
1.,0.923879532511287,1.,0.923879532511287,1.,0.923879532511287,1.,0.923879532511287,
1.,0.923879532511287,1.,0.923879532511287,1.,0.923879532511287,1.,0.923879532511287,
1.,0.923879532511287,1.,0.923879532511287,1.,0.923879532511287,1.,0.923879532511287,
1.,0.923879532511287,1.,0.923879532511287,1.,0.923879532511287,1.,0.923879532511287,
1.,0.923879532511287,1.,0.923879532511287,1.,0.923879532511287,1.,0.923879532511287,
1.,0.923879532511287,1.,0.923879532511287,1.,0.923879532511287,1.,0.923879532511287,
1.,0.923879532511287,1.,0.923879532511287,1.,0.923879532511287,1.,0.923879532511287,
1.,0.923879532511287,1.,0.923879532511287,1.,0.923879532511287,1.,0.923879532511287,
1.,0.923879532511287,1.,0.923879532511287,1.,0.923879532511287,1.,0.923879532511287,
1.,0.923879532511287,1.,0.923879532511287,1.,0.923879532511287,1.,0.923879532511287,
1.,0.923879532511287,1.,0.923879532511287,1.,0.923879532511287,1.,0.923879532511287,
1.,0.923879532511287,1.,0.923879532511287,1.,0.923879532511287,1.,0.923879532511287,
1.,0.923879532511287,1.,0.923879532511287,1.,0.923879532511287,1.,0.923879532511287,
1.,0.923879532511287,1.,0.923879532511287,1.,0.923879532511287,1.,0.923879532511287,
1.,0.923879532511287,1.,0.923879532511287,1.,0.923879532511287,1.,0.923879532511287,
1.,0.923879532511287,1.,0.923879532511287,1.,0.923879532511287,1.,0.923879532511287,
1.,0.923879532511287,1.,0.923879532511287,1.,0.923879532511287,1.,0.923879532511287,
1.,0.923879532511287,1.,0.923879532511287,1.,0.923879532511287,1.,0.923879532511287,
1.,0.923879532511287,1.,0.923879532511287,1.,0.923879532511287,1.,0.923879532511287,
1.,0.923879532511287,1.,0.923879532511287,1.,0.923879532511287,1.,0.923879532511287,
1.,0.923879532511287,1.,0.923879532511287,1.,0.923879532511287,1.,0.923879532511287,
1.,0.923879532511287,1.,0.923879532511287,1.,0.923879532511287,1.,0.923879532511287,
1.,0.923879532511287,1.,0.923879532511287,1.,0.923879532511287,1.,0.923879532511287,
1.,0.923879532511287,1.,0.923879532511287,1.,0.923879532511287,1.,0.923879532511287,
1.,0.923879532511287,1.,0.923879532511287,1.,0.923879532511287,1.,0.923879532511287,
1.,0.923879532511287,1.,0.923879532511287,1.,0.923879532511287,1.,0.923879532511287,
1.,0.923879532511287,1.,0.923879532511287,1.,0.923879532511287,1.,0.923879532511287,
1.,0.923879532511287,1.,0.923879532511287,1.,0.923879532511287,1.,0.923879532511287,
1.,0.923879532511287,1.,0.923879532511287,1.,0.923879532511287,1.,0.923879532511287,
1.,0.923879532511287,1.,0.923879532511287,1.,0.923879532511287,1.,0.923879532511287,
1.,0.923879532511287,1.,0.923879532511287,1.,0.923879532511287,1.,0.923879532511287,
1.,0.923879532511287,1.,0.923879532511287,1.,0.923879532511287,1.,0.923879532511287,
1.,0.923879532511287,1.,0.923879532511287,1.,0.923879532511287,1.,0.923879532511287,
1.,0.923879532511287,1.,0.923879532511287,1.,0.923879532511287,1.,0.923879532511287,
1.,0.923879532511287,1.,0.923879532511287,1.,0.939429346897572,0.975253372868776),
(0.973222984074591,0.941216786074752,1.,0.923879532511287,1.,0.923879532511287,
1.,0.923879532511287,1.,0.923879532511287,1.,0.923879532511287,1.,0.923879532511287,
1.,0.923879532511287,1.,0.923879532511287,1.,0.923879532511287,1.,0.923879532511287,
1.,0.923879532511287,1.,0.923879532511287,1.,0.923879532511287,1.,0.923879532511287,
1.,0.923879532511287,1.,0.923879532511287,1.,0.923879532511287,1.,0.923879532511287,
1.,0.923879532511287,1.,0.923879532511287,1.,0.923879532511287,1.,0.923879532511287,
1.,0.923879532511287,1.,0.923879532511287,1.,0.923879532511287,1.,0.923879532511287,
1.,0.923879532511287,1.,0.923879532511287,1.,0.923879532511287,1.,0.923879532511287,
1.,0.923879532511287,1.,0.923879532511287,1.,0.923879532511287,1.,0.923879532511287,
1.,0.923879532511287,1.,0.923879532511287,1.,0.923879532511287,1.,0.923879532511287,
1.,0.923879532511287,1.,0.923879532511287,1.,0.923879532511287,1.,0.923879532511287,
1.,0.923879532511287,1.,0.923879532511287,1.,0.923879532511287,1.,0.923879532511287,
1.,0.923879532511287,1.,0.923879532511287,1.,0.923879532511287,1.,0.923879532511287,
1.,0.923879532511287,1.,0.923879532511287,1.,0.923879532511287,1.,0.923879532511287,
1.,0.923879532511287,1.,0.923879532511287,1.,0.923879532511287,1.,0.923879532511287,
1.,0.923879532511287,1.,0.923879532511287,1.,0.923879532511287,1.,0.923879532511287,
1.,0.923879532511287,1.,0.923879532511287,1.,0.923879532511287,1.,0.923879532511287,
1.,0.923879532511287,1.,0.923879532511287,1.,0.923879532511287,1.,0.923879532511287,
1.,0.923879532511287,1.,0.923879532511287,1.,0.923879532511287,1.,0.923879532511287,
1.,0.923879532511287,1.,0.923879532511287,1.,0.923879532511287,1.,0.923879532511287,
1.,0.923879532511287,1.,0.923879532511287,1.,0.923879532511287,1.,0.923879532511287,
1.,0.923879532511287,1.,0.923879532511287,1.,0.923879532511287,1.,0.923879532511287,
1.,0.923879532511287,1.,0.923879532511287,1.,0.923879532511287,1.,0.923879532511287,
1.,0.923879532511287,1.,0.923879532511287,1.,0.923879532511287,1.,0.923879532511287,
1.,0.923879532511287,1.,0.923879532511287,1.,0.923879532511287,1.,0.923879532511287,
1.,0.923879532511287,1.,0.923879532511287,1.,0.923879532511287,1.,0.923879532511287,
1.,0.923879532511287,1.,0.923879532511287,1.,0.923879532511287,1.,0.923879532511287,
1.,0.923879532511287,1.,0.923879532511287,1.,0.923879532511287,1.,0.923879532511287,
1.,0.923879532511287,1.,0.923879532511287,1.,0.923879532511287,1.,0.923879532511287,
1.,0.923879532511287,1.,0.923879532511287,1.,0.923879532511287,1.,0.923879532511287,
1.,0.923879532511287,1.,0.923879532511287,1.,0.923879532511287,1.,0.923879532511287,
1.,0.923879532511287,1.,0.923879532511287,1.,0.923879532511287,1.,0.923879532511287,
1.,0.923879532511287,1.,0.923879532511287,1.,0.923879532511287,1.,0.923879532511287,
1.,0.923879532511287,1.,0.923879532511287,1.,0.923879532511287,1.,0.923879532511287,
1.,0.923879532511287,1.,0.923879532511287,1.,0.923879532511287,1.,0.923879532511287,
1.,0.923879532511287,1.,0.923879532511287,1.,0.923879532511287,1.,0.923879532511287,
1.,0.923879532511287,1.,0.923879532511287,1.,0.923879532511287,1.,0.923879532511287,
1.,0.923879532511287,1.,0.923879532511287,1.,0.923879532511287,1.,0.923879532511287,
1.,0.923879532511287,1.,0.923879532511287,1.,0.923879532511287,1.,0.923879532511287,
1.,0.923879532511287,1.,0.923879532511287,1.,0.923879532511287,1.,0.923879532511287,
1.,0.923879532511287,1.,0.923879532511287,1.,0.923879532511287,1.,0.923879532511287,
1.,0.923879532511287,1.,0.923879532511287,1.,0.923879532511287,1.,0.923879532511287,
1.,0.923879532511287,1.,0.923879532511287,1.,0.923879532511287,1.,0.923879532511287,
1.,0.923879532511287,1.,0.923879532511287,1.,0.923879532511287,1.,0.923879532511287,
1.,0.923879532511287,1.,0.923879532511287,1.,0.923879532511287,1.,0.923879532511287,
1.,0.923879532511287,1.,0.923879532511287,1.,0.923879532511287,1.,0.923879532511287,
1.,0.923879532511287,1.,0.923879532511287,1.,0.923879532511287,1.,0.923879532511287,
1.,0.923879532511287,1.,0.923879532511287,1.,0.923879532511287,1.,0.923879532511287,
1.,0.923879532511287,1.,0.923879532511287,1.,0.923879532511287,1.,0.923879532511287,
1.,0.923879532511287,1.,0.923879532511287,1.,0.923879532511287,1.,0.923879532511287,
1.,0.923879532511287,1.,0.923879532511287,1.,0.923879532511287,1.,0.923879532511287,
1.,0.923879532511287,1.,0.923879532511287,1.,0.923879532511287,1.,0.923879532511287,
1.,0.923879532511287,1.,0.923879532511287,1.,0.923879532511287,1.,0.923879532511287,
1.,0.923879532511287,1.,0.923879532511287,1.,0.923879532511287,1.,0.923879532511287,
1.,0.923879532511287,1.,0.923879532511287,1.,0.923879532511287,1.,0.923879532511287,
1.,0.923879532511287,1.,0.923879532511287,1.,0.923879532511287,1.,0.923879532511287,
1.,0.923879532511287,1.,0.923879532511287,1.,0.923879532511287,1.,0.923879532511287,
1.,0.923879532511287,1.,0.923879532511287,1.,0.923879532511287,1.,0.923879532511287,
1.,0.923879532511287,1.,0.923879532511287,1.,0.923879532511287,1.,0.923879532511287,
1.,0.923879532511287,1.,0.923879532511287,1.,0.923879532511287,1.,0.923879532511287,
1.,0.923879532511287,1.,0.923879532511287,1.,0.923879532511287,1.,0.923879532511287,
1.,0.923879532511287,1.,0.923879532511287,1.,0.923879532511287,1.,0.923879532511287,
1.,0.923879532511287,1.,0.923879532511287,1.,0.923879532511287,1.,0.923879532511287,
1.,0.923879532511287,1.,0.923879532511287,1.,0.923879532511287,1.,0.923879532511287,
1.,0.923879532511287,1.,0.923879532511287,1.,0.923879532511287,1.,0.923879532511287,
1.,0.923879532511287,1.,0.923879532511287,1.,0.923879532511287,1.,0.923879532511287,
1.,0.923879532511287,1.,0.939429346897572,0.975253372868776)))
REPRESENTATION_ITEM('')
SURFACE()
);
#380=(
BOUNDED_SURFACE()
B_SPLINE_SURFACE(1,2,((#4684,#4685,#4686,#4687,#4688,#4689,#4690,#4691,
#4692,#4693,#4694,#4695,#4696,#4697,#4698,#4699,#4700,#4701,#4702,#4703,
#4704,#4705,#4706,#4707,#4708,#4709,#4710,#4711,#4712,#4713,#4714,#4715,
#4716,#4717,#4718,#4719,#4720,#4721,#4722,#4723,#4724,#4725,#4726,#4727,
#4728,#4729,#4730,#4731,#4732,#4733,#4734,#4735,#4736,#4737,#4738,#4739,
#4740,#4741,#4742,#4743,#4744,#4745,#4746,#4747,#4748,#4749,#4750,#4751,
#4752,#4753,#4754,#4755,#4756,#4757,#4758,#4759,#4760,#4761,#4762,#4763,
#4764,#4765,#4766,#4767,#4768,#4769,#4770,#4771,#4772,#4773,#4774,#4775,
#4776,#4777,#4778,#4779,#4780,#4781,#4782,#4783,#4784,#4785,#4786,#4787,
#4788,#4789,#4790,#4791,#4792,#4793,#4794,#4795,#4796,#4797,#4798,#4799,
#4800,#4801,#4802,#4803,#4804,#4805,#4806,#4807,#4808,#4809,#4810,#4811,
#4812,#4813,#4814,#4815,#4816,#4817,#4818,#4819,#4820,#4821,#4822,#4823,
#4824,#4825,#4826,#4827,#4828,#4829,#4830,#4831,#4832,#4833,#4834,#4835,
#4836,#4837,#4838,#4839,#4840,#4841,#4842,#4843,#4844,#4845,#4846,#4847,
#4848,#4849,#4850,#4851,#4852,#4853,#4854,#4855,#4856,#4857,#4858,#4859,
#4860,#4861,#4862,#4863,#4864,#4865,#4866,#4867,#4868,#4869,#4870,#4871,
#4872,#4873,#4874,#4875,#4876,#4877,#4878,#4879,#4880,#4881,#4882,#4883,
#4884,#4885,#4886,#4887,#4888,#4889,#4890,#4891,#4892,#4893,#4894,#4895,
#4896,#4897,#4898,#4899,#4900,#4901,#4902,#4903,#4904,#4905,#4906,#4907,
#4908,#4909,#4910,#4911,#4912,#4913,#4914,#4915,#4916,#4917,#4918,#4919,
#4920,#4921,#4922,#4923,#4924,#4925,#4926,#4927,#4928,#4929,#4930,#4931,
#4932,#4933,#4934,#4935,#4936,#4937,#4938,#4939,#4940,#4941,#4942,#4943,
#4944,#4945,#4946,#4947,#4948,#4949,#4950,#4951,#4952,#4953,#4954,#4955,
#4956,#4957,#4958,#4959,#4960,#4961,#4962,#4963,#4964,#4965,#4966,#4967,
#4968,#4969,#4970,#4971,#4972,#4973,#4974,#4975,#4976,#4977,#4978,#4979,
#4980,#4981,#4982,#4983,#4984,#4985,#4986,#4987,#4988,#4989,#4990,#4991,
#4992,#4993,#4994,#4995,#4996,#4997,#4998,#4999,#5000,#5001,#5002,#5003,
#5004,#5005,#5006,#5007,#5008,#5009,#5010,#5011,#5012,#5013,#5014,#5015,
#5016,#5017,#5018,#5019,#5020,#5021,#5022,#5023,#5024,#5025,#5026,#5027,
#5028,#5029,#5030,#5031,#5032,#5033,#5034,#5035,#5036,#5037,#5038,#5039,
#5040,#5041,#5042,#5043,#5044,#5045,#5046,#5047,#5048,#5049,#5050,#5051,
#5052,#5053,#5054,#5055,#5056,#5057,#5058,#5059,#5060,#5061,#5062,#5063,
#5064,#5065,#5066,#5067,#5068,#5069,#5070,#5071,#5072,#5073,#5074,#5075,
#5076,#5077,#5078,#5079,#5080,#5081,#5082,#5083,#5084,#5085,#5086,#5087,
#5088,#5089,#5090,#5091,#5092,#5093,#5094,#5095,#5096,#5097,#5098,#5099,
#5100,#5101,#5102,#5103,#5104,#5105,#5106,#5107,#5108,#5109,#5110,#5111,
#5112,#5113,#5114,#5115,#5116,#5117,#5118,#5119,#5120,#5121,#5122,#5123,
#5124,#5125,#5126,#5127,#5128,#5129,#5130,#5131,#5132,#5133,#5134,#5135,
#5136,#5137,#5138,#5139,#5140,#5141,#5142,#5143,#5144,#5145,#5146,#5147,
#5148,#5149,#5150,#5151,#5152,#5153,#5154,#5155,#5156,#5157,#5158,#5159,
#5160,#5161,#5162,#5163,#5164,#5165,#5166,#5167,#5168,#5169,#5170,#5171,
#5172,#5173,#5174,#5175,#5176,#5177,#5178,#5179,#5180,#5181,#5182,#5183,
#5184,#5185,#5186,#5187,#5188,#5189,#5190,#5191,#5192,#5193,#5194,#5195,
#5196,#5197,#5198,#5199,#5200,#5201,#5202,#5203,#5204,#5205,#5206,#5207,
#5208,#5209,#5210,#5211,#5212,#5213,#5214,#5215,#5216,#5217,#5218,#5219,
#5220,#5221,#5222,#5223,#5224,#5225,#5226),(#5227,#5228,#5229,#5230,#5231,
#5232,#5233,#5234,#5235,#5236,#5237,#5238,#5239,#5240,#5241,#5242,#5243,
#5244,#5245,#5246,#5247,#5248,#5249,#5250,#5251,#5252,#5253,#5254,#5255,
#5256,#5257,#5258,#5259,#5260,#5261,#5262,#5263,#5264,#5265,#5266,#5267,
#5268,#5269,#5270,#5271,#5272,#5273,#5274,#5275,#5276,#5277,#5278,#5279,
#5280,#5281,#5282,#5283,#5284,#5285,#5286,#5287,#5288,#5289,#5290,#5291,
#5292,#5293,#5294,#5295,#5296,#5297,#5298,#5299,#5300,#5301,#5302,#5303,
#5304,#5305,#5306,#5307,#5308,#5309,#5310,#5311,#5312,#5313,#5314,#5315,
#5316,#5317,#5318,#5319,#5320,#5321,#5322,#5323,#5324,#5325,#5326,#5327,
#5328,#5329,#5330,#5331,#5332,#5333,#5334,#5335,#5336,#5337,#5338,#5339,
#5340,#5341,#5342,#5343,#5344,#5345,#5346,#5347,#5348,#5349,#5350,#5351,
#5352,#5353,#5354,#5355,#5356,#5357,#5358,#5359,#5360,#5361,#5362,#5363,
#5364,#5365,#5366,#5367,#5368,#5369,#5370,#5371,#5372,#5373,#5374,#5375,
#5376,#5377,#5378,#5379,#5380,#5381,#5382,#5383,#5384,#5385,#5386,#5387,
#5388,#5389,#5390,#5391,#5392,#5393,#5394,#5395,#5396,#5397,#5398,#5399,
#5400,#5401,#5402,#5403,#5404,#5405,#5406,#5407,#5408,#5409,#5410,#5411,
#5412,#5413,#5414,#5415,#5416,#5417,#5418,#5419,#5420,#5421,#5422,#5423,
#5424,#5425,#5426,#5427,#5428,#5429,#5430,#5431,#5432,#5433,#5434,#5435,
#5436,#5437,#5438,#5439,#5440,#5441,#5442,#5443,#5444,#5445,#5446,#5447,
#5448,#5449,#5450,#5451,#5452,#5453,#5454,#5455,#5456,#5457,#5458,#5459,
#5460,#5461,#5462,#5463,#5464,#5465,#5466,#5467,#5468,#5469,#5470,#5471,
#5472,#5473,#5474,#5475,#5476,#5477,#5478,#5479,#5480,#5481,#5482,#5483,
#5484,#5485,#5486,#5487,#5488,#5489,#5490,#5491,#5492,#5493,#5494,#5495,
#5496,#5497,#5498,#5499,#5500,#5501,#5502,#5503,#5504,#5505,#5506,#5507,
#5508,#5509,#5510,#5511,#5512,#5513,#5514,#5515,#5516,#5517,#5518,#5519,
#5520,#5521,#5522,#5523,#5524,#5525,#5526,#5527,#5528,#5529,#5530,#5531,
#5532,#5533,#5534,#5535,#5536,#5537,#5538,#5539,#5540,#5541,#5542,#5543,
#5544,#5545,#5546,#5547,#5548,#5549,#5550,#5551,#5552,#5553,#5554,#5555,
#5556,#5557,#5558,#5559,#5560,#5561,#5562,#5563,#5564,#5565,#5566,#5567,
#5568,#5569,#5570,#5571,#5572,#5573,#5574,#5575,#5576,#5577,#5578,#5579,
#5580,#5581,#5582,#5583,#5584,#5585,#5586,#5587,#5588,#5589,#5590,#5591,
#5592,#5593,#5594,#5595,#5596,#5597,#5598,#5599,#5600,#5601,#5602,#5603,
#5604,#5605,#5606,#5607,#5608,#5609,#5610,#5611,#5612,#5613,#5614,#5615,
#5616,#5617,#5618,#5619,#5620,#5621,#5622,#5623,#5624,#5625,#5626,#5627,
#5628,#5629,#5630,#5631,#5632,#5633,#5634,#5635,#5636,#5637,#5638,#5639,
#5640,#5641,#5642,#5643,#5644,#5645,#5646,#5647,#5648,#5649,#5650,#5651,
#5652,#5653,#5654,#5655,#5656,#5657,#5658,#5659,#5660,#5661,#5662,#5663,
#5664,#5665,#5666,#5667,#5668,#5669,#5670,#5671,#5672,#5673,#5674,#5675,
#5676,#5677,#5678,#5679,#5680,#5681,#5682,#5683,#5684,#5685,#5686,#5687,
#5688,#5689,#5690,#5691,#5692,#5693,#5694,#5695,#5696,#5697,#5698,#5699,
#5700,#5701,#5702,#5703,#5704,#5705,#5706,#5707,#5708,#5709,#5710,#5711,
#5712,#5713,#5714,#5715,#5716,#5717,#5718,#5719,#5720,#5721,#5722,#5723,
#5724,#5725,#5726,#5727,#5728,#5729,#5730,#5731,#5732,#5733,#5734,#5735,
#5736,#5737,#5738,#5739,#5740,#5741,#5742,#5743,#5744,#5745,#5746,#5747,
#5748,#5749,#5750,#5751,#5752,#5753,#5754,#5755,#5756,#5757,#5758,#5759,
#5760,#5761,#5762,#5763,#5764,#5765,#5766,#5767,#5768,#5769)),
 .RULED_SURF.,.F.,.F.,.F.)
B_SPLINE_SURFACE_WITH_KNOTS((2,2),(3,2,2,2,2,2,2,2,2,2,2,2,2,2,2,2,2,2,
2,2,2,2,2,2,2,2,2,2,2,2,2,2,2,2,2,2,2,2,2,2,2,2,2,2,2,2,2,2,2,2,2,2,2,2,
2,2,2,2,2,2,2,2,2,2,2,2,2,2,2,2,2,2,2,2,2,2,2,2,2,2,2,2,2,2,2,2,2,2,2,2,
2,2,2,2,2,2,2,2,2,2,2,2,2,2,2,2,2,2,2,2,2,2,2,2,2,2,2,2,2,2,2,2,2,2,2,2,
2,2,2,2,2,2,2,2,2,2,2,2,2,2,2,2,2,2,2,2,2,2,2,2,2,2,2,2,2,2,2,2,2,2,2,2,
2,2,2,2,2,2,2,2,2,2,2,2,2,2,2,2,2,2,2,2,2,2,2,2,2,2,2,2,2,2,2,2,2,2,2,2,
2,2,2,2,2,2,2,2,2,2,2,2,2,2,2,2,2,2,2,2,2,2,2,2,2,2,2,2,2,2,2,2,2,2,2,2,
2,2,2,2,2,2,2,2,2,2,2,2,2,2,2,2,2,2,2,2,2,2,2,2,2,2,2,2,2,2,2,2,2,2,2,2,
2,3),(0.,0.928615727449286),(0.0113991454782525,0.0142857142857143,0.0178571428571428,
0.0214285714285714,0.025,0.0285714285714285,0.0321428571428571,0.0357142857142857,
0.0392857142857143,0.0428571428571429,0.0464285714285714,0.05,0.0535714285714286,
0.0571428571428571,0.0607142857142857,0.0642857142857143,0.0678571428571429,
0.0714285714285714,0.075,0.0785714285714286,0.0821428571428571,0.0857142857142857,
0.0892857142857143,0.0928571428571429,0.0964285714285714,0.1,0.103571428571429,
0.107142857142857,0.110714285714286,0.114285714285714,0.117857142857143,
0.121428571428571,0.125,0.128571428571429,0.132142857142857,0.135714285714286,
0.139285714285714,0.142857142857143,0.146428571428571,0.15,0.153571428571428,
0.157142857142857,0.160714285714285,0.164285714285714,0.167857142857143,
0.171428571428572,0.175,0.178571428571428,0.182142857142857,0.185714285714285,
0.189285714285715,0.192857142857143,0.196428571428572,0.2,0.203571428571429,
0.207142857142857,0.210714285714285,0.214285714285714,0.217857142857143,
0.221428571428572,0.225,0.228571428571428,0.232142857142857,0.235714285714285,
0.239285714285715,0.242857142857143,0.246428571428572,0.25,0.253571428571429,
0.257142857142857,0.260714285714286,0.264285714285715,0.267857142857143,
0.271428571428572,0.275,0.278571428571429,0.282142857142857,0.285714285714286,
0.289285714285715,0.292857142857143,0.296428571428571,0.3,0.303571428571428,
0.307142857142857,0.310714285714285,0.314285714285715,0.317857142857143,
0.321428571428572,0.325,0.328571428571429,0.332142857142857,0.335714285714286,
0.339285714285715,0.342857142857143,0.346428571428572,0.35,0.353571428571429,
0.357142857142857,0.360714285714286,0.364285714285714,0.367857142857143,
0.371428571428571,0.375,0.378571428571429,0.382142857142857,0.385714285714286,
0.389285714285715,0.392857142857143,0.396428571428572,0.4,0.403571428571429,
0.407142857142857,0.410714285714286,0.414285714285715,0.417857142857143,
0.421428571428571,0.425,0.428571428571428,0.432142857142857,0.435714285714285,
0.439285714285715,0.442857142857143,0.446428571428572,0.45,0.453571428571429,
0.457142857142857,0.460714285714286,0.464285714285714,0.467857142857143,
0.471428571428571,0.475,0.478571428571429,0.482142857142857,0.485714285714286,
0.489285714285714,0.492857142857143,0.496428571428571,0.5,0.503571428571429,
0.507142857142857,0.510714285714286,0.514285714285714,0.517857142857143,
0.521428571428572,0.525,0.528571428571429,0.532142857142857,0.535714285714286,
0.539285714285714,0.542857142857143,0.546428571428571,0.55,0.553571428571429,
0.557142857142857,0.560714285714286,0.564285714285714,0.567857142857143,
0.571428571428571,0.575,0.578571428571429,0.582142857142857,0.585714285714286,
0.589285714285714,0.592857142857143,0.596428571428571,0.6,0.603571428571429,
0.607142857142857,0.610714285714286,0.614285714285714,0.617857142857143,
0.621428571428571,0.625,0.628571428571429,0.632142857142857,0.635714285714286,
0.639285714285714,0.642857142857143,0.646428571428572,0.65,0.653571428571429,
0.657142857142857,0.660714285714286,0.664285714285714,0.667857142857143,
0.671428571428571,0.675,0.678571428571429,0.682142857142857,0.685714285714286,
0.689285714285714,0.692857142857143,0.696428571428571,0.7,0.703571428571429,
0.707142857142857,0.710714285714286,0.714285714285714,0.717857142857143,
0.721428571428571,0.725,0.728571428571429,0.732142857142857,0.735714285714286,
0.739285714285714,0.742857142857143,0.746428571428571,0.75,0.753571428571429,
0.757142857142857,0.760714285714286,0.764285714285714,0.767857142857143,
0.771428571428572,0.775,0.778571428571429,0.782142857142857,0.785714285714286,
0.789285714285714,0.792857142857143,0.796428571428571,0.8,0.803571428571429,
0.807142857142857,0.810714285714286,0.814285714285714,0.817857142857143,
0.821428571428571,0.825,0.828571428571429,0.832142857142857,0.835714285714286,
0.839285714285714,0.842857142857143,0.846428571428571,0.85,0.853571428571429,
0.857142857142857,0.860714285714286,0.864285714285714,0.867857142857143,
0.871428571428571,0.875,0.878571428571429,0.882142857142857,0.885714285714286,
0.889285714285714,0.892857142857143,0.896428571428572,0.9,0.903571428571429,
0.907142857142857,0.910714285714286,0.914285714285714,0.917857142857143,
0.921428571428571,0.925,0.928571428571429,0.932142857142857,0.935714285714286,
0.939285714285714,0.942857142857143,0.946428571428571,0.95,0.953571428571429,
0.957142857142857,0.960714285714286,0.964285714285714,0.967857142857143,
0.971428571428571,0.975,0.977970432076797),.PIECEWISE_BEZIER_KNOTS.)
GEOMETRIC_REPRESENTATION_ITEM()
RATIONAL_B_SPLINE_SURFACE(((0.976404397500247,0.938476449222548,1.,0.923879532511287,
1.,0.923879532511287,1.,0.923879532511287,1.,0.923879532511287,1.,0.923879532511287,
1.,0.923879532511287,1.,0.923879532511287,1.,0.923879532511287,1.,0.923879532511287,
1.,0.923879532511287,1.,0.923879532511287,1.,0.923879532511287,1.,0.923879532511287,
1.,0.923879532511287,1.,0.923879532511287,1.,0.923879532511287,1.,0.923879532511287,
1.,0.923879532511287,1.,0.923879532511287,1.,0.923879532511287,1.,0.923879532511287,
1.,0.923879532511287,1.,0.923879532511287,1.,0.923879532511287,1.,0.923879532511287,
1.,0.923879532511287,1.,0.923879532511287,1.,0.923879532511287,1.,0.923879532511287,
1.,0.923879532511287,1.,0.923879532511287,1.,0.923879532511287,1.,0.923879532511287,
1.,0.923879532511287,1.,0.923879532511287,1.,0.923879532511287,1.,0.923879532511287,
1.,0.923879532511287,1.,0.923879532511287,1.,0.923879532511287,1.,0.923879532511287,
1.,0.923879532511287,1.,0.923879532511287,1.,0.923879532511287,1.,0.923879532511287,
1.,0.923879532511287,1.,0.923879532511287,1.,0.923879532511287,1.,0.923879532511287,
1.,0.923879532511287,1.,0.923879532511287,1.,0.923879532511287,1.,0.923879532511287,
1.,0.923879532511287,1.,0.923879532511287,1.,0.923879532511287,1.,0.923879532511287,
1.,0.923879532511287,1.,0.923879532511287,1.,0.923879532511287,1.,0.923879532511287,
1.,0.923879532511287,1.,0.923879532511287,1.,0.923879532511287,1.,0.923879532511287,
1.,0.923879532511287,1.,0.923879532511287,1.,0.923879532511287,1.,0.923879532511287,
1.,0.923879532511287,1.,0.923879532511287,1.,0.923879532511287,1.,0.923879532511287,
1.,0.923879532511287,1.,0.923879532511287,1.,0.923879532511287,1.,0.923879532511287,
1.,0.923879532511287,1.,0.923879532511287,1.,0.923879532511287,1.,0.923879532511287,
1.,0.923879532511287,1.,0.923879532511287,1.,0.923879532511287,1.,0.923879532511287,
1.,0.923879532511287,1.,0.923879532511287,1.,0.923879532511287,1.,0.923879532511287,
1.,0.923879532511287,1.,0.923879532511287,1.,0.923879532511287,1.,0.923879532511287,
1.,0.923879532511287,1.,0.923879532511287,1.,0.923879532511287,1.,0.923879532511287,
1.,0.923879532511287,1.,0.923879532511287,1.,0.923879532511287,1.,0.923879532511287,
1.,0.923879532511287,1.,0.923879532511287,1.,0.923879532511287,1.,0.923879532511287,
1.,0.923879532511287,1.,0.923879532511287,1.,0.923879532511287,1.,0.923879532511287,
1.,0.923879532511287,1.,0.923879532511287,1.,0.923879532511287,1.,0.923879532511287,
1.,0.923879532511287,1.,0.923879532511287,1.,0.923879532511287,1.,0.923879532511287,
1.,0.923879532511287,1.,0.923879532511287,1.,0.923879532511287,1.,0.923879532511287,
1.,0.923879532511287,1.,0.923879532511287,1.,0.923879532511287,1.,0.923879532511287,
1.,0.923879532511287,1.,0.923879532511287,1.,0.923879532511287,1.,0.923879532511287,
1.,0.923879532511287,1.,0.923879532511287,1.,0.923879532511287,1.,0.923879532511287,
1.,0.923879532511287,1.,0.923879532511287,1.,0.923879532511287,1.,0.923879532511287,
1.,0.923879532511287,1.,0.923879532511287,1.,0.923879532511287,1.,0.923879532511287,
1.,0.923879532511287,1.,0.923879532511287,1.,0.923879532511287,1.,0.923879532511287,
1.,0.923879532511287,1.,0.923879532511287,1.,0.923879532511287,1.,0.923879532511287,
1.,0.923879532511287,1.,0.923879532511287,1.,0.923879532511287,1.,0.923879532511287,
1.,0.923879532511287,1.,0.923879532511287,1.,0.923879532511287,1.,0.923879532511287,
1.,0.923879532511287,1.,0.923879532511287,1.,0.923879532511287,1.,0.923879532511287,
1.,0.923879532511287,1.,0.923879532511287,1.,0.923879532511287,1.,0.923879532511287,
1.,0.923879532511287,1.,0.923879532511287,1.,0.923879532511287,1.,0.923879532511287,
1.,0.923879532511287,1.,0.923879532511287,1.,0.923879532511287,1.,0.923879532511287,
1.,0.923879532511287,1.,0.923879532511287,1.,0.923879532511287,1.,0.923879532511287,
1.,0.923879532511287,1.,0.923879532511287,1.,0.923879532511287,1.,0.923879532511287,
1.,0.923879532511287,1.,0.923879532511287,1.,0.923879532511287,1.,0.923879532511287,
1.,0.923879532511287,1.,0.923879532511287,1.,0.923879532511287,1.,0.923879532511287,
1.,0.923879532511287,1.,0.923879532511287,1.,0.923879532511287,1.,0.923879532511287,
1.,0.923879532511287,1.,0.923879532511287,1.,0.923879532511287,1.,0.923879532511287,
1.,0.923879532511287,1.,0.923879532511287,1.,0.923879532511287,1.,0.923879532511287,
1.,0.923879532511287,1.,0.923879532511287,1.,0.923879532511287,1.,0.923879532511287,
1.,0.923879532511287,1.,0.923879532511287,1.,0.923879532511287,1.,0.923879532511287,
1.,0.923879532511287,1.,0.923879532511287,1.,0.923879532511287,1.,0.923879532511287,
1.,0.923879532511287,1.,0.923879532511287,1.,0.923879532511287,1.,0.923879532511287,
1.,0.923879532511287,1.,0.923879532511287,1.,0.923879532511287,1.,0.923879532511287,
1.,0.923879532511287,1.,0.923879532511287,1.,0.923879532511287,1.,0.923879532511287,
1.,0.923879532511287,1.,0.923879532511287,1.,0.923879532511287,1.,0.923879532511287,
1.,0.923879532511287,1.,0.923879532511287,1.,0.923879532511287,1.,0.923879532511287,
1.,0.923879532511287,1.,0.923879532511287,1.,0.923879532511287,1.,0.923879532511287,
1.,0.923879532511287,1.,0.923879532511287,1.,0.923879532511287,1.,0.923879532511287,
1.,0.923879532511287,1.,0.923879532511287,1.,0.923879532511287,1.,0.923879532511287,
1.,0.923879532511287,1.,0.923879532511287,1.,0.923879532511287,1.,0.923879532511287,
1.,0.923879532511287,1.,0.923879532511287,1.,0.923879532511287,1.,0.923879532511287,
1.,0.923879532511287,1.,0.923879532511287,1.,0.923879532511287,1.,0.923879532511287,
1.,0.923879532511287,1.,0.923879532511287,1.,0.923879532511287,1.,0.923879532511287,
1.,0.923879532511287,1.,0.923879532511287,1.,0.923879532511287,1.,0.923879532511287,
1.,0.923879532511287,1.,0.923879532511287,1.,0.923879532511287,1.,0.923879532511287,
1.,0.936689010067822,0.978692177508276),(0.976404397500247,0.938476449222548,
1.,0.923879532511287,1.,0.923879532511287,1.,0.923879532511287,1.,0.923879532511287,
1.,0.923879532511287,1.,0.923879532511287,1.,0.923879532511287,1.,0.923879532511287,
1.,0.923879532511287,1.,0.923879532511287,1.,0.923879532511287,1.,0.923879532511287,
1.,0.923879532511287,1.,0.923879532511287,1.,0.923879532511287,1.,0.923879532511287,
1.,0.923879532511287,1.,0.923879532511287,1.,0.923879532511287,1.,0.923879532511287,
1.,0.923879532511287,1.,0.923879532511287,1.,0.923879532511287,1.,0.923879532511287,
1.,0.923879532511287,1.,0.923879532511287,1.,0.923879532511287,1.,0.923879532511287,
1.,0.923879532511287,1.,0.923879532511287,1.,0.923879532511287,1.,0.923879532511287,
1.,0.923879532511287,1.,0.923879532511287,1.,0.923879532511287,1.,0.923879532511287,
1.,0.923879532511287,1.,0.923879532511287,1.,0.923879532511287,1.,0.923879532511287,
1.,0.923879532511287,1.,0.923879532511287,1.,0.923879532511287,1.,0.923879532511287,
1.,0.923879532511287,1.,0.923879532511287,1.,0.923879532511287,1.,0.923879532511287,
1.,0.923879532511287,1.,0.923879532511287,1.,0.923879532511287,1.,0.923879532511287,
1.,0.923879532511287,1.,0.923879532511287,1.,0.923879532511287,1.,0.923879532511287,
1.,0.923879532511287,1.,0.923879532511287,1.,0.923879532511287,1.,0.923879532511287,
1.,0.923879532511287,1.,0.923879532511287,1.,0.923879532511287,1.,0.923879532511287,
1.,0.923879532511287,1.,0.923879532511287,1.,0.923879532511287,1.,0.923879532511287,
1.,0.923879532511287,1.,0.923879532511287,1.,0.923879532511287,1.,0.923879532511287,
1.,0.923879532511287,1.,0.923879532511287,1.,0.923879532511287,1.,0.923879532511287,
1.,0.923879532511287,1.,0.923879532511287,1.,0.923879532511287,1.,0.923879532511287,
1.,0.923879532511287,1.,0.923879532511287,1.,0.923879532511287,1.,0.923879532511287,
1.,0.923879532511287,1.,0.923879532511287,1.,0.923879532511287,1.,0.923879532511287,
1.,0.923879532511287,1.,0.923879532511287,1.,0.923879532511287,1.,0.923879532511287,
1.,0.923879532511287,1.,0.923879532511287,1.,0.923879532511287,1.,0.923879532511287,
1.,0.923879532511287,1.,0.923879532511287,1.,0.923879532511287,1.,0.923879532511287,
1.,0.923879532511287,1.,0.923879532511287,1.,0.923879532511287,1.,0.923879532511287,
1.,0.923879532511287,1.,0.923879532511287,1.,0.923879532511287,1.,0.923879532511287,
1.,0.923879532511287,1.,0.923879532511287,1.,0.923879532511287,1.,0.923879532511287,
1.,0.923879532511287,1.,0.923879532511287,1.,0.923879532511287,1.,0.923879532511287,
1.,0.923879532511287,1.,0.923879532511287,1.,0.923879532511287,1.,0.923879532511287,
1.,0.923879532511287,1.,0.923879532511287,1.,0.923879532511287,1.,0.923879532511287,
1.,0.923879532511287,1.,0.923879532511287,1.,0.923879532511287,1.,0.923879532511287,
1.,0.923879532511287,1.,0.923879532511287,1.,0.923879532511287,1.,0.923879532511287,
1.,0.923879532511287,1.,0.923879532511287,1.,0.923879532511287,1.,0.923879532511287,
1.,0.923879532511287,1.,0.923879532511287,1.,0.923879532511287,1.,0.923879532511287,
1.,0.923879532511287,1.,0.923879532511287,1.,0.923879532511287,1.,0.923879532511287,
1.,0.923879532511287,1.,0.923879532511287,1.,0.923879532511287,1.,0.923879532511287,
1.,0.923879532511287,1.,0.923879532511287,1.,0.923879532511287,1.,0.923879532511287,
1.,0.923879532511287,1.,0.923879532511287,1.,0.923879532511287,1.,0.923879532511287,
1.,0.923879532511287,1.,0.923879532511287,1.,0.923879532511287,1.,0.923879532511287,
1.,0.923879532511287,1.,0.923879532511287,1.,0.923879532511287,1.,0.923879532511287,
1.,0.923879532511287,1.,0.923879532511287,1.,0.923879532511287,1.,0.923879532511287,
1.,0.923879532511287,1.,0.923879532511287,1.,0.923879532511287,1.,0.923879532511287,
1.,0.923879532511287,1.,0.923879532511287,1.,0.923879532511287,1.,0.923879532511287,
1.,0.923879532511287,1.,0.923879532511287,1.,0.923879532511287,1.,0.923879532511287,
1.,0.923879532511287,1.,0.923879532511287,1.,0.923879532511287,1.,0.923879532511287,
1.,0.923879532511287,1.,0.923879532511287,1.,0.923879532511287,1.,0.923879532511287,
1.,0.923879532511287,1.,0.923879532511287,1.,0.923879532511287,1.,0.923879532511287,
1.,0.923879532511287,1.,0.923879532511287,1.,0.923879532511287,1.,0.923879532511287,
1.,0.923879532511287,1.,0.923879532511287,1.,0.923879532511287,1.,0.923879532511287,
1.,0.923879532511287,1.,0.923879532511287,1.,0.923879532511287,1.,0.923879532511287,
1.,0.923879532511287,1.,0.923879532511287,1.,0.923879532511287,1.,0.923879532511287,
1.,0.923879532511287,1.,0.923879532511287,1.,0.923879532511287,1.,0.923879532511287,
1.,0.923879532511287,1.,0.923879532511287,1.,0.923879532511287,1.,0.923879532511287,
1.,0.923879532511287,1.,0.923879532511287,1.,0.923879532511287,1.,0.923879532511287,
1.,0.923879532511287,1.,0.923879532511287,1.,0.923879532511287,1.,0.923879532511287,
1.,0.923879532511287,1.,0.923879532511287,1.,0.923879532511287,1.,0.923879532511287,
1.,0.923879532511287,1.,0.923879532511287,1.,0.923879532511287,1.,0.923879532511287,
1.,0.923879532511287,1.,0.923879532511287,1.,0.923879532511287,1.,0.923879532511287,
1.,0.923879532511287,1.,0.923879532511287,1.,0.923879532511287,1.,0.923879532511287,
1.,0.923879532511287,1.,0.923879532511287,1.,0.923879532511287,1.,0.923879532511287,
1.,0.923879532511287,1.,0.923879532511287,1.,0.923879532511287,1.,0.923879532511287,
1.,0.923879532511287,1.,0.923879532511287,1.,0.923879532511287,1.,0.923879532511287,
1.,0.923879532511287,1.,0.923879532511287,1.,0.923879532511287,1.,0.923879532511287,
1.,0.923879532511287,1.,0.923879532511287,1.,0.923879532511287,1.,0.923879532511287,
1.,0.923879532511287,1.,0.923879532511287,1.,0.923879532511287,1.,0.923879532511287,
1.,0.923879532511287,1.,0.923879532511287,1.,0.923879532511287,1.,0.923879532511287,
1.,0.923879532511287,1.,0.936689010067822,0.978692177508276)))
REPRESENTATION_ITEM('')
SURFACE()
);
#381=ORIENTED_EDGE('',*,*,#947,.F.);
#382=ORIENTED_EDGE('',*,*,#948,.F.);
#383=ORIENTED_EDGE('',*,*,#949,.F.);
#384=ORIENTED_EDGE('',*,*,#950,.F.);
#385=ORIENTED_EDGE('',*,*,#951,.F.);
#386=ORIENTED_EDGE('',*,*,#952,.F.);
#387=ORIENTED_EDGE('',*,*,#953,.F.);
#388=ORIENTED_EDGE('',*,*,#954,.F.);
#389=ORIENTED_EDGE('',*,*,#955,.F.);
#390=ORIENTED_EDGE('',*,*,#956,.F.);
#391=ORIENTED_EDGE('',*,*,#957,.F.);
#392=ORIENTED_EDGE('',*,*,#958,.F.);
#393=ORIENTED_EDGE('',*,*,#959,.F.);
#394=ORIENTED_EDGE('',*,*,#960,.F.);
#395=ORIENTED_EDGE('',*,*,#961,.F.);
#396=ORIENTED_EDGE('',*,*,#962,.F.);
#397=ORIENTED_EDGE('',*,*,#963,.F.);
#398=ORIENTED_EDGE('',*,*,#964,.F.);
#399=ORIENTED_EDGE('',*,*,#965,.F.);
#400=ORIENTED_EDGE('',*,*,#966,.F.);
#401=ORIENTED_EDGE('',*,*,#967,.F.);
#402=ORIENTED_EDGE('',*,*,#968,.F.);
#403=ORIENTED_EDGE('',*,*,#969,.F.);
#404=ORIENTED_EDGE('',*,*,#970,.F.);
#405=ORIENTED_EDGE('',*,*,#971,.F.);
#406=ORIENTED_EDGE('',*,*,#972,.F.);
#407=ORIENTED_EDGE('',*,*,#973,.F.);
#408=ORIENTED_EDGE('',*,*,#974,.F.);
#409=ORIENTED_EDGE('',*,*,#975,.F.);
#410=ORIENTED_EDGE('',*,*,#976,.F.);
#411=ORIENTED_EDGE('',*,*,#977,.F.);
#412=ORIENTED_EDGE('',*,*,#978,.F.);
#413=ORIENTED_EDGE('',*,*,#979,.F.);
#414=ORIENTED_EDGE('',*,*,#980,.F.);
#415=ORIENTED_EDGE('',*,*,#981,.F.);
#416=ORIENTED_EDGE('',*,*,#982,.F.);
#417=ORIENTED_EDGE('',*,*,#983,.F.);
#418=ORIENTED_EDGE('',*,*,#984,.F.);
#419=ORIENTED_EDGE('',*,*,#985,.F.);
#420=ORIENTED_EDGE('',*,*,#986,.F.);
#421=ORIENTED_EDGE('',*,*,#987,.F.);
#422=ORIENTED_EDGE('',*,*,#988,.F.);
#423=ORIENTED_EDGE('',*,*,#989,.F.);
#424=ORIENTED_EDGE('',*,*,#990,.F.);
#425=ORIENTED_EDGE('',*,*,#991,.F.);
#426=ORIENTED_EDGE('',*,*,#992,.F.);
#427=ORIENTED_EDGE('',*,*,#993,.F.);
#428=ORIENTED_EDGE('',*,*,#994,.F.);
#429=ORIENTED_EDGE('',*,*,#995,.F.);
#430=ORIENTED_EDGE('',*,*,#996,.F.);
#431=ORIENTED_EDGE('',*,*,#997,.F.);
#432=ORIENTED_EDGE('',*,*,#998,.F.);
#433=ORIENTED_EDGE('',*,*,#999,.F.);
#434=ORIENTED_EDGE('',*,*,#1000,.F.);
#435=ORIENTED_EDGE('',*,*,#1001,.F.);
#436=ORIENTED_EDGE('',*,*,#1002,.F.);
#437=ORIENTED_EDGE('',*,*,#1003,.F.);
#438=ORIENTED_EDGE('',*,*,#1004,.F.);
#439=ORIENTED_EDGE('',*,*,#1005,.F.);
#440=ORIENTED_EDGE('',*,*,#1006,.F.);
#441=ORIENTED_EDGE('',*,*,#1007,.F.);
#442=ORIENTED_EDGE('',*,*,#1008,.F.);
#443=ORIENTED_EDGE('',*,*,#1009,.F.);
#444=ORIENTED_EDGE('',*,*,#1010,.F.);
#445=ORIENTED_EDGE('',*,*,#1011,.F.);
#446=ORIENTED_EDGE('',*,*,#1012,.F.);
#447=ORIENTED_EDGE('',*,*,#1013,.F.);
#448=ORIENTED_EDGE('',*,*,#1014,.F.);
#449=ORIENTED_EDGE('',*,*,#1015,.T.);
#450=ORIENTED_EDGE('',*,*,#1016,.T.);
#451=ORIENTED_EDGE('',*,*,#1017,.F.);
#452=ORIENTED_EDGE('',*,*,#1016,.F.);
#453=ORIENTED_EDGE('',*,*,#1018,.T.);
#454=ORIENTED_EDGE('',*,*,#1019,.T.);
#455=ORIENTED_EDGE('',*,*,#1020,.T.);
#456=ORIENTED_EDGE('',*,*,#1021,.F.);
#457=ORIENTED_EDGE('',*,*,#1020,.F.);
#458=ORIENTED_EDGE('',*,*,#1022,.T.);
#459=ORIENTED_EDGE('',*,*,#1023,.T.);
#460=ORIENTED_EDGE('',*,*,#1024,.T.);
#461=ORIENTED_EDGE('',*,*,#1025,.T.);
#462=ORIENTED_EDGE('',*,*,#1026,.T.);
#463=ORIENTED_EDGE('',*,*,#1027,.T.);
#464=ORIENTED_EDGE('',*,*,#1028,.T.);
#465=ORIENTED_EDGE('',*,*,#1029,.T.);
#466=ORIENTED_EDGE('',*,*,#1030,.T.);
#467=ORIENTED_EDGE('',*,*,#1031,.T.);
#468=ORIENTED_EDGE('',*,*,#1032,.T.);
#469=ORIENTED_EDGE('',*,*,#1033,.T.);
#470=ORIENTED_EDGE('',*,*,#1034,.T.);
#471=ORIENTED_EDGE('',*,*,#1035,.T.);
#472=ORIENTED_EDGE('',*,*,#1036,.T.);
#473=ORIENTED_EDGE('',*,*,#1037,.T.);
#474=ORIENTED_EDGE('',*,*,#1038,.T.);
#475=ORIENTED_EDGE('',*,*,#1039,.T.);
#476=ORIENTED_EDGE('',*,*,#1040,.T.);
#477=ORIENTED_EDGE('',*,*,#1041,.T.);
#478=ORIENTED_EDGE('',*,*,#1042,.T.);
#479=ORIENTED_EDGE('',*,*,#1043,.T.);
#480=ORIENTED_EDGE('',*,*,#1044,.T.);
#481=ORIENTED_EDGE('',*,*,#1045,.T.);
#482=ORIENTED_EDGE('',*,*,#1046,.T.);
#483=ORIENTED_EDGE('',*,*,#1047,.T.);
#484=ORIENTED_EDGE('',*,*,#1048,.T.);
#485=ORIENTED_EDGE('',*,*,#1049,.T.);
#486=ORIENTED_EDGE('',*,*,#1050,.T.);
#487=ORIENTED_EDGE('',*,*,#1051,.T.);
#488=ORIENTED_EDGE('',*,*,#1052,.T.);
#489=ORIENTED_EDGE('',*,*,#1053,.T.);
#490=ORIENTED_EDGE('',*,*,#1054,.T.);
#491=ORIENTED_EDGE('',*,*,#1055,.T.);
#492=ORIENTED_EDGE('',*,*,#1056,.T.);
#493=ORIENTED_EDGE('',*,*,#1057,.T.);
#494=ORIENTED_EDGE('',*,*,#1058,.T.);
#495=ORIENTED_EDGE('',*,*,#1059,.T.);
#496=ORIENTED_EDGE('',*,*,#1060,.T.);
#497=ORIENTED_EDGE('',*,*,#1061,.T.);
#498=ORIENTED_EDGE('',*,*,#1062,.T.);
#499=ORIENTED_EDGE('',*,*,#1063,.T.);
#500=ORIENTED_EDGE('',*,*,#1064,.T.);
#501=ORIENTED_EDGE('',*,*,#1065,.T.);
#502=ORIENTED_EDGE('',*,*,#1066,.T.);
#503=ORIENTED_EDGE('',*,*,#1067,.T.);
#504=ORIENTED_EDGE('',*,*,#1068,.T.);
#505=ORIENTED_EDGE('',*,*,#1069,.T.);
#506=ORIENTED_EDGE('',*,*,#1070,.T.);
#507=ORIENTED_EDGE('',*,*,#1071,.T.);
#508=ORIENTED_EDGE('',*,*,#1072,.T.);
#509=ORIENTED_EDGE('',*,*,#1073,.T.);
#510=ORIENTED_EDGE('',*,*,#1074,.T.);
#511=ORIENTED_EDGE('',*,*,#1075,.T.);
#512=ORIENTED_EDGE('',*,*,#1076,.T.);
#513=ORIENTED_EDGE('',*,*,#1077,.T.);
#514=ORIENTED_EDGE('',*,*,#1078,.T.);
#515=ORIENTED_EDGE('',*,*,#1079,.T.);
#516=ORIENTED_EDGE('',*,*,#1080,.T.);
#517=ORIENTED_EDGE('',*,*,#1081,.T.);
#518=ORIENTED_EDGE('',*,*,#1082,.T.);
#519=ORIENTED_EDGE('',*,*,#1083,.T.);
#520=ORIENTED_EDGE('',*,*,#1084,.T.);
#521=ORIENTED_EDGE('',*,*,#1085,.T.);
#522=ORIENTED_EDGE('',*,*,#1086,.T.);
#523=ORIENTED_EDGE('',*,*,#1087,.T.);
#524=ORIENTED_EDGE('',*,*,#1088,.T.);
#525=ORIENTED_EDGE('',*,*,#1089,.F.);
#526=ORIENTED_EDGE('',*,*,#1090,.F.);
#527=ORIENTED_EDGE('',*,*,#1091,.F.);
#528=ORIENTED_EDGE('',*,*,#1092,.F.);
#529=ORIENTED_EDGE('',*,*,#1093,.F.);
#530=ORIENTED_EDGE('',*,*,#1094,.F.);
#531=ORIENTED_EDGE('',*,*,#1095,.F.);
#532=ORIENTED_EDGE('',*,*,#1096,.F.);
#533=ORIENTED_EDGE('',*,*,#1097,.T.);
#534=ORIENTED_EDGE('',*,*,#1094,.T.);
#535=ORIENTED_EDGE('',*,*,#1098,.F.);
#536=ORIENTED_EDGE('',*,*,#1099,.F.);
#537=ORIENTED_EDGE('',*,*,#1100,.T.);
#538=ORIENTED_EDGE('',*,*,#1096,.T.);
#539=ORIENTED_EDGE('',*,*,#1101,.F.);
#540=ORIENTED_EDGE('',*,*,#1102,.F.);
#541=ORIENTED_EDGE('',*,*,#1103,.T.);
#542=ORIENTED_EDGE('',*,*,#1089,.T.);
#543=ORIENTED_EDGE('',*,*,#1097,.F.);
#544=ORIENTED_EDGE('',*,*,#1100,.F.);
#545=ORIENTED_EDGE('',*,*,#1104,.F.);
#546=ORIENTED_EDGE('',*,*,#1098,.T.);
#547=ORIENTED_EDGE('',*,*,#1093,.T.);
#548=ORIENTED_EDGE('',*,*,#1105,.F.);
#549=ORIENTED_EDGE('',*,*,#1106,.F.);
#550=ORIENTED_EDGE('',*,*,#1099,.T.);
#551=ORIENTED_EDGE('',*,*,#1104,.T.);
#552=ORIENTED_EDGE('',*,*,#1107,.F.);
#553=ORIENTED_EDGE('',*,*,#1108,.F.);
#554=ORIENTED_EDGE('',*,*,#1105,.T.);
#555=ORIENTED_EDGE('',*,*,#1092,.T.);
#556=ORIENTED_EDGE('',*,*,#1109,.F.);
#557=ORIENTED_EDGE('',*,*,#1110,.F.);
#558=ORIENTED_EDGE('',*,*,#1106,.T.);
#559=ORIENTED_EDGE('',*,*,#1108,.T.);
#560=ORIENTED_EDGE('',*,*,#1111,.F.);
#561=ORIENTED_EDGE('',*,*,#1112,.F.);
#562=ORIENTED_EDGE('',*,*,#1109,.T.);
#563=ORIENTED_EDGE('',*,*,#1091,.T.);
#564=ORIENTED_EDGE('',*,*,#1113,.F.);
#565=ORIENTED_EDGE('',*,*,#1114,.F.);
#566=ORIENTED_EDGE('',*,*,#1110,.T.);
#567=ORIENTED_EDGE('',*,*,#1112,.T.);
#568=ORIENTED_EDGE('',*,*,#1115,.F.);
#569=ORIENTED_EDGE('',*,*,#1116,.F.);
#570=ORIENTED_EDGE('',*,*,#1113,.T.);
#571=ORIENTED_EDGE('',*,*,#1090,.T.);
#572=ORIENTED_EDGE('',*,*,#1103,.F.);
#573=ORIENTED_EDGE('',*,*,#1117,.F.);
#574=ORIENTED_EDGE('',*,*,#1114,.T.);
#575=ORIENTED_EDGE('',*,*,#1116,.T.);
#576=ORIENTED_EDGE('',*,*,#1118,.F.);
#577=ORIENTED_EDGE('',*,*,#1102,.T.);
#578=ORIENTED_EDGE('',*,*,#1119,.F.);
#579=ORIENTED_EDGE('',*,*,#1117,.T.);
#580=ORIENTED_EDGE('',*,*,#1111,.T.);
#581=ORIENTED_EDGE('',*,*,#1115,.T.);
#582=ORIENTED_EDGE('',*,*,#1118,.T.);
#583=ORIENTED_EDGE('',*,*,#1119,.T.);
#584=ORIENTED_EDGE('',*,*,#1101,.T.);
#585=ORIENTED_EDGE('',*,*,#1107,.T.);
#586=ORIENTED_EDGE('',*,*,#1120,.T.);
#587=ORIENTED_EDGE('',*,*,#1121,.T.);
#588=ORIENTED_EDGE('',*,*,#1122,.T.);
#589=ORIENTED_EDGE('',*,*,#1123,.T.);
#590=ORIENTED_EDGE('',*,*,#1124,.T.);
#591=ORIENTED_EDGE('',*,*,#1125,.T.);
#592=ORIENTED_EDGE('',*,*,#1126,.T.);
#593=ORIENTED_EDGE('',*,*,#1127,.T.);
#594=ORIENTED_EDGE('',*,*,#1128,.T.);
#595=ORIENTED_EDGE('',*,*,#1129,.T.);
#596=ORIENTED_EDGE('',*,*,#1130,.T.);
#597=ORIENTED_EDGE('',*,*,#1131,.T.);
#598=ORIENTED_EDGE('',*,*,#1132,.T.);
#599=ORIENTED_EDGE('',*,*,#1133,.T.);
#600=ORIENTED_EDGE('',*,*,#1134,.T.);
#601=ORIENTED_EDGE('',*,*,#1135,.T.);
#602=ORIENTED_EDGE('',*,*,#1136,.T.);
#603=ORIENTED_EDGE('',*,*,#1137,.T.);
#604=ORIENTED_EDGE('',*,*,#1138,.T.);
#605=ORIENTED_EDGE('',*,*,#1139,.T.);
#606=ORIENTED_EDGE('',*,*,#1140,.F.);
#607=ORIENTED_EDGE('',*,*,#1141,.F.);
#608=ORIENTED_EDGE('',*,*,#1142,.T.);
#609=ORIENTED_EDGE('',*,*,#1136,.F.);
#610=ORIENTED_EDGE('',*,*,#1142,.F.);
#611=ORIENTED_EDGE('',*,*,#1143,.F.);
#612=ORIENTED_EDGE('',*,*,#1144,.T.);
#613=ORIENTED_EDGE('',*,*,#1137,.F.);
#614=ORIENTED_EDGE('',*,*,#1144,.F.);
#615=ORIENTED_EDGE('',*,*,#1145,.F.);
#616=ORIENTED_EDGE('',*,*,#1146,.T.);
#617=ORIENTED_EDGE('',*,*,#1138,.F.);
#618=ORIENTED_EDGE('',*,*,#1146,.F.);
#619=ORIENTED_EDGE('',*,*,#1147,.F.);
#620=ORIENTED_EDGE('',*,*,#1140,.T.);
#621=ORIENTED_EDGE('',*,*,#1139,.F.);
#622=ORIENTED_EDGE('',*,*,#1148,.F.);
#623=ORIENTED_EDGE('',*,*,#1149,.F.);
#624=ORIENTED_EDGE('',*,*,#1150,.T.);
#625=ORIENTED_EDGE('',*,*,#1128,.F.);
#626=ORIENTED_EDGE('',*,*,#1150,.F.);
#627=ORIENTED_EDGE('',*,*,#1151,.F.);
#628=ORIENTED_EDGE('',*,*,#1152,.T.);
#629=ORIENTED_EDGE('',*,*,#1129,.F.);
#630=ORIENTED_EDGE('',*,*,#1152,.F.);
#631=ORIENTED_EDGE('',*,*,#1153,.F.);
#632=ORIENTED_EDGE('',*,*,#1154,.T.);
#633=ORIENTED_EDGE('',*,*,#1130,.F.);
#634=ORIENTED_EDGE('',*,*,#1154,.F.);
#635=ORIENTED_EDGE('',*,*,#1155,.F.);
#636=ORIENTED_EDGE('',*,*,#1156,.T.);
#637=ORIENTED_EDGE('',*,*,#1131,.F.);
#638=ORIENTED_EDGE('',*,*,#1156,.F.);
#639=ORIENTED_EDGE('',*,*,#1157,.F.);
#640=ORIENTED_EDGE('',*,*,#1158,.T.);
#641=ORIENTED_EDGE('',*,*,#1132,.F.);
#642=ORIENTED_EDGE('',*,*,#1158,.F.);
#643=ORIENTED_EDGE('',*,*,#1159,.F.);
#644=ORIENTED_EDGE('',*,*,#1160,.T.);
#645=ORIENTED_EDGE('',*,*,#1133,.F.);
#646=ORIENTED_EDGE('',*,*,#1160,.F.);
#647=ORIENTED_EDGE('',*,*,#1161,.F.);
#648=ORIENTED_EDGE('',*,*,#1162,.T.);
#649=ORIENTED_EDGE('',*,*,#1134,.F.);
#650=ORIENTED_EDGE('',*,*,#1162,.F.);
#651=ORIENTED_EDGE('',*,*,#1163,.F.);
#652=ORIENTED_EDGE('',*,*,#1148,.T.);
#653=ORIENTED_EDGE('',*,*,#1135,.F.);
#654=ORIENTED_EDGE('',*,*,#1164,.F.);
#655=ORIENTED_EDGE('',*,*,#1165,.F.);
#656=ORIENTED_EDGE('',*,*,#1166,.T.);
#657=ORIENTED_EDGE('',*,*,#1120,.F.);
#658=ORIENTED_EDGE('',*,*,#1166,.F.);
#659=ORIENTED_EDGE('',*,*,#1167,.F.);
#660=ORIENTED_EDGE('',*,*,#1168,.T.);
#661=ORIENTED_EDGE('',*,*,#1121,.F.);
#662=ORIENTED_EDGE('',*,*,#1168,.F.);
#663=ORIENTED_EDGE('',*,*,#1169,.F.);
#664=ORIENTED_EDGE('',*,*,#1170,.T.);
#665=ORIENTED_EDGE('',*,*,#1122,.F.);
#666=ORIENTED_EDGE('',*,*,#1170,.F.);
#667=ORIENTED_EDGE('',*,*,#1171,.F.);
#668=ORIENTED_EDGE('',*,*,#1172,.T.);
#669=ORIENTED_EDGE('',*,*,#1123,.F.);
#670=ORIENTED_EDGE('',*,*,#1172,.F.);
#671=ORIENTED_EDGE('',*,*,#1173,.F.);
#672=ORIENTED_EDGE('',*,*,#1174,.T.);
#673=ORIENTED_EDGE('',*,*,#1124,.F.);
#674=ORIENTED_EDGE('',*,*,#1174,.F.);
#675=ORIENTED_EDGE('',*,*,#1175,.F.);
#676=ORIENTED_EDGE('',*,*,#1176,.T.);
#677=ORIENTED_EDGE('',*,*,#1125,.F.);
#678=ORIENTED_EDGE('',*,*,#1176,.F.);
#679=ORIENTED_EDGE('',*,*,#1177,.F.);
#680=ORIENTED_EDGE('',*,*,#1178,.T.);
#681=ORIENTED_EDGE('',*,*,#1126,.F.);
#682=ORIENTED_EDGE('',*,*,#1178,.F.);
#683=ORIENTED_EDGE('',*,*,#1179,.F.);
#684=ORIENTED_EDGE('',*,*,#1164,.T.);
#685=ORIENTED_EDGE('',*,*,#1127,.F.);
#686=ORIENTED_EDGE('',*,*,#1147,.T.);
#687=ORIENTED_EDGE('',*,*,#1145,.T.);
#688=ORIENTED_EDGE('',*,*,#1143,.T.);
#689=ORIENTED_EDGE('',*,*,#1141,.T.);
#690=ORIENTED_EDGE('',*,*,#1155,.T.);
#691=ORIENTED_EDGE('',*,*,#1153,.T.);
#692=ORIENTED_EDGE('',*,*,#1151,.T.);
#693=ORIENTED_EDGE('',*,*,#1149,.T.);
#694=ORIENTED_EDGE('',*,*,#1163,.T.);
#695=ORIENTED_EDGE('',*,*,#1161,.T.);
#696=ORIENTED_EDGE('',*,*,#1159,.T.);
#697=ORIENTED_EDGE('',*,*,#1157,.T.);
#698=ORIENTED_EDGE('',*,*,#1180,.T.);
#699=ORIENTED_EDGE('',*,*,#1181,.T.);
#700=ORIENTED_EDGE('',*,*,#1182,.T.);
#701=ORIENTED_EDGE('',*,*,#1183,.T.);
#702=ORIENTED_EDGE('',*,*,#1184,.T.);
#703=ORIENTED_EDGE('',*,*,#1185,.T.);
#704=ORIENTED_EDGE('',*,*,#1186,.T.);
#705=ORIENTED_EDGE('',*,*,#1187,.T.);
#706=ORIENTED_EDGE('',*,*,#1171,.T.);
#707=ORIENTED_EDGE('',*,*,#1169,.T.);
#708=ORIENTED_EDGE('',*,*,#1167,.T.);
#709=ORIENTED_EDGE('',*,*,#1165,.T.);
#710=ORIENTED_EDGE('',*,*,#1179,.T.);
#711=ORIENTED_EDGE('',*,*,#1177,.T.);
#712=ORIENTED_EDGE('',*,*,#1175,.T.);
#713=ORIENTED_EDGE('',*,*,#1173,.T.);
#714=ORIENTED_EDGE('',*,*,#1188,.T.);
#715=ORIENTED_EDGE('',*,*,#1189,.T.);
#716=ORIENTED_EDGE('',*,*,#1190,.T.);
#717=ORIENTED_EDGE('',*,*,#1191,.T.);
#718=ORIENTED_EDGE('',*,*,#1192,.T.);
#719=ORIENTED_EDGE('',*,*,#1193,.T.);
#720=ORIENTED_EDGE('',*,*,#1194,.T.);
#721=ORIENTED_EDGE('',*,*,#1195,.T.);
#722=ORIENTED_EDGE('',*,*,#1196,.F.);
#723=ORIENTED_EDGE('',*,*,#1184,.F.);
#724=ORIENTED_EDGE('',*,*,#1197,.T.);
#725=ORIENTED_EDGE('',*,*,#1198,.F.);
#726=ORIENTED_EDGE('',*,*,#1199,.F.);
#727=ORIENTED_EDGE('',*,*,#1185,.F.);
#728=ORIENTED_EDGE('',*,*,#1196,.T.);
#729=ORIENTED_EDGE('',*,*,#1200,.F.);
#730=ORIENTED_EDGE('',*,*,#1201,.F.);
#731=ORIENTED_EDGE('',*,*,#1186,.F.);
#732=ORIENTED_EDGE('',*,*,#1199,.T.);
#733=ORIENTED_EDGE('',*,*,#1202,.F.);
#734=ORIENTED_EDGE('',*,*,#1197,.F.);
#735=ORIENTED_EDGE('',*,*,#1187,.F.);
#736=ORIENTED_EDGE('',*,*,#1201,.T.);
#737=ORIENTED_EDGE('',*,*,#1203,.F.);
#738=ORIENTED_EDGE('',*,*,#1204,.F.);
#739=ORIENTED_EDGE('',*,*,#1180,.F.);
#740=ORIENTED_EDGE('',*,*,#1205,.T.);
#741=ORIENTED_EDGE('',*,*,#1206,.F.);
#742=ORIENTED_EDGE('',*,*,#1207,.F.);
#743=ORIENTED_EDGE('',*,*,#1181,.F.);
#744=ORIENTED_EDGE('',*,*,#1204,.T.);
#745=ORIENTED_EDGE('',*,*,#1208,.F.);
#746=ORIENTED_EDGE('',*,*,#1209,.F.);
#747=ORIENTED_EDGE('',*,*,#1182,.F.);
#748=ORIENTED_EDGE('',*,*,#1207,.T.);
#749=ORIENTED_EDGE('',*,*,#1210,.F.);
#750=ORIENTED_EDGE('',*,*,#1205,.F.);
#751=ORIENTED_EDGE('',*,*,#1183,.F.);
#752=ORIENTED_EDGE('',*,*,#1209,.T.);
#753=ORIENTED_EDGE('',*,*,#1211,.F.);
#754=ORIENTED_EDGE('',*,*,#1212,.F.);
#755=ORIENTED_EDGE('',*,*,#1192,.F.);
#756=ORIENTED_EDGE('',*,*,#1213,.T.);
#757=ORIENTED_EDGE('',*,*,#1214,.F.);
#758=ORIENTED_EDGE('',*,*,#1215,.F.);
#759=ORIENTED_EDGE('',*,*,#1193,.F.);
#760=ORIENTED_EDGE('',*,*,#1212,.T.);
#761=ORIENTED_EDGE('',*,*,#1216,.F.);
#762=ORIENTED_EDGE('',*,*,#1217,.F.);
#763=ORIENTED_EDGE('',*,*,#1194,.F.);
#764=ORIENTED_EDGE('',*,*,#1215,.T.);
#765=ORIENTED_EDGE('',*,*,#1218,.F.);
#766=ORIENTED_EDGE('',*,*,#1213,.F.);
#767=ORIENTED_EDGE('',*,*,#1195,.F.);
#768=ORIENTED_EDGE('',*,*,#1217,.T.);
#769=ORIENTED_EDGE('',*,*,#1219,.F.);
#770=ORIENTED_EDGE('',*,*,#1220,.F.);
#771=ORIENTED_EDGE('',*,*,#1188,.F.);
#772=ORIENTED_EDGE('',*,*,#1221,.T.);
#773=ORIENTED_EDGE('',*,*,#1222,.F.);
#774=ORIENTED_EDGE('',*,*,#1223,.F.);
#775=ORIENTED_EDGE('',*,*,#1189,.F.);
#776=ORIENTED_EDGE('',*,*,#1220,.T.);
#777=ORIENTED_EDGE('',*,*,#1224,.F.);
#778=ORIENTED_EDGE('',*,*,#1225,.F.);
#779=ORIENTED_EDGE('',*,*,#1190,.F.);
#780=ORIENTED_EDGE('',*,*,#1223,.T.);
#781=ORIENTED_EDGE('',*,*,#1226,.F.);
#782=ORIENTED_EDGE('',*,*,#1221,.F.);
#783=ORIENTED_EDGE('',*,*,#1191,.F.);
#784=ORIENTED_EDGE('',*,*,#1225,.T.);
#785=ORIENTED_EDGE('',*,*,#1227,.F.);
#786=ORIENTED_EDGE('',*,*,#1200,.T.);
#787=ORIENTED_EDGE('',*,*,#1198,.T.);
#788=ORIENTED_EDGE('',*,*,#1203,.T.);
#789=ORIENTED_EDGE('',*,*,#1202,.T.);
#790=ORIENTED_EDGE('',*,*,#1208,.T.);
#791=ORIENTED_EDGE('',*,*,#1206,.T.);
#792=ORIENTED_EDGE('',*,*,#1211,.T.);
#793=ORIENTED_EDGE('',*,*,#1210,.T.);
#794=ORIENTED_EDGE('',*,*,#1216,.T.);
#795=ORIENTED_EDGE('',*,*,#1214,.T.);
#796=ORIENTED_EDGE('',*,*,#1219,.T.);
#797=ORIENTED_EDGE('',*,*,#1218,.T.);
#798=ORIENTED_EDGE('',*,*,#1224,.T.);
#799=ORIENTED_EDGE('',*,*,#1222,.T.);
#800=ORIENTED_EDGE('',*,*,#1227,.T.);
#801=ORIENTED_EDGE('',*,*,#1226,.T.);
#802=ORIENTED_EDGE('',*,*,#1095,.T.);
#803=ORIENTED_EDGE('',*,*,#1021,.T.);
#804=ORIENTED_EDGE('',*,*,#1228,.F.);
#805=ORIENTED_EDGE('',*,*,#948,.T.);
#806=ORIENTED_EDGE('',*,*,#1017,.T.);
#807=ORIENTED_EDGE('',*,*,#950,.T.);
#808=ORIENTED_EDGE('',*,*,#949,.T.);
#809=ORIENTED_EDGE('',*,*,#1228,.T.);
#810=ORIENTED_EDGE('',*,*,#1088,.F.);
#811=ORIENTED_EDGE('',*,*,#1087,.F.);
#812=ORIENTED_EDGE('',*,*,#1086,.F.);
#813=ORIENTED_EDGE('',*,*,#1085,.F.);
#814=ORIENTED_EDGE('',*,*,#1084,.F.);
#815=ORIENTED_EDGE('',*,*,#1083,.F.);
#816=ORIENTED_EDGE('',*,*,#1082,.F.);
#817=ORIENTED_EDGE('',*,*,#1081,.F.);
#818=ORIENTED_EDGE('',*,*,#1080,.F.);
#819=ORIENTED_EDGE('',*,*,#1079,.F.);
#820=ORIENTED_EDGE('',*,*,#1078,.F.);
#821=ORIENTED_EDGE('',*,*,#1077,.F.);
#822=ORIENTED_EDGE('',*,*,#1076,.F.);
#823=ORIENTED_EDGE('',*,*,#1075,.F.);
#824=ORIENTED_EDGE('',*,*,#1074,.F.);
#825=ORIENTED_EDGE('',*,*,#1073,.F.);
#826=ORIENTED_EDGE('',*,*,#1072,.F.);
#827=ORIENTED_EDGE('',*,*,#1071,.F.);
#828=ORIENTED_EDGE('',*,*,#1070,.F.);
#829=ORIENTED_EDGE('',*,*,#1069,.F.);
#830=ORIENTED_EDGE('',*,*,#1068,.F.);
#831=ORIENTED_EDGE('',*,*,#1067,.F.);
#832=ORIENTED_EDGE('',*,*,#1066,.F.);
#833=ORIENTED_EDGE('',*,*,#1065,.F.);
#834=ORIENTED_EDGE('',*,*,#1064,.F.);
#835=ORIENTED_EDGE('',*,*,#1063,.F.);
#836=ORIENTED_EDGE('',*,*,#1062,.F.);
#837=ORIENTED_EDGE('',*,*,#1061,.F.);
#838=ORIENTED_EDGE('',*,*,#1060,.F.);
#839=ORIENTED_EDGE('',*,*,#1059,.F.);
#840=ORIENTED_EDGE('',*,*,#1058,.F.);
#841=ORIENTED_EDGE('',*,*,#1057,.F.);
#842=ORIENTED_EDGE('',*,*,#1056,.F.);
#843=ORIENTED_EDGE('',*,*,#1055,.F.);
#844=ORIENTED_EDGE('',*,*,#1054,.F.);
#845=ORIENTED_EDGE('',*,*,#1053,.F.);
#846=ORIENTED_EDGE('',*,*,#1052,.F.);
#847=ORIENTED_EDGE('',*,*,#1051,.F.);
#848=ORIENTED_EDGE('',*,*,#1050,.F.);
#849=ORIENTED_EDGE('',*,*,#1049,.F.);
#850=ORIENTED_EDGE('',*,*,#1048,.F.);
#851=ORIENTED_EDGE('',*,*,#1047,.F.);
#852=ORIENTED_EDGE('',*,*,#1046,.F.);
#853=ORIENTED_EDGE('',*,*,#1045,.F.);
#854=ORIENTED_EDGE('',*,*,#1044,.F.);
#855=ORIENTED_EDGE('',*,*,#1043,.F.);
#856=ORIENTED_EDGE('',*,*,#1042,.F.);
#857=ORIENTED_EDGE('',*,*,#1041,.F.);
#858=ORIENTED_EDGE('',*,*,#1040,.F.);
#859=ORIENTED_EDGE('',*,*,#1039,.F.);
#860=ORIENTED_EDGE('',*,*,#1038,.F.);
#861=ORIENTED_EDGE('',*,*,#1037,.F.);
#862=ORIENTED_EDGE('',*,*,#1036,.F.);
#863=ORIENTED_EDGE('',*,*,#1035,.F.);
#864=ORIENTED_EDGE('',*,*,#1034,.F.);
#865=ORIENTED_EDGE('',*,*,#1033,.F.);
#866=ORIENTED_EDGE('',*,*,#1032,.F.);
#867=ORIENTED_EDGE('',*,*,#1031,.F.);
#868=ORIENTED_EDGE('',*,*,#1030,.F.);
#869=ORIENTED_EDGE('',*,*,#1029,.F.);
#870=ORIENTED_EDGE('',*,*,#1028,.F.);
#871=ORIENTED_EDGE('',*,*,#1027,.F.);
#872=ORIENTED_EDGE('',*,*,#1026,.F.);
#873=ORIENTED_EDGE('',*,*,#1025,.F.);
#874=ORIENTED_EDGE('',*,*,#1024,.F.);
#875=ORIENTED_EDGE('',*,*,#1023,.F.);
#876=ORIENTED_EDGE('',*,*,#1229,.T.);
#877=ORIENTED_EDGE('',*,*,#1014,.T.);
#878=ORIENTED_EDGE('',*,*,#1013,.T.);
#879=ORIENTED_EDGE('',*,*,#1012,.T.);
#880=ORIENTED_EDGE('',*,*,#1011,.T.);
#881=ORIENTED_EDGE('',*,*,#1010,.T.);
#882=ORIENTED_EDGE('',*,*,#1009,.T.);
#883=ORIENTED_EDGE('',*,*,#1008,.T.);
#884=ORIENTED_EDGE('',*,*,#1007,.T.);
#885=ORIENTED_EDGE('',*,*,#1006,.T.);
#886=ORIENTED_EDGE('',*,*,#1005,.T.);
#887=ORIENTED_EDGE('',*,*,#1004,.T.);
#888=ORIENTED_EDGE('',*,*,#1003,.T.);
#889=ORIENTED_EDGE('',*,*,#1002,.T.);
#890=ORIENTED_EDGE('',*,*,#1001,.T.);
#891=ORIENTED_EDGE('',*,*,#1000,.T.);
#892=ORIENTED_EDGE('',*,*,#999,.T.);
#893=ORIENTED_EDGE('',*,*,#998,.T.);
#894=ORIENTED_EDGE('',*,*,#997,.T.);
#895=ORIENTED_EDGE('',*,*,#996,.T.);
#896=ORIENTED_EDGE('',*,*,#995,.T.);
#897=ORIENTED_EDGE('',*,*,#994,.T.);
#898=ORIENTED_EDGE('',*,*,#993,.T.);
#899=ORIENTED_EDGE('',*,*,#992,.T.);
#900=ORIENTED_EDGE('',*,*,#991,.T.);
#901=ORIENTED_EDGE('',*,*,#990,.T.);
#902=ORIENTED_EDGE('',*,*,#989,.T.);
#903=ORIENTED_EDGE('',*,*,#988,.T.);
#904=ORIENTED_EDGE('',*,*,#987,.T.);
#905=ORIENTED_EDGE('',*,*,#986,.T.);
#906=ORIENTED_EDGE('',*,*,#985,.T.);
#907=ORIENTED_EDGE('',*,*,#984,.T.);
#908=ORIENTED_EDGE('',*,*,#983,.T.);
#909=ORIENTED_EDGE('',*,*,#982,.T.);
#910=ORIENTED_EDGE('',*,*,#981,.T.);
#911=ORIENTED_EDGE('',*,*,#980,.T.);
#912=ORIENTED_EDGE('',*,*,#979,.T.);
#913=ORIENTED_EDGE('',*,*,#978,.T.);
#914=ORIENTED_EDGE('',*,*,#977,.T.);
#915=ORIENTED_EDGE('',*,*,#976,.T.);
#916=ORIENTED_EDGE('',*,*,#975,.T.);
#917=ORIENTED_EDGE('',*,*,#974,.T.);
#918=ORIENTED_EDGE('',*,*,#973,.T.);
#919=ORIENTED_EDGE('',*,*,#972,.T.);
#920=ORIENTED_EDGE('',*,*,#971,.T.);
#921=ORIENTED_EDGE('',*,*,#970,.T.);
#922=ORIENTED_EDGE('',*,*,#969,.T.);
#923=ORIENTED_EDGE('',*,*,#968,.T.);
#924=ORIENTED_EDGE('',*,*,#967,.T.);
#925=ORIENTED_EDGE('',*,*,#966,.T.);
#926=ORIENTED_EDGE('',*,*,#965,.T.);
#927=ORIENTED_EDGE('',*,*,#964,.T.);
#928=ORIENTED_EDGE('',*,*,#963,.T.);
#929=ORIENTED_EDGE('',*,*,#962,.T.);
#930=ORIENTED_EDGE('',*,*,#961,.T.);
#931=ORIENTED_EDGE('',*,*,#960,.T.);
#932=ORIENTED_EDGE('',*,*,#959,.T.);
#933=ORIENTED_EDGE('',*,*,#958,.T.);
#934=ORIENTED_EDGE('',*,*,#957,.T.);
#935=ORIENTED_EDGE('',*,*,#956,.T.);
#936=ORIENTED_EDGE('',*,*,#955,.T.);
#937=ORIENTED_EDGE('',*,*,#954,.T.);
#938=ORIENTED_EDGE('',*,*,#953,.T.);
#939=ORIENTED_EDGE('',*,*,#952,.T.);
#940=ORIENTED_EDGE('',*,*,#951,.T.);
#941=ORIENTED_EDGE('',*,*,#1019,.F.);
#942=ORIENTED_EDGE('',*,*,#1018,.F.);
#943=ORIENTED_EDGE('',*,*,#1015,.F.);
#944=ORIENTED_EDGE('',*,*,#1229,.F.);
#945=ORIENTED_EDGE('',*,*,#1022,.F.);
#946=ORIENTED_EDGE('',*,*,#947,.T.);
#947=EDGE_CURVE('',#1230,#1230,#1461,.T.);
#948=EDGE_CURVE('',#1231,#1232,#299,.T.);
#949=EDGE_CURVE('',#1233,#1231,#166,.T.);
#950=EDGE_CURVE('',#1234,#1233,#167,.T.);
#951=EDGE_CURVE('',#1235,#1234,#168,.T.);
#952=EDGE_CURVE('',#1236,#1235,#169,.T.);
#953=EDGE_CURVE('',#1237,#1236,#170,.T.);
#954=EDGE_CURVE('',#1238,#1237,#171,.T.);
#955=EDGE_CURVE('',#1239,#1238,#172,.T.);
#956=EDGE_CURVE('',#1240,#1239,#173,.T.);
#957=EDGE_CURVE('',#1241,#1240,#174,.T.);
#958=EDGE_CURVE('',#1242,#1241,#175,.T.);
#959=EDGE_CURVE('',#1243,#1242,#176,.T.);
#960=EDGE_CURVE('',#1244,#1243,#177,.T.);
#961=EDGE_CURVE('',#1245,#1244,#178,.T.);
#962=EDGE_CURVE('',#1246,#1245,#179,.T.);
#963=EDGE_CURVE('',#1247,#1246,#180,.T.);
#964=EDGE_CURVE('',#1248,#1247,#181,.T.);
#965=EDGE_CURVE('',#1249,#1248,#182,.T.);
#966=EDGE_CURVE('',#1250,#1249,#183,.T.);
#967=EDGE_CURVE('',#1251,#1250,#184,.T.);
#968=EDGE_CURVE('',#1252,#1251,#185,.T.);
#969=EDGE_CURVE('',#1253,#1252,#186,.T.);
#970=EDGE_CURVE('',#1254,#1253,#187,.T.);
#971=EDGE_CURVE('',#1255,#1254,#188,.T.);
#972=EDGE_CURVE('',#1256,#1255,#189,.T.);
#973=EDGE_CURVE('',#1257,#1256,#190,.T.);
#974=EDGE_CURVE('',#1258,#1257,#191,.T.);
#975=EDGE_CURVE('',#1259,#1258,#192,.T.);
#976=EDGE_CURVE('',#1260,#1259,#193,.T.);
#977=EDGE_CURVE('',#1261,#1260,#194,.T.);
#978=EDGE_CURVE('',#1262,#1261,#195,.T.);
#979=EDGE_CURVE('',#1263,#1262,#196,.T.);
#980=EDGE_CURVE('',#1264,#1263,#197,.T.);
#981=EDGE_CURVE('',#1265,#1264,#198,.T.);
#982=EDGE_CURVE('',#1266,#1265,#199,.T.);
#983=EDGE_CURVE('',#1267,#1266,#200,.T.);
#984=EDGE_CURVE('',#1268,#1267,#201,.T.);
#985=EDGE_CURVE('',#1269,#1268,#202,.T.);
#986=EDGE_CURVE('',#1270,#1269,#203,.T.);
#987=EDGE_CURVE('',#1271,#1270,#204,.T.);
#988=EDGE_CURVE('',#1272,#1271,#205,.T.);
#989=EDGE_CURVE('',#1273,#1272,#206,.T.);
#990=EDGE_CURVE('',#1274,#1273,#207,.T.);
#991=EDGE_CURVE('',#1275,#1274,#208,.T.);
#992=EDGE_CURVE('',#1276,#1275,#209,.T.);
#993=EDGE_CURVE('',#1277,#1276,#210,.T.);
#994=EDGE_CURVE('',#1278,#1277,#211,.T.);
#995=EDGE_CURVE('',#1279,#1278,#212,.T.);
#996=EDGE_CURVE('',#1280,#1279,#213,.T.);
#997=EDGE_CURVE('',#1281,#1280,#214,.T.);
#998=EDGE_CURVE('',#1282,#1281,#215,.T.);
#999=EDGE_CURVE('',#1283,#1282,#216,.T.);
#1000=EDGE_CURVE('',#1284,#1283,#217,.T.);
#1001=EDGE_CURVE('',#1285,#1284,#218,.T.);
#1002=EDGE_CURVE('',#1286,#1285,#219,.T.);
#1003=EDGE_CURVE('',#1287,#1286,#220,.T.);
#1004=EDGE_CURVE('',#1288,#1287,#221,.T.);
#1005=EDGE_CURVE('',#1289,#1288,#222,.T.);
#1006=EDGE_CURVE('',#1290,#1289,#223,.T.);
#1007=EDGE_CURVE('',#1291,#1290,#224,.T.);
#1008=EDGE_CURVE('',#1292,#1291,#225,.T.);
#1009=EDGE_CURVE('',#1293,#1292,#226,.T.);
#1010=EDGE_CURVE('',#1294,#1293,#227,.T.);
#1011=EDGE_CURVE('',#1295,#1294,#228,.T.);
#1012=EDGE_CURVE('',#1296,#1295,#229,.T.);
#1013=EDGE_CURVE('',#1297,#1296,#230,.T.);
#1014=EDGE_CURVE('',#1298,#1297,#231,.T.);
#1015=EDGE_CURVE('',#1298,#1299,#300,.T.);
#1016=EDGE_CURVE('',#1299,#1232,#232,.T.);
#1017=EDGE_CURVE('',#1232,#1300,#1462,.T.);
#1018=EDGE_CURVE('',#1299,#1301,#1463,.T.);
#1019=EDGE_CURVE('',#1301,#1302,#1464,.T.);
#1020=EDGE_CURVE('',#1302,#1300,#233,.T.);
#1021=EDGE_CURVE('',#1300,#1303,#301,.T.);
#1022=EDGE_CURVE('',#1302,#1304,#302,.T.);
#1023=EDGE_CURVE('',#1304,#1305,#234,.T.);
#1024=EDGE_CURVE('',#1305,#1306,#235,.T.);
#1025=EDGE_CURVE('',#1306,#1307,#236,.T.);
#1026=EDGE_CURVE('',#1307,#1308,#237,.T.);
#1027=EDGE_CURVE('',#1308,#1309,#238,.T.);
#1028=EDGE_CURVE('',#1309,#1310,#239,.T.);
#1029=EDGE_CURVE('',#1310,#1311,#240,.T.);
#1030=EDGE_CURVE('',#1311,#1312,#241,.T.);
#1031=EDGE_CURVE('',#1312,#1313,#242,.T.);
#1032=EDGE_CURVE('',#1313,#1314,#243,.T.);
#1033=EDGE_CURVE('',#1314,#1315,#244,.T.);
#1034=EDGE_CURVE('',#1315,#1316,#245,.T.);
#1035=EDGE_CURVE('',#1316,#1317,#246,.T.);
#1036=EDGE_CURVE('',#1317,#1318,#247,.T.);
#1037=EDGE_CURVE('',#1318,#1319,#248,.T.);
#1038=EDGE_CURVE('',#1319,#1320,#249,.T.);
#1039=EDGE_CURVE('',#1320,#1321,#250,.T.);
#1040=EDGE_CURVE('',#1321,#1322,#251,.T.);
#1041=EDGE_CURVE('',#1322,#1323,#252,.T.);
#1042=EDGE_CURVE('',#1323,#1324,#253,.T.);
#1043=EDGE_CURVE('',#1324,#1325,#254,.T.);
#1044=EDGE_CURVE('',#1325,#1326,#255,.T.);
#1045=EDGE_CURVE('',#1326,#1327,#256,.T.);
#1046=EDGE_CURVE('',#1327,#1328,#257,.T.);
#1047=EDGE_CURVE('',#1328,#1329,#258,.T.);
#1048=EDGE_CURVE('',#1329,#1330,#259,.T.);
#1049=EDGE_CURVE('',#1330,#1331,#260,.T.);
#1050=EDGE_CURVE('',#1331,#1332,#261,.T.);
#1051=EDGE_CURVE('',#1332,#1333,#262,.T.);
#1052=EDGE_CURVE('',#1333,#1334,#263,.T.);
#1053=EDGE_CURVE('',#1334,#1335,#264,.T.);
#1054=EDGE_CURVE('',#1335,#1336,#265,.T.);
#1055=EDGE_CURVE('',#1336,#1337,#266,.T.);
#1056=EDGE_CURVE('',#1337,#1338,#267,.T.);
#1057=EDGE_CURVE('',#1338,#1339,#268,.T.);
#1058=EDGE_CURVE('',#1339,#1340,#269,.T.);
#1059=EDGE_CURVE('',#1340,#1341,#270,.T.);
#1060=EDGE_CURVE('',#1341,#1342,#271,.T.);
#1061=EDGE_CURVE('',#1342,#1343,#272,.T.);
#1062=EDGE_CURVE('',#1343,#1344,#273,.T.);
#1063=EDGE_CURVE('',#1344,#1345,#274,.T.);
#1064=EDGE_CURVE('',#1345,#1346,#275,.T.);
#1065=EDGE_CURVE('',#1346,#1347,#276,.T.);
#1066=EDGE_CURVE('',#1347,#1348,#277,.T.);
#1067=EDGE_CURVE('',#1348,#1349,#278,.T.);
#1068=EDGE_CURVE('',#1349,#1350,#279,.T.);
#1069=EDGE_CURVE('',#1350,#1351,#280,.T.);
#1070=EDGE_CURVE('',#1351,#1352,#281,.T.);
#1071=EDGE_CURVE('',#1352,#1353,#282,.T.);
#1072=EDGE_CURVE('',#1353,#1354,#283,.T.);
#1073=EDGE_CURVE('',#1354,#1355,#284,.T.);
#1074=EDGE_CURVE('',#1355,#1356,#285,.T.);
#1075=EDGE_CURVE('',#1356,#1357,#286,.T.);
#1076=EDGE_CURVE('',#1357,#1358,#287,.T.);
#1077=EDGE_CURVE('',#1358,#1359,#288,.T.);
#1078=EDGE_CURVE('',#1359,#1360,#289,.T.);
#1079=EDGE_CURVE('',#1360,#1361,#290,.T.);
#1080=EDGE_CURVE('',#1361,#1362,#291,.T.);
#1081=EDGE_CURVE('',#1362,#1363,#292,.T.);
#1082=EDGE_CURVE('',#1363,#1364,#293,.T.);
#1083=EDGE_CURVE('',#1364,#1365,#294,.T.);
#1084=EDGE_CURVE('',#1365,#1366,#295,.T.);
#1085=EDGE_CURVE('',#1366,#1367,#296,.T.);
#1086=EDGE_CURVE('',#1367,#1368,#297,.T.);
#1087=EDGE_CURVE('',#1368,#1369,#298,.T.);
#1088=EDGE_CURVE('',#1369,#1303,#1465,.T.);
#1089=EDGE_CURVE('',#1370,#1371,#52,.T.);
#1090=EDGE_CURVE('',#1372,#1370,#53,.T.);
#1091=EDGE_CURVE('',#1373,#1372,#54,.T.);
#1092=EDGE_CURVE('',#1374,#1373,#55,.T.);
#1093=EDGE_CURVE('',#1375,#1374,#56,.T.);
#1094=EDGE_CURVE('',#1371,#1375,#57,.T.);
#1095=EDGE_CURVE('',#1376,#1376,#1466,.T.);
#1096=EDGE_CURVE('',#1377,#1378,#303,.T.);
#1097=EDGE_CURVE('',#1377,#1371,#58,.T.);
#1098=EDGE_CURVE('',#1379,#1375,#59,.T.);
#1099=EDGE_CURVE('',#1378,#1379,#304,.T.);
#1100=EDGE_CURVE('',#1380,#1377,#305,.T.);
#1101=EDGE_CURVE('',#1380,#1378,#1467,.T.);
#1102=EDGE_CURVE('',#1381,#1380,#306,.T.);
#1103=EDGE_CURVE('',#1381,#1370,#60,.T.);
#1104=EDGE_CURVE('',#1379,#1382,#307,.T.);
#1105=EDGE_CURVE('',#1383,#1374,#61,.T.);
#1106=EDGE_CURVE('',#1382,#1383,#308,.T.);
#1107=EDGE_CURVE('',#1378,#1382,#1468,.T.);
#1108=EDGE_CURVE('',#1383,#1384,#309,.T.);
#1109=EDGE_CURVE('',#1385,#1373,#62,.T.);
#1110=EDGE_CURVE('',#1384,#1385,#310,.T.);
#1111=EDGE_CURVE('',#1382,#1384,#1469,.T.);
#1112=EDGE_CURVE('',#1385,#1386,#311,.T.);
#1113=EDGE_CURVE('',#1387,#1372,#63,.T.);
#1114=EDGE_CURVE('',#1386,#1387,#312,.T.);
#1115=EDGE_CURVE('',#1384,#1386,#1470,.T.);
#1116=EDGE_CURVE('',#1387,#1388,#313,.T.);
#1117=EDGE_CURVE('',#1388,#1381,#314,.T.);
#1118=EDGE_CURVE('',#1386,#1388,#1471,.T.);
#1119=EDGE_CURVE('',#1388,#1380,#1472,.T.);
#1120=EDGE_CURVE('',#1389,#1390,#315,.T.);
#1121=EDGE_CURVE('',#1390,#1391,#316,.T.);
#1122=EDGE_CURVE('',#1391,#1392,#317,.T.);
#1123=EDGE_CURVE('',#1392,#1393,#318,.T.);
#1124=EDGE_CURVE('',#1393,#1394,#319,.T.);
#1125=EDGE_CURVE('',#1394,#1395,#320,.T.);
#1126=EDGE_CURVE('',#1395,#1396,#321,.T.);
#1127=EDGE_CURVE('',#1396,#1389,#322,.T.);
#1128=EDGE_CURVE('',#1397,#1398,#323,.T.);
#1129=EDGE_CURVE('',#1398,#1399,#324,.T.);
#1130=EDGE_CURVE('',#1399,#1400,#325,.T.);
#1131=EDGE_CURVE('',#1400,#1401,#326,.T.);
#1132=EDGE_CURVE('',#1401,#1402,#327,.T.);
#1133=EDGE_CURVE('',#1402,#1403,#328,.T.);
#1134=EDGE_CURVE('',#1403,#1404,#329,.T.);
#1135=EDGE_CURVE('',#1404,#1397,#330,.T.);
#1136=EDGE_CURVE('',#1405,#1406,#64,.T.);
#1137=EDGE_CURVE('',#1406,#1407,#65,.T.);
#1138=EDGE_CURVE('',#1407,#1408,#66,.T.);
#1139=EDGE_CURVE('',#1408,#1405,#67,.T.);
#1140=EDGE_CURVE('',#1409,#1405,#68,.T.);
#1141=EDGE_CURVE('',#1410,#1409,#69,.T.);
#1142=EDGE_CURVE('',#1410,#1406,#70,.T.);
#1143=EDGE_CURVE('',#1411,#1410,#71,.T.);
#1144=EDGE_CURVE('',#1411,#1407,#72,.T.);
#1145=EDGE_CURVE('',#1412,#1411,#73,.T.);
#1146=EDGE_CURVE('',#1412,#1408,#74,.T.);
#1147=EDGE_CURVE('',#1409,#1412,#75,.T.);
#1148=EDGE_CURVE('',#1413,#1397,#76,.T.);
#1149=EDGE_CURVE('',#1414,#1413,#331,.T.);
#1150=EDGE_CURVE('',#1414,#1398,#77,.T.);
#1151=EDGE_CURVE('',#1415,#1414,#332,.T.);
#1152=EDGE_CURVE('',#1415,#1399,#78,.T.);
#1153=EDGE_CURVE('',#1416,#1415,#333,.T.);
#1154=EDGE_CURVE('',#1416,#1400,#79,.T.);
#1155=EDGE_CURVE('',#1417,#1416,#334,.T.);
#1156=EDGE_CURVE('',#1417,#1401,#80,.T.);
#1157=EDGE_CURVE('',#1418,#1417,#335,.T.);
#1158=EDGE_CURVE('',#1418,#1402,#81,.T.);
#1159=EDGE_CURVE('',#1419,#1418,#336,.T.);
#1160=EDGE_CURVE('',#1419,#1403,#82,.T.);
#1161=EDGE_CURVE('',#1420,#1419,#337,.T.);
#1162=EDGE_CURVE('',#1420,#1404,#83,.T.);
#1163=EDGE_CURVE('',#1413,#1420,#338,.T.);
#1164=EDGE_CURVE('',#1421,#1389,#84,.T.);
#1165=EDGE_CURVE('',#1422,#1421,#339,.T.);
#1166=EDGE_CURVE('',#1422,#1390,#85,.T.);
#1167=EDGE_CURVE('',#1423,#1422,#340,.T.);
#1168=EDGE_CURVE('',#1423,#1391,#86,.T.);
#1169=EDGE_CURVE('',#1424,#1423,#341,.T.);
#1170=EDGE_CURVE('',#1424,#1392,#87,.T.);
#1171=EDGE_CURVE('',#1425,#1424,#342,.T.);
#1172=EDGE_CURVE('',#1425,#1393,#88,.T.);
#1173=EDGE_CURVE('',#1426,#1425,#343,.T.);
#1174=EDGE_CURVE('',#1426,#1394,#89,.T.);
#1175=EDGE_CURVE('',#1427,#1426,#344,.T.);
#1176=EDGE_CURVE('',#1427,#1395,#90,.T.);
#1177=EDGE_CURVE('',#1428,#1427,#345,.T.);
#1178=EDGE_CURVE('',#1428,#1396,#91,.T.);
#1179=EDGE_CURVE('',#1421,#1428,#346,.T.);
#1180=EDGE_CURVE('',#1429,#1430,#347,.T.);
#1181=EDGE_CURVE('',#1430,#1431,#348,.T.);
#1182=EDGE_CURVE('',#1431,#1432,#349,.T.);
#1183=EDGE_CURVE('',#1432,#1429,#350,.T.);
#1184=EDGE_CURVE('',#1433,#1434,#351,.T.);
#1185=EDGE_CURVE('',#1434,#1435,#352,.T.);
#1186=EDGE_CURVE('',#1435,#1436,#353,.T.);
#1187=EDGE_CURVE('',#1436,#1433,#354,.T.);
#1188=EDGE_CURVE('',#1437,#1438,#355,.T.);
#1189=EDGE_CURVE('',#1438,#1439,#356,.T.);
#1190=EDGE_CURVE('',#1439,#1440,#357,.T.);
#1191=EDGE_CURVE('',#1440,#1437,#358,.T.);
#1192=EDGE_CURVE('',#1441,#1442,#359,.T.);
#1193=EDGE_CURVE('',#1442,#1443,#360,.T.);
#1194=EDGE_CURVE('',#1443,#1444,#361,.T.);
#1195=EDGE_CURVE('',#1444,#1441,#362,.T.);
#1196=EDGE_CURVE('',#1434,#1445,#92,.T.);
#1197=EDGE_CURVE('',#1433,#1446,#93,.T.);
#1198=EDGE_CURVE('',#1445,#1446,#363,.T.);
#1199=EDGE_CURVE('',#1435,#1447,#94,.T.);
#1200=EDGE_CURVE('',#1447,#1445,#364,.T.);
#1201=EDGE_CURVE('',#1436,#1448,#95,.T.);
#1202=EDGE_CURVE('',#1448,#1447,#365,.T.);
#1203=EDGE_CURVE('',#1446,#1448,#366,.T.);
#1204=EDGE_CURVE('',#1430,#1449,#96,.T.);
#1205=EDGE_CURVE('',#1429,#1450,#97,.T.);
#1206=EDGE_CURVE('',#1449,#1450,#367,.T.);
#1207=EDGE_CURVE('',#1431,#1451,#98,.T.);
#1208=EDGE_CURVE('',#1451,#1449,#368,.T.);
#1209=EDGE_CURVE('',#1432,#1452,#99,.T.);
#1210=EDGE_CURVE('',#1452,#1451,#369,.T.);
#1211=EDGE_CURVE('',#1450,#1452,#370,.T.);
#1212=EDGE_CURVE('',#1442,#1453,#100,.T.);
#1213=EDGE_CURVE('',#1441,#1454,#101,.T.);
#1214=EDGE_CURVE('',#1453,#1454,#371,.T.);
#1215=EDGE_CURVE('',#1443,#1455,#102,.T.);
#1216=EDGE_CURVE('',#1455,#1453,#372,.T.);
#1217=EDGE_CURVE('',#1444,#1456,#103,.T.);
#1218=EDGE_CURVE('',#1456,#1455,#373,.T.);
#1219=EDGE_CURVE('',#1454,#1456,#374,.T.);
#1220=EDGE_CURVE('',#1438,#1457,#104,.T.);
#1221=EDGE_CURVE('',#1437,#1458,#105,.T.);
#1222=EDGE_CURVE('',#1457,#1458,#375,.T.);
#1223=EDGE_CURVE('',#1439,#1459,#106,.T.);
#1224=EDGE_CURVE('',#1459,#1457,#376,.T.);
#1225=EDGE_CURVE('',#1440,#1460,#107,.T.);
#1226=EDGE_CURVE('',#1460,#1459,#377,.T.);
#1227=EDGE_CURVE('',#1458,#1460,#378,.T.);
#1228=EDGE_CURVE('',#1231,#1303,#1473,.T.);
#1229=EDGE_CURVE('',#1304,#1298,#1474,.T.);
#1230=VERTEX_POINT('',#1913);
#1231=VERTEX_POINT('',#2987);
#1232=VERTEX_POINT('',#2988);
#1233=VERTEX_POINT('',#2994);
#1234=VERTEX_POINT('',#3004);
#1235=VERTEX_POINT('',#3014);
#1236=VERTEX_POINT('',#3024);
#1237=VERTEX_POINT('',#3034);
#1238=VERTEX_POINT('',#3044);
#1239=VERTEX_POINT('',#3054);
#1240=VERTEX_POINT('',#3064);
#1241=VERTEX_POINT('',#3074);
#1242=VERTEX_POINT('',#3084);
#1243=VERTEX_POINT('',#3094);
#1244=VERTEX_POINT('',#3104);
#1245=VERTEX_POINT('',#3114);
#1246=VERTEX_POINT('',#3124);
#1247=VERTEX_POINT('',#3134);
#1248=VERTEX_POINT('',#3144);
#1249=VERTEX_POINT('',#3154);
#1250=VERTEX_POINT('',#3164);
#1251=VERTEX_POINT('',#3174);
#1252=VERTEX_POINT('',#3184);
#1253=VERTEX_POINT('',#3194);
#1254=VERTEX_POINT('',#3204);
#1255=VERTEX_POINT('',#3214);
#1256=VERTEX_POINT('',#3224);
#1257=VERTEX_POINT('',#3234);
#1258=VERTEX_POINT('',#3244);
#1259=VERTEX_POINT('',#3254);
#1260=VERTEX_POINT('',#3264);
#1261=VERTEX_POINT('',#3274);
#1262=VERTEX_POINT('',#3284);
#1263=VERTEX_POINT('',#3294);
#1264=VERTEX_POINT('',#3304);
#1265=VERTEX_POINT('',#3314);
#1266=VERTEX_POINT('',#3324);
#1267=VERTEX_POINT('',#3334);
#1268=VERTEX_POINT('',#3344);
#1269=VERTEX_POINT('',#3354);
#1270=VERTEX_POINT('',#3364);
#1271=VERTEX_POINT('',#3374);
#1272=VERTEX_POINT('',#3384);
#1273=VERTEX_POINT('',#3394);
#1274=VERTEX_POINT('',#3404);
#1275=VERTEX_POINT('',#3414);
#1276=VERTEX_POINT('',#3424);
#1277=VERTEX_POINT('',#3434);
#1278=VERTEX_POINT('',#3444);
#1279=VERTEX_POINT('',#3454);
#1280=VERTEX_POINT('',#3464);
#1281=VERTEX_POINT('',#3474);
#1282=VERTEX_POINT('',#3484);
#1283=VERTEX_POINT('',#3494);
#1284=VERTEX_POINT('',#3504);
#1285=VERTEX_POINT('',#3514);
#1286=VERTEX_POINT('',#3524);
#1287=VERTEX_POINT('',#3534);
#1288=VERTEX_POINT('',#3544);
#1289=VERTEX_POINT('',#3554);
#1290=VERTEX_POINT('',#3564);
#1291=VERTEX_POINT('',#3574);
#1292=VERTEX_POINT('',#3584);
#1293=VERTEX_POINT('',#3594);
#1294=VERTEX_POINT('',#3604);
#1295=VERTEX_POINT('',#3614);
#1296=VERTEX_POINT('',#3624);
#1297=VERTEX_POINT('',#3634);
#1298=VERTEX_POINT('',#3640);
#1299=VERTEX_POINT('',#3646);
#1300=VERTEX_POINT('',#4164);
#1301=VERTEX_POINT('',#4166);
#1302=VERTEX_POINT('',#4168);
#1303=VERTEX_POINT('',#5789);
#1304=VERTEX_POINT('',#5802);
#1305=VERTEX_POINT('',#5810);
#1306=VERTEX_POINT('',#5820);
#1307=VERTEX_POINT('',#5830);
#1308=VERTEX_POINT('',#5840);
#1309=VERTEX_POINT('',#5850);
#1310=VERTEX_POINT('',#5860);
#1311=VERTEX_POINT('',#5870);
#1312=VERTEX_POINT('',#5880);
#1313=VERTEX_POINT('',#5890);
#1314=VERTEX_POINT('',#5900);
#1315=VERTEX_POINT('',#5910);
#1316=VERTEX_POINT('',#5920);
#1317=VERTEX_POINT('',#5930);
#1318=VERTEX_POINT('',#5940);
#1319=VERTEX_POINT('',#5950);
#1320=VERTEX_POINT('',#5960);
#1321=VERTEX_POINT('',#5970);
#1322=VERTEX_POINT('',#5980);
#1323=VERTEX_POINT('',#5990);
#1324=VERTEX_POINT('',#6000);
#1325=VERTEX_POINT('',#6010);
#1326=VERTEX_POINT('',#6020);
#1327=VERTEX_POINT('',#6030);
#1328=VERTEX_POINT('',#6040);
#1329=VERTEX_POINT('',#6050);
#1330=VERTEX_POINT('',#6060);
#1331=VERTEX_POINT('',#6070);
#1332=VERTEX_POINT('',#6080);
#1333=VERTEX_POINT('',#6090);
#1334=VERTEX_POINT('',#6100);
#1335=VERTEX_POINT('',#6110);
#1336=VERTEX_POINT('',#6120);
#1337=VERTEX_POINT('',#6130);
#1338=VERTEX_POINT('',#6140);
#1339=VERTEX_POINT('',#6150);
#1340=VERTEX_POINT('',#6160);
#1341=VERTEX_POINT('',#6170);
#1342=VERTEX_POINT('',#6180);
#1343=VERTEX_POINT('',#6190);
#1344=VERTEX_POINT('',#6200);
#1345=VERTEX_POINT('',#6210);
#1346=VERTEX_POINT('',#6220);
#1347=VERTEX_POINT('',#6230);
#1348=VERTEX_POINT('',#6240);
#1349=VERTEX_POINT('',#6250);
#1350=VERTEX_POINT('',#6260);
#1351=VERTEX_POINT('',#6270);
#1352=VERTEX_POINT('',#6280);
#1353=VERTEX_POINT('',#6290);
#1354=VERTEX_POINT('',#6300);
#1355=VERTEX_POINT('',#6310);
#1356=VERTEX_POINT('',#6320);
#1357=VERTEX_POINT('',#6330);
#1358=VERTEX_POINT('',#6340);
#1359=VERTEX_POINT('',#6350);
#1360=VERTEX_POINT('',#6360);
#1361=VERTEX_POINT('',#6370);
#1362=VERTEX_POINT('',#6380);
#1363=VERTEX_POINT('',#6390);
#1364=VERTEX_POINT('',#6400);
#1365=VERTEX_POINT('',#6410);
#1366=VERTEX_POINT('',#6420);
#1367=VERTEX_POINT('',#6430);
#1368=VERTEX_POINT('',#6440);
#1369=VERTEX_POINT('',#6450);
#1370=VERTEX_POINT('',#6454);
#1371=VERTEX_POINT('',#6455);
#1372=VERTEX_POINT('',#6457);
#1373=VERTEX_POINT('',#6459);
#1374=VERTEX_POINT('',#6461);
#1375=VERTEX_POINT('',#6463);
#1376=VERTEX_POINT('',#6466);
#1377=VERTEX_POINT('',#6472);
#1378=VERTEX_POINT('',#6473);
#1379=VERTEX_POINT('',#6476);
#1380=VERTEX_POINT('',#6486);
#1381=VERTEX_POINT('',#6493);
#1382=VERTEX_POINT('',#6500);
#1383=VERTEX_POINT('',#6502);
#1384=VERTEX_POINT('',#6514);
#1385=VERTEX_POINT('',#6516);
#1386=VERTEX_POINT('',#6528);
#1387=VERTEX_POINT('',#6530);
#1388=VERTEX_POINT('',#6542);
#1389=VERTEX_POINT('',#6571);
#1390=VERTEX_POINT('',#6572);
#1391=VERTEX_POINT('',#6592);
#1392=VERTEX_POINT('',#6612);
#1393=VERTEX_POINT('',#6624);
#1394=VERTEX_POINT('',#6644);
#1395=VERTEX_POINT('',#6664);
#1396=VERTEX_POINT('',#6676);
#1397=VERTEX_POINT('',#6715);
#1398=VERTEX_POINT('',#6716);
#1399=VERTEX_POINT('',#6736);
#1400=VERTEX_POINT('',#6756);
#1401=VERTEX_POINT('',#6768);
#1402=VERTEX_POINT('',#6788);
#1403=VERTEX_POINT('',#6808);
#1404=VERTEX_POINT('',#6820);
#1405=VERTEX_POINT('',#6841);
#1406=VERTEX_POINT('',#6842);
#1407=VERTEX_POINT('',#6844);
#1408=VERTEX_POINT('',#6846);
#1409=VERTEX_POINT('',#6850);
#1410=VERTEX_POINT('',#6852);
#1411=VERTEX_POINT('',#6856);
#1412=VERTEX_POINT('',#6860);
#1413=VERTEX_POINT('',#6903);
#1414=VERTEX_POINT('',#6923);
#1415=VERTEX_POINT('',#6982);
#1416=VERTEX_POINT('',#7041);
#1417=VERTEX_POINT('',#7076);
#1418=VERTEX_POINT('',#7135);
#1419=VERTEX_POINT('',#7194);
#1420=VERTEX_POINT('',#7229);
#1421=VERTEX_POINT('',#7327);
#1422=VERTEX_POINT('',#7347);
#1423=VERTEX_POINT('',#7406);
#1424=VERTEX_POINT('',#7465);
#1425=VERTEX_POINT('',#7500);
#1426=VERTEX_POINT('',#7559);
#1427=VERTEX_POINT('',#7618);
#1428=VERTEX_POINT('',#7653);
#1429=VERTEX_POINT('',#7733);
#1430=VERTEX_POINT('',#7734);
#1431=VERTEX_POINT('',#7754);
#1432=VERTEX_POINT('',#7774);
#1433=VERTEX_POINT('',#7805);
#1434=VERTEX_POINT('',#7806);
#1435=VERTEX_POINT('',#7818);
#1436=VERTEX_POINT('',#7830);
#1437=VERTEX_POINT('',#7862);
#1438=VERTEX_POINT('',#7863);
#1439=VERTEX_POINT('',#7883);
#1440=VERTEX_POINT('',#7903);
#1441=VERTEX_POINT('',#7934);
#1442=VERTEX_POINT('',#7935);
#1443=VERTEX_POINT('',#7947);
#1444=VERTEX_POINT('',#7959);
#1445=VERTEX_POINT('',#7994);
#1446=VERTEX_POINT('',#7996);
#1447=VERTEX_POINT('',#8031);
#1448=VERTEX_POINT('',#8066);
#1449=VERTEX_POINT('',#8150);
#1450=VERTEX_POINT('',#8152);
#1451=VERTEX_POINT('',#8211);
#1452=VERTEX_POINT('',#8270);
#1453=VERTEX_POINT('',#8370);
#1454=VERTEX_POINT('',#8372);
#1455=VERTEX_POINT('',#8407);
#1456=VERTEX_POINT('',#8442);
#1457=VERTEX_POINT('',#8526);
#1458=VERTEX_POINT('',#8528);
#1459=VERTEX_POINT('',#8587);
#1460=VERTEX_POINT('',#8646);
#1461=CIRCLE('',#1721,0.003875);
#1462=CIRCLE('',#1723,0.00402572142074251);
#1463=CIRCLE('',#1724,0.00402648405384238);
#1464=CIRCLE('',#1725,0.00402572142074251);
#1465=CIRCLE('',#1726,0.00501036293059827);
#1466=CIRCLE('',#1728,0.00516237976320958);
#1467=CIRCLE('',#1731,0.0085);
#1468=CIRCLE('',#1735,0.0085);
#1469=CIRCLE('',#1738,0.0085);
#1470=CIRCLE('',#1741,0.0085);
#1471=CIRCLE('',#1744,0.0085);
#1472=CIRCLE('',#1746,0.0085);
#1473=CIRCLE('',#1760,0.005);
#1474=CIRCLE('',#1762,0.005);
#1475=EDGE_LOOP('',(#381));
#1476=EDGE_LOOP('',(#382,#383,#384,#385,#386,#387,#388,#389,#390,#391,#392,
#393,#394,#395,#396,#397,#398,#399,#400,#401,#402,#403,#404,#405,#406,#407,
#408,#409,#410,#411,#412,#413,#414,#415,#416,#417,#418,#419,#420,#421,#422,
#423,#424,#425,#426,#427,#428,#429,#430,#431,#432,#433,#434,#435,#436,#437,
#438,#439,#440,#441,#442,#443,#444,#445,#446,#447,#448,#449,#450));
#1477=EDGE_LOOP('',(#451,#452,#453,#454,#455));
#1478=EDGE_LOOP('',(#456,#457,#458,#459,#460,#461,#462,#463,#464,#465,#466,
#467,#468,#469,#470,#471,#472,#473,#474,#475,#476,#477,#478,#479,#480,#481,
#482,#483,#484,#485,#486,#487,#488,#489,#490,#491,#492,#493,#494,#495,#496,
#497,#498,#499,#500,#501,#502,#503,#504,#505,#506,#507,#508,#509,#510,#511,
#512,#513,#514,#515,#516,#517,#518,#519,#520,#521,#522,#523,#524));
#1479=EDGE_LOOP('',(#525,#526,#527,#528,#529,#530));
#1480=EDGE_LOOP('',(#531));
#1481=EDGE_LOOP('',(#532,#533,#534,#535,#536));
#1482=EDGE_LOOP('',(#537,#538,#539));
#1483=EDGE_LOOP('',(#540,#541,#542,#543,#544));
#1484=EDGE_LOOP('',(#545,#546,#547,#548,#549));
#1485=EDGE_LOOP('',(#550,#551,#552));
#1486=EDGE_LOOP('',(#553,#554,#555,#556,#557));
#1487=EDGE_LOOP('',(#558,#559,#560));
#1488=EDGE_LOOP('',(#561,#562,#563,#564,#565));
#1489=EDGE_LOOP('',(#566,#567,#568));
#1490=EDGE_LOOP('',(#569,#570,#571,#572,#573));
#1491=EDGE_LOOP('',(#574,#575,#576));
#1492=EDGE_LOOP('',(#577,#578,#579));
#1493=EDGE_LOOP('',(#580,#581,#582,#583,#584,#585));
#1494=EDGE_LOOP('',(#586,#587,#588,#589,#590,#591,#592,#593));
#1495=EDGE_LOOP('',(#594,#595,#596,#597,#598,#599,#600,#601));
#1496=EDGE_LOOP('',(#602,#603,#604,#605));
#1497=EDGE_LOOP('',(#606,#607,#608,#609));
#1498=EDGE_LOOP('',(#610,#611,#612,#613));
#1499=EDGE_LOOP('',(#614,#615,#616,#617));
#1500=EDGE_LOOP('',(#618,#619,#620,#621));
#1501=EDGE_LOOP('',(#622,#623,#624,#625));
#1502=EDGE_LOOP('',(#626,#627,#628,#629));
#1503=EDGE_LOOP('',(#630,#631,#632,#633));
#1504=EDGE_LOOP('',(#634,#635,#636,#637));
#1505=EDGE_LOOP('',(#638,#639,#640,#641));
#1506=EDGE_LOOP('',(#642,#643,#644,#645));
#1507=EDGE_LOOP('',(#646,#647,#648,#649));
#1508=EDGE_LOOP('',(#650,#651,#652,#653));
#1509=EDGE_LOOP('',(#654,#655,#656,#657));
#1510=EDGE_LOOP('',(#658,#659,#660,#661));
#1511=EDGE_LOOP('',(#662,#663,#664,#665));
#1512=EDGE_LOOP('',(#666,#667,#668,#669));
#1513=EDGE_LOOP('',(#670,#671,#672,#673));
#1514=EDGE_LOOP('',(#674,#675,#676,#677));
#1515=EDGE_LOOP('',(#678,#679,#680,#681));
#1516=EDGE_LOOP('',(#682,#683,#684,#685));
#1517=EDGE_LOOP('',(#686,#687,#688,#689));
#1518=EDGE_LOOP('',(#690,#691,#692,#693,#694,#695,#696,#697));
#1519=EDGE_LOOP('',(#698,#699,#700,#701));
#1520=EDGE_LOOP('',(#702,#703,#704,#705));
#1521=EDGE_LOOP('',(#706,#707,#708,#709,#710,#711,#712,#713));
#1522=EDGE_LOOP('',(#714,#715,#716,#717));
#1523=EDGE_LOOP('',(#718,#719,#720,#721));
#1524=EDGE_LOOP('',(#722,#723,#724,#725));
#1525=EDGE_LOOP('',(#726,#727,#728,#729));
#1526=EDGE_LOOP('',(#730,#731,#732,#733));
#1527=EDGE_LOOP('',(#734,#735,#736,#737));
#1528=EDGE_LOOP('',(#738,#739,#740,#741));
#1529=EDGE_LOOP('',(#742,#743,#744,#745));
#1530=EDGE_LOOP('',(#746,#747,#748,#749));
#1531=EDGE_LOOP('',(#750,#751,#752,#753));
#1532=EDGE_LOOP('',(#754,#755,#756,#757));
#1533=EDGE_LOOP('',(#758,#759,#760,#761));
#1534=EDGE_LOOP('',(#762,#763,#764,#765));
#1535=EDGE_LOOP('',(#766,#767,#768,#769));
#1536=EDGE_LOOP('',(#770,#771,#772,#773));
#1537=EDGE_LOOP('',(#774,#775,#776,#777));
#1538=EDGE_LOOP('',(#778,#779,#780,#781));
#1539=EDGE_LOOP('',(#782,#783,#784,#785));
#1540=EDGE_LOOP('',(#786,#787,#788,#789));
#1541=EDGE_LOOP('',(#790,#791,#792,#793));
#1542=EDGE_LOOP('',(#794,#795,#796,#797));
#1543=EDGE_LOOP('',(#798,#799,#800,#801));
#1544=EDGE_LOOP('',(#802));
#1545=EDGE_LOOP('',(#803,#804,#805,#806));
#1546=EDGE_LOOP('',(#807,#808,#809,#810,#811,#812,#813,#814,#815,#816,#817,
#818,#819,#820,#821,#822,#823,#824,#825,#826,#827,#828,#829,#830,#831,#832,
#833,#834,#835,#836,#837,#838,#839,#840,#841,#842,#843,#844,#845,#846,#847,
#848,#849,#850,#851,#852,#853,#854,#855,#856,#857,#858,#859,#860,#861,#862,
#863,#864,#865,#866,#867,#868,#869,#870,#871,#872,#873,#874,#875,#876,#877,
#878,#879,#880,#881,#882,#883,#884,#885,#886,#887,#888,#889,#890,#891,#892,
#893,#894,#895,#896,#897,#898,#899,#900,#901,#902,#903,#904,#905,#906,#907,
#908,#909,#910,#911,#912,#913,#914,#915,#916,#917,#918,#919,#920,#921,#922,
#923,#924,#925,#926,#927,#928,#929,#930,#931,#932,#933,#934,#935,#936,#937,
#938,#939,#940));
#1547=EDGE_LOOP('',(#941,#942,#943,#944,#945));
#1548=EDGE_LOOP('',(#946));
#1549=FACE_BOUND('',#1475,.T.);
#1550=FACE_BOUND('',#1476,.T.);
#1551=FACE_BOUND('',#1477,.T.);
#1552=FACE_BOUND('',#1478,.T.);
#1553=FACE_BOUND('',#1479,.T.);
#1554=FACE_BOUND('',#1480,.T.);
#1555=FACE_BOUND('',#1481,.T.);
#1556=FACE_BOUND('',#1482,.T.);
#1557=FACE_BOUND('',#1483,.T.);
#1558=FACE_BOUND('',#1484,.T.);
#1559=FACE_BOUND('',#1485,.T.);
#1560=FACE_BOUND('',#1486,.T.);
#1561=FACE_BOUND('',#1487,.T.);
#1562=FACE_BOUND('',#1488,.T.);
#1563=FACE_BOUND('',#1489,.T.);
#1564=FACE_BOUND('',#1490,.T.);
#1565=FACE_BOUND('',#1491,.T.);
#1566=FACE_BOUND('',#1492,.T.);
#1567=FACE_BOUND('',#1493,.T.);
#1568=FACE_BOUND('',#1494,.T.);
#1569=FACE_BOUND('',#1495,.T.);
#1570=FACE_BOUND('',#1496,.T.);
#1571=FACE_BOUND('',#1497,.T.);
#1572=FACE_BOUND('',#1498,.T.);
#1573=FACE_BOUND('',#1499,.T.);
#1574=FACE_BOUND('',#1500,.T.);
#1575=FACE_BOUND('',#1501,.T.);
#1576=FACE_BOUND('',#1502,.T.);
#1577=FACE_BOUND('',#1503,.T.);
#1578=FACE_BOUND('',#1504,.T.);
#1579=FACE_BOUND('',#1505,.T.);
#1580=FACE_BOUND('',#1506,.T.);
#1581=FACE_BOUND('',#1507,.T.);
#1582=FACE_BOUND('',#1508,.T.);
#1583=FACE_BOUND('',#1509,.T.);
#1584=FACE_BOUND('',#1510,.T.);
#1585=FACE_BOUND('',#1511,.T.);
#1586=FACE_BOUND('',#1512,.T.);
#1587=FACE_BOUND('',#1513,.T.);
#1588=FACE_BOUND('',#1514,.T.);
#1589=FACE_BOUND('',#1515,.T.);
#1590=FACE_BOUND('',#1516,.T.);
#1591=FACE_BOUND('',#1517,.T.);
#1592=FACE_BOUND('',#1518,.T.);
#1593=FACE_BOUND('',#1519,.T.);
#1594=FACE_BOUND('',#1520,.T.);
#1595=FACE_BOUND('',#1521,.T.);
#1596=FACE_BOUND('',#1522,.T.);
#1597=FACE_BOUND('',#1523,.T.);
#1598=FACE_BOUND('',#1524,.T.);
#1599=FACE_BOUND('',#1525,.T.);
#1600=FACE_BOUND('',#1526,.T.);
#1601=FACE_BOUND('',#1527,.T.);
#1602=FACE_BOUND('',#1528,.T.);
#1603=FACE_BOUND('',#1529,.T.);
#1604=FACE_BOUND('',#1530,.T.);
#1605=FACE_BOUND('',#1531,.T.);
#1606=FACE_BOUND('',#1532,.T.);
#1607=FACE_BOUND('',#1533,.T.);
#1608=FACE_BOUND('',#1534,.T.);
#1609=FACE_BOUND('',#1535,.T.);
#1610=FACE_BOUND('',#1536,.T.);
#1611=FACE_BOUND('',#1537,.T.);
#1612=FACE_BOUND('',#1538,.T.);
#1613=FACE_BOUND('',#1539,.T.);
#1614=FACE_BOUND('',#1540,.T.);
#1615=FACE_BOUND('',#1541,.T.);
#1616=FACE_BOUND('',#1542,.T.);
#1617=FACE_BOUND('',#1543,.T.);
#1618=FACE_BOUND('',#1544,.T.);
#1619=FACE_BOUND('',#1545,.T.);
#1620=FACE_BOUND('',#1546,.T.);
#1621=FACE_BOUND('',#1547,.T.);
#1622=FACE_BOUND('',#1548,.T.);
#1623=PLANE('',#1720);
#1624=PLANE('',#1727);
#1625=PLANE('',#1729);
#1626=PLANE('',#1732);
#1627=PLANE('',#1733);
#1628=PLANE('',#1736);
#1629=PLANE('',#1739);
#1630=PLANE('',#1742);
#1631=PLANE('',#1747);
#1632=PLANE('',#1748);
#1633=PLANE('',#1749);
#1634=PLANE('',#1750);
#1635=PLANE('',#1751);
#1636=PLANE('',#1752);
#1637=PLANE('',#1753);
#1638=PLANE('',#1754);
#1639=PLANE('',#1755);
#1640=PLANE('',#1756);
#1641=PLANE('',#1757);
#1642=PLANE('',#1758);
#1643=ADVANCED_FACE('',(#1549),#1623,.F.);
#1644=ADVANCED_FACE('',(#1550),#379,.T.);
#1645=ADVANCED_FACE('',(#1551),#164,.T.);
#1646=ADVANCED_FACE('',(#1552),#380,.T.);
#1647=ADVANCED_FACE('',(#1553,#1554),#1624,.T.);
#1648=ADVANCED_FACE('',(#1555),#1625,.F.);
#1649=ADVANCED_FACE('',(#1556),#44,.T.);
#1650=ADVANCED_FACE('',(#1557),#1626,.F.);
#1651=ADVANCED_FACE('',(#1558),#1627,.F.);
#1652=ADVANCED_FACE('',(#1559),#45,.T.);
#1653=ADVANCED_FACE('',(#1560),#1628,.F.);
#1654=ADVANCED_FACE('',(#1561),#46,.T.);
#1655=ADVANCED_FACE('',(#1562),#1629,.F.);
#1656=ADVANCED_FACE('',(#1563),#47,.T.);
#1657=ADVANCED_FACE('',(#1564),#1630,.F.);
#1658=ADVANCED_FACE('',(#1565),#48,.T.);
#1659=ADVANCED_FACE('',(#1566),#49,.T.);
#1660=ADVANCED_FACE('',(#1567,#1568,#1569,#1570),#1631,.T.);
#1661=ADVANCED_FACE('',(#1571),#1632,.T.);
#1662=ADVANCED_FACE('',(#1572),#1633,.T.);
#1663=ADVANCED_FACE('',(#1573),#1634,.T.);
#1664=ADVANCED_FACE('',(#1574),#1635,.T.);
#1665=ADVANCED_FACE('',(#1575),#12,.T.);
#1666=ADVANCED_FACE('',(#1576),#13,.T.);
#1667=ADVANCED_FACE('',(#1577),#14,.T.);
#1668=ADVANCED_FACE('',(#1578),#15,.T.);
#1669=ADVANCED_FACE('',(#1579),#16,.T.);
#1670=ADVANCED_FACE('',(#1580),#17,.T.);
#1671=ADVANCED_FACE('',(#1581),#18,.T.);
#1672=ADVANCED_FACE('',(#1582),#19,.T.);
#1673=ADVANCED_FACE('',(#1583),#20,.T.);
#1674=ADVANCED_FACE('',(#1584),#21,.T.);
#1675=ADVANCED_FACE('',(#1585),#22,.T.);
#1676=ADVANCED_FACE('',(#1586),#23,.T.);
#1677=ADVANCED_FACE('',(#1587),#24,.T.);
#1678=ADVANCED_FACE('',(#1588),#25,.T.);
#1679=ADVANCED_FACE('',(#1589),#26,.T.);
#1680=ADVANCED_FACE('',(#1590),#27,.T.);
#1681=ADVANCED_FACE('',(#1591),#1636,.T.);
#1682=ADVANCED_FACE('',(#1592,#1593,#1594),#1637,.T.);
#1683=ADVANCED_FACE('',(#1595,#1596,#1597),#1638,.T.);
#1684=ADVANCED_FACE('',(#1598),#28,.T.);
#1685=ADVANCED_FACE('',(#1599),#29,.T.);
#1686=ADVANCED_FACE('',(#1600),#30,.T.);
#1687=ADVANCED_FACE('',(#1601),#31,.T.);
#1688=ADVANCED_FACE('',(#1602),#32,.T.);
#1689=ADVANCED_FACE('',(#1603),#33,.T.);
#1690=ADVANCED_FACE('',(#1604),#34,.T.);
#1691=ADVANCED_FACE('',(#1605),#35,.T.);
#1692=ADVANCED_FACE('',(#1606),#36,.T.);
#1693=ADVANCED_FACE('',(#1607),#37,.T.);
#1694=ADVANCED_FACE('',(#1608),#38,.T.);
#1695=ADVANCED_FACE('',(#1609),#39,.T.);
#1696=ADVANCED_FACE('',(#1610),#40,.T.);
#1697=ADVANCED_FACE('',(#1611),#41,.T.);
#1698=ADVANCED_FACE('',(#1612),#42,.T.);
#1699=ADVANCED_FACE('',(#1613),#43,.T.);
#1700=ADVANCED_FACE('',(#1614),#1639,.T.);
#1701=ADVANCED_FACE('',(#1615),#1640,.T.);
#1702=ADVANCED_FACE('',(#1616),#1641,.T.);
#1703=ADVANCED_FACE('',(#1617),#1642,.T.);
#1704=ADVANCED_FACE('',(#1618,#1619),#50,.T.);
#1705=ADVANCED_FACE('',(#1620),#165,.T.);
#1706=ADVANCED_FACE('',(#1621,#1622),#51,.T.);
#1707=CLOSED_SHELL('',(#1643,#1644,#1645,#1646,#1647,#1648,#1649,#1650,
#1651,#1652,#1653,#1654,#1655,#1656,#1657,#1658,#1659,#1660,#1661,#1662,
#1663,#1664,#1665,#1666,#1667,#1668,#1669,#1670,#1671,#1672,#1673,#1674,
#1675,#1676,#1677,#1678,#1679,#1680,#1681,#1682,#1683,#1684,#1685,#1686,
#1687,#1688,#1689,#1690,#1691,#1692,#1693,#1694,#1695,#1696,#1697,#1698,
#1699,#1700,#1701,#1702,#1703,#1704,#1705,#1706));
#1708=STYLED_ITEM('',(#1709),#1716);
#1709=PRESENTATION_STYLE_ASSIGNMENT((#1710));
#1710=SURFACE_STYLE_USAGE(.BOTH.,#1711);
#1711=SURFACE_SIDE_STYLE('',(#1712));
#1712=SURFACE_STYLE_FILL_AREA(#1713);
#1713=FILL_AREA_STYLE('',(#1714));
#1714=FILL_AREA_STYLE_COLOUR('',#1715);
#1715=COLOUR_RGB('',0.901960784313726,0.901960784313726,0.901960784313726);
#1716=MANIFOLD_SOLID_BREP('M10 x 50',#1707);
#1717=SHAPE_DEFINITION_REPRESENTATION(#8738,#1718);
#1718=SHAPE_REPRESENTATION('M10 x 50',(#1719),#8733);
#1719=AXIS2_PLACEMENT_3D('',#1910,#1764,#1765);
#1720=AXIS2_PLACEMENT_3D('',#1911,#1766,#1767);
#1721=AXIS2_PLACEMENT_3D('',#1912,#1768,#1769);
#1722=AXIS2_PLACEMENT_3D('',#4162,#1770,#1771);
#1723=AXIS2_PLACEMENT_3D('',#4163,#1772,#1773);
#1724=AXIS2_PLACEMENT_3D('',#4165,#1774,#1775);
#1725=AXIS2_PLACEMENT_3D('',#4167,#1776,#1777);
#1726=AXIS2_PLACEMENT_3D('',#6451,#1778,#1779);
#1727=AXIS2_PLACEMENT_3D('',#6452,#1780,#1781);
#1728=AXIS2_PLACEMENT_3D('',#6465,#1788,#1789);
#1729=AXIS2_PLACEMENT_3D('',#6467,#1790,#1791);
#1730=AXIS2_PLACEMENT_3D('',#6481,#1794,#1795);
#1731=AXIS2_PLACEMENT_3D('',#6487,#1796,#1797);
#1732=AXIS2_PLACEMENT_3D('',#6488,#1798,#1799);
#1733=AXIS2_PLACEMENT_3D('',#6495,#1801,#1802);
#1734=AXIS2_PLACEMENT_3D('',#6507,#1804,#1805);
#1735=AXIS2_PLACEMENT_3D('',#6508,#1806,#1807);
#1736=AXIS2_PLACEMENT_3D('',#6509,#1808,#1809);
#1737=AXIS2_PLACEMENT_3D('',#6521,#1811,#1812);
#1738=AXIS2_PLACEMENT_3D('',#6522,#1813,#1814);
#1739=AXIS2_PLACEMENT_3D('',#6523,#1815,#1816);
#1740=AXIS2_PLACEMENT_3D('',#6535,#1818,#1819);
#1741=AXIS2_PLACEMENT_3D('',#6536,#1820,#1821);
#1742=AXIS2_PLACEMENT_3D('',#6537,#1822,#1823);
#1743=AXIS2_PLACEMENT_3D('',#6547,#1824,#1825);
#1744=AXIS2_PLACEMENT_3D('',#6548,#1826,#1827);
#1745=AXIS2_PLACEMENT_3D('',#6549,#1828,#1829);
#1746=AXIS2_PLACEMENT_3D('',#6550,#1830,#1831);
#1747=AXIS2_PLACEMENT_3D('',#6551,#1832,#1833);
#1748=AXIS2_PLACEMENT_3D('',#6848,#1838,#1839);
#1749=AXIS2_PLACEMENT_3D('',#6854,#1843,#1844);
#1750=AXIS2_PLACEMENT_3D('',#6858,#1847,#1848);
#1751=AXIS2_PLACEMENT_3D('',#6862,#1851,#1852);
#1752=AXIS2_PLACEMENT_3D('',#7712,#1870,#1871);
#1753=AXIS2_PLACEMENT_3D('',#7713,#1872,#1873);
#1754=AXIS2_PLACEMENT_3D('',#7842,#1874,#1875);
#1755=AXIS2_PLACEMENT_3D('',#8723,#1892,#1893);
#1756=AXIS2_PLACEMENT_3D('',#8724,#1894,#1895);
#1757=AXIS2_PLACEMENT_3D('',#8725,#1896,#1897);
#1758=AXIS2_PLACEMENT_3D('',#8726,#1898,#1899);
#1759=AXIS2_PLACEMENT_3D('',#8727,#1900,#1901);
#1760=AXIS2_PLACEMENT_3D('',#8728,#1902,#1903);
#1761=AXIS2_PLACEMENT_3D('',#8729,#1904,#1905);
#1762=AXIS2_PLACEMENT_3D('',#8730,#1906,#1907);
#1763=AXIS2_PLACEMENT_3D('',#8731,#1908,#1909);
#1764=DIRECTION('',(0.,0.,1.));
#1765=DIRECTION('',(1.,0.,0.));
#1766=DIRECTION('',(0.,8.00919006642369E-17,1.));
#1767=DIRECTION('',(0.,-1.,8.00919006642369E-17));
#1768=DIRECTION('',(0.,8.00919006642369E-17,1.));
#1769=DIRECTION('',(0.,-1.,0.));
#1770=DIRECTION('',(1.13689677695616E-19,1.56754393915321E-20,1.));
#1771=DIRECTION('',(1.,0.,-1.13689677695616E-19));
#1772=DIRECTION('',(0.,0.,1.));
#1773=DIRECTION('',(1.,0.,0.));
#1774=DIRECTION('',(-8.37949497360026E-11,-3.17886716005236E-9,1.));
#1775=DIRECTION('',(-0.157324017521607,-0.987547038632014,-3.15246408634852E-9));
#1776=DIRECTION('',(0.,8.00919006642369E-17,1.));
#1777=DIRECTION('',(0.,-1.,8.00919006642369E-17));
#1778=DIRECTION('',(0.045212268112076,0.0187275346386536,0.998801847344367));
#1779=DIRECTION('',(-0.000852455784181223,0.999824624329199,-0.0187081240137049));
#1780=DIRECTION('',(0.,0.,-1.));
#1781=DIRECTION('',(-1.,0.,0.));
#1782=DIRECTION('',(0.,-1.,0.));
#1783=DIRECTION('',(-0.866025403784439,-0.5,0.));
#1784=DIRECTION('',(-0.866025403784439,0.5,0.));
#1785=DIRECTION('',(1.76742893969077E-16,1.,0.));
#1786=DIRECTION('',(0.866025403784439,0.5,0.));
#1787=DIRECTION('',(0.866025403784439,-0.5,0.));
#1788=DIRECTION('',(0.,0.,-1.));
#1789=DIRECTION('',(-1.,0.,0.));
#1790=DIRECTION('',(0.5,0.866025403784439,0.));
#1791=DIRECTION('',(-0.866025403784439,0.5,0.));
#1792=DIRECTION('',(0.,0.,-1.));
#1793=DIRECTION('',(0.,0.,-1.));
#1794=DIRECTION('',(0.,0.,-1.));
#1795=DIRECTION('',(1.,0.,0.));
#1796=DIRECTION('',(0.,0.,1.));
#1797=DIRECTION('',(1.,0.,0.));
#1798=DIRECTION('',(1.,0.,0.));
#1799=DIRECTION('',(0.,0.,-1.));
#1800=DIRECTION('',(0.,0.,-1.));
#1801=DIRECTION('',(-0.5,0.866025403784439,0.));
#1802=DIRECTION('',(-0.866025403784439,-0.5,0.));
#1803=DIRECTION('',(0.,0.,-1.));
#1804=DIRECTION('',(0.,0.,-1.));
#1805=DIRECTION('',(1.,0.,0.));
#1806=DIRECTION('',(0.,0.,1.));
#1807=DIRECTION('',(1.,0.,0.));
#1808=DIRECTION('',(-1.,0.,0.));
#1809=DIRECTION('',(0.,-1.,0.));
#1810=DIRECTION('',(0.,0.,-1.));
#1811=DIRECTION('',(0.,0.,-1.));
#1812=DIRECTION('',(1.,0.,0.));
#1813=DIRECTION('',(0.,0.,1.));
#1814=DIRECTION('',(1.,0.,0.));
#1815=DIRECTION('',(-0.5,-0.866025403784439,0.));
#1816=DIRECTION('',(0.866025403784439,-0.5,0.));
#1817=DIRECTION('',(0.,0.,-1.));
#1818=DIRECTION('',(0.,0.,-1.));
#1819=DIRECTION('',(1.,0.,0.));
#1820=DIRECTION('',(0.,0.,1.));
#1821=DIRECTION('',(1.,0.,0.));
#1822=DIRECTION('',(0.5,-0.866025403784439,0.));
#1823=DIRECTION('',(0.866025403784439,0.5,0.));
#1824=DIRECTION('',(0.,0.,-1.));
#1825=DIRECTION('',(1.,0.,0.));
#1826=DIRECTION('',(0.,0.,1.));
#1827=DIRECTION('',(1.,0.,0.));
#1828=DIRECTION('',(0.,0.,-1.));
#1829=DIRECTION('',(1.,0.,0.));
#1830=DIRECTION('',(0.,0.,1.));
#1831=DIRECTION('',(1.,0.,0.));
#1832=DIRECTION('',(0.,0.,1.));
#1833=DIRECTION('',(1.,0.,0.));
#1834=DIRECTION('',(1.,0.,0.));
#1835=DIRECTION('',(0.,-1.,0.));
#1836=DIRECTION('',(-1.,0.,0.));
#1837=DIRECTION('',(0.,1.,0.));
#1838=DIRECTION('',(0.,-1.,0.));
#1839=DIRECTION('',(0.,0.,-1.));
#1840=DIRECTION('',(0.,0.,1.));
#1841=DIRECTION('',(-1.,0.,0.));
#1842=DIRECTION('',(0.,0.,1.));
#1843=DIRECTION('',(-1.,0.,0.));
#1844=DIRECTION('',(0.,0.,1.));
#1845=DIRECTION('',(0.,1.,0.));
#1846=DIRECTION('',(0.,0.,1.));
#1847=DIRECTION('',(0.,1.,0.));
#1848=DIRECTION('',(0.,0.,1.));
#1849=DIRECTION('',(1.,0.,0.));
#1850=DIRECTION('',(0.,0.,1.));
#1851=DIRECTION('',(1.,0.,0.));
#1852=DIRECTION('',(0.,0.,-1.));
#1853=DIRECTION('',(0.,-1.,0.));
#1854=DIRECTION('',(0.,0.,1.));
#1855=DIRECTION('',(0.,0.,1.));
#1856=DIRECTION('',(0.,0.,1.));
#1857=DIRECTION('',(0.,0.,1.));
#1858=DIRECTION('',(0.,0.,1.));
#1859=DIRECTION('',(0.,0.,1.));
#1860=DIRECTION('',(0.,0.,1.));
#1861=DIRECTION('',(0.,0.,1.));
#1862=DIRECTION('',(0.,0.,1.));
#1863=DIRECTION('',(0.,0.,1.));
#1864=DIRECTION('',(0.,0.,1.));
#1865=DIRECTION('',(0.,0.,1.));
#1866=DIRECTION('',(0.,0.,1.));
#1867=DIRECTION('',(0.,0.,1.));
#1868=DIRECTION('',(0.,0.,1.));
#1869=DIRECTION('',(0.,0.,1.));
#1870=DIRECTION('',(0.,0.,1.));
#1871=DIRECTION('',(1.,0.,0.));
#1872=DIRECTION('',(0.,0.,1.));
#1873=DIRECTION('',(1.,0.,0.));
#1874=DIRECTION('',(0.,0.,1.));
#1875=DIRECTION('',(1.,0.,0.));
#1876=DIRECTION('',(0.,0.,1.));
#1877=DIRECTION('',(0.,0.,1.));
#1878=DIRECTION('',(0.,0.,1.));
#1879=DIRECTION('',(0.,0.,1.));
#1880=DIRECTION('',(0.,0.,1.));
#1881=DIRECTION('',(0.,0.,1.));
#1882=DIRECTION('',(0.,0.,1.));
#1883=DIRECTION('',(0.,0.,1.));
#1884=DIRECTION('',(0.,0.,1.));
#1885=DIRECTION('',(0.,0.,1.));
#1886=DIRECTION('',(0.,0.,1.));
#1887=DIRECTION('',(0.,0.,1.));
#1888=DIRECTION('',(0.,0.,1.));
#1889=DIRECTION('',(0.,0.,1.));
#1890=DIRECTION('',(0.,0.,1.));
#1891=DIRECTION('',(0.,0.,1.));
#1892=DIRECTION('',(0.,0.,1.));
#1893=DIRECTION('',(1.,0.,0.));
#1894=DIRECTION('',(0.,0.,1.));
#1895=DIRECTION('',(1.,0.,0.));
#1896=DIRECTION('',(0.,0.,1.));
#1897=DIRECTION('',(1.,0.,0.));
#1898=DIRECTION('',(0.,0.,1.));
#1899=DIRECTION('',(1.,0.,0.));
#1900=DIRECTION('',(0.,0.,1.));
#1901=DIRECTION('',(-1.,0.,0.));
#1902=DIRECTION('',(0.,0.,-1.));
#1903=DIRECTION('',(1.,-8.88178419700125E-16,0.));
#1904=DIRECTION('',(0.,8.00919006642369E-17,1.));
#1905=DIRECTION('',(0.,-1.,0.));
#1906=DIRECTION('',(0.,8.00919006642369E-17,1.));
#1907=DIRECTION('',(0.,-1.,0.));
#1908=DIRECTION('',(0.,8.00919006642369E-17,1.));
#1909=DIRECTION('',(0.,-1.,0.));
#1910=CARTESIAN_POINT('',(0.,0.,0.));
#1911=CARTESIAN_POINT('',(0.,1.24285055695193E-35,-0.0282));
#1912=CARTESIAN_POINT('',(0.,0.,-0.0282));
#1913=CARTESIAN_POINT('',(0.,-0.003875,-0.0282));
#1914=CARTESIAN_POINT('',(-0.00492194069637998,-0.000880056692105494,-0.0277836992980245));
#1915=CARTESIAN_POINT('',(-0.00464562056505811,-0.00242544724680751,-0.0277085638673811));
#1916=CARTESIAN_POINT('',(-0.00353553390593282,-0.00353553390593281,-0.0276374999999999));
#1917=CARTESIAN_POINT('',(-0.00207106781186552,-0.00500000000000011,-0.0275437499999999));
#1918=CARTESIAN_POINT('',(-6.12323399573691E-19,-0.00500000000000011,-0.0274499999999999));
#1919=CARTESIAN_POINT('',(0.00207106781186552,-0.00500000000000011,-0.02735625));
#1920=CARTESIAN_POINT('',(0.00353553390593282,-0.00353553390593282,-0.0272624999999999));
#1921=CARTESIAN_POINT('',(0.00500000000000011,-0.00207106781186552,-0.0271687499999999));
#1922=CARTESIAN_POINT('',(0.00500000000000011,3.35439943137434E-19,-0.0270749999999999));
#1923=CARTESIAN_POINT('',(0.00500000000000011,0.00207106781186553,-0.0269812499999999));
#1924=CARTESIAN_POINT('',(0.00353553390593282,0.00353553390593282,-0.0268874999999999));
#1925=CARTESIAN_POINT('',(0.00207106781186553,0.00500000000000011,-0.0267937499999999));
#1926=CARTESIAN_POINT('',(0.,0.00500000000000011,-0.0266999999999999));
#1927=CARTESIAN_POINT('',(-0.00207106781186552,0.00500000000000012,-0.0266062499999999));
#1928=CARTESIAN_POINT('',(-0.00353553390593282,0.00353553390593282,-0.0265124999999999));
#1929=CARTESIAN_POINT('',(-0.00500000000000011,0.00207106781186552,-0.0264187499999999));
#1930=CARTESIAN_POINT('',(-0.00500000000000011,1.58350811231851E-18,-0.0263249999999999));
#1931=CARTESIAN_POINT('',(-0.00500000000000011,-0.00207106781186552,-0.02623125));
#1932=CARTESIAN_POINT('',(-0.00353553390593282,-0.00353553390593281,-0.0261374999999999));
#1933=CARTESIAN_POINT('',(-0.00207106781186552,-0.00500000000000011,-0.0260437499999999));
#1934=CARTESIAN_POINT('',(-6.12323399573691E-19,-0.00500000000000011,-0.0259499999999999));
#1935=CARTESIAN_POINT('',(0.00207106781186552,-0.00500000000000011,-0.0258562499999999));
#1936=CARTESIAN_POINT('',(0.00353553390593282,-0.00353553390593282,-0.0257624999999999));
#1937=CARTESIAN_POINT('',(0.00500000000000011,-0.00207106781186552,-0.02566875));
#1938=CARTESIAN_POINT('',(0.00500000000000011,3.82282683204821E-19,-0.0255749999999999));
#1939=CARTESIAN_POINT('',(0.00500000000000011,0.00207106781186553,-0.0254812499999999));
#1940=CARTESIAN_POINT('',(0.00353553390593282,0.00353553390593282,-0.0253874999999999));
#1941=CARTESIAN_POINT('',(0.00207106781186553,0.00500000000000011,-0.0252937499999999));
#1942=CARTESIAN_POINT('',(0.,0.00500000000000011,-0.0251999999999999));
#1943=CARTESIAN_POINT('',(-0.00207106781186552,0.00500000000000012,-0.02510625));
#1944=CARTESIAN_POINT('',(-0.00353553390593282,0.00353553390593282,-0.0250124999999999));
#1945=CARTESIAN_POINT('',(-0.00500000000000011,0.00207106781186552,-0.0249187499999999));
#1946=CARTESIAN_POINT('',(-0.00500000000000011,1.63035085238589E-18,-0.0248249999999999));
#1947=CARTESIAN_POINT('',(-0.00500000000000011,-0.00207106781186552,-0.0247312499999999));
#1948=CARTESIAN_POINT('',(-0.00353553390593282,-0.00353553390593281,-0.0246374999999999));
#1949=CARTESIAN_POINT('',(-0.00207106781186552,-0.00500000000000011,-0.0245437499999999));
#1950=CARTESIAN_POINT('',(-6.12323399573691E-19,-0.00500000000000011,-0.0244499999999999));
#1951=CARTESIAN_POINT('',(0.00207106781186552,-0.00500000000000011,-0.0243562499999999));
#1952=CARTESIAN_POINT('',(0.00353553390593282,-0.00353553390593282,-0.0242624999999999));
#1953=CARTESIAN_POINT('',(0.00500000000000011,-0.00207106781186552,-0.0241687499999999));
#1954=CARTESIAN_POINT('',(0.00500000000000011,4.29125423272207E-19,-0.0240749999999999));
#1955=CARTESIAN_POINT('',(0.00500000000000011,0.00207106781186553,-0.02398125));
#1956=CARTESIAN_POINT('',(0.00353553390593282,0.00353553390593282,-0.0238874999999999));
#1957=CARTESIAN_POINT('',(0.00207106781186553,0.00500000000000011,-0.0237937499999999));
#1958=CARTESIAN_POINT('',(0.,0.00500000000000011,-0.0236999999999999));
#1959=CARTESIAN_POINT('',(-0.00207106781186552,0.00500000000000012,-0.0236062499999999));
#1960=CARTESIAN_POINT('',(-0.00353553390593282,0.00353553390593282,-0.0235124999999999));
#1961=CARTESIAN_POINT('',(-0.00500000000000011,0.00207106781186552,-0.02341875));
#1962=CARTESIAN_POINT('',(-0.00500000000000011,1.67719359245328E-18,-0.0233249999999999));
#1963=CARTESIAN_POINT('',(-0.00500000000000011,-0.00207106781186552,-0.0232312499999999));
#1964=CARTESIAN_POINT('',(-0.00353553390593282,-0.00353553390593281,-0.0231374999999999));
#1965=CARTESIAN_POINT('',(-0.00207106781186552,-0.00500000000000011,-0.0230437499999999));
#1966=CARTESIAN_POINT('',(-6.12323399573691E-19,-0.00500000000000011,-0.0229499999999999));
#1967=CARTESIAN_POINT('',(0.00207106781186552,-0.00500000000000011,-0.0228562499999999));
#1968=CARTESIAN_POINT('',(0.00353553390593282,-0.00353553390593282,-0.0227624999999999));
#1969=CARTESIAN_POINT('',(0.00500000000000011,-0.00207106781186552,-0.0226687499999999));
#1970=CARTESIAN_POINT('',(0.00500000000000011,4.75968163339593E-19,-0.0225749999999999));
#1971=CARTESIAN_POINT('',(0.00500000000000011,0.00207106781186553,-0.0224812499999999));
#1972=CARTESIAN_POINT('',(0.00353553390593282,0.00353553390593282,-0.0223874999999999));
#1973=CARTESIAN_POINT('',(0.00207106781186553,0.00500000000000011,-0.0222937499999999));
#1974=CARTESIAN_POINT('',(0.,0.00500000000000011,-0.0221999999999999));
#1975=CARTESIAN_POINT('',(-0.00207106781186552,0.00500000000000012,-0.0221062499999999));
#1976=CARTESIAN_POINT('',(-0.00353553390593282,0.00353553390593282,-0.0220124999999999));
#1977=CARTESIAN_POINT('',(-0.00500000000000011,0.00207106781186552,-0.0219187499999999));
#1978=CARTESIAN_POINT('',(-0.00500000000000011,1.72403633252066E-18,-0.0218249999999999));
#1979=CARTESIAN_POINT('',(-0.00500000000000011,-0.00207106781186552,-0.0217312499999999));
#1980=CARTESIAN_POINT('',(-0.00353553390593282,-0.00353553390593281,-0.0216374999999999));
#1981=CARTESIAN_POINT('',(-0.00207106781186552,-0.00500000000000011,-0.0215437499999999));
#1982=CARTESIAN_POINT('',(-6.12323399573691E-19,-0.00500000000000011,-0.0214499999999999));
#1983=CARTESIAN_POINT('',(0.00207106781186552,-0.00500000000000011,-0.0213562499999999));
#1984=CARTESIAN_POINT('',(0.00353553390593282,-0.00353553390593282,-0.0212624999999999));
#1985=CARTESIAN_POINT('',(0.00500000000000011,-0.00207106781186552,-0.0211687499999999));
#1986=CARTESIAN_POINT('',(0.00500000000000011,5.2281090340698E-19,-0.0210749999999999));
#1987=CARTESIAN_POINT('',(0.00500000000000011,0.00207106781186553,-0.0209812499999999));
#1988=CARTESIAN_POINT('',(0.00353553390593282,0.00353553390593282,-0.0208874999999999));
#1989=CARTESIAN_POINT('',(0.00207106781186553,0.00500000000000011,-0.0207937499999999));
#1990=CARTESIAN_POINT('',(0.,0.00500000000000011,-0.0206999999999999));
#1991=CARTESIAN_POINT('',(-0.00207106781186552,0.00500000000000012,-0.0206062499999999));
#1992=CARTESIAN_POINT('',(-0.00353553390593282,0.00353553390593282,-0.0205124999999999));
#1993=CARTESIAN_POINT('',(-0.00500000000000011,0.00207106781186553,-0.02041875));
#1994=CARTESIAN_POINT('',(-0.00500000000000011,1.77087907258805E-18,-0.0203249999999999));
#1995=CARTESIAN_POINT('',(-0.00500000000000011,-0.00207106781186552,-0.0202312499999999));
#1996=CARTESIAN_POINT('',(-0.00353553390593282,-0.00353553390593281,-0.0201374999999999));
#1997=CARTESIAN_POINT('',(-0.00207106781186552,-0.00500000000000011,-0.0200437499999999));
#1998=CARTESIAN_POINT('',(-6.12323399573691E-19,-0.00500000000000011,-0.0199499999999999));
#1999=CARTESIAN_POINT('',(0.00207106781186552,-0.00500000000000011,-0.0198562499999999));
#2000=CARTESIAN_POINT('',(0.00353553390593282,-0.00353553390593281,-0.0197624999999999));
#2001=CARTESIAN_POINT('',(0.00500000000000011,-0.00207106781186552,-0.0196687499999999));
#2002=CARTESIAN_POINT('',(0.00500000000000011,5.69653643474366E-19,-0.0195749999999999));
#2003=CARTESIAN_POINT('',(0.00500000000000011,0.00207106781186553,-0.0194812499999999));
#2004=CARTESIAN_POINT('',(0.00353553390593282,0.00353553390593282,-0.0193874999999999));
#2005=CARTESIAN_POINT('',(0.00207106781186553,0.00500000000000011,-0.0192937499999999));
#2006=CARTESIAN_POINT('',(0.,0.00500000000000011,-0.0191999999999999));
#2007=CARTESIAN_POINT('',(-0.00207106781186552,0.00500000000000012,-0.0191062499999999));
#2008=CARTESIAN_POINT('',(-0.00353553390593282,0.00353553390593282,-0.0190124999999999));
#2009=CARTESIAN_POINT('',(-0.00500000000000011,0.00207106781186553,-0.0189187499999999));
#2010=CARTESIAN_POINT('',(-0.00500000000000011,1.81772181265544E-18,-0.0188249999999999));
#2011=CARTESIAN_POINT('',(-0.00500000000000011,-0.00207106781186552,-0.01873125));
#2012=CARTESIAN_POINT('',(-0.00353553390593282,-0.00353553390593281,-0.0186374999999999));
#2013=CARTESIAN_POINT('',(-0.00207106781186552,-0.00500000000000011,-0.0185437499999999));
#2014=CARTESIAN_POINT('',(-6.12323399573691E-19,-0.00500000000000011,-0.0184499999999999));
#2015=CARTESIAN_POINT('',(0.00207106781186552,-0.00500000000000011,-0.0183562499999999));
#2016=CARTESIAN_POINT('',(0.00353553390593282,-0.00353553390593281,-0.0182624999999999));
#2017=CARTESIAN_POINT('',(0.00500000000000011,-0.00207106781186552,-0.01816875));
#2018=CARTESIAN_POINT('',(0.00500000000000011,6.16496383541752E-19,-0.0180749999999999));
#2019=CARTESIAN_POINT('',(0.00500000000000011,0.00207106781186553,-0.0179812499999999));
#2020=CARTESIAN_POINT('',(0.00353553390593282,0.00353553390593282,-0.0178874999999999));
#2021=CARTESIAN_POINT('',(0.00207106781186553,0.00500000000000011,-0.0177937499999999));
#2022=CARTESIAN_POINT('',(0.,0.00500000000000011,-0.0176999999999999));
#2023=CARTESIAN_POINT('',(-0.00207106781186552,0.00500000000000012,-0.01760625));
#2024=CARTESIAN_POINT('',(-0.00353553390593282,0.00353553390593282,-0.0175124999999999));
#2025=CARTESIAN_POINT('',(-0.00500000000000011,0.00207106781186553,-0.0174187499999999));
#2026=CARTESIAN_POINT('',(-0.00500000000000011,1.86456455272282E-18,-0.0173249999999999));
#2027=CARTESIAN_POINT('',(-0.00500000000000011,-0.00207106781186552,-0.0172312499999999));
#2028=CARTESIAN_POINT('',(-0.00353553390593282,-0.00353553390593281,-0.0171374999999999));
#2029=CARTESIAN_POINT('',(-0.00207106781186552,-0.00500000000000011,-0.01704375));
#2030=CARTESIAN_POINT('',(-6.12323399573691E-19,-0.00500000000000011,-0.0169499999999999));
#2031=CARTESIAN_POINT('',(0.00207106781186552,-0.00500000000000011,-0.0168562499999999));
#2032=CARTESIAN_POINT('',(0.00353553390593282,-0.00353553390593281,-0.0167624999999999));
#2033=CARTESIAN_POINT('',(0.00500000000000011,-0.00207106781186552,-0.0166687499999999));
#2034=CARTESIAN_POINT('',(0.00500000000000011,6.63339123609139E-19,-0.0165749999999999));
#2035=CARTESIAN_POINT('',(0.00500000000000011,0.00207106781186553,-0.01648125));
#2036=CARTESIAN_POINT('',(0.00353553390593282,0.00353553390593282,-0.0163874999999999));
#2037=CARTESIAN_POINT('',(0.00207106781186553,0.00500000000000011,-0.0162937499999999));
#2038=CARTESIAN_POINT('',(0.,0.00500000000000011,-0.0161999999999999));
#2039=CARTESIAN_POINT('',(-0.00207106781186552,0.00500000000000012,-0.0161062499999999));
#2040=CARTESIAN_POINT('',(-0.00353553390593282,0.00353553390593282,-0.0160124999999999));
#2041=CARTESIAN_POINT('',(-0.00500000000000011,0.00207106781186553,-0.0159187499999999));
#2042=CARTESIAN_POINT('',(-0.00500000000000011,1.91140729279021E-18,-0.0158249999999999));
#2043=CARTESIAN_POINT('',(-0.00500000000000011,-0.00207106781186552,-0.0157312499999999));
#2044=CARTESIAN_POINT('',(-0.00353553390593282,-0.00353553390593281,-0.0156374999999999));
#2045=CARTESIAN_POINT('',(-0.00207106781186552,-0.00500000000000011,-0.0155437499999999));
#2046=CARTESIAN_POINT('',(-6.12323399573691E-19,-0.00500000000000011,-0.0154499999999999));
#2047=CARTESIAN_POINT('',(0.00207106781186552,-0.00500000000000011,-0.0153562499999999));
#2048=CARTESIAN_POINT('',(0.00353553390593282,-0.00353553390593281,-0.0152624999999999));
#2049=CARTESIAN_POINT('',(0.00500000000000011,-0.00207106781186552,-0.0151687499999999));
#2050=CARTESIAN_POINT('',(0.00500000000000011,7.10181863676525E-19,-0.0150749999999999));
#2051=CARTESIAN_POINT('',(0.00500000000000011,0.00207106781186553,-0.0149812499999999));
#2052=CARTESIAN_POINT('',(0.00353553390593282,0.00353553390593282,-0.0148874999999999));
#2053=CARTESIAN_POINT('',(0.00207106781186553,0.00500000000000011,-0.0147937499999999));
#2054=CARTESIAN_POINT('',(0.,0.00500000000000011,-0.0146999999999999));
#2055=CARTESIAN_POINT('',(-0.00207106781186552,0.00500000000000012,-0.0146062499999999));
#2056=CARTESIAN_POINT('',(-0.00353553390593282,0.00353553390593282,-0.0145124999999999));
#2057=CARTESIAN_POINT('',(-0.00500000000000011,0.00207106781186553,-0.0144187499999999));
#2058=CARTESIAN_POINT('',(-0.00500000000000011,1.9582500328576E-18,-0.0143249999999999));
#2059=CARTESIAN_POINT('',(-0.00500000000000011,-0.00207106781186552,-0.0142312499999999));
#2060=CARTESIAN_POINT('',(-0.00353553390593282,-0.00353553390593281,-0.0141374999999999));
#2061=CARTESIAN_POINT('',(-0.00207106781186552,-0.00500000000000011,-0.0140437499999999));
#2062=CARTESIAN_POINT('',(-6.12323399573691E-19,-0.00500000000000011,-0.0139499999999999));
#2063=CARTESIAN_POINT('',(0.00207106781186552,-0.00500000000000011,-0.0138562499999999));
#2064=CARTESIAN_POINT('',(0.00353553390593282,-0.00353553390593281,-0.0137624999999999));
#2065=CARTESIAN_POINT('',(0.00500000000000011,-0.00207106781186552,-0.01366875));
#2066=CARTESIAN_POINT('',(0.00500000000000011,7.57024603743912E-19,-0.0135749999999999));
#2067=CARTESIAN_POINT('',(0.00500000000000011,0.00207106781186553,-0.0134812499999999));
#2068=CARTESIAN_POINT('',(0.00353553390593282,0.00353553390593282,-0.0133874999999999));
#2069=CARTESIAN_POINT('',(0.00207106781186553,0.00500000000000012,-0.0132937499999999));
#2070=CARTESIAN_POINT('',(0.,0.00500000000000011,-0.0131999999999999));
#2071=CARTESIAN_POINT('',(-0.00207106781186552,0.00500000000000012,-0.0131062499999999));
#2072=CARTESIAN_POINT('',(-0.00353553390593282,0.00353553390593282,-0.0130124999999999));
#2073=CARTESIAN_POINT('',(-0.00500000000000011,0.00207106781186553,-0.0129187499999999));
#2074=CARTESIAN_POINT('',(-0.00500000000000011,2.00509277292498E-18,-0.0128249999999999));
#2075=CARTESIAN_POINT('',(-0.00500000000000011,-0.00207106781186552,-0.0127312499999999));
#2076=CARTESIAN_POINT('',(-0.00353553390593282,-0.00353553390593281,-0.0126374999999999));
#2077=CARTESIAN_POINT('',(-0.00207106781186552,-0.00500000000000011,-0.0125437499999999));
#2078=CARTESIAN_POINT('',(-6.12323399573691E-19,-0.00500000000000011,-0.0124499999999999));
#2079=CARTESIAN_POINT('',(0.00207106781186552,-0.00500000000000011,-0.0123562499999999));
#2080=CARTESIAN_POINT('',(0.00353553390593282,-0.00353553390593281,-0.0122624999999999));
#2081=CARTESIAN_POINT('',(0.00500000000000011,-0.00207106781186552,-0.0121687499999999));
#2082=CARTESIAN_POINT('',(0.00500000000000011,8.03867343811298E-19,-0.0120749999999999));
#2083=CARTESIAN_POINT('',(0.00500000000000011,0.00207106781186553,-0.0119812499999999));
#2084=CARTESIAN_POINT('',(0.00353553390593282,0.00353553390593282,-0.0118874999999999));
#2085=CARTESIAN_POINT('',(0.00207106781186553,0.00500000000000012,-0.0117937499999999));
#2086=CARTESIAN_POINT('',(0.,0.00500000000000011,-0.0116999999999999));
#2087=CARTESIAN_POINT('',(-0.00207106781186552,0.00500000000000012,-0.0116062499999999));
#2088=CARTESIAN_POINT('',(-0.00353553390593282,0.00353553390593282,-0.0115124999999999));
#2089=CARTESIAN_POINT('',(-0.00500000000000011,0.00207106781186553,-0.0114187499999999));
#2090=CARTESIAN_POINT('',(-0.00500000000000011,2.05193551299237E-18,-0.0113249999999999));
#2091=CARTESIAN_POINT('',(-0.00500000000000011,-0.00207106781186552,-0.0112312499999999));
#2092=CARTESIAN_POINT('',(-0.00353553390593282,-0.00353553390593281,-0.0111374999999999));
#2093=CARTESIAN_POINT('',(-0.00207106781186552,-0.00500000000000011,-0.0110437499999999));
#2094=CARTESIAN_POINT('',(-6.12323399573691E-19,-0.00500000000000011,-0.0109499999999999));
#2095=CARTESIAN_POINT('',(0.00207106781186552,-0.00500000000000011,-0.0108562499999999));
#2096=CARTESIAN_POINT('',(0.00353553390593282,-0.00353553390593281,-0.0107624999999999));
#2097=CARTESIAN_POINT('',(0.00500000000000011,-0.00207106781186552,-0.0106687499999999));
#2098=CARTESIAN_POINT('',(0.00500000000000011,8.50710083878684E-19,-0.0105749999999999));
#2099=CARTESIAN_POINT('',(0.00500000000000011,0.00207106781186553,-0.0104812499999999));
#2100=CARTESIAN_POINT('',(0.00353553390593282,0.00353553390593282,-0.0103874999999999));
#2101=CARTESIAN_POINT('',(0.00207106781186553,0.00500000000000012,-0.0102937499999999));
#2102=CARTESIAN_POINT('',(0.,0.00500000000000011,-0.0101999999999999));
#2103=CARTESIAN_POINT('',(-0.00207106781186552,0.00500000000000012,-0.0101062499999999));
#2104=CARTESIAN_POINT('',(-0.00353553390593282,0.00353553390593282,-0.0100124999999999));
#2105=CARTESIAN_POINT('',(-0.00500000000000011,0.00207106781186553,-0.00991874999999993));
#2106=CARTESIAN_POINT('',(-0.00500000000000011,2.09877825305976E-18,-0.00982499999999993));
#2107=CARTESIAN_POINT('',(-0.00500000000000011,-0.00207106781186552,-0.00973124999999993));
#2108=CARTESIAN_POINT('',(-0.00353553390593282,-0.00353553390593281,-0.00963749999999994));
#2109=CARTESIAN_POINT('',(-0.00207106781186552,-0.00500000000000011,-0.00954374999999993));
#2110=CARTESIAN_POINT('',(-6.12323399573691E-19,-0.00500000000000011,-0.00944999999999993));
#2111=CARTESIAN_POINT('',(0.00207106781186552,-0.00500000000000011,-0.00935624999999993));
#2112=CARTESIAN_POINT('',(0.00353553390593282,-0.00353553390593281,-0.00926249999999993));
#2113=CARTESIAN_POINT('',(0.00500000000000011,-0.00207106781186552,-0.00916874999999993));
#2114=CARTESIAN_POINT('',(0.00500000000000011,8.9755282394607E-19,-0.00907499999999994));
#2115=CARTESIAN_POINT('',(0.00500000000000011,0.00207106781186553,-0.00898124999999994));
#2116=CARTESIAN_POINT('',(0.00353553390593282,0.00353553390593282,-0.00888749999999993));
#2117=CARTESIAN_POINT('',(0.00207106781186553,0.00500000000000012,-0.00879374999999993));
#2118=CARTESIAN_POINT('',(0.,0.00500000000000011,-0.00869999999999993));
#2119=CARTESIAN_POINT('',(-0.00207106781186552,0.00500000000000012,-0.00860624999999994));
#2120=CARTESIAN_POINT('',(-0.00353553390593282,0.00353553390593282,-0.00851249999999994));
#2121=CARTESIAN_POINT('',(-0.00500000000000011,0.00207106781186553,-0.00841874999999993));
#2122=CARTESIAN_POINT('',(-0.00500000000000011,2.14562099312715E-18,-0.00832499999999994));
#2123=CARTESIAN_POINT('',(-0.00500000000000011,-0.00207106781186552,-0.00823124999999993));
#2124=CARTESIAN_POINT('',(-0.00353553390593282,-0.00353553390593281,-0.00813749999999994));
#2125=CARTESIAN_POINT('',(-0.00207106781186552,-0.00500000000000011,-0.00804374999999994));
#2126=CARTESIAN_POINT('',(-6.12323399573691E-19,-0.00500000000000011,-0.00794999999999993));
#2127=CARTESIAN_POINT('',(0.00207106781186552,-0.00500000000000011,-0.00785624999999993));
#2128=CARTESIAN_POINT('',(0.00353553390593282,-0.00353553390593281,-0.00776249999999994));
#2129=CARTESIAN_POINT('',(0.00500000000000011,-0.00207106781186552,-0.00766874999999993));
#2130=CARTESIAN_POINT('',(0.00500000000000011,9.44395564013457E-19,-0.00757499999999994));
#2131=CARTESIAN_POINT('',(0.00500000000000011,0.00207106781186553,-0.00748124999999994));
#2132=CARTESIAN_POINT('',(0.00353553390593282,0.00353553390593282,-0.00738749999999994));
#2133=CARTESIAN_POINT('',(0.00207106781186553,0.00500000000000012,-0.00729374999999993));
#2134=CARTESIAN_POINT('',(0.,0.00500000000000011,-0.00719999999999994));
#2135=CARTESIAN_POINT('',(-0.00207106781186552,0.00500000000000012,-0.00710624999999994));
#2136=CARTESIAN_POINT('',(-0.00353553390593282,0.00353553390593282,-0.00701249999999993));
#2137=CARTESIAN_POINT('',(-0.00500000000000011,0.00207106781186553,-0.00691874999999994));
#2138=CARTESIAN_POINT('',(-0.00500000000000011,2.19246373319453E-18,-0.00682499999999994));
#2139=CARTESIAN_POINT('',(-0.00500000000000011,-0.00207106781186552,-0.00673124999999993));
#2140=CARTESIAN_POINT('',(-0.00353553390593282,-0.00353553390593281,-0.00663749999999994));
#2141=CARTESIAN_POINT('',(-0.00207106781186552,-0.00500000000000011,-0.00654374999999994));
#2142=CARTESIAN_POINT('',(-6.12323399573691E-19,-0.00500000000000011,-0.00644999999999993));
#2143=CARTESIAN_POINT('',(0.00207106781186552,-0.00500000000000011,-0.00635624999999993));
#2144=CARTESIAN_POINT('',(0.00353553390593282,-0.00353553390593281,-0.00626249999999993));
#2145=CARTESIAN_POINT('',(0.00500000000000011,-0.00207106781186552,-0.00616874999999994));
#2146=CARTESIAN_POINT('',(0.00500000000000011,9.91238304080843E-19,-0.00607499999999994));
#2147=CARTESIAN_POINT('',(0.00500000000000011,0.00207106781186553,-0.00598124999999994));
#2148=CARTESIAN_POINT('',(0.00353553390593282,0.00353553390593282,-0.00588749999999994));
#2149=CARTESIAN_POINT('',(0.00207106781186553,0.00500000000000012,-0.00579374999999993));
#2150=CARTESIAN_POINT('',(0.,0.00500000000000011,-0.00569999999999994));
#2151=CARTESIAN_POINT('',(-0.00207106781186552,0.00500000000000012,-0.00560624999999994));
#2152=CARTESIAN_POINT('',(-0.00353553390593282,0.00353553390593282,-0.00551249999999994));
#2153=CARTESIAN_POINT('',(-0.00500000000000011,0.00207106781186553,-0.00541874999999994));
#2154=CARTESIAN_POINT('',(-0.00500000000000011,2.23930647326192E-18,-0.00532499999999993));
#2155=CARTESIAN_POINT('',(-0.00500000000000011,-0.00207106781186552,-0.00523124999999993));
#2156=CARTESIAN_POINT('',(-0.00353553390593282,-0.00353553390593281,-0.00513749999999993));
#2157=CARTESIAN_POINT('',(-0.00207106781186552,-0.00500000000000011,-0.00504374999999994));
#2158=CARTESIAN_POINT('',(-6.12323399573691E-19,-0.00500000000000011,-0.00494999999999994));
#2159=CARTESIAN_POINT('',(0.00207106781186552,-0.00500000000000011,-0.00485624999999994));
#2160=CARTESIAN_POINT('',(0.00353553390593282,-0.00353553390593281,-0.00476249999999994));
#2161=CARTESIAN_POINT('',(0.00500000000000011,-0.00207106781186552,-0.00466874999999994));
#2162=CARTESIAN_POINT('',(0.00500000000000011,1.03808104414823E-18,-0.00457499999999994));
#2163=CARTESIAN_POINT('',(0.00500000000000011,0.00207106781186553,-0.00448124999999994));
#2164=CARTESIAN_POINT('',(0.00353553390593282,0.00353553390593282,-0.00438749999999994));
#2165=CARTESIAN_POINT('',(0.00207106781186553,0.00500000000000012,-0.00429374999999993));
#2166=CARTESIAN_POINT('',(0.,0.00500000000000011,-0.00419999999999993));
#2167=CARTESIAN_POINT('',(-0.00207106781186552,0.00500000000000012,-0.00410624999999994));
#2168=CARTESIAN_POINT('',(-0.00353553390593282,0.00353553390593282,-0.00401249999999994));
#2169=CARTESIAN_POINT('',(-0.00500000000000011,0.00207106781186553,-0.00391874999999994));
#2170=CARTESIAN_POINT('',(-0.00500000000000011,2.2861492133293E-18,-0.00382499999999994));
#2171=CARTESIAN_POINT('',(-0.00500000000000011,-0.00207106781186552,-0.00373124999999994));
#2172=CARTESIAN_POINT('',(-0.00353553390593282,-0.00353553390593281,-0.00363749999999994));
#2173=CARTESIAN_POINT('',(-0.00207106781186552,-0.00500000000000011,-0.00354374999999993));
#2174=CARTESIAN_POINT('',(-6.12323399573691E-19,-0.00500000000000011,-0.00344999999999994));
#2175=CARTESIAN_POINT('',(0.00207106781186552,-0.00500000000000011,-0.00335624999999994));
#2176=CARTESIAN_POINT('',(0.00353553390593282,-0.00353553390593281,-0.00326249999999994));
#2177=CARTESIAN_POINT('',(0.00500000000000011,-0.00207106781186552,-0.00316874999999994));
#2178=CARTESIAN_POINT('',(0.00500000000000011,1.08492378421561E-18,-0.00307499999999994));
#2179=CARTESIAN_POINT('',(0.00500000000000011,0.00207106781186553,-0.00298124999999993));
#2180=CARTESIAN_POINT('',(0.00353553390593282,0.00353553390593282,-0.00288749999999994));
#2181=CARTESIAN_POINT('',(0.00207106781186553,0.00500000000000012,-0.00279374999999993));
#2182=CARTESIAN_POINT('',(0.,0.00500000000000011,-0.00269999999999994));
#2183=CARTESIAN_POINT('',(-0.00207106781186552,0.00500000000000012,-0.00260624999999994));
#2184=CARTESIAN_POINT('',(-0.00353553390593282,0.00353553390593282,-0.00251249999999994));
#2185=CARTESIAN_POINT('',(-0.00500000000000011,0.00207106781186553,-0.00241874999999994));
#2186=CARTESIAN_POINT('',(-0.00500000000000011,2.33299195339669E-18,-0.00232499999999994));
#2187=CARTESIAN_POINT('',(-0.00500000000000011,-0.00207106781186552,-0.00223124999999993));
#2188=CARTESIAN_POINT('',(-0.00353553390593282,-0.00353553390593281,-0.00213749999999994));
#2189=CARTESIAN_POINT('',(-0.00207106781186552,-0.00500000000000011,-0.00204374999999994));
#2190=CARTESIAN_POINT('',(-6.12323399573691E-19,-0.00500000000000011,-0.00194999999999994));
#2191=CARTESIAN_POINT('',(0.00207106781186552,-0.00500000000000011,-0.00185624999999994));
#2192=CARTESIAN_POINT('',(0.00353553390593282,-0.00353553390593281,-0.00176249999999994));
#2193=CARTESIAN_POINT('',(0.00500000000000011,-0.00207106781186552,-0.00166874999999994));
#2194=CARTESIAN_POINT('',(0.00500000000000011,1.131766524283E-18,-0.00157499999999994));
#2195=CARTESIAN_POINT('',(0.00500000000000011,0.00207106781186553,-0.00148124999999994));
#2196=CARTESIAN_POINT('',(0.00353553390593282,0.00353553390593282,-0.00138749999999994));
#2197=CARTESIAN_POINT('',(0.00207106781186553,0.00500000000000012,-0.00129374999999994));
#2198=CARTESIAN_POINT('',(0.,0.00500000000000011,-0.00119999999999994));
#2199=CARTESIAN_POINT('',(-0.00207106781186552,0.00500000000000012,-0.00110624999999994));
#2200=CARTESIAN_POINT('',(-0.00353553390593282,0.00353553390593282,-0.00101249999999994));
#2201=CARTESIAN_POINT('',(-0.00500000000000011,0.00207106781186553,-0.000918749999999937));
#2202=CARTESIAN_POINT('',(-0.00500000000000011,2.37983469346407E-18,-0.000824999999999936));
#2203=CARTESIAN_POINT('',(-0.00500000000000011,-0.00207106781186552,-0.000731249999999937));
#2204=CARTESIAN_POINT('',(-0.00353553390593282,-0.00353553390593281,-0.000637499999999936));
#2205=CARTESIAN_POINT('',(-0.00207106781186552,-0.00500000000000011,-0.000543749999999936));
#2206=CARTESIAN_POINT('',(-6.12323399573691E-19,-0.00500000000000011,-0.000449999999999936));
#2207=CARTESIAN_POINT('',(0.00207106781186552,-0.00500000000000011,-0.000356249999999936));
#2208=CARTESIAN_POINT('',(0.00353553390593282,-0.00353553390593281,-0.000262499999999936));
#2209=CARTESIAN_POINT('',(0.00500000000000011,-0.00207106781186552,-0.000168749999999936));
#2210=CARTESIAN_POINT('',(0.00500000000000011,1.17860926435039E-18,-7.4999999999936E-5));
#2211=CARTESIAN_POINT('',(0.00500000000000011,0.00207106781186553,1.87500000000638E-5));
#2212=CARTESIAN_POINT('',(0.00353553390593282,0.00353553390593282,0.000112500000000064));
#2213=CARTESIAN_POINT('',(0.00207106781186553,0.00500000000000012,0.000206250000000064));
#2214=CARTESIAN_POINT('',(0.,0.00500000000000011,0.000300000000000064));
#2215=CARTESIAN_POINT('',(-0.00207106781186552,0.00500000000000012,0.000393750000000064));
#2216=CARTESIAN_POINT('',(-0.00353553390593282,0.00353553390593282,0.000487500000000064));
#2217=CARTESIAN_POINT('',(-0.00500000000000011,0.00207106781186553,0.000581250000000064));
#2218=CARTESIAN_POINT('',(-0.00500000000000011,2.42667743353146E-18,0.000675000000000064));
#2219=CARTESIAN_POINT('',(-0.00500000000000011,-0.00207106781186552,0.000768750000000065));
#2220=CARTESIAN_POINT('',(-0.00353553390593282,-0.00353553390593281,0.000862500000000064));
#2221=CARTESIAN_POINT('',(-0.00207106781186552,-0.00500000000000011,0.000956250000000064));
#2222=CARTESIAN_POINT('',(-6.12323399573691E-19,-0.00500000000000011,0.00105000000000006));
#2223=CARTESIAN_POINT('',(0.00207106781186552,-0.00500000000000011,0.00114375000000007));
#2224=CARTESIAN_POINT('',(0.00353553390593282,-0.00353553390593281,0.00123750000000006));
#2225=CARTESIAN_POINT('',(0.00500000000000011,-0.00207106781186552,0.00133125000000006));
#2226=CARTESIAN_POINT('',(0.00500000000000011,1.22545200441777E-18,0.00142500000000006));
#2227=CARTESIAN_POINT('',(0.00500000000000011,0.00207106781186553,0.00151875000000006));
#2228=CARTESIAN_POINT('',(0.00353553390593282,0.00353553390593282,0.00161250000000006));
#2229=CARTESIAN_POINT('',(0.00207106781186553,0.00500000000000012,0.00170625000000006));
#2230=CARTESIAN_POINT('',(0.,0.00500000000000011,0.00180000000000006));
#2231=CARTESIAN_POINT('',(-0.00207106781186552,0.00500000000000012,0.00189375000000006));
#2232=CARTESIAN_POINT('',(-0.00353553390593282,0.00353553390593282,0.00198750000000006));
#2233=CARTESIAN_POINT('',(-0.00500000000000011,0.00207106781186553,0.00208125000000006));
#2234=CARTESIAN_POINT('',(-0.00500000000000011,2.47352017359885E-18,0.00217500000000006));
#2235=CARTESIAN_POINT('',(-0.00500000000000011,-0.00207106781186552,0.00226875000000006));
#2236=CARTESIAN_POINT('',(-0.00353553390593282,-0.00353553390593281,0.00236250000000006));
#2237=CARTESIAN_POINT('',(-0.00207106781186552,-0.00500000000000011,0.00245625000000006));
#2238=CARTESIAN_POINT('',(-6.12323399573691E-19,-0.00500000000000011,0.00255000000000006));
#2239=CARTESIAN_POINT('',(0.00207106781186552,-0.00500000000000011,0.00264375000000006));
#2240=CARTESIAN_POINT('',(0.00353553390593282,-0.00353553390593281,0.00273750000000006));
#2241=CARTESIAN_POINT('',(0.00500000000000011,-0.00207106781186552,0.00283125000000006));
#2242=CARTESIAN_POINT('',(0.00500000000000011,1.27229474448516E-18,0.00292500000000006));
#2243=CARTESIAN_POINT('',(0.00500000000000011,0.00207106781186553,0.00301875000000006));
#2244=CARTESIAN_POINT('',(0.00353553390593282,0.00353553390593282,0.00311250000000006));
#2245=CARTESIAN_POINT('',(0.00207106781186553,0.00500000000000012,0.00320625000000006));
#2246=CARTESIAN_POINT('',(0.,0.00500000000000011,0.00330000000000006));
#2247=CARTESIAN_POINT('',(-0.00207106781186552,0.00500000000000012,0.00339375000000007));
#2248=CARTESIAN_POINT('',(-0.00353553390593282,0.00353553390593282,0.00348750000000006));
#2249=CARTESIAN_POINT('',(-0.00500000000000011,0.00207106781186553,0.00358125000000007));
#2250=CARTESIAN_POINT('',(-0.00500000000000011,2.52036291366623E-18,0.00367500000000006));
#2251=CARTESIAN_POINT('',(-0.00500000000000011,-0.00207106781186552,0.00376875000000007));
#2252=CARTESIAN_POINT('',(-0.00353553390593282,-0.00353553390593281,0.00386250000000006));
#2253=CARTESIAN_POINT('',(-0.00207106781186552,-0.00500000000000011,0.00395625000000006));
#2254=CARTESIAN_POINT('',(-6.12323399573691E-19,-0.00500000000000011,0.00405000000000006));
#2255=CARTESIAN_POINT('',(0.00207106781186552,-0.00500000000000011,0.00414375000000006));
#2256=CARTESIAN_POINT('',(0.00353553390593282,-0.00353553390593281,0.00423750000000006));
#2257=CARTESIAN_POINT('',(0.00500000000000011,-0.00207106781186552,0.00433125000000006));
#2258=CARTESIAN_POINT('',(0.00500000000000011,1.31913748455255E-18,0.00442500000000006));
#2259=CARTESIAN_POINT('',(0.00500000000000011,0.00207106781186553,0.00451875000000006));
#2260=CARTESIAN_POINT('',(0.00353553390593282,0.00353553390593282,0.00461250000000006));
#2261=CARTESIAN_POINT('',(0.00207106781186553,0.00500000000000012,0.00470625000000006));
#2262=CARTESIAN_POINT('',(0.,0.00500000000000011,0.00480000000000006));
#2263=CARTESIAN_POINT('',(-0.00207106781186552,0.00500000000000012,0.00489375000000006));
#2264=CARTESIAN_POINT('',(-0.00353553390593282,0.00353553390593282,0.00498750000000006));
#2265=CARTESIAN_POINT('',(-0.00500000000000011,0.00207106781186553,0.00508125000000006));
#2266=CARTESIAN_POINT('',(-0.00500000000000011,2.56720565373362E-18,0.00517500000000006));
#2267=CARTESIAN_POINT('',(-0.00500000000000011,-0.00207106781186552,0.00526875000000006));
#2268=CARTESIAN_POINT('',(-0.00353553390593282,-0.00353553390593281,0.00536250000000006));
#2269=CARTESIAN_POINT('',(-0.00207106781186552,-0.00500000000000011,0.00545625000000006));
#2270=CARTESIAN_POINT('',(-6.12323399573691E-19,-0.00500000000000011,0.00555000000000006));
#2271=CARTESIAN_POINT('',(0.00207106781186552,-0.00500000000000011,0.00564375000000006));
#2272=CARTESIAN_POINT('',(0.00353553390593282,-0.00353553390593281,0.00573750000000006));
#2273=CARTESIAN_POINT('',(0.00500000000000011,-0.00207106781186552,0.00583125000000006));
#2274=CARTESIAN_POINT('',(0.00500000000000011,1.36598022461993E-18,0.00592500000000006));
#2275=CARTESIAN_POINT('',(0.00500000000000011,0.00207106781186553,0.00601875000000006));
#2276=CARTESIAN_POINT('',(0.00353553390593282,0.00353553390593282,0.00611250000000006));
#2277=CARTESIAN_POINT('',(0.00207106781186553,0.00500000000000012,0.00620625000000006));
#2278=CARTESIAN_POINT('',(0.,0.00500000000000011,0.00630000000000006));
#2279=CARTESIAN_POINT('',(-0.00207106781186552,0.00500000000000012,0.00639375000000007));
#2280=CARTESIAN_POINT('',(-0.00353553390593282,0.00353553390593282,0.00648750000000006));
#2281=CARTESIAN_POINT('',(-0.00500000000000011,0.00207106781186553,0.00658125000000006));
#2282=CARTESIAN_POINT('',(-0.00500000000000011,2.614048393801E-18,0.00667500000000006));
#2283=CARTESIAN_POINT('',(-0.00500000000000011,-0.00207106781186552,0.00676875000000006));
#2284=CARTESIAN_POINT('',(-0.00353553390593282,-0.00353553390593281,0.00686250000000006));
#2285=CARTESIAN_POINT('',(-0.00207106781186552,-0.00500000000000011,0.00695625000000006));
#2286=CARTESIAN_POINT('',(-6.12323399573691E-19,-0.00500000000000011,0.00705000000000006));
#2287=CARTESIAN_POINT('',(0.00207106781186552,-0.00500000000000011,0.00714375000000006));
#2288=CARTESIAN_POINT('',(0.00353553390593282,-0.00353553390593281,0.00723750000000006));
#2289=CARTESIAN_POINT('',(0.00500000000000011,-0.00207106781186552,0.00733125000000006));
#2290=CARTESIAN_POINT('',(0.00500000000000011,1.41282296468732E-18,0.00742500000000006));
#2291=CARTESIAN_POINT('',(0.00500000000000011,0.00207106781186553,0.00751875000000006));
#2292=CARTESIAN_POINT('',(0.00353553390593282,0.00353553390593282,0.00761250000000006));
#2293=CARTESIAN_POINT('',(0.00207106781186553,0.00500000000000012,0.00770625000000006));
#2294=CARTESIAN_POINT('',(0.,0.00500000000000011,0.00780000000000006));
#2295=CARTESIAN_POINT('',(-0.00207106781186552,0.00500000000000012,0.00789375000000007));
#2296=CARTESIAN_POINT('',(-0.00353553390593282,0.00353553390593282,0.00798750000000006));
#2297=CARTESIAN_POINT('',(-0.00500000000000011,0.00207106781186553,0.00808125000000006));
#2298=CARTESIAN_POINT('',(-0.00500000000000011,2.66089113386839E-18,0.00817500000000006));
#2299=CARTESIAN_POINT('',(-0.00500000000000011,-0.00207106781186552,0.00826875000000006));
#2300=CARTESIAN_POINT('',(-0.00353553390593282,-0.00353553390593281,0.00836250000000006));
#2301=CARTESIAN_POINT('',(-0.00207106781186552,-0.00500000000000011,0.00845625000000007));
#2302=CARTESIAN_POINT('',(-6.12323399573691E-19,-0.00500000000000011,0.00855000000000006));
#2303=CARTESIAN_POINT('',(0.00207106781186552,-0.00500000000000011,0.00864375000000006));
#2304=CARTESIAN_POINT('',(0.00353553390593282,-0.00353553390593281,0.00873750000000006));
#2305=CARTESIAN_POINT('',(0.00500000000000011,-0.00207106781186552,0.00883125000000006));
#2306=CARTESIAN_POINT('',(0.00500000000000011,1.4596657047547E-18,0.00892500000000006));
#2307=CARTESIAN_POINT('',(0.00500000000000011,0.00207106781186553,0.00901875000000006));
#2308=CARTESIAN_POINT('',(0.00353553390593282,0.00353553390593282,0.00911250000000006));
#2309=CARTESIAN_POINT('',(0.00207106781186553,0.00500000000000012,0.00920625000000006));
#2310=CARTESIAN_POINT('',(0.,0.00500000000000011,0.00930000000000006));
#2311=CARTESIAN_POINT('',(-0.00207106781186552,0.00500000000000012,0.00939375000000007));
#2312=CARTESIAN_POINT('',(-0.00353553390593282,0.00353553390593282,0.00948750000000006));
#2313=CARTESIAN_POINT('',(-0.00500000000000011,0.00207106781186553,0.00958125000000007));
#2314=CARTESIAN_POINT('',(-0.00500000000000011,2.70773387393578E-18,0.00967500000000006));
#2315=CARTESIAN_POINT('',(-0.00500000000000011,-0.00207106781186552,0.00976875000000006));
#2316=CARTESIAN_POINT('',(-0.00353553390593282,-0.00353553390593281,0.00986250000000006));
#2317=CARTESIAN_POINT('',(-0.00207106781186552,-0.00500000000000011,0.00995625000000007));
#2318=CARTESIAN_POINT('',(-6.12323399573691E-19,-0.00500000000000011,0.0100500000000001));
#2319=CARTESIAN_POINT('',(0.00207106781186552,-0.00500000000000011,0.0101437500000001));
#2320=CARTESIAN_POINT('',(0.00353553390593282,-0.00353553390593281,0.0102375000000001));
#2321=CARTESIAN_POINT('',(0.00500000000000011,-0.00207106781186552,0.0103312500000001));
#2322=CARTESIAN_POINT('',(0.00500000000000011,1.50650844482209E-18,0.0104250000000001));
#2323=CARTESIAN_POINT('',(0.00500000000000011,0.00207106781186553,0.0105187500000001));
#2324=CARTESIAN_POINT('',(0.00353553390593282,0.00353553390593282,0.0106125000000001));
#2325=CARTESIAN_POINT('',(0.00207106781186553,0.00500000000000012,0.0107062500000001));
#2326=CARTESIAN_POINT('',(0.,0.00500000000000011,0.0108000000000001));
#2327=CARTESIAN_POINT('',(-0.00207106781186552,0.00500000000000012,0.0108937500000001));
#2328=CARTESIAN_POINT('',(-0.00353553390593282,0.00353553390593282,0.0109875000000001));
#2329=CARTESIAN_POINT('',(-0.00500000000000011,0.00207106781186553,0.0110812500000001));
#2330=CARTESIAN_POINT('',(-0.00500000000000011,2.75457661400316E-18,0.0111750000000001));
#2331=CARTESIAN_POINT('',(-0.00500000000000011,-0.00207106781186552,0.0112687500000001));
#2332=CARTESIAN_POINT('',(-0.00353553390593282,-0.00353553390593281,0.0113625000000001));
#2333=CARTESIAN_POINT('',(-0.00207106781186552,-0.00500000000000011,0.0114562500000001));
#2334=CARTESIAN_POINT('',(-6.12323399573691E-19,-0.00500000000000011,0.0115500000000001));
#2335=CARTESIAN_POINT('',(0.00207106781186552,-0.00500000000000011,0.0116437500000001));
#2336=CARTESIAN_POINT('',(0.00353553390593282,-0.00353553390593281,0.0117375000000001));
#2337=CARTESIAN_POINT('',(0.00500000000000011,-0.00207106781186552,0.0118312500000001));
#2338=CARTESIAN_POINT('',(0.00500000000000011,1.55335118488948E-18,0.0119250000000001));
#2339=CARTESIAN_POINT('',(0.00500000000000011,0.00207106781186553,0.0120187500000001));
#2340=CARTESIAN_POINT('',(0.00353553390593282,0.00353553390593282,0.0121125000000001));
#2341=CARTESIAN_POINT('',(0.00207106781186553,0.00500000000000012,0.0122062500000001));
#2342=CARTESIAN_POINT('',(0.,0.00500000000000011,0.0123000000000001));
#2343=CARTESIAN_POINT('',(-0.00207106781186552,0.00500000000000012,0.0123937500000001));
#2344=CARTESIAN_POINT('',(-0.00353553390593282,0.00353553390593282,0.0124875000000001));
#2345=CARTESIAN_POINT('',(-0.00500000000000011,0.00207106781186553,0.0125812500000001));
#2346=CARTESIAN_POINT('',(-0.00500000000000011,2.80141935407055E-18,0.0126750000000001));
#2347=CARTESIAN_POINT('',(-0.00500000000000011,-0.00207106781186552,0.0127687500000001));
#2348=CARTESIAN_POINT('',(-0.00353553390593282,-0.00353553390593281,0.0128625000000001));
#2349=CARTESIAN_POINT('',(-0.00207106781186552,-0.00500000000000011,0.0129562500000001));
#2350=CARTESIAN_POINT('',(-6.12323399573691E-19,-0.00500000000000011,0.0130500000000001));
#2351=CARTESIAN_POINT('',(0.00207106781186552,-0.00500000000000011,0.0131437500000001));
#2352=CARTESIAN_POINT('',(0.00353553390593282,-0.00353553390593281,0.0132375000000001));
#2353=CARTESIAN_POINT('',(0.00500000000000011,-0.00207106781186552,0.0133312500000001));
#2354=CARTESIAN_POINT('',(0.00500000000000011,1.60019392495686E-18,0.0134250000000001));
#2355=CARTESIAN_POINT('',(0.00500000000000011,0.00207106781186553,0.0135187500000001));
#2356=CARTESIAN_POINT('',(0.00353553390593282,0.00353553390593282,0.0136125000000001));
#2357=CARTESIAN_POINT('',(0.00207106781186553,0.00500000000000012,0.0137062500000001));
#2358=CARTESIAN_POINT('',(0.,0.00500000000000011,0.0138000000000001));
#2359=CARTESIAN_POINT('',(-0.00207106781186552,0.00500000000000012,0.0138937500000001));
#2360=CARTESIAN_POINT('',(-0.00353553390593282,0.00353553390593282,0.0139875000000001));
#2361=CARTESIAN_POINT('',(-0.00500000000000011,0.00207106781186553,0.0140812500000001));
#2362=CARTESIAN_POINT('',(-0.00500000000000011,2.84826209413794E-18,0.0141750000000001));
#2363=CARTESIAN_POINT('',(-0.00500000000000011,-0.00207106781186552,0.0142687500000001));
#2364=CARTESIAN_POINT('',(-0.00353553390593282,-0.00353553390593281,0.0143625000000001));
#2365=CARTESIAN_POINT('',(-0.00207106781186552,-0.00500000000000011,0.0144562500000001));
#2366=CARTESIAN_POINT('',(-6.12323399573691E-19,-0.00500000000000011,0.0145500000000001));
#2367=CARTESIAN_POINT('',(0.00207106781186552,-0.00500000000000011,0.0146437500000001));
#2368=CARTESIAN_POINT('',(0.00353553390593282,-0.00353553390593281,0.0147375000000001));
#2369=CARTESIAN_POINT('',(0.00500000000000011,-0.00207106781186552,0.0148312500000001));
#2370=CARTESIAN_POINT('',(0.00500000000000011,1.64703666502425E-18,0.0149250000000001));
#2371=CARTESIAN_POINT('',(0.00500000000000011,0.00207106781186553,0.0150187500000001));
#2372=CARTESIAN_POINT('',(0.00353553390593282,0.00353553390593282,0.0151125000000001));
#2373=CARTESIAN_POINT('',(0.00207106781186553,0.00500000000000012,0.0152062500000001));
#2374=CARTESIAN_POINT('',(0.,0.00500000000000011,0.0153000000000001));
#2375=CARTESIAN_POINT('',(-0.00207106781186552,0.00500000000000012,0.0153937500000001));
#2376=CARTESIAN_POINT('',(-0.00353553390593282,0.00353553390593282,0.0154875000000001));
#2377=CARTESIAN_POINT('',(-0.00500000000000011,0.00207106781186553,0.01558125));
#2378=CARTESIAN_POINT('',(-0.00500000000000011,2.89510483420533E-18,0.0156750000000001));
#2379=CARTESIAN_POINT('',(-0.00500000000000011,-0.00207106781186552,0.0157687500000001));
#2380=CARTESIAN_POINT('',(-0.00353553390593282,-0.00353553390593281,0.0158625000000001));
#2381=CARTESIAN_POINT('',(-0.00207106781186552,-0.00500000000000011,0.0159562500000001));
#2382=CARTESIAN_POINT('',(-6.12323399573691E-19,-0.00500000000000011,0.0160500000000001));
#2383=CARTESIAN_POINT('',(0.00207106781186552,-0.00500000000000011,0.01614375));
#2384=CARTESIAN_POINT('',(0.00353553390593282,-0.00353553390593281,0.0162375000000001));
#2385=CARTESIAN_POINT('',(0.00500000000000011,-0.00207106781186552,0.01633125));
#2386=CARTESIAN_POINT('',(0.00500000000000011,1.69387940509164E-18,0.0164250000000001));
#2387=CARTESIAN_POINT('',(0.00500000000000011,0.00207106781186553,0.0165187500000001));
#2388=CARTESIAN_POINT('',(0.00353553390593282,0.00353553390593282,0.0166125000000001));
#2389=CARTESIAN_POINT('',(0.00207106781186553,0.00500000000000012,0.0167062500000001));
#2390=CARTESIAN_POINT('',(0.,0.00500000000000011,0.0168000000000001));
#2391=CARTESIAN_POINT('',(-0.00207106781186552,0.00500000000000012,0.01689375));
#2392=CARTESIAN_POINT('',(-0.00353553390593282,0.00353553390593282,0.0169875000000001));
#2393=CARTESIAN_POINT('',(-0.00500000000000011,0.00207106781186553,0.0170812500000001));
#2394=CARTESIAN_POINT('',(-0.00500000000000011,2.94194757427271E-18,0.0171750000000001));
#2395=CARTESIAN_POINT('',(-0.00500000000000011,-0.00207106781186552,0.0172687500000001));
#2396=CARTESIAN_POINT('',(-0.00353553390593282,-0.00353553390593281,0.0173625000000001));
#2397=CARTESIAN_POINT('',(-0.00207106781186552,-0.00500000000000011,0.01745625));
#2398=CARTESIAN_POINT('',(-6.12323399573691E-19,-0.00500000000000011,0.0175500000000001));
#2399=CARTESIAN_POINT('',(0.00207106781186552,-0.00500000000000011,0.0176437500000001));
#2400=CARTESIAN_POINT('',(0.00353553390593282,-0.00353553390593281,0.0177375000000001));
#2401=CARTESIAN_POINT('',(0.00500000000000011,-0.00207106781186552,0.0178312500000001));
#2402=CARTESIAN_POINT('',(0.00500000000000011,1.74072214515902E-18,0.0179250000000001));
#2403=CARTESIAN_POINT('',(0.00500000000000011,0.00207106781186553,0.01801875));
#2404=CARTESIAN_POINT('',(0.00353553390593282,0.00353553390593282,0.0181125000000001));
#2405=CARTESIAN_POINT('',(0.00207106781186553,0.00500000000000012,0.0182062500000001));
#2406=CARTESIAN_POINT('',(0.,0.00500000000000011,0.0183000000000001));
#2407=CARTESIAN_POINT('',(-0.00207106781186552,0.00500000000000012,0.0183937500000001));
#2408=CARTESIAN_POINT('',(-0.00353553390593282,0.00353553390593282,0.0184875000000001));
#2409=CARTESIAN_POINT('',(-0.00500000000000011,0.00207106781186553,0.01858125));
#2410=CARTESIAN_POINT('',(-0.00500000000000011,2.9887903143401E-18,0.0186750000000001));
#2411=CARTESIAN_POINT('',(-0.00500000000000011,-0.00207106781186552,0.0187687500000001));
#2412=CARTESIAN_POINT('',(-0.00353553390593282,-0.00353553390593281,0.0188625000000001));
#2413=CARTESIAN_POINT('',(-0.00207106781186552,-0.00500000000000011,0.0189562500000001));
#2414=CARTESIAN_POINT('',(-6.12323399573691E-19,-0.00500000000000011,0.0190500000000001));
#2415=CARTESIAN_POINT('',(0.00207106781186552,-0.00500000000000011,0.01914375));
#2416=CARTESIAN_POINT('',(0.00353553390593282,-0.00353553390593281,0.0192375000000001));
#2417=CARTESIAN_POINT('',(0.00500000000000011,-0.00207106781186552,0.0193312500000001));
#2418=CARTESIAN_POINT('',(0.00500000000000011,1.78756488522641E-18,0.0194250000000001));
#2419=CARTESIAN_POINT('',(0.00500000000000011,0.00207106781186553,0.0195187500000001));
#2420=CARTESIAN_POINT('',(0.00353553390593282,0.00353553390593282,0.0196125000000001));
#2421=CARTESIAN_POINT('',(0.00207106781186553,0.00500000000000012,0.01970625));
#2422=CARTESIAN_POINT('',(0.,0.00500000000000011,0.0198000000000001));
#2423=CARTESIAN_POINT('',(-0.00207106781186552,0.00500000000000012,0.0198937500000001));
#2424=CARTESIAN_POINT('',(-0.00353553390593282,0.00353553390593282,0.0199875000000001));
#2425=CARTESIAN_POINT('',(-0.00500000000000011,0.00207106781186553,0.0200812500000001));
#2426=CARTESIAN_POINT('',(-0.00500000000000011,3.03563305440748E-18,0.0201750000000001));
#2427=CARTESIAN_POINT('',(-0.00500000000000011,-0.00207106781186552,0.0202687500000001));
#2428=CARTESIAN_POINT('',(-0.00353553390593282,-0.00353553390593281,0.0203625000000001));
#2429=CARTESIAN_POINT('',(-0.00207106781186552,-0.00500000000000011,0.02045625));
#2430=CARTESIAN_POINT('',(-6.12323399573691E-19,-0.00500000000000011,0.0205500000000001));
#2431=CARTESIAN_POINT('',(0.00207106781186552,-0.00500000000000011,0.0206437500000001));
#2432=CARTESIAN_POINT('',(0.00353553390593282,-0.00353553390593281,0.0207375000000001));
#2433=CARTESIAN_POINT('',(0.00500000000000011,-0.00207106781186552,0.0208312500000001));
#2434=CARTESIAN_POINT('',(0.00500000000000011,1.8344076252938E-18,0.0209250000000001));
#2435=CARTESIAN_POINT('',(0.00500000000000011,0.00207106781186553,0.02101875));
#2436=CARTESIAN_POINT('',(0.00353553390593282,0.00353553390593282,0.0211125000000001));
#2437=CARTESIAN_POINT('',(0.00207106781186553,0.00500000000000012,0.0212062500000001));
#2438=CARTESIAN_POINT('',(0.,0.00500000000000011,0.0213000000000001));
#2439=CARTESIAN_POINT('',(-0.00207106781186552,0.00500000000000012,0.0213937500000001));
#2440=CARTESIAN_POINT('',(-0.00353553390593282,0.00353553390593282,0.0214875000000001));
#2441=CARTESIAN_POINT('',(-0.00500000000000011,0.00207106781186553,0.02158125));
#2442=CARTESIAN_POINT('',(-0.00500000000000011,3.08247579447487E-18,0.0216750000000001));
#2443=CARTESIAN_POINT('',(-0.00500000000000011,-0.00162071388024723,0.0217483640518204));
#2444=CARTESIAN_POINT('',(-0.00404921246482226,-0.00293323684940871,0.0218256046447252));
#2445=CARTESIAN_POINT('',(-0.00396287241860815,-0.000708572615375359,-0.0283461992980245));
#2446=CARTESIAN_POINT('',(-0.00374039484427919,-0.00195283498727074,-0.0282710638673811));
#2447=CARTESIAN_POINT('',(-0.00284661491577497,-0.00284661491577497,-0.0282));
#2448=CARTESIAN_POINT('',(-0.00166750841080743,-0.00402572142074251,-0.02810625));
#2449=CARTESIAN_POINT('',(-4.93008685217125E-19,-0.00402572142074251,-0.0280125));
#2450=CARTESIAN_POINT('',(0.00166750841080743,-0.00402572142074251,-0.02791875));
#2451=CARTESIAN_POINT('',(0.00284661491577497,-0.00284661491577497,-0.027825));
#2452=CARTESIAN_POINT('',(0.00402572142074251,-0.00166750841080743,-0.02773125));
#2453=CARTESIAN_POINT('',(0.00402572142074251,4.96845987147011E-19,-0.0276375));
#2454=CARTESIAN_POINT('',(0.00402572142074251,0.00166750841080743,-0.02754375));
#2455=CARTESIAN_POINT('',(0.00284661491577497,0.00284661491577497,-0.02745));
#2456=CARTESIAN_POINT('',(0.00166750841080743,0.00402572142074251,-0.02735625));
#2457=CARTESIAN_POINT('',(0.,0.00402572142074251,-0.0272625));
#2458=CARTESIAN_POINT('',(-0.00166750841080743,0.00402572142074251,-0.02716875));
#2459=CARTESIAN_POINT('',(-0.00284661491577497,0.00284661491577497,-0.027075));
#2460=CARTESIAN_POINT('',(-0.00402572142074251,0.00166750841080743,-0.02698125));
#2461=CARTESIAN_POINT('',(-0.00402572142074251,1.50628472761495E-18,-0.0268875));
#2462=CARTESIAN_POINT('',(-0.00402572142074251,-0.00166750841080743,-0.02679375));
#2463=CARTESIAN_POINT('',(-0.00284661491577497,-0.00284661491577497,-0.0267));
#2464=CARTESIAN_POINT('',(-0.00166750841080743,-0.00402572142074251,-0.02660625));
#2465=CARTESIAN_POINT('',(-4.93008685217125E-19,-0.00402572142074251,-0.0265125));
#2466=CARTESIAN_POINT('',(0.00166750841080743,-0.00402572142074251,-0.02641875));
#2467=CARTESIAN_POINT('',(0.00284661491577497,-0.00284661491577497,-0.026325));
#2468=CARTESIAN_POINT('',(0.00402572142074251,-0.00166750841080743,-0.02623125));
#2469=CARTESIAN_POINT('',(0.00402572142074251,5.43688727214397E-19,-0.0261375));
#2470=CARTESIAN_POINT('',(0.00402572142074251,0.00166750841080743,-0.02604375));
#2471=CARTESIAN_POINT('',(0.00284661491577497,0.00284661491577497,-0.02595));
#2472=CARTESIAN_POINT('',(0.00166750841080743,0.00402572142074251,-0.02585625));
#2473=CARTESIAN_POINT('',(0.,0.00402572142074251,-0.0257625));
#2474=CARTESIAN_POINT('',(-0.00166750841080743,0.00402572142074251,-0.02566875));
#2475=CARTESIAN_POINT('',(-0.00284661491577497,0.00284661491577497,-0.025575));
#2476=CARTESIAN_POINT('',(-0.00402572142074251,0.00166750841080743,-0.02548125));
#2477=CARTESIAN_POINT('',(-0.00402572142074251,1.55312746768234E-18,-0.0253875));
#2478=CARTESIAN_POINT('',(-0.00402572142074251,-0.00166750841080743,-0.02529375));
#2479=CARTESIAN_POINT('',(-0.00284661491577497,-0.00284661491577497,-0.0252));
#2480=CARTESIAN_POINT('',(-0.00166750841080743,-0.00402572142074251,-0.02510625));
#2481=CARTESIAN_POINT('',(-4.93008685217125E-19,-0.00402572142074251,-0.0250125));
#2482=CARTESIAN_POINT('',(0.00166750841080743,-0.00402572142074251,-0.02491875));
#2483=CARTESIAN_POINT('',(0.00284661491577497,-0.00284661491577497,-0.024825));
#2484=CARTESIAN_POINT('',(0.00402572142074251,-0.00166750841080743,-0.02473125));
#2485=CARTESIAN_POINT('',(0.00402572142074251,5.90531467281783E-19,-0.0246375));
#2486=CARTESIAN_POINT('',(0.00402572142074251,0.00166750841080743,-0.02454375));
#2487=CARTESIAN_POINT('',(0.00284661491577497,0.00284661491577497,-0.02445));
#2488=CARTESIAN_POINT('',(0.00166750841080743,0.00402572142074251,-0.02435625));
#2489=CARTESIAN_POINT('',(0.,0.00402572142074251,-0.0242625));
#2490=CARTESIAN_POINT('',(-0.00166750841080743,0.00402572142074251,-0.02416875));
#2491=CARTESIAN_POINT('',(-0.00284661491577497,0.00284661491577497,-0.024075));
#2492=CARTESIAN_POINT('',(-0.00402572142074251,0.00166750841080743,-0.02398125));
#2493=CARTESIAN_POINT('',(-0.00402572142074251,1.59997020774973E-18,-0.0238875));
#2494=CARTESIAN_POINT('',(-0.00402572142074251,-0.00166750841080743,-0.02379375));
#2495=CARTESIAN_POINT('',(-0.00284661491577497,-0.00284661491577497,-0.0237));
#2496=CARTESIAN_POINT('',(-0.00166750841080743,-0.00402572142074251,-0.02360625));
#2497=CARTESIAN_POINT('',(-4.93008685217125E-19,-0.00402572142074251,-0.0235125));
#2498=CARTESIAN_POINT('',(0.00166750841080743,-0.00402572142074251,-0.02341875));
#2499=CARTESIAN_POINT('',(0.00284661491577497,-0.00284661491577497,-0.023325));
#2500=CARTESIAN_POINT('',(0.00402572142074251,-0.00166750841080743,-0.02323125));
#2501=CARTESIAN_POINT('',(0.00402572142074251,6.3737420734917E-19,-0.0231375));
#2502=CARTESIAN_POINT('',(0.00402572142074251,0.00166750841080743,-0.02304375));
#2503=CARTESIAN_POINT('',(0.00284661491577497,0.00284661491577497,-0.02295));
#2504=CARTESIAN_POINT('',(0.00166750841080743,0.00402572142074251,-0.02285625));
#2505=CARTESIAN_POINT('',(0.,0.00402572142074251,-0.0227625));
#2506=CARTESIAN_POINT('',(-0.00166750841080743,0.00402572142074251,-0.02266875));
#2507=CARTESIAN_POINT('',(-0.00284661491577497,0.00284661491577497,-0.022575));
#2508=CARTESIAN_POINT('',(-0.00402572142074251,0.00166750841080743,-0.02248125));
#2509=CARTESIAN_POINT('',(-0.00402572142074251,1.64681294781711E-18,-0.0223875));
#2510=CARTESIAN_POINT('',(-0.00402572142074251,-0.00166750841080743,-0.02229375));
#2511=CARTESIAN_POINT('',(-0.00284661491577497,-0.00284661491577497,-0.0222));
#2512=CARTESIAN_POINT('',(-0.00166750841080743,-0.00402572142074251,-0.02210625));
#2513=CARTESIAN_POINT('',(-4.93008685217125E-19,-0.00402572142074251,-0.0220125));
#2514=CARTESIAN_POINT('',(0.00166750841080743,-0.00402572142074251,-0.02191875));
#2515=CARTESIAN_POINT('',(0.00284661491577497,-0.00284661491577497,-0.021825));
#2516=CARTESIAN_POINT('',(0.00402572142074251,-0.00166750841080743,-0.02173125));
#2517=CARTESIAN_POINT('',(0.00402572142074251,6.84216947416556E-19,-0.0216375));
#2518=CARTESIAN_POINT('',(0.00402572142074251,0.00166750841080743,-0.02154375));
#2519=CARTESIAN_POINT('',(0.00284661491577497,0.00284661491577497,-0.02145));
#2520=CARTESIAN_POINT('',(0.00166750841080743,0.00402572142074251,-0.02135625));
#2521=CARTESIAN_POINT('',(0.,0.00402572142074251,-0.0212625));
#2522=CARTESIAN_POINT('',(-0.00166750841080743,0.00402572142074251,-0.02116875));
#2523=CARTESIAN_POINT('',(-0.00284661491577497,0.00284661491577497,-0.021075));
#2524=CARTESIAN_POINT('',(-0.00402572142074251,0.00166750841080743,-0.02098125));
#2525=CARTESIAN_POINT('',(-0.00402572142074251,1.6936556878845E-18,-0.0208875));
#2526=CARTESIAN_POINT('',(-0.00402572142074251,-0.00166750841080743,-0.02079375));
#2527=CARTESIAN_POINT('',(-0.00284661491577497,-0.00284661491577497,-0.0207));
#2528=CARTESIAN_POINT('',(-0.00166750841080743,-0.00402572142074251,-0.02060625));
#2529=CARTESIAN_POINT('',(-4.93008685217125E-19,-0.00402572142074251,-0.0205125));
#2530=CARTESIAN_POINT('',(0.00166750841080743,-0.00402572142074251,-0.02041875));
#2531=CARTESIAN_POINT('',(0.00284661491577497,-0.00284661491577497,-0.020325));
#2532=CARTESIAN_POINT('',(0.00402572142074251,-0.00166750841080743,-0.02023125));
#2533=CARTESIAN_POINT('',(0.00402572142074251,7.31059687483942E-19,-0.0201375));
#2534=CARTESIAN_POINT('',(0.00402572142074251,0.00166750841080743,-0.02004375));
#2535=CARTESIAN_POINT('',(0.00284661491577497,0.00284661491577497,-0.01995));
#2536=CARTESIAN_POINT('',(0.00166750841080743,0.00402572142074251,-0.01985625));
#2537=CARTESIAN_POINT('',(0.,0.00402572142074251,-0.0197625));
#2538=CARTESIAN_POINT('',(-0.00166750841080743,0.00402572142074251,-0.01966875));
#2539=CARTESIAN_POINT('',(-0.00284661491577497,0.00284661491577497,-0.019575));
#2540=CARTESIAN_POINT('',(-0.00402572142074251,0.00166750841080743,-0.01948125));
#2541=CARTESIAN_POINT('',(-0.00402572142074251,1.74049842795188E-18,-0.0193875));
#2542=CARTESIAN_POINT('',(-0.00402572142074251,-0.00166750841080743,-0.01929375));
#2543=CARTESIAN_POINT('',(-0.00284661491577497,-0.00284661491577497,-0.0192));
#2544=CARTESIAN_POINT('',(-0.00166750841080743,-0.00402572142074251,-0.01910625));
#2545=CARTESIAN_POINT('',(-4.93008685217125E-19,-0.00402572142074251,-0.0190125));
#2546=CARTESIAN_POINT('',(0.00166750841080743,-0.00402572142074251,-0.01891875));
#2547=CARTESIAN_POINT('',(0.00284661491577497,-0.00284661491577497,-0.018825));
#2548=CARTESIAN_POINT('',(0.00402572142074251,-0.00166750841080743,-0.01873125));
#2549=CARTESIAN_POINT('',(0.00402572142074251,7.77902427551329E-19,-0.0186375));
#2550=CARTESIAN_POINT('',(0.00402572142074251,0.00166750841080743,-0.01854375));
#2551=CARTESIAN_POINT('',(0.00284661491577497,0.00284661491577497,-0.01845));
#2552=CARTESIAN_POINT('',(0.00166750841080743,0.00402572142074251,-0.01835625));
#2553=CARTESIAN_POINT('',(0.,0.00402572142074251,-0.0182625));
#2554=CARTESIAN_POINT('',(-0.00166750841080743,0.00402572142074251,-0.01816875));
#2555=CARTESIAN_POINT('',(-0.00284661491577497,0.00284661491577497,-0.018075));
#2556=CARTESIAN_POINT('',(-0.00402572142074251,0.00166750841080743,-0.01798125));
#2557=CARTESIAN_POINT('',(-0.00402572142074251,1.78734116801927E-18,-0.0178875));
#2558=CARTESIAN_POINT('',(-0.00402572142074251,-0.00166750841080743,-0.01779375));
#2559=CARTESIAN_POINT('',(-0.00284661491577497,-0.00284661491577497,-0.0177));
#2560=CARTESIAN_POINT('',(-0.00166750841080743,-0.00402572142074251,-0.01760625));
#2561=CARTESIAN_POINT('',(-4.93008685217125E-19,-0.00402572142074251,-0.0175125));
#2562=CARTESIAN_POINT('',(0.00166750841080743,-0.00402572142074251,-0.01741875));
#2563=CARTESIAN_POINT('',(0.00284661491577497,-0.00284661491577497,-0.017325));
#2564=CARTESIAN_POINT('',(0.00402572142074251,-0.00166750841080743,-0.01723125));
#2565=CARTESIAN_POINT('',(0.00402572142074251,8.24745167618715E-19,-0.0171375));
#2566=CARTESIAN_POINT('',(0.00402572142074251,0.00166750841080743,-0.01704375));
#2567=CARTESIAN_POINT('',(0.00284661491577497,0.00284661491577497,-0.01695));
#2568=CARTESIAN_POINT('',(0.00166750841080743,0.00402572142074251,-0.01685625));
#2569=CARTESIAN_POINT('',(0.,0.00402572142074251,-0.0167625));
#2570=CARTESIAN_POINT('',(-0.00166750841080743,0.00402572142074251,-0.01666875));
#2571=CARTESIAN_POINT('',(-0.00284661491577497,0.00284661491577497,-0.016575));
#2572=CARTESIAN_POINT('',(-0.00402572142074251,0.00166750841080743,-0.01648125));
#2573=CARTESIAN_POINT('',(-0.00402572142074251,1.83418390808666E-18,-0.0163875));
#2574=CARTESIAN_POINT('',(-0.00402572142074251,-0.00166750841080743,-0.01629375));
#2575=CARTESIAN_POINT('',(-0.00284661491577497,-0.00284661491577497,-0.0162));
#2576=CARTESIAN_POINT('',(-0.00166750841080743,-0.00402572142074251,-0.01610625));
#2577=CARTESIAN_POINT('',(-4.93008685217125E-19,-0.00402572142074251,-0.0160125));
#2578=CARTESIAN_POINT('',(0.00166750841080743,-0.00402572142074251,-0.01591875));
#2579=CARTESIAN_POINT('',(0.00284661491577497,-0.00284661491577497,-0.015825));
#2580=CARTESIAN_POINT('',(0.00402572142074251,-0.00166750841080743,-0.01573125));
#2581=CARTESIAN_POINT('',(0.00402572142074251,8.71587907686101E-19,-0.0156375));
#2582=CARTESIAN_POINT('',(0.00402572142074251,0.00166750841080743,-0.01554375));
#2583=CARTESIAN_POINT('',(0.00284661491577497,0.00284661491577497,-0.01545));
#2584=CARTESIAN_POINT('',(0.00166750841080743,0.00402572142074251,-0.01535625));
#2585=CARTESIAN_POINT('',(0.,0.00402572142074251,-0.0152625));
#2586=CARTESIAN_POINT('',(-0.00166750841080743,0.00402572142074251,-0.01516875));
#2587=CARTESIAN_POINT('',(-0.00284661491577497,0.00284661491577497,-0.015075));
#2588=CARTESIAN_POINT('',(-0.00402572142074251,0.00166750841080743,-0.01498125));
#2589=CARTESIAN_POINT('',(-0.00402572142074251,1.88102664815404E-18,-0.0148875));
#2590=CARTESIAN_POINT('',(-0.00402572142074251,-0.00166750841080743,-0.01479375));
#2591=CARTESIAN_POINT('',(-0.00284661491577497,-0.00284661491577497,-0.0147));
#2592=CARTESIAN_POINT('',(-0.00166750841080743,-0.00402572142074251,-0.01460625));
#2593=CARTESIAN_POINT('',(-4.93008685217125E-19,-0.00402572142074251,-0.0145125));
#2594=CARTESIAN_POINT('',(0.00166750841080743,-0.00402572142074251,-0.01441875));
#2595=CARTESIAN_POINT('',(0.00284661491577497,-0.00284661491577497,-0.014325));
#2596=CARTESIAN_POINT('',(0.00402572142074251,-0.00166750841080743,-0.01423125));
#2597=CARTESIAN_POINT('',(0.00402572142074251,9.18430647753487E-19,-0.0141375));
#2598=CARTESIAN_POINT('',(0.00402572142074251,0.00166750841080743,-0.01404375));
#2599=CARTESIAN_POINT('',(0.00284661491577497,0.00284661491577497,-0.01395));
#2600=CARTESIAN_POINT('',(0.00166750841080743,0.00402572142074251,-0.01385625));
#2601=CARTESIAN_POINT('',(0.,0.00402572142074251,-0.0137625));
#2602=CARTESIAN_POINT('',(-0.00166750841080743,0.00402572142074251,-0.01366875));
#2603=CARTESIAN_POINT('',(-0.00284661491577497,0.00284661491577497,-0.013575));
#2604=CARTESIAN_POINT('',(-0.00402572142074251,0.00166750841080743,-0.01348125));
#2605=CARTESIAN_POINT('',(-0.00402572142074251,1.92786938822143E-18,-0.0133875));
#2606=CARTESIAN_POINT('',(-0.00402572142074251,-0.00166750841080743,-0.01329375));
#2607=CARTESIAN_POINT('',(-0.00284661491577497,-0.00284661491577497,-0.0132));
#2608=CARTESIAN_POINT('',(-0.00166750841080743,-0.00402572142074251,-0.01310625));
#2609=CARTESIAN_POINT('',(-4.93008685217125E-19,-0.00402572142074251,-0.0130125));
#2610=CARTESIAN_POINT('',(0.00166750841080743,-0.00402572142074251,-0.01291875));
#2611=CARTESIAN_POINT('',(0.00284661491577497,-0.00284661491577497,-0.012825));
#2612=CARTESIAN_POINT('',(0.00402572142074251,-0.00166750841080743,-0.01273125));
#2613=CARTESIAN_POINT('',(0.00402572142074251,9.65273387820874E-19,-0.0126375));
#2614=CARTESIAN_POINT('',(0.00402572142074251,0.00166750841080743,-0.01254375));
#2615=CARTESIAN_POINT('',(0.00284661491577497,0.00284661491577497,-0.01245));
#2616=CARTESIAN_POINT('',(0.00166750841080743,0.00402572142074251,-0.01235625));
#2617=CARTESIAN_POINT('',(0.,0.00402572142074251,-0.0122625));
#2618=CARTESIAN_POINT('',(-0.00166750841080743,0.00402572142074251,-0.01216875));
#2619=CARTESIAN_POINT('',(-0.00284661491577497,0.00284661491577497,-0.012075));
#2620=CARTESIAN_POINT('',(-0.00402572142074251,0.00166750841080743,-0.01198125));
#2621=CARTESIAN_POINT('',(-0.00402572142074251,1.97471212828882E-18,-0.0118875));
#2622=CARTESIAN_POINT('',(-0.00402572142074251,-0.00166750841080743,-0.01179375));
#2623=CARTESIAN_POINT('',(-0.00284661491577497,-0.00284661491577497,-0.0117));
#2624=CARTESIAN_POINT('',(-0.00166750841080743,-0.00402572142074251,-0.01160625));
#2625=CARTESIAN_POINT('',(-4.93008685217125E-19,-0.00402572142074251,-0.0115125));
#2626=CARTESIAN_POINT('',(0.00166750841080743,-0.00402572142074251,-0.01141875));
#2627=CARTESIAN_POINT('',(0.00284661491577497,-0.00284661491577497,-0.011325));
#2628=CARTESIAN_POINT('',(0.00402572142074251,-0.00166750841080743,-0.01123125));
#2629=CARTESIAN_POINT('',(0.00402572142074251,1.01211612788826E-18,-0.0111375));
#2630=CARTESIAN_POINT('',(0.00402572142074251,0.00166750841080743,-0.01104375));
#2631=CARTESIAN_POINT('',(0.00284661491577497,0.00284661491577497,-0.01095));
#2632=CARTESIAN_POINT('',(0.00166750841080743,0.00402572142074251,-0.01085625));
#2633=CARTESIAN_POINT('',(0.,0.00402572142074251,-0.0107625));
#2634=CARTESIAN_POINT('',(-0.00166750841080743,0.00402572142074251,-0.01066875));
#2635=CARTESIAN_POINT('',(-0.00284661491577497,0.00284661491577497,-0.010575));
#2636=CARTESIAN_POINT('',(-0.00402572142074251,0.00166750841080743,-0.01048125));
#2637=CARTESIAN_POINT('',(-0.00402572142074251,2.0215548683562E-18,-0.0103875));
#2638=CARTESIAN_POINT('',(-0.00402572142074251,-0.00166750841080743,-0.01029375));
#2639=CARTESIAN_POINT('',(-0.00284661491577497,-0.00284661491577497,-0.0102));
#2640=CARTESIAN_POINT('',(-0.00166750841080743,-0.00402572142074251,-0.01010625));
#2641=CARTESIAN_POINT('',(-4.93008685217125E-19,-0.00402572142074251,-0.0100125));
#2642=CARTESIAN_POINT('',(0.00166750841080743,-0.00402572142074251,-0.00991875));
#2643=CARTESIAN_POINT('',(0.00284661491577497,-0.00284661491577497,-0.009825));
#2644=CARTESIAN_POINT('',(0.00402572142074251,-0.00166750841080743,-0.00973125));
#2645=CARTESIAN_POINT('',(0.00402572142074251,1.05895886795565E-18,-0.0096375));
#2646=CARTESIAN_POINT('',(0.00402572142074251,0.00166750841080743,-0.00954375000000001));
#2647=CARTESIAN_POINT('',(0.00284661491577497,0.00284661491577497,-0.00945));
#2648=CARTESIAN_POINT('',(0.00166750841080743,0.00402572142074251,-0.00935625));
#2649=CARTESIAN_POINT('',(0.,0.00402572142074251,-0.0092625));
#2650=CARTESIAN_POINT('',(-0.00166750841080743,0.00402572142074251,-0.00916875));
#2651=CARTESIAN_POINT('',(-0.00284661491577497,0.00284661491577497,-0.009075));
#2652=CARTESIAN_POINT('',(-0.00402572142074251,0.00166750841080743,-0.00898125));
#2653=CARTESIAN_POINT('',(-0.00402572142074251,2.06839760842359E-18,-0.0088875));
#2654=CARTESIAN_POINT('',(-0.00402572142074251,-0.00166750841080743,-0.00879375));
#2655=CARTESIAN_POINT('',(-0.00284661491577497,-0.00284661491577497,-0.0087));
#2656=CARTESIAN_POINT('',(-0.00166750841080743,-0.00402572142074251,-0.00860625));
#2657=CARTESIAN_POINT('',(-4.93008685217125E-19,-0.00402572142074251,-0.0085125));
#2658=CARTESIAN_POINT('',(0.00166750841080743,-0.00402572142074251,-0.00841875));
#2659=CARTESIAN_POINT('',(0.00284661491577497,-0.00284661491577497,-0.008325));
#2660=CARTESIAN_POINT('',(0.00402572142074251,-0.00166750841080743,-0.00823125));
#2661=CARTESIAN_POINT('',(0.00402572142074251,1.10580160802303E-18,-0.0081375));
#2662=CARTESIAN_POINT('',(0.00402572142074251,0.00166750841080743,-0.00804375000000001));
#2663=CARTESIAN_POINT('',(0.00284661491577497,0.00284661491577497,-0.00795));
#2664=CARTESIAN_POINT('',(0.00166750841080743,0.00402572142074251,-0.00785625));
#2665=CARTESIAN_POINT('',(0.,0.00402572142074251,-0.0077625));
#2666=CARTESIAN_POINT('',(-0.00166750841080743,0.00402572142074251,-0.00766875));
#2667=CARTESIAN_POINT('',(-0.00284661491577497,0.00284661491577497,-0.007575));
#2668=CARTESIAN_POINT('',(-0.00402572142074251,0.00166750841080743,-0.00748125000000001));
#2669=CARTESIAN_POINT('',(-0.00402572142074251,2.11524034849098E-18,-0.0073875));
#2670=CARTESIAN_POINT('',(-0.00402572142074251,-0.00166750841080743,-0.00729375));
#2671=CARTESIAN_POINT('',(-0.00284661491577497,-0.00284661491577497,-0.0072));
#2672=CARTESIAN_POINT('',(-0.00166750841080743,-0.00402572142074251,-0.00710625));
#2673=CARTESIAN_POINT('',(-4.93008685217125E-19,-0.00402572142074251,-0.0070125));
#2674=CARTESIAN_POINT('',(0.00166750841080743,-0.00402572142074251,-0.00691875));
#2675=CARTESIAN_POINT('',(0.00284661491577497,-0.00284661491577497,-0.006825));
#2676=CARTESIAN_POINT('',(0.00402572142074251,-0.00166750841080743,-0.00673125));
#2677=CARTESIAN_POINT('',(0.00402572142074251,1.15264434809042E-18,-0.0066375));
#2678=CARTESIAN_POINT('',(0.00402572142074251,0.00166750841080743,-0.00654375000000001));
#2679=CARTESIAN_POINT('',(0.00284661491577497,0.00284661491577497,-0.00645));
#2680=CARTESIAN_POINT('',(0.00166750841080743,0.00402572142074251,-0.00635625));
#2681=CARTESIAN_POINT('',(0.,0.00402572142074251,-0.0062625));
#2682=CARTESIAN_POINT('',(-0.00166750841080743,0.00402572142074251,-0.00616875));
#2683=CARTESIAN_POINT('',(-0.00284661491577497,0.00284661491577497,-0.006075));
#2684=CARTESIAN_POINT('',(-0.00402572142074251,0.00166750841080743,-0.00598125000000001));
#2685=CARTESIAN_POINT('',(-0.00402572142074251,2.16208308855836E-18,-0.0058875));
#2686=CARTESIAN_POINT('',(-0.00402572142074251,-0.00166750841080743,-0.00579375));
#2687=CARTESIAN_POINT('',(-0.00284661491577497,-0.00284661491577497,-0.0057));
#2688=CARTESIAN_POINT('',(-0.00166750841080743,-0.00402572142074251,-0.00560625000000001));
#2689=CARTESIAN_POINT('',(-4.93008685217125E-19,-0.00402572142074251,-0.0055125));
#2690=CARTESIAN_POINT('',(0.00166750841080743,-0.00402572142074251,-0.00541875));
#2691=CARTESIAN_POINT('',(0.00284661491577497,-0.00284661491577497,-0.005325));
#2692=CARTESIAN_POINT('',(0.00402572142074251,-0.00166750841080743,-0.00523125));
#2693=CARTESIAN_POINT('',(0.00402572142074251,1.19948708815781E-18,-0.0051375));
#2694=CARTESIAN_POINT('',(0.00402572142074251,0.00166750841080743,-0.00504375000000001));
#2695=CARTESIAN_POINT('',(0.00284661491577497,0.00284661491577497,-0.00495));
#2696=CARTESIAN_POINT('',(0.00166750841080743,0.00402572142074251,-0.00485625));
#2697=CARTESIAN_POINT('',(0.,0.00402572142074251,-0.0047625));
#2698=CARTESIAN_POINT('',(-0.00166750841080743,0.00402572142074251,-0.00466875));
#2699=CARTESIAN_POINT('',(-0.00284661491577497,0.00284661491577497,-0.004575));
#2700=CARTESIAN_POINT('',(-0.00402572142074251,0.00166750841080743,-0.00448125));
#2701=CARTESIAN_POINT('',(-0.00402572142074251,2.20892582862575E-18,-0.0043875));
#2702=CARTESIAN_POINT('',(-0.00402572142074251,-0.00166750841080743,-0.00429375));
#2703=CARTESIAN_POINT('',(-0.00284661491577497,-0.00284661491577497,-0.0042));
#2704=CARTESIAN_POINT('',(-0.00166750841080743,-0.00402572142074251,-0.00410625));
#2705=CARTESIAN_POINT('',(-4.93008685217125E-19,-0.00402572142074251,-0.0040125));
#2706=CARTESIAN_POINT('',(0.00166750841080743,-0.00402572142074251,-0.00391875));
#2707=CARTESIAN_POINT('',(0.00284661491577497,-0.00284661491577497,-0.003825));
#2708=CARTESIAN_POINT('',(0.00402572142074251,-0.00166750841080743,-0.00373125));
#2709=CARTESIAN_POINT('',(0.00402572142074251,1.24632982822519E-18,-0.0036375));
#2710=CARTESIAN_POINT('',(0.00402572142074251,0.00166750841080743,-0.00354375));
#2711=CARTESIAN_POINT('',(0.00284661491577497,0.00284661491577497,-0.00345));
#2712=CARTESIAN_POINT('',(0.00166750841080743,0.00402572142074251,-0.00335625));
#2713=CARTESIAN_POINT('',(0.,0.00402572142074251,-0.0032625));
#2714=CARTESIAN_POINT('',(-0.00166750841080743,0.00402572142074251,-0.00316875));
#2715=CARTESIAN_POINT('',(-0.00284661491577497,0.00284661491577497,-0.003075));
#2716=CARTESIAN_POINT('',(-0.00402572142074251,0.00166750841080743,-0.00298125));
#2717=CARTESIAN_POINT('',(-0.00402572142074251,2.25576856869314E-18,-0.0028875));
#2718=CARTESIAN_POINT('',(-0.00402572142074251,-0.00166750841080743,-0.00279375));
#2719=CARTESIAN_POINT('',(-0.00284661491577497,-0.00284661491577497,-0.0027));
#2720=CARTESIAN_POINT('',(-0.00166750841080743,-0.00402572142074251,-0.00260625));
#2721=CARTESIAN_POINT('',(-4.93008685217125E-19,-0.00402572142074251,-0.0025125));
#2722=CARTESIAN_POINT('',(0.00166750841080743,-0.00402572142074251,-0.00241875000000001));
#2723=CARTESIAN_POINT('',(0.00284661491577497,-0.00284661491577497,-0.002325));
#2724=CARTESIAN_POINT('',(0.00402572142074251,-0.00166750841080743,-0.00223125));
#2725=CARTESIAN_POINT('',(0.00402572142074251,1.29317256829258E-18,-0.0021375));
#2726=CARTESIAN_POINT('',(0.00402572142074251,0.00166750841080743,-0.00204375));
#2727=CARTESIAN_POINT('',(0.00284661491577497,0.00284661491577497,-0.00195));
#2728=CARTESIAN_POINT('',(0.00166750841080743,0.00402572142074251,-0.00185625));
#2729=CARTESIAN_POINT('',(0.,0.00402572142074251,-0.0017625));
#2730=CARTESIAN_POINT('',(-0.00166750841080743,0.00402572142074251,-0.00166875000000001));
#2731=CARTESIAN_POINT('',(-0.00284661491577497,0.00284661491577497,-0.001575));
#2732=CARTESIAN_POINT('',(-0.00402572142074251,0.00166750841080743,-0.00148125));
#2733=CARTESIAN_POINT('',(-0.00402572142074251,2.30261130876052E-18,-0.0013875));
#2734=CARTESIAN_POINT('',(-0.00402572142074251,-0.00166750841080743,-0.00129375));
#2735=CARTESIAN_POINT('',(-0.00284661491577497,-0.00284661491577497,-0.0012));
#2736=CARTESIAN_POINT('',(-0.00166750841080743,-0.00402572142074251,-0.00110625));
#2737=CARTESIAN_POINT('',(-4.93008685217125E-19,-0.00402572142074251,-0.0010125));
#2738=CARTESIAN_POINT('',(0.00166750841080743,-0.00402572142074251,-0.000918750000000003));
#2739=CARTESIAN_POINT('',(0.00284661491577497,-0.00284661491577497,-0.000825));
#2740=CARTESIAN_POINT('',(0.00402572142074251,-0.00166750841080743,-0.000731250000000003));
#2741=CARTESIAN_POINT('',(0.00402572142074251,1.34001530835996E-18,-0.0006375));
#2742=CARTESIAN_POINT('',(0.00402572142074251,0.00166750841080743,-0.000543750000000003));
#2743=CARTESIAN_POINT('',(0.00284661491577497,0.00284661491577497,-0.00045));
#2744=CARTESIAN_POINT('',(0.00166750841080743,0.00402572142074251,-0.000356250000000002));
#2745=CARTESIAN_POINT('',(0.,0.00402572142074251,-0.0002625));
#2746=CARTESIAN_POINT('',(-0.00166750841080743,0.00402572142074251,-0.000168750000000002));
#2747=CARTESIAN_POINT('',(-0.00284661491577497,0.00284661491577497,-7.50000000000022E-5));
#2748=CARTESIAN_POINT('',(-0.00402572142074251,0.00166750841080743,1.87499999999979E-5));
#2749=CARTESIAN_POINT('',(-0.00402572142074251,2.3494540488279E-18,0.000112499999999998));
#2750=CARTESIAN_POINT('',(-0.00402572142074251,-0.00166750841080743,0.000206249999999998));
#2751=CARTESIAN_POINT('',(-0.00284661491577497,-0.00284661491577497,0.0003));
#2752=CARTESIAN_POINT('',(-0.00166750841080743,-0.00402572142074251,0.000393749999999998));
#2753=CARTESIAN_POINT('',(-4.93008685217125E-19,-0.00402572142074251,0.0004875));
#2754=CARTESIAN_POINT('',(0.00166750841080743,-0.00402572142074251,0.000581249999999998));
#2755=CARTESIAN_POINT('',(0.00284661491577497,-0.00284661491577497,0.000675));
#2756=CARTESIAN_POINT('',(0.00402572142074251,-0.00166750841080743,0.000768749999999998));
#2757=CARTESIAN_POINT('',(0.00402572142074251,1.38685804842735E-18,0.0008625));
#2758=CARTESIAN_POINT('',(0.00402572142074251,0.00166750841080743,0.000956249999999999));
#2759=CARTESIAN_POINT('',(0.00284661491577497,0.00284661491577497,0.00105));
#2760=CARTESIAN_POINT('',(0.00166750841080743,0.00402572142074251,0.00114375));
#2761=CARTESIAN_POINT('',(0.,0.00402572142074251,0.0012375));
#2762=CARTESIAN_POINT('',(-0.00166750841080743,0.00402572142074251,0.00133124999999999));
#2763=CARTESIAN_POINT('',(-0.00284661491577497,0.00284661491577497,0.001425));
#2764=CARTESIAN_POINT('',(-0.00402572142074251,0.00166750841080743,0.00151874999999999));
#2765=CARTESIAN_POINT('',(-0.00402572142074251,2.39629678889529E-18,0.0016125));
#2766=CARTESIAN_POINT('',(-0.00402572142074251,-0.00166750841080743,0.00170625));
#2767=CARTESIAN_POINT('',(-0.00284661491577497,-0.00284661491577497,0.0018));
#2768=CARTESIAN_POINT('',(-0.00166750841080743,-0.00402572142074251,0.00189374999999999));
#2769=CARTESIAN_POINT('',(-4.93008685217125E-19,-0.00402572142074251,0.0019875));
#2770=CARTESIAN_POINT('',(0.00166750841080743,-0.00402572142074251,0.00208124999999999));
#2771=CARTESIAN_POINT('',(0.00284661491577497,-0.00284661491577497,0.002175));
#2772=CARTESIAN_POINT('',(0.00402572142074251,-0.00166750841080743,0.00226875));
#2773=CARTESIAN_POINT('',(0.00402572142074251,1.43370078849474E-18,0.0023625));
#2774=CARTESIAN_POINT('',(0.00402572142074251,0.00166750841080743,0.00245625));
#2775=CARTESIAN_POINT('',(0.00284661491577497,0.00284661491577497,0.00255));
#2776=CARTESIAN_POINT('',(0.00166750841080743,0.00402572142074251,0.00264375));
#2777=CARTESIAN_POINT('',(0.,0.00402572142074251,0.0027375));
#2778=CARTESIAN_POINT('',(-0.00166750841080743,0.00402572142074251,0.00283125));
#2779=CARTESIAN_POINT('',(-0.00284661491577497,0.00284661491577497,0.002925));
#2780=CARTESIAN_POINT('',(-0.00402572142074251,0.00166750841080743,0.00301875));
#2781=CARTESIAN_POINT('',(-0.00402572142074251,2.44313952896268E-18,0.0031125));
#2782=CARTESIAN_POINT('',(-0.00402572142074251,-0.00166750841080743,0.00320625));
#2783=CARTESIAN_POINT('',(-0.00284661491577497,-0.00284661491577497,0.0033));
#2784=CARTESIAN_POINT('',(-0.00166750841080743,-0.00402572142074251,0.00339374999999999));
#2785=CARTESIAN_POINT('',(-4.93008685217125E-19,-0.00402572142074251,0.0034875));
#2786=CARTESIAN_POINT('',(0.00166750841080743,-0.00402572142074251,0.00358124999999999));
#2787=CARTESIAN_POINT('',(0.00284661491577497,-0.00284661491577497,0.003675));
#2788=CARTESIAN_POINT('',(0.00402572142074251,-0.00166750841080743,0.00376874999999999));
#2789=CARTESIAN_POINT('',(0.00402572142074251,1.48054352856212E-18,0.0038625));
#2790=CARTESIAN_POINT('',(0.00402572142074251,0.00166750841080743,0.00395625));
#2791=CARTESIAN_POINT('',(0.00284661491577497,0.00284661491577497,0.00405));
#2792=CARTESIAN_POINT('',(0.00166750841080743,0.00402572142074251,0.00414374999999999));
#2793=CARTESIAN_POINT('',(0.,0.00402572142074251,0.0042375));
#2794=CARTESIAN_POINT('',(-0.00166750841080743,0.00402572142074251,0.00433124999999999));
#2795=CARTESIAN_POINT('',(-0.00284661491577497,0.00284661491577497,0.004425));
#2796=CARTESIAN_POINT('',(-0.00402572142074251,0.00166750841080743,0.00451874999999999));
#2797=CARTESIAN_POINT('',(-0.00402572142074251,2.48998226903006E-18,0.0046125));
#2798=CARTESIAN_POINT('',(-0.00402572142074251,-0.00166750841080743,0.00470625));
#2799=CARTESIAN_POINT('',(-0.00284661491577497,-0.00284661491577497,0.0048));
#2800=CARTESIAN_POINT('',(-0.00166750841080743,-0.00402572142074251,0.00489375));
#2801=CARTESIAN_POINT('',(-4.93008685217125E-19,-0.00402572142074251,0.0049875));
#2802=CARTESIAN_POINT('',(0.00166750841080743,-0.00402572142074251,0.00508124999999999));
#2803=CARTESIAN_POINT('',(0.00284661491577497,-0.00284661491577497,0.005175));
#2804=CARTESIAN_POINT('',(0.00402572142074251,-0.00166750841080743,0.00526875));
#2805=CARTESIAN_POINT('',(0.00402572142074251,1.52738626862951E-18,0.0053625));
#2806=CARTESIAN_POINT('',(0.00402572142074251,0.00166750841080743,0.00545624999999999));
#2807=CARTESIAN_POINT('',(0.00284661491577497,0.00284661491577497,0.00555));
#2808=CARTESIAN_POINT('',(0.00166750841080743,0.00402572142074251,0.00564374999999999));
#2809=CARTESIAN_POINT('',(0.,0.00402572142074251,0.0057375));
#2810=CARTESIAN_POINT('',(-0.00166750841080743,0.00402572142074251,0.00583125));
#2811=CARTESIAN_POINT('',(-0.00284661491577497,0.00284661491577497,0.005925));
#2812=CARTESIAN_POINT('',(-0.00402572142074251,0.00166750841080743,0.00601874999999999));
#2813=CARTESIAN_POINT('',(-0.00402572142074251,2.53682500909746E-18,0.0061125));
#2814=CARTESIAN_POINT('',(-0.00402572142074251,-0.00166750841080743,0.00620624999999999));
#2815=CARTESIAN_POINT('',(-0.00284661491577497,-0.00284661491577497,0.0063));
#2816=CARTESIAN_POINT('',(-0.00166750841080743,-0.00402572142074251,0.00639375));
#2817=CARTESIAN_POINT('',(-4.93008685217125E-19,-0.00402572142074251,0.0064875));
#2818=CARTESIAN_POINT('',(0.00166750841080743,-0.00402572142074251,0.00658124999999999));
#2819=CARTESIAN_POINT('',(0.00284661491577497,-0.00284661491577497,0.006675));
#2820=CARTESIAN_POINT('',(0.00402572142074251,-0.00166750841080743,0.00676875));
#2821=CARTESIAN_POINT('',(0.00402572142074251,1.5742290086969E-18,0.0068625));
#2822=CARTESIAN_POINT('',(0.00402572142074251,0.00166750841080743,0.00695625));
#2823=CARTESIAN_POINT('',(0.00284661491577497,0.00284661491577497,0.00705));
#2824=CARTESIAN_POINT('',(0.00166750841080743,0.00402572142074251,0.00714374999999999));
#2825=CARTESIAN_POINT('',(0.,0.00402572142074251,0.0072375));
#2826=CARTESIAN_POINT('',(-0.00166750841080743,0.00402572142074251,0.00733125));
#2827=CARTESIAN_POINT('',(-0.00284661491577497,0.00284661491577497,0.007425));
#2828=CARTESIAN_POINT('',(-0.00402572142074251,0.00166750841080743,0.00751875));
#2829=CARTESIAN_POINT('',(-0.00402572142074251,2.58366774916484E-18,0.0076125));
#2830=CARTESIAN_POINT('',(-0.00402572142074251,-0.00166750841080743,0.00770624999999999));
#2831=CARTESIAN_POINT('',(-0.00284661491577497,-0.00284661491577497,0.0078));
#2832=CARTESIAN_POINT('',(-0.00166750841080743,-0.00402572142074251,0.00789375));
#2833=CARTESIAN_POINT('',(-4.93008685217125E-19,-0.00402572142074251,0.0079875));
#2834=CARTESIAN_POINT('',(0.00166750841080743,-0.00402572142074251,0.00808124999999999));
#2835=CARTESIAN_POINT('',(0.00284661491577497,-0.00284661491577497,0.008175));
#2836=CARTESIAN_POINT('',(0.00402572142074251,-0.00166750841080743,0.00826875));
#2837=CARTESIAN_POINT('',(0.00402572142074251,1.62107174876428E-18,0.0083625));
#2838=CARTESIAN_POINT('',(0.00402572142074251,0.00166750841080743,0.00845625));
#2839=CARTESIAN_POINT('',(0.00284661491577497,0.00284661491577497,0.00855));
#2840=CARTESIAN_POINT('',(0.00166750841080743,0.00402572142074251,0.00864374999999999));
#2841=CARTESIAN_POINT('',(0.,0.00402572142074251,0.0087375));
#2842=CARTESIAN_POINT('',(-0.00166750841080743,0.00402572142074251,0.00883125));
#2843=CARTESIAN_POINT('',(-0.00284661491577497,0.00284661491577497,0.008925));
#2844=CARTESIAN_POINT('',(-0.00402572142074251,0.00166750841080743,0.00901875));
#2845=CARTESIAN_POINT('',(-0.00402572142074251,2.63051048923222E-18,0.0091125));
#2846=CARTESIAN_POINT('',(-0.00402572142074251,-0.00166750841080743,0.00920624999999999));
#2847=CARTESIAN_POINT('',(-0.00284661491577497,-0.00284661491577497,0.0093));
#2848=CARTESIAN_POINT('',(-0.00166750841080743,-0.00402572142074251,0.00939375));
#2849=CARTESIAN_POINT('',(-4.93008685217125E-19,-0.00402572142074251,0.0094875));
#2850=CARTESIAN_POINT('',(0.00166750841080743,-0.00402572142074251,0.00958125));
#2851=CARTESIAN_POINT('',(0.00284661491577497,-0.00284661491577497,0.009675));
#2852=CARTESIAN_POINT('',(0.00402572142074251,-0.00166750841080743,0.00976874999999999));
#2853=CARTESIAN_POINT('',(0.00402572142074251,1.66791448883167E-18,0.0098625));
#2854=CARTESIAN_POINT('',(0.00402572142074251,0.00166750841080743,0.00995625));
#2855=CARTESIAN_POINT('',(0.00284661491577497,0.00284661491577497,0.01005));
#2856=CARTESIAN_POINT('',(0.00166750841080743,0.00402572142074251,0.01014375));
#2857=CARTESIAN_POINT('',(0.,0.00402572142074251,0.0102375));
#2858=CARTESIAN_POINT('',(-0.00166750841080743,0.00402572142074251,0.01033125));
#2859=CARTESIAN_POINT('',(-0.00284661491577497,0.00284661491577497,0.010425));
#2860=CARTESIAN_POINT('',(-0.00402572142074251,0.00166750841080743,0.01051875));
#2861=CARTESIAN_POINT('',(-0.00402572142074251,2.67735322929961E-18,0.0106125));
#2862=CARTESIAN_POINT('',(-0.00402572142074251,-0.00166750841080743,0.01070625));
#2863=CARTESIAN_POINT('',(-0.00284661491577497,-0.00284661491577497,0.0108));
#2864=CARTESIAN_POINT('',(-0.00166750841080743,-0.00402572142074251,0.01089375));
#2865=CARTESIAN_POINT('',(-4.93008685217125E-19,-0.00402572142074251,0.0109875));
#2866=CARTESIAN_POINT('',(0.00166750841080743,-0.00402572142074251,0.01108125));
#2867=CARTESIAN_POINT('',(0.00284661491577497,-0.00284661491577497,0.011175));
#2868=CARTESIAN_POINT('',(0.00402572142074251,-0.00166750841080743,0.01126875));
#2869=CARTESIAN_POINT('',(0.00402572142074251,1.71475722889905E-18,0.0113625));
#2870=CARTESIAN_POINT('',(0.00402572142074251,0.00166750841080743,0.01145625));
#2871=CARTESIAN_POINT('',(0.00284661491577497,0.00284661491577497,0.01155));
#2872=CARTESIAN_POINT('',(0.00166750841080743,0.00402572142074251,0.01164375));
#2873=CARTESIAN_POINT('',(0.,0.00402572142074251,0.0117375));
#2874=CARTESIAN_POINT('',(-0.00166750841080743,0.00402572142074251,0.01183125));
#2875=CARTESIAN_POINT('',(-0.00284661491577497,0.00284661491577497,0.011925));
#2876=CARTESIAN_POINT('',(-0.00402572142074251,0.00166750841080743,0.01201875));
#2877=CARTESIAN_POINT('',(-0.00402572142074251,2.724195969367E-18,0.0121125));
#2878=CARTESIAN_POINT('',(-0.00402572142074251,-0.00166750841080743,0.01220625));
#2879=CARTESIAN_POINT('',(-0.00284661491577497,-0.00284661491577497,0.0123));
#2880=CARTESIAN_POINT('',(-0.00166750841080743,-0.00402572142074251,0.01239375));
#2881=CARTESIAN_POINT('',(-4.93008685217125E-19,-0.00402572142074251,0.0124875));
#2882=CARTESIAN_POINT('',(0.00166750841080743,-0.00402572142074251,0.01258125));
#2883=CARTESIAN_POINT('',(0.00284661491577497,-0.00284661491577497,0.012675));
#2884=CARTESIAN_POINT('',(0.00402572142074251,-0.00166750841080743,0.01276875));
#2885=CARTESIAN_POINT('',(0.00402572142074251,1.76159996896644E-18,0.0128625));
#2886=CARTESIAN_POINT('',(0.00402572142074251,0.00166750841080743,0.01295625));
#2887=CARTESIAN_POINT('',(0.00284661491577497,0.00284661491577497,0.01305));
#2888=CARTESIAN_POINT('',(0.00166750841080743,0.00402572142074251,0.01314375));
#2889=CARTESIAN_POINT('',(0.,0.00402572142074251,0.0132375));
#2890=CARTESIAN_POINT('',(-0.00166750841080743,0.00402572142074251,0.01333125));
#2891=CARTESIAN_POINT('',(-0.00284661491577497,0.00284661491577497,0.013425));
#2892=CARTESIAN_POINT('',(-0.00402572142074251,0.00166750841080743,0.01351875));
#2893=CARTESIAN_POINT('',(-0.00402572142074251,2.77103870943438E-18,0.0136125));
#2894=CARTESIAN_POINT('',(-0.00402572142074251,-0.00166750841080743,0.01370625));
#2895=CARTESIAN_POINT('',(-0.00284661491577497,-0.00284661491577497,0.0138));
#2896=CARTESIAN_POINT('',(-0.00166750841080743,-0.00402572142074251,0.01389375));
#2897=CARTESIAN_POINT('',(-4.93008685217125E-19,-0.00402572142074251,0.0139875));
#2898=CARTESIAN_POINT('',(0.00166750841080743,-0.00402572142074251,0.01408125));
#2899=CARTESIAN_POINT('',(0.00284661491577497,-0.00284661491577497,0.014175));
#2900=CARTESIAN_POINT('',(0.00402572142074251,-0.00166750841080743,0.01426875));
#2901=CARTESIAN_POINT('',(0.00402572142074251,1.80844270903383E-18,0.0143625));
#2902=CARTESIAN_POINT('',(0.00402572142074251,0.00166750841080743,0.01445625));
#2903=CARTESIAN_POINT('',(0.00284661491577497,0.00284661491577497,0.01455));
#2904=CARTESIAN_POINT('',(0.00166750841080743,0.00402572142074251,0.01464375));
#2905=CARTESIAN_POINT('',(0.,0.00402572142074251,0.0147375));
#2906=CARTESIAN_POINT('',(-0.00166750841080743,0.00402572142074251,0.01483125));
#2907=CARTESIAN_POINT('',(-0.00284661491577497,0.00284661491577497,0.014925));
#2908=CARTESIAN_POINT('',(-0.00402572142074251,0.00166750841080743,0.01501875));
#2909=CARTESIAN_POINT('',(-0.00402572142074251,2.81788144950177E-18,0.0151125));
#2910=CARTESIAN_POINT('',(-0.00402572142074251,-0.00166750841080743,0.01520625));
#2911=CARTESIAN_POINT('',(-0.00284661491577497,-0.00284661491577497,0.0153));
#2912=CARTESIAN_POINT('',(-0.00166750841080743,-0.00402572142074251,0.01539375));
#2913=CARTESIAN_POINT('',(-4.93008685217125E-19,-0.00402572142074251,0.0154875));
#2914=CARTESIAN_POINT('',(0.00166750841080743,-0.00402572142074251,0.01558125));
#2915=CARTESIAN_POINT('',(0.00284661491577497,-0.00284661491577497,0.015675));
#2916=CARTESIAN_POINT('',(0.00402572142074251,-0.00166750841080743,0.01576875));
#2917=CARTESIAN_POINT('',(0.00402572142074251,1.85528544910122E-18,0.0158625));
#2918=CARTESIAN_POINT('',(0.00402572142074251,0.00166750841080743,0.01595625));
#2919=CARTESIAN_POINT('',(0.00284661491577497,0.00284661491577497,0.01605));
#2920=CARTESIAN_POINT('',(0.00166750841080743,0.00402572142074251,0.01614375));
#2921=CARTESIAN_POINT('',(0.,0.00402572142074251,0.0162375));
#2922=CARTESIAN_POINT('',(-0.00166750841080743,0.00402572142074251,0.01633125));
#2923=CARTESIAN_POINT('',(-0.00284661491577497,0.00284661491577497,0.016425));
#2924=CARTESIAN_POINT('',(-0.00402572142074251,0.00166750841080743,0.01651875));
#2925=CARTESIAN_POINT('',(-0.00402572142074251,2.86472418956916E-18,0.0166125));
#2926=CARTESIAN_POINT('',(-0.00402572142074251,-0.00166750841080743,0.01670625));
#2927=CARTESIAN_POINT('',(-0.00284661491577497,-0.00284661491577497,0.0168));
#2928=CARTESIAN_POINT('',(-0.00166750841080743,-0.00402572142074251,0.01689375));
#2929=CARTESIAN_POINT('',(-4.93008685217125E-19,-0.00402572142074251,0.0169875));
#2930=CARTESIAN_POINT('',(0.00166750841080743,-0.00402572142074251,0.01708125));
#2931=CARTESIAN_POINT('',(0.00284661491577497,-0.00284661491577497,0.017175));
#2932=CARTESIAN_POINT('',(0.00402572142074251,-0.00166750841080743,0.01726875));
#2933=CARTESIAN_POINT('',(0.00402572142074251,1.9021281891686E-18,0.0173625));
#2934=CARTESIAN_POINT('',(0.00402572142074251,0.00166750841080743,0.01745625));
#2935=CARTESIAN_POINT('',(0.00284661491577497,0.00284661491577497,0.01755));
#2936=CARTESIAN_POINT('',(0.00166750841080743,0.00402572142074251,0.01764375));
#2937=CARTESIAN_POINT('',(0.,0.00402572142074251,0.0177375));
#2938=CARTESIAN_POINT('',(-0.00166750841080743,0.00402572142074251,0.01783125));
#2939=CARTESIAN_POINT('',(-0.00284661491577497,0.00284661491577497,0.017925));
#2940=CARTESIAN_POINT('',(-0.00402572142074251,0.00166750841080743,0.01801875));
#2941=CARTESIAN_POINT('',(-0.00402572142074251,2.91156692963654E-18,0.0181125));
#2942=CARTESIAN_POINT('',(-0.00402572142074251,-0.00166750841080743,0.01820625));
#2943=CARTESIAN_POINT('',(-0.00284661491577497,-0.00284661491577497,0.0183));
#2944=CARTESIAN_POINT('',(-0.00166750841080743,-0.00402572142074251,0.01839375));
#2945=CARTESIAN_POINT('',(-4.93008685217125E-19,-0.00402572142074251,0.0184875));
#2946=CARTESIAN_POINT('',(0.00166750841080743,-0.00402572142074251,0.01858125));
#2947=CARTESIAN_POINT('',(0.00284661491577497,-0.00284661491577497,0.018675));
#2948=CARTESIAN_POINT('',(0.00402572142074251,-0.00166750841080743,0.01876875));
#2949=CARTESIAN_POINT('',(0.00402572142074251,1.94897092923598E-18,0.0188625));
#2950=CARTESIAN_POINT('',(0.00402572142074251,0.00166750841080743,0.01895625));
#2951=CARTESIAN_POINT('',(0.00284661491577497,0.00284661491577497,0.01905));
#2952=CARTESIAN_POINT('',(0.00166750841080743,0.00402572142074251,0.01914375));
#2953=CARTESIAN_POINT('',(0.,0.00402572142074251,0.0192375));
#2954=CARTESIAN_POINT('',(-0.00166750841080743,0.00402572142074251,0.01933125));
#2955=CARTESIAN_POINT('',(-0.00284661491577497,0.00284661491577497,0.019425));
#2956=CARTESIAN_POINT('',(-0.00402572142074251,0.00166750841080743,0.01951875));
#2957=CARTESIAN_POINT('',(-0.00402572142074251,2.95840966970393E-18,0.0196125));
#2958=CARTESIAN_POINT('',(-0.00402572142074251,-0.00166750841080743,0.01970625));
#2959=CARTESIAN_POINT('',(-0.00284661491577497,-0.00284661491577497,0.0198));
#2960=CARTESIAN_POINT('',(-0.00166750841080743,-0.00402572142074251,0.01989375));
#2961=CARTESIAN_POINT('',(-4.93008685217125E-19,-0.00402572142074251,0.0199875));
#2962=CARTESIAN_POINT('',(0.00166750841080743,-0.00402572142074251,0.02008125));
#2963=CARTESIAN_POINT('',(0.00284661491577497,-0.00284661491577497,0.020175));
#2964=CARTESIAN_POINT('',(0.00402572142074251,-0.00166750841080743,0.02026875));
#2965=CARTESIAN_POINT('',(0.00402572142074251,1.99581366930338E-18,0.0203625));
#2966=CARTESIAN_POINT('',(0.00402572142074251,0.00166750841080743,0.02045625));
#2967=CARTESIAN_POINT('',(0.00284661491577497,0.00284661491577497,0.02055));
#2968=CARTESIAN_POINT('',(0.00166750841080743,0.00402572142074251,0.02064375));
#2969=CARTESIAN_POINT('',(0.,0.00402572142074251,0.0207375));
#2970=CARTESIAN_POINT('',(-0.00166750841080743,0.00402572142074251,0.02083125));
#2971=CARTESIAN_POINT('',(-0.00284661491577497,0.00284661491577498,0.020925));
#2972=CARTESIAN_POINT('',(-0.00402572142074251,0.00166750841080743,0.02101875));
#2973=CARTESIAN_POINT('',(-0.00402572142074251,3.00525240977131E-18,0.0211125));
#2974=CARTESIAN_POINT('',(-0.00402572142074251,-0.00130490851692117,0.0211858640518204));
#2975=CARTESIAN_POINT('',(-0.00326020027135444,-0.00236167888335513,0.0212631046447251));
#2976=CARTESIAN_POINT('',(-0.00410122759743253,0.00286005807529458,0.0215286831863041));
#2977=CARTESIAN_POINT('',(-0.00358589583906627,0.00353417194012247,0.0214666976046928));
#2978=CARTESIAN_POINT('',(-0.00222937004892259,0.0045985123962699,0.0213463997055819));
#2979=CARTESIAN_POINT('',(0.000356315252845383,0.00499216525561213,0.0211566263791213));
#2980=CARTESIAN_POINT('',(0.00277987849212215,0.0040230539419763,0.0209575691480793));
#2981=CARTESIAN_POINT('',(0.00436864763686005,0.00194150598094919,0.0207609843216495));
#2982=CARTESIAN_POINT('',(0.00461608137181973,-0.000679930187301827,0.0205571236066368));
#2983=CARTESIAN_POINT('',(0.00339879471381627,-0.00301534384867634,0.0203423242697314));
#2984=CARTESIAN_POINT('',(0.00109219650893169,-0.00428238414691568,0.0201239022918211));
#2985=CARTESIAN_POINT('',(-0.000657884827634115,-0.00410778619235823,0.0199795630706674));
#2986=CARTESIAN_POINT('',(-0.00143317797240535,-0.00376197207018302,0.0199007823041282));
#2987=CARTESIAN_POINT('',(-0.00410122759743253,0.00286005807529459,0.0215286831863041));
#2988=CARTESIAN_POINT('',(-0.00143317797240535,-0.00376197207018302,0.0199007823041282));
#2989=CARTESIAN_POINT('',(0.,0.005,0.0213));
#2990=CARTESIAN_POINT('',(-0.00207106781186548,0.00500000000000001,0.02139375));
#2991=CARTESIAN_POINT('',(-0.00353553390593274,0.00353553390593274,0.0214875));
#2992=CARTESIAN_POINT('',(-0.00384825385938511,0.00322281395248036,0.0215075192382432));
#2993=CARTESIAN_POINT('',(-0.00410122759743254,0.00286005807529458,0.021528683186304));
#2994=CARTESIAN_POINT('',(0.,0.005,0.0213));
#2995=CARTESIAN_POINT('',(-6.12323399573678E-19,-0.005,0.02055));
#2996=CARTESIAN_POINT('',(0.00207106781186542,-0.00500000000000005,0.02064375));
#2997=CARTESIAN_POINT('',(0.00353553390593274,-0.00353553390593274,0.0207375));
#2998=CARTESIAN_POINT('',(0.00499999999999999,-0.00207106781186548,0.02083125));
#2999=CARTESIAN_POINT('',(0.005,1.83440762529381E-18,0.020925));
#3000=CARTESIAN_POINT('',(0.00499999999999999,0.00207106781186548,0.02101875));
#3001=CARTESIAN_POINT('',(0.00353553390593274,0.00353553390593274,0.0211125));
#3002=CARTESIAN_POINT('',(0.00207106781186548,0.00500000000000001,0.02120625));
#3003=CARTESIAN_POINT('',(0.,0.005,0.0213));
#3004=CARTESIAN_POINT('',(-6.12323399573676E-19,-0.005,0.02055));
#3005=CARTESIAN_POINT('',(0.,0.005,0.0198));
#3006=CARTESIAN_POINT('',(-0.00207106781186548,0.00500000000000001,0.01989375));
#3007=CARTESIAN_POINT('',(-0.00353553390593274,0.00353553390593274,0.0199875));
#3008=CARTESIAN_POINT('',(-0.00499999999999999,0.00207106781186548,0.02008125));
#3009=CARTESIAN_POINT('',(-0.005,3.03563305440747E-18,0.020175));
#3010=CARTESIAN_POINT('',(-0.00499999999999999,-0.00207106781186547,0.02026875));
#3011=CARTESIAN_POINT('',(-0.00353553390593274,-0.00353553390593274,0.0203625));
#3012=CARTESIAN_POINT('',(-0.00207106781186553,-0.00499999999999995,0.02045625));
#3013=CARTESIAN_POINT('',(-6.12323399573675E-19,-0.005,0.02055));
#3014=CARTESIAN_POINT('',(0.,0.005,0.0198));
#3015=CARTESIAN_POINT('',(-6.12323399573676E-19,-0.005,0.01905));
#3016=CARTESIAN_POINT('',(0.00207106781186548,-0.00499999999999999,0.01914375));
#3017=CARTESIAN_POINT('',(0.00353553390593274,-0.00353553390593274,0.0192375));
#3018=CARTESIAN_POINT('',(0.00499999999999999,-0.00207106781186548,0.01933125));
#3019=CARTESIAN_POINT('',(0.005,1.78756488522643E-18,0.019425));
#3020=CARTESIAN_POINT('',(0.00499999999999999,0.00207106781186548,0.01951875));
#3021=CARTESIAN_POINT('',(0.00353553390593274,0.00353553390593274,0.0196125));
#3022=CARTESIAN_POINT('',(0.00207106781186548,0.00500000000000001,0.01970625));
#3023=CARTESIAN_POINT('',(0.,0.005,0.0198));
#3024=CARTESIAN_POINT('',(-6.12323399573676E-19,-0.005,0.01905));
#3025=CARTESIAN_POINT('',(0.,0.005,0.0183));
#3026=CARTESIAN_POINT('',(-0.00207106781186548,0.00500000000000001,0.01839375));
#3027=CARTESIAN_POINT('',(-0.00353553390593274,0.00353553390593274,0.0184875));
#3028=CARTESIAN_POINT('',(-0.00499999999999999,0.00207106781186548,0.01858125));
#3029=CARTESIAN_POINT('',(-0.005,2.98879031434009E-18,0.018675));
#3030=CARTESIAN_POINT('',(-0.00499999999999999,-0.00207106781186547,0.01876875));
#3031=CARTESIAN_POINT('',(-0.00353553390593274,-0.00353553390593274,0.0188625));
#3032=CARTESIAN_POINT('',(-0.00207106781186548,-0.00499999999999999,0.01895625));
#3033=CARTESIAN_POINT('',(-6.12323399573676E-19,-0.005,0.01905));
#3034=CARTESIAN_POINT('',(0.,0.005,0.0183));
#3035=CARTESIAN_POINT('',(-6.12323399573676E-19,-0.005,0.01755));
#3036=CARTESIAN_POINT('',(0.00207106781186548,-0.00499999999999999,0.01764375));
#3037=CARTESIAN_POINT('',(0.00353553390593274,-0.00353553390593274,0.0177375));
#3038=CARTESIAN_POINT('',(0.00499999999999999,-0.00207106781186548,0.01783125));
#3039=CARTESIAN_POINT('',(0.005,1.74072214515904E-18,0.017925));
#3040=CARTESIAN_POINT('',(0.00499999999999999,0.00207106781186548,0.01801875));
#3041=CARTESIAN_POINT('',(0.00353553390593274,0.00353553390593274,0.0181125));
#3042=CARTESIAN_POINT('',(0.00207106781186548,0.00500000000000001,0.01820625));
#3043=CARTESIAN_POINT('',(0.,0.005,0.0183));
#3044=CARTESIAN_POINT('',(-6.12323399573676E-19,-0.005,0.01755));
#3045=CARTESIAN_POINT('',(0.,0.005,0.0168));
#3046=CARTESIAN_POINT('',(-0.00207106781186548,0.00500000000000001,0.01689375));
#3047=CARTESIAN_POINT('',(-0.00353553390593274,0.00353553390593274,0.0169875));
#3048=CARTESIAN_POINT('',(-0.00499999999999999,0.00207106781186548,0.01708125));
#3049=CARTESIAN_POINT('',(-0.005,2.9419475742727E-18,0.017175));
#3050=CARTESIAN_POINT('',(-0.00499999999999999,-0.00207106781186547,0.01726875));
#3051=CARTESIAN_POINT('',(-0.00353553390593274,-0.00353553390593274,0.0173625));
#3052=CARTESIAN_POINT('',(-0.00207106781186548,-0.00499999999999999,0.01745625));
#3053=CARTESIAN_POINT('',(-6.12323399573676E-19,-0.005,0.01755));
#3054=CARTESIAN_POINT('',(0.,0.005,0.0168));
#3055=CARTESIAN_POINT('',(-6.12323399573678E-19,-0.005,0.01605));
#3056=CARTESIAN_POINT('',(0.00207106781186542,-0.00500000000000005,0.01614375));
#3057=CARTESIAN_POINT('',(0.00353553390593274,-0.00353553390593274,0.0162375));
#3058=CARTESIAN_POINT('',(0.00499999999999999,-0.00207106781186548,0.01633125));
#3059=CARTESIAN_POINT('',(0.005,1.69387940509166E-18,0.016425));
#3060=CARTESIAN_POINT('',(0.00499999999999999,0.00207106781186548,0.01651875));
#3061=CARTESIAN_POINT('',(0.00353553390593274,0.00353553390593274,0.0166125));
#3062=CARTESIAN_POINT('',(0.00207106781186548,0.00500000000000001,0.01670625));
#3063=CARTESIAN_POINT('',(0.,0.005,0.0168));
#3064=CARTESIAN_POINT('',(-6.12323399573676E-19,-0.005,0.01605));
#3065=CARTESIAN_POINT('',(0.,0.005,0.0153));
#3066=CARTESIAN_POINT('',(-0.00207106781186548,0.00500000000000001,0.01539375));
#3067=CARTESIAN_POINT('',(-0.00353553390593274,0.00353553390593274,0.0154875));
#3068=CARTESIAN_POINT('',(-0.00499999999999999,0.00207106781186548,0.01558125));
#3069=CARTESIAN_POINT('',(-0.005,2.89510483420531E-18,0.015675));
#3070=CARTESIAN_POINT('',(-0.00499999999999999,-0.00207106781186547,0.01576875));
#3071=CARTESIAN_POINT('',(-0.00353553390593274,-0.00353553390593274,0.0158625));
#3072=CARTESIAN_POINT('',(-0.00207106781186553,-0.00499999999999995,0.01595625));
#3073=CARTESIAN_POINT('',(-6.12323399573675E-19,-0.005,0.01605));
#3074=CARTESIAN_POINT('',(0.,0.005,0.0153));
#3075=CARTESIAN_POINT('',(-6.12323399573676E-19,-0.005,0.01455));
#3076=CARTESIAN_POINT('',(0.00207106781186548,-0.00499999999999999,0.01464375));
#3077=CARTESIAN_POINT('',(0.00353553390593274,-0.00353553390593274,0.0147375));
#3078=CARTESIAN_POINT('',(0.00499999999999999,-0.00207106781186548,0.01483125));
#3079=CARTESIAN_POINT('',(0.005,1.64703666502427E-18,0.014925));
#3080=CARTESIAN_POINT('',(0.00499999999999999,0.00207106781186548,0.01501875));
#3081=CARTESIAN_POINT('',(0.00353553390593274,0.00353553390593274,0.0151125));
#3082=CARTESIAN_POINT('',(0.00207106781186548,0.00500000000000001,0.01520625));
#3083=CARTESIAN_POINT('',(0.,0.005,0.0153));
#3084=CARTESIAN_POINT('',(-6.12323399573676E-19,-0.005,0.01455));
#3085=CARTESIAN_POINT('',(0.,0.005,0.0138));
#3086=CARTESIAN_POINT('',(-0.00207106781186543,0.00500000000000005,0.01389375));
#3087=CARTESIAN_POINT('',(-0.00353553390593274,0.00353553390593274,0.0139875));
#3088=CARTESIAN_POINT('',(-0.00499999999999999,0.00207106781186548,0.01408125));
#3089=CARTESIAN_POINT('',(-0.005,2.84826209413793E-18,0.014175));
#3090=CARTESIAN_POINT('',(-0.00499999999999999,-0.00207106781186547,0.01426875));
#3091=CARTESIAN_POINT('',(-0.00353553390593274,-0.00353553390593274,0.0143625));
#3092=CARTESIAN_POINT('',(-0.00207106781186548,-0.00499999999999999,0.01445625));
#3093=CARTESIAN_POINT('',(-6.12323399573676E-19,-0.005,0.01455));
#3094=CARTESIAN_POINT('',(0.,0.005,0.0138));
#3095=CARTESIAN_POINT('',(-6.12323399573676E-19,-0.005,0.01305));
#3096=CARTESIAN_POINT('',(0.00207106781186548,-0.00499999999999999,0.01314375));
#3097=CARTESIAN_POINT('',(0.00353553390593274,-0.00353553390593274,0.0132375));
#3098=CARTESIAN_POINT('',(0.00499999999999999,-0.00207106781186548,0.01333125));
#3099=CARTESIAN_POINT('',(0.005,1.60019392495689E-18,0.013425));
#3100=CARTESIAN_POINT('',(0.00499999999999999,0.00207106781186548,0.01351875));
#3101=CARTESIAN_POINT('',(0.00353553390593274,0.00353553390593274,0.0136125));
#3102=CARTESIAN_POINT('',(0.00207106781186553,0.00499999999999995,0.01370625));
#3103=CARTESIAN_POINT('',(0.,0.005,0.0138));
#3104=CARTESIAN_POINT('',(-6.12323399573676E-19,-0.005,0.01305));
#3105=CARTESIAN_POINT('',(0.,0.005,0.0123));
#3106=CARTESIAN_POINT('',(-0.00207106781186543,0.00500000000000005,0.01239375));
#3107=CARTESIAN_POINT('',(-0.00353553390593274,0.00353553390593274,0.0124875));
#3108=CARTESIAN_POINT('',(-0.00499999999999999,0.00207106781186548,0.01258125));
#3109=CARTESIAN_POINT('',(-0.005,2.80141935407054E-18,0.012675));
#3110=CARTESIAN_POINT('',(-0.00499999999999999,-0.00207106781186547,0.01276875));
#3111=CARTESIAN_POINT('',(-0.00353553390593274,-0.00353553390593274,0.0128625));
#3112=CARTESIAN_POINT('',(-0.00207106781186548,-0.00499999999999999,0.01295625));
#3113=CARTESIAN_POINT('',(-6.12323399573676E-19,-0.005,0.01305));
#3114=CARTESIAN_POINT('',(0.,0.005,0.0123));
#3115=CARTESIAN_POINT('',(-6.12323399573676E-19,-0.005,0.01155));
#3116=CARTESIAN_POINT('',(0.00207106781186548,-0.00499999999999999,0.01164375));
#3117=CARTESIAN_POINT('',(0.00353553390593274,-0.00353553390593274,0.0117375));
#3118=CARTESIAN_POINT('',(0.00499999999999999,-0.00207106781186548,0.01183125));
#3119=CARTESIAN_POINT('',(0.005,1.5533511848895E-18,0.011925));
#3120=CARTESIAN_POINT('',(0.00499999999999999,0.00207106781186548,0.01201875));
#3121=CARTESIAN_POINT('',(0.00353553390593274,0.00353553390593274,0.0121125));
#3122=CARTESIAN_POINT('',(0.00207106781186553,0.00499999999999995,0.01220625));
#3123=CARTESIAN_POINT('',(0.,0.005,0.0123));
#3124=CARTESIAN_POINT('',(-6.12323399573676E-19,-0.005,0.01155));
#3125=CARTESIAN_POINT('',(0.,0.005,0.0108));
#3126=CARTESIAN_POINT('',(-0.00207106781186548,0.00500000000000001,0.01089375));
#3127=CARTESIAN_POINT('',(-0.00353553390593274,0.00353553390593274,0.0109875));
#3128=CARTESIAN_POINT('',(-0.00499999999999999,0.00207106781186548,0.01108125));
#3129=CARTESIAN_POINT('',(-0.005,2.75457661400315E-18,0.011175));
#3130=CARTESIAN_POINT('',(-0.00499999999999999,-0.00207106781186547,0.01126875));
#3131=CARTESIAN_POINT('',(-0.00353553390593274,-0.00353553390593274,0.0113625));
#3132=CARTESIAN_POINT('',(-0.00207106781186548,-0.00499999999999999,0.01145625));
#3133=CARTESIAN_POINT('',(-6.12323399573676E-19,-0.005,0.01155));
#3134=CARTESIAN_POINT('',(0.,0.005,0.0108));
#3135=CARTESIAN_POINT('',(-6.12323399573676E-19,-0.005,0.01005));
#3136=CARTESIAN_POINT('',(0.00207106781186548,-0.00499999999999999,0.01014375));
#3137=CARTESIAN_POINT('',(0.00353553390593274,-0.00353553390593274,0.0102375));
#3138=CARTESIAN_POINT('',(0.00499999999999999,-0.00207106781186548,0.01033125));
#3139=CARTESIAN_POINT('',(0.005,1.50650844482211E-18,0.010425));
#3140=CARTESIAN_POINT('',(0.00499999999999999,0.00207106781186548,0.01051875));
#3141=CARTESIAN_POINT('',(0.00353553390593274,0.00353553390593274,0.0106125));
#3142=CARTESIAN_POINT('',(0.00207106781186548,0.00499999999999999,0.01070625));
#3143=CARTESIAN_POINT('',(0.,0.005,0.0108));
#3144=CARTESIAN_POINT('',(-6.12323399573676E-19,-0.005,0.01005));
#3145=CARTESIAN_POINT('',(0.,0.005,0.0093));
#3146=CARTESIAN_POINT('',(-0.00207106781186548,0.00500000000000001,0.00939375));
#3147=CARTESIAN_POINT('',(-0.00353553390593274,0.00353553390593274,0.0094875));
#3148=CARTESIAN_POINT('',(-0.00499999999999999,0.00207106781186548,0.00958125));
#3149=CARTESIAN_POINT('',(-0.005,2.70773387393577E-18,0.009675));
#3150=CARTESIAN_POINT('',(-0.00499999999999999,-0.00207106781186547,0.00976874999999999));
#3151=CARTESIAN_POINT('',(-0.00353553390593274,-0.00353553390593274,0.0098625));
#3152=CARTESIAN_POINT('',(-0.00207106781186548,-0.00499999999999999,0.00995625));
#3153=CARTESIAN_POINT('',(-6.12323399573676E-19,-0.005,0.01005));
#3154=CARTESIAN_POINT('',(0.,0.005,0.0093));
#3155=CARTESIAN_POINT('',(-6.12323399573678E-19,-0.005,0.00855));
#3156=CARTESIAN_POINT('',(0.00207106781186542,-0.00500000000000005,0.00864375));
#3157=CARTESIAN_POINT('',(0.00353553390593274,-0.00353553390593274,0.0087375));
#3158=CARTESIAN_POINT('',(0.00499999999999999,-0.00207106781186548,0.00883125));
#3159=CARTESIAN_POINT('',(0.005,1.45966570475472E-18,0.008925));
#3160=CARTESIAN_POINT('',(0.00499999999999999,0.00207106781186548,0.00901875));
#3161=CARTESIAN_POINT('',(0.00353553390593274,0.00353553390593274,0.0091125));
#3162=CARTESIAN_POINT('',(0.00207106781186548,0.00499999999999999,0.00920625));
#3163=CARTESIAN_POINT('',(0.,0.005,0.0093));
#3164=CARTESIAN_POINT('',(-6.12323399573676E-19,-0.005,0.00855));
#3165=CARTESIAN_POINT('',(0.,0.005,0.0078));
#3166=CARTESIAN_POINT('',(-0.00207106781186553,0.00499999999999995,0.00789375));
#3167=CARTESIAN_POINT('',(-0.00353553390593274,0.00353553390593274,0.0079875));
#3168=CARTESIAN_POINT('',(-0.00499999999999999,0.00207106781186548,0.00808125));
#3169=CARTESIAN_POINT('',(-0.005,2.66089113386838E-18,0.008175));
#3170=CARTESIAN_POINT('',(-0.00499999999999999,-0.00207106781186547,0.00826875));
#3171=CARTESIAN_POINT('',(-0.00353553390593274,-0.00353553390593274,0.0083625));
#3172=CARTESIAN_POINT('',(-0.00207106781186553,-0.00499999999999995,0.00845625));
#3173=CARTESIAN_POINT('',(-6.12323399573675E-19,-0.005,0.00855));
#3174=CARTESIAN_POINT('',(0.,0.005,0.0078));
#3175=CARTESIAN_POINT('',(-6.12323399573675E-19,-0.005,0.00705));
#3176=CARTESIAN_POINT('',(0.00207106781186553,-0.00499999999999995,0.00714375));
#3177=CARTESIAN_POINT('',(0.00353553390593274,-0.00353553390593274,0.0072375));
#3178=CARTESIAN_POINT('',(0.00499999999999999,-0.00207106781186548,0.00733125));
#3179=CARTESIAN_POINT('',(0.005,1.41282296468734E-18,0.007425));
#3180=CARTESIAN_POINT('',(0.00499999999999999,0.00207106781186548,0.00751875));
#3181=CARTESIAN_POINT('',(0.00353553390593274,0.00353553390593274,0.0076125));
#3182=CARTESIAN_POINT('',(0.00207106781186543,0.00500000000000005,0.00770625000000001));
#3183=CARTESIAN_POINT('',(0.,0.005,0.0078));
#3184=CARTESIAN_POINT('',(-6.12323399573676E-19,-0.005,0.00705));
#3185=CARTESIAN_POINT('',(0.,0.005,0.0063));
#3186=CARTESIAN_POINT('',(-0.00207106781186548,0.00500000000000001,0.00639375));
#3187=CARTESIAN_POINT('',(-0.00353553390593274,0.00353553390593274,0.0064875));
#3188=CARTESIAN_POINT('',(-0.00499999999999999,0.00207106781186548,0.00658124999999999));
#3189=CARTESIAN_POINT('',(-0.005,2.614048393801E-18,0.006675));
#3190=CARTESIAN_POINT('',(-0.00499999999999999,-0.00207106781186547,0.00676875));
#3191=CARTESIAN_POINT('',(-0.00353553390593274,-0.00353553390593274,0.0068625));
#3192=CARTESIAN_POINT('',(-0.00207106781186543,-0.00500000000000005,0.00695625));
#3193=CARTESIAN_POINT('',(-6.12323399573678E-19,-0.005,0.00705));
#3194=CARTESIAN_POINT('',(0.,0.005,0.0063));
#3195=CARTESIAN_POINT('',(-6.12323399573678E-19,-0.005,0.00555));
#3196=CARTESIAN_POINT('',(0.00207106781186542,-0.00500000000000005,0.00564375));
#3197=CARTESIAN_POINT('',(0.00353553390593274,-0.00353553390593274,0.0057375));
#3198=CARTESIAN_POINT('',(0.00499999999999999,-0.00207106781186548,0.00583125));
#3199=CARTESIAN_POINT('',(0.005,1.36598022461995E-18,0.005925));
#3200=CARTESIAN_POINT('',(0.00499999999999999,0.00207106781186548,0.00601875));
#3201=CARTESIAN_POINT('',(0.00353553390593274,0.00353553390593274,0.0061125));
#3202=CARTESIAN_POINT('',(0.00207106781186548,0.00499999999999999,0.00620624999999999));
#3203=CARTESIAN_POINT('',(0.,0.005,0.0063));
#3204=CARTESIAN_POINT('',(-6.12323399573676E-19,-0.005,0.00555));
#3205=CARTESIAN_POINT('',(0.,0.005,0.0048));
#3206=CARTESIAN_POINT('',(-0.00207106781186548,0.00500000000000001,0.00489375));
#3207=CARTESIAN_POINT('',(-0.00353553390593274,0.00353553390593274,0.0049875));
#3208=CARTESIAN_POINT('',(-0.00499999999999999,0.00207106781186548,0.00508124999999999));
#3209=CARTESIAN_POINT('',(-0.005,2.56720565373361E-18,0.005175));
#3210=CARTESIAN_POINT('',(-0.00499999999999999,-0.00207106781186547,0.00526875));
#3211=CARTESIAN_POINT('',(-0.00353553390593274,-0.00353553390593274,0.0053625));
#3212=CARTESIAN_POINT('',(-0.00207106781186553,-0.00499999999999995,0.00545625));
#3213=CARTESIAN_POINT('',(-6.12323399573675E-19,-0.005,0.00555));
#3214=CARTESIAN_POINT('',(0.,0.005,0.0048));
#3215=CARTESIAN_POINT('',(-6.12323399573678E-19,-0.005,0.00405));
#3216=CARTESIAN_POINT('',(0.00207106781186542,-0.00500000000000005,0.00414374999999999));
#3217=CARTESIAN_POINT('',(0.00353553390593274,-0.00353553390593274,0.0042375));
#3218=CARTESIAN_POINT('',(0.00499999999999999,-0.00207106781186548,0.00433124999999999));
#3219=CARTESIAN_POINT('',(0.005,1.31913748455257E-18,0.004425));
#3220=CARTESIAN_POINT('',(0.00499999999999999,0.00207106781186548,0.00451875));
#3221=CARTESIAN_POINT('',(0.00353553390593274,0.00353553390593274,0.0046125));
#3222=CARTESIAN_POINT('',(0.00207106781186548,0.00499999999999999,0.00470625));
#3223=CARTESIAN_POINT('',(0.,0.005,0.0048));
#3224=CARTESIAN_POINT('',(-6.12323399573676E-19,-0.005,0.00405));
#3225=CARTESIAN_POINT('',(0.,0.005,0.0033));
#3226=CARTESIAN_POINT('',(-0.00207106781186548,0.00500000000000001,0.00339375));
#3227=CARTESIAN_POINT('',(-0.00353553390593274,0.00353553390593274,0.0034875));
#3228=CARTESIAN_POINT('',(-0.00499999999999999,0.00207106781186548,0.00358125));
#3229=CARTESIAN_POINT('',(-0.005,2.52036291366622E-18,0.003675));
#3230=CARTESIAN_POINT('',(-0.00499999999999999,-0.00207106781186547,0.00376875));
#3231=CARTESIAN_POINT('',(-0.00353553390593274,-0.00353553390593274,0.0038625));
#3232=CARTESIAN_POINT('',(-0.00207106781186553,-0.00499999999999995,0.00395624999999999));
#3233=CARTESIAN_POINT('',(-6.12323399573675E-19,-0.005,0.00405));
#3234=CARTESIAN_POINT('',(0.,0.005,0.0033));
#3235=CARTESIAN_POINT('',(-6.12323399573676E-19,-0.005,0.00255));
#3236=CARTESIAN_POINT('',(0.00207106781186548,-0.00499999999999999,0.00264375));
#3237=CARTESIAN_POINT('',(0.00353553390593274,-0.00353553390593274,0.0027375));
#3238=CARTESIAN_POINT('',(0.00499999999999999,-0.00207106781186548,0.00283125));
#3239=CARTESIAN_POINT('',(0.005,1.27229474448518E-18,0.002925));
#3240=CARTESIAN_POINT('',(0.00499999999999999,0.00207106781186548,0.00301875));
#3241=CARTESIAN_POINT('',(0.00353553390593274,0.00353553390593274,0.0031125));
#3242=CARTESIAN_POINT('',(0.00207106781186548,0.00499999999999999,0.00320625));
#3243=CARTESIAN_POINT('',(0.,0.005,0.0033));
#3244=CARTESIAN_POINT('',(-6.12323399573676E-19,-0.005,0.00255));
#3245=CARTESIAN_POINT('',(0.,0.005,0.0018));
#3246=CARTESIAN_POINT('',(-0.00207106781186548,0.00500000000000001,0.00189374999999999));
#3247=CARTESIAN_POINT('',(-0.00353553390593274,0.00353553390593274,0.0019875));
#3248=CARTESIAN_POINT('',(-0.00499999999999999,0.00207106781186548,0.00208125));
#3249=CARTESIAN_POINT('',(-0.005,2.47352017359884E-18,0.002175));
#3250=CARTESIAN_POINT('',(-0.00499999999999999,-0.00207106781186547,0.00226875));
#3251=CARTESIAN_POINT('',(-0.00353553390593274,-0.00353553390593274,0.0023625));
#3252=CARTESIAN_POINT('',(-0.00207106781186548,-0.00499999999999999,0.00245625));
#3253=CARTESIAN_POINT('',(-6.12323399573676E-19,-0.005,0.00255));
#3254=CARTESIAN_POINT('',(0.,0.005,0.0018));
#3255=CARTESIAN_POINT('',(-6.12323399573676E-19,-0.005,0.00105));
#3256=CARTESIAN_POINT('',(0.00207106781186548,-0.00499999999999999,0.00114375));
#3257=CARTESIAN_POINT('',(0.00353553390593274,-0.00353553390593274,0.0012375));
#3258=CARTESIAN_POINT('',(0.00499999999999999,-0.00207106781186548,0.00133125));
#3259=CARTESIAN_POINT('',(0.005,1.22545200441779E-18,0.001425));
#3260=CARTESIAN_POINT('',(0.00499999999999999,0.00207106781186548,0.00151875));
#3261=CARTESIAN_POINT('',(0.00353553390593274,0.00353553390593274,0.0016125));
#3262=CARTESIAN_POINT('',(0.00207106781186548,0.00499999999999999,0.00170625));
#3263=CARTESIAN_POINT('',(0.,0.005,0.0018));
#3264=CARTESIAN_POINT('',(-6.12323399573676E-19,-0.005,0.00105));
#3265=CARTESIAN_POINT('',(0.,0.005,0.0003));
#3266=CARTESIAN_POINT('',(-0.00207106781186548,0.00500000000000001,0.000393749999999999));
#3267=CARTESIAN_POINT('',(-0.00353553390593274,0.00353553390593274,0.0004875));
#3268=CARTESIAN_POINT('',(-0.00499999999999999,0.00207106781186548,0.000581249999999999));
#3269=CARTESIAN_POINT('',(-0.005,2.42667743353145E-18,0.000675));
#3270=CARTESIAN_POINT('',(-0.00499999999999999,-0.00207106781186547,0.000768749999999999));
#3271=CARTESIAN_POINT('',(-0.00353553390593274,-0.00353553390593274,0.0008625));
#3272=CARTESIAN_POINT('',(-0.00207106781186548,-0.00499999999999999,0.00095625));
#3273=CARTESIAN_POINT('',(-6.12323399573676E-19,-0.005,0.00105));
#3274=CARTESIAN_POINT('',(0.,0.005,0.0003));
#3275=CARTESIAN_POINT('',(-6.12323399573676E-19,-0.005,-0.00045));
#3276=CARTESIAN_POINT('',(0.00207106781186548,-0.00499999999999999,-0.000356250000000002));
#3277=CARTESIAN_POINT('',(0.00353553390593274,-0.00353553390593274,-0.0002625));
#3278=CARTESIAN_POINT('',(0.00499999999999999,-0.00207106781186548,-0.000168750000000001));
#3279=CARTESIAN_POINT('',(0.005,1.17860926435041E-18,-7.50000000000013E-5));
#3280=CARTESIAN_POINT('',(0.00499999999999999,0.00207106781186548,1.87499999999988E-5));
#3281=CARTESIAN_POINT('',(0.00353553390593274,0.00353553390593274,0.0001125));
#3282=CARTESIAN_POINT('',(0.00207106781186548,0.00499999999999999,0.000206249999999999));
#3283=CARTESIAN_POINT('',(0.,0.005,0.0003));
#3284=CARTESIAN_POINT('',(-6.12323399573676E-19,-0.005,-0.00045));
#3285=CARTESIAN_POINT('',(0.,0.005,-0.0012));
#3286=CARTESIAN_POINT('',(-0.00207106781186548,0.00500000000000001,-0.00110625));
#3287=CARTESIAN_POINT('',(-0.00353553390593274,0.00353553390593274,-0.0010125));
#3288=CARTESIAN_POINT('',(-0.00499999999999999,0.00207106781186548,-0.000918750000000002));
#3289=CARTESIAN_POINT('',(-0.005,2.37983469346406E-18,-0.000825));
#3290=CARTESIAN_POINT('',(-0.00499999999999999,-0.00207106781186547,-0.000731250000000002));
#3291=CARTESIAN_POINT('',(-0.00353553390593274,-0.00353553390593274,-0.0006375));
#3292=CARTESIAN_POINT('',(-0.00207106781186548,-0.00499999999999999,-0.000543750000000002));
#3293=CARTESIAN_POINT('',(-6.12323399573676E-19,-0.005,-0.00045));
#3294=CARTESIAN_POINT('',(0.,0.005,-0.0012));
#3295=CARTESIAN_POINT('',(-6.12323399573676E-19,-0.005,-0.00195));
#3296=CARTESIAN_POINT('',(0.00207106781186548,-0.00499999999999999,-0.00185625));
#3297=CARTESIAN_POINT('',(0.00353553390593274,-0.00353553390593274,-0.0017625));
#3298=CARTESIAN_POINT('',(0.00499999999999999,-0.00207106781186548,-0.00166875));
#3299=CARTESIAN_POINT('',(0.005,1.13176652428302E-18,-0.001575));
#3300=CARTESIAN_POINT('',(0.00499999999999999,0.00207106781186548,-0.00148125));
#3301=CARTESIAN_POINT('',(0.00353553390593274,0.00353553390593274,-0.0013875));
#3302=CARTESIAN_POINT('',(0.00207106781186548,0.00499999999999999,-0.00129375));
#3303=CARTESIAN_POINT('',(0.,0.005,-0.0012));
#3304=CARTESIAN_POINT('',(-6.12323399573676E-19,-0.005,-0.00195));
#3305=CARTESIAN_POINT('',(0.,0.005,-0.0027));
#3306=CARTESIAN_POINT('',(-0.00207106781186548,0.00500000000000001,-0.00260625));
#3307=CARTESIAN_POINT('',(-0.00353553390593274,0.00353553390593274,-0.0025125));
#3308=CARTESIAN_POINT('',(-0.00499999999999999,0.00207106781186548,-0.00241875));
#3309=CARTESIAN_POINT('',(-0.005,2.33299195339668E-18,-0.002325));
#3310=CARTESIAN_POINT('',(-0.00499999999999999,-0.00207106781186547,-0.00223125));
#3311=CARTESIAN_POINT('',(-0.00353553390593274,-0.00353553390593274,-0.0021375));
#3312=CARTESIAN_POINT('',(-0.00207106781186548,-0.00499999999999999,-0.00204375));
#3313=CARTESIAN_POINT('',(-6.12323399573676E-19,-0.005,-0.00195));
#3314=CARTESIAN_POINT('',(0.,0.005,-0.0027));
#3315=CARTESIAN_POINT('',(-6.12323399573676E-19,-0.005,-0.00345));
#3316=CARTESIAN_POINT('',(0.00207106781186548,-0.00499999999999999,-0.00335625));
#3317=CARTESIAN_POINT('',(0.00353553390593274,-0.00353553390593274,-0.0032625));
#3318=CARTESIAN_POINT('',(0.00499999999999999,-0.00207106781186548,-0.00316875));
#3319=CARTESIAN_POINT('',(0.005,1.08492378421563E-18,-0.003075));
#3320=CARTESIAN_POINT('',(0.00499999999999999,0.00207106781186548,-0.00298125));
#3321=CARTESIAN_POINT('',(0.00353553390593274,0.00353553390593274,-0.0028875));
#3322=CARTESIAN_POINT('',(0.00207106781186548,0.00499999999999999,-0.00279375));
#3323=CARTESIAN_POINT('',(0.,0.005,-0.0027));
#3324=CARTESIAN_POINT('',(-6.12323399573676E-19,-0.005,-0.00345));
#3325=CARTESIAN_POINT('',(0.,0.005,-0.0042));
#3326=CARTESIAN_POINT('',(-0.00207106781186548,0.00500000000000001,-0.00410625));
#3327=CARTESIAN_POINT('',(-0.00353553390593274,0.00353553390593274,-0.0040125));
#3328=CARTESIAN_POINT('',(-0.00499999999999999,0.00207106781186548,-0.00391875));
#3329=CARTESIAN_POINT('',(-0.005,2.2861492133293E-18,-0.003825));
#3330=CARTESIAN_POINT('',(-0.00499999999999999,-0.00207106781186547,-0.00373125));
#3331=CARTESIAN_POINT('',(-0.00353553390593274,-0.00353553390593274,-0.0036375));
#3332=CARTESIAN_POINT('',(-0.00207106781186548,-0.00499999999999999,-0.00354375));
#3333=CARTESIAN_POINT('',(-6.12323399573676E-19,-0.005,-0.00345));
#3334=CARTESIAN_POINT('',(0.,0.005,-0.0042));
#3335=CARTESIAN_POINT('',(-6.12323399573676E-19,-0.005,-0.00495));
#3336=CARTESIAN_POINT('',(0.00207106781186548,-0.00499999999999999,-0.00485625));
#3337=CARTESIAN_POINT('',(0.00353553390593274,-0.00353553390593274,-0.0047625));
#3338=CARTESIAN_POINT('',(0.00499999999999999,-0.00207106781186548,-0.00466875));
#3339=CARTESIAN_POINT('',(0.005,1.03808104414825E-18,-0.004575));
#3340=CARTESIAN_POINT('',(0.00499999999999999,0.00207106781186548,-0.00448125));
#3341=CARTESIAN_POINT('',(0.00353553390593274,0.00353553390593274,-0.0043875));
#3342=CARTESIAN_POINT('',(0.00207106781186548,0.00499999999999999,-0.00429375));
#3343=CARTESIAN_POINT('',(0.,0.005,-0.0042));
#3344=CARTESIAN_POINT('',(-6.12323399573676E-19,-0.005,-0.00495));
#3345=CARTESIAN_POINT('',(0.,0.005,-0.0057));
#3346=CARTESIAN_POINT('',(-0.00207106781186548,0.00500000000000001,-0.00560625000000001));
#3347=CARTESIAN_POINT('',(-0.00353553390593274,0.00353553390593274,-0.0055125));
#3348=CARTESIAN_POINT('',(-0.00499999999999999,0.00207106781186548,-0.00541875));
#3349=CARTESIAN_POINT('',(-0.005,2.23930647326191E-18,-0.005325));
#3350=CARTESIAN_POINT('',(-0.00499999999999999,-0.00207106781186547,-0.00523125));
#3351=CARTESIAN_POINT('',(-0.00353553390593274,-0.00353553390593274,-0.0051375));
#3352=CARTESIAN_POINT('',(-0.00207106781186548,-0.00499999999999999,-0.00504375));
#3353=CARTESIAN_POINT('',(-6.12323399573676E-19,-0.005,-0.00495));
#3354=CARTESIAN_POINT('',(0.,0.005,-0.0057));
#3355=CARTESIAN_POINT('',(-6.12323399573676E-19,-0.005,-0.00645));
#3356=CARTESIAN_POINT('',(0.00207106781186548,-0.00499999999999999,-0.00635625));
#3357=CARTESIAN_POINT('',(0.00353553390593274,-0.00353553390593274,-0.0062625));
#3358=CARTESIAN_POINT('',(0.00499999999999999,-0.00207106781186548,-0.00616875));
#3359=CARTESIAN_POINT('',(0.005,9.91238304080861E-19,-0.006075));
#3360=CARTESIAN_POINT('',(0.00499999999999999,0.00207106781186548,-0.00598125000000001));
#3361=CARTESIAN_POINT('',(0.00353553390593274,0.00353553390593274,-0.0058875));
#3362=CARTESIAN_POINT('',(0.00207106781186548,0.00499999999999999,-0.00579375));
#3363=CARTESIAN_POINT('',(0.,0.005,-0.0057));
#3364=CARTESIAN_POINT('',(-6.12323399573676E-19,-0.005,-0.00645));
#3365=CARTESIAN_POINT('',(0.,0.005,-0.0072));
#3366=CARTESIAN_POINT('',(-0.00207106781186545,0.00500000000000002,-0.00710625));
#3367=CARTESIAN_POINT('',(-0.00353553390593274,0.00353553390593274,-0.0070125));
#3368=CARTESIAN_POINT('',(-0.00499999999999999,0.00207106781186548,-0.00691875));
#3369=CARTESIAN_POINT('',(-0.005,2.19246373319452E-18,-0.006825));
#3370=CARTESIAN_POINT('',(-0.00499999999999999,-0.00207106781186547,-0.00673125));
#3371=CARTESIAN_POINT('',(-0.00353553390593274,-0.00353553390593274,-0.0066375));
#3372=CARTESIAN_POINT('',(-0.00207106781186548,-0.00499999999999999,-0.00654374999999999));
#3373=CARTESIAN_POINT('',(-6.12323399573676E-19,-0.005,-0.00645));
#3374=CARTESIAN_POINT('',(0.,0.005,-0.0072));
#3375=CARTESIAN_POINT('',(-6.12323399573676E-19,-0.005,-0.00795));
#3376=CARTESIAN_POINT('',(0.00207106781186548,-0.00499999999999999,-0.00785625));
#3377=CARTESIAN_POINT('',(0.00353553390593274,-0.00353553390593274,-0.0077625));
#3378=CARTESIAN_POINT('',(0.00499999999999999,-0.00207106781186548,-0.00766875));
#3379=CARTESIAN_POINT('',(0.005,9.44395564013475E-19,-0.007575));
#3380=CARTESIAN_POINT('',(0.00499999999999999,0.00207106781186548,-0.00748125000000001));
#3381=CARTESIAN_POINT('',(0.00353553390593274,0.00353553390593274,-0.0073875));
#3382=CARTESIAN_POINT('',(0.0020710678118655,0.00499999999999998,-0.00729375));
#3383=CARTESIAN_POINT('',(0.,0.005,-0.0072));
#3384=CARTESIAN_POINT('',(-6.12323399573676E-19,-0.005,-0.00795));
#3385=CARTESIAN_POINT('',(0.,0.005,-0.0087));
#3386=CARTESIAN_POINT('',(-0.00207106781186548,0.00500000000000001,-0.00860625));
#3387=CARTESIAN_POINT('',(-0.00353553390593274,0.00353553390593274,-0.0085125));
#3388=CARTESIAN_POINT('',(-0.00499999999999999,0.00207106781186548,-0.00841875));
#3389=CARTESIAN_POINT('',(-0.005,2.14562099312713E-18,-0.008325));
#3390=CARTESIAN_POINT('',(-0.00499999999999999,-0.00207106781186547,-0.00823125));
#3391=CARTESIAN_POINT('',(-0.00353553390593274,-0.00353553390593274,-0.0081375));
#3392=CARTESIAN_POINT('',(-0.00207106781186548,-0.00499999999999999,-0.00804375000000001));
#3393=CARTESIAN_POINT('',(-6.12323399573676E-19,-0.005,-0.00795));
#3394=CARTESIAN_POINT('',(0.,0.005,-0.0087));
#3395=CARTESIAN_POINT('',(-6.12323399573676E-19,-0.005,-0.00945));
#3396=CARTESIAN_POINT('',(0.00207106781186548,-0.00499999999999999,-0.00935625));
#3397=CARTESIAN_POINT('',(0.00353553390593274,-0.00353553390593274,-0.0092625));
#3398=CARTESIAN_POINT('',(0.00499999999999999,-0.00207106781186548,-0.00916875));
#3399=CARTESIAN_POINT('',(0.005,8.97552823946089E-19,-0.009075));
#3400=CARTESIAN_POINT('',(0.00499999999999999,0.00207106781186548,-0.00898125));
#3401=CARTESIAN_POINT('',(0.00353553390593274,0.00353553390593274,-0.0088875));
#3402=CARTESIAN_POINT('',(0.00207106781186548,0.00499999999999999,-0.00879375));
#3403=CARTESIAN_POINT('',(0.,0.005,-0.0087));
#3404=CARTESIAN_POINT('',(-6.12323399573676E-19,-0.005,-0.00945));
#3405=CARTESIAN_POINT('',(0.,0.005,-0.0102));
#3406=CARTESIAN_POINT('',(-0.0020710678118655,0.00499999999999998,-0.01010625));
#3407=CARTESIAN_POINT('',(-0.00353553390593274,0.00353553390593274,-0.0100125));
#3408=CARTESIAN_POINT('',(-0.00499999999999999,0.00207106781186548,-0.00991875));
#3409=CARTESIAN_POINT('',(-0.005,2.09877825305975E-18,-0.009825));
#3410=CARTESIAN_POINT('',(-0.00499999999999999,-0.00207106781186547,-0.00973125));
#3411=CARTESIAN_POINT('',(-0.00353553390593274,-0.00353553390593274,-0.0096375));
#3412=CARTESIAN_POINT('',(-0.00207106781186548,-0.00499999999999999,-0.00954375000000001));
#3413=CARTESIAN_POINT('',(-6.12323399573676E-19,-0.005,-0.00945));
#3414=CARTESIAN_POINT('',(0.,0.005,-0.0102));
#3415=CARTESIAN_POINT('',(-6.12323399573676E-19,-0.005,-0.01095));
#3416=CARTESIAN_POINT('',(0.00207106781186548,-0.00499999999999999,-0.01085625));
#3417=CARTESIAN_POINT('',(0.00353553390593274,-0.00353553390593274,-0.0107625));
#3418=CARTESIAN_POINT('',(0.00499999999999999,-0.00207106781186548,-0.01066875));
#3419=CARTESIAN_POINT('',(0.005,8.50710083878703E-19,-0.010575));
#3420=CARTESIAN_POINT('',(0.00499999999999999,0.00207106781186548,-0.01048125));
#3421=CARTESIAN_POINT('',(0.00353553390593274,0.00353553390593274,-0.0103875));
#3422=CARTESIAN_POINT('',(0.00207106781186545,0.00500000000000002,-0.01029375));
#3423=CARTESIAN_POINT('',(0.,0.005,-0.0102));
#3424=CARTESIAN_POINT('',(-6.12323399573676E-19,-0.005,-0.01095));
#3425=CARTESIAN_POINT('',(0.,0.005,-0.0117));
#3426=CARTESIAN_POINT('',(-0.00207106781186548,0.00500000000000001,-0.01160625));
#3427=CARTESIAN_POINT('',(-0.00353553390593274,0.00353553390593274,-0.0115125));
#3428=CARTESIAN_POINT('',(-0.00499999999999999,0.00207106781186548,-0.01141875));
#3429=CARTESIAN_POINT('',(-0.005,2.05193551299236E-18,-0.011325));
#3430=CARTESIAN_POINT('',(-0.00499999999999999,-0.00207106781186547,-0.01123125));
#3431=CARTESIAN_POINT('',(-0.00353553390593274,-0.00353553390593274,-0.0111375));
#3432=CARTESIAN_POINT('',(-0.00207106781186548,-0.00499999999999999,-0.01104375));
#3433=CARTESIAN_POINT('',(-6.12323399573676E-19,-0.005,-0.01095));
#3434=CARTESIAN_POINT('',(0.,0.005,-0.0117));
#3435=CARTESIAN_POINT('',(-6.12323399573676E-19,-0.005,-0.01245));
#3436=CARTESIAN_POINT('',(0.00207106781186548,-0.00499999999999999,-0.01235625));
#3437=CARTESIAN_POINT('',(0.00353553390593274,-0.00353553390593274,-0.0122625));
#3438=CARTESIAN_POINT('',(0.00499999999999999,-0.00207106781186548,-0.01216875));
#3439=CARTESIAN_POINT('',(0.005,8.03867343811316E-19,-0.012075));
#3440=CARTESIAN_POINT('',(0.00499999999999999,0.00207106781186548,-0.01198125));
#3441=CARTESIAN_POINT('',(0.00353553390593274,0.00353553390593274,-0.0118875));
#3442=CARTESIAN_POINT('',(0.00207106781186548,0.00499999999999999,-0.01179375));
#3443=CARTESIAN_POINT('',(0.,0.005,-0.0117));
#3444=CARTESIAN_POINT('',(-6.12323399573676E-19,-0.005,-0.01245));
#3445=CARTESIAN_POINT('',(0.,0.005,-0.0132));
#3446=CARTESIAN_POINT('',(-0.00207106781186548,0.00500000000000001,-0.01310625));
#3447=CARTESIAN_POINT('',(-0.00353553390593274,0.00353553390593274,-0.0130125));
#3448=CARTESIAN_POINT('',(-0.00499999999999999,0.00207106781186548,-0.01291875));
#3449=CARTESIAN_POINT('',(-0.005,2.00509277292497E-18,-0.012825));
#3450=CARTESIAN_POINT('',(-0.00499999999999999,-0.00207106781186547,-0.01273125));
#3451=CARTESIAN_POINT('',(-0.00353553390593274,-0.00353553390593274,-0.0126375));
#3452=CARTESIAN_POINT('',(-0.00207106781186548,-0.00499999999999999,-0.01254375));
#3453=CARTESIAN_POINT('',(-6.12323399573676E-19,-0.005,-0.01245));
#3454=CARTESIAN_POINT('',(0.,0.005,-0.0132));
#3455=CARTESIAN_POINT('',(-6.12323399573676E-19,-0.005,-0.01395));
#3456=CARTESIAN_POINT('',(0.0020710678118655,-0.00499999999999997,-0.01385625));
#3457=CARTESIAN_POINT('',(0.00353553390593274,-0.00353553390593274,-0.0137625));
#3458=CARTESIAN_POINT('',(0.00499999999999999,-0.00207106781186548,-0.01366875));
#3459=CARTESIAN_POINT('',(0.005,7.5702460374393E-19,-0.013575));
#3460=CARTESIAN_POINT('',(0.00499999999999999,0.00207106781186548,-0.01348125));
#3461=CARTESIAN_POINT('',(0.00353553390593274,0.00353553390593274,-0.0133875));
#3462=CARTESIAN_POINT('',(0.00207106781186548,0.00499999999999999,-0.01329375));
#3463=CARTESIAN_POINT('',(0.,0.005,-0.0132));
#3464=CARTESIAN_POINT('',(-6.12323399573676E-19,-0.005,-0.01395));
#3465=CARTESIAN_POINT('',(0.,0.005,-0.0147));
#3466=CARTESIAN_POINT('',(-0.00207106781186548,0.00499999999999999,-0.01460625));
#3467=CARTESIAN_POINT('',(-0.00353553390593274,0.00353553390593274,-0.0145125));
#3468=CARTESIAN_POINT('',(-0.00499999999999999,0.00207106781186548,-0.01441875));
#3469=CARTESIAN_POINT('',(-0.005,1.95825003285759E-18,-0.014325));
#3470=CARTESIAN_POINT('',(-0.00499999999999999,-0.00207106781186547,-0.01423125));
#3471=CARTESIAN_POINT('',(-0.00353553390593274,-0.00353553390593274,-0.0141375));
#3472=CARTESIAN_POINT('',(-0.00207106781186545,-0.00500000000000002,-0.01404375));
#3473=CARTESIAN_POINT('',(-6.12323399573677E-19,-0.005,-0.01395));
#3474=CARTESIAN_POINT('',(0.,0.005,-0.0147));
#3475=CARTESIAN_POINT('',(-6.12323399573676E-19,-0.005,-0.01545));
#3476=CARTESIAN_POINT('',(0.00207106781186548,-0.00499999999999999,-0.01535625));
#3477=CARTESIAN_POINT('',(0.00353553390593274,-0.00353553390593274,-0.0152625));
#3478=CARTESIAN_POINT('',(0.00499999999999999,-0.00207106781186548,-0.01516875));
#3479=CARTESIAN_POINT('',(0.005,7.10181863676544E-19,-0.015075));
#3480=CARTESIAN_POINT('',(0.00499999999999999,0.00207106781186548,-0.01498125));
#3481=CARTESIAN_POINT('',(0.00353553390593274,0.00353553390593274,-0.0148875));
#3482=CARTESIAN_POINT('',(0.00207106781186548,0.00499999999999999,-0.01479375));
#3483=CARTESIAN_POINT('',(0.,0.005,-0.0147));
#3484=CARTESIAN_POINT('',(-6.12323399573676E-19,-0.005,-0.01545));
#3485=CARTESIAN_POINT('',(0.,0.005,-0.0162));
#3486=CARTESIAN_POINT('',(-0.00207106781186548,0.00499999999999999,-0.01610625));
#3487=CARTESIAN_POINT('',(-0.00353553390593274,0.00353553390593274,-0.0160125));
#3488=CARTESIAN_POINT('',(-0.00499999999999999,0.00207106781186548,-0.01591875));
#3489=CARTESIAN_POINT('',(-0.005,1.9114072927902E-18,-0.015825));
#3490=CARTESIAN_POINT('',(-0.00499999999999999,-0.00207106781186547,-0.01573125));
#3491=CARTESIAN_POINT('',(-0.00353553390593274,-0.00353553390593274,-0.0156375));
#3492=CARTESIAN_POINT('',(-0.00207106781186548,-0.00499999999999999,-0.01554375));
#3493=CARTESIAN_POINT('',(-6.12323399573676E-19,-0.005,-0.01545));
#3494=CARTESIAN_POINT('',(0.,0.005,-0.0162));
#3495=CARTESIAN_POINT('',(-6.12323399573676E-19,-0.005,-0.01695));
#3496=CARTESIAN_POINT('',(0.00207106781186548,-0.00499999999999999,-0.01685625));
#3497=CARTESIAN_POINT('',(0.00353553390593274,-0.00353553390593274,-0.0167625));
#3498=CARTESIAN_POINT('',(0.00499999999999999,-0.00207106781186548,-0.01666875));
#3499=CARTESIAN_POINT('',(0.005,6.63339123609157E-19,-0.016575));
#3500=CARTESIAN_POINT('',(0.00499999999999999,0.00207106781186548,-0.01648125));
#3501=CARTESIAN_POINT('',(0.00353553390593274,0.00353553390593274,-0.0163875));
#3502=CARTESIAN_POINT('',(0.00207106781186548,0.00499999999999999,-0.01629375));
#3503=CARTESIAN_POINT('',(0.,0.005,-0.0162));
#3504=CARTESIAN_POINT('',(-6.12323399573676E-19,-0.005,-0.01695));
#3505=CARTESIAN_POINT('',(0.,0.005,-0.0177));
#3506=CARTESIAN_POINT('',(-0.00207106781186549,0.00499999999999999,-0.01760625));
#3507=CARTESIAN_POINT('',(-0.00353553390593274,0.00353553390593274,-0.0175125));
#3508=CARTESIAN_POINT('',(-0.00499999999999999,0.00207106781186548,-0.01741875));
#3509=CARTESIAN_POINT('',(-0.005,1.86456455272281E-18,-0.017325));
#3510=CARTESIAN_POINT('',(-0.00499999999999999,-0.00207106781186547,-0.01723125));
#3511=CARTESIAN_POINT('',(-0.00353553390593274,-0.00353553390593274,-0.0171375));
#3512=CARTESIAN_POINT('',(-0.00207106781186548,-0.00499999999999999,-0.01704375));
#3513=CARTESIAN_POINT('',(-6.12323399573676E-19,-0.005,-0.01695));
#3514=CARTESIAN_POINT('',(0.,0.005,-0.0177));
#3515=CARTESIAN_POINT('',(-6.12323399573676E-19,-0.005,-0.01845));
#3516=CARTESIAN_POINT('',(0.00207106781186548,-0.00499999999999999,-0.01835625));
#3517=CARTESIAN_POINT('',(0.00353553390593274,-0.00353553390593274,-0.0182625));
#3518=CARTESIAN_POINT('',(0.00499999999999999,-0.00207106781186548,-0.01816875));
#3519=CARTESIAN_POINT('',(0.005,6.16496383541771E-19,-0.018075));
#3520=CARTESIAN_POINT('',(0.00499999999999999,0.00207106781186548,-0.01798125));
#3521=CARTESIAN_POINT('',(0.00353553390593274,0.00353553390593274,-0.0178875));
#3522=CARTESIAN_POINT('',(0.00207106781186547,0.00500000000000001,-0.01779375));
#3523=CARTESIAN_POINT('',(0.,0.005,-0.0177));
#3524=CARTESIAN_POINT('',(-6.12323399573676E-19,-0.005,-0.01845));
#3525=CARTESIAN_POINT('',(0.,0.005,-0.0192));
#3526=CARTESIAN_POINT('',(-0.0020710678118655,0.00499999999999998,-0.01910625));
#3527=CARTESIAN_POINT('',(-0.00353553390593274,0.00353553390593274,-0.0190125));
#3528=CARTESIAN_POINT('',(-0.00499999999999999,0.00207106781186548,-0.01891875));
#3529=CARTESIAN_POINT('',(-0.005,1.81772181265543E-18,-0.018825));
#3530=CARTESIAN_POINT('',(-0.00499999999999999,-0.00207106781186547,-0.01873125));
#3531=CARTESIAN_POINT('',(-0.00353553390593274,-0.00353553390593274,-0.0186375));
#3532=CARTESIAN_POINT('',(-0.00207106781186548,-0.00499999999999999,-0.01854375));
#3533=CARTESIAN_POINT('',(-6.12323399573676E-19,-0.005,-0.01845));
#3534=CARTESIAN_POINT('',(0.,0.005,-0.0192));
#3535=CARTESIAN_POINT('',(-6.12323399573676E-19,-0.005,-0.01995));
#3536=CARTESIAN_POINT('',(0.00207106781186548,-0.00499999999999999,-0.01985625));
#3537=CARTESIAN_POINT('',(0.00353553390593274,-0.00353553390593274,-0.0197625));
#3538=CARTESIAN_POINT('',(0.00499999999999999,-0.00207106781186548,-0.01966875));
#3539=CARTESIAN_POINT('',(0.005,5.69653643474385E-19,-0.019575));
#3540=CARTESIAN_POINT('',(0.00499999999999999,0.00207106781186548,-0.01948125));
#3541=CARTESIAN_POINT('',(0.00353553390593274,0.00353553390593274,-0.0193875));
#3542=CARTESIAN_POINT('',(0.00207106781186545,0.00500000000000002,-0.01929375));
#3543=CARTESIAN_POINT('',(0.,0.005,-0.0192));
#3544=CARTESIAN_POINT('',(-6.12323399573676E-19,-0.005,-0.01995));
#3545=CARTESIAN_POINT('',(0.,0.005,-0.0207));
#3546=CARTESIAN_POINT('',(-0.00207106781186548,0.00499999999999999,-0.02060625));
#3547=CARTESIAN_POINT('',(-0.00353553390593274,0.00353553390593274,-0.0205125));
#3548=CARTESIAN_POINT('',(-0.00499999999999999,0.00207106781186548,-0.02041875));
#3549=CARTESIAN_POINT('',(-0.005,1.77087907258804E-18,-0.020325));
#3550=CARTESIAN_POINT('',(-0.00499999999999999,-0.00207106781186547,-0.02023125));
#3551=CARTESIAN_POINT('',(-0.00353553390593274,-0.00353553390593274,-0.0201375));
#3552=CARTESIAN_POINT('',(-0.00207106781186548,-0.00499999999999999,-0.02004375));
#3553=CARTESIAN_POINT('',(-6.12323399573676E-19,-0.005,-0.01995));
#3554=CARTESIAN_POINT('',(0.,0.005,-0.0207));
#3555=CARTESIAN_POINT('',(-6.12323399573677E-19,-0.005,-0.02145));
#3556=CARTESIAN_POINT('',(0.00207106781186546,-0.00500000000000001,-0.02135625));
#3557=CARTESIAN_POINT('',(0.00353553390593274,-0.00353553390593274,-0.0212625));
#3558=CARTESIAN_POINT('',(0.00499999999999999,-0.00207106781186548,-0.02116875));
#3559=CARTESIAN_POINT('',(0.005,5.22810903406998E-19,-0.021075));
#3560=CARTESIAN_POINT('',(0.00499999999999999,0.00207106781186548,-0.02098125));
#3561=CARTESIAN_POINT('',(0.00353553390593274,0.00353553390593274,-0.0208875));
#3562=CARTESIAN_POINT('',(0.00207106781186548,0.00499999999999999,-0.02079375));
#3563=CARTESIAN_POINT('',(0.,0.005,-0.0207));
#3564=CARTESIAN_POINT('',(-6.12323399573676E-19,-0.005,-0.02145));
#3565=CARTESIAN_POINT('',(0.,0.005,-0.0222));
#3566=CARTESIAN_POINT('',(-0.00207106781186546,0.00500000000000002,-0.02210625));
#3567=CARTESIAN_POINT('',(-0.00353553390593274,0.00353553390593274,-0.0220125));
#3568=CARTESIAN_POINT('',(-0.00499999999999999,0.00207106781186548,-0.02191875));
#3569=CARTESIAN_POINT('',(-0.005,1.72403633252066E-18,-0.021825));
#3570=CARTESIAN_POINT('',(-0.00499999999999999,-0.00207106781186548,-0.02173125));
#3571=CARTESIAN_POINT('',(-0.00353553390593274,-0.00353553390593274,-0.0216375));
#3572=CARTESIAN_POINT('',(-0.00207106781186549,-0.00499999999999998,-0.02154375));
#3573=CARTESIAN_POINT('',(-6.12323399573676E-19,-0.005,-0.02145));
#3574=CARTESIAN_POINT('',(0.,0.005,-0.0222));
#3575=CARTESIAN_POINT('',(-6.12323399573676E-19,-0.005,-0.02295));
#3576=CARTESIAN_POINT('',(0.00207106781186548,-0.00499999999999999,-0.02285625));
#3577=CARTESIAN_POINT('',(0.00353553390593274,-0.00353553390593274,-0.0227625));
#3578=CARTESIAN_POINT('',(0.00499999999999999,-0.00207106781186548,-0.02266875));
#3579=CARTESIAN_POINT('',(0.005,4.75968163339612E-19,-0.022575));
#3580=CARTESIAN_POINT('',(0.00499999999999999,0.00207106781186548,-0.02248125));
#3581=CARTESIAN_POINT('',(0.00353553390593274,0.00353553390593274,-0.0223875));
#3582=CARTESIAN_POINT('',(0.0020710678118655,0.00499999999999998,-0.02229375));
#3583=CARTESIAN_POINT('',(0.,0.005,-0.0222));
#3584=CARTESIAN_POINT('',(-6.12323399573676E-19,-0.005,-0.02295));
#3585=CARTESIAN_POINT('',(0.,0.005,-0.0237));
#3586=CARTESIAN_POINT('',(-0.00207106781186548,0.00499999999999999,-0.02360625));
#3587=CARTESIAN_POINT('',(-0.00353553390593274,0.00353553390593274,-0.0235125));
#3588=CARTESIAN_POINT('',(-0.00499999999999999,0.00207106781186548,-0.02341875));
#3589=CARTESIAN_POINT('',(-0.005,1.67719359245327E-18,-0.023325));
#3590=CARTESIAN_POINT('',(-0.00499999999999999,-0.00207106781186548,-0.02323125));
#3591=CARTESIAN_POINT('',(-0.00353553390593274,-0.00353553390593274,-0.0231375));
#3592=CARTESIAN_POINT('',(-0.00207106781186547,-0.00500000000000001,-0.02304375));
#3593=CARTESIAN_POINT('',(-6.12323399573677E-19,-0.005,-0.02295));
#3594=CARTESIAN_POINT('',(0.,0.005,-0.0237));
#3595=CARTESIAN_POINT('',(-6.12323399573677E-19,-0.005,-0.02445));
#3596=CARTESIAN_POINT('',(0.00207106781186547,-0.00500000000000001,-0.02435625));
#3597=CARTESIAN_POINT('',(0.00353553390593274,-0.00353553390593274,-0.0242625));
#3598=CARTESIAN_POINT('',(0.00499999999999999,-0.00207106781186548,-0.02416875));
#3599=CARTESIAN_POINT('',(0.005,4.29125423272225E-19,-0.024075));
#3600=CARTESIAN_POINT('',(0.00499999999999999,0.00207106781186548,-0.02398125));
#3601=CARTESIAN_POINT('',(0.00353553390593274,0.00353553390593274,-0.0238875));
#3602=CARTESIAN_POINT('',(0.00207106781186547,0.00500000000000001,-0.02379375));
#3603=CARTESIAN_POINT('',(0.,0.005,-0.0237));
#3604=CARTESIAN_POINT('',(-6.12323399573676E-19,-0.005,-0.02445));
#3605=CARTESIAN_POINT('',(0.,0.005,-0.0252));
#3606=CARTESIAN_POINT('',(-0.00207106781186547,0.00500000000000001,-0.02510625));
#3607=CARTESIAN_POINT('',(-0.00353553390593274,0.00353553390593274,-0.0250125));
#3608=CARTESIAN_POINT('',(-0.00499999999999999,0.00207106781186548,-0.02491875));
#3609=CARTESIAN_POINT('',(-0.005,1.63035085238588E-18,-0.024825));
#3610=CARTESIAN_POINT('',(-0.00499999999999999,-0.00207106781186548,-0.02473125));
#3611=CARTESIAN_POINT('',(-0.00353553390593274,-0.00353553390593274,-0.0246375));
#3612=CARTESIAN_POINT('',(-0.00207106781186548,-0.00499999999999999,-0.02454375));
#3613=CARTESIAN_POINT('',(-6.12323399573676E-19,-0.005,-0.02445));
#3614=CARTESIAN_POINT('',(0.,0.005,-0.0252));
#3615=CARTESIAN_POINT('',(-6.12323399573676E-19,-0.005,-0.02595));
#3616=CARTESIAN_POINT('',(0.00207106781186549,-0.00499999999999999,-0.02585625));
#3617=CARTESIAN_POINT('',(0.00353553390593274,-0.00353553390593274,-0.0257625));
#3618=CARTESIAN_POINT('',(0.00499999999999999,-0.00207106781186548,-0.02566875));
#3619=CARTESIAN_POINT('',(0.005,3.82282683204839E-19,-0.025575));
#3620=CARTESIAN_POINT('',(0.00499999999999999,0.00207106781186548,-0.02548125));
#3621=CARTESIAN_POINT('',(0.00353553390593274,0.00353553390593274,-0.0253875));
#3622=CARTESIAN_POINT('',(0.00207106781186549,0.00499999999999999,-0.02529375));
#3623=CARTESIAN_POINT('',(0.,0.005,-0.0252));
#3624=CARTESIAN_POINT('',(-6.12323399573676E-19,-0.005,-0.02595));
#3625=CARTESIAN_POINT('',(0.,0.005,-0.0267));
#3626=CARTESIAN_POINT('',(-0.00207106781186549,0.00499999999999999,-0.02660625));
#3627=CARTESIAN_POINT('',(-0.00353553390593274,0.00353553390593274,-0.0265125));
#3628=CARTESIAN_POINT('',(-0.00499999999999999,0.00207106781186548,-0.02641875));
#3629=CARTESIAN_POINT('',(-0.005,1.5835081123185E-18,-0.026325));
#3630=CARTESIAN_POINT('',(-0.00499999999999999,-0.00207106781186548,-0.02623125));
#3631=CARTESIAN_POINT('',(-0.00353553390593274,-0.00353553390593274,-0.0261375));
#3632=CARTESIAN_POINT('',(-0.00207106781186546,-0.00500000000000001,-0.02604375));
#3633=CARTESIAN_POINT('',(-6.12323399573677E-19,-0.005,-0.02595));
#3634=CARTESIAN_POINT('',(0.,0.005,-0.0267));
#3635=CARTESIAN_POINT('',(0.005,-1.05053220882622E-18,-0.027075));
#3636=CARTESIAN_POINT('',(0.00499999999999999,0.00207106781186548,-0.02698125));
#3637=CARTESIAN_POINT('',(0.00353553390593274,0.00353553390593274,-0.0268875));
#3638=CARTESIAN_POINT('',(0.00207106781186547,0.00500000000000001,-0.02679375));
#3639=CARTESIAN_POINT('',(0.,0.005,-0.0267));
#3640=CARTESIAN_POINT('',(0.005,-4.95420696513639E-19,-0.027075));
#3641=CARTESIAN_POINT('',(0.005,3.3543994313745E-19,-0.027075));
#3642=CARTESIAN_POINT('',(0.00485907746787365,-0.00131578241343363,-0.0272159225321263));
#3643=CARTESIAN_POINT('',(0.00346341218793411,-0.00378487238115721,-0.0275311669954906));
#3644=CARTESIAN_POINT('',(0.00062880343520384,-0.00436205293120835,-0.0278662130287532));
#3645=CARTESIAN_POINT('',(-0.000633402276090979,-0.00397557977105643,-0.0280492785790134));
#3646=CARTESIAN_POINT('',(-0.000633402276045373,-0.00397557977094011,-0.0280492785790823));
#3647=CARTESIAN_POINT('',(-0.00063340227599977,-0.00397557977082379,-0.0280492785791512));
#3648=CARTESIAN_POINT('',(-0.000318685804894713,-0.00402572142074251,-0.0280304170275935));
#3649=CARTESIAN_POINT('',(-4.93008685217125E-19,-0.00402572142074251,-0.0280125));
#3650=CARTESIAN_POINT('',(0.00166750841080743,-0.00402572142074251,-0.02791875));
#3651=CARTESIAN_POINT('',(0.00284661491577497,-0.00284661491577497,-0.027825));
#3652=CARTESIAN_POINT('',(0.00402572142074251,-0.00166750841080743,-0.02773125));
#3653=CARTESIAN_POINT('',(0.00402572142074251,4.96845987147011E-19,-0.0276375));
#3654=CARTESIAN_POINT('',(0.00402572142074251,0.00166750841080743,-0.02754375));
#3655=CARTESIAN_POINT('',(0.00284661491577497,0.00284661491577497,-0.02745));
#3656=CARTESIAN_POINT('',(0.00166750841080743,0.00402572142074251,-0.02735625));
#3657=CARTESIAN_POINT('',(0.,0.00402572142074251,-0.0272625));
#3658=CARTESIAN_POINT('',(-0.00166750841080743,0.00402572142074251,-0.02716875));
#3659=CARTESIAN_POINT('',(-0.00284661491577497,0.00284661491577497,-0.027075));
#3660=CARTESIAN_POINT('',(-0.00402572142074251,0.00166750841080743,-0.02698125));
#3661=CARTESIAN_POINT('',(-0.00402572142074251,1.50628472761495E-18,-0.0268875));
#3662=CARTESIAN_POINT('',(-0.00402572142074251,-0.00166750841080743,-0.02679375));
#3663=CARTESIAN_POINT('',(-0.00284661491577497,-0.00284661491577497,-0.0267));
#3664=CARTESIAN_POINT('',(-0.00166750841080743,-0.00402572142074251,-0.02660625));
#3665=CARTESIAN_POINT('',(-4.93008685217125E-19,-0.00402572142074251,-0.0265125));
#3666=CARTESIAN_POINT('',(0.00166750841080743,-0.00402572142074251,-0.02641875));
#3667=CARTESIAN_POINT('',(0.00284661491577497,-0.00284661491577497,-0.026325));
#3668=CARTESIAN_POINT('',(0.00402572142074251,-0.00166750841080743,-0.02623125));
#3669=CARTESIAN_POINT('',(0.00402572142074251,5.43688727214397E-19,-0.0261375));
#3670=CARTESIAN_POINT('',(0.00402572142074251,0.00166750841080743,-0.02604375));
#3671=CARTESIAN_POINT('',(0.00284661491577497,0.00284661491577497,-0.02595));
#3672=CARTESIAN_POINT('',(0.00166750841080743,0.00402572142074251,-0.02585625));
#3673=CARTESIAN_POINT('',(0.,0.00402572142074251,-0.0257625));
#3674=CARTESIAN_POINT('',(-0.00166750841080743,0.00402572142074251,-0.02566875));
#3675=CARTESIAN_POINT('',(-0.00284661491577497,0.00284661491577497,-0.025575));
#3676=CARTESIAN_POINT('',(-0.00402572142074251,0.00166750841080743,-0.02548125));
#3677=CARTESIAN_POINT('',(-0.00402572142074251,1.55312746768234E-18,-0.0253875));
#3678=CARTESIAN_POINT('',(-0.00402572142074251,-0.00166750841080743,-0.02529375));
#3679=CARTESIAN_POINT('',(-0.00284661491577497,-0.00284661491577497,-0.0252));
#3680=CARTESIAN_POINT('',(-0.00166750841080743,-0.00402572142074251,-0.02510625));
#3681=CARTESIAN_POINT('',(-4.93008685217125E-19,-0.00402572142074251,-0.0250125));
#3682=CARTESIAN_POINT('',(0.00166750841080743,-0.00402572142074251,-0.02491875));
#3683=CARTESIAN_POINT('',(0.00284661491577497,-0.00284661491577497,-0.024825));
#3684=CARTESIAN_POINT('',(0.00402572142074251,-0.00166750841080743,-0.02473125));
#3685=CARTESIAN_POINT('',(0.00402572142074251,5.90531467281783E-19,-0.0246375));
#3686=CARTESIAN_POINT('',(0.00402572142074251,0.00166750841080743,-0.02454375));
#3687=CARTESIAN_POINT('',(0.00284661491577497,0.00284661491577497,-0.02445));
#3688=CARTESIAN_POINT('',(0.00166750841080743,0.00402572142074251,-0.02435625));
#3689=CARTESIAN_POINT('',(0.,0.00402572142074251,-0.0242625));
#3690=CARTESIAN_POINT('',(-0.00166750841080743,0.00402572142074251,-0.02416875));
#3691=CARTESIAN_POINT('',(-0.00284661491577497,0.00284661491577497,-0.024075));
#3692=CARTESIAN_POINT('',(-0.00402572142074251,0.00166750841080743,-0.02398125));
#3693=CARTESIAN_POINT('',(-0.00402572142074251,1.59997020774973E-18,-0.0238875));
#3694=CARTESIAN_POINT('',(-0.00402572142074251,-0.00166750841080743,-0.02379375));
#3695=CARTESIAN_POINT('',(-0.00284661491577497,-0.00284661491577497,-0.0237));
#3696=CARTESIAN_POINT('',(-0.00166750841080743,-0.00402572142074251,-0.02360625));
#3697=CARTESIAN_POINT('',(-4.93008685217125E-19,-0.00402572142074251,-0.0235125));
#3698=CARTESIAN_POINT('',(0.00166750841080743,-0.00402572142074251,-0.02341875));
#3699=CARTESIAN_POINT('',(0.00284661491577497,-0.00284661491577497,-0.023325));
#3700=CARTESIAN_POINT('',(0.00402572142074251,-0.00166750841080743,-0.02323125));
#3701=CARTESIAN_POINT('',(0.00402572142074251,6.3737420734917E-19,-0.0231375));
#3702=CARTESIAN_POINT('',(0.00402572142074251,0.00166750841080743,-0.02304375));
#3703=CARTESIAN_POINT('',(0.00284661491577497,0.00284661491577497,-0.02295));
#3704=CARTESIAN_POINT('',(0.00166750841080743,0.00402572142074251,-0.02285625));
#3705=CARTESIAN_POINT('',(0.,0.00402572142074251,-0.0227625));
#3706=CARTESIAN_POINT('',(-0.00166750841080743,0.00402572142074251,-0.02266875));
#3707=CARTESIAN_POINT('',(-0.00284661491577497,0.00284661491577497,-0.022575));
#3708=CARTESIAN_POINT('',(-0.00402572142074251,0.00166750841080743,-0.02248125));
#3709=CARTESIAN_POINT('',(-0.00402572142074251,1.64681294781711E-18,-0.0223875));
#3710=CARTESIAN_POINT('',(-0.00402572142074251,-0.00166750841080743,-0.02229375));
#3711=CARTESIAN_POINT('',(-0.00284661491577497,-0.00284661491577497,-0.0222));
#3712=CARTESIAN_POINT('',(-0.00166750841080743,-0.00402572142074251,-0.02210625));
#3713=CARTESIAN_POINT('',(-4.93008685217125E-19,-0.00402572142074251,-0.0220125));
#3714=CARTESIAN_POINT('',(0.00166750841080743,-0.00402572142074251,-0.02191875));
#3715=CARTESIAN_POINT('',(0.00284661491577497,-0.00284661491577497,-0.021825));
#3716=CARTESIAN_POINT('',(0.00402572142074251,-0.00166750841080743,-0.02173125));
#3717=CARTESIAN_POINT('',(0.00402572142074251,6.84216947416556E-19,-0.0216375));
#3718=CARTESIAN_POINT('',(0.00402572142074251,0.00166750841080743,-0.02154375));
#3719=CARTESIAN_POINT('',(0.00284661491577497,0.00284661491577497,-0.02145));
#3720=CARTESIAN_POINT('',(0.00166750841080743,0.00402572142074251,-0.02135625));
#3721=CARTESIAN_POINT('',(0.,0.00402572142074251,-0.0212625));
#3722=CARTESIAN_POINT('',(-0.00166750841080743,0.00402572142074251,-0.02116875));
#3723=CARTESIAN_POINT('',(-0.00284661491577497,0.00284661491577497,-0.021075));
#3724=CARTESIAN_POINT('',(-0.00402572142074251,0.00166750841080743,-0.02098125));
#3725=CARTESIAN_POINT('',(-0.00402572142074251,1.6936556878845E-18,-0.0208875));
#3726=CARTESIAN_POINT('',(-0.00402572142074251,-0.00166750841080743,-0.02079375));
#3727=CARTESIAN_POINT('',(-0.00284661491577497,-0.00284661491577497,-0.0207));
#3728=CARTESIAN_POINT('',(-0.00166750841080743,-0.00402572142074251,-0.02060625));
#3729=CARTESIAN_POINT('',(-4.93008685217125E-19,-0.00402572142074251,-0.0205125));
#3730=CARTESIAN_POINT('',(0.00166750841080743,-0.00402572142074251,-0.02041875));
#3731=CARTESIAN_POINT('',(0.00284661491577497,-0.00284661491577497,-0.020325));
#3732=CARTESIAN_POINT('',(0.00402572142074251,-0.00166750841080743,-0.02023125));
#3733=CARTESIAN_POINT('',(0.00402572142074251,7.31059687483942E-19,-0.0201375));
#3734=CARTESIAN_POINT('',(0.00402572142074251,0.00166750841080743,-0.02004375));
#3735=CARTESIAN_POINT('',(0.00284661491577497,0.00284661491577497,-0.01995));
#3736=CARTESIAN_POINT('',(0.00166750841080743,0.00402572142074251,-0.01985625));
#3737=CARTESIAN_POINT('',(0.,0.00402572142074251,-0.0197625));
#3738=CARTESIAN_POINT('',(-0.00166750841080743,0.00402572142074251,-0.01966875));
#3739=CARTESIAN_POINT('',(-0.00284661491577497,0.00284661491577497,-0.019575));
#3740=CARTESIAN_POINT('',(-0.00402572142074251,0.00166750841080743,-0.01948125));
#3741=CARTESIAN_POINT('',(-0.00402572142074251,1.74049842795188E-18,-0.0193875));
#3742=CARTESIAN_POINT('',(-0.00402572142074251,-0.00166750841080743,-0.01929375));
#3743=CARTESIAN_POINT('',(-0.00284661491577497,-0.00284661491577497,-0.0192));
#3744=CARTESIAN_POINT('',(-0.00166750841080743,-0.00402572142074251,-0.01910625));
#3745=CARTESIAN_POINT('',(-4.93008685217125E-19,-0.00402572142074251,-0.0190125));
#3746=CARTESIAN_POINT('',(0.00166750841080743,-0.00402572142074251,-0.01891875));
#3747=CARTESIAN_POINT('',(0.00284661491577497,-0.00284661491577497,-0.018825));
#3748=CARTESIAN_POINT('',(0.00402572142074251,-0.00166750841080743,-0.01873125));
#3749=CARTESIAN_POINT('',(0.00402572142074251,7.77902427551329E-19,-0.0186375));
#3750=CARTESIAN_POINT('',(0.00402572142074251,0.00166750841080743,-0.01854375));
#3751=CARTESIAN_POINT('',(0.00284661491577497,0.00284661491577497,-0.01845));
#3752=CARTESIAN_POINT('',(0.00166750841080743,0.00402572142074251,-0.01835625));
#3753=CARTESIAN_POINT('',(0.,0.00402572142074251,-0.0182625));
#3754=CARTESIAN_POINT('',(-0.00166750841080743,0.00402572142074251,-0.01816875));
#3755=CARTESIAN_POINT('',(-0.00284661491577497,0.00284661491577497,-0.018075));
#3756=CARTESIAN_POINT('',(-0.00402572142074251,0.00166750841080743,-0.01798125));
#3757=CARTESIAN_POINT('',(-0.00402572142074251,1.78734116801927E-18,-0.0178875));
#3758=CARTESIAN_POINT('',(-0.00402572142074251,-0.00166750841080743,-0.01779375));
#3759=CARTESIAN_POINT('',(-0.00284661491577497,-0.00284661491577497,-0.0177));
#3760=CARTESIAN_POINT('',(-0.00166750841080743,-0.00402572142074251,-0.01760625));
#3761=CARTESIAN_POINT('',(-4.93008685217125E-19,-0.00402572142074251,-0.0175125));
#3762=CARTESIAN_POINT('',(0.00166750841080743,-0.00402572142074251,-0.01741875));
#3763=CARTESIAN_POINT('',(0.00284661491577497,-0.00284661491577497,-0.017325));
#3764=CARTESIAN_POINT('',(0.00402572142074251,-0.00166750841080743,-0.01723125));
#3765=CARTESIAN_POINT('',(0.00402572142074251,8.24745167618715E-19,-0.0171375));
#3766=CARTESIAN_POINT('',(0.00402572142074251,0.00166750841080743,-0.01704375));
#3767=CARTESIAN_POINT('',(0.00284661491577497,0.00284661491577497,-0.01695));
#3768=CARTESIAN_POINT('',(0.00166750841080743,0.00402572142074251,-0.01685625));
#3769=CARTESIAN_POINT('',(0.,0.00402572142074251,-0.0167625));
#3770=CARTESIAN_POINT('',(-0.00166750841080743,0.00402572142074251,-0.01666875));
#3771=CARTESIAN_POINT('',(-0.00284661491577497,0.00284661491577497,-0.016575));
#3772=CARTESIAN_POINT('',(-0.00402572142074251,0.00166750841080743,-0.01648125));
#3773=CARTESIAN_POINT('',(-0.00402572142074251,1.83418390808666E-18,-0.0163875));
#3774=CARTESIAN_POINT('',(-0.00402572142074251,-0.00166750841080743,-0.01629375));
#3775=CARTESIAN_POINT('',(-0.00284661491577497,-0.00284661491577497,-0.0162));
#3776=CARTESIAN_POINT('',(-0.00166750841080743,-0.00402572142074251,-0.01610625));
#3777=CARTESIAN_POINT('',(-4.93008685217125E-19,-0.00402572142074251,-0.0160125));
#3778=CARTESIAN_POINT('',(0.00166750841080743,-0.00402572142074251,-0.01591875));
#3779=CARTESIAN_POINT('',(0.00284661491577497,-0.00284661491577497,-0.015825));
#3780=CARTESIAN_POINT('',(0.00402572142074251,-0.00166750841080743,-0.01573125));
#3781=CARTESIAN_POINT('',(0.00402572142074251,8.71587907686101E-19,-0.0156375));
#3782=CARTESIAN_POINT('',(0.00402572142074251,0.00166750841080743,-0.01554375));
#3783=CARTESIAN_POINT('',(0.00284661491577497,0.00284661491577497,-0.01545));
#3784=CARTESIAN_POINT('',(0.00166750841080743,0.00402572142074251,-0.01535625));
#3785=CARTESIAN_POINT('',(0.,0.00402572142074251,-0.0152625));
#3786=CARTESIAN_POINT('',(-0.00166750841080743,0.00402572142074251,-0.01516875));
#3787=CARTESIAN_POINT('',(-0.00284661491577497,0.00284661491577497,-0.015075));
#3788=CARTESIAN_POINT('',(-0.00402572142074251,0.00166750841080743,-0.01498125));
#3789=CARTESIAN_POINT('',(-0.00402572142074251,1.88102664815404E-18,-0.0148875));
#3790=CARTESIAN_POINT('',(-0.00402572142074251,-0.00166750841080743,-0.01479375));
#3791=CARTESIAN_POINT('',(-0.00284661491577497,-0.00284661491577497,-0.0147));
#3792=CARTESIAN_POINT('',(-0.00166750841080743,-0.00402572142074251,-0.01460625));
#3793=CARTESIAN_POINT('',(-4.93008685217125E-19,-0.00402572142074251,-0.0145125));
#3794=CARTESIAN_POINT('',(0.00166750841080743,-0.00402572142074251,-0.01441875));
#3795=CARTESIAN_POINT('',(0.00284661491577497,-0.00284661491577497,-0.014325));
#3796=CARTESIAN_POINT('',(0.00402572142074251,-0.00166750841080743,-0.01423125));
#3797=CARTESIAN_POINT('',(0.00402572142074251,9.18430647753487E-19,-0.0141375));
#3798=CARTESIAN_POINT('',(0.00402572142074251,0.00166750841080743,-0.01404375));
#3799=CARTESIAN_POINT('',(0.00284661491577497,0.00284661491577497,-0.01395));
#3800=CARTESIAN_POINT('',(0.00166750841080743,0.00402572142074251,-0.01385625));
#3801=CARTESIAN_POINT('',(0.,0.00402572142074251,-0.0137625));
#3802=CARTESIAN_POINT('',(-0.00166750841080743,0.00402572142074251,-0.01366875));
#3803=CARTESIAN_POINT('',(-0.00284661491577497,0.00284661491577497,-0.013575));
#3804=CARTESIAN_POINT('',(-0.00402572142074251,0.00166750841080743,-0.01348125));
#3805=CARTESIAN_POINT('',(-0.00402572142074251,1.92786938822143E-18,-0.0133875));
#3806=CARTESIAN_POINT('',(-0.00402572142074251,-0.00166750841080743,-0.01329375));
#3807=CARTESIAN_POINT('',(-0.00284661491577497,-0.00284661491577497,-0.0132));
#3808=CARTESIAN_POINT('',(-0.00166750841080743,-0.00402572142074251,-0.01310625));
#3809=CARTESIAN_POINT('',(-4.93008685217125E-19,-0.00402572142074251,-0.0130125));
#3810=CARTESIAN_POINT('',(0.00166750841080743,-0.00402572142074251,-0.01291875));
#3811=CARTESIAN_POINT('',(0.00284661491577497,-0.00284661491577497,-0.012825));
#3812=CARTESIAN_POINT('',(0.00402572142074251,-0.00166750841080743,-0.01273125));
#3813=CARTESIAN_POINT('',(0.00402572142074251,9.65273387820874E-19,-0.0126375));
#3814=CARTESIAN_POINT('',(0.00402572142074251,0.00166750841080743,-0.01254375));
#3815=CARTESIAN_POINT('',(0.00284661491577497,0.00284661491577497,-0.01245));
#3816=CARTESIAN_POINT('',(0.00166750841080743,0.00402572142074251,-0.01235625));
#3817=CARTESIAN_POINT('',(0.,0.00402572142074251,-0.0122625));
#3818=CARTESIAN_POINT('',(-0.00166750841080743,0.00402572142074251,-0.01216875));
#3819=CARTESIAN_POINT('',(-0.00284661491577497,0.00284661491577497,-0.012075));
#3820=CARTESIAN_POINT('',(-0.00402572142074251,0.00166750841080743,-0.01198125));
#3821=CARTESIAN_POINT('',(-0.00402572142074251,1.97471212828882E-18,-0.0118875));
#3822=CARTESIAN_POINT('',(-0.00402572142074251,-0.00166750841080743,-0.01179375));
#3823=CARTESIAN_POINT('',(-0.00284661491577497,-0.00284661491577497,-0.0117));
#3824=CARTESIAN_POINT('',(-0.00166750841080743,-0.00402572142074251,-0.01160625));
#3825=CARTESIAN_POINT('',(-4.93008685217125E-19,-0.00402572142074251,-0.0115125));
#3826=CARTESIAN_POINT('',(0.00166750841080743,-0.00402572142074251,-0.01141875));
#3827=CARTESIAN_POINT('',(0.00284661491577497,-0.00284661491577497,-0.011325));
#3828=CARTESIAN_POINT('',(0.00402572142074251,-0.00166750841080743,-0.01123125));
#3829=CARTESIAN_POINT('',(0.00402572142074251,1.01211612788826E-18,-0.0111375));
#3830=CARTESIAN_POINT('',(0.00402572142074251,0.00166750841080743,-0.01104375));
#3831=CARTESIAN_POINT('',(0.00284661491577497,0.00284661491577497,-0.01095));
#3832=CARTESIAN_POINT('',(0.00166750841080743,0.00402572142074251,-0.01085625));
#3833=CARTESIAN_POINT('',(0.,0.00402572142074251,-0.0107625));
#3834=CARTESIAN_POINT('',(-0.00166750841080743,0.00402572142074251,-0.01066875));
#3835=CARTESIAN_POINT('',(-0.00284661491577497,0.00284661491577497,-0.010575));
#3836=CARTESIAN_POINT('',(-0.00402572142074251,0.00166750841080743,-0.01048125));
#3837=CARTESIAN_POINT('',(-0.00402572142074251,2.0215548683562E-18,-0.0103875));
#3838=CARTESIAN_POINT('',(-0.00402572142074251,-0.00166750841080743,-0.01029375));
#3839=CARTESIAN_POINT('',(-0.00284661491577497,-0.00284661491577497,-0.0102));
#3840=CARTESIAN_POINT('',(-0.00166750841080743,-0.00402572142074251,-0.01010625));
#3841=CARTESIAN_POINT('',(-4.93008685217125E-19,-0.00402572142074251,-0.0100125));
#3842=CARTESIAN_POINT('',(0.00166750841080743,-0.00402572142074251,-0.00991875));
#3843=CARTESIAN_POINT('',(0.00284661491577497,-0.00284661491577497,-0.009825));
#3844=CARTESIAN_POINT('',(0.00402572142074251,-0.00166750841080743,-0.00973125));
#3845=CARTESIAN_POINT('',(0.00402572142074251,1.05895886795565E-18,-0.0096375));
#3846=CARTESIAN_POINT('',(0.00402572142074251,0.00166750841080743,-0.00954375000000001));
#3847=CARTESIAN_POINT('',(0.00284661491577497,0.00284661491577497,-0.00945));
#3848=CARTESIAN_POINT('',(0.00166750841080743,0.00402572142074251,-0.00935625));
#3849=CARTESIAN_POINT('',(0.,0.00402572142074251,-0.0092625));
#3850=CARTESIAN_POINT('',(-0.00166750841080743,0.00402572142074251,-0.00916875));
#3851=CARTESIAN_POINT('',(-0.00284661491577497,0.00284661491577497,-0.009075));
#3852=CARTESIAN_POINT('',(-0.00402572142074251,0.00166750841080743,-0.00898125));
#3853=CARTESIAN_POINT('',(-0.00402572142074251,2.06839760842359E-18,-0.0088875));
#3854=CARTESIAN_POINT('',(-0.00402572142074251,-0.00166750841080743,-0.00879375));
#3855=CARTESIAN_POINT('',(-0.00284661491577497,-0.00284661491577497,-0.0087));
#3856=CARTESIAN_POINT('',(-0.00166750841080743,-0.00402572142074251,-0.00860625));
#3857=CARTESIAN_POINT('',(-4.93008685217125E-19,-0.00402572142074251,-0.0085125));
#3858=CARTESIAN_POINT('',(0.00166750841080743,-0.00402572142074251,-0.00841875));
#3859=CARTESIAN_POINT('',(0.00284661491577497,-0.00284661491577497,-0.008325));
#3860=CARTESIAN_POINT('',(0.00402572142074251,-0.00166750841080743,-0.00823125));
#3861=CARTESIAN_POINT('',(0.00402572142074251,1.10580160802303E-18,-0.0081375));
#3862=CARTESIAN_POINT('',(0.00402572142074251,0.00166750841080743,-0.00804375000000001));
#3863=CARTESIAN_POINT('',(0.00284661491577497,0.00284661491577497,-0.00795));
#3864=CARTESIAN_POINT('',(0.00166750841080743,0.00402572142074251,-0.00785625));
#3865=CARTESIAN_POINT('',(0.,0.00402572142074251,-0.0077625));
#3866=CARTESIAN_POINT('',(-0.00166750841080743,0.00402572142074251,-0.00766875));
#3867=CARTESIAN_POINT('',(-0.00284661491577497,0.00284661491577497,-0.007575));
#3868=CARTESIAN_POINT('',(-0.00402572142074251,0.00166750841080743,-0.00748125000000001));
#3869=CARTESIAN_POINT('',(-0.00402572142074251,2.11524034849098E-18,-0.0073875));
#3870=CARTESIAN_POINT('',(-0.00402572142074251,-0.00166750841080743,-0.00729375));
#3871=CARTESIAN_POINT('',(-0.00284661491577497,-0.00284661491577497,-0.0072));
#3872=CARTESIAN_POINT('',(-0.00166750841080743,-0.00402572142074251,-0.00710625));
#3873=CARTESIAN_POINT('',(-4.93008685217125E-19,-0.00402572142074251,-0.0070125));
#3874=CARTESIAN_POINT('',(0.00166750841080743,-0.00402572142074251,-0.00691875));
#3875=CARTESIAN_POINT('',(0.00284661491577497,-0.00284661491577497,-0.006825));
#3876=CARTESIAN_POINT('',(0.00402572142074251,-0.00166750841080743,-0.00673125));
#3877=CARTESIAN_POINT('',(0.00402572142074251,1.15264434809042E-18,-0.0066375));
#3878=CARTESIAN_POINT('',(0.00402572142074251,0.00166750841080743,-0.00654375000000001));
#3879=CARTESIAN_POINT('',(0.00284661491577497,0.00284661491577497,-0.00645));
#3880=CARTESIAN_POINT('',(0.00166750841080743,0.00402572142074251,-0.00635625));
#3881=CARTESIAN_POINT('',(0.,0.00402572142074251,-0.0062625));
#3882=CARTESIAN_POINT('',(-0.00166750841080743,0.00402572142074251,-0.00616875));
#3883=CARTESIAN_POINT('',(-0.00284661491577497,0.00284661491577497,-0.006075));
#3884=CARTESIAN_POINT('',(-0.00402572142074251,0.00166750841080743,-0.00598125000000001));
#3885=CARTESIAN_POINT('',(-0.00402572142074251,2.16208308855836E-18,-0.0058875));
#3886=CARTESIAN_POINT('',(-0.00402572142074251,-0.00166750841080743,-0.00579375));
#3887=CARTESIAN_POINT('',(-0.00284661491577497,-0.00284661491577497,-0.0057));
#3888=CARTESIAN_POINT('',(-0.00166750841080743,-0.00402572142074251,-0.00560625000000001));
#3889=CARTESIAN_POINT('',(-4.93008685217125E-19,-0.00402572142074251,-0.0055125));
#3890=CARTESIAN_POINT('',(0.00166750841080743,-0.00402572142074251,-0.00541875));
#3891=CARTESIAN_POINT('',(0.00284661491577497,-0.00284661491577497,-0.005325));
#3892=CARTESIAN_POINT('',(0.00402572142074251,-0.00166750841080743,-0.00523125));
#3893=CARTESIAN_POINT('',(0.00402572142074251,1.19948708815781E-18,-0.0051375));
#3894=CARTESIAN_POINT('',(0.00402572142074251,0.00166750841080743,-0.00504375000000001));
#3895=CARTESIAN_POINT('',(0.00284661491577497,0.00284661491577497,-0.00495));
#3896=CARTESIAN_POINT('',(0.00166750841080743,0.00402572142074251,-0.00485625));
#3897=CARTESIAN_POINT('',(0.,0.00402572142074251,-0.0047625));
#3898=CARTESIAN_POINT('',(-0.00166750841080743,0.00402572142074251,-0.00466875));
#3899=CARTESIAN_POINT('',(-0.00284661491577497,0.00284661491577497,-0.004575));
#3900=CARTESIAN_POINT('',(-0.00402572142074251,0.00166750841080743,-0.00448125));
#3901=CARTESIAN_POINT('',(-0.00402572142074251,2.20892582862575E-18,-0.0043875));
#3902=CARTESIAN_POINT('',(-0.00402572142074251,-0.00166750841080743,-0.00429375));
#3903=CARTESIAN_POINT('',(-0.00284661491577497,-0.00284661491577497,-0.0042));
#3904=CARTESIAN_POINT('',(-0.00166750841080743,-0.00402572142074251,-0.00410625));
#3905=CARTESIAN_POINT('',(-4.93008685217125E-19,-0.00402572142074251,-0.0040125));
#3906=CARTESIAN_POINT('',(0.00166750841080743,-0.00402572142074251,-0.00391875));
#3907=CARTESIAN_POINT('',(0.00284661491577497,-0.00284661491577497,-0.003825));
#3908=CARTESIAN_POINT('',(0.00402572142074251,-0.00166750841080743,-0.00373125));
#3909=CARTESIAN_POINT('',(0.00402572142074251,1.24632982822519E-18,-0.0036375));
#3910=CARTESIAN_POINT('',(0.00402572142074251,0.00166750841080743,-0.00354375));
#3911=CARTESIAN_POINT('',(0.00284661491577497,0.00284661491577497,-0.00345));
#3912=CARTESIAN_POINT('',(0.00166750841080743,0.00402572142074251,-0.00335625));
#3913=CARTESIAN_POINT('',(0.,0.00402572142074251,-0.0032625));
#3914=CARTESIAN_POINT('',(-0.00166750841080743,0.00402572142074251,-0.00316875));
#3915=CARTESIAN_POINT('',(-0.00284661491577497,0.00284661491577497,-0.003075));
#3916=CARTESIAN_POINT('',(-0.00402572142074251,0.00166750841080743,-0.00298125));
#3917=CARTESIAN_POINT('',(-0.00402572142074251,2.25576856869314E-18,-0.0028875));
#3918=CARTESIAN_POINT('',(-0.00402572142074251,-0.00166750841080743,-0.00279375));
#3919=CARTESIAN_POINT('',(-0.00284661491577497,-0.00284661491577497,-0.0027));
#3920=CARTESIAN_POINT('',(-0.00166750841080743,-0.00402572142074251,-0.00260625));
#3921=CARTESIAN_POINT('',(-4.93008685217125E-19,-0.00402572142074251,-0.0025125));
#3922=CARTESIAN_POINT('',(0.00166750841080743,-0.00402572142074251,-0.00241875000000001));
#3923=CARTESIAN_POINT('',(0.00284661491577497,-0.00284661491577497,-0.002325));
#3924=CARTESIAN_POINT('',(0.00402572142074251,-0.00166750841080743,-0.00223125));
#3925=CARTESIAN_POINT('',(0.00402572142074251,1.29317256829258E-18,-0.0021375));
#3926=CARTESIAN_POINT('',(0.00402572142074251,0.00166750841080743,-0.00204375));
#3927=CARTESIAN_POINT('',(0.00284661491577497,0.00284661491577497,-0.00195));
#3928=CARTESIAN_POINT('',(0.00166750841080743,0.00402572142074251,-0.00185625));
#3929=CARTESIAN_POINT('',(0.,0.00402572142074251,-0.0017625));
#3930=CARTESIAN_POINT('',(-0.00166750841080743,0.00402572142074251,-0.00166875000000001));
#3931=CARTESIAN_POINT('',(-0.00284661491577497,0.00284661491577497,-0.001575));
#3932=CARTESIAN_POINT('',(-0.00402572142074251,0.00166750841080743,-0.00148125));
#3933=CARTESIAN_POINT('',(-0.00402572142074251,2.30261130876052E-18,-0.0013875));
#3934=CARTESIAN_POINT('',(-0.00402572142074251,-0.00166750841080743,-0.00129375));
#3935=CARTESIAN_POINT('',(-0.00284661491577497,-0.00284661491577497,-0.0012));
#3936=CARTESIAN_POINT('',(-0.00166750841080743,-0.00402572142074251,-0.00110625));
#3937=CARTESIAN_POINT('',(-4.93008685217125E-19,-0.00402572142074251,-0.0010125));
#3938=CARTESIAN_POINT('',(0.00166750841080743,-0.00402572142074251,-0.000918750000000002));
#3939=CARTESIAN_POINT('',(0.00284661491577497,-0.00284661491577497,-0.000825));
#3940=CARTESIAN_POINT('',(0.00402572142074251,-0.00166750841080743,-0.000731250000000003));
#3941=CARTESIAN_POINT('',(0.00402572142074251,1.34001530835996E-18,-0.0006375));
#3942=CARTESIAN_POINT('',(0.00402572142074251,0.00166750841080743,-0.000543750000000003));
#3943=CARTESIAN_POINT('',(0.00284661491577497,0.00284661491577497,-0.00045));
#3944=CARTESIAN_POINT('',(0.00166750841080743,0.00402572142074251,-0.000356250000000002));
#3945=CARTESIAN_POINT('',(0.,0.00402572142074251,-0.0002625));
#3946=CARTESIAN_POINT('',(-0.00166750841080743,0.00402572142074251,-0.000168750000000002));
#3947=CARTESIAN_POINT('',(-0.00284661491577497,0.00284661491577497,-7.50000000000022E-5));
#3948=CARTESIAN_POINT('',(-0.00402572142074251,0.00166750841080743,1.87499999999979E-5));
#3949=CARTESIAN_POINT('',(-0.00402572142074251,2.3494540488279E-18,0.000112499999999998));
#3950=CARTESIAN_POINT('',(-0.00402572142074251,-0.00166750841080743,0.000206249999999998));
#3951=CARTESIAN_POINT('',(-0.00284661491577497,-0.00284661491577497,0.0003));
#3952=CARTESIAN_POINT('',(-0.00166750841080743,-0.00402572142074251,0.000393749999999998));
#3953=CARTESIAN_POINT('',(-4.93008685217125E-19,-0.00402572142074251,0.0004875));
#3954=CARTESIAN_POINT('',(0.00166750841080743,-0.00402572142074251,0.000581249999999998));
#3955=CARTESIAN_POINT('',(0.00284661491577497,-0.00284661491577497,0.000675));
#3956=CARTESIAN_POINT('',(0.00402572142074251,-0.00166750841080743,0.000768749999999999));
#3957=CARTESIAN_POINT('',(0.00402572142074251,1.38685804842735E-18,0.0008625));
#3958=CARTESIAN_POINT('',(0.00402572142074251,0.00166750841080743,0.000956249999999999));
#3959=CARTESIAN_POINT('',(0.00284661491577497,0.00284661491577497,0.00105));
#3960=CARTESIAN_POINT('',(0.00166750841080743,0.00402572142074251,0.00114375));
#3961=CARTESIAN_POINT('',(0.,0.00402572142074251,0.0012375));
#3962=CARTESIAN_POINT('',(-0.00166750841080743,0.00402572142074251,0.00133124999999999));
#3963=CARTESIAN_POINT('',(-0.00284661491577497,0.00284661491577497,0.001425));
#3964=CARTESIAN_POINT('',(-0.00402572142074251,0.00166750841080743,0.00151874999999999));
#3965=CARTESIAN_POINT('',(-0.00402572142074251,2.39629678889529E-18,0.0016125));
#3966=CARTESIAN_POINT('',(-0.00402572142074251,-0.00166750841080743,0.00170625));
#3967=CARTESIAN_POINT('',(-0.00284661491577497,-0.00284661491577497,0.0018));
#3968=CARTESIAN_POINT('',(-0.00166750841080743,-0.00402572142074251,0.00189374999999999));
#3969=CARTESIAN_POINT('',(-4.93008685217125E-19,-0.00402572142074251,0.0019875));
#3970=CARTESIAN_POINT('',(0.00166750841080743,-0.00402572142074251,0.00208124999999999));
#3971=CARTESIAN_POINT('',(0.00284661491577497,-0.00284661491577497,0.002175));
#3972=CARTESIAN_POINT('',(0.00402572142074251,-0.00166750841080743,0.00226875));
#3973=CARTESIAN_POINT('',(0.00402572142074251,1.43370078849474E-18,0.0023625));
#3974=CARTESIAN_POINT('',(0.00402572142074251,0.00166750841080743,0.00245625));
#3975=CARTESIAN_POINT('',(0.00284661491577497,0.00284661491577497,0.00255));
#3976=CARTESIAN_POINT('',(0.00166750841080743,0.00402572142074251,0.00264375));
#3977=CARTESIAN_POINT('',(0.,0.00402572142074251,0.0027375));
#3978=CARTESIAN_POINT('',(-0.00166750841080743,0.00402572142074251,0.00283125));
#3979=CARTESIAN_POINT('',(-0.00284661491577497,0.00284661491577497,0.002925));
#3980=CARTESIAN_POINT('',(-0.00402572142074251,0.00166750841080743,0.00301875));
#3981=CARTESIAN_POINT('',(-0.00402572142074251,2.44313952896268E-18,0.0031125));
#3982=CARTESIAN_POINT('',(-0.00402572142074251,-0.00166750841080743,0.00320625));
#3983=CARTESIAN_POINT('',(-0.00284661491577497,-0.00284661491577497,0.0033));
#3984=CARTESIAN_POINT('',(-0.00166750841080743,-0.00402572142074251,0.00339374999999999));
#3985=CARTESIAN_POINT('',(-4.93008685217125E-19,-0.00402572142074251,0.0034875));
#3986=CARTESIAN_POINT('',(0.00166750841080743,-0.00402572142074251,0.00358124999999999));
#3987=CARTESIAN_POINT('',(0.00284661491577497,-0.00284661491577497,0.003675));
#3988=CARTESIAN_POINT('',(0.00402572142074251,-0.00166750841080743,0.00376874999999999));
#3989=CARTESIAN_POINT('',(0.00402572142074251,1.48054352856212E-18,0.0038625));
#3990=CARTESIAN_POINT('',(0.00402572142074251,0.00166750841080743,0.00395625));
#3991=CARTESIAN_POINT('',(0.00284661491577497,0.00284661491577497,0.00405));
#3992=CARTESIAN_POINT('',(0.00166750841080743,0.00402572142074251,0.00414374999999999));
#3993=CARTESIAN_POINT('',(0.,0.00402572142074251,0.0042375));
#3994=CARTESIAN_POINT('',(-0.00166750841080743,0.00402572142074251,0.00433124999999999));
#3995=CARTESIAN_POINT('',(-0.00284661491577497,0.00284661491577497,0.004425));
#3996=CARTESIAN_POINT('',(-0.00402572142074251,0.00166750841080743,0.00451875));
#3997=CARTESIAN_POINT('',(-0.00402572142074251,2.48998226903006E-18,0.0046125));
#3998=CARTESIAN_POINT('',(-0.00402572142074251,-0.00166750841080743,0.00470625));
#3999=CARTESIAN_POINT('',(-0.00284661491577497,-0.00284661491577497,0.0048));
#4000=CARTESIAN_POINT('',(-0.00166750841080743,-0.00402572142074251,0.00489375));
#4001=CARTESIAN_POINT('',(-4.93008685217125E-19,-0.00402572142074251,0.0049875));
#4002=CARTESIAN_POINT('',(0.00166750841080743,-0.00402572142074251,0.00508124999999999));
#4003=CARTESIAN_POINT('',(0.00284661491577497,-0.00284661491577497,0.005175));
#4004=CARTESIAN_POINT('',(0.00402572142074251,-0.00166750841080743,0.00526875));
#4005=CARTESIAN_POINT('',(0.00402572142074251,1.52738626862951E-18,0.0053625));
#4006=CARTESIAN_POINT('',(0.00402572142074251,0.00166750841080743,0.00545624999999999));
#4007=CARTESIAN_POINT('',(0.00284661491577497,0.00284661491577497,0.00555));
#4008=CARTESIAN_POINT('',(0.00166750841080743,0.00402572142074251,0.00564374999999999));
#4009=CARTESIAN_POINT('',(0.,0.00402572142074251,0.0057375));
#4010=CARTESIAN_POINT('',(-0.00166750841080743,0.00402572142074251,0.00583125));
#4011=CARTESIAN_POINT('',(-0.00284661491577497,0.00284661491577497,0.005925));
#4012=CARTESIAN_POINT('',(-0.00402572142074251,0.00166750841080743,0.00601874999999999));
#4013=CARTESIAN_POINT('',(-0.00402572142074251,2.53682500909746E-18,0.0061125));
#4014=CARTESIAN_POINT('',(-0.00402572142074251,-0.00166750841080743,0.00620624999999999));
#4015=CARTESIAN_POINT('',(-0.00284661491577497,-0.00284661491577497,0.0063));
#4016=CARTESIAN_POINT('',(-0.00166750841080743,-0.00402572142074251,0.00639375));
#4017=CARTESIAN_POINT('',(-4.93008685217125E-19,-0.00402572142074251,0.0064875));
#4018=CARTESIAN_POINT('',(0.00166750841080743,-0.00402572142074251,0.00658124999999999));
#4019=CARTESIAN_POINT('',(0.00284661491577497,-0.00284661491577497,0.006675));
#4020=CARTESIAN_POINT('',(0.00402572142074251,-0.00166750841080743,0.00676875));
#4021=CARTESIAN_POINT('',(0.00402572142074251,1.5742290086969E-18,0.0068625));
#4022=CARTESIAN_POINT('',(0.00402572142074251,0.00166750841080743,0.00695625));
#4023=CARTESIAN_POINT('',(0.00284661491577497,0.00284661491577497,0.00705));
#4024=CARTESIAN_POINT('',(0.00166750841080743,0.00402572142074251,0.00714374999999999));
#4025=CARTESIAN_POINT('',(0.,0.00402572142074251,0.0072375));
#4026=CARTESIAN_POINT('',(-0.00166750841080743,0.00402572142074251,0.00733125));
#4027=CARTESIAN_POINT('',(-0.00284661491577497,0.00284661491577497,0.007425));
#4028=CARTESIAN_POINT('',(-0.00402572142074251,0.00166750841080743,0.00751875));
#4029=CARTESIAN_POINT('',(-0.00402572142074251,2.58366774916484E-18,0.0076125));
#4030=CARTESIAN_POINT('',(-0.00402572142074251,-0.00166750841080743,0.00770624999999999));
#4031=CARTESIAN_POINT('',(-0.00284661491577497,-0.00284661491577497,0.0078));
#4032=CARTESIAN_POINT('',(-0.00166750841080743,-0.00402572142074251,0.00789375));
#4033=CARTESIAN_POINT('',(-4.93008685217125E-19,-0.00402572142074251,0.0079875));
#4034=CARTESIAN_POINT('',(0.00166750841080743,-0.00402572142074251,0.00808125));
#4035=CARTESIAN_POINT('',(0.00284661491577497,-0.00284661491577497,0.008175));
#4036=CARTESIAN_POINT('',(0.00402572142074251,-0.00166750841080743,0.00826875));
#4037=CARTESIAN_POINT('',(0.00402572142074251,1.62107174876428E-18,0.0083625));
#4038=CARTESIAN_POINT('',(0.00402572142074251,0.00166750841080743,0.00845625));
#4039=CARTESIAN_POINT('',(0.00284661491577497,0.00284661491577497,0.00855));
#4040=CARTESIAN_POINT('',(0.00166750841080743,0.00402572142074251,0.00864374999999999));
#4041=CARTESIAN_POINT('',(0.,0.00402572142074251,0.0087375));
#4042=CARTESIAN_POINT('',(-0.00166750841080743,0.00402572142074251,0.00883125));
#4043=CARTESIAN_POINT('',(-0.00284661491577497,0.00284661491577497,0.008925));
#4044=CARTESIAN_POINT('',(-0.00402572142074251,0.00166750841080743,0.00901875));
#4045=CARTESIAN_POINT('',(-0.00402572142074251,2.63051048923222E-18,0.0091125));
#4046=CARTESIAN_POINT('',(-0.00402572142074251,-0.00166750841080743,0.00920624999999999));
#4047=CARTESIAN_POINT('',(-0.00284661491577497,-0.00284661491577497,0.0093));
#4048=CARTESIAN_POINT('',(-0.00166750841080743,-0.00402572142074251,0.00939375));
#4049=CARTESIAN_POINT('',(-4.93008685217125E-19,-0.00402572142074251,0.0094875));
#4050=CARTESIAN_POINT('',(0.00166750841080743,-0.00402572142074251,0.00958125));
#4051=CARTESIAN_POINT('',(0.00284661491577497,-0.00284661491577497,0.009675));
#4052=CARTESIAN_POINT('',(0.00402572142074251,-0.00166750841080743,0.00976874999999999));
#4053=CARTESIAN_POINT('',(0.00402572142074251,1.66791448883167E-18,0.0098625));
#4054=CARTESIAN_POINT('',(0.00402572142074251,0.00166750841080743,0.00995625));
#4055=CARTESIAN_POINT('',(0.00284661491577497,0.00284661491577497,0.01005));
#4056=CARTESIAN_POINT('',(0.00166750841080743,0.00402572142074251,0.01014375));
#4057=CARTESIAN_POINT('',(0.,0.00402572142074251,0.0102375));
#4058=CARTESIAN_POINT('',(-0.00166750841080743,0.00402572142074251,0.01033125));
#4059=CARTESIAN_POINT('',(-0.00284661491577497,0.00284661491577497,0.010425));
#4060=CARTESIAN_POINT('',(-0.00402572142074251,0.00166750841080743,0.01051875));
#4061=CARTESIAN_POINT('',(-0.00402572142074251,2.67735322929961E-18,0.0106125));
#4062=CARTESIAN_POINT('',(-0.00402572142074251,-0.00166750841080743,0.01070625));
#4063=CARTESIAN_POINT('',(-0.00284661491577497,-0.00284661491577497,0.0108));
#4064=CARTESIAN_POINT('',(-0.00166750841080743,-0.00402572142074251,0.01089375));
#4065=CARTESIAN_POINT('',(-4.93008685217125E-19,-0.00402572142074251,0.0109875));
#4066=CARTESIAN_POINT('',(0.00166750841080743,-0.00402572142074251,0.01108125));
#4067=CARTESIAN_POINT('',(0.00284661491577497,-0.00284661491577497,0.011175));
#4068=CARTESIAN_POINT('',(0.00402572142074251,-0.00166750841080743,0.01126875));
#4069=CARTESIAN_POINT('',(0.00402572142074251,1.71475722889905E-18,0.0113625));
#4070=CARTESIAN_POINT('',(0.00402572142074251,0.00166750841080743,0.01145625));
#4071=CARTESIAN_POINT('',(0.00284661491577497,0.00284661491577497,0.01155));
#4072=CARTESIAN_POINT('',(0.00166750841080743,0.00402572142074251,0.01164375));
#4073=CARTESIAN_POINT('',(0.,0.00402572142074251,0.0117375));
#4074=CARTESIAN_POINT('',(-0.00166750841080743,0.00402572142074251,0.01183125));
#4075=CARTESIAN_POINT('',(-0.00284661491577497,0.00284661491577497,0.011925));
#4076=CARTESIAN_POINT('',(-0.00402572142074251,0.00166750841080743,0.01201875));
#4077=CARTESIAN_POINT('',(-0.00402572142074251,2.724195969367E-18,0.0121125));
#4078=CARTESIAN_POINT('',(-0.00402572142074251,-0.00166750841080743,0.01220625));
#4079=CARTESIAN_POINT('',(-0.00284661491577497,-0.00284661491577497,0.0123));
#4080=CARTESIAN_POINT('',(-0.00166750841080743,-0.00402572142074251,0.01239375));
#4081=CARTESIAN_POINT('',(-4.93008685217125E-19,-0.00402572142074251,0.0124875));
#4082=CARTESIAN_POINT('',(0.00166750841080743,-0.00402572142074251,0.01258125));
#4083=CARTESIAN_POINT('',(0.00284661491577497,-0.00284661491577497,0.012675));
#4084=CARTESIAN_POINT('',(0.00402572142074251,-0.00166750841080743,0.01276875));
#4085=CARTESIAN_POINT('',(0.00402572142074251,1.76159996896644E-18,0.0128625));
#4086=CARTESIAN_POINT('',(0.00402572142074251,0.00166750841080743,0.01295625));
#4087=CARTESIAN_POINT('',(0.00284661491577497,0.00284661491577497,0.01305));
#4088=CARTESIAN_POINT('',(0.00166750841080743,0.00402572142074251,0.01314375));
#4089=CARTESIAN_POINT('',(0.,0.00402572142074251,0.0132375));
#4090=CARTESIAN_POINT('',(-0.00166750841080743,0.00402572142074251,0.01333125));
#4091=CARTESIAN_POINT('',(-0.00284661491577497,0.00284661491577497,0.013425));
#4092=CARTESIAN_POINT('',(-0.00402572142074251,0.00166750841080743,0.01351875));
#4093=CARTESIAN_POINT('',(-0.00402572142074251,2.77103870943438E-18,0.0136125));
#4094=CARTESIAN_POINT('',(-0.00402572142074251,-0.00166750841080743,0.01370625));
#4095=CARTESIAN_POINT('',(-0.00284661491577497,-0.00284661491577497,0.0138));
#4096=CARTESIAN_POINT('',(-0.00166750841080743,-0.00402572142074251,0.01389375));
#4097=CARTESIAN_POINT('',(-4.93008685217125E-19,-0.00402572142074251,0.0139875));
#4098=CARTESIAN_POINT('',(0.00166750841080743,-0.00402572142074251,0.01408125));
#4099=CARTESIAN_POINT('',(0.00284661491577497,-0.00284661491577497,0.014175));
#4100=CARTESIAN_POINT('',(0.00402572142074251,-0.00166750841080743,0.01426875));
#4101=CARTESIAN_POINT('',(0.00402572142074251,1.80844270903383E-18,0.0143625));
#4102=CARTESIAN_POINT('',(0.00402572142074251,0.00166750841080743,0.01445625));
#4103=CARTESIAN_POINT('',(0.00284661491577497,0.00284661491577497,0.01455));
#4104=CARTESIAN_POINT('',(0.00166750841080743,0.00402572142074251,0.01464375));
#4105=CARTESIAN_POINT('',(0.,0.00402572142074251,0.0147375));
#4106=CARTESIAN_POINT('',(-0.00166750841080743,0.00402572142074251,0.01483125));
#4107=CARTESIAN_POINT('',(-0.00284661491577497,0.00284661491577497,0.014925));
#4108=CARTESIAN_POINT('',(-0.00402572142074251,0.00166750841080743,0.01501875));
#4109=CARTESIAN_POINT('',(-0.00402572142074251,2.81788144950177E-18,0.0151125));
#4110=CARTESIAN_POINT('',(-0.00402572142074251,-0.00166750841080743,0.01520625));
#4111=CARTESIAN_POINT('',(-0.00284661491577497,-0.00284661491577497,0.0153));
#4112=CARTESIAN_POINT('',(-0.00166750841080743,-0.00402572142074251,0.01539375));
#4113=CARTESIAN_POINT('',(-4.93008685217125E-19,-0.00402572142074251,0.0154875));
#4114=CARTESIAN_POINT('',(0.00166750841080743,-0.00402572142074251,0.01558125));
#4115=CARTESIAN_POINT('',(0.00284661491577497,-0.00284661491577497,0.015675));
#4116=CARTESIAN_POINT('',(0.00402572142074251,-0.00166750841080743,0.01576875));
#4117=CARTESIAN_POINT('',(0.00402572142074251,1.85528544910122E-18,0.0158625));
#4118=CARTESIAN_POINT('',(0.00402572142074251,0.00166750841080743,0.01595625));
#4119=CARTESIAN_POINT('',(0.00284661491577497,0.00284661491577497,0.01605));
#4120=CARTESIAN_POINT('',(0.00166750841080743,0.00402572142074251,0.01614375));
#4121=CARTESIAN_POINT('',(0.,0.00402572142074251,0.0162375));
#4122=CARTESIAN_POINT('',(-0.00166750841080743,0.00402572142074251,0.01633125));
#4123=CARTESIAN_POINT('',(-0.00284661491577497,0.00284661491577497,0.016425));
#4124=CARTESIAN_POINT('',(-0.00402572142074251,0.00166750841080743,0.01651875));
#4125=CARTESIAN_POINT('',(-0.00402572142074251,2.86472418956916E-18,0.0166125));
#4126=CARTESIAN_POINT('',(-0.00402572142074251,-0.00166750841080743,0.01670625));
#4127=CARTESIAN_POINT('',(-0.00284661491577497,-0.00284661491577497,0.0168));
#4128=CARTESIAN_POINT('',(-0.00166750841080743,-0.00402572142074251,0.01689375));
#4129=CARTESIAN_POINT('',(-4.93008685217125E-19,-0.00402572142074251,0.0169875));
#4130=CARTESIAN_POINT('',(0.00166750841080743,-0.00402572142074251,0.01708125));
#4131=CARTESIAN_POINT('',(0.00284661491577497,-0.00284661491577497,0.017175));
#4132=CARTESIAN_POINT('',(0.00402572142074251,-0.00166750841080743,0.01726875));
#4133=CARTESIAN_POINT('',(0.00402572142074251,1.9021281891686E-18,0.0173625));
#4134=CARTESIAN_POINT('',(0.00402572142074251,0.00166750841080743,0.01745625));
#4135=CARTESIAN_POINT('',(0.00284661491577497,0.00284661491577497,0.01755));
#4136=CARTESIAN_POINT('',(0.00166750841080743,0.00402572142074251,0.01764375));
#4137=CARTESIAN_POINT('',(0.,0.00402572142074251,0.0177375));
#4138=CARTESIAN_POINT('',(-0.00166750841080743,0.00402572142074251,0.01783125));
#4139=CARTESIAN_POINT('',(-0.00284661491577497,0.00284661491577497,0.017925));
#4140=CARTESIAN_POINT('',(-0.00402572142074251,0.00166750841080743,0.01801875));
#4141=CARTESIAN_POINT('',(-0.00402572142074251,2.91156692963654E-18,0.0181125));
#4142=CARTESIAN_POINT('',(-0.00402572142074251,-0.00166750841080743,0.01820625));
#4143=CARTESIAN_POINT('',(-0.00284661491577497,-0.00284661491577497,0.0183));
#4144=CARTESIAN_POINT('',(-0.00166750841080743,-0.00402572142074251,0.01839375));
#4145=CARTESIAN_POINT('',(-4.93008685217125E-19,-0.00402572142074251,0.0184875));
#4146=CARTESIAN_POINT('',(0.00166750841080743,-0.00402572142074251,0.01858125));
#4147=CARTESIAN_POINT('',(0.00284661491577497,-0.00284661491577497,0.018675));
#4148=CARTESIAN_POINT('',(0.00402572142074251,-0.00166750841080743,0.01876875));
#4149=CARTESIAN_POINT('',(0.00402572142074251,1.94897092923598E-18,0.0188625));
#4150=CARTESIAN_POINT('',(0.00402572142074251,0.00166750841080743,0.01895625));
#4151=CARTESIAN_POINT('',(0.00284661491577497,0.00284661491577497,0.01905));
#4152=CARTESIAN_POINT('',(0.00166750841080743,0.00402572142074251,0.01914375));
#4153=CARTESIAN_POINT('',(0.,0.00402572142074251,0.0192375));
#4154=CARTESIAN_POINT('',(-0.00166750841080743,0.00402572142074251,0.01933125));
#4155=CARTESIAN_POINT('',(-0.00284661491577497,0.00284661491577497,0.019425));
#4156=CARTESIAN_POINT('',(-0.00402572142074251,0.00166750841080743,0.01951875));
#4157=CARTESIAN_POINT('',(-0.00402572142074251,2.95840966970393E-18,0.0196125));
#4158=CARTESIAN_POINT('',(-0.00402572142074251,-0.00166750841080743,0.01970625));
#4159=CARTESIAN_POINT('',(-0.00284661491577497,-0.00284661491577497,0.0198));
#4160=CARTESIAN_POINT('',(-0.00223778420899109,-0.00345544562255885,0.0198484077379953));
#4161=CARTESIAN_POINT('',(-0.00143317797240535,-0.00376197207018302,0.0199007823041283));
#4162=CARTESIAN_POINT('',(-8.67361737988404E-19,2.60208521396521E-18,-0.0184992911914003));
#4163=CARTESIAN_POINT('',(0.,0.,0.0199007823041282));
#4164=CARTESIAN_POINT('',(0.00164670609852558,-0.00367352582439592,0.0199007823041282));
#4165=CARTESIAN_POINT('',(6.03718373995443E-8,7.62632647276218E-7,-0.0280492785664578));
#4166=CARTESIAN_POINT('',(1.013238862734E-14,-0.00402572142074251,-0.0280492785792575));
#4167=CARTESIAN_POINT('',(0.,1.20715650580821E-20,-0.0280492785792575));
#4168=CARTESIAN_POINT('',(0.0023632763697216,-0.00325904246025432,-0.0280492785792335));
#4169=CARTESIAN_POINT('',(0.0023632763697216,-0.00325904246025432,-0.0280492785792095));
#4170=CARTESIAN_POINT('',(0.00262127002171554,-0.0030719598098344,-0.0280304170276214));
#4171=CARTESIAN_POINT('',(0.00284661491577497,-0.00284661491577497,-0.0280125));
#4172=CARTESIAN_POINT('',(0.00402572142074251,-0.00166750841080743,-0.02791875));
#4173=CARTESIAN_POINT('',(0.00402572142074251,4.90990644638587E-19,-0.027825));
#4174=CARTESIAN_POINT('',(0.00402572142074251,0.00166750841080743,-0.02773125));
#4175=CARTESIAN_POINT('',(0.00284661491577497,0.00284661491577497,-0.0276375));
#4176=CARTESIAN_POINT('',(0.00166750841080743,0.00402572142074251,-0.02754375));
#4177=CARTESIAN_POINT('',(0.,0.00402572142074251,-0.02745));
#4178=CARTESIAN_POINT('',(-0.00166750841080743,0.00402572142074251,-0.02735625));
#4179=CARTESIAN_POINT('',(-0.00284661491577497,0.00284661491577497,-0.0272625));
#4180=CARTESIAN_POINT('',(-0.00402572142074251,0.00166750841080743,-0.02716875));
#4181=CARTESIAN_POINT('',(-0.00402572142074251,1.50042938510653E-18,-0.027075));
#4182=CARTESIAN_POINT('',(-0.00402572142074251,-0.00166750841080743,-0.02698125));
#4183=CARTESIAN_POINT('',(-0.00284661491577497,-0.00284661491577497,-0.0268875));
#4184=CARTESIAN_POINT('',(-0.00166750841080743,-0.00402572142074251,-0.02679375));
#4185=CARTESIAN_POINT('',(-4.93008685217125E-19,-0.00402572142074251,-0.0267));
#4186=CARTESIAN_POINT('',(0.00166750841080743,-0.00402572142074251,-0.02660625));
#4187=CARTESIAN_POINT('',(0.00284661491577497,-0.00284661491577497,-0.0265125));
#4188=CARTESIAN_POINT('',(0.00402572142074251,-0.00166750841080743,-0.02641875));
#4189=CARTESIAN_POINT('',(0.00402572142074251,5.37833384705974E-19,-0.026325));
#4190=CARTESIAN_POINT('',(0.00402572142074251,0.00166750841080743,-0.02623125));
#4191=CARTESIAN_POINT('',(0.00284661491577497,0.00284661491577497,-0.0261375));
#4192=CARTESIAN_POINT('',(0.00166750841080743,0.00402572142074251,-0.02604375));
#4193=CARTESIAN_POINT('',(0.,0.00402572142074251,-0.02595));
#4194=CARTESIAN_POINT('',(-0.00166750841080743,0.00402572142074251,-0.02585625));
#4195=CARTESIAN_POINT('',(-0.00284661491577497,0.00284661491577497,-0.0257625));
#4196=CARTESIAN_POINT('',(-0.00402572142074251,0.00166750841080743,-0.02566875));
#4197=CARTESIAN_POINT('',(-0.00402572142074251,1.54727212517391E-18,-0.025575));
#4198=CARTESIAN_POINT('',(-0.00402572142074251,-0.00166750841080743,-0.02548125));
#4199=CARTESIAN_POINT('',(-0.00284661491577497,-0.00284661491577497,-0.0253875));
#4200=CARTESIAN_POINT('',(-0.00166750841080743,-0.00402572142074251,-0.02529375));
#4201=CARTESIAN_POINT('',(-4.93008685217125E-19,-0.00402572142074251,-0.0252));
#4202=CARTESIAN_POINT('',(0.00166750841080743,-0.00402572142074251,-0.02510625));
#4203=CARTESIAN_POINT('',(0.00284661491577497,-0.00284661491577497,-0.0250125));
#4204=CARTESIAN_POINT('',(0.00402572142074251,-0.00166750841080743,-0.02491875));
#4205=CARTESIAN_POINT('',(0.00402572142074251,5.8467612477336E-19,-0.024825));
#4206=CARTESIAN_POINT('',(0.00402572142074251,0.00166750841080743,-0.02473125));
#4207=CARTESIAN_POINT('',(0.00284661491577497,0.00284661491577497,-0.0246375));
#4208=CARTESIAN_POINT('',(0.00166750841080743,0.00402572142074251,-0.02454375));
#4209=CARTESIAN_POINT('',(0.,0.00402572142074251,-0.02445));
#4210=CARTESIAN_POINT('',(-0.00166750841080743,0.00402572142074251,-0.02435625));
#4211=CARTESIAN_POINT('',(-0.00284661491577497,0.00284661491577497,-0.0242625));
#4212=CARTESIAN_POINT('',(-0.00402572142074251,0.00166750841080743,-0.02416875));
#4213=CARTESIAN_POINT('',(-0.00402572142074251,1.5941148652413E-18,-0.024075));
#4214=CARTESIAN_POINT('',(-0.00402572142074251,-0.00166750841080743,-0.02398125));
#4215=CARTESIAN_POINT('',(-0.00284661491577497,-0.00284661491577497,-0.0238875));
#4216=CARTESIAN_POINT('',(-0.00166750841080743,-0.00402572142074251,-0.02379375));
#4217=CARTESIAN_POINT('',(-4.93008685217125E-19,-0.00402572142074251,-0.0237));
#4218=CARTESIAN_POINT('',(0.00166750841080743,-0.00402572142074251,-0.02360625));
#4219=CARTESIAN_POINT('',(0.00284661491577497,-0.00284661491577497,-0.0235125));
#4220=CARTESIAN_POINT('',(0.00402572142074251,-0.00166750841080743,-0.02341875));
#4221=CARTESIAN_POINT('',(0.00402572142074251,6.31518864840746E-19,-0.023325));
#4222=CARTESIAN_POINT('',(0.00402572142074251,0.00166750841080743,-0.02323125));
#4223=CARTESIAN_POINT('',(0.00284661491577497,0.00284661491577497,-0.0231375));
#4224=CARTESIAN_POINT('',(0.00166750841080743,0.00402572142074251,-0.02304375));
#4225=CARTESIAN_POINT('',(0.,0.00402572142074251,-0.02295));
#4226=CARTESIAN_POINT('',(-0.00166750841080743,0.00402572142074251,-0.02285625));
#4227=CARTESIAN_POINT('',(-0.00284661491577497,0.00284661491577497,-0.0227625));
#4228=CARTESIAN_POINT('',(-0.00402572142074251,0.00166750841080743,-0.02266875));
#4229=CARTESIAN_POINT('',(-0.00402572142074251,1.64095760530869E-18,-0.022575));
#4230=CARTESIAN_POINT('',(-0.00402572142074251,-0.00166750841080743,-0.02248125));
#4231=CARTESIAN_POINT('',(-0.00284661491577497,-0.00284661491577497,-0.0223875));
#4232=CARTESIAN_POINT('',(-0.00166750841080743,-0.00402572142074251,-0.02229375));
#4233=CARTESIAN_POINT('',(-4.93008685217125E-19,-0.00402572142074251,-0.0222));
#4234=CARTESIAN_POINT('',(0.00166750841080743,-0.00402572142074251,-0.02210625));
#4235=CARTESIAN_POINT('',(0.00284661491577497,-0.00284661491577497,-0.0220125));
#4236=CARTESIAN_POINT('',(0.00402572142074251,-0.00166750841080743,-0.02191875));
#4237=CARTESIAN_POINT('',(0.00402572142074251,6.78361604908133E-19,-0.021825));
#4238=CARTESIAN_POINT('',(0.00402572142074251,0.00166750841080743,-0.02173125));
#4239=CARTESIAN_POINT('',(0.00284661491577497,0.00284661491577497,-0.0216375));
#4240=CARTESIAN_POINT('',(0.00166750841080743,0.00402572142074251,-0.02154375));
#4241=CARTESIAN_POINT('',(0.,0.00402572142074251,-0.02145));
#4242=CARTESIAN_POINT('',(-0.00166750841080743,0.00402572142074251,-0.02135625));
#4243=CARTESIAN_POINT('',(-0.00284661491577497,0.00284661491577497,-0.0212625));
#4244=CARTESIAN_POINT('',(-0.00402572142074251,0.00166750841080743,-0.02116875));
#4245=CARTESIAN_POINT('',(-0.00402572142074251,1.68780034537607E-18,-0.021075));
#4246=CARTESIAN_POINT('',(-0.00402572142074251,-0.00166750841080743,-0.02098125));
#4247=CARTESIAN_POINT('',(-0.00284661491577497,-0.00284661491577497,-0.0208875));
#4248=CARTESIAN_POINT('',(-0.00166750841080743,-0.00402572142074251,-0.02079375));
#4249=CARTESIAN_POINT('',(-4.93008685217125E-19,-0.00402572142074251,-0.0207));
#4250=CARTESIAN_POINT('',(0.00166750841080743,-0.00402572142074251,-0.02060625));
#4251=CARTESIAN_POINT('',(0.00284661491577497,-0.00284661491577497,-0.0205125));
#4252=CARTESIAN_POINT('',(0.00402572142074251,-0.00166750841080743,-0.02041875));
#4253=CARTESIAN_POINT('',(0.00402572142074251,7.25204344975519E-19,-0.020325));
#4254=CARTESIAN_POINT('',(0.00402572142074251,0.00166750841080743,-0.02023125));
#4255=CARTESIAN_POINT('',(0.00284661491577497,0.00284661491577497,-0.0201375));
#4256=CARTESIAN_POINT('',(0.00166750841080743,0.00402572142074251,-0.02004375));
#4257=CARTESIAN_POINT('',(0.,0.00402572142074251,-0.01995));
#4258=CARTESIAN_POINT('',(-0.00166750841080743,0.00402572142074251,-0.01985625));
#4259=CARTESIAN_POINT('',(-0.00284661491577497,0.00284661491577497,-0.0197625));
#4260=CARTESIAN_POINT('',(-0.00402572142074251,0.00166750841080743,-0.01966875));
#4261=CARTESIAN_POINT('',(-0.00402572142074251,1.73464308544346E-18,-0.019575));
#4262=CARTESIAN_POINT('',(-0.00402572142074251,-0.00166750841080743,-0.01948125));
#4263=CARTESIAN_POINT('',(-0.00284661491577497,-0.00284661491577497,-0.0193875));
#4264=CARTESIAN_POINT('',(-0.00166750841080743,-0.00402572142074251,-0.01929375));
#4265=CARTESIAN_POINT('',(-4.93008685217125E-19,-0.00402572142074251,-0.0192));
#4266=CARTESIAN_POINT('',(0.00166750841080743,-0.00402572142074251,-0.01910625));
#4267=CARTESIAN_POINT('',(0.00284661491577497,-0.00284661491577497,-0.0190125));
#4268=CARTESIAN_POINT('',(0.00402572142074251,-0.00166750841080743,-0.01891875));
#4269=CARTESIAN_POINT('',(0.00402572142074251,7.72047085042905E-19,-0.018825));
#4270=CARTESIAN_POINT('',(0.00402572142074251,0.00166750841080743,-0.01873125));
#4271=CARTESIAN_POINT('',(0.00284661491577497,0.00284661491577497,-0.0186375));
#4272=CARTESIAN_POINT('',(0.00166750841080743,0.00402572142074251,-0.01854375));
#4273=CARTESIAN_POINT('',(0.,0.00402572142074251,-0.01845));
#4274=CARTESIAN_POINT('',(-0.00166750841080743,0.00402572142074251,-0.01835625));
#4275=CARTESIAN_POINT('',(-0.00284661491577497,0.00284661491577497,-0.0182625));
#4276=CARTESIAN_POINT('',(-0.00402572142074251,0.00166750841080743,-0.01816875));
#4277=CARTESIAN_POINT('',(-0.00402572142074251,1.78148582551085E-18,-0.018075));
#4278=CARTESIAN_POINT('',(-0.00402572142074251,-0.00166750841080743,-0.01798125));
#4279=CARTESIAN_POINT('',(-0.00284661491577497,-0.00284661491577497,-0.0178875));
#4280=CARTESIAN_POINT('',(-0.00166750841080743,-0.00402572142074251,-0.01779375));
#4281=CARTESIAN_POINT('',(-4.93008685217125E-19,-0.00402572142074251,-0.0177));
#4282=CARTESIAN_POINT('',(0.00166750841080743,-0.00402572142074251,-0.01760625));
#4283=CARTESIAN_POINT('',(0.00284661491577497,-0.00284661491577497,-0.0175125));
#4284=CARTESIAN_POINT('',(0.00402572142074251,-0.00166750841080743,-0.01741875));
#4285=CARTESIAN_POINT('',(0.00402572142074251,8.18889825110292E-19,-0.017325));
#4286=CARTESIAN_POINT('',(0.00402572142074251,0.00166750841080743,-0.01723125));
#4287=CARTESIAN_POINT('',(0.00284661491577497,0.00284661491577497,-0.0171375));
#4288=CARTESIAN_POINT('',(0.00166750841080743,0.00402572142074251,-0.01704375));
#4289=CARTESIAN_POINT('',(0.,0.00402572142074251,-0.01695));
#4290=CARTESIAN_POINT('',(-0.00166750841080743,0.00402572142074251,-0.01685625));
#4291=CARTESIAN_POINT('',(-0.00284661491577497,0.00284661491577497,-0.0167625));
#4292=CARTESIAN_POINT('',(-0.00402572142074251,0.00166750841080743,-0.01666875));
#4293=CARTESIAN_POINT('',(-0.00402572142074251,1.82832856557824E-18,-0.016575));
#4294=CARTESIAN_POINT('',(-0.00402572142074251,-0.00166750841080743,-0.01648125));
#4295=CARTESIAN_POINT('',(-0.00284661491577497,-0.00284661491577497,-0.0163875));
#4296=CARTESIAN_POINT('',(-0.00166750841080743,-0.00402572142074251,-0.01629375));
#4297=CARTESIAN_POINT('',(-4.93008685217125E-19,-0.00402572142074251,-0.0162));
#4298=CARTESIAN_POINT('',(0.00166750841080743,-0.00402572142074251,-0.01610625));
#4299=CARTESIAN_POINT('',(0.00284661491577497,-0.00284661491577497,-0.0160125));
#4300=CARTESIAN_POINT('',(0.00402572142074251,-0.00166750841080743,-0.01591875));
#4301=CARTESIAN_POINT('',(0.00402572142074251,8.65732565177678E-19,-0.015825));
#4302=CARTESIAN_POINT('',(0.00402572142074251,0.00166750841080743,-0.01573125));
#4303=CARTESIAN_POINT('',(0.00284661491577497,0.00284661491577497,-0.0156375));
#4304=CARTESIAN_POINT('',(0.00166750841080743,0.00402572142074251,-0.01554375));
#4305=CARTESIAN_POINT('',(0.,0.00402572142074251,-0.01545));
#4306=CARTESIAN_POINT('',(-0.00166750841080743,0.00402572142074251,-0.01535625));
#4307=CARTESIAN_POINT('',(-0.00284661491577497,0.00284661491577497,-0.0152625));
#4308=CARTESIAN_POINT('',(-0.00402572142074251,0.00166750841080743,-0.01516875));
#4309=CARTESIAN_POINT('',(-0.00402572142074251,1.87517130564562E-18,-0.015075));
#4310=CARTESIAN_POINT('',(-0.00402572142074251,-0.00166750841080743,-0.01498125));
#4311=CARTESIAN_POINT('',(-0.00284661491577497,-0.00284661491577497,-0.0148875));
#4312=CARTESIAN_POINT('',(-0.00166750841080743,-0.00402572142074251,-0.01479375));
#4313=CARTESIAN_POINT('',(-4.93008685217125E-19,-0.00402572142074251,-0.0147));
#4314=CARTESIAN_POINT('',(0.00166750841080743,-0.00402572142074251,-0.01460625));
#4315=CARTESIAN_POINT('',(0.00284661491577497,-0.00284661491577497,-0.0145125));
#4316=CARTESIAN_POINT('',(0.00402572142074251,-0.00166750841080743,-0.01441875));
#4317=CARTESIAN_POINT('',(0.00402572142074251,9.12575305245064E-19,-0.014325));
#4318=CARTESIAN_POINT('',(0.00402572142074251,0.00166750841080743,-0.01423125));
#4319=CARTESIAN_POINT('',(0.00284661491577497,0.00284661491577497,-0.0141375));
#4320=CARTESIAN_POINT('',(0.00166750841080743,0.00402572142074251,-0.01404375));
#4321=CARTESIAN_POINT('',(0.,0.00402572142074251,-0.01395));
#4322=CARTESIAN_POINT('',(-0.00166750841080743,0.00402572142074251,-0.01385625));
#4323=CARTESIAN_POINT('',(-0.00284661491577497,0.00284661491577497,-0.0137625));
#4324=CARTESIAN_POINT('',(-0.00402572142074251,0.00166750841080743,-0.01366875));
#4325=CARTESIAN_POINT('',(-0.00402572142074251,1.922014045713E-18,-0.013575));
#4326=CARTESIAN_POINT('',(-0.00402572142074251,-0.00166750841080743,-0.01348125));
#4327=CARTESIAN_POINT('',(-0.00284661491577497,-0.00284661491577497,-0.0133875));
#4328=CARTESIAN_POINT('',(-0.00166750841080743,-0.00402572142074251,-0.01329375));
#4329=CARTESIAN_POINT('',(-4.93008685217125E-19,-0.00402572142074251,-0.0132));
#4330=CARTESIAN_POINT('',(0.00166750841080743,-0.00402572142074251,-0.01310625));
#4331=CARTESIAN_POINT('',(0.00284661491577497,-0.00284661491577497,-0.0130125));
#4332=CARTESIAN_POINT('',(0.00402572142074251,-0.00166750841080743,-0.01291875));
#4333=CARTESIAN_POINT('',(0.00402572142074251,9.59418045312451E-19,-0.012825));
#4334=CARTESIAN_POINT('',(0.00402572142074251,0.00166750841080743,-0.01273125));
#4335=CARTESIAN_POINT('',(0.00284661491577497,0.00284661491577497,-0.0126375));
#4336=CARTESIAN_POINT('',(0.00166750841080743,0.00402572142074251,-0.01254375));
#4337=CARTESIAN_POINT('',(0.,0.00402572142074251,-0.01245));
#4338=CARTESIAN_POINT('',(-0.00166750841080743,0.00402572142074251,-0.01235625));
#4339=CARTESIAN_POINT('',(-0.00284661491577497,0.00284661491577497,-0.0122625));
#4340=CARTESIAN_POINT('',(-0.00402572142074251,0.00166750841080743,-0.01216875));
#4341=CARTESIAN_POINT('',(-0.00402572142074251,1.96885678578039E-18,-0.012075));
#4342=CARTESIAN_POINT('',(-0.00402572142074251,-0.00166750841080743,-0.01198125));
#4343=CARTESIAN_POINT('',(-0.00284661491577497,-0.00284661491577497,-0.0118875));
#4344=CARTESIAN_POINT('',(-0.00166750841080743,-0.00402572142074251,-0.01179375));
#4345=CARTESIAN_POINT('',(-4.93008685217125E-19,-0.00402572142074251,-0.0117));
#4346=CARTESIAN_POINT('',(0.00166750841080743,-0.00402572142074251,-0.01160625));
#4347=CARTESIAN_POINT('',(0.00284661491577497,-0.00284661491577497,-0.0115125));
#4348=CARTESIAN_POINT('',(0.00402572142074251,-0.00166750841080743,-0.01141875));
#4349=CARTESIAN_POINT('',(0.00402572142074251,1.00626078537984E-18,-0.011325));
#4350=CARTESIAN_POINT('',(0.00402572142074251,0.00166750841080743,-0.01123125));
#4351=CARTESIAN_POINT('',(0.00284661491577497,0.00284661491577497,-0.0111375));
#4352=CARTESIAN_POINT('',(0.00166750841080743,0.00402572142074251,-0.01104375));
#4353=CARTESIAN_POINT('',(0.,0.00402572142074251,-0.01095));
#4354=CARTESIAN_POINT('',(-0.00166750841080743,0.00402572142074251,-0.01085625));
#4355=CARTESIAN_POINT('',(-0.00284661491577497,0.00284661491577497,-0.0107625));
#4356=CARTESIAN_POINT('',(-0.00402572142074251,0.00166750841080743,-0.01066875));
#4357=CARTESIAN_POINT('',(-0.00402572142074251,2.01569952584778E-18,-0.010575));
#4358=CARTESIAN_POINT('',(-0.00402572142074251,-0.00166750841080743,-0.01048125));
#4359=CARTESIAN_POINT('',(-0.00284661491577497,-0.00284661491577497,-0.0103875));
#4360=CARTESIAN_POINT('',(-0.00166750841080743,-0.00402572142074251,-0.01029375));
#4361=CARTESIAN_POINT('',(-4.93008685217125E-19,-0.00402572142074251,-0.0102));
#4362=CARTESIAN_POINT('',(0.00166750841080743,-0.00402572142074251,-0.01010625));
#4363=CARTESIAN_POINT('',(0.00284661491577497,-0.00284661491577497,-0.0100125));
#4364=CARTESIAN_POINT('',(0.00402572142074251,-0.00166750841080743,-0.00991874999999999));
#4365=CARTESIAN_POINT('',(0.00402572142074251,1.05310352544722E-18,-0.009825));
#4366=CARTESIAN_POINT('',(0.00402572142074251,0.00166750841080743,-0.00973125));
#4367=CARTESIAN_POINT('',(0.00284661491577497,0.00284661491577497,-0.0096375));
#4368=CARTESIAN_POINT('',(0.00166750841080743,0.00402572142074251,-0.00954374999999999));
#4369=CARTESIAN_POINT('',(0.,0.00402572142074251,-0.00945));
#4370=CARTESIAN_POINT('',(-0.00166750841080743,0.00402572142074251,-0.00935625));
#4371=CARTESIAN_POINT('',(-0.00284661491577497,0.00284661491577497,-0.0092625));
#4372=CARTESIAN_POINT('',(-0.00402572142074251,0.00166750841080743,-0.00916875));
#4373=CARTESIAN_POINT('',(-0.00402572142074251,2.06254226591516E-18,-0.009075));
#4374=CARTESIAN_POINT('',(-0.00402572142074251,-0.00166750841080743,-0.00898124999999999));
#4375=CARTESIAN_POINT('',(-0.00284661491577497,-0.00284661491577497,-0.0088875));
#4376=CARTESIAN_POINT('',(-0.00166750841080743,-0.00402572142074251,-0.00879374999999999));
#4377=CARTESIAN_POINT('',(-4.93008685217125E-19,-0.00402572142074251,-0.0087));
#4378=CARTESIAN_POINT('',(0.00166750841080743,-0.00402572142074251,-0.00860625));
#4379=CARTESIAN_POINT('',(0.00284661491577497,-0.00284661491577497,-0.0085125));
#4380=CARTESIAN_POINT('',(0.00402572142074251,-0.00166750841080743,-0.00841874999999999));
#4381=CARTESIAN_POINT('',(0.00402572142074251,1.09994626551461E-18,-0.008325));
#4382=CARTESIAN_POINT('',(0.00402572142074251,0.00166750841080743,-0.00823125));
#4383=CARTESIAN_POINT('',(0.00284661491577497,0.00284661491577497,-0.0081375));
#4384=CARTESIAN_POINT('',(0.00166750841080743,0.00402572142074251,-0.00804375));
#4385=CARTESIAN_POINT('',(0.,0.00402572142074251,-0.00795));
#4386=CARTESIAN_POINT('',(-0.00166750841080743,0.00402572142074251,-0.00785624999999999));
#4387=CARTESIAN_POINT('',(-0.00284661491577497,0.00284661491577497,-0.0077625));
#4388=CARTESIAN_POINT('',(-0.00402572142074251,0.00166750841080743,-0.00766875));
#4389=CARTESIAN_POINT('',(-0.00402572142074251,2.10938500598255E-18,-0.007575));
#4390=CARTESIAN_POINT('',(-0.00402572142074251,-0.00166750841080743,-0.00748124999999999));
#4391=CARTESIAN_POINT('',(-0.00284661491577497,-0.00284661491577497,-0.0073875));
#4392=CARTESIAN_POINT('',(-0.00166750841080743,-0.00402572142074251,-0.00729374999999999));
#4393=CARTESIAN_POINT('',(-4.93008685217125E-19,-0.00402572142074251,-0.0072));
#4394=CARTESIAN_POINT('',(0.00166750841080743,-0.00402572142074251,-0.00710625));
#4395=CARTESIAN_POINT('',(0.00284661491577497,-0.00284661491577497,-0.0070125));
#4396=CARTESIAN_POINT('',(0.00402572142074251,-0.00166750841080743,-0.00691874999999999));
#4397=CARTESIAN_POINT('',(0.00402572142074251,1.146789005582E-18,-0.006825));
#4398=CARTESIAN_POINT('',(0.00402572142074251,0.00166750841080743,-0.00673125));
#4399=CARTESIAN_POINT('',(0.00284661491577497,0.00284661491577497,-0.0066375));
#4400=CARTESIAN_POINT('',(0.00166750841080743,0.00402572142074251,-0.00654374999999999));
#4401=CARTESIAN_POINT('',(0.,0.00402572142074251,-0.00645));
#4402=CARTESIAN_POINT('',(-0.00166750841080743,0.00402572142074251,-0.00635625));
#4403=CARTESIAN_POINT('',(-0.00284661491577497,0.00284661491577497,-0.0062625));
#4404=CARTESIAN_POINT('',(-0.00402572142074251,0.00166750841080743,-0.00616875));
#4405=CARTESIAN_POINT('',(-0.00402572142074251,2.15622774604994E-18,-0.006075));
#4406=CARTESIAN_POINT('',(-0.00402572142074251,-0.00166750841080743,-0.00598125));
#4407=CARTESIAN_POINT('',(-0.00284661491577497,-0.00284661491577497,-0.0058875));
#4408=CARTESIAN_POINT('',(-0.00166750841080743,-0.00402572142074251,-0.00579375));
#4409=CARTESIAN_POINT('',(-4.93008685217125E-19,-0.00402572142074251,-0.0057));
#4410=CARTESIAN_POINT('',(0.00166750841080743,-0.00402572142074251,-0.00560625));
#4411=CARTESIAN_POINT('',(0.00284661491577497,-0.00284661491577497,-0.0055125));
#4412=CARTESIAN_POINT('',(0.00402572142074251,-0.00166750841080743,-0.00541874999999999));
#4413=CARTESIAN_POINT('',(0.00402572142074251,1.19363174564938E-18,-0.005325));
#4414=CARTESIAN_POINT('',(0.00402572142074251,0.00166750841080743,-0.00523125));
#4415=CARTESIAN_POINT('',(0.00284661491577497,0.00284661491577497,-0.0051375));
#4416=CARTESIAN_POINT('',(0.00166750841080743,0.00402572142074251,-0.00504375));
#4417=CARTESIAN_POINT('',(0.,0.00402572142074251,-0.00495));
#4418=CARTESIAN_POINT('',(-0.00166750841080743,0.00402572142074251,-0.00485625));
#4419=CARTESIAN_POINT('',(-0.00284661491577497,0.00284661491577497,-0.0047625));
#4420=CARTESIAN_POINT('',(-0.00402572142074251,0.00166750841080743,-0.00466875));
#4421=CARTESIAN_POINT('',(-0.00402572142074251,2.20307048611732E-18,-0.004575));
#4422=CARTESIAN_POINT('',(-0.00402572142074251,-0.00166750841080743,-0.00448124999999999));
#4423=CARTESIAN_POINT('',(-0.00284661491577497,-0.00284661491577497,-0.0043875));
#4424=CARTESIAN_POINT('',(-0.00166750841080743,-0.00402572142074251,-0.00429375));
#4425=CARTESIAN_POINT('',(-4.93008685217125E-19,-0.00402572142074251,-0.0042));
#4426=CARTESIAN_POINT('',(0.00166750841080743,-0.00402572142074251,-0.00410624999999999));
#4427=CARTESIAN_POINT('',(0.00284661491577497,-0.00284661491577497,-0.0040125));
#4428=CARTESIAN_POINT('',(0.00402572142074251,-0.00166750841080743,-0.00391874999999999));
#4429=CARTESIAN_POINT('',(0.00402572142074251,1.24047448571677E-18,-0.003825));
#4430=CARTESIAN_POINT('',(0.00402572142074251,0.00166750841080743,-0.00373125));
#4431=CARTESIAN_POINT('',(0.00284661491577497,0.00284661491577497,-0.0036375));
#4432=CARTESIAN_POINT('',(0.00166750841080743,0.00402572142074251,-0.00354375));
#4433=CARTESIAN_POINT('',(0.,0.00402572142074251,-0.00345));
#4434=CARTESIAN_POINT('',(-0.00166750841080743,0.00402572142074251,-0.00335624999999999));
#4435=CARTESIAN_POINT('',(-0.00284661491577497,0.00284661491577497,-0.0032625));
#4436=CARTESIAN_POINT('',(-0.00402572142074251,0.00166750841080743,-0.00316874999999999));
#4437=CARTESIAN_POINT('',(-0.00402572142074251,2.24991322618471E-18,-0.003075));
#4438=CARTESIAN_POINT('',(-0.00402572142074251,-0.00166750841080743,-0.00298125));
#4439=CARTESIAN_POINT('',(-0.00284661491577497,-0.00284661491577497,-0.0028875));
#4440=CARTESIAN_POINT('',(-0.00166750841080743,-0.00402572142074251,-0.00279375));
#4441=CARTESIAN_POINT('',(-4.93008685217125E-19,-0.00402572142074251,-0.0027));
#4442=CARTESIAN_POINT('',(0.00166750841080743,-0.00402572142074251,-0.00260625));
#4443=CARTESIAN_POINT('',(0.00284661491577497,-0.00284661491577497,-0.0025125));
#4444=CARTESIAN_POINT('',(0.00402572142074251,-0.00166750841080743,-0.00241874999999999));
#4445=CARTESIAN_POINT('',(0.00402572142074251,1.28731722578415E-18,-0.002325));
#4446=CARTESIAN_POINT('',(0.00402572142074251,0.00166750841080743,-0.00223125));
#4447=CARTESIAN_POINT('',(0.00284661491577497,0.00284661491577497,-0.0021375));
#4448=CARTESIAN_POINT('',(0.00166750841080743,0.00402572142074251,-0.00204375));
#4449=CARTESIAN_POINT('',(0.,0.00402572142074251,-0.00195));
#4450=CARTESIAN_POINT('',(-0.00166750841080743,0.00402572142074251,-0.00185625));
#4451=CARTESIAN_POINT('',(-0.00284661491577497,0.00284661491577497,-0.0017625));
#4452=CARTESIAN_POINT('',(-0.00402572142074251,0.00166750841080743,-0.00166874999999999));
#4453=CARTESIAN_POINT('',(-0.00402572142074251,2.2967559662521E-18,-0.001575));
#4454=CARTESIAN_POINT('',(-0.00402572142074251,-0.00166750841080743,-0.00148125));
#4455=CARTESIAN_POINT('',(-0.00284661491577497,-0.00284661491577497,-0.0013875));
#4456=CARTESIAN_POINT('',(-0.00166750841080743,-0.00402572142074251,-0.00129375));
#4457=CARTESIAN_POINT('',(-4.93008685217125E-19,-0.00402572142074251,-0.0012));
#4458=CARTESIAN_POINT('',(0.00166750841080743,-0.00402572142074251,-0.00110624999999999));
#4459=CARTESIAN_POINT('',(0.00284661491577497,-0.00284661491577497,-0.0010125));
#4460=CARTESIAN_POINT('',(0.00402572142074251,-0.00166750841080743,-0.000918749999999996));
#4461=CARTESIAN_POINT('',(0.00402572142074251,1.33415996585154E-18,-0.000825));
#4462=CARTESIAN_POINT('',(0.00402572142074251,0.00166750841080743,-0.000731249999999996));
#4463=CARTESIAN_POINT('',(0.00284661491577497,0.00284661491577497,-0.0006375));
#4464=CARTESIAN_POINT('',(0.00166750841080743,0.00402572142074251,-0.000543749999999996));
#4465=CARTESIAN_POINT('',(0.,0.00402572142074251,-0.000449999999999995));
#4466=CARTESIAN_POINT('',(-0.00166750841080743,0.00402572142074251,-0.000356249999999996));
#4467=CARTESIAN_POINT('',(-0.00284661491577497,0.00284661491577497,-0.000262499999999995));
#4468=CARTESIAN_POINT('',(-0.00402572142074251,0.00166750841080743,-0.000168749999999996));
#4469=CARTESIAN_POINT('',(-0.00402572142074251,2.34359870631948E-18,-7.49999999999952E-5));
#4470=CARTESIAN_POINT('',(-0.00402572142074251,-0.00166750841080743,1.87500000000049E-5));
#4471=CARTESIAN_POINT('',(-0.00284661491577497,-0.00284661491577497,0.000112500000000005));
#4472=CARTESIAN_POINT('',(-0.00166750841080743,-0.00402572142074251,0.000206250000000005));
#4473=CARTESIAN_POINT('',(-4.93008685217125E-19,-0.00402572142074251,0.000300000000000005));
#4474=CARTESIAN_POINT('',(0.00166750841080743,-0.00402572142074251,0.000393750000000005));
#4475=CARTESIAN_POINT('',(0.00284661491577497,-0.00284661491577497,0.0004875));
#4476=CARTESIAN_POINT('',(0.00402572142074251,-0.00166750841080743,0.000581250000000005));
#4477=CARTESIAN_POINT('',(0.00402572142074251,1.38100270591893E-18,0.000675));
#4478=CARTESIAN_POINT('',(0.00402572142074251,0.00166750841080743,0.000768750000000006));
#4479=CARTESIAN_POINT('',(0.00284661491577497,0.00284661491577497,0.0008625));
#4480=CARTESIAN_POINT('',(0.00166750841080743,0.00402572142074251,0.000956250000000005));
#4481=CARTESIAN_POINT('',(0.,0.00402572142074251,0.00105));
#4482=CARTESIAN_POINT('',(-0.00166750841080743,0.00402572142074251,0.00114375));
#4483=CARTESIAN_POINT('',(-0.00284661491577497,0.00284661491577497,0.0012375));
#4484=CARTESIAN_POINT('',(-0.00402572142074251,0.00166750841080743,0.00133125));
#4485=CARTESIAN_POINT('',(-0.00402572142074251,2.39044144638687E-18,0.001425));
#4486=CARTESIAN_POINT('',(-0.00402572142074251,-0.00166750841080743,0.00151875));
#4487=CARTESIAN_POINT('',(-0.00284661491577497,-0.00284661491577497,0.0016125));
#4488=CARTESIAN_POINT('',(-0.00166750841080743,-0.00402572142074251,0.00170625));
#4489=CARTESIAN_POINT('',(-4.93008685217125E-19,-0.00402572142074251,0.0018));
#4490=CARTESIAN_POINT('',(0.00166750841080743,-0.00402572142074251,0.00189375));
#4491=CARTESIAN_POINT('',(0.00284661491577497,-0.00284661491577497,0.0019875));
#4492=CARTESIAN_POINT('',(0.00402572142074251,-0.00166750841080743,0.00208125));
#4493=CARTESIAN_POINT('',(0.00402572142074251,1.42784544598631E-18,0.002175));
#4494=CARTESIAN_POINT('',(0.00402572142074251,0.00166750841080743,0.00226875));
#4495=CARTESIAN_POINT('',(0.00284661491577497,0.00284661491577497,0.0023625));
#4496=CARTESIAN_POINT('',(0.00166750841080743,0.00402572142074251,0.00245625000000001));
#4497=CARTESIAN_POINT('',(0.,0.00402572142074251,0.00255));
#4498=CARTESIAN_POINT('',(-0.00166750841080743,0.00402572142074251,0.00264375000000001));
#4499=CARTESIAN_POINT('',(-0.00284661491577497,0.00284661491577497,0.0027375));
#4500=CARTESIAN_POINT('',(-0.00402572142074251,0.00166750841080743,0.00283125000000001));
#4501=CARTESIAN_POINT('',(-0.00402572142074251,2.43728418645425E-18,0.002925));
#4502=CARTESIAN_POINT('',(-0.00402572142074251,-0.00166750841080743,0.00301875000000001));
#4503=CARTESIAN_POINT('',(-0.00284661491577497,-0.00284661491577497,0.0031125));
#4504=CARTESIAN_POINT('',(-0.00166750841080743,-0.00402572142074251,0.00320625));
#4505=CARTESIAN_POINT('',(-4.93008685217125E-19,-0.00402572142074251,0.0033));
#4506=CARTESIAN_POINT('',(0.00166750841080743,-0.00402572142074251,0.00339375));
#4507=CARTESIAN_POINT('',(0.00284661491577497,-0.00284661491577497,0.0034875));
#4508=CARTESIAN_POINT('',(0.00402572142074251,-0.00166750841080743,0.00358125));
#4509=CARTESIAN_POINT('',(0.00402572142074251,1.4746881860537E-18,0.003675));
#4510=CARTESIAN_POINT('',(0.00402572142074251,0.00166750841080743,0.00376875));
#4511=CARTESIAN_POINT('',(0.00284661491577497,0.00284661491577497,0.0038625));
#4512=CARTESIAN_POINT('',(0.00166750841080743,0.00402572142074251,0.00395625));
#4513=CARTESIAN_POINT('',(0.,0.00402572142074251,0.00405));
#4514=CARTESIAN_POINT('',(-0.00166750841080743,0.00402572142074251,0.00414375));
#4515=CARTESIAN_POINT('',(-0.00284661491577497,0.00284661491577497,0.0042375));
#4516=CARTESIAN_POINT('',(-0.00402572142074251,0.00166750841080743,0.00433125));
#4517=CARTESIAN_POINT('',(-0.00402572142074251,2.48412692652164E-18,0.004425));
#4518=CARTESIAN_POINT('',(-0.00402572142074251,-0.00166750841080743,0.00451875));
#4519=CARTESIAN_POINT('',(-0.00284661491577497,-0.00284661491577497,0.0046125));
#4520=CARTESIAN_POINT('',(-0.00166750841080743,-0.00402572142074251,0.00470625));
#4521=CARTESIAN_POINT('',(-4.93008685217125E-19,-0.00402572142074251,0.0048));
#4522=CARTESIAN_POINT('',(0.00166750841080743,-0.00402572142074251,0.00489375));
#4523=CARTESIAN_POINT('',(0.00284661491577497,-0.00284661491577497,0.0049875));
#4524=CARTESIAN_POINT('',(0.00402572142074251,-0.00166750841080743,0.00508125));
#4525=CARTESIAN_POINT('',(0.00402572142074251,1.52153092612108E-18,0.005175));
#4526=CARTESIAN_POINT('',(0.00402572142074251,0.00166750841080743,0.00526875));
#4527=CARTESIAN_POINT('',(0.00284661491577497,0.00284661491577497,0.0053625));
#4528=CARTESIAN_POINT('',(0.00166750841080743,0.00402572142074251,0.00545625));
#4529=CARTESIAN_POINT('',(0.,0.00402572142074251,0.00555));
#4530=CARTESIAN_POINT('',(-0.00166750841080743,0.00402572142074251,0.00564375));
#4531=CARTESIAN_POINT('',(-0.00284661491577497,0.00284661491577497,0.0057375));
#4532=CARTESIAN_POINT('',(-0.00402572142074251,0.00166750841080743,0.00583125));
#4533=CARTESIAN_POINT('',(-0.00402572142074251,2.53096966658903E-18,0.005925));
#4534=CARTESIAN_POINT('',(-0.00402572142074251,-0.00166750841080743,0.00601875));
#4535=CARTESIAN_POINT('',(-0.00284661491577497,-0.00284661491577497,0.0061125));
#4536=CARTESIAN_POINT('',(-0.00166750841080743,-0.00402572142074251,0.00620625000000001));
#4537=CARTESIAN_POINT('',(-4.93008685217125E-19,-0.00402572142074251,0.0063));
#4538=CARTESIAN_POINT('',(0.00166750841080743,-0.00402572142074251,0.00639375));
#4539=CARTESIAN_POINT('',(0.00284661491577497,-0.00284661491577497,0.0064875));
#4540=CARTESIAN_POINT('',(0.00402572142074251,-0.00166750841080743,0.00658125));
#4541=CARTESIAN_POINT('',(0.00402572142074251,1.56837366618847E-18,0.006675));
#4542=CARTESIAN_POINT('',(0.00402572142074251,0.00166750841080743,0.00676875000000001));
#4543=CARTESIAN_POINT('',(0.00284661491577497,0.00284661491577497,0.0068625));
#4544=CARTESIAN_POINT('',(0.00166750841080743,0.00402572142074251,0.00695625));
#4545=CARTESIAN_POINT('',(0.,0.00402572142074251,0.00705));
#4546=CARTESIAN_POINT('',(-0.00166750841080743,0.00402572142074251,0.00714375));
#4547=CARTESIAN_POINT('',(-0.00284661491577497,0.00284661491577497,0.0072375));
#4548=CARTESIAN_POINT('',(-0.00402572142074251,0.00166750841080743,0.00733125));
#4549=CARTESIAN_POINT('',(-0.00402572142074251,2.57781240665641E-18,0.007425));
#4550=CARTESIAN_POINT('',(-0.00402572142074251,-0.00166750841080743,0.00751875));
#4551=CARTESIAN_POINT('',(-0.00284661491577497,-0.00284661491577497,0.0076125));
#4552=CARTESIAN_POINT('',(-0.00166750841080743,-0.00402572142074251,0.00770625000000001));
#4553=CARTESIAN_POINT('',(-4.93008685217125E-19,-0.00402572142074251,0.0078));
#4554=CARTESIAN_POINT('',(0.00166750841080743,-0.00402572142074251,0.00789375));
#4555=CARTESIAN_POINT('',(0.00284661491577497,-0.00284661491577497,0.0079875));
#4556=CARTESIAN_POINT('',(0.00402572142074251,-0.00166750841080743,0.00808125));
#4557=CARTESIAN_POINT('',(0.00402572142074251,1.61521640625586E-18,0.008175));
#4558=CARTESIAN_POINT('',(0.00402572142074251,0.00166750841080743,0.00826875000000001));
#4559=CARTESIAN_POINT('',(0.00284661491577497,0.00284661491577497,0.0083625));
#4560=CARTESIAN_POINT('',(0.00166750841080743,0.00402572142074251,0.00845625));
#4561=CARTESIAN_POINT('',(0.,0.00402572142074251,0.00855));
#4562=CARTESIAN_POINT('',(-0.00166750841080743,0.00402572142074251,0.00864375));
#4563=CARTESIAN_POINT('',(-0.00284661491577497,0.00284661491577497,0.0087375));
#4564=CARTESIAN_POINT('',(-0.00402572142074251,0.00166750841080743,0.00883125000000001));
#4565=CARTESIAN_POINT('',(-0.00402572142074251,2.6246551467238E-18,0.008925));
#4566=CARTESIAN_POINT('',(-0.00402572142074251,-0.00166750841080743,0.00901875));
#4567=CARTESIAN_POINT('',(-0.00284661491577497,-0.00284661491577497,0.0091125));
#4568=CARTESIAN_POINT('',(-0.00166750841080743,-0.00402572142074251,0.00920625));
#4569=CARTESIAN_POINT('',(-4.93008685217125E-19,-0.00402572142074251,0.0093));
#4570=CARTESIAN_POINT('',(0.00166750841080743,-0.00402572142074251,0.00939375));
#4571=CARTESIAN_POINT('',(0.00284661491577497,-0.00284661491577497,0.0094875));
#4572=CARTESIAN_POINT('',(0.00402572142074251,-0.00166750841080743,0.00958125));
#4573=CARTESIAN_POINT('',(0.00402572142074251,1.66205914632324E-18,0.009675));
#4574=CARTESIAN_POINT('',(0.00402572142074251,0.00166750841080743,0.00976875));
#4575=CARTESIAN_POINT('',(0.00284661491577497,0.00284661491577497,0.0098625));
#4576=CARTESIAN_POINT('',(0.00166750841080743,0.00402572142074251,0.00995625));
#4577=CARTESIAN_POINT('',(0.,0.00402572142074251,0.01005));
#4578=CARTESIAN_POINT('',(-0.00166750841080743,0.00402572142074251,0.01014375));
#4579=CARTESIAN_POINT('',(-0.00284661491577497,0.00284661491577497,0.0102375));
#4580=CARTESIAN_POINT('',(-0.00402572142074251,0.00166750841080743,0.01033125));
#4581=CARTESIAN_POINT('',(-0.00402572142074251,2.67149788679119E-18,0.010425));
#4582=CARTESIAN_POINT('',(-0.00402572142074251,-0.00166750841080743,0.01051875));
#4583=CARTESIAN_POINT('',(-0.00284661491577497,-0.00284661491577497,0.0106125));
#4584=CARTESIAN_POINT('',(-0.00166750841080743,-0.00402572142074251,0.01070625));
#4585=CARTESIAN_POINT('',(-4.93008685217125E-19,-0.00402572142074251,0.0108));
#4586=CARTESIAN_POINT('',(0.00166750841080743,-0.00402572142074251,0.01089375));
#4587=CARTESIAN_POINT('',(0.00284661491577497,-0.00284661491577497,0.0109875));
#4588=CARTESIAN_POINT('',(0.00402572142074251,-0.00166750841080743,0.01108125));
#4589=CARTESIAN_POINT('',(0.00402572142074251,1.70890188639063E-18,0.011175));
#4590=CARTESIAN_POINT('',(0.00402572142074251,0.00166750841080743,0.01126875));
#4591=CARTESIAN_POINT('',(0.00284661491577497,0.00284661491577497,0.0113625));
#4592=CARTESIAN_POINT('',(0.00166750841080743,0.00402572142074251,0.01145625));
#4593=CARTESIAN_POINT('',(0.,0.00402572142074251,0.01155));
#4594=CARTESIAN_POINT('',(-0.00166750841080743,0.00402572142074251,0.01164375));
#4595=CARTESIAN_POINT('',(-0.00284661491577497,0.00284661491577497,0.0117375));
#4596=CARTESIAN_POINT('',(-0.00402572142074251,0.00166750841080743,0.01183125));
#4597=CARTESIAN_POINT('',(-0.00402572142074251,2.71834062685857E-18,0.011925));
#4598=CARTESIAN_POINT('',(-0.00402572142074251,-0.00166750841080743,0.01201875));
#4599=CARTESIAN_POINT('',(-0.00284661491577497,-0.00284661491577497,0.0121125));
#4600=CARTESIAN_POINT('',(-0.00166750841080743,-0.00402572142074251,0.01220625));
#4601=CARTESIAN_POINT('',(-4.93008685217125E-19,-0.00402572142074251,0.0123));
#4602=CARTESIAN_POINT('',(0.00166750841080743,-0.00402572142074251,0.01239375));
#4603=CARTESIAN_POINT('',(0.00284661491577497,-0.00284661491577497,0.0124875));
#4604=CARTESIAN_POINT('',(0.00402572142074251,-0.00166750841080743,0.01258125));
#4605=CARTESIAN_POINT('',(0.00402572142074251,1.75574462645802E-18,0.012675));
#4606=CARTESIAN_POINT('',(0.00402572142074251,0.00166750841080743,0.01276875));
#4607=CARTESIAN_POINT('',(0.00284661491577497,0.00284661491577497,0.0128625));
#4608=CARTESIAN_POINT('',(0.00166750841080743,0.00402572142074251,0.01295625));
#4609=CARTESIAN_POINT('',(0.,0.00402572142074251,0.01305));
#4610=CARTESIAN_POINT('',(-0.00166750841080743,0.00402572142074251,0.01314375));
#4611=CARTESIAN_POINT('',(-0.00284661491577497,0.00284661491577497,0.0132375));
#4612=CARTESIAN_POINT('',(-0.00402572142074251,0.00166750841080743,0.01333125));
#4613=CARTESIAN_POINT('',(-0.00402572142074251,2.76518336692596E-18,0.013425));
#4614=CARTESIAN_POINT('',(-0.00402572142074251,-0.00166750841080743,0.01351875));
#4615=CARTESIAN_POINT('',(-0.00284661491577497,-0.00284661491577497,0.0136125));
#4616=CARTESIAN_POINT('',(-0.00166750841080743,-0.00402572142074251,0.01370625));
#4617=CARTESIAN_POINT('',(-4.93008685217125E-19,-0.00402572142074251,0.0138));
#4618=CARTESIAN_POINT('',(0.00166750841080743,-0.00402572142074251,0.01389375));
#4619=CARTESIAN_POINT('',(0.00284661491577497,-0.00284661491577497,0.0139875));
#4620=CARTESIAN_POINT('',(0.00402572142074251,-0.00166750841080743,0.01408125));
#4621=CARTESIAN_POINT('',(0.00402572142074251,1.8025873665254E-18,0.014175));
#4622=CARTESIAN_POINT('',(0.00402572142074251,0.00166750841080743,0.01426875));
#4623=CARTESIAN_POINT('',(0.00284661491577497,0.00284661491577497,0.0143625));
#4624=CARTESIAN_POINT('',(0.00166750841080743,0.00402572142074251,0.01445625));
#4625=CARTESIAN_POINT('',(0.,0.00402572142074251,0.01455));
#4626=CARTESIAN_POINT('',(-0.00166750841080743,0.00402572142074251,0.01464375));
#4627=CARTESIAN_POINT('',(-0.00284661491577497,0.00284661491577497,0.0147375));
#4628=CARTESIAN_POINT('',(-0.00402572142074251,0.00166750841080743,0.01483125));
#4629=CARTESIAN_POINT('',(-0.00402572142074251,2.81202610699334E-18,0.014925));
#4630=CARTESIAN_POINT('',(-0.00402572142074251,-0.00166750841080743,0.01501875));
#4631=CARTESIAN_POINT('',(-0.00284661491577497,-0.00284661491577497,0.0151125));
#4632=CARTESIAN_POINT('',(-0.00166750841080743,-0.00402572142074251,0.01520625));
#4633=CARTESIAN_POINT('',(-4.93008685217125E-19,-0.00402572142074251,0.0153));
#4634=CARTESIAN_POINT('',(0.00166750841080743,-0.00402572142074251,0.01539375));
#4635=CARTESIAN_POINT('',(0.00284661491577497,-0.00284661491577497,0.0154875));
#4636=CARTESIAN_POINT('',(0.00402572142074251,-0.00166750841080743,0.01558125));
#4637=CARTESIAN_POINT('',(0.00402572142074251,1.84943010659279E-18,0.015675));
#4638=CARTESIAN_POINT('',(0.00402572142074251,0.00166750841080743,0.01576875));
#4639=CARTESIAN_POINT('',(0.00284661491577497,0.00284661491577497,0.0158625));
#4640=CARTESIAN_POINT('',(0.00166750841080743,0.00402572142074251,0.01595625));
#4641=CARTESIAN_POINT('',(0.,0.00402572142074251,0.01605));
#4642=CARTESIAN_POINT('',(-0.00166750841080743,0.00402572142074251,0.01614375));
#4643=CARTESIAN_POINT('',(-0.00284661491577497,0.00284661491577497,0.0162375));
#4644=CARTESIAN_POINT('',(-0.00402572142074251,0.00166750841080743,0.01633125));
#4645=CARTESIAN_POINT('',(-0.00402572142074251,2.85886884706073E-18,0.016425));
#4646=CARTESIAN_POINT('',(-0.00402572142074251,-0.00166750841080743,0.01651875));
#4647=CARTESIAN_POINT('',(-0.00284661491577497,-0.00284661491577497,0.0166125));
#4648=CARTESIAN_POINT('',(-0.00166750841080743,-0.00402572142074251,0.01670625));
#4649=CARTESIAN_POINT('',(-4.93008685217125E-19,-0.00402572142074251,0.0168));
#4650=CARTESIAN_POINT('',(0.00166750841080743,-0.00402572142074251,0.01689375));
#4651=CARTESIAN_POINT('',(0.00284661491577497,-0.00284661491577497,0.0169875));
#4652=CARTESIAN_POINT('',(0.00402572142074251,-0.00166750841080743,0.01708125));
#4653=CARTESIAN_POINT('',(0.00402572142074251,1.89627284666017E-18,0.017175));
#4654=CARTESIAN_POINT('',(0.00402572142074251,0.00166750841080743,0.01726875));
#4655=CARTESIAN_POINT('',(0.00284661491577497,0.00284661491577497,0.0173625));
#4656=CARTESIAN_POINT('',(0.00166750841080743,0.00402572142074251,0.01745625));
#4657=CARTESIAN_POINT('',(0.,0.00402572142074251,0.01755));
#4658=CARTESIAN_POINT('',(-0.00166750841080743,0.00402572142074251,0.01764375));
#4659=CARTESIAN_POINT('',(-0.00284661491577497,0.00284661491577497,0.0177375));
#4660=CARTESIAN_POINT('',(-0.00402572142074251,0.00166750841080743,0.01783125));
#4661=CARTESIAN_POINT('',(-0.00402572142074251,2.90571158712812E-18,0.017925));
#4662=CARTESIAN_POINT('',(-0.00402572142074251,-0.00166750841080743,0.01801875));
#4663=CARTESIAN_POINT('',(-0.00284661491577497,-0.00284661491577497,0.0181125));
#4664=CARTESIAN_POINT('',(-0.00166750841080743,-0.00402572142074251,0.01820625));
#4665=CARTESIAN_POINT('',(-4.93008685217125E-19,-0.00402572142074251,0.0183));
#4666=CARTESIAN_POINT('',(0.00166750841080743,-0.00402572142074251,0.01839375));
#4667=CARTESIAN_POINT('',(0.00284661491577497,-0.00284661491577497,0.0184875));
#4668=CARTESIAN_POINT('',(0.00402572142074251,-0.00166750841080743,0.01858125));
#4669=CARTESIAN_POINT('',(0.00402572142074251,1.94311558672756E-18,0.018675));
#4670=CARTESIAN_POINT('',(0.00402572142074251,0.00166750841080743,0.01876875));
#4671=CARTESIAN_POINT('',(0.00284661491577497,0.00284661491577497,0.0188625));
#4672=CARTESIAN_POINT('',(0.00166750841080743,0.00402572142074251,0.01895625));
#4673=CARTESIAN_POINT('',(0.,0.00402572142074251,0.01905));
#4674=CARTESIAN_POINT('',(-0.00166750841080743,0.00402572142074251,0.01914375));
#4675=CARTESIAN_POINT('',(-0.00284661491577497,0.00284661491577497,0.0192375));
#4676=CARTESIAN_POINT('',(-0.00402572142074251,0.00166750841080743,0.01933125));
#4677=CARTESIAN_POINT('',(-0.00402572142074251,2.9525543271955E-18,0.019425));
#4678=CARTESIAN_POINT('',(-0.00402572142074251,-0.00166750841080743,0.01951875));
#4679=CARTESIAN_POINT('',(-0.00284661491577497,-0.00284661491577497,0.0196125));
#4680=CARTESIAN_POINT('',(-0.00166750841080743,-0.00402572142074251,0.01970625));
#4681=CARTESIAN_POINT('',(-4.93008685217125E-19,-0.00402572142074251,0.0198));
#4682=CARTESIAN_POINT('',(0.000861016642722811,-0.00402572142074251,0.0198484077379953));
#4683=CARTESIAN_POINT('',(0.00164670609852558,-0.00367352582439592,0.0199007823041282));
#4684=CARTESIAN_POINT('',(-0.00239357462572816,-0.00323685549082676,-0.0283529415220166));
#4685=CARTESIAN_POINT('',(-0.00132678314601938,-0.00402572142074251,-0.0282745938785874));
#4686=CARTESIAN_POINT('',(-4.93008685217125E-19,-0.00402572142074251,-0.0282));
#4687=CARTESIAN_POINT('',(0.00166750841080743,-0.00402572142074251,-0.02810625));
#4688=CARTESIAN_POINT('',(0.00284661491577497,-0.00284661491577497,-0.0280125));
#4689=CARTESIAN_POINT('',(0.00402572142074251,-0.00166750841080743,-0.02791875));
#4690=CARTESIAN_POINT('',(0.00402572142074251,4.90990644638587E-19,-0.027825));
#4691=CARTESIAN_POINT('',(0.00402572142074251,0.00166750841080743,-0.02773125));
#4692=CARTESIAN_POINT('',(0.00284661491577497,0.00284661491577497,-0.0276375));
#4693=CARTESIAN_POINT('',(0.00166750841080743,0.00402572142074251,-0.02754375));
#4694=CARTESIAN_POINT('',(0.,0.00402572142074251,-0.02745));
#4695=CARTESIAN_POINT('',(-0.00166750841080743,0.00402572142074251,-0.02735625));
#4696=CARTESIAN_POINT('',(-0.00284661491577497,0.00284661491577497,-0.0272625));
#4697=CARTESIAN_POINT('',(-0.00402572142074251,0.00166750841080743,-0.02716875));
#4698=CARTESIAN_POINT('',(-0.00402572142074251,1.50042938510653E-18,-0.027075));
#4699=CARTESIAN_POINT('',(-0.00402572142074251,-0.00166750841080743,-0.02698125));
#4700=CARTESIAN_POINT('',(-0.00284661491577497,-0.00284661491577497,-0.0268875));
#4701=CARTESIAN_POINT('',(-0.00166750841080743,-0.00402572142074251,-0.02679375));
#4702=CARTESIAN_POINT('',(-4.93008685217125E-19,-0.00402572142074251,-0.0267));
#4703=CARTESIAN_POINT('',(0.00166750841080743,-0.00402572142074251,-0.02660625));
#4704=CARTESIAN_POINT('',(0.00284661491577497,-0.00284661491577497,-0.0265125));
#4705=CARTESIAN_POINT('',(0.00402572142074251,-0.00166750841080743,-0.02641875));
#4706=CARTESIAN_POINT('',(0.00402572142074251,5.37833384705974E-19,-0.026325));
#4707=CARTESIAN_POINT('',(0.00402572142074251,0.00166750841080743,-0.02623125));
#4708=CARTESIAN_POINT('',(0.00284661491577497,0.00284661491577497,-0.0261375));
#4709=CARTESIAN_POINT('',(0.00166750841080743,0.00402572142074251,-0.02604375));
#4710=CARTESIAN_POINT('',(0.,0.00402572142074251,-0.02595));
#4711=CARTESIAN_POINT('',(-0.00166750841080743,0.00402572142074251,-0.02585625));
#4712=CARTESIAN_POINT('',(-0.00284661491577497,0.00284661491577497,-0.0257625));
#4713=CARTESIAN_POINT('',(-0.00402572142074251,0.00166750841080743,-0.02566875));
#4714=CARTESIAN_POINT('',(-0.00402572142074251,1.54727212517391E-18,-0.025575));
#4715=CARTESIAN_POINT('',(-0.00402572142074251,-0.00166750841080743,-0.02548125));
#4716=CARTESIAN_POINT('',(-0.00284661491577497,-0.00284661491577497,-0.0253875));
#4717=CARTESIAN_POINT('',(-0.00166750841080743,-0.00402572142074251,-0.02529375));
#4718=CARTESIAN_POINT('',(-4.93008685217125E-19,-0.00402572142074251,-0.0252));
#4719=CARTESIAN_POINT('',(0.00166750841080743,-0.00402572142074251,-0.02510625));
#4720=CARTESIAN_POINT('',(0.00284661491577497,-0.00284661491577497,-0.0250125));
#4721=CARTESIAN_POINT('',(0.00402572142074251,-0.00166750841080743,-0.02491875));
#4722=CARTESIAN_POINT('',(0.00402572142074251,5.8467612477336E-19,-0.024825));
#4723=CARTESIAN_POINT('',(0.00402572142074251,0.00166750841080743,-0.02473125));
#4724=CARTESIAN_POINT('',(0.00284661491577497,0.00284661491577497,-0.0246375));
#4725=CARTESIAN_POINT('',(0.00166750841080743,0.00402572142074251,-0.02454375));
#4726=CARTESIAN_POINT('',(0.,0.00402572142074251,-0.02445));
#4727=CARTESIAN_POINT('',(-0.00166750841080743,0.00402572142074251,-0.02435625));
#4728=CARTESIAN_POINT('',(-0.00284661491577497,0.00284661491577497,-0.0242625));
#4729=CARTESIAN_POINT('',(-0.00402572142074251,0.00166750841080743,-0.02416875));
#4730=CARTESIAN_POINT('',(-0.00402572142074251,1.5941148652413E-18,-0.024075));
#4731=CARTESIAN_POINT('',(-0.00402572142074251,-0.00166750841080743,-0.02398125));
#4732=CARTESIAN_POINT('',(-0.00284661491577497,-0.00284661491577497,-0.0238875));
#4733=CARTESIAN_POINT('',(-0.00166750841080743,-0.00402572142074251,-0.02379375));
#4734=CARTESIAN_POINT('',(-4.93008685217125E-19,-0.00402572142074251,-0.0237));
#4735=CARTESIAN_POINT('',(0.00166750841080743,-0.00402572142074251,-0.02360625));
#4736=CARTESIAN_POINT('',(0.00284661491577497,-0.00284661491577497,-0.0235125));
#4737=CARTESIAN_POINT('',(0.00402572142074251,-0.00166750841080743,-0.02341875));
#4738=CARTESIAN_POINT('',(0.00402572142074251,6.31518864840746E-19,-0.023325));
#4739=CARTESIAN_POINT('',(0.00402572142074251,0.00166750841080743,-0.02323125));
#4740=CARTESIAN_POINT('',(0.00284661491577497,0.00284661491577497,-0.0231375));
#4741=CARTESIAN_POINT('',(0.00166750841080743,0.00402572142074251,-0.02304375));
#4742=CARTESIAN_POINT('',(0.,0.00402572142074251,-0.02295));
#4743=CARTESIAN_POINT('',(-0.00166750841080743,0.00402572142074251,-0.02285625));
#4744=CARTESIAN_POINT('',(-0.00284661491577497,0.00284661491577497,-0.0227625));
#4745=CARTESIAN_POINT('',(-0.00402572142074251,0.00166750841080743,-0.02266875));
#4746=CARTESIAN_POINT('',(-0.00402572142074251,1.64095760530869E-18,-0.022575));
#4747=CARTESIAN_POINT('',(-0.00402572142074251,-0.00166750841080743,-0.02248125));
#4748=CARTESIAN_POINT('',(-0.00284661491577497,-0.00284661491577497,-0.0223875));
#4749=CARTESIAN_POINT('',(-0.00166750841080743,-0.00402572142074251,-0.02229375));
#4750=CARTESIAN_POINT('',(-4.93008685217125E-19,-0.00402572142074251,-0.0222));
#4751=CARTESIAN_POINT('',(0.00166750841080743,-0.00402572142074251,-0.02210625));
#4752=CARTESIAN_POINT('',(0.00284661491577497,-0.00284661491577497,-0.0220125));
#4753=CARTESIAN_POINT('',(0.00402572142074251,-0.00166750841080743,-0.02191875));
#4754=CARTESIAN_POINT('',(0.00402572142074251,6.78361604908133E-19,-0.021825));
#4755=CARTESIAN_POINT('',(0.00402572142074251,0.00166750841080743,-0.02173125));
#4756=CARTESIAN_POINT('',(0.00284661491577497,0.00284661491577497,-0.0216375));
#4757=CARTESIAN_POINT('',(0.00166750841080743,0.00402572142074251,-0.02154375));
#4758=CARTESIAN_POINT('',(0.,0.00402572142074251,-0.02145));
#4759=CARTESIAN_POINT('',(-0.00166750841080743,0.00402572142074251,-0.02135625));
#4760=CARTESIAN_POINT('',(-0.00284661491577497,0.00284661491577497,-0.0212625));
#4761=CARTESIAN_POINT('',(-0.00402572142074251,0.00166750841080743,-0.02116875));
#4762=CARTESIAN_POINT('',(-0.00402572142074251,1.68780034537607E-18,-0.021075));
#4763=CARTESIAN_POINT('',(-0.00402572142074251,-0.00166750841080743,-0.02098125));
#4764=CARTESIAN_POINT('',(-0.00284661491577497,-0.00284661491577497,-0.0208875));
#4765=CARTESIAN_POINT('',(-0.00166750841080743,-0.00402572142074251,-0.02079375));
#4766=CARTESIAN_POINT('',(-4.93008685217125E-19,-0.00402572142074251,-0.0207));
#4767=CARTESIAN_POINT('',(0.00166750841080743,-0.00402572142074251,-0.02060625));
#4768=CARTESIAN_POINT('',(0.00284661491577497,-0.00284661491577497,-0.0205125));
#4769=CARTESIAN_POINT('',(0.00402572142074251,-0.00166750841080743,-0.02041875));
#4770=CARTESIAN_POINT('',(0.00402572142074251,7.25204344975519E-19,-0.020325));
#4771=CARTESIAN_POINT('',(0.00402572142074251,0.00166750841080743,-0.02023125));
#4772=CARTESIAN_POINT('',(0.00284661491577497,0.00284661491577497,-0.0201375));
#4773=CARTESIAN_POINT('',(0.00166750841080743,0.00402572142074251,-0.02004375));
#4774=CARTESIAN_POINT('',(0.,0.00402572142074251,-0.01995));
#4775=CARTESIAN_POINT('',(-0.00166750841080743,0.00402572142074251,-0.01985625));
#4776=CARTESIAN_POINT('',(-0.00284661491577497,0.00284661491577497,-0.0197625));
#4777=CARTESIAN_POINT('',(-0.00402572142074251,0.00166750841080743,-0.01966875));
#4778=CARTESIAN_POINT('',(-0.00402572142074251,1.73464308544346E-18,-0.019575));
#4779=CARTESIAN_POINT('',(-0.00402572142074251,-0.00166750841080743,-0.01948125));
#4780=CARTESIAN_POINT('',(-0.00284661491577497,-0.00284661491577497,-0.0193875));
#4781=CARTESIAN_POINT('',(-0.00166750841080743,-0.00402572142074251,-0.01929375));
#4782=CARTESIAN_POINT('',(-4.93008685217125E-19,-0.00402572142074251,-0.0192));
#4783=CARTESIAN_POINT('',(0.00166750841080743,-0.00402572142074251,-0.01910625));
#4784=CARTESIAN_POINT('',(0.00284661491577497,-0.00284661491577497,-0.0190125));
#4785=CARTESIAN_POINT('',(0.00402572142074251,-0.00166750841080743,-0.01891875));
#4786=CARTESIAN_POINT('',(0.00402572142074251,7.72047085042905E-19,-0.018825));
#4787=CARTESIAN_POINT('',(0.00402572142074251,0.00166750841080743,-0.01873125));
#4788=CARTESIAN_POINT('',(0.00284661491577497,0.00284661491577497,-0.0186375));
#4789=CARTESIAN_POINT('',(0.00166750841080743,0.00402572142074251,-0.01854375));
#4790=CARTESIAN_POINT('',(0.,0.00402572142074251,-0.01845));
#4791=CARTESIAN_POINT('',(-0.00166750841080743,0.00402572142074251,-0.01835625));
#4792=CARTESIAN_POINT('',(-0.00284661491577497,0.00284661491577497,-0.0182625));
#4793=CARTESIAN_POINT('',(-0.00402572142074251,0.00166750841080743,-0.01816875));
#4794=CARTESIAN_POINT('',(-0.00402572142074251,1.78148582551085E-18,-0.018075));
#4795=CARTESIAN_POINT('',(-0.00402572142074251,-0.00166750841080743,-0.01798125));
#4796=CARTESIAN_POINT('',(-0.00284661491577497,-0.00284661491577497,-0.0178875));
#4797=CARTESIAN_POINT('',(-0.00166750841080743,-0.00402572142074251,-0.01779375));
#4798=CARTESIAN_POINT('',(-4.93008685217125E-19,-0.00402572142074251,-0.0177));
#4799=CARTESIAN_POINT('',(0.00166750841080743,-0.00402572142074251,-0.01760625));
#4800=CARTESIAN_POINT('',(0.00284661491577497,-0.00284661491577497,-0.0175125));
#4801=CARTESIAN_POINT('',(0.00402572142074251,-0.00166750841080743,-0.01741875));
#4802=CARTESIAN_POINT('',(0.00402572142074251,8.18889825110292E-19,-0.017325));
#4803=CARTESIAN_POINT('',(0.00402572142074251,0.00166750841080743,-0.01723125));
#4804=CARTESIAN_POINT('',(0.00284661491577497,0.00284661491577497,-0.0171375));
#4805=CARTESIAN_POINT('',(0.00166750841080743,0.00402572142074251,-0.01704375));
#4806=CARTESIAN_POINT('',(0.,0.00402572142074251,-0.01695));
#4807=CARTESIAN_POINT('',(-0.00166750841080743,0.00402572142074251,-0.01685625));
#4808=CARTESIAN_POINT('',(-0.00284661491577497,0.00284661491577497,-0.0167625));
#4809=CARTESIAN_POINT('',(-0.00402572142074251,0.00166750841080743,-0.01666875));
#4810=CARTESIAN_POINT('',(-0.00402572142074251,1.82832856557824E-18,-0.016575));
#4811=CARTESIAN_POINT('',(-0.00402572142074251,-0.00166750841080743,-0.01648125));
#4812=CARTESIAN_POINT('',(-0.00284661491577497,-0.00284661491577497,-0.0163875));
#4813=CARTESIAN_POINT('',(-0.00166750841080743,-0.00402572142074251,-0.01629375));
#4814=CARTESIAN_POINT('',(-4.93008685217125E-19,-0.00402572142074251,-0.0162));
#4815=CARTESIAN_POINT('',(0.00166750841080743,-0.00402572142074251,-0.01610625));
#4816=CARTESIAN_POINT('',(0.00284661491577497,-0.00284661491577497,-0.0160125));
#4817=CARTESIAN_POINT('',(0.00402572142074251,-0.00166750841080743,-0.01591875));
#4818=CARTESIAN_POINT('',(0.00402572142074251,8.65732565177678E-19,-0.015825));
#4819=CARTESIAN_POINT('',(0.00402572142074251,0.00166750841080743,-0.01573125));
#4820=CARTESIAN_POINT('',(0.00284661491577497,0.00284661491577497,-0.0156375));
#4821=CARTESIAN_POINT('',(0.00166750841080743,0.00402572142074251,-0.01554375));
#4822=CARTESIAN_POINT('',(0.,0.00402572142074251,-0.01545));
#4823=CARTESIAN_POINT('',(-0.00166750841080743,0.00402572142074251,-0.01535625));
#4824=CARTESIAN_POINT('',(-0.00284661491577497,0.00284661491577497,-0.0152625));
#4825=CARTESIAN_POINT('',(-0.00402572142074251,0.00166750841080743,-0.01516875));
#4826=CARTESIAN_POINT('',(-0.00402572142074251,1.87517130564562E-18,-0.015075));
#4827=CARTESIAN_POINT('',(-0.00402572142074251,-0.00166750841080743,-0.01498125));
#4828=CARTESIAN_POINT('',(-0.00284661491577497,-0.00284661491577497,-0.0148875));
#4829=CARTESIAN_POINT('',(-0.00166750841080743,-0.00402572142074251,-0.01479375));
#4830=CARTESIAN_POINT('',(-4.93008685217125E-19,-0.00402572142074251,-0.0147));
#4831=CARTESIAN_POINT('',(0.00166750841080743,-0.00402572142074251,-0.01460625));
#4832=CARTESIAN_POINT('',(0.00284661491577497,-0.00284661491577497,-0.0145125));
#4833=CARTESIAN_POINT('',(0.00402572142074251,-0.00166750841080743,-0.01441875));
#4834=CARTESIAN_POINT('',(0.00402572142074251,9.12575305245064E-19,-0.014325));
#4835=CARTESIAN_POINT('',(0.00402572142074251,0.00166750841080743,-0.01423125));
#4836=CARTESIAN_POINT('',(0.00284661491577497,0.00284661491577497,-0.0141375));
#4837=CARTESIAN_POINT('',(0.00166750841080743,0.00402572142074251,-0.01404375));
#4838=CARTESIAN_POINT('',(0.,0.00402572142074251,-0.01395));
#4839=CARTESIAN_POINT('',(-0.00166750841080743,0.00402572142074251,-0.01385625));
#4840=CARTESIAN_POINT('',(-0.00284661491577497,0.00284661491577497,-0.0137625));
#4841=CARTESIAN_POINT('',(-0.00402572142074251,0.00166750841080743,-0.01366875));
#4842=CARTESIAN_POINT('',(-0.00402572142074251,1.922014045713E-18,-0.013575));
#4843=CARTESIAN_POINT('',(-0.00402572142074251,-0.00166750841080743,-0.01348125));
#4844=CARTESIAN_POINT('',(-0.00284661491577497,-0.00284661491577497,-0.0133875));
#4845=CARTESIAN_POINT('',(-0.00166750841080743,-0.00402572142074251,-0.01329375));
#4846=CARTESIAN_POINT('',(-4.93008685217125E-19,-0.00402572142074251,-0.0132));
#4847=CARTESIAN_POINT('',(0.00166750841080743,-0.00402572142074251,-0.01310625));
#4848=CARTESIAN_POINT('',(0.00284661491577497,-0.00284661491577497,-0.0130125));
#4849=CARTESIAN_POINT('',(0.00402572142074251,-0.00166750841080743,-0.01291875));
#4850=CARTESIAN_POINT('',(0.00402572142074251,9.59418045312451E-19,-0.012825));
#4851=CARTESIAN_POINT('',(0.00402572142074251,0.00166750841080743,-0.01273125));
#4852=CARTESIAN_POINT('',(0.00284661491577497,0.00284661491577497,-0.0126375));
#4853=CARTESIAN_POINT('',(0.00166750841080743,0.00402572142074251,-0.01254375));
#4854=CARTESIAN_POINT('',(0.,0.00402572142074251,-0.01245));
#4855=CARTESIAN_POINT('',(-0.00166750841080743,0.00402572142074251,-0.01235625));
#4856=CARTESIAN_POINT('',(-0.00284661491577497,0.00284661491577497,-0.0122625));
#4857=CARTESIAN_POINT('',(-0.00402572142074251,0.00166750841080743,-0.01216875));
#4858=CARTESIAN_POINT('',(-0.00402572142074251,1.96885678578039E-18,-0.012075));
#4859=CARTESIAN_POINT('',(-0.00402572142074251,-0.00166750841080743,-0.01198125));
#4860=CARTESIAN_POINT('',(-0.00284661491577497,-0.00284661491577497,-0.0118875));
#4861=CARTESIAN_POINT('',(-0.00166750841080743,-0.00402572142074251,-0.01179375));
#4862=CARTESIAN_POINT('',(-4.93008685217125E-19,-0.00402572142074251,-0.0117));
#4863=CARTESIAN_POINT('',(0.00166750841080743,-0.00402572142074251,-0.01160625));
#4864=CARTESIAN_POINT('',(0.00284661491577497,-0.00284661491577497,-0.0115125));
#4865=CARTESIAN_POINT('',(0.00402572142074251,-0.00166750841080743,-0.01141875));
#4866=CARTESIAN_POINT('',(0.00402572142074251,1.00626078537984E-18,-0.011325));
#4867=CARTESIAN_POINT('',(0.00402572142074251,0.00166750841080743,-0.01123125));
#4868=CARTESIAN_POINT('',(0.00284661491577497,0.00284661491577497,-0.0111375));
#4869=CARTESIAN_POINT('',(0.00166750841080743,0.00402572142074251,-0.01104375));
#4870=CARTESIAN_POINT('',(0.,0.00402572142074251,-0.01095));
#4871=CARTESIAN_POINT('',(-0.00166750841080743,0.00402572142074251,-0.01085625));
#4872=CARTESIAN_POINT('',(-0.00284661491577497,0.00284661491577497,-0.0107625));
#4873=CARTESIAN_POINT('',(-0.00402572142074251,0.00166750841080743,-0.01066875));
#4874=CARTESIAN_POINT('',(-0.00402572142074251,2.01569952584778E-18,-0.010575));
#4875=CARTESIAN_POINT('',(-0.00402572142074251,-0.00166750841080743,-0.01048125));
#4876=CARTESIAN_POINT('',(-0.00284661491577497,-0.00284661491577497,-0.0103875));
#4877=CARTESIAN_POINT('',(-0.00166750841080743,-0.00402572142074251,-0.01029375));
#4878=CARTESIAN_POINT('',(-4.93008685217125E-19,-0.00402572142074251,-0.0102));
#4879=CARTESIAN_POINT('',(0.00166750841080743,-0.00402572142074251,-0.01010625));
#4880=CARTESIAN_POINT('',(0.00284661491577497,-0.00284661491577497,-0.0100125));
#4881=CARTESIAN_POINT('',(0.00402572142074251,-0.00166750841080743,-0.00991874999999999));
#4882=CARTESIAN_POINT('',(0.00402572142074251,1.05310352544722E-18,-0.009825));
#4883=CARTESIAN_POINT('',(0.00402572142074251,0.00166750841080743,-0.00973125));
#4884=CARTESIAN_POINT('',(0.00284661491577497,0.00284661491577497,-0.0096375));
#4885=CARTESIAN_POINT('',(0.00166750841080743,0.00402572142074251,-0.00954374999999999));
#4886=CARTESIAN_POINT('',(0.,0.00402572142074251,-0.00945));
#4887=CARTESIAN_POINT('',(-0.00166750841080743,0.00402572142074251,-0.00935625));
#4888=CARTESIAN_POINT('',(-0.00284661491577497,0.00284661491577497,-0.0092625));
#4889=CARTESIAN_POINT('',(-0.00402572142074251,0.00166750841080743,-0.00916875));
#4890=CARTESIAN_POINT('',(-0.00402572142074251,2.06254226591516E-18,-0.009075));
#4891=CARTESIAN_POINT('',(-0.00402572142074251,-0.00166750841080743,-0.00898124999999999));
#4892=CARTESIAN_POINT('',(-0.00284661491577497,-0.00284661491577497,-0.0088875));
#4893=CARTESIAN_POINT('',(-0.00166750841080743,-0.00402572142074251,-0.00879374999999999));
#4894=CARTESIAN_POINT('',(-4.93008685217125E-19,-0.00402572142074251,-0.0087));
#4895=CARTESIAN_POINT('',(0.00166750841080743,-0.00402572142074251,-0.00860625));
#4896=CARTESIAN_POINT('',(0.00284661491577497,-0.00284661491577497,-0.0085125));
#4897=CARTESIAN_POINT('',(0.00402572142074251,-0.00166750841080743,-0.00841874999999999));
#4898=CARTESIAN_POINT('',(0.00402572142074251,1.09994626551461E-18,-0.008325));
#4899=CARTESIAN_POINT('',(0.00402572142074251,0.00166750841080743,-0.00823125));
#4900=CARTESIAN_POINT('',(0.00284661491577497,0.00284661491577497,-0.0081375));
#4901=CARTESIAN_POINT('',(0.00166750841080743,0.00402572142074251,-0.00804375));
#4902=CARTESIAN_POINT('',(0.,0.00402572142074251,-0.00795));
#4903=CARTESIAN_POINT('',(-0.00166750841080743,0.00402572142074251,-0.00785624999999999));
#4904=CARTESIAN_POINT('',(-0.00284661491577497,0.00284661491577497,-0.0077625));
#4905=CARTESIAN_POINT('',(-0.00402572142074251,0.00166750841080743,-0.00766875));
#4906=CARTESIAN_POINT('',(-0.00402572142074251,2.10938500598255E-18,-0.007575));
#4907=CARTESIAN_POINT('',(-0.00402572142074251,-0.00166750841080743,-0.00748124999999999));
#4908=CARTESIAN_POINT('',(-0.00284661491577497,-0.00284661491577497,-0.0073875));
#4909=CARTESIAN_POINT('',(-0.00166750841080743,-0.00402572142074251,-0.00729374999999999));
#4910=CARTESIAN_POINT('',(-4.93008685217125E-19,-0.00402572142074251,-0.0072));
#4911=CARTESIAN_POINT('',(0.00166750841080743,-0.00402572142074251,-0.00710625));
#4912=CARTESIAN_POINT('',(0.00284661491577497,-0.00284661491577497,-0.0070125));
#4913=CARTESIAN_POINT('',(0.00402572142074251,-0.00166750841080743,-0.00691874999999999));
#4914=CARTESIAN_POINT('',(0.00402572142074251,1.146789005582E-18,-0.006825));
#4915=CARTESIAN_POINT('',(0.00402572142074251,0.00166750841080743,-0.00673125));
#4916=CARTESIAN_POINT('',(0.00284661491577497,0.00284661491577497,-0.0066375));
#4917=CARTESIAN_POINT('',(0.00166750841080743,0.00402572142074251,-0.00654374999999999));
#4918=CARTESIAN_POINT('',(0.,0.00402572142074251,-0.00645));
#4919=CARTESIAN_POINT('',(-0.00166750841080743,0.00402572142074251,-0.00635625));
#4920=CARTESIAN_POINT('',(-0.00284661491577497,0.00284661491577497,-0.0062625));
#4921=CARTESIAN_POINT('',(-0.00402572142074251,0.00166750841080743,-0.00616875));
#4922=CARTESIAN_POINT('',(-0.00402572142074251,2.15622774604994E-18,-0.006075));
#4923=CARTESIAN_POINT('',(-0.00402572142074251,-0.00166750841080743,-0.00598125));
#4924=CARTESIAN_POINT('',(-0.00284661491577497,-0.00284661491577497,-0.0058875));
#4925=CARTESIAN_POINT('',(-0.00166750841080743,-0.00402572142074251,-0.00579375));
#4926=CARTESIAN_POINT('',(-4.93008685217125E-19,-0.00402572142074251,-0.0057));
#4927=CARTESIAN_POINT('',(0.00166750841080743,-0.00402572142074251,-0.00560625));
#4928=CARTESIAN_POINT('',(0.00284661491577497,-0.00284661491577497,-0.0055125));
#4929=CARTESIAN_POINT('',(0.00402572142074251,-0.00166750841080743,-0.00541874999999999));
#4930=CARTESIAN_POINT('',(0.00402572142074251,1.19363174564938E-18,-0.005325));
#4931=CARTESIAN_POINT('',(0.00402572142074251,0.00166750841080743,-0.00523125));
#4932=CARTESIAN_POINT('',(0.00284661491577497,0.00284661491577497,-0.0051375));
#4933=CARTESIAN_POINT('',(0.00166750841080743,0.00402572142074251,-0.00504375));
#4934=CARTESIAN_POINT('',(0.,0.00402572142074251,-0.00495));
#4935=CARTESIAN_POINT('',(-0.00166750841080743,0.00402572142074251,-0.00485625));
#4936=CARTESIAN_POINT('',(-0.00284661491577497,0.00284661491577497,-0.0047625));
#4937=CARTESIAN_POINT('',(-0.00402572142074251,0.00166750841080743,-0.00466875));
#4938=CARTESIAN_POINT('',(-0.00402572142074251,2.20307048611732E-18,-0.004575));
#4939=CARTESIAN_POINT('',(-0.00402572142074251,-0.00166750841080743,-0.00448124999999999));
#4940=CARTESIAN_POINT('',(-0.00284661491577497,-0.00284661491577497,-0.0043875));
#4941=CARTESIAN_POINT('',(-0.00166750841080743,-0.00402572142074251,-0.00429375));
#4942=CARTESIAN_POINT('',(-4.93008685217125E-19,-0.00402572142074251,-0.0042));
#4943=CARTESIAN_POINT('',(0.00166750841080743,-0.00402572142074251,-0.00410624999999999));
#4944=CARTESIAN_POINT('',(0.00284661491577497,-0.00284661491577497,-0.0040125));
#4945=CARTESIAN_POINT('',(0.00402572142074251,-0.00166750841080743,-0.00391874999999999));
#4946=CARTESIAN_POINT('',(0.00402572142074251,1.24047448571677E-18,-0.003825));
#4947=CARTESIAN_POINT('',(0.00402572142074251,0.00166750841080743,-0.00373125));
#4948=CARTESIAN_POINT('',(0.00284661491577497,0.00284661491577497,-0.0036375));
#4949=CARTESIAN_POINT('',(0.00166750841080743,0.00402572142074251,-0.00354375));
#4950=CARTESIAN_POINT('',(0.,0.00402572142074251,-0.00345));
#4951=CARTESIAN_POINT('',(-0.00166750841080743,0.00402572142074251,-0.00335624999999999));
#4952=CARTESIAN_POINT('',(-0.00284661491577497,0.00284661491577497,-0.0032625));
#4953=CARTESIAN_POINT('',(-0.00402572142074251,0.00166750841080743,-0.00316874999999999));
#4954=CARTESIAN_POINT('',(-0.00402572142074251,2.24991322618471E-18,-0.003075));
#4955=CARTESIAN_POINT('',(-0.00402572142074251,-0.00166750841080743,-0.00298125));
#4956=CARTESIAN_POINT('',(-0.00284661491577497,-0.00284661491577497,-0.0028875));
#4957=CARTESIAN_POINT('',(-0.00166750841080743,-0.00402572142074251,-0.00279375));
#4958=CARTESIAN_POINT('',(-4.93008685217125E-19,-0.00402572142074251,-0.0027));
#4959=CARTESIAN_POINT('',(0.00166750841080743,-0.00402572142074251,-0.00260625));
#4960=CARTESIAN_POINT('',(0.00284661491577497,-0.00284661491577497,-0.0025125));
#4961=CARTESIAN_POINT('',(0.00402572142074251,-0.00166750841080743,-0.00241874999999999));
#4962=CARTESIAN_POINT('',(0.00402572142074251,1.28731722578415E-18,-0.002325));
#4963=CARTESIAN_POINT('',(0.00402572142074251,0.00166750841080743,-0.00223125));
#4964=CARTESIAN_POINT('',(0.00284661491577497,0.00284661491577497,-0.0021375));
#4965=CARTESIAN_POINT('',(0.00166750841080743,0.00402572142074251,-0.00204375));
#4966=CARTESIAN_POINT('',(0.,0.00402572142074251,-0.00195));
#4967=CARTESIAN_POINT('',(-0.00166750841080743,0.00402572142074251,-0.00185625));
#4968=CARTESIAN_POINT('',(-0.00284661491577497,0.00284661491577497,-0.0017625));
#4969=CARTESIAN_POINT('',(-0.00402572142074251,0.00166750841080743,-0.00166874999999999));
#4970=CARTESIAN_POINT('',(-0.00402572142074251,2.2967559662521E-18,-0.001575));
#4971=CARTESIAN_POINT('',(-0.00402572142074251,-0.00166750841080743,-0.00148125));
#4972=CARTESIAN_POINT('',(-0.00284661491577497,-0.00284661491577497,-0.0013875));
#4973=CARTESIAN_POINT('',(-0.00166750841080743,-0.00402572142074251,-0.00129375));
#4974=CARTESIAN_POINT('',(-4.93008685217125E-19,-0.00402572142074251,-0.0012));
#4975=CARTESIAN_POINT('',(0.00166750841080743,-0.00402572142074251,-0.00110624999999999));
#4976=CARTESIAN_POINT('',(0.00284661491577497,-0.00284661491577497,-0.0010125));
#4977=CARTESIAN_POINT('',(0.00402572142074251,-0.00166750841080743,-0.000918749999999996));
#4978=CARTESIAN_POINT('',(0.00402572142074251,1.33415996585154E-18,-0.000825));
#4979=CARTESIAN_POINT('',(0.00402572142074251,0.00166750841080743,-0.000731249999999996));
#4980=CARTESIAN_POINT('',(0.00284661491577497,0.00284661491577497,-0.0006375));
#4981=CARTESIAN_POINT('',(0.00166750841080743,0.00402572142074251,-0.000543749999999996));
#4982=CARTESIAN_POINT('',(0.,0.00402572142074251,-0.000449999999999995));
#4983=CARTESIAN_POINT('',(-0.00166750841080743,0.00402572142074251,-0.000356249999999995));
#4984=CARTESIAN_POINT('',(-0.00284661491577497,0.00284661491577497,-0.000262499999999995));
#4985=CARTESIAN_POINT('',(-0.00402572142074251,0.00166750841080743,-0.000168749999999996));
#4986=CARTESIAN_POINT('',(-0.00402572142074251,2.34359870631948E-18,-7.49999999999952E-5));
#4987=CARTESIAN_POINT('',(-0.00402572142074251,-0.00166750841080743,1.87500000000049E-5));
#4988=CARTESIAN_POINT('',(-0.00284661491577497,-0.00284661491577497,0.000112500000000005));
#4989=CARTESIAN_POINT('',(-0.00166750841080743,-0.00402572142074251,0.000206250000000005));
#4990=CARTESIAN_POINT('',(-4.93008685217125E-19,-0.00402572142074251,0.000300000000000005));
#4991=CARTESIAN_POINT('',(0.00166750841080743,-0.00402572142074251,0.000393750000000005));
#4992=CARTESIAN_POINT('',(0.00284661491577497,-0.00284661491577497,0.0004875));
#4993=CARTESIAN_POINT('',(0.00402572142074251,-0.00166750841080743,0.000581250000000005));
#4994=CARTESIAN_POINT('',(0.00402572142074251,1.38100270591893E-18,0.000675));
#4995=CARTESIAN_POINT('',(0.00402572142074251,0.00166750841080743,0.000768750000000006));
#4996=CARTESIAN_POINT('',(0.00284661491577497,0.00284661491577497,0.0008625));
#4997=CARTESIAN_POINT('',(0.00166750841080743,0.00402572142074251,0.000956250000000005));
#4998=CARTESIAN_POINT('',(0.,0.00402572142074251,0.00105));
#4999=CARTESIAN_POINT('',(-0.00166750841080743,0.00402572142074251,0.00114375));
#5000=CARTESIAN_POINT('',(-0.00284661491577497,0.00284661491577497,0.0012375));
#5001=CARTESIAN_POINT('',(-0.00402572142074251,0.00166750841080743,0.00133125));
#5002=CARTESIAN_POINT('',(-0.00402572142074251,2.39044144638687E-18,0.001425));
#5003=CARTESIAN_POINT('',(-0.00402572142074251,-0.00166750841080743,0.00151875));
#5004=CARTESIAN_POINT('',(-0.00284661491577497,-0.00284661491577497,0.0016125));
#5005=CARTESIAN_POINT('',(-0.00166750841080743,-0.00402572142074251,0.00170625));
#5006=CARTESIAN_POINT('',(-4.93008685217125E-19,-0.00402572142074251,0.0018));
#5007=CARTESIAN_POINT('',(0.00166750841080743,-0.00402572142074251,0.00189375));
#5008=CARTESIAN_POINT('',(0.00284661491577497,-0.00284661491577497,0.0019875));
#5009=CARTESIAN_POINT('',(0.00402572142074251,-0.00166750841080743,0.00208125));
#5010=CARTESIAN_POINT('',(0.00402572142074251,1.42784544598631E-18,0.002175));
#5011=CARTESIAN_POINT('',(0.00402572142074251,0.00166750841080743,0.00226875));
#5012=CARTESIAN_POINT('',(0.00284661491577497,0.00284661491577497,0.0023625));
#5013=CARTESIAN_POINT('',(0.00166750841080743,0.00402572142074251,0.00245625000000001));
#5014=CARTESIAN_POINT('',(0.,0.00402572142074251,0.00255));
#5015=CARTESIAN_POINT('',(-0.00166750841080743,0.00402572142074251,0.00264375000000001));
#5016=CARTESIAN_POINT('',(-0.00284661491577497,0.00284661491577497,0.0027375));
#5017=CARTESIAN_POINT('',(-0.00402572142074251,0.00166750841080743,0.00283125000000001));
#5018=CARTESIAN_POINT('',(-0.00402572142074251,2.43728418645425E-18,0.002925));
#5019=CARTESIAN_POINT('',(-0.00402572142074251,-0.00166750841080743,0.00301875000000001));
#5020=CARTESIAN_POINT('',(-0.00284661491577497,-0.00284661491577497,0.0031125));
#5021=CARTESIAN_POINT('',(-0.00166750841080743,-0.00402572142074251,0.00320625));
#5022=CARTESIAN_POINT('',(-4.93008685217125E-19,-0.00402572142074251,0.0033));
#5023=CARTESIAN_POINT('',(0.00166750841080743,-0.00402572142074251,0.00339375));
#5024=CARTESIAN_POINT('',(0.00284661491577497,-0.00284661491577497,0.0034875));
#5025=CARTESIAN_POINT('',(0.00402572142074251,-0.00166750841080743,0.00358125));
#5026=CARTESIAN_POINT('',(0.00402572142074251,1.4746881860537E-18,0.003675));
#5027=CARTESIAN_POINT('',(0.00402572142074251,0.00166750841080743,0.00376875));
#5028=CARTESIAN_POINT('',(0.00284661491577497,0.00284661491577497,0.0038625));
#5029=CARTESIAN_POINT('',(0.00166750841080743,0.00402572142074251,0.00395625));
#5030=CARTESIAN_POINT('',(0.,0.00402572142074251,0.00405));
#5031=CARTESIAN_POINT('',(-0.00166750841080743,0.00402572142074251,0.00414375));
#5032=CARTESIAN_POINT('',(-0.00284661491577497,0.00284661491577497,0.0042375));
#5033=CARTESIAN_POINT('',(-0.00402572142074251,0.00166750841080743,0.00433125));
#5034=CARTESIAN_POINT('',(-0.00402572142074251,2.48412692652164E-18,0.004425));
#5035=CARTESIAN_POINT('',(-0.00402572142074251,-0.00166750841080743,0.00451875));
#5036=CARTESIAN_POINT('',(-0.00284661491577497,-0.00284661491577497,0.0046125));
#5037=CARTESIAN_POINT('',(-0.00166750841080743,-0.00402572142074251,0.00470625));
#5038=CARTESIAN_POINT('',(-4.93008685217125E-19,-0.00402572142074251,0.0048));
#5039=CARTESIAN_POINT('',(0.00166750841080743,-0.00402572142074251,0.00489375));
#5040=CARTESIAN_POINT('',(0.00284661491577497,-0.00284661491577497,0.0049875));
#5041=CARTESIAN_POINT('',(0.00402572142074251,-0.00166750841080743,0.00508125));
#5042=CARTESIAN_POINT('',(0.00402572142074251,1.52153092612108E-18,0.005175));
#5043=CARTESIAN_POINT('',(0.00402572142074251,0.00166750841080743,0.00526875000000001));
#5044=CARTESIAN_POINT('',(0.00284661491577497,0.00284661491577497,0.0053625));
#5045=CARTESIAN_POINT('',(0.00166750841080743,0.00402572142074251,0.00545625));
#5046=CARTESIAN_POINT('',(0.,0.00402572142074251,0.00555));
#5047=CARTESIAN_POINT('',(-0.00166750841080743,0.00402572142074251,0.00564375));
#5048=CARTESIAN_POINT('',(-0.00284661491577497,0.00284661491577497,0.0057375));
#5049=CARTESIAN_POINT('',(-0.00402572142074251,0.00166750841080743,0.00583125));
#5050=CARTESIAN_POINT('',(-0.00402572142074251,2.53096966658903E-18,0.005925));
#5051=CARTESIAN_POINT('',(-0.00402572142074251,-0.00166750841080743,0.00601875));
#5052=CARTESIAN_POINT('',(-0.00284661491577497,-0.00284661491577497,0.0061125));
#5053=CARTESIAN_POINT('',(-0.00166750841080743,-0.00402572142074251,0.00620625000000001));
#5054=CARTESIAN_POINT('',(-4.93008685217125E-19,-0.00402572142074251,0.0063));
#5055=CARTESIAN_POINT('',(0.00166750841080743,-0.00402572142074251,0.00639375));
#5056=CARTESIAN_POINT('',(0.00284661491577497,-0.00284661491577497,0.0064875));
#5057=CARTESIAN_POINT('',(0.00402572142074251,-0.00166750841080743,0.00658125));
#5058=CARTESIAN_POINT('',(0.00402572142074251,1.56837366618847E-18,0.006675));
#5059=CARTESIAN_POINT('',(0.00402572142074251,0.00166750841080743,0.00676875000000001));
#5060=CARTESIAN_POINT('',(0.00284661491577497,0.00284661491577497,0.0068625));
#5061=CARTESIAN_POINT('',(0.00166750841080743,0.00402572142074251,0.00695625));
#5062=CARTESIAN_POINT('',(0.,0.00402572142074251,0.00705));
#5063=CARTESIAN_POINT('',(-0.00166750841080743,0.00402572142074251,0.00714375));
#5064=CARTESIAN_POINT('',(-0.00284661491577497,0.00284661491577497,0.0072375));
#5065=CARTESIAN_POINT('',(-0.00402572142074251,0.00166750841080743,0.00733125000000001));
#5066=CARTESIAN_POINT('',(-0.00402572142074251,2.57781240665641E-18,0.007425));
#5067=CARTESIAN_POINT('',(-0.00402572142074251,-0.00166750841080743,0.00751875));
#5068=CARTESIAN_POINT('',(-0.00284661491577497,-0.00284661491577497,0.0076125));
#5069=CARTESIAN_POINT('',(-0.00166750841080743,-0.00402572142074251,0.00770625000000001));
#5070=CARTESIAN_POINT('',(-4.93008685217125E-19,-0.00402572142074251,0.0078));
#5071=CARTESIAN_POINT('',(0.00166750841080743,-0.00402572142074251,0.00789375));
#5072=CARTESIAN_POINT('',(0.00284661491577497,-0.00284661491577497,0.0079875));
#5073=CARTESIAN_POINT('',(0.00402572142074251,-0.00166750841080743,0.00808125));
#5074=CARTESIAN_POINT('',(0.00402572142074251,1.61521640625586E-18,0.008175));
#5075=CARTESIAN_POINT('',(0.00402572142074251,0.00166750841080743,0.00826875000000001));
#5076=CARTESIAN_POINT('',(0.00284661491577497,0.00284661491577497,0.0083625));
#5077=CARTESIAN_POINT('',(0.00166750841080743,0.00402572142074251,0.00845625));
#5078=CARTESIAN_POINT('',(0.,0.00402572142074251,0.00855));
#5079=CARTESIAN_POINT('',(-0.00166750841080743,0.00402572142074251,0.00864375));
#5080=CARTESIAN_POINT('',(-0.00284661491577497,0.00284661491577497,0.0087375));
#5081=CARTESIAN_POINT('',(-0.00402572142074251,0.00166750841080743,0.00883125000000001));
#5082=CARTESIAN_POINT('',(-0.00402572142074251,2.6246551467238E-18,0.008925));
#5083=CARTESIAN_POINT('',(-0.00402572142074251,-0.00166750841080743,0.00901875));
#5084=CARTESIAN_POINT('',(-0.00284661491577497,-0.00284661491577497,0.0091125));
#5085=CARTESIAN_POINT('',(-0.00166750841080743,-0.00402572142074251,0.00920625));
#5086=CARTESIAN_POINT('',(-4.93008685217125E-19,-0.00402572142074251,0.0093));
#5087=CARTESIAN_POINT('',(0.00166750841080743,-0.00402572142074251,0.00939375000000001));
#5088=CARTESIAN_POINT('',(0.00284661491577497,-0.00284661491577497,0.0094875));
#5089=CARTESIAN_POINT('',(0.00402572142074251,-0.00166750841080743,0.00958125));
#5090=CARTESIAN_POINT('',(0.00402572142074251,1.66205914632324E-18,0.009675));
#5091=CARTESIAN_POINT('',(0.00402572142074251,0.00166750841080743,0.00976875));
#5092=CARTESIAN_POINT('',(0.00284661491577497,0.00284661491577497,0.0098625));
#5093=CARTESIAN_POINT('',(0.00166750841080743,0.00402572142074251,0.00995625));
#5094=CARTESIAN_POINT('',(0.,0.00402572142074251,0.01005));
#5095=CARTESIAN_POINT('',(-0.00166750841080743,0.00402572142074251,0.01014375));
#5096=CARTESIAN_POINT('',(-0.00284661491577497,0.00284661491577497,0.0102375));
#5097=CARTESIAN_POINT('',(-0.00402572142074251,0.00166750841080743,0.01033125));
#5098=CARTESIAN_POINT('',(-0.00402572142074251,2.67149788679119E-18,0.010425));
#5099=CARTESIAN_POINT('',(-0.00402572142074251,-0.00166750841080743,0.01051875));
#5100=CARTESIAN_POINT('',(-0.00284661491577497,-0.00284661491577497,0.0106125));
#5101=CARTESIAN_POINT('',(-0.00166750841080743,-0.00402572142074251,0.01070625));
#5102=CARTESIAN_POINT('',(-4.93008685217125E-19,-0.00402572142074251,0.0108));
#5103=CARTESIAN_POINT('',(0.00166750841080743,-0.00402572142074251,0.01089375));
#5104=CARTESIAN_POINT('',(0.00284661491577497,-0.00284661491577497,0.0109875));
#5105=CARTESIAN_POINT('',(0.00402572142074251,-0.00166750841080743,0.01108125));
#5106=CARTESIAN_POINT('',(0.00402572142074251,1.70890188639063E-18,0.011175));
#5107=CARTESIAN_POINT('',(0.00402572142074251,0.00166750841080743,0.01126875));
#5108=CARTESIAN_POINT('',(0.00284661491577497,0.00284661491577497,0.0113625));
#5109=CARTESIAN_POINT('',(0.00166750841080743,0.00402572142074251,0.01145625));
#5110=CARTESIAN_POINT('',(0.,0.00402572142074251,0.01155));
#5111=CARTESIAN_POINT('',(-0.00166750841080743,0.00402572142074251,0.01164375));
#5112=CARTESIAN_POINT('',(-0.00284661491577497,0.00284661491577497,0.0117375));
#5113=CARTESIAN_POINT('',(-0.00402572142074251,0.00166750841080743,0.01183125));
#5114=CARTESIAN_POINT('',(-0.00402572142074251,2.71834062685857E-18,0.011925));
#5115=CARTESIAN_POINT('',(-0.00402572142074251,-0.00166750841080743,0.01201875));
#5116=CARTESIAN_POINT('',(-0.00284661491577497,-0.00284661491577497,0.0121125));
#5117=CARTESIAN_POINT('',(-0.00166750841080743,-0.00402572142074251,0.01220625));
#5118=CARTESIAN_POINT('',(-4.93008685217125E-19,-0.00402572142074251,0.0123));
#5119=CARTESIAN_POINT('',(0.00166750841080743,-0.00402572142074251,0.01239375));
#5120=CARTESIAN_POINT('',(0.00284661491577497,-0.00284661491577497,0.0124875));
#5121=CARTESIAN_POINT('',(0.00402572142074251,-0.00166750841080743,0.01258125));
#5122=CARTESIAN_POINT('',(0.00402572142074251,1.75574462645802E-18,0.012675));
#5123=CARTESIAN_POINT('',(0.00402572142074251,0.00166750841080743,0.01276875));
#5124=CARTESIAN_POINT('',(0.00284661491577497,0.00284661491577497,0.0128625));
#5125=CARTESIAN_POINT('',(0.00166750841080743,0.00402572142074251,0.01295625));
#5126=CARTESIAN_POINT('',(0.,0.00402572142074251,0.01305));
#5127=CARTESIAN_POINT('',(-0.00166750841080743,0.00402572142074251,0.01314375));
#5128=CARTESIAN_POINT('',(-0.00284661491577497,0.00284661491577497,0.0132375));
#5129=CARTESIAN_POINT('',(-0.00402572142074251,0.00166750841080743,0.01333125));
#5130=CARTESIAN_POINT('',(-0.00402572142074251,2.76518336692596E-18,0.013425));
#5131=CARTESIAN_POINT('',(-0.00402572142074251,-0.00166750841080743,0.01351875));
#5132=CARTESIAN_POINT('',(-0.00284661491577497,-0.00284661491577497,0.0136125));
#5133=CARTESIAN_POINT('',(-0.00166750841080743,-0.00402572142074251,0.01370625));
#5134=CARTESIAN_POINT('',(-4.93008685217125E-19,-0.00402572142074251,0.0138));
#5135=CARTESIAN_POINT('',(0.00166750841080743,-0.00402572142074251,0.01389375));
#5136=CARTESIAN_POINT('',(0.00284661491577497,-0.00284661491577497,0.0139875));
#5137=CARTESIAN_POINT('',(0.00402572142074251,-0.00166750841080743,0.01408125));
#5138=CARTESIAN_POINT('',(0.00402572142074251,1.8025873665254E-18,0.014175));
#5139=CARTESIAN_POINT('',(0.00402572142074251,0.00166750841080743,0.01426875));
#5140=CARTESIAN_POINT('',(0.00284661491577497,0.00284661491577497,0.0143625));
#5141=CARTESIAN_POINT('',(0.00166750841080743,0.00402572142074251,0.01445625));
#5142=CARTESIAN_POINT('',(0.,0.00402572142074251,0.01455));
#5143=CARTESIAN_POINT('',(-0.00166750841080743,0.00402572142074251,0.01464375));
#5144=CARTESIAN_POINT('',(-0.00284661491577497,0.00284661491577497,0.0147375));
#5145=CARTESIAN_POINT('',(-0.00402572142074251,0.00166750841080743,0.01483125));
#5146=CARTESIAN_POINT('',(-0.00402572142074251,2.81202610699334E-18,0.014925));
#5147=CARTESIAN_POINT('',(-0.00402572142074251,-0.00166750841080743,0.01501875));
#5148=CARTESIAN_POINT('',(-0.00284661491577497,-0.00284661491577497,0.0151125));
#5149=CARTESIAN_POINT('',(-0.00166750841080743,-0.00402572142074251,0.01520625));
#5150=CARTESIAN_POINT('',(-4.93008685217125E-19,-0.00402572142074251,0.0153));
#5151=CARTESIAN_POINT('',(0.00166750841080743,-0.00402572142074251,0.01539375));
#5152=CARTESIAN_POINT('',(0.00284661491577497,-0.00284661491577497,0.0154875));
#5153=CARTESIAN_POINT('',(0.00402572142074251,-0.00166750841080743,0.01558125));
#5154=CARTESIAN_POINT('',(0.00402572142074251,1.84943010659279E-18,0.015675));
#5155=CARTESIAN_POINT('',(0.00402572142074251,0.00166750841080743,0.01576875));
#5156=CARTESIAN_POINT('',(0.00284661491577497,0.00284661491577497,0.0158625));
#5157=CARTESIAN_POINT('',(0.00166750841080743,0.00402572142074251,0.01595625));
#5158=CARTESIAN_POINT('',(0.,0.00402572142074251,0.01605));
#5159=CARTESIAN_POINT('',(-0.00166750841080743,0.00402572142074251,0.01614375));
#5160=CARTESIAN_POINT('',(-0.00284661491577497,0.00284661491577497,0.0162375));
#5161=CARTESIAN_POINT('',(-0.00402572142074251,0.00166750841080743,0.01633125));
#5162=CARTESIAN_POINT('',(-0.00402572142074251,2.85886884706073E-18,0.016425));
#5163=CARTESIAN_POINT('',(-0.00402572142074251,-0.00166750841080743,0.01651875));
#5164=CARTESIAN_POINT('',(-0.00284661491577497,-0.00284661491577497,0.0166125));
#5165=CARTESIAN_POINT('',(-0.00166750841080743,-0.00402572142074251,0.01670625));
#5166=CARTESIAN_POINT('',(-4.93008685217125E-19,-0.00402572142074251,0.0168));
#5167=CARTESIAN_POINT('',(0.00166750841080743,-0.00402572142074251,0.01689375));
#5168=CARTESIAN_POINT('',(0.00284661491577497,-0.00284661491577497,0.0169875));
#5169=CARTESIAN_POINT('',(0.00402572142074251,-0.00166750841080743,0.01708125));
#5170=CARTESIAN_POINT('',(0.00402572142074251,1.89627284666017E-18,0.017175));
#5171=CARTESIAN_POINT('',(0.00402572142074251,0.00166750841080743,0.01726875));
#5172=CARTESIAN_POINT('',(0.00284661491577497,0.00284661491577497,0.0173625));
#5173=CARTESIAN_POINT('',(0.00166750841080743,0.00402572142074251,0.01745625));
#5174=CARTESIAN_POINT('',(0.,0.00402572142074251,0.01755));
#5175=CARTESIAN_POINT('',(-0.00166750841080743,0.00402572142074251,0.01764375));
#5176=CARTESIAN_POINT('',(-0.00284661491577497,0.00284661491577497,0.0177375));
#5177=CARTESIAN_POINT('',(-0.00402572142074251,0.00166750841080743,0.01783125));
#5178=CARTESIAN_POINT('',(-0.00402572142074251,2.90571158712812E-18,0.017925));
#5179=CARTESIAN_POINT('',(-0.00402572142074251,-0.00166750841080743,0.01801875));
#5180=CARTESIAN_POINT('',(-0.00284661491577497,-0.00284661491577497,0.0181125));
#5181=CARTESIAN_POINT('',(-0.00166750841080743,-0.00402572142074251,0.01820625));
#5182=CARTESIAN_POINT('',(-4.93008685217125E-19,-0.00402572142074251,0.0183));
#5183=CARTESIAN_POINT('',(0.00166750841080743,-0.00402572142074251,0.01839375));
#5184=CARTESIAN_POINT('',(0.00284661491577497,-0.00284661491577497,0.0184875));
#5185=CARTESIAN_POINT('',(0.00402572142074251,-0.00166750841080743,0.01858125));
#5186=CARTESIAN_POINT('',(0.00402572142074251,1.94311558672756E-18,0.018675));
#5187=CARTESIAN_POINT('',(0.00402572142074251,0.00166750841080743,0.01876875));
#5188=CARTESIAN_POINT('',(0.00284661491577497,0.00284661491577497,0.0188625));
#5189=CARTESIAN_POINT('',(0.00166750841080743,0.00402572142074251,0.01895625));
#5190=CARTESIAN_POINT('',(0.,0.00402572142074251,0.01905));
#5191=CARTESIAN_POINT('',(-0.00166750841080743,0.00402572142074251,0.01914375));
#5192=CARTESIAN_POINT('',(-0.00284661491577497,0.00284661491577497,0.0192375));
#5193=CARTESIAN_POINT('',(-0.00402572142074251,0.00166750841080743,0.01933125));
#5194=CARTESIAN_POINT('',(-0.00402572142074251,2.9525543271955E-18,0.019425));
#5195=CARTESIAN_POINT('',(-0.00402572142074251,-0.00166750841080743,0.01951875));
#5196=CARTESIAN_POINT('',(-0.00284661491577497,-0.00284661491577497,0.0196125));
#5197=CARTESIAN_POINT('',(-0.00166750841080743,-0.00402572142074251,0.01970625));
#5198=CARTESIAN_POINT('',(-4.93008685217125E-19,-0.00402572142074251,0.0198));
#5199=CARTESIAN_POINT('',(0.00166750841080743,-0.00402572142074251,0.01989375));
#5200=CARTESIAN_POINT('',(0.00284661491577497,-0.00284661491577497,0.0199875));
#5201=CARTESIAN_POINT('',(0.00402572142074251,-0.00166750841080743,0.02008125));
#5202=CARTESIAN_POINT('',(0.00402572142074251,1.98995832679495E-18,0.020175));
#5203=CARTESIAN_POINT('',(0.00402572142074251,0.00166750841080743,0.02026875));
#5204=CARTESIAN_POINT('',(0.00284661491577497,0.00284661491577497,0.0203625));
#5205=CARTESIAN_POINT('',(0.00166750841080743,0.00402572142074251,0.02045625));
#5206=CARTESIAN_POINT('',(0.,0.00402572142074251,0.02055));
#5207=CARTESIAN_POINT('',(-0.00166750841080743,0.00402572142074251,0.02064375));
#5208=CARTESIAN_POINT('',(-0.00284661491577497,0.00284661491577498,0.0207375));
#5209=CARTESIAN_POINT('',(-0.00402572142074251,0.00166750841080743,0.02083125));
#5210=CARTESIAN_POINT('',(-0.00402572142074251,2.99939706726289E-18,0.020925));
#5211=CARTESIAN_POINT('',(-0.00402572142074251,-0.00166750841080743,0.02101875));
#5212=CARTESIAN_POINT('',(-0.00284661491577497,-0.00284661491577497,0.0211125));
#5213=CARTESIAN_POINT('',(-0.00166750841080743,-0.00402572142074251,0.02120625));
#5214=CARTESIAN_POINT('',(-4.93008685217125E-19,-0.00402572142074251,0.0213));
#5215=CARTESIAN_POINT('',(0.00166750841080743,-0.00402572142074251,0.02139375));
#5216=CARTESIAN_POINT('',(0.00284661491577497,-0.00284661491577497,0.0214875));
#5217=CARTESIAN_POINT('',(0.00402572142074251,-0.00166750841080743,0.02158125));
#5218=CARTESIAN_POINT('',(0.00402572142074251,2.03680106686234E-18,0.021675));
#5219=CARTESIAN_POINT('',(0.00402572142074251,0.00166750841080743,0.02176875));
#5220=CARTESIAN_POINT('',(0.00284661491577497,0.00284661491577497,0.0218625));
#5221=CARTESIAN_POINT('',(0.00166750841080743,0.00402572142074251,0.02195625));
#5222=CARTESIAN_POINT('',(0.,0.00402572142074251,0.02205));
#5223=CARTESIAN_POINT('',(-0.00166750841080743,0.00402572142074251,0.02214375));
#5224=CARTESIAN_POINT('',(-0.00284661491577497,0.00284661491577498,0.0222375));
#5225=CARTESIAN_POINT('',(-0.00381389136484698,0.00187933846670296,0.0223144075284705));
#5226=CARTESIAN_POINT('',(-0.0039916047331395,0.000522995804766517,0.0223948018352565));
#5227=CARTESIAN_POINT('',(-0.00297632766736774,-0.00402491839989659,-0.028918816730931));
#5228=CARTESIAN_POINT('',(-0.00164980917814224,-0.00500584603332591,-0.0288404690875019));
#5229=CARTESIAN_POINT('',(-6.13039332173706E-19,-0.00500584603332591,-0.0287658752089144));
#5230=CARTESIAN_POINT('',(0.00207348931815515,-0.00500584603332591,-0.0286721252089144));
#5231=CARTESIAN_POINT('',(0.00353966767574054,-0.00353966767574054,-0.0285783752089144));
#5232=CARTESIAN_POINT('',(0.00500584603332591,-0.00207348931815515,-0.0284846252089144));
#5233=CARTESIAN_POINT('',(0.00500584603332591,2.93273243989212E-19,-0.0283908752089144));
#5234=CARTESIAN_POINT('',(0.00500584603332591,0.00207348931815516,-0.0282971252089144));
#5235=CARTESIAN_POINT('',(0.00353966767574054,0.00353966767574054,-0.0282033752089144));
#5236=CARTESIAN_POINT('',(0.00207348931815516,0.00500584603332591,-0.0281096252089144));
#5237=CARTESIAN_POINT('',(0.,0.00500584603332591,-0.0280158752089144));
#5238=CARTESIAN_POINT('',(-0.00207348931815515,0.00500584603332592,-0.0279221252089144));
#5239=CARTESIAN_POINT('',(-0.00353966767574054,0.00353966767574054,-0.0278283752089144));
#5240=CARTESIAN_POINT('',(-0.00500584603332591,0.00207348931815515,-0.0277346252089144));
#5241=CARTESIAN_POINT('',(-0.00500584603332591,1.54277327837032E-18,-0.0276408752089144));
#5242=CARTESIAN_POINT('',(-0.00500584603332591,-0.00207348931815515,-0.0275471252089144));
#5243=CARTESIAN_POINT('',(-0.00353966767574054,-0.00353966767574053,-0.0274533752089144));
#5244=CARTESIAN_POINT('',(-0.00207348931815515,-0.00500584603332591,-0.0273596252089144));
#5245=CARTESIAN_POINT('',(-6.13039332173706E-19,-0.00500584603332591,-0.0272658752089144));
#5246=CARTESIAN_POINT('',(0.00207348931815515,-0.00500584603332591,-0.0271721252089144));
#5247=CARTESIAN_POINT('',(0.00353966767574054,-0.00353966767574054,-0.0270783752089144));
#5248=CARTESIAN_POINT('',(0.00500584603332591,-0.00207348931815515,-0.0269846252089144));
#5249=CARTESIAN_POINT('',(0.00500584603332591,3.40115984056598E-19,-0.0268908752089144));
#5250=CARTESIAN_POINT('',(0.00500584603332591,0.00207348931815516,-0.0267971252089144));
#5251=CARTESIAN_POINT('',(0.00353966767574054,0.00353966767574054,-0.0267033752089144));
#5252=CARTESIAN_POINT('',(0.00207348931815516,0.00500584603332591,-0.0266096252089144));
#5253=CARTESIAN_POINT('',(0.,0.00500584603332591,-0.0265158752089144));
#5254=CARTESIAN_POINT('',(-0.00207348931815515,0.00500584603332592,-0.0264221252089144));
#5255=CARTESIAN_POINT('',(-0.00353966767574054,0.00353966767574054,-0.0263283752089144));
#5256=CARTESIAN_POINT('',(-0.00500584603332591,0.00207348931815515,-0.0262346252089144));
#5257=CARTESIAN_POINT('',(-0.00500584603332591,1.5896160184377E-18,-0.0261408752089144));
#5258=CARTESIAN_POINT('',(-0.00500584603332591,-0.00207348931815515,-0.0260471252089144));
#5259=CARTESIAN_POINT('',(-0.00353966767574054,-0.00353966767574053,-0.0259533752089144));
#5260=CARTESIAN_POINT('',(-0.00207348931815515,-0.00500584603332591,-0.0258596252089144));
#5261=CARTESIAN_POINT('',(-6.13039332173706E-19,-0.00500584603332591,-0.0257658752089144));
#5262=CARTESIAN_POINT('',(0.00207348931815515,-0.00500584603332591,-0.0256721252089144));
#5263=CARTESIAN_POINT('',(0.00353966767574054,-0.00353966767574054,-0.0255783752089144));
#5264=CARTESIAN_POINT('',(0.00500584603332591,-0.00207348931815515,-0.0254846252089144));
#5265=CARTESIAN_POINT('',(0.00500584603332591,3.86958724123985E-19,-0.0253908752089144));
#5266=CARTESIAN_POINT('',(0.00500584603332591,0.00207348931815516,-0.0252971252089144));
#5267=CARTESIAN_POINT('',(0.00353966767574054,0.00353966767574054,-0.0252033752089144));
#5268=CARTESIAN_POINT('',(0.00207348931815516,0.00500584603332591,-0.0251096252089144));
#5269=CARTESIAN_POINT('',(0.,0.00500584603332591,-0.0250158752089144));
#5270=CARTESIAN_POINT('',(-0.00207348931815515,0.00500584603332592,-0.0249221252089144));
#5271=CARTESIAN_POINT('',(-0.00353966767574054,0.00353966767574054,-0.0248283752089144));
#5272=CARTESIAN_POINT('',(-0.00500584603332591,0.00207348931815515,-0.0247346252089144));
#5273=CARTESIAN_POINT('',(-0.00500584603332591,1.63645875850509E-18,-0.0246408752089144));
#5274=CARTESIAN_POINT('',(-0.00500584603332591,-0.00207348931815515,-0.0245471252089144));
#5275=CARTESIAN_POINT('',(-0.00353966767574054,-0.00353966767574053,-0.0244533752089144));
#5276=CARTESIAN_POINT('',(-0.00207348931815515,-0.00500584603332591,-0.0243596252089144));
#5277=CARTESIAN_POINT('',(-6.13039332173706E-19,-0.00500584603332591,-0.0242658752089144));
#5278=CARTESIAN_POINT('',(0.00207348931815515,-0.00500584603332591,-0.0241721252089144));
#5279=CARTESIAN_POINT('',(0.00353966767574054,-0.00353966767574054,-0.0240783752089144));
#5280=CARTESIAN_POINT('',(0.00500584603332591,-0.00207348931815515,-0.0239846252089144));
#5281=CARTESIAN_POINT('',(0.00500584603332591,4.33801464191371E-19,-0.0238908752089144));
#5282=CARTESIAN_POINT('',(0.00500584603332591,0.00207348931815516,-0.0237971252089144));
#5283=CARTESIAN_POINT('',(0.00353966767574054,0.00353966767574054,-0.0237033752089144));
#5284=CARTESIAN_POINT('',(0.00207348931815516,0.00500584603332591,-0.0236096252089144));
#5285=CARTESIAN_POINT('',(0.,0.00500584603332591,-0.0235158752089144));
#5286=CARTESIAN_POINT('',(-0.00207348931815515,0.00500584603332592,-0.0234221252089144));
#5287=CARTESIAN_POINT('',(-0.00353966767574054,0.00353966767574054,-0.0233283752089144));
#5288=CARTESIAN_POINT('',(-0.00500584603332591,0.00207348931815515,-0.0232346252089144));
#5289=CARTESIAN_POINT('',(-0.00500584603332591,1.68330149857247E-18,-0.0231408752089144));
#5290=CARTESIAN_POINT('',(-0.00500584603332591,-0.00207348931815515,-0.0230471252089144));
#5291=CARTESIAN_POINT('',(-0.00353966767574054,-0.00353966767574053,-0.0229533752089144));
#5292=CARTESIAN_POINT('',(-0.00207348931815515,-0.00500584603332591,-0.0228596252089144));
#5293=CARTESIAN_POINT('',(-6.13039332173706E-19,-0.00500584603332591,-0.0227658752089144));
#5294=CARTESIAN_POINT('',(0.00207348931815515,-0.00500584603332591,-0.0226721252089144));
#5295=CARTESIAN_POINT('',(0.00353966767574054,-0.00353966767574054,-0.0225783752089144));
#5296=CARTESIAN_POINT('',(0.00500584603332591,-0.00207348931815515,-0.0224846252089144));
#5297=CARTESIAN_POINT('',(0.00500584603332591,4.80644204258757E-19,-0.0223908752089144));
#5298=CARTESIAN_POINT('',(0.00500584603332591,0.00207348931815516,-0.0222971252089144));
#5299=CARTESIAN_POINT('',(0.00353966767574054,0.00353966767574054,-0.0222033752089144));
#5300=CARTESIAN_POINT('',(0.00207348931815516,0.00500584603332591,-0.0221096252089144));
#5301=CARTESIAN_POINT('',(0.,0.00500584603332591,-0.0220158752089144));
#5302=CARTESIAN_POINT('',(-0.00207348931815515,0.00500584603332592,-0.0219221252089144));
#5303=CARTESIAN_POINT('',(-0.00353966767574054,0.00353966767574054,-0.0218283752089144));
#5304=CARTESIAN_POINT('',(-0.00500584603332591,0.00207348931815516,-0.0217346252089144));
#5305=CARTESIAN_POINT('',(-0.00500584603332591,1.73014423863986E-18,-0.0216408752089144));
#5306=CARTESIAN_POINT('',(-0.00500584603332591,-0.00207348931815515,-0.0215471252089144));
#5307=CARTESIAN_POINT('',(-0.00353966767574054,-0.00353966767574053,-0.0214533752089144));
#5308=CARTESIAN_POINT('',(-0.00207348931815515,-0.00500584603332591,-0.0213596252089144));
#5309=CARTESIAN_POINT('',(-6.13039332173706E-19,-0.00500584603332591,-0.0212658752089144));
#5310=CARTESIAN_POINT('',(0.00207348931815515,-0.00500584603332591,-0.0211721252089144));
#5311=CARTESIAN_POINT('',(0.00353966767574054,-0.00353966767574053,-0.0210783752089144));
#5312=CARTESIAN_POINT('',(0.00500584603332591,-0.00207348931815515,-0.0209846252089144));
#5313=CARTESIAN_POINT('',(0.00500584603332591,5.27486944326144E-19,-0.0208908752089144));
#5314=CARTESIAN_POINT('',(0.00500584603332591,0.00207348931815516,-0.0207971252089144));
#5315=CARTESIAN_POINT('',(0.00353966767574054,0.00353966767574054,-0.0207033752089144));
#5316=CARTESIAN_POINT('',(0.00207348931815516,0.00500584603332591,-0.0206096252089144));
#5317=CARTESIAN_POINT('',(0.,0.00500584603332591,-0.0205158752089144));
#5318=CARTESIAN_POINT('',(-0.00207348931815515,0.00500584603332592,-0.0204221252089144));
#5319=CARTESIAN_POINT('',(-0.00353966767574054,0.00353966767574054,-0.0203283752089144));
#5320=CARTESIAN_POINT('',(-0.00500584603332591,0.00207348931815516,-0.0202346252089144));
#5321=CARTESIAN_POINT('',(-0.00500584603332591,1.77698697870725E-18,-0.0201408752089144));
#5322=CARTESIAN_POINT('',(-0.00500584603332591,-0.00207348931815515,-0.0200471252089144));
#5323=CARTESIAN_POINT('',(-0.00353966767574054,-0.00353966767574053,-0.0199533752089144));
#5324=CARTESIAN_POINT('',(-0.00207348931815515,-0.00500584603332591,-0.0198596252089144));
#5325=CARTESIAN_POINT('',(-6.13039332173706E-19,-0.00500584603332591,-0.0197658752089144));
#5326=CARTESIAN_POINT('',(0.00207348931815515,-0.00500584603332591,-0.0196721252089144));
#5327=CARTESIAN_POINT('',(0.00353966767574054,-0.00353966767574053,-0.0195783752089144));
#5328=CARTESIAN_POINT('',(0.00500584603332591,-0.00207348931815515,-0.0194846252089144));
#5329=CARTESIAN_POINT('',(0.00500584603332591,5.7432968439353E-19,-0.0193908752089144));
#5330=CARTESIAN_POINT('',(0.00500584603332591,0.00207348931815516,-0.0192971252089144));
#5331=CARTESIAN_POINT('',(0.00353966767574054,0.00353966767574054,-0.0192033752089144));
#5332=CARTESIAN_POINT('',(0.00207348931815516,0.00500584603332591,-0.0191096252089144));
#5333=CARTESIAN_POINT('',(0.,0.00500584603332591,-0.0190158752089144));
#5334=CARTESIAN_POINT('',(-0.00207348931815515,0.00500584603332592,-0.0189221252089144));
#5335=CARTESIAN_POINT('',(-0.00353966767574054,0.00353966767574054,-0.0188283752089144));
#5336=CARTESIAN_POINT('',(-0.00500584603332591,0.00207348931815516,-0.0187346252089144));
#5337=CARTESIAN_POINT('',(-0.00500584603332591,1.82382971877463E-18,-0.0186408752089144));
#5338=CARTESIAN_POINT('',(-0.00500584603332591,-0.00207348931815515,-0.0185471252089144));
#5339=CARTESIAN_POINT('',(-0.00353966767574054,-0.00353966767574053,-0.0184533752089144));
#5340=CARTESIAN_POINT('',(-0.00207348931815515,-0.00500584603332591,-0.0183596252089144));
#5341=CARTESIAN_POINT('',(-6.13039332173706E-19,-0.00500584603332591,-0.0182658752089144));
#5342=CARTESIAN_POINT('',(0.00207348931815515,-0.00500584603332591,-0.0181721252089144));
#5343=CARTESIAN_POINT('',(0.00353966767574054,-0.00353966767574053,-0.0180783752089144));
#5344=CARTESIAN_POINT('',(0.00500584603332591,-0.00207348931815515,-0.0179846252089144));
#5345=CARTESIAN_POINT('',(0.00500584603332591,6.21172424460917E-19,-0.0178908752089144));
#5346=CARTESIAN_POINT('',(0.00500584603332591,0.00207348931815516,-0.0177971252089144));
#5347=CARTESIAN_POINT('',(0.00353966767574054,0.00353966767574054,-0.0177033752089144));
#5348=CARTESIAN_POINT('',(0.00207348931815516,0.00500584603332591,-0.0176096252089144));
#5349=CARTESIAN_POINT('',(0.,0.00500584603332591,-0.0175158752089144));
#5350=CARTESIAN_POINT('',(-0.00207348931815515,0.00500584603332592,-0.0174221252089144));
#5351=CARTESIAN_POINT('',(-0.00353966767574054,0.00353966767574054,-0.0173283752089144));
#5352=CARTESIAN_POINT('',(-0.00500584603332591,0.00207348931815516,-0.0172346252089144));
#5353=CARTESIAN_POINT('',(-0.00500584603332591,1.87067245884202E-18,-0.0171408752089144));
#5354=CARTESIAN_POINT('',(-0.00500584603332591,-0.00207348931815515,-0.0170471252089144));
#5355=CARTESIAN_POINT('',(-0.00353966767574054,-0.00353966767574053,-0.0169533752089144));
#5356=CARTESIAN_POINT('',(-0.00207348931815515,-0.00500584603332591,-0.0168596252089144));
#5357=CARTESIAN_POINT('',(-6.13039332173706E-19,-0.00500584603332591,-0.0167658752089144));
#5358=CARTESIAN_POINT('',(0.00207348931815515,-0.00500584603332591,-0.0166721252089144));
#5359=CARTESIAN_POINT('',(0.00353966767574054,-0.00353966767574053,-0.0165783752089144));
#5360=CARTESIAN_POINT('',(0.00500584603332591,-0.00207348931815515,-0.0164846252089144));
#5361=CARTESIAN_POINT('',(0.00500584603332591,6.68015164528303E-19,-0.0163908752089144));
#5362=CARTESIAN_POINT('',(0.00500584603332591,0.00207348931815516,-0.0162971252089144));
#5363=CARTESIAN_POINT('',(0.00353966767574054,0.00353966767574054,-0.0162033752089144));
#5364=CARTESIAN_POINT('',(0.00207348931815516,0.00500584603332591,-0.0161096252089144));
#5365=CARTESIAN_POINT('',(0.,0.00500584603332591,-0.0160158752089144));
#5366=CARTESIAN_POINT('',(-0.00207348931815515,0.00500584603332592,-0.0159221252089144));
#5367=CARTESIAN_POINT('',(-0.00353966767574054,0.00353966767574054,-0.0158283752089144));
#5368=CARTESIAN_POINT('',(-0.00500584603332591,0.00207348931815516,-0.0157346252089144));
#5369=CARTESIAN_POINT('',(-0.00500584603332591,1.91751519890941E-18,-0.0156408752089144));
#5370=CARTESIAN_POINT('',(-0.00500584603332591,-0.00207348931815515,-0.0155471252089144));
#5371=CARTESIAN_POINT('',(-0.00353966767574054,-0.00353966767574053,-0.0154533752089144));
#5372=CARTESIAN_POINT('',(-0.00207348931815515,-0.00500584603332591,-0.0153596252089144));
#5373=CARTESIAN_POINT('',(-6.13039332173706E-19,-0.00500584603332591,-0.0152658752089144));
#5374=CARTESIAN_POINT('',(0.00207348931815515,-0.00500584603332591,-0.0151721252089144));
#5375=CARTESIAN_POINT('',(0.00353966767574054,-0.00353966767574053,-0.0150783752089144));
#5376=CARTESIAN_POINT('',(0.00500584603332591,-0.00207348931815515,-0.0149846252089144));
#5377=CARTESIAN_POINT('',(0.00500584603332591,7.14857904595689E-19,-0.0148908752089144));
#5378=CARTESIAN_POINT('',(0.00500584603332591,0.00207348931815516,-0.0147971252089144));
#5379=CARTESIAN_POINT('',(0.00353966767574054,0.00353966767574054,-0.0147033752089144));
#5380=CARTESIAN_POINT('',(0.00207348931815516,0.00500584603332592,-0.0146096252089144));
#5381=CARTESIAN_POINT('',(0.,0.00500584603332591,-0.0145158752089144));
#5382=CARTESIAN_POINT('',(-0.00207348931815515,0.00500584603332592,-0.0144221252089144));
#5383=CARTESIAN_POINT('',(-0.00353966767574054,0.00353966767574054,-0.0143283752089144));
#5384=CARTESIAN_POINT('',(-0.00500584603332591,0.00207348931815516,-0.0142346252089144));
#5385=CARTESIAN_POINT('',(-0.00500584603332591,1.96435793897679E-18,-0.0141408752089144));
#5386=CARTESIAN_POINT('',(-0.00500584603332591,-0.00207348931815515,-0.0140471252089144));
#5387=CARTESIAN_POINT('',(-0.00353966767574054,-0.00353966767574053,-0.0139533752089144));
#5388=CARTESIAN_POINT('',(-0.00207348931815515,-0.00500584603332591,-0.0138596252089144));
#5389=CARTESIAN_POINT('',(-6.13039332173706E-19,-0.00500584603332591,-0.0137658752089144));
#5390=CARTESIAN_POINT('',(0.00207348931815515,-0.00500584603332591,-0.0136721252089144));
#5391=CARTESIAN_POINT('',(0.00353966767574054,-0.00353966767574053,-0.0135783752089144));
#5392=CARTESIAN_POINT('',(0.00500584603332591,-0.00207348931815515,-0.0134846252089144));
#5393=CARTESIAN_POINT('',(0.00500584603332591,7.61700644663075E-19,-0.0133908752089144));
#5394=CARTESIAN_POINT('',(0.00500584603332591,0.00207348931815516,-0.0132971252089144));
#5395=CARTESIAN_POINT('',(0.00353966767574054,0.00353966767574054,-0.0132033752089144));
#5396=CARTESIAN_POINT('',(0.00207348931815516,0.00500584603332592,-0.0131096252089144));
#5397=CARTESIAN_POINT('',(0.,0.00500584603332591,-0.0130158752089144));
#5398=CARTESIAN_POINT('',(-0.00207348931815515,0.00500584603332592,-0.0129221252089144));
#5399=CARTESIAN_POINT('',(-0.00353966767574054,0.00353966767574054,-0.0128283752089144));
#5400=CARTESIAN_POINT('',(-0.00500584603332591,0.00207348931815516,-0.0127346252089144));
#5401=CARTESIAN_POINT('',(-0.00500584603332591,2.01120067904418E-18,-0.0126408752089144));
#5402=CARTESIAN_POINT('',(-0.00500584603332591,-0.00207348931815515,-0.0125471252089144));
#5403=CARTESIAN_POINT('',(-0.00353966767574054,-0.00353966767574053,-0.0124533752089144));
#5404=CARTESIAN_POINT('',(-0.00207348931815515,-0.00500584603332591,-0.0123596252089144));
#5405=CARTESIAN_POINT('',(-6.13039332173706E-19,-0.00500584603332591,-0.0122658752089144));
#5406=CARTESIAN_POINT('',(0.00207348931815515,-0.00500584603332591,-0.0121721252089144));
#5407=CARTESIAN_POINT('',(0.00353966767574054,-0.00353966767574053,-0.0120783752089144));
#5408=CARTESIAN_POINT('',(0.00500584603332591,-0.00207348931815515,-0.0119846252089144));
#5409=CARTESIAN_POINT('',(0.00500584603332591,8.08543384730462E-19,-0.0118908752089144));
#5410=CARTESIAN_POINT('',(0.00500584603332591,0.00207348931815516,-0.0117971252089144));
#5411=CARTESIAN_POINT('',(0.00353966767574054,0.00353966767574054,-0.0117033752089144));
#5412=CARTESIAN_POINT('',(0.00207348931815516,0.00500584603332592,-0.0116096252089144));
#5413=CARTESIAN_POINT('',(0.,0.00500584603332591,-0.0115158752089144));
#5414=CARTESIAN_POINT('',(-0.00207348931815515,0.00500584603332592,-0.0114221252089144));
#5415=CARTESIAN_POINT('',(-0.00353966767574054,0.00353966767574054,-0.0113283752089144));
#5416=CARTESIAN_POINT('',(-0.00500584603332591,0.00207348931815516,-0.0112346252089144));
#5417=CARTESIAN_POINT('',(-0.00500584603332591,2.05804341911157E-18,-0.0111408752089144));
#5418=CARTESIAN_POINT('',(-0.00500584603332591,-0.00207348931815515,-0.0110471252089144));
#5419=CARTESIAN_POINT('',(-0.00353966767574054,-0.00353966767574053,-0.0109533752089144));
#5420=CARTESIAN_POINT('',(-0.00207348931815515,-0.00500584603332591,-0.0108596252089144));
#5421=CARTESIAN_POINT('',(-6.13039332173706E-19,-0.00500584603332591,-0.0107658752089144));
#5422=CARTESIAN_POINT('',(0.00207348931815515,-0.00500584603332591,-0.0106721252089144));
#5423=CARTESIAN_POINT('',(0.00353966767574054,-0.00353966767574053,-0.0105783752089144));
#5424=CARTESIAN_POINT('',(0.00500584603332591,-0.00207348931815515,-0.0104846252089144));
#5425=CARTESIAN_POINT('',(0.00500584603332591,8.55386124797848E-19,-0.0103908752089144));
#5426=CARTESIAN_POINT('',(0.00500584603332591,0.00207348931815516,-0.0102971252089144));
#5427=CARTESIAN_POINT('',(0.00353966767574054,0.00353966767574054,-0.0102033752089144));
#5428=CARTESIAN_POINT('',(0.00207348931815516,0.00500584603332592,-0.0101096252089144));
#5429=CARTESIAN_POINT('',(0.,0.00500584603332591,-0.0100158752089144));
#5430=CARTESIAN_POINT('',(-0.00207348931815515,0.00500584603332592,-0.00992212520891441));
#5431=CARTESIAN_POINT('',(-0.00353966767574054,0.00353966767574054,-0.00982837520891441));
#5432=CARTESIAN_POINT('',(-0.00500584603332591,0.00207348931815516,-0.0097346252089144));
#5433=CARTESIAN_POINT('',(-0.00500584603332591,2.10488615917895E-18,-0.00964087520891441));
#5434=CARTESIAN_POINT('',(-0.00500584603332591,-0.00207348931815515,-0.00954712520891441));
#5435=CARTESIAN_POINT('',(-0.00353966767574054,-0.00353966767574053,-0.00945337520891441));
#5436=CARTESIAN_POINT('',(-0.00207348931815515,-0.00500584603332591,-0.0093596252089144));
#5437=CARTESIAN_POINT('',(-6.13039332173706E-19,-0.00500584603332591,-0.00926587520891441));
#5438=CARTESIAN_POINT('',(0.00207348931815515,-0.00500584603332591,-0.0091721252089144));
#5439=CARTESIAN_POINT('',(0.00353966767574054,-0.00353966767574053,-0.00907837520891441));
#5440=CARTESIAN_POINT('',(0.00500584603332591,-0.00207348931815515,-0.00898462520891441));
#5441=CARTESIAN_POINT('',(0.00500584603332591,9.02228864865234E-19,-0.00889087520891441));
#5442=CARTESIAN_POINT('',(0.00500584603332591,0.00207348931815516,-0.0087971252089144));
#5443=CARTESIAN_POINT('',(0.00353966767574054,0.00353966767574054,-0.00870337520891441));
#5444=CARTESIAN_POINT('',(0.00207348931815516,0.00500584603332592,-0.00860962520891441));
#5445=CARTESIAN_POINT('',(0.,0.00500584603332591,-0.00851587520891441));
#5446=CARTESIAN_POINT('',(-0.00207348931815515,0.00500584603332592,-0.0084221252089144));
#5447=CARTESIAN_POINT('',(-0.00353966767574054,0.00353966767574054,-0.00832837520891441));
#5448=CARTESIAN_POINT('',(-0.00500584603332591,0.00207348931815516,-0.0082346252089144));
#5449=CARTESIAN_POINT('',(-0.00500584603332591,2.15172889924634E-18,-0.00814087520891441));
#5450=CARTESIAN_POINT('',(-0.00500584603332591,-0.00207348931815515,-0.00804712520891441));
#5451=CARTESIAN_POINT('',(-0.00353966767574054,-0.00353966767574053,-0.00795337520891441));
#5452=CARTESIAN_POINT('',(-0.00207348931815515,-0.00500584603332591,-0.0078596252089144));
#5453=CARTESIAN_POINT('',(-6.13039332173706E-19,-0.00500584603332591,-0.00776587520891441));
#5454=CARTESIAN_POINT('',(0.00207348931815515,-0.00500584603332591,-0.00767212520891441));
#5455=CARTESIAN_POINT('',(0.00353966767574054,-0.00353966767574053,-0.00757837520891441));
#5456=CARTESIAN_POINT('',(0.00500584603332591,-0.00207348931815515,-0.00748462520891441));
#5457=CARTESIAN_POINT('',(0.00500584603332591,9.4907160493262E-19,-0.00739087520891441));
#5458=CARTESIAN_POINT('',(0.00500584603332591,0.00207348931815516,-0.0072971252089144));
#5459=CARTESIAN_POINT('',(0.00353966767574054,0.00353966767574054,-0.00720337520891441));
#5460=CARTESIAN_POINT('',(0.00207348931815516,0.00500584603332592,-0.00710962520891441));
#5461=CARTESIAN_POINT('',(0.,0.00500584603332591,-0.00701587520891441));
#5462=CARTESIAN_POINT('',(-0.00207348931815515,0.00500584603332592,-0.00692212520891441));
#5463=CARTESIAN_POINT('',(-0.00353966767574054,0.00353966767574054,-0.00682837520891441));
#5464=CARTESIAN_POINT('',(-0.00500584603332591,0.00207348931815516,-0.00673462520891441));
#5465=CARTESIAN_POINT('',(-0.00500584603332591,2.19857163931372E-18,-0.00664087520891441));
#5466=CARTESIAN_POINT('',(-0.00500584603332591,-0.00207348931815515,-0.00654712520891441));
#5467=CARTESIAN_POINT('',(-0.00353966767574054,-0.00353966767574053,-0.00645337520891441));
#5468=CARTESIAN_POINT('',(-0.00207348931815515,-0.00500584603332591,-0.0063596252089144));
#5469=CARTESIAN_POINT('',(-6.13039332173706E-19,-0.00500584603332591,-0.00626587520891441));
#5470=CARTESIAN_POINT('',(0.00207348931815515,-0.00500584603332591,-0.00617212520891441));
#5471=CARTESIAN_POINT('',(0.00353966767574054,-0.00353966767574053,-0.00607837520891441));
#5472=CARTESIAN_POINT('',(0.00500584603332591,-0.00207348931815515,-0.00598462520891441));
#5473=CARTESIAN_POINT('',(0.00500584603332591,9.95914345000007E-19,-0.00589087520891441));
#5474=CARTESIAN_POINT('',(0.00500584603332591,0.00207348931815516,-0.0057971252089144));
#5475=CARTESIAN_POINT('',(0.00353966767574054,0.00353966767574054,-0.00570337520891441));
#5476=CARTESIAN_POINT('',(0.00207348931815516,0.00500584603332592,-0.00560962520891441));
#5477=CARTESIAN_POINT('',(0.,0.00500584603332591,-0.00551587520891441));
#5478=CARTESIAN_POINT('',(-0.00207348931815515,0.00500584603332592,-0.0054221252089144));
#5479=CARTESIAN_POINT('',(-0.00353966767574054,0.00353966767574054,-0.00532837520891441));
#5480=CARTESIAN_POINT('',(-0.00500584603332591,0.00207348931815516,-0.0052346252089144));
#5481=CARTESIAN_POINT('',(-0.00500584603332591,2.24541437938111E-18,-0.00514087520891441));
#5482=CARTESIAN_POINT('',(-0.00500584603332591,-0.00207348931815515,-0.00504712520891441));
#5483=CARTESIAN_POINT('',(-0.00353966767574054,-0.00353966767574053,-0.00495337520891441));
#5484=CARTESIAN_POINT('',(-0.00207348931815515,-0.00500584603332591,-0.00485962520891441));
#5485=CARTESIAN_POINT('',(-6.13039332173706E-19,-0.00500584603332591,-0.00476587520891441));
#5486=CARTESIAN_POINT('',(0.00207348931815515,-0.00500584603332591,-0.00467212520891441));
#5487=CARTESIAN_POINT('',(0.00353966767574054,-0.00353966767574053,-0.00457837520891441));
#5488=CARTESIAN_POINT('',(0.00500584603332591,-0.00207348931815515,-0.00448462520891441));
#5489=CARTESIAN_POINT('',(0.00500584603332591,1.04275708506739E-18,-0.00439087520891441));
#5490=CARTESIAN_POINT('',(0.00500584603332591,0.00207348931815516,-0.0042971252089144));
#5491=CARTESIAN_POINT('',(0.00353966767574054,0.00353966767574054,-0.00420337520891441));
#5492=CARTESIAN_POINT('',(0.00207348931815516,0.00500584603332592,-0.0041096252089144));
#5493=CARTESIAN_POINT('',(0.,0.00500584603332591,-0.00401587520891441));
#5494=CARTESIAN_POINT('',(-0.00207348931815515,0.00500584603332592,-0.00392212520891441));
#5495=CARTESIAN_POINT('',(-0.00353966767574054,0.00353966767574054,-0.00382837520891441));
#5496=CARTESIAN_POINT('',(-0.00500584603332591,0.00207348931815516,-0.0037346252089144));
#5497=CARTESIAN_POINT('',(-0.00500584603332591,2.2922571194485E-18,-0.00364087520891441));
#5498=CARTESIAN_POINT('',(-0.00500584603332591,-0.00207348931815515,-0.0035471252089144));
#5499=CARTESIAN_POINT('',(-0.00353966767574054,-0.00353966767574053,-0.00345337520891441));
#5500=CARTESIAN_POINT('',(-0.00207348931815515,-0.00500584603332591,-0.00335962520891441));
#5501=CARTESIAN_POINT('',(-6.13039332173706E-19,-0.00500584603332591,-0.00326587520891441));
#5502=CARTESIAN_POINT('',(0.00207348931815515,-0.00500584603332591,-0.00317212520891441));
#5503=CARTESIAN_POINT('',(0.00353966767574054,-0.00353966767574053,-0.00307837520891441));
#5504=CARTESIAN_POINT('',(0.00500584603332591,-0.00207348931815515,-0.00298462520891441));
#5505=CARTESIAN_POINT('',(0.00500584603332591,1.08959982513478E-18,-0.00289087520891441));
#5506=CARTESIAN_POINT('',(0.00500584603332591,0.00207348931815516,-0.00279712520891441));
#5507=CARTESIAN_POINT('',(0.00353966767574054,0.00353966767574054,-0.00270337520891441));
#5508=CARTESIAN_POINT('',(0.00207348931815516,0.00500584603332592,-0.00260962520891441));
#5509=CARTESIAN_POINT('',(0.,0.00500584603332591,-0.00251587520891441));
#5510=CARTESIAN_POINT('',(-0.00207348931815515,0.00500584603332592,-0.00242212520891441));
#5511=CARTESIAN_POINT('',(-0.00353966767574054,0.00353966767574054,-0.00232837520891441));
#5512=CARTESIAN_POINT('',(-0.00500584603332591,0.00207348931815516,-0.00223462520891441));
#5513=CARTESIAN_POINT('',(-0.00500584603332591,2.33909985951588E-18,-0.00214087520891441));
#5514=CARTESIAN_POINT('',(-0.00500584603332591,-0.00207348931815515,-0.00204712520891441));
#5515=CARTESIAN_POINT('',(-0.00353966767574054,-0.00353966767574053,-0.00195337520891441));
#5516=CARTESIAN_POINT('',(-0.00207348931815515,-0.00500584603332591,-0.00185962520891441));
#5517=CARTESIAN_POINT('',(-6.13039332173706E-19,-0.00500584603332591,-0.00176587520891441));
#5518=CARTESIAN_POINT('',(0.00207348931815515,-0.00500584603332591,-0.00167212520891441));
#5519=CARTESIAN_POINT('',(0.00353966767574054,-0.00353966767574053,-0.00157837520891441));
#5520=CARTESIAN_POINT('',(0.00500584603332591,-0.00207348931815515,-0.00148462520891441));
#5521=CARTESIAN_POINT('',(0.00500584603332591,1.13644256520217E-18,-0.00139087520891441));
#5522=CARTESIAN_POINT('',(0.00500584603332591,0.00207348931815516,-0.00129712520891441));
#5523=CARTESIAN_POINT('',(0.00353966767574054,0.00353966767574054,-0.00120337520891441));
#5524=CARTESIAN_POINT('',(0.00207348931815516,0.00500584603332592,-0.00110962520891441));
#5525=CARTESIAN_POINT('',(0.,0.00500584603332591,-0.00101587520891441));
#5526=CARTESIAN_POINT('',(-0.00207348931815515,0.00500584603332592,-0.000922125208914406));
#5527=CARTESIAN_POINT('',(-0.00353966767574054,0.00353966767574054,-0.000828375208914408));
#5528=CARTESIAN_POINT('',(-0.00500584603332591,0.00207348931815516,-0.000734625208914406));
#5529=CARTESIAN_POINT('',(-0.00500584603332591,2.38594259958327E-18,-0.000640875208914408));
#5530=CARTESIAN_POINT('',(-0.00500584603332591,-0.00207348931815515,-0.000547125208914405));
#5531=CARTESIAN_POINT('',(-0.00353966767574054,-0.00353966767574053,-0.000453375208914408));
#5532=CARTESIAN_POINT('',(-0.00207348931815515,-0.00500584603332591,-0.000359625208914406));
#5533=CARTESIAN_POINT('',(-6.13039332173706E-19,-0.00500584603332591,-0.000265875208914408));
#5534=CARTESIAN_POINT('',(0.00207348931815515,-0.00500584603332591,-0.000172125208914405));
#5535=CARTESIAN_POINT('',(0.00353966767574054,-0.00353966767574053,-7.83752089144056E-5));
#5536=CARTESIAN_POINT('',(0.00500584603332591,-0.00207348931815515,1.53747910855948E-5));
#5537=CARTESIAN_POINT('',(0.00500584603332591,1.18328530526955E-18,0.000109124791085595));
#5538=CARTESIAN_POINT('',(0.00500584603332591,0.00207348931815516,0.000202874791085595));
#5539=CARTESIAN_POINT('',(0.00353966767574054,0.00353966767574054,0.000296624791085595));
#5540=CARTESIAN_POINT('',(0.00207348931815516,0.00500584603332592,0.000390374791085595));
#5541=CARTESIAN_POINT('',(0.,0.00500584603332591,0.000484124791085592));
#5542=CARTESIAN_POINT('',(-0.00207348931815515,0.00500584603332592,0.000577874791085592));
#5543=CARTESIAN_POINT('',(-0.00353966767574054,0.00353966767574054,0.000671624791085592));
#5544=CARTESIAN_POINT('',(-0.00500584603332591,0.00207348931815516,0.000765374791085591));
#5545=CARTESIAN_POINT('',(-0.00500584603332591,2.43278533965066E-18,0.000859124791085592));
#5546=CARTESIAN_POINT('',(-0.00500584603332591,-0.00207348931815515,0.000952874791085592));
#5547=CARTESIAN_POINT('',(-0.00353966767574054,-0.00353966767574053,0.00104662479108559));
#5548=CARTESIAN_POINT('',(-0.00207348931815515,-0.00500584603332591,0.00114037479108559));
#5549=CARTESIAN_POINT('',(-6.13039332173706E-19,-0.00500584603332591,0.00123412479108559));
#5550=CARTESIAN_POINT('',(0.00207348931815515,-0.00500584603332591,0.00132787479108559));
#5551=CARTESIAN_POINT('',(0.00353966767574054,-0.00353966767574053,0.00142162479108559));
#5552=CARTESIAN_POINT('',(0.00500584603332591,-0.00207348931815515,0.00151537479108559));
#5553=CARTESIAN_POINT('',(0.00500584603332591,1.23012804533694E-18,0.00160912479108559));
#5554=CARTESIAN_POINT('',(0.00500584603332591,0.00207348931815516,0.0017028747910856));
#5555=CARTESIAN_POINT('',(0.00353966767574054,0.00353966767574054,0.00179662479108559));
#5556=CARTESIAN_POINT('',(0.00207348931815516,0.00500584603332592,0.00189037479108559));
#5557=CARTESIAN_POINT('',(0.,0.00500584603332591,0.00198412479108559));
#5558=CARTESIAN_POINT('',(-0.00207348931815515,0.00500584603332592,0.0020778747910856));
#5559=CARTESIAN_POINT('',(-0.00353966767574054,0.00353966767574054,0.00217162479108559));
#5560=CARTESIAN_POINT('',(-0.00500584603332591,0.00207348931815516,0.0022653747910856));
#5561=CARTESIAN_POINT('',(-0.00500584603332591,2.47962807971804E-18,0.00235912479108559));
#5562=CARTESIAN_POINT('',(-0.00500584603332591,-0.00207348931815515,0.0024528747910856));
#5563=CARTESIAN_POINT('',(-0.00353966767574054,-0.00353966767574053,0.00254662479108559));
#5564=CARTESIAN_POINT('',(-0.00207348931815515,-0.00500584603332591,0.00264037479108559));
#5565=CARTESIAN_POINT('',(-6.13039332173706E-19,-0.00500584603332591,0.00273412479108559));
#5566=CARTESIAN_POINT('',(0.00207348931815515,-0.00500584603332591,0.00282787479108559));
#5567=CARTESIAN_POINT('',(0.00353966767574054,-0.00353966767574053,0.00292162479108559));
#5568=CARTESIAN_POINT('',(0.00500584603332591,-0.00207348931815515,0.00301537479108559));
#5569=CARTESIAN_POINT('',(0.00500584603332591,1.27697078540433E-18,0.00310912479108559));
#5570=CARTESIAN_POINT('',(0.00500584603332591,0.00207348931815516,0.00320287479108559));
#5571=CARTESIAN_POINT('',(0.00353966767574054,0.00353966767574054,0.00329662479108559));
#5572=CARTESIAN_POINT('',(0.00207348931815516,0.00500584603332592,0.00339037479108559));
#5573=CARTESIAN_POINT('',(0.,0.00500584603332591,0.00348412479108559));
#5574=CARTESIAN_POINT('',(-0.00207348931815515,0.00500584603332592,0.00357787479108559));
#5575=CARTESIAN_POINT('',(-0.00353966767574054,0.00353966767574054,0.00367162479108559));
#5576=CARTESIAN_POINT('',(-0.00500584603332591,0.00207348931815516,0.00376537479108559));
#5577=CARTESIAN_POINT('',(-0.00500584603332591,2.52647081978543E-18,0.00385912479108559));
#5578=CARTESIAN_POINT('',(-0.00500584603332591,-0.00207348931815515,0.00395287479108559));
#5579=CARTESIAN_POINT('',(-0.00353966767574054,-0.00353966767574053,0.00404662479108559));
#5580=CARTESIAN_POINT('',(-0.00207348931815515,-0.00500584603332591,0.00414037479108559));
#5581=CARTESIAN_POINT('',(-6.13039332173706E-19,-0.00500584603332591,0.00423412479108559));
#5582=CARTESIAN_POINT('',(0.00207348931815515,-0.00500584603332591,0.00432787479108559));
#5583=CARTESIAN_POINT('',(0.00353966767574054,-0.00353966767574053,0.00442162479108559));
#5584=CARTESIAN_POINT('',(0.00500584603332591,-0.00207348931815515,0.00451537479108559));
#5585=CARTESIAN_POINT('',(0.00500584603332591,1.32381352547171E-18,0.00460912479108559));
#5586=CARTESIAN_POINT('',(0.00500584603332591,0.00207348931815516,0.00470287479108559));
#5587=CARTESIAN_POINT('',(0.00353966767574054,0.00353966767574054,0.00479662479108559));
#5588=CARTESIAN_POINT('',(0.00207348931815516,0.00500584603332592,0.00489037479108559));
#5589=CARTESIAN_POINT('',(0.,0.00500584603332591,0.00498412479108559));
#5590=CARTESIAN_POINT('',(-0.00207348931815515,0.00500584603332592,0.00507787479108559));
#5591=CARTESIAN_POINT('',(-0.00353966767574054,0.00353966767574054,0.00517162479108559));
#5592=CARTESIAN_POINT('',(-0.00500584603332591,0.00207348931815516,0.00526537479108559));
#5593=CARTESIAN_POINT('',(-0.00500584603332591,2.57331355985282E-18,0.00535912479108559));
#5594=CARTESIAN_POINT('',(-0.00500584603332591,-0.00207348931815515,0.00545287479108559));
#5595=CARTESIAN_POINT('',(-0.00353966767574054,-0.00353966767574053,0.00554662479108559));
#5596=CARTESIAN_POINT('',(-0.00207348931815515,-0.00500584603332591,0.00564037479108559));
#5597=CARTESIAN_POINT('',(-6.13039332173706E-19,-0.00500584603332591,0.00573412479108559));
#5598=CARTESIAN_POINT('',(0.00207348931815515,-0.00500584603332591,0.0058278747910856));
#5599=CARTESIAN_POINT('',(0.00353966767574054,-0.00353966767574053,0.00592162479108559));
#5600=CARTESIAN_POINT('',(0.00500584603332591,-0.00207348931815515,0.00601537479108559));
#5601=CARTESIAN_POINT('',(0.00500584603332591,1.3706562655391E-18,0.00610912479108559));
#5602=CARTESIAN_POINT('',(0.00500584603332591,0.00207348931815516,0.00620287479108559));
#5603=CARTESIAN_POINT('',(0.00353966767574054,0.00353966767574054,0.00629662479108559));
#5604=CARTESIAN_POINT('',(0.00207348931815516,0.00500584603332592,0.0063903747910856));
#5605=CARTESIAN_POINT('',(0.,0.00500584603332591,0.00648412479108559));
#5606=CARTESIAN_POINT('',(-0.00207348931815515,0.00500584603332592,0.00657787479108559));
#5607=CARTESIAN_POINT('',(-0.00353966767574054,0.00353966767574054,0.00667162479108559));
#5608=CARTESIAN_POINT('',(-0.00500584603332591,0.00207348931815516,0.00676537479108559));
#5609=CARTESIAN_POINT('',(-0.00500584603332591,2.6201562999202E-18,0.00685912479108559));
#5610=CARTESIAN_POINT('',(-0.00500584603332591,-0.00207348931815515,0.00695287479108559));
#5611=CARTESIAN_POINT('',(-0.00353966767574054,-0.00353966767574053,0.00704662479108559));
#5612=CARTESIAN_POINT('',(-0.00207348931815515,-0.00500584603332591,0.00714037479108559));
#5613=CARTESIAN_POINT('',(-6.13039332173706E-19,-0.00500584603332591,0.00723412479108559));
#5614=CARTESIAN_POINT('',(0.00207348931815515,-0.00500584603332591,0.0073278747910856));
#5615=CARTESIAN_POINT('',(0.00353966767574054,-0.00353966767574053,0.00742162479108559));
#5616=CARTESIAN_POINT('',(0.00500584603332591,-0.00207348931815515,0.00751537479108559));
#5617=CARTESIAN_POINT('',(0.00500584603332591,1.41749900560648E-18,0.00760912479108559));
#5618=CARTESIAN_POINT('',(0.00500584603332591,0.00207348931815516,0.00770287479108559));
#5619=CARTESIAN_POINT('',(0.00353966767574054,0.00353966767574054,0.00779662479108559));
#5620=CARTESIAN_POINT('',(0.00207348931815516,0.00500584603332592,0.0078903747910856));
#5621=CARTESIAN_POINT('',(0.,0.00500584603332591,0.00798412479108559));
#5622=CARTESIAN_POINT('',(-0.00207348931815515,0.00500584603332592,0.00807787479108559));
#5623=CARTESIAN_POINT('',(-0.00353966767574054,0.00353966767574054,0.00817162479108559));
#5624=CARTESIAN_POINT('',(-0.00500584603332591,0.00207348931815516,0.00826537479108559));
#5625=CARTESIAN_POINT('',(-0.00500584603332591,2.66699903998759E-18,0.00835912479108559));
#5626=CARTESIAN_POINT('',(-0.00500584603332591,-0.00207348931815515,0.00845287479108559));
#5627=CARTESIAN_POINT('',(-0.00353966767574054,-0.00353966767574053,0.00854662479108559));
#5628=CARTESIAN_POINT('',(-0.00207348931815515,-0.00500584603332591,0.00864037479108559));
#5629=CARTESIAN_POINT('',(-6.13039332173706E-19,-0.00500584603332591,0.00873412479108559));
#5630=CARTESIAN_POINT('',(0.00207348931815515,-0.00500584603332591,0.0088278747910856));
#5631=CARTESIAN_POINT('',(0.00353966767574054,-0.00353966767574053,0.00892162479108559));
#5632=CARTESIAN_POINT('',(0.00500584603332591,-0.00207348931815515,0.00901537479108559));
#5633=CARTESIAN_POINT('',(0.00500584603332591,1.46434174567387E-18,0.00910912479108559));
#5634=CARTESIAN_POINT('',(0.00500584603332591,0.00207348931815516,0.00920287479108559));
#5635=CARTESIAN_POINT('',(0.00353966767574054,0.00353966767574054,0.00929662479108559));
#5636=CARTESIAN_POINT('',(0.00207348931815516,0.00500584603332592,0.0093903747910856));
#5637=CARTESIAN_POINT('',(0.,0.00500584603332591,0.00948412479108559));
#5638=CARTESIAN_POINT('',(-0.00207348931815515,0.00500584603332592,0.0095778747910856));
#5639=CARTESIAN_POINT('',(-0.00353966767574054,0.00353966767574054,0.00967162479108559));
#5640=CARTESIAN_POINT('',(-0.00500584603332591,0.00207348931815516,0.00976537479108559));
#5641=CARTESIAN_POINT('',(-0.00500584603332591,2.71384178005497E-18,0.00985912479108559));
#5642=CARTESIAN_POINT('',(-0.00500584603332591,-0.00207348931815515,0.0099528747910856));
#5643=CARTESIAN_POINT('',(-0.00353966767574054,-0.00353966767574053,0.0100466247910856));
#5644=CARTESIAN_POINT('',(-0.00207348931815515,-0.00500584603332591,0.0101403747910856));
#5645=CARTESIAN_POINT('',(-6.13039332173706E-19,-0.00500584603332591,0.0102341247910856));
#5646=CARTESIAN_POINT('',(0.00207348931815515,-0.00500584603332591,0.0103278747910856));
#5647=CARTESIAN_POINT('',(0.00353966767574054,-0.00353966767574053,0.0104216247910856));
#5648=CARTESIAN_POINT('',(0.00500584603332591,-0.00207348931815515,0.0105153747910856));
#5649=CARTESIAN_POINT('',(0.00500584603332591,1.51118448574126E-18,0.0106091247910856));
#5650=CARTESIAN_POINT('',(0.00500584603332591,0.00207348931815516,0.0107028747910856));
#5651=CARTESIAN_POINT('',(0.00353966767574054,0.00353966767574054,0.0107966247910856));
#5652=CARTESIAN_POINT('',(0.00207348931815516,0.00500584603332592,0.0108903747910856));
#5653=CARTESIAN_POINT('',(0.,0.00500584603332591,0.0109841247910856));
#5654=CARTESIAN_POINT('',(-0.00207348931815515,0.00500584603332592,0.0110778747910856));
#5655=CARTESIAN_POINT('',(-0.00353966767574054,0.00353966767574054,0.0111716247910856));
#5656=CARTESIAN_POINT('',(-0.00500584603332591,0.00207348931815516,0.0112653747910856));
#5657=CARTESIAN_POINT('',(-0.00500584603332591,2.76068452012236E-18,0.0113591247910856));
#5658=CARTESIAN_POINT('',(-0.00500584603332591,-0.00207348931815515,0.0114528747910856));
#5659=CARTESIAN_POINT('',(-0.00353966767574054,-0.00353966767574053,0.0115466247910856));
#5660=CARTESIAN_POINT('',(-0.00207348931815515,-0.00500584603332591,0.0116403747910856));
#5661=CARTESIAN_POINT('',(-6.13039332173706E-19,-0.00500584603332591,0.0117341247910856));
#5662=CARTESIAN_POINT('',(0.00207348931815515,-0.00500584603332591,0.0118278747910856));
#5663=CARTESIAN_POINT('',(0.00353966767574054,-0.00353966767574053,0.0119216247910856));
#5664=CARTESIAN_POINT('',(0.00500584603332591,-0.00207348931815515,0.0120153747910856));
#5665=CARTESIAN_POINT('',(0.00500584603332591,1.55802722580864E-18,0.0121091247910856));
#5666=CARTESIAN_POINT('',(0.00500584603332591,0.00207348931815516,0.0122028747910856));
#5667=CARTESIAN_POINT('',(0.00353966767574054,0.00353966767574054,0.0122966247910856));
#5668=CARTESIAN_POINT('',(0.00207348931815516,0.00500584603332592,0.0123903747910856));
#5669=CARTESIAN_POINT('',(0.,0.00500584603332591,0.0124841247910856));
#5670=CARTESIAN_POINT('',(-0.00207348931815515,0.00500584603332592,0.0125778747910856));
#5671=CARTESIAN_POINT('',(-0.00353966767574054,0.00353966767574054,0.0126716247910856));
#5672=CARTESIAN_POINT('',(-0.00500584603332591,0.00207348931815516,0.0127653747910856));
#5673=CARTESIAN_POINT('',(-0.00500584603332591,2.80752726018975E-18,0.0128591247910856));
#5674=CARTESIAN_POINT('',(-0.00500584603332591,-0.00207348931815515,0.0129528747910856));
#5675=CARTESIAN_POINT('',(-0.00353966767574054,-0.00353966767574053,0.0130466247910856));
#5676=CARTESIAN_POINT('',(-0.00207348931815515,-0.00500584603332591,0.0131403747910856));
#5677=CARTESIAN_POINT('',(-6.13039332173706E-19,-0.00500584603332591,0.0132341247910856));
#5678=CARTESIAN_POINT('',(0.00207348931815515,-0.00500584603332591,0.0133278747910856));
#5679=CARTESIAN_POINT('',(0.00353966767574054,-0.00353966767574053,0.0134216247910856));
#5680=CARTESIAN_POINT('',(0.00500584603332591,-0.00207348931815515,0.0135153747910856));
#5681=CARTESIAN_POINT('',(0.00500584603332591,1.60486996587603E-18,0.0136091247910856));
#5682=CARTESIAN_POINT('',(0.00500584603332591,0.00207348931815516,0.0137028747910856));
#5683=CARTESIAN_POINT('',(0.00353966767574054,0.00353966767574054,0.0137966247910856));
#5684=CARTESIAN_POINT('',(0.00207348931815516,0.00500584603332592,0.0138903747910856));
#5685=CARTESIAN_POINT('',(0.,0.00500584603332591,0.0139841247910856));
#5686=CARTESIAN_POINT('',(-0.00207348931815515,0.00500584603332592,0.0140778747910856));
#5687=CARTESIAN_POINT('',(-0.00353966767574054,0.00353966767574054,0.0141716247910856));
#5688=CARTESIAN_POINT('',(-0.00500584603332591,0.00207348931815516,0.0142653747910856));
#5689=CARTESIAN_POINT('',(-0.00500584603332591,2.85437000025713E-18,0.0143591247910856));
#5690=CARTESIAN_POINT('',(-0.00500584603332591,-0.00207348931815515,0.0144528747910856));
#5691=CARTESIAN_POINT('',(-0.00353966767574054,-0.00353966767574053,0.0145466247910856));
#5692=CARTESIAN_POINT('',(-0.00207348931815515,-0.00500584603332591,0.0146403747910856));
#5693=CARTESIAN_POINT('',(-6.13039332173706E-19,-0.00500584603332591,0.0147341247910856));
#5694=CARTESIAN_POINT('',(0.00207348931815515,-0.00500584603332591,0.0148278747910856));
#5695=CARTESIAN_POINT('',(0.00353966767574054,-0.00353966767574053,0.0149216247910856));
#5696=CARTESIAN_POINT('',(0.00500584603332591,-0.00207348931815515,0.0150153747910856));
#5697=CARTESIAN_POINT('',(0.00500584603332591,1.65171270594342E-18,0.0151091247910856));
#5698=CARTESIAN_POINT('',(0.00500584603332591,0.00207348931815516,0.0152028747910856));
#5699=CARTESIAN_POINT('',(0.00353966767574054,0.00353966767574054,0.0152966247910856));
#5700=CARTESIAN_POINT('',(0.00207348931815516,0.00500584603332592,0.0153903747910856));
#5701=CARTESIAN_POINT('',(0.,0.00500584603332591,0.0154841247910856));
#5702=CARTESIAN_POINT('',(-0.00207348931815515,0.00500584603332592,0.0155778747910856));
#5703=CARTESIAN_POINT('',(-0.00353966767574054,0.00353966767574054,0.0156716247910856));
#5704=CARTESIAN_POINT('',(-0.00500584603332591,0.00207348931815516,0.0157653747910856));
#5705=CARTESIAN_POINT('',(-0.00500584603332591,2.90121274032452E-18,0.0158591247910856));
#5706=CARTESIAN_POINT('',(-0.00500584603332591,-0.00207348931815515,0.0159528747910856));
#5707=CARTESIAN_POINT('',(-0.00353966767574054,-0.00353966767574053,0.0160466247910856));
#5708=CARTESIAN_POINT('',(-0.00207348931815515,-0.00500584603332591,0.0161403747910856));
#5709=CARTESIAN_POINT('',(-6.13039332173706E-19,-0.00500584603332591,0.0162341247910856));
#5710=CARTESIAN_POINT('',(0.00207348931815515,-0.00500584603332591,0.0163278747910856));
#5711=CARTESIAN_POINT('',(0.00353966767574054,-0.00353966767574053,0.0164216247910856));
#5712=CARTESIAN_POINT('',(0.00500584603332591,-0.00207348931815515,0.0165153747910856));
#5713=CARTESIAN_POINT('',(0.00500584603332591,1.6985554460108E-18,0.0166091247910856));
#5714=CARTESIAN_POINT('',(0.00500584603332591,0.00207348931815516,0.0167028747910856));
#5715=CARTESIAN_POINT('',(0.00353966767574054,0.00353966767574054,0.0167966247910856));
#5716=CARTESIAN_POINT('',(0.00207348931815516,0.00500584603332592,0.0168903747910856));
#5717=CARTESIAN_POINT('',(0.,0.00500584603332591,0.0169841247910856));
#5718=CARTESIAN_POINT('',(-0.00207348931815515,0.00500584603332592,0.0170778747910856));
#5719=CARTESIAN_POINT('',(-0.00353966767574054,0.00353966767574054,0.0171716247910856));
#5720=CARTESIAN_POINT('',(-0.00500584603332591,0.00207348931815516,0.0172653747910856));
#5721=CARTESIAN_POINT('',(-0.00500584603332591,2.94805548039191E-18,0.0173591247910856));
#5722=CARTESIAN_POINT('',(-0.00500584603332591,-0.00207348931815515,0.0174528747910856));
#5723=CARTESIAN_POINT('',(-0.00353966767574054,-0.00353966767574053,0.0175466247910856));
#5724=CARTESIAN_POINT('',(-0.00207348931815515,-0.00500584603332591,0.0176403747910856));
#5725=CARTESIAN_POINT('',(-6.13039332173706E-19,-0.00500584603332591,0.0177341247910856));
#5726=CARTESIAN_POINT('',(0.00207348931815515,-0.00500584603332591,0.0178278747910856));
#5727=CARTESIAN_POINT('',(0.00353966767574054,-0.00353966767574053,0.0179216247910856));
#5728=CARTESIAN_POINT('',(0.00500584603332591,-0.00207348931815515,0.0180153747910856));
#5729=CARTESIAN_POINT('',(0.00500584603332591,1.74539818607819E-18,0.0181091247910856));
#5730=CARTESIAN_POINT('',(0.00500584603332591,0.00207348931815516,0.0182028747910856));
#5731=CARTESIAN_POINT('',(0.00353966767574054,0.00353966767574054,0.0182966247910856));
#5732=CARTESIAN_POINT('',(0.00207348931815516,0.00500584603332592,0.0183903747910856));
#5733=CARTESIAN_POINT('',(0.,0.00500584603332591,0.0184841247910856));
#5734=CARTESIAN_POINT('',(-0.00207348931815515,0.00500584603332592,0.0185778747910856));
#5735=CARTESIAN_POINT('',(-0.00353966767574054,0.00353966767574054,0.0186716247910856));
#5736=CARTESIAN_POINT('',(-0.00500584603332591,0.00207348931815516,0.0187653747910856));
#5737=CARTESIAN_POINT('',(-0.00500584603332591,2.99489822045929E-18,0.0188591247910856));
#5738=CARTESIAN_POINT('',(-0.00500584603332591,-0.00207348931815515,0.0189528747910856));
#5739=CARTESIAN_POINT('',(-0.00353966767574054,-0.00353966767574053,0.0190466247910856));
#5740=CARTESIAN_POINT('',(-0.00207348931815515,-0.00500584603332591,0.0191403747910856));
#5741=CARTESIAN_POINT('',(-6.13039332173706E-19,-0.00500584603332591,0.0192341247910856));
#5742=CARTESIAN_POINT('',(0.00207348931815515,-0.00500584603332591,0.0193278747910856));
#5743=CARTESIAN_POINT('',(0.00353966767574054,-0.00353966767574053,0.0194216247910856));
#5744=CARTESIAN_POINT('',(0.00500584603332591,-0.00207348931815515,0.0195153747910856));
#5745=CARTESIAN_POINT('',(0.00500584603332591,1.79224092614558E-18,0.0196091247910856));
#5746=CARTESIAN_POINT('',(0.00500584603332591,0.00207348931815516,0.0197028747910856));
#5747=CARTESIAN_POINT('',(0.00353966767574054,0.00353966767574054,0.0197966247910856));
#5748=CARTESIAN_POINT('',(0.00207348931815516,0.00500584603332592,0.0198903747910856));
#5749=CARTESIAN_POINT('',(0.,0.00500584603332591,0.0199841247910856));
#5750=CARTESIAN_POINT('',(-0.00207348931815515,0.00500584603332592,0.0200778747910856));
#5751=CARTESIAN_POINT('',(-0.00353966767574054,0.00353966767574054,0.0201716247910856));
#5752=CARTESIAN_POINT('',(-0.00500584603332591,0.00207348931815516,0.0202653747910856));
#5753=CARTESIAN_POINT('',(-0.00500584603332591,3.04174096052668E-18,0.0203591247910856));
#5754=CARTESIAN_POINT('',(-0.00500584603332591,-0.00207348931815515,0.0204528747910856));
#5755=CARTESIAN_POINT('',(-0.00353966767574054,-0.00353966767574053,0.0205466247910856));
#5756=CARTESIAN_POINT('',(-0.00207348931815515,-0.00500584603332591,0.0206403747910856));
#5757=CARTESIAN_POINT('',(-6.13039332173706E-19,-0.00500584603332591,0.0207341247910856));
#5758=CARTESIAN_POINT('',(0.00207348931815515,-0.00500584603332591,0.0208278747910856));
#5759=CARTESIAN_POINT('',(0.00353966767574054,-0.00353966767574053,0.0209216247910856));
#5760=CARTESIAN_POINT('',(0.00500584603332591,-0.00207348931815515,0.0210153747910856));
#5761=CARTESIAN_POINT('',(0.00500584603332591,1.83908366621296E-18,0.0211091247910856));
#5762=CARTESIAN_POINT('',(0.00500584603332591,0.00207348931815516,0.0212028747910856));
#5763=CARTESIAN_POINT('',(0.00353966767574054,0.00353966767574054,0.0212966247910856));
#5764=CARTESIAN_POINT('',(0.00207348931815516,0.00500584603332592,0.0213903747910856));
#5765=CARTESIAN_POINT('',(0.,0.00500584603332591,0.0214841247910856));
#5766=CARTESIAN_POINT('',(-0.00207348931815515,0.00500584603332592,0.0215778747910856));
#5767=CARTESIAN_POINT('',(-0.00353966767574054,0.00353966767574054,0.0216716247910856));
#5768=CARTESIAN_POINT('',(-0.00474244264938082,0.00233689270210025,0.021748532319556));
#5769=CARTESIAN_POINT('',(-0.00496342310648658,0.000650327283265838,0.0218289266263421));
#5770=CARTESIAN_POINT('',(0.00164670609852562,-0.0036735258243959,0.0199007823041282));
#5771=CARTESIAN_POINT('',(0.00245129330966973,-0.00333868922900999,0.0199401655407888));
#5772=CARTESIAN_POINT('',(0.00380799407767822,-0.00215131677627294,0.0200127599729325));
#5773=CARTESIAN_POINT('',(0.00440956241720958,0.000515319406562749,0.0201249829796918));
#5774=CARTESIAN_POINT('',(0.00334064443534364,0.00301274415680247,0.0202358522329757));
#5775=CARTESIAN_POINT('',(0.00103488440063219,0.00444009828546062,0.0203439800913436));
#5776=CARTESIAN_POINT('',(-0.00166706010381488,0.00430604850878568,0.0204492118679348));
#5777=CARTESIAN_POINT('',(-0.00382991363523721,0.00268410859425326,0.0205528599050591));
#5778=CARTESIAN_POINT('',(-0.00473428052612276,0.000132286900249402,0.0206578648694652));
#5779=CARTESIAN_POINT('',(-0.00409467980999502,-0.00249143587812323,0.0207602902331124));
#5780=CARTESIAN_POINT('',(-0.00214134239792829,-0.00435073660418312,0.0208595529202142));
#5781=CARTESIAN_POINT('',(0.000498723562149036,-0.00487821465913263,0.0209580225975034));
#5782=CARTESIAN_POINT('',(0.00301264019535103,-0.00394083795793568,0.0210581163341896));
#5783=CARTESIAN_POINT('',(0.00467277894717812,-0.00182446430918685,0.0211538695566553));
#5784=CARTESIAN_POINT('',(0.00499797965714528,0.000845370501645982,0.0212481078371001));
#5785=CARTESIAN_POINT('',(0.00391967055440104,0.00329961492654259,0.021344921952539));
#5786=CARTESIAN_POINT('',(0.00175060906173461,0.00486951709083209,0.0214375824624258));
#5787=CARTESIAN_POINT('',(-1.76994264003771E-5,0.00505688136871585,0.0214977340140412));
#5788=CARTESIAN_POINT('',(-0.000877639385706417,0.00492237230496201,0.0215286831863041));
#5789=CARTESIAN_POINT('',(-0.000877639385706416,0.004922372304962,0.0215286831863041));
#5790=CARTESIAN_POINT('',(0.00236327636973907,-0.00325904246027924,-0.028049278579227));
#5791=CARTESIAN_POINT('',(0.00337985031312935,-0.00257853924840831,-0.0280034094548236));
#5792=CARTESIAN_POINT('',(0.00470997798723887,-0.000283455991247367,-0.0279145424656901));
#5793=CARTESIAN_POINT('',(0.0033659805435997,0.00347500601537009,-0.0277848568941583));
#5794=CARTESIAN_POINT('',(-0.000331189465498602,0.00493210657568829,-0.02765859309799));
#5795=CARTESIAN_POINT('',(-0.00388363214096635,0.00322705508150915,-0.027536146036448));
#5796=CARTESIAN_POINT('',(-0.00513161251889425,-0.000502104202172172,-0.0274162910586527));
#5797=CARTESIAN_POINT('',(-0.00368770997955798,-0.00341738188511903,-0.0273201230939394));
#5798=CARTESIAN_POINT('',(-0.00158118735139442,-0.00468826555835125,-0.0272421050369724));
#5799=CARTESIAN_POINT('',(0.000866453619982939,-0.00510009685992795,-0.0271684297999625));
#5800=CARTESIAN_POINT('',(0.0026471433181515,-0.0043743572304955,-0.0271100493479466));
#5801=CARTESIAN_POINT('',(0.00353553390593274,-0.00353553390593274,-0.027075));
#5802=CARTESIAN_POINT('',(0.00353553390593275,-0.00353553390593274,-0.027075));
#5803=CARTESIAN_POINT('',(0.00353553390593275,-0.00353553390593273,-0.027075));
#5804=CARTESIAN_POINT('',(0.005,-0.00207106781186408,-0.0269812499999999));
#5805=CARTESIAN_POINT('',(0.005,3.41295285645877E-19,-0.0268875));
#5806=CARTESIAN_POINT('',(0.00499999999999999,0.00207106781186548,-0.02679375));
#5807=CARTESIAN_POINT('',(0.00353553390593274,0.00353553390593274,-0.0267));
#5808=CARTESIAN_POINT('',(0.00207106781186735,0.00499999999999812,-0.0266062500000001));
#5809=CARTESIAN_POINT('',(0.,0.005,-0.0265125));
#5810=CARTESIAN_POINT('',(0.,0.005,-0.0265125));
#5811=CARTESIAN_POINT('',(0.,0.005,-0.0265125));
#5812=CARTESIAN_POINT('',(-0.00207106781186362,0.00500000000000192,-0.0264187500000001));
#5813=CARTESIAN_POINT('',(-0.00353553390593277,0.00353553390593277,-0.026325));
#5814=CARTESIAN_POINT('',(-0.00500000000000005,0.0020710678118655,-0.02623125));
#5815=CARTESIAN_POINT('',(-0.005,1.58936345482692E-18,-0.0261375));
#5816=CARTESIAN_POINT('',(-0.00500000000000005,-0.00207106781186549,-0.02604375));
#5817=CARTESIAN_POINT('',(-0.00353553390593277,-0.00353553390593277,-0.02595));
#5818=CARTESIAN_POINT('',(-0.00207106781187525,-0.0049999999999903,-0.0258562500000007));
#5819=CARTESIAN_POINT('',(-2.33320165634665E-14,-0.005,-0.0257625000000011));
#5820=CARTESIAN_POINT('',(-2.33320165634665E-14,-0.005,-0.0257625000000011));
#5821=CARTESIAN_POINT('',(-2.33320165634664E-14,-0.00499999999999999,-0.025762500000001));
#5822=CARTESIAN_POINT('',(0.00207106781185574,-0.00500000000000981,-0.0256687500000006));
#5823=CARTESIAN_POINT('',(0.00353553390593277,-0.00353553390593277,-0.025575));
#5824=CARTESIAN_POINT('',(0.00500000000000005,-0.0020710678118655,-0.02548125));
#5825=CARTESIAN_POINT('',(0.005,3.88138025713252E-19,-0.0253875));
#5826=CARTESIAN_POINT('',(0.00500000000000005,0.0020710678118655,-0.02529375));
#5827=CARTESIAN_POINT('',(0.00353553390593277,0.00353553390593277,-0.0252));
#5828=CARTESIAN_POINT('',(0.0020710678118655,0.00500000000000005,-0.02510625));
#5829=CARTESIAN_POINT('',(0.,0.005,-0.0250125));
#5830=CARTESIAN_POINT('',(0.,0.005,-0.0250125));
#5831=CARTESIAN_POINT('',(0.,0.005,-0.0250125));
#5832=CARTESIAN_POINT('',(-0.00207106781186548,0.00499999999999999,-0.02491875));
#5833=CARTESIAN_POINT('',(-0.00353553390593274,0.00353553390593274,-0.024825));
#5834=CARTESIAN_POINT('',(-0.00499999999999999,0.00207106781186548,-0.02473125));
#5835=CARTESIAN_POINT('',(-0.005,1.63620619489431E-18,-0.0246375));
#5836=CARTESIAN_POINT('',(-0.00499999999999999,-0.00207106781186548,-0.02454375));
#5837=CARTESIAN_POINT('',(-0.00353553390593274,-0.00353553390593274,-0.02445));
#5838=CARTESIAN_POINT('',(-0.00207106781186548,-0.00499999999999999,-0.02435625));
#5839=CARTESIAN_POINT('',(-6.12323399573677E-19,-0.005,-0.0242625));
#5840=CARTESIAN_POINT('',(-6.12323399573677E-19,-0.005,-0.0242625));
#5841=CARTESIAN_POINT('',(-6.12323399573677E-19,-0.005,-0.0242625));
#5842=CARTESIAN_POINT('',(0.00207106781186548,-0.00499999999999999,-0.02416875));
#5843=CARTESIAN_POINT('',(0.00353553390593274,-0.00353553390593274,-0.024075));
#5844=CARTESIAN_POINT('',(0.00499999999999999,-0.00207106781186548,-0.02398125));
#5845=CARTESIAN_POINT('',(0.005,4.34980765780649E-19,-0.0238875));
#5846=CARTESIAN_POINT('',(0.00499999999999999,0.00207106781186548,-0.02379375));
#5847=CARTESIAN_POINT('',(0.00353553390593274,0.00353553390593274,-0.0237));
#5848=CARTESIAN_POINT('',(0.00207106781187153,0.00499999999999394,-0.0236062500000004));
#5849=CARTESIAN_POINT('',(1.50635516221744E-14,0.005,-0.0235125000000007));
#5850=CARTESIAN_POINT('',(1.50635516221744E-14,0.005,-0.0235125000000007));
#5851=CARTESIAN_POINT('',(1.50635516221744E-14,0.005,-0.0235125000000007));
#5852=CARTESIAN_POINT('',(-0.00207106781185942,0.00500000000000605,-0.0234187500000004));
#5853=CARTESIAN_POINT('',(-0.00353553390593274,0.00353553390593274,-0.023325));
#5854=CARTESIAN_POINT('',(-0.00499999999999999,0.00207106781186548,-0.02323125));
#5855=CARTESIAN_POINT('',(-0.005,1.68304893496169E-18,-0.0231375));
#5856=CARTESIAN_POINT('',(-0.00499999999999999,-0.00207106781186548,-0.02304375));
#5857=CARTESIAN_POINT('',(-0.00353553390593274,-0.00353553390593274,-0.02295));
#5858=CARTESIAN_POINT('',(-0.00207106781186247,-0.00500000000000301,-0.0228562499999998));
#5859=CARTESIAN_POINT('',(-6.12323399573677E-19,-0.005,-0.0227625));
#5860=CARTESIAN_POINT('',(-6.12323399573677E-19,-0.005,-0.0227625));
#5861=CARTESIAN_POINT('',(-6.12323399573676E-19,-0.005,-0.0227625));
#5862=CARTESIAN_POINT('',(0.00207106781186849,-0.00499999999999701,-0.0226687499999998));
#5863=CARTESIAN_POINT('',(0.00353553390593275,-0.00353553390593275,-0.022575));
#5864=CARTESIAN_POINT('',(0.00500000000000002,-0.00207106781186548,-0.02248125));
#5865=CARTESIAN_POINT('',(0.005,4.81823505848032E-19,-0.0223875));
#5866=CARTESIAN_POINT('',(0.00500000000000002,0.00207106781186549,-0.02229375));
#5867=CARTESIAN_POINT('',(0.00353553390593275,0.00353553390593275,-0.0222));
#5868=CARTESIAN_POINT('',(0.00207106781186549,0.00500000000000002,-0.02210625));
#5869=CARTESIAN_POINT('',(0.,0.005,-0.0220125));
#5870=CARTESIAN_POINT('',(0.,0.005,-0.0220125));
#5871=CARTESIAN_POINT('',(0.,0.005,-0.0220125));
#5872=CARTESIAN_POINT('',(-0.00207106781186548,0.00500000000000002,-0.02191875));
#5873=CARTESIAN_POINT('',(-0.00353553390593275,0.00353553390593275,-0.021825));
#5874=CARTESIAN_POINT('',(-0.00500000000000002,0.00207106781186548,-0.02173125));
#5875=CARTESIAN_POINT('',(-0.005,1.72989167502908E-18,-0.0216375));
#5876=CARTESIAN_POINT('',(-0.00500000000000002,-0.00207106781186548,-0.02154375));
#5877=CARTESIAN_POINT('',(-0.00353553390593275,-0.00353553390593275,-0.02145));
#5878=CARTESIAN_POINT('',(-0.00207106781187287,-0.00499999999999262,-0.0213562500000005));
#5879=CARTESIAN_POINT('',(-1.7844898549074E-14,-0.00499999999999999,-0.0212625000000008));
#5880=CARTESIAN_POINT('',(-1.78448985490741E-14,-0.005,-0.0212625000000008));
#5881=CARTESIAN_POINT('',(-1.7844898549074E-14,-0.005,-0.0212625000000008));
#5882=CARTESIAN_POINT('',(0.00207106781185808,-0.00500000000000739,-0.0211687500000005));
#5883=CARTESIAN_POINT('',(0.00353553390593274,-0.00353553390593274,-0.021075));
#5884=CARTESIAN_POINT('',(0.00499999999999999,-0.00207106781186548,-0.02098125));
#5885=CARTESIAN_POINT('',(0.005,5.28666245915421E-19,-0.0208875));
#5886=CARTESIAN_POINT('',(0.00499999999999999,0.00207106781186548,-0.02079375));
#5887=CARTESIAN_POINT('',(0.00353553390593274,0.00353553390593274,-0.0207));
#5888=CARTESIAN_POINT('',(0.00207106781187798,0.00499999999998749,-0.0206062500000008));
#5889=CARTESIAN_POINT('',(3.04542484918103E-14,0.005,-0.0205125000000014));
#5890=CARTESIAN_POINT('',(3.04542484918103E-14,0.005,-0.0205125000000014));
#5891=CARTESIAN_POINT('',(3.04542484918103E-14,0.005,-0.0205125000000014));
#5892=CARTESIAN_POINT('',(-0.00207106781185312,0.00500000000001281,-0.020418750000001));
#5893=CARTESIAN_POINT('',(-0.00353553390593296,0.00353553390593296,-0.020325));
#5894=CARTESIAN_POINT('',(-0.00500000000000032,0.00207106781186561,-0.0202312500000002));
#5895=CARTESIAN_POINT('',(-0.00500000000000032,1.77673441509648E-18,-0.0201375));
#5896=CARTESIAN_POINT('',(-0.00500000000000032,-0.00207106781186561,-0.0200437500000002));
#5897=CARTESIAN_POINT('',(-0.00353553390593296,-0.00353553390593296,-0.01995));
#5898=CARTESIAN_POINT('',(-0.00207106781186546,-0.00500000000000047,-0.0198562500000002));
#5899=CARTESIAN_POINT('',(-6.12323399573681E-19,-0.005,-0.0197625));
#5900=CARTESIAN_POINT('',(-6.12323399573676E-19,-0.005,-0.0197625));
#5901=CARTESIAN_POINT('',(-6.12323399573672E-19,-0.005,-0.0197625));
#5902=CARTESIAN_POINT('',(0.00207106781186575,-0.00500000000000017,-0.0196687500000002));
#5903=CARTESIAN_POINT('',(0.00353553390593296,-0.00353553390593296,-0.019575));
#5904=CARTESIAN_POINT('',(0.00500000000000032,-0.00207106781186561,-0.0194812500000002));
#5905=CARTESIAN_POINT('',(0.00500000000000032,5.75508985982743E-19,-0.0193875));
#5906=CARTESIAN_POINT('',(0.00500000000000032,0.00207106781186561,-0.0192937500000002));
#5907=CARTESIAN_POINT('',(0.00353553390593296,0.00353553390593296,-0.0192));
#5908=CARTESIAN_POINT('',(0.00207106781186781,0.00499999999999813,-0.0191062500000003));
#5909=CARTESIAN_POINT('',(0.,0.00499999999999999,-0.0190125));
#5910=CARTESIAN_POINT('',(0.,0.005,-0.0190125));
#5911=CARTESIAN_POINT('',(0.,0.005,-0.0190125));
#5912=CARTESIAN_POINT('',(-0.00207106781186327,0.0050000000000022,-0.0189187500000002));
#5913=CARTESIAN_POINT('',(-0.00353553390593274,0.00353553390593274,-0.018825));
#5914=CARTESIAN_POINT('',(-0.00499999999999999,0.00207106781186548,-0.01873125));
#5915=CARTESIAN_POINT('',(-0.005,1.82357715516385E-18,-0.0186375));
#5916=CARTESIAN_POINT('',(-0.00499999999999999,-0.00207106781186547,-0.01854375));
#5917=CARTESIAN_POINT('',(-0.00353553390593274,-0.00353553390593274,-0.01845));
#5918=CARTESIAN_POINT('',(-0.00207106781187346,-0.00499999999999201,-0.0183562500000005));
#5919=CARTESIAN_POINT('',(-1.91832200159991E-14,-0.00499999999999999,-0.0182625000000008));
#5920=CARTESIAN_POINT('',(-1.91832200159991E-14,-0.005,-0.0182625000000009));
#5921=CARTESIAN_POINT('',(-1.91832200159991E-14,-0.005,-0.0182625000000009));
#5922=CARTESIAN_POINT('',(0.00207106781185749,-0.00500000000000798,-0.0181687500000005));
#5923=CARTESIAN_POINT('',(0.00353553390593274,-0.00353553390593274,-0.018075));
#5924=CARTESIAN_POINT('',(0.00499999999999999,-0.00207106781186548,-0.01798125));
#5925=CARTESIAN_POINT('',(0.005,6.22351726050194E-19,-0.0178875));
#5926=CARTESIAN_POINT('',(0.00499999999999999,0.00207106781186548,-0.01779375));
#5927=CARTESIAN_POINT('',(0.00353553390593274,0.00353553390593274,-0.0177));
#5928=CARTESIAN_POINT('',(0.00207106781187216,0.00499999999999333,-0.0176062500000005));
#5929=CARTESIAN_POINT('',(0.,0.005,-0.0175125));
#5930=CARTESIAN_POINT('',(0.,0.005,-0.0175125));
#5931=CARTESIAN_POINT('',(0.,0.005,-0.0175125));
#5932=CARTESIAN_POINT('',(-0.0020710678118588,0.00500000000000668,-0.0174187500000004));
#5933=CARTESIAN_POINT('',(-0.00353553390593274,0.00353553390593274,-0.017325));
#5934=CARTESIAN_POINT('',(-0.00499999999999999,0.00207106781186548,-0.01723125));
#5935=CARTESIAN_POINT('',(-0.005,1.87041989523124E-18,-0.0171375));
#5936=CARTESIAN_POINT('',(-0.00499999999999999,-0.00207106781186547,-0.01704375));
#5937=CARTESIAN_POINT('',(-0.00353553390593274,-0.00353553390593274,-0.01695));
#5938=CARTESIAN_POINT('',(-0.00207106781186548,-0.00499999999999999,-0.01685625));
#5939=CARTESIAN_POINT('',(-6.12323399573677E-19,-0.005,-0.0167625));
#5940=CARTESIAN_POINT('',(-6.12323399573677E-19,-0.005,-0.0167625));
#5941=CARTESIAN_POINT('',(-6.12323399573677E-19,-0.005,-0.0167625));
#5942=CARTESIAN_POINT('',(0.00207106781186548,-0.00500000000000001,-0.01666875));
#5943=CARTESIAN_POINT('',(0.00353553390593274,-0.00353553390593274,-0.016575));
#5944=CARTESIAN_POINT('',(0.00499999999999999,-0.00207106781186548,-0.01648125));
#5945=CARTESIAN_POINT('',(0.005,6.6919446611758E-19,-0.0163875));
#5946=CARTESIAN_POINT('',(0.00499999999999999,0.00207106781186548,-0.01629375));
#5947=CARTESIAN_POINT('',(0.00353553390593274,0.00353553390593274,-0.0162));
#5948=CARTESIAN_POINT('',(0.00207106781186556,0.00499999999999992,-0.01610625));
#5949=CARTESIAN_POINT('',(1.53460861540807E-14,0.005,-0.0160125000000006));
#5950=CARTESIAN_POINT('',(1.53460861540807E-14,0.005,-0.0160125000000007));
#5951=CARTESIAN_POINT('',(1.53460861540808E-14,0.005,-0.0160125000000007));
#5952=CARTESIAN_POINT('',(-0.0020710678118654,0.00500000000000008,-0.01591875));
#5953=CARTESIAN_POINT('',(-0.00353553390593274,0.00353553390593274,-0.015825));
#5954=CARTESIAN_POINT('',(-0.00500000000000001,0.00207106781186548,-0.01573125));
#5955=CARTESIAN_POINT('',(-0.005,1.91726263529863E-18,-0.0156375));
#5956=CARTESIAN_POINT('',(-0.00500000000000001,-0.00207106781186548,-0.01554375));
#5957=CARTESIAN_POINT('',(-0.00353553390593274,-0.00353553390593274,-0.01545));
#5958=CARTESIAN_POINT('',(-0.00207106781186548,-0.00500000000000001,-0.01535625));
#5959=CARTESIAN_POINT('',(-6.12323399573677E-19,-0.005,-0.0152625));
#5960=CARTESIAN_POINT('',(-6.12323399573677E-19,-0.005,-0.0152625));
#5961=CARTESIAN_POINT('',(-6.12323399573677E-19,-0.005,-0.0152625));
#5962=CARTESIAN_POINT('',(0.00207106781186548,-0.00500000000000001,-0.01516875));
#5963=CARTESIAN_POINT('',(0.00353553390593274,-0.00353553390593274,-0.015075));
#5964=CARTESIAN_POINT('',(0.00500000000000001,-0.00207106781186548,-0.01498125));
#5965=CARTESIAN_POINT('',(0.005,7.16037206184966E-19,-0.0148875));
#5966=CARTESIAN_POINT('',(0.00500000000000001,0.00207106781186548,-0.01479375));
#5967=CARTESIAN_POINT('',(0.00353553390593275,0.00353553390593275,-0.0147));
#5968=CARTESIAN_POINT('',(0.00207106781186284,0.00500000000000264,-0.0146062499999998));
#5969=CARTESIAN_POINT('',(0.,0.00500000000000001,-0.0145125));
#5970=CARTESIAN_POINT('',(0.,0.005,-0.0145125));
#5971=CARTESIAN_POINT('',(0.,0.00500000000000001,-0.0145125));
#5972=CARTESIAN_POINT('',(-0.00207106781186812,0.00499999999999737,-0.0144187499999999));
#5973=CARTESIAN_POINT('',(-0.00353553390593274,0.00353553390593275,-0.014325));
#5974=CARTESIAN_POINT('',(-0.00500000000000001,0.00207106781186548,-0.01423125));
#5975=CARTESIAN_POINT('',(-0.005,1.96410537536601E-18,-0.0141375));
#5976=CARTESIAN_POINT('',(-0.00500000000000001,-0.00207106781186548,-0.01404375));
#5977=CARTESIAN_POINT('',(-0.00353553390593274,-0.00353553390593274,-0.01395));
#5978=CARTESIAN_POINT('',(-0.00207106781187733,-0.00499999999998815,-0.0138562500000008));
#5979=CARTESIAN_POINT('',(-2.85514702844728E-14,-0.00500000000000001,-0.0137625000000013));
#5980=CARTESIAN_POINT('',(-2.85514702844729E-14,-0.005,-0.0137625000000013));
#5981=CARTESIAN_POINT('',(-2.85514702844729E-14,-0.005,-0.0137625000000013));
#5982=CARTESIAN_POINT('',(0.00207106781185362,-0.00500000000001185,-0.0136687500000007));
#5983=CARTESIAN_POINT('',(0.00353553390593274,-0.00353553390593274,-0.013575));
#5984=CARTESIAN_POINT('',(0.00499999999999999,-0.00207106781186548,-0.01348125));
#5985=CARTESIAN_POINT('',(0.005,7.62879946252353E-19,-0.0133875));
#5986=CARTESIAN_POINT('',(0.00499999999999999,0.00207106781186548,-0.01329375));
#5987=CARTESIAN_POINT('',(0.00353553390593274,0.00353553390593274,-0.0132));
#5988=CARTESIAN_POINT('',(0.00207106781186553,0.00499999999999995,-0.01310625));
#5989=CARTESIAN_POINT('',(0.,0.005,-0.0130125));
#5990=CARTESIAN_POINT('',(0.,0.005,-0.0130125));
#5991=CARTESIAN_POINT('',(0.,0.005,-0.0130125));
#5992=CARTESIAN_POINT('',(-0.00207106781186551,0.00500000000000026,-0.0129187500000001));
#5993=CARTESIAN_POINT('',(-0.00353553390593288,0.00353553390593288,-0.0128250000000001));
#5994=CARTESIAN_POINT('',(-0.0050000000000002,0.00207106781186556,-0.0127312500000001));
#5995=CARTESIAN_POINT('',(-0.00500000000000021,2.01094811543341E-18,-0.0126375000000001));
#5996=CARTESIAN_POINT('',(-0.0050000000000002,-0.00207106781186556,-0.0125437500000001));
#5997=CARTESIAN_POINT('',(-0.00353553390593288,-0.00353553390593288,-0.0124500000000001));
#5998=CARTESIAN_POINT('',(-0.00207106781187243,-0.00499999999999333,-0.0123562500000006));
#5999=CARTESIAN_POINT('',(-6.12323399573676E-19,-0.005,-0.0122625));
#6000=CARTESIAN_POINT('',(-6.12323399573677E-19,-0.005,-0.0122625));
#6001=CARTESIAN_POINT('',(-6.12323399573677E-19,-0.005,-0.0122625));
#6002=CARTESIAN_POINT('',(0.00207106781185869,-0.00500000000000708,-0.0121687500000006));
#6003=CARTESIAN_POINT('',(0.00353553390593288,-0.00353553390593288,-0.0120750000000001));
#6004=CARTESIAN_POINT('',(0.00500000000000021,-0.00207106781186556,-0.0119812500000001));
#6005=CARTESIAN_POINT('',(0.00500000000000021,8.09722686319697E-19,-0.0118875000000001));
#6006=CARTESIAN_POINT('',(0.00500000000000021,0.00207106781186556,-0.0117937500000001));
#6007=CARTESIAN_POINT('',(0.00353553390593288,0.00353553390593288,-0.0117000000000001));
#6008=CARTESIAN_POINT('',(0.00207106781186556,0.00500000000000021,-0.0116062500000001));
#6009=CARTESIAN_POINT('',(0.,0.005,-0.0115125));
#6010=CARTESIAN_POINT('',(0.,0.005,-0.0115125));
#6011=CARTESIAN_POINT('',(0.,0.005,-0.0115125));
#6012=CARTESIAN_POINT('',(-0.00207106781186548,0.00499999999999999,-0.01141875));
#6013=CARTESIAN_POINT('',(-0.00353553390593274,0.00353553390593274,-0.011325));
#6014=CARTESIAN_POINT('',(-0.00499999999999999,0.00207106781186548,-0.01123125));
#6015=CARTESIAN_POINT('',(-0.005,2.05779085550078E-18,-0.0111375));
#6016=CARTESIAN_POINT('',(-0.00499999999999999,-0.00207106781186547,-0.01104375));
#6017=CARTESIAN_POINT('',(-0.00353553390593274,-0.00353553390593274,-0.01095));
#6018=CARTESIAN_POINT('',(-0.00207106781187506,-0.00499999999999041,-0.0108562500000006));
#6019=CARTESIAN_POINT('',(-1.50492937070527E-14,-0.005,-0.0107625000000007));
#6020=CARTESIAN_POINT('',(-1.50492937070527E-14,-0.005,-0.0107625000000007));
#6021=CARTESIAN_POINT('',(-1.50492937070527E-14,-0.005,-0.0107625000000007));
#6022=CARTESIAN_POINT('',(0.00207106781185589,-0.00500000000000958,-0.0106687500000006));
#6023=CARTESIAN_POINT('',(0.00353553390593274,-0.00353553390593274,-0.010575));
#6024=CARTESIAN_POINT('',(0.00499999999999999,-0.00207106781186548,-0.01048125));
#6025=CARTESIAN_POINT('',(0.005,8.56565426387126E-19,-0.0103875));
#6026=CARTESIAN_POINT('',(0.00499999999999999,0.00207106781186548,-0.01029375));
#6027=CARTESIAN_POINT('',(0.00353553390593274,0.00353553390593274,-0.0102));
#6028=CARTESIAN_POINT('',(0.0020710678118657,0.00499999999999978,-0.01010625));
#6029=CARTESIAN_POINT('',(0.,0.00500000000000005,-0.0100125000000001));
#6030=CARTESIAN_POINT('',(0.,0.005,-0.0100125));
#6031=CARTESIAN_POINT('',(0.,0.00500000000000006,-0.0100125));
#6032=CARTESIAN_POINT('',(-0.00207106781186525,0.00500000000000023,-0.00991875000000001));
#6033=CARTESIAN_POINT('',(-0.00353553390593274,0.00353553390593274,-0.009825));
#6034=CARTESIAN_POINT('',(-0.00499999999999999,0.00207106781186548,-0.00973125));
#6035=CARTESIAN_POINT('',(-0.005,2.10463359556817E-18,-0.0096375));
#6036=CARTESIAN_POINT('',(-0.00499999999999999,-0.00207106781186547,-0.00954374999999999));
#6037=CARTESIAN_POINT('',(-0.00353553390593274,-0.00353553390593274,-0.00945));
#6038=CARTESIAN_POINT('',(-0.00207106781186548,-0.00499999999999999,-0.00935625));
#6039=CARTESIAN_POINT('',(-6.12323399573677E-19,-0.005,-0.0092625));
#6040=CARTESIAN_POINT('',(-6.12323399573677E-19,-0.005,-0.0092625));
#6041=CARTESIAN_POINT('',(-6.12323399573677E-19,-0.005,-0.0092625));
#6042=CARTESIAN_POINT('',(0.00207106781186548,-0.00500000000000001,-0.00916875));
#6043=CARTESIAN_POINT('',(0.00353553390593274,-0.00353553390593274,-0.009075));
#6044=CARTESIAN_POINT('',(0.00500000000000001,-0.00207106781186548,-0.00898125));
#6045=CARTESIAN_POINT('',(0.005,9.03408166454511E-19,-0.0088875));
#6046=CARTESIAN_POINT('',(0.00500000000000001,0.00207106781186548,-0.00879375));
#6047=CARTESIAN_POINT('',(0.00353553390593275,0.00353553390593275,-0.0087));
#6048=CARTESIAN_POINT('',(0.00207106781187184,0.00499999999999365,-0.00860625000000042));
#6049=CARTESIAN_POINT('',(1.53460861540809E-14,0.00500000000000001,-0.0085125000000007));
#6050=CARTESIAN_POINT('',(1.5346086154081E-14,0.005,-0.00851250000000069));
#6051=CARTESIAN_POINT('',(1.53460861540809E-14,0.00500000000000001,-0.0085125000000007));
#6052=CARTESIAN_POINT('',(-0.00207106781185912,0.00500000000000636,-0.0084187500000004));
#6053=CARTESIAN_POINT('',(-0.00353553390593274,0.00353553390593275,-0.008325));
#6054=CARTESIAN_POINT('',(-0.00500000000000001,0.00207106781186548,-0.00823125));
#6055=CARTESIAN_POINT('',(-0.005,2.15147633563556E-18,-0.0081375));
#6056=CARTESIAN_POINT('',(-0.00500000000000001,-0.00207106781186548,-0.00804375));
#6057=CARTESIAN_POINT('',(-0.00353553390593274,-0.00353553390593274,-0.00795));
#6058=CARTESIAN_POINT('',(-0.0020710678118573,-0.00500000000000818,-0.00785624999999948));
#6059=CARTESIAN_POINT('',(1.96281025248571E-14,-0.005,-0.00776249999999912));
#6060=CARTESIAN_POINT('',(1.96281025248571E-14,-0.005,-0.00776249999999911));
#6061=CARTESIAN_POINT('',(1.96281025248571E-14,-0.005,-0.00776249999999911));
#6062=CARTESIAN_POINT('',(0.00207106781187365,-0.00499999999999182,-0.00766874999999947));
#6063=CARTESIAN_POINT('',(0.00353553390593274,-0.00353553390593274,-0.007575));
#6064=CARTESIAN_POINT('',(0.00500000000000001,-0.00207106781186548,-0.00748125000000001));
#6065=CARTESIAN_POINT('',(0.005,9.50250906521898E-19,-0.0073875));
#6066=CARTESIAN_POINT('',(0.00500000000000001,0.00207106781186548,-0.00729375));
#6067=CARTESIAN_POINT('',(0.00353553390593274,0.00353553390593274,-0.0072));
#6068=CARTESIAN_POINT('',(0.00207106781186383,0.00500000000000165,-0.0071062499999999));
#6069=CARTESIAN_POINT('',(0.,0.005,-0.0070125));
#6070=CARTESIAN_POINT('',(0.,0.005,-0.0070125));
#6071=CARTESIAN_POINT('',(0.,0.005,-0.00701249999999999));
#6072=CARTESIAN_POINT('',(-0.00207106781186713,0.00499999999999836,-0.0069187499999999));
#6073=CARTESIAN_POINT('',(-0.00353553390593274,0.00353553390593275,-0.006825));
#6074=CARTESIAN_POINT('',(-0.00500000000000001,0.00207106781186548,-0.00673125));
#6075=CARTESIAN_POINT('',(-0.005,2.19831907570295E-18,-0.0066375));
#6076=CARTESIAN_POINT('',(-0.00500000000000001,-0.00207106781186548,-0.00654374999999999));
#6077=CARTESIAN_POINT('',(-0.00353553390593274,-0.00353553390593274,-0.00645));
#6078=CARTESIAN_POINT('',(-0.00207106781186489,-0.0050000000000006,-0.00635624999999996));
#6079=CARTESIAN_POINT('',(1.42693057465492E-15,-0.005,-0.00626249999999993));
#6080=CARTESIAN_POINT('',(1.42693057465492E-15,-0.005,-0.00626249999999993));
#6081=CARTESIAN_POINT('',(1.42693057465492E-15,-0.005,-0.00626249999999993));
#6082=CARTESIAN_POINT('',(0.00207106781186607,-0.00499999999999941,-0.00616874999999996));
#6083=CARTESIAN_POINT('',(0.00353553390593274,-0.00353553390593274,-0.006075));
#6084=CARTESIAN_POINT('',(0.00499999999999999,-0.00207106781186548,-0.00598125));
#6085=CARTESIAN_POINT('',(0.005,9.97093646589285E-19,-0.0058875));
#6086=CARTESIAN_POINT('',(0.00499999999999999,0.00207106781186548,-0.00579375));
#6087=CARTESIAN_POINT('',(0.00353553390593274,0.00353553390593274,-0.0057));
#6088=CARTESIAN_POINT('',(0.00207106781186545,0.00500000000000002,-0.00560624999999999));
#6089=CARTESIAN_POINT('',(0.,0.005,-0.0055125));
#6090=CARTESIAN_POINT('',(0.,0.005,-0.0055125));
#6091=CARTESIAN_POINT('',(0.,0.005,-0.0055125));
#6092=CARTESIAN_POINT('',(-0.00207106781186556,0.00500000000000011,-0.00541875000000007));
#6093=CARTESIAN_POINT('',(-0.00353553390593283,0.00353553390593283,-0.00532500000000007));
#6094=CARTESIAN_POINT('',(-0.00500000000000014,0.00207106781186553,-0.00523125000000008));
#6095=CARTESIAN_POINT('',(-0.00500000000000013,2.24516181577033E-18,-0.00513750000000007));
#6096=CARTESIAN_POINT('',(-0.00500000000000014,-0.00207106781186553,-0.00504375000000007));
#6097=CARTESIAN_POINT('',(-0.00353553390593283,-0.00353553390593283,-0.00495000000000007));
#6098=CARTESIAN_POINT('',(-0.00207106781186548,-0.00500000000000018,-0.00485625000000007));
#6099=CARTESIAN_POINT('',(-6.12323399573678E-19,-0.005,-0.0047625));
#6100=CARTESIAN_POINT('',(-6.12323399573676E-19,-0.005,-0.0047625));
#6101=CARTESIAN_POINT('',(-6.12323399573675E-19,-0.005,-0.0047625));
#6102=CARTESIAN_POINT('',(0.00207106781186558,-0.00500000000000008,-0.00466875000000007));
#6103=CARTESIAN_POINT('',(0.00353553390593283,-0.00353553390593283,-0.00457500000000007));
#6104=CARTESIAN_POINT('',(0.00500000000000014,-0.00207106781186553,-0.00448125000000007));
#6105=CARTESIAN_POINT('',(0.00500000000000013,1.04393638665664E-18,-0.00438750000000007));
#6106=CARTESIAN_POINT('',(0.00500000000000014,0.00207106781186553,-0.00429375000000007));
#6107=CARTESIAN_POINT('',(0.00353553390593283,0.00353553390593283,-0.00420000000000007));
#6108=CARTESIAN_POINT('',(0.00207106781186553,0.00500000000000014,-0.00410625000000007));
#6109=CARTESIAN_POINT('',(0.,0.005,-0.0040125));
#6110=CARTESIAN_POINT('',(0.,0.005,-0.0040125));
#6111=CARTESIAN_POINT('',(0.,0.005,-0.0040125));
#6112=CARTESIAN_POINT('',(-0.00207106781186548,0.00500000000000001,-0.00391874999999999));
#6113=CARTESIAN_POINT('',(-0.00353553390593274,0.00353553390593274,-0.003825));
#6114=CARTESIAN_POINT('',(-0.00499999999999999,0.00207106781186548,-0.00373125));
#6115=CARTESIAN_POINT('',(-0.005,2.29200455583771E-18,-0.0036375));
#6116=CARTESIAN_POINT('',(-0.00499999999999999,-0.00207106781186547,-0.00354375));
#6117=CARTESIAN_POINT('',(-0.00353553390593274,-0.00353553390593274,-0.00345));
#6118=CARTESIAN_POINT('',(-0.00207106781186523,-0.00500000000000024,-0.00335624999999998));
#6119=CARTESIAN_POINT('',(8.32121033798883E-16,-0.00499999999999994,-0.00326249999999996));
#6120=CARTESIAN_POINT('',(8.32121033798884E-16,-0.005,-0.00326249999999996));
#6121=CARTESIAN_POINT('',(8.32121033798884E-16,-0.005,-0.00326249999999996));
#6122=CARTESIAN_POINT('',(0.00207106781186572,-0.00499999999999975,-0.00316874999999999));
#6123=CARTESIAN_POINT('',(0.00353553390593274,-0.00353553390593274,-0.003075));
#6124=CARTESIAN_POINT('',(0.00499999999999999,-0.00207106781186548,-0.00298125));
#6125=CARTESIAN_POINT('',(0.005,1.09077912672406E-18,-0.0028875));
#6126=CARTESIAN_POINT('',(0.00499999999999999,0.00207106781186548,-0.00279375));
#6127=CARTESIAN_POINT('',(0.00353553390593274,0.00353553390593274,-0.0027));
#6128=CARTESIAN_POINT('',(0.00207106781186548,0.00499999999999999,-0.00260625));
#6129=CARTESIAN_POINT('',(-1.18961908171203E-16,0.005,-0.0025125));
#6130=CARTESIAN_POINT('',(-1.18961908171203E-16,0.005,-0.0025125));
#6131=CARTESIAN_POINT('',(-1.18961908171203E-16,0.005,-0.0025125));
#6132=CARTESIAN_POINT('',(-0.00207106781186548,0.00500000000000001,-0.00241875));
#6133=CARTESIAN_POINT('',(-0.00353553390593274,0.00353553390593274,-0.002325));
#6134=CARTESIAN_POINT('',(-0.00500000000000001,0.00207106781186548,-0.00223125));
#6135=CARTESIAN_POINT('',(-0.005,2.3388472959051E-18,-0.0021375));
#6136=CARTESIAN_POINT('',(-0.00500000000000001,-0.00207106781186548,-0.00204375));
#6137=CARTESIAN_POINT('',(-0.00353553390593274,-0.00353553390593274,-0.00195));
#6138=CARTESIAN_POINT('',(-0.00207106781186548,-0.00499999999999999,-0.00185625));
#6139=CARTESIAN_POINT('',(-6.12323399573677E-19,-0.005,-0.0017625));
#6140=CARTESIAN_POINT('',(-6.12323399573677E-19,-0.005,-0.0017625));
#6141=CARTESIAN_POINT('',(-6.12323399573677E-19,-0.005,-0.0017625));
#6142=CARTESIAN_POINT('',(0.00207106781186548,-0.00500000000000001,-0.00166875));
#6143=CARTESIAN_POINT('',(0.00353553390593275,-0.00353553390593274,-0.001575));
#6144=CARTESIAN_POINT('',(0.00500000000000001,-0.00207106781186548,-0.00148125));
#6145=CARTESIAN_POINT('',(0.005,1.13762186679144E-18,-0.0013875));
#6146=CARTESIAN_POINT('',(0.00500000000000001,0.00207106781186548,-0.00129375));
#6147=CARTESIAN_POINT('',(0.00353553390593275,0.00353553390593275,-0.0012));
#6148=CARTESIAN_POINT('',(0.00207106781187174,0.00499999999999375,-0.0011062500000004));
#6149=CARTESIAN_POINT('',(1.51081623377386E-14,0.00500000000000001,-0.00101250000000068));
#6150=CARTESIAN_POINT('',(1.51081623377387E-14,0.005,-0.00101250000000068));
#6151=CARTESIAN_POINT('',(1.51081623377387E-14,0.005,-0.00101250000000068));
#6152=CARTESIAN_POINT('',(-0.00207106781185922,0.00500000000000627,-0.000918750000000403));
#6153=CARTESIAN_POINT('',(-0.00353553390593275,0.00353553390593275,-0.000825));
#6154=CARTESIAN_POINT('',(-0.00500000000000001,0.00207106781186548,-0.000731250000000003));
#6155=CARTESIAN_POINT('',(-0.005,2.38569003597249E-18,-0.0006375));
#6156=CARTESIAN_POINT('',(-0.00500000000000001,-0.00207106781186548,-0.000543750000000002));
#6157=CARTESIAN_POINT('',(-0.00353553390593275,-0.00353553390593274,-0.00045));
#6158=CARTESIAN_POINT('',(-0.0020710678118605,-0.00500000000000498,-0.000356249999999683));
#6159=CARTESIAN_POINT('',(1.13007689528675E-14,-0.00499999999999999,-0.000262499999999484));
#6160=CARTESIAN_POINT('',(1.13007689528676E-14,-0.005,-0.000262499999999485));
#6161=CARTESIAN_POINT('',(1.13007689528676E-14,-0.00499999999999999,-0.000262499999999485));
#6162=CARTESIAN_POINT('',(0.00207106781187045,-0.00499999999999502,-0.000168749999999679));
#6163=CARTESIAN_POINT('',(0.00353553390593274,-0.00353553390593274,-7.49999999999978E-5));
#6164=CARTESIAN_POINT('',(0.00499999999999999,-0.00207106781186548,1.87500000000023E-5));
#6165=CARTESIAN_POINT('',(0.005,1.18446460685883E-18,0.000112500000000002));
#6166=CARTESIAN_POINT('',(0.00499999999999999,0.00207106781186548,0.000206250000000002));
#6167=CARTESIAN_POINT('',(0.00353553390593274,0.00353553390593274,0.0003));
#6168=CARTESIAN_POINT('',(0.00207106781186548,0.00500000000000001,0.000393750000000002));
#6169=CARTESIAN_POINT('',(0.,0.005,0.0004875));
#6170=CARTESIAN_POINT('',(0.,0.005,0.0004875));
#6171=CARTESIAN_POINT('',(0.,0.005,0.0004875));
#6172=CARTESIAN_POINT('',(-0.00207106781186548,0.00500000000000001,0.000581249999999999));
#6173=CARTESIAN_POINT('',(-0.00353553390593274,0.00353553390593274,0.000675));
#6174=CARTESIAN_POINT('',(-0.00500000000000001,0.00207106781186548,0.000768749999999999));
#6175=CARTESIAN_POINT('',(-0.005,2.43253277603987E-18,0.0008625));
#6176=CARTESIAN_POINT('',(-0.00500000000000001,-0.00207106781186548,0.00095625));
#6177=CARTESIAN_POINT('',(-0.00353553390593274,-0.00353553390593274,0.00105));
#6178=CARTESIAN_POINT('',(-0.00207106781187509,-0.00499999999999039,0.00114374999999938));
#6179=CARTESIAN_POINT('',(-2.3198184416774E-14,-0.00499999999999999,0.00123749999999895));
#6180=CARTESIAN_POINT('',(-2.31981844167741E-14,-0.005,0.00123749999999895));
#6181=CARTESIAN_POINT('',(-2.31981844167741E-14,-0.005,0.00123749999999895));
#6182=CARTESIAN_POINT('',(0.00207106781185587,-0.00500000000000961,0.00133124999999939));
#6183=CARTESIAN_POINT('',(0.00353553390593274,-0.00353553390593274,0.001425));
#6184=CARTESIAN_POINT('',(0.00499999999999999,-0.00207106781186548,0.00151875));
#6185=CARTESIAN_POINT('',(0.005,1.23130734692622E-18,0.0016125));
#6186=CARTESIAN_POINT('',(0.00499999999999999,0.00207106781186548,0.00170625));
#6187=CARTESIAN_POINT('',(0.00353553390593274,0.00353553390593274,0.0018));
#6188=CARTESIAN_POINT('',(0.00207106781187119,0.00499999999999429,0.00189374999999964));
#6189=CARTESIAN_POINT('',(0.,0.005,0.0019875));
#6190=CARTESIAN_POINT('',(0.,0.005,0.0019875));
#6191=CARTESIAN_POINT('',(0.,0.005,0.0019875));
#6192=CARTESIAN_POINT('',(-0.00207106781185979,0.0050000000000058,0.0020812499999996));
#6193=CARTESIAN_POINT('',(-0.00353553390593279,0.00353553390593279,0.00217499999999995));
#6194=CARTESIAN_POINT('',(-0.00500000000000008,0.00207106781186551,0.00226874999999996));
#6195=CARTESIAN_POINT('',(-0.00500000000000008,2.47937551610726E-18,0.00236249999999995));
#6196=CARTESIAN_POINT('',(-0.00500000000000008,-0.00207106781186551,0.00245624999999996));
#6197=CARTESIAN_POINT('',(-0.00353553390593279,-0.00353553390593279,0.00254999999999995));
#6198=CARTESIAN_POINT('',(-0.00207106781186561,-0.00499999999999998,0.00264374999999995));
#6199=CARTESIAN_POINT('',(-1.19574231570779E-16,-0.005,0.0027375));
#6200=CARTESIAN_POINT('',(-1.1957423157078E-16,-0.005,0.0027375));
#6201=CARTESIAN_POINT('',(-1.1957423157078E-16,-0.005,0.0027375));
#6202=CARTESIAN_POINT('',(0.00207106781186541,-0.00500000000000017,0.00283124999999995));
#6203=CARTESIAN_POINT('',(0.00353553390593279,-0.00353553390593279,0.00292499999999995));
#6204=CARTESIAN_POINT('',(0.00500000000000008,-0.00207106781186551,0.00301874999999995));
#6205=CARTESIAN_POINT('',(0.00500000000000008,1.27815008699359E-18,0.00311249999999995));
#6206=CARTESIAN_POINT('',(0.00500000000000008,0.00207106781186551,0.00320624999999995));
#6207=CARTESIAN_POINT('',(0.00353553390593279,0.00353553390593279,0.00329999999999995));
#6208=CARTESIAN_POINT('',(0.00207106781186546,0.00500000000000013,0.00339374999999996));
#6209=CARTESIAN_POINT('',(-1.18961908171207E-16,0.005,0.0034875));
#6210=CARTESIAN_POINT('',(-1.18961908171207E-16,0.005,0.0034875));
#6211=CARTESIAN_POINT('',(-1.18961908171206E-16,0.005,0.0034875));
#6212=CARTESIAN_POINT('',(-0.00207106781186553,0.00499999999999995,0.00358125000000001));
#6213=CARTESIAN_POINT('',(-0.00353553390593274,0.00353553390593274,0.003675));
#6214=CARTESIAN_POINT('',(-0.00499999999999999,0.00207106781186548,0.00376875));
#6215=CARTESIAN_POINT('',(-0.005,2.52621825617465E-18,0.0038625));
#6216=CARTESIAN_POINT('',(-0.00499999999999999,-0.00207106781186547,0.00395625));
#6217=CARTESIAN_POINT('',(-0.00353553390593274,-0.00353553390593274,0.00405));
#6218=CARTESIAN_POINT('',(-0.00207106781186356,-0.00500000000000193,0.00414375000000012));
#6219=CARTESIAN_POINT('',(4.75235309285256E-16,-0.005,0.00423750000000003));
#6220=CARTESIAN_POINT('',(4.75235309285256E-16,-0.005,0.0042375));
#6221=CARTESIAN_POINT('',(4.75235309285256E-16,-0.005,0.00423750000000002));
#6222=CARTESIAN_POINT('',(0.0020710678118674,-0.00499999999999808,0.00433125000000012));
#6223=CARTESIAN_POINT('',(0.00353553390593274,-0.00353553390593274,0.004425));
#6224=CARTESIAN_POINT('',(0.00499999999999999,-0.00207106781186548,0.00451875));
#6225=CARTESIAN_POINT('',(0.005,1.32499282706099E-18,0.0046125));
#6226=CARTESIAN_POINT('',(0.00499999999999999,0.00207106781186548,0.00470625));
#6227=CARTESIAN_POINT('',(0.00353553390593274,0.00353553390593274,0.0048));
#6228=CARTESIAN_POINT('',(0.00207106781185306,0.00500000000001241,0.0048937500000008));
#6229=CARTESIAN_POINT('',(-2.99784008591619E-14,0.00500000000000001,0.00498750000000137));
#6230=CARTESIAN_POINT('',(-2.99784008591618E-14,0.005,0.00498750000000136));
#6231=CARTESIAN_POINT('',(-2.99784008591619E-14,0.005,0.00498750000000136));
#6232=CARTESIAN_POINT('',(-0.00207106781187789,0.00499999999998759,0.0050812500000008));
#6233=CARTESIAN_POINT('',(-0.00353553390593274,0.00353553390593274,0.005175));
#6234=CARTESIAN_POINT('',(-0.00499999999999999,0.00207106781186548,0.00526875));
#6235=CARTESIAN_POINT('',(-0.005,2.57306099624203E-18,0.0053625));
#6236=CARTESIAN_POINT('',(-0.00499999999999999,-0.00207106781186547,0.00545625));
#6237=CARTESIAN_POINT('',(-0.00353553390593274,-0.00353553390593274,0.00555));
#6238=CARTESIAN_POINT('',(-0.00207106781186553,-0.00499999999999995,0.00564375));
#6239=CARTESIAN_POINT('',(-1.19574231570776E-16,-0.005,0.0057375));
#6240=CARTESIAN_POINT('',(-1.19574231570776E-16,-0.005,0.0057375));
#6241=CARTESIAN_POINT('',(-1.19574231570776E-16,-0.005,0.0057375));
#6242=CARTESIAN_POINT('',(0.00207106781186543,-0.00500000000000007,0.00583124999999998));
#6243=CARTESIAN_POINT('',(0.00353553390593275,-0.00353553390593275,0.005925));
#6244=CARTESIAN_POINT('',(0.00500000000000002,-0.00207106781186548,0.00601874999999999));
#6245=CARTESIAN_POINT('',(0.005,1.37183556712837E-18,0.0061125));
#6246=CARTESIAN_POINT('',(0.00500000000000002,0.00207106781186549,0.00620624999999999));
#6247=CARTESIAN_POINT('',(0.00353553390593275,0.00353553390593276,0.0063));
#6248=CARTESIAN_POINT('',(0.0020710678118714,0.00499999999999411,0.00639374999999961));
#6249=CARTESIAN_POINT('',(1.42754289805407E-14,0.005,0.00648749999999936));
#6250=CARTESIAN_POINT('',(1.42754289805407E-14,0.005,0.00648749999999936));
#6251=CARTESIAN_POINT('',(1.42754289805407E-14,0.005,0.00648749999999936));
#6252=CARTESIAN_POINT('',(-0.00207106781185957,0.00500000000000594,0.00658124999999961));
#6253=CARTESIAN_POINT('',(-0.00353553390593275,0.00353553390593276,0.006675));
#6254=CARTESIAN_POINT('',(-0.00500000000000002,0.00207106781186549,0.00676875));
#6255=CARTESIAN_POINT('',(-0.005,2.61990373630942E-18,0.0068625));
#6256=CARTESIAN_POINT('',(-0.00500000000000002,-0.00207106781186548,0.00695624999999999));
#6257=CARTESIAN_POINT('',(-0.00353553390593275,-0.00353553390593275,0.00705));
#6258=CARTESIAN_POINT('',(-0.00207106781186366,-0.00500000000000185,0.00714375000000011));
#6259=CARTESIAN_POINT('',(-6.12323399573676E-19,-0.00499999999999999,0.00723749999999999));
#6260=CARTESIAN_POINT('',(-6.12323399573676E-19,-0.005,0.0072375));
#6261=CARTESIAN_POINT('',(-6.12323399573677E-19,-0.005,0.00723750000000001));
#6262=CARTESIAN_POINT('',(0.0020710678118673,-0.00499999999999818,0.00733125000000012));
#6263=CARTESIAN_POINT('',(0.00353553390593274,-0.00353553390593274,0.007425));
#6264=CARTESIAN_POINT('',(0.00499999999999999,-0.00207106781186548,0.00751875));
#6265=CARTESIAN_POINT('',(0.005,1.41867830719576E-18,0.0076125));
#6266=CARTESIAN_POINT('',(0.00499999999999999,0.00207106781186548,0.00770625000000001));
#6267=CARTESIAN_POINT('',(0.00353553390593274,0.00353553390593274,0.0078));
#6268=CARTESIAN_POINT('',(0.00207106781186543,0.00500000000000005,0.00789375000000001));
#6269=CARTESIAN_POINT('',(-1.18961908171207E-16,0.005,0.0079875));
#6270=CARTESIAN_POINT('',(-1.18961908171207E-16,0.005,0.0079875));
#6271=CARTESIAN_POINT('',(-1.18961908171206E-16,0.005,0.0079875));
#6272=CARTESIAN_POINT('',(-0.00207106781186553,0.00499999999999995,0.00808125000000001));
#6273=CARTESIAN_POINT('',(-0.00353553390593274,0.00353553390593274,0.008175));
#6274=CARTESIAN_POINT('',(-0.00499999999999999,0.00207106781186548,0.00826875000000001));
#6275=CARTESIAN_POINT('',(-0.005,2.66674647637681E-18,0.0083625));
#6276=CARTESIAN_POINT('',(-0.00499999999999999,-0.00207106781186547,0.00845625));
#6277=CARTESIAN_POINT('',(-0.00353553390593274,-0.00353553390593274,0.00855));
#6278=CARTESIAN_POINT('',(-0.00207106781188282,-0.00499999999998265,0.00864374999999889));
#6279=CARTESIAN_POINT('',(-2.85514702844728E-14,-0.00499999999999999,0.00873749999999871));
#6280=CARTESIAN_POINT('',(-2.85514702844729E-14,-0.005,0.00873749999999871));
#6281=CARTESIAN_POINT('',(-2.85514702844729E-14,-0.005,0.00873749999999872));
#6282=CARTESIAN_POINT('',(0.00207106781184813,-0.00500000000001734,0.0088312499999989));
#6283=CARTESIAN_POINT('',(0.00353553390593274,-0.00353553390593274,0.008925));
#6284=CARTESIAN_POINT('',(0.00499999999999999,-0.00207106781186548,0.00901875));
#6285=CARTESIAN_POINT('',(0.005,1.46552104726315E-18,0.0091125));
#6286=CARTESIAN_POINT('',(0.00499999999999999,0.00207106781186548,0.00920625));
#6287=CARTESIAN_POINT('',(0.00353553390593274,0.00353553390593274,0.0093));
#6288=CARTESIAN_POINT('',(0.00207106781187109,0.00499999999999438,0.00939374999999964));
#6289=CARTESIAN_POINT('',(1.18961908171206E-16,0.005,0.0094875));
#6290=CARTESIAN_POINT('',(1.18961908171206E-16,0.005,0.0094875));
#6291=CARTESIAN_POINT('',(1.18961908171206E-16,0.005,0.00948749999999999));
#6292=CARTESIAN_POINT('',(-0.00207106781185988,0.00500000000000567,0.00958124999999962));
#6293=CARTESIAN_POINT('',(-0.00353553390593277,0.00353553390593277,0.009675));
#6294=CARTESIAN_POINT('',(-0.00500000000000005,0.0020710678118655,0.00976874999999997));
#6295=CARTESIAN_POINT('',(-0.005,2.71358921644419E-18,0.0098625));
#6296=CARTESIAN_POINT('',(-0.00500000000000005,-0.00207106781186549,0.00995624999999998));
#6297=CARTESIAN_POINT('',(-0.00353553390593277,-0.00353553390593277,0.01005));
#6298=CARTESIAN_POINT('',(-0.00207106781186525,-0.00500000000000029,0.01014375));
#6299=CARTESIAN_POINT('',(2.3731149294284E-16,-0.00499999999999994,0.0102375));
#6300=CARTESIAN_POINT('',(2.3731149294284E-16,-0.005,0.0102375));
#6301=CARTESIAN_POINT('',(2.3731149294284E-16,-0.005,0.0102375000000001));
#6302=CARTESIAN_POINT('',(0.00207106781186574,-0.0049999999999998,0.01033125));
#6303=CARTESIAN_POINT('',(0.00353553390593277,-0.00353553390593277,0.010425));
#6304=CARTESIAN_POINT('',(0.00500000000000004,-0.00207106781186549,0.01051875));
#6305=CARTESIAN_POINT('',(0.005,1.51236378733052E-18,0.0106125));
#6306=CARTESIAN_POINT('',(0.00500000000000004,0.0020710678118655,0.01070625));
#6307=CARTESIAN_POINT('',(0.00353553390593277,0.00353553390593277,0.0108));
#6308=CARTESIAN_POINT('',(0.0020710678118654,0.00500000000000014,0.01089375));
#6309=CARTESIAN_POINT('',(-2.37923816342415E-16,0.005,0.0109875));
#6310=CARTESIAN_POINT('',(-2.37923816342414E-16,0.005,0.0109875));
#6311=CARTESIAN_POINT('',(-2.37923816342413E-16,0.005,0.0109875));
#6312=CARTESIAN_POINT('',(-0.00207106781186557,0.0049999999999999,0.01108125));
#6313=CARTESIAN_POINT('',(-0.00353553390593274,0.00353553390593274,0.011175));
#6314=CARTESIAN_POINT('',(-0.00499999999999999,0.00207106781186548,0.01126875));
#6315=CARTESIAN_POINT('',(-0.005,2.76043195651158E-18,0.0113625));
#6316=CARTESIAN_POINT('',(-0.00499999999999999,-0.00207106781186547,0.01145625));
#6317=CARTESIAN_POINT('',(-0.00353553390593274,-0.00353553390593274,0.01155));
#6318=CARTESIAN_POINT('',(-0.00207106781187469,-0.00499999999999078,0.0116437499999994));
#6319=CARTESIAN_POINT('',(-2.22464891514053E-14,-0.005,0.011737499999999));
#6320=CARTESIAN_POINT('',(-2.22464891514053E-14,-0.005,0.011737499999999));
#6321=CARTESIAN_POINT('',(-2.22464891514053E-14,-0.005,0.011737499999999));
#6322=CARTESIAN_POINT('',(0.00207106781185626,-0.00500000000000921,0.0118312499999994));
#6323=CARTESIAN_POINT('',(0.00353553390593274,-0.00353553390593274,0.011925));
#6324=CARTESIAN_POINT('',(0.00499999999999999,-0.00207106781186548,0.01201875));
#6325=CARTESIAN_POINT('',(0.005,1.55920652739792E-18,0.0121125));
#6326=CARTESIAN_POINT('',(0.00499999999999999,0.00207106781186548,0.01220625));
#6327=CARTESIAN_POINT('',(0.00353553390593274,0.00353553390593274,0.0123));
#6328=CARTESIAN_POINT('',(0.002071067811861,0.00500000000000449,0.0123937500000003));
#6329=CARTESIAN_POINT('',(0.,0.00500000000000001,0.0124875));
#6330=CARTESIAN_POINT('',(0.,0.005,0.0124875));
#6331=CARTESIAN_POINT('',(0.,0.005,0.0124875));
#6332=CARTESIAN_POINT('',(-0.00207106781186996,0.00499999999999552,0.0125812500000003));
#6333=CARTESIAN_POINT('',(-0.00353553390593274,0.00353553390593274,0.012675));
#6334=CARTESIAN_POINT('',(-0.00499999999999999,0.00207106781186548,0.01276875));
#6335=CARTESIAN_POINT('',(-0.005,2.80727469657897E-18,0.0128625));
#6336=CARTESIAN_POINT('',(-0.00499999999999999,-0.00207106781186547,0.01295625));
#6337=CARTESIAN_POINT('',(-0.00353553390593274,-0.00353553390593274,0.01305));
#6338=CARTESIAN_POINT('',(-0.00207106781186553,-0.00499999999999995,0.01314375));
#6339=CARTESIAN_POINT('',(-1.19574231570779E-16,-0.005,0.0132375));
#6340=CARTESIAN_POINT('',(-1.1957423157078E-16,-0.005,0.0132375));
#6341=CARTESIAN_POINT('',(-1.1957423157078E-16,-0.005,0.0132375));
#6342=CARTESIAN_POINT('',(0.00207106781186544,-0.00500000000000009,0.01333125));
#6343=CARTESIAN_POINT('',(0.00353553390593276,-0.00353553390593276,0.013425));
#6344=CARTESIAN_POINT('',(0.00500000000000003,-0.00207106781186549,0.01351875));
#6345=CARTESIAN_POINT('',(0.005,1.6060492674653E-18,0.0136125));
#6346=CARTESIAN_POINT('',(0.00500000000000003,0.00207106781186549,0.01370625));
#6347=CARTESIAN_POINT('',(0.00353553390593276,0.00353553390593276,0.0138));
#6348=CARTESIAN_POINT('',(0.00207106781186485,0.00500000000000067,0.01389375));
#6349=CARTESIAN_POINT('',(-2.02235243891059E-15,0.00500000000000001,0.0139875000000001));
#6350=CARTESIAN_POINT('',(-2.02235243891059E-15,0.005,0.0139875));
#6351=CARTESIAN_POINT('',(-2.02235243891059E-15,0.00500000000000001,0.0139875000000001));
#6352=CARTESIAN_POINT('',(-0.00207106781186613,0.0049999999999994,0.01408125));
#6353=CARTESIAN_POINT('',(-0.00353553390593276,0.00353553390593276,0.014175));
#6354=CARTESIAN_POINT('',(-0.00500000000000003,0.00207106781186549,0.01426875));
#6355=CARTESIAN_POINT('',(-0.005,2.85411743664636E-18,0.0143625));
#6356=CARTESIAN_POINT('',(-0.00500000000000003,-0.00207106781186549,0.01445625));
#6357=CARTESIAN_POINT('',(-0.00353553390593276,-0.00353553390593276,0.01455));
#6358=CARTESIAN_POINT('',(-0.00207106781186549,-0.00500000000000003,0.01464375));
#6359=CARTESIAN_POINT('',(-6.12323399573676E-19,-0.005,0.0147375));
#6360=CARTESIAN_POINT('',(-6.12323399573676E-19,-0.005,0.0147375));
#6361=CARTESIAN_POINT('',(-6.12323399573676E-19,-0.005,0.0147375));
#6362=CARTESIAN_POINT('',(0.00207106781186548,-0.00499999999999999,0.01483125));
#6363=CARTESIAN_POINT('',(0.00353553390593274,-0.00353553390593274,0.014925));
#6364=CARTESIAN_POINT('',(0.00499999999999999,-0.00207106781186548,0.01501875));
#6365=CARTESIAN_POINT('',(0.005,1.6528920075327E-18,0.0151125));
#6366=CARTESIAN_POINT('',(0.00499999999999999,0.00207106781186548,0.01520625));
#6367=CARTESIAN_POINT('',(0.00353553390593274,0.00353553390593274,0.0153));
#6368=CARTESIAN_POINT('',(0.00207106781186548,0.00500000000000001,0.01539375));
#6369=CARTESIAN_POINT('',(1.18961908171202E-16,0.005,0.0154875));
#6370=CARTESIAN_POINT('',(1.18961908171202E-16,0.005,0.0154875));
#6371=CARTESIAN_POINT('',(1.18961908171202E-16,0.005,0.0154875));
#6372=CARTESIAN_POINT('',(-0.00207106781186548,0.00500000000000001,0.01558125));
#6373=CARTESIAN_POINT('',(-0.00353553390593274,0.00353553390593274,0.015675));
#6374=CARTESIAN_POINT('',(-0.00499999999999999,0.00207106781186548,0.01576875));
#6375=CARTESIAN_POINT('',(-0.005,2.90096017671374E-18,0.0158625));
#6376=CARTESIAN_POINT('',(-0.00499999999999999,-0.00207106781186547,0.01595625));
#6377=CARTESIAN_POINT('',(-0.00353553390593274,-0.00353553390593274,0.01605));
#6378=CARTESIAN_POINT('',(-0.00207106781187297,-0.00499999999999251,0.0161437499999995));
#6379=CARTESIAN_POINT('',(-1.42760413039403E-14,-0.005,0.0162374999999993));
#6380=CARTESIAN_POINT('',(-1.42760413039403E-14,-0.005,0.0162374999999993));
#6381=CARTESIAN_POINT('',(-1.42760413039403E-14,-0.00499999999999999,0.0162374999999994));
#6382=CARTESIAN_POINT('',(0.00207106781185799,-0.0050000000000075,0.0163312499999995));
#6383=CARTESIAN_POINT('',(0.00353553390593274,-0.00353553390593274,0.016425));
#6384=CARTESIAN_POINT('',(0.00499999999999999,-0.00207106781186548,0.01651875));
#6385=CARTESIAN_POINT('',(0.005,1.69973474760008E-18,0.0166125));
#6386=CARTESIAN_POINT('',(0.00499999999999999,0.00207106781186548,0.01670625));
#6387=CARTESIAN_POINT('',(0.00353553390593274,0.00353553390593274,0.0168));
#6388=CARTESIAN_POINT('',(0.00207106781186548,0.00500000000000001,0.01689375));
#6389=CARTESIAN_POINT('',(0.,0.005,0.0169875));
#6390=CARTESIAN_POINT('',(0.,0.005,0.0169875));
#6391=CARTESIAN_POINT('',(0.,0.005,0.0169875));
#6392=CARTESIAN_POINT('',(-0.00207106781186549,0.00500000000000003,0.01708125));
#6393=CARTESIAN_POINT('',(-0.00353553390593276,0.00353553390593276,0.017175));
#6394=CARTESIAN_POINT('',(-0.00500000000000003,0.00207106781186549,0.01726875));
#6395=CARTESIAN_POINT('',(-0.005,2.94780291678112E-18,0.0173625));
#6396=CARTESIAN_POINT('',(-0.00500000000000003,-0.00207106781186548,0.01745625));
#6397=CARTESIAN_POINT('',(-0.00353553390593276,-0.00353553390593276,0.01755));
#6398=CARTESIAN_POINT('',(-0.00207106781185277,-0.00500000000001274,0.0176437500000008));
#6399=CARTESIAN_POINT('',(3.0572598076619E-14,-0.005,0.0177375000000014));
#6400=CARTESIAN_POINT('',(3.0572598076619E-14,-0.005,0.0177375000000014));
#6401=CARTESIAN_POINT('',(3.0572598076619E-14,-0.00499999999999999,0.0177375000000014));
#6402=CARTESIAN_POINT('',(0.0020710678118782,-0.00499999999998731,0.0178312500000008));
#6403=CARTESIAN_POINT('',(0.00353553390593276,-0.00353553390593276,0.017925));
#6404=CARTESIAN_POINT('',(0.00500000000000003,-0.00207106781186549,0.01801875));
#6405=CARTESIAN_POINT('',(0.005,1.74657748766746E-18,0.0181125));
#6406=CARTESIAN_POINT('',(0.00500000000000003,0.00207106781186549,0.01820625));
#6407=CARTESIAN_POINT('',(0.00353553390593276,0.00353553390593276,0.0183));
#6408=CARTESIAN_POINT('',(0.00207106781187781,0.00499999999998771,0.0183937499999992));
#6409=CARTESIAN_POINT('',(2.9740477042784E-14,0.00500000000000001,0.0184874999999986));
#6410=CARTESIAN_POINT('',(2.9740477042784E-14,0.005,0.0184874999999987));
#6411=CARTESIAN_POINT('',(2.97404770427839E-14,0.005,0.0184874999999987));
#6412=CARTESIAN_POINT('',(-0.00207106781185316,0.00500000000001232,0.0185812499999992));
#6413=CARTESIAN_POINT('',(-0.00353553390593274,0.00353553390593274,0.018675));
#6414=CARTESIAN_POINT('',(-0.00499999999999999,0.00207106781186548,0.01876875));
#6415=CARTESIAN_POINT('',(-0.005,2.99464565684851E-18,0.0188625));
#6416=CARTESIAN_POINT('',(-0.00499999999999999,-0.00207106781186547,0.01895625));
#6417=CARTESIAN_POINT('',(-0.00353553390593274,-0.00353553390593274,0.01905));
#6418=CARTESIAN_POINT('',(-0.00207106781186538,-0.0050000000000001,0.01914375));
#6419=CARTESIAN_POINT('',(2.37311492942841E-16,-0.005,0.0192375));
#6420=CARTESIAN_POINT('',(2.3731149294284E-16,-0.005,0.0192375));
#6421=CARTESIAN_POINT('',(2.37311492942839E-16,-0.005,0.0192375));
#6422=CARTESIAN_POINT('',(0.00207106781186557,-0.00499999999999989,0.01933125));
#6423=CARTESIAN_POINT('',(0.00353553390593274,-0.00353553390593274,0.019425));
#6424=CARTESIAN_POINT('',(0.00499999999999999,-0.00207106781186548,0.01951875));
#6425=CARTESIAN_POINT('',(0.005,1.79342022773486E-18,0.0196125));
#6426=CARTESIAN_POINT('',(0.00499999999999999,0.00207106781186548,0.01970625));
#6427=CARTESIAN_POINT('',(0.00353553390593274,0.00353553390593274,0.0198));
#6428=CARTESIAN_POINT('',(0.00207106781316626,0.00499999999869922,0.0198937499999167));
#6429=CARTESIAN_POINT('',(2.37923816342412E-16,0.005,0.0199875));
#6430=CARTESIAN_POINT('',(2.37923816342411E-16,0.005,0.0199875));
#6431=CARTESIAN_POINT('',(2.37923816342411E-16,0.005,0.0199875));
#6432=CARTESIAN_POINT('',(-0.0020710678105647,0.00500000000130078,0.0200812499999167));
#6433=CARTESIAN_POINT('',(-0.00353553390593274,0.00353553390593274,0.020175));
#6434=CARTESIAN_POINT('',(-0.00499999999999999,0.00207106781186548,0.02026875));
#6435=CARTESIAN_POINT('',(-0.005,3.0414883969159E-18,0.0203625));
#6436=CARTESIAN_POINT('',(-0.00499999999999999,-0.00207106781186547,0.02045625));
#6437=CARTESIAN_POINT('',(-0.00353553390593274,-0.00353553390593274,0.02055));
#6438=CARTESIAN_POINT('',(-0.00207106781186548,-0.00499999999999999,0.02064375));
#6439=CARTESIAN_POINT('',(-6.12323399573676E-19,-0.005,0.0207375));
#6440=CARTESIAN_POINT('',(-6.12323399573676E-19,-0.005,0.0207375));
#6441=CARTESIAN_POINT('',(-6.12323399573676E-19,-0.005,0.0207375));
#6442=CARTESIAN_POINT('',(0.0020710678118655,-0.00500000000000005,0.02083125));
#6443=CARTESIAN_POINT('',(0.00353553390593277,-0.00353553390593277,0.020925));
#6444=CARTESIAN_POINT('',(0.00500000000000005,-0.0020710678118655,0.02101875));
#6445=CARTESIAN_POINT('',(0.005,1.84026296780223E-18,0.0211125));
#6446=CARTESIAN_POINT('',(0.00500000000000005,0.0020710678118655,0.02120625));
#6447=CARTESIAN_POINT('',(0.00353553390593277,0.00353553390593277,0.0213));
#6448=CARTESIAN_POINT('',(0.00207106781317254,0.00499999999869302,0.0213937499999163));
#6449=CARTESIAN_POINT('',(1.52271242459098E-14,0.005,0.0214874999999993));
#6450=CARTESIAN_POINT('',(1.52271242459098E-14,0.005,0.0214874999999993));
#6451=CARTESIAN_POINT('',(4.27111287626286E-6,-9.48423483835333E-6,0.0215812344910586));
#6452=CARTESIAN_POINT('',(-0.0085,0.00490747728811182,0.0218));
#6453=CARTESIAN_POINT('',(-0.0085,0.00490747728811182,0.0218));
#6454=CARTESIAN_POINT('',(-0.0085,0.00490747728811182,0.0218));
#6455=CARTESIAN_POINT('',(-0.0085,-0.00490747728811182,0.0218));
#6456=CARTESIAN_POINT('',(-7.32645980742868E-20,0.00981495457622364,0.0218));
#6457=CARTESIAN_POINT('',(-7.32645980742868E-20,0.00981495457622364,0.0218));
#6458=CARTESIAN_POINT('',(0.0085,0.00490747728811182,0.0218));
#6459=CARTESIAN_POINT('',(0.0085,0.00490747728811182,0.0218));
#6460=CARTESIAN_POINT('',(0.0085,-0.00490747728811182,0.0218));
#6461=CARTESIAN_POINT('',(0.0085,-0.00490747728811182,0.0218));
#6462=CARTESIAN_POINT('',(-1.75586717651869E-18,-0.00981495457622364,0.0218));
#6463=CARTESIAN_POINT('',(-1.75586717651869E-18,-0.00981495457622364,0.0218));
#6464=CARTESIAN_POINT('',(-0.0085,-0.00490747728811182,0.0218));
#6465=CARTESIAN_POINT('',(0.,0.,0.0218));
#6466=CARTESIAN_POINT('',(-0.00516237976320958,0.,0.0218));
#6467=CARTESIAN_POINT('',(-0.0085,-0.00490747728811182,0.0282));
#6468=CARTESIAN_POINT('',(-0.0085,-0.00490747728811182,0.0274408106214452));
#6469=CARTESIAN_POINT('',(-0.00711143989625891,-0.00570916283779271,0.0279036639893588));
#6470=CARTESIAN_POINT('',(-0.00570057069681434,-0.00652372854988339,0.0282));
#6471=CARTESIAN_POINT('',(-0.00425,-0.00736121593216773,0.0282));
#6472=CARTESIAN_POINT('',(-0.0085,-0.00490747728811182,0.0274408106214452));
#6473=CARTESIAN_POINT('',(-0.00425,-0.00736121593216773,0.0282));
#6474=CARTESIAN_POINT('',(-0.0085,-0.00490747728811182,0.0282));
#6475=CARTESIAN_POINT('',(-1.75586717651869E-18,-0.00981495457622364,0.0282));
#6476=CARTESIAN_POINT('',(-1.78702195878709E-18,-0.00981495457622364,0.0274408106214452));
#6477=CARTESIAN_POINT('',(-0.00425,-0.00736121593216773,0.0282));
#6478=CARTESIAN_POINT('',(-0.00279942930318566,-0.00819870331445207,0.0282));
#6479=CARTESIAN_POINT('',(-0.00138856010374109,-0.00901326902654274,0.0279036639893589));
#6480=CARTESIAN_POINT('',(-8.46289999785342E-19,-0.00981495457622364,0.0274408106214452));
#6481=CARTESIAN_POINT('',(0.,0.,0.0282));
#6482=CARTESIAN_POINT('',(-0.0085,0.,0.0282));
#6483=CARTESIAN_POINT('',(-0.0085,-0.00167497476456869,0.0282));
#6484=CARTESIAN_POINT('',(-0.0085,-0.00330410618875003,0.0279036639893588));
#6485=CARTESIAN_POINT('',(-0.0085,-0.00490747728811182,0.0274408106214452));
#6486=CARTESIAN_POINT('',(-0.0085,5.20474889637625E-19,0.0282));
#6487=CARTESIAN_POINT('',(0.,0.,0.0282));
#6488=CARTESIAN_POINT('',(-0.0085,0.00490747728811182,0.0282));
#6489=CARTESIAN_POINT('',(-0.0085,0.00490747728811182,0.0274408106214452));
#6490=CARTESIAN_POINT('',(-0.0085,0.00330410618875003,0.0279036639893588));
#6491=CARTESIAN_POINT('',(-0.0085,0.00167497476456869,0.0282));
#6492=CARTESIAN_POINT('',(-0.0085,-1.38273405167356E-19,0.0282));
#6493=CARTESIAN_POINT('',(-0.0085,0.00490747728811182,0.0274408106214452));
#6494=CARTESIAN_POINT('',(-0.0085,0.00490747728811182,0.0282));
#6495=CARTESIAN_POINT('',(-1.75586717651869E-18,-0.00981495457622364,0.0282));
#6496=CARTESIAN_POINT('',(-1.81817674105549E-18,-0.00981495457622364,0.0274408106214452));
#6497=CARTESIAN_POINT('',(0.00138856010374109,-0.00901326902654274,0.0279036639893588));
#6498=CARTESIAN_POINT('',(0.00279942930318566,-0.00819870331445207,0.0282));
#6499=CARTESIAN_POINT('',(0.00425,-0.00736121593216773,0.0282));
#6500=CARTESIAN_POINT('',(0.00425,-0.00736121593216773,0.0282));
#6501=CARTESIAN_POINT('',(0.0085,-0.00490747728811182,0.0282));
#6502=CARTESIAN_POINT('',(0.0085,-0.00490747723482979,0.0274408106368264));
#6503=CARTESIAN_POINT('',(0.00425,-0.00736121593216773,0.0282));
#6504=CARTESIAN_POINT('',(0.00570057065998967,-0.00652372857114412,0.0282));
#6505=CARTESIAN_POINT('',(0.00711143982547482,-0.00570916287865994,0.0279036640044838));
#6506=CARTESIAN_POINT('',(0.00849999989630594,-0.00490747734797962,0.0274408106560099));
#6507=CARTESIAN_POINT('',(0.,0.,0.0282));
#6508=CARTESIAN_POINT('',(0.,0.,0.0282));
#6509=CARTESIAN_POINT('',(0.0085,-0.00490747728811182,0.0282));
#6510=CARTESIAN_POINT('',(0.00849999992497249,-0.00490747716845864,0.0274408106068655));
#6511=CARTESIAN_POINT('',(0.00849999992497249,-0.003304106107111,0.0279036639584057));
#6512=CARTESIAN_POINT('',(0.0085,-0.00167497472714247,0.0282));
#6513=CARTESIAN_POINT('',(0.0085,4.89817802665978E-19,0.0282));
#6514=CARTESIAN_POINT('',(0.0085,-2.31257898900519E-19,0.0282));
#6515=CARTESIAN_POINT('',(0.0085,0.00490747728811182,0.0282));
#6516=CARTESIAN_POINT('',(0.00849999995385634,0.00490747731475288,0.0274408106368264));
#6517=CARTESIAN_POINT('',(0.0085,-2.31257898900519E-19,0.0282));
#6518=CARTESIAN_POINT('',(0.0085,0.00167497472669389,0.0282));
#6519=CARTESIAN_POINT('',(0.0085,0.0033041061159474,0.027903664002831));
#6520=CARTESIAN_POINT('',(0.0085,0.00490747718146074,0.0274408106522327));
#6521=CARTESIAN_POINT('',(0.,0.,0.0282));
#6522=CARTESIAN_POINT('',(0.,0.,0.0282));
#6523=CARTESIAN_POINT('',(0.0085,0.00490747728811182,0.0282));
#6524=CARTESIAN_POINT('',(0.00849999990771268,0.00490747734139393,0.0274408106522076));
#6525=CARTESIAN_POINT('',(0.00711143983326133,0.00570916287416438,0.02790366400282));
#6526=CARTESIAN_POINT('',(0.00570057066404053,0.00652372856880536,0.0282));
#6527=CARTESIAN_POINT('',(0.00425,0.00736121593216773,0.0282));
#6528=CARTESIAN_POINT('',(0.00425,0.00736121593216773,0.0282));
#6529=CARTESIAN_POINT('',(-7.32645980742868E-20,0.00981495457622364,0.0282));
#6530=CARTESIAN_POINT('',(-2.7323513872341E-19,0.00981495457622364,0.0274408106214452));
#6531=CARTESIAN_POINT('',(0.00425,0.00736121593216773,0.0282));
#6532=CARTESIAN_POINT('',(0.00279942930318566,0.00819870331445207,0.0282));
#6533=CARTESIAN_POINT('',(0.00138856010374109,0.00901326902654274,0.0279036639893588));
#6534=CARTESIAN_POINT('',(4.1260913079114E-19,0.00981495457622364,0.0274408106214452));
#6535=CARTESIAN_POINT('',(0.,0.,0.0282));
#6536=CARTESIAN_POINT('',(0.,0.,0.0282));
#6537=CARTESIAN_POINT('',(-7.32645980742868E-20,0.00981495457622364,0.0282));
#6538=CARTESIAN_POINT('',(-4.73205679372534E-19,0.00981495457622364,0.0274408106214452));
#6539=CARTESIAN_POINT('',(-0.00138856010374109,0.00901326902654275,0.0279036639893588));
#6540=CARTESIAN_POINT('',(-0.00279942930318566,0.00819870331445207,0.0282));
#6541=CARTESIAN_POINT('',(-0.00425,0.00736121593216773,0.0282));
#6542=CARTESIAN_POINT('',(-0.00425,0.00736121593216773,0.0282));
#6543=CARTESIAN_POINT('',(-0.00425,0.00736121593216773,0.0282));
#6544=CARTESIAN_POINT('',(-0.00570057069681434,0.00652372854988339,0.0282));
#6545=CARTESIAN_POINT('',(-0.00711143989625891,0.00570916283779271,0.0279036639893588));
#6546=CARTESIAN_POINT('',(-0.0085,0.00490747728811182,0.0274408106214452));
#6547=CARTESIAN_POINT('',(0.,0.,0.0282));
#6548=CARTESIAN_POINT('',(0.,0.,0.0282));
#6549=CARTESIAN_POINT('',(0.,0.,0.0282));
#6550=CARTESIAN_POINT('',(0.,0.,0.0282));
#6551=CARTESIAN_POINT('',(0.,0.,0.0282));
#6552=CARTESIAN_POINT('',(-0.0005783108375762,0.00462717665862339,0.0282));
#6553=CARTESIAN_POINT('',(-0.000578987944461338,0.0045977673650678,0.0282));
#6554=CARTESIAN_POINT('',(-0.00058031620103406,0.00454007619647725,0.0282));
#6555=CARTESIAN_POINT('',(-0.000589374997536086,0.00445550865851748,0.0282));
#6556=CARTESIAN_POINT('',(-0.000606172750827088,0.00437520824609014,0.0282));
#6557=CARTESIAN_POINT('',(-0.000628268324821201,0.00429876662000881,0.0282));
#6558=CARTESIAN_POINT('',(-0.000657580121574348,0.0042268238307121,0.0282));
#6559=CARTESIAN_POINT('',(-0.00069266796942454,0.00415867438464097,0.0282));
#6560=CARTESIAN_POINT('',(-0.000735079321715434,0.00409523792118264,0.0282));
#6561=CARTESIAN_POINT('',(-0.000783151482242719,0.00403622210002044,0.0282));
#6562=CARTESIAN_POINT('',(-0.000835701529389185,0.00398291764126751,0.0282));
#6563=CARTESIAN_POINT('',(-0.000892156546976676,0.00393646258729151,0.0282));
#6564=CARTESIAN_POINT('',(-0.000951453543426175,0.00389676008520147,0.0282));
#6565=CARTESIAN_POINT('',(-0.00101413818439737,0.00386404269676453,0.0282));
#6566=CARTESIAN_POINT('',(-0.00108037651376433,0.00383971511364063,0.0282));
#6567=CARTESIAN_POINT('',(-0.00114919231890039,0.00382115622447929,0.0282));
#6568=CARTESIAN_POINT('',(-0.00122129442622068,0.00381091095254474,0.0282));
#6569=CARTESIAN_POINT('',(-0.001270310584941,0.00380928527197821,0.0282));
#6570=CARTESIAN_POINT('',(-0.0012951663063262,0.00380846090172403,0.0282));
#6571=CARTESIAN_POINT('',(-0.0005783108375762,0.00462717665862339,0.0282));
#6572=CARTESIAN_POINT('',(-0.0012951663063262,0.00380846090172403,0.0282));
#6573=CARTESIAN_POINT('',(-0.0012951663063262,0.00380846090172403,0.0282));
#6574=CARTESIAN_POINT('',(-0.00132038810772982,0.00380927612850255,0.0282));
#6575=CARTESIAN_POINT('',(-0.0013699524523787,0.00381087816240848,0.0282));
#6576=CARTESIAN_POINT('',(-0.0014427678887761,0.00382117860431763,0.0282));
#6577=CARTESIAN_POINT('',(-0.00151200485641237,0.00383959038854359,0.0282));
#6578=CARTESIAN_POINT('',(-0.00157848430803605,0.0038642029884031,0.0282));
#6579=CARTESIAN_POINT('',(-0.00164154509531978,0.00389656278213467,0.0282));
#6580=CARTESIAN_POINT('',(-0.00170093504576324,0.00393666526277346,0.0282));
#6581=CARTESIAN_POINT('',(-0.00175791963601941,0.00398270015124013,0.0282));
#6582=CARTESIAN_POINT('',(-0.0018103744962175,0.00403629519734438,0.0282));
#6583=CARTESIAN_POINT('',(-0.00185883974996722,0.00409510452065504,0.0282));
#6584=CARTESIAN_POINT('',(-0.00190016465899135,0.0041595925451332,0.0282));
#6585=CARTESIAN_POINT('',(-0.00193635949231147,0.0042278647670945,0.0282));
#6586=CARTESIAN_POINT('',(-0.00196520998648929,0.00430102803889996,0.0282));
#6587=CARTESIAN_POINT('',(-0.00198776306212339,0.00437858427782791,0.0282));
#6588=CARTESIAN_POINT('',(-0.00200334657678088,0.00446074846150684,0.0282));
#6589=CARTESIAN_POINT('',(-0.00201354190335012,0.00454714848565896,0.0282));
#6590=CARTESIAN_POINT('',(-0.00201471170553587,0.00460633663240067,0.0282));
#6591=CARTESIAN_POINT('',(-0.00201530759082295,0.00463648646990585,0.0282));
#6592=CARTESIAN_POINT('',(-0.00201530759082295,0.00463648646990585,0.0282));
#6593=CARTESIAN_POINT('',(-0.00201530759082295,0.00463648646990585,0.0282));
#6594=CARTESIAN_POINT('',(-0.00201504277239077,0.00465858577032145,0.0282));
#6595=CARTESIAN_POINT('',(-0.00201452321511216,0.0047019432220233,0.0282));
#6596=CARTESIAN_POINT('',(-0.0020089477341033,0.00476561118758849,0.0282));
#6597=CARTESIAN_POINT('',(-0.00199965424552542,0.00482631452673585,0.0282));
#6598=CARTESIAN_POINT('',(-0.00198710874711072,0.00488395643510042,0.0282));
#6599=CARTESIAN_POINT('',(-0.00197128254595155,0.00493859261519911,0.0282));
#6600=CARTESIAN_POINT('',(-0.00195152584425174,0.00499026071338897,0.0282));
#6601=CARTESIAN_POINT('',(-0.00192801170811507,0.0050389592261769,0.0282));
#6602=CARTESIAN_POINT('',(-0.00190097347540311,0.00508467919188001,0.0282));
#6603=CARTESIAN_POINT('',(-0.00187106238893833,0.00512726859224371,0.0282));
#6604=CARTESIAN_POINT('',(-0.00183812313130896,0.00516635700175074,0.0282));
#6605=CARTESIAN_POINT('',(-0.00180224380389451,0.00520159001755557,0.0282));
#6606=CARTESIAN_POINT('',(-0.00176375254500433,0.00523342893962357,0.0282));
#6607=CARTESIAN_POINT('',(-0.00172258822170017,0.005262252920283,0.0282));
#6608=CARTESIAN_POINT('',(-0.00167818745084305,0.00528661392870818,0.0282));
#6609=CARTESIAN_POINT('',(-0.00163130781180193,0.00530774677535945,0.0282));
#6610=CARTESIAN_POINT('',(-0.00159866013576288,0.00531874685729986,0.0282));
#6611=CARTESIAN_POINT('',(-0.00158212754820931,0.00532431723289287,0.0282));
#6612=CARTESIAN_POINT('',(-0.00158212754820931,0.00532431723289287,0.0282));
#6613=CARTESIAN_POINT('',(-0.00158212754820931,0.00532431723289287,0.0282));
#6614=CARTESIAN_POINT('',(-0.001607926037386,0.00533728175776719,0.0282));
#6615=CARTESIAN_POINT('',(-0.00165825933162961,0.00536257576784505,0.0282));
#6616=CARTESIAN_POINT('',(-0.00172534788888626,0.00541211939505339,0.0282));
#6617=CARTESIAN_POINT('',(-0.00178255475029171,0.00546965566130842,0.0282));
#6618=CARTESIAN_POINT('',(-0.00182967822697165,0.00553559900564936,0.0282));
#6619=CARTESIAN_POINT('',(-0.00186613768442215,0.00561001371717948,0.0282));
#6620=CARTESIAN_POINT('',(-0.00189148675634011,0.00569263852633785,0.0282));
#6621=CARTESIAN_POINT('',(-0.00190796935728509,0.00578331323633869,0.0282));
#6622=CARTESIAN_POINT('',(-0.00190941180808577,0.00584668444460755,0.0282));
#6623=CARTESIAN_POINT('',(-0.00191016148692685,0.00587962009409417,0.0282));
#6624=CARTESIAN_POINT('',(-0.00191016148692685,0.00587962009409417,0.0282));
#6625=CARTESIAN_POINT('',(-0.00191016148692685,0.00587962009409417,0.0282));
#6626=CARTESIAN_POINT('',(-0.00190965943769774,0.00590483365672753,0.0282));
#6627=CARTESIAN_POINT('',(-0.00190867800596104,0.0059541224298783,0.0282));
#6628=CARTESIAN_POINT('',(-0.00190030167263135,0.0060263100656206,0.0282));
#6629=CARTESIAN_POINT('',(-0.00188654437701155,0.00609474250776876,0.0282));
#6630=CARTESIAN_POINT('',(-0.00186833077125185,0.00615992275462643,0.0282));
#6631=CARTESIAN_POINT('',(-0.00184313342829094,0.00622085916491951,0.0282));
#6632=CARTESIAN_POINT('',(-0.00181375313722516,0.00627899243398647,0.0282));
#6633=CARTESIAN_POINT('',(-0.00177789400128589,0.00633302923551694,0.0282));
#6634=CARTESIAN_POINT('',(-0.00173758319688345,0.00638346097011106,0.0282));
#6635=CARTESIAN_POINT('',(-0.00169284605221711,0.00642864375773224,0.0282));
#6636=CARTESIAN_POINT('',(-0.00164502971526659,0.00646835990177405,0.0282));
#6637=CARTESIAN_POINT('',(-0.00159428794351304,0.00650218584159265,0.0282));
#6638=CARTESIAN_POINT('',(-0.00154051200699509,0.00652945557468477,0.0282));
#6639=CARTESIAN_POINT('',(-0.00148419647650533,0.00655104198042687,0.0282));
#6640=CARTESIAN_POINT('',(-0.00142511727957866,0.00656659592573043,0.0282));
#6641=CARTESIAN_POINT('',(-0.0013631419108175,0.0065751627008142,0.0282));
#6642=CARTESIAN_POINT('',(-0.00132092970088926,0.00657658689066871,0.0282));
#6643=CARTESIAN_POINT('',(-0.00129954739398854,0.00657730830432144,0.0282));
#6644=CARTESIAN_POINT('',(-0.00129954739398854,0.00657730830432144,0.0282));
#6645=CARTESIAN_POINT('',(-0.00129954739398854,0.00657730830432144,0.0282));
#6646=CARTESIAN_POINT('',(-0.0012779741785656,0.00657664863009283,0.0282));
#6647=CARTESIAN_POINT('',(-0.00123535576832353,0.00657534542765639,0.0282));
#6648=CARTESIAN_POINT('',(-0.00117293466762617,0.00656588149302254,0.0282));
#6649=CARTESIAN_POINT('',(-0.00111328065471799,0.0065504951353874,0.0282));
#6650=CARTESIAN_POINT('',(-0.00105639310856009,0.00652911045541556,0.0282));
#6651=CARTESIAN_POINT('',(-0.00100236285401585,0.0065009477635046,0.0282));
#6652=CARTESIAN_POINT('',(-0.000951537708767682,0.00646627468260376,0.0282));
#6653=CARTESIAN_POINT('',(-0.000903288080671464,0.00642573311772046,0.0282));
#6654=CARTESIAN_POINT('',(-0.000858257537799663,0.00637958734470619,0.0282));
#6655=CARTESIAN_POINT('',(-0.000817385965203308,0.00632836717650478,0.0282));
#6656=CARTESIAN_POINT('',(-0.000781759523838284,0.00627318243776788,0.0282));
#6657=CARTESIAN_POINT('',(-0.000750597884625249,0.00621503193727919,0.0282));
#6658=CARTESIAN_POINT('',(-0.000726101945793597,0.00615263011574558,0.0282));
#6659=CARTESIAN_POINT('',(-0.000706864974229674,0.00608663715196747,0.0282));
#6660=CARTESIAN_POINT('',(-0.000693380466500496,0.00601697299229483,0.0282));
#6661=CARTESIAN_POINT('',(-0.000684946761832923,0.00594390107908207,0.0282));
#6662=CARTESIAN_POINT('',(-0.000683959872057716,0.00589406461870537,0.0282));
#6663=CARTESIAN_POINT('',(-0.000683456941472304,0.00586866737493832,0.0282));
#6664=CARTESIAN_POINT('',(-0.000683456941472304,0.00586866737493832,0.0282));
#6665=CARTESIAN_POINT('',(-0.000683456941472304,0.00586866737493832,0.0282));
#6666=CARTESIAN_POINT('',(-0.000684257238329231,0.0058370127706003,0.0282));
#6667=CARTESIAN_POINT('',(-0.000685798828125832,0.00577603737798128,0.0282));
#6668=CARTESIAN_POINT('',(-0.000701698637410837,0.00568846870879206,0.0282));
#6669=CARTESIAN_POINT('',(-0.000726450935333901,0.00560818591838777,0.0282));
#6670=CARTESIAN_POINT('',(-0.000762489755151801,0.00553564170520832,0.0282));
#6671=CARTESIAN_POINT('',(-0.000808557316089282,0.00547045866754714,0.0282));
#6672=CARTESIAN_POINT('',(-0.000865131748985994,0.00541327493950111,0.0282));
#6673=CARTESIAN_POINT('',(-0.000931645006981834,0.00536281445780374,0.0282));
#6674=CARTESIAN_POINT('',(-0.000982178646470801,0.0053374042772281,0.0282));
#6675=CARTESIAN_POINT('',(-0.00100820506444308,0.00532431723289287,0.0282));
#6676=CARTESIAN_POINT('',(-0.00100820506444308,0.00532431723289287,0.0282));
#6677=CARTESIAN_POINT('',(-0.00100820506444308,0.00532431723289287,0.0282));
#6678=CARTESIAN_POINT('',(-0.000991286052403088,0.00531747296870401,0.0282));
#6679=CARTESIAN_POINT('',(-0.000957782599962913,0.00530391978491307,0.0282));
#6680=CARTESIAN_POINT('',(-0.000910337103134791,0.00527905531951451,0.0282));
#6681=CARTESIAN_POINT('',(-0.000865577441707441,0.00525181030294158,0.0282));
#6682=CARTESIAN_POINT('',(-0.000824491091932358,0.00522079373830514,0.0282));
#6683=CARTESIAN_POINT('',(-0.000785849444027217,0.00518733218127007,0.0282));
#6684=CARTESIAN_POINT('',(-0.00075016027259045,0.00515062560694232,0.0282));
#6685=CARTESIAN_POINT('',(-0.000717857500142839,0.00511056049438162,0.0282));
#6686=CARTESIAN_POINT('',(-0.000688889243830395,0.00506751616244519,0.0282));
#6687=CARTESIAN_POINT('',(-0.000662155011766059,0.00502212535706664,0.0282));
#6688=CARTESIAN_POINT('',(-0.000640168243380465,0.00497324372641865,0.0282));
#6689=CARTESIAN_POINT('',(-0.000620618123299297,0.00492218082353319,0.0282));
#6690=CARTESIAN_POINT('',(-0.000605521558934425,0.0048682161164065,0.0282));
#6691=CARTESIAN_POINT('',(-0.000593421683072506,0.00481169947183483,0.0282));
#6692=CARTESIAN_POINT('',(-0.000584859093444474,0.00475260464727176,0.0282));
#6693=CARTESIAN_POINT('',(-0.000579029271888723,0.00469081896925734,0.0282));
#6694=CARTESIAN_POINT('',(-0.000578554158487743,0.0046487311762268,0.0282));
#6695=CARTESIAN_POINT('',(-0.0005783108375762,0.00462717665862339,0.0282));
#6696=CARTESIAN_POINT('',(0.00201529305852769,0.00462717665862339,0.0282));
#6697=CARTESIAN_POINT('',(0.00201461595164256,0.0045977673650678,0.0282));
#6698=CARTESIAN_POINT('',(0.00201328769506984,0.00454007619647725,0.0282));
#6699=CARTESIAN_POINT('',(0.00200422889856781,0.00445550865851748,0.0282));
#6700=CARTESIAN_POINT('',(0.0019874311452768,0.00437520824609014,0.0282));
#6701=CARTESIAN_POINT('',(0.00196533557128269,0.00429876662000881,0.0282));
#6702=CARTESIAN_POINT('',(0.00193602377452954,0.0042268238307121,0.0282));
#6703=CARTESIAN_POINT('',(0.00190093592667936,0.00415867438464097,0.0282));
#6704=CARTESIAN_POINT('',(0.00185852457438846,0.00409523792118264,0.0282));
#6705=CARTESIAN_POINT('',(0.00181045241386118,0.00403622210002044,0.0282));
#6706=CARTESIAN_POINT('',(0.00175790236671471,0.00398291764126751,0.0282));
#6707=CARTESIAN_POINT('',(0.00170144734912722,0.00393646258729151,0.0282));
#6708=CARTESIAN_POINT('',(0.00164215035267772,0.00389676008520147,0.0282));
#6709=CARTESIAN_POINT('',(0.00157946571170652,0.00386404269676453,0.0282));
#6710=CARTESIAN_POINT('',(0.00151322738233957,0.00383971511364064,0.0282));
#6711=CARTESIAN_POINT('',(0.00144441157720351,0.00382115622447929,0.0282));
#6712=CARTESIAN_POINT('',(0.00137230946988322,0.00381091095254474,0.0282));
#6713=CARTESIAN_POINT('',(0.00132329331116289,0.00380928527197821,0.0282));
#6714=CARTESIAN_POINT('',(0.00129843758977769,0.00380846090172403,0.0282));
#6715=CARTESIAN_POINT('',(0.00201529305852769,0.00462717665862339,0.0282));
#6716=CARTESIAN_POINT('',(0.00129843758977769,0.00380846090172403,0.0282));
#6717=CARTESIAN_POINT('',(0.00129843758977769,0.00380846090172403,0.0282));
#6718=CARTESIAN_POINT('',(0.00127321578837408,0.00380927612850255,0.0282));
#6719=CARTESIAN_POINT('',(0.00122365144372519,0.00381087816240848,0.0282));
#6720=CARTESIAN_POINT('',(0.0011508360073278,0.00382117860431763,0.0282));
#6721=CARTESIAN_POINT('',(0.00108159903969152,0.00383959038854359,0.0282));
#6722=CARTESIAN_POINT('',(0.00101511958806785,0.00386420298840309,0.0282));
#6723=CARTESIAN_POINT('',(0.000952058800784115,0.00389656278213467,0.0282));
#6724=CARTESIAN_POINT('',(0.000892668850340656,0.00393666526277346,0.0282));
#6725=CARTESIAN_POINT('',(0.000835684260084485,0.00398270015124013,0.0282));
#6726=CARTESIAN_POINT('',(0.000783229399886395,0.00403629519734438,0.0282));
#6727=CARTESIAN_POINT('',(0.000734764146136674,0.00409510452065504,0.0282));
#6728=CARTESIAN_POINT('',(0.000693439237112543,0.0041595925451332,0.0282));
#6729=CARTESIAN_POINT('',(0.000657244403792425,0.0042278647670945,0.0282));
#6730=CARTESIAN_POINT('',(0.000628393909614603,0.00430102803889996,0.0282));
#6731=CARTESIAN_POINT('',(0.000605840833980504,0.00437858427782791,0.0282));
#6732=CARTESIAN_POINT('',(0.000590257319323012,0.00446074846150684,0.0282));
#6733=CARTESIAN_POINT('',(0.000580061992753777,0.00454714848565896,0.0282));
#6734=CARTESIAN_POINT('',(0.000578892190568031,0.00460633663240067,0.0282));
#6735=CARTESIAN_POINT('',(0.000578296305280942,0.00463648646990585,0.0282));
#6736=CARTESIAN_POINT('',(0.000578296305280942,0.00463648646990585,0.0282));
#6737=CARTESIAN_POINT('',(0.000578296305280942,0.00463648646990585,0.0282));
#6738=CARTESIAN_POINT('',(0.000578561123713125,0.00465858577032145,0.0282));
#6739=CARTESIAN_POINT('',(0.000579080680991737,0.0047019432220233,0.0282));
#6740=CARTESIAN_POINT('',(0.000584656162000602,0.00476561118758849,0.0282));
#6741=CARTESIAN_POINT('',(0.000593949650578481,0.00482631452673585,0.0282));
#6742=CARTESIAN_POINT('',(0.000606495148993172,0.00488395643510042,0.0282));
#6743=CARTESIAN_POINT('',(0.000622321350152342,0.00493859261519911,0.0282));
#6744=CARTESIAN_POINT('',(0.00064207805185216,0.00499026071338897,0.0282));
#6745=CARTESIAN_POINT('',(0.000665592187988831,0.0050389592261769,0.0282));
#6746=CARTESIAN_POINT('',(0.000692630420700787,0.00508467919188001,0.0282));
#6747=CARTESIAN_POINT('',(0.00072254150716556,0.00512726859224372,0.0282));
#6748=CARTESIAN_POINT('',(0.000755480764794938,0.00516635700175074,0.0282));
#6749=CARTESIAN_POINT('',(0.000791360092209391,0.00520159001755557,0.0282));
#6750=CARTESIAN_POINT('',(0.00082985135109957,0.00523342893962357,0.0282));
#6751=CARTESIAN_POINT('',(0.000871015674403721,0.00526225292028301,0.0282));
#6752=CARTESIAN_POINT('',(0.000915416445260845,0.00528661392870818,0.0282));
#6753=CARTESIAN_POINT('',(0.000962296084301961,0.00530774677535945,0.0282));
#6754=CARTESIAN_POINT('',(0.000994943760341017,0.00531874685729986,0.0282));
#6755=CARTESIAN_POINT('',(0.00101147634789458,0.00532431723289287,0.0282));
#6756=CARTESIAN_POINT('',(0.00101147634789458,0.00532431723289287,0.0282));
#6757=CARTESIAN_POINT('',(0.00101147634789458,0.00532431723289287,0.0282));
#6758=CARTESIAN_POINT('',(0.000985677858717902,0.0053372817577672,0.0282));
#6759=CARTESIAN_POINT('',(0.000935344564474285,0.00536257576784505,0.0282));
#6760=CARTESIAN_POINT('',(0.000868256007217635,0.00541211939505338,0.0282));
#6761=CARTESIAN_POINT('',(0.000811049145812189,0.00546965566130842,0.0282));
#6762=CARTESIAN_POINT('',(0.000763925669132243,0.00553559900564936,0.0282));
#6763=CARTESIAN_POINT('',(0.00072746621168174,0.00561001371717948,0.0282));
#6764=CARTESIAN_POINT('',(0.000702117139763786,0.00569263852633786,0.0282));
#6765=CARTESIAN_POINT('',(0.000685634538818799,0.00578331323633869,0.0282));
#6766=CARTESIAN_POINT('',(0.000684192088018124,0.00584668444460755,0.0282));
#6767=CARTESIAN_POINT('',(0.000683442409177046,0.00587962009409417,0.0282));
#6768=CARTESIAN_POINT('',(0.000683442409177046,0.00587962009409417,0.0282));
#6769=CARTESIAN_POINT('',(0.000683442409177046,0.00587962009409417,0.0282));
#6770=CARTESIAN_POINT('',(0.00068394445840615,0.00590483365672753,0.0282));
#6771=CARTESIAN_POINT('',(0.000684925890142857,0.0059541224298783,0.0282));
#6772=CARTESIAN_POINT('',(0.000693302223472548,0.0060263100656206,0.0282));
#6773=CARTESIAN_POINT('',(0.000707059519092342,0.00609474250776876,0.0282));
#6774=CARTESIAN_POINT('',(0.000725273124852046,0.00615992275462643,0.0282));
#6775=CARTESIAN_POINT('',(0.000750470467812957,0.00622085916491951,0.0282));
#6776=CARTESIAN_POINT('',(0.000779850758878737,0.00627899243398647,0.0282));
#6777=CARTESIAN_POINT('',(0.000815709894818,0.00633302923551694,0.0282));
#6778=CARTESIAN_POINT('',(0.000856020699220453,0.00638346097011106,0.0282));
#6779=CARTESIAN_POINT('',(0.000900757843886787,0.00642864375773224,0.0282));
#6780=CARTESIAN_POINT('',(0.000948574180837304,0.00646835990177405,0.0282));
#6781=CARTESIAN_POINT('',(0.000999315952590854,0.00650218584159265,0.0282));
#6782=CARTESIAN_POINT('',(0.00105309188910881,0.00652945557468477,0.0282));
#6783=CARTESIAN_POINT('',(0.00110940741959856,0.00655104198042686,0.0282));
#6784=CARTESIAN_POINT('',(0.00116848661652524,0.00656659592573043,0.0282));
#6785=CARTESIAN_POINT('',(0.00123046198528639,0.00657516270081421,0.0282));
#6786=CARTESIAN_POINT('',(0.00127267419521464,0.00657658689066871,0.0282));
#6787=CARTESIAN_POINT('',(0.00129405650211536,0.00657730830432144,0.0282));
#6788=CARTESIAN_POINT('',(0.00129405650211536,0.00657730830432144,0.0282));
#6789=CARTESIAN_POINT('',(0.00129405650211536,0.00657730830432144,0.0282));
#6790=CARTESIAN_POINT('',(0.0013156297175383,0.00657664863009283,0.0282));
#6791=CARTESIAN_POINT('',(0.00135824812778036,0.00657534542765639,0.0282));
#6792=CARTESIAN_POINT('',(0.00142066922847772,0.00656588149302254,0.0282));
#6793=CARTESIAN_POINT('',(0.00148032324138591,0.0065504951353874,0.0282));
#6794=CARTESIAN_POINT('',(0.0015372107875438,0.00652911045541556,0.0282));
#6795=CARTESIAN_POINT('',(0.00159124104208805,0.0065009477635046,0.0282));
#6796=CARTESIAN_POINT('',(0.00164206618733622,0.00646627468260377,0.0282));
#6797=CARTESIAN_POINT('',(0.00169031581543243,0.00642573311772046,0.0282));
#6798=CARTESIAN_POINT('',(0.00173534635830423,0.00637958734470619,0.0282));
#6799=CARTESIAN_POINT('',(0.00177621793090059,0.00632836717650478,0.0282));
#6800=CARTESIAN_POINT('',(0.00181184437226561,0.00627318243776787,0.0282));
#6801=CARTESIAN_POINT('',(0.00184300601147864,0.00621503193727919,0.0282));
#6802=CARTESIAN_POINT('',(0.0018675019503103,0.00615263011574558,0.0282));
#6803=CARTESIAN_POINT('',(0.00188673892187422,0.00608663715196747,0.0282));
#6804=CARTESIAN_POINT('',(0.0019002234296034,0.00601697299229483,0.0282));
#6805=CARTESIAN_POINT('',(0.00190865713427097,0.00594390107908207,0.0282));
#6806=CARTESIAN_POINT('',(0.00190964402404618,0.00589406461870537,0.0282));
#6807=CARTESIAN_POINT('',(0.00191014695463159,0.00586866737493832,0.0282));
#6808=CARTESIAN_POINT('',(0.00191014695463159,0.00586866737493832,0.0282));
#6809=CARTESIAN_POINT('',(0.00191014695463159,0.00586866737493832,0.0282));
#6810=CARTESIAN_POINT('',(0.00190934665777466,0.0058370127706003,0.0282));
#6811=CARTESIAN_POINT('',(0.00190780506797807,0.00577603737798128,0.0282));
#6812=CARTESIAN_POINT('',(0.00189190525869306,0.00568846870879206,0.0282));
#6813=CARTESIAN_POINT('',(0.00186715296076999,0.00560818591838777,0.0282));
#6814=CARTESIAN_POINT('',(0.0018311141409521,0.00553564170520832,0.0282));
#6815=CARTESIAN_POINT('',(0.00178504658001462,0.00547045866754714,0.0282));
#6816=CARTESIAN_POINT('',(0.0017284721471179,0.00541327493950111,0.0282));
#6817=CARTESIAN_POINT('',(0.00166195888912206,0.00536281445780374,0.0282));
#6818=CARTESIAN_POINT('',(0.00161142524963309,0.0053374042772281,0.0282));
#6819=CARTESIAN_POINT('',(0.00158539883166081,0.00532431723289287,0.0282));
#6820=CARTESIAN_POINT('',(0.00158539883166081,0.00532431723289287,0.0282));
#6821=CARTESIAN_POINT('',(0.00158539883166081,0.00532431723289287,0.0282));
#6822=CARTESIAN_POINT('',(0.0016023178437008,0.00531747296870401,0.0282));
#6823=CARTESIAN_POINT('',(0.00163582129614098,0.00530391978491307,0.0282));
#6824=CARTESIAN_POINT('',(0.0016832667929691,0.00527905531951451,0.0282));
#6825=CARTESIAN_POINT('',(0.00172802645439646,0.00525181030294158,0.0282));
#6826=CARTESIAN_POINT('',(0.00176911280417154,0.00522079373830514,0.0282));
#6827=CARTESIAN_POINT('',(0.00180775445207668,0.00518733218127007,0.0282));
#6828=CARTESIAN_POINT('',(0.00184344362351345,0.00515062560694232,0.0282));
#6829=CARTESIAN_POINT('',(0.00187574639596105,0.00511056049438162,0.0282));
#6830=CARTESIAN_POINT('',(0.0019047146522735,0.00506751616244519,0.0282));
#6831=CARTESIAN_POINT('',(0.00193144888433784,0.00502212535706664,0.0282));
#6832=CARTESIAN_POINT('',(0.00195343565272343,0.00497324372641865,0.0282));
#6833=CARTESIAN_POINT('',(0.0019729857728046,0.00492218082353319,0.0282));
#6834=CARTESIAN_POINT('',(0.00198808233716947,0.00486821611640649,0.0282));
#6835=CARTESIAN_POINT('',(0.00200018221303139,0.00481169947183483,0.0282));
#6836=CARTESIAN_POINT('',(0.00200874480265942,0.00475260464727176,0.0282));
#6837=CARTESIAN_POINT('',(0.00201457462421518,0.00469081896925734,0.0282));
#6838=CARTESIAN_POINT('',(0.00201504973761615,0.0046487311762268,0.0282));
#6839=CARTESIAN_POINT('',(0.00201529305852769,0.00462717665862339,0.0282));
#6840=CARTESIAN_POINT('',(-7.26614762959967E-9,0.00422904531730845,0.0282));
#6841=CARTESIAN_POINT('',(-0.000157726421991786,0.00422904531730845,0.0282));
#6842=CARTESIAN_POINT('',(0.000122663188397824,0.00422904531730845,0.0282));
#6843=CARTESIAN_POINT('',(0.000122663188397824,1.85096030227362E-5,0.0282));
#6844=CARTESIAN_POINT('',(0.000122663188397824,0.00384350960302273,0.0282));
#6845=CARTESIAN_POINT('',(-7.26614762959967E-9,0.00384350960302273,0.0282));
#6846=CARTESIAN_POINT('',(-0.000157726421991786,0.00384350960302273,0.0282));
#6847=CARTESIAN_POINT('',(-0.000157726421991786,1.85096030227362E-5,0.0282));
#6848=CARTESIAN_POINT('',(-0.000157726421991786,0.00422904531730845,0.0247404686878135));
#6849=CARTESIAN_POINT('',(-0.000157726421991786,0.00422904531730845,0.0247404686878135));
#6850=CARTESIAN_POINT('',(-0.000157726421991786,0.00422904531730845,0.02803));
#6851=CARTESIAN_POINT('',(-0.000157726421991786,0.00422904531730845,0.02803));
#6852=CARTESIAN_POINT('',(0.000122663188397824,0.00422904531730845,0.02803));
#6853=CARTESIAN_POINT('',(0.000122663188397824,0.00422904531730845,0.0247404686878135));
#6854=CARTESIAN_POINT('',(0.000122663188397824,0.00422904531730845,0.0247404686878135));
#6855=CARTESIAN_POINT('',(0.000122663188397824,0.00422904531730845,0.02803));
#6856=CARTESIAN_POINT('',(0.000122663188397824,0.00384350960302273,0.02803));
#6857=CARTESIAN_POINT('',(0.000122663188397824,0.00384350960302273,0.0247404686878135));
#6858=CARTESIAN_POINT('',(0.000122663188397824,0.00384350960302273,0.0247404686878135));
#6859=CARTESIAN_POINT('',(0.000122663188397824,0.00384350960302273,0.02803));
#6860=CARTESIAN_POINT('',(-0.000157726421991786,0.00384350960302273,0.02803));
#6861=CARTESIAN_POINT('',(-0.000157726421991786,0.00384350960302273,0.0247404686878135));
#6862=CARTESIAN_POINT('',(-0.000157726421991786,0.00384350960302273,0.0247404686878135));
#6863=CARTESIAN_POINT('',(-0.000157726421991786,0.00384350960302273,0.02803));
#6864=CARTESIAN_POINT('',(0.00129843758977769,0.00380846090172403,0.0282));
#6865=CARTESIAN_POINT('',(0.00129843758977769,0.00380846090172403,0.02803));
#6866=CARTESIAN_POINT('',(0.00132329331116289,0.00380928527197821,0.0282));
#6867=CARTESIAN_POINT('',(0.00132329331116289,0.00380928527197821,0.02803));
#6868=CARTESIAN_POINT('',(0.00137230946988322,0.00381091095254474,0.0282));
#6869=CARTESIAN_POINT('',(0.00137230946988322,0.00381091095254474,0.02803));
#6870=CARTESIAN_POINT('',(0.00144441157720351,0.00382115622447929,0.0282));
#6871=CARTESIAN_POINT('',(0.00144441157720351,0.00382115622447929,0.02803));
#6872=CARTESIAN_POINT('',(0.00151322738233957,0.00383971511364064,0.0282));
#6873=CARTESIAN_POINT('',(0.00151322738233957,0.00383971511364064,0.02803));
#6874=CARTESIAN_POINT('',(0.00157946571170652,0.00386404269676453,0.0282));
#6875=CARTESIAN_POINT('',(0.00157946571170652,0.00386404269676453,0.02803));
#6876=CARTESIAN_POINT('',(0.00164215035267772,0.00389676008520147,0.0282));
#6877=CARTESIAN_POINT('',(0.00164215035267772,0.00389676008520147,0.02803));
#6878=CARTESIAN_POINT('',(0.00170144734912722,0.00393646258729151,0.0282));
#6879=CARTESIAN_POINT('',(0.00170144734912722,0.00393646258729151,0.02803));
#6880=CARTESIAN_POINT('',(0.00175790236671471,0.00398291764126751,0.0282));
#6881=CARTESIAN_POINT('',(0.00175790236671471,0.00398291764126751,0.02803));
#6882=CARTESIAN_POINT('',(0.00181045241386118,0.00403622210002044,0.0282));
#6883=CARTESIAN_POINT('',(0.00181045241386118,0.00403622210002044,0.02803));
#6884=CARTESIAN_POINT('',(0.00185852457438846,0.00409523792118264,0.0282));
#6885=CARTESIAN_POINT('',(0.00185852457438846,0.00409523792118264,0.02803));
#6886=CARTESIAN_POINT('',(0.00190093592667936,0.00415867438464097,0.0282));
#6887=CARTESIAN_POINT('',(0.00190093592667936,0.00415867438464097,0.02803));
#6888=CARTESIAN_POINT('',(0.00193602377452954,0.0042268238307121,0.0282));
#6889=CARTESIAN_POINT('',(0.00193602377452954,0.0042268238307121,0.02803));
#6890=CARTESIAN_POINT('',(0.00196533557128269,0.00429876662000881,0.0282));
#6891=CARTESIAN_POINT('',(0.00196533557128269,0.00429876662000881,0.02803));
#6892=CARTESIAN_POINT('',(0.0019874311452768,0.00437520824609014,0.0282));
#6893=CARTESIAN_POINT('',(0.0019874311452768,0.00437520824609014,0.02803));
#6894=CARTESIAN_POINT('',(0.00200422889856781,0.00445550865851748,0.0282));
#6895=CARTESIAN_POINT('',(0.00200422889856781,0.00445550865851748,0.02803));
#6896=CARTESIAN_POINT('',(0.00201328769506984,0.00454007619647725,0.0282));
#6897=CARTESIAN_POINT('',(0.00201328769506984,0.00454007619647725,0.02803));
#6898=CARTESIAN_POINT('',(0.00201461595164256,0.0045977673650678,0.0282));
#6899=CARTESIAN_POINT('',(0.00201461595164256,0.0045977673650678,0.02803));
#6900=CARTESIAN_POINT('',(0.00201529305852769,0.00462717665862339,0.0282));
#6901=CARTESIAN_POINT('',(0.00201529305852769,0.00462717665862339,0.02803));
#6902=CARTESIAN_POINT('',(0.00201529305852769,0.00462717665862339,0.0247404686878135));
#6903=CARTESIAN_POINT('',(0.00201529305852769,0.00462717665862339,0.02803));
#6904=CARTESIAN_POINT('',(0.00129843758977769,0.00380846090172403,0.02803));
#6905=CARTESIAN_POINT('',(0.00132329331116289,0.00380928527197821,0.02803));
#6906=CARTESIAN_POINT('',(0.00137230946988322,0.00381091095254474,0.02803));
#6907=CARTESIAN_POINT('',(0.00144441157720351,0.00382115622447929,0.02803));
#6908=CARTESIAN_POINT('',(0.00151322738233957,0.00383971511364064,0.02803));
#6909=CARTESIAN_POINT('',(0.00157946571170652,0.00386404269676453,0.02803));
#6910=CARTESIAN_POINT('',(0.00164215035267772,0.00389676008520147,0.02803));
#6911=CARTESIAN_POINT('',(0.00170144734912722,0.00393646258729151,0.02803));
#6912=CARTESIAN_POINT('',(0.00175790236671471,0.00398291764126751,0.02803));
#6913=CARTESIAN_POINT('',(0.00181045241386118,0.00403622210002044,0.02803));
#6914=CARTESIAN_POINT('',(0.00185852457438846,0.00409523792118264,0.02803));
#6915=CARTESIAN_POINT('',(0.00190093592667936,0.00415867438464097,0.02803));
#6916=CARTESIAN_POINT('',(0.00193602377452954,0.0042268238307121,0.02803));
#6917=CARTESIAN_POINT('',(0.00196533557128269,0.00429876662000881,0.02803));
#6918=CARTESIAN_POINT('',(0.0019874311452768,0.00437520824609014,0.02803));
#6919=CARTESIAN_POINT('',(0.00200422889856781,0.00445550865851748,0.02803));
#6920=CARTESIAN_POINT('',(0.00201328769506984,0.00454007619647725,0.02803));
#6921=CARTESIAN_POINT('',(0.00201461595164256,0.0045977673650678,0.02803));
#6922=CARTESIAN_POINT('',(0.00201529305852769,0.00462717665862339,0.02803));
#6923=CARTESIAN_POINT('',(0.00129843758977769,0.00380846090172403,0.02803));
#6924=CARTESIAN_POINT('',(0.00129843758977769,0.00380846090172403,0.0247404686878135));
#6925=CARTESIAN_POINT('',(0.000578296305280942,0.00463648646990585,0.0282));
#6926=CARTESIAN_POINT('',(0.000578296305280942,0.00463648646990585,0.02803));
#6927=CARTESIAN_POINT('',(0.000578892190568031,0.00460633663240067,0.0282));
#6928=CARTESIAN_POINT('',(0.000578892190568031,0.00460633663240067,0.02803));
#6929=CARTESIAN_POINT('',(0.000580061992753777,0.00454714848565896,0.0282));
#6930=CARTESIAN_POINT('',(0.000580061992753777,0.00454714848565896,0.02803));
#6931=CARTESIAN_POINT('',(0.000590257319323012,0.00446074846150684,0.0282));
#6932=CARTESIAN_POINT('',(0.000590257319323012,0.00446074846150684,0.02803));
#6933=CARTESIAN_POINT('',(0.000605840833980504,0.00437858427782791,0.0282));
#6934=CARTESIAN_POINT('',(0.000605840833980504,0.00437858427782791,0.02803));
#6935=CARTESIAN_POINT('',(0.000628393909614603,0.00430102803889996,0.0282));
#6936=CARTESIAN_POINT('',(0.000628393909614603,0.00430102803889996,0.02803));
#6937=CARTESIAN_POINT('',(0.000657244403792425,0.0042278647670945,0.0282));
#6938=CARTESIAN_POINT('',(0.000657244403792425,0.0042278647670945,0.02803));
#6939=CARTESIAN_POINT('',(0.000693439237112543,0.0041595925451332,0.0282));
#6940=CARTESIAN_POINT('',(0.000693439237112543,0.0041595925451332,0.02803));
#6941=CARTESIAN_POINT('',(0.000734764146136674,0.00409510452065504,0.0282));
#6942=CARTESIAN_POINT('',(0.000734764146136674,0.00409510452065504,0.02803));
#6943=CARTESIAN_POINT('',(0.000783229399886395,0.00403629519734438,0.0282));
#6944=CARTESIAN_POINT('',(0.000783229399886395,0.00403629519734438,0.02803));
#6945=CARTESIAN_POINT('',(0.000835684260084485,0.00398270015124013,0.0282));
#6946=CARTESIAN_POINT('',(0.000835684260084485,0.00398270015124013,0.02803));
#6947=CARTESIAN_POINT('',(0.000892668850340656,0.00393666526277346,0.0282));
#6948=CARTESIAN_POINT('',(0.000892668850340656,0.00393666526277346,0.02803));
#6949=CARTESIAN_POINT('',(0.000952058800784115,0.00389656278213467,0.0282));
#6950=CARTESIAN_POINT('',(0.000952058800784115,0.00389656278213467,0.02803));
#6951=CARTESIAN_POINT('',(0.00101511958806785,0.00386420298840309,0.0282));
#6952=CARTESIAN_POINT('',(0.00101511958806785,0.00386420298840309,0.02803));
#6953=CARTESIAN_POINT('',(0.00108159903969152,0.00383959038854359,0.0282));
#6954=CARTESIAN_POINT('',(0.00108159903969152,0.00383959038854359,0.02803));
#6955=CARTESIAN_POINT('',(0.0011508360073278,0.00382117860431763,0.0282));
#6956=CARTESIAN_POINT('',(0.0011508360073278,0.00382117860431763,0.02803));
#6957=CARTESIAN_POINT('',(0.00122365144372519,0.00381087816240848,0.0282));
#6958=CARTESIAN_POINT('',(0.00122365144372519,0.00381087816240848,0.02803));
#6959=CARTESIAN_POINT('',(0.00127321578837408,0.00380927612850255,0.0282));
#6960=CARTESIAN_POINT('',(0.00127321578837408,0.00380927612850255,0.02803));
#6961=CARTESIAN_POINT('',(0.00129843758977769,0.00380846090172403,0.0282));
#6962=CARTESIAN_POINT('',(0.00129843758977769,0.00380846090172403,0.02803));
#6963=CARTESIAN_POINT('',(0.000578296305280942,0.00463648646990585,0.02803));
#6964=CARTESIAN_POINT('',(0.000578892190568031,0.00460633663240067,0.02803));
#6965=CARTESIAN_POINT('',(0.000580061992753777,0.00454714848565896,0.02803));
#6966=CARTESIAN_POINT('',(0.000590257319323012,0.00446074846150684,0.02803));
#6967=CARTESIAN_POINT('',(0.000605840833980504,0.00437858427782791,0.02803));
#6968=CARTESIAN_POINT('',(0.000628393909614603,0.00430102803889996,0.02803));
#6969=CARTESIAN_POINT('',(0.000657244403792425,0.0042278647670945,0.02803));
#6970=CARTESIAN_POINT('',(0.000693439237112543,0.0041595925451332,0.02803));
#6971=CARTESIAN_POINT('',(0.000734764146136674,0.00409510452065504,0.02803));
#6972=CARTESIAN_POINT('',(0.000783229399886395,0.00403629519734438,0.02803));
#6973=CARTESIAN_POINT('',(0.000835684260084485,0.00398270015124013,0.02803));
#6974=CARTESIAN_POINT('',(0.000892668850340656,0.00393666526277346,0.02803));
#6975=CARTESIAN_POINT('',(0.000952058800784115,0.00389656278213467,0.02803));
#6976=CARTESIAN_POINT('',(0.00101511958806785,0.00386420298840309,0.02803));
#6977=CARTESIAN_POINT('',(0.00108159903969152,0.00383959038854359,0.02803));
#6978=CARTESIAN_POINT('',(0.0011508360073278,0.00382117860431763,0.02803));
#6979=CARTESIAN_POINT('',(0.00122365144372519,0.00381087816240848,0.02803));
#6980=CARTESIAN_POINT('',(0.00127321578837408,0.00380927612850255,0.02803));
#6981=CARTESIAN_POINT('',(0.00129843758977769,0.00380846090172403,0.02803));
#6982=CARTESIAN_POINT('',(0.000578296305280942,0.00463648646990585,0.02803));
#6983=CARTESIAN_POINT('',(0.000578296305280942,0.00463648646990585,0.0247404686878135));
#6984=CARTESIAN_POINT('',(0.00101147634789458,0.00532431723289287,0.0282));
#6985=CARTESIAN_POINT('',(0.00101147634789458,0.00532431723289287,0.02803));
#6986=CARTESIAN_POINT('',(0.000994943760341017,0.00531874685729986,0.0282));
#6987=CARTESIAN_POINT('',(0.000994943760341017,0.00531874685729986,0.02803));
#6988=CARTESIAN_POINT('',(0.000962296084301961,0.00530774677535945,0.0282));
#6989=CARTESIAN_POINT('',(0.000962296084301961,0.00530774677535945,0.02803));
#6990=CARTESIAN_POINT('',(0.000915416445260845,0.00528661392870818,0.0282));
#6991=CARTESIAN_POINT('',(0.000915416445260845,0.00528661392870818,0.02803));
#6992=CARTESIAN_POINT('',(0.000871015674403721,0.00526225292028301,0.0282));
#6993=CARTESIAN_POINT('',(0.000871015674403721,0.00526225292028301,0.02803));
#6994=CARTESIAN_POINT('',(0.00082985135109957,0.00523342893962357,0.0282));
#6995=CARTESIAN_POINT('',(0.00082985135109957,0.00523342893962357,0.02803));
#6996=CARTESIAN_POINT('',(0.000791360092209391,0.00520159001755557,0.0282));
#6997=CARTESIAN_POINT('',(0.000791360092209391,0.00520159001755557,0.02803));
#6998=CARTESIAN_POINT('',(0.000755480764794938,0.00516635700175074,0.0282));
#6999=CARTESIAN_POINT('',(0.000755480764794938,0.00516635700175074,0.02803));
#7000=CARTESIAN_POINT('',(0.00072254150716556,0.00512726859224372,0.0282));
#7001=CARTESIAN_POINT('',(0.00072254150716556,0.00512726859224372,0.02803));
#7002=CARTESIAN_POINT('',(0.000692630420700787,0.00508467919188001,0.0282));
#7003=CARTESIAN_POINT('',(0.000692630420700787,0.00508467919188001,0.02803));
#7004=CARTESIAN_POINT('',(0.000665592187988831,0.0050389592261769,0.0282));
#7005=CARTESIAN_POINT('',(0.000665592187988831,0.0050389592261769,0.02803));
#7006=CARTESIAN_POINT('',(0.00064207805185216,0.00499026071338897,0.0282));
#7007=CARTESIAN_POINT('',(0.00064207805185216,0.00499026071338897,0.02803));
#7008=CARTESIAN_POINT('',(0.000622321350152342,0.00493859261519911,0.0282));
#7009=CARTESIAN_POINT('',(0.000622321350152342,0.00493859261519911,0.02803));
#7010=CARTESIAN_POINT('',(0.000606495148993172,0.00488395643510042,0.0282));
#7011=CARTESIAN_POINT('',(0.000606495148993172,0.00488395643510042,0.02803));
#7012=CARTESIAN_POINT('',(0.000593949650578481,0.00482631452673585,0.0282));
#7013=CARTESIAN_POINT('',(0.000593949650578481,0.00482631452673585,0.02803));
#7014=CARTESIAN_POINT('',(0.000584656162000602,0.00476561118758849,0.0282));
#7015=CARTESIAN_POINT('',(0.000584656162000602,0.00476561118758849,0.02803));
#7016=CARTESIAN_POINT('',(0.000579080680991737,0.0047019432220233,0.0282));
#7017=CARTESIAN_POINT('',(0.000579080680991737,0.0047019432220233,0.02803));
#7018=CARTESIAN_POINT('',(0.000578561123713125,0.00465858577032145,0.0282));
#7019=CARTESIAN_POINT('',(0.000578561123713125,0.00465858577032145,0.02803));
#7020=CARTESIAN_POINT('',(0.000578296305280942,0.00463648646990585,0.0282));
#7021=CARTESIAN_POINT('',(0.000578296305280942,0.00463648646990585,0.02803));
#7022=CARTESIAN_POINT('',(0.00101147634789458,0.00532431723289287,0.02803));
#7023=CARTESIAN_POINT('',(0.000994943760341017,0.00531874685729986,0.02803));
#7024=CARTESIAN_POINT('',(0.000962296084301961,0.00530774677535945,0.02803));
#7025=CARTESIAN_POINT('',(0.000915416445260845,0.00528661392870818,0.02803));
#7026=CARTESIAN_POINT('',(0.000871015674403721,0.00526225292028301,0.02803));
#7027=CARTESIAN_POINT('',(0.00082985135109957,0.00523342893962357,0.02803));
#7028=CARTESIAN_POINT('',(0.000791360092209391,0.00520159001755557,0.02803));
#7029=CARTESIAN_POINT('',(0.000755480764794938,0.00516635700175074,0.02803));
#7030=CARTESIAN_POINT('',(0.00072254150716556,0.00512726859224372,0.02803));
#7031=CARTESIAN_POINT('',(0.000692630420700787,0.00508467919188001,0.02803));
#7032=CARTESIAN_POINT('',(0.000665592187988831,0.0050389592261769,0.02803));
#7033=CARTESIAN_POINT('',(0.00064207805185216,0.00499026071338897,0.02803));
#7034=CARTESIAN_POINT('',(0.000622321350152342,0.00493859261519911,0.02803));
#7035=CARTESIAN_POINT('',(0.000606495148993172,0.00488395643510042,0.02803));
#7036=CARTESIAN_POINT('',(0.000593949650578481,0.00482631452673585,0.02803));
#7037=CARTESIAN_POINT('',(0.000584656162000602,0.00476561118758849,0.02803));
#7038=CARTESIAN_POINT('',(0.000579080680991737,0.0047019432220233,0.02803));
#7039=CARTESIAN_POINT('',(0.000578561123713125,0.00465858577032145,0.02803));
#7040=CARTESIAN_POINT('',(0.000578296305280942,0.00463648646990585,0.02803));
#7041=CARTESIAN_POINT('',(0.00101147634789458,0.00532431723289287,0.02803));
#7042=CARTESIAN_POINT('',(0.00101147634789458,0.00532431723289287,0.0247404686878135));
#7043=CARTESIAN_POINT('',(0.000683442409177046,0.00587962009409417,0.0282));
#7044=CARTESIAN_POINT('',(0.000683442409177046,0.00587962009409417,0.02803));
#7045=CARTESIAN_POINT('',(0.000684192088018124,0.00584668444460755,0.0282));
#7046=CARTESIAN_POINT('',(0.000684192088018124,0.00584668444460755,0.02803));
#7047=CARTESIAN_POINT('',(0.000685634538818799,0.00578331323633869,0.0282));
#7048=CARTESIAN_POINT('',(0.000685634538818799,0.00578331323633869,0.02803));
#7049=CARTESIAN_POINT('',(0.000702117139763786,0.00569263852633786,0.0282));
#7050=CARTESIAN_POINT('',(0.000702117139763786,0.00569263852633786,0.02803));
#7051=CARTESIAN_POINT('',(0.00072746621168174,0.00561001371717948,0.0282));
#7052=CARTESIAN_POINT('',(0.00072746621168174,0.00561001371717948,0.02803));
#7053=CARTESIAN_POINT('',(0.000763925669132243,0.00553559900564936,0.0282));
#7054=CARTESIAN_POINT('',(0.000763925669132243,0.00553559900564936,0.02803));
#7055=CARTESIAN_POINT('',(0.000811049145812189,0.00546965566130842,0.0282));
#7056=CARTESIAN_POINT('',(0.000811049145812189,0.00546965566130842,0.02803));
#7057=CARTESIAN_POINT('',(0.000868256007217635,0.00541211939505338,0.0282));
#7058=CARTESIAN_POINT('',(0.000868256007217635,0.00541211939505338,0.02803));
#7059=CARTESIAN_POINT('',(0.000935344564474285,0.00536257576784505,0.0282));
#7060=CARTESIAN_POINT('',(0.000935344564474285,0.00536257576784505,0.02803));
#7061=CARTESIAN_POINT('',(0.000985677858717902,0.0053372817577672,0.0282));
#7062=CARTESIAN_POINT('',(0.000985677858717902,0.0053372817577672,0.02803));
#7063=CARTESIAN_POINT('',(0.00101147634789458,0.00532431723289287,0.0282));
#7064=CARTESIAN_POINT('',(0.00101147634789458,0.00532431723289287,0.02803));
#7065=CARTESIAN_POINT('',(0.000683442409177046,0.00587962009409417,0.02803));
#7066=CARTESIAN_POINT('',(0.000684192088018124,0.00584668444460755,0.02803));
#7067=CARTESIAN_POINT('',(0.000685634538818799,0.00578331323633869,0.02803));
#7068=CARTESIAN_POINT('',(0.000702117139763786,0.00569263852633786,0.02803));
#7069=CARTESIAN_POINT('',(0.00072746621168174,0.00561001371717948,0.02803));
#7070=CARTESIAN_POINT('',(0.000763925669132243,0.00553559900564936,0.02803));
#7071=CARTESIAN_POINT('',(0.000811049145812189,0.00546965566130842,0.02803));
#7072=CARTESIAN_POINT('',(0.000868256007217635,0.00541211939505338,0.02803));
#7073=CARTESIAN_POINT('',(0.000935344564474285,0.00536257576784505,0.02803));
#7074=CARTESIAN_POINT('',(0.000985677858717902,0.0053372817577672,0.02803));
#7075=CARTESIAN_POINT('',(0.00101147634789458,0.00532431723289287,0.02803));
#7076=CARTESIAN_POINT('',(0.000683442409177046,0.00587962009409417,0.02803));
#7077=CARTESIAN_POINT('',(0.000683442409177046,0.00587962009409417,0.0247404686878135));
#7078=CARTESIAN_POINT('',(0.00129405650211536,0.00657730830432144,0.0282));
#7079=CARTESIAN_POINT('',(0.00129405650211536,0.00657730830432144,0.02803));
#7080=CARTESIAN_POINT('',(0.00127267419521464,0.00657658689066871,0.0282));
#7081=CARTESIAN_POINT('',(0.00127267419521464,0.00657658689066871,0.02803));
#7082=CARTESIAN_POINT('',(0.00123046198528639,0.00657516270081421,0.0282));
#7083=CARTESIAN_POINT('',(0.00123046198528639,0.00657516270081421,0.02803));
#7084=CARTESIAN_POINT('',(0.00116848661652524,0.00656659592573043,0.0282));
#7085=CARTESIAN_POINT('',(0.00116848661652524,0.00656659592573043,0.02803));
#7086=CARTESIAN_POINT('',(0.00110940741959856,0.00655104198042686,0.0282));
#7087=CARTESIAN_POINT('',(0.00110940741959856,0.00655104198042686,0.02803));
#7088=CARTESIAN_POINT('',(0.00105309188910881,0.00652945557468477,0.0282));
#7089=CARTESIAN_POINT('',(0.00105309188910881,0.00652945557468477,0.02803));
#7090=CARTESIAN_POINT('',(0.000999315952590854,0.00650218584159265,0.0282));
#7091=CARTESIAN_POINT('',(0.000999315952590854,0.00650218584159265,0.02803));
#7092=CARTESIAN_POINT('',(0.000948574180837304,0.00646835990177405,0.0282));
#7093=CARTESIAN_POINT('',(0.000948574180837304,0.00646835990177405,0.02803));
#7094=CARTESIAN_POINT('',(0.000900757843886787,0.00642864375773224,0.0282));
#7095=CARTESIAN_POINT('',(0.000900757843886787,0.00642864375773224,0.02803));
#7096=CARTESIAN_POINT('',(0.000856020699220453,0.00638346097011106,0.0282));
#7097=CARTESIAN_POINT('',(0.000856020699220453,0.00638346097011106,0.02803));
#7098=CARTESIAN_POINT('',(0.000815709894818,0.00633302923551694,0.0282));
#7099=CARTESIAN_POINT('',(0.000815709894818,0.00633302923551694,0.02803));
#7100=CARTESIAN_POINT('',(0.000779850758878737,0.00627899243398647,0.0282));
#7101=CARTESIAN_POINT('',(0.000779850758878737,0.00627899243398647,0.02803));
#7102=CARTESIAN_POINT('',(0.000750470467812957,0.00622085916491951,0.0282));
#7103=CARTESIAN_POINT('',(0.000750470467812957,0.00622085916491951,0.02803));
#7104=CARTESIAN_POINT('',(0.000725273124852046,0.00615992275462643,0.0282));
#7105=CARTESIAN_POINT('',(0.000725273124852046,0.00615992275462643,0.02803));
#7106=CARTESIAN_POINT('',(0.000707059519092342,0.00609474250776876,0.0282));
#7107=CARTESIAN_POINT('',(0.000707059519092342,0.00609474250776876,0.02803));
#7108=CARTESIAN_POINT('',(0.000693302223472548,0.0060263100656206,0.0282));
#7109=CARTESIAN_POINT('',(0.000693302223472548,0.0060263100656206,0.02803));
#7110=CARTESIAN_POINT('',(0.000684925890142857,0.0059541224298783,0.0282));
#7111=CARTESIAN_POINT('',(0.000684925890142857,0.0059541224298783,0.02803));
#7112=CARTESIAN_POINT('',(0.00068394445840615,0.00590483365672753,0.0282));
#7113=CARTESIAN_POINT('',(0.00068394445840615,0.00590483365672753,0.02803));
#7114=CARTESIAN_POINT('',(0.000683442409177046,0.00587962009409417,0.0282));
#7115=CARTESIAN_POINT('',(0.000683442409177046,0.00587962009409417,0.02803));
#7116=CARTESIAN_POINT('',(0.00129405650211536,0.00657730830432144,0.02803));
#7117=CARTESIAN_POINT('',(0.00127267419521464,0.00657658689066871,0.02803));
#7118=CARTESIAN_POINT('',(0.00123046198528639,0.00657516270081421,0.02803));
#7119=CARTESIAN_POINT('',(0.00116848661652524,0.00656659592573043,0.02803));
#7120=CARTESIAN_POINT('',(0.00110940741959856,0.00655104198042686,0.02803));
#7121=CARTESIAN_POINT('',(0.00105309188910881,0.00652945557468477,0.02803));
#7122=CARTESIAN_POINT('',(0.000999315952590854,0.00650218584159265,0.02803));
#7123=CARTESIAN_POINT('',(0.000948574180837304,0.00646835990177405,0.02803));
#7124=CARTESIAN_POINT('',(0.000900757843886787,0.00642864375773224,0.02803));
#7125=CARTESIAN_POINT('',(0.000856020699220453,0.00638346097011106,0.02803));
#7126=CARTESIAN_POINT('',(0.000815709894818,0.00633302923551694,0.02803));
#7127=CARTESIAN_POINT('',(0.000779850758878737,0.00627899243398647,0.02803));
#7128=CARTESIAN_POINT('',(0.000750470467812957,0.00622085916491951,0.02803));
#7129=CARTESIAN_POINT('',(0.000725273124852046,0.00615992275462643,0.02803));
#7130=CARTESIAN_POINT('',(0.000707059519092342,0.00609474250776876,0.02803));
#7131=CARTESIAN_POINT('',(0.000693302223472548,0.0060263100656206,0.02803));
#7132=CARTESIAN_POINT('',(0.000684925890142857,0.0059541224298783,0.02803));
#7133=CARTESIAN_POINT('',(0.00068394445840615,0.00590483365672753,0.02803));
#7134=CARTESIAN_POINT('',(0.000683442409177046,0.00587962009409417,0.02803));
#7135=CARTESIAN_POINT('',(0.00129405650211536,0.00657730830432144,0.02803));
#7136=CARTESIAN_POINT('',(0.00129405650211536,0.00657730830432144,0.0247404686878135));
#7137=CARTESIAN_POINT('',(0.00191014695463159,0.00586866737493832,0.0282));
#7138=CARTESIAN_POINT('',(0.00191014695463159,0.00586866737493832,0.02803));
#7139=CARTESIAN_POINT('',(0.00190964402404618,0.00589406461870537,0.0282));
#7140=CARTESIAN_POINT('',(0.00190964402404618,0.00589406461870537,0.02803));
#7141=CARTESIAN_POINT('',(0.00190865713427097,0.00594390107908207,0.0282));
#7142=CARTESIAN_POINT('',(0.00190865713427097,0.00594390107908207,0.02803));
#7143=CARTESIAN_POINT('',(0.0019002234296034,0.00601697299229483,0.0282));
#7144=CARTESIAN_POINT('',(0.0019002234296034,0.00601697299229483,0.02803));
#7145=CARTESIAN_POINT('',(0.00188673892187422,0.00608663715196747,0.0282));
#7146=CARTESIAN_POINT('',(0.00188673892187422,0.00608663715196747,0.02803));
#7147=CARTESIAN_POINT('',(0.0018675019503103,0.00615263011574558,0.0282));
#7148=CARTESIAN_POINT('',(0.0018675019503103,0.00615263011574558,0.02803));
#7149=CARTESIAN_POINT('',(0.00184300601147864,0.00621503193727919,0.0282));
#7150=CARTESIAN_POINT('',(0.00184300601147864,0.00621503193727919,0.02803));
#7151=CARTESIAN_POINT('',(0.00181184437226561,0.00627318243776787,0.0282));
#7152=CARTESIAN_POINT('',(0.00181184437226561,0.00627318243776787,0.02803));
#7153=CARTESIAN_POINT('',(0.00177621793090059,0.00632836717650478,0.0282));
#7154=CARTESIAN_POINT('',(0.00177621793090059,0.00632836717650478,0.02803));
#7155=CARTESIAN_POINT('',(0.00173534635830423,0.00637958734470619,0.0282));
#7156=CARTESIAN_POINT('',(0.00173534635830423,0.00637958734470619,0.02803));
#7157=CARTESIAN_POINT('',(0.00169031581543243,0.00642573311772046,0.0282));
#7158=CARTESIAN_POINT('',(0.00169031581543243,0.00642573311772046,0.02803));
#7159=CARTESIAN_POINT('',(0.00164206618733622,0.00646627468260377,0.0282));
#7160=CARTESIAN_POINT('',(0.00164206618733622,0.00646627468260377,0.02803));
#7161=CARTESIAN_POINT('',(0.00159124104208805,0.0065009477635046,0.0282));
#7162=CARTESIAN_POINT('',(0.00159124104208805,0.0065009477635046,0.02803));
#7163=CARTESIAN_POINT('',(0.0015372107875438,0.00652911045541556,0.0282));
#7164=CARTESIAN_POINT('',(0.0015372107875438,0.00652911045541556,0.02803));
#7165=CARTESIAN_POINT('',(0.00148032324138591,0.0065504951353874,0.0282));
#7166=CARTESIAN_POINT('',(0.00148032324138591,0.0065504951353874,0.02803));
#7167=CARTESIAN_POINT('',(0.00142066922847772,0.00656588149302254,0.0282));
#7168=CARTESIAN_POINT('',(0.00142066922847772,0.00656588149302254,0.02803));
#7169=CARTESIAN_POINT('',(0.00135824812778036,0.00657534542765639,0.0282));
#7170=CARTESIAN_POINT('',(0.00135824812778036,0.00657534542765639,0.02803));
#7171=CARTESIAN_POINT('',(0.0013156297175383,0.00657664863009283,0.0282));
#7172=CARTESIAN_POINT('',(0.0013156297175383,0.00657664863009283,0.02803));
#7173=CARTESIAN_POINT('',(0.00129405650211536,0.00657730830432144,0.0282));
#7174=CARTESIAN_POINT('',(0.00129405650211536,0.00657730830432144,0.02803));
#7175=CARTESIAN_POINT('',(0.00191014695463159,0.00586866737493832,0.02803));
#7176=CARTESIAN_POINT('',(0.00190964402404618,0.00589406461870537,0.02803));
#7177=CARTESIAN_POINT('',(0.00190865713427097,0.00594390107908207,0.02803));
#7178=CARTESIAN_POINT('',(0.0019002234296034,0.00601697299229483,0.02803));
#7179=CARTESIAN_POINT('',(0.00188673892187422,0.00608663715196747,0.02803));
#7180=CARTESIAN_POINT('',(0.0018675019503103,0.00615263011574558,0.02803));
#7181=CARTESIAN_POINT('',(0.00184300601147864,0.00621503193727919,0.02803));
#7182=CARTESIAN_POINT('',(0.00181184437226561,0.00627318243776787,0.02803));
#7183=CARTESIAN_POINT('',(0.00177621793090059,0.00632836717650478,0.02803));
#7184=CARTESIAN_POINT('',(0.00173534635830423,0.00637958734470619,0.02803));
#7185=CARTESIAN_POINT('',(0.00169031581543243,0.00642573311772046,0.02803));
#7186=CARTESIAN_POINT('',(0.00164206618733622,0.00646627468260377,0.02803));
#7187=CARTESIAN_POINT('',(0.00159124104208805,0.0065009477635046,0.02803));
#7188=CARTESIAN_POINT('',(0.0015372107875438,0.00652911045541556,0.02803));
#7189=CARTESIAN_POINT('',(0.00148032324138591,0.0065504951353874,0.02803));
#7190=CARTESIAN_POINT('',(0.00142066922847772,0.00656588149302254,0.02803));
#7191=CARTESIAN_POINT('',(0.00135824812778036,0.00657534542765639,0.02803));
#7192=CARTESIAN_POINT('',(0.0013156297175383,0.00657664863009283,0.02803));
#7193=CARTESIAN_POINT('',(0.00129405650211536,0.00657730830432144,0.02803));
#7194=CARTESIAN_POINT('',(0.00191014695463159,0.00586866737493832,0.02803));
#7195=CARTESIAN_POINT('',(0.00191014695463159,0.00586866737493832,0.0247404686878135));
#7196=CARTESIAN_POINT('',(0.00158539883166081,0.00532431723289287,0.0282));
#7197=CARTESIAN_POINT('',(0.00158539883166081,0.00532431723289287,0.02803));
#7198=CARTESIAN_POINT('',(0.00161142524963309,0.0053374042772281,0.0282));
#7199=CARTESIAN_POINT('',(0.00161142524963309,0.0053374042772281,0.02803));
#7200=CARTESIAN_POINT('',(0.00166195888912206,0.00536281445780374,0.0282));
#7201=CARTESIAN_POINT('',(0.00166195888912206,0.00536281445780374,0.02803));
#7202=CARTESIAN_POINT('',(0.0017284721471179,0.00541327493950111,0.0282));
#7203=CARTESIAN_POINT('',(0.0017284721471179,0.00541327493950111,0.02803));
#7204=CARTESIAN_POINT('',(0.00178504658001462,0.00547045866754714,0.0282));
#7205=CARTESIAN_POINT('',(0.00178504658001462,0.00547045866754714,0.02803));
#7206=CARTESIAN_POINT('',(0.0018311141409521,0.00553564170520832,0.0282));
#7207=CARTESIAN_POINT('',(0.0018311141409521,0.00553564170520832,0.02803));
#7208=CARTESIAN_POINT('',(0.00186715296076999,0.00560818591838777,0.0282));
#7209=CARTESIAN_POINT('',(0.00186715296076999,0.00560818591838777,0.02803));
#7210=CARTESIAN_POINT('',(0.00189190525869306,0.00568846870879206,0.0282));
#7211=CARTESIAN_POINT('',(0.00189190525869306,0.00568846870879206,0.02803));
#7212=CARTESIAN_POINT('',(0.00190780506797807,0.00577603737798128,0.0282));
#7213=CARTESIAN_POINT('',(0.00190780506797807,0.00577603737798128,0.02803));
#7214=CARTESIAN_POINT('',(0.00190934665777466,0.0058370127706003,0.0282));
#7215=CARTESIAN_POINT('',(0.00190934665777466,0.0058370127706003,0.02803));
#7216=CARTESIAN_POINT('',(0.00191014695463159,0.00586866737493832,0.0282));
#7217=CARTESIAN_POINT('',(0.00191014695463159,0.00586866737493832,0.02803));
#7218=CARTESIAN_POINT('',(0.00158539883166081,0.00532431723289287,0.02803));
#7219=CARTESIAN_POINT('',(0.00161142524963309,0.0053374042772281,0.02803));
#7220=CARTESIAN_POINT('',(0.00166195888912206,0.00536281445780374,0.02803));
#7221=CARTESIAN_POINT('',(0.0017284721471179,0.00541327493950111,0.02803));
#7222=CARTESIAN_POINT('',(0.00178504658001462,0.00547045866754714,0.02803));
#7223=CARTESIAN_POINT('',(0.0018311141409521,0.00553564170520832,0.02803));
#7224=CARTESIAN_POINT('',(0.00186715296076999,0.00560818591838777,0.02803));
#7225=CARTESIAN_POINT('',(0.00189190525869306,0.00568846870879206,0.02803));
#7226=CARTESIAN_POINT('',(0.00190780506797807,0.00577603737798128,0.02803));
#7227=CARTESIAN_POINT('',(0.00190934665777466,0.0058370127706003,0.02803));
#7228=CARTESIAN_POINT('',(0.00191014695463159,0.00586866737493832,0.02803));
#7229=CARTESIAN_POINT('',(0.00158539883166081,0.00532431723289287,0.02803));
#7230=CARTESIAN_POINT('',(0.00158539883166081,0.00532431723289287,0.0247404686878135));
#7231=CARTESIAN_POINT('',(0.00201529305852769,0.00462717665862339,0.0282));
#7232=CARTESIAN_POINT('',(0.00201529305852769,0.00462717665862339,0.02803));
#7233=CARTESIAN_POINT('',(0.00201504973761615,0.0046487311762268,0.0282));
#7234=CARTESIAN_POINT('',(0.00201504973761615,0.0046487311762268,0.02803));
#7235=CARTESIAN_POINT('',(0.00201457462421518,0.00469081896925734,0.0282));
#7236=CARTESIAN_POINT('',(0.00201457462421518,0.00469081896925734,0.02803));
#7237=CARTESIAN_POINT('',(0.00200874480265942,0.00475260464727176,0.0282));
#7238=CARTESIAN_POINT('',(0.00200874480265942,0.00475260464727176,0.02803));
#7239=CARTESIAN_POINT('',(0.00200018221303139,0.00481169947183483,0.0282));
#7240=CARTESIAN_POINT('',(0.00200018221303139,0.00481169947183483,0.02803));
#7241=CARTESIAN_POINT('',(0.00198808233716947,0.00486821611640649,0.0282));
#7242=CARTESIAN_POINT('',(0.00198808233716947,0.00486821611640649,0.02803));
#7243=CARTESIAN_POINT('',(0.0019729857728046,0.00492218082353319,0.0282));
#7244=CARTESIAN_POINT('',(0.0019729857728046,0.00492218082353319,0.02803));
#7245=CARTESIAN_POINT('',(0.00195343565272343,0.00497324372641865,0.0282));
#7246=CARTESIAN_POINT('',(0.00195343565272343,0.00497324372641865,0.02803));
#7247=CARTESIAN_POINT('',(0.00193144888433784,0.00502212535706664,0.0282));
#7248=CARTESIAN_POINT('',(0.00193144888433784,0.00502212535706664,0.02803));
#7249=CARTESIAN_POINT('',(0.0019047146522735,0.00506751616244519,0.0282));
#7250=CARTESIAN_POINT('',(0.0019047146522735,0.00506751616244519,0.02803));
#7251=CARTESIAN_POINT('',(0.00187574639596105,0.00511056049438162,0.0282));
#7252=CARTESIAN_POINT('',(0.00187574639596105,0.00511056049438162,0.02803));
#7253=CARTESIAN_POINT('',(0.00184344362351345,0.00515062560694232,0.0282));
#7254=CARTESIAN_POINT('',(0.00184344362351345,0.00515062560694232,0.02803));
#7255=CARTESIAN_POINT('',(0.00180775445207668,0.00518733218127007,0.0282));
#7256=CARTESIAN_POINT('',(0.00180775445207668,0.00518733218127007,0.02803));
#7257=CARTESIAN_POINT('',(0.00176911280417154,0.00522079373830514,0.0282));
#7258=CARTESIAN_POINT('',(0.00176911280417154,0.00522079373830514,0.02803));
#7259=CARTESIAN_POINT('',(0.00172802645439646,0.00525181030294158,0.0282));
#7260=CARTESIAN_POINT('',(0.00172802645439646,0.00525181030294158,0.02803));
#7261=CARTESIAN_POINT('',(0.0016832667929691,0.00527905531951451,0.0282));
#7262=CARTESIAN_POINT('',(0.0016832667929691,0.00527905531951451,0.02803));
#7263=CARTESIAN_POINT('',(0.00163582129614098,0.00530391978491307,0.0282));
#7264=CARTESIAN_POINT('',(0.00163582129614098,0.00530391978491307,0.02803));
#7265=CARTESIAN_POINT('',(0.0016023178437008,0.00531747296870401,0.0282));
#7266=CARTESIAN_POINT('',(0.0016023178437008,0.00531747296870401,0.02803));
#7267=CARTESIAN_POINT('',(0.00158539883166081,0.00532431723289287,0.0282));
#7268=CARTESIAN_POINT('',(0.00158539883166081,0.00532431723289287,0.02803));
#7269=CARTESIAN_POINT('',(0.00201529305852769,0.00462717665862339,0.02803));
#7270=CARTESIAN_POINT('',(0.00201504973761615,0.0046487311762268,0.02803));
#7271=CARTESIAN_POINT('',(0.00201457462421518,0.00469081896925734,0.02803));
#7272=CARTESIAN_POINT('',(0.00200874480265942,0.00475260464727176,0.02803));
#7273=CARTESIAN_POINT('',(0.00200018221303139,0.00481169947183483,0.02803));
#7274=CARTESIAN_POINT('',(0.00198808233716947,0.00486821611640649,0.02803));
#7275=CARTESIAN_POINT('',(0.0019729857728046,0.00492218082353319,0.02803));
#7276=CARTESIAN_POINT('',(0.00195343565272343,0.00497324372641865,0.02803));
#7277=CARTESIAN_POINT('',(0.00193144888433784,0.00502212535706664,0.02803));
#7278=CARTESIAN_POINT('',(0.0019047146522735,0.00506751616244519,0.02803));
#7279=CARTESIAN_POINT('',(0.00187574639596105,0.00511056049438162,0.02803));
#7280=CARTESIAN_POINT('',(0.00184344362351345,0.00515062560694232,0.02803));
#7281=CARTESIAN_POINT('',(0.00180775445207668,0.00518733218127007,0.02803));
#7282=CARTESIAN_POINT('',(0.00176911280417154,0.00522079373830514,0.02803));
#7283=CARTESIAN_POINT('',(0.00172802645439646,0.00525181030294158,0.02803));
#7284=CARTESIAN_POINT('',(0.0016832667929691,0.00527905531951451,0.02803));
#7285=CARTESIAN_POINT('',(0.00163582129614098,0.00530391978491307,0.02803));
#7286=CARTESIAN_POINT('',(0.0016023178437008,0.00531747296870401,0.02803));
#7287=CARTESIAN_POINT('',(0.00158539883166081,0.00532431723289287,0.02803));
#7288=CARTESIAN_POINT('',(-0.0012951663063262,0.00380846090172403,0.0282));
#7289=CARTESIAN_POINT('',(-0.0012951663063262,0.00380846090172403,0.02803));
#7290=CARTESIAN_POINT('',(-0.001270310584941,0.00380928527197821,0.0282));
#7291=CARTESIAN_POINT('',(-0.001270310584941,0.00380928527197821,0.02803));
#7292=CARTESIAN_POINT('',(-0.00122129442622068,0.00381091095254474,0.0282));
#7293=CARTESIAN_POINT('',(-0.00122129442622068,0.00381091095254474,0.02803));
#7294=CARTESIAN_POINT('',(-0.00114919231890039,0.00382115622447929,0.0282));
#7295=CARTESIAN_POINT('',(-0.00114919231890039,0.00382115622447929,0.02803));
#7296=CARTESIAN_POINT('',(-0.00108037651376433,0.00383971511364063,0.0282));
#7297=CARTESIAN_POINT('',(-0.00108037651376433,0.00383971511364063,0.02803));
#7298=CARTESIAN_POINT('',(-0.00101413818439737,0.00386404269676453,0.0282));
#7299=CARTESIAN_POINT('',(-0.00101413818439737,0.00386404269676453,0.02803));
#7300=CARTESIAN_POINT('',(-0.000951453543426175,0.00389676008520147,0.0282));
#7301=CARTESIAN_POINT('',(-0.000951453543426175,0.00389676008520147,0.02803));
#7302=CARTESIAN_POINT('',(-0.000892156546976676,0.00393646258729151,0.0282));
#7303=CARTESIAN_POINT('',(-0.000892156546976676,0.00393646258729151,0.02803));
#7304=CARTESIAN_POINT('',(-0.000835701529389185,0.00398291764126751,0.0282));
#7305=CARTESIAN_POINT('',(-0.000835701529389185,0.00398291764126751,0.02803));
#7306=CARTESIAN_POINT('',(-0.000783151482242719,0.00403622210002044,0.0282));
#7307=CARTESIAN_POINT('',(-0.000783151482242719,0.00403622210002044,0.02803));
#7308=CARTESIAN_POINT('',(-0.000735079321715434,0.00409523792118264,0.0282));
#7309=CARTESIAN_POINT('',(-0.000735079321715434,0.00409523792118264,0.02803));
#7310=CARTESIAN_POINT('',(-0.00069266796942454,0.00415867438464097,0.0282));
#7311=CARTESIAN_POINT('',(-0.00069266796942454,0.00415867438464097,0.02803));
#7312=CARTESIAN_POINT('',(-0.000657580121574348,0.0042268238307121,0.0282));
#7313=CARTESIAN_POINT('',(-0.000657580121574348,0.0042268238307121,0.02803));
#7314=CARTESIAN_POINT('',(-0.000628268324821201,0.00429876662000881,0.0282));
#7315=CARTESIAN_POINT('',(-0.000628268324821201,0.00429876662000881,0.02803));
#7316=CARTESIAN_POINT('',(-0.000606172750827088,0.00437520824609014,0.0282));
#7317=CARTESIAN_POINT('',(-0.000606172750827088,0.00437520824609014,0.02803));
#7318=CARTESIAN_POINT('',(-0.000589374997536086,0.00445550865851748,0.0282));
#7319=CARTESIAN_POINT('',(-0.000589374997536086,0.00445550865851748,0.02803));
#7320=CARTESIAN_POINT('',(-0.00058031620103406,0.00454007619647725,0.0282));
#7321=CARTESIAN_POINT('',(-0.00058031620103406,0.00454007619647725,0.02803));
#7322=CARTESIAN_POINT('',(-0.000578987944461338,0.0045977673650678,0.0282));
#7323=CARTESIAN_POINT('',(-0.000578987944461338,0.0045977673650678,0.02803));
#7324=CARTESIAN_POINT('',(-0.0005783108375762,0.00462717665862339,0.0282));
#7325=CARTESIAN_POINT('',(-0.0005783108375762,0.00462717665862339,0.02803));
#7326=CARTESIAN_POINT('',(-0.0005783108375762,0.00462717665862339,0.0247404686878135));
#7327=CARTESIAN_POINT('',(-0.0005783108375762,0.00462717665862339,0.02803));
#7328=CARTESIAN_POINT('',(-0.0012951663063262,0.00380846090172403,0.02803));
#7329=CARTESIAN_POINT('',(-0.001270310584941,0.00380928527197821,0.02803));
#7330=CARTESIAN_POINT('',(-0.00122129442622068,0.00381091095254474,0.02803));
#7331=CARTESIAN_POINT('',(-0.00114919231890039,0.00382115622447929,0.02803));
#7332=CARTESIAN_POINT('',(-0.00108037651376433,0.00383971511364063,0.02803));
#7333=CARTESIAN_POINT('',(-0.00101413818439737,0.00386404269676453,0.02803));
#7334=CARTESIAN_POINT('',(-0.000951453543426175,0.00389676008520147,0.02803));
#7335=CARTESIAN_POINT('',(-0.000892156546976676,0.00393646258729151,0.02803));
#7336=CARTESIAN_POINT('',(-0.000835701529389185,0.00398291764126751,0.02803));
#7337=CARTESIAN_POINT('',(-0.000783151482242719,0.00403622210002044,0.02803));
#7338=CARTESIAN_POINT('',(-0.000735079321715434,0.00409523792118264,0.02803));
#7339=CARTESIAN_POINT('',(-0.00069266796942454,0.00415867438464097,0.02803));
#7340=CARTESIAN_POINT('',(-0.000657580121574348,0.0042268238307121,0.02803));
#7341=CARTESIAN_POINT('',(-0.000628268324821201,0.00429876662000881,0.02803));
#7342=CARTESIAN_POINT('',(-0.000606172750827088,0.00437520824609014,0.02803));
#7343=CARTESIAN_POINT('',(-0.000589374997536086,0.00445550865851748,0.02803));
#7344=CARTESIAN_POINT('',(-0.00058031620103406,0.00454007619647725,0.02803));
#7345=CARTESIAN_POINT('',(-0.000578987944461338,0.0045977673650678,0.02803));
#7346=CARTESIAN_POINT('',(-0.0005783108375762,0.00462717665862339,0.02803));
#7347=CARTESIAN_POINT('',(-0.0012951663063262,0.00380846090172403,0.02803));
#7348=CARTESIAN_POINT('',(-0.0012951663063262,0.00380846090172403,0.0247404686878135));
#7349=CARTESIAN_POINT('',(-0.00201530759082295,0.00463648646990585,0.0282));
#7350=CARTESIAN_POINT('',(-0.00201530759082295,0.00463648646990585,0.02803));
#7351=CARTESIAN_POINT('',(-0.00201471170553587,0.00460633663240067,0.0282));
#7352=CARTESIAN_POINT('',(-0.00201471170553587,0.00460633663240067,0.02803));
#7353=CARTESIAN_POINT('',(-0.00201354190335012,0.00454714848565896,0.0282));
#7354=CARTESIAN_POINT('',(-0.00201354190335012,0.00454714848565896,0.02803));
#7355=CARTESIAN_POINT('',(-0.00200334657678088,0.00446074846150684,0.0282));
#7356=CARTESIAN_POINT('',(-0.00200334657678088,0.00446074846150684,0.02803));
#7357=CARTESIAN_POINT('',(-0.00198776306212339,0.00437858427782791,0.0282));
#7358=CARTESIAN_POINT('',(-0.00198776306212339,0.00437858427782791,0.02803));
#7359=CARTESIAN_POINT('',(-0.00196520998648929,0.00430102803889996,0.0282));
#7360=CARTESIAN_POINT('',(-0.00196520998648929,0.00430102803889996,0.02803));
#7361=CARTESIAN_POINT('',(-0.00193635949231147,0.0042278647670945,0.0282));
#7362=CARTESIAN_POINT('',(-0.00193635949231147,0.0042278647670945,0.02803));
#7363=CARTESIAN_POINT('',(-0.00190016465899135,0.0041595925451332,0.0282));
#7364=CARTESIAN_POINT('',(-0.00190016465899135,0.0041595925451332,0.02803));
#7365=CARTESIAN_POINT('',(-0.00185883974996722,0.00409510452065504,0.0282));
#7366=CARTESIAN_POINT('',(-0.00185883974996722,0.00409510452065504,0.02803));
#7367=CARTESIAN_POINT('',(-0.0018103744962175,0.00403629519734438,0.0282));
#7368=CARTESIAN_POINT('',(-0.0018103744962175,0.00403629519734438,0.02803));
#7369=CARTESIAN_POINT('',(-0.00175791963601941,0.00398270015124013,0.0282));
#7370=CARTESIAN_POINT('',(-0.00175791963601941,0.00398270015124013,0.02803));
#7371=CARTESIAN_POINT('',(-0.00170093504576324,0.00393666526277346,0.0282));
#7372=CARTESIAN_POINT('',(-0.00170093504576324,0.00393666526277346,0.02803));
#7373=CARTESIAN_POINT('',(-0.00164154509531978,0.00389656278213467,0.0282));
#7374=CARTESIAN_POINT('',(-0.00164154509531978,0.00389656278213467,0.02803));
#7375=CARTESIAN_POINT('',(-0.00157848430803605,0.0038642029884031,0.0282));
#7376=CARTESIAN_POINT('',(-0.00157848430803605,0.0038642029884031,0.02803));
#7377=CARTESIAN_POINT('',(-0.00151200485641237,0.00383959038854359,0.0282));
#7378=CARTESIAN_POINT('',(-0.00151200485641237,0.00383959038854359,0.02803));
#7379=CARTESIAN_POINT('',(-0.0014427678887761,0.00382117860431763,0.0282));
#7380=CARTESIAN_POINT('',(-0.0014427678887761,0.00382117860431763,0.02803));
#7381=CARTESIAN_POINT('',(-0.0013699524523787,0.00381087816240848,0.0282));
#7382=CARTESIAN_POINT('',(-0.0013699524523787,0.00381087816240848,0.02803));
#7383=CARTESIAN_POINT('',(-0.00132038810772982,0.00380927612850255,0.0282));
#7384=CARTESIAN_POINT('',(-0.00132038810772982,0.00380927612850255,0.02803));
#7385=CARTESIAN_POINT('',(-0.0012951663063262,0.00380846090172403,0.0282));
#7386=CARTESIAN_POINT('',(-0.0012951663063262,0.00380846090172403,0.02803));
#7387=CARTESIAN_POINT('',(-0.00201530759082295,0.00463648646990585,0.02803));
#7388=CARTESIAN_POINT('',(-0.00201471170553587,0.00460633663240067,0.02803));
#7389=CARTESIAN_POINT('',(-0.00201354190335012,0.00454714848565896,0.02803));
#7390=CARTESIAN_POINT('',(-0.00200334657678088,0.00446074846150684,0.02803));
#7391=CARTESIAN_POINT('',(-0.00198776306212339,0.00437858427782791,0.02803));
#7392=CARTESIAN_POINT('',(-0.00196520998648929,0.00430102803889996,0.02803));
#7393=CARTESIAN_POINT('',(-0.00193635949231147,0.0042278647670945,0.02803));
#7394=CARTESIAN_POINT('',(-0.00190016465899135,0.0041595925451332,0.02803));
#7395=CARTESIAN_POINT('',(-0.00185883974996722,0.00409510452065504,0.02803));
#7396=CARTESIAN_POINT('',(-0.0018103744962175,0.00403629519734438,0.02803));
#7397=CARTESIAN_POINT('',(-0.00175791963601941,0.00398270015124013,0.02803));
#7398=CARTESIAN_POINT('',(-0.00170093504576324,0.00393666526277346,0.02803));
#7399=CARTESIAN_POINT('',(-0.00164154509531978,0.00389656278213467,0.02803));
#7400=CARTESIAN_POINT('',(-0.00157848430803605,0.0038642029884031,0.02803));
#7401=CARTESIAN_POINT('',(-0.00151200485641237,0.00383959038854359,0.02803));
#7402=CARTESIAN_POINT('',(-0.0014427678887761,0.00382117860431763,0.02803));
#7403=CARTESIAN_POINT('',(-0.0013699524523787,0.00381087816240848,0.02803));
#7404=CARTESIAN_POINT('',(-0.00132038810772982,0.00380927612850255,0.02803));
#7405=CARTESIAN_POINT('',(-0.0012951663063262,0.00380846090172403,0.02803));
#7406=CARTESIAN_POINT('',(-0.00201530759082295,0.00463648646990585,0.02803));
#7407=CARTESIAN_POINT('',(-0.00201530759082295,0.00463648646990585,0.0247404686878135));
#7408=CARTESIAN_POINT('',(-0.00158212754820931,0.00532431723289287,0.0282));
#7409=CARTESIAN_POINT('',(-0.00158212754820931,0.00532431723289287,0.02803));
#7410=CARTESIAN_POINT('',(-0.00159866013576288,0.00531874685729986,0.0282));
#7411=CARTESIAN_POINT('',(-0.00159866013576288,0.00531874685729986,0.02803));
#7412=CARTESIAN_POINT('',(-0.00163130781180193,0.00530774677535945,0.0282));
#7413=CARTESIAN_POINT('',(-0.00163130781180193,0.00530774677535945,0.02803));
#7414=CARTESIAN_POINT('',(-0.00167818745084305,0.00528661392870818,0.0282));
#7415=CARTESIAN_POINT('',(-0.00167818745084305,0.00528661392870818,0.02803));
#7416=CARTESIAN_POINT('',(-0.00172258822170017,0.005262252920283,0.0282));
#7417=CARTESIAN_POINT('',(-0.00172258822170017,0.005262252920283,0.02803));
#7418=CARTESIAN_POINT('',(-0.00176375254500433,0.00523342893962357,0.0282));
#7419=CARTESIAN_POINT('',(-0.00176375254500433,0.00523342893962357,0.02803));
#7420=CARTESIAN_POINT('',(-0.00180224380389451,0.00520159001755557,0.0282));
#7421=CARTESIAN_POINT('',(-0.00180224380389451,0.00520159001755557,0.02803));
#7422=CARTESIAN_POINT('',(-0.00183812313130896,0.00516635700175074,0.0282));
#7423=CARTESIAN_POINT('',(-0.00183812313130896,0.00516635700175074,0.02803));
#7424=CARTESIAN_POINT('',(-0.00187106238893833,0.00512726859224371,0.0282));
#7425=CARTESIAN_POINT('',(-0.00187106238893833,0.00512726859224371,0.02803));
#7426=CARTESIAN_POINT('',(-0.00190097347540311,0.00508467919188001,0.0282));
#7427=CARTESIAN_POINT('',(-0.00190097347540311,0.00508467919188001,0.02803));
#7428=CARTESIAN_POINT('',(-0.00192801170811507,0.0050389592261769,0.0282));
#7429=CARTESIAN_POINT('',(-0.00192801170811507,0.0050389592261769,0.02803));
#7430=CARTESIAN_POINT('',(-0.00195152584425174,0.00499026071338897,0.0282));
#7431=CARTESIAN_POINT('',(-0.00195152584425174,0.00499026071338897,0.02803));
#7432=CARTESIAN_POINT('',(-0.00197128254595155,0.00493859261519911,0.0282));
#7433=CARTESIAN_POINT('',(-0.00197128254595155,0.00493859261519911,0.02803));
#7434=CARTESIAN_POINT('',(-0.00198710874711072,0.00488395643510042,0.0282));
#7435=CARTESIAN_POINT('',(-0.00198710874711072,0.00488395643510042,0.02803));
#7436=CARTESIAN_POINT('',(-0.00199965424552542,0.00482631452673585,0.0282));
#7437=CARTESIAN_POINT('',(-0.00199965424552542,0.00482631452673585,0.02803));
#7438=CARTESIAN_POINT('',(-0.0020089477341033,0.00476561118758849,0.0282));
#7439=CARTESIAN_POINT('',(-0.0020089477341033,0.00476561118758849,0.02803));
#7440=CARTESIAN_POINT('',(-0.00201452321511216,0.0047019432220233,0.0282));
#7441=CARTESIAN_POINT('',(-0.00201452321511216,0.0047019432220233,0.02803));
#7442=CARTESIAN_POINT('',(-0.00201504277239077,0.00465858577032145,0.0282));
#7443=CARTESIAN_POINT('',(-0.00201504277239077,0.00465858577032145,0.02803));
#7444=CARTESIAN_POINT('',(-0.00201530759082295,0.00463648646990585,0.0282));
#7445=CARTESIAN_POINT('',(-0.00201530759082295,0.00463648646990585,0.02803));
#7446=CARTESIAN_POINT('',(-0.00158212754820931,0.00532431723289287,0.02803));
#7447=CARTESIAN_POINT('',(-0.00159866013576288,0.00531874685729986,0.02803));
#7448=CARTESIAN_POINT('',(-0.00163130781180193,0.00530774677535945,0.02803));
#7449=CARTESIAN_POINT('',(-0.00167818745084305,0.00528661392870818,0.02803));
#7450=CARTESIAN_POINT('',(-0.00172258822170017,0.005262252920283,0.02803));
#7451=CARTESIAN_POINT('',(-0.00176375254500433,0.00523342893962357,0.02803));
#7452=CARTESIAN_POINT('',(-0.00180224380389451,0.00520159001755557,0.02803));
#7453=CARTESIAN_POINT('',(-0.00183812313130896,0.00516635700175074,0.02803));
#7454=CARTESIAN_POINT('',(-0.00187106238893833,0.00512726859224371,0.02803));
#7455=CARTESIAN_POINT('',(-0.00190097347540311,0.00508467919188001,0.02803));
#7456=CARTESIAN_POINT('',(-0.00192801170811507,0.0050389592261769,0.02803));
#7457=CARTESIAN_POINT('',(-0.00195152584425174,0.00499026071338897,0.02803));
#7458=CARTESIAN_POINT('',(-0.00197128254595155,0.00493859261519911,0.02803));
#7459=CARTESIAN_POINT('',(-0.00198710874711072,0.00488395643510042,0.02803));
#7460=CARTESIAN_POINT('',(-0.00199965424552542,0.00482631452673585,0.02803));
#7461=CARTESIAN_POINT('',(-0.0020089477341033,0.00476561118758849,0.02803));
#7462=CARTESIAN_POINT('',(-0.00201452321511216,0.0047019432220233,0.02803));
#7463=CARTESIAN_POINT('',(-0.00201504277239077,0.00465858577032145,0.02803));
#7464=CARTESIAN_POINT('',(-0.00201530759082295,0.00463648646990585,0.02803));
#7465=CARTESIAN_POINT('',(-0.00158212754820931,0.00532431723289287,0.02803));
#7466=CARTESIAN_POINT('',(-0.00158212754820931,0.00532431723289287,0.0247404686878135));
#7467=CARTESIAN_POINT('',(-0.00191016148692685,0.00587962009409417,0.0282));
#7468=CARTESIAN_POINT('',(-0.00191016148692685,0.00587962009409417,0.02803));
#7469=CARTESIAN_POINT('',(-0.00190941180808577,0.00584668444460755,0.0282));
#7470=CARTESIAN_POINT('',(-0.00190941180808577,0.00584668444460755,0.02803));
#7471=CARTESIAN_POINT('',(-0.00190796935728509,0.00578331323633869,0.0282));
#7472=CARTESIAN_POINT('',(-0.00190796935728509,0.00578331323633869,0.02803));
#7473=CARTESIAN_POINT('',(-0.00189148675634011,0.00569263852633785,0.0282));
#7474=CARTESIAN_POINT('',(-0.00189148675634011,0.00569263852633785,0.02803));
#7475=CARTESIAN_POINT('',(-0.00186613768442215,0.00561001371717948,0.0282));
#7476=CARTESIAN_POINT('',(-0.00186613768442215,0.00561001371717948,0.02803));
#7477=CARTESIAN_POINT('',(-0.00182967822697165,0.00553559900564936,0.0282));
#7478=CARTESIAN_POINT('',(-0.00182967822697165,0.00553559900564936,0.02803));
#7479=CARTESIAN_POINT('',(-0.00178255475029171,0.00546965566130842,0.0282));
#7480=CARTESIAN_POINT('',(-0.00178255475029171,0.00546965566130842,0.02803));
#7481=CARTESIAN_POINT('',(-0.00172534788888626,0.00541211939505339,0.0282));
#7482=CARTESIAN_POINT('',(-0.00172534788888626,0.00541211939505339,0.02803));
#7483=CARTESIAN_POINT('',(-0.00165825933162961,0.00536257576784505,0.0282));
#7484=CARTESIAN_POINT('',(-0.00165825933162961,0.00536257576784505,0.02803));
#7485=CARTESIAN_POINT('',(-0.001607926037386,0.00533728175776719,0.0282));
#7486=CARTESIAN_POINT('',(-0.001607926037386,0.00533728175776719,0.02803));
#7487=CARTESIAN_POINT('',(-0.00158212754820931,0.00532431723289287,0.0282));
#7488=CARTESIAN_POINT('',(-0.00158212754820931,0.00532431723289287,0.02803));
#7489=CARTESIAN_POINT('',(-0.00191016148692685,0.00587962009409417,0.02803));
#7490=CARTESIAN_POINT('',(-0.00190941180808577,0.00584668444460755,0.02803));
#7491=CARTESIAN_POINT('',(-0.00190796935728509,0.00578331323633869,0.02803));
#7492=CARTESIAN_POINT('',(-0.00189148675634011,0.00569263852633785,0.02803));
#7493=CARTESIAN_POINT('',(-0.00186613768442215,0.00561001371717948,0.02803));
#7494=CARTESIAN_POINT('',(-0.00182967822697165,0.00553559900564936,0.02803));
#7495=CARTESIAN_POINT('',(-0.00178255475029171,0.00546965566130842,0.02803));
#7496=CARTESIAN_POINT('',(-0.00172534788888626,0.00541211939505339,0.02803));
#7497=CARTESIAN_POINT('',(-0.00165825933162961,0.00536257576784505,0.02803));
#7498=CARTESIAN_POINT('',(-0.001607926037386,0.00533728175776719,0.02803));
#7499=CARTESIAN_POINT('',(-0.00158212754820931,0.00532431723289287,0.02803));
#7500=CARTESIAN_POINT('',(-0.00191016148692685,0.00587962009409417,0.02803));
#7501=CARTESIAN_POINT('',(-0.00191016148692685,0.00587962009409417,0.0247404686878135));
#7502=CARTESIAN_POINT('',(-0.00129954739398854,0.00657730830432144,0.0282));
#7503=CARTESIAN_POINT('',(-0.00129954739398854,0.00657730830432144,0.02803));
#7504=CARTESIAN_POINT('',(-0.00132092970088926,0.00657658689066871,0.0282));
#7505=CARTESIAN_POINT('',(-0.00132092970088926,0.00657658689066871,0.02803));
#7506=CARTESIAN_POINT('',(-0.0013631419108175,0.0065751627008142,0.0282));
#7507=CARTESIAN_POINT('',(-0.0013631419108175,0.0065751627008142,0.02803));
#7508=CARTESIAN_POINT('',(-0.00142511727957866,0.00656659592573043,0.0282));
#7509=CARTESIAN_POINT('',(-0.00142511727957866,0.00656659592573043,0.02803));
#7510=CARTESIAN_POINT('',(-0.00148419647650533,0.00655104198042687,0.0282));
#7511=CARTESIAN_POINT('',(-0.00148419647650533,0.00655104198042687,0.02803));
#7512=CARTESIAN_POINT('',(-0.00154051200699509,0.00652945557468477,0.0282));
#7513=CARTESIAN_POINT('',(-0.00154051200699509,0.00652945557468477,0.02803));
#7514=CARTESIAN_POINT('',(-0.00159428794351304,0.00650218584159265,0.0282));
#7515=CARTESIAN_POINT('',(-0.00159428794351304,0.00650218584159265,0.02803));
#7516=CARTESIAN_POINT('',(-0.00164502971526659,0.00646835990177406,0.0282));
#7517=CARTESIAN_POINT('',(-0.00164502971526659,0.00646835990177406,0.02803));
#7518=CARTESIAN_POINT('',(-0.00169284605221711,0.00642864375773224,0.0282));
#7519=CARTESIAN_POINT('',(-0.00169284605221711,0.00642864375773224,0.02803));
#7520=CARTESIAN_POINT('',(-0.00173758319688345,0.00638346097011106,0.0282));
#7521=CARTESIAN_POINT('',(-0.00173758319688345,0.00638346097011106,0.02803));
#7522=CARTESIAN_POINT('',(-0.00177789400128589,0.00633302923551695,0.0282));
#7523=CARTESIAN_POINT('',(-0.00177789400128589,0.00633302923551695,0.02803));
#7524=CARTESIAN_POINT('',(-0.00181375313722516,0.00627899243398647,0.0282));
#7525=CARTESIAN_POINT('',(-0.00181375313722516,0.00627899243398647,0.02803));
#7526=CARTESIAN_POINT('',(-0.00184313342829094,0.00622085916491951,0.0282));
#7527=CARTESIAN_POINT('',(-0.00184313342829094,0.00622085916491951,0.02803));
#7528=CARTESIAN_POINT('',(-0.00186833077125185,0.00615992275462643,0.0282));
#7529=CARTESIAN_POINT('',(-0.00186833077125185,0.00615992275462643,0.02803));
#7530=CARTESIAN_POINT('',(-0.00188654437701155,0.00609474250776876,0.0282));
#7531=CARTESIAN_POINT('',(-0.00188654437701155,0.00609474250776876,0.02803));
#7532=CARTESIAN_POINT('',(-0.00190030167263135,0.0060263100656206,0.0282));
#7533=CARTESIAN_POINT('',(-0.00190030167263135,0.0060263100656206,0.02803));
#7534=CARTESIAN_POINT('',(-0.00190867800596104,0.0059541224298783,0.0282));
#7535=CARTESIAN_POINT('',(-0.00190867800596104,0.0059541224298783,0.02803));
#7536=CARTESIAN_POINT('',(-0.00190965943769774,0.00590483365672753,0.0282));
#7537=CARTESIAN_POINT('',(-0.00190965943769774,0.00590483365672753,0.02803));
#7538=CARTESIAN_POINT('',(-0.00191016148692685,0.00587962009409417,0.0282));
#7539=CARTESIAN_POINT('',(-0.00191016148692685,0.00587962009409417,0.02803));
#7540=CARTESIAN_POINT('',(-0.00129954739398854,0.00657730830432144,0.02803));
#7541=CARTESIAN_POINT('',(-0.00132092970088926,0.00657658689066871,0.02803));
#7542=CARTESIAN_POINT('',(-0.0013631419108175,0.0065751627008142,0.02803));
#7543=CARTESIAN_POINT('',(-0.00142511727957866,0.00656659592573043,0.02803));
#7544=CARTESIAN_POINT('',(-0.00148419647650533,0.00655104198042687,0.02803));
#7545=CARTESIAN_POINT('',(-0.00154051200699509,0.00652945557468477,0.02803));
#7546=CARTESIAN_POINT('',(-0.00159428794351304,0.00650218584159265,0.02803));
#7547=CARTESIAN_POINT('',(-0.00164502971526659,0.00646835990177405,0.02803));
#7548=CARTESIAN_POINT('',(-0.00169284605221711,0.00642864375773224,0.02803));
#7549=CARTESIAN_POINT('',(-0.00173758319688345,0.00638346097011106,0.02803));
#7550=CARTESIAN_POINT('',(-0.00177789400128589,0.00633302923551694,0.02803));
#7551=CARTESIAN_POINT('',(-0.00181375313722516,0.00627899243398647,0.02803));
#7552=CARTESIAN_POINT('',(-0.00184313342829094,0.00622085916491951,0.02803));
#7553=CARTESIAN_POINT('',(-0.00186833077125185,0.00615992275462643,0.02803));
#7554=CARTESIAN_POINT('',(-0.00188654437701155,0.00609474250776876,0.02803));
#7555=CARTESIAN_POINT('',(-0.00190030167263135,0.0060263100656206,0.02803));
#7556=CARTESIAN_POINT('',(-0.00190867800596104,0.0059541224298783,0.02803));
#7557=CARTESIAN_POINT('',(-0.00190965943769774,0.00590483365672753,0.02803));
#7558=CARTESIAN_POINT('',(-0.00191016148692685,0.00587962009409417,0.02803));
#7559=CARTESIAN_POINT('',(-0.00129954739398854,0.00657730830432144,0.02803));
#7560=CARTESIAN_POINT('',(-0.00129954739398854,0.00657730830432144,0.0247404686878135));
#7561=CARTESIAN_POINT('',(-0.000683456941472304,0.00586866737493832,0.0282));
#7562=CARTESIAN_POINT('',(-0.000683456941472304,0.00586866737493832,0.02803));
#7563=CARTESIAN_POINT('',(-0.000683959872057716,0.00589406461870537,0.0282));
#7564=CARTESIAN_POINT('',(-0.000683959872057716,0.00589406461870537,0.02803));
#7565=CARTESIAN_POINT('',(-0.000684946761832923,0.00594390107908207,0.0282));
#7566=CARTESIAN_POINT('',(-0.000684946761832923,0.00594390107908207,0.02803));
#7567=CARTESIAN_POINT('',(-0.000693380466500496,0.00601697299229483,0.0282));
#7568=CARTESIAN_POINT('',(-0.000693380466500496,0.00601697299229483,0.02803));
#7569=CARTESIAN_POINT('',(-0.000706864974229674,0.00608663715196747,0.0282));
#7570=CARTESIAN_POINT('',(-0.000706864974229674,0.00608663715196747,0.02803));
#7571=CARTESIAN_POINT('',(-0.000726101945793597,0.00615263011574558,0.0282));
#7572=CARTESIAN_POINT('',(-0.000726101945793597,0.00615263011574558,0.02803));
#7573=CARTESIAN_POINT('',(-0.000750597884625249,0.00621503193727919,0.0282));
#7574=CARTESIAN_POINT('',(-0.000750597884625249,0.00621503193727919,0.02803));
#7575=CARTESIAN_POINT('',(-0.000781759523838284,0.00627318243776788,0.0282));
#7576=CARTESIAN_POINT('',(-0.000781759523838284,0.00627318243776788,0.02803));
#7577=CARTESIAN_POINT('',(-0.000817385965203308,0.00632836717650478,0.0282));
#7578=CARTESIAN_POINT('',(-0.000817385965203308,0.00632836717650478,0.02803));
#7579=CARTESIAN_POINT('',(-0.000858257537799663,0.00637958734470619,0.0282));
#7580=CARTESIAN_POINT('',(-0.000858257537799663,0.00637958734470619,0.02803));
#7581=CARTESIAN_POINT('',(-0.000903288080671464,0.00642573311772046,0.0282));
#7582=CARTESIAN_POINT('',(-0.000903288080671464,0.00642573311772046,0.02803));
#7583=CARTESIAN_POINT('',(-0.000951537708767682,0.00646627468260376,0.0282));
#7584=CARTESIAN_POINT('',(-0.000951537708767682,0.00646627468260376,0.02803));
#7585=CARTESIAN_POINT('',(-0.00100236285401585,0.0065009477635046,0.0282));
#7586=CARTESIAN_POINT('',(-0.00100236285401585,0.0065009477635046,0.02803));
#7587=CARTESIAN_POINT('',(-0.00105639310856009,0.00652911045541556,0.0282));
#7588=CARTESIAN_POINT('',(-0.00105639310856009,0.00652911045541556,0.02803));
#7589=CARTESIAN_POINT('',(-0.00111328065471799,0.0065504951353874,0.0282));
#7590=CARTESIAN_POINT('',(-0.00111328065471799,0.0065504951353874,0.02803));
#7591=CARTESIAN_POINT('',(-0.00117293466762617,0.00656588149302254,0.0282));
#7592=CARTESIAN_POINT('',(-0.00117293466762617,0.00656588149302254,0.02803));
#7593=CARTESIAN_POINT('',(-0.00123535576832353,0.00657534542765639,0.0282));
#7594=CARTESIAN_POINT('',(-0.00123535576832353,0.00657534542765639,0.02803));
#7595=CARTESIAN_POINT('',(-0.0012779741785656,0.00657664863009283,0.0282));
#7596=CARTESIAN_POINT('',(-0.0012779741785656,0.00657664863009283,0.02803));
#7597=CARTESIAN_POINT('',(-0.00129954739398854,0.00657730830432144,0.0282));
#7598=CARTESIAN_POINT('',(-0.00129954739398854,0.00657730830432144,0.02803));
#7599=CARTESIAN_POINT('',(-0.000683456941472304,0.00586866737493832,0.02803));
#7600=CARTESIAN_POINT('',(-0.000683959872057716,0.00589406461870537,0.02803));
#7601=CARTESIAN_POINT('',(-0.000684946761832923,0.00594390107908207,0.02803));
#7602=CARTESIAN_POINT('',(-0.000693380466500496,0.00601697299229483,0.02803));
#7603=CARTESIAN_POINT('',(-0.000706864974229674,0.00608663715196747,0.02803));
#7604=CARTESIAN_POINT('',(-0.000726101945793597,0.00615263011574558,0.02803));
#7605=CARTESIAN_POINT('',(-0.000750597884625249,0.00621503193727919,0.02803));
#7606=CARTESIAN_POINT('',(-0.000781759523838284,0.00627318243776788,0.02803));
#7607=CARTESIAN_POINT('',(-0.000817385965203308,0.00632836717650478,0.02803));
#7608=CARTESIAN_POINT('',(-0.000858257537799663,0.00637958734470619,0.02803));
#7609=CARTESIAN_POINT('',(-0.000903288080671464,0.00642573311772046,0.02803));
#7610=CARTESIAN_POINT('',(-0.000951537708767682,0.00646627468260376,0.02803));
#7611=CARTESIAN_POINT('',(-0.00100236285401585,0.0065009477635046,0.02803));
#7612=CARTESIAN_POINT('',(-0.00105639310856009,0.00652911045541556,0.02803));
#7613=CARTESIAN_POINT('',(-0.00111328065471799,0.0065504951353874,0.02803));
#7614=CARTESIAN_POINT('',(-0.00117293466762617,0.00656588149302254,0.02803));
#7615=CARTESIAN_POINT('',(-0.00123535576832353,0.00657534542765639,0.02803));
#7616=CARTESIAN_POINT('',(-0.0012779741785656,0.00657664863009283,0.02803));
#7617=CARTESIAN_POINT('',(-0.00129954739398854,0.00657730830432144,0.02803));
#7618=CARTESIAN_POINT('',(-0.000683456941472304,0.00586866737493832,0.02803));
#7619=CARTESIAN_POINT('',(-0.000683456941472304,0.00586866737493832,0.0247404686878135));
#7620=CARTESIAN_POINT('',(-0.00100820506444308,0.00532431723289287,0.0282));
#7621=CARTESIAN_POINT('',(-0.00100820506444308,0.00532431723289287,0.02803));
#7622=CARTESIAN_POINT('',(-0.000982178646470801,0.0053374042772281,0.0282));
#7623=CARTESIAN_POINT('',(-0.000982178646470801,0.0053374042772281,0.02803));
#7624=CARTESIAN_POINT('',(-0.000931645006981834,0.00536281445780374,0.0282));
#7625=CARTESIAN_POINT('',(-0.000931645006981834,0.00536281445780374,0.02803));
#7626=CARTESIAN_POINT('',(-0.000865131748985994,0.00541327493950111,0.0282));
#7627=CARTESIAN_POINT('',(-0.000865131748985994,0.00541327493950111,0.02803));
#7628=CARTESIAN_POINT('',(-0.000808557316089282,0.00547045866754714,0.0282));
#7629=CARTESIAN_POINT('',(-0.000808557316089282,0.00547045866754714,0.02803));
#7630=CARTESIAN_POINT('',(-0.000762489755151801,0.00553564170520832,0.0282));
#7631=CARTESIAN_POINT('',(-0.000762489755151801,0.00553564170520832,0.02803));
#7632=CARTESIAN_POINT('',(-0.000726450935333901,0.00560818591838777,0.0282));
#7633=CARTESIAN_POINT('',(-0.000726450935333901,0.00560818591838777,0.02803));
#7634=CARTESIAN_POINT('',(-0.000701698637410837,0.00568846870879206,0.0282));
#7635=CARTESIAN_POINT('',(-0.000701698637410837,0.00568846870879206,0.02803));
#7636=CARTESIAN_POINT('',(-0.000685798828125832,0.00577603737798128,0.0282));
#7637=CARTESIAN_POINT('',(-0.000685798828125832,0.00577603737798128,0.02803));
#7638=CARTESIAN_POINT('',(-0.000684257238329231,0.0058370127706003,0.0282));
#7639=CARTESIAN_POINT('',(-0.000684257238329231,0.0058370127706003,0.02803));
#7640=CARTESIAN_POINT('',(-0.000683456941472304,0.00586866737493832,0.0282));
#7641=CARTESIAN_POINT('',(-0.000683456941472304,0.00586866737493832,0.02803));
#7642=CARTESIAN_POINT('',(-0.00100820506444308,0.00532431723289287,0.02803));
#7643=CARTESIAN_POINT('',(-0.000982178646470801,0.0053374042772281,0.02803));
#7644=CARTESIAN_POINT('',(-0.000931645006981834,0.00536281445780374,0.02803));
#7645=CARTESIAN_POINT('',(-0.000865131748985994,0.00541327493950111,0.02803));
#7646=CARTESIAN_POINT('',(-0.000808557316089282,0.00547045866754714,0.02803));
#7647=CARTESIAN_POINT('',(-0.000762489755151801,0.00553564170520832,0.02803));
#7648=CARTESIAN_POINT('',(-0.000726450935333901,0.00560818591838777,0.02803));
#7649=CARTESIAN_POINT('',(-0.000701698637410837,0.00568846870879206,0.02803));
#7650=CARTESIAN_POINT('',(-0.000685798828125832,0.00577603737798128,0.02803));
#7651=CARTESIAN_POINT('',(-0.000684257238329231,0.0058370127706003,0.02803));
#7652=CARTESIAN_POINT('',(-0.000683456941472304,0.00586866737493832,0.02803));
#7653=CARTESIAN_POINT('',(-0.00100820506444308,0.00532431723289287,0.02803));
#7654=CARTESIAN_POINT('',(-0.00100820506444308,0.00532431723289287,0.0247404686878135));
#7655=CARTESIAN_POINT('',(-0.0005783108375762,0.00462717665862339,0.0282));
#7656=CARTESIAN_POINT('',(-0.0005783108375762,0.00462717665862339,0.02803));
#7657=CARTESIAN_POINT('',(-0.000578554158487743,0.0046487311762268,0.0282));
#7658=CARTESIAN_POINT('',(-0.000578554158487743,0.0046487311762268,0.02803));
#7659=CARTESIAN_POINT('',(-0.000579029271888723,0.00469081896925734,0.0282));
#7660=CARTESIAN_POINT('',(-0.000579029271888723,0.00469081896925734,0.02803));
#7661=CARTESIAN_POINT('',(-0.000584859093444474,0.00475260464727176,0.0282));
#7662=CARTESIAN_POINT('',(-0.000584859093444474,0.00475260464727176,0.02803));
#7663=CARTESIAN_POINT('',(-0.000593421683072506,0.00481169947183483,0.0282));
#7664=CARTESIAN_POINT('',(-0.000593421683072506,0.00481169947183483,0.02803));
#7665=CARTESIAN_POINT('',(-0.000605521558934425,0.0048682161164065,0.0282));
#7666=CARTESIAN_POINT('',(-0.000605521558934425,0.0048682161164065,0.02803));
#7667=CARTESIAN_POINT('',(-0.000620618123299297,0.00492218082353319,0.0282));
#7668=CARTESIAN_POINT('',(-0.000620618123299297,0.00492218082353319,0.02803));
#7669=CARTESIAN_POINT('',(-0.000640168243380465,0.00497324372641865,0.0282));
#7670=CARTESIAN_POINT('',(-0.000640168243380465,0.00497324372641865,0.02803));
#7671=CARTESIAN_POINT('',(-0.000662155011766059,0.00502212535706664,0.0282));
#7672=CARTESIAN_POINT('',(-0.000662155011766059,0.00502212535706664,0.02803));
#7673=CARTESIAN_POINT('',(-0.000688889243830395,0.00506751616244519,0.0282));
#7674=CARTESIAN_POINT('',(-0.000688889243830395,0.00506751616244519,0.02803));
#7675=CARTESIAN_POINT('',(-0.000717857500142839,0.00511056049438162,0.0282));
#7676=CARTESIAN_POINT('',(-0.000717857500142839,0.00511056049438162,0.02803));
#7677=CARTESIAN_POINT('',(-0.00075016027259045,0.00515062560694232,0.0282));
#7678=CARTESIAN_POINT('',(-0.00075016027259045,0.00515062560694232,0.02803));
#7679=CARTESIAN_POINT('',(-0.000785849444027217,0.00518733218127007,0.0282));
#7680=CARTESIAN_POINT('',(-0.000785849444027217,0.00518733218127007,0.02803));
#7681=CARTESIAN_POINT('',(-0.000824491091932358,0.00522079373830514,0.0282));
#7682=CARTESIAN_POINT('',(-0.000824491091932358,0.00522079373830514,0.02803));
#7683=CARTESIAN_POINT('',(-0.000865577441707441,0.00525181030294158,0.0282));
#7684=CARTESIAN_POINT('',(-0.000865577441707441,0.00525181030294158,0.02803));
#7685=CARTESIAN_POINT('',(-0.000910337103134791,0.00527905531951451,0.0282));
#7686=CARTESIAN_POINT('',(-0.000910337103134791,0.00527905531951451,0.02803));
#7687=CARTESIAN_POINT('',(-0.000957782599962913,0.00530391978491307,0.0282));
#7688=CARTESIAN_POINT('',(-0.000957782599962913,0.00530391978491307,0.02803));
#7689=CARTESIAN_POINT('',(-0.000991286052403088,0.00531747296870401,0.0282));
#7690=CARTESIAN_POINT('',(-0.000991286052403088,0.00531747296870401,0.02803));
#7691=CARTESIAN_POINT('',(-0.00100820506444308,0.00532431723289287,0.0282));
#7692=CARTESIAN_POINT('',(-0.00100820506444308,0.00532431723289287,0.02803));
#7693=CARTESIAN_POINT('',(-0.0005783108375762,0.00462717665862339,0.02803));
#7694=CARTESIAN_POINT('',(-0.000578554158487743,0.0046487311762268,0.02803));
#7695=CARTESIAN_POINT('',(-0.000579029271888723,0.00469081896925734,0.02803));
#7696=CARTESIAN_POINT('',(-0.000584859093444474,0.00475260464727176,0.02803));
#7697=CARTESIAN_POINT('',(-0.000593421683072506,0.00481169947183483,0.02803));
#7698=CARTESIAN_POINT('',(-0.000605521558934425,0.0048682161164065,0.02803));
#7699=CARTESIAN_POINT('',(-0.000620618123299297,0.00492218082353319,0.02803));
#7700=CARTESIAN_POINT('',(-0.000640168243380465,0.00497324372641865,0.02803));
#7701=CARTESIAN_POINT('',(-0.000662155011766059,0.00502212535706664,0.02803));
#7702=CARTESIAN_POINT('',(-0.000688889243830395,0.00506751616244519,0.02803));
#7703=CARTESIAN_POINT('',(-0.000717857500142839,0.00511056049438162,0.02803));
#7704=CARTESIAN_POINT('',(-0.00075016027259045,0.00515062560694232,0.02803));
#7705=CARTESIAN_POINT('',(-0.000785849444027217,0.00518733218127007,0.02803));
#7706=CARTESIAN_POINT('',(-0.000824491091932358,0.00522079373830514,0.02803));
#7707=CARTESIAN_POINT('',(-0.000865577441707441,0.00525181030294158,0.02803));
#7708=CARTESIAN_POINT('',(-0.000910337103134791,0.00527905531951451,0.02803));
#7709=CARTESIAN_POINT('',(-0.000957782599962913,0.00530391978491307,0.02803));
#7710=CARTESIAN_POINT('',(-0.000991286052403088,0.00531747296870401,0.02803));
#7711=CARTESIAN_POINT('',(-0.00100820506444308,0.00532431723289287,0.02803));
#7712=CARTESIAN_POINT('',(-7.26614762959967E-9,1.85096030227362E-5,0.02803));
#7713=CARTESIAN_POINT('',(-7.26614762959967E-9,1.85096030227362E-5,0.02803));
#7714=CARTESIAN_POINT('',(0.00129843758977769,0.00408885051211365,0.02803));
#7715=CARTESIAN_POINT('',(0.00128362350041714,0.00408922308719544,0.02803));
#7716=CARTESIAN_POINT('',(0.00125436481991716,0.00408995894446044,0.02803));
#7717=CARTESIAN_POINT('',(0.00121131498462053,0.00409728088478337,0.02803));
#7718=CARTESIAN_POINT('',(0.00116992824569481,0.0041095914021204,0.02803));
#7719=CARTESIAN_POINT('',(0.0011299815125494,0.00412586895864612,0.02803));
#7720=CARTESIAN_POINT('',(0.0010914872299721,0.00414704784460048,0.02803));
#7721=CARTESIAN_POINT('',(0.00105503046861681,0.00417330095856736,0.02803));
#7722=CARTESIAN_POINT('',(0.00102043798109949,0.00420455026531275,0.02803));
#7723=CARTESIAN_POINT('',(0.000986891633997378,0.00423908308747413,0.02803));
#7724=CARTESIAN_POINT('',(0.000957203073710269,0.00427850436165877,0.02803));
#7725=CARTESIAN_POINT('',(0.000930628937933306,0.00432092474803139,0.02803));
#7726=CARTESIAN_POINT('',(0.000908136357723484,0.00436638842138349,0.02803));
#7727=CARTESIAN_POINT('',(0.000890210665377325,0.00441493218293823,0.02803));
#7728=CARTESIAN_POINT('',(0.000875684224052375,0.00446614003799307,0.02803));
#7729=CARTESIAN_POINT('',(0.000866157731422308,0.00452065082380281,0.02803));
#7730=CARTESIAN_POINT('',(0.000859986563981738,0.00457811309145096,0.02803));
#7731=CARTESIAN_POINT('',(0.00085912545228098,0.00461748511094454,0.02803));
#7732=CARTESIAN_POINT('',(0.000858685915670552,0.00463758174182144,0.02803));
#7733=CARTESIAN_POINT('',(0.00129843758977769,0.00408885051211365,0.02803));
#7734=CARTESIAN_POINT('',(0.000858685915670552,0.00463758174182144,0.02803));
#7735=CARTESIAN_POINT('',(0.000858685915670552,0.00463758174182144,0.02803));
#7736=CARTESIAN_POINT('',(0.00085918821436599,0.00465694237172196,0.02803));
#7737=CARTESIAN_POINT('',(0.000860171116509221,0.00469482740864594,0.02803));
#7738=CARTESIAN_POINT('',(0.00086546608229344,0.0047503565864861,0.02803));
#7739=CARTESIAN_POINT('',(0.000875223465366118,0.00480318482435669,0.02803));
#7740=CARTESIAN_POINT('',(0.00088973208073787,0.00485303480887663,0.02803));
#7741=CARTESIAN_POINT('',(0.000907118850508028,0.0049004280359405,0.02803));
#7742=CARTESIAN_POINT('',(0.000928483878327597,0.0049451599404974,0.02803));
#7743=CARTESIAN_POINT('',(0.000954437089267466,0.00498682733555745,0.02803));
#7744=CARTESIAN_POINT('',(0.000983782608490178,0.00502552256705314,0.02803));
#7745=CARTESIAN_POINT('',(0.00101606156969225,0.00506032877350386,0.02803));
#7746=CARTESIAN_POINT('',(0.0010499095958389,0.0050915415278789,0.02803));
#7747=CARTESIAN_POINT('',(0.0010863585937646,0.00511692578214618,0.02803));
#7748=CARTESIAN_POINT('',(0.00112362391374516,0.00513917081329572,0.02803));
#7749=CARTESIAN_POINT('',(0.00116351209921971,0.00515441386941033,0.02803));
#7750=CARTESIAN_POINT('',(0.00120433041660801,0.00516706403820756,0.02803));
#7751=CARTESIAN_POINT('',(0.00124725557234953,0.00517422459544062,0.02803));
#7752=CARTESIAN_POINT('',(0.00127650760092871,0.00517497852634758,0.02803));
#7753=CARTESIAN_POINT('',(0.0012913183223264,0.00517536025237339,0.02803));
#7754=CARTESIAN_POINT('',(0.0012913183223264,0.00517536025237339,0.02803));
#7755=CARTESIAN_POINT('',(0.0012913183223264,0.00517536025237339,0.02803));
#7756=CARTESIAN_POINT('',(0.0013063132663149,0.00517498304746118,0.02803));
#7757=CARTESIAN_POINT('',(0.00133593146062534,0.00517423798776684,0.02803));
#7758=CARTESIAN_POINT('',(0.00137937049562848,0.00516701114604088,0.02803));
#7759=CARTESIAN_POINT('',(0.00142090917981498,0.00515459097527595,0.02803));
#7760=CARTESIAN_POINT('',(0.00146114869573697,0.00513833336979027,0.02803));
#7761=CARTESIAN_POINT('',(0.0014995147036005,0.00511663967432009,0.02803));
#7762=CARTESIAN_POINT('',(0.00153654955846412,0.00509079287004146,0.02803));
#7763=CARTESIAN_POINT('',(0.00157170845457799,0.00505985062380194,0.02803));
#7764=CARTESIAN_POINT('',(0.00160465038838001,0.00502444860363158,0.02803));
#7765=CARTESIAN_POINT('',(0.00163548009432567,0.00498571631078852,0.02803));
#7766=CARTESIAN_POINT('',(0.00166244577429132,0.00494340820285185,0.02803));
#7767=CARTESIAN_POINT('',(0.00168487308588716,0.00489781067713323,0.02803));
#7768=CARTESIAN_POINT('',(0.00170288379398759,0.00484929000445876,0.02803));
#7769=CARTESIAN_POINT('',(0.00171718032673166,0.00479800313214401,0.02803));
#7770=CARTESIAN_POINT('',(0.00172763135641353,0.00474363144999266,0.02803));
#7771=CARTESIAN_POINT('',(0.00173354841979996,0.00468608747263846,0.02803));
#7772=CARTESIAN_POINT('',(0.00173444553452866,0.00464672220645526,0.02803));
#7773=CARTESIAN_POINT('',(0.00173490344813809,0.00462662902266559,0.02803));
#7774=CARTESIAN_POINT('',(0.00173490344813809,0.00462662902266559,0.02803));
#7775=CARTESIAN_POINT('',(0.00173490344813809,0.00462662902266559,0.02803));
#7776=CARTESIAN_POINT('',(0.00173437398242178,0.00460672674578286,0.02803));
#7777=CARTESIAN_POINT('',(0.00173333734983459,0.00456776039132317,0.02803));
#7778=CARTESIAN_POINT('',(0.00172842896086199,0.00451066093752587,0.02803));
#7779=CARTESIAN_POINT('',(0.00171745742520337,0.00445701652486519,0.02803));
#7780=CARTESIAN_POINT('',(0.00170434155639509,0.00440615587467239,0.02803));
#7781=CARTESIAN_POINT('',(0.00168565058351769,0.00435903339540224,0.02803));
#7782=CARTESIAN_POINT('',(0.00166486707505013,0.00431401381375571,0.02803));
#7783=CARTESIAN_POINT('',(0.001637911056893,0.00427318938360575,0.02803));
#7784=CARTESIAN_POINT('',(0.00160874622913334,0.0042346524751404,0.02803));
#7785=CARTESIAN_POINT('',(0.00157606131094041,0.00420070667417506,0.02803));
#7786=CARTESIAN_POINT('',(0.00154181281984412,0.00417055310597279,0.02803));
#7787=CARTESIAN_POINT('',(0.00150568754120147,0.00414525832651276,0.02803));
#7788=CARTESIAN_POINT('',(0.00146753727005454,0.00412492469485579,0.02803));
#7789=CARTESIAN_POINT('',(0.00142773993021394,0.00410876145203335,0.02803));
#7790=CARTESIAN_POINT('',(0.00138616905929269,0.00409752824520554,0.02803));
#7791=CARTESIAN_POINT('',(0.00134289388078629,0.00408986904971564,0.02803));
#7792=CARTESIAN_POINT('',(0.00131344041256122,0.00408919424162402,0.02803));
#7793=CARTESIAN_POINT('',(0.00129843758977769,0.00408885051211365,0.02803));
#7794=CARTESIAN_POINT('',(0.00129843758977769,0.005455749862763,0.02803));
#7795=CARTESIAN_POINT('',(0.00127580448217073,0.0054570348202453,0.02803));
#7796=CARTESIAN_POINT('',(0.00123106366312589,0.005459574906706,0.02803));
#7797=CARTESIAN_POINT('',(0.00116700937206377,0.00548255843979327,0.02803));
#7798=CARTESIAN_POINT('',(0.00110949425348015,0.00552079424737804,0.02803));
#7799=CARTESIAN_POINT('',(0.00105792662066656,0.00557172147186182,0.02803));
#7800=CARTESIAN_POINT('',(0.00101577402636681,0.00563589141917531,0.02803));
#7801=CARTESIAN_POINT('',(0.000984979493114371,0.00571091444084454,0.02803));
#7802=CARTESIAN_POINT('',(0.000966899401566925,0.00579607997508306,0.02803));
#7803=CARTESIAN_POINT('',(0.0009648848638571,0.00585598121531014,0.02803));
#7804=CARTESIAN_POINT('',(0.000963832019566656,0.00588728699750326,0.02803));
#7805=CARTESIAN_POINT('',(0.00129843758977769,0.005455749862763,0.02803));
#7806=CARTESIAN_POINT('',(0.000963832019566656,0.00588728699750326,0.02803));
#7807=CARTESIAN_POINT('',(0.000963832019566656,0.00588728699750326,0.02803));
#7808=CARTESIAN_POINT('',(0.000964817546410639,0.00591552555602018,0.02803));
#7809=CARTESIAN_POINT('',(0.000966722706135835,0.00597011459609811,0.02803));
#7810=CARTESIAN_POINT('',(0.000986289741742835,0.00604793967398761,0.02803));
#7811=CARTESIAN_POINT('',(0.00101612764256379,0.00611896166158879,0.02803));
#7812=CARTESIAN_POINT('',(0.00105923433360392,0.00618042608926971,0.02803));
#7813=CARTESIAN_POINT('',(0.00110970125881911,0.00623178899914723,0.02803));
#7814=CARTESIAN_POINT('',(0.00116675292455314,0.00626978646436414,0.02803));
#7815=CARTESIAN_POINT('',(0.00122934837328408,0.00629313670905665,0.02803));
#7816=CARTESIAN_POINT('',(0.00127305161526795,0.00629564850933298,0.02803));
#7817=CARTESIAN_POINT('',(0.00129515177403094,0.00629691869393183,0.02803));
#7818=CARTESIAN_POINT('',(0.00129515177403094,0.00629691869393183,0.02803));
#7819=CARTESIAN_POINT('',(0.00129515177403094,0.00629691869393183,0.02803));
#7820=CARTESIAN_POINT('',(0.00131726616839623,0.00629547187970984,0.02803));
#7821=CARTESIAN_POINT('',(0.00136104029878544,0.00629260799687607,0.02803));
#7822=CARTESIAN_POINT('',(0.0014236824083673,0.00626850569834036,0.02803));
#7823=CARTESIAN_POINT('',(0.0014813237824084,0.00623014880788136,0.02803));
#7824=CARTESIAN_POINT('',(0.00153248497569592,0.00617736249179223,0.02803));
#7825=CARTESIAN_POINT('',(0.00157639560754255,0.00611387101872558,0.02803));
#7826=CARTESIAN_POINT('',(0.00160793482189309,0.00603980467293859,0.02803));
#7827=CARTESIAN_POINT('',(0.00162674988919628,0.0059572275873705,0.02803));
#7828=CARTESIAN_POINT('',(0.00162873083932458,0.00589925547406887,0.02803));
#7829=CARTESIAN_POINT('',(0.00162975734424198,0.00586921501089611,0.02803));
#7830=CARTESIAN_POINT('',(0.00162975734424198,0.00586921501089611,0.02803));
#7831=CARTESIAN_POINT('',(0.00162975734424198,0.00586921501089611,0.02803));
#7832=CARTESIAN_POINT('',(0.00162868931669218,0.00584009241297842,0.02803));
#7833=CARTESIAN_POINT('',(0.00162663131095473,0.00578397543957724,0.02803));
#7834=CARTESIAN_POINT('',(0.00160836597300366,0.00570375157435121,0.02803));
#7835=CARTESIAN_POINT('',(0.00157746049782374,0.00563209014622398,0.02803));
#7836=CARTESIAN_POINT('',(0.00153528221689552,0.00557016099198736,0.02803));
#7837=CARTESIAN_POINT('',(0.00148488440909548,0.00551950767271674,0.02803));
#7838=CARTESIAN_POINT('',(0.00142747736755677,0.00548289986077924,0.02803));
#7839=CARTESIAN_POINT('',(0.00136479792223665,0.00545949154023479,0.02803));
#7840=CARTESIAN_POINT('',(0.00132072667743687,0.00545700661621903,0.02803));
#7841=CARTESIAN_POINT('',(0.00129843758977769,0.005455749862763,0.02803));
#7842=CARTESIAN_POINT('',(-7.26614762959967E-9,1.85096030227362E-5,0.02803));
#7843=CARTESIAN_POINT('',(-0.0012951663063262,0.00408885051211365,0.02803));
#7844=CARTESIAN_POINT('',(-0.00130998039568675,0.00408922308719544,0.02803));
#7845=CARTESIAN_POINT('',(-0.00133923907618674,0.00408995894446044,0.02803));
#7846=CARTESIAN_POINT('',(-0.00138228891148337,0.00409728088478337,0.02803));
#7847=CARTESIAN_POINT('',(-0.00142367565040909,0.0041095914021204,0.02803));
#7848=CARTESIAN_POINT('',(-0.00146362238355449,0.00412586895864612,0.02803));
#7849=CARTESIAN_POINT('',(-0.0015021166661318,0.00414704784460048,0.02803));
#7850=CARTESIAN_POINT('',(-0.00153857342748708,0.00417330095856736,0.02803));
#7851=CARTESIAN_POINT('',(-0.0015731659150044,0.00420455026531275,0.02803));
#7852=CARTESIAN_POINT('',(-0.00160671226210652,0.00423908308747413,0.02803));
#7853=CARTESIAN_POINT('',(-0.00163640082239363,0.00427850436165877,0.02803));
#7854=CARTESIAN_POINT('',(-0.00166297495817059,0.00432092474803139,0.02803));
#7855=CARTESIAN_POINT('',(-0.00168546753838041,0.00436638842138349,0.02803));
#7856=CARTESIAN_POINT('',(-0.00170339323072657,0.00441493218293823,0.02803));
#7857=CARTESIAN_POINT('',(-0.00171791967205152,0.00446614003799307,0.02803));
#7858=CARTESIAN_POINT('',(-0.00172744616468159,0.00452065082380281,0.02803));
#7859=CARTESIAN_POINT('',(-0.00173361733212216,0.00457811309145096,0.02803));
#7860=CARTESIAN_POINT('',(-0.00173447844382292,0.00461748511094454,0.02803));
#7861=CARTESIAN_POINT('',(-0.00173491798043335,0.00463758174182144,0.02803));
#7862=CARTESIAN_POINT('',(-0.0012951663063262,0.00408885051211365,0.02803));
#7863=CARTESIAN_POINT('',(-0.00173491798043335,0.00463758174182144,0.02803));
#7864=CARTESIAN_POINT('',(-0.00173491798043335,0.00463758174182144,0.02803));
#7865=CARTESIAN_POINT('',(-0.00173441568173791,0.00465694237172196,0.02803));
#7866=CARTESIAN_POINT('',(-0.00173343277959467,0.00469482740864594,0.02803));
#7867=CARTESIAN_POINT('',(-0.00172813781381046,0.0047503565864861,0.02803));
#7868=CARTESIAN_POINT('',(-0.00171838043073778,0.00480318482435669,0.02803));
#7869=CARTESIAN_POINT('',(-0.00170387181536602,0.00485303480887663,0.02803));
#7870=CARTESIAN_POINT('',(-0.00168648504559586,0.0049004280359405,0.02803));
#7871=CARTESIAN_POINT('',(-0.0016651200177763,0.0049451599404974,0.02803));
#7872=CARTESIAN_POINT('',(-0.00163916680683643,0.00498682733555746,0.02803));
#7873=CARTESIAN_POINT('',(-0.00160982128761371,0.00502552256705314,0.02803));
#7874=CARTESIAN_POINT('',(-0.00157754232641165,0.00506032877350386,0.02803));
#7875=CARTESIAN_POINT('',(-0.001543694300265,0.0050915415278789,0.02803));
#7876=CARTESIAN_POINT('',(-0.0015072453023393,0.00511692578214618,0.02803));
#7877=CARTESIAN_POINT('',(-0.00146997998235874,0.00513917081329572,0.02803));
#7878=CARTESIAN_POINT('',(-0.00143009179688419,0.00515441386941033,0.02803));
#7879=CARTESIAN_POINT('',(-0.00138927347949588,0.00516706403820756,0.02803));
#7880=CARTESIAN_POINT('',(-0.00134634832375437,0.00517422459544061,0.02803));
#7881=CARTESIAN_POINT('',(-0.00131709629517519,0.00517497852634758,0.02803));
#7882=CARTESIAN_POINT('',(-0.0013022855737775,0.00517536025237339,0.02803));
#7883=CARTESIAN_POINT('',(-0.0013022855737775,0.00517536025237339,0.02803));
#7884=CARTESIAN_POINT('',(-0.0013022855737775,0.00517536025237339,0.02803));
#7885=CARTESIAN_POINT('',(-0.00128729062978899,0.00517498304746118,0.02803));
#7886=CARTESIAN_POINT('',(-0.00125767243547855,0.00517423798776684,0.02803));
#7887=CARTESIAN_POINT('',(-0.00121423340047542,0.00516701114604088,0.02803));
#7888=CARTESIAN_POINT('',(-0.00117269471628891,0.00515459097527595,0.02803));
#7889=CARTESIAN_POINT('',(-0.00113245520036692,0.00513833336979027,0.02803));
#7890=CARTESIAN_POINT('',(-0.0010940891925034,0.00511663967432009,0.02803));
#7891=CARTESIAN_POINT('',(-0.00105705433763978,0.00509079287004146,0.02803));
#7892=CARTESIAN_POINT('',(-0.0010218954415259,0.00505985062380194,0.02803));
#7893=CARTESIAN_POINT('',(-0.000988953507723883,0.00502444860363158,0.02803));
#7894=CARTESIAN_POINT('',(-0.000958123801778228,0.00498571631078851,0.02803));
#7895=CARTESIAN_POINT('',(-0.000931158121812577,0.00494340820285185,0.02803));
#7896=CARTESIAN_POINT('',(-0.000908730810216737,0.00489781067713323,0.02803));
#7897=CARTESIAN_POINT('',(-0.000890720102116301,0.00484929000445876,0.02803));
#7898=CARTESIAN_POINT('',(-0.000876423569372229,0.00479800313214401,0.02803));
#7899=CARTESIAN_POINT('',(-0.000865972539690367,0.00474363144999266,0.02803));
#7900=CARTESIAN_POINT('',(-0.000860055476303935,0.00468608747263846,0.02803));
#7901=CARTESIAN_POINT('',(-0.00085915836157524,0.00464672220645526,0.02803));
#7902=CARTESIAN_POINT('',(-0.000858700447965811,0.00462662902266559,0.02803));
#7903=CARTESIAN_POINT('',(-0.000858700447965811,0.00462662902266559,0.02803));
#7904=CARTESIAN_POINT('',(-0.000858700447965811,0.00462662902266559,0.02803));
#7905=CARTESIAN_POINT('',(-0.000859229913682117,0.00460672674578286,0.02803));
#7906=CARTESIAN_POINT('',(-0.000860266546269305,0.00456776039132317,0.02803));
#7907=CARTESIAN_POINT('',(-0.000865174935241906,0.00451066093752587,0.02803));
#7908=CARTESIAN_POINT('',(-0.000876146470900531,0.00445701652486519,0.02803));
#7909=CARTESIAN_POINT('',(-0.000889262339708805,0.00440615587467239,0.02803));
#7910=CARTESIAN_POINT('',(-0.000907953312586203,0.00435903339540224,0.02803));
#7911=CARTESIAN_POINT('',(-0.000928736821053762,0.00431401381375571,0.02803));
#7912=CARTESIAN_POINT('',(-0.000955692839210901,0.00427318938360575,0.02803));
#7913=CARTESIAN_POINT('',(-0.00098485766697056,0.0042346524751404,0.02803));
#7914=CARTESIAN_POINT('',(-0.00101754258516348,0.00420070667417506,0.02803));
#7915=CARTESIAN_POINT('',(-0.00105179107625977,0.00417055310597279,0.02803));
#7916=CARTESIAN_POINT('',(-0.00108791635490242,0.00414525832651276,0.02803));
#7917=CARTESIAN_POINT('',(-0.00112606662604935,0.00412492469485579,0.02803));
#7918=CARTESIAN_POINT('',(-0.00116586396588995,0.00410876145203335,0.02803));
#7919=CARTESIAN_POINT('',(-0.0012074348368112,0.00409752824520554,0.02803));
#7920=CARTESIAN_POINT('',(-0.00125071001531761,0.00408986904971564,0.02803));
#7921=CARTESIAN_POINT('',(-0.00128016348354268,0.00408919424162402,0.02803));
#7922=CARTESIAN_POINT('',(-0.0012951663063262,0.00408885051211365,0.02803));
#7923=CARTESIAN_POINT('',(-0.0012951663063262,0.005455749862763,0.02803));
#7924=CARTESIAN_POINT('',(-0.00131779941393316,0.0054570348202453,0.02803));
#7925=CARTESIAN_POINT('',(-0.001362540232978,0.005459574906706,0.02803));
#7926=CARTESIAN_POINT('',(-0.00142659452404013,0.00548255843979327,0.02803));
#7927=CARTESIAN_POINT('',(-0.00148410964262374,0.00552079424737804,0.02803));
#7928=CARTESIAN_POINT('',(-0.00153567727543734,0.00557172147186182,0.02803));
#7929=CARTESIAN_POINT('',(-0.00157782986973709,0.00563589141917531,0.02803));
#7930=CARTESIAN_POINT('',(-0.00160862440298953,0.00571091444084455,0.02803));
#7931=CARTESIAN_POINT('',(-0.00162670449453697,0.00579607997508306,0.02803));
#7932=CARTESIAN_POINT('',(-0.00162871903224679,0.00585598121531014,0.02803));
#7933=CARTESIAN_POINT('',(-0.00162977187653724,0.00588728699750326,0.02803));
#7934=CARTESIAN_POINT('',(-0.0012951663063262,0.005455749862763,0.02803));
#7935=CARTESIAN_POINT('',(-0.00162977187653724,0.00588728699750326,0.02803));
#7936=CARTESIAN_POINT('',(-0.00162977187653724,0.00588728699750326,0.02803));
#7937=CARTESIAN_POINT('',(-0.00162878634969325,0.00591552555602018,0.02803));
#7938=CARTESIAN_POINT('',(-0.00162688118996806,0.00597011459609812,0.02803));
#7939=CARTESIAN_POINT('',(-0.00160731415436106,0.00604793967398761,0.02803));
#7940=CARTESIAN_POINT('',(-0.00157747625354011,0.00611896166158879,0.02803));
#7941=CARTESIAN_POINT('',(-0.00153436956249998,0.00618042608926971,0.02803));
#7942=CARTESIAN_POINT('',(-0.00148390263728479,0.00623178899914723,0.02803));
#7943=CARTESIAN_POINT('',(-0.00142685097155076,0.00626978646436413,0.02803));
#7944=CARTESIAN_POINT('',(-0.00136425552281982,0.00629313670905665,0.02803));
#7945=CARTESIAN_POINT('',(-0.00132055228083594,0.00629564850933298,0.02803));
#7946=CARTESIAN_POINT('',(-0.00129845212207295,0.00629691869393183,0.02803));
#7947=CARTESIAN_POINT('',(-0.00129845212207295,0.00629691869393183,0.02803));
#7948=CARTESIAN_POINT('',(-0.00129845212207295,0.00629691869393183,0.02803));
#7949=CARTESIAN_POINT('',(-0.00127633772770767,0.00629547187970984,0.02803));
#7950=CARTESIAN_POINT('',(-0.00123256359731846,0.00629260799687607,0.02803));
#7951=CARTESIAN_POINT('',(-0.00116992148773659,0.00626850569834036,0.02803));
#7952=CARTESIAN_POINT('',(-0.0011122801136955,0.00623014880788136,0.02803));
#7953=CARTESIAN_POINT('',(-0.00106111892040798,0.00617736249179223,0.02803));
#7954=CARTESIAN_POINT('',(-0.00101720828856134,0.00611387101872558,0.02803));
#7955=CARTESIAN_POINT('',(-0.000985669074210806,0.00603980467293859,0.02803));
#7956=CARTESIAN_POINT('',(-0.000966854006907619,0.0059572275873705,0.02803));
#7957=CARTESIAN_POINT('',(-0.000964873056779317,0.00589925547406887,0.02803));
#7958=CARTESIAN_POINT('',(-0.000963846551861914,0.00586921501089611,0.02803));
#7959=CARTESIAN_POINT('',(-0.000963846551861914,0.00586921501089611,0.02803));
#7960=CARTESIAN_POINT('',(-0.000963846551861914,0.00586921501089611,0.02803));
#7961=CARTESIAN_POINT('',(-0.000964914579411717,0.00584009241297842,0.02803));
#7962=CARTESIAN_POINT('',(-0.000966972585149165,0.00578397543957724,0.02803));
#7963=CARTESIAN_POINT('',(-0.000985237923100235,0.00570375157435121,0.02803));
#7964=CARTESIAN_POINT('',(-0.00101614339828015,0.00563209014622398,0.02803));
#7965=CARTESIAN_POINT('',(-0.00105832167920837,0.00557016099198736,0.02803));
#7966=CARTESIAN_POINT('',(-0.00110871948700841,0.00551950767271674,0.02803));
#7967=CARTESIAN_POINT('',(-0.00116612652854712,0.00548289986077924,0.02803));
#7968=CARTESIAN_POINT('',(-0.00122880597386725,0.00545949154023479,0.02803));
#7969=CARTESIAN_POINT('',(-0.00127287721866703,0.00545700661621903,0.02803));
#7970=CARTESIAN_POINT('',(-0.0012951663063262,0.005455749862763,0.02803));
#7971=CARTESIAN_POINT('',(0.000963832019566656,0.00588728699750326,0.02803));
#7972=CARTESIAN_POINT('',(0.000963832019566656,0.00588728699750326,0.0282));
#7973=CARTESIAN_POINT('',(0.0009648848638571,0.00585598121531014,0.02803));
#7974=CARTESIAN_POINT('',(0.0009648848638571,0.00585598121531014,0.0282));
#7975=CARTESIAN_POINT('',(0.000966899401566925,0.00579607997508306,0.02803));
#7976=CARTESIAN_POINT('',(0.000966899401566925,0.00579607997508306,0.0282));
#7977=CARTESIAN_POINT('',(0.000984979493114371,0.00571091444084454,0.02803));
#7978=CARTESIAN_POINT('',(0.000984979493114371,0.00571091444084454,0.0282));
#7979=CARTESIAN_POINT('',(0.00101577402636681,0.00563589141917531,0.02803));
#7980=CARTESIAN_POINT('',(0.00101577402636681,0.00563589141917531,0.0282));
#7981=CARTESIAN_POINT('',(0.00105792662066656,0.00557172147186182,0.02803));
#7982=CARTESIAN_POINT('',(0.00105792662066656,0.00557172147186182,0.0282));
#7983=CARTESIAN_POINT('',(0.00110949425348015,0.00552079424737804,0.02803));
#7984=CARTESIAN_POINT('',(0.00110949425348015,0.00552079424737804,0.0282));
#7985=CARTESIAN_POINT('',(0.00116700937206377,0.00548255843979327,0.02803));
#7986=CARTESIAN_POINT('',(0.00116700937206377,0.00548255843979327,0.0282));
#7987=CARTESIAN_POINT('',(0.00123106366312589,0.005459574906706,0.02803));
#7988=CARTESIAN_POINT('',(0.00123106366312589,0.005459574906706,0.0282));
#7989=CARTESIAN_POINT('',(0.00127580448217073,0.0054570348202453,0.02803));
#7990=CARTESIAN_POINT('',(0.00127580448217073,0.0054570348202453,0.0282));
#7991=CARTESIAN_POINT('',(0.00129843758977769,0.005455749862763,0.02803));
#7992=CARTESIAN_POINT('',(0.00129843758977769,0.005455749862763,0.0282));
#7993=CARTESIAN_POINT('',(0.000963832019566656,0.00588728699750326,0.0247404686878135));
#7994=CARTESIAN_POINT('',(0.000963832019566656,0.00588728699750326,0.0282));
#7995=CARTESIAN_POINT('',(0.00129843758977769,0.005455749862763,0.0247404686878135));
#7996=CARTESIAN_POINT('',(0.00129843758977769,0.005455749862763,0.0282));
#7997=CARTESIAN_POINT('',(0.000963832019566656,0.00588728699750326,0.0282));
#7998=CARTESIAN_POINT('',(0.0009648848638571,0.00585598121531014,0.0282));
#7999=CARTESIAN_POINT('',(0.000966899401566925,0.00579607997508306,0.0282));
#8000=CARTESIAN_POINT('',(0.000984979493114371,0.00571091444084454,0.0282));
#8001=CARTESIAN_POINT('',(0.00101577402636681,0.00563589141917531,0.0282));
#8002=CARTESIAN_POINT('',(0.00105792662066656,0.00557172147186182,0.0282));
#8003=CARTESIAN_POINT('',(0.00110949425348015,0.00552079424737804,0.0282));
#8004=CARTESIAN_POINT('',(0.00116700937206377,0.00548255843979327,0.0282));
#8005=CARTESIAN_POINT('',(0.00123106366312589,0.005459574906706,0.0282));
#8006=CARTESIAN_POINT('',(0.00127580448217073,0.0054570348202453,0.0282));
#8007=CARTESIAN_POINT('',(0.00129843758977769,0.005455749862763,0.0282));
#8008=CARTESIAN_POINT('',(0.00129515177403094,0.00629691869393183,0.02803));
#8009=CARTESIAN_POINT('',(0.00129515177403094,0.00629691869393183,0.0282));
#8010=CARTESIAN_POINT('',(0.00127305161526795,0.00629564850933298,0.02803));
#8011=CARTESIAN_POINT('',(0.00127305161526795,0.00629564850933298,0.0282));
#8012=CARTESIAN_POINT('',(0.00122934837328408,0.00629313670905665,0.02803));
#8013=CARTESIAN_POINT('',(0.00122934837328408,0.00629313670905665,0.0282));
#8014=CARTESIAN_POINT('',(0.00116675292455314,0.00626978646436414,0.02803));
#8015=CARTESIAN_POINT('',(0.00116675292455314,0.00626978646436414,0.0282));
#8016=CARTESIAN_POINT('',(0.00110970125881911,0.00623178899914723,0.02803));
#8017=CARTESIAN_POINT('',(0.00110970125881911,0.00623178899914723,0.0282));
#8018=CARTESIAN_POINT('',(0.00105923433360392,0.00618042608926971,0.02803));
#8019=CARTESIAN_POINT('',(0.00105923433360392,0.00618042608926971,0.0282));
#8020=CARTESIAN_POINT('',(0.00101612764256379,0.00611896166158879,0.02803));
#8021=CARTESIAN_POINT('',(0.00101612764256379,0.00611896166158879,0.0282));
#8022=CARTESIAN_POINT('',(0.000986289741742835,0.00604793967398761,0.02803));
#8023=CARTESIAN_POINT('',(0.000986289741742835,0.00604793967398761,0.0282));
#8024=CARTESIAN_POINT('',(0.000966722706135835,0.00597011459609811,0.02803));
#8025=CARTESIAN_POINT('',(0.000966722706135835,0.00597011459609811,0.0282));
#8026=CARTESIAN_POINT('',(0.000964817546410639,0.00591552555602018,0.02803));
#8027=CARTESIAN_POINT('',(0.000964817546410639,0.00591552555602018,0.0282));
#8028=CARTESIAN_POINT('',(0.000963832019566656,0.00588728699750326,0.02803));
#8029=CARTESIAN_POINT('',(0.000963832019566656,0.00588728699750326,0.0282));
#8030=CARTESIAN_POINT('',(0.00129515177403094,0.00629691869393183,0.0247404686878135));
#8031=CARTESIAN_POINT('',(0.00129515177403094,0.00629691869393183,0.0282));
#8032=CARTESIAN_POINT('',(0.00129515177403094,0.00629691869393183,0.0282));
#8033=CARTESIAN_POINT('',(0.00127305161526795,0.00629564850933298,0.0282));
#8034=CARTESIAN_POINT('',(0.00122934837328408,0.00629313670905665,0.0282));
#8035=CARTESIAN_POINT('',(0.00116675292455314,0.00626978646436414,0.0282));
#8036=CARTESIAN_POINT('',(0.00110970125881911,0.00623178899914723,0.0282));
#8037=CARTESIAN_POINT('',(0.00105923433360392,0.00618042608926971,0.0282));
#8038=CARTESIAN_POINT('',(0.00101612764256379,0.00611896166158879,0.0282));
#8039=CARTESIAN_POINT('',(0.000986289741742835,0.00604793967398761,0.0282));
#8040=CARTESIAN_POINT('',(0.000966722706135835,0.00597011459609811,0.0282));
#8041=CARTESIAN_POINT('',(0.000964817546410639,0.00591552555602018,0.0282));
#8042=CARTESIAN_POINT('',(0.000963832019566656,0.00588728699750326,0.0282));
#8043=CARTESIAN_POINT('',(0.00162975734424198,0.00586921501089611,0.02803));
#8044=CARTESIAN_POINT('',(0.00162975734424198,0.00586921501089611,0.0282));
#8045=CARTESIAN_POINT('',(0.00162873083932458,0.00589925547406887,0.02803));
#8046=CARTESIAN_POINT('',(0.00162873083932458,0.00589925547406887,0.0282));
#8047=CARTESIAN_POINT('',(0.00162674988919628,0.0059572275873705,0.02803));
#8048=CARTESIAN_POINT('',(0.00162674988919628,0.0059572275873705,0.0282));
#8049=CARTESIAN_POINT('',(0.00160793482189309,0.00603980467293859,0.02803));
#8050=CARTESIAN_POINT('',(0.00160793482189309,0.00603980467293859,0.0282));
#8051=CARTESIAN_POINT('',(0.00157639560754255,0.00611387101872558,0.02803));
#8052=CARTESIAN_POINT('',(0.00157639560754255,0.00611387101872558,0.0282));
#8053=CARTESIAN_POINT('',(0.00153248497569592,0.00617736249179223,0.02803));
#8054=CARTESIAN_POINT('',(0.00153248497569592,0.00617736249179223,0.0282));
#8055=CARTESIAN_POINT('',(0.0014813237824084,0.00623014880788136,0.02803));
#8056=CARTESIAN_POINT('',(0.0014813237824084,0.00623014880788136,0.0282));
#8057=CARTESIAN_POINT('',(0.0014236824083673,0.00626850569834036,0.02803));
#8058=CARTESIAN_POINT('',(0.0014236824083673,0.00626850569834036,0.0282));
#8059=CARTESIAN_POINT('',(0.00136104029878544,0.00629260799687607,0.02803));
#8060=CARTESIAN_POINT('',(0.00136104029878544,0.00629260799687607,0.0282));
#8061=CARTESIAN_POINT('',(0.00131726616839623,0.00629547187970984,0.02803));
#8062=CARTESIAN_POINT('',(0.00131726616839623,0.00629547187970984,0.0282));
#8063=CARTESIAN_POINT('',(0.00129515177403094,0.00629691869393183,0.02803));
#8064=CARTESIAN_POINT('',(0.00129515177403094,0.00629691869393183,0.0282));
#8065=CARTESIAN_POINT('',(0.00162975734424198,0.00586921501089611,0.0247404686878135));
#8066=CARTESIAN_POINT('',(0.00162975734424198,0.00586921501089611,0.0282));
#8067=CARTESIAN_POINT('',(0.00162975734424198,0.00586921501089611,0.0282));
#8068=CARTESIAN_POINT('',(0.00162873083932458,0.00589925547406887,0.0282));
#8069=CARTESIAN_POINT('',(0.00162674988919628,0.0059572275873705,0.0282));
#8070=CARTESIAN_POINT('',(0.00160793482189309,0.00603980467293859,0.0282));
#8071=CARTESIAN_POINT('',(0.00157639560754255,0.00611387101872558,0.0282));
#8072=CARTESIAN_POINT('',(0.00153248497569592,0.00617736249179223,0.0282));
#8073=CARTESIAN_POINT('',(0.0014813237824084,0.00623014880788136,0.0282));
#8074=CARTESIAN_POINT('',(0.0014236824083673,0.00626850569834036,0.0282));
#8075=CARTESIAN_POINT('',(0.00136104029878544,0.00629260799687607,0.0282));
#8076=CARTESIAN_POINT('',(0.00131726616839623,0.00629547187970984,0.0282));
#8077=CARTESIAN_POINT('',(0.00129515177403094,0.00629691869393183,0.0282));
#8078=CARTESIAN_POINT('',(0.00129843758977769,0.005455749862763,0.02803));
#8079=CARTESIAN_POINT('',(0.00129843758977769,0.005455749862763,0.0282));
#8080=CARTESIAN_POINT('',(0.00132072667743687,0.00545700661621903,0.02803));
#8081=CARTESIAN_POINT('',(0.00132072667743687,0.00545700661621903,0.0282));
#8082=CARTESIAN_POINT('',(0.00136479792223665,0.00545949154023479,0.02803));
#8083=CARTESIAN_POINT('',(0.00136479792223665,0.00545949154023479,0.0282));
#8084=CARTESIAN_POINT('',(0.00142747736755677,0.00548289986077924,0.02803));
#8085=CARTESIAN_POINT('',(0.00142747736755677,0.00548289986077924,0.0282));
#8086=CARTESIAN_POINT('',(0.00148488440909548,0.00551950767271674,0.02803));
#8087=CARTESIAN_POINT('',(0.00148488440909548,0.00551950767271674,0.0282));
#8088=CARTESIAN_POINT('',(0.00153528221689552,0.00557016099198736,0.02803));
#8089=CARTESIAN_POINT('',(0.00153528221689552,0.00557016099198736,0.0282));
#8090=CARTESIAN_POINT('',(0.00157746049782374,0.00563209014622398,0.02803));
#8091=CARTESIAN_POINT('',(0.00157746049782374,0.00563209014622398,0.0282));
#8092=CARTESIAN_POINT('',(0.00160836597300366,0.00570375157435121,0.02803));
#8093=CARTESIAN_POINT('',(0.00160836597300366,0.00570375157435121,0.0282));
#8094=CARTESIAN_POINT('',(0.00162663131095473,0.00578397543957724,0.02803));
#8095=CARTESIAN_POINT('',(0.00162663131095473,0.00578397543957724,0.0282));
#8096=CARTESIAN_POINT('',(0.00162868931669218,0.00584009241297842,0.02803));
#8097=CARTESIAN_POINT('',(0.00162868931669218,0.00584009241297842,0.0282));
#8098=CARTESIAN_POINT('',(0.00162975734424198,0.00586921501089611,0.02803));
#8099=CARTESIAN_POINT('',(0.00162975734424198,0.00586921501089611,0.0282));
#8100=CARTESIAN_POINT('',(0.00129843758977769,0.005455749862763,0.0282));
#8101=CARTESIAN_POINT('',(0.00132072667743687,0.00545700661621903,0.0282));
#8102=CARTESIAN_POINT('',(0.00136479792223665,0.00545949154023479,0.0282));
#8103=CARTESIAN_POINT('',(0.00142747736755677,0.00548289986077924,0.0282));
#8104=CARTESIAN_POINT('',(0.00148488440909548,0.00551950767271674,0.0282));
#8105=CARTESIAN_POINT('',(0.00153528221689552,0.00557016099198736,0.0282));
#8106=CARTESIAN_POINT('',(0.00157746049782374,0.00563209014622398,0.0282));
#8107=CARTESIAN_POINT('',(0.00160836597300366,0.00570375157435121,0.0282));
#8108=CARTESIAN_POINT('',(0.00162663131095473,0.00578397543957724,0.0282));
#8109=CARTESIAN_POINT('',(0.00162868931669218,0.00584009241297842,0.0282));
#8110=CARTESIAN_POINT('',(0.00162975734424198,0.00586921501089611,0.0282));
#8111=CARTESIAN_POINT('',(0.000858685915670552,0.00463758174182144,0.02803));
#8112=CARTESIAN_POINT('',(0.000858685915670552,0.00463758174182144,0.0282));
#8113=CARTESIAN_POINT('',(0.00085912545228098,0.00461748511094454,0.02803));
#8114=CARTESIAN_POINT('',(0.00085912545228098,0.00461748511094454,0.0282));
#8115=CARTESIAN_POINT('',(0.000859986563981738,0.00457811309145096,0.02803));
#8116=CARTESIAN_POINT('',(0.000859986563981738,0.00457811309145096,0.0282));
#8117=CARTESIAN_POINT('',(0.000866157731422308,0.00452065082380281,0.02803));
#8118=CARTESIAN_POINT('',(0.000866157731422308,0.00452065082380281,0.0282));
#8119=CARTESIAN_POINT('',(0.000875684224052375,0.00446614003799307,0.02803));
#8120=CARTESIAN_POINT('',(0.000875684224052375,0.00446614003799307,0.0282));
#8121=CARTESIAN_POINT('',(0.000890210665377325,0.00441493218293823,0.02803));
#8122=CARTESIAN_POINT('',(0.000890210665377325,0.00441493218293823,0.0282));
#8123=CARTESIAN_POINT('',(0.000908136357723484,0.0043663884213835,0.02803));
#8124=CARTESIAN_POINT('',(0.000908136357723484,0.00436638842138349,0.0282));
#8125=CARTESIAN_POINT('',(0.000930628937933306,0.00432092474803139,0.02803));
#8126=CARTESIAN_POINT('',(0.000930628937933306,0.00432092474803139,0.0282));
#8127=CARTESIAN_POINT('',(0.000957203073710269,0.00427850436165877,0.02803));
#8128=CARTESIAN_POINT('',(0.000957203073710269,0.00427850436165876,0.0282));
#8129=CARTESIAN_POINT('',(0.000986891633997378,0.00423908308747413,0.02803));
#8130=CARTESIAN_POINT('',(0.000986891633997378,0.00423908308747413,0.0282));
#8131=CARTESIAN_POINT('',(0.00102043798109949,0.00420455026531276,0.02803));
#8132=CARTESIAN_POINT('',(0.00102043798109949,0.00420455026531275,0.0282));
#8133=CARTESIAN_POINT('',(0.00105503046861681,0.00417330095856737,0.02803));
#8134=CARTESIAN_POINT('',(0.00105503046861681,0.00417330095856736,0.0282));
#8135=CARTESIAN_POINT('',(0.0010914872299721,0.00414704784460048,0.02803));
#8136=CARTESIAN_POINT('',(0.0010914872299721,0.00414704784460047,0.0282));
#8137=CARTESIAN_POINT('',(0.0011299815125494,0.00412586895864613,0.02803));
#8138=CARTESIAN_POINT('',(0.0011299815125494,0.00412586895864612,0.0282));
#8139=CARTESIAN_POINT('',(0.00116992824569481,0.0041095914021204,0.02803));
#8140=CARTESIAN_POINT('',(0.00116992824569481,0.00410959140212039,0.0282));
#8141=CARTESIAN_POINT('',(0.00121131498462053,0.00409728088478337,0.02803));
#8142=CARTESIAN_POINT('',(0.00121131498462053,0.00409728088478337,0.0282));
#8143=CARTESIAN_POINT('',(0.00125436481991716,0.00408995894446044,0.02803));
#8144=CARTESIAN_POINT('',(0.00125436481991716,0.00408995894446044,0.0282));
#8145=CARTESIAN_POINT('',(0.00128362350041714,0.00408922308719544,0.02803));
#8146=CARTESIAN_POINT('',(0.00128362350041714,0.00408922308719543,0.0282));
#8147=CARTESIAN_POINT('',(0.00129843758977769,0.00408885051211365,0.02803));
#8148=CARTESIAN_POINT('',(0.00129843758977769,0.00408885051211364,0.0282));
#8149=CARTESIAN_POINT('',(0.000858685915670552,0.00463758174182144,0.0247404686878135));
#8150=CARTESIAN_POINT('',(0.000858685915670552,0.00463758174182144,0.0282));
#8151=CARTESIAN_POINT('',(0.00129843758977769,0.00408885051211365,0.0247404686878135));
#8152=CARTESIAN_POINT('',(0.00129843758977769,0.00408885051211365,0.0282));
#8153=CARTESIAN_POINT('',(0.000858685915670552,0.00463758174182144,0.0282));
#8154=CARTESIAN_POINT('',(0.00085912545228098,0.00461748511094454,0.0282));
#8155=CARTESIAN_POINT('',(0.000859986563981738,0.00457811309145096,0.0282));
#8156=CARTESIAN_POINT('',(0.000866157731422308,0.00452065082380281,0.0282));
#8157=CARTESIAN_POINT('',(0.000875684224052375,0.00446614003799307,0.0282));
#8158=CARTESIAN_POINT('',(0.000890210665377325,0.00441493218293823,0.0282));
#8159=CARTESIAN_POINT('',(0.000908136357723484,0.00436638842138349,0.0282));
#8160=CARTESIAN_POINT('',(0.000930628937933306,0.00432092474803139,0.0282));
#8161=CARTESIAN_POINT('',(0.000957203073710269,0.00427850436165877,0.0282));
#8162=CARTESIAN_POINT('',(0.000986891633997378,0.00423908308747413,0.0282));
#8163=CARTESIAN_POINT('',(0.00102043798109949,0.00420455026531275,0.0282));
#8164=CARTESIAN_POINT('',(0.00105503046861681,0.00417330095856736,0.0282));
#8165=CARTESIAN_POINT('',(0.0010914872299721,0.00414704784460048,0.0282));
#8166=CARTESIAN_POINT('',(0.0011299815125494,0.00412586895864612,0.0282));
#8167=CARTESIAN_POINT('',(0.00116992824569481,0.0041095914021204,0.0282));
#8168=CARTESIAN_POINT('',(0.00121131498462053,0.00409728088478337,0.0282));
#8169=CARTESIAN_POINT('',(0.00125436481991716,0.00408995894446044,0.0282));
#8170=CARTESIAN_POINT('',(0.00128362350041714,0.00408922308719544,0.0282));
#8171=CARTESIAN_POINT('',(0.00129843758977769,0.00408885051211365,0.0282));
#8172=CARTESIAN_POINT('',(0.0012913183223264,0.00517536025237339,0.02803));
#8173=CARTESIAN_POINT('',(0.0012913183223264,0.00517536025237339,0.0282));
#8174=CARTESIAN_POINT('',(0.00127650760092871,0.00517497852634758,0.02803));
#8175=CARTESIAN_POINT('',(0.00127650760092871,0.00517497852634758,0.0282));
#8176=CARTESIAN_POINT('',(0.00124725557234953,0.00517422459544062,0.02803));
#8177=CARTESIAN_POINT('',(0.00124725557234953,0.00517422459544062,0.0282));
#8178=CARTESIAN_POINT('',(0.00120433041660801,0.00516706403820756,0.02803));
#8179=CARTESIAN_POINT('',(0.00120433041660801,0.00516706403820756,0.0282));
#8180=CARTESIAN_POINT('',(0.00116351209921971,0.00515441386941033,0.02803));
#8181=CARTESIAN_POINT('',(0.00116351209921971,0.00515441386941033,0.0282));
#8182=CARTESIAN_POINT('',(0.00112362391374516,0.00513917081329572,0.02803));
#8183=CARTESIAN_POINT('',(0.00112362391374516,0.00513917081329572,0.0282));
#8184=CARTESIAN_POINT('',(0.0010863585937646,0.00511692578214618,0.02803));
#8185=CARTESIAN_POINT('',(0.0010863585937646,0.00511692578214618,0.0282));
#8186=CARTESIAN_POINT('',(0.0010499095958389,0.0050915415278789,0.02803));
#8187=CARTESIAN_POINT('',(0.0010499095958389,0.0050915415278789,0.0282));
#8188=CARTESIAN_POINT('',(0.00101606156969225,0.00506032877350386,0.02803));
#8189=CARTESIAN_POINT('',(0.00101606156969225,0.00506032877350386,0.0282));
#8190=CARTESIAN_POINT('',(0.000983782608490178,0.00502552256705314,0.02803));
#8191=CARTESIAN_POINT('',(0.000983782608490178,0.00502552256705314,0.0282));
#8192=CARTESIAN_POINT('',(0.000954437089267466,0.00498682733555745,0.02803));
#8193=CARTESIAN_POINT('',(0.000954437089267466,0.00498682733555745,0.0282));
#8194=CARTESIAN_POINT('',(0.000928483878327597,0.0049451599404974,0.02803));
#8195=CARTESIAN_POINT('',(0.000928483878327597,0.0049451599404974,0.0282));
#8196=CARTESIAN_POINT('',(0.000907118850508028,0.0049004280359405,0.02803));
#8197=CARTESIAN_POINT('',(0.000907118850508028,0.0049004280359405,0.0282));
#8198=CARTESIAN_POINT('',(0.00088973208073787,0.00485303480887663,0.02803));
#8199=CARTESIAN_POINT('',(0.00088973208073787,0.00485303480887663,0.0282));
#8200=CARTESIAN_POINT('',(0.000875223465366118,0.00480318482435669,0.02803));
#8201=CARTESIAN_POINT('',(0.000875223465366118,0.00480318482435669,0.0282));
#8202=CARTESIAN_POINT('',(0.00086546608229344,0.0047503565864861,0.02803));
#8203=CARTESIAN_POINT('',(0.00086546608229344,0.0047503565864861,0.0282));
#8204=CARTESIAN_POINT('',(0.000860171116509221,0.00469482740864594,0.02803));
#8205=CARTESIAN_POINT('',(0.000860171116509221,0.00469482740864594,0.0282));
#8206=CARTESIAN_POINT('',(0.00085918821436599,0.00465694237172196,0.02803));
#8207=CARTESIAN_POINT('',(0.00085918821436599,0.00465694237172196,0.0282));
#8208=CARTESIAN_POINT('',(0.000858685915670552,0.00463758174182144,0.02803));
#8209=CARTESIAN_POINT('',(0.000858685915670552,0.00463758174182144,0.0282));
#8210=CARTESIAN_POINT('',(0.0012913183223264,0.00517536025237339,0.0247404686878135));
#8211=CARTESIAN_POINT('',(0.0012913183223264,0.00517536025237339,0.0282));
#8212=CARTESIAN_POINT('',(0.0012913183223264,0.00517536025237339,0.0282));
#8213=CARTESIAN_POINT('',(0.00127650760092871,0.00517497852634758,0.0282));
#8214=CARTESIAN_POINT('',(0.00124725557234953,0.00517422459544062,0.0282));
#8215=CARTESIAN_POINT('',(0.00120433041660801,0.00516706403820756,0.0282));
#8216=CARTESIAN_POINT('',(0.00116351209921971,0.00515441386941033,0.0282));
#8217=CARTESIAN_POINT('',(0.00112362391374516,0.00513917081329572,0.0282));
#8218=CARTESIAN_POINT('',(0.0010863585937646,0.00511692578214618,0.0282));
#8219=CARTESIAN_POINT('',(0.0010499095958389,0.0050915415278789,0.0282));
#8220=CARTESIAN_POINT('',(0.00101606156969225,0.00506032877350386,0.0282));
#8221=CARTESIAN_POINT('',(0.000983782608490178,0.00502552256705314,0.0282));
#8222=CARTESIAN_POINT('',(0.000954437089267466,0.00498682733555745,0.0282));
#8223=CARTESIAN_POINT('',(0.000928483878327597,0.0049451599404974,0.0282));
#8224=CARTESIAN_POINT('',(0.000907118850508028,0.0049004280359405,0.0282));
#8225=CARTESIAN_POINT('',(0.00088973208073787,0.00485303480887663,0.0282));
#8226=CARTESIAN_POINT('',(0.000875223465366118,0.00480318482435669,0.0282));
#8227=CARTESIAN_POINT('',(0.00086546608229344,0.0047503565864861,0.0282));
#8228=CARTESIAN_POINT('',(0.000860171116509221,0.00469482740864594,0.0282));
#8229=CARTESIAN_POINT('',(0.00085918821436599,0.00465694237172196,0.0282));
#8230=CARTESIAN_POINT('',(0.000858685915670552,0.00463758174182144,0.0282));
#8231=CARTESIAN_POINT('',(0.00173490344813809,0.00462662902266559,0.02803));
#8232=CARTESIAN_POINT('',(0.00173490344813809,0.00462662902266559,0.0282));
#8233=CARTESIAN_POINT('',(0.00173444553452866,0.00464672220645526,0.02803));
#8234=CARTESIAN_POINT('',(0.00173444553452866,0.00464672220645526,0.0282));
#8235=CARTESIAN_POINT('',(0.00173354841979996,0.00468608747263846,0.02803));
#8236=CARTESIAN_POINT('',(0.00173354841979996,0.00468608747263846,0.0282));
#8237=CARTESIAN_POINT('',(0.00172763135641353,0.00474363144999266,0.02803));
#8238=CARTESIAN_POINT('',(0.00172763135641353,0.00474363144999266,0.0282));
#8239=CARTESIAN_POINT('',(0.00171718032673166,0.00479800313214401,0.02803));
#8240=CARTESIAN_POINT('',(0.00171718032673166,0.00479800313214401,0.0282));
#8241=CARTESIAN_POINT('',(0.00170288379398759,0.00484929000445876,0.02803));
#8242=CARTESIAN_POINT('',(0.00170288379398759,0.00484929000445876,0.0282));
#8243=CARTESIAN_POINT('',(0.00168487308588716,0.00489781067713323,0.02803));
#8244=CARTESIAN_POINT('',(0.00168487308588716,0.00489781067713323,0.0282));
#8245=CARTESIAN_POINT('',(0.00166244577429132,0.00494340820285185,0.02803));
#8246=CARTESIAN_POINT('',(0.00166244577429132,0.00494340820285185,0.0282));
#8247=CARTESIAN_POINT('',(0.00163548009432567,0.00498571631078852,0.02803));
#8248=CARTESIAN_POINT('',(0.00163548009432567,0.00498571631078852,0.0282));
#8249=CARTESIAN_POINT('',(0.00160465038838001,0.00502444860363158,0.02803));
#8250=CARTESIAN_POINT('',(0.00160465038838001,0.00502444860363158,0.0282));
#8251=CARTESIAN_POINT('',(0.00157170845457799,0.00505985062380194,0.02803));
#8252=CARTESIAN_POINT('',(0.00157170845457799,0.00505985062380194,0.0282));
#8253=CARTESIAN_POINT('',(0.00153654955846412,0.00509079287004146,0.02803));
#8254=CARTESIAN_POINT('',(0.00153654955846412,0.00509079287004146,0.0282));
#8255=CARTESIAN_POINT('',(0.0014995147036005,0.00511663967432009,0.02803));
#8256=CARTESIAN_POINT('',(0.0014995147036005,0.00511663967432009,0.0282));
#8257=CARTESIAN_POINT('',(0.00146114869573697,0.00513833336979027,0.02803));
#8258=CARTESIAN_POINT('',(0.00146114869573697,0.00513833336979027,0.0282));
#8259=CARTESIAN_POINT('',(0.00142090917981498,0.00515459097527595,0.02803));
#8260=CARTESIAN_POINT('',(0.00142090917981498,0.00515459097527595,0.0282));
#8261=CARTESIAN_POINT('',(0.00137937049562848,0.00516701114604088,0.02803));
#8262=CARTESIAN_POINT('',(0.00137937049562848,0.00516701114604088,0.0282));
#8263=CARTESIAN_POINT('',(0.00133593146062534,0.00517423798776684,0.02803));
#8264=CARTESIAN_POINT('',(0.00133593146062534,0.00517423798776684,0.0282));
#8265=CARTESIAN_POINT('',(0.0013063132663149,0.00517498304746118,0.02803));
#8266=CARTESIAN_POINT('',(0.0013063132663149,0.00517498304746118,0.0282));
#8267=CARTESIAN_POINT('',(0.0012913183223264,0.00517536025237339,0.02803));
#8268=CARTESIAN_POINT('',(0.0012913183223264,0.00517536025237339,0.0282));
#8269=CARTESIAN_POINT('',(0.00173490344813809,0.00462662902266559,0.0247404686878135));
#8270=CARTESIAN_POINT('',(0.00173490344813809,0.00462662902266559,0.0282));
#8271=CARTESIAN_POINT('',(0.00173490344813809,0.00462662902266559,0.0282));
#8272=CARTESIAN_POINT('',(0.00173444553452866,0.00464672220645526,0.0282));
#8273=CARTESIAN_POINT('',(0.00173354841979996,0.00468608747263846,0.0282));
#8274=CARTESIAN_POINT('',(0.00172763135641353,0.00474363144999266,0.0282));
#8275=CARTESIAN_POINT('',(0.00171718032673166,0.00479800313214401,0.0282));
#8276=CARTESIAN_POINT('',(0.00170288379398759,0.00484929000445876,0.0282));
#8277=CARTESIAN_POINT('',(0.00168487308588716,0.00489781067713323,0.0282));
#8278=CARTESIAN_POINT('',(0.00166244577429132,0.00494340820285185,0.0282));
#8279=CARTESIAN_POINT('',(0.00163548009432567,0.00498571631078852,0.0282));
#8280=CARTESIAN_POINT('',(0.00160465038838001,0.00502444860363158,0.0282));
#8281=CARTESIAN_POINT('',(0.00157170845457799,0.00505985062380194,0.0282));
#8282=CARTESIAN_POINT('',(0.00153654955846412,0.00509079287004146,0.0282));
#8283=CARTESIAN_POINT('',(0.0014995147036005,0.00511663967432009,0.0282));
#8284=CARTESIAN_POINT('',(0.00146114869573697,0.00513833336979027,0.0282));
#8285=CARTESIAN_POINT('',(0.00142090917981498,0.00515459097527595,0.0282));
#8286=CARTESIAN_POINT('',(0.00137937049562848,0.00516701114604088,0.0282));
#8287=CARTESIAN_POINT('',(0.00133593146062534,0.00517423798776684,0.0282));
#8288=CARTESIAN_POINT('',(0.0013063132663149,0.00517498304746118,0.0282));
#8289=CARTESIAN_POINT('',(0.0012913183223264,0.00517536025237339,0.0282));
#8290=CARTESIAN_POINT('',(0.00129843758977769,0.00408885051211365,0.02803));
#8291=CARTESIAN_POINT('',(0.00129843758977769,0.00408885051211365,0.0282));
#8292=CARTESIAN_POINT('',(0.00131344041256122,0.00408919424162402,0.02803));
#8293=CARTESIAN_POINT('',(0.00131344041256122,0.00408919424162402,0.0282));
#8294=CARTESIAN_POINT('',(0.00134289388078629,0.00408986904971564,0.02803));
#8295=CARTESIAN_POINT('',(0.00134289388078629,0.00408986904971564,0.0282));
#8296=CARTESIAN_POINT('',(0.00138616905929269,0.00409752824520554,0.02803));
#8297=CARTESIAN_POINT('',(0.00138616905929269,0.00409752824520554,0.0282));
#8298=CARTESIAN_POINT('',(0.00142773993021394,0.00410876145203335,0.02803));
#8299=CARTESIAN_POINT('',(0.00142773993021394,0.00410876145203335,0.0282));
#8300=CARTESIAN_POINT('',(0.00146753727005454,0.00412492469485579,0.02803));
#8301=CARTESIAN_POINT('',(0.00146753727005454,0.00412492469485579,0.0282));
#8302=CARTESIAN_POINT('',(0.00150568754120147,0.00414525832651276,0.02803));
#8303=CARTESIAN_POINT('',(0.00150568754120147,0.00414525832651276,0.0282));
#8304=CARTESIAN_POINT('',(0.00154181281984412,0.00417055310597279,0.02803));
#8305=CARTESIAN_POINT('',(0.00154181281984412,0.00417055310597279,0.0282));
#8306=CARTESIAN_POINT('',(0.00157606131094041,0.00420070667417506,0.02803));
#8307=CARTESIAN_POINT('',(0.00157606131094041,0.00420070667417506,0.0282));
#8308=CARTESIAN_POINT('',(0.00160874622913334,0.0042346524751404,0.02803));
#8309=CARTESIAN_POINT('',(0.00160874622913334,0.0042346524751404,0.0282));
#8310=CARTESIAN_POINT('',(0.001637911056893,0.00427318938360575,0.02803));
#8311=CARTESIAN_POINT('',(0.001637911056893,0.00427318938360575,0.0282));
#8312=CARTESIAN_POINT('',(0.00166486707505013,0.00431401381375571,0.02803));
#8313=CARTESIAN_POINT('',(0.00166486707505013,0.00431401381375571,0.0282));
#8314=CARTESIAN_POINT('',(0.00168565058351769,0.00435903339540224,0.02803));
#8315=CARTESIAN_POINT('',(0.00168565058351769,0.00435903339540224,0.0282));
#8316=CARTESIAN_POINT('',(0.00170434155639509,0.00440615587467239,0.02803));
#8317=CARTESIAN_POINT('',(0.00170434155639509,0.00440615587467239,0.0282));
#8318=CARTESIAN_POINT('',(0.00171745742520337,0.00445701652486519,0.02803));
#8319=CARTESIAN_POINT('',(0.00171745742520337,0.00445701652486519,0.0282));
#8320=CARTESIAN_POINT('',(0.00172842896086199,0.00451066093752587,0.02803));
#8321=CARTESIAN_POINT('',(0.00172842896086199,0.00451066093752587,0.0282));
#8322=CARTESIAN_POINT('',(0.00173333734983459,0.00456776039132317,0.02803));
#8323=CARTESIAN_POINT('',(0.00173333734983459,0.00456776039132317,0.0282));
#8324=CARTESIAN_POINT('',(0.00173437398242178,0.00460672674578286,0.02803));
#8325=CARTESIAN_POINT('',(0.00173437398242178,0.00460672674578286,0.0282));
#8326=CARTESIAN_POINT('',(0.00173490344813809,0.00462662902266559,0.02803));
#8327=CARTESIAN_POINT('',(0.00173490344813809,0.00462662902266559,0.0282));
#8328=CARTESIAN_POINT('',(0.00129843758977769,0.00408885051211365,0.0282));
#8329=CARTESIAN_POINT('',(0.00131344041256122,0.00408919424162402,0.0282));
#8330=CARTESIAN_POINT('',(0.00134289388078629,0.00408986904971564,0.0282));
#8331=CARTESIAN_POINT('',(0.00138616905929269,0.00409752824520554,0.0282));
#8332=CARTESIAN_POINT('',(0.00142773993021394,0.00410876145203335,0.0282));
#8333=CARTESIAN_POINT('',(0.00146753727005454,0.00412492469485579,0.0282));
#8334=CARTESIAN_POINT('',(0.00150568754120147,0.00414525832651276,0.0282));
#8335=CARTESIAN_POINT('',(0.00154181281984412,0.00417055310597279,0.0282));
#8336=CARTESIAN_POINT('',(0.00157606131094041,0.00420070667417506,0.0282));
#8337=CARTESIAN_POINT('',(0.00160874622913334,0.0042346524751404,0.0282));
#8338=CARTESIAN_POINT('',(0.001637911056893,0.00427318938360575,0.0282));
#8339=CARTESIAN_POINT('',(0.00166486707505013,0.00431401381375571,0.0282));
#8340=CARTESIAN_POINT('',(0.00168565058351769,0.00435903339540224,0.0282));
#8341=CARTESIAN_POINT('',(0.00170434155639509,0.00440615587467239,0.0282));
#8342=CARTESIAN_POINT('',(0.00171745742520337,0.00445701652486519,0.0282));
#8343=CARTESIAN_POINT('',(0.00172842896086199,0.00451066093752587,0.0282));
#8344=CARTESIAN_POINT('',(0.00173333734983459,0.00456776039132317,0.0282));
#8345=CARTESIAN_POINT('',(0.00173437398242178,0.00460672674578286,0.0282));
#8346=CARTESIAN_POINT('',(0.00173490344813809,0.00462662902266559,0.0282));
#8347=CARTESIAN_POINT('',(-0.00162977187653724,0.00588728699750326,0.02803));
#8348=CARTESIAN_POINT('',(-0.00162977187653724,0.00588728699750326,0.0282));
#8349=CARTESIAN_POINT('',(-0.00162871903224679,0.00585598121531014,0.02803));
#8350=CARTESIAN_POINT('',(-0.00162871903224679,0.00585598121531014,0.0282));
#8351=CARTESIAN_POINT('',(-0.00162670449453697,0.00579607997508306,0.02803));
#8352=CARTESIAN_POINT('',(-0.00162670449453697,0.00579607997508306,0.0282));
#8353=CARTESIAN_POINT('',(-0.00160862440298953,0.00571091444084455,0.02803));
#8354=CARTESIAN_POINT('',(-0.00160862440298953,0.00571091444084455,0.0282));
#8355=CARTESIAN_POINT('',(-0.00157782986973709,0.00563589141917531,0.02803));
#8356=CARTESIAN_POINT('',(-0.00157782986973709,0.00563589141917531,0.0282));
#8357=CARTESIAN_POINT('',(-0.00153567727543734,0.00557172147186182,0.02803));
#8358=CARTESIAN_POINT('',(-0.00153567727543734,0.00557172147186182,0.0282));
#8359=CARTESIAN_POINT('',(-0.00148410964262374,0.00552079424737804,0.02803));
#8360=CARTESIAN_POINT('',(-0.00148410964262374,0.00552079424737804,0.0282));
#8361=CARTESIAN_POINT('',(-0.00142659452404013,0.00548255843979327,0.02803));
#8362=CARTESIAN_POINT('',(-0.00142659452404013,0.00548255843979327,0.0282));
#8363=CARTESIAN_POINT('',(-0.001362540232978,0.005459574906706,0.02803));
#8364=CARTESIAN_POINT('',(-0.001362540232978,0.005459574906706,0.0282));
#8365=CARTESIAN_POINT('',(-0.00131779941393316,0.0054570348202453,0.02803));
#8366=CARTESIAN_POINT('',(-0.00131779941393316,0.0054570348202453,0.0282));
#8367=CARTESIAN_POINT('',(-0.0012951663063262,0.005455749862763,0.02803));
#8368=CARTESIAN_POINT('',(-0.0012951663063262,0.005455749862763,0.0282));
#8369=CARTESIAN_POINT('',(-0.00162977187653724,0.00588728699750326,0.0247404686878135));
#8370=CARTESIAN_POINT('',(-0.00162977187653724,0.00588728699750326,0.0282));
#8371=CARTESIAN_POINT('',(-0.0012951663063262,0.005455749862763,0.0247404686878135));
#8372=CARTESIAN_POINT('',(-0.0012951663063262,0.005455749862763,0.0282));
#8373=CARTESIAN_POINT('',(-0.00162977187653724,0.00588728699750326,0.0282));
#8374=CARTESIAN_POINT('',(-0.00162871903224679,0.00585598121531014,0.0282));
#8375=CARTESIAN_POINT('',(-0.00162670449453697,0.00579607997508306,0.0282));
#8376=CARTESIAN_POINT('',(-0.00160862440298953,0.00571091444084455,0.0282));
#8377=CARTESIAN_POINT('',(-0.00157782986973709,0.00563589141917531,0.0282));
#8378=CARTESIAN_POINT('',(-0.00153567727543734,0.00557172147186182,0.0282));
#8379=CARTESIAN_POINT('',(-0.00148410964262374,0.00552079424737804,0.0282));
#8380=CARTESIAN_POINT('',(-0.00142659452404013,0.00548255843979327,0.0282));
#8381=CARTESIAN_POINT('',(-0.001362540232978,0.005459574906706,0.0282));
#8382=CARTESIAN_POINT('',(-0.00131779941393316,0.0054570348202453,0.0282));
#8383=CARTESIAN_POINT('',(-0.0012951663063262,0.005455749862763,0.0282));
#8384=CARTESIAN_POINT('',(-0.00129845212207295,0.00629691869393183,0.02803));
#8385=CARTESIAN_POINT('',(-0.00129845212207295,0.00629691869393183,0.0282));
#8386=CARTESIAN_POINT('',(-0.00132055228083594,0.00629564850933298,0.02803));
#8387=CARTESIAN_POINT('',(-0.00132055228083594,0.00629564850933298,0.0282));
#8388=CARTESIAN_POINT('',(-0.00136425552281982,0.00629313670905665,0.02803));
#8389=CARTESIAN_POINT('',(-0.00136425552281982,0.00629313670905665,0.0282));
#8390=CARTESIAN_POINT('',(-0.00142685097155076,0.00626978646436413,0.02803));
#8391=CARTESIAN_POINT('',(-0.00142685097155076,0.00626978646436413,0.0282));
#8392=CARTESIAN_POINT('',(-0.00148390263728479,0.00623178899914723,0.02803));
#8393=CARTESIAN_POINT('',(-0.00148390263728479,0.00623178899914723,0.0282));
#8394=CARTESIAN_POINT('',(-0.00153436956249998,0.00618042608926971,0.02803));
#8395=CARTESIAN_POINT('',(-0.00153436956249998,0.00618042608926971,0.0282));
#8396=CARTESIAN_POINT('',(-0.00157747625354011,0.00611896166158879,0.02803));
#8397=CARTESIAN_POINT('',(-0.00157747625354011,0.00611896166158879,0.0282));
#8398=CARTESIAN_POINT('',(-0.00160731415436106,0.00604793967398761,0.02803));
#8399=CARTESIAN_POINT('',(-0.00160731415436106,0.00604793967398761,0.0282));
#8400=CARTESIAN_POINT('',(-0.00162688118996806,0.00597011459609812,0.02803));
#8401=CARTESIAN_POINT('',(-0.00162688118996806,0.00597011459609812,0.0282));
#8402=CARTESIAN_POINT('',(-0.00162878634969325,0.00591552555602018,0.02803));
#8403=CARTESIAN_POINT('',(-0.00162878634969325,0.00591552555602018,0.0282));
#8404=CARTESIAN_POINT('',(-0.00162977187653724,0.00588728699750326,0.02803));
#8405=CARTESIAN_POINT('',(-0.00162977187653724,0.00588728699750326,0.0282));
#8406=CARTESIAN_POINT('',(-0.00129845212207295,0.00629691869393183,0.0247404686878135));
#8407=CARTESIAN_POINT('',(-0.00129845212207295,0.00629691869393183,0.0282));
#8408=CARTESIAN_POINT('',(-0.00129845212207295,0.00629691869393183,0.0282));
#8409=CARTESIAN_POINT('',(-0.00132055228083594,0.00629564850933298,0.0282));
#8410=CARTESIAN_POINT('',(-0.00136425552281982,0.00629313670905665,0.0282));
#8411=CARTESIAN_POINT('',(-0.00142685097155076,0.00626978646436413,0.0282));
#8412=CARTESIAN_POINT('',(-0.00148390263728479,0.00623178899914723,0.0282));
#8413=CARTESIAN_POINT('',(-0.00153436956249998,0.00618042608926971,0.0282));
#8414=CARTESIAN_POINT('',(-0.00157747625354011,0.00611896166158879,0.0282));
#8415=CARTESIAN_POINT('',(-0.00160731415436106,0.00604793967398761,0.0282));
#8416=CARTESIAN_POINT('',(-0.00162688118996806,0.00597011459609812,0.0282));
#8417=CARTESIAN_POINT('',(-0.00162878634969325,0.00591552555602018,0.0282));
#8418=CARTESIAN_POINT('',(-0.00162977187653724,0.00588728699750326,0.0282));
#8419=CARTESIAN_POINT('',(-0.000963846551861914,0.00586921501089611,0.02803));
#8420=CARTESIAN_POINT('',(-0.000963846551861914,0.00586921501089611,0.0282));
#8421=CARTESIAN_POINT('',(-0.000964873056779317,0.00589925547406887,0.02803));
#8422=CARTESIAN_POINT('',(-0.000964873056779317,0.00589925547406887,0.0282));
#8423=CARTESIAN_POINT('',(-0.000966854006907619,0.0059572275873705,0.02803));
#8424=CARTESIAN_POINT('',(-0.000966854006907619,0.0059572275873705,0.0282));
#8425=CARTESIAN_POINT('',(-0.000985669074210806,0.00603980467293859,0.02803));
#8426=CARTESIAN_POINT('',(-0.000985669074210806,0.00603980467293859,0.0282));
#8427=CARTESIAN_POINT('',(-0.00101720828856134,0.00611387101872558,0.02803));
#8428=CARTESIAN_POINT('',(-0.00101720828856134,0.00611387101872558,0.0282));
#8429=CARTESIAN_POINT('',(-0.00106111892040798,0.00617736249179223,0.02803));
#8430=CARTESIAN_POINT('',(-0.00106111892040798,0.00617736249179223,0.0282));
#8431=CARTESIAN_POINT('',(-0.0011122801136955,0.00623014880788136,0.02803));
#8432=CARTESIAN_POINT('',(-0.0011122801136955,0.00623014880788136,0.0282));
#8433=CARTESIAN_POINT('',(-0.00116992148773659,0.00626850569834036,0.02803));
#8434=CARTESIAN_POINT('',(-0.00116992148773659,0.00626850569834036,0.0282));
#8435=CARTESIAN_POINT('',(-0.00123256359731846,0.00629260799687607,0.02803));
#8436=CARTESIAN_POINT('',(-0.00123256359731846,0.00629260799687607,0.0282));
#8437=CARTESIAN_POINT('',(-0.00127633772770767,0.00629547187970984,0.02803));
#8438=CARTESIAN_POINT('',(-0.00127633772770767,0.00629547187970984,0.0282));
#8439=CARTESIAN_POINT('',(-0.00129845212207295,0.00629691869393183,0.02803));
#8440=CARTESIAN_POINT('',(-0.00129845212207295,0.00629691869393183,0.0282));
#8441=CARTESIAN_POINT('',(-0.000963846551861914,0.00586921501089611,0.0247404686878135));
#8442=CARTESIAN_POINT('',(-0.000963846551861914,0.00586921501089611,0.0282));
#8443=CARTESIAN_POINT('',(-0.000963846551861914,0.00586921501089611,0.0282));
#8444=CARTESIAN_POINT('',(-0.000964873056779317,0.00589925547406887,0.0282));
#8445=CARTESIAN_POINT('',(-0.000966854006907619,0.0059572275873705,0.0282));
#8446=CARTESIAN_POINT('',(-0.000985669074210806,0.00603980467293859,0.0282));
#8447=CARTESIAN_POINT('',(-0.00101720828856134,0.00611387101872558,0.0282));
#8448=CARTESIAN_POINT('',(-0.00106111892040798,0.00617736249179223,0.0282));
#8449=CARTESIAN_POINT('',(-0.0011122801136955,0.00623014880788136,0.0282));
#8450=CARTESIAN_POINT('',(-0.00116992148773659,0.00626850569834036,0.0282));
#8451=CARTESIAN_POINT('',(-0.00123256359731846,0.00629260799687607,0.0282));
#8452=CARTESIAN_POINT('',(-0.00127633772770767,0.00629547187970984,0.0282));
#8453=CARTESIAN_POINT('',(-0.00129845212207295,0.00629691869393183,0.0282));
#8454=CARTESIAN_POINT('',(-0.0012951663063262,0.005455749862763,0.02803));
#8455=CARTESIAN_POINT('',(-0.0012951663063262,0.005455749862763,0.0282));
#8456=CARTESIAN_POINT('',(-0.00127287721866703,0.00545700661621903,0.02803));
#8457=CARTESIAN_POINT('',(-0.00127287721866703,0.00545700661621903,0.0282));
#8458=CARTESIAN_POINT('',(-0.00122880597386725,0.00545949154023479,0.02803));
#8459=CARTESIAN_POINT('',(-0.00122880597386725,0.00545949154023479,0.0282));
#8460=CARTESIAN_POINT('',(-0.00116612652854712,0.00548289986077924,0.02803));
#8461=CARTESIAN_POINT('',(-0.00116612652854712,0.00548289986077924,0.0282));
#8462=CARTESIAN_POINT('',(-0.00110871948700841,0.00551950767271674,0.02803));
#8463=CARTESIAN_POINT('',(-0.00110871948700841,0.00551950767271674,0.0282));
#8464=CARTESIAN_POINT('',(-0.00105832167920837,0.00557016099198736,0.02803));
#8465=CARTESIAN_POINT('',(-0.00105832167920837,0.00557016099198736,0.0282));
#8466=CARTESIAN_POINT('',(-0.00101614339828015,0.00563209014622398,0.02803));
#8467=CARTESIAN_POINT('',(-0.00101614339828015,0.00563209014622398,0.0282));
#8468=CARTESIAN_POINT('',(-0.000985237923100235,0.00570375157435121,0.02803));
#8469=CARTESIAN_POINT('',(-0.000985237923100235,0.00570375157435121,0.0282));
#8470=CARTESIAN_POINT('',(-0.000966972585149165,0.00578397543957724,0.02803));
#8471=CARTESIAN_POINT('',(-0.000966972585149165,0.00578397543957724,0.0282));
#8472=CARTESIAN_POINT('',(-0.000964914579411717,0.00584009241297842,0.02803));
#8473=CARTESIAN_POINT('',(-0.000964914579411717,0.00584009241297842,0.0282));
#8474=CARTESIAN_POINT('',(-0.000963846551861914,0.00586921501089611,0.02803));
#8475=CARTESIAN_POINT('',(-0.000963846551861914,0.00586921501089611,0.0282));
#8476=CARTESIAN_POINT('',(-0.0012951663063262,0.005455749862763,0.0282));
#8477=CARTESIAN_POINT('',(-0.00127287721866703,0.00545700661621903,0.0282));
#8478=CARTESIAN_POINT('',(-0.00122880597386725,0.00545949154023479,0.0282));
#8479=CARTESIAN_POINT('',(-0.00116612652854712,0.00548289986077924,0.0282));
#8480=CARTESIAN_POINT('',(-0.00110871948700841,0.00551950767271674,0.0282));
#8481=CARTESIAN_POINT('',(-0.00105832167920837,0.00557016099198736,0.0282));
#8482=CARTESIAN_POINT('',(-0.00101614339828015,0.00563209014622398,0.0282));
#8483=CARTESIAN_POINT('',(-0.000985237923100235,0.00570375157435121,0.0282));
#8484=CARTESIAN_POINT('',(-0.000966972585149165,0.00578397543957724,0.0282));
#8485=CARTESIAN_POINT('',(-0.000964914579411717,0.00584009241297842,0.0282));
#8486=CARTESIAN_POINT('',(-0.000963846551861914,0.00586921501089611,0.0282));
#8487=CARTESIAN_POINT('',(-0.00173491798043335,0.00463758174182144,0.02803));
#8488=CARTESIAN_POINT('',(-0.00173491798043335,0.00463758174182144,0.0282));
#8489=CARTESIAN_POINT('',(-0.00173447844382292,0.00461748511094454,0.02803));
#8490=CARTESIAN_POINT('',(-0.00173447844382292,0.00461748511094454,0.0282));
#8491=CARTESIAN_POINT('',(-0.00173361733212216,0.00457811309145096,0.02803));
#8492=CARTESIAN_POINT('',(-0.00173361733212216,0.00457811309145096,0.0282));
#8493=CARTESIAN_POINT('',(-0.00172744616468159,0.00452065082380281,0.02803));
#8494=CARTESIAN_POINT('',(-0.00172744616468159,0.00452065082380281,0.0282));
#8495=CARTESIAN_POINT('',(-0.00171791967205152,0.00446614003799307,0.02803));
#8496=CARTESIAN_POINT('',(-0.00171791967205152,0.00446614003799307,0.0282));
#8497=CARTESIAN_POINT('',(-0.00170339323072657,0.00441493218293823,0.02803));
#8498=CARTESIAN_POINT('',(-0.00170339323072657,0.00441493218293823,0.0282));
#8499=CARTESIAN_POINT('',(-0.00168546753838041,0.0043663884213835,0.02803));
#8500=CARTESIAN_POINT('',(-0.00168546753838041,0.00436638842138349,0.0282));
#8501=CARTESIAN_POINT('',(-0.00166297495817059,0.00432092474803139,0.02803));
#8502=CARTESIAN_POINT('',(-0.00166297495817059,0.00432092474803139,0.0282));
#8503=CARTESIAN_POINT('',(-0.00163640082239363,0.00427850436165877,0.02803));
#8504=CARTESIAN_POINT('',(-0.00163640082239363,0.00427850436165876,0.0282));
#8505=CARTESIAN_POINT('',(-0.00160671226210652,0.00423908308747413,0.02803));
#8506=CARTESIAN_POINT('',(-0.00160671226210652,0.00423908308747413,0.0282));
#8507=CARTESIAN_POINT('',(-0.0015731659150044,0.00420455026531276,0.02803));
#8508=CARTESIAN_POINT('',(-0.0015731659150044,0.00420455026531275,0.0282));
#8509=CARTESIAN_POINT('',(-0.00153857342748708,0.00417330095856737,0.02803));
#8510=CARTESIAN_POINT('',(-0.00153857342748708,0.00417330095856736,0.0282));
#8511=CARTESIAN_POINT('',(-0.0015021166661318,0.00414704784460048,0.02803));
#8512=CARTESIAN_POINT('',(-0.0015021166661318,0.00414704784460047,0.0282));
#8513=CARTESIAN_POINT('',(-0.00146362238355449,0.00412586895864613,0.02803));
#8514=CARTESIAN_POINT('',(-0.00146362238355449,0.00412586895864612,0.0282));
#8515=CARTESIAN_POINT('',(-0.00142367565040909,0.0041095914021204,0.02803));
#8516=CARTESIAN_POINT('',(-0.00142367565040909,0.00410959140212039,0.0282));
#8517=CARTESIAN_POINT('',(-0.00138228891148337,0.00409728088478337,0.02803));
#8518=CARTESIAN_POINT('',(-0.00138228891148337,0.00409728088478337,0.0282));
#8519=CARTESIAN_POINT('',(-0.00133923907618674,0.00408995894446044,0.02803));
#8520=CARTESIAN_POINT('',(-0.00133923907618674,0.00408995894446044,0.0282));
#8521=CARTESIAN_POINT('',(-0.00130998039568675,0.00408922308719544,0.02803));
#8522=CARTESIAN_POINT('',(-0.00130998039568675,0.00408922308719543,0.0282));
#8523=CARTESIAN_POINT('',(-0.0012951663063262,0.00408885051211365,0.02803));
#8524=CARTESIAN_POINT('',(-0.0012951663063262,0.00408885051211364,0.0282));
#8525=CARTESIAN_POINT('',(-0.00173491798043335,0.00463758174182144,0.0247404686878135));
#8526=CARTESIAN_POINT('',(-0.00173491798043335,0.00463758174182144,0.0282));
#8527=CARTESIAN_POINT('',(-0.0012951663063262,0.00408885051211365,0.0247404686878135));
#8528=CARTESIAN_POINT('',(-0.0012951663063262,0.00408885051211365,0.0282));
#8529=CARTESIAN_POINT('',(-0.00173491798043335,0.00463758174182144,0.0282));
#8530=CARTESIAN_POINT('',(-0.00173447844382292,0.00461748511094454,0.0282));
#8531=CARTESIAN_POINT('',(-0.00173361733212216,0.00457811309145096,0.0282));
#8532=CARTESIAN_POINT('',(-0.00172744616468159,0.00452065082380281,0.0282));
#8533=CARTESIAN_POINT('',(-0.00171791967205152,0.00446614003799307,0.0282));
#8534=CARTESIAN_POINT('',(-0.00170339323072657,0.00441493218293823,0.0282));
#8535=CARTESIAN_POINT('',(-0.00168546753838041,0.00436638842138349,0.0282));
#8536=CARTESIAN_POINT('',(-0.00166297495817059,0.00432092474803139,0.0282));
#8537=CARTESIAN_POINT('',(-0.00163640082239363,0.00427850436165877,0.0282));
#8538=CARTESIAN_POINT('',(-0.00160671226210652,0.00423908308747413,0.0282));
#8539=CARTESIAN_POINT('',(-0.0015731659150044,0.00420455026531275,0.0282));
#8540=CARTESIAN_POINT('',(-0.00153857342748708,0.00417330095856736,0.0282));
#8541=CARTESIAN_POINT('',(-0.0015021166661318,0.00414704784460048,0.0282));
#8542=CARTESIAN_POINT('',(-0.00146362238355449,0.00412586895864612,0.0282));
#8543=CARTESIAN_POINT('',(-0.00142367565040909,0.0041095914021204,0.0282));
#8544=CARTESIAN_POINT('',(-0.00138228891148337,0.00409728088478337,0.0282));
#8545=CARTESIAN_POINT('',(-0.00133923907618674,0.00408995894446044,0.0282));
#8546=CARTESIAN_POINT('',(-0.00130998039568675,0.00408922308719544,0.0282));
#8547=CARTESIAN_POINT('',(-0.0012951663063262,0.00408885051211365,0.0282));
#8548=CARTESIAN_POINT('',(-0.0013022855737775,0.00517536025237339,0.02803));
#8549=CARTESIAN_POINT('',(-0.0013022855737775,0.00517536025237339,0.0282));
#8550=CARTESIAN_POINT('',(-0.00131709629517519,0.00517497852634758,0.02803));
#8551=CARTESIAN_POINT('',(-0.00131709629517519,0.00517497852634758,0.0282));
#8552=CARTESIAN_POINT('',(-0.00134634832375437,0.00517422459544061,0.02803));
#8553=CARTESIAN_POINT('',(-0.00134634832375437,0.00517422459544061,0.0282));
#8554=CARTESIAN_POINT('',(-0.00138927347949588,0.00516706403820756,0.02803));
#8555=CARTESIAN_POINT('',(-0.00138927347949588,0.00516706403820756,0.0282));
#8556=CARTESIAN_POINT('',(-0.00143009179688419,0.00515441386941033,0.02803));
#8557=CARTESIAN_POINT('',(-0.00143009179688419,0.00515441386941033,0.0282));
#8558=CARTESIAN_POINT('',(-0.00146997998235874,0.00513917081329572,0.02803));
#8559=CARTESIAN_POINT('',(-0.00146997998235874,0.00513917081329572,0.0282));
#8560=CARTESIAN_POINT('',(-0.0015072453023393,0.00511692578214618,0.02803));
#8561=CARTESIAN_POINT('',(-0.0015072453023393,0.00511692578214618,0.0282));
#8562=CARTESIAN_POINT('',(-0.001543694300265,0.0050915415278789,0.02803));
#8563=CARTESIAN_POINT('',(-0.001543694300265,0.0050915415278789,0.0282));
#8564=CARTESIAN_POINT('',(-0.00157754232641165,0.00506032877350386,0.02803));
#8565=CARTESIAN_POINT('',(-0.00157754232641165,0.00506032877350386,0.0282));
#8566=CARTESIAN_POINT('',(-0.00160982128761371,0.00502552256705314,0.02803));
#8567=CARTESIAN_POINT('',(-0.00160982128761371,0.00502552256705314,0.0282));
#8568=CARTESIAN_POINT('',(-0.00163916680683643,0.00498682733555746,0.02803));
#8569=CARTESIAN_POINT('',(-0.00163916680683643,0.00498682733555746,0.0282));
#8570=CARTESIAN_POINT('',(-0.0016651200177763,0.0049451599404974,0.02803));
#8571=CARTESIAN_POINT('',(-0.0016651200177763,0.0049451599404974,0.0282));
#8572=CARTESIAN_POINT('',(-0.00168648504559586,0.0049004280359405,0.02803));
#8573=CARTESIAN_POINT('',(-0.00168648504559586,0.0049004280359405,0.0282));
#8574=CARTESIAN_POINT('',(-0.00170387181536602,0.00485303480887663,0.02803));
#8575=CARTESIAN_POINT('',(-0.00170387181536602,0.00485303480887663,0.0282));
#8576=CARTESIAN_POINT('',(-0.00171838043073778,0.00480318482435669,0.02803));
#8577=CARTESIAN_POINT('',(-0.00171838043073778,0.00480318482435669,0.0282));
#8578=CARTESIAN_POINT('',(-0.00172813781381046,0.0047503565864861,0.02803));
#8579=CARTESIAN_POINT('',(-0.00172813781381046,0.0047503565864861,0.0282));
#8580=CARTESIAN_POINT('',(-0.00173343277959467,0.00469482740864594,0.02803));
#8581=CARTESIAN_POINT('',(-0.00173343277959467,0.00469482740864594,0.0282));
#8582=CARTESIAN_POINT('',(-0.00173441568173791,0.00465694237172196,0.02803));
#8583=CARTESIAN_POINT('',(-0.00173441568173791,0.00465694237172196,0.0282));
#8584=CARTESIAN_POINT('',(-0.00173491798043335,0.00463758174182144,0.02803));
#8585=CARTESIAN_POINT('',(-0.00173491798043335,0.00463758174182144,0.0282));
#8586=CARTESIAN_POINT('',(-0.0013022855737775,0.00517536025237339,0.0247404686878135));
#8587=CARTESIAN_POINT('',(-0.0013022855737775,0.00517536025237339,0.0282));
#8588=CARTESIAN_POINT('',(-0.0013022855737775,0.00517536025237339,0.0282));
#8589=CARTESIAN_POINT('',(-0.00131709629517519,0.00517497852634758,0.0282));
#8590=CARTESIAN_POINT('',(-0.00134634832375437,0.00517422459544061,0.0282));
#8591=CARTESIAN_POINT('',(-0.00138927347949588,0.00516706403820756,0.0282));
#8592=CARTESIAN_POINT('',(-0.00143009179688419,0.00515441386941033,0.0282));
#8593=CARTESIAN_POINT('',(-0.00146997998235874,0.00513917081329572,0.0282));
#8594=CARTESIAN_POINT('',(-0.0015072453023393,0.00511692578214618,0.0282));
#8595=CARTESIAN_POINT('',(-0.001543694300265,0.0050915415278789,0.0282));
#8596=CARTESIAN_POINT('',(-0.00157754232641165,0.00506032877350386,0.0282));
#8597=CARTESIAN_POINT('',(-0.00160982128761371,0.00502552256705314,0.0282));
#8598=CARTESIAN_POINT('',(-0.00163916680683643,0.00498682733555746,0.0282));
#8599=CARTESIAN_POINT('',(-0.0016651200177763,0.0049451599404974,0.0282));
#8600=CARTESIAN_POINT('',(-0.00168648504559586,0.0049004280359405,0.0282));
#8601=CARTESIAN_POINT('',(-0.00170387181536602,0.00485303480887663,0.0282));
#8602=CARTESIAN_POINT('',(-0.00171838043073778,0.00480318482435669,0.0282));
#8603=CARTESIAN_POINT('',(-0.00172813781381046,0.0047503565864861,0.0282));
#8604=CARTESIAN_POINT('',(-0.00173343277959467,0.00469482740864594,0.0282));
#8605=CARTESIAN_POINT('',(-0.00173441568173791,0.00465694237172196,0.0282));
#8606=CARTESIAN_POINT('',(-0.00173491798043335,0.00463758174182144,0.0282));
#8607=CARTESIAN_POINT('',(-0.000858700447965811,0.00462662902266559,0.02803));
#8608=CARTESIAN_POINT('',(-0.000858700447965811,0.00462662902266559,0.0282));
#8609=CARTESIAN_POINT('',(-0.00085915836157524,0.00464672220645526,0.02803));
#8610=CARTESIAN_POINT('',(-0.00085915836157524,0.00464672220645526,0.0282));
#8611=CARTESIAN_POINT('',(-0.000860055476303935,0.00468608747263846,0.02803));
#8612=CARTESIAN_POINT('',(-0.000860055476303935,0.00468608747263846,0.0282));
#8613=CARTESIAN_POINT('',(-0.000865972539690367,0.00474363144999266,0.02803));
#8614=CARTESIAN_POINT('',(-0.000865972539690367,0.00474363144999266,0.0282));
#8615=CARTESIAN_POINT('',(-0.000876423569372229,0.00479800313214401,0.02803));
#8616=CARTESIAN_POINT('',(-0.000876423569372229,0.00479800313214401,0.0282));
#8617=CARTESIAN_POINT('',(-0.000890720102116301,0.00484929000445876,0.02803));
#8618=CARTESIAN_POINT('',(-0.000890720102116301,0.00484929000445876,0.0282));
#8619=CARTESIAN_POINT('',(-0.000908730810216737,0.00489781067713323,0.02803));
#8620=CARTESIAN_POINT('',(-0.000908730810216737,0.00489781067713323,0.0282));
#8621=CARTESIAN_POINT('',(-0.000931158121812577,0.00494340820285186,0.02803));
#8622=CARTESIAN_POINT('',(-0.000931158121812577,0.00494340820285186,0.0282));
#8623=CARTESIAN_POINT('',(-0.000958123801778228,0.00498571631078851,0.02803));
#8624=CARTESIAN_POINT('',(-0.000958123801778228,0.00498571631078851,0.0282));
#8625=CARTESIAN_POINT('',(-0.000988953507723883,0.00502444860363158,0.02803));
#8626=CARTESIAN_POINT('',(-0.000988953507723883,0.00502444860363158,0.0282));
#8627=CARTESIAN_POINT('',(-0.0010218954415259,0.00505985062380194,0.02803));
#8628=CARTESIAN_POINT('',(-0.0010218954415259,0.00505985062380194,0.0282));
#8629=CARTESIAN_POINT('',(-0.00105705433763978,0.00509079287004146,0.02803));
#8630=CARTESIAN_POINT('',(-0.00105705433763978,0.00509079287004146,0.0282));
#8631=CARTESIAN_POINT('',(-0.0010940891925034,0.00511663967432009,0.02803));
#8632=CARTESIAN_POINT('',(-0.0010940891925034,0.00511663967432009,0.0282));
#8633=CARTESIAN_POINT('',(-0.00113245520036692,0.00513833336979027,0.02803));
#8634=CARTESIAN_POINT('',(-0.00113245520036692,0.00513833336979027,0.0282));
#8635=CARTESIAN_POINT('',(-0.00117269471628891,0.00515459097527595,0.02803));
#8636=CARTESIAN_POINT('',(-0.00117269471628891,0.00515459097527595,0.0282));
#8637=CARTESIAN_POINT('',(-0.00121423340047542,0.00516701114604088,0.02803));
#8638=CARTESIAN_POINT('',(-0.00121423340047542,0.00516701114604088,0.0282));
#8639=CARTESIAN_POINT('',(-0.00125767243547855,0.00517423798776684,0.02803));
#8640=CARTESIAN_POINT('',(-0.00125767243547855,0.00517423798776684,0.0282));
#8641=CARTESIAN_POINT('',(-0.00128729062978899,0.00517498304746118,0.02803));
#8642=CARTESIAN_POINT('',(-0.00128729062978899,0.00517498304746118,0.0282));
#8643=CARTESIAN_POINT('',(-0.0013022855737775,0.00517536025237339,0.02803));
#8644=CARTESIAN_POINT('',(-0.0013022855737775,0.00517536025237339,0.0282));
#8645=CARTESIAN_POINT('',(-0.000858700447965811,0.00462662902266559,0.0247404686878135));
#8646=CARTESIAN_POINT('',(-0.000858700447965811,0.00462662902266559,0.0282));
#8647=CARTESIAN_POINT('',(-0.000858700447965811,0.00462662902266559,0.0282));
#8648=CARTESIAN_POINT('',(-0.00085915836157524,0.00464672220645526,0.0282));
#8649=CARTESIAN_POINT('',(-0.000860055476303935,0.00468608747263846,0.0282));
#8650=CARTESIAN_POINT('',(-0.000865972539690367,0.00474363144999266,0.0282));
#8651=CARTESIAN_POINT('',(-0.000876423569372229,0.00479800313214401,0.0282));
#8652=CARTESIAN_POINT('',(-0.000890720102116301,0.00484929000445876,0.0282));
#8653=CARTESIAN_POINT('',(-0.000908730810216737,0.00489781067713323,0.0282));
#8654=CARTESIAN_POINT('',(-0.000931158121812577,0.00494340820285185,0.0282));
#8655=CARTESIAN_POINT('',(-0.000958123801778228,0.00498571631078851,0.0282));
#8656=CARTESIAN_POINT('',(-0.000988953507723883,0.00502444860363158,0.0282));
#8657=CARTESIAN_POINT('',(-0.0010218954415259,0.00505985062380194,0.0282));
#8658=CARTESIAN_POINT('',(-0.00105705433763978,0.00509079287004146,0.0282));
#8659=CARTESIAN_POINT('',(-0.0010940891925034,0.00511663967432009,0.0282));
#8660=CARTESIAN_POINT('',(-0.00113245520036692,0.00513833336979027,0.0282));
#8661=CARTESIAN_POINT('',(-0.00117269471628891,0.00515459097527595,0.0282));
#8662=CARTESIAN_POINT('',(-0.00121423340047542,0.00516701114604088,0.0282));
#8663=CARTESIAN_POINT('',(-0.00125767243547855,0.00517423798776684,0.0282));
#8664=CARTESIAN_POINT('',(-0.00128729062978899,0.00517498304746118,0.0282));
#8665=CARTESIAN_POINT('',(-0.0013022855737775,0.00517536025237339,0.0282));
#8666=CARTESIAN_POINT('',(-0.0012951663063262,0.00408885051211365,0.02803));
#8667=CARTESIAN_POINT('',(-0.0012951663063262,0.00408885051211365,0.0282));
#8668=CARTESIAN_POINT('',(-0.00128016348354268,0.00408919424162402,0.02803));
#8669=CARTESIAN_POINT('',(-0.00128016348354268,0.00408919424162402,0.0282));
#8670=CARTESIAN_POINT('',(-0.00125071001531761,0.00408986904971564,0.02803));
#8671=CARTESIAN_POINT('',(-0.00125071001531761,0.00408986904971564,0.0282));
#8672=CARTESIAN_POINT('',(-0.0012074348368112,0.00409752824520554,0.02803));
#8673=CARTESIAN_POINT('',(-0.0012074348368112,0.00409752824520554,0.0282));
#8674=CARTESIAN_POINT('',(-0.00116586396588995,0.00410876145203335,0.02803));
#8675=CARTESIAN_POINT('',(-0.00116586396588995,0.00410876145203335,0.0282));
#8676=CARTESIAN_POINT('',(-0.00112606662604935,0.00412492469485579,0.02803));
#8677=CARTESIAN_POINT('',(-0.00112606662604935,0.00412492469485579,0.0282));
#8678=CARTESIAN_POINT('',(-0.00108791635490242,0.00414525832651276,0.02803));
#8679=CARTESIAN_POINT('',(-0.00108791635490242,0.00414525832651276,0.0282));
#8680=CARTESIAN_POINT('',(-0.00105179107625977,0.00417055310597279,0.02803));
#8681=CARTESIAN_POINT('',(-0.00105179107625977,0.00417055310597279,0.0282));
#8682=CARTESIAN_POINT('',(-0.00101754258516348,0.00420070667417506,0.02803));
#8683=CARTESIAN_POINT('',(-0.00101754258516348,0.00420070667417506,0.0282));
#8684=CARTESIAN_POINT('',(-0.00098485766697056,0.0042346524751404,0.02803));
#8685=CARTESIAN_POINT('',(-0.00098485766697056,0.0042346524751404,0.0282));
#8686=CARTESIAN_POINT('',(-0.000955692839210901,0.00427318938360575,0.02803));
#8687=CARTESIAN_POINT('',(-0.000955692839210901,0.00427318938360575,0.0282));
#8688=CARTESIAN_POINT('',(-0.000928736821053762,0.00431401381375571,0.02803));
#8689=CARTESIAN_POINT('',(-0.000928736821053762,0.00431401381375571,0.0282));
#8690=CARTESIAN_POINT('',(-0.000907953312586203,0.00435903339540224,0.02803));
#8691=CARTESIAN_POINT('',(-0.000907953312586203,0.00435903339540224,0.0282));
#8692=CARTESIAN_POINT('',(-0.000889262339708805,0.00440615587467239,0.02803));
#8693=CARTESIAN_POINT('',(-0.000889262339708805,0.00440615587467239,0.0282));
#8694=CARTESIAN_POINT('',(-0.000876146470900531,0.00445701652486519,0.02803));
#8695=CARTESIAN_POINT('',(-0.000876146470900531,0.00445701652486519,0.0282));
#8696=CARTESIAN_POINT('',(-0.000865174935241906,0.00451066093752587,0.02803));
#8697=CARTESIAN_POINT('',(-0.000865174935241906,0.00451066093752587,0.0282));
#8698=CARTESIAN_POINT('',(-0.000860266546269305,0.00456776039132317,0.02803));
#8699=CARTESIAN_POINT('',(-0.000860266546269305,0.00456776039132317,0.0282));
#8700=CARTESIAN_POINT('',(-0.000859229913682117,0.00460672674578286,0.02803));
#8701=CARTESIAN_POINT('',(-0.000859229913682117,0.00460672674578286,0.0282));
#8702=CARTESIAN_POINT('',(-0.000858700447965811,0.00462662902266559,0.02803));
#8703=CARTESIAN_POINT('',(-0.000858700447965811,0.00462662902266559,0.0282));
#8704=CARTESIAN_POINT('',(-0.0012951663063262,0.00408885051211365,0.0282));
#8705=CARTESIAN_POINT('',(-0.00128016348354268,0.00408919424162402,0.0282));
#8706=CARTESIAN_POINT('',(-0.00125071001531761,0.00408986904971564,0.0282));
#8707=CARTESIAN_POINT('',(-0.0012074348368112,0.00409752824520554,0.0282));
#8708=CARTESIAN_POINT('',(-0.00116586396588995,0.00410876145203335,0.0282));
#8709=CARTESIAN_POINT('',(-0.00112606662604935,0.00412492469485579,0.0282));
#8710=CARTESIAN_POINT('',(-0.00108791635490242,0.00414525832651276,0.0282));
#8711=CARTESIAN_POINT('',(-0.00105179107625977,0.00417055310597279,0.0282));
#8712=CARTESIAN_POINT('',(-0.00101754258516348,0.00420070667417506,0.0282));
#8713=CARTESIAN_POINT('',(-0.00098485766697056,0.0042346524751404,0.0282));
#8714=CARTESIAN_POINT('',(-0.000955692839210901,0.00427318938360575,0.0282));
#8715=CARTESIAN_POINT('',(-0.000928736821053762,0.00431401381375571,0.0282));
#8716=CARTESIAN_POINT('',(-0.000907953312586203,0.00435903339540224,0.0282));
#8717=CARTESIAN_POINT('',(-0.000889262339708805,0.00440615587467239,0.0282));
#8718=CARTESIAN_POINT('',(-0.000876146470900531,0.00445701652486519,0.0282));
#8719=CARTESIAN_POINT('',(-0.000865174935241906,0.00451066093752587,0.0282));
#8720=CARTESIAN_POINT('',(-0.000860266546269305,0.00456776039132317,0.0282));
#8721=CARTESIAN_POINT('',(-0.000859229913682117,0.00460672674578286,0.0282));
#8722=CARTESIAN_POINT('',(-0.000858700447965811,0.00462662902266559,0.0282));
#8723=CARTESIAN_POINT('',(0.,0.,0.0282));
#8724=CARTESIAN_POINT('',(0.,0.,0.0282));
#8725=CARTESIAN_POINT('',(0.,0.,0.0282));
#8726=CARTESIAN_POINT('',(0.,0.,0.0282));
#8727=CARTESIAN_POINT('',(0.,0.,0.0218));
#8728=CARTESIAN_POINT('',(0.,0.,0.0215286831863041));
#8729=CARTESIAN_POINT('',(0.,4.00459503321184E-18,0.0218));
#8730=CARTESIAN_POINT('',(0.,9.01033882472662E-20,-0.027075));
#8731=CARTESIAN_POINT('',(0.,0.,-0.0282));
#8732=MECHANICAL_DESIGN_GEOMETRIC_PRESENTATION_REPRESENTATION('',(#1708),
#8733);
#8733=(
GEOMETRIC_REPRESENTATION_CONTEXT(3)
GLOBAL_UNCERTAINTY_ASSIGNED_CONTEXT((#8734))
GLOBAL_UNIT_ASSIGNED_CONTEXT((#8737,#8736,#8735))
REPRESENTATION_CONTEXT('M10 x 50','TOP_LEVEL_ASSEMBLY_PART')
);
#8734=UNCERTAINTY_MEASURE_WITH_UNIT(LENGTH_MEASURE(2.E-5),#8737,
'DISTANCE_ACCURACY_VALUE','Maximum Tolerance applied to model');
#8735=(
NAMED_UNIT(*)
SI_UNIT($,.STERADIAN.)
SOLID_ANGLE_UNIT()
);
#8736=(
NAMED_UNIT(*)
PLANE_ANGLE_UNIT()
SI_UNIT($,.RADIAN.)
);
#8737=(
LENGTH_UNIT()
NAMED_UNIT(*)
SI_UNIT($,.METRE.)
);
#8738=PRODUCT_DEFINITION_SHAPE('','',#8739);
#8739=PRODUCT_DEFINITION('','',#8741,#8740);
#8740=PRODUCT_DEFINITION_CONTEXT('',#8747,'design');
#8741=PRODUCT_DEFINITION_FORMATION_WITH_SPECIFIED_SOURCE('','',#8743,
 .NOT_KNOWN.);
#8742=PRODUCT_RELATED_PRODUCT_CATEGORY('','',(#8743));
#8743=PRODUCT('M10 x 50','M10 x 50','M10 x 50',(#8745));
#8744=PRODUCT_CATEGORY('','');
#8745=PRODUCT_CONTEXT('',#8747,'mechanical');
#8746=APPLICATION_PROTOCOL_DEFINITION('international standard',
'ap242_managed_model_based_3d_engineering',2020,#8747);
#8747=APPLICATION_CONTEXT('managed model based 3d engineering');
ENDSEC;
END-ISO-10303-21;
