ISO-10303-21;
HEADER;
/* Generated by software containing ST-Developer
 * from STEP Tools, Inc. (www.steptools.com) 
 */
/* OPTION: using custom renumber hook */

FILE_DESCRIPTION(
/* description */ ('STEP AP242 Edition 2',
'CAx-IF Rec.Pracs.---Representation and Presentation of Product Manufa
cturing Information (PMI)---4.0---2014-10-13',
'CAx-IF Rec.Pracs.---3D Tessellated Geometry---0.4---2014-09-14','2;1',
'CAx-IF Rec.Pracs.---User Defined Attributes---1.5---2016-08-15'),
/* implementation_level */ '2;1');

FILE_NAME(
/* name */ 'Pignon et cremaillere - Pignon',
/* time_stamp */ '2026-04-15T18:34:48Z',
/* author */ (''),
/* organization */ (''),
/* preprocessor_version */ 'ST-DEVELOPER v20',
/* originating_system */ 'ONSHAPE BY PTC INC, 1.213',
/* authorisation */ '  ');

FILE_SCHEMA (('AP242_MANAGED_MODEL_BASED_3D_ENGINEERING_MIM_LF { 1 0 10303 442 3 1 4 }'));
ENDSEC;

DATA;
#10=SHAPE_REPRESENTATION_RELATIONSHIP('','',#1943,#11);
#11=ADVANCED_BREP_SHAPE_REPRESENTATION('',(#1941),#7197);
#12=B_SPLINE_SURFACE_WITH_KNOTS('',3,1,((#5955,#5956),(#5957,#5958),(#5959,
#5960),(#5961,#5962),(#5963,#5964),(#5965,#5966),(#5967,#5968),(#5969,#5970),
(#5971,#5972),(#5973,#5974),(#5975,#5976),(#5977,#5978)),
 .SURF_OF_LINEAR_EXTRUSION.,.F.,.F.,.F.,(4,1,1,1,1,1,1,1,1,4),(2,2),(0.,
0.0615680491881726,0.0923520737822589,0.123136098376345,0.184704147564518,
0.24627219675269,0.369408295129036,0.492544393505381,0.738816590258071,
0.985088787010762),(0.,1.),.UNSPECIFIED.);
#13=B_SPLINE_SURFACE_WITH_KNOTS('',3,1,((#5980,#5981),(#5982,#5983),(#5984,
#5985),(#5986,#5987),(#5988,#5989),(#5990,#5991),(#5992,#5993),(#5994,#5995),
(#5996,#5997),(#5998,#5999),(#6000,#6001),(#6002,#6003)),
 .SURF_OF_LINEAR_EXTRUSION.,.F.,.F.,.F.,(4,1,1,1,1,1,1,1,1,4),(2,2),(0.,
0.0615680491881726,0.0923520737822589,0.123136098376345,0.184704147564518,
0.24627219675269,0.369408295129036,0.492544393505381,0.738816590258071,
0.985088787010762),(0.,1.),.UNSPECIFIED.);
#14=B_SPLINE_SURFACE_WITH_KNOTS('',3,1,((#6006,#6007),(#6008,#6009),(#6010,
#6011),(#6012,#6013),(#6014,#6015),(#6016,#6017),(#6018,#6019),(#6020,#6021),
(#6022,#6023),(#6024,#6025),(#6026,#6027),(#6028,#6029)),
 .SURF_OF_LINEAR_EXTRUSION.,.F.,.F.,.F.,(4,1,1,1,1,1,1,1,1,4),(2,2),(0.,
0.0615680491881726,0.0923520737822589,0.123136098376345,0.184704147564518,
0.24627219675269,0.369408295129036,0.492544393505381,0.738816590258071,
0.985088787010762),(0.,1.),.UNSPECIFIED.);
#15=B_SPLINE_SURFACE_WITH_KNOTS('',3,1,((#6031,#6032),(#6033,#6034),(#6035,
#6036),(#6037,#6038),(#6039,#6040),(#6041,#6042),(#6043,#6044),(#6045,#6046),
(#6047,#6048),(#6049,#6050),(#6051,#6052),(#6053,#6054)),
 .SURF_OF_LINEAR_EXTRUSION.,.F.,.F.,.F.,(4,1,1,1,1,1,1,1,1,4),(2,2),(0.,
0.0615680491881726,0.0923520737822589,0.123136098376345,0.184704147564518,
0.24627219675269,0.369408295129036,0.492544393505381,0.738816590258071,
0.985088787010762),(0.,1.),.UNSPECIFIED.);
#16=B_SPLINE_SURFACE_WITH_KNOTS('',3,1,((#6057,#6058),(#6059,#6060),(#6061,
#6062),(#6063,#6064),(#6065,#6066),(#6067,#6068),(#6069,#6070),(#6071,#6072),
(#6073,#6074),(#6075,#6076),(#6077,#6078),(#6079,#6080)),
 .SURF_OF_LINEAR_EXTRUSION.,.F.,.F.,.F.,(4,1,1,1,1,1,1,1,1,4),(2,2),(0.,
0.0615680491881726,0.0923520737822589,0.123136098376345,0.184704147564518,
0.24627219675269,0.369408295129036,0.492544393505381,0.738816590258071,
0.985088787010762),(0.,1.),.UNSPECIFIED.);
#17=B_SPLINE_SURFACE_WITH_KNOTS('',3,1,((#6082,#6083),(#6084,#6085),(#6086,
#6087),(#6088,#6089),(#6090,#6091),(#6092,#6093),(#6094,#6095),(#6096,#6097),
(#6098,#6099),(#6100,#6101),(#6102,#6103),(#6104,#6105)),
 .SURF_OF_LINEAR_EXTRUSION.,.F.,.F.,.F.,(4,1,1,1,1,1,1,1,1,4),(2,2),(0.,
0.0615680491881726,0.0923520737822589,0.123136098376345,0.184704147564518,
0.24627219675269,0.369408295129036,0.492544393505381,0.738816590258071,
0.985088787010762),(0.,1.),.UNSPECIFIED.);
#18=B_SPLINE_SURFACE_WITH_KNOTS('',3,1,((#6108,#6109),(#6110,#6111),(#6112,
#6113),(#6114,#6115),(#6116,#6117),(#6118,#6119),(#6120,#6121),(#6122,#6123),
(#6124,#6125),(#6126,#6127),(#6128,#6129),(#6130,#6131)),
 .SURF_OF_LINEAR_EXTRUSION.,.F.,.F.,.F.,(4,1,1,1,1,1,1,1,1,4),(2,2),(0.,
0.0615680491881726,0.0923520737822589,0.123136098376345,0.184704147564518,
0.24627219675269,0.369408295129036,0.492544393505381,0.738816590258071,
0.985088787010762),(0.,1.),.UNSPECIFIED.);
#19=B_SPLINE_SURFACE_WITH_KNOTS('',3,1,((#6133,#6134),(#6135,#6136),(#6137,
#6138),(#6139,#6140),(#6141,#6142),(#6143,#6144),(#6145,#6146),(#6147,#6148),
(#6149,#6150),(#6151,#6152),(#6153,#6154),(#6155,#6156)),
 .SURF_OF_LINEAR_EXTRUSION.,.F.,.F.,.F.,(4,1,1,1,1,1,1,1,1,4),(2,2),(0.,
0.0615680491881726,0.0923520737822589,0.123136098376345,0.184704147564518,
0.24627219675269,0.369408295129036,0.492544393505381,0.738816590258071,
0.985088787010762),(0.,1.),.UNSPECIFIED.);
#20=B_SPLINE_SURFACE_WITH_KNOTS('',3,1,((#6159,#6160),(#6161,#6162),(#6163,
#6164),(#6165,#6166),(#6167,#6168),(#6169,#6170),(#6171,#6172),(#6173,#6174),
(#6175,#6176),(#6177,#6178),(#6179,#6180),(#6181,#6182)),
 .SURF_OF_LINEAR_EXTRUSION.,.F.,.F.,.F.,(4,1,1,1,1,1,1,1,1,4),(2,2),(0.,
0.0615680491881726,0.0923520737822589,0.123136098376345,0.184704147564518,
0.24627219675269,0.369408295129036,0.492544393505381,0.738816590258071,
0.985088787010762),(0.,1.),.UNSPECIFIED.);
#21=B_SPLINE_SURFACE_WITH_KNOTS('',3,1,((#6184,#6185),(#6186,#6187),(#6188,
#6189),(#6190,#6191),(#6192,#6193),(#6194,#6195),(#6196,#6197),(#6198,#6199),
(#6200,#6201),(#6202,#6203),(#6204,#6205),(#6206,#6207)),
 .SURF_OF_LINEAR_EXTRUSION.,.F.,.F.,.F.,(4,1,1,1,1,1,1,1,1,4),(2,2),(0.,
0.0615680491881726,0.0923520737822589,0.123136098376345,0.184704147564518,
0.24627219675269,0.369408295129036,0.492544393505381,0.738816590258071,
0.985088787010762),(0.,1.),.UNSPECIFIED.);
#22=B_SPLINE_SURFACE_WITH_KNOTS('',3,1,((#6210,#6211),(#6212,#6213),(#6214,
#6215),(#6216,#6217),(#6218,#6219),(#6220,#6221),(#6222,#6223),(#6224,#6225),
(#6226,#6227),(#6228,#6229),(#6230,#6231),(#6232,#6233)),
 .SURF_OF_LINEAR_EXTRUSION.,.F.,.F.,.F.,(4,1,1,1,1,1,1,1,1,4),(2,2),(0.,
0.0615680491881726,0.0923520737822589,0.123136098376345,0.184704147564518,
0.24627219675269,0.369408295129036,0.492544393505381,0.738816590258071,
0.985088787010762),(0.,1.),.UNSPECIFIED.);
#23=B_SPLINE_SURFACE_WITH_KNOTS('',3,1,((#6235,#6236),(#6237,#6238),(#6239,
#6240),(#6241,#6242),(#6243,#6244),(#6245,#6246),(#6247,#6248),(#6249,#6250),
(#6251,#6252),(#6253,#6254),(#6255,#6256),(#6257,#6258)),
 .SURF_OF_LINEAR_EXTRUSION.,.F.,.F.,.F.,(4,1,1,1,1,1,1,1,1,4),(2,2),(0.,
0.0615680491881726,0.0923520737822589,0.123136098376345,0.184704147564518,
0.24627219675269,0.369408295129036,0.492544393505381,0.738816590258071,
0.985088787010762),(0.,1.),.UNSPECIFIED.);
#24=B_SPLINE_SURFACE_WITH_KNOTS('',3,1,((#6261,#6262),(#6263,#6264),(#6265,
#6266),(#6267,#6268),(#6269,#6270),(#6271,#6272),(#6273,#6274),(#6275,#6276),
(#6277,#6278),(#6279,#6280),(#6281,#6282),(#6283,#6284)),
 .SURF_OF_LINEAR_EXTRUSION.,.F.,.F.,.F.,(4,1,1,1,1,1,1,1,1,4),(2,2),(0.,
0.0615680491881726,0.0923520737822589,0.123136098376345,0.184704147564518,
0.24627219675269,0.369408295129036,0.492544393505381,0.738816590258071,
0.985088787010762),(0.,1.),.UNSPECIFIED.);
#25=B_SPLINE_SURFACE_WITH_KNOTS('',3,1,((#6286,#6287),(#6288,#6289),(#6290,
#6291),(#6292,#6293),(#6294,#6295),(#6296,#6297),(#6298,#6299),(#6300,#6301),
(#6302,#6303),(#6304,#6305),(#6306,#6307),(#6308,#6309)),
 .SURF_OF_LINEAR_EXTRUSION.,.F.,.F.,.F.,(4,1,1,1,1,1,1,1,1,4),(2,2),(0.,
0.0615680491881726,0.0923520737822589,0.123136098376345,0.184704147564518,
0.24627219675269,0.369408295129036,0.492544393505381,0.738816590258071,
0.985088787010762),(0.,1.),.UNSPECIFIED.);
#26=B_SPLINE_SURFACE_WITH_KNOTS('',3,1,((#6312,#6313),(#6314,#6315),(#6316,
#6317),(#6318,#6319),(#6320,#6321),(#6322,#6323),(#6324,#6325),(#6326,#6327),
(#6328,#6329),(#6330,#6331),(#6332,#6333),(#6334,#6335)),
 .SURF_OF_LINEAR_EXTRUSION.,.F.,.F.,.F.,(4,1,1,1,1,1,1,1,1,4),(2,2),(0.,
0.0615680491881726,0.0923520737822589,0.123136098376345,0.184704147564518,
0.24627219675269,0.369408295129036,0.492544393505381,0.738816590258071,
0.985088787010762),(0.,1.),.UNSPECIFIED.);
#27=B_SPLINE_SURFACE_WITH_KNOTS('',3,1,((#6337,#6338),(#6339,#6340),(#6341,
#6342),(#6343,#6344),(#6345,#6346),(#6347,#6348),(#6349,#6350),(#6351,#6352),
(#6353,#6354),(#6355,#6356),(#6357,#6358),(#6359,#6360)),
 .SURF_OF_LINEAR_EXTRUSION.,.F.,.F.,.F.,(4,1,1,1,1,1,1,1,1,4),(2,2),(0.,
0.0615680491881726,0.0923520737822589,0.123136098376345,0.184704147564518,
0.24627219675269,0.369408295129036,0.492544393505381,0.738816590258071,
0.985088787010762),(0.,1.),.UNSPECIFIED.);
#28=B_SPLINE_SURFACE_WITH_KNOTS('',3,1,((#6363,#6364),(#6365,#6366),(#6367,
#6368),(#6369,#6370),(#6371,#6372),(#6373,#6374),(#6375,#6376),(#6377,#6378),
(#6379,#6380),(#6381,#6382),(#6383,#6384),(#6385,#6386)),
 .SURF_OF_LINEAR_EXTRUSION.,.F.,.F.,.F.,(4,1,1,1,1,1,1,1,1,4),(2,2),(0.,
0.0615680491881726,0.0923520737822589,0.123136098376345,0.184704147564518,
0.24627219675269,0.369408295129036,0.492544393505381,0.738816590258071,
0.985088787010762),(0.,1.),.UNSPECIFIED.);
#29=B_SPLINE_SURFACE_WITH_KNOTS('',3,1,((#6388,#6389),(#6390,#6391),(#6392,
#6393),(#6394,#6395),(#6396,#6397),(#6398,#6399),(#6400,#6401),(#6402,#6403),
(#6404,#6405),(#6406,#6407),(#6408,#6409),(#6410,#6411)),
 .SURF_OF_LINEAR_EXTRUSION.,.F.,.F.,.F.,(4,1,1,1,1,1,1,1,1,4),(2,2),(0.,
0.0615680491881726,0.0923520737822589,0.123136098376345,0.184704147564518,
0.24627219675269,0.369408295129036,0.492544393505381,0.738816590258071,
0.985088787010762),(0.,1.),.UNSPECIFIED.);
#30=B_SPLINE_SURFACE_WITH_KNOTS('',3,1,((#6414,#6415),(#6416,#6417),(#6418,
#6419),(#6420,#6421),(#6422,#6423),(#6424,#6425),(#6426,#6427),(#6428,#6429),
(#6430,#6431),(#6432,#6433),(#6434,#6435),(#6436,#6437)),
 .SURF_OF_LINEAR_EXTRUSION.,.F.,.F.,.F.,(4,1,1,1,1,1,1,1,1,4),(2,2),(0.,
0.0615680491881726,0.0923520737822589,0.123136098376345,0.184704147564518,
0.24627219675269,0.369408295129036,0.492544393505381,0.738816590258071,
0.985088787010762),(0.,1.),.UNSPECIFIED.);
#31=B_SPLINE_SURFACE_WITH_KNOTS('',3,1,((#6439,#6440),(#6441,#6442),(#6443,
#6444),(#6445,#6446),(#6447,#6448),(#6449,#6450),(#6451,#6452),(#6453,#6454),
(#6455,#6456),(#6457,#6458),(#6459,#6460),(#6461,#6462)),
 .SURF_OF_LINEAR_EXTRUSION.,.F.,.F.,.F.,(4,1,1,1,1,1,1,1,1,4),(2,2),(0.,
0.0615680491881726,0.0923520737822589,0.123136098376345,0.184704147564518,
0.24627219675269,0.369408295129036,0.492544393505381,0.738816590258071,
0.985088787010762),(0.,1.),.UNSPECIFIED.);
#32=B_SPLINE_SURFACE_WITH_KNOTS('',3,1,((#6465,#6466),(#6467,#6468),(#6469,
#6470),(#6471,#6472),(#6473,#6474),(#6475,#6476),(#6477,#6478),(#6479,#6480),
(#6481,#6482),(#6483,#6484),(#6485,#6486),(#6487,#6488)),
 .SURF_OF_LINEAR_EXTRUSION.,.F.,.F.,.F.,(4,1,1,1,1,1,1,1,1,4),(2,2),(0.,
0.0615680491881726,0.0923520737822589,0.123136098376345,0.184704147564518,
0.24627219675269,0.369408295129036,0.492544393505381,0.738816590258071,
0.985088787010762),(0.,1.),.UNSPECIFIED.);
#33=B_SPLINE_SURFACE_WITH_KNOTS('',3,1,((#6490,#6491),(#6492,#6493),(#6494,
#6495),(#6496,#6497),(#6498,#6499),(#6500,#6501),(#6502,#6503),(#6504,#6505),
(#6506,#6507),(#6508,#6509),(#6510,#6511),(#6512,#6513)),
 .SURF_OF_LINEAR_EXTRUSION.,.F.,.F.,.F.,(4,1,1,1,1,1,1,1,1,4),(2,2),(0.,
0.0615680491881726,0.0923520737822589,0.123136098376345,0.184704147564518,
0.24627219675269,0.369408295129036,0.492544393505381,0.738816590258071,
0.985088787010762),(0.,1.),.UNSPECIFIED.);
#34=B_SPLINE_SURFACE_WITH_KNOTS('',3,1,((#6516,#6517),(#6518,#6519),(#6520,
#6521),(#6522,#6523),(#6524,#6525),(#6526,#6527),(#6528,#6529),(#6530,#6531),
(#6532,#6533),(#6534,#6535),(#6536,#6537),(#6538,#6539)),
 .SURF_OF_LINEAR_EXTRUSION.,.F.,.F.,.F.,(4,1,1,1,1,1,1,1,1,4),(2,2),(0.,
0.0615680491881726,0.0923520737822589,0.123136098376345,0.184704147564518,
0.24627219675269,0.369408295129036,0.492544393505381,0.738816590258071,
0.985088787010762),(0.,1.),.UNSPECIFIED.);
#35=B_SPLINE_SURFACE_WITH_KNOTS('',3,1,((#6541,#6542),(#6543,#6544),(#6545,
#6546),(#6547,#6548),(#6549,#6550),(#6551,#6552),(#6553,#6554),(#6555,#6556),
(#6557,#6558),(#6559,#6560),(#6561,#6562),(#6563,#6564)),
 .SURF_OF_LINEAR_EXTRUSION.,.F.,.F.,.F.,(4,1,1,1,1,1,1,1,1,4),(2,2),(0.,
0.0615680491881726,0.0923520737822589,0.123136098376345,0.184704147564518,
0.24627219675269,0.369408295129036,0.492544393505381,0.738816590258071,
0.985088787010762),(0.,1.),.UNSPECIFIED.);
#36=B_SPLINE_SURFACE_WITH_KNOTS('',3,1,((#6567,#6568),(#6569,#6570),(#6571,
#6572),(#6573,#6574),(#6575,#6576),(#6577,#6578),(#6579,#6580),(#6581,#6582),
(#6583,#6584),(#6585,#6586),(#6587,#6588),(#6589,#6590)),
 .SURF_OF_LINEAR_EXTRUSION.,.F.,.F.,.F.,(4,1,1,1,1,1,1,1,1,4),(2,2),(0.,
0.0615680491881726,0.0923520737822589,0.123136098376345,0.184704147564518,
0.24627219675269,0.369408295129036,0.492544393505381,0.738816590258071,
0.985088787010762),(0.,1.),.UNSPECIFIED.);
#37=B_SPLINE_SURFACE_WITH_KNOTS('',3,1,((#6592,#6593),(#6594,#6595),(#6596,
#6597),(#6598,#6599),(#6600,#6601),(#6602,#6603),(#6604,#6605),(#6606,#6607),
(#6608,#6609),(#6610,#6611),(#6612,#6613),(#6614,#6615)),
 .SURF_OF_LINEAR_EXTRUSION.,.F.,.F.,.F.,(4,1,1,1,1,1,1,1,1,4),(2,2),(0.,
0.0615680491881726,0.0923520737822589,0.123136098376345,0.184704147564518,
0.24627219675269,0.369408295129036,0.492544393505381,0.738816590258071,
0.985088787010762),(0.,1.),.UNSPECIFIED.);
#38=B_SPLINE_SURFACE_WITH_KNOTS('',3,1,((#6618,#6619),(#6620,#6621),(#6622,
#6623),(#6624,#6625),(#6626,#6627),(#6628,#6629),(#6630,#6631),(#6632,#6633),
(#6634,#6635),(#6636,#6637),(#6638,#6639),(#6640,#6641)),
 .SURF_OF_LINEAR_EXTRUSION.,.F.,.F.,.F.,(4,1,1,1,1,1,1,1,1,4),(2,2),(0.,
0.0615680491881726,0.0923520737822589,0.123136098376345,0.184704147564518,
0.24627219675269,0.369408295129036,0.492544393505381,0.738816590258071,
0.985088787010762),(0.,1.),.UNSPECIFIED.);
#39=B_SPLINE_SURFACE_WITH_KNOTS('',3,1,((#6643,#6644),(#6645,#6646),(#6647,
#6648),(#6649,#6650),(#6651,#6652),(#6653,#6654),(#6655,#6656),(#6657,#6658),
(#6659,#6660),(#6661,#6662),(#6663,#6664),(#6665,#6666)),
 .SURF_OF_LINEAR_EXTRUSION.,.F.,.F.,.F.,(4,1,1,1,1,1,1,1,1,4),(2,2),(0.,
0.0615680491881726,0.0923520737822589,0.123136098376345,0.184704147564518,
0.24627219675269,0.369408295129036,0.492544393505381,0.738816590258071,
0.985088787010762),(0.,1.),.UNSPECIFIED.);
#40=B_SPLINE_SURFACE_WITH_KNOTS('',3,1,((#6669,#6670),(#6671,#6672),(#6673,
#6674),(#6675,#6676),(#6677,#6678),(#6679,#6680),(#6681,#6682),(#6683,#6684),
(#6685,#6686),(#6687,#6688),(#6689,#6690),(#6691,#6692)),
 .SURF_OF_LINEAR_EXTRUSION.,.F.,.F.,.F.,(4,1,1,1,1,1,1,1,1,4),(2,2),(0.,
0.0615680491881726,0.0923520737822589,0.123136098376345,0.184704147564518,
0.24627219675269,0.369408295129036,0.492544393505381,0.738816590258071,
0.985088787010762),(0.,1.),.UNSPECIFIED.);
#41=B_SPLINE_SURFACE_WITH_KNOTS('',3,1,((#6694,#6695),(#6696,#6697),(#6698,
#6699),(#6700,#6701),(#6702,#6703),(#6704,#6705),(#6706,#6707),(#6708,#6709),
(#6710,#6711),(#6712,#6713),(#6714,#6715),(#6716,#6717)),
 .SURF_OF_LINEAR_EXTRUSION.,.F.,.F.,.F.,(4,1,1,1,1,1,1,1,1,4),(2,2),(0.,
0.0615680491881726,0.0923520737822589,0.123136098376345,0.184704147564518,
0.24627219675269,0.369408295129036,0.492544393505381,0.738816590258071,
0.985088787010762),(0.,1.),.UNSPECIFIED.);
#42=B_SPLINE_SURFACE_WITH_KNOTS('',3,1,((#6720,#6721),(#6722,#6723),(#6724,
#6725),(#6726,#6727),(#6728,#6729),(#6730,#6731),(#6732,#6733),(#6734,#6735),
(#6736,#6737),(#6738,#6739),(#6740,#6741),(#6742,#6743)),
 .SURF_OF_LINEAR_EXTRUSION.,.F.,.F.,.F.,(4,1,1,1,1,1,1,1,1,4),(2,2),(0.,
0.0615680491881726,0.0923520737822589,0.123136098376345,0.184704147564518,
0.24627219675269,0.369408295129036,0.492544393505381,0.738816590258071,
0.985088787010762),(0.,1.),.UNSPECIFIED.);
#43=B_SPLINE_SURFACE_WITH_KNOTS('',3,1,((#6745,#6746),(#6747,#6748),(#6749,
#6750),(#6751,#6752),(#6753,#6754),(#6755,#6756),(#6757,#6758),(#6759,#6760),
(#6761,#6762),(#6763,#6764),(#6765,#6766),(#6767,#6768)),
 .SURF_OF_LINEAR_EXTRUSION.,.F.,.F.,.F.,(4,1,1,1,1,1,1,1,1,4),(2,2),(0.,
0.0615680491881726,0.0923520737822589,0.123136098376345,0.184704147564518,
0.24627219675269,0.369408295129036,0.492544393505381,0.738816590258071,
0.985088787010762),(0.,1.),.UNSPECIFIED.);
#44=B_SPLINE_SURFACE_WITH_KNOTS('',3,1,((#6771,#6772),(#6773,#6774),(#6775,
#6776),(#6777,#6778),(#6779,#6780),(#6781,#6782),(#6783,#6784),(#6785,#6786),
(#6787,#6788),(#6789,#6790),(#6791,#6792),(#6793,#6794)),
 .SURF_OF_LINEAR_EXTRUSION.,.F.,.F.,.F.,(4,1,1,1,1,1,1,1,1,4),(2,2),(0.,
0.0615680491881726,0.0923520737822589,0.123136098376345,0.184704147564518,
0.24627219675269,0.369408295129036,0.492544393505381,0.738816590258071,
0.985088787010762),(0.,1.),.UNSPECIFIED.);
#45=B_SPLINE_SURFACE_WITH_KNOTS('',3,1,((#6796,#6797),(#6798,#6799),(#6800,
#6801),(#6802,#6803),(#6804,#6805),(#6806,#6807),(#6808,#6809),(#6810,#6811),
(#6812,#6813),(#6814,#6815),(#6816,#6817),(#6818,#6819)),
 .SURF_OF_LINEAR_EXTRUSION.,.F.,.F.,.F.,(4,1,1,1,1,1,1,1,1,4),(2,2),(0.,
0.0615680491881726,0.0923520737822589,0.123136098376345,0.184704147564518,
0.24627219675269,0.369408295129036,0.492544393505381,0.738816590258071,
0.985088787010762),(0.,1.),.UNSPECIFIED.);
#46=B_SPLINE_SURFACE_WITH_KNOTS('',3,1,((#6822,#6823),(#6824,#6825),(#6826,
#6827),(#6828,#6829),(#6830,#6831),(#6832,#6833),(#6834,#6835),(#6836,#6837),
(#6838,#6839),(#6840,#6841),(#6842,#6843),(#6844,#6845)),
 .SURF_OF_LINEAR_EXTRUSION.,.F.,.F.,.F.,(4,1,1,1,1,1,1,1,1,4),(2,2),(0.,
0.0615680491881726,0.0923520737822589,0.123136098376345,0.184704147564518,
0.24627219675269,0.369408295129036,0.492544393505381,0.738816590258071,
0.985088787010762),(0.,1.),.UNSPECIFIED.);
#47=B_SPLINE_SURFACE_WITH_KNOTS('',3,1,((#6847,#6848),(#6849,#6850),(#6851,
#6852),(#6853,#6854),(#6855,#6856),(#6857,#6858),(#6859,#6860),(#6861,#6862),
(#6863,#6864),(#6865,#6866),(#6867,#6868),(#6869,#6870)),
 .SURF_OF_LINEAR_EXTRUSION.,.F.,.F.,.F.,(4,1,1,1,1,1,1,1,1,4),(2,2),(0.,
0.0615680491881726,0.0923520737822589,0.123136098376345,0.184704147564518,
0.24627219675269,0.369408295129036,0.492544393505381,0.738816590258071,
0.985088787010762),(0.,1.),.UNSPECIFIED.);
#48=B_SPLINE_SURFACE_WITH_KNOTS('',3,1,((#6873,#6874),(#6875,#6876),(#6877,
#6878),(#6879,#6880),(#6881,#6882),(#6883,#6884),(#6885,#6886),(#6887,#6888),
(#6889,#6890),(#6891,#6892),(#6893,#6894),(#6895,#6896)),
 .SURF_OF_LINEAR_EXTRUSION.,.F.,.F.,.F.,(4,1,1,1,1,1,1,1,1,4),(2,2),(0.,
0.0615680491881726,0.0923520737822589,0.123136098376345,0.184704147564518,
0.24627219675269,0.369408295129036,0.492544393505381,0.738816590258071,
0.985088787010762),(0.,1.),.UNSPECIFIED.);
#49=B_SPLINE_SURFACE_WITH_KNOTS('',3,1,((#6898,#6899),(#6900,#6901),(#6902,
#6903),(#6904,#6905),(#6906,#6907),(#6908,#6909),(#6910,#6911),(#6912,#6913),
(#6914,#6915),(#6916,#6917),(#6918,#6919),(#6920,#6921)),
 .SURF_OF_LINEAR_EXTRUSION.,.F.,.F.,.F.,(4,1,1,1,1,1,1,1,1,4),(2,2),(0.,
0.0615680491881726,0.0923520737822589,0.123136098376345,0.184704147564518,
0.24627219675269,0.369408295129036,0.492544393505381,0.738816590258071,
0.985088787010762),(0.,1.),.UNSPECIFIED.);
#50=B_SPLINE_SURFACE_WITH_KNOTS('',3,1,((#6924,#6925),(#6926,#6927),(#6928,
#6929),(#6930,#6931),(#6932,#6933),(#6934,#6935),(#6936,#6937),(#6938,#6939),
(#6940,#6941),(#6942,#6943),(#6944,#6945),(#6946,#6947)),
 .SURF_OF_LINEAR_EXTRUSION.,.F.,.F.,.F.,(4,1,1,1,1,1,1,1,1,4),(2,2),(0.,
0.0615680491881726,0.0923520737822589,0.123136098376345,0.184704147564518,
0.24627219675269,0.369408295129036,0.492544393505381,0.738816590258071,
0.985088787010762),(0.,1.),.UNSPECIFIED.);
#51=B_SPLINE_SURFACE_WITH_KNOTS('',3,1,((#6949,#6950),(#6951,#6952),(#6953,
#6954),(#6955,#6956),(#6957,#6958),(#6959,#6960),(#6961,#6962),(#6963,#6964),
(#6965,#6966),(#6967,#6968),(#6969,#6970),(#6971,#6972)),
 .SURF_OF_LINEAR_EXTRUSION.,.F.,.F.,.F.,(4,1,1,1,1,1,1,1,1,4),(2,2),(0.,
0.0615680491881726,0.0923520737822589,0.123136098376345,0.184704147564518,
0.24627219675269,0.369408295129036,0.492544393505381,0.738816590258071,
0.985088787010762),(0.,1.),.UNSPECIFIED.);
#52=B_SPLINE_SURFACE_WITH_KNOTS('',3,1,((#6975,#6976),(#6977,#6978),(#6979,
#6980),(#6981,#6982),(#6983,#6984),(#6985,#6986),(#6987,#6988),(#6989,#6990),
(#6991,#6992),(#6993,#6994),(#6995,#6996),(#6997,#6998)),
 .SURF_OF_LINEAR_EXTRUSION.,.F.,.F.,.F.,(4,1,1,1,1,1,1,1,1,4),(2,2),(0.,
0.0615680491881726,0.0923520737822589,0.123136098376345,0.184704147564518,
0.24627219675269,0.369408295129036,0.492544393505381,0.738816590258071,
0.985088787010762),(0.,1.),.UNSPECIFIED.);
#53=B_SPLINE_SURFACE_WITH_KNOTS('',3,1,((#7000,#7001),(#7002,#7003),(#7004,
#7005),(#7006,#7007),(#7008,#7009),(#7010,#7011),(#7012,#7013),(#7014,#7015),
(#7016,#7017),(#7018,#7019),(#7020,#7021),(#7022,#7023)),
 .SURF_OF_LINEAR_EXTRUSION.,.F.,.F.,.F.,(4,1,1,1,1,1,1,1,1,4),(2,2),(0.,
0.0615680491881726,0.0923520737822589,0.123136098376345,0.184704147564518,
0.24627219675269,0.369408295129036,0.492544393505381,0.738816590258071,
0.985088787010762),(0.,1.),.UNSPECIFIED.);
#54=B_SPLINE_SURFACE_WITH_KNOTS('',3,1,((#7026,#7027),(#7028,#7029),(#7030,
#7031),(#7032,#7033),(#7034,#7035),(#7036,#7037),(#7038,#7039),(#7040,#7041),
(#7042,#7043),(#7044,#7045),(#7046,#7047),(#7048,#7049)),
 .SURF_OF_LINEAR_EXTRUSION.,.F.,.F.,.F.,(4,1,1,1,1,1,1,1,1,4),(2,2),(0.,
0.0615680491881726,0.0923520737822589,0.123136098376345,0.184704147564518,
0.24627219675269,0.369408295129036,0.492544393505381,0.738816590258071,
0.985088787010762),(0.,1.),.UNSPECIFIED.);
#55=B_SPLINE_SURFACE_WITH_KNOTS('',3,1,((#7051,#7052),(#7053,#7054),(#7055,
#7056),(#7057,#7058),(#7059,#7060),(#7061,#7062),(#7063,#7064),(#7065,#7066),
(#7067,#7068),(#7069,#7070),(#7071,#7072),(#7073,#7074)),
 .SURF_OF_LINEAR_EXTRUSION.,.F.,.F.,.F.,(4,1,1,1,1,1,1,1,1,4),(2,2),(0.,
0.0615680491881726,0.0923520737822589,0.123136098376345,0.184704147564518,
0.24627219675269,0.369408295129036,0.492544393505381,0.738816590258071,
0.985088787010762),(0.,1.),.UNSPECIFIED.);
#56=B_SPLINE_SURFACE_WITH_KNOTS('',3,1,((#7077,#7078),(#7079,#7080),(#7081,
#7082),(#7083,#7084),(#7085,#7086),(#7087,#7088),(#7089,#7090),(#7091,#7092),
(#7093,#7094),(#7095,#7096),(#7097,#7098),(#7099,#7100)),
 .SURF_OF_LINEAR_EXTRUSION.,.F.,.F.,.F.,(4,1,1,1,1,1,1,1,1,4),(2,2),(0.,
0.0615680491881726,0.0923520737822589,0.123136098376345,0.184704147564518,
0.24627219675269,0.369408295129036,0.492544393505381,0.738816590258071,
0.985088787010762),(0.,1.),.UNSPECIFIED.);
#57=B_SPLINE_SURFACE_WITH_KNOTS('',3,1,((#7102,#7103),(#7104,#7105),(#7106,
#7107),(#7108,#7109),(#7110,#7111),(#7112,#7113),(#7114,#7115),(#7116,#7117),
(#7118,#7119),(#7120,#7121),(#7122,#7123),(#7124,#7125)),
 .SURF_OF_LINEAR_EXTRUSION.,.F.,.F.,.F.,(4,1,1,1,1,1,1,1,1,4),(2,2),(0.,
0.0615680491881726,0.0923520737822589,0.123136098376345,0.184704147564518,
0.24627219675269,0.369408295129036,0.492544393505381,0.738816590258071,
0.985088787010762),(0.,1.),.UNSPECIFIED.);
#58=B_SPLINE_SURFACE_WITH_KNOTS('',3,1,((#7128,#7129),(#7130,#7131),(#7132,
#7133),(#7134,#7135),(#7136,#7137),(#7138,#7139),(#7140,#7141),(#7142,#7143),
(#7144,#7145),(#7146,#7147),(#7148,#7149),(#7150,#7151)),
 .SURF_OF_LINEAR_EXTRUSION.,.F.,.F.,.F.,(4,1,1,1,1,1,1,1,1,4),(2,2),(0.,
0.0615680491881726,0.0923520737822589,0.123136098376345,0.184704147564518,
0.24627219675269,0.369408295129036,0.492544393505381,0.738816590258071,
0.985088787010762),(0.,1.),.UNSPECIFIED.);
#59=B_SPLINE_SURFACE_WITH_KNOTS('',3,1,((#7153,#7154),(#7155,#7156),(#7157,
#7158),(#7159,#7160),(#7161,#7162),(#7163,#7164),(#7165,#7166),(#7167,#7168),
(#7169,#7170),(#7171,#7172),(#7173,#7174),(#7175,#7176)),
 .SURF_OF_LINEAR_EXTRUSION.,.F.,.F.,.F.,(4,1,1,1,1,1,1,1,1,4),(2,2),(0.,
0.0615680491881726,0.0923520737822589,0.123136098376345,0.184704147564518,
0.24627219675269,0.369408295129036,0.492544393505381,0.738816590258071,
0.985088787010762),(0.,1.),.UNSPECIFIED.);
#60=CYLINDRICAL_SURFACE('',#1995,0.013);
#61=CYLINDRICAL_SURFACE('',#1997,0.013);
#62=CYLINDRICAL_SURFACE('',#1999,0.013);
#63=CYLINDRICAL_SURFACE('',#2001,0.013);
#64=CYLINDRICAL_SURFACE('',#2003,0.013);
#65=CYLINDRICAL_SURFACE('',#2005,0.013);
#66=CYLINDRICAL_SURFACE('',#2007,0.013);
#67=CYLINDRICAL_SURFACE('',#2009,0.013);
#68=CYLINDRICAL_SURFACE('',#2011,0.013);
#69=CYLINDRICAL_SURFACE('',#2013,0.013);
#70=CYLINDRICAL_SURFACE('',#2015,0.013);
#71=CYLINDRICAL_SURFACE('',#2017,0.013);
#72=CYLINDRICAL_SURFACE('',#2019,0.013);
#73=CYLINDRICAL_SURFACE('',#2021,0.013);
#74=CYLINDRICAL_SURFACE('',#2023,0.013);
#75=CYLINDRICAL_SURFACE('',#2025,0.013);
#76=CYLINDRICAL_SURFACE('',#2027,0.013);
#77=CYLINDRICAL_SURFACE('',#2029,0.013);
#78=CYLINDRICAL_SURFACE('',#2031,0.013);
#79=CYLINDRICAL_SURFACE('',#2033,0.013);
#80=CYLINDRICAL_SURFACE('',#2035,0.013);
#81=CYLINDRICAL_SURFACE('',#2037,0.013);
#82=CYLINDRICAL_SURFACE('',#2039,0.013);
#83=CYLINDRICAL_SURFACE('',#2067,0.013);
#84=CYLINDRICAL_SURFACE('',#2068,0.0107499999999996);
#85=CYLINDRICAL_SURFACE('',#2069,0.0107499999999996);
#86=CYLINDRICAL_SURFACE('',#2070,0.0107499999999996);
#87=CYLINDRICAL_SURFACE('',#2071,0.0107499999999996);
#88=CYLINDRICAL_SURFACE('',#2072,0.0107499999999996);
#89=CYLINDRICAL_SURFACE('',#2073,0.0107499999999996);
#90=CYLINDRICAL_SURFACE('',#2074,0.0107499999999996);
#91=CYLINDRICAL_SURFACE('',#2075,0.0107499999999996);
#92=CYLINDRICAL_SURFACE('',#2076,0.0107499999999996);
#93=CYLINDRICAL_SURFACE('',#2077,0.0107499999999996);
#94=CYLINDRICAL_SURFACE('',#2078,0.0107499999999996);
#95=CYLINDRICAL_SURFACE('',#2079,0.0107499999999996);
#96=CYLINDRICAL_SURFACE('',#2080,0.0107499999999996);
#97=CYLINDRICAL_SURFACE('',#2081,0.0107499999999996);
#98=CYLINDRICAL_SURFACE('',#2082,0.0107499999999996);
#99=CYLINDRICAL_SURFACE('',#2083,0.0107499999999996);
#100=CYLINDRICAL_SURFACE('',#2084,0.0107499999999996);
#101=CYLINDRICAL_SURFACE('',#2085,0.0107499999999996);
#102=CYLINDRICAL_SURFACE('',#2086,0.0107499999999996);
#103=CYLINDRICAL_SURFACE('',#2087,0.0107499999999996);
#104=CYLINDRICAL_SURFACE('',#2088,0.0107499999999996);
#105=CYLINDRICAL_SURFACE('',#2089,0.0107499999999996);
#106=CYLINDRICAL_SURFACE('',#2090,0.0107499999999996);
#107=CYLINDRICAL_SURFACE('',#2091,0.0107499999999996);
#108=CYLINDRICAL_SURFACE('',#2093,0.0035);
#109=LINE('',#4194,#215);
#110=LINE('',#4197,#216);
#111=LINE('',#4201,#217);
#112=LINE('',#4203,#218);
#113=LINE('',#4205,#219);
#114=LINE('',#4209,#220);
#115=LINE('',#4213,#221);
#116=LINE('',#4215,#222);
#117=LINE('',#4217,#223);
#118=LINE('',#4221,#224);
#119=LINE('',#4225,#225);
#120=LINE('',#4227,#226);
#121=LINE('',#4229,#227);
#122=LINE('',#4233,#228);
#123=LINE('',#4235,#229);
#124=LINE('',#4239,#230);
#125=LINE('',#4241,#231);
#126=LINE('',#4245,#232);
#127=LINE('',#4249,#233);
#128=LINE('',#4251,#234);
#129=LINE('',#4253,#235);
#130=LINE('',#4257,#236);
#131=LINE('',#4259,#237);
#132=LINE('',#4263,#238);
#133=LINE('',#4265,#239);
#134=LINE('',#4269,#240);
#135=LINE('',#4271,#241);
#136=LINE('',#4275,#242);
#137=LINE('',#4277,#243);
#138=LINE('',#4281,#244);
#139=LINE('',#4285,#245);
#140=LINE('',#4287,#246);
#141=LINE('',#4289,#247);
#142=LINE('',#4293,#248);
#143=LINE('',#4297,#249);
#144=LINE('',#4299,#250);
#145=LINE('',#4301,#251);
#146=LINE('',#4305,#252);
#147=LINE('',#4307,#253);
#148=LINE('',#4311,#254);
#149=LINE('',#4315,#255);
#150=LINE('',#4317,#256);
#151=LINE('',#4319,#257);
#152=LINE('',#4323,#258);
#153=LINE('',#4325,#259);
#154=LINE('',#4329,#260);
#155=LINE('',#4331,#261);
#156=LINE('',#4335,#262);
#157=LINE('',#4339,#263);
#158=LINE('',#5953,#264);
#159=LINE('',#5954,#265);
#160=LINE('',#5979,#266);
#161=LINE('',#6004,#267);
#162=LINE('',#6030,#268);
#163=LINE('',#6055,#269);
#164=LINE('',#6081,#270);
#165=LINE('',#6106,#271);
#166=LINE('',#6132,#272);
#167=LINE('',#6157,#273);
#168=LINE('',#6183,#274);
#169=LINE('',#6208,#275);
#170=LINE('',#6234,#276);
#171=LINE('',#6259,#277);
#172=LINE('',#6285,#278);
#173=LINE('',#6310,#279);
#174=LINE('',#6336,#280);
#175=LINE('',#6361,#281);
#176=LINE('',#6387,#282);
#177=LINE('',#6412,#283);
#178=LINE('',#6438,#284);
#179=LINE('',#6463,#285);
#180=LINE('',#6489,#286);
#181=LINE('',#6514,#287);
#182=LINE('',#6540,#288);
#183=LINE('',#6565,#289);
#184=LINE('',#6591,#290);
#185=LINE('',#6616,#291);
#186=LINE('',#6642,#292);
#187=LINE('',#6667,#293);
#188=LINE('',#6693,#294);
#189=LINE('',#6718,#295);
#190=LINE('',#6744,#296);
#191=LINE('',#6769,#297);
#192=LINE('',#6795,#298);
#193=LINE('',#6820,#299);
#194=LINE('',#6846,#300);
#195=LINE('',#6871,#301);
#196=LINE('',#6897,#302);
#197=LINE('',#6922,#303);
#198=LINE('',#6948,#304);
#199=LINE('',#6973,#305);
#200=LINE('',#6999,#306);
#201=LINE('',#7024,#307);
#202=LINE('',#7050,#308);
#203=LINE('',#7075,#309);
#204=LINE('',#7101,#310);
#205=LINE('',#7126,#311);
#206=LINE('',#7152,#312);
#207=LINE('',#7177,#313);
#208=LINE('',#7180,#314);
#209=LINE('',#7183,#315);
#210=LINE('',#7184,#316);
#211=LINE('',#7188,#317);
#212=LINE('',#7190,#318);
#213=LINE('',#7192,#319);
#214=LINE('',#7194,#320);
#215=VECTOR('',#2198,1.);
#216=VECTOR('',#2199,1.);
#217=VECTOR('',#2202,1.);
#218=VECTOR('',#2205,1.);
#219=VECTOR('',#2206,1.);
#220=VECTOR('',#2211,1.);
#221=VECTOR('',#2214,1.);
#222=VECTOR('',#2217,1.);
#223=VECTOR('',#2218,1.);
#224=VECTOR('',#2223,1.);
#225=VECTOR('',#2226,1.);
#226=VECTOR('',#2229,1.);
#227=VECTOR('',#2230,1.);
#228=VECTOR('',#2235,1.);
#229=VECTOR('',#2236,1.);
#230=VECTOR('',#2241,1.);
#231=VECTOR('',#2242,1.);
#232=VECTOR('',#2247,1.);
#233=VECTOR('',#2250,1.);
#234=VECTOR('',#2253,1.);
#235=VECTOR('',#2254,1.);
#236=VECTOR('',#2259,1.);
#237=VECTOR('',#2260,1.);
#238=VECTOR('',#2265,1.);
#239=VECTOR('',#2266,1.);
#240=VECTOR('',#2271,1.);
#241=VECTOR('',#2272,1.);
#242=VECTOR('',#2277,1.);
#243=VECTOR('',#2278,1.);
#244=VECTOR('',#2283,1.);
#245=VECTOR('',#2286,1.);
#246=VECTOR('',#2289,1.);
#247=VECTOR('',#2290,1.);
#248=VECTOR('',#2295,1.);
#249=VECTOR('',#2298,1.);
#250=VECTOR('',#2301,1.);
#251=VECTOR('',#2302,1.);
#252=VECTOR('',#2307,1.);
#253=VECTOR('',#2308,1.);
#254=VECTOR('',#2313,1.);
#255=VECTOR('',#2316,1.);
#256=VECTOR('',#2319,1.);
#257=VECTOR('',#2320,1.);
#258=VECTOR('',#2325,1.);
#259=VECTOR('',#2326,1.);
#260=VECTOR('',#2331,1.);
#261=VECTOR('',#2332,1.);
#262=VECTOR('',#2337,1.);
#263=VECTOR('',#2340,1.);
#264=VECTOR('',#2395,1.);
#265=VECTOR('',#2396,1.);
#266=VECTOR('',#2397,1.);
#267=VECTOR('',#2398,1.);
#268=VECTOR('',#2401,1.);
#269=VECTOR('',#2402,1.);
#270=VECTOR('',#2405,1.);
#271=VECTOR('',#2406,1.);
#272=VECTOR('',#2409,1.);
#273=VECTOR('',#2410,1.);
#274=VECTOR('',#2413,1.);
#275=VECTOR('',#2414,1.);
#276=VECTOR('',#2417,1.);
#277=VECTOR('',#2418,1.);
#278=VECTOR('',#2421,1.);
#279=VECTOR('',#2422,1.);
#280=VECTOR('',#2425,1.);
#281=VECTOR('',#2426,1.);
#282=VECTOR('',#2429,1.);
#283=VECTOR('',#2430,1.);
#284=VECTOR('',#2433,1.);
#285=VECTOR('',#2434,1.);
#286=VECTOR('',#2437,1.);
#287=VECTOR('',#2438,1.);
#288=VECTOR('',#2441,1.);
#289=VECTOR('',#2442,1.);
#290=VECTOR('',#2445,1.);
#291=VECTOR('',#2446,1.);
#292=VECTOR('',#2449,1.);
#293=VECTOR('',#2450,1.);
#294=VECTOR('',#2453,1.);
#295=VECTOR('',#2454,1.);
#296=VECTOR('',#2457,1.);
#297=VECTOR('',#2458,1.);
#298=VECTOR('',#2461,1.);
#299=VECTOR('',#2462,1.);
#300=VECTOR('',#2465,1.);
#301=VECTOR('',#2466,1.);
#302=VECTOR('',#2469,1.);
#303=VECTOR('',#2470,1.);
#304=VECTOR('',#2473,1.);
#305=VECTOR('',#2474,1.);
#306=VECTOR('',#2477,1.);
#307=VECTOR('',#2478,1.);
#308=VECTOR('',#2481,1.);
#309=VECTOR('',#2482,1.);
#310=VECTOR('',#2485,1.);
#311=VECTOR('',#2486,1.);
#312=VECTOR('',#2489,1.);
#313=VECTOR('',#2490,1.);
#314=VECTOR('',#2495,1.);
#315=VECTOR('',#2496,1.);
#316=VECTOR('',#2497,1.);
#317=VECTOR('',#2502,1.);
#318=VECTOR('',#2505,1.);
#319=VECTOR('',#2506,1.);
#320=VECTOR('',#2509,1.);
#321=CIRCLE('',#1946,0.0107499999999996);
#322=CIRCLE('',#1947,0.013);
#323=CIRCLE('',#1948,0.0107499999999996);
#324=CIRCLE('',#1949,0.013);
#325=CIRCLE('',#1950,0.0107499999999996);
#326=CIRCLE('',#1951,0.013);
#327=CIRCLE('',#1952,0.0107499999999996);
#328=CIRCLE('',#1953,0.013);
#329=CIRCLE('',#1954,0.0107499999999996);
#330=CIRCLE('',#1955,0.013);
#331=CIRCLE('',#1956,0.0107499999999996);
#332=CIRCLE('',#1957,0.013);
#333=CIRCLE('',#1958,0.0107499999999996);
#334=CIRCLE('',#1959,0.013);
#335=CIRCLE('',#1960,0.0107499999999996);
#336=CIRCLE('',#1961,0.013);
#337=CIRCLE('',#1962,0.0107499999999996);
#338=CIRCLE('',#1963,0.013);
#339=CIRCLE('',#1964,0.0107499999999996);
#340=CIRCLE('',#1965,0.013);
#341=CIRCLE('',#1966,0.0107499999999996);
#342=CIRCLE('',#1967,0.013);
#343=CIRCLE('',#1968,0.0107499999999996);
#344=CIRCLE('',#1969,0.013);
#345=CIRCLE('',#1970,0.0107499999999996);
#346=CIRCLE('',#1971,0.013);
#347=CIRCLE('',#1972,0.0107499999999996);
#348=CIRCLE('',#1973,0.013);
#349=CIRCLE('',#1974,0.0107499999999996);
#350=CIRCLE('',#1975,0.013);
#351=CIRCLE('',#1976,0.0107499999999996);
#352=CIRCLE('',#1977,0.013);
#353=CIRCLE('',#1978,0.0107499999999996);
#354=CIRCLE('',#1979,0.013);
#355=CIRCLE('',#1980,0.0107499999999996);
#356=CIRCLE('',#1981,0.013);
#357=CIRCLE('',#1982,0.0107499999999996);
#358=CIRCLE('',#1983,0.013);
#359=CIRCLE('',#1984,0.0107499999999996);
#360=CIRCLE('',#1985,0.013);
#361=CIRCLE('',#1986,0.0107499999999996);
#362=CIRCLE('',#1987,0.013);
#363=CIRCLE('',#1988,0.0107499999999996);
#364=CIRCLE('',#1989,0.013);
#365=CIRCLE('',#1990,0.0107499999999996);
#366=CIRCLE('',#1991,0.013);
#367=CIRCLE('',#1992,0.0107499999999996);
#368=CIRCLE('',#1993,0.013);
#369=CIRCLE('',#1994,0.0035);
#370=CIRCLE('',#1996,0.013);
#371=CIRCLE('',#1998,0.013);
#372=CIRCLE('',#2000,0.013);
#373=CIRCLE('',#2002,0.013);
#374=CIRCLE('',#2004,0.013);
#375=CIRCLE('',#2006,0.013);
#376=CIRCLE('',#2008,0.013);
#377=CIRCLE('',#2010,0.013);
#378=CIRCLE('',#2012,0.013);
#379=CIRCLE('',#2014,0.013);
#380=CIRCLE('',#2016,0.013);
#381=CIRCLE('',#2018,0.013);
#382=CIRCLE('',#2020,0.013);
#383=CIRCLE('',#2022,0.013);
#384=CIRCLE('',#2024,0.013);
#385=CIRCLE('',#2026,0.013);
#386=CIRCLE('',#2028,0.013);
#387=CIRCLE('',#2030,0.013);
#388=CIRCLE('',#2032,0.013);
#389=CIRCLE('',#2034,0.013);
#390=CIRCLE('',#2036,0.013);
#391=CIRCLE('',#2038,0.013);
#392=CIRCLE('',#2040,0.013);
#393=CIRCLE('',#2042,0.0107499999999996);
#394=CIRCLE('',#2043,0.0107499999999996);
#395=CIRCLE('',#2044,0.0107499999999996);
#396=CIRCLE('',#2045,0.0107499999999996);
#397=CIRCLE('',#2046,0.0107499999999996);
#398=CIRCLE('',#2047,0.0107499999999996);
#399=CIRCLE('',#2048,0.0107499999999996);
#400=CIRCLE('',#2049,0.0107499999999996);
#401=CIRCLE('',#2050,0.0107499999999996);
#402=CIRCLE('',#2051,0.0107499999999996);
#403=CIRCLE('',#2052,0.0107499999999996);
#404=CIRCLE('',#2053,0.0107499999999996);
#405=CIRCLE('',#2054,0.0107499999999996);
#406=CIRCLE('',#2055,0.0107499999999996);
#407=CIRCLE('',#2056,0.013);
#408=CIRCLE('',#2057,0.0107499999999996);
#409=CIRCLE('',#2058,0.0107499999999996);
#410=CIRCLE('',#2059,0.0107499999999996);
#411=CIRCLE('',#2060,0.0107499999999996);
#412=CIRCLE('',#2061,0.0107499999999996);
#413=CIRCLE('',#2062,0.0107499999999996);
#414=CIRCLE('',#2063,0.0107499999999996);
#415=CIRCLE('',#2064,0.0107499999999996);
#416=CIRCLE('',#2065,0.0107499999999996);
#417=CIRCLE('',#2066,0.0107499999999996);
#418=CIRCLE('',#2094,0.0035);
#419=ORIENTED_EDGE('',*,*,#1019,.F.);
#420=ORIENTED_EDGE('',*,*,#1020,.T.);
#421=ORIENTED_EDGE('',*,*,#1021,.T.);
#422=ORIENTED_EDGE('',*,*,#1022,.T.);
#423=ORIENTED_EDGE('',*,*,#1023,.F.);
#424=ORIENTED_EDGE('',*,*,#1024,.T.);
#425=ORIENTED_EDGE('',*,*,#1025,.T.);
#426=ORIENTED_EDGE('',*,*,#1026,.T.);
#427=ORIENTED_EDGE('',*,*,#1027,.F.);
#428=ORIENTED_EDGE('',*,*,#1028,.T.);
#429=ORIENTED_EDGE('',*,*,#1029,.T.);
#430=ORIENTED_EDGE('',*,*,#1030,.T.);
#431=ORIENTED_EDGE('',*,*,#1031,.F.);
#432=ORIENTED_EDGE('',*,*,#1032,.T.);
#433=ORIENTED_EDGE('',*,*,#1033,.T.);
#434=ORIENTED_EDGE('',*,*,#1034,.T.);
#435=ORIENTED_EDGE('',*,*,#1035,.F.);
#436=ORIENTED_EDGE('',*,*,#1036,.T.);
#437=ORIENTED_EDGE('',*,*,#1037,.T.);
#438=ORIENTED_EDGE('',*,*,#1038,.T.);
#439=ORIENTED_EDGE('',*,*,#1039,.F.);
#440=ORIENTED_EDGE('',*,*,#1040,.T.);
#441=ORIENTED_EDGE('',*,*,#1041,.T.);
#442=ORIENTED_EDGE('',*,*,#1042,.T.);
#443=ORIENTED_EDGE('',*,*,#1043,.F.);
#444=ORIENTED_EDGE('',*,*,#1044,.T.);
#445=ORIENTED_EDGE('',*,*,#1045,.T.);
#446=ORIENTED_EDGE('',*,*,#1046,.T.);
#447=ORIENTED_EDGE('',*,*,#1047,.F.);
#448=ORIENTED_EDGE('',*,*,#1048,.T.);
#449=ORIENTED_EDGE('',*,*,#1049,.T.);
#450=ORIENTED_EDGE('',*,*,#1050,.T.);
#451=ORIENTED_EDGE('',*,*,#1051,.F.);
#452=ORIENTED_EDGE('',*,*,#1052,.T.);
#453=ORIENTED_EDGE('',*,*,#1053,.T.);
#454=ORIENTED_EDGE('',*,*,#1054,.T.);
#455=ORIENTED_EDGE('',*,*,#1055,.F.);
#456=ORIENTED_EDGE('',*,*,#1056,.T.);
#457=ORIENTED_EDGE('',*,*,#1057,.T.);
#458=ORIENTED_EDGE('',*,*,#1058,.T.);
#459=ORIENTED_EDGE('',*,*,#1059,.F.);
#460=ORIENTED_EDGE('',*,*,#1060,.T.);
#461=ORIENTED_EDGE('',*,*,#1061,.T.);
#462=ORIENTED_EDGE('',*,*,#1062,.T.);
#463=ORIENTED_EDGE('',*,*,#1063,.F.);
#464=ORIENTED_EDGE('',*,*,#1064,.T.);
#465=ORIENTED_EDGE('',*,*,#1065,.T.);
#466=ORIENTED_EDGE('',*,*,#1066,.T.);
#467=ORIENTED_EDGE('',*,*,#1067,.F.);
#468=ORIENTED_EDGE('',*,*,#1068,.T.);
#469=ORIENTED_EDGE('',*,*,#1069,.T.);
#470=ORIENTED_EDGE('',*,*,#1070,.T.);
#471=ORIENTED_EDGE('',*,*,#1071,.F.);
#472=ORIENTED_EDGE('',*,*,#1072,.T.);
#473=ORIENTED_EDGE('',*,*,#1073,.T.);
#474=ORIENTED_EDGE('',*,*,#1074,.T.);
#475=ORIENTED_EDGE('',*,*,#1075,.F.);
#476=ORIENTED_EDGE('',*,*,#1076,.T.);
#477=ORIENTED_EDGE('',*,*,#1077,.T.);
#478=ORIENTED_EDGE('',*,*,#1078,.T.);
#479=ORIENTED_EDGE('',*,*,#1079,.F.);
#480=ORIENTED_EDGE('',*,*,#1080,.T.);
#481=ORIENTED_EDGE('',*,*,#1081,.T.);
#482=ORIENTED_EDGE('',*,*,#1082,.T.);
#483=ORIENTED_EDGE('',*,*,#1083,.F.);
#484=ORIENTED_EDGE('',*,*,#1084,.T.);
#485=ORIENTED_EDGE('',*,*,#1085,.T.);
#486=ORIENTED_EDGE('',*,*,#1086,.T.);
#487=ORIENTED_EDGE('',*,*,#1087,.F.);
#488=ORIENTED_EDGE('',*,*,#1088,.T.);
#489=ORIENTED_EDGE('',*,*,#1089,.T.);
#490=ORIENTED_EDGE('',*,*,#1090,.T.);
#491=ORIENTED_EDGE('',*,*,#1091,.F.);
#492=ORIENTED_EDGE('',*,*,#1092,.T.);
#493=ORIENTED_EDGE('',*,*,#1093,.T.);
#494=ORIENTED_EDGE('',*,*,#1094,.T.);
#495=ORIENTED_EDGE('',*,*,#1095,.F.);
#496=ORIENTED_EDGE('',*,*,#1096,.T.);
#497=ORIENTED_EDGE('',*,*,#1097,.T.);
#498=ORIENTED_EDGE('',*,*,#1098,.T.);
#499=ORIENTED_EDGE('',*,*,#1099,.F.);
#500=ORIENTED_EDGE('',*,*,#1100,.T.);
#501=ORIENTED_EDGE('',*,*,#1101,.T.);
#502=ORIENTED_EDGE('',*,*,#1102,.T.);
#503=ORIENTED_EDGE('',*,*,#1103,.F.);
#504=ORIENTED_EDGE('',*,*,#1104,.T.);
#505=ORIENTED_EDGE('',*,*,#1105,.T.);
#506=ORIENTED_EDGE('',*,*,#1106,.T.);
#507=ORIENTED_EDGE('',*,*,#1107,.F.);
#508=ORIENTED_EDGE('',*,*,#1108,.T.);
#509=ORIENTED_EDGE('',*,*,#1109,.T.);
#510=ORIENTED_EDGE('',*,*,#1110,.T.);
#511=ORIENTED_EDGE('',*,*,#1111,.F.);
#512=ORIENTED_EDGE('',*,*,#1112,.T.);
#513=ORIENTED_EDGE('',*,*,#1113,.T.);
#514=ORIENTED_EDGE('',*,*,#1114,.T.);
#515=ORIENTED_EDGE('',*,*,#1115,.T.);
#516=ORIENTED_EDGE('',*,*,#1116,.F.);
#517=ORIENTED_EDGE('',*,*,#1117,.T.);
#518=ORIENTED_EDGE('',*,*,#1118,.T.);
#519=ORIENTED_EDGE('',*,*,#1119,.F.);
#520=ORIENTED_EDGE('',*,*,#1114,.F.);
#521=ORIENTED_EDGE('',*,*,#1120,.T.);
#522=ORIENTED_EDGE('',*,*,#1121,.T.);
#523=ORIENTED_EDGE('',*,*,#1022,.F.);
#524=ORIENTED_EDGE('',*,*,#1122,.T.);
#525=ORIENTED_EDGE('',*,*,#1123,.T.);
#526=ORIENTED_EDGE('',*,*,#1124,.F.);
#527=ORIENTED_EDGE('',*,*,#1125,.F.);
#528=ORIENTED_EDGE('',*,*,#1030,.F.);
#529=ORIENTED_EDGE('',*,*,#1126,.T.);
#530=ORIENTED_EDGE('',*,*,#1127,.T.);
#531=ORIENTED_EDGE('',*,*,#1026,.F.);
#532=ORIENTED_EDGE('',*,*,#1128,.T.);
#533=ORIENTED_EDGE('',*,*,#1129,.T.);
#534=ORIENTED_EDGE('',*,*,#1130,.F.);
#535=ORIENTED_EDGE('',*,*,#1131,.F.);
#536=ORIENTED_EDGE('',*,*,#1110,.F.);
#537=ORIENTED_EDGE('',*,*,#1132,.T.);
#538=ORIENTED_EDGE('',*,*,#1133,.T.);
#539=ORIENTED_EDGE('',*,*,#1134,.F.);
#540=ORIENTED_EDGE('',*,*,#1106,.F.);
#541=ORIENTED_EDGE('',*,*,#1135,.T.);
#542=ORIENTED_EDGE('',*,*,#1136,.T.);
#543=ORIENTED_EDGE('',*,*,#1137,.F.);
#544=ORIENTED_EDGE('',*,*,#1098,.F.);
#545=ORIENTED_EDGE('',*,*,#1138,.T.);
#546=ORIENTED_EDGE('',*,*,#1139,.T.);
#547=ORIENTED_EDGE('',*,*,#1102,.F.);
#548=ORIENTED_EDGE('',*,*,#1140,.T.);
#549=ORIENTED_EDGE('',*,*,#1141,.T.);
#550=ORIENTED_EDGE('',*,*,#1142,.F.);
#551=ORIENTED_EDGE('',*,*,#1143,.F.);
#552=ORIENTED_EDGE('',*,*,#1094,.F.);
#553=ORIENTED_EDGE('',*,*,#1144,.T.);
#554=ORIENTED_EDGE('',*,*,#1145,.T.);
#555=ORIENTED_EDGE('',*,*,#1146,.F.);
#556=ORIENTED_EDGE('',*,*,#1090,.F.);
#557=ORIENTED_EDGE('',*,*,#1147,.T.);
#558=ORIENTED_EDGE('',*,*,#1148,.T.);
#559=ORIENTED_EDGE('',*,*,#1149,.F.);
#560=ORIENTED_EDGE('',*,*,#1086,.F.);
#561=ORIENTED_EDGE('',*,*,#1150,.T.);
#562=ORIENTED_EDGE('',*,*,#1151,.T.);
#563=ORIENTED_EDGE('',*,*,#1152,.F.);
#564=ORIENTED_EDGE('',*,*,#1082,.F.);
#565=ORIENTED_EDGE('',*,*,#1153,.T.);
#566=ORIENTED_EDGE('',*,*,#1154,.T.);
#567=ORIENTED_EDGE('',*,*,#1155,.F.);
#568=ORIENTED_EDGE('',*,*,#1066,.F.);
#569=ORIENTED_EDGE('',*,*,#1156,.T.);
#570=ORIENTED_EDGE('',*,*,#1157,.T.);
#571=ORIENTED_EDGE('',*,*,#1070,.F.);
#572=ORIENTED_EDGE('',*,*,#1158,.T.);
#573=ORIENTED_EDGE('',*,*,#1159,.T.);
#574=ORIENTED_EDGE('',*,*,#1160,.F.);
#575=ORIENTED_EDGE('',*,*,#1161,.F.);
#576=ORIENTED_EDGE('',*,*,#1078,.F.);
#577=ORIENTED_EDGE('',*,*,#1162,.T.);
#578=ORIENTED_EDGE('',*,*,#1163,.T.);
#579=ORIENTED_EDGE('',*,*,#1074,.F.);
#580=ORIENTED_EDGE('',*,*,#1164,.T.);
#581=ORIENTED_EDGE('',*,*,#1165,.T.);
#582=ORIENTED_EDGE('',*,*,#1166,.F.);
#583=ORIENTED_EDGE('',*,*,#1167,.F.);
#584=ORIENTED_EDGE('',*,*,#1058,.F.);
#585=ORIENTED_EDGE('',*,*,#1168,.T.);
#586=ORIENTED_EDGE('',*,*,#1169,.T.);
#587=ORIENTED_EDGE('',*,*,#1170,.F.);
#588=ORIENTED_EDGE('',*,*,#1050,.F.);
#589=ORIENTED_EDGE('',*,*,#1171,.T.);
#590=ORIENTED_EDGE('',*,*,#1172,.T.);
#591=ORIENTED_EDGE('',*,*,#1054,.F.);
#592=ORIENTED_EDGE('',*,*,#1173,.T.);
#593=ORIENTED_EDGE('',*,*,#1174,.T.);
#594=ORIENTED_EDGE('',*,*,#1175,.F.);
#595=ORIENTED_EDGE('',*,*,#1176,.F.);
#596=ORIENTED_EDGE('',*,*,#1046,.F.);
#597=ORIENTED_EDGE('',*,*,#1177,.T.);
#598=ORIENTED_EDGE('',*,*,#1178,.T.);
#599=ORIENTED_EDGE('',*,*,#1179,.F.);
#600=ORIENTED_EDGE('',*,*,#1042,.F.);
#601=ORIENTED_EDGE('',*,*,#1180,.T.);
#602=ORIENTED_EDGE('',*,*,#1181,.T.);
#603=ORIENTED_EDGE('',*,*,#1182,.F.);
#604=ORIENTED_EDGE('',*,*,#1038,.F.);
#605=ORIENTED_EDGE('',*,*,#1183,.T.);
#606=ORIENTED_EDGE('',*,*,#1184,.T.);
#607=ORIENTED_EDGE('',*,*,#1034,.F.);
#608=ORIENTED_EDGE('',*,*,#1185,.T.);
#609=ORIENTED_EDGE('',*,*,#1186,.T.);
#610=ORIENTED_EDGE('',*,*,#1187,.F.);
#611=ORIENTED_EDGE('',*,*,#1188,.F.);
#612=ORIENTED_EDGE('',*,*,#1189,.T.);
#613=ORIENTED_EDGE('',*,*,#1121,.F.);
#614=ORIENTED_EDGE('',*,*,#1190,.F.);
#615=ORIENTED_EDGE('',*,*,#1191,.F.);
#616=ORIENTED_EDGE('',*,*,#1192,.T.);
#617=ORIENTED_EDGE('',*,*,#1133,.F.);
#618=ORIENTED_EDGE('',*,*,#1193,.F.);
#619=ORIENTED_EDGE('',*,*,#1194,.F.);
#620=ORIENTED_EDGE('',*,*,#1195,.T.);
#621=ORIENTED_EDGE('',*,*,#1136,.F.);
#622=ORIENTED_EDGE('',*,*,#1196,.F.);
#623=ORIENTED_EDGE('',*,*,#1197,.F.);
#624=ORIENTED_EDGE('',*,*,#1198,.T.);
#625=ORIENTED_EDGE('',*,*,#1141,.F.);
#626=ORIENTED_EDGE('',*,*,#1199,.F.);
#627=ORIENTED_EDGE('',*,*,#1200,.F.);
#628=ORIENTED_EDGE('',*,*,#1201,.T.);
#629=ORIENTED_EDGE('',*,*,#1139,.F.);
#630=ORIENTED_EDGE('',*,*,#1202,.F.);
#631=ORIENTED_EDGE('',*,*,#1203,.F.);
#632=ORIENTED_EDGE('',*,*,#1204,.T.);
#633=ORIENTED_EDGE('',*,*,#1145,.F.);
#634=ORIENTED_EDGE('',*,*,#1205,.F.);
#635=ORIENTED_EDGE('',*,*,#1206,.F.);
#636=ORIENTED_EDGE('',*,*,#1207,.T.);
#637=ORIENTED_EDGE('',*,*,#1148,.F.);
#638=ORIENTED_EDGE('',*,*,#1208,.F.);
#639=ORIENTED_EDGE('',*,*,#1209,.F.);
#640=ORIENTED_EDGE('',*,*,#1210,.T.);
#641=ORIENTED_EDGE('',*,*,#1151,.F.);
#642=ORIENTED_EDGE('',*,*,#1211,.F.);
#643=ORIENTED_EDGE('',*,*,#1212,.F.);
#644=ORIENTED_EDGE('',*,*,#1213,.T.);
#645=ORIENTED_EDGE('',*,*,#1154,.F.);
#646=ORIENTED_EDGE('',*,*,#1214,.F.);
#647=ORIENTED_EDGE('',*,*,#1215,.F.);
#648=ORIENTED_EDGE('',*,*,#1216,.T.);
#649=ORIENTED_EDGE('',*,*,#1163,.F.);
#650=ORIENTED_EDGE('',*,*,#1217,.F.);
#651=ORIENTED_EDGE('',*,*,#1218,.F.);
#652=ORIENTED_EDGE('',*,*,#1219,.T.);
#653=ORIENTED_EDGE('',*,*,#1165,.F.);
#654=ORIENTED_EDGE('',*,*,#1220,.F.);
#655=ORIENTED_EDGE('',*,*,#1221,.F.);
#656=ORIENTED_EDGE('',*,*,#1222,.T.);
#657=ORIENTED_EDGE('',*,*,#1159,.F.);
#658=ORIENTED_EDGE('',*,*,#1223,.F.);
#659=ORIENTED_EDGE('',*,*,#1224,.F.);
#660=ORIENTED_EDGE('',*,*,#1225,.T.);
#661=ORIENTED_EDGE('',*,*,#1157,.F.);
#662=ORIENTED_EDGE('',*,*,#1226,.F.);
#663=ORIENTED_EDGE('',*,*,#1227,.F.);
#664=ORIENTED_EDGE('',*,*,#1228,.T.);
#665=ORIENTED_EDGE('',*,*,#1229,.F.);
#666=ORIENTED_EDGE('',*,*,#1230,.F.);
#667=ORIENTED_EDGE('',*,*,#1231,.F.);
#668=ORIENTED_EDGE('',*,*,#1232,.T.);
#669=ORIENTED_EDGE('',*,*,#1169,.F.);
#670=ORIENTED_EDGE('',*,*,#1233,.F.);
#671=ORIENTED_EDGE('',*,*,#1234,.F.);
#672=ORIENTED_EDGE('',*,*,#1235,.T.);
#673=ORIENTED_EDGE('',*,*,#1174,.F.);
#674=ORIENTED_EDGE('',*,*,#1236,.F.);
#675=ORIENTED_EDGE('',*,*,#1237,.F.);
#676=ORIENTED_EDGE('',*,*,#1238,.T.);
#677=ORIENTED_EDGE('',*,*,#1172,.F.);
#678=ORIENTED_EDGE('',*,*,#1239,.F.);
#679=ORIENTED_EDGE('',*,*,#1240,.F.);
#680=ORIENTED_EDGE('',*,*,#1241,.T.);
#681=ORIENTED_EDGE('',*,*,#1178,.F.);
#682=ORIENTED_EDGE('',*,*,#1242,.F.);
#683=ORIENTED_EDGE('',*,*,#1243,.F.);
#684=ORIENTED_EDGE('',*,*,#1244,.T.);
#685=ORIENTED_EDGE('',*,*,#1181,.F.);
#686=ORIENTED_EDGE('',*,*,#1245,.F.);
#687=ORIENTED_EDGE('',*,*,#1246,.F.);
#688=ORIENTED_EDGE('',*,*,#1247,.T.);
#689=ORIENTED_EDGE('',*,*,#1184,.F.);
#690=ORIENTED_EDGE('',*,*,#1248,.F.);
#691=ORIENTED_EDGE('',*,*,#1249,.F.);
#692=ORIENTED_EDGE('',*,*,#1250,.T.);
#693=ORIENTED_EDGE('',*,*,#1186,.F.);
#694=ORIENTED_EDGE('',*,*,#1251,.F.);
#695=ORIENTED_EDGE('',*,*,#1252,.F.);
#696=ORIENTED_EDGE('',*,*,#1253,.T.);
#697=ORIENTED_EDGE('',*,*,#1127,.F.);
#698=ORIENTED_EDGE('',*,*,#1254,.F.);
#699=ORIENTED_EDGE('',*,*,#1255,.F.);
#700=ORIENTED_EDGE('',*,*,#1256,.T.);
#701=ORIENTED_EDGE('',*,*,#1129,.F.);
#702=ORIENTED_EDGE('',*,*,#1257,.F.);
#703=ORIENTED_EDGE('',*,*,#1258,.F.);
#704=ORIENTED_EDGE('',*,*,#1259,.T.);
#705=ORIENTED_EDGE('',*,*,#1123,.F.);
#706=ORIENTED_EDGE('',*,*,#1260,.F.);
#707=ORIENTED_EDGE('',*,*,#1062,.F.);
#708=ORIENTED_EDGE('',*,*,#1261,.T.);
#709=ORIENTED_EDGE('',*,*,#1229,.T.);
#710=ORIENTED_EDGE('',*,*,#1262,.F.);
#711=ORIENTED_EDGE('',*,*,#1228,.F.);
#712=ORIENTED_EDGE('',*,*,#1263,.F.);
#713=ORIENTED_EDGE('',*,*,#1063,.T.);
#714=ORIENTED_EDGE('',*,*,#1262,.T.);
#715=ORIENTED_EDGE('',*,*,#1226,.T.);
#716=ORIENTED_EDGE('',*,*,#1156,.F.);
#717=ORIENTED_EDGE('',*,*,#1065,.F.);
#718=ORIENTED_EDGE('',*,*,#1264,.T.);
#719=ORIENTED_EDGE('',*,*,#1227,.T.);
#720=ORIENTED_EDGE('',*,*,#1264,.F.);
#721=ORIENTED_EDGE('',*,*,#1064,.F.);
#722=ORIENTED_EDGE('',*,*,#1263,.T.);
#723=ORIENTED_EDGE('',*,*,#1250,.F.);
#724=ORIENTED_EDGE('',*,*,#1265,.F.);
#725=ORIENTED_EDGE('',*,*,#1035,.T.);
#726=ORIENTED_EDGE('',*,*,#1187,.T.);
#727=ORIENTED_EDGE('',*,*,#1248,.T.);
#728=ORIENTED_EDGE('',*,*,#1183,.F.);
#729=ORIENTED_EDGE('',*,*,#1037,.F.);
#730=ORIENTED_EDGE('',*,*,#1266,.T.);
#731=ORIENTED_EDGE('',*,*,#1249,.T.);
#732=ORIENTED_EDGE('',*,*,#1266,.F.);
#733=ORIENTED_EDGE('',*,*,#1036,.F.);
#734=ORIENTED_EDGE('',*,*,#1265,.T.);
#735=ORIENTED_EDGE('',*,*,#1247,.F.);
#736=ORIENTED_EDGE('',*,*,#1267,.F.);
#737=ORIENTED_EDGE('',*,*,#1039,.T.);
#738=ORIENTED_EDGE('',*,*,#1182,.T.);
#739=ORIENTED_EDGE('',*,*,#1245,.T.);
#740=ORIENTED_EDGE('',*,*,#1180,.F.);
#741=ORIENTED_EDGE('',*,*,#1041,.F.);
#742=ORIENTED_EDGE('',*,*,#1268,.T.);
#743=ORIENTED_EDGE('',*,*,#1246,.T.);
#744=ORIENTED_EDGE('',*,*,#1268,.F.);
#745=ORIENTED_EDGE('',*,*,#1040,.F.);
#746=ORIENTED_EDGE('',*,*,#1267,.T.);
#747=ORIENTED_EDGE('',*,*,#1244,.F.);
#748=ORIENTED_EDGE('',*,*,#1269,.F.);
#749=ORIENTED_EDGE('',*,*,#1043,.T.);
#750=ORIENTED_EDGE('',*,*,#1179,.T.);
#751=ORIENTED_EDGE('',*,*,#1242,.T.);
#752=ORIENTED_EDGE('',*,*,#1177,.F.);
#753=ORIENTED_EDGE('',*,*,#1045,.F.);
#754=ORIENTED_EDGE('',*,*,#1270,.T.);
#755=ORIENTED_EDGE('',*,*,#1243,.T.);
#756=ORIENTED_EDGE('',*,*,#1270,.F.);
#757=ORIENTED_EDGE('',*,*,#1044,.F.);
#758=ORIENTED_EDGE('',*,*,#1269,.T.);
#759=ORIENTED_EDGE('',*,*,#1241,.F.);
#760=ORIENTED_EDGE('',*,*,#1271,.F.);
#761=ORIENTED_EDGE('',*,*,#1047,.T.);
#762=ORIENTED_EDGE('',*,*,#1176,.T.);
#763=ORIENTED_EDGE('',*,*,#1239,.T.);
#764=ORIENTED_EDGE('',*,*,#1171,.F.);
#765=ORIENTED_EDGE('',*,*,#1049,.F.);
#766=ORIENTED_EDGE('',*,*,#1272,.T.);
#767=ORIENTED_EDGE('',*,*,#1240,.T.);
#768=ORIENTED_EDGE('',*,*,#1272,.F.);
#769=ORIENTED_EDGE('',*,*,#1048,.F.);
#770=ORIENTED_EDGE('',*,*,#1271,.T.);
#771=ORIENTED_EDGE('',*,*,#1235,.F.);
#772=ORIENTED_EDGE('',*,*,#1273,.F.);
#773=ORIENTED_EDGE('',*,*,#1055,.T.);
#774=ORIENTED_EDGE('',*,*,#1175,.T.);
#775=ORIENTED_EDGE('',*,*,#1233,.T.);
#776=ORIENTED_EDGE('',*,*,#1168,.F.);
#777=ORIENTED_EDGE('',*,*,#1057,.F.);
#778=ORIENTED_EDGE('',*,*,#1274,.T.);
#779=ORIENTED_EDGE('',*,*,#1234,.T.);
#780=ORIENTED_EDGE('',*,*,#1274,.F.);
#781=ORIENTED_EDGE('',*,*,#1056,.F.);
#782=ORIENTED_EDGE('',*,*,#1273,.T.);
#783=ORIENTED_EDGE('',*,*,#1238,.F.);
#784=ORIENTED_EDGE('',*,*,#1275,.F.);
#785=ORIENTED_EDGE('',*,*,#1051,.T.);
#786=ORIENTED_EDGE('',*,*,#1170,.T.);
#787=ORIENTED_EDGE('',*,*,#1236,.T.);
#788=ORIENTED_EDGE('',*,*,#1173,.F.);
#789=ORIENTED_EDGE('',*,*,#1053,.F.);
#790=ORIENTED_EDGE('',*,*,#1276,.T.);
#791=ORIENTED_EDGE('',*,*,#1237,.T.);
#792=ORIENTED_EDGE('',*,*,#1276,.F.);
#793=ORIENTED_EDGE('',*,*,#1052,.F.);
#794=ORIENTED_EDGE('',*,*,#1275,.T.);
#795=ORIENTED_EDGE('',*,*,#1232,.F.);
#796=ORIENTED_EDGE('',*,*,#1277,.F.);
#797=ORIENTED_EDGE('',*,*,#1059,.T.);
#798=ORIENTED_EDGE('',*,*,#1167,.T.);
#799=ORIENTED_EDGE('',*,*,#1230,.T.);
#800=ORIENTED_EDGE('',*,*,#1261,.F.);
#801=ORIENTED_EDGE('',*,*,#1061,.F.);
#802=ORIENTED_EDGE('',*,*,#1278,.T.);
#803=ORIENTED_EDGE('',*,*,#1231,.T.);
#804=ORIENTED_EDGE('',*,*,#1278,.F.);
#805=ORIENTED_EDGE('',*,*,#1060,.F.);
#806=ORIENTED_EDGE('',*,*,#1277,.T.);
#807=ORIENTED_EDGE('',*,*,#1219,.F.);
#808=ORIENTED_EDGE('',*,*,#1279,.F.);
#809=ORIENTED_EDGE('',*,*,#1075,.T.);
#810=ORIENTED_EDGE('',*,*,#1166,.T.);
#811=ORIENTED_EDGE('',*,*,#1217,.T.);
#812=ORIENTED_EDGE('',*,*,#1162,.F.);
#813=ORIENTED_EDGE('',*,*,#1077,.F.);
#814=ORIENTED_EDGE('',*,*,#1280,.T.);
#815=ORIENTED_EDGE('',*,*,#1218,.T.);
#816=ORIENTED_EDGE('',*,*,#1280,.F.);
#817=ORIENTED_EDGE('',*,*,#1076,.F.);
#818=ORIENTED_EDGE('',*,*,#1279,.T.);
#819=ORIENTED_EDGE('',*,*,#1216,.F.);
#820=ORIENTED_EDGE('',*,*,#1281,.F.);
#821=ORIENTED_EDGE('',*,*,#1079,.T.);
#822=ORIENTED_EDGE('',*,*,#1161,.T.);
#823=ORIENTED_EDGE('',*,*,#1214,.T.);
#824=ORIENTED_EDGE('',*,*,#1153,.F.);
#825=ORIENTED_EDGE('',*,*,#1081,.F.);
#826=ORIENTED_EDGE('',*,*,#1282,.T.);
#827=ORIENTED_EDGE('',*,*,#1215,.T.);
#828=ORIENTED_EDGE('',*,*,#1282,.F.);
#829=ORIENTED_EDGE('',*,*,#1080,.F.);
#830=ORIENTED_EDGE('',*,*,#1281,.T.);
#831=ORIENTED_EDGE('',*,*,#1222,.F.);
#832=ORIENTED_EDGE('',*,*,#1283,.F.);
#833=ORIENTED_EDGE('',*,*,#1071,.T.);
#834=ORIENTED_EDGE('',*,*,#1160,.T.);
#835=ORIENTED_EDGE('',*,*,#1220,.T.);
#836=ORIENTED_EDGE('',*,*,#1164,.F.);
#837=ORIENTED_EDGE('',*,*,#1073,.F.);
#838=ORIENTED_EDGE('',*,*,#1284,.T.);
#839=ORIENTED_EDGE('',*,*,#1221,.T.);
#840=ORIENTED_EDGE('',*,*,#1284,.F.);
#841=ORIENTED_EDGE('',*,*,#1072,.F.);
#842=ORIENTED_EDGE('',*,*,#1283,.T.);
#843=ORIENTED_EDGE('',*,*,#1225,.F.);
#844=ORIENTED_EDGE('',*,*,#1285,.F.);
#845=ORIENTED_EDGE('',*,*,#1067,.T.);
#846=ORIENTED_EDGE('',*,*,#1155,.T.);
#847=ORIENTED_EDGE('',*,*,#1223,.T.);
#848=ORIENTED_EDGE('',*,*,#1158,.F.);
#849=ORIENTED_EDGE('',*,*,#1069,.F.);
#850=ORIENTED_EDGE('',*,*,#1286,.T.);
#851=ORIENTED_EDGE('',*,*,#1224,.T.);
#852=ORIENTED_EDGE('',*,*,#1286,.F.);
#853=ORIENTED_EDGE('',*,*,#1068,.F.);
#854=ORIENTED_EDGE('',*,*,#1285,.T.);
#855=ORIENTED_EDGE('',*,*,#1213,.F.);
#856=ORIENTED_EDGE('',*,*,#1287,.F.);
#857=ORIENTED_EDGE('',*,*,#1083,.T.);
#858=ORIENTED_EDGE('',*,*,#1152,.T.);
#859=ORIENTED_EDGE('',*,*,#1211,.T.);
#860=ORIENTED_EDGE('',*,*,#1150,.F.);
#861=ORIENTED_EDGE('',*,*,#1085,.F.);
#862=ORIENTED_EDGE('',*,*,#1288,.T.);
#863=ORIENTED_EDGE('',*,*,#1212,.T.);
#864=ORIENTED_EDGE('',*,*,#1288,.F.);
#865=ORIENTED_EDGE('',*,*,#1084,.F.);
#866=ORIENTED_EDGE('',*,*,#1287,.T.);
#867=ORIENTED_EDGE('',*,*,#1210,.F.);
#868=ORIENTED_EDGE('',*,*,#1289,.F.);
#869=ORIENTED_EDGE('',*,*,#1087,.T.);
#870=ORIENTED_EDGE('',*,*,#1149,.T.);
#871=ORIENTED_EDGE('',*,*,#1208,.T.);
#872=ORIENTED_EDGE('',*,*,#1147,.F.);
#873=ORIENTED_EDGE('',*,*,#1089,.F.);
#874=ORIENTED_EDGE('',*,*,#1290,.T.);
#875=ORIENTED_EDGE('',*,*,#1209,.T.);
#876=ORIENTED_EDGE('',*,*,#1290,.F.);
#877=ORIENTED_EDGE('',*,*,#1088,.F.);
#878=ORIENTED_EDGE('',*,*,#1289,.T.);
#879=ORIENTED_EDGE('',*,*,#1207,.F.);
#880=ORIENTED_EDGE('',*,*,#1291,.F.);
#881=ORIENTED_EDGE('',*,*,#1091,.T.);
#882=ORIENTED_EDGE('',*,*,#1146,.T.);
#883=ORIENTED_EDGE('',*,*,#1205,.T.);
#884=ORIENTED_EDGE('',*,*,#1144,.F.);
#885=ORIENTED_EDGE('',*,*,#1093,.F.);
#886=ORIENTED_EDGE('',*,*,#1292,.T.);
#887=ORIENTED_EDGE('',*,*,#1206,.T.);
#888=ORIENTED_EDGE('',*,*,#1292,.F.);
#889=ORIENTED_EDGE('',*,*,#1092,.F.);
#890=ORIENTED_EDGE('',*,*,#1291,.T.);
#891=ORIENTED_EDGE('',*,*,#1204,.F.);
#892=ORIENTED_EDGE('',*,*,#1293,.F.);
#893=ORIENTED_EDGE('',*,*,#1095,.T.);
#894=ORIENTED_EDGE('',*,*,#1143,.T.);
#895=ORIENTED_EDGE('',*,*,#1202,.T.);
#896=ORIENTED_EDGE('',*,*,#1138,.F.);
#897=ORIENTED_EDGE('',*,*,#1097,.F.);
#898=ORIENTED_EDGE('',*,*,#1294,.T.);
#899=ORIENTED_EDGE('',*,*,#1203,.T.);
#900=ORIENTED_EDGE('',*,*,#1294,.F.);
#901=ORIENTED_EDGE('',*,*,#1096,.F.);
#902=ORIENTED_EDGE('',*,*,#1293,.T.);
#903=ORIENTED_EDGE('',*,*,#1198,.F.);
#904=ORIENTED_EDGE('',*,*,#1295,.F.);
#905=ORIENTED_EDGE('',*,*,#1103,.T.);
#906=ORIENTED_EDGE('',*,*,#1142,.T.);
#907=ORIENTED_EDGE('',*,*,#1196,.T.);
#908=ORIENTED_EDGE('',*,*,#1135,.F.);
#909=ORIENTED_EDGE('',*,*,#1105,.F.);
#910=ORIENTED_EDGE('',*,*,#1296,.T.);
#911=ORIENTED_EDGE('',*,*,#1197,.T.);
#912=ORIENTED_EDGE('',*,*,#1296,.F.);
#913=ORIENTED_EDGE('',*,*,#1104,.F.);
#914=ORIENTED_EDGE('',*,*,#1295,.T.);
#915=ORIENTED_EDGE('',*,*,#1201,.F.);
#916=ORIENTED_EDGE('',*,*,#1297,.F.);
#917=ORIENTED_EDGE('',*,*,#1099,.T.);
#918=ORIENTED_EDGE('',*,*,#1137,.T.);
#919=ORIENTED_EDGE('',*,*,#1199,.T.);
#920=ORIENTED_EDGE('',*,*,#1140,.F.);
#921=ORIENTED_EDGE('',*,*,#1101,.F.);
#922=ORIENTED_EDGE('',*,*,#1298,.T.);
#923=ORIENTED_EDGE('',*,*,#1200,.T.);
#924=ORIENTED_EDGE('',*,*,#1298,.F.);
#925=ORIENTED_EDGE('',*,*,#1100,.F.);
#926=ORIENTED_EDGE('',*,*,#1297,.T.);
#927=ORIENTED_EDGE('',*,*,#1195,.F.);
#928=ORIENTED_EDGE('',*,*,#1299,.F.);
#929=ORIENTED_EDGE('',*,*,#1107,.T.);
#930=ORIENTED_EDGE('',*,*,#1134,.T.);
#931=ORIENTED_EDGE('',*,*,#1193,.T.);
#932=ORIENTED_EDGE('',*,*,#1132,.F.);
#933=ORIENTED_EDGE('',*,*,#1109,.F.);
#934=ORIENTED_EDGE('',*,*,#1300,.T.);
#935=ORIENTED_EDGE('',*,*,#1194,.T.);
#936=ORIENTED_EDGE('',*,*,#1300,.F.);
#937=ORIENTED_EDGE('',*,*,#1108,.F.);
#938=ORIENTED_EDGE('',*,*,#1299,.T.);
#939=ORIENTED_EDGE('',*,*,#1192,.F.);
#940=ORIENTED_EDGE('',*,*,#1301,.F.);
#941=ORIENTED_EDGE('',*,*,#1111,.T.);
#942=ORIENTED_EDGE('',*,*,#1131,.T.);
#943=ORIENTED_EDGE('',*,*,#1190,.T.);
#944=ORIENTED_EDGE('',*,*,#1120,.F.);
#945=ORIENTED_EDGE('',*,*,#1113,.F.);
#946=ORIENTED_EDGE('',*,*,#1302,.T.);
#947=ORIENTED_EDGE('',*,*,#1191,.T.);
#948=ORIENTED_EDGE('',*,*,#1302,.F.);
#949=ORIENTED_EDGE('',*,*,#1112,.F.);
#950=ORIENTED_EDGE('',*,*,#1301,.T.);
#951=ORIENTED_EDGE('',*,*,#1256,.F.);
#952=ORIENTED_EDGE('',*,*,#1303,.F.);
#953=ORIENTED_EDGE('',*,*,#1027,.T.);
#954=ORIENTED_EDGE('',*,*,#1130,.T.);
#955=ORIENTED_EDGE('',*,*,#1254,.T.);
#956=ORIENTED_EDGE('',*,*,#1126,.F.);
#957=ORIENTED_EDGE('',*,*,#1029,.F.);
#958=ORIENTED_EDGE('',*,*,#1304,.T.);
#959=ORIENTED_EDGE('',*,*,#1255,.T.);
#960=ORIENTED_EDGE('',*,*,#1304,.F.);
#961=ORIENTED_EDGE('',*,*,#1028,.F.);
#962=ORIENTED_EDGE('',*,*,#1303,.T.);
#963=ORIENTED_EDGE('',*,*,#1253,.F.);
#964=ORIENTED_EDGE('',*,*,#1305,.F.);
#965=ORIENTED_EDGE('',*,*,#1031,.T.);
#966=ORIENTED_EDGE('',*,*,#1125,.T.);
#967=ORIENTED_EDGE('',*,*,#1251,.T.);
#968=ORIENTED_EDGE('',*,*,#1185,.F.);
#969=ORIENTED_EDGE('',*,*,#1033,.F.);
#970=ORIENTED_EDGE('',*,*,#1306,.T.);
#971=ORIENTED_EDGE('',*,*,#1252,.T.);
#972=ORIENTED_EDGE('',*,*,#1306,.F.);
#973=ORIENTED_EDGE('',*,*,#1032,.F.);
#974=ORIENTED_EDGE('',*,*,#1305,.T.);
#975=ORIENTED_EDGE('',*,*,#1259,.F.);
#976=ORIENTED_EDGE('',*,*,#1307,.F.);
#977=ORIENTED_EDGE('',*,*,#1023,.T.);
#978=ORIENTED_EDGE('',*,*,#1124,.T.);
#979=ORIENTED_EDGE('',*,*,#1257,.T.);
#980=ORIENTED_EDGE('',*,*,#1128,.F.);
#981=ORIENTED_EDGE('',*,*,#1025,.F.);
#982=ORIENTED_EDGE('',*,*,#1308,.T.);
#983=ORIENTED_EDGE('',*,*,#1258,.T.);
#984=ORIENTED_EDGE('',*,*,#1308,.F.);
#985=ORIENTED_EDGE('',*,*,#1024,.F.);
#986=ORIENTED_EDGE('',*,*,#1307,.T.);
#987=ORIENTED_EDGE('',*,*,#1189,.F.);
#988=ORIENTED_EDGE('',*,*,#1309,.F.);
#989=ORIENTED_EDGE('',*,*,#1019,.T.);
#990=ORIENTED_EDGE('',*,*,#1119,.T.);
#991=ORIENTED_EDGE('',*,*,#1260,.T.);
#992=ORIENTED_EDGE('',*,*,#1122,.F.);
#993=ORIENTED_EDGE('',*,*,#1021,.F.);
#994=ORIENTED_EDGE('',*,*,#1310,.T.);
#995=ORIENTED_EDGE('',*,*,#1188,.T.);
#996=ORIENTED_EDGE('',*,*,#1310,.F.);
#997=ORIENTED_EDGE('',*,*,#1020,.F.);
#998=ORIENTED_EDGE('',*,*,#1309,.T.);
#999=ORIENTED_EDGE('',*,*,#1311,.F.);
#1000=ORIENTED_EDGE('',*,*,#1312,.F.);
#1001=ORIENTED_EDGE('',*,*,#1116,.T.);
#1002=ORIENTED_EDGE('',*,*,#1313,.T.);
#1003=ORIENTED_EDGE('',*,*,#1314,.T.);
#1004=ORIENTED_EDGE('',*,*,#1315,.F.);
#1005=ORIENTED_EDGE('',*,*,#1117,.F.);
#1006=ORIENTED_EDGE('',*,*,#1312,.T.);
#1007=ORIENTED_EDGE('',*,*,#1316,.T.);
#1008=ORIENTED_EDGE('',*,*,#1317,.F.);
#1009=ORIENTED_EDGE('',*,*,#1118,.F.);
#1010=ORIENTED_EDGE('',*,*,#1315,.T.);
#1011=ORIENTED_EDGE('',*,*,#1318,.T.);
#1012=ORIENTED_EDGE('',*,*,#1313,.F.);
#1013=ORIENTED_EDGE('',*,*,#1115,.F.);
#1014=ORIENTED_EDGE('',*,*,#1317,.T.);
#1015=ORIENTED_EDGE('',*,*,#1311,.T.);
#1016=ORIENTED_EDGE('',*,*,#1318,.F.);
#1017=ORIENTED_EDGE('',*,*,#1316,.F.);
#1018=ORIENTED_EDGE('',*,*,#1314,.F.);
#1019=EDGE_CURVE('',#1319,#1320,#1519,.T.);
#1020=EDGE_CURVE('',#1319,#1321,#321,.T.);
#1021=EDGE_CURVE('',#1321,#1322,#1520,.T.);
#1022=EDGE_CURVE('',#1322,#1323,#322,.T.);
#1023=EDGE_CURVE('',#1324,#1323,#1521,.T.);
#1024=EDGE_CURVE('',#1324,#1325,#323,.T.);
#1025=EDGE_CURVE('',#1325,#1326,#1522,.T.);
#1026=EDGE_CURVE('',#1326,#1327,#324,.T.);
#1027=EDGE_CURVE('',#1328,#1327,#1523,.T.);
#1028=EDGE_CURVE('',#1328,#1329,#325,.T.);
#1029=EDGE_CURVE('',#1329,#1330,#1524,.T.);
#1030=EDGE_CURVE('',#1330,#1331,#326,.T.);
#1031=EDGE_CURVE('',#1332,#1331,#1525,.T.);
#1032=EDGE_CURVE('',#1332,#1333,#327,.T.);
#1033=EDGE_CURVE('',#1333,#1334,#1526,.T.);
#1034=EDGE_CURVE('',#1334,#1335,#328,.T.);
#1035=EDGE_CURVE('',#1336,#1335,#1527,.T.);
#1036=EDGE_CURVE('',#1336,#1337,#329,.T.);
#1037=EDGE_CURVE('',#1337,#1338,#1528,.T.);
#1038=EDGE_CURVE('',#1338,#1339,#330,.T.);
#1039=EDGE_CURVE('',#1340,#1339,#1529,.T.);
#1040=EDGE_CURVE('',#1340,#1341,#331,.T.);
#1041=EDGE_CURVE('',#1341,#1342,#1530,.T.);
#1042=EDGE_CURVE('',#1342,#1343,#332,.T.);
#1043=EDGE_CURVE('',#1344,#1343,#1531,.T.);
#1044=EDGE_CURVE('',#1344,#1345,#333,.T.);
#1045=EDGE_CURVE('',#1345,#1346,#1532,.T.);
#1046=EDGE_CURVE('',#1346,#1347,#334,.T.);
#1047=EDGE_CURVE('',#1348,#1347,#1533,.T.);
#1048=EDGE_CURVE('',#1348,#1349,#335,.T.);
#1049=EDGE_CURVE('',#1349,#1350,#1534,.T.);
#1050=EDGE_CURVE('',#1350,#1351,#336,.T.);
#1051=EDGE_CURVE('',#1352,#1351,#1535,.T.);
#1052=EDGE_CURVE('',#1352,#1353,#337,.T.);
#1053=EDGE_CURVE('',#1353,#1354,#1536,.T.);
#1054=EDGE_CURVE('',#1354,#1355,#338,.T.);
#1055=EDGE_CURVE('',#1356,#1355,#1537,.T.);
#1056=EDGE_CURVE('',#1356,#1357,#339,.T.);
#1057=EDGE_CURVE('',#1357,#1358,#1538,.T.);
#1058=EDGE_CURVE('',#1358,#1359,#340,.T.);
#1059=EDGE_CURVE('',#1360,#1359,#1539,.T.);
#1060=EDGE_CURVE('',#1360,#1361,#341,.T.);
#1061=EDGE_CURVE('',#1361,#1362,#1540,.T.);
#1062=EDGE_CURVE('',#1362,#1363,#342,.T.);
#1063=EDGE_CURVE('',#1364,#1363,#1541,.T.);
#1064=EDGE_CURVE('',#1364,#1365,#343,.T.);
#1065=EDGE_CURVE('',#1365,#1366,#1542,.T.);
#1066=EDGE_CURVE('',#1366,#1367,#344,.T.);
#1067=EDGE_CURVE('',#1368,#1367,#1543,.T.);
#1068=EDGE_CURVE('',#1368,#1369,#345,.T.);
#1069=EDGE_CURVE('',#1369,#1370,#1544,.T.);
#1070=EDGE_CURVE('',#1370,#1371,#346,.T.);
#1071=EDGE_CURVE('',#1372,#1371,#1545,.T.);
#1072=EDGE_CURVE('',#1372,#1373,#347,.T.);
#1073=EDGE_CURVE('',#1373,#1374,#1546,.T.);
#1074=EDGE_CURVE('',#1374,#1375,#348,.T.);
#1075=EDGE_CURVE('',#1376,#1375,#1547,.T.);
#1076=EDGE_CURVE('',#1376,#1377,#349,.T.);
#1077=EDGE_CURVE('',#1377,#1378,#1548,.T.);
#1078=EDGE_CURVE('',#1378,#1379,#350,.T.);
#1079=EDGE_CURVE('',#1380,#1379,#1549,.T.);
#1080=EDGE_CURVE('',#1380,#1381,#351,.T.);
#1081=EDGE_CURVE('',#1381,#1382,#1550,.T.);
#1082=EDGE_CURVE('',#1382,#1383,#352,.T.);
#1083=EDGE_CURVE('',#1384,#1383,#1551,.T.);
#1084=EDGE_CURVE('',#1384,#1385,#353,.T.);
#1085=EDGE_CURVE('',#1385,#1386,#1552,.T.);
#1086=EDGE_CURVE('',#1386,#1387,#354,.T.);
#1087=EDGE_CURVE('',#1388,#1387,#1553,.T.);
#1088=EDGE_CURVE('',#1388,#1389,#355,.T.);
#1089=EDGE_CURVE('',#1389,#1390,#1554,.T.);
#1090=EDGE_CURVE('',#1390,#1391,#356,.T.);
#1091=EDGE_CURVE('',#1392,#1391,#1555,.T.);
#1092=EDGE_CURVE('',#1392,#1393,#357,.T.);
#1093=EDGE_CURVE('',#1393,#1394,#1556,.T.);
#1094=EDGE_CURVE('',#1394,#1395,#358,.T.);
#1095=EDGE_CURVE('',#1396,#1395,#1557,.T.);
#1096=EDGE_CURVE('',#1396,#1397,#359,.T.);
#1097=EDGE_CURVE('',#1397,#1398,#1558,.T.);
#1098=EDGE_CURVE('',#1398,#1399,#360,.T.);
#1099=EDGE_CURVE('',#1400,#1399,#1559,.T.);
#1100=EDGE_CURVE('',#1400,#1401,#361,.T.);
#1101=EDGE_CURVE('',#1401,#1402,#1560,.T.);
#1102=EDGE_CURVE('',#1402,#1403,#362,.T.);
#1103=EDGE_CURVE('',#1404,#1403,#1561,.T.);
#1104=EDGE_CURVE('',#1404,#1405,#363,.T.);
#1105=EDGE_CURVE('',#1405,#1406,#1562,.T.);
#1106=EDGE_CURVE('',#1406,#1407,#364,.T.);
#1107=EDGE_CURVE('',#1408,#1407,#1563,.T.);
#1108=EDGE_CURVE('',#1408,#1409,#365,.T.);
#1109=EDGE_CURVE('',#1409,#1410,#1564,.T.);
#1110=EDGE_CURVE('',#1410,#1411,#366,.T.);
#1111=EDGE_CURVE('',#1412,#1411,#1565,.T.);
#1112=EDGE_CURVE('',#1412,#1413,#367,.T.);
#1113=EDGE_CURVE('',#1413,#1414,#1566,.T.);
#1114=EDGE_CURVE('',#1414,#1320,#368,.T.);
#1115=EDGE_CURVE('',#1415,#1416,#109,.T.);
#1116=EDGE_CURVE('',#1417,#1416,#110,.T.);
#1117=EDGE_CURVE('',#1417,#1418,#369,.T.);
#1118=EDGE_CURVE('',#1418,#1415,#111,.T.);
#1119=EDGE_CURVE('',#1320,#1419,#112,.T.);
#1120=EDGE_CURVE('',#1414,#1420,#113,.T.);
#1121=EDGE_CURVE('',#1420,#1419,#370,.T.);
#1122=EDGE_CURVE('',#1322,#1421,#114,.T.);
#1123=EDGE_CURVE('',#1421,#1422,#371,.T.);
#1124=EDGE_CURVE('',#1323,#1422,#115,.T.);
#1125=EDGE_CURVE('',#1331,#1423,#116,.T.);
#1126=EDGE_CURVE('',#1330,#1424,#117,.T.);
#1127=EDGE_CURVE('',#1424,#1423,#372,.T.);
#1128=EDGE_CURVE('',#1326,#1425,#118,.T.);
#1129=EDGE_CURVE('',#1425,#1426,#373,.T.);
#1130=EDGE_CURVE('',#1327,#1426,#119,.T.);
#1131=EDGE_CURVE('',#1411,#1427,#120,.T.);
#1132=EDGE_CURVE('',#1410,#1428,#121,.T.);
#1133=EDGE_CURVE('',#1428,#1427,#374,.T.);
#1134=EDGE_CURVE('',#1407,#1429,#122,.T.);
#1135=EDGE_CURVE('',#1406,#1430,#123,.T.);
#1136=EDGE_CURVE('',#1430,#1429,#375,.T.);
#1137=EDGE_CURVE('',#1399,#1431,#124,.T.);
#1138=EDGE_CURVE('',#1398,#1432,#125,.T.);
#1139=EDGE_CURVE('',#1432,#1431,#376,.T.);
#1140=EDGE_CURVE('',#1402,#1433,#126,.T.);
#1141=EDGE_CURVE('',#1433,#1434,#377,.T.);
#1142=EDGE_CURVE('',#1403,#1434,#127,.T.);
#1143=EDGE_CURVE('',#1395,#1435,#128,.T.);
#1144=EDGE_CURVE('',#1394,#1436,#129,.T.);
#1145=EDGE_CURVE('',#1436,#1435,#378,.T.);
#1146=EDGE_CURVE('',#1391,#1437,#130,.T.);
#1147=EDGE_CURVE('',#1390,#1438,#131,.T.);
#1148=EDGE_CURVE('',#1438,#1437,#379,.T.);
#1149=EDGE_CURVE('',#1387,#1439,#132,.T.);
#1150=EDGE_CURVE('',#1386,#1440,#133,.T.);
#1151=EDGE_CURVE('',#1440,#1439,#380,.T.);
#1152=EDGE_CURVE('',#1383,#1441,#134,.T.);
#1153=EDGE_CURVE('',#1382,#1442,#135,.T.);
#1154=EDGE_CURVE('',#1442,#1441,#381,.T.);
#1155=EDGE_CURVE('',#1367,#1443,#136,.T.);
#1156=EDGE_CURVE('',#1366,#1444,#137,.T.);
#1157=EDGE_CURVE('',#1444,#1443,#382,.T.);
#1158=EDGE_CURVE('',#1370,#1445,#138,.T.);
#1159=EDGE_CURVE('',#1445,#1446,#383,.T.);
#1160=EDGE_CURVE('',#1371,#1446,#139,.T.);
#1161=EDGE_CURVE('',#1379,#1447,#140,.T.);
#1162=EDGE_CURVE('',#1378,#1448,#141,.T.);
#1163=EDGE_CURVE('',#1448,#1447,#384,.T.);
#1164=EDGE_CURVE('',#1374,#1449,#142,.T.);
#1165=EDGE_CURVE('',#1449,#1450,#385,.T.);
#1166=EDGE_CURVE('',#1375,#1450,#143,.T.);
#1167=EDGE_CURVE('',#1359,#1451,#144,.T.);
#1168=EDGE_CURVE('',#1358,#1452,#145,.T.);
#1169=EDGE_CURVE('',#1452,#1451,#386,.T.);
#1170=EDGE_CURVE('',#1351,#1453,#146,.T.);
#1171=EDGE_CURVE('',#1350,#1454,#147,.T.);
#1172=EDGE_CURVE('',#1454,#1453,#387,.T.);
#1173=EDGE_CURVE('',#1354,#1455,#148,.T.);
#1174=EDGE_CURVE('',#1455,#1456,#388,.T.);
#1175=EDGE_CURVE('',#1355,#1456,#149,.T.);
#1176=EDGE_CURVE('',#1347,#1457,#150,.T.);
#1177=EDGE_CURVE('',#1346,#1458,#151,.T.);
#1178=EDGE_CURVE('',#1458,#1457,#389,.T.);
#1179=EDGE_CURVE('',#1343,#1459,#152,.T.);
#1180=EDGE_CURVE('',#1342,#1460,#153,.T.);
#1181=EDGE_CURVE('',#1460,#1459,#390,.T.);
#1182=EDGE_CURVE('',#1339,#1461,#154,.T.);
#1183=EDGE_CURVE('',#1338,#1462,#155,.T.);
#1184=EDGE_CURVE('',#1462,#1461,#391,.T.);
#1185=EDGE_CURVE('',#1334,#1463,#156,.T.);
#1186=EDGE_CURVE('',#1463,#1464,#392,.T.);
#1187=EDGE_CURVE('',#1335,#1464,#157,.T.);
#1188=EDGE_CURVE('',#1465,#1466,#393,.T.);
#1189=EDGE_CURVE('',#1465,#1419,#1567,.T.);
#1190=EDGE_CURVE('',#1467,#1420,#1568,.T.);
#1191=EDGE_CURVE('',#1468,#1467,#394,.T.);
#1192=EDGE_CURVE('',#1468,#1427,#1569,.T.);
#1193=EDGE_CURVE('',#1469,#1428,#1570,.T.);
#1194=EDGE_CURVE('',#1470,#1469,#395,.T.);
#1195=EDGE_CURVE('',#1470,#1429,#1571,.T.);
#1196=EDGE_CURVE('',#1471,#1430,#1572,.T.);
#1197=EDGE_CURVE('',#1472,#1471,#396,.T.);
#1198=EDGE_CURVE('',#1472,#1434,#1573,.T.);
#1199=EDGE_CURVE('',#1473,#1433,#1574,.T.);
#1200=EDGE_CURVE('',#1474,#1473,#397,.T.);
#1201=EDGE_CURVE('',#1474,#1431,#1575,.T.);
#1202=EDGE_CURVE('',#1475,#1432,#1576,.T.);
#1203=EDGE_CURVE('',#1476,#1475,#398,.T.);
#1204=EDGE_CURVE('',#1476,#1435,#1577,.T.);
#1205=EDGE_CURVE('',#1477,#1436,#1578,.T.);
#1206=EDGE_CURVE('',#1478,#1477,#399,.T.);
#1207=EDGE_CURVE('',#1478,#1437,#1579,.T.);
#1208=EDGE_CURVE('',#1479,#1438,#1580,.T.);
#1209=EDGE_CURVE('',#1480,#1479,#400,.T.);
#1210=EDGE_CURVE('',#1480,#1439,#1581,.T.);
#1211=EDGE_CURVE('',#1481,#1440,#1582,.T.);
#1212=EDGE_CURVE('',#1482,#1481,#401,.T.);
#1213=EDGE_CURVE('',#1482,#1441,#1583,.T.);
#1214=EDGE_CURVE('',#1483,#1442,#1584,.T.);
#1215=EDGE_CURVE('',#1484,#1483,#402,.T.);
#1216=EDGE_CURVE('',#1484,#1447,#1585,.T.);
#1217=EDGE_CURVE('',#1485,#1448,#1586,.T.);
#1218=EDGE_CURVE('',#1486,#1485,#403,.T.);
#1219=EDGE_CURVE('',#1486,#1450,#1587,.T.);
#1220=EDGE_CURVE('',#1487,#1449,#1588,.T.);
#1221=EDGE_CURVE('',#1488,#1487,#404,.T.);
#1222=EDGE_CURVE('',#1488,#1446,#1589,.T.);
#1223=EDGE_CURVE('',#1489,#1445,#1590,.T.);
#1224=EDGE_CURVE('',#1490,#1489,#405,.T.);
#1225=EDGE_CURVE('',#1490,#1443,#1591,.T.);
#1226=EDGE_CURVE('',#1491,#1444,#1592,.T.);
#1227=EDGE_CURVE('',#1492,#1491,#406,.T.);
#1228=EDGE_CURVE('',#1492,#1493,#1593,.T.);
#1229=EDGE_CURVE('',#1494,#1493,#407,.T.);
#1230=EDGE_CURVE('',#1495,#1494,#1594,.T.);
#1231=EDGE_CURVE('',#1496,#1495,#408,.T.);
#1232=EDGE_CURVE('',#1496,#1451,#1595,.T.);
#1233=EDGE_CURVE('',#1497,#1452,#1596,.T.);
#1234=EDGE_CURVE('',#1498,#1497,#409,.T.);
#1235=EDGE_CURVE('',#1498,#1456,#1597,.T.);
#1236=EDGE_CURVE('',#1499,#1455,#1598,.T.);
#1237=EDGE_CURVE('',#1500,#1499,#410,.T.);
#1238=EDGE_CURVE('',#1500,#1453,#1599,.T.);
#1239=EDGE_CURVE('',#1501,#1454,#1600,.T.);
#1240=EDGE_CURVE('',#1502,#1501,#411,.T.);
#1241=EDGE_CURVE('',#1502,#1457,#1601,.T.);
#1242=EDGE_CURVE('',#1503,#1458,#1602,.T.);
#1243=EDGE_CURVE('',#1504,#1503,#412,.T.);
#1244=EDGE_CURVE('',#1504,#1459,#1603,.T.);
#1245=EDGE_CURVE('',#1505,#1460,#1604,.T.);
#1246=EDGE_CURVE('',#1506,#1505,#413,.T.);
#1247=EDGE_CURVE('',#1506,#1461,#1605,.T.);
#1248=EDGE_CURVE('',#1507,#1462,#1606,.T.);
#1249=EDGE_CURVE('',#1508,#1507,#414,.T.);
#1250=EDGE_CURVE('',#1508,#1464,#1607,.T.);
#1251=EDGE_CURVE('',#1509,#1463,#1608,.T.);
#1252=EDGE_CURVE('',#1510,#1509,#415,.T.);
#1253=EDGE_CURVE('',#1510,#1423,#1609,.T.);
#1254=EDGE_CURVE('',#1511,#1424,#1610,.T.);
#1255=EDGE_CURVE('',#1512,#1511,#416,.T.);
#1256=EDGE_CURVE('',#1512,#1426,#1611,.T.);
#1257=EDGE_CURVE('',#1513,#1425,#1612,.T.);
#1258=EDGE_CURVE('',#1514,#1513,#417,.T.);
#1259=EDGE_CURVE('',#1514,#1422,#1613,.T.);
#1260=EDGE_CURVE('',#1466,#1421,#1614,.T.);
#1261=EDGE_CURVE('',#1362,#1494,#158,.T.);
#1262=EDGE_CURVE('',#1363,#1493,#159,.T.);
#1263=EDGE_CURVE('',#1364,#1492,#160,.T.);
#1264=EDGE_CURVE('',#1365,#1491,#161,.T.);
#1265=EDGE_CURVE('',#1336,#1508,#162,.T.);
#1266=EDGE_CURVE('',#1337,#1507,#163,.T.);
#1267=EDGE_CURVE('',#1340,#1506,#164,.T.);
#1268=EDGE_CURVE('',#1341,#1505,#165,.T.);
#1269=EDGE_CURVE('',#1344,#1504,#166,.T.);
#1270=EDGE_CURVE('',#1345,#1503,#167,.T.);
#1271=EDGE_CURVE('',#1348,#1502,#168,.T.);
#1272=EDGE_CURVE('',#1349,#1501,#169,.T.);
#1273=EDGE_CURVE('',#1356,#1498,#170,.T.);
#1274=EDGE_CURVE('',#1357,#1497,#171,.T.);
#1275=EDGE_CURVE('',#1352,#1500,#172,.T.);
#1276=EDGE_CURVE('',#1353,#1499,#173,.T.);
#1277=EDGE_CURVE('',#1360,#1496,#174,.T.);
#1278=EDGE_CURVE('',#1361,#1495,#175,.T.);
#1279=EDGE_CURVE('',#1376,#1486,#176,.T.);
#1280=EDGE_CURVE('',#1377,#1485,#177,.T.);
#1281=EDGE_CURVE('',#1380,#1484,#178,.T.);
#1282=EDGE_CURVE('',#1381,#1483,#179,.T.);
#1283=EDGE_CURVE('',#1372,#1488,#180,.T.);
#1284=EDGE_CURVE('',#1373,#1487,#181,.T.);
#1285=EDGE_CURVE('',#1368,#1490,#182,.T.);
#1286=EDGE_CURVE('',#1369,#1489,#183,.T.);
#1287=EDGE_CURVE('',#1384,#1482,#184,.T.);
#1288=EDGE_CURVE('',#1385,#1481,#185,.T.);
#1289=EDGE_CURVE('',#1388,#1480,#186,.T.);
#1290=EDGE_CURVE('',#1389,#1479,#187,.T.);
#1291=EDGE_CURVE('',#1392,#1478,#188,.T.);
#1292=EDGE_CURVE('',#1393,#1477,#189,.T.);
#1293=EDGE_CURVE('',#1396,#1476,#190,.T.);
#1294=EDGE_CURVE('',#1397,#1475,#191,.T.);
#1295=EDGE_CURVE('',#1404,#1472,#192,.T.);
#1296=EDGE_CURVE('',#1405,#1471,#193,.T.);
#1297=EDGE_CURVE('',#1400,#1474,#194,.T.);
#1298=EDGE_CURVE('',#1401,#1473,#195,.T.);
#1299=EDGE_CURVE('',#1408,#1470,#196,.T.);
#1300=EDGE_CURVE('',#1409,#1469,#197,.T.);
#1301=EDGE_CURVE('',#1412,#1468,#198,.T.);
#1302=EDGE_CURVE('',#1413,#1467,#199,.T.);
#1303=EDGE_CURVE('',#1328,#1512,#200,.T.);
#1304=EDGE_CURVE('',#1329,#1511,#201,.T.);
#1305=EDGE_CURVE('',#1332,#1510,#202,.T.);
#1306=EDGE_CURVE('',#1333,#1509,#203,.T.);
#1307=EDGE_CURVE('',#1324,#1514,#204,.T.);
#1308=EDGE_CURVE('',#1325,#1513,#205,.T.);
#1309=EDGE_CURVE('',#1319,#1465,#206,.T.);
#1310=EDGE_CURVE('',#1321,#1466,#207,.T.);
#1311=EDGE_CURVE('',#1515,#1516,#208,.T.);
#1312=EDGE_CURVE('',#1417,#1515,#209,.T.);
#1313=EDGE_CURVE('',#1416,#1516,#210,.T.);
#1314=EDGE_CURVE('',#1515,#1517,#418,.T.);
#1315=EDGE_CURVE('',#1418,#1517,#211,.T.);
#1316=EDGE_CURVE('',#1517,#1518,#212,.T.);
#1317=EDGE_CURVE('',#1415,#1518,#213,.T.);
#1318=EDGE_CURVE('',#1518,#1516,#214,.T.);
#1319=VERTEX_POINT('',#2546);
#1320=VERTEX_POINT('',#2547);
#1321=VERTEX_POINT('',#2549);
#1322=VERTEX_POINT('',#2582);
#1323=VERTEX_POINT('',#2584);
#1324=VERTEX_POINT('',#2617);
#1325=VERTEX_POINT('',#2619);
#1326=VERTEX_POINT('',#2652);
#1327=VERTEX_POINT('',#2654);
#1328=VERTEX_POINT('',#2687);
#1329=VERTEX_POINT('',#2689);
#1330=VERTEX_POINT('',#2722);
#1331=VERTEX_POINT('',#2724);
#1332=VERTEX_POINT('',#2757);
#1333=VERTEX_POINT('',#2759);
#1334=VERTEX_POINT('',#2792);
#1335=VERTEX_POINT('',#2794);
#1336=VERTEX_POINT('',#2827);
#1337=VERTEX_POINT('',#2829);
#1338=VERTEX_POINT('',#2862);
#1339=VERTEX_POINT('',#2864);
#1340=VERTEX_POINT('',#2897);
#1341=VERTEX_POINT('',#2899);
#1342=VERTEX_POINT('',#2932);
#1343=VERTEX_POINT('',#2934);
#1344=VERTEX_POINT('',#2967);
#1345=VERTEX_POINT('',#2969);
#1346=VERTEX_POINT('',#3002);
#1347=VERTEX_POINT('',#3004);
#1348=VERTEX_POINT('',#3037);
#1349=VERTEX_POINT('',#3039);
#1350=VERTEX_POINT('',#3072);
#1351=VERTEX_POINT('',#3074);
#1352=VERTEX_POINT('',#3107);
#1353=VERTEX_POINT('',#3109);
#1354=VERTEX_POINT('',#3142);
#1355=VERTEX_POINT('',#3144);
#1356=VERTEX_POINT('',#3177);
#1357=VERTEX_POINT('',#3179);
#1358=VERTEX_POINT('',#3212);
#1359=VERTEX_POINT('',#3214);
#1360=VERTEX_POINT('',#3247);
#1361=VERTEX_POINT('',#3249);
#1362=VERTEX_POINT('',#3282);
#1363=VERTEX_POINT('',#3284);
#1364=VERTEX_POINT('',#3317);
#1365=VERTEX_POINT('',#3319);
#1366=VERTEX_POINT('',#3352);
#1367=VERTEX_POINT('',#3354);
#1368=VERTEX_POINT('',#3387);
#1369=VERTEX_POINT('',#3389);
#1370=VERTEX_POINT('',#3422);
#1371=VERTEX_POINT('',#3424);
#1372=VERTEX_POINT('',#3457);
#1373=VERTEX_POINT('',#3459);
#1374=VERTEX_POINT('',#3492);
#1375=VERTEX_POINT('',#3494);
#1376=VERTEX_POINT('',#3527);
#1377=VERTEX_POINT('',#3529);
#1378=VERTEX_POINT('',#3562);
#1379=VERTEX_POINT('',#3564);
#1380=VERTEX_POINT('',#3597);
#1381=VERTEX_POINT('',#3599);
#1382=VERTEX_POINT('',#3632);
#1383=VERTEX_POINT('',#3634);
#1384=VERTEX_POINT('',#3667);
#1385=VERTEX_POINT('',#3669);
#1386=VERTEX_POINT('',#3702);
#1387=VERTEX_POINT('',#3704);
#1388=VERTEX_POINT('',#3737);
#1389=VERTEX_POINT('',#3739);
#1390=VERTEX_POINT('',#3772);
#1391=VERTEX_POINT('',#3774);
#1392=VERTEX_POINT('',#3807);
#1393=VERTEX_POINT('',#3809);
#1394=VERTEX_POINT('',#3842);
#1395=VERTEX_POINT('',#3844);
#1396=VERTEX_POINT('',#3877);
#1397=VERTEX_POINT('',#3879);
#1398=VERTEX_POINT('',#3912);
#1399=VERTEX_POINT('',#3914);
#1400=VERTEX_POINT('',#3947);
#1401=VERTEX_POINT('',#3949);
#1402=VERTEX_POINT('',#3982);
#1403=VERTEX_POINT('',#3984);
#1404=VERTEX_POINT('',#4017);
#1405=VERTEX_POINT('',#4019);
#1406=VERTEX_POINT('',#4052);
#1407=VERTEX_POINT('',#4054);
#1408=VERTEX_POINT('',#4087);
#1409=VERTEX_POINT('',#4089);
#1410=VERTEX_POINT('',#4122);
#1411=VERTEX_POINT('',#4124);
#1412=VERTEX_POINT('',#4157);
#1413=VERTEX_POINT('',#4159);
#1414=VERTEX_POINT('',#4192);
#1415=VERTEX_POINT('',#4195);
#1416=VERTEX_POINT('',#4196);
#1417=VERTEX_POINT('',#4198);
#1418=VERTEX_POINT('',#4200);
#1419=VERTEX_POINT('',#4204);
#1420=VERTEX_POINT('',#4206);
#1421=VERTEX_POINT('',#4210);
#1422=VERTEX_POINT('',#4212);
#1423=VERTEX_POINT('',#4216);
#1424=VERTEX_POINT('',#4218);
#1425=VERTEX_POINT('',#4222);
#1426=VERTEX_POINT('',#4224);
#1427=VERTEX_POINT('',#4228);
#1428=VERTEX_POINT('',#4230);
#1429=VERTEX_POINT('',#4234);
#1430=VERTEX_POINT('',#4236);
#1431=VERTEX_POINT('',#4240);
#1432=VERTEX_POINT('',#4242);
#1433=VERTEX_POINT('',#4246);
#1434=VERTEX_POINT('',#4248);
#1435=VERTEX_POINT('',#4252);
#1436=VERTEX_POINT('',#4254);
#1437=VERTEX_POINT('',#4258);
#1438=VERTEX_POINT('',#4260);
#1439=VERTEX_POINT('',#4264);
#1440=VERTEX_POINT('',#4266);
#1441=VERTEX_POINT('',#4270);
#1442=VERTEX_POINT('',#4272);
#1443=VERTEX_POINT('',#4276);
#1444=VERTEX_POINT('',#4278);
#1445=VERTEX_POINT('',#4282);
#1446=VERTEX_POINT('',#4284);
#1447=VERTEX_POINT('',#4288);
#1448=VERTEX_POINT('',#4290);
#1449=VERTEX_POINT('',#4294);
#1450=VERTEX_POINT('',#4296);
#1451=VERTEX_POINT('',#4300);
#1452=VERTEX_POINT('',#4302);
#1453=VERTEX_POINT('',#4306);
#1454=VERTEX_POINT('',#4308);
#1455=VERTEX_POINT('',#4312);
#1456=VERTEX_POINT('',#4314);
#1457=VERTEX_POINT('',#4318);
#1458=VERTEX_POINT('',#4320);
#1459=VERTEX_POINT('',#4324);
#1460=VERTEX_POINT('',#4326);
#1461=VERTEX_POINT('',#4330);
#1462=VERTEX_POINT('',#4332);
#1463=VERTEX_POINT('',#4336);
#1464=VERTEX_POINT('',#4338);
#1465=VERTEX_POINT('',#4342);
#1466=VERTEX_POINT('',#4343);
#1467=VERTEX_POINT('',#4408);
#1468=VERTEX_POINT('',#4410);
#1469=VERTEX_POINT('',#4475);
#1470=VERTEX_POINT('',#4477);
#1471=VERTEX_POINT('',#4542);
#1472=VERTEX_POINT('',#4544);
#1473=VERTEX_POINT('',#4609);
#1474=VERTEX_POINT('',#4611);
#1475=VERTEX_POINT('',#4676);
#1476=VERTEX_POINT('',#4678);
#1477=VERTEX_POINT('',#4743);
#1478=VERTEX_POINT('',#4745);
#1479=VERTEX_POINT('',#4810);
#1480=VERTEX_POINT('',#4812);
#1481=VERTEX_POINT('',#4877);
#1482=VERTEX_POINT('',#4879);
#1483=VERTEX_POINT('',#4944);
#1484=VERTEX_POINT('',#4946);
#1485=VERTEX_POINT('',#5011);
#1486=VERTEX_POINT('',#5013);
#1487=VERTEX_POINT('',#5078);
#1488=VERTEX_POINT('',#5080);
#1489=VERTEX_POINT('',#5145);
#1490=VERTEX_POINT('',#5147);
#1491=VERTEX_POINT('',#5212);
#1492=VERTEX_POINT('',#5214);
#1493=VERTEX_POINT('',#5247);
#1494=VERTEX_POINT('',#5249);
#1495=VERTEX_POINT('',#5282);
#1496=VERTEX_POINT('',#5284);
#1497=VERTEX_POINT('',#5349);
#1498=VERTEX_POINT('',#5351);
#1499=VERTEX_POINT('',#5416);
#1500=VERTEX_POINT('',#5418);
#1501=VERTEX_POINT('',#5483);
#1502=VERTEX_POINT('',#5485);
#1503=VERTEX_POINT('',#5550);
#1504=VERTEX_POINT('',#5552);
#1505=VERTEX_POINT('',#5617);
#1506=VERTEX_POINT('',#5619);
#1507=VERTEX_POINT('',#5684);
#1508=VERTEX_POINT('',#5686);
#1509=VERTEX_POINT('',#5751);
#1510=VERTEX_POINT('',#5753);
#1511=VERTEX_POINT('',#5818);
#1512=VERTEX_POINT('',#5820);
#1513=VERTEX_POINT('',#5885);
#1514=VERTEX_POINT('',#5887);
#1515=VERTEX_POINT('',#7181);
#1516=VERTEX_POINT('',#7182);
#1517=VERTEX_POINT('',#7187);
#1518=VERTEX_POINT('',#7191);
#1519=B_SPLINE_CURVE_WITH_KNOTS('',3,(#2514,#2515,#2516,#2517,#2518,#2519,
#2520,#2521,#2522,#2523,#2524,#2525,#2526,#2527,#2528,#2529,#2530,#2531,
#2532,#2533,#2534,#2535,#2536,#2537,#2538,#2539,#2540,#2541,#2542,#2543,
#2544,#2545),.UNSPECIFIED.,.F.,.F.,(4,1,1,1,1,1,1,1,1,1,1,1,1,1,1,1,1,1,
1,1,1,1,1,1,1,1,1,1,1,4),(0.,0.0947191414680562,0.105435410606746,0.119270051843148,
0.135639419217311,0.154200536740823,0.17472062401325,0.197028310601875,
0.220990609761134,0.246500425157811,0.273469102961856,0.301821677512944,
0.33149367416024,0.36242886910936,0.394577666725331,0.427895891315667,0.462343866461119,
0.497885699467431,0.534488715672697,0.572123004522591,0.610761050528893,
0.650377429731968,0.690948557435831,0.732452476590366,0.774868678768634,
0.81817795155502,0.862362247536263,0.907404571115797,0.953288880149934,
0.985088787010762),.UNSPECIFIED.);
#1520=B_SPLINE_CURVE_WITH_KNOTS('',3,(#2550,#2551,#2552,#2553,#2554,#2555,
#2556,#2557,#2558,#2559,#2560,#2561,#2562,#2563,#2564,#2565,#2566,#2567,
#2568,#2569,#2570,#2571,#2572,#2573,#2574,#2575,#2576,#2577,#2578,#2579,
#2580,#2581),.UNSPECIFIED.,.F.,.F.,(4,1,1,1,1,1,1,1,1,1,1,1,1,1,1,1,1,1,
1,1,1,1,1,1,1,1,1,1,1,4),(0.,0.0947191414680562,0.105435410606746,0.119270051843148,
0.135639419217311,0.154200536740823,0.17472062401325,0.197028310601875,
0.220990609761134,0.246500425157811,0.273469102961856,0.301821677512944,
0.33149367416024,0.36242886910936,0.394577666725331,0.427895891315667,0.462343866461119,
0.497885699467431,0.534488715672697,0.572123004522591,0.610761050528893,
0.650377429731968,0.690948557435831,0.732452476590366,0.774868678768634,
0.81817795155502,0.862362247536263,0.907404571115797,0.953288880149934,
0.985088787010762),.UNSPECIFIED.);
#1521=B_SPLINE_CURVE_WITH_KNOTS('',3,(#2585,#2586,#2587,#2588,#2589,#2590,
#2591,#2592,#2593,#2594,#2595,#2596,#2597,#2598,#2599,#2600,#2601,#2602,
#2603,#2604,#2605,#2606,#2607,#2608,#2609,#2610,#2611,#2612,#2613,#2614,
#2615,#2616),.UNSPECIFIED.,.F.,.F.,(4,1,1,1,1,1,1,1,1,1,1,1,1,1,1,1,1,1,
1,1,1,1,1,1,1,1,1,1,1,4),(0.,0.0947191414680562,0.105435410606746,0.119270051843148,
0.135639419217311,0.154200536740823,0.17472062401325,0.197028310601875,
0.220990609761134,0.246500425157811,0.273469102961856,0.301821677512944,
0.33149367416024,0.36242886910936,0.394577666725331,0.427895891315667,0.462343866461119,
0.497885699467431,0.534488715672697,0.572123004522591,0.610761050528893,
0.650377429731968,0.690948557435831,0.732452476590366,0.774868678768634,
0.81817795155502,0.862362247536263,0.907404571115797,0.953288880149934,
0.985088787010762),.UNSPECIFIED.);
#1522=B_SPLINE_CURVE_WITH_KNOTS('',3,(#2620,#2621,#2622,#2623,#2624,#2625,
#2626,#2627,#2628,#2629,#2630,#2631,#2632,#2633,#2634,#2635,#2636,#2637,
#2638,#2639,#2640,#2641,#2642,#2643,#2644,#2645,#2646,#2647,#2648,#2649,
#2650,#2651),.UNSPECIFIED.,.F.,.F.,(4,1,1,1,1,1,1,1,1,1,1,1,1,1,1,1,1,1,
1,1,1,1,1,1,1,1,1,1,1,4),(0.,0.0947191414680562,0.105435410606746,0.119270051843148,
0.135639419217311,0.154200536740823,0.17472062401325,0.197028310601875,
0.220990609761134,0.246500425157811,0.273469102961856,0.301821677512944,
0.33149367416024,0.36242886910936,0.394577666725331,0.427895891315667,0.462343866461119,
0.497885699467431,0.534488715672697,0.572123004522591,0.610761050528893,
0.650377429731968,0.690948557435831,0.732452476590366,0.774868678768634,
0.81817795155502,0.862362247536263,0.907404571115797,0.953288880149934,
0.985088787010762),.UNSPECIFIED.);
#1523=B_SPLINE_CURVE_WITH_KNOTS('',3,(#2655,#2656,#2657,#2658,#2659,#2660,
#2661,#2662,#2663,#2664,#2665,#2666,#2667,#2668,#2669,#2670,#2671,#2672,
#2673,#2674,#2675,#2676,#2677,#2678,#2679,#2680,#2681,#2682,#2683,#2684,
#2685,#2686),.UNSPECIFIED.,.F.,.F.,(4,1,1,1,1,1,1,1,1,1,1,1,1,1,1,1,1,1,
1,1,1,1,1,1,1,1,1,1,1,4),(0.,0.0947191414680562,0.105435410606746,0.119270051843148,
0.135639419217311,0.154200536740823,0.17472062401325,0.197028310601875,
0.220990609761134,0.246500425157811,0.273469102961856,0.301821677512944,
0.33149367416024,0.36242886910936,0.394577666725331,0.427895891315667,0.462343866461119,
0.497885699467431,0.534488715672697,0.572123004522591,0.610761050528893,
0.650377429731968,0.690948557435831,0.732452476590366,0.774868678768634,
0.81817795155502,0.862362247536263,0.907404571115797,0.953288880149934,
0.985088787010762),.UNSPECIFIED.);
#1524=B_SPLINE_CURVE_WITH_KNOTS('',3,(#2690,#2691,#2692,#2693,#2694,#2695,
#2696,#2697,#2698,#2699,#2700,#2701,#2702,#2703,#2704,#2705,#2706,#2707,
#2708,#2709,#2710,#2711,#2712,#2713,#2714,#2715,#2716,#2717,#2718,#2719,
#2720,#2721),.UNSPECIFIED.,.F.,.F.,(4,1,1,1,1,1,1,1,1,1,1,1,1,1,1,1,1,1,
1,1,1,1,1,1,1,1,1,1,1,4),(0.,0.0947191414680562,0.105435410606746,0.119270051843148,
0.135639419217311,0.154200536740823,0.17472062401325,0.197028310601875,
0.220990609761134,0.246500425157811,0.273469102961856,0.301821677512944,
0.33149367416024,0.36242886910936,0.394577666725331,0.427895891315667,0.462343866461119,
0.497885699467431,0.534488715672697,0.572123004522591,0.610761050528893,
0.650377429731968,0.690948557435831,0.732452476590366,0.774868678768634,
0.81817795155502,0.862362247536263,0.907404571115797,0.953288880149934,
0.985088787010762),.UNSPECIFIED.);
#1525=B_SPLINE_CURVE_WITH_KNOTS('',3,(#2725,#2726,#2727,#2728,#2729,#2730,
#2731,#2732,#2733,#2734,#2735,#2736,#2737,#2738,#2739,#2740,#2741,#2742,
#2743,#2744,#2745,#2746,#2747,#2748,#2749,#2750,#2751,#2752,#2753,#2754,
#2755,#2756),.UNSPECIFIED.,.F.,.F.,(4,1,1,1,1,1,1,1,1,1,1,1,1,1,1,1,1,1,
1,1,1,1,1,1,1,1,1,1,1,4),(0.,0.0947191414680562,0.105435410606746,0.119270051843148,
0.135639419217311,0.154200536740823,0.17472062401325,0.197028310601875,
0.220990609761134,0.246500425157811,0.273469102961856,0.301821677512944,
0.33149367416024,0.36242886910936,0.394577666725331,0.427895891315667,0.462343866461119,
0.497885699467431,0.534488715672697,0.572123004522591,0.610761050528893,
0.650377429731968,0.690948557435831,0.732452476590366,0.774868678768634,
0.81817795155502,0.862362247536263,0.907404571115797,0.953288880149934,
0.985088787010762),.UNSPECIFIED.);
#1526=B_SPLINE_CURVE_WITH_KNOTS('',3,(#2760,#2761,#2762,#2763,#2764,#2765,
#2766,#2767,#2768,#2769,#2770,#2771,#2772,#2773,#2774,#2775,#2776,#2777,
#2778,#2779,#2780,#2781,#2782,#2783,#2784,#2785,#2786,#2787,#2788,#2789,
#2790,#2791),.UNSPECIFIED.,.F.,.F.,(4,1,1,1,1,1,1,1,1,1,1,1,1,1,1,1,1,1,
1,1,1,1,1,1,1,1,1,1,1,4),(0.,0.0947191414680562,0.105435410606746,0.119270051843148,
0.135639419217311,0.154200536740823,0.17472062401325,0.197028310601875,
0.220990609761134,0.246500425157811,0.273469102961856,0.301821677512944,
0.33149367416024,0.36242886910936,0.394577666725331,0.427895891315667,0.462343866461119,
0.497885699467431,0.534488715672697,0.572123004522591,0.610761050528893,
0.650377429731968,0.690948557435831,0.732452476590366,0.774868678768634,
0.81817795155502,0.862362247536263,0.907404571115797,0.953288880149934,
0.985088787010762),.UNSPECIFIED.);
#1527=B_SPLINE_CURVE_WITH_KNOTS('',3,(#2795,#2796,#2797,#2798,#2799,#2800,
#2801,#2802,#2803,#2804,#2805,#2806,#2807,#2808,#2809,#2810,#2811,#2812,
#2813,#2814,#2815,#2816,#2817,#2818,#2819,#2820,#2821,#2822,#2823,#2824,
#2825,#2826),.UNSPECIFIED.,.F.,.F.,(4,1,1,1,1,1,1,1,1,1,1,1,1,1,1,1,1,1,
1,1,1,1,1,1,1,1,1,1,1,4),(0.,0.0947191414680562,0.105435410606746,0.119270051843148,
0.135639419217311,0.154200536740823,0.17472062401325,0.197028310601875,
0.220990609761134,0.246500425157811,0.273469102961856,0.301821677512944,
0.33149367416024,0.36242886910936,0.394577666725331,0.427895891315667,0.462343866461119,
0.497885699467431,0.534488715672697,0.572123004522591,0.610761050528893,
0.650377429731968,0.690948557435831,0.732452476590366,0.774868678768634,
0.81817795155502,0.862362247536263,0.907404571115797,0.953288880149934,
0.985088787010762),.UNSPECIFIED.);
#1528=B_SPLINE_CURVE_WITH_KNOTS('',3,(#2830,#2831,#2832,#2833,#2834,#2835,
#2836,#2837,#2838,#2839,#2840,#2841,#2842,#2843,#2844,#2845,#2846,#2847,
#2848,#2849,#2850,#2851,#2852,#2853,#2854,#2855,#2856,#2857,#2858,#2859,
#2860,#2861),.UNSPECIFIED.,.F.,.F.,(4,1,1,1,1,1,1,1,1,1,1,1,1,1,1,1,1,1,
1,1,1,1,1,1,1,1,1,1,1,4),(0.,0.0947191414680562,0.105435410606746,0.119270051843148,
0.135639419217311,0.154200536740823,0.17472062401325,0.197028310601875,
0.220990609761134,0.246500425157811,0.273469102961856,0.301821677512944,
0.33149367416024,0.36242886910936,0.394577666725331,0.427895891315667,0.462343866461119,
0.497885699467431,0.534488715672697,0.572123004522591,0.610761050528893,
0.650377429731968,0.690948557435831,0.732452476590366,0.774868678768634,
0.81817795155502,0.862362247536263,0.907404571115797,0.953288880149934,
0.985088787010762),.UNSPECIFIED.);
#1529=B_SPLINE_CURVE_WITH_KNOTS('',3,(#2865,#2866,#2867,#2868,#2869,#2870,
#2871,#2872,#2873,#2874,#2875,#2876,#2877,#2878,#2879,#2880,#2881,#2882,
#2883,#2884,#2885,#2886,#2887,#2888,#2889,#2890,#2891,#2892,#2893,#2894,
#2895,#2896),.UNSPECIFIED.,.F.,.F.,(4,1,1,1,1,1,1,1,1,1,1,1,1,1,1,1,1,1,
1,1,1,1,1,1,1,1,1,1,1,4),(0.,0.0947191414680562,0.105435410606746,0.119270051843148,
0.135639419217311,0.154200536740823,0.17472062401325,0.197028310601875,
0.220990609761134,0.246500425157811,0.273469102961856,0.301821677512944,
0.33149367416024,0.36242886910936,0.394577666725331,0.427895891315667,0.462343866461119,
0.497885699467431,0.534488715672697,0.572123004522591,0.610761050528893,
0.650377429731968,0.690948557435831,0.732452476590366,0.774868678768634,
0.81817795155502,0.862362247536263,0.907404571115797,0.953288880149934,
0.985088787010762),.UNSPECIFIED.);
#1530=B_SPLINE_CURVE_WITH_KNOTS('',3,(#2900,#2901,#2902,#2903,#2904,#2905,
#2906,#2907,#2908,#2909,#2910,#2911,#2912,#2913,#2914,#2915,#2916,#2917,
#2918,#2919,#2920,#2921,#2922,#2923,#2924,#2925,#2926,#2927,#2928,#2929,
#2930,#2931),.UNSPECIFIED.,.F.,.F.,(4,1,1,1,1,1,1,1,1,1,1,1,1,1,1,1,1,1,
1,1,1,1,1,1,1,1,1,1,1,4),(0.,0.0947191414680562,0.105435410606746,0.119270051843148,
0.135639419217311,0.154200536740823,0.17472062401325,0.197028310601875,
0.220990609761134,0.246500425157811,0.273469102961856,0.301821677512944,
0.33149367416024,0.36242886910936,0.394577666725331,0.427895891315667,0.462343866461119,
0.497885699467431,0.534488715672697,0.572123004522591,0.610761050528893,
0.650377429731968,0.690948557435831,0.732452476590366,0.774868678768634,
0.81817795155502,0.862362247536263,0.907404571115797,0.953288880149934,
0.985088787010762),.UNSPECIFIED.);
#1531=B_SPLINE_CURVE_WITH_KNOTS('',3,(#2935,#2936,#2937,#2938,#2939,#2940,
#2941,#2942,#2943,#2944,#2945,#2946,#2947,#2948,#2949,#2950,#2951,#2952,
#2953,#2954,#2955,#2956,#2957,#2958,#2959,#2960,#2961,#2962,#2963,#2964,
#2965,#2966),.UNSPECIFIED.,.F.,.F.,(4,1,1,1,1,1,1,1,1,1,1,1,1,1,1,1,1,1,
1,1,1,1,1,1,1,1,1,1,1,4),(0.,0.0947191414680562,0.105435410606746,0.119270051843148,
0.135639419217311,0.154200536740823,0.17472062401325,0.197028310601875,
0.220990609761134,0.246500425157811,0.273469102961856,0.301821677512944,
0.33149367416024,0.36242886910936,0.394577666725331,0.427895891315667,0.462343866461119,
0.497885699467431,0.534488715672697,0.572123004522591,0.610761050528893,
0.650377429731968,0.690948557435831,0.732452476590366,0.774868678768634,
0.81817795155502,0.862362247536263,0.907404571115797,0.953288880149934,
0.985088787010762),.UNSPECIFIED.);
#1532=B_SPLINE_CURVE_WITH_KNOTS('',3,(#2970,#2971,#2972,#2973,#2974,#2975,
#2976,#2977,#2978,#2979,#2980,#2981,#2982,#2983,#2984,#2985,#2986,#2987,
#2988,#2989,#2990,#2991,#2992,#2993,#2994,#2995,#2996,#2997,#2998,#2999,
#3000,#3001),.UNSPECIFIED.,.F.,.F.,(4,1,1,1,1,1,1,1,1,1,1,1,1,1,1,1,1,1,
1,1,1,1,1,1,1,1,1,1,1,4),(0.,0.0947191414680562,0.105435410606746,0.119270051843148,
0.135639419217311,0.154200536740823,0.17472062401325,0.197028310601875,
0.220990609761134,0.246500425157811,0.273469102961856,0.301821677512944,
0.33149367416024,0.36242886910936,0.394577666725331,0.427895891315667,0.462343866461119,
0.497885699467431,0.534488715672697,0.572123004522591,0.610761050528893,
0.650377429731968,0.690948557435831,0.732452476590366,0.774868678768634,
0.81817795155502,0.862362247536263,0.907404571115797,0.953288880149934,
0.985088787010762),.UNSPECIFIED.);
#1533=B_SPLINE_CURVE_WITH_KNOTS('',3,(#3005,#3006,#3007,#3008,#3009,#3010,
#3011,#3012,#3013,#3014,#3015,#3016,#3017,#3018,#3019,#3020,#3021,#3022,
#3023,#3024,#3025,#3026,#3027,#3028,#3029,#3030,#3031,#3032,#3033,#3034,
#3035,#3036),.UNSPECIFIED.,.F.,.F.,(4,1,1,1,1,1,1,1,1,1,1,1,1,1,1,1,1,1,
1,1,1,1,1,1,1,1,1,1,1,4),(0.,0.0947191414680562,0.105435410606746,0.119270051843148,
0.135639419217311,0.154200536740823,0.17472062401325,0.197028310601875,
0.220990609761134,0.246500425157811,0.273469102961856,0.301821677512944,
0.33149367416024,0.36242886910936,0.394577666725331,0.427895891315667,0.462343866461119,
0.497885699467431,0.534488715672697,0.572123004522591,0.610761050528893,
0.650377429731968,0.690948557435831,0.732452476590366,0.774868678768634,
0.81817795155502,0.862362247536263,0.907404571115797,0.953288880149934,
0.985088787010762),.UNSPECIFIED.);
#1534=B_SPLINE_CURVE_WITH_KNOTS('',3,(#3040,#3041,#3042,#3043,#3044,#3045,
#3046,#3047,#3048,#3049,#3050,#3051,#3052,#3053,#3054,#3055,#3056,#3057,
#3058,#3059,#3060,#3061,#3062,#3063,#3064,#3065,#3066,#3067,#3068,#3069,
#3070,#3071),.UNSPECIFIED.,.F.,.F.,(4,1,1,1,1,1,1,1,1,1,1,1,1,1,1,1,1,1,
1,1,1,1,1,1,1,1,1,1,1,4),(0.,0.0947191414680562,0.105435410606746,0.119270051843148,
0.135639419217311,0.154200536740823,0.17472062401325,0.197028310601875,
0.220990609761134,0.246500425157811,0.273469102961856,0.301821677512944,
0.33149367416024,0.36242886910936,0.394577666725331,0.427895891315667,0.462343866461119,
0.497885699467431,0.534488715672697,0.572123004522591,0.610761050528893,
0.650377429731968,0.690948557435831,0.732452476590366,0.774868678768634,
0.81817795155502,0.862362247536263,0.907404571115797,0.953288880149934,
0.985088787010762),.UNSPECIFIED.);
#1535=B_SPLINE_CURVE_WITH_KNOTS('',3,(#3075,#3076,#3077,#3078,#3079,#3080,
#3081,#3082,#3083,#3084,#3085,#3086,#3087,#3088,#3089,#3090,#3091,#3092,
#3093,#3094,#3095,#3096,#3097,#3098,#3099,#3100,#3101,#3102,#3103,#3104,
#3105,#3106),.UNSPECIFIED.,.F.,.F.,(4,1,1,1,1,1,1,1,1,1,1,1,1,1,1,1,1,1,
1,1,1,1,1,1,1,1,1,1,1,4),(0.,0.0947191414680562,0.105435410606746,0.119270051843148,
0.135639419217311,0.154200536740823,0.17472062401325,0.197028310601875,
0.220990609761134,0.246500425157811,0.273469102961856,0.301821677512944,
0.33149367416024,0.36242886910936,0.394577666725331,0.427895891315667,0.462343866461119,
0.497885699467431,0.534488715672697,0.572123004522591,0.610761050528893,
0.650377429731968,0.690948557435831,0.732452476590366,0.774868678768634,
0.81817795155502,0.862362247536263,0.907404571115797,0.953288880149934,
0.985088787010762),.UNSPECIFIED.);
#1536=B_SPLINE_CURVE_WITH_KNOTS('',3,(#3110,#3111,#3112,#3113,#3114,#3115,
#3116,#3117,#3118,#3119,#3120,#3121,#3122,#3123,#3124,#3125,#3126,#3127,
#3128,#3129,#3130,#3131,#3132,#3133,#3134,#3135,#3136,#3137,#3138,#3139,
#3140,#3141),.UNSPECIFIED.,.F.,.F.,(4,1,1,1,1,1,1,1,1,1,1,1,1,1,1,1,1,1,
1,1,1,1,1,1,1,1,1,1,1,4),(0.,0.0947191414680562,0.105435410606746,0.119270051843148,
0.135639419217311,0.154200536740823,0.17472062401325,0.197028310601875,
0.220990609761134,0.246500425157811,0.273469102961856,0.301821677512944,
0.33149367416024,0.36242886910936,0.394577666725331,0.427895891315667,0.462343866461119,
0.497885699467431,0.534488715672697,0.572123004522591,0.610761050528893,
0.650377429731968,0.690948557435831,0.732452476590366,0.774868678768634,
0.81817795155502,0.862362247536263,0.907404571115797,0.953288880149934,
0.985088787010762),.UNSPECIFIED.);
#1537=B_SPLINE_CURVE_WITH_KNOTS('',3,(#3145,#3146,#3147,#3148,#3149,#3150,
#3151,#3152,#3153,#3154,#3155,#3156,#3157,#3158,#3159,#3160,#3161,#3162,
#3163,#3164,#3165,#3166,#3167,#3168,#3169,#3170,#3171,#3172,#3173,#3174,
#3175,#3176),.UNSPECIFIED.,.F.,.F.,(4,1,1,1,1,1,1,1,1,1,1,1,1,1,1,1,1,1,
1,1,1,1,1,1,1,1,1,1,1,4),(0.,0.0947191414680562,0.105435410606746,0.119270051843148,
0.135639419217311,0.154200536740823,0.17472062401325,0.197028310601875,
0.220990609761134,0.246500425157811,0.273469102961856,0.301821677512944,
0.33149367416024,0.36242886910936,0.394577666725331,0.427895891315667,0.462343866461119,
0.497885699467431,0.534488715672697,0.572123004522591,0.610761050528893,
0.650377429731968,0.690948557435831,0.732452476590366,0.774868678768634,
0.81817795155502,0.862362247536263,0.907404571115797,0.953288880149934,
0.985088787010762),.UNSPECIFIED.);
#1538=B_SPLINE_CURVE_WITH_KNOTS('',3,(#3180,#3181,#3182,#3183,#3184,#3185,
#3186,#3187,#3188,#3189,#3190,#3191,#3192,#3193,#3194,#3195,#3196,#3197,
#3198,#3199,#3200,#3201,#3202,#3203,#3204,#3205,#3206,#3207,#3208,#3209,
#3210,#3211),.UNSPECIFIED.,.F.,.F.,(4,1,1,1,1,1,1,1,1,1,1,1,1,1,1,1,1,1,
1,1,1,1,1,1,1,1,1,1,1,4),(0.,0.0947191414680562,0.105435410606746,0.119270051843148,
0.135639419217311,0.154200536740823,0.17472062401325,0.197028310601875,
0.220990609761134,0.246500425157811,0.273469102961856,0.301821677512944,
0.33149367416024,0.36242886910936,0.394577666725331,0.427895891315667,0.462343866461119,
0.497885699467431,0.534488715672697,0.572123004522591,0.610761050528893,
0.650377429731968,0.690948557435831,0.732452476590366,0.774868678768634,
0.81817795155502,0.862362247536263,0.907404571115797,0.953288880149934,
0.985088787010762),.UNSPECIFIED.);
#1539=B_SPLINE_CURVE_WITH_KNOTS('',3,(#3215,#3216,#3217,#3218,#3219,#3220,
#3221,#3222,#3223,#3224,#3225,#3226,#3227,#3228,#3229,#3230,#3231,#3232,
#3233,#3234,#3235,#3236,#3237,#3238,#3239,#3240,#3241,#3242,#3243,#3244,
#3245,#3246),.UNSPECIFIED.,.F.,.F.,(4,1,1,1,1,1,1,1,1,1,1,1,1,1,1,1,1,1,
1,1,1,1,1,1,1,1,1,1,1,4),(0.,0.0947191414680562,0.105435410606746,0.119270051843148,
0.135639419217311,0.154200536740823,0.17472062401325,0.197028310601875,
0.220990609761134,0.246500425157811,0.273469102961856,0.301821677512944,
0.33149367416024,0.36242886910936,0.394577666725331,0.427895891315667,0.462343866461119,
0.497885699467431,0.534488715672697,0.572123004522591,0.610761050528893,
0.650377429731968,0.690948557435831,0.732452476590366,0.774868678768634,
0.81817795155502,0.862362247536263,0.907404571115797,0.953288880149934,
0.985088787010762),.UNSPECIFIED.);
#1540=B_SPLINE_CURVE_WITH_KNOTS('',3,(#3250,#3251,#3252,#3253,#3254,#3255,
#3256,#3257,#3258,#3259,#3260,#3261,#3262,#3263,#3264,#3265,#3266,#3267,
#3268,#3269,#3270,#3271,#3272,#3273,#3274,#3275,#3276,#3277,#3278,#3279,
#3280,#3281),.UNSPECIFIED.,.F.,.F.,(4,1,1,1,1,1,1,1,1,1,1,1,1,1,1,1,1,1,
1,1,1,1,1,1,1,1,1,1,1,4),(0.,0.0947191414680562,0.105435410606746,0.119270051843148,
0.135639419217311,0.154200536740823,0.17472062401325,0.197028310601875,
0.220990609761134,0.246500425157811,0.273469102961856,0.301821677512944,
0.33149367416024,0.36242886910936,0.394577666725331,0.427895891315667,0.462343866461119,
0.497885699467431,0.534488715672697,0.572123004522591,0.610761050528893,
0.650377429731968,0.690948557435831,0.732452476590366,0.774868678768634,
0.81817795155502,0.862362247536263,0.907404571115797,0.953288880149934,
0.985088787010762),.UNSPECIFIED.);
#1541=B_SPLINE_CURVE_WITH_KNOTS('',3,(#3285,#3286,#3287,#3288,#3289,#3290,
#3291,#3292,#3293,#3294,#3295,#3296,#3297,#3298,#3299,#3300,#3301,#3302,
#3303,#3304,#3305,#3306,#3307,#3308,#3309,#3310,#3311,#3312,#3313,#3314,
#3315,#3316),.UNSPECIFIED.,.F.,.F.,(4,1,1,1,1,1,1,1,1,1,1,1,1,1,1,1,1,1,
1,1,1,1,1,1,1,1,1,1,1,4),(0.,0.0947191414680562,0.105435410606746,0.119270051843148,
0.135639419217311,0.154200536740823,0.17472062401325,0.197028310601875,
0.220990609761134,0.246500425157811,0.273469102961856,0.301821677512944,
0.33149367416024,0.36242886910936,0.394577666725331,0.427895891315667,0.462343866461119,
0.497885699467431,0.534488715672697,0.572123004522591,0.610761050528893,
0.650377429731968,0.690948557435831,0.732452476590366,0.774868678768634,
0.81817795155502,0.862362247536263,0.907404571115797,0.953288880149934,
0.985088787010762),.UNSPECIFIED.);
#1542=B_SPLINE_CURVE_WITH_KNOTS('',3,(#3320,#3321,#3322,#3323,#3324,#3325,
#3326,#3327,#3328,#3329,#3330,#3331,#3332,#3333,#3334,#3335,#3336,#3337,
#3338,#3339,#3340,#3341,#3342,#3343,#3344,#3345,#3346,#3347,#3348,#3349,
#3350,#3351),.UNSPECIFIED.,.F.,.F.,(4,1,1,1,1,1,1,1,1,1,1,1,1,1,1,1,1,1,
1,1,1,1,1,1,1,1,1,1,1,4),(0.,0.0947191414680562,0.105435410606746,0.119270051843148,
0.135639419217311,0.154200536740823,0.17472062401325,0.197028310601875,
0.220990609761134,0.246500425157811,0.273469102961856,0.301821677512944,
0.33149367416024,0.36242886910936,0.394577666725331,0.427895891315667,0.462343866461119,
0.497885699467431,0.534488715672697,0.572123004522591,0.610761050528893,
0.650377429731968,0.690948557435831,0.732452476590366,0.774868678768634,
0.81817795155502,0.862362247536263,0.907404571115797,0.953288880149934,
0.985088787010762),.UNSPECIFIED.);
#1543=B_SPLINE_CURVE_WITH_KNOTS('',3,(#3355,#3356,#3357,#3358,#3359,#3360,
#3361,#3362,#3363,#3364,#3365,#3366,#3367,#3368,#3369,#3370,#3371,#3372,
#3373,#3374,#3375,#3376,#3377,#3378,#3379,#3380,#3381,#3382,#3383,#3384,
#3385,#3386),.UNSPECIFIED.,.F.,.F.,(4,1,1,1,1,1,1,1,1,1,1,1,1,1,1,1,1,1,
1,1,1,1,1,1,1,1,1,1,1,4),(0.,0.0947191414680562,0.105435410606746,0.119270051843148,
0.135639419217311,0.154200536740823,0.17472062401325,0.197028310601875,
0.220990609761134,0.246500425157811,0.273469102961856,0.301821677512944,
0.33149367416024,0.36242886910936,0.394577666725331,0.427895891315667,0.462343866461119,
0.497885699467431,0.534488715672697,0.572123004522591,0.610761050528893,
0.650377429731968,0.690948557435831,0.732452476590366,0.774868678768634,
0.81817795155502,0.862362247536263,0.907404571115797,0.953288880149934,
0.985088787010762),.UNSPECIFIED.);
#1544=B_SPLINE_CURVE_WITH_KNOTS('',3,(#3390,#3391,#3392,#3393,#3394,#3395,
#3396,#3397,#3398,#3399,#3400,#3401,#3402,#3403,#3404,#3405,#3406,#3407,
#3408,#3409,#3410,#3411,#3412,#3413,#3414,#3415,#3416,#3417,#3418,#3419,
#3420,#3421),.UNSPECIFIED.,.F.,.F.,(4,1,1,1,1,1,1,1,1,1,1,1,1,1,1,1,1,1,
1,1,1,1,1,1,1,1,1,1,1,4),(0.,0.0947191414680562,0.105435410606746,0.119270051843148,
0.135639419217311,0.154200536740823,0.17472062401325,0.197028310601875,
0.220990609761134,0.246500425157811,0.273469102961856,0.301821677512944,
0.33149367416024,0.36242886910936,0.394577666725331,0.427895891315667,0.462343866461119,
0.497885699467431,0.534488715672697,0.572123004522591,0.610761050528893,
0.650377429731968,0.690948557435831,0.732452476590366,0.774868678768634,
0.81817795155502,0.862362247536263,0.907404571115797,0.953288880149934,
0.985088787010762),.UNSPECIFIED.);
#1545=B_SPLINE_CURVE_WITH_KNOTS('',3,(#3425,#3426,#3427,#3428,#3429,#3430,
#3431,#3432,#3433,#3434,#3435,#3436,#3437,#3438,#3439,#3440,#3441,#3442,
#3443,#3444,#3445,#3446,#3447,#3448,#3449,#3450,#3451,#3452,#3453,#3454,
#3455,#3456),.UNSPECIFIED.,.F.,.F.,(4,1,1,1,1,1,1,1,1,1,1,1,1,1,1,1,1,1,
1,1,1,1,1,1,1,1,1,1,1,4),(0.,0.0947191414680562,0.105435410606746,0.119270051843148,
0.135639419217311,0.154200536740823,0.17472062401325,0.197028310601875,
0.220990609761134,0.246500425157811,0.273469102961856,0.301821677512944,
0.33149367416024,0.36242886910936,0.394577666725331,0.427895891315667,0.462343866461119,
0.497885699467431,0.534488715672697,0.572123004522591,0.610761050528893,
0.650377429731968,0.690948557435831,0.732452476590366,0.774868678768634,
0.81817795155502,0.862362247536263,0.907404571115797,0.953288880149934,
0.985088787010762),.UNSPECIFIED.);
#1546=B_SPLINE_CURVE_WITH_KNOTS('',3,(#3460,#3461,#3462,#3463,#3464,#3465,
#3466,#3467,#3468,#3469,#3470,#3471,#3472,#3473,#3474,#3475,#3476,#3477,
#3478,#3479,#3480,#3481,#3482,#3483,#3484,#3485,#3486,#3487,#3488,#3489,
#3490,#3491),.UNSPECIFIED.,.F.,.F.,(4,1,1,1,1,1,1,1,1,1,1,1,1,1,1,1,1,1,
1,1,1,1,1,1,1,1,1,1,1,4),(0.,0.0947191414680562,0.105435410606746,0.119270051843148,
0.135639419217311,0.154200536740823,0.17472062401325,0.197028310601875,
0.220990609761134,0.246500425157811,0.273469102961856,0.301821677512944,
0.33149367416024,0.36242886910936,0.394577666725331,0.427895891315667,0.462343866461119,
0.497885699467431,0.534488715672697,0.572123004522591,0.610761050528893,
0.650377429731968,0.690948557435831,0.732452476590366,0.774868678768634,
0.81817795155502,0.862362247536263,0.907404571115797,0.953288880149934,
0.985088787010762),.UNSPECIFIED.);
#1547=B_SPLINE_CURVE_WITH_KNOTS('',3,(#3495,#3496,#3497,#3498,#3499,#3500,
#3501,#3502,#3503,#3504,#3505,#3506,#3507,#3508,#3509,#3510,#3511,#3512,
#3513,#3514,#3515,#3516,#3517,#3518,#3519,#3520,#3521,#3522,#3523,#3524,
#3525,#3526),.UNSPECIFIED.,.F.,.F.,(4,1,1,1,1,1,1,1,1,1,1,1,1,1,1,1,1,1,
1,1,1,1,1,1,1,1,1,1,1,4),(0.,0.0947191414680562,0.105435410606746,0.119270051843148,
0.135639419217311,0.154200536740823,0.17472062401325,0.197028310601875,
0.220990609761134,0.246500425157811,0.273469102961856,0.301821677512944,
0.33149367416024,0.36242886910936,0.394577666725331,0.427895891315667,0.462343866461119,
0.497885699467431,0.534488715672697,0.572123004522591,0.610761050528893,
0.650377429731968,0.690948557435831,0.732452476590366,0.774868678768634,
0.81817795155502,0.862362247536263,0.907404571115797,0.953288880149934,
0.985088787010762),.UNSPECIFIED.);
#1548=B_SPLINE_CURVE_WITH_KNOTS('',3,(#3530,#3531,#3532,#3533,#3534,#3535,
#3536,#3537,#3538,#3539,#3540,#3541,#3542,#3543,#3544,#3545,#3546,#3547,
#3548,#3549,#3550,#3551,#3552,#3553,#3554,#3555,#3556,#3557,#3558,#3559,
#3560,#3561),.UNSPECIFIED.,.F.,.F.,(4,1,1,1,1,1,1,1,1,1,1,1,1,1,1,1,1,1,
1,1,1,1,1,1,1,1,1,1,1,4),(0.,0.0947191414680562,0.105435410606746,0.119270051843148,
0.135639419217311,0.154200536740823,0.17472062401325,0.197028310601875,
0.220990609761134,0.246500425157811,0.273469102961856,0.301821677512944,
0.33149367416024,0.36242886910936,0.394577666725331,0.427895891315667,0.462343866461119,
0.497885699467431,0.534488715672697,0.572123004522591,0.610761050528893,
0.650377429731968,0.690948557435831,0.732452476590366,0.774868678768634,
0.81817795155502,0.862362247536263,0.907404571115797,0.953288880149934,
0.985088787010762),.UNSPECIFIED.);
#1549=B_SPLINE_CURVE_WITH_KNOTS('',3,(#3565,#3566,#3567,#3568,#3569,#3570,
#3571,#3572,#3573,#3574,#3575,#3576,#3577,#3578,#3579,#3580,#3581,#3582,
#3583,#3584,#3585,#3586,#3587,#3588,#3589,#3590,#3591,#3592,#3593,#3594,
#3595,#3596),.UNSPECIFIED.,.F.,.F.,(4,1,1,1,1,1,1,1,1,1,1,1,1,1,1,1,1,1,
1,1,1,1,1,1,1,1,1,1,1,4),(0.,0.0947191414680562,0.105435410606746,0.119270051843148,
0.135639419217311,0.154200536740823,0.17472062401325,0.197028310601875,
0.220990609761134,0.246500425157811,0.273469102961856,0.301821677512944,
0.33149367416024,0.36242886910936,0.394577666725331,0.427895891315667,0.462343866461119,
0.497885699467431,0.534488715672697,0.572123004522591,0.610761050528893,
0.650377429731968,0.690948557435831,0.732452476590366,0.774868678768634,
0.81817795155502,0.862362247536263,0.907404571115797,0.953288880149934,
0.985088787010762),.UNSPECIFIED.);
#1550=B_SPLINE_CURVE_WITH_KNOTS('',3,(#3600,#3601,#3602,#3603,#3604,#3605,
#3606,#3607,#3608,#3609,#3610,#3611,#3612,#3613,#3614,#3615,#3616,#3617,
#3618,#3619,#3620,#3621,#3622,#3623,#3624,#3625,#3626,#3627,#3628,#3629,
#3630,#3631),.UNSPECIFIED.,.F.,.F.,(4,1,1,1,1,1,1,1,1,1,1,1,1,1,1,1,1,1,
1,1,1,1,1,1,1,1,1,1,1,4),(0.,0.0947191414680562,0.105435410606746,0.119270051843148,
0.135639419217311,0.154200536740823,0.17472062401325,0.197028310601875,
0.220990609761134,0.246500425157811,0.273469102961856,0.301821677512944,
0.33149367416024,0.36242886910936,0.394577666725331,0.427895891315667,0.462343866461119,
0.497885699467431,0.534488715672697,0.572123004522591,0.610761050528893,
0.650377429731968,0.690948557435831,0.732452476590366,0.774868678768634,
0.81817795155502,0.862362247536263,0.907404571115797,0.953288880149934,
0.985088787010762),.UNSPECIFIED.);
#1551=B_SPLINE_CURVE_WITH_KNOTS('',3,(#3635,#3636,#3637,#3638,#3639,#3640,
#3641,#3642,#3643,#3644,#3645,#3646,#3647,#3648,#3649,#3650,#3651,#3652,
#3653,#3654,#3655,#3656,#3657,#3658,#3659,#3660,#3661,#3662,#3663,#3664,
#3665,#3666),.UNSPECIFIED.,.F.,.F.,(4,1,1,1,1,1,1,1,1,1,1,1,1,1,1,1,1,1,
1,1,1,1,1,1,1,1,1,1,1,4),(0.,0.0947191414680562,0.105435410606746,0.119270051843148,
0.135639419217311,0.154200536740823,0.17472062401325,0.197028310601875,
0.220990609761134,0.246500425157811,0.273469102961856,0.301821677512944,
0.33149367416024,0.36242886910936,0.394577666725331,0.427895891315667,0.462343866461119,
0.497885699467431,0.534488715672697,0.572123004522591,0.610761050528893,
0.650377429731968,0.690948557435831,0.732452476590366,0.774868678768634,
0.81817795155502,0.862362247536263,0.907404571115797,0.953288880149934,
0.985088787010762),.UNSPECIFIED.);
#1552=B_SPLINE_CURVE_WITH_KNOTS('',3,(#3670,#3671,#3672,#3673,#3674,#3675,
#3676,#3677,#3678,#3679,#3680,#3681,#3682,#3683,#3684,#3685,#3686,#3687,
#3688,#3689,#3690,#3691,#3692,#3693,#3694,#3695,#3696,#3697,#3698,#3699,
#3700,#3701),.UNSPECIFIED.,.F.,.F.,(4,1,1,1,1,1,1,1,1,1,1,1,1,1,1,1,1,1,
1,1,1,1,1,1,1,1,1,1,1,4),(0.,0.0947191414680562,0.105435410606746,0.119270051843148,
0.135639419217311,0.154200536740823,0.17472062401325,0.197028310601875,
0.220990609761134,0.246500425157811,0.273469102961856,0.301821677512944,
0.33149367416024,0.36242886910936,0.394577666725331,0.427895891315667,0.462343866461119,
0.497885699467431,0.534488715672697,0.572123004522591,0.610761050528893,
0.650377429731968,0.690948557435831,0.732452476590366,0.774868678768634,
0.81817795155502,0.862362247536263,0.907404571115797,0.953288880149934,
0.985088787010762),.UNSPECIFIED.);
#1553=B_SPLINE_CURVE_WITH_KNOTS('',3,(#3705,#3706,#3707,#3708,#3709,#3710,
#3711,#3712,#3713,#3714,#3715,#3716,#3717,#3718,#3719,#3720,#3721,#3722,
#3723,#3724,#3725,#3726,#3727,#3728,#3729,#3730,#3731,#3732,#3733,#3734,
#3735,#3736),.UNSPECIFIED.,.F.,.F.,(4,1,1,1,1,1,1,1,1,1,1,1,1,1,1,1,1,1,
1,1,1,1,1,1,1,1,1,1,1,4),(0.,0.0947191414680562,0.105435410606746,0.119270051843148,
0.135639419217311,0.154200536740823,0.17472062401325,0.197028310601875,
0.220990609761134,0.246500425157811,0.273469102961856,0.301821677512944,
0.33149367416024,0.36242886910936,0.394577666725331,0.427895891315667,0.462343866461119,
0.497885699467431,0.534488715672697,0.572123004522591,0.610761050528893,
0.650377429731968,0.690948557435831,0.732452476590366,0.774868678768634,
0.81817795155502,0.862362247536263,0.907404571115797,0.953288880149934,
0.985088787010762),.UNSPECIFIED.);
#1554=B_SPLINE_CURVE_WITH_KNOTS('',3,(#3740,#3741,#3742,#3743,#3744,#3745,
#3746,#3747,#3748,#3749,#3750,#3751,#3752,#3753,#3754,#3755,#3756,#3757,
#3758,#3759,#3760,#3761,#3762,#3763,#3764,#3765,#3766,#3767,#3768,#3769,
#3770,#3771),.UNSPECIFIED.,.F.,.F.,(4,1,1,1,1,1,1,1,1,1,1,1,1,1,1,1,1,1,
1,1,1,1,1,1,1,1,1,1,1,4),(0.,0.0947191414680562,0.105435410606746,0.119270051843148,
0.135639419217311,0.154200536740823,0.17472062401325,0.197028310601875,
0.220990609761134,0.246500425157811,0.273469102961856,0.301821677512944,
0.33149367416024,0.36242886910936,0.394577666725331,0.427895891315667,0.462343866461119,
0.497885699467431,0.534488715672697,0.572123004522591,0.610761050528893,
0.650377429731968,0.690948557435831,0.732452476590366,0.774868678768634,
0.81817795155502,0.862362247536263,0.907404571115797,0.953288880149934,
0.985088787010762),.UNSPECIFIED.);
#1555=B_SPLINE_CURVE_WITH_KNOTS('',3,(#3775,#3776,#3777,#3778,#3779,#3780,
#3781,#3782,#3783,#3784,#3785,#3786,#3787,#3788,#3789,#3790,#3791,#3792,
#3793,#3794,#3795,#3796,#3797,#3798,#3799,#3800,#3801,#3802,#3803,#3804,
#3805,#3806),.UNSPECIFIED.,.F.,.F.,(4,1,1,1,1,1,1,1,1,1,1,1,1,1,1,1,1,1,
1,1,1,1,1,1,1,1,1,1,1,4),(0.,0.0947191414680562,0.105435410606746,0.119270051843148,
0.135639419217311,0.154200536740823,0.17472062401325,0.197028310601875,
0.220990609761134,0.246500425157811,0.273469102961856,0.301821677512944,
0.33149367416024,0.36242886910936,0.394577666725331,0.427895891315667,0.462343866461119,
0.497885699467431,0.534488715672697,0.572123004522591,0.610761050528893,
0.650377429731968,0.690948557435831,0.732452476590366,0.774868678768634,
0.81817795155502,0.862362247536263,0.907404571115797,0.953288880149934,
0.985088787010762),.UNSPECIFIED.);
#1556=B_SPLINE_CURVE_WITH_KNOTS('',3,(#3810,#3811,#3812,#3813,#3814,#3815,
#3816,#3817,#3818,#3819,#3820,#3821,#3822,#3823,#3824,#3825,#3826,#3827,
#3828,#3829,#3830,#3831,#3832,#3833,#3834,#3835,#3836,#3837,#3838,#3839,
#3840,#3841),.UNSPECIFIED.,.F.,.F.,(4,1,1,1,1,1,1,1,1,1,1,1,1,1,1,1,1,1,
1,1,1,1,1,1,1,1,1,1,1,4),(0.,0.0947191414680562,0.105435410606746,0.119270051843148,
0.135639419217311,0.154200536740823,0.17472062401325,0.197028310601875,
0.220990609761134,0.246500425157811,0.273469102961856,0.301821677512944,
0.33149367416024,0.36242886910936,0.394577666725331,0.427895891315667,0.462343866461119,
0.497885699467431,0.534488715672697,0.572123004522591,0.610761050528893,
0.650377429731968,0.690948557435831,0.732452476590366,0.774868678768634,
0.81817795155502,0.862362247536263,0.907404571115797,0.953288880149934,
0.985088787010762),.UNSPECIFIED.);
#1557=B_SPLINE_CURVE_WITH_KNOTS('',3,(#3845,#3846,#3847,#3848,#3849,#3850,
#3851,#3852,#3853,#3854,#3855,#3856,#3857,#3858,#3859,#3860,#3861,#3862,
#3863,#3864,#3865,#3866,#3867,#3868,#3869,#3870,#3871,#3872,#3873,#3874,
#3875,#3876),.UNSPECIFIED.,.F.,.F.,(4,1,1,1,1,1,1,1,1,1,1,1,1,1,1,1,1,1,
1,1,1,1,1,1,1,1,1,1,1,4),(0.,0.0947191414680562,0.105435410606746,0.119270051843148,
0.135639419217311,0.154200536740823,0.17472062401325,0.197028310601875,
0.220990609761134,0.246500425157811,0.273469102961856,0.301821677512944,
0.33149367416024,0.36242886910936,0.394577666725331,0.427895891315667,0.462343866461119,
0.497885699467431,0.534488715672697,0.572123004522591,0.610761050528893,
0.650377429731968,0.690948557435831,0.732452476590366,0.774868678768634,
0.81817795155502,0.862362247536263,0.907404571115797,0.953288880149934,
0.985088787010762),.UNSPECIFIED.);
#1558=B_SPLINE_CURVE_WITH_KNOTS('',3,(#3880,#3881,#3882,#3883,#3884,#3885,
#3886,#3887,#3888,#3889,#3890,#3891,#3892,#3893,#3894,#3895,#3896,#3897,
#3898,#3899,#3900,#3901,#3902,#3903,#3904,#3905,#3906,#3907,#3908,#3909,
#3910,#3911),.UNSPECIFIED.,.F.,.F.,(4,1,1,1,1,1,1,1,1,1,1,1,1,1,1,1,1,1,
1,1,1,1,1,1,1,1,1,1,1,4),(0.,0.0947191414680562,0.105435410606746,0.119270051843148,
0.135639419217311,0.154200536740823,0.17472062401325,0.197028310601875,
0.220990609761134,0.246500425157811,0.273469102961856,0.301821677512944,
0.33149367416024,0.36242886910936,0.394577666725331,0.427895891315667,0.462343866461119,
0.497885699467431,0.534488715672697,0.572123004522591,0.610761050528893,
0.650377429731968,0.690948557435831,0.732452476590366,0.774868678768634,
0.81817795155502,0.862362247536263,0.907404571115797,0.953288880149934,
0.985088787010762),.UNSPECIFIED.);
#1559=B_SPLINE_CURVE_WITH_KNOTS('',3,(#3915,#3916,#3917,#3918,#3919,#3920,
#3921,#3922,#3923,#3924,#3925,#3926,#3927,#3928,#3929,#3930,#3931,#3932,
#3933,#3934,#3935,#3936,#3937,#3938,#3939,#3940,#3941,#3942,#3943,#3944,
#3945,#3946),.UNSPECIFIED.,.F.,.F.,(4,1,1,1,1,1,1,1,1,1,1,1,1,1,1,1,1,1,
1,1,1,1,1,1,1,1,1,1,1,4),(0.,0.0947191414680562,0.105435410606746,0.119270051843148,
0.135639419217311,0.154200536740823,0.17472062401325,0.197028310601875,
0.220990609761134,0.246500425157811,0.273469102961856,0.301821677512944,
0.33149367416024,0.36242886910936,0.394577666725331,0.427895891315667,0.462343866461119,
0.497885699467431,0.534488715672697,0.572123004522591,0.610761050528893,
0.650377429731968,0.690948557435831,0.732452476590366,0.774868678768634,
0.81817795155502,0.862362247536263,0.907404571115797,0.953288880149934,
0.985088787010762),.UNSPECIFIED.);
#1560=B_SPLINE_CURVE_WITH_KNOTS('',3,(#3950,#3951,#3952,#3953,#3954,#3955,
#3956,#3957,#3958,#3959,#3960,#3961,#3962,#3963,#3964,#3965,#3966,#3967,
#3968,#3969,#3970,#3971,#3972,#3973,#3974,#3975,#3976,#3977,#3978,#3979,
#3980,#3981),.UNSPECIFIED.,.F.,.F.,(4,1,1,1,1,1,1,1,1,1,1,1,1,1,1,1,1,1,
1,1,1,1,1,1,1,1,1,1,1,4),(0.,0.0947191414680562,0.105435410606746,0.119270051843148,
0.135639419217311,0.154200536740823,0.17472062401325,0.197028310601875,
0.220990609761134,0.246500425157811,0.273469102961856,0.301821677512944,
0.33149367416024,0.36242886910936,0.394577666725331,0.427895891315667,0.462343866461119,
0.497885699467431,0.534488715672697,0.572123004522591,0.610761050528893,
0.650377429731968,0.690948557435831,0.732452476590366,0.774868678768634,
0.81817795155502,0.862362247536263,0.907404571115797,0.953288880149934,
0.985088787010762),.UNSPECIFIED.);
#1561=B_SPLINE_CURVE_WITH_KNOTS('',3,(#3985,#3986,#3987,#3988,#3989,#3990,
#3991,#3992,#3993,#3994,#3995,#3996,#3997,#3998,#3999,#4000,#4001,#4002,
#4003,#4004,#4005,#4006,#4007,#4008,#4009,#4010,#4011,#4012,#4013,#4014,
#4015,#4016),.UNSPECIFIED.,.F.,.F.,(4,1,1,1,1,1,1,1,1,1,1,1,1,1,1,1,1,1,
1,1,1,1,1,1,1,1,1,1,1,4),(0.,0.0947191414680562,0.105435410606746,0.119270051843148,
0.135639419217311,0.154200536740823,0.17472062401325,0.197028310601875,
0.220990609761134,0.246500425157811,0.273469102961856,0.301821677512944,
0.33149367416024,0.36242886910936,0.394577666725331,0.427895891315667,0.462343866461119,
0.497885699467431,0.534488715672697,0.572123004522591,0.610761050528893,
0.650377429731968,0.690948557435831,0.732452476590366,0.774868678768634,
0.81817795155502,0.862362247536263,0.907404571115797,0.953288880149934,
0.985088787010762),.UNSPECIFIED.);
#1562=B_SPLINE_CURVE_WITH_KNOTS('',3,(#4020,#4021,#4022,#4023,#4024,#4025,
#4026,#4027,#4028,#4029,#4030,#4031,#4032,#4033,#4034,#4035,#4036,#4037,
#4038,#4039,#4040,#4041,#4042,#4043,#4044,#4045,#4046,#4047,#4048,#4049,
#4050,#4051),.UNSPECIFIED.,.F.,.F.,(4,1,1,1,1,1,1,1,1,1,1,1,1,1,1,1,1,1,
1,1,1,1,1,1,1,1,1,1,1,4),(0.,0.0947191414680562,0.105435410606746,0.119270051843148,
0.135639419217311,0.154200536740823,0.17472062401325,0.197028310601875,
0.220990609761134,0.246500425157811,0.273469102961856,0.301821677512944,
0.33149367416024,0.36242886910936,0.394577666725331,0.427895891315667,0.462343866461119,
0.497885699467431,0.534488715672697,0.572123004522591,0.610761050528893,
0.650377429731968,0.690948557435831,0.732452476590366,0.774868678768634,
0.81817795155502,0.862362247536263,0.907404571115797,0.953288880149934,
0.985088787010762),.UNSPECIFIED.);
#1563=B_SPLINE_CURVE_WITH_KNOTS('',3,(#4055,#4056,#4057,#4058,#4059,#4060,
#4061,#4062,#4063,#4064,#4065,#4066,#4067,#4068,#4069,#4070,#4071,#4072,
#4073,#4074,#4075,#4076,#4077,#4078,#4079,#4080,#4081,#4082,#4083,#4084,
#4085,#4086),.UNSPECIFIED.,.F.,.F.,(4,1,1,1,1,1,1,1,1,1,1,1,1,1,1,1,1,1,
1,1,1,1,1,1,1,1,1,1,1,4),(0.,0.0947191414680562,0.105435410606746,0.119270051843148,
0.135639419217311,0.154200536740823,0.17472062401325,0.197028310601875,
0.220990609761134,0.246500425157811,0.273469102961856,0.301821677512944,
0.33149367416024,0.36242886910936,0.394577666725331,0.427895891315667,0.462343866461119,
0.497885699467431,0.534488715672697,0.572123004522591,0.610761050528893,
0.650377429731968,0.690948557435831,0.732452476590366,0.774868678768634,
0.81817795155502,0.862362247536263,0.907404571115797,0.953288880149934,
0.985088787010762),.UNSPECIFIED.);
#1564=B_SPLINE_CURVE_WITH_KNOTS('',3,(#4090,#4091,#4092,#4093,#4094,#4095,
#4096,#4097,#4098,#4099,#4100,#4101,#4102,#4103,#4104,#4105,#4106,#4107,
#4108,#4109,#4110,#4111,#4112,#4113,#4114,#4115,#4116,#4117,#4118,#4119,
#4120,#4121),.UNSPECIFIED.,.F.,.F.,(4,1,1,1,1,1,1,1,1,1,1,1,1,1,1,1,1,1,
1,1,1,1,1,1,1,1,1,1,1,4),(0.,0.0947191414680562,0.105435410606746,0.119270051843148,
0.135639419217311,0.154200536740823,0.17472062401325,0.197028310601875,
0.220990609761134,0.246500425157811,0.273469102961856,0.301821677512944,
0.33149367416024,0.36242886910936,0.394577666725331,0.427895891315667,0.462343866461119,
0.497885699467431,0.534488715672697,0.572123004522591,0.610761050528893,
0.650377429731968,0.690948557435831,0.732452476590366,0.774868678768634,
0.81817795155502,0.862362247536263,0.907404571115797,0.953288880149934,
0.985088787010762),.UNSPECIFIED.);
#1565=B_SPLINE_CURVE_WITH_KNOTS('',3,(#4125,#4126,#4127,#4128,#4129,#4130,
#4131,#4132,#4133,#4134,#4135,#4136,#4137,#4138,#4139,#4140,#4141,#4142,
#4143,#4144,#4145,#4146,#4147,#4148,#4149,#4150,#4151,#4152,#4153,#4154,
#4155,#4156),.UNSPECIFIED.,.F.,.F.,(4,1,1,1,1,1,1,1,1,1,1,1,1,1,1,1,1,1,
1,1,1,1,1,1,1,1,1,1,1,4),(0.,0.0947191414680562,0.105435410606746,0.119270051843148,
0.135639419217311,0.154200536740823,0.17472062401325,0.197028310601875,
0.220990609761134,0.246500425157811,0.273469102961856,0.301821677512944,
0.33149367416024,0.36242886910936,0.394577666725331,0.427895891315667,0.462343866461119,
0.497885699467431,0.534488715672697,0.572123004522591,0.610761050528893,
0.650377429731968,0.690948557435831,0.732452476590366,0.774868678768634,
0.81817795155502,0.862362247536263,0.907404571115797,0.953288880149934,
0.985088787010762),.UNSPECIFIED.);
#1566=B_SPLINE_CURVE_WITH_KNOTS('',3,(#4160,#4161,#4162,#4163,#4164,#4165,
#4166,#4167,#4168,#4169,#4170,#4171,#4172,#4173,#4174,#4175,#4176,#4177,
#4178,#4179,#4180,#4181,#4182,#4183,#4184,#4185,#4186,#4187,#4188,#4189,
#4190,#4191),.UNSPECIFIED.,.F.,.F.,(4,1,1,1,1,1,1,1,1,1,1,1,1,1,1,1,1,1,
1,1,1,1,1,1,1,1,1,1,1,4),(0.,0.0947191414680562,0.105435410606746,0.119270051843148,
0.135639419217311,0.154200536740823,0.17472062401325,0.197028310601875,
0.220990609761134,0.246500425157811,0.273469102961856,0.301821677512944,
0.33149367416024,0.36242886910936,0.394577666725331,0.427895891315667,0.462343866461119,
0.497885699467431,0.534488715672697,0.572123004522591,0.610761050528893,
0.650377429731968,0.690948557435831,0.732452476590366,0.774868678768634,
0.81817795155502,0.862362247536263,0.907404571115797,0.953288880149934,
0.985088787010762),.UNSPECIFIED.);
#1567=B_SPLINE_CURVE_WITH_KNOTS('',3,(#4344,#4345,#4346,#4347,#4348,#4349,
#4350,#4351,#4352,#4353,#4354,#4355,#4356,#4357,#4358,#4359,#4360,#4361,
#4362,#4363,#4364,#4365,#4366,#4367,#4368,#4369,#4370,#4371,#4372,#4373,
#4374,#4375),.UNSPECIFIED.,.F.,.F.,(4,1,1,1,1,1,1,1,1,1,1,1,1,1,1,1,1,1,
1,1,1,1,1,1,1,1,1,1,1,4),(0.,0.0947191414680562,0.105435410606746,0.119270051843148,
0.135639419217311,0.154200536740823,0.17472062401325,0.197028310601875,
0.220990609761134,0.246500425157811,0.273469102961856,0.301821677512944,
0.33149367416024,0.36242886910936,0.394577666725331,0.427895891315667,0.462343866461119,
0.497885699467431,0.534488715672697,0.572123004522591,0.610761050528893,
0.650377429731968,0.690948557435831,0.732452476590366,0.774868678768634,
0.81817795155502,0.862362247536263,0.907404571115797,0.953288880149934,
0.985088787010762),.UNSPECIFIED.);
#1568=B_SPLINE_CURVE_WITH_KNOTS('',3,(#4376,#4377,#4378,#4379,#4380,#4381,
#4382,#4383,#4384,#4385,#4386,#4387,#4388,#4389,#4390,#4391,#4392,#4393,
#4394,#4395,#4396,#4397,#4398,#4399,#4400,#4401,#4402,#4403,#4404,#4405,
#4406,#4407),.UNSPECIFIED.,.F.,.F.,(4,1,1,1,1,1,1,1,1,1,1,1,1,1,1,1,1,1,
1,1,1,1,1,1,1,1,1,1,1,4),(0.,0.0947191414680562,0.105435410606746,0.119270051843148,
0.135639419217311,0.154200536740823,0.17472062401325,0.197028310601875,
0.220990609761134,0.246500425157811,0.273469102961856,0.301821677512944,
0.33149367416024,0.36242886910936,0.394577666725331,0.427895891315667,0.462343866461119,
0.497885699467431,0.534488715672697,0.572123004522591,0.610761050528893,
0.650377429731968,0.690948557435831,0.732452476590366,0.774868678768634,
0.81817795155502,0.862362247536263,0.907404571115797,0.953288880149934,
0.985088787010762),.UNSPECIFIED.);
#1569=B_SPLINE_CURVE_WITH_KNOTS('',3,(#4411,#4412,#4413,#4414,#4415,#4416,
#4417,#4418,#4419,#4420,#4421,#4422,#4423,#4424,#4425,#4426,#4427,#4428,
#4429,#4430,#4431,#4432,#4433,#4434,#4435,#4436,#4437,#4438,#4439,#4440,
#4441,#4442),.UNSPECIFIED.,.F.,.F.,(4,1,1,1,1,1,1,1,1,1,1,1,1,1,1,1,1,1,
1,1,1,1,1,1,1,1,1,1,1,4),(0.,0.0947191414680562,0.105435410606746,0.119270051843148,
0.135639419217311,0.154200536740823,0.17472062401325,0.197028310601875,
0.220990609761134,0.246500425157811,0.273469102961856,0.301821677512944,
0.33149367416024,0.36242886910936,0.394577666725331,0.427895891315667,0.462343866461119,
0.497885699467431,0.534488715672697,0.572123004522591,0.610761050528893,
0.650377429731968,0.690948557435831,0.732452476590366,0.774868678768634,
0.81817795155502,0.862362247536263,0.907404571115797,0.953288880149934,
0.985088787010762),.UNSPECIFIED.);
#1570=B_SPLINE_CURVE_WITH_KNOTS('',3,(#4443,#4444,#4445,#4446,#4447,#4448,
#4449,#4450,#4451,#4452,#4453,#4454,#4455,#4456,#4457,#4458,#4459,#4460,
#4461,#4462,#4463,#4464,#4465,#4466,#4467,#4468,#4469,#4470,#4471,#4472,
#4473,#4474),.UNSPECIFIED.,.F.,.F.,(4,1,1,1,1,1,1,1,1,1,1,1,1,1,1,1,1,1,
1,1,1,1,1,1,1,1,1,1,1,4),(0.,0.0947191414680562,0.105435410606746,0.119270051843148,
0.135639419217311,0.154200536740823,0.17472062401325,0.197028310601875,
0.220990609761134,0.246500425157811,0.273469102961856,0.301821677512944,
0.33149367416024,0.36242886910936,0.394577666725331,0.427895891315667,0.462343866461119,
0.497885699467431,0.534488715672697,0.572123004522591,0.610761050528893,
0.650377429731968,0.690948557435831,0.732452476590366,0.774868678768634,
0.81817795155502,0.862362247536263,0.907404571115797,0.953288880149934,
0.985088787010762),.UNSPECIFIED.);
#1571=B_SPLINE_CURVE_WITH_KNOTS('',3,(#4478,#4479,#4480,#4481,#4482,#4483,
#4484,#4485,#4486,#4487,#4488,#4489,#4490,#4491,#4492,#4493,#4494,#4495,
#4496,#4497,#4498,#4499,#4500,#4501,#4502,#4503,#4504,#4505,#4506,#4507,
#4508,#4509),.UNSPECIFIED.,.F.,.F.,(4,1,1,1,1,1,1,1,1,1,1,1,1,1,1,1,1,1,
1,1,1,1,1,1,1,1,1,1,1,4),(0.,0.0947191414680562,0.105435410606746,0.119270051843148,
0.135639419217311,0.154200536740823,0.17472062401325,0.197028310601875,
0.220990609761134,0.246500425157811,0.273469102961856,0.301821677512944,
0.33149367416024,0.36242886910936,0.394577666725331,0.427895891315667,0.462343866461119,
0.497885699467431,0.534488715672697,0.572123004522591,0.610761050528893,
0.650377429731968,0.690948557435831,0.732452476590366,0.774868678768634,
0.81817795155502,0.862362247536263,0.907404571115797,0.953288880149934,
0.985088787010762),.UNSPECIFIED.);
#1572=B_SPLINE_CURVE_WITH_KNOTS('',3,(#4510,#4511,#4512,#4513,#4514,#4515,
#4516,#4517,#4518,#4519,#4520,#4521,#4522,#4523,#4524,#4525,#4526,#4527,
#4528,#4529,#4530,#4531,#4532,#4533,#4534,#4535,#4536,#4537,#4538,#4539,
#4540,#4541),.UNSPECIFIED.,.F.,.F.,(4,1,1,1,1,1,1,1,1,1,1,1,1,1,1,1,1,1,
1,1,1,1,1,1,1,1,1,1,1,4),(0.,0.0947191414680562,0.105435410606746,0.119270051843148,
0.135639419217311,0.154200536740823,0.17472062401325,0.197028310601875,
0.220990609761134,0.246500425157811,0.273469102961856,0.301821677512944,
0.33149367416024,0.36242886910936,0.394577666725331,0.427895891315667,0.462343866461119,
0.497885699467431,0.534488715672697,0.572123004522591,0.610761050528893,
0.650377429731968,0.690948557435831,0.732452476590366,0.774868678768634,
0.81817795155502,0.862362247536263,0.907404571115797,0.953288880149934,
0.985088787010762),.UNSPECIFIED.);
#1573=B_SPLINE_CURVE_WITH_KNOTS('',3,(#4545,#4546,#4547,#4548,#4549,#4550,
#4551,#4552,#4553,#4554,#4555,#4556,#4557,#4558,#4559,#4560,#4561,#4562,
#4563,#4564,#4565,#4566,#4567,#4568,#4569,#4570,#4571,#4572,#4573,#4574,
#4575,#4576),.UNSPECIFIED.,.F.,.F.,(4,1,1,1,1,1,1,1,1,1,1,1,1,1,1,1,1,1,
1,1,1,1,1,1,1,1,1,1,1,4),(0.,0.0947191414680562,0.105435410606746,0.119270051843148,
0.135639419217311,0.154200536740823,0.17472062401325,0.197028310601875,
0.220990609761134,0.246500425157811,0.273469102961856,0.301821677512944,
0.33149367416024,0.36242886910936,0.394577666725331,0.427895891315667,0.462343866461119,
0.497885699467431,0.534488715672697,0.572123004522591,0.610761050528893,
0.650377429731968,0.690948557435831,0.732452476590366,0.774868678768634,
0.81817795155502,0.862362247536263,0.907404571115797,0.953288880149934,
0.985088787010762),.UNSPECIFIED.);
#1574=B_SPLINE_CURVE_WITH_KNOTS('',3,(#4577,#4578,#4579,#4580,#4581,#4582,
#4583,#4584,#4585,#4586,#4587,#4588,#4589,#4590,#4591,#4592,#4593,#4594,
#4595,#4596,#4597,#4598,#4599,#4600,#4601,#4602,#4603,#4604,#4605,#4606,
#4607,#4608),.UNSPECIFIED.,.F.,.F.,(4,1,1,1,1,1,1,1,1,1,1,1,1,1,1,1,1,1,
1,1,1,1,1,1,1,1,1,1,1,4),(0.,0.0947191414680562,0.105435410606746,0.119270051843148,
0.135639419217311,0.154200536740823,0.17472062401325,0.197028310601875,
0.220990609761134,0.246500425157811,0.273469102961856,0.301821677512944,
0.33149367416024,0.36242886910936,0.394577666725331,0.427895891315667,0.462343866461119,
0.497885699467431,0.534488715672697,0.572123004522591,0.610761050528893,
0.650377429731968,0.690948557435831,0.732452476590366,0.774868678768634,
0.81817795155502,0.862362247536263,0.907404571115797,0.953288880149934,
0.985088787010762),.UNSPECIFIED.);
#1575=B_SPLINE_CURVE_WITH_KNOTS('',3,(#4612,#4613,#4614,#4615,#4616,#4617,
#4618,#4619,#4620,#4621,#4622,#4623,#4624,#4625,#4626,#4627,#4628,#4629,
#4630,#4631,#4632,#4633,#4634,#4635,#4636,#4637,#4638,#4639,#4640,#4641,
#4642,#4643),.UNSPECIFIED.,.F.,.F.,(4,1,1,1,1,1,1,1,1,1,1,1,1,1,1,1,1,1,
1,1,1,1,1,1,1,1,1,1,1,4),(0.,0.0947191414680562,0.105435410606746,0.119270051843148,
0.135639419217311,0.154200536740823,0.17472062401325,0.197028310601875,
0.220990609761134,0.246500425157811,0.273469102961856,0.301821677512944,
0.33149367416024,0.36242886910936,0.394577666725331,0.427895891315667,0.462343866461119,
0.497885699467431,0.534488715672697,0.572123004522591,0.610761050528893,
0.650377429731968,0.690948557435831,0.732452476590366,0.774868678768634,
0.81817795155502,0.862362247536263,0.907404571115797,0.953288880149934,
0.985088787010762),.UNSPECIFIED.);
#1576=B_SPLINE_CURVE_WITH_KNOTS('',3,(#4644,#4645,#4646,#4647,#4648,#4649,
#4650,#4651,#4652,#4653,#4654,#4655,#4656,#4657,#4658,#4659,#4660,#4661,
#4662,#4663,#4664,#4665,#4666,#4667,#4668,#4669,#4670,#4671,#4672,#4673,
#4674,#4675),.UNSPECIFIED.,.F.,.F.,(4,1,1,1,1,1,1,1,1,1,1,1,1,1,1,1,1,1,
1,1,1,1,1,1,1,1,1,1,1,4),(0.,0.0947191414680562,0.105435410606746,0.119270051843148,
0.135639419217311,0.154200536740823,0.17472062401325,0.197028310601875,
0.220990609761134,0.246500425157811,0.273469102961856,0.301821677512944,
0.33149367416024,0.36242886910936,0.394577666725331,0.427895891315667,0.462343866461119,
0.497885699467431,0.534488715672697,0.572123004522591,0.610761050528893,
0.650377429731968,0.690948557435831,0.732452476590366,0.774868678768634,
0.81817795155502,0.862362247536263,0.907404571115797,0.953288880149934,
0.985088787010762),.UNSPECIFIED.);
#1577=B_SPLINE_CURVE_WITH_KNOTS('',3,(#4679,#4680,#4681,#4682,#4683,#4684,
#4685,#4686,#4687,#4688,#4689,#4690,#4691,#4692,#4693,#4694,#4695,#4696,
#4697,#4698,#4699,#4700,#4701,#4702,#4703,#4704,#4705,#4706,#4707,#4708,
#4709,#4710),.UNSPECIFIED.,.F.,.F.,(4,1,1,1,1,1,1,1,1,1,1,1,1,1,1,1,1,1,
1,1,1,1,1,1,1,1,1,1,1,4),(0.,0.0947191414680562,0.105435410606746,0.119270051843148,
0.135639419217311,0.154200536740823,0.17472062401325,0.197028310601875,
0.220990609761134,0.246500425157811,0.273469102961856,0.301821677512944,
0.33149367416024,0.36242886910936,0.394577666725331,0.427895891315667,0.462343866461119,
0.497885699467431,0.534488715672697,0.572123004522591,0.610761050528893,
0.650377429731968,0.690948557435831,0.732452476590366,0.774868678768634,
0.81817795155502,0.862362247536263,0.907404571115797,0.953288880149934,
0.985088787010762),.UNSPECIFIED.);
#1578=B_SPLINE_CURVE_WITH_KNOTS('',3,(#4711,#4712,#4713,#4714,#4715,#4716,
#4717,#4718,#4719,#4720,#4721,#4722,#4723,#4724,#4725,#4726,#4727,#4728,
#4729,#4730,#4731,#4732,#4733,#4734,#4735,#4736,#4737,#4738,#4739,#4740,
#4741,#4742),.UNSPECIFIED.,.F.,.F.,(4,1,1,1,1,1,1,1,1,1,1,1,1,1,1,1,1,1,
1,1,1,1,1,1,1,1,1,1,1,4),(0.,0.0947191414680562,0.105435410606746,0.119270051843148,
0.135639419217311,0.154200536740823,0.17472062401325,0.197028310601875,
0.220990609761134,0.246500425157811,0.273469102961856,0.301821677512944,
0.33149367416024,0.36242886910936,0.394577666725331,0.427895891315667,0.462343866461119,
0.497885699467431,0.534488715672697,0.572123004522591,0.610761050528893,
0.650377429731968,0.690948557435831,0.732452476590366,0.774868678768634,
0.81817795155502,0.862362247536263,0.907404571115797,0.953288880149934,
0.985088787010762),.UNSPECIFIED.);
#1579=B_SPLINE_CURVE_WITH_KNOTS('',3,(#4746,#4747,#4748,#4749,#4750,#4751,
#4752,#4753,#4754,#4755,#4756,#4757,#4758,#4759,#4760,#4761,#4762,#4763,
#4764,#4765,#4766,#4767,#4768,#4769,#4770,#4771,#4772,#4773,#4774,#4775,
#4776,#4777),.UNSPECIFIED.,.F.,.F.,(4,1,1,1,1,1,1,1,1,1,1,1,1,1,1,1,1,1,
1,1,1,1,1,1,1,1,1,1,1,4),(0.,0.0947191414680562,0.105435410606746,0.119270051843148,
0.135639419217311,0.154200536740823,0.17472062401325,0.197028310601875,
0.220990609761134,0.246500425157811,0.273469102961856,0.301821677512944,
0.33149367416024,0.36242886910936,0.394577666725331,0.427895891315667,0.462343866461119,
0.497885699467431,0.534488715672697,0.572123004522591,0.610761050528893,
0.650377429731968,0.690948557435831,0.732452476590366,0.774868678768634,
0.81817795155502,0.862362247536263,0.907404571115797,0.953288880149934,
0.985088787010762),.UNSPECIFIED.);
#1580=B_SPLINE_CURVE_WITH_KNOTS('',3,(#4778,#4779,#4780,#4781,#4782,#4783,
#4784,#4785,#4786,#4787,#4788,#4789,#4790,#4791,#4792,#4793,#4794,#4795,
#4796,#4797,#4798,#4799,#4800,#4801,#4802,#4803,#4804,#4805,#4806,#4807,
#4808,#4809),.UNSPECIFIED.,.F.,.F.,(4,1,1,1,1,1,1,1,1,1,1,1,1,1,1,1,1,1,
1,1,1,1,1,1,1,1,1,1,1,4),(0.,0.0947191414680562,0.105435410606746,0.119270051843148,
0.135639419217311,0.154200536740823,0.17472062401325,0.197028310601875,
0.220990609761134,0.246500425157811,0.273469102961856,0.301821677512944,
0.33149367416024,0.36242886910936,0.394577666725331,0.427895891315667,0.462343866461119,
0.497885699467431,0.534488715672697,0.572123004522591,0.610761050528893,
0.650377429731968,0.690948557435831,0.732452476590366,0.774868678768634,
0.81817795155502,0.862362247536263,0.907404571115797,0.953288880149934,
0.985088787010762),.UNSPECIFIED.);
#1581=B_SPLINE_CURVE_WITH_KNOTS('',3,(#4813,#4814,#4815,#4816,#4817,#4818,
#4819,#4820,#4821,#4822,#4823,#4824,#4825,#4826,#4827,#4828,#4829,#4830,
#4831,#4832,#4833,#4834,#4835,#4836,#4837,#4838,#4839,#4840,#4841,#4842,
#4843,#4844),.UNSPECIFIED.,.F.,.F.,(4,1,1,1,1,1,1,1,1,1,1,1,1,1,1,1,1,1,
1,1,1,1,1,1,1,1,1,1,1,4),(0.,0.0947191414680562,0.105435410606746,0.119270051843148,
0.135639419217311,0.154200536740823,0.17472062401325,0.197028310601875,
0.220990609761134,0.246500425157811,0.273469102961856,0.301821677512944,
0.33149367416024,0.36242886910936,0.394577666725331,0.427895891315667,0.462343866461119,
0.497885699467431,0.534488715672697,0.572123004522591,0.610761050528893,
0.650377429731968,0.690948557435831,0.732452476590366,0.774868678768634,
0.81817795155502,0.862362247536263,0.907404571115797,0.953288880149934,
0.985088787010762),.UNSPECIFIED.);
#1582=B_SPLINE_CURVE_WITH_KNOTS('',3,(#4845,#4846,#4847,#4848,#4849,#4850,
#4851,#4852,#4853,#4854,#4855,#4856,#4857,#4858,#4859,#4860,#4861,#4862,
#4863,#4864,#4865,#4866,#4867,#4868,#4869,#4870,#4871,#4872,#4873,#4874,
#4875,#4876),.UNSPECIFIED.,.F.,.F.,(4,1,1,1,1,1,1,1,1,1,1,1,1,1,1,1,1,1,
1,1,1,1,1,1,1,1,1,1,1,4),(0.,0.0947191414680562,0.105435410606746,0.119270051843148,
0.135639419217311,0.154200536740823,0.17472062401325,0.197028310601875,
0.220990609761134,0.246500425157811,0.273469102961856,0.301821677512944,
0.33149367416024,0.36242886910936,0.394577666725331,0.427895891315667,0.462343866461119,
0.497885699467431,0.534488715672697,0.572123004522591,0.610761050528893,
0.650377429731968,0.690948557435831,0.732452476590366,0.774868678768634,
0.81817795155502,0.862362247536263,0.907404571115797,0.953288880149934,
0.985088787010762),.UNSPECIFIED.);
#1583=B_SPLINE_CURVE_WITH_KNOTS('',3,(#4880,#4881,#4882,#4883,#4884,#4885,
#4886,#4887,#4888,#4889,#4890,#4891,#4892,#4893,#4894,#4895,#4896,#4897,
#4898,#4899,#4900,#4901,#4902,#4903,#4904,#4905,#4906,#4907,#4908,#4909,
#4910,#4911),.UNSPECIFIED.,.F.,.F.,(4,1,1,1,1,1,1,1,1,1,1,1,1,1,1,1,1,1,
1,1,1,1,1,1,1,1,1,1,1,4),(0.,0.0947191414680562,0.105435410606746,0.119270051843148,
0.135639419217311,0.154200536740823,0.17472062401325,0.197028310601875,
0.220990609761134,0.246500425157811,0.273469102961856,0.301821677512944,
0.33149367416024,0.36242886910936,0.394577666725331,0.427895891315667,0.462343866461119,
0.497885699467431,0.534488715672697,0.572123004522591,0.610761050528893,
0.650377429731968,0.690948557435831,0.732452476590366,0.774868678768634,
0.81817795155502,0.862362247536263,0.907404571115797,0.953288880149934,
0.985088787010762),.UNSPECIFIED.);
#1584=B_SPLINE_CURVE_WITH_KNOTS('',3,(#4912,#4913,#4914,#4915,#4916,#4917,
#4918,#4919,#4920,#4921,#4922,#4923,#4924,#4925,#4926,#4927,#4928,#4929,
#4930,#4931,#4932,#4933,#4934,#4935,#4936,#4937,#4938,#4939,#4940,#4941,
#4942,#4943),.UNSPECIFIED.,.F.,.F.,(4,1,1,1,1,1,1,1,1,1,1,1,1,1,1,1,1,1,
1,1,1,1,1,1,1,1,1,1,1,4),(0.,0.0947191414680562,0.105435410606746,0.119270051843148,
0.135639419217311,0.154200536740823,0.17472062401325,0.197028310601875,
0.220990609761134,0.246500425157811,0.273469102961856,0.301821677512944,
0.33149367416024,0.36242886910936,0.394577666725331,0.427895891315667,0.462343866461119,
0.497885699467431,0.534488715672697,0.572123004522591,0.610761050528893,
0.650377429731968,0.690948557435831,0.732452476590366,0.774868678768634,
0.81817795155502,0.862362247536263,0.907404571115797,0.953288880149934,
0.985088787010762),.UNSPECIFIED.);
#1585=B_SPLINE_CURVE_WITH_KNOTS('',3,(#4947,#4948,#4949,#4950,#4951,#4952,
#4953,#4954,#4955,#4956,#4957,#4958,#4959,#4960,#4961,#4962,#4963,#4964,
#4965,#4966,#4967,#4968,#4969,#4970,#4971,#4972,#4973,#4974,#4975,#4976,
#4977,#4978),.UNSPECIFIED.,.F.,.F.,(4,1,1,1,1,1,1,1,1,1,1,1,1,1,1,1,1,1,
1,1,1,1,1,1,1,1,1,1,1,4),(0.,0.0947191414680562,0.105435410606746,0.119270051843148,
0.135639419217311,0.154200536740823,0.17472062401325,0.197028310601875,
0.220990609761134,0.246500425157811,0.273469102961856,0.301821677512944,
0.33149367416024,0.36242886910936,0.394577666725331,0.427895891315667,0.462343866461119,
0.497885699467431,0.534488715672697,0.572123004522591,0.610761050528893,
0.650377429731968,0.690948557435831,0.732452476590366,0.774868678768634,
0.81817795155502,0.862362247536263,0.907404571115797,0.953288880149934,
0.985088787010762),.UNSPECIFIED.);
#1586=B_SPLINE_CURVE_WITH_KNOTS('',3,(#4979,#4980,#4981,#4982,#4983,#4984,
#4985,#4986,#4987,#4988,#4989,#4990,#4991,#4992,#4993,#4994,#4995,#4996,
#4997,#4998,#4999,#5000,#5001,#5002,#5003,#5004,#5005,#5006,#5007,#5008,
#5009,#5010),.UNSPECIFIED.,.F.,.F.,(4,1,1,1,1,1,1,1,1,1,1,1,1,1,1,1,1,1,
1,1,1,1,1,1,1,1,1,1,1,4),(0.,0.0947191414680562,0.105435410606746,0.119270051843148,
0.135639419217311,0.154200536740823,0.17472062401325,0.197028310601875,
0.220990609761134,0.246500425157811,0.273469102961856,0.301821677512944,
0.33149367416024,0.36242886910936,0.394577666725331,0.427895891315667,0.462343866461119,
0.497885699467431,0.534488715672697,0.572123004522591,0.610761050528893,
0.650377429731968,0.690948557435831,0.732452476590366,0.774868678768634,
0.81817795155502,0.862362247536263,0.907404571115797,0.953288880149934,
0.985088787010762),.UNSPECIFIED.);
#1587=B_SPLINE_CURVE_WITH_KNOTS('',3,(#5014,#5015,#5016,#5017,#5018,#5019,
#5020,#5021,#5022,#5023,#5024,#5025,#5026,#5027,#5028,#5029,#5030,#5031,
#5032,#5033,#5034,#5035,#5036,#5037,#5038,#5039,#5040,#5041,#5042,#5043,
#5044,#5045),.UNSPECIFIED.,.F.,.F.,(4,1,1,1,1,1,1,1,1,1,1,1,1,1,1,1,1,1,
1,1,1,1,1,1,1,1,1,1,1,4),(0.,0.0947191414680562,0.105435410606746,0.119270051843148,
0.135639419217311,0.154200536740823,0.17472062401325,0.197028310601875,
0.220990609761134,0.246500425157811,0.273469102961856,0.301821677512944,
0.33149367416024,0.36242886910936,0.394577666725331,0.427895891315667,0.462343866461119,
0.497885699467431,0.534488715672697,0.572123004522591,0.610761050528893,
0.650377429731968,0.690948557435831,0.732452476590366,0.774868678768634,
0.81817795155502,0.862362247536263,0.907404571115797,0.953288880149934,
0.985088787010762),.UNSPECIFIED.);
#1588=B_SPLINE_CURVE_WITH_KNOTS('',3,(#5046,#5047,#5048,#5049,#5050,#5051,
#5052,#5053,#5054,#5055,#5056,#5057,#5058,#5059,#5060,#5061,#5062,#5063,
#5064,#5065,#5066,#5067,#5068,#5069,#5070,#5071,#5072,#5073,#5074,#5075,
#5076,#5077),.UNSPECIFIED.,.F.,.F.,(4,1,1,1,1,1,1,1,1,1,1,1,1,1,1,1,1,1,
1,1,1,1,1,1,1,1,1,1,1,4),(0.,0.0947191414680562,0.105435410606746,0.119270051843148,
0.135639419217311,0.154200536740823,0.17472062401325,0.197028310601875,
0.220990609761134,0.246500425157811,0.273469102961856,0.301821677512944,
0.33149367416024,0.36242886910936,0.394577666725331,0.427895891315667,0.462343866461119,
0.497885699467431,0.534488715672697,0.572123004522591,0.610761050528893,
0.650377429731968,0.690948557435831,0.732452476590366,0.774868678768634,
0.81817795155502,0.862362247536263,0.907404571115797,0.953288880149934,
0.985088787010762),.UNSPECIFIED.);
#1589=B_SPLINE_CURVE_WITH_KNOTS('',3,(#5081,#5082,#5083,#5084,#5085,#5086,
#5087,#5088,#5089,#5090,#5091,#5092,#5093,#5094,#5095,#5096,#5097,#5098,
#5099,#5100,#5101,#5102,#5103,#5104,#5105,#5106,#5107,#5108,#5109,#5110,
#5111,#5112),.UNSPECIFIED.,.F.,.F.,(4,1,1,1,1,1,1,1,1,1,1,1,1,1,1,1,1,1,
1,1,1,1,1,1,1,1,1,1,1,4),(0.,0.0947191414680562,0.105435410606746,0.119270051843148,
0.135639419217311,0.154200536740823,0.17472062401325,0.197028310601875,
0.220990609761134,0.246500425157811,0.273469102961856,0.301821677512944,
0.33149367416024,0.36242886910936,0.394577666725331,0.427895891315667,0.462343866461119,
0.497885699467431,0.534488715672697,0.572123004522591,0.610761050528893,
0.650377429731968,0.690948557435831,0.732452476590366,0.774868678768634,
0.81817795155502,0.862362247536263,0.907404571115797,0.953288880149934,
0.985088787010762),.UNSPECIFIED.);
#1590=B_SPLINE_CURVE_WITH_KNOTS('',3,(#5113,#5114,#5115,#5116,#5117,#5118,
#5119,#5120,#5121,#5122,#5123,#5124,#5125,#5126,#5127,#5128,#5129,#5130,
#5131,#5132,#5133,#5134,#5135,#5136,#5137,#5138,#5139,#5140,#5141,#5142,
#5143,#5144),.UNSPECIFIED.,.F.,.F.,(4,1,1,1,1,1,1,1,1,1,1,1,1,1,1,1,1,1,
1,1,1,1,1,1,1,1,1,1,1,4),(0.,0.0947191414680562,0.105435410606746,0.119270051843148,
0.135639419217311,0.154200536740823,0.17472062401325,0.197028310601875,
0.220990609761134,0.246500425157811,0.273469102961856,0.301821677512944,
0.33149367416024,0.36242886910936,0.394577666725331,0.427895891315667,0.462343866461119,
0.497885699467431,0.534488715672697,0.572123004522591,0.610761050528893,
0.650377429731968,0.690948557435831,0.732452476590366,0.774868678768634,
0.81817795155502,0.862362247536263,0.907404571115797,0.953288880149934,
0.985088787010762),.UNSPECIFIED.);
#1591=B_SPLINE_CURVE_WITH_KNOTS('',3,(#5148,#5149,#5150,#5151,#5152,#5153,
#5154,#5155,#5156,#5157,#5158,#5159,#5160,#5161,#5162,#5163,#5164,#5165,
#5166,#5167,#5168,#5169,#5170,#5171,#5172,#5173,#5174,#5175,#5176,#5177,
#5178,#5179),.UNSPECIFIED.,.F.,.F.,(4,1,1,1,1,1,1,1,1,1,1,1,1,1,1,1,1,1,
1,1,1,1,1,1,1,1,1,1,1,4),(0.,0.0947191414680562,0.105435410606746,0.119270051843148,
0.135639419217311,0.154200536740823,0.17472062401325,0.197028310601875,
0.220990609761134,0.246500425157811,0.273469102961856,0.301821677512944,
0.33149367416024,0.36242886910936,0.394577666725331,0.427895891315667,0.462343866461119,
0.497885699467431,0.534488715672697,0.572123004522591,0.610761050528893,
0.650377429731968,0.690948557435831,0.732452476590366,0.774868678768634,
0.81817795155502,0.862362247536263,0.907404571115797,0.953288880149934,
0.985088787010762),.UNSPECIFIED.);
#1592=B_SPLINE_CURVE_WITH_KNOTS('',3,(#5180,#5181,#5182,#5183,#5184,#5185,
#5186,#5187,#5188,#5189,#5190,#5191,#5192,#5193,#5194,#5195,#5196,#5197,
#5198,#5199,#5200,#5201,#5202,#5203,#5204,#5205,#5206,#5207,#5208,#5209,
#5210,#5211),.UNSPECIFIED.,.F.,.F.,(4,1,1,1,1,1,1,1,1,1,1,1,1,1,1,1,1,1,
1,1,1,1,1,1,1,1,1,1,1,4),(0.,0.0947191414680562,0.105435410606746,0.119270051843148,
0.135639419217311,0.154200536740823,0.17472062401325,0.197028310601875,
0.220990609761134,0.246500425157811,0.273469102961856,0.301821677512944,
0.33149367416024,0.36242886910936,0.394577666725331,0.427895891315667,0.462343866461119,
0.497885699467431,0.534488715672697,0.572123004522591,0.610761050528893,
0.650377429731968,0.690948557435831,0.732452476590366,0.774868678768634,
0.81817795155502,0.862362247536263,0.907404571115797,0.953288880149934,
0.985088787010762),.UNSPECIFIED.);
#1593=B_SPLINE_CURVE_WITH_KNOTS('',3,(#5215,#5216,#5217,#5218,#5219,#5220,
#5221,#5222,#5223,#5224,#5225,#5226,#5227,#5228,#5229,#5230,#5231,#5232,
#5233,#5234,#5235,#5236,#5237,#5238,#5239,#5240,#5241,#5242,#5243,#5244,
#5245,#5246),.UNSPECIFIED.,.F.,.F.,(4,1,1,1,1,1,1,1,1,1,1,1,1,1,1,1,1,1,
1,1,1,1,1,1,1,1,1,1,1,4),(0.,0.0947191414680562,0.105435410606746,0.119270051843148,
0.135639419217311,0.154200536740823,0.17472062401325,0.197028310601875,
0.220990609761134,0.246500425157811,0.273469102961856,0.301821677512944,
0.33149367416024,0.36242886910936,0.394577666725331,0.427895891315667,0.462343866461119,
0.497885699467431,0.534488715672697,0.572123004522591,0.610761050528893,
0.650377429731968,0.690948557435831,0.732452476590366,0.774868678768634,
0.81817795155502,0.862362247536263,0.907404571115797,0.953288880149934,
0.985088787010762),.UNSPECIFIED.);
#1594=B_SPLINE_CURVE_WITH_KNOTS('',3,(#5250,#5251,#5252,#5253,#5254,#5255,
#5256,#5257,#5258,#5259,#5260,#5261,#5262,#5263,#5264,#5265,#5266,#5267,
#5268,#5269,#5270,#5271,#5272,#5273,#5274,#5275,#5276,#5277,#5278,#5279,
#5280,#5281),.UNSPECIFIED.,.F.,.F.,(4,1,1,1,1,1,1,1,1,1,1,1,1,1,1,1,1,1,
1,1,1,1,1,1,1,1,1,1,1,4),(0.,0.0947191414680562,0.105435410606746,0.119270051843148,
0.135639419217311,0.154200536740823,0.17472062401325,0.197028310601875,
0.220990609761134,0.246500425157811,0.273469102961856,0.301821677512944,
0.33149367416024,0.36242886910936,0.394577666725331,0.427895891315667,0.462343866461119,
0.497885699467431,0.534488715672697,0.572123004522591,0.610761050528893,
0.650377429731968,0.690948557435831,0.732452476590366,0.774868678768634,
0.81817795155502,0.862362247536263,0.907404571115797,0.953288880149934,
0.985088787010762),.UNSPECIFIED.);
#1595=B_SPLINE_CURVE_WITH_KNOTS('',3,(#5285,#5286,#5287,#5288,#5289,#5290,
#5291,#5292,#5293,#5294,#5295,#5296,#5297,#5298,#5299,#5300,#5301,#5302,
#5303,#5304,#5305,#5306,#5307,#5308,#5309,#5310,#5311,#5312,#5313,#5314,
#5315,#5316),.UNSPECIFIED.,.F.,.F.,(4,1,1,1,1,1,1,1,1,1,1,1,1,1,1,1,1,1,
1,1,1,1,1,1,1,1,1,1,1,4),(0.,0.0947191414680562,0.105435410606746,0.119270051843148,
0.135639419217311,0.154200536740823,0.17472062401325,0.197028310601875,
0.220990609761134,0.246500425157811,0.273469102961856,0.301821677512944,
0.33149367416024,0.36242886910936,0.394577666725331,0.427895891315667,0.462343866461119,
0.497885699467431,0.534488715672697,0.572123004522591,0.610761050528893,
0.650377429731968,0.690948557435831,0.732452476590366,0.774868678768634,
0.81817795155502,0.862362247536263,0.907404571115797,0.953288880149934,
0.985088787010762),.UNSPECIFIED.);
#1596=B_SPLINE_CURVE_WITH_KNOTS('',3,(#5317,#5318,#5319,#5320,#5321,#5322,
#5323,#5324,#5325,#5326,#5327,#5328,#5329,#5330,#5331,#5332,#5333,#5334,
#5335,#5336,#5337,#5338,#5339,#5340,#5341,#5342,#5343,#5344,#5345,#5346,
#5347,#5348),.UNSPECIFIED.,.F.,.F.,(4,1,1,1,1,1,1,1,1,1,1,1,1,1,1,1,1,1,
1,1,1,1,1,1,1,1,1,1,1,4),(0.,0.0947191414680562,0.105435410606746,0.119270051843148,
0.135639419217311,0.154200536740823,0.17472062401325,0.197028310601875,
0.220990609761134,0.246500425157811,0.273469102961856,0.301821677512944,
0.33149367416024,0.36242886910936,0.394577666725331,0.427895891315667,0.462343866461119,
0.497885699467431,0.534488715672697,0.572123004522591,0.610761050528893,
0.650377429731968,0.690948557435831,0.732452476590366,0.774868678768634,
0.81817795155502,0.862362247536263,0.907404571115797,0.953288880149934,
0.985088787010762),.UNSPECIFIED.);
#1597=B_SPLINE_CURVE_WITH_KNOTS('',3,(#5352,#5353,#5354,#5355,#5356,#5357,
#5358,#5359,#5360,#5361,#5362,#5363,#5364,#5365,#5366,#5367,#5368,#5369,
#5370,#5371,#5372,#5373,#5374,#5375,#5376,#5377,#5378,#5379,#5380,#5381,
#5382,#5383),.UNSPECIFIED.,.F.,.F.,(4,1,1,1,1,1,1,1,1,1,1,1,1,1,1,1,1,1,
1,1,1,1,1,1,1,1,1,1,1,4),(0.,0.0947191414680562,0.105435410606746,0.119270051843148,
0.135639419217311,0.154200536740823,0.17472062401325,0.197028310601875,
0.220990609761134,0.246500425157811,0.273469102961856,0.301821677512944,
0.33149367416024,0.36242886910936,0.394577666725331,0.427895891315667,0.462343866461119,
0.497885699467431,0.534488715672697,0.572123004522591,0.610761050528893,
0.650377429731968,0.690948557435831,0.732452476590366,0.774868678768634,
0.81817795155502,0.862362247536263,0.907404571115797,0.953288880149934,
0.985088787010762),.UNSPECIFIED.);
#1598=B_SPLINE_CURVE_WITH_KNOTS('',3,(#5384,#5385,#5386,#5387,#5388,#5389,
#5390,#5391,#5392,#5393,#5394,#5395,#5396,#5397,#5398,#5399,#5400,#5401,
#5402,#5403,#5404,#5405,#5406,#5407,#5408,#5409,#5410,#5411,#5412,#5413,
#5414,#5415),.UNSPECIFIED.,.F.,.F.,(4,1,1,1,1,1,1,1,1,1,1,1,1,1,1,1,1,1,
1,1,1,1,1,1,1,1,1,1,1,4),(0.,0.0947191414680562,0.105435410606746,0.119270051843148,
0.135639419217311,0.154200536740823,0.17472062401325,0.197028310601875,
0.220990609761134,0.246500425157811,0.273469102961856,0.301821677512944,
0.33149367416024,0.36242886910936,0.394577666725331,0.427895891315667,0.462343866461119,
0.497885699467431,0.534488715672697,0.572123004522591,0.610761050528893,
0.650377429731968,0.690948557435831,0.732452476590366,0.774868678768634,
0.81817795155502,0.862362247536263,0.907404571115797,0.953288880149934,
0.985088787010762),.UNSPECIFIED.);
#1599=B_SPLINE_CURVE_WITH_KNOTS('',3,(#5419,#5420,#5421,#5422,#5423,#5424,
#5425,#5426,#5427,#5428,#5429,#5430,#5431,#5432,#5433,#5434,#5435,#5436,
#5437,#5438,#5439,#5440,#5441,#5442,#5443,#5444,#5445,#5446,#5447,#5448,
#5449,#5450),.UNSPECIFIED.,.F.,.F.,(4,1,1,1,1,1,1,1,1,1,1,1,1,1,1,1,1,1,
1,1,1,1,1,1,1,1,1,1,1,4),(0.,0.0947191414680562,0.105435410606746,0.119270051843148,
0.135639419217311,0.154200536740823,0.17472062401325,0.197028310601875,
0.220990609761134,0.246500425157811,0.273469102961856,0.301821677512944,
0.33149367416024,0.36242886910936,0.394577666725331,0.427895891315667,0.462343866461119,
0.497885699467431,0.534488715672697,0.572123004522591,0.610761050528893,
0.650377429731968,0.690948557435831,0.732452476590366,0.774868678768634,
0.81817795155502,0.862362247536263,0.907404571115797,0.953288880149934,
0.985088787010762),.UNSPECIFIED.);
#1600=B_SPLINE_CURVE_WITH_KNOTS('',3,(#5451,#5452,#5453,#5454,#5455,#5456,
#5457,#5458,#5459,#5460,#5461,#5462,#5463,#5464,#5465,#5466,#5467,#5468,
#5469,#5470,#5471,#5472,#5473,#5474,#5475,#5476,#5477,#5478,#5479,#5480,
#5481,#5482),.UNSPECIFIED.,.F.,.F.,(4,1,1,1,1,1,1,1,1,1,1,1,1,1,1,1,1,1,
1,1,1,1,1,1,1,1,1,1,1,4),(0.,0.0947191414680562,0.105435410606746,0.119270051843148,
0.135639419217311,0.154200536740823,0.17472062401325,0.197028310601875,
0.220990609761134,0.246500425157811,0.273469102961856,0.301821677512944,
0.33149367416024,0.36242886910936,0.394577666725331,0.427895891315667,0.462343866461119,
0.497885699467431,0.534488715672697,0.572123004522591,0.610761050528893,
0.650377429731968,0.690948557435831,0.732452476590366,0.774868678768634,
0.81817795155502,0.862362247536263,0.907404571115797,0.953288880149934,
0.985088787010762),.UNSPECIFIED.);
#1601=B_SPLINE_CURVE_WITH_KNOTS('',3,(#5486,#5487,#5488,#5489,#5490,#5491,
#5492,#5493,#5494,#5495,#5496,#5497,#5498,#5499,#5500,#5501,#5502,#5503,
#5504,#5505,#5506,#5507,#5508,#5509,#5510,#5511,#5512,#5513,#5514,#5515,
#5516,#5517),.UNSPECIFIED.,.F.,.F.,(4,1,1,1,1,1,1,1,1,1,1,1,1,1,1,1,1,1,
1,1,1,1,1,1,1,1,1,1,1,4),(0.,0.0947191414680562,0.105435410606746,0.119270051843148,
0.135639419217311,0.154200536740823,0.17472062401325,0.197028310601875,
0.220990609761134,0.246500425157811,0.273469102961856,0.301821677512944,
0.33149367416024,0.36242886910936,0.394577666725331,0.427895891315667,0.462343866461119,
0.497885699467431,0.534488715672697,0.572123004522591,0.610761050528893,
0.650377429731968,0.690948557435831,0.732452476590366,0.774868678768634,
0.81817795155502,0.862362247536263,0.907404571115797,0.953288880149934,
0.985088787010762),.UNSPECIFIED.);
#1602=B_SPLINE_CURVE_WITH_KNOTS('',3,(#5518,#5519,#5520,#5521,#5522,#5523,
#5524,#5525,#5526,#5527,#5528,#5529,#5530,#5531,#5532,#5533,#5534,#5535,
#5536,#5537,#5538,#5539,#5540,#5541,#5542,#5543,#5544,#5545,#5546,#5547,
#5548,#5549),.UNSPECIFIED.,.F.,.F.,(4,1,1,1,1,1,1,1,1,1,1,1,1,1,1,1,1,1,
1,1,1,1,1,1,1,1,1,1,1,4),(0.,0.0947191414680562,0.105435410606746,0.119270051843148,
0.135639419217311,0.154200536740823,0.17472062401325,0.197028310601875,
0.220990609761134,0.246500425157811,0.273469102961856,0.301821677512944,
0.33149367416024,0.36242886910936,0.394577666725331,0.427895891315667,0.462343866461119,
0.497885699467431,0.534488715672697,0.572123004522591,0.610761050528893,
0.650377429731968,0.690948557435831,0.732452476590366,0.774868678768634,
0.81817795155502,0.862362247536263,0.907404571115797,0.953288880149934,
0.985088787010762),.UNSPECIFIED.);
#1603=B_SPLINE_CURVE_WITH_KNOTS('',3,(#5553,#5554,#5555,#5556,#5557,#5558,
#5559,#5560,#5561,#5562,#5563,#5564,#5565,#5566,#5567,#5568,#5569,#5570,
#5571,#5572,#5573,#5574,#5575,#5576,#5577,#5578,#5579,#5580,#5581,#5582,
#5583,#5584),.UNSPECIFIED.,.F.,.F.,(4,1,1,1,1,1,1,1,1,1,1,1,1,1,1,1,1,1,
1,1,1,1,1,1,1,1,1,1,1,4),(0.,0.0947191414680562,0.105435410606746,0.119270051843148,
0.135639419217311,0.154200536740823,0.17472062401325,0.197028310601875,
0.220990609761134,0.246500425157811,0.273469102961856,0.301821677512944,
0.33149367416024,0.36242886910936,0.394577666725331,0.427895891315667,0.462343866461119,
0.497885699467431,0.534488715672697,0.572123004522591,0.610761050528893,
0.650377429731968,0.690948557435831,0.732452476590366,0.774868678768634,
0.81817795155502,0.862362247536263,0.907404571115797,0.953288880149934,
0.985088787010762),.UNSPECIFIED.);
#1604=B_SPLINE_CURVE_WITH_KNOTS('',3,(#5585,#5586,#5587,#5588,#5589,#5590,
#5591,#5592,#5593,#5594,#5595,#5596,#5597,#5598,#5599,#5600,#5601,#5602,
#5603,#5604,#5605,#5606,#5607,#5608,#5609,#5610,#5611,#5612,#5613,#5614,
#5615,#5616),.UNSPECIFIED.,.F.,.F.,(4,1,1,1,1,1,1,1,1,1,1,1,1,1,1,1,1,1,
1,1,1,1,1,1,1,1,1,1,1,4),(0.,0.0947191414680562,0.105435410606746,0.119270051843148,
0.135639419217311,0.154200536740823,0.17472062401325,0.197028310601875,
0.220990609761134,0.246500425157811,0.273469102961856,0.301821677512944,
0.33149367416024,0.36242886910936,0.394577666725331,0.427895891315667,0.462343866461119,
0.497885699467431,0.534488715672697,0.572123004522591,0.610761050528893,
0.650377429731968,0.690948557435831,0.732452476590366,0.774868678768634,
0.81817795155502,0.862362247536263,0.907404571115797,0.953288880149934,
0.985088787010762),.UNSPECIFIED.);
#1605=B_SPLINE_CURVE_WITH_KNOTS('',3,(#5620,#5621,#5622,#5623,#5624,#5625,
#5626,#5627,#5628,#5629,#5630,#5631,#5632,#5633,#5634,#5635,#5636,#5637,
#5638,#5639,#5640,#5641,#5642,#5643,#5644,#5645,#5646,#5647,#5648,#5649,
#5650,#5651),.UNSPECIFIED.,.F.,.F.,(4,1,1,1,1,1,1,1,1,1,1,1,1,1,1,1,1,1,
1,1,1,1,1,1,1,1,1,1,1,4),(0.,0.0947191414680562,0.105435410606746,0.119270051843148,
0.135639419217311,0.154200536740823,0.17472062401325,0.197028310601875,
0.220990609761134,0.246500425157811,0.273469102961856,0.301821677512944,
0.33149367416024,0.36242886910936,0.394577666725331,0.427895891315667,0.462343866461119,
0.497885699467431,0.534488715672697,0.572123004522591,0.610761050528893,
0.650377429731968,0.690948557435831,0.732452476590366,0.774868678768634,
0.81817795155502,0.862362247536263,0.907404571115797,0.953288880149934,
0.985088787010762),.UNSPECIFIED.);
#1606=B_SPLINE_CURVE_WITH_KNOTS('',3,(#5652,#5653,#5654,#5655,#5656,#5657,
#5658,#5659,#5660,#5661,#5662,#5663,#5664,#5665,#5666,#5667,#5668,#5669,
#5670,#5671,#5672,#5673,#5674,#5675,#5676,#5677,#5678,#5679,#5680,#5681,
#5682,#5683),.UNSPECIFIED.,.F.,.F.,(4,1,1,1,1,1,1,1,1,1,1,1,1,1,1,1,1,1,
1,1,1,1,1,1,1,1,1,1,1,4),(0.,0.0947191414680562,0.105435410606746,0.119270051843148,
0.135639419217311,0.154200536740823,0.17472062401325,0.197028310601875,
0.220990609761134,0.246500425157811,0.273469102961856,0.301821677512944,
0.33149367416024,0.36242886910936,0.394577666725331,0.427895891315667,0.462343866461119,
0.497885699467431,0.534488715672697,0.572123004522591,0.610761050528893,
0.650377429731968,0.690948557435831,0.732452476590366,0.774868678768634,
0.81817795155502,0.862362247536263,0.907404571115797,0.953288880149934,
0.985088787010762),.UNSPECIFIED.);
#1607=B_SPLINE_CURVE_WITH_KNOTS('',3,(#5687,#5688,#5689,#5690,#5691,#5692,
#5693,#5694,#5695,#5696,#5697,#5698,#5699,#5700,#5701,#5702,#5703,#5704,
#5705,#5706,#5707,#5708,#5709,#5710,#5711,#5712,#5713,#5714,#5715,#5716,
#5717,#5718),.UNSPECIFIED.,.F.,.F.,(4,1,1,1,1,1,1,1,1,1,1,1,1,1,1,1,1,1,
1,1,1,1,1,1,1,1,1,1,1,4),(0.,0.0947191414680562,0.105435410606746,0.119270051843148,
0.135639419217311,0.154200536740823,0.17472062401325,0.197028310601875,
0.220990609761134,0.246500425157811,0.273469102961856,0.301821677512944,
0.33149367416024,0.36242886910936,0.394577666725331,0.427895891315667,0.462343866461119,
0.497885699467431,0.534488715672697,0.572123004522591,0.610761050528893,
0.650377429731968,0.690948557435831,0.732452476590366,0.774868678768634,
0.81817795155502,0.862362247536263,0.907404571115797,0.953288880149934,
0.985088787010762),.UNSPECIFIED.);
#1608=B_SPLINE_CURVE_WITH_KNOTS('',3,(#5719,#5720,#5721,#5722,#5723,#5724,
#5725,#5726,#5727,#5728,#5729,#5730,#5731,#5732,#5733,#5734,#5735,#5736,
#5737,#5738,#5739,#5740,#5741,#5742,#5743,#5744,#5745,#5746,#5747,#5748,
#5749,#5750),.UNSPECIFIED.,.F.,.F.,(4,1,1,1,1,1,1,1,1,1,1,1,1,1,1,1,1,1,
1,1,1,1,1,1,1,1,1,1,1,4),(0.,0.0947191414680562,0.105435410606746,0.119270051843148,
0.135639419217311,0.154200536740823,0.17472062401325,0.197028310601875,
0.220990609761134,0.246500425157811,0.273469102961856,0.301821677512944,
0.33149367416024,0.36242886910936,0.394577666725331,0.427895891315667,0.462343866461119,
0.497885699467431,0.534488715672697,0.572123004522591,0.610761050528893,
0.650377429731968,0.690948557435831,0.732452476590366,0.774868678768634,
0.81817795155502,0.862362247536263,0.907404571115797,0.953288880149934,
0.985088787010762),.UNSPECIFIED.);
#1609=B_SPLINE_CURVE_WITH_KNOTS('',3,(#5754,#5755,#5756,#5757,#5758,#5759,
#5760,#5761,#5762,#5763,#5764,#5765,#5766,#5767,#5768,#5769,#5770,#5771,
#5772,#5773,#5774,#5775,#5776,#5777,#5778,#5779,#5780,#5781,#5782,#5783,
#5784,#5785),.UNSPECIFIED.,.F.,.F.,(4,1,1,1,1,1,1,1,1,1,1,1,1,1,1,1,1,1,
1,1,1,1,1,1,1,1,1,1,1,4),(0.,0.0947191414680562,0.105435410606746,0.119270051843148,
0.135639419217311,0.154200536740823,0.17472062401325,0.197028310601875,
0.220990609761134,0.246500425157811,0.273469102961856,0.301821677512944,
0.33149367416024,0.36242886910936,0.394577666725331,0.427895891315667,0.462343866461119,
0.497885699467431,0.534488715672697,0.572123004522591,0.610761050528893,
0.650377429731968,0.690948557435831,0.732452476590366,0.774868678768634,
0.81817795155502,0.862362247536263,0.907404571115797,0.953288880149934,
0.985088787010762),.UNSPECIFIED.);
#1610=B_SPLINE_CURVE_WITH_KNOTS('',3,(#5786,#5787,#5788,#5789,#5790,#5791,
#5792,#5793,#5794,#5795,#5796,#5797,#5798,#5799,#5800,#5801,#5802,#5803,
#5804,#5805,#5806,#5807,#5808,#5809,#5810,#5811,#5812,#5813,#5814,#5815,
#5816,#5817),.UNSPECIFIED.,.F.,.F.,(4,1,1,1,1,1,1,1,1,1,1,1,1,1,1,1,1,1,
1,1,1,1,1,1,1,1,1,1,1,4),(0.,0.0947191414680562,0.105435410606746,0.119270051843148,
0.135639419217311,0.154200536740823,0.17472062401325,0.197028310601875,
0.220990609761134,0.246500425157811,0.273469102961856,0.301821677512944,
0.33149367416024,0.36242886910936,0.394577666725331,0.427895891315667,0.462343866461119,
0.497885699467431,0.534488715672697,0.572123004522591,0.610761050528893,
0.650377429731968,0.690948557435831,0.732452476590366,0.774868678768634,
0.81817795155502,0.862362247536263,0.907404571115797,0.953288880149934,
0.985088787010762),.UNSPECIFIED.);
#1611=B_SPLINE_CURVE_WITH_KNOTS('',3,(#5821,#5822,#5823,#5824,#5825,#5826,
#5827,#5828,#5829,#5830,#5831,#5832,#5833,#5834,#5835,#5836,#5837,#5838,
#5839,#5840,#5841,#5842,#5843,#5844,#5845,#5846,#5847,#5848,#5849,#5850,
#5851,#5852),.UNSPECIFIED.,.F.,.F.,(4,1,1,1,1,1,1,1,1,1,1,1,1,1,1,1,1,1,
1,1,1,1,1,1,1,1,1,1,1,4),(0.,0.0947191414680562,0.105435410606746,0.119270051843148,
0.135639419217311,0.154200536740823,0.17472062401325,0.197028310601875,
0.220990609761134,0.246500425157811,0.273469102961856,0.301821677512944,
0.33149367416024,0.36242886910936,0.394577666725331,0.427895891315667,0.462343866461119,
0.497885699467431,0.534488715672697,0.572123004522591,0.610761050528893,
0.650377429731968,0.690948557435831,0.732452476590366,0.774868678768634,
0.81817795155502,0.862362247536263,0.907404571115797,0.953288880149934,
0.985088787010762),.UNSPECIFIED.);
#1612=B_SPLINE_CURVE_WITH_KNOTS('',3,(#5853,#5854,#5855,#5856,#5857,#5858,
#5859,#5860,#5861,#5862,#5863,#5864,#5865,#5866,#5867,#5868,#5869,#5870,
#5871,#5872,#5873,#5874,#5875,#5876,#5877,#5878,#5879,#5880,#5881,#5882,
#5883,#5884),.UNSPECIFIED.,.F.,.F.,(4,1,1,1,1,1,1,1,1,1,1,1,1,1,1,1,1,1,
1,1,1,1,1,1,1,1,1,1,1,4),(0.,0.0947191414680562,0.105435410606746,0.119270051843148,
0.135639419217311,0.154200536740823,0.17472062401325,0.197028310601875,
0.220990609761134,0.246500425157811,0.273469102961856,0.301821677512944,
0.33149367416024,0.36242886910936,0.394577666725331,0.427895891315667,0.462343866461119,
0.497885699467431,0.534488715672697,0.572123004522591,0.610761050528893,
0.650377429731968,0.690948557435831,0.732452476590366,0.774868678768634,
0.81817795155502,0.862362247536263,0.907404571115797,0.953288880149934,
0.985088787010762),.UNSPECIFIED.);
#1613=B_SPLINE_CURVE_WITH_KNOTS('',3,(#5888,#5889,#5890,#5891,#5892,#5893,
#5894,#5895,#5896,#5897,#5898,#5899,#5900,#5901,#5902,#5903,#5904,#5905,
#5906,#5907,#5908,#5909,#5910,#5911,#5912,#5913,#5914,#5915,#5916,#5917,
#5918,#5919),.UNSPECIFIED.,.F.,.F.,(4,1,1,1,1,1,1,1,1,1,1,1,1,1,1,1,1,1,
1,1,1,1,1,1,1,1,1,1,1,4),(0.,0.0947191414680562,0.105435410606746,0.119270051843148,
0.135639419217311,0.154200536740823,0.17472062401325,0.197028310601875,
0.220990609761134,0.246500425157811,0.273469102961856,0.301821677512944,
0.33149367416024,0.36242886910936,0.394577666725331,0.427895891315667,0.462343866461119,
0.497885699467431,0.534488715672697,0.572123004522591,0.610761050528893,
0.650377429731968,0.690948557435831,0.732452476590366,0.774868678768634,
0.81817795155502,0.862362247536263,0.907404571115797,0.953288880149934,
0.985088787010762),.UNSPECIFIED.);
#1614=B_SPLINE_CURVE_WITH_KNOTS('',3,(#5920,#5921,#5922,#5923,#5924,#5925,
#5926,#5927,#5928,#5929,#5930,#5931,#5932,#5933,#5934,#5935,#5936,#5937,
#5938,#5939,#5940,#5941,#5942,#5943,#5944,#5945,#5946,#5947,#5948,#5949,
#5950,#5951),.UNSPECIFIED.,.F.,.F.,(4,1,1,1,1,1,1,1,1,1,1,1,1,1,1,1,1,1,
1,1,1,1,1,1,1,1,1,1,1,4),(0.,0.0947191414680562,0.105435410606746,0.119270051843148,
0.135639419217311,0.154200536740823,0.17472062401325,0.197028310601875,
0.220990609761134,0.246500425157811,0.273469102961856,0.301821677512944,
0.33149367416024,0.36242886910936,0.394577666725331,0.427895891315667,0.462343866461119,
0.497885699467431,0.534488715672697,0.572123004522591,0.610761050528893,
0.650377429731968,0.690948557435831,0.732452476590366,0.774868678768634,
0.81817795155502,0.862362247536263,0.907404571115797,0.953288880149934,
0.985088787010762),.UNSPECIFIED.);
#1615=EDGE_LOOP('',(#419,#420,#421,#422,#423,#424,#425,#426,#427,#428,#429,
#430,#431,#432,#433,#434,#435,#436,#437,#438,#439,#440,#441,#442,#443,#444,
#445,#446,#447,#448,#449,#450,#451,#452,#453,#454,#455,#456,#457,#458,#459,
#460,#461,#462,#463,#464,#465,#466,#467,#468,#469,#470,#471,#472,#473,#474,
#475,#476,#477,#478,#479,#480,#481,#482,#483,#484,#485,#486,#487,#488,#489,
#490,#491,#492,#493,#494,#495,#496,#497,#498,#499,#500,#501,#502,#503,#504,
#505,#506,#507,#508,#509,#510,#511,#512,#513,#514));
#1616=EDGE_LOOP('',(#515,#516,#517,#518));
#1617=EDGE_LOOP('',(#519,#520,#521,#522));
#1618=EDGE_LOOP('',(#523,#524,#525,#526));
#1619=EDGE_LOOP('',(#527,#528,#529,#530));
#1620=EDGE_LOOP('',(#531,#532,#533,#534));
#1621=EDGE_LOOP('',(#535,#536,#537,#538));
#1622=EDGE_LOOP('',(#539,#540,#541,#542));
#1623=EDGE_LOOP('',(#543,#544,#545,#546));
#1624=EDGE_LOOP('',(#547,#548,#549,#550));
#1625=EDGE_LOOP('',(#551,#552,#553,#554));
#1626=EDGE_LOOP('',(#555,#556,#557,#558));
#1627=EDGE_LOOP('',(#559,#560,#561,#562));
#1628=EDGE_LOOP('',(#563,#564,#565,#566));
#1629=EDGE_LOOP('',(#567,#568,#569,#570));
#1630=EDGE_LOOP('',(#571,#572,#573,#574));
#1631=EDGE_LOOP('',(#575,#576,#577,#578));
#1632=EDGE_LOOP('',(#579,#580,#581,#582));
#1633=EDGE_LOOP('',(#583,#584,#585,#586));
#1634=EDGE_LOOP('',(#587,#588,#589,#590));
#1635=EDGE_LOOP('',(#591,#592,#593,#594));
#1636=EDGE_LOOP('',(#595,#596,#597,#598));
#1637=EDGE_LOOP('',(#599,#600,#601,#602));
#1638=EDGE_LOOP('',(#603,#604,#605,#606));
#1639=EDGE_LOOP('',(#607,#608,#609,#610));
#1640=EDGE_LOOP('',(#611,#612,#613,#614,#615,#616,#617,#618,#619,#620,#621,
#622,#623,#624,#625,#626,#627,#628,#629,#630,#631,#632,#633,#634,#635,#636,
#637,#638,#639,#640,#641,#642,#643,#644,#645,#646,#647,#648,#649,#650,#651,
#652,#653,#654,#655,#656,#657,#658,#659,#660,#661,#662,#663,#664,#665,#666,
#667,#668,#669,#670,#671,#672,#673,#674,#675,#676,#677,#678,#679,#680,#681,
#682,#683,#684,#685,#686,#687,#688,#689,#690,#691,#692,#693,#694,#695,#696,
#697,#698,#699,#700,#701,#702,#703,#704,#705,#706));
#1641=EDGE_LOOP('',(#707,#708,#709,#710));
#1642=EDGE_LOOP('',(#711,#712,#713,#714));
#1643=EDGE_LOOP('',(#715,#716,#717,#718));
#1644=EDGE_LOOP('',(#719,#720,#721,#722));
#1645=EDGE_LOOP('',(#723,#724,#725,#726));
#1646=EDGE_LOOP('',(#727,#728,#729,#730));
#1647=EDGE_LOOP('',(#731,#732,#733,#734));
#1648=EDGE_LOOP('',(#735,#736,#737,#738));
#1649=EDGE_LOOP('',(#739,#740,#741,#742));
#1650=EDGE_LOOP('',(#743,#744,#745,#746));
#1651=EDGE_LOOP('',(#747,#748,#749,#750));
#1652=EDGE_LOOP('',(#751,#752,#753,#754));
#1653=EDGE_LOOP('',(#755,#756,#757,#758));
#1654=EDGE_LOOP('',(#759,#760,#761,#762));
#1655=EDGE_LOOP('',(#763,#764,#765,#766));
#1656=EDGE_LOOP('',(#767,#768,#769,#770));
#1657=EDGE_LOOP('',(#771,#772,#773,#774));
#1658=EDGE_LOOP('',(#775,#776,#777,#778));
#1659=EDGE_LOOP('',(#779,#780,#781,#782));
#1660=EDGE_LOOP('',(#783,#784,#785,#786));
#1661=EDGE_LOOP('',(#787,#788,#789,#790));
#1662=EDGE_LOOP('',(#791,#792,#793,#794));
#1663=EDGE_LOOP('',(#795,#796,#797,#798));
#1664=EDGE_LOOP('',(#799,#800,#801,#802));
#1665=EDGE_LOOP('',(#803,#804,#805,#806));
#1666=EDGE_LOOP('',(#807,#808,#809,#810));
#1667=EDGE_LOOP('',(#811,#812,#813,#814));
#1668=EDGE_LOOP('',(#815,#816,#817,#818));
#1669=EDGE_LOOP('',(#819,#820,#821,#822));
#1670=EDGE_LOOP('',(#823,#824,#825,#826));
#1671=EDGE_LOOP('',(#827,#828,#829,#830));
#1672=EDGE_LOOP('',(#831,#832,#833,#834));
#1673=EDGE_LOOP('',(#835,#836,#837,#838));
#1674=EDGE_LOOP('',(#839,#840,#841,#842));
#1675=EDGE_LOOP('',(#843,#844,#845,#846));
#1676=EDGE_LOOP('',(#847,#848,#849,#850));
#1677=EDGE_LOOP('',(#851,#852,#853,#854));
#1678=EDGE_LOOP('',(#855,#856,#857,#858));
#1679=EDGE_LOOP('',(#859,#860,#861,#862));
#1680=EDGE_LOOP('',(#863,#864,#865,#866));
#1681=EDGE_LOOP('',(#867,#868,#869,#870));
#1682=EDGE_LOOP('',(#871,#872,#873,#874));
#1683=EDGE_LOOP('',(#875,#876,#877,#878));
#1684=EDGE_LOOP('',(#879,#880,#881,#882));
#1685=EDGE_LOOP('',(#883,#884,#885,#886));
#1686=EDGE_LOOP('',(#887,#888,#889,#890));
#1687=EDGE_LOOP('',(#891,#892,#893,#894));
#1688=EDGE_LOOP('',(#895,#896,#897,#898));
#1689=EDGE_LOOP('',(#899,#900,#901,#902));
#1690=EDGE_LOOP('',(#903,#904,#905,#906));
#1691=EDGE_LOOP('',(#907,#908,#909,#910));
#1692=EDGE_LOOP('',(#911,#912,#913,#914));
#1693=EDGE_LOOP('',(#915,#916,#917,#918));
#1694=EDGE_LOOP('',(#919,#920,#921,#922));
#1695=EDGE_LOOP('',(#923,#924,#925,#926));
#1696=EDGE_LOOP('',(#927,#928,#929,#930));
#1697=EDGE_LOOP('',(#931,#932,#933,#934));
#1698=EDGE_LOOP('',(#935,#936,#937,#938));
#1699=EDGE_LOOP('',(#939,#940,#941,#942));
#1700=EDGE_LOOP('',(#943,#944,#945,#946));
#1701=EDGE_LOOP('',(#947,#948,#949,#950));
#1702=EDGE_LOOP('',(#951,#952,#953,#954));
#1703=EDGE_LOOP('',(#955,#956,#957,#958));
#1704=EDGE_LOOP('',(#959,#960,#961,#962));
#1705=EDGE_LOOP('',(#963,#964,#965,#966));
#1706=EDGE_LOOP('',(#967,#968,#969,#970));
#1707=EDGE_LOOP('',(#971,#972,#973,#974));
#1708=EDGE_LOOP('',(#975,#976,#977,#978));
#1709=EDGE_LOOP('',(#979,#980,#981,#982));
#1710=EDGE_LOOP('',(#983,#984,#985,#986));
#1711=EDGE_LOOP('',(#987,#988,#989,#990));
#1712=EDGE_LOOP('',(#991,#992,#993,#994));
#1713=EDGE_LOOP('',(#995,#996,#997,#998));
#1714=EDGE_LOOP('',(#999,#1000,#1001,#1002));
#1715=EDGE_LOOP('',(#1003,#1004,#1005,#1006));
#1716=EDGE_LOOP('',(#1007,#1008,#1009,#1010));
#1717=EDGE_LOOP('',(#1011,#1012,#1013,#1014));
#1718=EDGE_LOOP('',(#1015,#1016,#1017,#1018));
#1719=FACE_BOUND('',#1615,.T.);
#1720=FACE_BOUND('',#1616,.T.);
#1721=FACE_BOUND('',#1617,.T.);
#1722=FACE_BOUND('',#1618,.T.);
#1723=FACE_BOUND('',#1619,.T.);
#1724=FACE_BOUND('',#1620,.T.);
#1725=FACE_BOUND('',#1621,.T.);
#1726=FACE_BOUND('',#1622,.T.);
#1727=FACE_BOUND('',#1623,.T.);
#1728=FACE_BOUND('',#1624,.T.);
#1729=FACE_BOUND('',#1625,.T.);
#1730=FACE_BOUND('',#1626,.T.);
#1731=FACE_BOUND('',#1627,.T.);
#1732=FACE_BOUND('',#1628,.T.);
#1733=FACE_BOUND('',#1629,.T.);
#1734=FACE_BOUND('',#1630,.T.);
#1735=FACE_BOUND('',#1631,.T.);
#1736=FACE_BOUND('',#1632,.T.);
#1737=FACE_BOUND('',#1633,.T.);
#1738=FACE_BOUND('',#1634,.T.);
#1739=FACE_BOUND('',#1635,.T.);
#1740=FACE_BOUND('',#1636,.T.);
#1741=FACE_BOUND('',#1637,.T.);
#1742=FACE_BOUND('',#1638,.T.);
#1743=FACE_BOUND('',#1639,.T.);
#1744=FACE_BOUND('',#1640,.T.);
#1745=FACE_BOUND('',#1641,.T.);
#1746=FACE_BOUND('',#1642,.T.);
#1747=FACE_BOUND('',#1643,.T.);
#1748=FACE_BOUND('',#1644,.T.);
#1749=FACE_BOUND('',#1645,.T.);
#1750=FACE_BOUND('',#1646,.T.);
#1751=FACE_BOUND('',#1647,.T.);
#1752=FACE_BOUND('',#1648,.T.);
#1753=FACE_BOUND('',#1649,.T.);
#1754=FACE_BOUND('',#1650,.T.);
#1755=FACE_BOUND('',#1651,.T.);
#1756=FACE_BOUND('',#1652,.T.);
#1757=FACE_BOUND('',#1653,.T.);
#1758=FACE_BOUND('',#1654,.T.);
#1759=FACE_BOUND('',#1655,.T.);
#1760=FACE_BOUND('',#1656,.T.);
#1761=FACE_BOUND('',#1657,.T.);
#1762=FACE_BOUND('',#1658,.T.);
#1763=FACE_BOUND('',#1659,.T.);
#1764=FACE_BOUND('',#1660,.T.);
#1765=FACE_BOUND('',#1661,.T.);
#1766=FACE_BOUND('',#1662,.T.);
#1767=FACE_BOUND('',#1663,.T.);
#1768=FACE_BOUND('',#1664,.T.);
#1769=FACE_BOUND('',#1665,.T.);
#1770=FACE_BOUND('',#1666,.T.);
#1771=FACE_BOUND('',#1667,.T.);
#1772=FACE_BOUND('',#1668,.T.);
#1773=FACE_BOUND('',#1669,.T.);
#1774=FACE_BOUND('',#1670,.T.);
#1775=FACE_BOUND('',#1671,.T.);
#1776=FACE_BOUND('',#1672,.T.);
#1777=FACE_BOUND('',#1673,.T.);
#1778=FACE_BOUND('',#1674,.T.);
#1779=FACE_BOUND('',#1675,.T.);
#1780=FACE_BOUND('',#1676,.T.);
#1781=FACE_BOUND('',#1677,.T.);
#1782=FACE_BOUND('',#1678,.T.);
#1783=FACE_BOUND('',#1679,.T.);
#1784=FACE_BOUND('',#1680,.T.);
#1785=FACE_BOUND('',#1681,.T.);
#1786=FACE_BOUND('',#1682,.T.);
#1787=FACE_BOUND('',#1683,.T.);
#1788=FACE_BOUND('',#1684,.T.);
#1789=FACE_BOUND('',#1685,.T.);
#1790=FACE_BOUND('',#1686,.T.);
#1791=FACE_BOUND('',#1687,.T.);
#1792=FACE_BOUND('',#1688,.T.);
#1793=FACE_BOUND('',#1689,.T.);
#1794=FACE_BOUND('',#1690,.T.);
#1795=FACE_BOUND('',#1691,.T.);
#1796=FACE_BOUND('',#1692,.T.);
#1797=FACE_BOUND('',#1693,.T.);
#1798=FACE_BOUND('',#1694,.T.);
#1799=FACE_BOUND('',#1695,.T.);
#1800=FACE_BOUND('',#1696,.T.);
#1801=FACE_BOUND('',#1697,.T.);
#1802=FACE_BOUND('',#1698,.T.);
#1803=FACE_BOUND('',#1699,.T.);
#1804=FACE_BOUND('',#1700,.T.);
#1805=FACE_BOUND('',#1701,.T.);
#1806=FACE_BOUND('',#1702,.T.);
#1807=FACE_BOUND('',#1703,.T.);
#1808=FACE_BOUND('',#1704,.T.);
#1809=FACE_BOUND('',#1705,.T.);
#1810=FACE_BOUND('',#1706,.T.);
#1811=FACE_BOUND('',#1707,.T.);
#1812=FACE_BOUND('',#1708,.T.);
#1813=FACE_BOUND('',#1709,.T.);
#1814=FACE_BOUND('',#1710,.T.);
#1815=FACE_BOUND('',#1711,.T.);
#1816=FACE_BOUND('',#1712,.T.);
#1817=FACE_BOUND('',#1713,.T.);
#1818=FACE_BOUND('',#1714,.T.);
#1819=FACE_BOUND('',#1715,.T.);
#1820=FACE_BOUND('',#1716,.T.);
#1821=FACE_BOUND('',#1717,.T.);
#1822=FACE_BOUND('',#1718,.T.);
#1823=PLANE('',#1945);
#1824=PLANE('',#2041);
#1825=PLANE('',#2092);
#1826=PLANE('',#2095);
#1827=PLANE('',#2096);
#1828=PLANE('',#2097);
#1829=ADVANCED_FACE('',(#1719,#1720),#1823,.T.);
#1830=ADVANCED_FACE('',(#1721),#60,.T.);
#1831=ADVANCED_FACE('',(#1722),#61,.T.);
#1832=ADVANCED_FACE('',(#1723),#62,.T.);
#1833=ADVANCED_FACE('',(#1724),#63,.T.);
#1834=ADVANCED_FACE('',(#1725),#64,.T.);
#1835=ADVANCED_FACE('',(#1726),#65,.T.);
#1836=ADVANCED_FACE('',(#1727),#66,.T.);
#1837=ADVANCED_FACE('',(#1728),#67,.T.);
#1838=ADVANCED_FACE('',(#1729),#68,.T.);
#1839=ADVANCED_FACE('',(#1730),#69,.T.);
#1840=ADVANCED_FACE('',(#1731),#70,.T.);
#1841=ADVANCED_FACE('',(#1732),#71,.T.);
#1842=ADVANCED_FACE('',(#1733),#72,.T.);
#1843=ADVANCED_FACE('',(#1734),#73,.T.);
#1844=ADVANCED_FACE('',(#1735),#74,.T.);
#1845=ADVANCED_FACE('',(#1736),#75,.T.);
#1846=ADVANCED_FACE('',(#1737),#76,.T.);
#1847=ADVANCED_FACE('',(#1738),#77,.T.);
#1848=ADVANCED_FACE('',(#1739),#78,.T.);
#1849=ADVANCED_FACE('',(#1740),#79,.T.);
#1850=ADVANCED_FACE('',(#1741),#80,.T.);
#1851=ADVANCED_FACE('',(#1742),#81,.T.);
#1852=ADVANCED_FACE('',(#1743),#82,.T.);
#1853=ADVANCED_FACE('',(#1744),#1824,.F.);
#1854=ADVANCED_FACE('',(#1745),#83,.T.);
#1855=ADVANCED_FACE('',(#1746),#12,.T.);
#1856=ADVANCED_FACE('',(#1747),#13,.F.);
#1857=ADVANCED_FACE('',(#1748),#84,.T.);
#1858=ADVANCED_FACE('',(#1749),#14,.T.);
#1859=ADVANCED_FACE('',(#1750),#15,.F.);
#1860=ADVANCED_FACE('',(#1751),#85,.T.);
#1861=ADVANCED_FACE('',(#1752),#16,.T.);
#1862=ADVANCED_FACE('',(#1753),#17,.F.);
#1863=ADVANCED_FACE('',(#1754),#86,.T.);
#1864=ADVANCED_FACE('',(#1755),#18,.T.);
#1865=ADVANCED_FACE('',(#1756),#19,.F.);
#1866=ADVANCED_FACE('',(#1757),#87,.T.);
#1867=ADVANCED_FACE('',(#1758),#20,.T.);
#1868=ADVANCED_FACE('',(#1759),#21,.F.);
#1869=ADVANCED_FACE('',(#1760),#88,.T.);
#1870=ADVANCED_FACE('',(#1761),#22,.T.);
#1871=ADVANCED_FACE('',(#1762),#23,.F.);
#1872=ADVANCED_FACE('',(#1763),#89,.T.);
#1873=ADVANCED_FACE('',(#1764),#24,.T.);
#1874=ADVANCED_FACE('',(#1765),#25,.F.);
#1875=ADVANCED_FACE('',(#1766),#90,.T.);
#1876=ADVANCED_FACE('',(#1767),#26,.T.);
#1877=ADVANCED_FACE('',(#1768),#27,.F.);
#1878=ADVANCED_FACE('',(#1769),#91,.T.);
#1879=ADVANCED_FACE('',(#1770),#28,.T.);
#1880=ADVANCED_FACE('',(#1771),#29,.F.);
#1881=ADVANCED_FACE('',(#1772),#92,.T.);
#1882=ADVANCED_FACE('',(#1773),#30,.T.);
#1883=ADVANCED_FACE('',(#1774),#31,.F.);
#1884=ADVANCED_FACE('',(#1775),#93,.T.);
#1885=ADVANCED_FACE('',(#1776),#32,.T.);
#1886=ADVANCED_FACE('',(#1777),#33,.F.);
#1887=ADVANCED_FACE('',(#1778),#94,.T.);
#1888=ADVANCED_FACE('',(#1779),#34,.T.);
#1889=ADVANCED_FACE('',(#1780),#35,.F.);
#1890=ADVANCED_FACE('',(#1781),#95,.T.);
#1891=ADVANCED_FACE('',(#1782),#36,.T.);
#1892=ADVANCED_FACE('',(#1783),#37,.F.);
#1893=ADVANCED_FACE('',(#1784),#96,.T.);
#1894=ADVANCED_FACE('',(#1785),#38,.T.);
#1895=ADVANCED_FACE('',(#1786),#39,.F.);
#1896=ADVANCED_FACE('',(#1787),#97,.T.);
#1897=ADVANCED_FACE('',(#1788),#40,.T.);
#1898=ADVANCED_FACE('',(#1789),#41,.F.);
#1899=ADVANCED_FACE('',(#1790),#98,.T.);
#1900=ADVANCED_FACE('',(#1791),#42,.T.);
#1901=ADVANCED_FACE('',(#1792),#43,.F.);
#1902=ADVANCED_FACE('',(#1793),#99,.T.);
#1903=ADVANCED_FACE('',(#1794),#44,.T.);
#1904=ADVANCED_FACE('',(#1795),#45,.F.);
#1905=ADVANCED_FACE('',(#1796),#100,.T.);
#1906=ADVANCED_FACE('',(#1797),#46,.T.);
#1907=ADVANCED_FACE('',(#1798),#47,.F.);
#1908=ADVANCED_FACE('',(#1799),#101,.T.);
#1909=ADVANCED_FACE('',(#1800),#48,.T.);
#1910=ADVANCED_FACE('',(#1801),#49,.F.);
#1911=ADVANCED_FACE('',(#1802),#102,.T.);
#1912=ADVANCED_FACE('',(#1803),#50,.T.);
#1913=ADVANCED_FACE('',(#1804),#51,.F.);
#1914=ADVANCED_FACE('',(#1805),#103,.T.);
#1915=ADVANCED_FACE('',(#1806),#52,.T.);
#1916=ADVANCED_FACE('',(#1807),#53,.F.);
#1917=ADVANCED_FACE('',(#1808),#104,.T.);
#1918=ADVANCED_FACE('',(#1809),#54,.T.);
#1919=ADVANCED_FACE('',(#1810),#55,.F.);
#1920=ADVANCED_FACE('',(#1811),#105,.T.);
#1921=ADVANCED_FACE('',(#1812),#56,.T.);
#1922=ADVANCED_FACE('',(#1813),#57,.F.);
#1923=ADVANCED_FACE('',(#1814),#106,.T.);
#1924=ADVANCED_FACE('',(#1815),#58,.T.);
#1925=ADVANCED_FACE('',(#1816),#59,.F.);
#1926=ADVANCED_FACE('',(#1817),#107,.T.);
#1927=ADVANCED_FACE('',(#1818),#1825,.T.);
#1928=ADVANCED_FACE('',(#1819),#108,.F.);
#1929=ADVANCED_FACE('',(#1820),#1826,.F.);
#1930=ADVANCED_FACE('',(#1821),#1827,.F.);
#1931=ADVANCED_FACE('',(#1822),#1828,.F.);
#1932=CLOSED_SHELL('',(#1829,#1830,#1831,#1832,#1833,#1834,#1835,#1836,
#1837,#1838,#1839,#1840,#1841,#1842,#1843,#1844,#1845,#1846,#1847,#1848,
#1849,#1850,#1851,#1852,#1853,#1854,#1855,#1856,#1857,#1858,#1859,#1860,
#1861,#1862,#1863,#1864,#1865,#1866,#1867,#1868,#1869,#1870,#1871,#1872,
#1873,#1874,#1875,#1876,#1877,#1878,#1879,#1880,#1881,#1882,#1883,#1884,
#1885,#1886,#1887,#1888,#1889,#1890,#1891,#1892,#1893,#1894,#1895,#1896,
#1897,#1898,#1899,#1900,#1901,#1902,#1903,#1904,#1905,#1906,#1907,#1908,
#1909,#1910,#1911,#1912,#1913,#1914,#1915,#1916,#1917,#1918,#1919,#1920,
#1921,#1922,#1923,#1924,#1925,#1926,#1927,#1928,#1929,#1930,#1931));
#1933=STYLED_ITEM('',(#1934),#1941);
#1934=PRESENTATION_STYLE_ASSIGNMENT((#1935));
#1935=SURFACE_STYLE_USAGE(.BOTH.,#1936);
#1936=SURFACE_SIDE_STYLE('',(#1937));
#1937=SURFACE_STYLE_FILL_AREA(#1938);
#1938=FILL_AREA_STYLE('',(#1939));
#1939=FILL_AREA_STYLE_COLOUR('',#1940);
#1940=COLOUR_RGB('',0.498039215686275,0.498039215686275,0.498039215686275);
#1941=MANIFOLD_SOLID_BREP('Pignon',#1932);
#1942=SHAPE_DEFINITION_REPRESENTATION(#7202,#1943);
#1943=SHAPE_REPRESENTATION('Pignon',(#1944),#7197);
#1944=AXIS2_PLACEMENT_3D('',#2512,#2098,#2099);
#1945=AXIS2_PLACEMENT_3D('',#2513,#2100,#2101);
#1946=AXIS2_PLACEMENT_3D('',#2548,#2102,#2103);
#1947=AXIS2_PLACEMENT_3D('',#2583,#2104,#2105);
#1948=AXIS2_PLACEMENT_3D('',#2618,#2106,#2107);
#1949=AXIS2_PLACEMENT_3D('',#2653,#2108,#2109);
#1950=AXIS2_PLACEMENT_3D('',#2688,#2110,#2111);
#1951=AXIS2_PLACEMENT_3D('',#2723,#2112,#2113);
#1952=AXIS2_PLACEMENT_3D('',#2758,#2114,#2115);
#1953=AXIS2_PLACEMENT_3D('',#2793,#2116,#2117);
#1954=AXIS2_PLACEMENT_3D('',#2828,#2118,#2119);
#1955=AXIS2_PLACEMENT_3D('',#2863,#2120,#2121);
#1956=AXIS2_PLACEMENT_3D('',#2898,#2122,#2123);
#1957=AXIS2_PLACEMENT_3D('',#2933,#2124,#2125);
#1958=AXIS2_PLACEMENT_3D('',#2968,#2126,#2127);
#1959=AXIS2_PLACEMENT_3D('',#3003,#2128,#2129);
#1960=AXIS2_PLACEMENT_3D('',#3038,#2130,#2131);
#1961=AXIS2_PLACEMENT_3D('',#3073,#2132,#2133);
#1962=AXIS2_PLACEMENT_3D('',#3108,#2134,#2135);
#1963=AXIS2_PLACEMENT_3D('',#3143,#2136,#2137);
#1964=AXIS2_PLACEMENT_3D('',#3178,#2138,#2139);
#1965=AXIS2_PLACEMENT_3D('',#3213,#2140,#2141);
#1966=AXIS2_PLACEMENT_3D('',#3248,#2142,#2143);
#1967=AXIS2_PLACEMENT_3D('',#3283,#2144,#2145);
#1968=AXIS2_PLACEMENT_3D('',#3318,#2146,#2147);
#1969=AXIS2_PLACEMENT_3D('',#3353,#2148,#2149);
#1970=AXIS2_PLACEMENT_3D('',#3388,#2150,#2151);
#1971=AXIS2_PLACEMENT_3D('',#3423,#2152,#2153);
#1972=AXIS2_PLACEMENT_3D('',#3458,#2154,#2155);
#1973=AXIS2_PLACEMENT_3D('',#3493,#2156,#2157);
#1974=AXIS2_PLACEMENT_3D('',#3528,#2158,#2159);
#1975=AXIS2_PLACEMENT_3D('',#3563,#2160,#2161);
#1976=AXIS2_PLACEMENT_3D('',#3598,#2162,#2163);
#1977=AXIS2_PLACEMENT_3D('',#3633,#2164,#2165);
#1978=AXIS2_PLACEMENT_3D('',#3668,#2166,#2167);
#1979=AXIS2_PLACEMENT_3D('',#3703,#2168,#2169);
#1980=AXIS2_PLACEMENT_3D('',#3738,#2170,#2171);
#1981=AXIS2_PLACEMENT_3D('',#3773,#2172,#2173);
#1982=AXIS2_PLACEMENT_3D('',#3808,#2174,#2175);
#1983=AXIS2_PLACEMENT_3D('',#3843,#2176,#2177);
#1984=AXIS2_PLACEMENT_3D('',#3878,#2178,#2179);
#1985=AXIS2_PLACEMENT_3D('',#3913,#2180,#2181);
#1986=AXIS2_PLACEMENT_3D('',#3948,#2182,#2183);
#1987=AXIS2_PLACEMENT_3D('',#3983,#2184,#2185);
#1988=AXIS2_PLACEMENT_3D('',#4018,#2186,#2187);
#1989=AXIS2_PLACEMENT_3D('',#4053,#2188,#2189);
#1990=AXIS2_PLACEMENT_3D('',#4088,#2190,#2191);
#1991=AXIS2_PLACEMENT_3D('',#4123,#2192,#2193);
#1992=AXIS2_PLACEMENT_3D('',#4158,#2194,#2195);
#1993=AXIS2_PLACEMENT_3D('',#4193,#2196,#2197);
#1994=AXIS2_PLACEMENT_3D('',#4199,#2200,#2201);
#1995=AXIS2_PLACEMENT_3D('',#4202,#2203,#2204);
#1996=AXIS2_PLACEMENT_3D('',#4207,#2207,#2208);
#1997=AXIS2_PLACEMENT_3D('',#4208,#2209,#2210);
#1998=AXIS2_PLACEMENT_3D('',#4211,#2212,#2213);
#1999=AXIS2_PLACEMENT_3D('',#4214,#2215,#2216);
#2000=AXIS2_PLACEMENT_3D('',#4219,#2219,#2220);
#2001=AXIS2_PLACEMENT_3D('',#4220,#2221,#2222);
#2002=AXIS2_PLACEMENT_3D('',#4223,#2224,#2225);
#2003=AXIS2_PLACEMENT_3D('',#4226,#2227,#2228);
#2004=AXIS2_PLACEMENT_3D('',#4231,#2231,#2232);
#2005=AXIS2_PLACEMENT_3D('',#4232,#2233,#2234);
#2006=AXIS2_PLACEMENT_3D('',#4237,#2237,#2238);
#2007=AXIS2_PLACEMENT_3D('',#4238,#2239,#2240);
#2008=AXIS2_PLACEMENT_3D('',#4243,#2243,#2244);
#2009=AXIS2_PLACEMENT_3D('',#4244,#2245,#2246);
#2010=AXIS2_PLACEMENT_3D('',#4247,#2248,#2249);
#2011=AXIS2_PLACEMENT_3D('',#4250,#2251,#2252);
#2012=AXIS2_PLACEMENT_3D('',#4255,#2255,#2256);
#2013=AXIS2_PLACEMENT_3D('',#4256,#2257,#2258);
#2014=AXIS2_PLACEMENT_3D('',#4261,#2261,#2262);
#2015=AXIS2_PLACEMENT_3D('',#4262,#2263,#2264);
#2016=AXIS2_PLACEMENT_3D('',#4267,#2267,#2268);
#2017=AXIS2_PLACEMENT_3D('',#4268,#2269,#2270);
#2018=AXIS2_PLACEMENT_3D('',#4273,#2273,#2274);
#2019=AXIS2_PLACEMENT_3D('',#4274,#2275,#2276);
#2020=AXIS2_PLACEMENT_3D('',#4279,#2279,#2280);
#2021=AXIS2_PLACEMENT_3D('',#4280,#2281,#2282);
#2022=AXIS2_PLACEMENT_3D('',#4283,#2284,#2285);
#2023=AXIS2_PLACEMENT_3D('',#4286,#2287,#2288);
#2024=AXIS2_PLACEMENT_3D('',#4291,#2291,#2292);
#2025=AXIS2_PLACEMENT_3D('',#4292,#2293,#2294);
#2026=AXIS2_PLACEMENT_3D('',#4295,#2296,#2297);
#2027=AXIS2_PLACEMENT_3D('',#4298,#2299,#2300);
#2028=AXIS2_PLACEMENT_3D('',#4303,#2303,#2304);
#2029=AXIS2_PLACEMENT_3D('',#4304,#2305,#2306);
#2030=AXIS2_PLACEMENT_3D('',#4309,#2309,#2310);
#2031=AXIS2_PLACEMENT_3D('',#4310,#2311,#2312);
#2032=AXIS2_PLACEMENT_3D('',#4313,#2314,#2315);
#2033=AXIS2_PLACEMENT_3D('',#4316,#2317,#2318);
#2034=AXIS2_PLACEMENT_3D('',#4321,#2321,#2322);
#2035=AXIS2_PLACEMENT_3D('',#4322,#2323,#2324);
#2036=AXIS2_PLACEMENT_3D('',#4327,#2327,#2328);
#2037=AXIS2_PLACEMENT_3D('',#4328,#2329,#2330);
#2038=AXIS2_PLACEMENT_3D('',#4333,#2333,#2334);
#2039=AXIS2_PLACEMENT_3D('',#4334,#2335,#2336);
#2040=AXIS2_PLACEMENT_3D('',#4337,#2338,#2339);
#2041=AXIS2_PLACEMENT_3D('',#4340,#2341,#2342);
#2042=AXIS2_PLACEMENT_3D('',#4341,#2343,#2344);
#2043=AXIS2_PLACEMENT_3D('',#4409,#2345,#2346);
#2044=AXIS2_PLACEMENT_3D('',#4476,#2347,#2348);
#2045=AXIS2_PLACEMENT_3D('',#4543,#2349,#2350);
#2046=AXIS2_PLACEMENT_3D('',#4610,#2351,#2352);
#2047=AXIS2_PLACEMENT_3D('',#4677,#2353,#2354);
#2048=AXIS2_PLACEMENT_3D('',#4744,#2355,#2356);
#2049=AXIS2_PLACEMENT_3D('',#4811,#2357,#2358);
#2050=AXIS2_PLACEMENT_3D('',#4878,#2359,#2360);
#2051=AXIS2_PLACEMENT_3D('',#4945,#2361,#2362);
#2052=AXIS2_PLACEMENT_3D('',#5012,#2363,#2364);
#2053=AXIS2_PLACEMENT_3D('',#5079,#2365,#2366);
#2054=AXIS2_PLACEMENT_3D('',#5146,#2367,#2368);
#2055=AXIS2_PLACEMENT_3D('',#5213,#2369,#2370);
#2056=AXIS2_PLACEMENT_3D('',#5248,#2371,#2372);
#2057=AXIS2_PLACEMENT_3D('',#5283,#2373,#2374);
#2058=AXIS2_PLACEMENT_3D('',#5350,#2375,#2376);
#2059=AXIS2_PLACEMENT_3D('',#5417,#2377,#2378);
#2060=AXIS2_PLACEMENT_3D('',#5484,#2379,#2380);
#2061=AXIS2_PLACEMENT_3D('',#5551,#2381,#2382);
#2062=AXIS2_PLACEMENT_3D('',#5618,#2383,#2384);
#2063=AXIS2_PLACEMENT_3D('',#5685,#2385,#2386);
#2064=AXIS2_PLACEMENT_3D('',#5752,#2387,#2388);
#2065=AXIS2_PLACEMENT_3D('',#5819,#2389,#2390);
#2066=AXIS2_PLACEMENT_3D('',#5886,#2391,#2392);
#2067=AXIS2_PLACEMENT_3D('',#5952,#2393,#2394);
#2068=AXIS2_PLACEMENT_3D('',#6005,#2399,#2400);
#2069=AXIS2_PLACEMENT_3D('',#6056,#2403,#2404);
#2070=AXIS2_PLACEMENT_3D('',#6107,#2407,#2408);
#2071=AXIS2_PLACEMENT_3D('',#6158,#2411,#2412);
#2072=AXIS2_PLACEMENT_3D('',#6209,#2415,#2416);
#2073=AXIS2_PLACEMENT_3D('',#6260,#2419,#2420);
#2074=AXIS2_PLACEMENT_3D('',#6311,#2423,#2424);
#2075=AXIS2_PLACEMENT_3D('',#6362,#2427,#2428);
#2076=AXIS2_PLACEMENT_3D('',#6413,#2431,#2432);
#2077=AXIS2_PLACEMENT_3D('',#6464,#2435,#2436);
#2078=AXIS2_PLACEMENT_3D('',#6515,#2439,#2440);
#2079=AXIS2_PLACEMENT_3D('',#6566,#2443,#2444);
#2080=AXIS2_PLACEMENT_3D('',#6617,#2447,#2448);
#2081=AXIS2_PLACEMENT_3D('',#6668,#2451,#2452);
#2082=AXIS2_PLACEMENT_3D('',#6719,#2455,#2456);
#2083=AXIS2_PLACEMENT_3D('',#6770,#2459,#2460);
#2084=AXIS2_PLACEMENT_3D('',#6821,#2463,#2464);
#2085=AXIS2_PLACEMENT_3D('',#6872,#2467,#2468);
#2086=AXIS2_PLACEMENT_3D('',#6923,#2471,#2472);
#2087=AXIS2_PLACEMENT_3D('',#6974,#2475,#2476);
#2088=AXIS2_PLACEMENT_3D('',#7025,#2479,#2480);
#2089=AXIS2_PLACEMENT_3D('',#7076,#2483,#2484);
#2090=AXIS2_PLACEMENT_3D('',#7127,#2487,#2488);
#2091=AXIS2_PLACEMENT_3D('',#7178,#2491,#2492);
#2092=AXIS2_PLACEMENT_3D('',#7179,#2493,#2494);
#2093=AXIS2_PLACEMENT_3D('',#7185,#2498,#2499);
#2094=AXIS2_PLACEMENT_3D('',#7186,#2500,#2501);
#2095=AXIS2_PLACEMENT_3D('',#7189,#2503,#2504);
#2096=AXIS2_PLACEMENT_3D('',#7193,#2507,#2508);
#2097=AXIS2_PLACEMENT_3D('',#7195,#2510,#2511);
#2098=DIRECTION('',(0.,0.,1.));
#2099=DIRECTION('',(1.,0.,0.));
#2100=DIRECTION('',(0.,-1.,0.));
#2101=DIRECTION('',(1.,0.,0.));
#2102=DIRECTION('',(0.,-1.,0.));
#2103=DIRECTION('',(-0.258819045102521,0.,0.965925826289068));
#2104=DIRECTION('',(0.,-1.,0.));
#2105=DIRECTION('',(0.,0.,-1.));
#2106=DIRECTION('',(0.,-1.,0.));
#2107=DIRECTION('',(-0.5,0.,0.866025403784439));
#2108=DIRECTION('',(0.,-1.,0.));
#2109=DIRECTION('',(0.,0.,-1.));
#2110=DIRECTION('',(0.,-1.,0.));
#2111=DIRECTION('',(-0.707106781186548,0.,0.707106781186548));
#2112=DIRECTION('',(0.,-1.,0.));
#2113=DIRECTION('',(0.,0.,-1.));
#2114=DIRECTION('',(0.,-1.,0.));
#2115=DIRECTION('',(-0.866025403784438,0.,0.5));
#2116=DIRECTION('',(0.,-1.,0.));
#2117=DIRECTION('',(0.,0.,-1.));
#2118=DIRECTION('',(0.,-1.,0.));
#2119=DIRECTION('',(-0.965925826289068,0.,0.258819045102521));
#2120=DIRECTION('',(0.,-1.,0.));
#2121=DIRECTION('',(0.,0.,-1.));
#2122=DIRECTION('',(0.,-1.,0.));
#2123=DIRECTION('',(-1.,0.,1.83697019872103E-16));
#2124=DIRECTION('',(0.,-1.,0.));
#2125=DIRECTION('',(0.,0.,-1.));
#2126=DIRECTION('',(0.,-1.,0.));
#2127=DIRECTION('',(-0.965925826289068,0.,-0.258819045102521));
#2128=DIRECTION('',(0.,-1.,0.));
#2129=DIRECTION('',(0.,0.,-1.));
#2130=DIRECTION('',(0.,-1.,0.));
#2131=DIRECTION('',(-0.866025403784439,0.,-0.5));
#2132=DIRECTION('',(0.,-1.,0.));
#2133=DIRECTION('',(0.,0.,-1.));
#2134=DIRECTION('',(0.,-1.,0.));
#2135=DIRECTION('',(-0.707106781186548,0.,-0.707106781186547));
#2136=DIRECTION('',(0.,-1.,0.));
#2137=DIRECTION('',(0.,0.,-1.));
#2138=DIRECTION('',(0.,-1.,0.));
#2139=DIRECTION('',(-0.5,0.,-0.866025403784438));
#2140=DIRECTION('',(0.,-1.,0.));
#2141=DIRECTION('',(0.,0.,-1.));
#2142=DIRECTION('',(0.,-1.,0.));
#2143=DIRECTION('',(-0.258819045102521,0.,-0.965925826289068));
#2144=DIRECTION('',(0.,-1.,0.));
#2145=DIRECTION('',(0.,0.,-1.));
#2146=DIRECTION('',(0.,-1.,0.));
#2147=DIRECTION('',(0.,0.,-1.));
#2148=DIRECTION('',(0.,-1.,0.));
#2149=DIRECTION('',(0.,0.,-1.));
#2150=DIRECTION('',(0.,-1.,0.));
#2151=DIRECTION('',(0.258819045102521,0.,-0.965925826289068));
#2152=DIRECTION('',(0.,-1.,0.));
#2153=DIRECTION('',(0.,0.,-1.));
#2154=DIRECTION('',(0.,-1.,0.));
#2155=DIRECTION('',(0.5,0.,-0.866025403784439));
#2156=DIRECTION('',(0.,-1.,0.));
#2157=DIRECTION('',(0.,0.,-1.));
#2158=DIRECTION('',(0.,-1.,0.));
#2159=DIRECTION('',(0.707106781186548,0.,-0.707106781186548));
#2160=DIRECTION('',(0.,-1.,0.));
#2161=DIRECTION('',(0.,0.,-1.));
#2162=DIRECTION('',(0.,-1.,0.));
#2163=DIRECTION('',(0.866025403784439,0.,-0.5));
#2164=DIRECTION('',(0.,-1.,0.));
#2165=DIRECTION('',(0.,0.,-1.));
#2166=DIRECTION('',(0.,-1.,0.));
#2167=DIRECTION('',(0.965925826289068,0.,-0.258819045102521));
#2168=DIRECTION('',(0.,-1.,0.));
#2169=DIRECTION('',(0.,0.,-1.));
#2170=DIRECTION('',(0.,-1.,0.));
#2171=DIRECTION('',(1.,0.,-6.12323399573677E-17));
#2172=DIRECTION('',(0.,-1.,0.));
#2173=DIRECTION('',(0.,0.,-1.));
#2174=DIRECTION('',(0.,-1.,0.));
#2175=DIRECTION('',(0.965925826289068,0.,0.258819045102521));
#2176=DIRECTION('',(0.,-1.,0.));
#2177=DIRECTION('',(0.,0.,-1.));
#2178=DIRECTION('',(0.,-1.,0.));
#2179=DIRECTION('',(0.866025403784439,0.,0.5));
#2180=DIRECTION('',(0.,-1.,0.));
#2181=DIRECTION('',(0.,0.,-1.));
#2182=DIRECTION('',(0.,-1.,0.));
#2183=DIRECTION('',(0.707106781186548,0.,0.707106781186548));
#2184=DIRECTION('',(0.,-1.,0.));
#2185=DIRECTION('',(0.,0.,-1.));
#2186=DIRECTION('',(0.,-1.,0.));
#2187=DIRECTION('',(0.5,0.,0.866025403784439));
#2188=DIRECTION('',(0.,-1.,0.));
#2189=DIRECTION('',(0.,0.,-1.));
#2190=DIRECTION('',(0.,-1.,0.));
#2191=DIRECTION('',(0.258819045102521,0.,0.965925826289068));
#2192=DIRECTION('',(0.,-1.,0.));
#2193=DIRECTION('',(0.,0.,-1.));
#2194=DIRECTION('',(0.,-1.,0.));
#2195=DIRECTION('',(1.22464679914735E-16,0.,1.));
#2196=DIRECTION('',(0.,-1.,0.));
#2197=DIRECTION('',(0.,0.,-1.));
#2198=DIRECTION('',(0.,0.,1.));
#2199=DIRECTION('',(-0.998510440130297,0.,-0.0545609837777867));
#2200=DIRECTION('',(0.,1.,0.));
#2201=DIRECTION('',(0.,0.,1.));
#2202=DIRECTION('',(-0.998510440130297,0.,0.0545609837777867));
#2203=DIRECTION('',(0.,1.,0.));
#2204=DIRECTION('',(0.,0.,1.));
#2205=DIRECTION('',(0.,1.,0.));
#2206=DIRECTION('',(0.,1.,0.));
#2207=DIRECTION('',(0.,-1.,0.));
#2208=DIRECTION('',(0.,0.,-1.));
#2209=DIRECTION('',(0.,1.,0.));
#2210=DIRECTION('',(0.,0.,1.));
#2211=DIRECTION('',(0.,1.,0.));
#2212=DIRECTION('',(0.,-1.,0.));
#2213=DIRECTION('',(0.,0.,-1.));
#2214=DIRECTION('',(0.,1.,0.));
#2215=DIRECTION('',(0.,1.,0.));
#2216=DIRECTION('',(0.,0.,1.));
#2217=DIRECTION('',(0.,1.,0.));
#2218=DIRECTION('',(0.,1.,0.));
#2219=DIRECTION('',(0.,-1.,0.));
#2220=DIRECTION('',(0.,0.,-1.));
#2221=DIRECTION('',(0.,1.,0.));
#2222=DIRECTION('',(0.,0.,1.));
#2223=DIRECTION('',(0.,1.,0.));
#2224=DIRECTION('',(0.,-1.,0.));
#2225=DIRECTION('',(0.,0.,-1.));
#2226=DIRECTION('',(0.,1.,0.));
#2227=DIRECTION('',(0.,1.,0.));
#2228=DIRECTION('',(0.,0.,1.));
#2229=DIRECTION('',(0.,1.,0.));
#2230=DIRECTION('',(0.,1.,0.));
#2231=DIRECTION('',(0.,-1.,0.));
#2232=DIRECTION('',(0.,0.,-1.));
#2233=DIRECTION('',(0.,1.,0.));
#2234=DIRECTION('',(0.,0.,1.));
#2235=DIRECTION('',(0.,1.,0.));
#2236=DIRECTION('',(0.,1.,0.));
#2237=DIRECTION('',(0.,-1.,0.));
#2238=DIRECTION('',(0.,0.,-1.));
#2239=DIRECTION('',(0.,1.,0.));
#2240=DIRECTION('',(0.,0.,1.));
#2241=DIRECTION('',(0.,1.,0.));
#2242=DIRECTION('',(0.,1.,0.));
#2243=DIRECTION('',(0.,-1.,0.));
#2244=DIRECTION('',(0.,0.,-1.));
#2245=DIRECTION('',(0.,1.,0.));
#2246=DIRECTION('',(0.,0.,1.));
#2247=DIRECTION('',(0.,1.,0.));
#2248=DIRECTION('',(0.,-1.,0.));
#2249=DIRECTION('',(0.,0.,-1.));
#2250=DIRECTION('',(0.,1.,0.));
#2251=DIRECTION('',(0.,1.,0.));
#2252=DIRECTION('',(0.,0.,1.));
#2253=DIRECTION('',(0.,1.,0.));
#2254=DIRECTION('',(0.,1.,0.));
#2255=DIRECTION('',(0.,-1.,0.));
#2256=DIRECTION('',(0.,0.,-1.));
#2257=DIRECTION('',(0.,1.,0.));
#2258=DIRECTION('',(0.,0.,1.));
#2259=DIRECTION('',(0.,1.,0.));
#2260=DIRECTION('',(0.,1.,0.));
#2261=DIRECTION('',(0.,-1.,0.));
#2262=DIRECTION('',(0.,0.,-1.));
#2263=DIRECTION('',(0.,1.,0.));
#2264=DIRECTION('',(0.,0.,1.));
#2265=DIRECTION('',(0.,1.,0.));
#2266=DIRECTION('',(0.,1.,0.));
#2267=DIRECTION('',(0.,-1.,0.));
#2268=DIRECTION('',(0.,0.,-1.));
#2269=DIRECTION('',(0.,1.,0.));
#2270=DIRECTION('',(0.,0.,1.));
#2271=DIRECTION('',(0.,1.,0.));
#2272=DIRECTION('',(0.,1.,0.));
#2273=DIRECTION('',(0.,-1.,0.));
#2274=DIRECTION('',(0.,0.,-1.));
#2275=DIRECTION('',(0.,1.,0.));
#2276=DIRECTION('',(0.,0.,1.));
#2277=DIRECTION('',(0.,1.,0.));
#2278=DIRECTION('',(0.,1.,0.));
#2279=DIRECTION('',(0.,-1.,0.));
#2280=DIRECTION('',(0.,0.,-1.));
#2281=DIRECTION('',(0.,1.,0.));
#2282=DIRECTION('',(0.,0.,1.));
#2283=DIRECTION('',(0.,1.,0.));
#2284=DIRECTION('',(0.,-1.,0.));
#2285=DIRECTION('',(0.,0.,-1.));
#2286=DIRECTION('',(0.,1.,0.));
#2287=DIRECTION('',(0.,1.,0.));
#2288=DIRECTION('',(0.,0.,1.));
#2289=DIRECTION('',(0.,1.,0.));
#2290=DIRECTION('',(0.,1.,0.));
#2291=DIRECTION('',(0.,-1.,0.));
#2292=DIRECTION('',(0.,0.,-1.));
#2293=DIRECTION('',(0.,1.,0.));
#2294=DIRECTION('',(0.,0.,1.));
#2295=DIRECTION('',(0.,1.,0.));
#2296=DIRECTION('',(0.,-1.,0.));
#2297=DIRECTION('',(0.,0.,-1.));
#2298=DIRECTION('',(0.,1.,0.));
#2299=DIRECTION('',(0.,1.,0.));
#2300=DIRECTION('',(0.,0.,1.));
#2301=DIRECTION('',(0.,1.,0.));
#2302=DIRECTION('',(0.,1.,0.));
#2303=DIRECTION('',(0.,-1.,0.));
#2304=DIRECTION('',(0.,0.,-1.));
#2305=DIRECTION('',(0.,1.,0.));
#2306=DIRECTION('',(0.,0.,1.));
#2307=DIRECTION('',(0.,1.,0.));
#2308=DIRECTION('',(0.,1.,0.));
#2309=DIRECTION('',(0.,-1.,0.));
#2310=DIRECTION('',(0.,0.,-1.));
#2311=DIRECTION('',(0.,1.,0.));
#2312=DIRECTION('',(0.,0.,1.));
#2313=DIRECTION('',(0.,1.,0.));
#2314=DIRECTION('',(0.,-1.,0.));
#2315=DIRECTION('',(0.,0.,-1.));
#2316=DIRECTION('',(0.,1.,0.));
#2317=DIRECTION('',(0.,1.,0.));
#2318=DIRECTION('',(0.,0.,1.));
#2319=DIRECTION('',(0.,1.,0.));
#2320=DIRECTION('',(0.,1.,0.));
#2321=DIRECTION('',(0.,-1.,0.));
#2322=DIRECTION('',(0.,0.,-1.));
#2323=DIRECTION('',(0.,1.,0.));
#2324=DIRECTION('',(0.,0.,1.));
#2325=DIRECTION('',(0.,1.,0.));
#2326=DIRECTION('',(0.,1.,0.));
#2327=DIRECTION('',(0.,-1.,0.));
#2328=DIRECTION('',(0.,0.,-1.));
#2329=DIRECTION('',(0.,1.,0.));
#2330=DIRECTION('',(0.,0.,1.));
#2331=DIRECTION('',(0.,1.,0.));
#2332=DIRECTION('',(0.,1.,0.));
#2333=DIRECTION('',(0.,-1.,0.));
#2334=DIRECTION('',(0.,0.,-1.));
#2335=DIRECTION('',(0.,1.,0.));
#2336=DIRECTION('',(0.,0.,1.));
#2337=DIRECTION('',(0.,1.,0.));
#2338=DIRECTION('',(0.,-1.,0.));
#2339=DIRECTION('',(0.,0.,-1.));
#2340=DIRECTION('',(0.,1.,0.));
#2341=DIRECTION('',(0.,-1.,0.));
#2342=DIRECTION('',(1.,0.,0.));
#2343=DIRECTION('',(0.,-1.,0.));
#2344=DIRECTION('',(-0.258819045102521,0.,0.965925826289068));
#2345=DIRECTION('',(0.,-1.,0.));
#2346=DIRECTION('',(1.22464679914735E-16,0.,1.));
#2347=DIRECTION('',(0.,-1.,0.));
#2348=DIRECTION('',(0.258819045102521,0.,0.965925826289068));
#2349=DIRECTION('',(0.,-1.,0.));
#2350=DIRECTION('',(0.5,0.,0.866025403784439));
#2351=DIRECTION('',(0.,-1.,0.));
#2352=DIRECTION('',(0.707106781186548,0.,0.707106781186548));
#2353=DIRECTION('',(0.,-1.,0.));
#2354=DIRECTION('',(0.866025403784439,0.,0.5));
#2355=DIRECTION('',(0.,-1.,0.));
#2356=DIRECTION('',(0.965925826289068,0.,0.258819045102521));
#2357=DIRECTION('',(0.,-1.,0.));
#2358=DIRECTION('',(1.,0.,-6.12323399573677E-17));
#2359=DIRECTION('',(0.,-1.,0.));
#2360=DIRECTION('',(0.965925826289068,0.,-0.258819045102521));
#2361=DIRECTION('',(0.,-1.,0.));
#2362=DIRECTION('',(0.866025403784439,0.,-0.5));
#2363=DIRECTION('',(0.,-1.,0.));
#2364=DIRECTION('',(0.707106781186548,0.,-0.707106781186548));
#2365=DIRECTION('',(0.,-1.,0.));
#2366=DIRECTION('',(0.5,0.,-0.866025403784439));
#2367=DIRECTION('',(0.,-1.,0.));
#2368=DIRECTION('',(0.258819045102521,0.,-0.965925826289068));
#2369=DIRECTION('',(0.,-1.,0.));
#2370=DIRECTION('',(0.,0.,-1.));
#2371=DIRECTION('',(0.,-1.,0.));
#2372=DIRECTION('',(0.,0.,-1.));
#2373=DIRECTION('',(0.,-1.,0.));
#2374=DIRECTION('',(-0.258819045102521,0.,-0.965925826289068));
#2375=DIRECTION('',(0.,-1.,0.));
#2376=DIRECTION('',(-0.5,0.,-0.866025403784438));
#2377=DIRECTION('',(0.,-1.,0.));
#2378=DIRECTION('',(-0.707106781186548,0.,-0.707106781186547));
#2379=DIRECTION('',(0.,-1.,0.));
#2380=DIRECTION('',(-0.866025403784439,0.,-0.5));
#2381=DIRECTION('',(0.,-1.,0.));
#2382=DIRECTION('',(-0.965925826289068,0.,-0.258819045102521));
#2383=DIRECTION('',(0.,-1.,0.));
#2384=DIRECTION('',(-1.,0.,1.83697019872103E-16));
#2385=DIRECTION('',(0.,-1.,0.));
#2386=DIRECTION('',(-0.965925826289068,0.,0.258819045102521));
#2387=DIRECTION('',(0.,-1.,0.));
#2388=DIRECTION('',(-0.866025403784438,0.,0.5));
#2389=DIRECTION('',(0.,-1.,0.));
#2390=DIRECTION('',(-0.707106781186548,0.,0.707106781186548));
#2391=DIRECTION('',(0.,-1.,0.));
#2392=DIRECTION('',(-0.5,0.,0.866025403784439));
#2393=DIRECTION('',(0.,1.,0.));
#2394=DIRECTION('',(0.,0.,1.));
#2395=DIRECTION('',(0.,1.,0.));
#2396=DIRECTION('',(0.,1.,0.));
#2397=DIRECTION('',(0.,1.,0.));
#2398=DIRECTION('',(0.,1.,0.));
#2399=DIRECTION('',(0.,1.,0.));
#2400=DIRECTION('',(0.,0.,1.));
#2401=DIRECTION('',(0.,1.,0.));
#2402=DIRECTION('',(0.,1.,0.));
#2403=DIRECTION('',(0.,1.,0.));
#2404=DIRECTION('',(0.965925826289068,0.,-0.258819045102521));
#2405=DIRECTION('',(0.,1.,0.));
#2406=DIRECTION('',(0.,1.,0.));
#2407=DIRECTION('',(0.,1.,0.));
#2408=DIRECTION('',(1.,0.,-1.83697019872103E-16));
#2409=DIRECTION('',(0.,1.,0.));
#2410=DIRECTION('',(0.,1.,0.));
#2411=DIRECTION('',(0.,1.,0.));
#2412=DIRECTION('',(0.965925826289068,0.,0.258819045102521));
#2413=DIRECTION('',(0.,1.,0.));
#2414=DIRECTION('',(0.,1.,0.));
#2415=DIRECTION('',(0.,1.,0.));
#2416=DIRECTION('',(0.866025403784439,0.,0.5));
#2417=DIRECTION('',(0.,1.,0.));
#2418=DIRECTION('',(0.,1.,0.));
#2419=DIRECTION('',(0.,1.,0.));
#2420=DIRECTION('',(0.5,0.,0.866025403784438));
#2421=DIRECTION('',(0.,1.,0.));
#2422=DIRECTION('',(0.,1.,0.));
#2423=DIRECTION('',(0.,1.,0.));
#2424=DIRECTION('',(0.707106781186548,0.,0.707106781186547));
#2425=DIRECTION('',(0.,1.,0.));
#2426=DIRECTION('',(0.,1.,0.));
#2427=DIRECTION('',(0.,1.,0.));
#2428=DIRECTION('',(0.258819045102521,0.,0.965925826289068));
#2429=DIRECTION('',(0.,1.,0.));
#2430=DIRECTION('',(0.,1.,0.));
#2431=DIRECTION('',(0.,1.,0.));
#2432=DIRECTION('',(-0.707106781186548,0.,0.707106781186548));
#2433=DIRECTION('',(0.,1.,0.));
#2434=DIRECTION('',(0.,1.,0.));
#2435=DIRECTION('',(0.,1.,0.));
#2436=DIRECTION('',(-0.866025403784439,0.,0.5));
#2437=DIRECTION('',(0.,1.,0.));
#2438=DIRECTION('',(0.,1.,0.));
#2439=DIRECTION('',(0.,1.,0.));
#2440=DIRECTION('',(-0.5,0.,0.866025403784439));
#2441=DIRECTION('',(0.,1.,0.));
#2442=DIRECTION('',(0.,1.,0.));
#2443=DIRECTION('',(0.,1.,0.));
#2444=DIRECTION('',(-0.258819045102521,0.,0.965925826289068));
#2445=DIRECTION('',(0.,1.,0.));
#2446=DIRECTION('',(0.,1.,0.));
#2447=DIRECTION('',(0.,1.,0.));
#2448=DIRECTION('',(-0.965925826289068,0.,0.258819045102521));
#2449=DIRECTION('',(0.,1.,0.));
#2450=DIRECTION('',(0.,1.,0.));
#2451=DIRECTION('',(0.,1.,0.));
#2452=DIRECTION('',(-1.,0.,6.12323399573677E-17));
#2453=DIRECTION('',(0.,1.,0.));
#2454=DIRECTION('',(0.,1.,0.));
#2455=DIRECTION('',(0.,1.,0.));
#2456=DIRECTION('',(-0.965925826289068,0.,-0.258819045102521));
#2457=DIRECTION('',(0.,1.,0.));
#2458=DIRECTION('',(0.,1.,0.));
#2459=DIRECTION('',(0.,1.,0.));
#2460=DIRECTION('',(-0.866025403784439,0.,-0.5));
#2461=DIRECTION('',(0.,1.,0.));
#2462=DIRECTION('',(0.,1.,0.));
#2463=DIRECTION('',(0.,1.,0.));
#2464=DIRECTION('',(-0.5,0.,-0.866025403784439));
#2465=DIRECTION('',(0.,1.,0.));
#2466=DIRECTION('',(0.,1.,0.));
#2467=DIRECTION('',(0.,1.,0.));
#2468=DIRECTION('',(-0.707106781186548,0.,-0.707106781186548));
#2469=DIRECTION('',(0.,1.,0.));
#2470=DIRECTION('',(0.,1.,0.));
#2471=DIRECTION('',(0.,1.,0.));
#2472=DIRECTION('',(-0.258819045102521,0.,-0.965925826289068));
#2473=DIRECTION('',(0.,1.,0.));
#2474=DIRECTION('',(0.,1.,0.));
#2475=DIRECTION('',(0.,1.,0.));
#2476=DIRECTION('',(-1.22464679914735E-16,0.,-1.));
#2477=DIRECTION('',(0.,1.,0.));
#2478=DIRECTION('',(0.,1.,0.));
#2479=DIRECTION('',(0.,1.,0.));
#2480=DIRECTION('',(0.707106781186548,0.,-0.707106781186548));
#2481=DIRECTION('',(0.,1.,0.));
#2482=DIRECTION('',(0.,1.,0.));
#2483=DIRECTION('',(0.,1.,0.));
#2484=DIRECTION('',(0.866025403784438,0.,-0.5));
#2485=DIRECTION('',(0.,1.,0.));
#2486=DIRECTION('',(0.,1.,0.));
#2487=DIRECTION('',(0.,1.,0.));
#2488=DIRECTION('',(0.5,0.,-0.866025403784439));
#2489=DIRECTION('',(0.,1.,0.));
#2490=DIRECTION('',(0.,1.,0.));
#2491=DIRECTION('',(0.,1.,0.));
#2492=DIRECTION('',(0.258819045102521,0.,-0.965925826289068));
#2493=DIRECTION('',(0.0545609837777867,0.,-0.998510440130297));
#2494=DIRECTION('',(-0.998510440130297,0.,-0.0545609837777867));
#2495=DIRECTION('',(-0.998510440130297,0.,-0.0545609837777867));
#2496=DIRECTION('',(0.,1.,0.));
#2497=DIRECTION('',(0.,1.,0.));
#2498=DIRECTION('',(0.,1.,0.));
#2499=DIRECTION('',(0.,0.,1.));
#2500=DIRECTION('',(0.,1.,0.));
#2501=DIRECTION('',(0.,0.,1.));
#2502=DIRECTION('',(0.,1.,0.));
#2503=DIRECTION('',(-0.0545609837777867,0.,-0.998510440130297));
#2504=DIRECTION('',(-0.998510440130297,0.,0.0545609837777867));
#2505=DIRECTION('',(-0.998510440130297,0.,0.0545609837777867));
#2506=DIRECTION('',(0.,1.,0.));
#2507=DIRECTION('',(-1.,0.,0.));
#2508=DIRECTION('',(0.,0.,1.));
#2509=DIRECTION('',(0.,0.,1.));
#2510=DIRECTION('',(0.,1.,0.));
#2511=DIRECTION('',(-1.,0.,0.));
#2512=CARTESIAN_POINT('',(0.,0.,0.));
#2513=CARTESIAN_POINT('',(0.,-0.009,0.));
#2514=CARTESIAN_POINT('',(-0.0105110140934556,-0.009,-0.00225412571237238));
#2515=CARTESIAN_POINT('',(-0.0107532036809614,-0.009,-0.00230628048665174));
#2516=CARTESIAN_POINT('',(-0.0110227939475916,-0.009,-0.002364335911944));
#2517=CARTESIAN_POINT('',(-0.011033765015843,-0.009,-0.00236600834848252));
#2518=CARTESIAN_POINT('',(-0.0110464016529568,-0.009,-0.00236813012915441));
#2519=CARTESIAN_POINT('',(-0.0110614957303969,-0.009,-0.00237024235270894));
#2520=CARTESIAN_POINT('',(-0.011081814401029,-0.009,-0.0023727326709279));
#2521=CARTESIAN_POINT('',(-0.0111064410908979,-0.009,-0.00237522907694265));
#2522=CARTESIAN_POINT('',(-0.0111356796217821,-0.009,-0.00237761205973774));
#2523=CARTESIAN_POINT('',(-0.0111694412850189,-0.009,-0.00237968193997632));
#2524=CARTESIAN_POINT('',(-0.011207751043682,-0.009,-0.00238126347440104));
#2525=CARTESIAN_POINT('',(-0.011250592760228,-0.009,-0.00238217406599403));
#2526=CARTESIAN_POINT('',(-0.0112979554888573,-0.009,-0.00238223346169596));
#2527=CARTESIAN_POINT('',(-0.011349819789434,-0.009,-0.00238126107246252));
#2528=CARTESIAN_POINT('',(-0.0114061617194299,-0.009,-0.00237907694007626));
#2529=CARTESIAN_POINT('',(-0.0114669516860036,-0.009,-0.00237550164231334));
#2530=CARTESIAN_POINT('',(-0.0115321547903319,-0.009,-0.00237035650493851));
#2531=CARTESIAN_POINT('',(-0.0116017307497992,-0.009,-0.00236346372550457));
#2532=CARTESIAN_POINT('',(-0.0116756339460285,-0.009,-0.00235464652170248));
#2533=CARTESIAN_POINT('',(-0.0117538134419478,-0.009,-0.00234372927284234));
#2534=CARTESIAN_POINT('',(-0.0118362130133952,-0.009,-0.0023305376598247));
#2535=CARTESIAN_POINT('',(-0.011922771177555,-0.009,-0.00231489881525258));
#2536=CARTESIAN_POINT('',(-0.0120134212415425,-0.009,-0.00229664142866105));
#2537=CARTESIAN_POINT('',(-0.0121080912931678,-0.009,-0.00227559602233229));
#2538=CARTESIAN_POINT('',(-0.0122067044318251,-0.009,-0.00225159456281361));
#2539=CARTESIAN_POINT('',(-0.0123091780893888,-0.009,-0.00222447263301872));
#2540=CARTESIAN_POINT('',(-0.0124154268767862,-0.009,-0.00219406172582278));
#2541=CARTESIAN_POINT('',(-0.0125253518711707,-0.009,-0.00216021957076909));
#2542=CARTESIAN_POINT('',(-0.0126388820667269,-0.009,-0.00212271418616081));
#2543=CARTESIAN_POINT('',(-0.0127431472893785,-0.009,-0.00208611642995092));
#2544=CARTESIAN_POINT('',(-0.0128098770170255,-0.009,-0.00206107662956753));
#2545=CARTESIAN_POINT('',(-0.0128372318383206,-0.009,-0.00205072639062523));
#2546=CARTESIAN_POINT('',(-0.0105110140934556,-0.009,-0.00225412571237238));
#2547=CARTESIAN_POINT('',(-0.0128372318383206,-0.009,-0.00205072639062523));
#2548=CARTESIAN_POINT('',(-4.10038438804674E-16,-0.009,-1.08466407688527E-16));
#2549=CARTESIAN_POINT('',(-0.010229868080655,-0.009,-0.00330337691648961));
#2550=CARTESIAN_POINT('',(-0.010229868080655,-0.009,-0.00330337691648961));
#2551=CARTESIAN_POINT('',(-0.0104656878031068,-0.009,-0.00337930435078796));
#2552=CARTESIAN_POINT('',(-0.0107281875352677,-0.009,-0.00346382201097245));
#2553=CARTESIAN_POINT('',(-0.0107385249773493,-0.009,-0.00346785917256959));
#2554=CARTESIAN_POINT('',(-0.0107505295164442,-0.009,-0.00347233997516336));
#2555=CARTESIAN_POINT('',(-0.0107646574827312,-0.009,-0.00347805777462669));
#2556=CARTESIAN_POINT('',(-0.0107834991267793,-0.009,-0.00348606043110167));
#2557=CARTESIAN_POINT('',(-0.0108060746688242,-0.009,-0.00349621182500914));
#2558=CARTESIAN_POINT('',(-0.0108325874707369,-0.009,-0.00350876736681393));
#2559=CARTESIAN_POINT('',(-0.0108628608688933,-0.009,-0.00352385562956294));
#2560=CARTESIAN_POINT('',(-0.0108968288603207,-0.009,-0.0035416408599057));
#2561=CARTESIAN_POINT('',(-0.0109343861709877,-0.009,-0.0035622731227267));
#2562=CARTESIAN_POINT('',(-0.0109754331950242,-0.009,-0.0035859030488546));
#2563=CARTESIAN_POINT('',(-0.0110198628022565,-0.009,-0.00361267731292151));
#2564=CARTESIAN_POINT('',(-0.011067564278738,-0.009,-0.00364273979205116));
#2565=CARTESIAN_POINT('',(-0.0111184222852046,-0.009,-0.00367623107402679));
#2566=CARTESIAN_POINT('',(-0.0111723172612711,-0.009,-0.0037132884458635));
#2567=CARTESIAN_POINT('',(-0.0112291254199455,-0.009,-0.00375404574768962));
#2568=CARTESIAN_POINT('',(-0.0112887188633998,-0.009,-0.00379863326828722));
#2569=CARTESIAN_POINT('',(-0.0113509656684909,-0.009,-0.00384717763109918));
#2570=CARTESIAN_POINT('',(-0.0114157299841165,-0.009,-0.00389980168881307));
#2571=CARTESIAN_POINT('',(-0.0114828721308979,-0.009,-0.00395662440757828));
#2572=CARTESIAN_POINT('',(-0.01155224869587,-0.009,-0.00401776080016701));
#2573=CARTESIAN_POINT('',(-0.0116237126623906,-0.009,-0.00408332168249331));
#2574=CARTESIAN_POINT('',(-0.0116971134158555,-0.009,-0.00415341412549307));
#2575=CARTESIAN_POINT('',(-0.0117722972416269,-0.009,-0.00422813923447693));
#2576=CARTESIAN_POINT('',(-0.0118491059370363,-0.009,-0.00430760024635944));
#2577=CARTESIAN_POINT('',(-0.0119273826971573,-0.009,-0.00439187090954698));
#2578=CARTESIAN_POINT('',(-0.0120069500383015,-0.009,-0.0044811166231746));
#2579=CARTESIAN_POINT('',(-0.012078947491744,-0.009,-0.00456494382109964));
#2580=CARTESIAN_POINT('',(-0.0121242172308823,-0.009,-0.00461999378816086));
#2581=CARTESIAN_POINT('',(-0.0121427320815687,-0.009,-0.0046426347686677));
#2582=CARTESIAN_POINT('',(-0.0121427320815687,-0.009,-0.0046426347686677));
#2583=CARTESIAN_POINT('',(0.,-0.009,7.9602041944578E-19));
#2584=CARTESIAN_POINT('',(-0.011869046724506,-0.009,-0.00530336966951131));
#2585=CARTESIAN_POINT('',(-0.00956944930893986,-0.009,-0.00489776887201004));
#2586=CARTESIAN_POINT('',(-0.00978988783749352,-0.009,-0.00501082979322278));
#2587=CARTESIAN_POINT('',(-0.0100352661888106,-0.009,-0.00513668212324692));
#2588=CARTESIAN_POINT('',(-0.0100454305685488,-0.009,-0.0051411370943009));
#2589=CARTESIAN_POINT('',(-0.010057087465447,-0.009,-0.0051464571794007));
#2590=CARTESIAN_POINT('',(-0.0100711205409869,-0.009,-0.00515240406539265));
#2591=CARTESIAN_POINT('',(-0.010090102327923,-0.009,-0.0051600683870068));
#2592=CARTESIAN_POINT('',(-0.0101132437662624,-0.009,-0.00516885358640525));
#2593=CARTESIAN_POINT('',(-0.0101408692570347,-0.009,-0.00517872285967428));
#2594=CARTESIAN_POINT('',(-0.0101729447950668,-0.009,-0.00518946037189408));
#2595=CARTESIAN_POINT('',(-0.0102095398491287,-0.009,-0.00520090331199535));
#2596=CARTESIAN_POINT('',(-0.0102506860911365,-0.009,-0.00521287112809921));
#2597=CARTESIAN_POINT('',(-0.0102964196011842,-0.009,-0.00522518687613896));
#2598=CARTESIAN_POINT('',(-0.0103467683414265,-0.009,-0.00523767108901537));
#2599=CARTESIAN_POINT('',(-0.0104017557617711,-0.009,-0.0052501437436562));
#2600=CARTESIAN_POINT('',(-0.0104613997156168,-0.009,-0.00526242387231075));
#2601=CARTESIAN_POINT('',(-0.010525712737584,-0.009,-0.00527432985644057));
#2602=CARTESIAN_POINT('',(-0.0105947019363135,-0.009,-0.00528567952616182));
#2603=CARTESIAN_POINT('',(-0.0106683690024652,-0.009,-0.00529629031597182));
#2604=CARTESIAN_POINT('',(-0.0107467101885851,-0.009,-0.00530597940582621));
#2605=CARTESIAN_POINT('',(-0.0108297163034059,-0.009,-0.00531456386452093));
#2606=CARTESIAN_POINT('',(-0.0109173727004627,-0.009,-0.00532186080204909));
#2607=CARTESIAN_POINT('',(-0.0110096592977867,-0.009,-0.00532768748381952));
#2608=CARTESIAN_POINT('',(-0.0111065504975974,-0.009,-0.00533186159468328));
#2609=CARTESIAN_POINT('',(-0.0112080155098717,-0.009,-0.00533420092344741));
#2610=CARTESIAN_POINT('',(-0.0113140171341976,-0.009,-0.00533452528519851));
#2611=CARTESIAN_POINT('',(-0.0114245165039178,-0.009,-0.00533264981423457));
#2612=CARTESIAN_POINT('',(-0.0115394548892036,-0.009,-0.00532841148473042));
#2613=CARTESIAN_POINT('',(-0.0116588237449856,-0.009,-0.00532156784191654));
#2614=CARTESIAN_POINT('',(-0.0117690084126436,-0.009,-0.00531320294937325));
#2615=CARTESIAN_POINT('',(-0.0118399451571839,-0.009,-0.00530628728388738));
#2616=CARTESIAN_POINT('',(-0.011869046724506,-0.009,-0.00530336966951131));
#2617=CARTESIAN_POINT('',(-0.00956944930893986,-0.009,-0.00489776887201004));
#2618=CARTESIAN_POINT('',(-3.67993545749039E-16,-0.009,-2.10896261657901E-16));
#2619=CARTESIAN_POINT('',(-0.00902631691949528,-0.009,-0.00583850176576434));
#2620=CARTESIAN_POINT('',(-0.00902631691949528,-0.009,-0.00583850176576434));
#2621=CARTESIAN_POINT('',(-0.00923444981371761,-0.009,-0.0059728766708583));
#2622=CARTESIAN_POINT('',(-0.00946613030430252,-0.009,-0.00612245439162556));
#2623=CARTESIAN_POINT('',(-0.00947507061227748,-0.009,-0.00612902951716553));
#2624=CARTESIAN_POINT('',(-0.0094855063895733,-0.009,-0.00613646464345878));
#2625=CARTESIAN_POINT('',(-0.00949767308168571,-0.009,-0.00614564420037361));
#2626=CARTESIAN_POINT('',(-0.00951380147237436,-0.009,-0.0061582507492624));
#2627=CARTESIAN_POINT('',(-0.00953298039740043,-0.009,-0.0061738992230452));
#2628=CARTESIAN_POINT('',(-0.00955534018415445,-0.009,-0.00619288896321151));
#2629=CARTESIAN_POINT('',(-0.0095806769115263,-0.009,-0.00621529843787746));
#2630=CARTESIAN_POINT('',(-0.00960888431537895,-0.009,-0.00624126921429733));
#2631=CARTESIAN_POINT('',(-0.00963982186915659,-0.009,-0.00627091899709438));
#2632=CARTESIAN_POINT('',(-0.00967335437484947,-0.009,-0.00630436750458005));
#2633=CARTESIAN_POINT('',(-0.00970934039046789,-0.009,-0.0063417286862403));
#2634=CARTESIAN_POINT('',(-0.00974763573641175,-0.009,-0.00638311286182682));
#2635=CARTESIAN_POINT('',(-0.0097880926167112,-0.009,-0.00642862597671211));
#2636=CARTESIAN_POINT('',(-0.00983056001240828,-0.009,-0.00647836969546494));
#2637=CARTESIAN_POINT('',(-0.00987488371407619,-0.009,-0.00653244125929079));
#2638=CARTESIAN_POINT('',(-0.00992090646068173,-0.009,-0.00659093341509544));
#2639=CARTESIAN_POINT('',(-0.00996846805169509,-0.009,-0.00665393432751062));
#2640=CARTESIAN_POINT('',(-0.0100174054684129,-0.009,-0.00672152750226752));
#2641=CARTESIAN_POINT('',(-0.0100675530002105,-0.009,-0.00679379170015888));
#2642=CARTESIAN_POINT('',(-0.0101187423533054,-0.009,-0.00687080089698506));
#2643=CARTESIAN_POINT('',(-0.010170802839257,-0.009,-0.00695262408199245));
#2644=CARTESIAN_POINT('',(-0.0102235612635317,-0.009,-0.00703932569583518));
#2645=CARTESIAN_POINT('',(-0.0102768429812111,-0.009,-0.00713096361446827));
#2646=CARTESIAN_POINT('',(-0.0103304684605724,-0.009,-0.00722759661123009));
#2647=CARTESIAN_POINT('',(-0.0103842671521951,-0.009,-0.00732925533750967));
#2648=CARTESIAN_POINT('',(-0.0104380248115548,-0.009,-0.00743605362044447));
#2649=CARTESIAN_POINT('',(-0.0104858729359414,-0.009,-0.00753565878801552));
#2650=CARTESIAN_POINT('',(-0.0105153521662167,-0.009,-0.00760054964359213));
#2651=CARTESIAN_POINT('',(-0.0105273762217097,-0.009,-0.00762721114737107));
#2652=CARTESIAN_POINT('',(-0.0105273762217097,-0.009,-0.00762721114737107));
#2653=CARTESIAN_POINT('',(0.,-0.009,7.9602041944578E-19));
#2654=CARTESIAN_POINT('',(-0.0100920056909435,-0.009,-0.00819459706965295));
#2655=CARTESIAN_POINT('',(-0.0079757423682826,-0.009,-0.00720763717696597));
#2656=CARTESIAN_POINT('',(-0.00815940731645505,-0.009,-0.00737389933017345));
#2657=CARTESIAN_POINT('',(-0.00836385162332367,-0.009,-0.00755897193661914));
#2658=CARTESIAN_POINT('',(-0.00837251662886682,-0.009,-0.00756590584327344));
#2659=CARTESIAN_POINT('',(-0.00838239938728979,-0.009,-0.00757406167779344));
#2660=CARTESIAN_POINT('',(-0.00839441513002232,-0.009,-0.00758343795577017));
#2661=CARTESIAN_POINT('',(-0.00841076645585144,-0.009,-0.00759575396992738));
#2662=CARTESIAN_POINT('',(-0.0084308455918816,-0.009,-0.00761022926588875));
#2663=CARTESIAN_POINT('',(-0.00845497541099913,-0.009,-0.00762691225496818));
#2664=CARTESIAN_POINT('',(-0.00848317892891695,-0.009,-0.007645585655456));
#2665=CARTESIAN_POINT('',(-0.00851556538591964,-0.009,-0.00766611018377629));
#2666=CARTESIAN_POINT('',(-0.00855221210499371,-0.009,-0.00768831963750128));
#2667=CARTESIAN_POINT('',(-0.00859319973332827,-0.009,-0.00771205244000268));
#2668=CARTESIAN_POINT('',(-0.00863860172979398,-0.009,-0.00773714247651254));
#2669=CARTESIAN_POINT('',(-0.00868848733866175,-0.009,-0.00776342192737874));
#2670=CARTESIAN_POINT('',(-0.00874292064289125,-0.009,-0.00779072061197681));
#2671=CARTESIAN_POINT('',(-0.00880196075633257,-0.009,-0.00781886634446839));
#2672=CARTESIAN_POINT('',(-0.00886566169444089,-0.009,-0.00784768500210956));
#2673=CARTESIAN_POINT('',(-0.00893407234169737,-0.009,-0.00787700067774126));
#2674=CARTESIAN_POINT('',(-0.0090072363956486,-0.009,-0.00790663581084857));
#2675=CARTESIAN_POINT('',(-0.00908519232429184,-0.009,-0.00793641132458211));
#2676=CARTESIAN_POINT('',(-0.00916797331564527,-0.009,-0.00796614676997676));
#2677=CARTESIAN_POINT('',(-0.00925560726720891,-0.009,-0.00799566044137553));
#2678=CARTESIAN_POINT('',(-0.00934811664005835,-0.009,-0.00802476961067449));
#2679=CARTESIAN_POINT('',(-0.00944551885304187,-0.009,-0.00805329030633208));
#2680=CARTESIAN_POINT('',(-0.00954782460860815,-0.009,-0.00808103885491187));
#2681=CARTESIAN_POINT('',(-0.00965504421121355,-0.009,-0.00810782663042675));
#2682=CARTESIAN_POINT('',(-0.0097671631263882,-0.009,-0.00813348096162368));
#2683=CARTESIAN_POINT('',(-0.00988423585214068,-0.009,-0.00815776544355233));
#2684=CARTESIAN_POINT('',(-0.0099928310617931,-0.009,-0.00817820346827883));
#2685=CARTESIAN_POINT('',(-0.0100631406013147,-0.009,-0.00818988322886464));
#2686=CARTESIAN_POINT('',(-0.0100920056909435,-0.009,-0.00819459706965295));
#2687=CARTESIAN_POINT('',(-0.0079757423682826,-0.009,-0.00720763717696596));
#2688=CARTESIAN_POINT('',(-3.00870500688695E-16,-0.009,-2.98953883917841E-16));
#2689=CARTESIAN_POINT('',(-0.00720763717696597,-0.009,-0.0079757423682826));
#2690=CARTESIAN_POINT('',(-0.00720763717696597,-0.009,-0.0079757423682826));
#2691=CARTESIAN_POINT('',(-0.00737389933017345,-0.009,-0.00815940731645505));
#2692=CARTESIAN_POINT('',(-0.00755897193661914,-0.009,-0.00836385162332367));
#2693=CARTESIAN_POINT('',(-0.00756590584327345,-0.009,-0.00837251662886682));
#2694=CARTESIAN_POINT('',(-0.00757406167779344,-0.009,-0.00838239938728979));
#2695=CARTESIAN_POINT('',(-0.00758343795577017,-0.009,-0.00839441513002231));
#2696=CARTESIAN_POINT('',(-0.00759575396992739,-0.009,-0.00841076645585144));
#2697=CARTESIAN_POINT('',(-0.00761022926588875,-0.009,-0.0084308455918816));
#2698=CARTESIAN_POINT('',(-0.00762691225496819,-0.009,-0.00845497541099913));
#2699=CARTESIAN_POINT('',(-0.007645585655456,-0.009,-0.00848317892891694));
#2700=CARTESIAN_POINT('',(-0.00766611018377629,-0.009,-0.00851556538591964));
#2701=CARTESIAN_POINT('',(-0.00768831963750129,-0.009,-0.00855221210499371));
#2702=CARTESIAN_POINT('',(-0.00771205244000269,-0.009,-0.00859319973332826));
#2703=CARTESIAN_POINT('',(-0.00773714247651255,-0.009,-0.00863860172979398));
#2704=CARTESIAN_POINT('',(-0.00776342192737874,-0.009,-0.00868848733866175));
#2705=CARTESIAN_POINT('',(-0.00779072061197681,-0.009,-0.00874292064289125));
#2706=CARTESIAN_POINT('',(-0.0078188663444684,-0.009,-0.00880196075633257));
#2707=CARTESIAN_POINT('',(-0.00784768500210956,-0.009,-0.00886566169444088));
#2708=CARTESIAN_POINT('',(-0.00787700067774126,-0.009,-0.00893407234169736));
#2709=CARTESIAN_POINT('',(-0.00790663581084858,-0.009,-0.0090072363956486));
#2710=CARTESIAN_POINT('',(-0.00793641132458211,-0.009,-0.00908519232429184));
#2711=CARTESIAN_POINT('',(-0.00796614676997676,-0.009,-0.00916797331564527));
#2712=CARTESIAN_POINT('',(-0.00799566044137554,-0.009,-0.00925560726720891));
#2713=CARTESIAN_POINT('',(-0.00802476961067449,-0.009,-0.00934811664005834));
#2714=CARTESIAN_POINT('',(-0.00805329030633208,-0.009,-0.00944551885304187));
#2715=CARTESIAN_POINT('',(-0.00808103885491187,-0.009,-0.00954782460860814));
#2716=CARTESIAN_POINT('',(-0.00810782663042676,-0.009,-0.00965504421121354));
#2717=CARTESIAN_POINT('',(-0.00813348096162368,-0.009,-0.0097671631263882));
#2718=CARTESIAN_POINT('',(-0.00815776544355233,-0.009,-0.00988423585214068));
#2719=CARTESIAN_POINT('',(-0.00817820346827883,-0.009,-0.0099928310617931));
#2720=CARTESIAN_POINT('',(-0.00818988322886465,-0.009,-0.0100631406013147));
#2721=CARTESIAN_POINT('',(-0.00819459706965295,-0.009,-0.0100920056909435));
#2722=CARTESIAN_POINT('',(-0.00819459706965295,-0.009,-0.0100920056909435));
#2723=CARTESIAN_POINT('',(0.,-0.009,7.9602041944578E-19));
#2724=CARTESIAN_POINT('',(-0.00762721114737107,-0.009,-0.0105273762217097));
#2725=CARTESIAN_POINT('',(-0.00583850176576434,-0.009,-0.00902631691949528));
#2726=CARTESIAN_POINT('',(-0.00597287667085831,-0.009,-0.00923444981371761));
#2727=CARTESIAN_POINT('',(-0.00612245439162557,-0.009,-0.00946613030430252));
#2728=CARTESIAN_POINT('',(-0.00612902951716554,-0.009,-0.00947507061227747));
#2729=CARTESIAN_POINT('',(-0.00613646464345878,-0.009,-0.00948550638957329));
#2730=CARTESIAN_POINT('',(-0.00614564420037362,-0.009,-0.0094976730816857));
#2731=CARTESIAN_POINT('',(-0.0061582507492624,-0.009,-0.00951380147237436));
#2732=CARTESIAN_POINT('',(-0.0061738992230452,-0.009,-0.00953298039740043));
#2733=CARTESIAN_POINT('',(-0.00619288896321151,-0.009,-0.00955534018415444));
#2734=CARTESIAN_POINT('',(-0.00621529843787747,-0.009,-0.00958067691152629));
#2735=CARTESIAN_POINT('',(-0.00624126921429733,-0.009,-0.00960888431537895));
#2736=CARTESIAN_POINT('',(-0.00627091899709439,-0.009,-0.00963982186915659));
#2737=CARTESIAN_POINT('',(-0.00630436750458005,-0.009,-0.00967335437484947));
#2738=CARTESIAN_POINT('',(-0.0063417286862403,-0.009,-0.00970934039046788));
#2739=CARTESIAN_POINT('',(-0.00638311286182683,-0.009,-0.00974763573641175));
#2740=CARTESIAN_POINT('',(-0.00642862597671212,-0.009,-0.0097880926167112));
#2741=CARTESIAN_POINT('',(-0.00647836969546495,-0.009,-0.00983056001240827));
#2742=CARTESIAN_POINT('',(-0.00653244125929079,-0.009,-0.00987488371407619));
#2743=CARTESIAN_POINT('',(-0.00659093341509544,-0.009,-0.00992090646068172));
#2744=CARTESIAN_POINT('',(-0.00665393432751063,-0.009,-0.00996846805169509));
#2745=CARTESIAN_POINT('',(-0.00672152750226753,-0.009,-0.0100174054684128));
#2746=CARTESIAN_POINT('',(-0.00679379170015888,-0.009,-0.0100675530002105));
#2747=CARTESIAN_POINT('',(-0.00687080089698506,-0.009,-0.0101187423533054));
#2748=CARTESIAN_POINT('',(-0.00695262408199245,-0.009,-0.010170802839257));
#2749=CARTESIAN_POINT('',(-0.00703932569583519,-0.009,-0.0102235612635317));
#2750=CARTESIAN_POINT('',(-0.00713096361446827,-0.009,-0.0102768429812111));
#2751=CARTESIAN_POINT('',(-0.00722759661123009,-0.009,-0.0103304684605724));
#2752=CARTESIAN_POINT('',(-0.00732925533750967,-0.009,-0.0103842671521951));
#2753=CARTESIAN_POINT('',(-0.00743605362044447,-0.009,-0.0104380248115548));
#2754=CARTESIAN_POINT('',(-0.00753565878801552,-0.009,-0.0104858729359414));
#2755=CARTESIAN_POINT('',(-0.00760054964359213,-0.009,-0.0105153521662167));
#2756=CARTESIAN_POINT('',(-0.00762721114737107,-0.009,-0.0105273762217097));
#2757=CARTESIAN_POINT('',(-0.00583850176576435,-0.009,-0.00902631691949527));
#2758=CARTESIAN_POINT('',(-2.13243628218428E-16,-0.009,-3.66638293033432E-16));
#2759=CARTESIAN_POINT('',(-0.00489776887201004,-0.009,-0.00956944930893986));
#2760=CARTESIAN_POINT('',(-0.00489776887201004,-0.009,-0.00956944930893986));
#2761=CARTESIAN_POINT('',(-0.00501082979322278,-0.009,-0.00978988783749351));
#2762=CARTESIAN_POINT('',(-0.00513668212324693,-0.009,-0.0100352661888106));
#2763=CARTESIAN_POINT('',(-0.00514113709430091,-0.009,-0.0100454305685488));
#2764=CARTESIAN_POINT('',(-0.0051464571794007,-0.009,-0.010057087465447));
#2765=CARTESIAN_POINT('',(-0.00515240406539266,-0.009,-0.0100711205409869));
#2766=CARTESIAN_POINT('',(-0.0051600683870068,-0.009,-0.010090102327923));
#2767=CARTESIAN_POINT('',(-0.00516885358640525,-0.009,-0.0101132437662624));
#2768=CARTESIAN_POINT('',(-0.00517872285967428,-0.009,-0.0101408692570347));
#2769=CARTESIAN_POINT('',(-0.00518946037189408,-0.009,-0.0101729447950668));
#2770=CARTESIAN_POINT('',(-0.00520090331199536,-0.009,-0.0102095398491287));
#2771=CARTESIAN_POINT('',(-0.00521287112809921,-0.009,-0.0102506860911365));
#2772=CARTESIAN_POINT('',(-0.00522518687613897,-0.009,-0.0102964196011842));
#2773=CARTESIAN_POINT('',(-0.00523767108901537,-0.009,-0.0103467683414265));
#2774=CARTESIAN_POINT('',(-0.00525014374365621,-0.009,-0.0104017557617711));
#2775=CARTESIAN_POINT('',(-0.00526242387231075,-0.009,-0.0104613997156168));
#2776=CARTESIAN_POINT('',(-0.00527432985644057,-0.009,-0.010525712737584));
#2777=CARTESIAN_POINT('',(-0.00528567952616182,-0.009,-0.0105947019363135));
#2778=CARTESIAN_POINT('',(-0.00529629031597183,-0.009,-0.0106683690024652));
#2779=CARTESIAN_POINT('',(-0.00530597940582621,-0.009,-0.0107467101885851));
#2780=CARTESIAN_POINT('',(-0.00531456386452093,-0.009,-0.0108297163034059));
#2781=CARTESIAN_POINT('',(-0.0053218608020491,-0.009,-0.0109173727004627));
#2782=CARTESIAN_POINT('',(-0.00532768748381953,-0.009,-0.0110096592977867));
#2783=CARTESIAN_POINT('',(-0.00533186159468328,-0.009,-0.0111065504975974));
#2784=CARTESIAN_POINT('',(-0.00533420092344741,-0.009,-0.0112080155098717));
#2785=CARTESIAN_POINT('',(-0.00533452528519851,-0.009,-0.0113140171341976));
#2786=CARTESIAN_POINT('',(-0.00533264981423457,-0.009,-0.0114245165039178));
#2787=CARTESIAN_POINT('',(-0.00532841148473042,-0.009,-0.0115394548892036));
#2788=CARTESIAN_POINT('',(-0.00532156784191655,-0.009,-0.0116588237449856));
#2789=CARTESIAN_POINT('',(-0.00531320294937326,-0.009,-0.0117690084126436));
#2790=CARTESIAN_POINT('',(-0.00530628728388738,-0.009,-0.0118399451571839));
#2791=CARTESIAN_POINT('',(-0.00530336966951131,-0.009,-0.011869046724506));
#2792=CARTESIAN_POINT('',(-0.00530336966951131,-0.009,-0.011869046724506));
#2793=CARTESIAN_POINT('',(0.,-0.009,7.9602041944578E-19));
#2794=CARTESIAN_POINT('',(-0.0046426347686677,-0.009,-0.0121427320815687));
#2795=CARTESIAN_POINT('',(-0.0033033769164896,-0.009,-0.010229868080655));
#2796=CARTESIAN_POINT('',(-0.00337930435078796,-0.009,-0.0104656878031068));
#2797=CARTESIAN_POINT('',(-0.00346382201097244,-0.009,-0.0107281875352677));
#2798=CARTESIAN_POINT('',(-0.00346785917256959,-0.009,-0.0107385249773493));
#2799=CARTESIAN_POINT('',(-0.00347233997516336,-0.009,-0.0107505295164442));
#2800=CARTESIAN_POINT('',(-0.00347805777462669,-0.009,-0.0107646574827312));
#2801=CARTESIAN_POINT('',(-0.00348606043110167,-0.009,-0.0107834991267793));
#2802=CARTESIAN_POINT('',(-0.00349621182500914,-0.009,-0.0108060746688242));
#2803=CARTESIAN_POINT('',(-0.00350876736681393,-0.009,-0.0108325874707369));
#2804=CARTESIAN_POINT('',(-0.00352385562956294,-0.009,-0.0108628608688933));
#2805=CARTESIAN_POINT('',(-0.0035416408599057,-0.009,-0.0108968288603207));
#2806=CARTESIAN_POINT('',(-0.0035622731227267,-0.009,-0.0109343861709877));
#2807=CARTESIAN_POINT('',(-0.00358590304885459,-0.009,-0.0109754331950242));
#2808=CARTESIAN_POINT('',(-0.00361267731292151,-0.009,-0.0110198628022565));
#2809=CARTESIAN_POINT('',(-0.00364273979205116,-0.009,-0.011067564278738));
#2810=CARTESIAN_POINT('',(-0.00367623107402678,-0.009,-0.0111184222852046));
#2811=CARTESIAN_POINT('',(-0.00371328844586349,-0.009,-0.0111723172612711));
#2812=CARTESIAN_POINT('',(-0.00375404574768962,-0.009,-0.0112291254199455));
#2813=CARTESIAN_POINT('',(-0.00379863326828721,-0.009,-0.0112887188633998));
#2814=CARTESIAN_POINT('',(-0.00384717763109918,-0.009,-0.0113509656684909));
#2815=CARTESIAN_POINT('',(-0.00389980168881306,-0.009,-0.0114157299841165));
#2816=CARTESIAN_POINT('',(-0.00395662440757827,-0.009,-0.0114828721308979));
#2817=CARTESIAN_POINT('',(-0.00401776080016701,-0.009,-0.01155224869587));
#2818=CARTESIAN_POINT('',(-0.00408332168249331,-0.009,-0.0116237126623906));
#2819=CARTESIAN_POINT('',(-0.00415341412549307,-0.009,-0.0116971134158555));
#2820=CARTESIAN_POINT('',(-0.00422813923447693,-0.009,-0.0117722972416269));
#2821=CARTESIAN_POINT('',(-0.00430760024635943,-0.009,-0.0118491059370363));
#2822=CARTESIAN_POINT('',(-0.00439187090954698,-0.009,-0.0119273826971573));
#2823=CARTESIAN_POINT('',(-0.00448111662317459,-0.009,-0.0120069500383015));
#2824=CARTESIAN_POINT('',(-0.00456494382109964,-0.009,-0.012078947491744));
#2825=CARTESIAN_POINT('',(-0.00461999378816086,-0.009,-0.0121242172308823));
#2826=CARTESIAN_POINT('',(-0.0046426347686677,-0.009,-0.0121427320815687));
#2827=CARTESIAN_POINT('',(-0.00330337691648961,-0.009,-0.010229868080655));
#2828=CARTESIAN_POINT('',(-1.11084554886833E-16,-0.009,-4.09336908377222E-16));
#2829=CARTESIAN_POINT('',(-0.00225412571237238,-0.009,-0.0105110140934556));
#2830=CARTESIAN_POINT('',(-0.00225412571237238,-0.009,-0.0105110140934556));
#2831=CARTESIAN_POINT('',(-0.00230628048665174,-0.009,-0.0107532036809614));
#2832=CARTESIAN_POINT('',(-0.00236433591194399,-0.009,-0.0110227939475916));
#2833=CARTESIAN_POINT('',(-0.00236600834848252,-0.009,-0.011033765015843));
#2834=CARTESIAN_POINT('',(-0.00236813012915441,-0.009,-0.0110464016529568));
#2835=CARTESIAN_POINT('',(-0.00237024235270894,-0.009,-0.0110614957303969));
#2836=CARTESIAN_POINT('',(-0.0023727326709279,-0.009,-0.011081814401029));
#2837=CARTESIAN_POINT('',(-0.00237522907694265,-0.009,-0.0111064410908979));
#2838=CARTESIAN_POINT('',(-0.00237761205973774,-0.009,-0.0111356796217821));
#2839=CARTESIAN_POINT('',(-0.00237968193997632,-0.009,-0.0111694412850189));
#2840=CARTESIAN_POINT('',(-0.00238126347440104,-0.009,-0.011207751043682));
#2841=CARTESIAN_POINT('',(-0.00238217406599402,-0.009,-0.011250592760228));
#2842=CARTESIAN_POINT('',(-0.00238223346169595,-0.009,-0.0112979554888573));
#2843=CARTESIAN_POINT('',(-0.00238126107246252,-0.009,-0.011349819789434));
#2844=CARTESIAN_POINT('',(-0.00237907694007626,-0.009,-0.0114061617194299));
#2845=CARTESIAN_POINT('',(-0.00237550164231334,-0.009,-0.0114669516860036));
#2846=CARTESIAN_POINT('',(-0.00237035650493851,-0.009,-0.0115321547903319));
#2847=CARTESIAN_POINT('',(-0.00236346372550457,-0.009,-0.0116017307497992));
#2848=CARTESIAN_POINT('',(-0.00235464652170248,-0.009,-0.0116756339460285));
#2849=CARTESIAN_POINT('',(-0.00234372927284233,-0.009,-0.0117538134419478));
#2850=CARTESIAN_POINT('',(-0.00233053765982469,-0.009,-0.0118362130133952));
#2851=CARTESIAN_POINT('',(-0.00231489881525258,-0.009,-0.011922771177555));
#2852=CARTESIAN_POINT('',(-0.00229664142866105,-0.009,-0.0120134212415425));
#2853=CARTESIAN_POINT('',(-0.00227559602233229,-0.009,-0.0121080912931678));
#2854=CARTESIAN_POINT('',(-0.00225159456281361,-0.009,-0.0122067044318251));
#2855=CARTESIAN_POINT('',(-0.00222447263301872,-0.009,-0.0123091780893888));
#2856=CARTESIAN_POINT('',(-0.00219406172582278,-0.009,-0.0124154268767862));
#2857=CARTESIAN_POINT('',(-0.00216021957076909,-0.009,-0.0125253518711707));
#2858=CARTESIAN_POINT('',(-0.00212271418616081,-0.009,-0.0126388820667269));
#2859=CARTESIAN_POINT('',(-0.00208611642995091,-0.009,-0.0127431472893785));
#2860=CARTESIAN_POINT('',(-0.00206107662956753,-0.009,-0.0128098770170255));
#2861=CARTESIAN_POINT('',(-0.00205072639062523,-0.009,-0.0128372318383206));
#2862=CARTESIAN_POINT('',(-0.00205072639062523,-0.009,-0.0128372318383206));
#2863=CARTESIAN_POINT('',(0.,-0.009,7.9602041944578E-19));
#2864=CARTESIAN_POINT('',(-0.00134167050279635,-0.009,-0.0129305808168824));
#2865=CARTESIAN_POINT('',(-0.000543132389444581,-0.009,-0.0107362706377744));
#2866=CARTESIAN_POINT('',(-0.000555438023775909,-0.009,-0.0109837064640811));
#2867=CARTESIAN_POINT('',(-0.000569135884508077,-0.009,-0.0112591365148725));
#2868=CARTESIAN_POINT('',(-0.000570359956271287,-0.009,-0.0112701666114664));
#2869=CARTESIAN_POINT('',(-0.000571581075873676,-0.009,-0.0112829218228595));
#2870=CARTESIAN_POINT('',(-0.0005734474593012,-0.009,-0.0112980482657663));
#2871=CARTESIAN_POINT('',(-0.00057630085554861,-0.009,-0.0113183191362692));
#2872=CARTESIAN_POINT('',(-0.000580263368861938,-0.009,-0.0113427528094504));
#2873=CARTESIAN_POINT('',(-0.000585529072880217,-0.009,-0.0113716118228858));
#2874=CARTESIAN_POINT('',(-0.000592267883540474,-0.009,-0.0114047588097715));
#2875=CARTESIAN_POINT('',(-0.000600655533749755,-0.009,-0.0114421725262927));
#2876=CARTESIAN_POINT('',(-0.000610864221979876,-0.009,-0.0114837901251936));
#2877=CARTESIAN_POINT('',(-0.000623065226334691,-0.009,-0.011529554380719));
#2878=CARTESIAN_POINT('',(-0.000637427950958667,-0.009,-0.0115793997752557));
#2879=CARTESIAN_POINT('',(-0.000654120025359342,-0.009,-0.011633256605483));
#2880=CARTESIAN_POINT('',(-0.000673307098905638,-0.009,-0.0116910498490229));
#2881=CARTESIAN_POINT('',(-0.00069515272517576,-0.009,-0.0117526995519055));
#2882=CARTESIAN_POINT('',(-0.000719818222237335,-0.009,-0.0118181207854526));
#2883=CARTESIAN_POINT('',(-0.000747462541783514,-0.009,-0.0118872237310673));
#2884=CARTESIAN_POINT('',(-0.000778242136889981,-0.009,-0.0119599137333368));
#2885=CARTESIAN_POINT('',(-0.000812310834993013,-0.009,-0.0120360913667884));
#2886=CARTESIAN_POINT('',(-0.000849819700252214,-0.009,-0.012115652502208));
#2887=CARTESIAN_POINT('',(-0.000890916944481247,-0.009,-0.0121984883808046));
#2888=CARTESIAN_POINT('',(-0.000935747658340402,-0.009,-0.0122844856766757));
#2889=CARTESIAN_POINT('',(-0.000984454246339986,-0.009,-0.0123735266192826));
#2890=CARTESIAN_POINT('',(-0.00103717415298646,-0.009,-0.0124654888996668));
#2891=CARTESIAN_POINT('',(-0.00109404804334539,-0.009,-0.0125602464254646));
#2892=CARTESIAN_POINT('',(-0.00115518773700851,-0.009,-0.0126576668222401));
#2893=CARTESIAN_POINT('',(-0.00122079893343074,-0.009,-0.012757621462361));
#2894=CARTESIAN_POINT('',(-0.00128313547670217,-0.009,-0.0128488617373888));
#2895=CARTESIAN_POINT('',(-0.00132459299096717,-0.009,-0.0129068369274795));
#2896=CARTESIAN_POINT('',(-0.00134167050279635,-0.009,-0.0129305808168824));
#2897=CARTESIAN_POINT('',(-0.000543132389444586,-0.009,-0.0107362706377744));
#2898=CARTESIAN_POINT('',(-1.35525271560696E-18,-0.009,-4.2413988987633E-16));
#2899=CARTESIAN_POINT('',(0.00054313238944458,-0.009,-0.0107362706377744));
#2900=CARTESIAN_POINT('',(0.000543132389444578,-0.009,-0.0107362706377744));
#2901=CARTESIAN_POINT('',(0.000555438023775905,-0.009,-0.0109837064640811));
#2902=CARTESIAN_POINT('',(0.000569135884508073,-0.009,-0.0112591365148725));
#2903=CARTESIAN_POINT('',(0.000570359956271282,-0.009,-0.0112701666114664));
#2904=CARTESIAN_POINT('',(0.000571581075873672,-0.009,-0.0112829218228595));
#2905=CARTESIAN_POINT('',(0.000573447459301196,-0.009,-0.0112980482657663));
#2906=CARTESIAN_POINT('',(0.000576300855548606,-0.009,-0.0113183191362692));
#2907=CARTESIAN_POINT('',(0.000580263368861933,-0.009,-0.0113427528094504));
#2908=CARTESIAN_POINT('',(0.000585529072880213,-0.009,-0.0113716118228858));
#2909=CARTESIAN_POINT('',(0.000592267883540469,-0.009,-0.0114047588097715));
#2910=CARTESIAN_POINT('',(0.000600655533749751,-0.009,-0.0114421725262927));
#2911=CARTESIAN_POINT('',(0.000610864221979872,-0.009,-0.0114837901251936));
#2912=CARTESIAN_POINT('',(0.000623065226334686,-0.009,-0.011529554380719));
#2913=CARTESIAN_POINT('',(0.000637427950958662,-0.009,-0.0115793997752557));
#2914=CARTESIAN_POINT('',(0.000654120025359338,-0.009,-0.011633256605483));
#2915=CARTESIAN_POINT('',(0.000673307098905634,-0.009,-0.0116910498490229));
#2916=CARTESIAN_POINT('',(0.000695152725175756,-0.009,-0.0117526995519055));
#2917=CARTESIAN_POINT('',(0.000719818222237331,-0.009,-0.0118181207854526));
#2918=CARTESIAN_POINT('',(0.000747462541783509,-0.009,-0.0118872237310673));
#2919=CARTESIAN_POINT('',(0.000778242136889977,-0.009,-0.0119599137333368));
#2920=CARTESIAN_POINT('',(0.000812310834993008,-0.009,-0.0120360913667884));
#2921=CARTESIAN_POINT('',(0.000849819700252209,-0.009,-0.012115652502208));
#2922=CARTESIAN_POINT('',(0.000890916944481242,-0.009,-0.0121984883808046));
#2923=CARTESIAN_POINT('',(0.000935747658340397,-0.009,-0.0122844856766757));
#2924=CARTESIAN_POINT('',(0.000984454246339982,-0.009,-0.0123735266192826));
#2925=CARTESIAN_POINT('',(0.00103717415298645,-0.009,-0.0124654888996668));
#2926=CARTESIAN_POINT('',(0.00109404804334538,-0.009,-0.0125602464254646));
#2927=CARTESIAN_POINT('',(0.00115518773700851,-0.009,-0.0126576668222401));
#2928=CARTESIAN_POINT('',(0.00122079893343073,-0.009,-0.012757621462361));
#2929=CARTESIAN_POINT('',(0.00128313547670217,-0.009,-0.0128488617373888));
#2930=CARTESIAN_POINT('',(0.00132459299096716,-0.009,-0.0129068369274795));
#2931=CARTESIAN_POINT('',(0.00134167050279635,-0.009,-0.0129305808168824));
#2932=CARTESIAN_POINT('',(0.00134167050279635,-0.009,-0.0129305808168824));
#2933=CARTESIAN_POINT('',(0.,-0.009,7.9602041944578E-19));
#2934=CARTESIAN_POINT('',(0.00205072639062522,-0.009,-0.0128372318383206));
#2935=CARTESIAN_POINT('',(0.00225412571237238,-0.009,-0.0105110140934556));
#2936=CARTESIAN_POINT('',(0.00230628048665174,-0.009,-0.0107532036809614));
#2937=CARTESIAN_POINT('',(0.00236433591194399,-0.009,-0.0110227939475916));
#2938=CARTESIAN_POINT('',(0.00236600834848251,-0.009,-0.011033765015843));
#2939=CARTESIAN_POINT('',(0.00236813012915441,-0.009,-0.0110464016529568));
#2940=CARTESIAN_POINT('',(0.00237024235270894,-0.009,-0.0110614957303969));
#2941=CARTESIAN_POINT('',(0.00237273267092789,-0.009,-0.011081814401029));
#2942=CARTESIAN_POINT('',(0.00237522907694265,-0.009,-0.0111064410908979));
#2943=CARTESIAN_POINT('',(0.00237761205973774,-0.009,-0.0111356796217821));
#2944=CARTESIAN_POINT('',(0.00237968193997632,-0.009,-0.0111694412850189));
#2945=CARTESIAN_POINT('',(0.00238126347440103,-0.009,-0.011207751043682));
#2946=CARTESIAN_POINT('',(0.00238217406599402,-0.009,-0.011250592760228));
#2947=CARTESIAN_POINT('',(0.00238223346169595,-0.009,-0.0112979554888573));
#2948=CARTESIAN_POINT('',(0.00238126107246251,-0.009,-0.011349819789434));
#2949=CARTESIAN_POINT('',(0.00237907694007626,-0.009,-0.0114061617194299));
#2950=CARTESIAN_POINT('',(0.00237550164231334,-0.009,-0.0114669516860036));
#2951=CARTESIAN_POINT('',(0.00237035650493851,-0.009,-0.0115321547903319));
#2952=CARTESIAN_POINT('',(0.00236346372550456,-0.009,-0.0116017307497992));
#2953=CARTESIAN_POINT('',(0.00235464652170248,-0.009,-0.0116756339460285));
#2954=CARTESIAN_POINT('',(0.00234372927284233,-0.009,-0.0117538134419478));
#2955=CARTESIAN_POINT('',(0.00233053765982469,-0.009,-0.0118362130133952));
#2956=CARTESIAN_POINT('',(0.00231489881525258,-0.009,-0.011922771177555));
#2957=CARTESIAN_POINT('',(0.00229664142866105,-0.009,-0.0120134212415425));
#2958=CARTESIAN_POINT('',(0.00227559602233229,-0.009,-0.0121080912931678));
#2959=CARTESIAN_POINT('',(0.0022515945628136,-0.009,-0.0122067044318251));
#2960=CARTESIAN_POINT('',(0.00222447263301872,-0.009,-0.0123091780893888));
#2961=CARTESIAN_POINT('',(0.00219406172582277,-0.009,-0.0124154268767862));
#2962=CARTESIAN_POINT('',(0.00216021957076908,-0.009,-0.0125253518711707));
#2963=CARTESIAN_POINT('',(0.0021227141861608,-0.009,-0.0126388820667269));
#2964=CARTESIAN_POINT('',(0.00208611642995091,-0.009,-0.0127431472893785));
#2965=CARTESIAN_POINT('',(0.00206107662956753,-0.009,-0.0128098770170255));
#2966=CARTESIAN_POINT('',(0.00205072639062522,-0.009,-0.0128372318383206));
#2967=CARTESIAN_POINT('',(0.00225412571237237,-0.009,-0.0105110140934556));
#2968=CARTESIAN_POINT('',(1.08466407688527E-16,-0.009,-4.10038438804674E-16));
#2969=CARTESIAN_POINT('',(0.0033033769164896,-0.009,-0.010229868080655));
#2970=CARTESIAN_POINT('',(0.0033033769164896,-0.009,-0.010229868080655));
#2971=CARTESIAN_POINT('',(0.00337930435078796,-0.009,-0.0104656878031068));
#2972=CARTESIAN_POINT('',(0.00346382201097244,-0.009,-0.0107281875352677));
#2973=CARTESIAN_POINT('',(0.00346785917256959,-0.009,-0.0107385249773493));
#2974=CARTESIAN_POINT('',(0.00347233997516335,-0.009,-0.0107505295164442));
#2975=CARTESIAN_POINT('',(0.00347805777462668,-0.009,-0.0107646574827312));
#2976=CARTESIAN_POINT('',(0.00348606043110166,-0.009,-0.0107834991267793));
#2977=CARTESIAN_POINT('',(0.00349621182500914,-0.009,-0.0108060746688242));
#2978=CARTESIAN_POINT('',(0.00350876736681393,-0.009,-0.0108325874707369));
#2979=CARTESIAN_POINT('',(0.00352385562956293,-0.009,-0.0108628608688933));
#2980=CARTESIAN_POINT('',(0.0035416408599057,-0.009,-0.0108968288603207));
#2981=CARTESIAN_POINT('',(0.0035622731227267,-0.009,-0.0109343861709877));
#2982=CARTESIAN_POINT('',(0.00358590304885459,-0.009,-0.0109754331950242));
#2983=CARTESIAN_POINT('',(0.00361267731292151,-0.009,-0.0110198628022565));
#2984=CARTESIAN_POINT('',(0.00364273979205115,-0.009,-0.011067564278738));
#2985=CARTESIAN_POINT('',(0.00367623107402678,-0.009,-0.0111184222852046));
#2986=CARTESIAN_POINT('',(0.00371328844586349,-0.009,-0.0111723172612711));
#2987=CARTESIAN_POINT('',(0.00375404574768962,-0.009,-0.0112291254199455));
#2988=CARTESIAN_POINT('',(0.00379863326828721,-0.009,-0.0112887188633999));
#2989=CARTESIAN_POINT('',(0.00384717763109918,-0.009,-0.0113509656684909));
#2990=CARTESIAN_POINT('',(0.00389980168881306,-0.009,-0.0114157299841165));
#2991=CARTESIAN_POINT('',(0.00395662440757827,-0.009,-0.0114828721308979));
#2992=CARTESIAN_POINT('',(0.00401776080016701,-0.009,-0.01155224869587));
#2993=CARTESIAN_POINT('',(0.00408332168249331,-0.009,-0.0116237126623906));
#2994=CARTESIAN_POINT('',(0.00415341412549306,-0.009,-0.0116971134158555));
#2995=CARTESIAN_POINT('',(0.00422813923447692,-0.009,-0.0117722972416269));
#2996=CARTESIAN_POINT('',(0.00430760024635943,-0.009,-0.0118491059370363));
#2997=CARTESIAN_POINT('',(0.00439187090954698,-0.009,-0.0119273826971573));
#2998=CARTESIAN_POINT('',(0.00448111662317459,-0.009,-0.0120069500383015));
#2999=CARTESIAN_POINT('',(0.00456494382109963,-0.009,-0.012078947491744));
#3000=CARTESIAN_POINT('',(0.00461999378816086,-0.009,-0.0121242172308823));
#3001=CARTESIAN_POINT('',(0.0046426347686677,-0.009,-0.0121427320815687));
#3002=CARTESIAN_POINT('',(0.0046426347686677,-0.009,-0.0121427320815687));
#3003=CARTESIAN_POINT('',(0.,-0.009,7.9602041944578E-19));
#3004=CARTESIAN_POINT('',(0.00530336966951131,-0.009,-0.011869046724506));
#3005=CARTESIAN_POINT('',(0.00489776887201004,-0.009,-0.00956944930893986));
#3006=CARTESIAN_POINT('',(0.00501082979322278,-0.009,-0.00978988783749352));
#3007=CARTESIAN_POINT('',(0.00513668212324692,-0.009,-0.0100352661888106));
#3008=CARTESIAN_POINT('',(0.0051411370943009,-0.009,-0.0100454305685488));
#3009=CARTESIAN_POINT('',(0.0051464571794007,-0.009,-0.010057087465447));
#3010=CARTESIAN_POINT('',(0.00515240406539265,-0.009,-0.0100711205409869));
#3011=CARTESIAN_POINT('',(0.0051600683870068,-0.009,-0.010090102327923));
#3012=CARTESIAN_POINT('',(0.00516885358640525,-0.009,-0.0101132437662624));
#3013=CARTESIAN_POINT('',(0.00517872285967428,-0.009,-0.0101408692570347));
#3014=CARTESIAN_POINT('',(0.00518946037189408,-0.009,-0.0101729447950668));
#3015=CARTESIAN_POINT('',(0.00520090331199535,-0.009,-0.0102095398491287));
#3016=CARTESIAN_POINT('',(0.00521287112809921,-0.009,-0.0102506860911365));
#3017=CARTESIAN_POINT('',(0.00522518687613896,-0.009,-0.0102964196011842));
#3018=CARTESIAN_POINT('',(0.00523767108901537,-0.009,-0.0103467683414265));
#3019=CARTESIAN_POINT('',(0.0052501437436562,-0.009,-0.0104017557617711));
#3020=CARTESIAN_POINT('',(0.00526242387231075,-0.009,-0.0104613997156168));
#3021=CARTESIAN_POINT('',(0.00527432985644057,-0.009,-0.010525712737584));
#3022=CARTESIAN_POINT('',(0.00528567952616182,-0.009,-0.0105947019363135));
#3023=CARTESIAN_POINT('',(0.00529629031597182,-0.009,-0.0106683690024652));
#3024=CARTESIAN_POINT('',(0.00530597940582621,-0.009,-0.0107467101885851));
#3025=CARTESIAN_POINT('',(0.00531456386452093,-0.009,-0.0108297163034059));
#3026=CARTESIAN_POINT('',(0.00532186080204909,-0.009,-0.0109173727004627));
#3027=CARTESIAN_POINT('',(0.00532768748381952,-0.009,-0.0110096592977867));
#3028=CARTESIAN_POINT('',(0.00533186159468328,-0.009,-0.0111065504975974));
#3029=CARTESIAN_POINT('',(0.00533420092344741,-0.009,-0.0112080155098717));
#3030=CARTESIAN_POINT('',(0.00533452528519851,-0.009,-0.0113140171341976));
#3031=CARTESIAN_POINT('',(0.00533264981423457,-0.009,-0.0114245165039178));
#3032=CARTESIAN_POINT('',(0.00532841148473042,-0.009,-0.0115394548892036));
#3033=CARTESIAN_POINT('',(0.00532156784191654,-0.009,-0.0116588237449856));
#3034=CARTESIAN_POINT('',(0.00531320294937325,-0.009,-0.0117690084126436));
#3035=CARTESIAN_POINT('',(0.00530628728388738,-0.009,-0.0118399451571839));
#3036=CARTESIAN_POINT('',(0.00530336966951131,-0.009,-0.011869046724506));
#3037=CARTESIAN_POINT('',(0.00489776887201004,-0.009,-0.00956944930893986));
#3038=CARTESIAN_POINT('',(2.10896261657901E-16,-0.009,-3.67993545749039E-16));
#3039=CARTESIAN_POINT('',(0.00583850176576434,-0.009,-0.00902631691949528));
#3040=CARTESIAN_POINT('',(0.00583850176576434,-0.009,-0.00902631691949528));
#3041=CARTESIAN_POINT('',(0.0059728766708583,-0.009,-0.00923444981371761));
#3042=CARTESIAN_POINT('',(0.00612245439162556,-0.009,-0.00946613030430252));
#3043=CARTESIAN_POINT('',(0.00612902951716553,-0.009,-0.00947507061227748));
#3044=CARTESIAN_POINT('',(0.00613646464345878,-0.009,-0.0094855063895733));
#3045=CARTESIAN_POINT('',(0.00614564420037361,-0.009,-0.00949767308168571));
#3046=CARTESIAN_POINT('',(0.0061582507492624,-0.009,-0.00951380147237436));
#3047=CARTESIAN_POINT('',(0.0061738992230452,-0.009,-0.00953298039740043));
#3048=CARTESIAN_POINT('',(0.00619288896321151,-0.009,-0.00955534018415445));
#3049=CARTESIAN_POINT('',(0.00621529843787746,-0.009,-0.0095806769115263));
#3050=CARTESIAN_POINT('',(0.00624126921429733,-0.009,-0.00960888431537895));
#3051=CARTESIAN_POINT('',(0.00627091899709438,-0.009,-0.00963982186915659));
#3052=CARTESIAN_POINT('',(0.00630436750458005,-0.009,-0.00967335437484947));
#3053=CARTESIAN_POINT('',(0.0063417286862403,-0.009,-0.00970934039046789));
#3054=CARTESIAN_POINT('',(0.00638311286182682,-0.009,-0.00974763573641175));
#3055=CARTESIAN_POINT('',(0.00642862597671211,-0.009,-0.0097880926167112));
#3056=CARTESIAN_POINT('',(0.00647836969546494,-0.009,-0.00983056001240828));
#3057=CARTESIAN_POINT('',(0.00653244125929079,-0.009,-0.00987488371407619));
#3058=CARTESIAN_POINT('',(0.00659093341509544,-0.009,-0.00992090646068173));
#3059=CARTESIAN_POINT('',(0.00665393432751062,-0.009,-0.00996846805169509));
#3060=CARTESIAN_POINT('',(0.00672152750226752,-0.009,-0.0100174054684129));
#3061=CARTESIAN_POINT('',(0.00679379170015888,-0.009,-0.0100675530002105));
#3062=CARTESIAN_POINT('',(0.00687080089698506,-0.009,-0.0101187423533054));
#3063=CARTESIAN_POINT('',(0.00695262408199245,-0.009,-0.010170802839257));
#3064=CARTESIAN_POINT('',(0.00703932569583518,-0.009,-0.0102235612635317));
#3065=CARTESIAN_POINT('',(0.00713096361446827,-0.009,-0.0102768429812111));
#3066=CARTESIAN_POINT('',(0.00722759661123009,-0.009,-0.0103304684605724));
#3067=CARTESIAN_POINT('',(0.00732925533750967,-0.009,-0.0103842671521951));
#3068=CARTESIAN_POINT('',(0.00743605362044447,-0.009,-0.0104380248115548));
#3069=CARTESIAN_POINT('',(0.00753565878801552,-0.009,-0.0104858729359414));
#3070=CARTESIAN_POINT('',(0.00760054964359213,-0.009,-0.0105153521662167));
#3071=CARTESIAN_POINT('',(0.00762721114737107,-0.009,-0.0105273762217097));
#3072=CARTESIAN_POINT('',(0.00762721114737107,-0.009,-0.0105273762217097));
#3073=CARTESIAN_POINT('',(0.,-0.009,7.9602041944578E-19));
#3074=CARTESIAN_POINT('',(0.00819459706965294,-0.009,-0.0100920056909435));
#3075=CARTESIAN_POINT('',(0.00720763717696597,-0.009,-0.0079757423682826));
#3076=CARTESIAN_POINT('',(0.00737389933017345,-0.009,-0.00815940731645505));
#3077=CARTESIAN_POINT('',(0.00755897193661914,-0.009,-0.00836385162332367));
#3078=CARTESIAN_POINT('',(0.00756590584327344,-0.009,-0.00837251662886682));
#3079=CARTESIAN_POINT('',(0.00757406167779344,-0.009,-0.00838239938728979));
#3080=CARTESIAN_POINT('',(0.00758343795577016,-0.009,-0.00839441513002232));
#3081=CARTESIAN_POINT('',(0.00759575396992738,-0.009,-0.00841076645585144));
#3082=CARTESIAN_POINT('',(0.00761022926588875,-0.009,-0.0084308455918816));
#3083=CARTESIAN_POINT('',(0.00762691225496818,-0.009,-0.00845497541099913));
#3084=CARTESIAN_POINT('',(0.007645585655456,-0.009,-0.00848317892891695));
#3085=CARTESIAN_POINT('',(0.00766611018377628,-0.009,-0.00851556538591964));
#3086=CARTESIAN_POINT('',(0.00768831963750128,-0.009,-0.00855221210499371));
#3087=CARTESIAN_POINT('',(0.00771205244000268,-0.009,-0.00859319973332827));
#3088=CARTESIAN_POINT('',(0.00773714247651254,-0.009,-0.00863860172979398));
#3089=CARTESIAN_POINT('',(0.00776342192737874,-0.009,-0.00868848733866175));
#3090=CARTESIAN_POINT('',(0.00779072061197681,-0.009,-0.00874292064289125));
#3091=CARTESIAN_POINT('',(0.00781886634446839,-0.009,-0.00880196075633257));
#3092=CARTESIAN_POINT('',(0.00784768500210956,-0.009,-0.00886566169444089));
#3093=CARTESIAN_POINT('',(0.00787700067774125,-0.009,-0.00893407234169737));
#3094=CARTESIAN_POINT('',(0.00790663581084857,-0.009,-0.0090072363956486));
#3095=CARTESIAN_POINT('',(0.00793641132458211,-0.009,-0.00908519232429184));
#3096=CARTESIAN_POINT('',(0.00796614676997676,-0.009,-0.00916797331564527));
#3097=CARTESIAN_POINT('',(0.00799566044137553,-0.009,-0.00925560726720891));
#3098=CARTESIAN_POINT('',(0.00802476961067449,-0.009,-0.00934811664005835));
#3099=CARTESIAN_POINT('',(0.00805329030633208,-0.009,-0.00944551885304187));
#3100=CARTESIAN_POINT('',(0.00808103885491187,-0.009,-0.00954782460860815));
#3101=CARTESIAN_POINT('',(0.00810782663042675,-0.009,-0.00965504421121355));
#3102=CARTESIAN_POINT('',(0.00813348096162368,-0.009,-0.0097671631263882));
#3103=CARTESIAN_POINT('',(0.00815776544355233,-0.009,-0.00988423585214068));
#3104=CARTESIAN_POINT('',(0.00817820346827882,-0.009,-0.0099928310617931));
#3105=CARTESIAN_POINT('',(0.00818988322886464,-0.009,-0.0100631406013147));
#3106=CARTESIAN_POINT('',(0.00819459706965294,-0.009,-0.0100920056909435));
#3107=CARTESIAN_POINT('',(0.00720763717696596,-0.009,-0.0079757423682826));
#3108=CARTESIAN_POINT('',(2.98953883917841E-16,-0.009,-3.00870500688695E-16));
#3109=CARTESIAN_POINT('',(0.0079757423682826,-0.009,-0.00720763717696597));
#3110=CARTESIAN_POINT('',(0.0079757423682826,-0.009,-0.00720763717696597));
#3111=CARTESIAN_POINT('',(0.00815940731645504,-0.009,-0.00737389933017345));
#3112=CARTESIAN_POINT('',(0.00836385162332367,-0.009,-0.00755897193661914));
#3113=CARTESIAN_POINT('',(0.00837251662886682,-0.009,-0.00756590584327345));
#3114=CARTESIAN_POINT('',(0.00838239938728979,-0.009,-0.00757406167779344));
#3115=CARTESIAN_POINT('',(0.00839441513002231,-0.009,-0.00758343795577017));
#3116=CARTESIAN_POINT('',(0.00841076645585144,-0.009,-0.00759575396992739));
#3117=CARTESIAN_POINT('',(0.0084308455918816,-0.009,-0.00761022926588875));
#3118=CARTESIAN_POINT('',(0.00845497541099913,-0.009,-0.00762691225496819));
#3119=CARTESIAN_POINT('',(0.00848317892891694,-0.009,-0.007645585655456));
#3120=CARTESIAN_POINT('',(0.00851556538591963,-0.009,-0.00766611018377629));
#3121=CARTESIAN_POINT('',(0.00855221210499371,-0.009,-0.00768831963750129));
#3122=CARTESIAN_POINT('',(0.00859319973332826,-0.009,-0.00771205244000269));
#3123=CARTESIAN_POINT('',(0.00863860172979398,-0.009,-0.00773714247651255));
#3124=CARTESIAN_POINT('',(0.00868848733866174,-0.009,-0.00776342192737874));
#3125=CARTESIAN_POINT('',(0.00874292064289124,-0.009,-0.00779072061197681));
#3126=CARTESIAN_POINT('',(0.00880196075633257,-0.009,-0.0078188663444684));
#3127=CARTESIAN_POINT('',(0.00886566169444088,-0.009,-0.00784768500210956));
#3128=CARTESIAN_POINT('',(0.00893407234169736,-0.009,-0.00787700067774126));
#3129=CARTESIAN_POINT('',(0.0090072363956486,-0.009,-0.00790663581084858));
#3130=CARTESIAN_POINT('',(0.00908519232429184,-0.009,-0.00793641132458211));
#3131=CARTESIAN_POINT('',(0.00916797331564527,-0.009,-0.00796614676997676));
#3132=CARTESIAN_POINT('',(0.00925560726720891,-0.009,-0.00799566044137554));
#3133=CARTESIAN_POINT('',(0.00934811664005834,-0.009,-0.00802476961067449));
#3134=CARTESIAN_POINT('',(0.00944551885304186,-0.009,-0.00805329030633208));
#3135=CARTESIAN_POINT('',(0.00954782460860814,-0.009,-0.00808103885491187));
#3136=CARTESIAN_POINT('',(0.00965504421121354,-0.009,-0.00810782663042676));
#3137=CARTESIAN_POINT('',(0.00976716312638819,-0.009,-0.00813348096162368));
#3138=CARTESIAN_POINT('',(0.00988423585214068,-0.009,-0.00815776544355233));
#3139=CARTESIAN_POINT('',(0.0099928310617931,-0.009,-0.00817820346827883));
#3140=CARTESIAN_POINT('',(0.0100631406013147,-0.009,-0.00818988322886465));
#3141=CARTESIAN_POINT('',(0.0100920056909435,-0.009,-0.00819459706965295));
#3142=CARTESIAN_POINT('',(0.0100920056909435,-0.009,-0.00819459706965295));
#3143=CARTESIAN_POINT('',(0.,-0.009,7.9602041944578E-19));
#3144=CARTESIAN_POINT('',(0.0105273762217097,-0.009,-0.00762721114737107));
#3145=CARTESIAN_POINT('',(0.00902631691949528,-0.009,-0.00583850176576434));
#3146=CARTESIAN_POINT('',(0.00923444981371761,-0.009,-0.00597287667085831));
#3147=CARTESIAN_POINT('',(0.00946613030430252,-0.009,-0.00612245439162557));
#3148=CARTESIAN_POINT('',(0.00947507061227747,-0.009,-0.00612902951716554));
#3149=CARTESIAN_POINT('',(0.00948550638957329,-0.009,-0.00613646464345878));
#3150=CARTESIAN_POINT('',(0.0094976730816857,-0.009,-0.00614564420037362));
#3151=CARTESIAN_POINT('',(0.00951380147237436,-0.009,-0.0061582507492624));
#3152=CARTESIAN_POINT('',(0.00953298039740043,-0.009,-0.0061738992230452));
#3153=CARTESIAN_POINT('',(0.00955534018415444,-0.009,-0.00619288896321151));
#3154=CARTESIAN_POINT('',(0.00958067691152629,-0.009,-0.00621529843787747));
#3155=CARTESIAN_POINT('',(0.00960888431537895,-0.009,-0.00624126921429733));
#3156=CARTESIAN_POINT('',(0.00963982186915659,-0.009,-0.00627091899709439));
#3157=CARTESIAN_POINT('',(0.00967335437484947,-0.009,-0.00630436750458005));
#3158=CARTESIAN_POINT('',(0.00970934039046788,-0.009,-0.0063417286862403));
#3159=CARTESIAN_POINT('',(0.00974763573641175,-0.009,-0.00638311286182683));
#3160=CARTESIAN_POINT('',(0.0097880926167112,-0.009,-0.00642862597671212));
#3161=CARTESIAN_POINT('',(0.00983056001240827,-0.009,-0.00647836969546495));
#3162=CARTESIAN_POINT('',(0.00987488371407619,-0.009,-0.00653244125929079));
#3163=CARTESIAN_POINT('',(0.00992090646068172,-0.009,-0.00659093341509544));
#3164=CARTESIAN_POINT('',(0.00996846805169509,-0.009,-0.00665393432751063));
#3165=CARTESIAN_POINT('',(0.0100174054684128,-0.009,-0.00672152750226753));
#3166=CARTESIAN_POINT('',(0.0100675530002105,-0.009,-0.00679379170015888));
#3167=CARTESIAN_POINT('',(0.0101187423533054,-0.009,-0.00687080089698506));
#3168=CARTESIAN_POINT('',(0.010170802839257,-0.009,-0.00695262408199245));
#3169=CARTESIAN_POINT('',(0.0102235612635317,-0.009,-0.00703932569583519));
#3170=CARTESIAN_POINT('',(0.0102768429812111,-0.009,-0.00713096361446827));
#3171=CARTESIAN_POINT('',(0.0103304684605724,-0.009,-0.00722759661123009));
#3172=CARTESIAN_POINT('',(0.0103842671521951,-0.009,-0.00732925533750967));
#3173=CARTESIAN_POINT('',(0.0104380248115548,-0.009,-0.00743605362044447));
#3174=CARTESIAN_POINT('',(0.0104858729359414,-0.009,-0.00753565878801552));
#3175=CARTESIAN_POINT('',(0.0105153521662167,-0.009,-0.00760054964359213));
#3176=CARTESIAN_POINT('',(0.0105273762217097,-0.009,-0.00762721114737107));
#3177=CARTESIAN_POINT('',(0.00902631691949527,-0.009,-0.00583850176576435));
#3178=CARTESIAN_POINT('',(3.66638293033432E-16,-0.009,-2.13243628218428E-16));
#3179=CARTESIAN_POINT('',(0.00956944930893986,-0.009,-0.00489776887201004));
#3180=CARTESIAN_POINT('',(0.00956944930893986,-0.009,-0.00489776887201004));
#3181=CARTESIAN_POINT('',(0.00978988783749351,-0.009,-0.00501082979322278));
#3182=CARTESIAN_POINT('',(0.0100352661888106,-0.009,-0.00513668212324693));
#3183=CARTESIAN_POINT('',(0.0100454305685488,-0.009,-0.00514113709430091));
#3184=CARTESIAN_POINT('',(0.010057087465447,-0.009,-0.0051464571794007));
#3185=CARTESIAN_POINT('',(0.0100711205409869,-0.009,-0.00515240406539266));
#3186=CARTESIAN_POINT('',(0.010090102327923,-0.009,-0.0051600683870068));
#3187=CARTESIAN_POINT('',(0.0101132437662624,-0.009,-0.00516885358640525));
#3188=CARTESIAN_POINT('',(0.0101408692570347,-0.009,-0.00517872285967428));
#3189=CARTESIAN_POINT('',(0.0101729447950668,-0.009,-0.00518946037189408));
#3190=CARTESIAN_POINT('',(0.0102095398491287,-0.009,-0.00520090331199536));
#3191=CARTESIAN_POINT('',(0.0102506860911365,-0.009,-0.00521287112809921));
#3192=CARTESIAN_POINT('',(0.0102964196011842,-0.009,-0.00522518687613897));
#3193=CARTESIAN_POINT('',(0.0103467683414265,-0.009,-0.00523767108901537));
#3194=CARTESIAN_POINT('',(0.0104017557617711,-0.009,-0.00525014374365621));
#3195=CARTESIAN_POINT('',(0.0104613997156168,-0.009,-0.00526242387231075));
#3196=CARTESIAN_POINT('',(0.010525712737584,-0.009,-0.00527432985644057));
#3197=CARTESIAN_POINT('',(0.0105947019363135,-0.009,-0.00528567952616182));
#3198=CARTESIAN_POINT('',(0.0106683690024652,-0.009,-0.00529629031597183));
#3199=CARTESIAN_POINT('',(0.0107467101885851,-0.009,-0.00530597940582621));
#3200=CARTESIAN_POINT('',(0.0108297163034059,-0.009,-0.00531456386452093));
#3201=CARTESIAN_POINT('',(0.0109173727004627,-0.009,-0.0053218608020491));
#3202=CARTESIAN_POINT('',(0.0110096592977867,-0.009,-0.00532768748381953));
#3203=CARTESIAN_POINT('',(0.0111065504975974,-0.009,-0.00533186159468328));
#3204=CARTESIAN_POINT('',(0.0112080155098717,-0.009,-0.00533420092344741));
#3205=CARTESIAN_POINT('',(0.0113140171341976,-0.009,-0.00533452528519851));
#3206=CARTESIAN_POINT('',(0.0114245165039178,-0.009,-0.00533264981423457));
#3207=CARTESIAN_POINT('',(0.0115394548892036,-0.009,-0.00532841148473042));
#3208=CARTESIAN_POINT('',(0.0116588237449856,-0.009,-0.00532156784191655));
#3209=CARTESIAN_POINT('',(0.0117690084126436,-0.009,-0.00531320294937326));
#3210=CARTESIAN_POINT('',(0.0118399451571839,-0.009,-0.00530628728388738));
#3211=CARTESIAN_POINT('',(0.011869046724506,-0.009,-0.00530336966951131));
#3212=CARTESIAN_POINT('',(0.011869046724506,-0.009,-0.00530336966951131));
#3213=CARTESIAN_POINT('',(0.,-0.009,7.9602041944578E-19));
#3214=CARTESIAN_POINT('',(0.0121427320815687,-0.009,-0.0046426347686677));
#3215=CARTESIAN_POINT('',(0.010229868080655,-0.009,-0.0033033769164896));
#3216=CARTESIAN_POINT('',(0.0104656878031068,-0.009,-0.00337930435078796));
#3217=CARTESIAN_POINT('',(0.0107281875352677,-0.009,-0.00346382201097244));
#3218=CARTESIAN_POINT('',(0.0107385249773493,-0.009,-0.00346785917256959));
#3219=CARTESIAN_POINT('',(0.0107505295164442,-0.009,-0.00347233997516336));
#3220=CARTESIAN_POINT('',(0.0107646574827312,-0.009,-0.00347805777462669));
#3221=CARTESIAN_POINT('',(0.0107834991267793,-0.009,-0.00348606043110167));
#3222=CARTESIAN_POINT('',(0.0108060746688242,-0.009,-0.00349621182500914));
#3223=CARTESIAN_POINT('',(0.0108325874707369,-0.009,-0.00350876736681393));
#3224=CARTESIAN_POINT('',(0.0108628608688933,-0.009,-0.00352385562956294));
#3225=CARTESIAN_POINT('',(0.0108968288603207,-0.009,-0.0035416408599057));
#3226=CARTESIAN_POINT('',(0.0109343861709877,-0.009,-0.0035622731227267));
#3227=CARTESIAN_POINT('',(0.0109754331950242,-0.009,-0.00358590304885459));
#3228=CARTESIAN_POINT('',(0.0110198628022565,-0.009,-0.00361267731292151));
#3229=CARTESIAN_POINT('',(0.011067564278738,-0.009,-0.00364273979205116));
#3230=CARTESIAN_POINT('',(0.0111184222852046,-0.009,-0.00367623107402678));
#3231=CARTESIAN_POINT('',(0.0111723172612711,-0.009,-0.0037132884458635));
#3232=CARTESIAN_POINT('',(0.0112291254199455,-0.009,-0.00375404574768962));
#3233=CARTESIAN_POINT('',(0.0112887188633998,-0.009,-0.00379863326828721));
#3234=CARTESIAN_POINT('',(0.0113509656684909,-0.009,-0.00384717763109918));
#3235=CARTESIAN_POINT('',(0.0114157299841165,-0.009,-0.00389980168881306));
#3236=CARTESIAN_POINT('',(0.0114828721308979,-0.009,-0.00395662440757827));
#3237=CARTESIAN_POINT('',(0.01155224869587,-0.009,-0.00401776080016701));
#3238=CARTESIAN_POINT('',(0.0116237126623906,-0.009,-0.00408332168249331));
#3239=CARTESIAN_POINT('',(0.0116971134158555,-0.009,-0.00415341412549307));
#3240=CARTESIAN_POINT('',(0.0117722972416269,-0.009,-0.00422813923447693));
#3241=CARTESIAN_POINT('',(0.0118491059370363,-0.009,-0.00430760024635944));
#3242=CARTESIAN_POINT('',(0.0119273826971573,-0.009,-0.00439187090954698));
#3243=CARTESIAN_POINT('',(0.0120069500383015,-0.009,-0.0044811166231746));
#3244=CARTESIAN_POINT('',(0.012078947491744,-0.009,-0.00456494382109964));
#3245=CARTESIAN_POINT('',(0.0121242172308823,-0.009,-0.00461999378816086));
#3246=CARTESIAN_POINT('',(0.0121427320815687,-0.009,-0.0046426347686677));
#3247=CARTESIAN_POINT('',(0.010229868080655,-0.009,-0.00330337691648961));
#3248=CARTESIAN_POINT('',(4.09336908377222E-16,-0.009,-1.11084554886833E-16));
#3249=CARTESIAN_POINT('',(0.0105110140934556,-0.009,-0.00225412571237238));
#3250=CARTESIAN_POINT('',(0.0105110140934556,-0.009,-0.00225412571237238));
#3251=CARTESIAN_POINT('',(0.0107532036809614,-0.009,-0.00230628048665174));
#3252=CARTESIAN_POINT('',(0.0110227939475916,-0.009,-0.00236433591194399));
#3253=CARTESIAN_POINT('',(0.011033765015843,-0.009,-0.00236600834848252));
#3254=CARTESIAN_POINT('',(0.0110464016529568,-0.009,-0.00236813012915441));
#3255=CARTESIAN_POINT('',(0.0110614957303969,-0.009,-0.00237024235270894));
#3256=CARTESIAN_POINT('',(0.011081814401029,-0.009,-0.0023727326709279));
#3257=CARTESIAN_POINT('',(0.0111064410908979,-0.009,-0.00237522907694265));
#3258=CARTESIAN_POINT('',(0.0111356796217821,-0.009,-0.00237761205973774));
#3259=CARTESIAN_POINT('',(0.0111694412850189,-0.009,-0.00237968193997632));
#3260=CARTESIAN_POINT('',(0.011207751043682,-0.009,-0.00238126347440104));
#3261=CARTESIAN_POINT('',(0.011250592760228,-0.009,-0.00238217406599402));
#3262=CARTESIAN_POINT('',(0.0112979554888573,-0.009,-0.00238223346169596));
#3263=CARTESIAN_POINT('',(0.011349819789434,-0.009,-0.00238126107246252));
#3264=CARTESIAN_POINT('',(0.0114061617194299,-0.009,-0.00237907694007626));
#3265=CARTESIAN_POINT('',(0.0114669516860036,-0.009,-0.00237550164231334));
#3266=CARTESIAN_POINT('',(0.0115321547903319,-0.009,-0.00237035650493851));
#3267=CARTESIAN_POINT('',(0.0116017307497992,-0.009,-0.00236346372550457));
#3268=CARTESIAN_POINT('',(0.0116756339460285,-0.009,-0.00235464652170248));
#3269=CARTESIAN_POINT('',(0.0117538134419478,-0.009,-0.00234372927284234));
#3270=CARTESIAN_POINT('',(0.0118362130133952,-0.009,-0.0023305376598247));
#3271=CARTESIAN_POINT('',(0.011922771177555,-0.009,-0.00231489881525258));
#3272=CARTESIAN_POINT('',(0.0120134212415425,-0.009,-0.00229664142866105));
#3273=CARTESIAN_POINT('',(0.0121080912931678,-0.009,-0.00227559602233229));
#3274=CARTESIAN_POINT('',(0.0122067044318251,-0.009,-0.00225159456281361));
#3275=CARTESIAN_POINT('',(0.0123091780893888,-0.009,-0.00222447263301872));
#3276=CARTESIAN_POINT('',(0.0124154268767862,-0.009,-0.00219406172582278));
#3277=CARTESIAN_POINT('',(0.0125253518711707,-0.009,-0.00216021957076909));
#3278=CARTESIAN_POINT('',(0.0126388820667269,-0.009,-0.00212271418616081));
#3279=CARTESIAN_POINT('',(0.0127431472893785,-0.009,-0.00208611642995091));
#3280=CARTESIAN_POINT('',(0.0128098770170255,-0.009,-0.00206107662956753));
#3281=CARTESIAN_POINT('',(0.0128372318383206,-0.009,-0.00205072639062523));
#3282=CARTESIAN_POINT('',(0.0128372318383206,-0.009,-0.00205072639062523));
#3283=CARTESIAN_POINT('',(0.,-0.009,7.9602041944578E-19));
#3284=CARTESIAN_POINT('',(0.0129305808168824,-0.009,-0.00134167050279635));
#3285=CARTESIAN_POINT('',(0.0107362706377744,-0.009,-0.000543132389444579));
#3286=CARTESIAN_POINT('',(0.0109837064640811,-0.009,-0.000555438023775907));
#3287=CARTESIAN_POINT('',(0.0112591365148725,-0.009,-0.000569135884508075));
#3288=CARTESIAN_POINT('',(0.0112701666114664,-0.009,-0.000570359956271285));
#3289=CARTESIAN_POINT('',(0.0112829218228595,-0.009,-0.000571581075873674));
#3290=CARTESIAN_POINT('',(0.0112980482657663,-0.009,-0.000573447459301198));
#3291=CARTESIAN_POINT('',(0.0113183191362692,-0.009,-0.000576300855548608));
#3292=CARTESIAN_POINT('',(0.0113427528094504,-0.009,-0.000580263368861936));
#3293=CARTESIAN_POINT('',(0.0113716118228858,-0.009,-0.000585529072880215));
#3294=CARTESIAN_POINT('',(0.0114047588097715,-0.009,-0.000592267883540472));
#3295=CARTESIAN_POINT('',(0.0114421725262927,-0.009,-0.000600655533749753));
#3296=CARTESIAN_POINT('',(0.0114837901251936,-0.009,-0.000610864221979874));
#3297=CARTESIAN_POINT('',(0.011529554380719,-0.009,-0.000623065226334689));
#3298=CARTESIAN_POINT('',(0.0115793997752557,-0.009,-0.000637427950958664));
#3299=CARTESIAN_POINT('',(0.011633256605483,-0.009,-0.00065412002535934));
#3300=CARTESIAN_POINT('',(0.0116910498490229,-0.009,-0.000673307098905636));
#3301=CARTESIAN_POINT('',(0.0117526995519055,-0.009,-0.000695152725175758));
#3302=CARTESIAN_POINT('',(0.0118181207854526,-0.009,-0.000719818222237333));
#3303=CARTESIAN_POINT('',(0.0118872237310673,-0.009,-0.000747462541783512));
#3304=CARTESIAN_POINT('',(0.0119599137333368,-0.009,-0.000778242136889979));
#3305=CARTESIAN_POINT('',(0.0120360913667884,-0.009,-0.00081231083499301));
#3306=CARTESIAN_POINT('',(0.012115652502208,-0.009,-0.000849819700252211));
#3307=CARTESIAN_POINT('',(0.0121984883808046,-0.009,-0.000890916944481245));
#3308=CARTESIAN_POINT('',(0.0122844856766757,-0.009,-0.000935747658340399));
#3309=CARTESIAN_POINT('',(0.0123735266192826,-0.009,-0.000984454246339984));
#3310=CARTESIAN_POINT('',(0.0124654888996668,-0.009,-0.00103717415298646));
#3311=CARTESIAN_POINT('',(0.0125602464254646,-0.009,-0.00109404804334538));
#3312=CARTESIAN_POINT('',(0.0126576668222401,-0.009,-0.00115518773700851));
#3313=CARTESIAN_POINT('',(0.012757621462361,-0.009,-0.00122079893343073));
#3314=CARTESIAN_POINT('',(0.0128488617373888,-0.009,-0.00128313547670217));
#3315=CARTESIAN_POINT('',(0.0129068369274795,-0.009,-0.00132459299096716));
#3316=CARTESIAN_POINT('',(0.0129305808168824,-0.009,-0.00134167050279635));
#3317=CARTESIAN_POINT('',(0.0107362706377744,-0.009,-0.000543132389444584));
#3318=CARTESIAN_POINT('',(4.2413988987633E-16,-0.009,-1.35525271560688E-18));
#3319=CARTESIAN_POINT('',(0.0107362706377744,-0.009,0.000543132389444582));
#3320=CARTESIAN_POINT('',(0.0107362706377744,-0.009,0.000543132389444579));
#3321=CARTESIAN_POINT('',(0.0109837064640811,-0.009,0.000555438023775907));
#3322=CARTESIAN_POINT('',(0.0112591365148725,-0.009,0.000569135884508075));
#3323=CARTESIAN_POINT('',(0.0112701666114664,-0.009,0.000570359956271284));
#3324=CARTESIAN_POINT('',(0.0112829218228595,-0.009,0.000571581075873674));
#3325=CARTESIAN_POINT('',(0.0112980482657663,-0.009,0.000573447459301198));
#3326=CARTESIAN_POINT('',(0.0113183191362692,-0.009,0.000576300855548608));
#3327=CARTESIAN_POINT('',(0.0113427528094504,-0.009,0.000580263368861935));
#3328=CARTESIAN_POINT('',(0.0113716118228858,-0.009,0.000585529072880215));
#3329=CARTESIAN_POINT('',(0.0114047588097715,-0.009,0.000592267883540471));
#3330=CARTESIAN_POINT('',(0.0114421725262927,-0.009,0.000600655533749753));
#3331=CARTESIAN_POINT('',(0.0114837901251936,-0.009,0.000610864221979874));
#3332=CARTESIAN_POINT('',(0.011529554380719,-0.009,0.000623065226334689));
#3333=CARTESIAN_POINT('',(0.0115793997752557,-0.009,0.000637427950958664));
#3334=CARTESIAN_POINT('',(0.011633256605483,-0.009,0.00065412002535934));
#3335=CARTESIAN_POINT('',(0.0116910498490229,-0.009,0.000673307098905636));
#3336=CARTESIAN_POINT('',(0.0117526995519055,-0.009,0.000695152725175758));
#3337=CARTESIAN_POINT('',(0.0118181207854526,-0.009,0.000719818222237333));
#3338=CARTESIAN_POINT('',(0.0118872237310673,-0.009,0.000747462541783512));
#3339=CARTESIAN_POINT('',(0.0119599137333368,-0.009,0.000778242136889979));
#3340=CARTESIAN_POINT('',(0.0120360913667884,-0.009,0.000812310834993011));
#3341=CARTESIAN_POINT('',(0.012115652502208,-0.009,0.000849819700252211));
#3342=CARTESIAN_POINT('',(0.0121984883808046,-0.009,0.000890916944481245));
#3343=CARTESIAN_POINT('',(0.0122844856766757,-0.009,0.000935747658340399));
#3344=CARTESIAN_POINT('',(0.0123735266192826,-0.009,0.000984454246339984));
#3345=CARTESIAN_POINT('',(0.0124654888996668,-0.009,0.00103717415298646));
#3346=CARTESIAN_POINT('',(0.0125602464254646,-0.009,0.00109404804334538));
#3347=CARTESIAN_POINT('',(0.0126576668222401,-0.009,0.00115518773700851));
#3348=CARTESIAN_POINT('',(0.012757621462361,-0.009,0.00122079893343073));
#3349=CARTESIAN_POINT('',(0.0128488617373888,-0.009,0.00128313547670217));
#3350=CARTESIAN_POINT('',(0.0129068369274795,-0.009,0.00132459299096716));
#3351=CARTESIAN_POINT('',(0.0129305808168824,-0.009,0.00134167050279635));
#3352=CARTESIAN_POINT('',(0.0129305808168824,-0.009,0.00134167050279635));
#3353=CARTESIAN_POINT('',(0.,-0.009,7.9602041944578E-19));
#3354=CARTESIAN_POINT('',(0.0128372318383206,-0.009,0.00205072639062523));
#3355=CARTESIAN_POINT('',(0.0105110140934556,-0.009,0.00225412571237238));
#3356=CARTESIAN_POINT('',(0.0107532036809614,-0.009,0.00230628048665174));
#3357=CARTESIAN_POINT('',(0.0110227939475916,-0.009,0.002364335911944));
#3358=CARTESIAN_POINT('',(0.011033765015843,-0.009,0.00236600834848252));
#3359=CARTESIAN_POINT('',(0.0110464016529568,-0.009,0.00236813012915441));
#3360=CARTESIAN_POINT('',(0.0110614957303969,-0.009,0.00237024235270894));
#3361=CARTESIAN_POINT('',(0.011081814401029,-0.009,0.0023727326709279));
#3362=CARTESIAN_POINT('',(0.0111064410908979,-0.009,0.00237522907694265));
#3363=CARTESIAN_POINT('',(0.0111356796217821,-0.009,0.00237761205973774));
#3364=CARTESIAN_POINT('',(0.0111694412850189,-0.009,0.00237968193997632));
#3365=CARTESIAN_POINT('',(0.011207751043682,-0.009,0.00238126347440104));
#3366=CARTESIAN_POINT('',(0.011250592760228,-0.009,0.00238217406599403));
#3367=CARTESIAN_POINT('',(0.0112979554888573,-0.009,0.00238223346169596));
#3368=CARTESIAN_POINT('',(0.011349819789434,-0.009,0.00238126107246252));
#3369=CARTESIAN_POINT('',(0.0114061617194299,-0.009,0.00237907694007626));
#3370=CARTESIAN_POINT('',(0.0114669516860036,-0.009,0.00237550164231334));
#3371=CARTESIAN_POINT('',(0.0115321547903319,-0.009,0.00237035650493851));
#3372=CARTESIAN_POINT('',(0.0116017307497992,-0.009,0.00236346372550457));
#3373=CARTESIAN_POINT('',(0.0116756339460285,-0.009,0.00235464652170248));
#3374=CARTESIAN_POINT('',(0.0117538134419478,-0.009,0.00234372927284234));
#3375=CARTESIAN_POINT('',(0.0118362130133952,-0.009,0.0023305376598247));
#3376=CARTESIAN_POINT('',(0.011922771177555,-0.009,0.00231489881525258));
#3377=CARTESIAN_POINT('',(0.0120134212415425,-0.009,0.00229664142866105));
#3378=CARTESIAN_POINT('',(0.0121080912931678,-0.009,0.00227559602233229));
#3379=CARTESIAN_POINT('',(0.0122067044318251,-0.009,0.00225159456281361));
#3380=CARTESIAN_POINT('',(0.0123091780893888,-0.009,0.00222447263301872));
#3381=CARTESIAN_POINT('',(0.0124154268767862,-0.009,0.00219406172582278));
#3382=CARTESIAN_POINT('',(0.0125253518711707,-0.009,0.00216021957076909));
#3383=CARTESIAN_POINT('',(0.0126388820667269,-0.009,0.00212271418616081));
#3384=CARTESIAN_POINT('',(0.0127431472893785,-0.009,0.00208611642995091));
#3385=CARTESIAN_POINT('',(0.0128098770170255,-0.009,0.00206107662956753));
#3386=CARTESIAN_POINT('',(0.0128372318383206,-0.009,0.00205072639062523));
#3387=CARTESIAN_POINT('',(0.0105110140934556,-0.009,0.00225412571237238));
#3388=CARTESIAN_POINT('',(4.10038438804674E-16,-0.009,1.08466407688527E-16));
#3389=CARTESIAN_POINT('',(0.010229868080655,-0.009,0.00330337691648961));
#3390=CARTESIAN_POINT('',(0.010229868080655,-0.009,0.00330337691648961));
#3391=CARTESIAN_POINT('',(0.0104656878031068,-0.009,0.00337930435078796));
#3392=CARTESIAN_POINT('',(0.0107281875352677,-0.009,0.00346382201097244));
#3393=CARTESIAN_POINT('',(0.0107385249773493,-0.009,0.00346785917256959));
#3394=CARTESIAN_POINT('',(0.0107505295164442,-0.009,0.00347233997516336));
#3395=CARTESIAN_POINT('',(0.0107646574827312,-0.009,0.00347805777462669));
#3396=CARTESIAN_POINT('',(0.0107834991267793,-0.009,0.00348606043110167));
#3397=CARTESIAN_POINT('',(0.0108060746688242,-0.009,0.00349621182500914));
#3398=CARTESIAN_POINT('',(0.0108325874707369,-0.009,0.00350876736681393));
#3399=CARTESIAN_POINT('',(0.0108628608688933,-0.009,0.00352385562956294));
#3400=CARTESIAN_POINT('',(0.0108968288603207,-0.009,0.0035416408599057));
#3401=CARTESIAN_POINT('',(0.0109343861709877,-0.009,0.0035622731227267));
#3402=CARTESIAN_POINT('',(0.0109754331950242,-0.009,0.00358590304885459));
#3403=CARTESIAN_POINT('',(0.0110198628022565,-0.009,0.00361267731292151));
#3404=CARTESIAN_POINT('',(0.011067564278738,-0.009,0.00364273979205116));
#3405=CARTESIAN_POINT('',(0.0111184222852046,-0.009,0.00367623107402679));
#3406=CARTESIAN_POINT('',(0.0111723172612711,-0.009,0.0037132884458635));
#3407=CARTESIAN_POINT('',(0.0112291254199455,-0.009,0.00375404574768962));
#3408=CARTESIAN_POINT('',(0.0112887188633998,-0.009,0.00379863326828722));
#3409=CARTESIAN_POINT('',(0.0113509656684909,-0.009,0.00384717763109918));
#3410=CARTESIAN_POINT('',(0.0114157299841165,-0.009,0.00389980168881306));
#3411=CARTESIAN_POINT('',(0.0114828721308979,-0.009,0.00395662440757828));
#3412=CARTESIAN_POINT('',(0.01155224869587,-0.009,0.00401776080016701));
#3413=CARTESIAN_POINT('',(0.0116237126623906,-0.009,0.00408332168249331));
#3414=CARTESIAN_POINT('',(0.0116971134158555,-0.009,0.00415341412549307));
#3415=CARTESIAN_POINT('',(0.0117722972416269,-0.009,0.00422813923447693));
#3416=CARTESIAN_POINT('',(0.0118491059370363,-0.009,0.00430760024635944));
#3417=CARTESIAN_POINT('',(0.0119273826971573,-0.009,0.00439187090954698));
#3418=CARTESIAN_POINT('',(0.0120069500383015,-0.009,0.0044811166231746));
#3419=CARTESIAN_POINT('',(0.012078947491744,-0.009,0.00456494382109964));
#3420=CARTESIAN_POINT('',(0.0121242172308823,-0.009,0.00461999378816086));
#3421=CARTESIAN_POINT('',(0.0121427320815687,-0.009,0.0046426347686677));
#3422=CARTESIAN_POINT('',(0.0121427320815687,-0.009,0.0046426347686677));
#3423=CARTESIAN_POINT('',(0.,-0.009,7.9602041944578E-19));
#3424=CARTESIAN_POINT('',(0.011869046724506,-0.009,0.0053033696695113));
#3425=CARTESIAN_POINT('',(0.00956944930893986,-0.009,0.00489776887201004));
#3426=CARTESIAN_POINT('',(0.00978988783749352,-0.009,0.00501082979322278));
#3427=CARTESIAN_POINT('',(0.0100352661888106,-0.009,0.00513668212324692));
#3428=CARTESIAN_POINT('',(0.0100454305685488,-0.009,0.0051411370943009));
#3429=CARTESIAN_POINT('',(0.010057087465447,-0.009,0.00514645717940069));
#3430=CARTESIAN_POINT('',(0.0100711205409869,-0.009,0.00515240406539265));
#3431=CARTESIAN_POINT('',(0.010090102327923,-0.009,0.00516006838700679));
#3432=CARTESIAN_POINT('',(0.0101132437662624,-0.009,0.00516885358640525));
#3433=CARTESIAN_POINT('',(0.0101408692570347,-0.009,0.00517872285967427));
#3434=CARTESIAN_POINT('',(0.0101729447950668,-0.009,0.00518946037189408));
#3435=CARTESIAN_POINT('',(0.0102095398491287,-0.009,0.00520090331199535));
#3436=CARTESIAN_POINT('',(0.0102506860911365,-0.009,0.00521287112809921));
#3437=CARTESIAN_POINT('',(0.0102964196011842,-0.009,0.00522518687613896));
#3438=CARTESIAN_POINT('',(0.0103467683414265,-0.009,0.00523767108901536));
#3439=CARTESIAN_POINT('',(0.0104017557617711,-0.009,0.0052501437436562));
#3440=CARTESIAN_POINT('',(0.0104613997156168,-0.009,0.00526242387231075));
#3441=CARTESIAN_POINT('',(0.010525712737584,-0.009,0.00527432985644056));
#3442=CARTESIAN_POINT('',(0.0105947019363135,-0.009,0.00528567952616182));
#3443=CARTESIAN_POINT('',(0.0106683690024652,-0.009,0.00529629031597182));
#3444=CARTESIAN_POINT('',(0.0107467101885851,-0.009,0.00530597940582621));
#3445=CARTESIAN_POINT('',(0.0108297163034059,-0.009,0.00531456386452093));
#3446=CARTESIAN_POINT('',(0.0109173727004627,-0.009,0.00532186080204909));
#3447=CARTESIAN_POINT('',(0.0110096592977867,-0.009,0.00532768748381952));
#3448=CARTESIAN_POINT('',(0.0111065504975974,-0.009,0.00533186159468327));
#3449=CARTESIAN_POINT('',(0.0112080155098717,-0.009,0.0053342009234474));
#3450=CARTESIAN_POINT('',(0.0113140171341976,-0.009,0.00533452528519851));
#3451=CARTESIAN_POINT('',(0.0114245165039178,-0.009,0.00533264981423456));
#3452=CARTESIAN_POINT('',(0.0115394548892036,-0.009,0.00532841148473041));
#3453=CARTESIAN_POINT('',(0.0116588237449856,-0.009,0.00532156784191654));
#3454=CARTESIAN_POINT('',(0.0117690084126436,-0.009,0.00531320294937325));
#3455=CARTESIAN_POINT('',(0.0118399451571839,-0.009,0.00530628728388737));
#3456=CARTESIAN_POINT('',(0.011869046724506,-0.009,0.0053033696695113));
#3457=CARTESIAN_POINT('',(0.00956944930893986,-0.009,0.00489776887201004));
#3458=CARTESIAN_POINT('',(3.67993545749039E-16,-0.009,2.10896261657901E-16));
#3459=CARTESIAN_POINT('',(0.00902631691949528,-0.009,0.00583850176576434));
#3460=CARTESIAN_POINT('',(0.00902631691949528,-0.009,0.00583850176576434));
#3461=CARTESIAN_POINT('',(0.00923444981371761,-0.009,0.0059728766708583));
#3462=CARTESIAN_POINT('',(0.00946613030430252,-0.009,0.00612245439162556));
#3463=CARTESIAN_POINT('',(0.00947507061227748,-0.009,0.00612902951716553));
#3464=CARTESIAN_POINT('',(0.0094855063895733,-0.009,0.00613646464345878));
#3465=CARTESIAN_POINT('',(0.00949767308168571,-0.009,0.00614564420037361));
#3466=CARTESIAN_POINT('',(0.00951380147237436,-0.009,0.0061582507492624));
#3467=CARTESIAN_POINT('',(0.00953298039740043,-0.009,0.0061738992230452));
#3468=CARTESIAN_POINT('',(0.00955534018415445,-0.009,0.00619288896321151));
#3469=CARTESIAN_POINT('',(0.0095806769115263,-0.009,0.00621529843787746));
#3470=CARTESIAN_POINT('',(0.00960888431537895,-0.009,0.00624126921429732));
#3471=CARTESIAN_POINT('',(0.00963982186915659,-0.009,0.00627091899709438));
#3472=CARTESIAN_POINT('',(0.00967335437484948,-0.009,0.00630436750458004));
#3473=CARTESIAN_POINT('',(0.00970934039046789,-0.009,0.00634172868624029));
#3474=CARTESIAN_POINT('',(0.00974763573641175,-0.009,0.00638311286182682));
#3475=CARTESIAN_POINT('',(0.00978809261671121,-0.009,0.00642862597671211));
#3476=CARTESIAN_POINT('',(0.00983056001240828,-0.009,0.00647836969546494));
#3477=CARTESIAN_POINT('',(0.00987488371407619,-0.009,0.00653244125929078));
#3478=CARTESIAN_POINT('',(0.00992090646068173,-0.009,0.00659093341509544));
#3479=CARTESIAN_POINT('',(0.00996846805169509,-0.009,0.00665393432751062));
#3480=CARTESIAN_POINT('',(0.0100174054684129,-0.009,0.00672152750226752));
#3481=CARTESIAN_POINT('',(0.0100675530002105,-0.009,0.00679379170015888));
#3482=CARTESIAN_POINT('',(0.0101187423533054,-0.009,0.00687080089698506));
#3483=CARTESIAN_POINT('',(0.010170802839257,-0.009,0.00695262408199245));
#3484=CARTESIAN_POINT('',(0.0102235612635317,-0.009,0.00703932569583518));
#3485=CARTESIAN_POINT('',(0.0102768429812111,-0.009,0.00713096361446826));
#3486=CARTESIAN_POINT('',(0.0103304684605724,-0.009,0.00722759661123009));
#3487=CARTESIAN_POINT('',(0.0103842671521951,-0.009,0.00732925533750966));
#3488=CARTESIAN_POINT('',(0.0104380248115548,-0.009,0.00743605362044446));
#3489=CARTESIAN_POINT('',(0.0104858729359414,-0.009,0.00753565878801552));
#3490=CARTESIAN_POINT('',(0.0105153521662167,-0.009,0.00760054964359212));
#3491=CARTESIAN_POINT('',(0.0105273762217097,-0.009,0.00762721114737106));
#3492=CARTESIAN_POINT('',(0.0105273762217097,-0.009,0.00762721114737106));
#3493=CARTESIAN_POINT('',(0.,-0.009,7.9602041944578E-19));
#3494=CARTESIAN_POINT('',(0.0100920056909435,-0.009,0.00819459706965295));
#3495=CARTESIAN_POINT('',(0.0079757423682826,-0.009,0.00720763717696597));
#3496=CARTESIAN_POINT('',(0.00815940731645505,-0.009,0.00737389933017345));
#3497=CARTESIAN_POINT('',(0.00836385162332367,-0.009,0.00755897193661914));
#3498=CARTESIAN_POINT('',(0.00837251662886682,-0.009,0.00756590584327344));
#3499=CARTESIAN_POINT('',(0.00838239938728979,-0.009,0.00757406167779344));
#3500=CARTESIAN_POINT('',(0.00839441513002231,-0.009,0.00758343795577017));
#3501=CARTESIAN_POINT('',(0.00841076645585144,-0.009,0.00759575396992738));
#3502=CARTESIAN_POINT('',(0.0084308455918816,-0.009,0.00761022926588875));
#3503=CARTESIAN_POINT('',(0.00845497541099913,-0.009,0.00762691225496818));
#3504=CARTESIAN_POINT('',(0.00848317892891695,-0.009,0.007645585655456));
#3505=CARTESIAN_POINT('',(0.00851556538591964,-0.009,0.00766611018377629));
#3506=CARTESIAN_POINT('',(0.00855221210499371,-0.009,0.00768831963750128));
#3507=CARTESIAN_POINT('',(0.00859319973332826,-0.009,0.00771205244000268));
#3508=CARTESIAN_POINT('',(0.00863860172979398,-0.009,0.00773714247651254));
#3509=CARTESIAN_POINT('',(0.00868848733866175,-0.009,0.00776342192737874));
#3510=CARTESIAN_POINT('',(0.00874292064289124,-0.009,0.00779072061197681));
#3511=CARTESIAN_POINT('',(0.00880196075633257,-0.009,0.00781886634446839));
#3512=CARTESIAN_POINT('',(0.00886566169444089,-0.009,0.00784768500210956));
#3513=CARTESIAN_POINT('',(0.00893407234169737,-0.009,0.00787700067774126));
#3514=CARTESIAN_POINT('',(0.0090072363956486,-0.009,0.00790663581084857));
#3515=CARTESIAN_POINT('',(0.00908519232429184,-0.009,0.00793641132458211));
#3516=CARTESIAN_POINT('',(0.00916797331564527,-0.009,0.00796614676997676));
#3517=CARTESIAN_POINT('',(0.00925560726720891,-0.009,0.00799566044137553));
#3518=CARTESIAN_POINT('',(0.00934811664005835,-0.009,0.00802476961067449));
#3519=CARTESIAN_POINT('',(0.00944551885304187,-0.009,0.00805329030633208));
#3520=CARTESIAN_POINT('',(0.00954782460860814,-0.009,0.00808103885491187));
#3521=CARTESIAN_POINT('',(0.00965504421121354,-0.009,0.00810782663042675));
#3522=CARTESIAN_POINT('',(0.0097671631263882,-0.009,0.00813348096162368));
#3523=CARTESIAN_POINT('',(0.00988423585214068,-0.009,0.00815776544355233));
#3524=CARTESIAN_POINT('',(0.0099928310617931,-0.009,0.00817820346827883));
#3525=CARTESIAN_POINT('',(0.0100631406013147,-0.009,0.00818988322886464));
#3526=CARTESIAN_POINT('',(0.0100920056909435,-0.009,0.00819459706965295));
#3527=CARTESIAN_POINT('',(0.0079757423682826,-0.009,0.00720763717696596));
#3528=CARTESIAN_POINT('',(3.00870500688695E-16,-0.009,2.98953883917841E-16));
#3529=CARTESIAN_POINT('',(0.00720763717696597,-0.009,0.0079757423682826));
#3530=CARTESIAN_POINT('',(0.00720763717696597,-0.009,0.0079757423682826));
#3531=CARTESIAN_POINT('',(0.00737389933017345,-0.009,0.00815940731645505));
#3532=CARTESIAN_POINT('',(0.00755897193661914,-0.009,0.00836385162332367));
#3533=CARTESIAN_POINT('',(0.00756590584327344,-0.009,0.00837251662886682));
#3534=CARTESIAN_POINT('',(0.00757406167779344,-0.009,0.00838239938728979));
#3535=CARTESIAN_POINT('',(0.00758343795577017,-0.009,0.00839441513002231));
#3536=CARTESIAN_POINT('',(0.00759575396992739,-0.009,0.00841076645585144));
#3537=CARTESIAN_POINT('',(0.00761022926588875,-0.009,0.0084308455918816));
#3538=CARTESIAN_POINT('',(0.00762691225496818,-0.009,0.00845497541099913));
#3539=CARTESIAN_POINT('',(0.007645585655456,-0.009,0.00848317892891694));
#3540=CARTESIAN_POINT('',(0.00766611018377629,-0.009,0.00851556538591964));
#3541=CARTESIAN_POINT('',(0.00768831963750128,-0.009,0.00855221210499371));
#3542=CARTESIAN_POINT('',(0.00771205244000269,-0.009,0.00859319973332826));
#3543=CARTESIAN_POINT('',(0.00773714247651254,-0.009,0.00863860172979398));
#3544=CARTESIAN_POINT('',(0.00776342192737874,-0.009,0.00868848733866175));
#3545=CARTESIAN_POINT('',(0.00779072061197681,-0.009,0.00874292064289125));
#3546=CARTESIAN_POINT('',(0.0078188663444684,-0.009,0.00880196075633257));
#3547=CARTESIAN_POINT('',(0.00784768500210956,-0.009,0.00886566169444088));
#3548=CARTESIAN_POINT('',(0.00787700067774126,-0.009,0.00893407234169736));
#3549=CARTESIAN_POINT('',(0.00790663581084857,-0.009,0.0090072363956486));
#3550=CARTESIAN_POINT('',(0.00793641132458211,-0.009,0.00908519232429184));
#3551=CARTESIAN_POINT('',(0.00796614676997676,-0.009,0.00916797331564527));
#3552=CARTESIAN_POINT('',(0.00799566044137554,-0.009,0.00925560726720891));
#3553=CARTESIAN_POINT('',(0.00802476961067449,-0.009,0.00934811664005834));
#3554=CARTESIAN_POINT('',(0.00805329030633208,-0.009,0.00944551885304187));
#3555=CARTESIAN_POINT('',(0.00808103885491187,-0.009,0.00954782460860814));
#3556=CARTESIAN_POINT('',(0.00810782663042675,-0.009,0.00965504421121354));
#3557=CARTESIAN_POINT('',(0.00813348096162368,-0.009,0.0097671631263882));
#3558=CARTESIAN_POINT('',(0.00815776544355233,-0.009,0.00988423585214068));
#3559=CARTESIAN_POINT('',(0.00817820346827883,-0.009,0.0099928310617931));
#3560=CARTESIAN_POINT('',(0.00818988322886464,-0.009,0.0100631406013147));
#3561=CARTESIAN_POINT('',(0.00819459706965294,-0.009,0.0100920056909435));
#3562=CARTESIAN_POINT('',(0.00819459706965294,-0.009,0.0100920056909435));
#3563=CARTESIAN_POINT('',(0.,-0.009,7.9602041944578E-19));
#3564=CARTESIAN_POINT('',(0.00762721114737107,-0.009,0.0105273762217097));
#3565=CARTESIAN_POINT('',(0.00583850176576434,-0.009,0.00902631691949528));
#3566=CARTESIAN_POINT('',(0.0059728766708583,-0.009,0.00923444981371761));
#3567=CARTESIAN_POINT('',(0.00612245439162556,-0.009,0.00946613030430252));
#3568=CARTESIAN_POINT('',(0.00612902951716553,-0.009,0.00947507061227748));
#3569=CARTESIAN_POINT('',(0.00613646464345878,-0.009,0.00948550638957329));
#3570=CARTESIAN_POINT('',(0.00614564420037361,-0.009,0.00949767308168571));
#3571=CARTESIAN_POINT('',(0.0061582507492624,-0.009,0.00951380147237436));
#3572=CARTESIAN_POINT('',(0.0061738992230452,-0.009,0.00953298039740043));
#3573=CARTESIAN_POINT('',(0.00619288896321151,-0.009,0.00955534018415445));
#3574=CARTESIAN_POINT('',(0.00621529843787746,-0.009,0.0095806769115263));
#3575=CARTESIAN_POINT('',(0.00624126921429733,-0.009,0.00960888431537895));
#3576=CARTESIAN_POINT('',(0.00627091899709438,-0.009,0.00963982186915659));
#3577=CARTESIAN_POINT('',(0.00630436750458005,-0.009,0.00967335437484947));
#3578=CARTESIAN_POINT('',(0.0063417286862403,-0.009,0.00970934039046789));
#3579=CARTESIAN_POINT('',(0.00638311286182682,-0.009,0.00974763573641175));
#3580=CARTESIAN_POINT('',(0.00642862597671211,-0.009,0.0097880926167112));
#3581=CARTESIAN_POINT('',(0.00647836969546494,-0.009,0.00983056001240828));
#3582=CARTESIAN_POINT('',(0.00653244125929079,-0.009,0.00987488371407619));
#3583=CARTESIAN_POINT('',(0.00659093341509544,-0.009,0.00992090646068173));
#3584=CARTESIAN_POINT('',(0.00665393432751062,-0.009,0.00996846805169509));
#3585=CARTESIAN_POINT('',(0.00672152750226752,-0.009,0.0100174054684129));
#3586=CARTESIAN_POINT('',(0.00679379170015888,-0.009,0.0100675530002105));
#3587=CARTESIAN_POINT('',(0.00687080089698506,-0.009,0.0101187423533054));
#3588=CARTESIAN_POINT('',(0.00695262408199245,-0.009,0.010170802839257));
#3589=CARTESIAN_POINT('',(0.00703932569583519,-0.009,0.0102235612635317));
#3590=CARTESIAN_POINT('',(0.00713096361446826,-0.009,0.0102768429812111));
#3591=CARTESIAN_POINT('',(0.00722759661123009,-0.009,0.0103304684605724));
#3592=CARTESIAN_POINT('',(0.00732925533750967,-0.009,0.0103842671521951));
#3593=CARTESIAN_POINT('',(0.00743605362044447,-0.009,0.0104380248115548));
#3594=CARTESIAN_POINT('',(0.00753565878801552,-0.009,0.0104858729359414));
#3595=CARTESIAN_POINT('',(0.00760054964359213,-0.009,0.0105153521662167));
#3596=CARTESIAN_POINT('',(0.00762721114737107,-0.009,0.0105273762217097));
#3597=CARTESIAN_POINT('',(0.00583850176576434,-0.009,0.00902631691949527));
#3598=CARTESIAN_POINT('',(2.13243628218428E-16,-0.009,3.66638293033432E-16));
#3599=CARTESIAN_POINT('',(0.00489776887201004,-0.009,0.00956944930893986));
#3600=CARTESIAN_POINT('',(0.00489776887201004,-0.009,0.00956944930893986));
#3601=CARTESIAN_POINT('',(0.00501082979322278,-0.009,0.00978988783749352));
#3602=CARTESIAN_POINT('',(0.00513668212324692,-0.009,0.0100352661888106));
#3603=CARTESIAN_POINT('',(0.0051411370943009,-0.009,0.0100454305685488));
#3604=CARTESIAN_POINT('',(0.0051464571794007,-0.009,0.010057087465447));
#3605=CARTESIAN_POINT('',(0.00515240406539265,-0.009,0.0100711205409869));
#3606=CARTESIAN_POINT('',(0.0051600683870068,-0.009,0.010090102327923));
#3607=CARTESIAN_POINT('',(0.00516885358640525,-0.009,0.0101132437662624));
#3608=CARTESIAN_POINT('',(0.00517872285967428,-0.009,0.0101408692570347));
#3609=CARTESIAN_POINT('',(0.00518946037189408,-0.009,0.0101729447950668));
#3610=CARTESIAN_POINT('',(0.00520090331199535,-0.009,0.0102095398491287));
#3611=CARTESIAN_POINT('',(0.00521287112809921,-0.009,0.0102506860911365));
#3612=CARTESIAN_POINT('',(0.00522518687613896,-0.009,0.0102964196011842));
#3613=CARTESIAN_POINT('',(0.00523767108901537,-0.009,0.0103467683414265));
#3614=CARTESIAN_POINT('',(0.0052501437436562,-0.009,0.0104017557617711));
#3615=CARTESIAN_POINT('',(0.00526242387231075,-0.009,0.0104613997156168));
#3616=CARTESIAN_POINT('',(0.00527432985644057,-0.009,0.010525712737584));
#3617=CARTESIAN_POINT('',(0.00528567952616182,-0.009,0.0105947019363135));
#3618=CARTESIAN_POINT('',(0.00529629031597182,-0.009,0.0106683690024652));
#3619=CARTESIAN_POINT('',(0.00530597940582621,-0.009,0.0107467101885851));
#3620=CARTESIAN_POINT('',(0.00531456386452093,-0.009,0.0108297163034059));
#3621=CARTESIAN_POINT('',(0.00532186080204909,-0.009,0.0109173727004627));
#3622=CARTESIAN_POINT('',(0.00532768748381952,-0.009,0.0110096592977867));
#3623=CARTESIAN_POINT('',(0.00533186159468327,-0.009,0.0111065504975974));
#3624=CARTESIAN_POINT('',(0.0053342009234474,-0.009,0.0112080155098717));
#3625=CARTESIAN_POINT('',(0.00533452528519851,-0.009,0.0113140171341976));
#3626=CARTESIAN_POINT('',(0.00533264981423457,-0.009,0.0114245165039178));
#3627=CARTESIAN_POINT('',(0.00532841148473042,-0.009,0.0115394548892036));
#3628=CARTESIAN_POINT('',(0.00532156784191654,-0.009,0.0116588237449856));
#3629=CARTESIAN_POINT('',(0.00531320294937325,-0.009,0.0117690084126436));
#3630=CARTESIAN_POINT('',(0.00530628728388737,-0.009,0.0118399451571839));
#3631=CARTESIAN_POINT('',(0.0053033696695113,-0.009,0.011869046724506));
#3632=CARTESIAN_POINT('',(0.0053033696695113,-0.009,0.011869046724506));
#3633=CARTESIAN_POINT('',(0.,-0.009,7.9602041944578E-19));
#3634=CARTESIAN_POINT('',(0.0046426347686677,-0.009,0.0121427320815687));
#3635=CARTESIAN_POINT('',(0.00330337691648961,-0.009,0.010229868080655));
#3636=CARTESIAN_POINT('',(0.00337930435078796,-0.009,0.0104656878031068));
#3637=CARTESIAN_POINT('',(0.00346382201097244,-0.009,0.0107281875352677));
#3638=CARTESIAN_POINT('',(0.00346785917256959,-0.009,0.0107385249773493));
#3639=CARTESIAN_POINT('',(0.00347233997516336,-0.009,0.0107505295164442));
#3640=CARTESIAN_POINT('',(0.00347805777462669,-0.009,0.0107646574827312));
#3641=CARTESIAN_POINT('',(0.00348606043110167,-0.009,0.0107834991267793));
#3642=CARTESIAN_POINT('',(0.00349621182500914,-0.009,0.0108060746688242));
#3643=CARTESIAN_POINT('',(0.00350876736681393,-0.009,0.0108325874707369));
#3644=CARTESIAN_POINT('',(0.00352385562956294,-0.009,0.0108628608688933));
#3645=CARTESIAN_POINT('',(0.0035416408599057,-0.009,0.0108968288603207));
#3646=CARTESIAN_POINT('',(0.0035622731227267,-0.009,0.0109343861709877));
#3647=CARTESIAN_POINT('',(0.00358590304885459,-0.009,0.0109754331950242));
#3648=CARTESIAN_POINT('',(0.00361267731292151,-0.009,0.0110198628022565));
#3649=CARTESIAN_POINT('',(0.00364273979205116,-0.009,0.011067564278738));
#3650=CARTESIAN_POINT('',(0.00367623107402679,-0.009,0.0111184222852046));
#3651=CARTESIAN_POINT('',(0.0037132884458635,-0.009,0.0111723172612711));
#3652=CARTESIAN_POINT('',(0.00375404574768962,-0.009,0.0112291254199455));
#3653=CARTESIAN_POINT('',(0.00379863326828721,-0.009,0.0112887188633998));
#3654=CARTESIAN_POINT('',(0.00384717763109918,-0.009,0.0113509656684909));
#3655=CARTESIAN_POINT('',(0.00389980168881306,-0.009,0.0114157299841165));
#3656=CARTESIAN_POINT('',(0.00395662440757828,-0.009,0.0114828721308979));
#3657=CARTESIAN_POINT('',(0.00401776080016701,-0.009,0.01155224869587));
#3658=CARTESIAN_POINT('',(0.00408332168249331,-0.009,0.0116237126623906));
#3659=CARTESIAN_POINT('',(0.00415341412549307,-0.009,0.0116971134158555));
#3660=CARTESIAN_POINT('',(0.00422813923447693,-0.009,0.0117722972416269));
#3661=CARTESIAN_POINT('',(0.00430760024635944,-0.009,0.0118491059370363));
#3662=CARTESIAN_POINT('',(0.00439187090954698,-0.009,0.0119273826971573));
#3663=CARTESIAN_POINT('',(0.0044811166231746,-0.009,0.0120069500383015));
#3664=CARTESIAN_POINT('',(0.00456494382109964,-0.009,0.012078947491744));
#3665=CARTESIAN_POINT('',(0.00461999378816086,-0.009,0.0121242172308823));
#3666=CARTESIAN_POINT('',(0.0046426347686677,-0.009,0.0121427320815687));
#3667=CARTESIAN_POINT('',(0.00330337691648961,-0.009,0.010229868080655));
#3668=CARTESIAN_POINT('',(1.11084554886833E-16,-0.009,4.09336908377222E-16));
#3669=CARTESIAN_POINT('',(0.00225412571237238,-0.009,0.0105110140934556));
#3670=CARTESIAN_POINT('',(0.00225412571237238,-0.009,0.0105110140934556));
#3671=CARTESIAN_POINT('',(0.00230628048665174,-0.009,0.0107532036809614));
#3672=CARTESIAN_POINT('',(0.002364335911944,-0.009,0.0110227939475916));
#3673=CARTESIAN_POINT('',(0.00236600834848252,-0.009,0.011033765015843));
#3674=CARTESIAN_POINT('',(0.00236813012915441,-0.009,0.0110464016529568));
#3675=CARTESIAN_POINT('',(0.00237024235270894,-0.009,0.0110614957303969));
#3676=CARTESIAN_POINT('',(0.0023727326709279,-0.009,0.011081814401029));
#3677=CARTESIAN_POINT('',(0.00237522907694265,-0.009,0.0111064410908979));
#3678=CARTESIAN_POINT('',(0.00237761205973774,-0.009,0.0111356796217821));
#3679=CARTESIAN_POINT('',(0.00237968193997632,-0.009,0.0111694412850189));
#3680=CARTESIAN_POINT('',(0.00238126347440104,-0.009,0.011207751043682));
#3681=CARTESIAN_POINT('',(0.00238217406599402,-0.009,0.011250592760228));
#3682=CARTESIAN_POINT('',(0.00238223346169596,-0.009,0.0112979554888573));
#3683=CARTESIAN_POINT('',(0.00238126107246252,-0.009,0.011349819789434));
#3684=CARTESIAN_POINT('',(0.00237907694007626,-0.009,0.0114061617194299));
#3685=CARTESIAN_POINT('',(0.00237550164231334,-0.009,0.0114669516860036));
#3686=CARTESIAN_POINT('',(0.00237035650493851,-0.009,0.0115321547903319));
#3687=CARTESIAN_POINT('',(0.00236346372550457,-0.009,0.0116017307497992));
#3688=CARTESIAN_POINT('',(0.00235464652170248,-0.009,0.0116756339460285));
#3689=CARTESIAN_POINT('',(0.00234372927284234,-0.009,0.0117538134419478));
#3690=CARTESIAN_POINT('',(0.0023305376598247,-0.009,0.0118362130133952));
#3691=CARTESIAN_POINT('',(0.00231489881525258,-0.009,0.011922771177555));
#3692=CARTESIAN_POINT('',(0.00229664142866105,-0.009,0.0120134212415425));
#3693=CARTESIAN_POINT('',(0.00227559602233229,-0.009,0.0121080912931678));
#3694=CARTESIAN_POINT('',(0.00225159456281361,-0.009,0.0122067044318251));
#3695=CARTESIAN_POINT('',(0.00222447263301872,-0.009,0.0123091780893888));
#3696=CARTESIAN_POINT('',(0.00219406172582278,-0.009,0.0124154268767862));
#3697=CARTESIAN_POINT('',(0.00216021957076909,-0.009,0.0125253518711707));
#3698=CARTESIAN_POINT('',(0.00212271418616081,-0.009,0.0126388820667269));
#3699=CARTESIAN_POINT('',(0.00208611642995092,-0.009,0.0127431472893785));
#3700=CARTESIAN_POINT('',(0.00206107662956753,-0.009,0.0128098770170255));
#3701=CARTESIAN_POINT('',(0.00205072639062523,-0.009,0.0128372318383206));
#3702=CARTESIAN_POINT('',(0.00205072639062523,-0.009,0.0128372318383206));
#3703=CARTESIAN_POINT('',(0.,-0.009,7.9602041944578E-19));
#3704=CARTESIAN_POINT('',(0.00134167050279635,-0.009,0.0129305808168824));
#3705=CARTESIAN_POINT('',(0.00054313238944458,-0.009,0.0107362706377744));
#3706=CARTESIAN_POINT('',(0.000555438023775908,-0.009,0.0109837064640811));
#3707=CARTESIAN_POINT('',(0.000569135884508075,-0.009,0.0112591365148725));
#3708=CARTESIAN_POINT('',(0.000570359956271285,-0.009,0.0112701666114664));
#3709=CARTESIAN_POINT('',(0.000571581075873674,-0.009,0.0112829218228595));
#3710=CARTESIAN_POINT('',(0.000573447459301199,-0.009,0.0112980482657663));
#3711=CARTESIAN_POINT('',(0.000576300855548608,-0.009,0.0113183191362692));
#3712=CARTESIAN_POINT('',(0.000580263368861936,-0.009,0.0113427528094504));
#3713=CARTESIAN_POINT('',(0.000585529072880215,-0.009,0.0113716118228858));
#3714=CARTESIAN_POINT('',(0.000592267883540472,-0.009,0.0114047588097715));
#3715=CARTESIAN_POINT('',(0.000600655533749754,-0.009,0.0114421725262927));
#3716=CARTESIAN_POINT('',(0.000610864221979875,-0.009,0.0114837901251936));
#3717=CARTESIAN_POINT('',(0.00062306522633469,-0.009,0.011529554380719));
#3718=CARTESIAN_POINT('',(0.000637427950958665,-0.009,0.0115793997752557));
#3719=CARTESIAN_POINT('',(0.000654120025359341,-0.009,0.011633256605483));
#3720=CARTESIAN_POINT('',(0.000673307098905636,-0.009,0.0116910498490229));
#3721=CARTESIAN_POINT('',(0.000695152725175759,-0.009,0.0117526995519055));
#3722=CARTESIAN_POINT('',(0.000719818222237333,-0.009,0.0118181207854526));
#3723=CARTESIAN_POINT('',(0.000747462541783512,-0.009,0.0118872237310673));
#3724=CARTESIAN_POINT('',(0.00077824213688998,-0.009,0.0119599137333368));
#3725=CARTESIAN_POINT('',(0.000812310834993011,-0.009,0.0120360913667884));
#3726=CARTESIAN_POINT('',(0.000849819700252212,-0.009,0.012115652502208));
#3727=CARTESIAN_POINT('',(0.000890916944481245,-0.009,0.0121984883808046));
#3728=CARTESIAN_POINT('',(0.0009357476583404,-0.009,0.0122844856766757));
#3729=CARTESIAN_POINT('',(0.000984454246339984,-0.009,0.0123735266192826));
#3730=CARTESIAN_POINT('',(0.00103717415298646,-0.009,0.0124654888996668));
#3731=CARTESIAN_POINT('',(0.00109404804334538,-0.009,0.0125602464254646));
#3732=CARTESIAN_POINT('',(0.00115518773700851,-0.009,0.0126576668222401));
#3733=CARTESIAN_POINT('',(0.00122079893343073,-0.009,0.012757621462361));
#3734=CARTESIAN_POINT('',(0.00128313547670217,-0.009,0.0128488617373888));
#3735=CARTESIAN_POINT('',(0.00132459299096717,-0.009,0.0129068369274795));
#3736=CARTESIAN_POINT('',(0.00134167050279635,-0.009,0.0129305808168824));
#3737=CARTESIAN_POINT('',(0.000543132389444585,-0.009,0.0107362706377744));
#3738=CARTESIAN_POINT('',(1.35525271560691E-18,-0.009,4.2413988987633E-16));
#3739=CARTESIAN_POINT('',(-0.000543132389444581,-0.009,0.0107362706377744));
#3740=CARTESIAN_POINT('',(-0.000543132389444579,-0.009,0.0107362706377744));
#3741=CARTESIAN_POINT('',(-0.000555438023775906,-0.009,0.0109837064640811));
#3742=CARTESIAN_POINT('',(-0.000569135884508075,-0.009,0.0112591365148725));
#3743=CARTESIAN_POINT('',(-0.000570359956271284,-0.009,0.0112701666114664));
#3744=CARTESIAN_POINT('',(-0.000571581075873673,-0.009,0.0112829218228595));
#3745=CARTESIAN_POINT('',(-0.000573447459301197,-0.009,0.0112980482657663));
#3746=CARTESIAN_POINT('',(-0.000576300855548607,-0.009,0.0113183191362692));
#3747=CARTESIAN_POINT('',(-0.000580263368861935,-0.009,0.0113427528094504));
#3748=CARTESIAN_POINT('',(-0.000585529072880214,-0.009,0.0113716118228858));
#3749=CARTESIAN_POINT('',(-0.000592267883540471,-0.009,0.0114047588097715));
#3750=CARTESIAN_POINT('',(-0.000600655533749753,-0.009,0.0114421725262927));
#3751=CARTESIAN_POINT('',(-0.000610864221979874,-0.009,0.0114837901251936));
#3752=CARTESIAN_POINT('',(-0.000623065226334688,-0.009,0.011529554380719));
#3753=CARTESIAN_POINT('',(-0.000637427950958664,-0.009,0.0115793997752557));
#3754=CARTESIAN_POINT('',(-0.000654120025359339,-0.009,0.011633256605483));
#3755=CARTESIAN_POINT('',(-0.000673307098905635,-0.009,0.0116910498490229));
#3756=CARTESIAN_POINT('',(-0.000695152725175757,-0.009,0.0117526995519055));
#3757=CARTESIAN_POINT('',(-0.000719818222237332,-0.009,0.0118181207854526));
#3758=CARTESIAN_POINT('',(-0.000747462541783511,-0.009,0.0118872237310673));
#3759=CARTESIAN_POINT('',(-0.000778242136889978,-0.009,0.0119599137333368));
#3760=CARTESIAN_POINT('',(-0.00081231083499301,-0.009,0.0120360913667884));
#3761=CARTESIAN_POINT('',(-0.00084981970025221,-0.009,0.012115652502208));
#3762=CARTESIAN_POINT('',(-0.000890916944481244,-0.009,0.0121984883808046));
#3763=CARTESIAN_POINT('',(-0.000935747658340399,-0.009,0.0122844856766757));
#3764=CARTESIAN_POINT('',(-0.000984454246339983,-0.009,0.0123735266192826));
#3765=CARTESIAN_POINT('',(-0.00103717415298645,-0.009,0.0124654888996668));
#3766=CARTESIAN_POINT('',(-0.00109404804334538,-0.009,0.0125602464254646));
#3767=CARTESIAN_POINT('',(-0.00115518773700851,-0.009,0.0126576668222401));
#3768=CARTESIAN_POINT('',(-0.00122079893343073,-0.009,0.012757621462361));
#3769=CARTESIAN_POINT('',(-0.00128313547670217,-0.009,0.0128488617373888));
#3770=CARTESIAN_POINT('',(-0.00132459299096716,-0.009,0.0129068369274795));
#3771=CARTESIAN_POINT('',(-0.00134167050279635,-0.009,0.0129305808168824));
#3772=CARTESIAN_POINT('',(-0.00134167050279635,-0.009,0.0129305808168824));
#3773=CARTESIAN_POINT('',(0.,-0.009,7.9602041944578E-19));
#3774=CARTESIAN_POINT('',(-0.00205072639062523,-0.009,0.0128372318383206));
#3775=CARTESIAN_POINT('',(-0.00225412571237238,-0.009,0.0105110140934556));
#3776=CARTESIAN_POINT('',(-0.00230628048665174,-0.009,0.0107532036809614));
#3777=CARTESIAN_POINT('',(-0.002364335911944,-0.009,0.0110227939475916));
#3778=CARTESIAN_POINT('',(-0.00236600834848252,-0.009,0.011033765015843));
#3779=CARTESIAN_POINT('',(-0.00236813012915441,-0.009,0.0110464016529568));
#3780=CARTESIAN_POINT('',(-0.00237024235270894,-0.009,0.0110614957303969));
#3781=CARTESIAN_POINT('',(-0.0023727326709279,-0.009,0.011081814401029));
#3782=CARTESIAN_POINT('',(-0.00237522907694265,-0.009,0.0111064410908979));
#3783=CARTESIAN_POINT('',(-0.00237761205973774,-0.009,0.0111356796217821));
#3784=CARTESIAN_POINT('',(-0.00237968193997632,-0.009,0.0111694412850189));
#3785=CARTESIAN_POINT('',(-0.00238126347440104,-0.009,0.011207751043682));
#3786=CARTESIAN_POINT('',(-0.00238217406599403,-0.009,0.011250592760228));
#3787=CARTESIAN_POINT('',(-0.00238223346169596,-0.009,0.0112979554888573));
#3788=CARTESIAN_POINT('',(-0.00238126107246252,-0.009,0.011349819789434));
#3789=CARTESIAN_POINT('',(-0.00237907694007627,-0.009,0.0114061617194299));
#3790=CARTESIAN_POINT('',(-0.00237550164231334,-0.009,0.0114669516860036));
#3791=CARTESIAN_POINT('',(-0.00237035650493851,-0.009,0.0115321547903319));
#3792=CARTESIAN_POINT('',(-0.00236346372550457,-0.009,0.0116017307497992));
#3793=CARTESIAN_POINT('',(-0.00235464652170248,-0.009,0.0116756339460285));
#3794=CARTESIAN_POINT('',(-0.00234372927284234,-0.009,0.0117538134419478));
#3795=CARTESIAN_POINT('',(-0.0023305376598247,-0.009,0.0118362130133952));
#3796=CARTESIAN_POINT('',(-0.00231489881525259,-0.009,0.011922771177555));
#3797=CARTESIAN_POINT('',(-0.00229664142866105,-0.009,0.0120134212415425));
#3798=CARTESIAN_POINT('',(-0.00227559602233229,-0.009,0.0121080912931678));
#3799=CARTESIAN_POINT('',(-0.00225159456281361,-0.009,0.0122067044318251));
#3800=CARTESIAN_POINT('',(-0.00222447263301872,-0.009,0.0123091780893888));
#3801=CARTESIAN_POINT('',(-0.00219406172582278,-0.009,0.0124154268767862));
#3802=CARTESIAN_POINT('',(-0.00216021957076909,-0.009,0.0125253518711707));
#3803=CARTESIAN_POINT('',(-0.00212271418616081,-0.009,0.0126388820667269));
#3804=CARTESIAN_POINT('',(-0.00208611642995092,-0.009,0.0127431472893785));
#3805=CARTESIAN_POINT('',(-0.00206107662956753,-0.009,0.0128098770170255));
#3806=CARTESIAN_POINT('',(-0.00205072639062523,-0.009,0.0128372318383206));
#3807=CARTESIAN_POINT('',(-0.00225412571237238,-0.009,0.0105110140934556));
#3808=CARTESIAN_POINT('',(-1.08466407688527E-16,-0.009,4.10038438804674E-16));
#3809=CARTESIAN_POINT('',(-0.00330337691648961,-0.009,0.010229868080655));
#3810=CARTESIAN_POINT('',(-0.00330337691648961,-0.009,0.010229868080655));
#3811=CARTESIAN_POINT('',(-0.00337930435078796,-0.009,0.0104656878031068));
#3812=CARTESIAN_POINT('',(-0.00346382201097245,-0.009,0.0107281875352677));
#3813=CARTESIAN_POINT('',(-0.0034678591725696,-0.009,0.0107385249773493));
#3814=CARTESIAN_POINT('',(-0.00347233997516336,-0.009,0.0107505295164442));
#3815=CARTESIAN_POINT('',(-0.00347805777462669,-0.009,0.0107646574827312));
#3816=CARTESIAN_POINT('',(-0.00348606043110167,-0.009,0.0107834991267793));
#3817=CARTESIAN_POINT('',(-0.00349621182500915,-0.009,0.0108060746688242));
#3818=CARTESIAN_POINT('',(-0.00350876736681393,-0.009,0.0108325874707369));
#3819=CARTESIAN_POINT('',(-0.00352385562956294,-0.009,0.0108628608688933));
#3820=CARTESIAN_POINT('',(-0.0035416408599057,-0.009,0.0108968288603207));
#3821=CARTESIAN_POINT('',(-0.0035622731227267,-0.009,0.0109343861709877));
#3822=CARTESIAN_POINT('',(-0.0035859030488546,-0.009,0.0109754331950242));
#3823=CARTESIAN_POINT('',(-0.00361267731292151,-0.009,0.0110198628022565));
#3824=CARTESIAN_POINT('',(-0.00364273979205116,-0.009,0.011067564278738));
#3825=CARTESIAN_POINT('',(-0.00367623107402679,-0.009,0.0111184222852046));
#3826=CARTESIAN_POINT('',(-0.0037132884458635,-0.009,0.0111723172612711));
#3827=CARTESIAN_POINT('',(-0.00375404574768962,-0.009,0.0112291254199455));
#3828=CARTESIAN_POINT('',(-0.00379863326828722,-0.009,0.0112887188633998));
#3829=CARTESIAN_POINT('',(-0.00384717763109918,-0.009,0.0113509656684909));
#3830=CARTESIAN_POINT('',(-0.00389980168881307,-0.009,0.0114157299841165));
#3831=CARTESIAN_POINT('',(-0.00395662440757828,-0.009,0.0114828721308979));
#3832=CARTESIAN_POINT('',(-0.00401776080016701,-0.009,0.01155224869587));
#3833=CARTESIAN_POINT('',(-0.00408332168249331,-0.009,0.0116237126623906));
#3834=CARTESIAN_POINT('',(-0.00415341412549307,-0.009,0.0116971134158555));
#3835=CARTESIAN_POINT('',(-0.00422813923447693,-0.009,0.0117722972416269));
#3836=CARTESIAN_POINT('',(-0.00430760024635944,-0.009,0.0118491059370363));
#3837=CARTESIAN_POINT('',(-0.00439187090954698,-0.009,0.0119273826971573));
#3838=CARTESIAN_POINT('',(-0.0044811166231746,-0.009,0.0120069500383015));
#3839=CARTESIAN_POINT('',(-0.00456494382109964,-0.009,0.012078947491744));
#3840=CARTESIAN_POINT('',(-0.00461999378816086,-0.009,0.0121242172308823));
#3841=CARTESIAN_POINT('',(-0.0046426347686677,-0.009,0.0121427320815687));
#3842=CARTESIAN_POINT('',(-0.0046426347686677,-0.009,0.0121427320815687));
#3843=CARTESIAN_POINT('',(0.,-0.009,7.9602041944578E-19));
#3844=CARTESIAN_POINT('',(-0.0053033696695113,-0.009,0.011869046724506));
#3845=CARTESIAN_POINT('',(-0.00489776887201004,-0.009,0.00956944930893986));
#3846=CARTESIAN_POINT('',(-0.00501082979322278,-0.009,0.00978988783749352));
#3847=CARTESIAN_POINT('',(-0.00513668212324692,-0.009,0.0100352661888106));
#3848=CARTESIAN_POINT('',(-0.0051411370943009,-0.009,0.0100454305685488));
#3849=CARTESIAN_POINT('',(-0.00514645717940069,-0.009,0.010057087465447));
#3850=CARTESIAN_POINT('',(-0.00515240406539265,-0.009,0.0100711205409869));
#3851=CARTESIAN_POINT('',(-0.00516006838700679,-0.009,0.010090102327923));
#3852=CARTESIAN_POINT('',(-0.00516885358640524,-0.009,0.0101132437662624));
#3853=CARTESIAN_POINT('',(-0.00517872285967427,-0.009,0.0101408692570347));
#3854=CARTESIAN_POINT('',(-0.00518946037189408,-0.009,0.0101729447950668));
#3855=CARTESIAN_POINT('',(-0.00520090331199535,-0.009,0.0102095398491287));
#3856=CARTESIAN_POINT('',(-0.0052128711280992,-0.009,0.0102506860911365));
#3857=CARTESIAN_POINT('',(-0.00522518687613896,-0.009,0.0102964196011842));
#3858=CARTESIAN_POINT('',(-0.00523767108901536,-0.009,0.0103467683414265));
#3859=CARTESIAN_POINT('',(-0.0052501437436562,-0.009,0.0104017557617711));
#3860=CARTESIAN_POINT('',(-0.00526242387231075,-0.009,0.0104613997156168));
#3861=CARTESIAN_POINT('',(-0.00527432985644056,-0.009,0.010525712737584));
#3862=CARTESIAN_POINT('',(-0.00528567952616182,-0.009,0.0105947019363135));
#3863=CARTESIAN_POINT('',(-0.00529629031597182,-0.009,0.0106683690024652));
#3864=CARTESIAN_POINT('',(-0.0053059794058262,-0.009,0.0107467101885851));
#3865=CARTESIAN_POINT('',(-0.00531456386452093,-0.009,0.0108297163034059));
#3866=CARTESIAN_POINT('',(-0.00532186080204909,-0.009,0.0109173727004627));
#3867=CARTESIAN_POINT('',(-0.00532768748381952,-0.009,0.0110096592977867));
#3868=CARTESIAN_POINT('',(-0.00533186159468327,-0.009,0.0111065504975974));
#3869=CARTESIAN_POINT('',(-0.0053342009234474,-0.009,0.0112080155098717));
#3870=CARTESIAN_POINT('',(-0.0053345252851985,-0.009,0.0113140171341976));
#3871=CARTESIAN_POINT('',(-0.00533264981423456,-0.009,0.0114245165039178));
#3872=CARTESIAN_POINT('',(-0.00532841148473041,-0.009,0.0115394548892036));
#3873=CARTESIAN_POINT('',(-0.00532156784191654,-0.009,0.0116588237449856));
#3874=CARTESIAN_POINT('',(-0.00531320294937325,-0.009,0.0117690084126436));
#3875=CARTESIAN_POINT('',(-0.00530628728388737,-0.009,0.0118399451571839));
#3876=CARTESIAN_POINT('',(-0.0053033696695113,-0.009,0.011869046724506));
#3877=CARTESIAN_POINT('',(-0.00489776887201003,-0.009,0.00956944930893986));
#3878=CARTESIAN_POINT('',(-2.10896261657901E-16,-0.009,3.67993545749039E-16));
#3879=CARTESIAN_POINT('',(-0.00583850176576434,-0.009,0.00902631691949528));
#3880=CARTESIAN_POINT('',(-0.00583850176576434,-0.009,0.00902631691949528));
#3881=CARTESIAN_POINT('',(-0.0059728766708583,-0.009,0.00923444981371761));
#3882=CARTESIAN_POINT('',(-0.00612245439162556,-0.009,0.00946613030430252));
#3883=CARTESIAN_POINT('',(-0.00612902951716553,-0.009,0.00947507061227748));
#3884=CARTESIAN_POINT('',(-0.00613646464345878,-0.009,0.0094855063895733));
#3885=CARTESIAN_POINT('',(-0.00614564420037361,-0.009,0.00949767308168571));
#3886=CARTESIAN_POINT('',(-0.00615825074926239,-0.009,0.00951380147237436));
#3887=CARTESIAN_POINT('',(-0.0061738992230452,-0.009,0.00953298039740043));
#3888=CARTESIAN_POINT('',(-0.00619288896321151,-0.009,0.00955534018415445));
#3889=CARTESIAN_POINT('',(-0.00621529843787746,-0.009,0.0095806769115263));
#3890=CARTESIAN_POINT('',(-0.00624126921429732,-0.009,0.00960888431537895));
#3891=CARTESIAN_POINT('',(-0.00627091899709438,-0.009,0.00963982186915659));
#3892=CARTESIAN_POINT('',(-0.00630436750458004,-0.009,0.00967335437484948));
#3893=CARTESIAN_POINT('',(-0.00634172868624029,-0.009,0.00970934039046789));
#3894=CARTESIAN_POINT('',(-0.00638311286182682,-0.009,0.00974763573641175));
#3895=CARTESIAN_POINT('',(-0.00642862597671211,-0.009,0.00978809261671121));
#3896=CARTESIAN_POINT('',(-0.00647836969546494,-0.009,0.00983056001240828));
#3897=CARTESIAN_POINT('',(-0.00653244125929078,-0.009,0.00987488371407619));
#3898=CARTESIAN_POINT('',(-0.00659093341509544,-0.009,0.00992090646068173));
#3899=CARTESIAN_POINT('',(-0.00665393432751062,-0.009,0.00996846805169509));
#3900=CARTESIAN_POINT('',(-0.00672152750226752,-0.009,0.0100174054684129));
#3901=CARTESIAN_POINT('',(-0.00679379170015887,-0.009,0.0100675530002105));
#3902=CARTESIAN_POINT('',(-0.00687080089698505,-0.009,0.0101187423533054));
#3903=CARTESIAN_POINT('',(-0.00695262408199245,-0.009,0.010170802839257));
#3904=CARTESIAN_POINT('',(-0.00703932569583518,-0.009,0.0102235612635317));
#3905=CARTESIAN_POINT('',(-0.00713096361446826,-0.009,0.0102768429812111));
#3906=CARTESIAN_POINT('',(-0.00722759661123008,-0.009,0.0103304684605724));
#3907=CARTESIAN_POINT('',(-0.00732925533750966,-0.009,0.0103842671521951));
#3908=CARTESIAN_POINT('',(-0.00743605362044446,-0.009,0.0104380248115548));
#3909=CARTESIAN_POINT('',(-0.00753565878801552,-0.009,0.0104858729359414));
#3910=CARTESIAN_POINT('',(-0.00760054964359212,-0.009,0.0105153521662167));
#3911=CARTESIAN_POINT('',(-0.00762721114737106,-0.009,0.0105273762217097));
#3912=CARTESIAN_POINT('',(-0.00762721114737106,-0.009,0.0105273762217097));
#3913=CARTESIAN_POINT('',(0.,-0.009,7.9602041944578E-19));
#3914=CARTESIAN_POINT('',(-0.00819459706965295,-0.009,0.0100920056909435));
#3915=CARTESIAN_POINT('',(-0.00720763717696597,-0.009,0.0079757423682826));
#3916=CARTESIAN_POINT('',(-0.00737389933017345,-0.009,0.00815940731645505));
#3917=CARTESIAN_POINT('',(-0.00755897193661914,-0.009,0.00836385162332367));
#3918=CARTESIAN_POINT('',(-0.00756590584327344,-0.009,0.00837251662886682));
#3919=CARTESIAN_POINT('',(-0.00757406167779344,-0.009,0.00838239938728979));
#3920=CARTESIAN_POINT('',(-0.00758343795577017,-0.009,0.00839441513002231));
#3921=CARTESIAN_POINT('',(-0.00759575396992738,-0.009,0.00841076645585144));
#3922=CARTESIAN_POINT('',(-0.00761022926588875,-0.009,0.0084308455918816));
#3923=CARTESIAN_POINT('',(-0.00762691225496818,-0.009,0.00845497541099913));
#3924=CARTESIAN_POINT('',(-0.007645585655456,-0.009,0.00848317892891695));
#3925=CARTESIAN_POINT('',(-0.00766611018377629,-0.009,0.00851556538591964));
#3926=CARTESIAN_POINT('',(-0.00768831963750128,-0.009,0.00855221210499371));
#3927=CARTESIAN_POINT('',(-0.00771205244000268,-0.009,0.00859319973332826));
#3928=CARTESIAN_POINT('',(-0.00773714247651254,-0.009,0.00863860172979398));
#3929=CARTESIAN_POINT('',(-0.00776342192737874,-0.009,0.00868848733866175));
#3930=CARTESIAN_POINT('',(-0.00779072061197681,-0.009,0.00874292064289124));
#3931=CARTESIAN_POINT('',(-0.00781886634446839,-0.009,0.00880196075633257));
#3932=CARTESIAN_POINT('',(-0.00784768500210956,-0.009,0.00886566169444089));
#3933=CARTESIAN_POINT('',(-0.00787700067774126,-0.009,0.00893407234169737));
#3934=CARTESIAN_POINT('',(-0.00790663581084857,-0.009,0.0090072363956486));
#3935=CARTESIAN_POINT('',(-0.00793641132458211,-0.009,0.00908519232429184));
#3936=CARTESIAN_POINT('',(-0.00796614676997676,-0.009,0.00916797331564527));
#3937=CARTESIAN_POINT('',(-0.00799566044137553,-0.009,0.00925560726720891));
#3938=CARTESIAN_POINT('',(-0.00802476961067449,-0.009,0.00934811664005835));
#3939=CARTESIAN_POINT('',(-0.00805329030633208,-0.009,0.00944551885304187));
#3940=CARTESIAN_POINT('',(-0.00808103885491187,-0.009,0.00954782460860814));
#3941=CARTESIAN_POINT('',(-0.00810782663042675,-0.009,0.00965504421121354));
#3942=CARTESIAN_POINT('',(-0.00813348096162368,-0.009,0.0097671631263882));
#3943=CARTESIAN_POINT('',(-0.00815776544355233,-0.009,0.00988423585214068));
#3944=CARTESIAN_POINT('',(-0.00817820346827883,-0.009,0.0099928310617931));
#3945=CARTESIAN_POINT('',(-0.00818988322886464,-0.009,0.0100631406013147));
#3946=CARTESIAN_POINT('',(-0.00819459706965295,-0.009,0.0100920056909435));
#3947=CARTESIAN_POINT('',(-0.00720763717696596,-0.009,0.0079757423682826));
#3948=CARTESIAN_POINT('',(-2.98953883917841E-16,-0.009,3.00870500688695E-16));
#3949=CARTESIAN_POINT('',(-0.0079757423682826,-0.009,0.00720763717696597));
#3950=CARTESIAN_POINT('',(-0.0079757423682826,-0.009,0.00720763717696597));
#3951=CARTESIAN_POINT('',(-0.00815940731645505,-0.009,0.00737389933017345));
#3952=CARTESIAN_POINT('',(-0.00836385162332367,-0.009,0.00755897193661914));
#3953=CARTESIAN_POINT('',(-0.00837251662886682,-0.009,0.00756590584327344));
#3954=CARTESIAN_POINT('',(-0.00838239938728979,-0.009,0.00757406167779344));
#3955=CARTESIAN_POINT('',(-0.00839441513002231,-0.009,0.00758343795577017));
#3956=CARTESIAN_POINT('',(-0.00841076645585144,-0.009,0.00759575396992739));
#3957=CARTESIAN_POINT('',(-0.0084308455918816,-0.009,0.00761022926588875));
#3958=CARTESIAN_POINT('',(-0.00845497541099913,-0.009,0.00762691225496818));
#3959=CARTESIAN_POINT('',(-0.00848317892891694,-0.009,0.007645585655456));
#3960=CARTESIAN_POINT('',(-0.00851556538591964,-0.009,0.00766611018377629));
#3961=CARTESIAN_POINT('',(-0.00855221210499371,-0.009,0.00768831963750128));
#3962=CARTESIAN_POINT('',(-0.00859319973332826,-0.009,0.00771205244000269));
#3963=CARTESIAN_POINT('',(-0.00863860172979398,-0.009,0.00773714247651254));
#3964=CARTESIAN_POINT('',(-0.00868848733866175,-0.009,0.00776342192737874));
#3965=CARTESIAN_POINT('',(-0.00874292064289125,-0.009,0.00779072061197681));
#3966=CARTESIAN_POINT('',(-0.00880196075633257,-0.009,0.0078188663444684));
#3967=CARTESIAN_POINT('',(-0.00886566169444088,-0.009,0.00784768500210956));
#3968=CARTESIAN_POINT('',(-0.00893407234169736,-0.009,0.00787700067774126));
#3969=CARTESIAN_POINT('',(-0.0090072363956486,-0.009,0.00790663581084857));
#3970=CARTESIAN_POINT('',(-0.00908519232429184,-0.009,0.00793641132458211));
#3971=CARTESIAN_POINT('',(-0.00916797331564527,-0.009,0.00796614676997676));
#3972=CARTESIAN_POINT('',(-0.00925560726720891,-0.009,0.00799566044137554));
#3973=CARTESIAN_POINT('',(-0.00934811664005834,-0.009,0.00802476961067449));
#3974=CARTESIAN_POINT('',(-0.00944551885304187,-0.009,0.00805329030633208));
#3975=CARTESIAN_POINT('',(-0.00954782460860814,-0.009,0.00808103885491187));
#3976=CARTESIAN_POINT('',(-0.00965504421121354,-0.009,0.00810782663042675));
#3977=CARTESIAN_POINT('',(-0.0097671631263882,-0.009,0.00813348096162368));
#3978=CARTESIAN_POINT('',(-0.00988423585214068,-0.009,0.00815776544355233));
#3979=CARTESIAN_POINT('',(-0.0099928310617931,-0.009,0.00817820346827883));
#3980=CARTESIAN_POINT('',(-0.0100631406013147,-0.009,0.00818988322886464));
#3981=CARTESIAN_POINT('',(-0.0100920056909435,-0.009,0.00819459706965294));
#3982=CARTESIAN_POINT('',(-0.0100920056909435,-0.009,0.00819459706965294));
#3983=CARTESIAN_POINT('',(0.,-0.009,7.9602041944578E-19));
#3984=CARTESIAN_POINT('',(-0.0105273762217097,-0.009,0.00762721114737106));
#3985=CARTESIAN_POINT('',(-0.00902631691949528,-0.009,0.00583850176576434));
#3986=CARTESIAN_POINT('',(-0.00923444981371761,-0.009,0.0059728766708583));
#3987=CARTESIAN_POINT('',(-0.00946613030430252,-0.009,0.00612245439162556));
#3988=CARTESIAN_POINT('',(-0.00947507061227748,-0.009,0.00612902951716553));
#3989=CARTESIAN_POINT('',(-0.00948550638957329,-0.009,0.00613646464345878));
#3990=CARTESIAN_POINT('',(-0.00949767308168571,-0.009,0.00614564420037361));
#3991=CARTESIAN_POINT('',(-0.00951380147237436,-0.009,0.0061582507492624));
#3992=CARTESIAN_POINT('',(-0.00953298039740043,-0.009,0.0061738992230452));
#3993=CARTESIAN_POINT('',(-0.00955534018415445,-0.009,0.00619288896321151));
#3994=CARTESIAN_POINT('',(-0.0095806769115263,-0.009,0.00621529843787746));
#3995=CARTESIAN_POINT('',(-0.00960888431537895,-0.009,0.00624126921429733));
#3996=CARTESIAN_POINT('',(-0.00963982186915659,-0.009,0.00627091899709438));
#3997=CARTESIAN_POINT('',(-0.00967335437484948,-0.009,0.00630436750458004));
#3998=CARTESIAN_POINT('',(-0.00970934039046789,-0.009,0.00634172868624029));
#3999=CARTESIAN_POINT('',(-0.00974763573641175,-0.009,0.00638311286182682));
#4000=CARTESIAN_POINT('',(-0.00978809261671121,-0.009,0.00642862597671211));
#4001=CARTESIAN_POINT('',(-0.00983056001240828,-0.009,0.00647836969546494));
#4002=CARTESIAN_POINT('',(-0.00987488371407619,-0.009,0.00653244125929078));
#4003=CARTESIAN_POINT('',(-0.00992090646068173,-0.009,0.00659093341509544));
#4004=CARTESIAN_POINT('',(-0.00996846805169509,-0.009,0.00665393432751062));
#4005=CARTESIAN_POINT('',(-0.0100174054684129,-0.009,0.00672152750226752));
#4006=CARTESIAN_POINT('',(-0.0100675530002105,-0.009,0.00679379170015887));
#4007=CARTESIAN_POINT('',(-0.0101187423533054,-0.009,0.00687080089698505));
#4008=CARTESIAN_POINT('',(-0.010170802839257,-0.009,0.00695262408199245));
#4009=CARTESIAN_POINT('',(-0.0102235612635317,-0.009,0.00703932569583518));
#4010=CARTESIAN_POINT('',(-0.0102768429812111,-0.009,0.00713096361446826));
#4011=CARTESIAN_POINT('',(-0.0103304684605724,-0.009,0.00722759661123009));
#4012=CARTESIAN_POINT('',(-0.0103842671521951,-0.009,0.00732925533750966));
#4013=CARTESIAN_POINT('',(-0.0104380248115548,-0.009,0.00743605362044447));
#4014=CARTESIAN_POINT('',(-0.0104858729359414,-0.009,0.00753565878801552));
#4015=CARTESIAN_POINT('',(-0.0105153521662167,-0.009,0.00760054964359213));
#4016=CARTESIAN_POINT('',(-0.0105273762217097,-0.009,0.00762721114737106));
#4017=CARTESIAN_POINT('',(-0.00902631691949528,-0.009,0.00583850176576434));
#4018=CARTESIAN_POINT('',(-3.66638293033432E-16,-0.009,2.13243628218428E-16));
#4019=CARTESIAN_POINT('',(-0.00956944930893986,-0.009,0.00489776887201004));
#4020=CARTESIAN_POINT('',(-0.00956944930893986,-0.009,0.00489776887201004));
#4021=CARTESIAN_POINT('',(-0.00978988783749352,-0.009,0.00501082979322278));
#4022=CARTESIAN_POINT('',(-0.0100352661888106,-0.009,0.00513668212324692));
#4023=CARTESIAN_POINT('',(-0.0100454305685488,-0.009,0.0051411370943009));
#4024=CARTESIAN_POINT('',(-0.010057087465447,-0.009,0.0051464571794007));
#4025=CARTESIAN_POINT('',(-0.0100711205409869,-0.009,0.00515240406539265));
#4026=CARTESIAN_POINT('',(-0.010090102327923,-0.009,0.0051600683870068));
#4027=CARTESIAN_POINT('',(-0.0101132437662624,-0.009,0.00516885358640525));
#4028=CARTESIAN_POINT('',(-0.0101408692570347,-0.009,0.00517872285967428));
#4029=CARTESIAN_POINT('',(-0.0101729447950668,-0.009,0.00518946037189408));
#4030=CARTESIAN_POINT('',(-0.0102095398491287,-0.009,0.00520090331199535));
#4031=CARTESIAN_POINT('',(-0.0102506860911365,-0.009,0.00521287112809921));
#4032=CARTESIAN_POINT('',(-0.0102964196011842,-0.009,0.00522518687613896));
#4033=CARTESIAN_POINT('',(-0.0103467683414265,-0.009,0.00523767108901536));
#4034=CARTESIAN_POINT('',(-0.0104017557617711,-0.009,0.0052501437436562));
#4035=CARTESIAN_POINT('',(-0.0104613997156168,-0.009,0.00526242387231075));
#4036=CARTESIAN_POINT('',(-0.010525712737584,-0.009,0.00527432985644056));
#4037=CARTESIAN_POINT('',(-0.0105947019363135,-0.009,0.00528567952616182));
#4038=CARTESIAN_POINT('',(-0.0106683690024652,-0.009,0.00529629031597182));
#4039=CARTESIAN_POINT('',(-0.0107467101885851,-0.009,0.0053059794058262));
#4040=CARTESIAN_POINT('',(-0.0108297163034059,-0.009,0.00531456386452093));
#4041=CARTESIAN_POINT('',(-0.0109173727004627,-0.009,0.00532186080204909));
#4042=CARTESIAN_POINT('',(-0.0110096592977867,-0.009,0.00532768748381952));
#4043=CARTESIAN_POINT('',(-0.0111065504975974,-0.009,0.00533186159468327));
#4044=CARTESIAN_POINT('',(-0.0112080155098717,-0.009,0.0053342009234474));
#4045=CARTESIAN_POINT('',(-0.0113140171341976,-0.009,0.00533452528519851));
#4046=CARTESIAN_POINT('',(-0.0114245165039178,-0.009,0.00533264981423456));
#4047=CARTESIAN_POINT('',(-0.0115394548892036,-0.009,0.00532841148473041));
#4048=CARTESIAN_POINT('',(-0.0116588237449856,-0.009,0.00532156784191654));
#4049=CARTESIAN_POINT('',(-0.0117690084126436,-0.009,0.00531320294937325));
#4050=CARTESIAN_POINT('',(-0.0118399451571839,-0.009,0.00530628728388737));
#4051=CARTESIAN_POINT('',(-0.011869046724506,-0.009,0.0053033696695113));
#4052=CARTESIAN_POINT('',(-0.011869046724506,-0.009,0.0053033696695113));
#4053=CARTESIAN_POINT('',(0.,-0.009,7.9602041944578E-19));
#4054=CARTESIAN_POINT('',(-0.0121427320815687,-0.009,0.00464263476866771));
#4055=CARTESIAN_POINT('',(-0.010229868080655,-0.009,0.00330337691648961));
#4056=CARTESIAN_POINT('',(-0.0104656878031068,-0.009,0.00337930435078797));
#4057=CARTESIAN_POINT('',(-0.0107281875352677,-0.009,0.00346382201097245));
#4058=CARTESIAN_POINT('',(-0.0107385249773493,-0.009,0.0034678591725696));
#4059=CARTESIAN_POINT('',(-0.0107505295164442,-0.009,0.00347233997516336));
#4060=CARTESIAN_POINT('',(-0.0107646574827312,-0.009,0.00347805777462669));
#4061=CARTESIAN_POINT('',(-0.0107834991267793,-0.009,0.00348606043110167));
#4062=CARTESIAN_POINT('',(-0.0108060746688242,-0.009,0.00349621182500915));
#4063=CARTESIAN_POINT('',(-0.0108325874707369,-0.009,0.00350876736681393));
#4064=CARTESIAN_POINT('',(-0.0108628608688933,-0.009,0.00352385562956294));
#4065=CARTESIAN_POINT('',(-0.0108968288603207,-0.009,0.00354164085990571));
#4066=CARTESIAN_POINT('',(-0.0109343861709877,-0.009,0.00356227312272671));
#4067=CARTESIAN_POINT('',(-0.0109754331950242,-0.009,0.0035859030488546));
#4068=CARTESIAN_POINT('',(-0.0110198628022565,-0.009,0.00361267731292151));
#4069=CARTESIAN_POINT('',(-0.011067564278738,-0.009,0.00364273979205116));
#4070=CARTESIAN_POINT('',(-0.0111184222852046,-0.009,0.00367623107402679));
#4071=CARTESIAN_POINT('',(-0.0111723172612711,-0.009,0.0037132884458635));
#4072=CARTESIAN_POINT('',(-0.0112291254199455,-0.009,0.00375404574768962));
#4073=CARTESIAN_POINT('',(-0.0112887188633998,-0.009,0.00379863326828722));
#4074=CARTESIAN_POINT('',(-0.0113509656684909,-0.009,0.00384717763109919));
#4075=CARTESIAN_POINT('',(-0.0114157299841165,-0.009,0.00389980168881307));
#4076=CARTESIAN_POINT('',(-0.0114828721308979,-0.009,0.00395662440757828));
#4077=CARTESIAN_POINT('',(-0.01155224869587,-0.009,0.00401776080016701));
#4078=CARTESIAN_POINT('',(-0.0116237126623906,-0.009,0.00408332168249332));
#4079=CARTESIAN_POINT('',(-0.0116971134158555,-0.009,0.00415341412549307));
#4080=CARTESIAN_POINT('',(-0.0117722972416269,-0.009,0.00422813923447693));
#4081=CARTESIAN_POINT('',(-0.0118491059370363,-0.009,0.00430760024635944));
#4082=CARTESIAN_POINT('',(-0.0119273826971573,-0.009,0.00439187090954698));
#4083=CARTESIAN_POINT('',(-0.0120069500383015,-0.009,0.0044811166231746));
#4084=CARTESIAN_POINT('',(-0.012078947491744,-0.009,0.00456494382109964));
#4085=CARTESIAN_POINT('',(-0.0121242172308823,-0.009,0.00461999378816087));
#4086=CARTESIAN_POINT('',(-0.0121427320815687,-0.009,0.00464263476866771));
#4087=CARTESIAN_POINT('',(-0.010229868080655,-0.009,0.00330337691648961));
#4088=CARTESIAN_POINT('',(-4.09336908377222E-16,-0.009,1.11084554886833E-16));
#4089=CARTESIAN_POINT('',(-0.0105110140934556,-0.009,0.00225412571237238));
#4090=CARTESIAN_POINT('',(-0.0105110140934556,-0.009,0.00225412571237239));
#4091=CARTESIAN_POINT('',(-0.0107532036809614,-0.009,0.00230628048665175));
#4092=CARTESIAN_POINT('',(-0.0110227939475916,-0.009,0.002364335911944));
#4093=CARTESIAN_POINT('',(-0.011033765015843,-0.009,0.00236600834848252));
#4094=CARTESIAN_POINT('',(-0.0110464016529568,-0.009,0.00236813012915442));
#4095=CARTESIAN_POINT('',(-0.0110614957303969,-0.009,0.00237024235270894));
#4096=CARTESIAN_POINT('',(-0.011081814401029,-0.009,0.0023727326709279));
#4097=CARTESIAN_POINT('',(-0.0111064410908979,-0.009,0.00237522907694266));
#4098=CARTESIAN_POINT('',(-0.0111356796217821,-0.009,0.00237761205973775));
#4099=CARTESIAN_POINT('',(-0.0111694412850189,-0.009,0.00237968193997632));
#4100=CARTESIAN_POINT('',(-0.011207751043682,-0.009,0.00238126347440104));
#4101=CARTESIAN_POINT('',(-0.011250592760228,-0.009,0.00238217406599403));
#4102=CARTESIAN_POINT('',(-0.0112979554888573,-0.009,0.00238223346169596));
#4103=CARTESIAN_POINT('',(-0.011349819789434,-0.009,0.00238126107246252));
#4104=CARTESIAN_POINT('',(-0.0114061617194299,-0.009,0.00237907694007627));
#4105=CARTESIAN_POINT('',(-0.0114669516860036,-0.009,0.00237550164231335));
#4106=CARTESIAN_POINT('',(-0.0115321547903319,-0.009,0.00237035650493852));
#4107=CARTESIAN_POINT('',(-0.0116017307497992,-0.009,0.00236346372550457));
#4108=CARTESIAN_POINT('',(-0.0116756339460285,-0.009,0.00235464652170249));
#4109=CARTESIAN_POINT('',(-0.0117538134419478,-0.009,0.00234372927284234));
#4110=CARTESIAN_POINT('',(-0.0118362130133952,-0.009,0.0023305376598247));
#4111=CARTESIAN_POINT('',(-0.011922771177555,-0.009,0.00231489881525259));
#4112=CARTESIAN_POINT('',(-0.0120134212415425,-0.009,0.00229664142866106));
#4113=CARTESIAN_POINT('',(-0.0121080912931678,-0.009,0.00227559602233229));
#4114=CARTESIAN_POINT('',(-0.0122067044318251,-0.009,0.00225159456281361));
#4115=CARTESIAN_POINT('',(-0.0123091780893888,-0.009,0.00222447263301872));
#4116=CARTESIAN_POINT('',(-0.0124154268767862,-0.009,0.00219406172582278));
#4117=CARTESIAN_POINT('',(-0.0125253518711707,-0.009,0.00216021957076909));
#4118=CARTESIAN_POINT('',(-0.0126388820667269,-0.009,0.00212271418616081));
#4119=CARTESIAN_POINT('',(-0.0127431472893785,-0.009,0.00208611642995092));
#4120=CARTESIAN_POINT('',(-0.0128098770170255,-0.009,0.00206107662956754));
#4121=CARTESIAN_POINT('',(-0.0128372318383206,-0.009,0.00205072639062523));
#4122=CARTESIAN_POINT('',(-0.0128372318383206,-0.009,0.00205072639062523));
#4123=CARTESIAN_POINT('',(0.,-0.009,7.9602041944578E-19));
#4124=CARTESIAN_POINT('',(-0.0129305808168824,-0.009,0.00134167050279635));
#4125=CARTESIAN_POINT('',(-0.0107362706377744,-0.009,0.000543132389444581));
#4126=CARTESIAN_POINT('',(-0.0109837064640811,-0.009,0.000555438023775908));
#4127=CARTESIAN_POINT('',(-0.0112591365148725,-0.009,0.000569135884508076));
#4128=CARTESIAN_POINT('',(-0.0112701666114664,-0.009,0.000570359956271286));
#4129=CARTESIAN_POINT('',(-0.0112829218228595,-0.009,0.000571581075873675));
#4130=CARTESIAN_POINT('',(-0.0112980482657663,-0.009,0.000573447459301199));
#4131=CARTESIAN_POINT('',(-0.0113183191362692,-0.009,0.000576300855548609));
#4132=CARTESIAN_POINT('',(-0.0113427528094504,-0.009,0.000580263368861937));
#4133=CARTESIAN_POINT('',(-0.0113716118228858,-0.009,0.000585529072880216));
#4134=CARTESIAN_POINT('',(-0.0114047588097715,-0.009,0.000592267883540473));
#4135=CARTESIAN_POINT('',(-0.0114421725262927,-0.009,0.000600655533749755));
#4136=CARTESIAN_POINT('',(-0.0114837901251936,-0.009,0.000610864221979876));
#4137=CARTESIAN_POINT('',(-0.011529554380719,-0.009,0.00062306522633469));
#4138=CARTESIAN_POINT('',(-0.0115793997752557,-0.009,0.000637427950958666));
#4139=CARTESIAN_POINT('',(-0.011633256605483,-0.009,0.000654120025359341));
#4140=CARTESIAN_POINT('',(-0.0116910498490229,-0.009,0.000673307098905637));
#4141=CARTESIAN_POINT('',(-0.0117526995519055,-0.009,0.000695152725175759));
#4142=CARTESIAN_POINT('',(-0.0118181207854526,-0.009,0.000719818222237334));
#4143=CARTESIAN_POINT('',(-0.0118872237310673,-0.009,0.000747462541783513));
#4144=CARTESIAN_POINT('',(-0.0119599137333368,-0.009,0.000778242136889981));
#4145=CARTESIAN_POINT('',(-0.0120360913667884,-0.009,0.000812310834993012));
#4146=CARTESIAN_POINT('',(-0.012115652502208,-0.009,0.000849819700252213));
#4147=CARTESIAN_POINT('',(-0.0121984883808046,-0.009,0.000890916944481246));
#4148=CARTESIAN_POINT('',(-0.0122844856766757,-0.009,0.000935747658340401));
#4149=CARTESIAN_POINT('',(-0.0123735266192826,-0.009,0.000984454246339985));
#4150=CARTESIAN_POINT('',(-0.0124654888996668,-0.009,0.00103717415298646));
#4151=CARTESIAN_POINT('',(-0.0125602464254646,-0.009,0.00109404804334538));
#4152=CARTESIAN_POINT('',(-0.0126576668222401,-0.009,0.00115518773700851));
#4153=CARTESIAN_POINT('',(-0.012757621462361,-0.009,0.00122079893343073));
#4154=CARTESIAN_POINT('',(-0.0128488617373888,-0.009,0.00128313547670217));
#4155=CARTESIAN_POINT('',(-0.0129068369274795,-0.009,0.00132459299096717));
#4156=CARTESIAN_POINT('',(-0.0129305808168824,-0.009,0.00134167050279635));
#4157=CARTESIAN_POINT('',(-0.0107362706377744,-0.009,0.000543132389444586));
#4158=CARTESIAN_POINT('',(-4.2413988987633E-16,-0.009,1.35525271560693E-18));
#4159=CARTESIAN_POINT('',(-0.0107362706377744,-0.009,-0.00054313238944458));
#4160=CARTESIAN_POINT('',(-0.0107362706377744,-0.009,-0.000543132389444578));
#4161=CARTESIAN_POINT('',(-0.0109837064640811,-0.009,-0.000555438023775906));
#4162=CARTESIAN_POINT('',(-0.0112591365148725,-0.009,-0.000569135884508074));
#4163=CARTESIAN_POINT('',(-0.0112701666114664,-0.009,-0.000570359956271283));
#4164=CARTESIAN_POINT('',(-0.0112829218228595,-0.009,-0.000571581075873672));
#4165=CARTESIAN_POINT('',(-0.0112980482657663,-0.009,-0.000573447459301196));
#4166=CARTESIAN_POINT('',(-0.0113183191362692,-0.009,-0.000576300855548606));
#4167=CARTESIAN_POINT('',(-0.0113427528094504,-0.009,-0.000580263368861934));
#4168=CARTESIAN_POINT('',(-0.0113716118228858,-0.009,-0.000585529072880213));
#4169=CARTESIAN_POINT('',(-0.0114047588097715,-0.009,-0.00059226788354047));
#4170=CARTESIAN_POINT('',(-0.0114421725262927,-0.009,-0.000600655533749752));
#4171=CARTESIAN_POINT('',(-0.0114837901251936,-0.009,-0.000610864221979873));
#4172=CARTESIAN_POINT('',(-0.011529554380719,-0.009,-0.000623065226334687));
#4173=CARTESIAN_POINT('',(-0.0115793997752557,-0.009,-0.000637427950958663));
#4174=CARTESIAN_POINT('',(-0.011633256605483,-0.009,-0.000654120025359338));
#4175=CARTESIAN_POINT('',(-0.0116910498490229,-0.009,-0.000673307098905634));
#4176=CARTESIAN_POINT('',(-0.0117526995519055,-0.009,-0.000695152725175757));
#4177=CARTESIAN_POINT('',(-0.0118181207854526,-0.009,-0.000719818222237331));
#4178=CARTESIAN_POINT('',(-0.0118872237310673,-0.009,-0.00074746254178351));
#4179=CARTESIAN_POINT('',(-0.0119599137333368,-0.009,-0.000778242136889978));
#4180=CARTESIAN_POINT('',(-0.0120360913667884,-0.009,-0.000812310834993009));
#4181=CARTESIAN_POINT('',(-0.012115652502208,-0.009,-0.00084981970025221));
#4182=CARTESIAN_POINT('',(-0.0121984883808046,-0.009,-0.000890916944481243));
#4183=CARTESIAN_POINT('',(-0.0122844856766757,-0.009,-0.000935747658340398));
#4184=CARTESIAN_POINT('',(-0.0123735266192826,-0.009,-0.000984454246339982));
#4185=CARTESIAN_POINT('',(-0.0124654888996668,-0.009,-0.00103717415298645));
#4186=CARTESIAN_POINT('',(-0.0125602464254646,-0.009,-0.00109404804334538));
#4187=CARTESIAN_POINT('',(-0.0126576668222401,-0.009,-0.00115518773700851));
#4188=CARTESIAN_POINT('',(-0.012757621462361,-0.009,-0.00122079893343073));
#4189=CARTESIAN_POINT('',(-0.0128488617373888,-0.009,-0.00128313547670217));
#4190=CARTESIAN_POINT('',(-0.0129068369274795,-0.009,-0.00132459299096716));
#4191=CARTESIAN_POINT('',(-0.0129305808168824,-0.009,-0.00134167050279635));
#4192=CARTESIAN_POINT('',(-0.0129305808168824,-0.009,-0.00134167050279635));
#4193=CARTESIAN_POINT('',(0.,-0.009,7.9602041944578E-19));
#4194=CARTESIAN_POINT('',(-0.00670133591351461,-0.009,-0.00121895533912758));
#4195=CARTESIAN_POINT('',(-0.00670133591351461,-0.009,-0.00243791067825517));
#4196=CARTESIAN_POINT('',(-0.00670133591351461,-0.009,0.00243791067825517));
#4197=CARTESIAN_POINT('',(-0.00447554627370875,-0.009,0.00255953311458579));
#4198=CARTESIAN_POINT('',(-0.00224975663390288,-0.009,0.00268115555091643));
#4199=CARTESIAN_POINT('',(-4.33680868994202E-19,-0.009,-5.53808269405917E-19));
#4200=CARTESIAN_POINT('',(-0.00224975663390288,-0.009,-0.00268115555091643));
#4201=CARTESIAN_POINT('',(-0.00447554627370875,-0.009,-0.00255953311458579));
#4202=CARTESIAN_POINT('',(0.,-0.009,7.9602041944578E-19));
#4203=CARTESIAN_POINT('',(-0.0128372318383206,-0.009,-0.00205072639062523));
#4204=CARTESIAN_POINT('',(-0.0128372318383206,0.,-0.00205072639062523));
#4205=CARTESIAN_POINT('',(-0.0129305808168824,-0.009,-0.00134167050279635));
#4206=CARTESIAN_POINT('',(-0.0129305808168824,0.,-0.00134167050279635));
#4207=CARTESIAN_POINT('',(0.,0.,7.9602041944578E-19));
#4208=CARTESIAN_POINT('',(0.,-0.009,7.9602041944578E-19));
#4209=CARTESIAN_POINT('',(-0.0121427320815687,-0.009,-0.0046426347686677));
#4210=CARTESIAN_POINT('',(-0.0121427320815687,0.,-0.0046426347686677));
#4211=CARTESIAN_POINT('',(0.,0.,7.9602041944578E-19));
#4212=CARTESIAN_POINT('',(-0.011869046724506,0.,-0.00530336966951131));
#4213=CARTESIAN_POINT('',(-0.011869046724506,-0.009,-0.00530336966951131));
#4214=CARTESIAN_POINT('',(0.,-0.009,7.9602041944578E-19));
#4215=CARTESIAN_POINT('',(-0.00762721114737107,-0.009,-0.0105273762217097));
#4216=CARTESIAN_POINT('',(-0.00762721114737107,0.,-0.0105273762217097));
#4217=CARTESIAN_POINT('',(-0.00819459706965295,-0.009,-0.0100920056909435));
#4218=CARTESIAN_POINT('',(-0.00819459706965295,0.,-0.0100920056909435));
#4219=CARTESIAN_POINT('',(0.,0.,7.9602041944578E-19));
#4220=CARTESIAN_POINT('',(0.,-0.009,7.9602041944578E-19));
#4221=CARTESIAN_POINT('',(-0.0105273762217097,-0.009,-0.00762721114737107));
#4222=CARTESIAN_POINT('',(-0.0105273762217097,0.,-0.00762721114737107));
#4223=CARTESIAN_POINT('',(0.,0.,7.9602041944578E-19));
#4224=CARTESIAN_POINT('',(-0.0100920056909435,0.,-0.00819459706965295));
#4225=CARTESIAN_POINT('',(-0.0100920056909435,-0.009,-0.00819459706965295));
#4226=CARTESIAN_POINT('',(0.,-0.009,7.9602041944578E-19));
#4227=CARTESIAN_POINT('',(-0.0129305808168824,-0.009,0.00134167050279635));
#4228=CARTESIAN_POINT('',(-0.0129305808168824,0.,0.00134167050279635));
#4229=CARTESIAN_POINT('',(-0.0128372318383206,-0.009,0.00205072639062523));
#4230=CARTESIAN_POINT('',(-0.0128372318383206,0.,0.00205072639062523));
#4231=CARTESIAN_POINT('',(0.,0.,7.9602041944578E-19));
#4232=CARTESIAN_POINT('',(0.,-0.009,7.9602041944578E-19));
#4233=CARTESIAN_POINT('',(-0.0121427320815687,-0.009,0.00464263476866771));
#4234=CARTESIAN_POINT('',(-0.0121427320815687,0.,0.00464263476866771));
#4235=CARTESIAN_POINT('',(-0.011869046724506,-0.009,0.0053033696695113));
#4236=CARTESIAN_POINT('',(-0.011869046724506,0.,0.0053033696695113));
#4237=CARTESIAN_POINT('',(0.,0.,7.9602041944578E-19));
#4238=CARTESIAN_POINT('',(0.,-0.009,7.9602041944578E-19));
#4239=CARTESIAN_POINT('',(-0.00819459706965295,-0.009,0.0100920056909435));
#4240=CARTESIAN_POINT('',(-0.00819459706965295,0.,0.0100920056909435));
#4241=CARTESIAN_POINT('',(-0.00762721114737106,-0.009,0.0105273762217097));
#4242=CARTESIAN_POINT('',(-0.00762721114737106,0.,0.0105273762217097));
#4243=CARTESIAN_POINT('',(0.,0.,7.9602041944578E-19));
#4244=CARTESIAN_POINT('',(0.,-0.009,7.9602041944578E-19));
#4245=CARTESIAN_POINT('',(-0.0100920056909435,-0.009,0.00819459706965294));
#4246=CARTESIAN_POINT('',(-0.0100920056909435,0.,0.00819459706965294));
#4247=CARTESIAN_POINT('',(0.,0.,7.9602041944578E-19));
#4248=CARTESIAN_POINT('',(-0.0105273762217097,0.,0.00762721114737106));
#4249=CARTESIAN_POINT('',(-0.0105273762217097,-0.009,0.00762721114737106));
#4250=CARTESIAN_POINT('',(0.,-0.009,7.9602041944578E-19));
#4251=CARTESIAN_POINT('',(-0.0053033696695113,-0.009,0.011869046724506));
#4252=CARTESIAN_POINT('',(-0.0053033696695113,0.,0.011869046724506));
#4253=CARTESIAN_POINT('',(-0.0046426347686677,-0.009,0.0121427320815687));
#4254=CARTESIAN_POINT('',(-0.0046426347686677,0.,0.0121427320815687));
#4255=CARTESIAN_POINT('',(0.,0.,7.9602041944578E-19));
#4256=CARTESIAN_POINT('',(0.,-0.009,7.9602041944578E-19));
#4257=CARTESIAN_POINT('',(-0.00205072639062523,-0.009,0.0128372318383206));
#4258=CARTESIAN_POINT('',(-0.00205072639062523,0.,0.0128372318383206));
#4259=CARTESIAN_POINT('',(-0.00134167050279635,-0.009,0.0129305808168824));
#4260=CARTESIAN_POINT('',(-0.00134167050279635,0.,0.0129305808168824));
#4261=CARTESIAN_POINT('',(0.,0.,7.9602041944578E-19));
#4262=CARTESIAN_POINT('',(0.,-0.009,7.9602041944578E-19));
#4263=CARTESIAN_POINT('',(0.00134167050279635,-0.009,0.0129305808168824));
#4264=CARTESIAN_POINT('',(0.00134167050279635,0.,0.0129305808168824));
#4265=CARTESIAN_POINT('',(0.00205072639062523,-0.009,0.0128372318383206));
#4266=CARTESIAN_POINT('',(0.00205072639062523,0.,0.0128372318383206));
#4267=CARTESIAN_POINT('',(0.,0.,7.9602041944578E-19));
#4268=CARTESIAN_POINT('',(0.,-0.009,7.9602041944578E-19));
#4269=CARTESIAN_POINT('',(0.0046426347686677,-0.009,0.0121427320815687));
#4270=CARTESIAN_POINT('',(0.0046426347686677,0.,0.0121427320815687));
#4271=CARTESIAN_POINT('',(0.0053033696695113,-0.009,0.011869046724506));
#4272=CARTESIAN_POINT('',(0.0053033696695113,0.,0.011869046724506));
#4273=CARTESIAN_POINT('',(0.,0.,7.9602041944578E-19));
#4274=CARTESIAN_POINT('',(0.,-0.009,7.9602041944578E-19));
#4275=CARTESIAN_POINT('',(0.0128372318383206,-0.009,0.00205072639062523));
#4276=CARTESIAN_POINT('',(0.0128372318383206,0.,0.00205072639062523));
#4277=CARTESIAN_POINT('',(0.0129305808168824,-0.009,0.00134167050279635));
#4278=CARTESIAN_POINT('',(0.0129305808168824,0.,0.00134167050279635));
#4279=CARTESIAN_POINT('',(0.,0.,7.9602041944578E-19));
#4280=CARTESIAN_POINT('',(0.,-0.009,7.9602041944578E-19));
#4281=CARTESIAN_POINT('',(0.0121427320815687,-0.009,0.0046426347686677));
#4282=CARTESIAN_POINT('',(0.0121427320815687,0.,0.0046426347686677));
#4283=CARTESIAN_POINT('',(0.,0.,7.9602041944578E-19));
#4284=CARTESIAN_POINT('',(0.011869046724506,0.,0.0053033696695113));
#4285=CARTESIAN_POINT('',(0.011869046724506,-0.009,0.0053033696695113));
#4286=CARTESIAN_POINT('',(0.,-0.009,7.9602041944578E-19));
#4287=CARTESIAN_POINT('',(0.00762721114737107,-0.009,0.0105273762217097));
#4288=CARTESIAN_POINT('',(0.00762721114737107,0.,0.0105273762217097));
#4289=CARTESIAN_POINT('',(0.00819459706965294,-0.009,0.0100920056909435));
#4290=CARTESIAN_POINT('',(0.00819459706965294,0.,0.0100920056909435));
#4291=CARTESIAN_POINT('',(0.,0.,7.9602041944578E-19));
#4292=CARTESIAN_POINT('',(0.,-0.009,7.9602041944578E-19));
#4293=CARTESIAN_POINT('',(0.0105273762217097,-0.009,0.00762721114737106));
#4294=CARTESIAN_POINT('',(0.0105273762217097,0.,0.00762721114737106));
#4295=CARTESIAN_POINT('',(0.,0.,7.9602041944578E-19));
#4296=CARTESIAN_POINT('',(0.0100920056909435,0.,0.00819459706965295));
#4297=CARTESIAN_POINT('',(0.0100920056909435,-0.009,0.00819459706965295));
#4298=CARTESIAN_POINT('',(0.,-0.009,7.9602041944578E-19));
#4299=CARTESIAN_POINT('',(0.0121427320815687,-0.009,-0.0046426347686677));
#4300=CARTESIAN_POINT('',(0.0121427320815687,0.,-0.0046426347686677));
#4301=CARTESIAN_POINT('',(0.011869046724506,-0.009,-0.00530336966951131));
#4302=CARTESIAN_POINT('',(0.011869046724506,0.,-0.00530336966951131));
#4303=CARTESIAN_POINT('',(0.,0.,7.9602041944578E-19));
#4304=CARTESIAN_POINT('',(0.,-0.009,7.9602041944578E-19));
#4305=CARTESIAN_POINT('',(0.00819459706965294,-0.009,-0.0100920056909435));
#4306=CARTESIAN_POINT('',(0.00819459706965294,0.,-0.0100920056909435));
#4307=CARTESIAN_POINT('',(0.00762721114737107,-0.009,-0.0105273762217097));
#4308=CARTESIAN_POINT('',(0.00762721114737107,0.,-0.0105273762217097));
#4309=CARTESIAN_POINT('',(0.,0.,7.9602041944578E-19));
#4310=CARTESIAN_POINT('',(0.,-0.009,7.9602041944578E-19));
#4311=CARTESIAN_POINT('',(0.0100920056909435,-0.009,-0.00819459706965295));
#4312=CARTESIAN_POINT('',(0.0100920056909435,0.,-0.00819459706965295));
#4313=CARTESIAN_POINT('',(0.,0.,7.9602041944578E-19));
#4314=CARTESIAN_POINT('',(0.0105273762217097,0.,-0.00762721114737107));
#4315=CARTESIAN_POINT('',(0.0105273762217097,-0.009,-0.00762721114737107));
#4316=CARTESIAN_POINT('',(0.,-0.009,7.9602041944578E-19));
#4317=CARTESIAN_POINT('',(0.00530336966951131,-0.009,-0.011869046724506));
#4318=CARTESIAN_POINT('',(0.00530336966951131,0.,-0.011869046724506));
#4319=CARTESIAN_POINT('',(0.0046426347686677,-0.009,-0.0121427320815687));
#4320=CARTESIAN_POINT('',(0.0046426347686677,0.,-0.0121427320815687));
#4321=CARTESIAN_POINT('',(0.,0.,7.9602041944578E-19));
#4322=CARTESIAN_POINT('',(0.,-0.009,7.9602041944578E-19));
#4323=CARTESIAN_POINT('',(0.00205072639062522,-0.009,-0.0128372318383206));
#4324=CARTESIAN_POINT('',(0.00205072639062522,0.,-0.0128372318383206));
#4325=CARTESIAN_POINT('',(0.00134167050279635,-0.009,-0.0129305808168824));
#4326=CARTESIAN_POINT('',(0.00134167050279635,0.,-0.0129305808168824));
#4327=CARTESIAN_POINT('',(0.,0.,7.9602041944578E-19));
#4328=CARTESIAN_POINT('',(0.,-0.009,7.9602041944578E-19));
#4329=CARTESIAN_POINT('',(-0.00134167050279635,-0.009,-0.0129305808168824));
#4330=CARTESIAN_POINT('',(-0.00134167050279635,0.,-0.0129305808168824));
#4331=CARTESIAN_POINT('',(-0.00205072639062523,-0.009,-0.0128372318383206));
#4332=CARTESIAN_POINT('',(-0.00205072639062523,0.,-0.0128372318383206));
#4333=CARTESIAN_POINT('',(0.,0.,7.9602041944578E-19));
#4334=CARTESIAN_POINT('',(0.,-0.009,7.9602041944578E-19));
#4335=CARTESIAN_POINT('',(-0.00530336966951131,-0.009,-0.011869046724506));
#4336=CARTESIAN_POINT('',(-0.00530336966951131,0.,-0.011869046724506));
#4337=CARTESIAN_POINT('',(0.,0.,7.9602041944578E-19));
#4338=CARTESIAN_POINT('',(-0.0046426347686677,0.,-0.0121427320815687));
#4339=CARTESIAN_POINT('',(-0.0046426347686677,-0.009,-0.0121427320815687));
#4340=CARTESIAN_POINT('',(0.,0.,0.));
#4341=CARTESIAN_POINT('',(-4.10038438804674E-16,0.,-1.08466407688527E-16));
#4342=CARTESIAN_POINT('',(-0.0105110140934556,0.,-0.00225412571237238));
#4343=CARTESIAN_POINT('',(-0.010229868080655,0.,-0.00330337691648961));
#4344=CARTESIAN_POINT('',(-0.0105110140934556,0.,-0.00225412571237238));
#4345=CARTESIAN_POINT('',(-0.0107532036809614,0.,-0.00230628048665174));
#4346=CARTESIAN_POINT('',(-0.0110227939475916,0.,-0.002364335911944));
#4347=CARTESIAN_POINT('',(-0.011033765015843,0.,-0.00236600834848252));
#4348=CARTESIAN_POINT('',(-0.0110464016529568,0.,-0.00236813012915441));
#4349=CARTESIAN_POINT('',(-0.0110614957303969,0.,-0.00237024235270894));
#4350=CARTESIAN_POINT('',(-0.011081814401029,0.,-0.0023727326709279));
#4351=CARTESIAN_POINT('',(-0.0111064410908979,0.,-0.00237522907694265));
#4352=CARTESIAN_POINT('',(-0.0111356796217821,0.,-0.00237761205973774));
#4353=CARTESIAN_POINT('',(-0.0111694412850189,0.,-0.00237968193997632));
#4354=CARTESIAN_POINT('',(-0.011207751043682,0.,-0.00238126347440104));
#4355=CARTESIAN_POINT('',(-0.011250592760228,0.,-0.00238217406599403));
#4356=CARTESIAN_POINT('',(-0.0112979554888573,0.,-0.00238223346169596));
#4357=CARTESIAN_POINT('',(-0.011349819789434,0.,-0.00238126107246252));
#4358=CARTESIAN_POINT('',(-0.0114061617194299,0.,-0.00237907694007626));
#4359=CARTESIAN_POINT('',(-0.0114669516860036,0.,-0.00237550164231334));
#4360=CARTESIAN_POINT('',(-0.0115321547903319,0.,-0.00237035650493851));
#4361=CARTESIAN_POINT('',(-0.0116017307497992,0.,-0.00236346372550457));
#4362=CARTESIAN_POINT('',(-0.0116756339460285,0.,-0.00235464652170248));
#4363=CARTESIAN_POINT('',(-0.0117538134419478,0.,-0.00234372927284234));
#4364=CARTESIAN_POINT('',(-0.0118362130133952,0.,-0.0023305376598247));
#4365=CARTESIAN_POINT('',(-0.011922771177555,0.,-0.00231489881525258));
#4366=CARTESIAN_POINT('',(-0.0120134212415425,0.,-0.00229664142866105));
#4367=CARTESIAN_POINT('',(-0.0121080912931678,0.,-0.00227559602233229));
#4368=CARTESIAN_POINT('',(-0.0122067044318251,0.,-0.00225159456281361));
#4369=CARTESIAN_POINT('',(-0.0123091780893888,0.,-0.00222447263301872));
#4370=CARTESIAN_POINT('',(-0.0124154268767862,0.,-0.00219406172582278));
#4371=CARTESIAN_POINT('',(-0.0125253518711707,0.,-0.00216021957076909));
#4372=CARTESIAN_POINT('',(-0.0126388820667269,0.,-0.00212271418616081));
#4373=CARTESIAN_POINT('',(-0.0127431472893785,0.,-0.00208611642995092));
#4374=CARTESIAN_POINT('',(-0.0128098770170255,0.,-0.00206107662956753));
#4375=CARTESIAN_POINT('',(-0.0128372318383206,0.,-0.00205072639062523));
#4376=CARTESIAN_POINT('',(-0.0107362706377744,0.,-0.000543132389444578));
#4377=CARTESIAN_POINT('',(-0.0109837064640811,0.,-0.000555438023775906));
#4378=CARTESIAN_POINT('',(-0.0112591365148725,0.,-0.000569135884508074));
#4379=CARTESIAN_POINT('',(-0.0112701666114664,0.,-0.000570359956271283));
#4380=CARTESIAN_POINT('',(-0.0112829218228595,0.,-0.000571581075873672));
#4381=CARTESIAN_POINT('',(-0.0112980482657663,0.,-0.000573447459301196));
#4382=CARTESIAN_POINT('',(-0.0113183191362692,0.,-0.000576300855548606));
#4383=CARTESIAN_POINT('',(-0.0113427528094504,0.,-0.000580263368861934));
#4384=CARTESIAN_POINT('',(-0.0113716118228858,0.,-0.000585529072880213));
#4385=CARTESIAN_POINT('',(-0.0114047588097715,0.,-0.00059226788354047));
#4386=CARTESIAN_POINT('',(-0.0114421725262927,0.,-0.000600655533749752));
#4387=CARTESIAN_POINT('',(-0.0114837901251936,0.,-0.000610864221979873));
#4388=CARTESIAN_POINT('',(-0.011529554380719,0.,-0.000623065226334687));
#4389=CARTESIAN_POINT('',(-0.0115793997752557,0.,-0.000637427950958663));
#4390=CARTESIAN_POINT('',(-0.011633256605483,0.,-0.000654120025359338));
#4391=CARTESIAN_POINT('',(-0.0116910498490229,0.,-0.000673307098905634));
#4392=CARTESIAN_POINT('',(-0.0117526995519055,0.,-0.000695152725175757));
#4393=CARTESIAN_POINT('',(-0.0118181207854526,0.,-0.000719818222237331));
#4394=CARTESIAN_POINT('',(-0.0118872237310673,0.,-0.00074746254178351));
#4395=CARTESIAN_POINT('',(-0.0119599137333368,0.,-0.000778242136889978));
#4396=CARTESIAN_POINT('',(-0.0120360913667884,0.,-0.000812310834993009));
#4397=CARTESIAN_POINT('',(-0.012115652502208,0.,-0.00084981970025221));
#4398=CARTESIAN_POINT('',(-0.0121984883808046,0.,-0.000890916944481243));
#4399=CARTESIAN_POINT('',(-0.0122844856766757,0.,-0.000935747658340398));
#4400=CARTESIAN_POINT('',(-0.0123735266192826,0.,-0.000984454246339982));
#4401=CARTESIAN_POINT('',(-0.0124654888996668,0.,-0.00103717415298645));
#4402=CARTESIAN_POINT('',(-0.0125602464254646,0.,-0.00109404804334538));
#4403=CARTESIAN_POINT('',(-0.0126576668222401,0.,-0.00115518773700851));
#4404=CARTESIAN_POINT('',(-0.012757621462361,0.,-0.00122079893343073));
#4405=CARTESIAN_POINT('',(-0.0128488617373888,0.,-0.00128313547670217));
#4406=CARTESIAN_POINT('',(-0.0129068369274795,0.,-0.00132459299096716));
#4407=CARTESIAN_POINT('',(-0.0129305808168824,0.,-0.00134167050279635));
#4408=CARTESIAN_POINT('',(-0.0107362706377744,0.,-0.00054313238944458));
#4409=CARTESIAN_POINT('',(-4.2413988987633E-16,0.,1.35525271560693E-18));
#4410=CARTESIAN_POINT('',(-0.0107362706377744,0.,0.000543132389444586));
#4411=CARTESIAN_POINT('',(-0.0107362706377744,0.,0.000543132389444581));
#4412=CARTESIAN_POINT('',(-0.0109837064640811,0.,0.000555438023775908));
#4413=CARTESIAN_POINT('',(-0.0112591365148725,0.,0.000569135884508076));
#4414=CARTESIAN_POINT('',(-0.0112701666114664,0.,0.000570359956271286));
#4415=CARTESIAN_POINT('',(-0.0112829218228595,0.,0.000571581075873675));
#4416=CARTESIAN_POINT('',(-0.0112980482657663,0.,0.000573447459301199));
#4417=CARTESIAN_POINT('',(-0.0113183191362692,0.,0.000576300855548609));
#4418=CARTESIAN_POINT('',(-0.0113427528094504,0.,0.000580263368861937));
#4419=CARTESIAN_POINT('',(-0.0113716118228858,0.,0.000585529072880216));
#4420=CARTESIAN_POINT('',(-0.0114047588097715,0.,0.000592267883540473));
#4421=CARTESIAN_POINT('',(-0.0114421725262927,0.,0.000600655533749755));
#4422=CARTESIAN_POINT('',(-0.0114837901251936,0.,0.000610864221979876));
#4423=CARTESIAN_POINT('',(-0.011529554380719,0.,0.00062306522633469));
#4424=CARTESIAN_POINT('',(-0.0115793997752557,0.,0.000637427950958666));
#4425=CARTESIAN_POINT('',(-0.011633256605483,0.,0.000654120025359341));
#4426=CARTESIAN_POINT('',(-0.0116910498490229,0.,0.000673307098905637));
#4427=CARTESIAN_POINT('',(-0.0117526995519055,0.,0.000695152725175759));
#4428=CARTESIAN_POINT('',(-0.0118181207854526,0.,0.000719818222237334));
#4429=CARTESIAN_POINT('',(-0.0118872237310673,0.,0.000747462541783513));
#4430=CARTESIAN_POINT('',(-0.0119599137333368,0.,0.000778242136889981));
#4431=CARTESIAN_POINT('',(-0.0120360913667884,0.,0.000812310834993012));
#4432=CARTESIAN_POINT('',(-0.012115652502208,0.,0.000849819700252213));
#4433=CARTESIAN_POINT('',(-0.0121984883808046,0.,0.000890916944481246));
#4434=CARTESIAN_POINT('',(-0.0122844856766757,0.,0.000935747658340401));
#4435=CARTESIAN_POINT('',(-0.0123735266192826,0.,0.000984454246339985));
#4436=CARTESIAN_POINT('',(-0.0124654888996668,0.,0.00103717415298646));
#4437=CARTESIAN_POINT('',(-0.0125602464254646,0.,0.00109404804334538));
#4438=CARTESIAN_POINT('',(-0.0126576668222401,0.,0.00115518773700851));
#4439=CARTESIAN_POINT('',(-0.012757621462361,0.,0.00122079893343073));
#4440=CARTESIAN_POINT('',(-0.0128488617373888,0.,0.00128313547670217));
#4441=CARTESIAN_POINT('',(-0.0129068369274795,0.,0.00132459299096717));
#4442=CARTESIAN_POINT('',(-0.0129305808168824,0.,0.00134167050279635));
#4443=CARTESIAN_POINT('',(-0.0105110140934556,0.,0.00225412571237239));
#4444=CARTESIAN_POINT('',(-0.0107532036809614,0.,0.00230628048665175));
#4445=CARTESIAN_POINT('',(-0.0110227939475916,0.,0.002364335911944));
#4446=CARTESIAN_POINT('',(-0.011033765015843,0.,0.00236600834848252));
#4447=CARTESIAN_POINT('',(-0.0110464016529568,0.,0.00236813012915442));
#4448=CARTESIAN_POINT('',(-0.0110614957303969,0.,0.00237024235270894));
#4449=CARTESIAN_POINT('',(-0.011081814401029,0.,0.0023727326709279));
#4450=CARTESIAN_POINT('',(-0.0111064410908979,0.,0.00237522907694266));
#4451=CARTESIAN_POINT('',(-0.0111356796217821,0.,0.00237761205973775));
#4452=CARTESIAN_POINT('',(-0.0111694412850189,0.,0.00237968193997632));
#4453=CARTESIAN_POINT('',(-0.011207751043682,0.,0.00238126347440104));
#4454=CARTESIAN_POINT('',(-0.011250592760228,0.,0.00238217406599403));
#4455=CARTESIAN_POINT('',(-0.0112979554888573,0.,0.00238223346169596));
#4456=CARTESIAN_POINT('',(-0.011349819789434,0.,0.00238126107246252));
#4457=CARTESIAN_POINT('',(-0.0114061617194299,0.,0.00237907694007627));
#4458=CARTESIAN_POINT('',(-0.0114669516860036,0.,0.00237550164231335));
#4459=CARTESIAN_POINT('',(-0.0115321547903319,0.,0.00237035650493852));
#4460=CARTESIAN_POINT('',(-0.0116017307497992,0.,0.00236346372550457));
#4461=CARTESIAN_POINT('',(-0.0116756339460285,0.,0.00235464652170249));
#4462=CARTESIAN_POINT('',(-0.0117538134419478,0.,0.00234372927284234));
#4463=CARTESIAN_POINT('',(-0.0118362130133952,0.,0.0023305376598247));
#4464=CARTESIAN_POINT('',(-0.011922771177555,0.,0.00231489881525259));
#4465=CARTESIAN_POINT('',(-0.0120134212415425,0.,0.00229664142866106));
#4466=CARTESIAN_POINT('',(-0.0121080912931678,0.,0.00227559602233229));
#4467=CARTESIAN_POINT('',(-0.0122067044318251,0.,0.00225159456281361));
#4468=CARTESIAN_POINT('',(-0.0123091780893888,0.,0.00222447263301872));
#4469=CARTESIAN_POINT('',(-0.0124154268767862,0.,0.00219406172582278));
#4470=CARTESIAN_POINT('',(-0.0125253518711707,0.,0.00216021957076909));
#4471=CARTESIAN_POINT('',(-0.0126388820667269,0.,0.00212271418616081));
#4472=CARTESIAN_POINT('',(-0.0127431472893785,0.,0.00208611642995092));
#4473=CARTESIAN_POINT('',(-0.0128098770170255,0.,0.00206107662956754));
#4474=CARTESIAN_POINT('',(-0.0128372318383206,0.,0.00205072639062523));
#4475=CARTESIAN_POINT('',(-0.0105110140934556,0.,0.00225412571237238));
#4476=CARTESIAN_POINT('',(-4.09336908377222E-16,0.,1.11084554886833E-16));
#4477=CARTESIAN_POINT('',(-0.010229868080655,0.,0.00330337691648961));
#4478=CARTESIAN_POINT('',(-0.010229868080655,0.,0.00330337691648961));
#4479=CARTESIAN_POINT('',(-0.0104656878031068,0.,0.00337930435078797));
#4480=CARTESIAN_POINT('',(-0.0107281875352677,0.,0.00346382201097245));
#4481=CARTESIAN_POINT('',(-0.0107385249773493,0.,0.0034678591725696));
#4482=CARTESIAN_POINT('',(-0.0107505295164442,0.,0.00347233997516336));
#4483=CARTESIAN_POINT('',(-0.0107646574827312,0.,0.00347805777462669));
#4484=CARTESIAN_POINT('',(-0.0107834991267793,0.,0.00348606043110167));
#4485=CARTESIAN_POINT('',(-0.0108060746688242,0.,0.00349621182500915));
#4486=CARTESIAN_POINT('',(-0.0108325874707369,0.,0.00350876736681393));
#4487=CARTESIAN_POINT('',(-0.0108628608688933,0.,0.00352385562956294));
#4488=CARTESIAN_POINT('',(-0.0108968288603207,0.,0.00354164085990571));
#4489=CARTESIAN_POINT('',(-0.0109343861709877,0.,0.00356227312272671));
#4490=CARTESIAN_POINT('',(-0.0109754331950242,0.,0.0035859030488546));
#4491=CARTESIAN_POINT('',(-0.0110198628022565,0.,0.00361267731292151));
#4492=CARTESIAN_POINT('',(-0.011067564278738,0.,0.00364273979205116));
#4493=CARTESIAN_POINT('',(-0.0111184222852046,0.,0.00367623107402679));
#4494=CARTESIAN_POINT('',(-0.0111723172612711,0.,0.0037132884458635));
#4495=CARTESIAN_POINT('',(-0.0112291254199455,0.,0.00375404574768962));
#4496=CARTESIAN_POINT('',(-0.0112887188633998,0.,0.00379863326828722));
#4497=CARTESIAN_POINT('',(-0.0113509656684909,0.,0.00384717763109919));
#4498=CARTESIAN_POINT('',(-0.0114157299841165,0.,0.00389980168881307));
#4499=CARTESIAN_POINT('',(-0.0114828721308979,0.,0.00395662440757828));
#4500=CARTESIAN_POINT('',(-0.01155224869587,0.,0.00401776080016701));
#4501=CARTESIAN_POINT('',(-0.0116237126623906,0.,0.00408332168249332));
#4502=CARTESIAN_POINT('',(-0.0116971134158555,0.,0.00415341412549307));
#4503=CARTESIAN_POINT('',(-0.0117722972416269,0.,0.00422813923447693));
#4504=CARTESIAN_POINT('',(-0.0118491059370363,0.,0.00430760024635944));
#4505=CARTESIAN_POINT('',(-0.0119273826971573,0.,0.00439187090954698));
#4506=CARTESIAN_POINT('',(-0.0120069500383015,0.,0.0044811166231746));
#4507=CARTESIAN_POINT('',(-0.012078947491744,0.,0.00456494382109964));
#4508=CARTESIAN_POINT('',(-0.0121242172308823,0.,0.00461999378816087));
#4509=CARTESIAN_POINT('',(-0.0121427320815687,0.,0.00464263476866771));
#4510=CARTESIAN_POINT('',(-0.00956944930893986,0.,0.00489776887201004));
#4511=CARTESIAN_POINT('',(-0.00978988783749352,0.,0.00501082979322278));
#4512=CARTESIAN_POINT('',(-0.0100352661888106,0.,0.00513668212324692));
#4513=CARTESIAN_POINT('',(-0.0100454305685488,0.,0.0051411370943009));
#4514=CARTESIAN_POINT('',(-0.010057087465447,0.,0.0051464571794007));
#4515=CARTESIAN_POINT('',(-0.0100711205409869,0.,0.00515240406539265));
#4516=CARTESIAN_POINT('',(-0.010090102327923,0.,0.0051600683870068));
#4517=CARTESIAN_POINT('',(-0.0101132437662624,0.,0.00516885358640525));
#4518=CARTESIAN_POINT('',(-0.0101408692570347,0.,0.00517872285967428));
#4519=CARTESIAN_POINT('',(-0.0101729447950668,0.,0.00518946037189408));
#4520=CARTESIAN_POINT('',(-0.0102095398491287,0.,0.00520090331199535));
#4521=CARTESIAN_POINT('',(-0.0102506860911365,0.,0.00521287112809921));
#4522=CARTESIAN_POINT('',(-0.0102964196011842,0.,0.00522518687613896));
#4523=CARTESIAN_POINT('',(-0.0103467683414265,0.,0.00523767108901536));
#4524=CARTESIAN_POINT('',(-0.0104017557617711,0.,0.0052501437436562));
#4525=CARTESIAN_POINT('',(-0.0104613997156168,0.,0.00526242387231075));
#4526=CARTESIAN_POINT('',(-0.010525712737584,0.,0.00527432985644056));
#4527=CARTESIAN_POINT('',(-0.0105947019363135,0.,0.00528567952616182));
#4528=CARTESIAN_POINT('',(-0.0106683690024652,0.,0.00529629031597182));
#4529=CARTESIAN_POINT('',(-0.0107467101885851,0.,0.0053059794058262));
#4530=CARTESIAN_POINT('',(-0.0108297163034059,0.,0.00531456386452093));
#4531=CARTESIAN_POINT('',(-0.0109173727004627,0.,0.00532186080204909));
#4532=CARTESIAN_POINT('',(-0.0110096592977867,0.,0.00532768748381952));
#4533=CARTESIAN_POINT('',(-0.0111065504975974,0.,0.00533186159468327));
#4534=CARTESIAN_POINT('',(-0.0112080155098717,0.,0.0053342009234474));
#4535=CARTESIAN_POINT('',(-0.0113140171341976,0.,0.00533452528519851));
#4536=CARTESIAN_POINT('',(-0.0114245165039178,0.,0.00533264981423456));
#4537=CARTESIAN_POINT('',(-0.0115394548892036,0.,0.00532841148473041));
#4538=CARTESIAN_POINT('',(-0.0116588237449856,0.,0.00532156784191654));
#4539=CARTESIAN_POINT('',(-0.0117690084126436,0.,0.00531320294937325));
#4540=CARTESIAN_POINT('',(-0.0118399451571839,0.,0.00530628728388737));
#4541=CARTESIAN_POINT('',(-0.011869046724506,0.,0.0053033696695113));
#4542=CARTESIAN_POINT('',(-0.00956944930893986,0.,0.00489776887201004));
#4543=CARTESIAN_POINT('',(-3.66638293033432E-16,0.,2.13243628218428E-16));
#4544=CARTESIAN_POINT('',(-0.00902631691949528,0.,0.00583850176576434));
#4545=CARTESIAN_POINT('',(-0.00902631691949528,0.,0.00583850176576434));
#4546=CARTESIAN_POINT('',(-0.00923444981371761,0.,0.0059728766708583));
#4547=CARTESIAN_POINT('',(-0.00946613030430252,0.,0.00612245439162556));
#4548=CARTESIAN_POINT('',(-0.00947507061227748,0.,0.00612902951716553));
#4549=CARTESIAN_POINT('',(-0.00948550638957329,0.,0.00613646464345878));
#4550=CARTESIAN_POINT('',(-0.00949767308168571,0.,0.00614564420037361));
#4551=CARTESIAN_POINT('',(-0.00951380147237436,0.,0.0061582507492624));
#4552=CARTESIAN_POINT('',(-0.00953298039740043,0.,0.0061738992230452));
#4553=CARTESIAN_POINT('',(-0.00955534018415445,0.,0.00619288896321151));
#4554=CARTESIAN_POINT('',(-0.0095806769115263,0.,0.00621529843787746));
#4555=CARTESIAN_POINT('',(-0.00960888431537895,0.,0.00624126921429733));
#4556=CARTESIAN_POINT('',(-0.00963982186915659,0.,0.00627091899709438));
#4557=CARTESIAN_POINT('',(-0.00967335437484948,0.,0.00630436750458004));
#4558=CARTESIAN_POINT('',(-0.00970934039046789,0.,0.00634172868624029));
#4559=CARTESIAN_POINT('',(-0.00974763573641175,0.,0.00638311286182682));
#4560=CARTESIAN_POINT('',(-0.00978809261671121,0.,0.00642862597671211));
#4561=CARTESIAN_POINT('',(-0.00983056001240828,0.,0.00647836969546494));
#4562=CARTESIAN_POINT('',(-0.00987488371407619,0.,0.00653244125929078));
#4563=CARTESIAN_POINT('',(-0.00992090646068173,0.,0.00659093341509544));
#4564=CARTESIAN_POINT('',(-0.00996846805169509,0.,0.00665393432751062));
#4565=CARTESIAN_POINT('',(-0.0100174054684129,0.,0.00672152750226752));
#4566=CARTESIAN_POINT('',(-0.0100675530002105,0.,0.00679379170015887));
#4567=CARTESIAN_POINT('',(-0.0101187423533054,0.,0.00687080089698505));
#4568=CARTESIAN_POINT('',(-0.010170802839257,0.,0.00695262408199245));
#4569=CARTESIAN_POINT('',(-0.0102235612635317,0.,0.00703932569583518));
#4570=CARTESIAN_POINT('',(-0.0102768429812111,0.,0.00713096361446826));
#4571=CARTESIAN_POINT('',(-0.0103304684605724,0.,0.00722759661123009));
#4572=CARTESIAN_POINT('',(-0.0103842671521951,0.,0.00732925533750966));
#4573=CARTESIAN_POINT('',(-0.0104380248115548,0.,0.00743605362044447));
#4574=CARTESIAN_POINT('',(-0.0104858729359414,0.,0.00753565878801552));
#4575=CARTESIAN_POINT('',(-0.0105153521662167,0.,0.00760054964359213));
#4576=CARTESIAN_POINT('',(-0.0105273762217097,0.,0.00762721114737106));
#4577=CARTESIAN_POINT('',(-0.0079757423682826,0.,0.00720763717696597));
#4578=CARTESIAN_POINT('',(-0.00815940731645505,0.,0.00737389933017345));
#4579=CARTESIAN_POINT('',(-0.00836385162332367,0.,0.00755897193661914));
#4580=CARTESIAN_POINT('',(-0.00837251662886682,0.,0.00756590584327344));
#4581=CARTESIAN_POINT('',(-0.00838239938728979,0.,0.00757406167779344));
#4582=CARTESIAN_POINT('',(-0.00839441513002231,0.,0.00758343795577017));
#4583=CARTESIAN_POINT('',(-0.00841076645585144,0.,0.00759575396992739));
#4584=CARTESIAN_POINT('',(-0.0084308455918816,0.,0.00761022926588875));
#4585=CARTESIAN_POINT('',(-0.00845497541099913,0.,0.00762691225496818));
#4586=CARTESIAN_POINT('',(-0.00848317892891694,0.,0.007645585655456));
#4587=CARTESIAN_POINT('',(-0.00851556538591964,0.,0.00766611018377629));
#4588=CARTESIAN_POINT('',(-0.00855221210499371,0.,0.00768831963750128));
#4589=CARTESIAN_POINT('',(-0.00859319973332826,0.,0.00771205244000269));
#4590=CARTESIAN_POINT('',(-0.00863860172979398,0.,0.00773714247651254));
#4591=CARTESIAN_POINT('',(-0.00868848733866175,0.,0.00776342192737874));
#4592=CARTESIAN_POINT('',(-0.00874292064289125,0.,0.00779072061197681));
#4593=CARTESIAN_POINT('',(-0.00880196075633257,0.,0.0078188663444684));
#4594=CARTESIAN_POINT('',(-0.00886566169444088,0.,0.00784768500210956));
#4595=CARTESIAN_POINT('',(-0.00893407234169736,0.,0.00787700067774126));
#4596=CARTESIAN_POINT('',(-0.0090072363956486,0.,0.00790663581084857));
#4597=CARTESIAN_POINT('',(-0.00908519232429184,0.,0.00793641132458211));
#4598=CARTESIAN_POINT('',(-0.00916797331564527,0.,0.00796614676997676));
#4599=CARTESIAN_POINT('',(-0.00925560726720891,0.,0.00799566044137554));
#4600=CARTESIAN_POINT('',(-0.00934811664005834,0.,0.00802476961067449));
#4601=CARTESIAN_POINT('',(-0.00944551885304187,0.,0.00805329030633208));
#4602=CARTESIAN_POINT('',(-0.00954782460860814,0.,0.00808103885491187));
#4603=CARTESIAN_POINT('',(-0.00965504421121354,0.,0.00810782663042675));
#4604=CARTESIAN_POINT('',(-0.0097671631263882,0.,0.00813348096162368));
#4605=CARTESIAN_POINT('',(-0.00988423585214068,0.,0.00815776544355233));
#4606=CARTESIAN_POINT('',(-0.0099928310617931,0.,0.00817820346827883));
#4607=CARTESIAN_POINT('',(-0.0100631406013147,0.,0.00818988322886464));
#4608=CARTESIAN_POINT('',(-0.0100920056909435,0.,0.00819459706965294));
#4609=CARTESIAN_POINT('',(-0.0079757423682826,0.,0.00720763717696597));
#4610=CARTESIAN_POINT('',(-2.98953883917841E-16,0.,3.00870500688695E-16));
#4611=CARTESIAN_POINT('',(-0.00720763717696596,0.,0.0079757423682826));
#4612=CARTESIAN_POINT('',(-0.00720763717696597,0.,0.0079757423682826));
#4613=CARTESIAN_POINT('',(-0.00737389933017345,0.,0.00815940731645505));
#4614=CARTESIAN_POINT('',(-0.00755897193661914,0.,0.00836385162332367));
#4615=CARTESIAN_POINT('',(-0.00756590584327344,0.,0.00837251662886682));
#4616=CARTESIAN_POINT('',(-0.00757406167779344,0.,0.00838239938728979));
#4617=CARTESIAN_POINT('',(-0.00758343795577017,0.,0.00839441513002231));
#4618=CARTESIAN_POINT('',(-0.00759575396992738,0.,0.00841076645585144));
#4619=CARTESIAN_POINT('',(-0.00761022926588875,0.,0.0084308455918816));
#4620=CARTESIAN_POINT('',(-0.00762691225496818,0.,0.00845497541099913));
#4621=CARTESIAN_POINT('',(-0.007645585655456,0.,0.00848317892891695));
#4622=CARTESIAN_POINT('',(-0.00766611018377629,0.,0.00851556538591964));
#4623=CARTESIAN_POINT('',(-0.00768831963750128,0.,0.00855221210499371));
#4624=CARTESIAN_POINT('',(-0.00771205244000268,0.,0.00859319973332826));
#4625=CARTESIAN_POINT('',(-0.00773714247651254,0.,0.00863860172979398));
#4626=CARTESIAN_POINT('',(-0.00776342192737874,0.,0.00868848733866175));
#4627=CARTESIAN_POINT('',(-0.00779072061197681,0.,0.00874292064289124));
#4628=CARTESIAN_POINT('',(-0.00781886634446839,0.,0.00880196075633257));
#4629=CARTESIAN_POINT('',(-0.00784768500210956,0.,0.00886566169444089));
#4630=CARTESIAN_POINT('',(-0.00787700067774126,0.,0.00893407234169737));
#4631=CARTESIAN_POINT('',(-0.00790663581084857,0.,0.0090072363956486));
#4632=CARTESIAN_POINT('',(-0.00793641132458211,0.,0.00908519232429184));
#4633=CARTESIAN_POINT('',(-0.00796614676997676,0.,0.00916797331564527));
#4634=CARTESIAN_POINT('',(-0.00799566044137553,0.,0.00925560726720891));
#4635=CARTESIAN_POINT('',(-0.00802476961067449,0.,0.00934811664005835));
#4636=CARTESIAN_POINT('',(-0.00805329030633208,0.,0.00944551885304187));
#4637=CARTESIAN_POINT('',(-0.00808103885491187,0.,0.00954782460860814));
#4638=CARTESIAN_POINT('',(-0.00810782663042675,0.,0.00965504421121354));
#4639=CARTESIAN_POINT('',(-0.00813348096162368,0.,0.0097671631263882));
#4640=CARTESIAN_POINT('',(-0.00815776544355233,0.,0.00988423585214068));
#4641=CARTESIAN_POINT('',(-0.00817820346827883,0.,0.0099928310617931));
#4642=CARTESIAN_POINT('',(-0.00818988322886464,0.,0.0100631406013147));
#4643=CARTESIAN_POINT('',(-0.00819459706965295,0.,0.0100920056909435));
#4644=CARTESIAN_POINT('',(-0.00583850176576434,0.,0.00902631691949528));
#4645=CARTESIAN_POINT('',(-0.0059728766708583,0.,0.00923444981371761));
#4646=CARTESIAN_POINT('',(-0.00612245439162556,0.,0.00946613030430252));
#4647=CARTESIAN_POINT('',(-0.00612902951716553,0.,0.00947507061227748));
#4648=CARTESIAN_POINT('',(-0.00613646464345878,0.,0.0094855063895733));
#4649=CARTESIAN_POINT('',(-0.00614564420037361,0.,0.00949767308168571));
#4650=CARTESIAN_POINT('',(-0.00615825074926239,0.,0.00951380147237436));
#4651=CARTESIAN_POINT('',(-0.0061738992230452,0.,0.00953298039740043));
#4652=CARTESIAN_POINT('',(-0.00619288896321151,0.,0.00955534018415445));
#4653=CARTESIAN_POINT('',(-0.00621529843787746,0.,0.0095806769115263));
#4654=CARTESIAN_POINT('',(-0.00624126921429732,0.,0.00960888431537895));
#4655=CARTESIAN_POINT('',(-0.00627091899709438,0.,0.00963982186915659));
#4656=CARTESIAN_POINT('',(-0.00630436750458004,0.,0.00967335437484948));
#4657=CARTESIAN_POINT('',(-0.00634172868624029,0.,0.00970934039046789));
#4658=CARTESIAN_POINT('',(-0.00638311286182682,0.,0.00974763573641175));
#4659=CARTESIAN_POINT('',(-0.00642862597671211,0.,0.00978809261671121));
#4660=CARTESIAN_POINT('',(-0.00647836969546494,0.,0.00983056001240828));
#4661=CARTESIAN_POINT('',(-0.00653244125929078,0.,0.00987488371407619));
#4662=CARTESIAN_POINT('',(-0.00659093341509544,0.,0.00992090646068173));
#4663=CARTESIAN_POINT('',(-0.00665393432751062,0.,0.00996846805169509));
#4664=CARTESIAN_POINT('',(-0.00672152750226752,0.,0.0100174054684129));
#4665=CARTESIAN_POINT('',(-0.00679379170015887,0.,0.0100675530002105));
#4666=CARTESIAN_POINT('',(-0.00687080089698505,0.,0.0101187423533054));
#4667=CARTESIAN_POINT('',(-0.00695262408199245,0.,0.010170802839257));
#4668=CARTESIAN_POINT('',(-0.00703932569583518,0.,0.0102235612635317));
#4669=CARTESIAN_POINT('',(-0.00713096361446826,0.,0.0102768429812111));
#4670=CARTESIAN_POINT('',(-0.00722759661123008,0.,0.0103304684605724));
#4671=CARTESIAN_POINT('',(-0.00732925533750966,0.,0.0103842671521951));
#4672=CARTESIAN_POINT('',(-0.00743605362044446,0.,0.0104380248115548));
#4673=CARTESIAN_POINT('',(-0.00753565878801552,0.,0.0104858729359414));
#4674=CARTESIAN_POINT('',(-0.00760054964359212,0.,0.0105153521662167));
#4675=CARTESIAN_POINT('',(-0.00762721114737106,0.,0.0105273762217097));
#4676=CARTESIAN_POINT('',(-0.00583850176576434,0.,0.00902631691949528));
#4677=CARTESIAN_POINT('',(-2.10896261657901E-16,0.,3.67993545749039E-16));
#4678=CARTESIAN_POINT('',(-0.00489776887201003,0.,0.00956944930893986));
#4679=CARTESIAN_POINT('',(-0.00489776887201004,0.,0.00956944930893986));
#4680=CARTESIAN_POINT('',(-0.00501082979322278,0.,0.00978988783749352));
#4681=CARTESIAN_POINT('',(-0.00513668212324692,0.,0.0100352661888106));
#4682=CARTESIAN_POINT('',(-0.0051411370943009,0.,0.0100454305685488));
#4683=CARTESIAN_POINT('',(-0.00514645717940069,0.,0.010057087465447));
#4684=CARTESIAN_POINT('',(-0.00515240406539265,0.,0.0100711205409869));
#4685=CARTESIAN_POINT('',(-0.00516006838700679,0.,0.010090102327923));
#4686=CARTESIAN_POINT('',(-0.00516885358640524,0.,0.0101132437662624));
#4687=CARTESIAN_POINT('',(-0.00517872285967427,0.,0.0101408692570347));
#4688=CARTESIAN_POINT('',(-0.00518946037189408,0.,0.0101729447950668));
#4689=CARTESIAN_POINT('',(-0.00520090331199535,0.,0.0102095398491287));
#4690=CARTESIAN_POINT('',(-0.0052128711280992,0.,0.0102506860911365));
#4691=CARTESIAN_POINT('',(-0.00522518687613896,0.,0.0102964196011842));
#4692=CARTESIAN_POINT('',(-0.00523767108901536,0.,0.0103467683414265));
#4693=CARTESIAN_POINT('',(-0.0052501437436562,0.,0.0104017557617711));
#4694=CARTESIAN_POINT('',(-0.00526242387231075,0.,0.0104613997156168));
#4695=CARTESIAN_POINT('',(-0.00527432985644056,0.,0.010525712737584));
#4696=CARTESIAN_POINT('',(-0.00528567952616182,0.,0.0105947019363135));
#4697=CARTESIAN_POINT('',(-0.00529629031597182,0.,0.0106683690024652));
#4698=CARTESIAN_POINT('',(-0.0053059794058262,0.,0.0107467101885851));
#4699=CARTESIAN_POINT('',(-0.00531456386452093,0.,0.0108297163034059));
#4700=CARTESIAN_POINT('',(-0.00532186080204909,0.,0.0109173727004627));
#4701=CARTESIAN_POINT('',(-0.00532768748381952,0.,0.0110096592977867));
#4702=CARTESIAN_POINT('',(-0.00533186159468327,0.,0.0111065504975974));
#4703=CARTESIAN_POINT('',(-0.0053342009234474,0.,0.0112080155098717));
#4704=CARTESIAN_POINT('',(-0.0053345252851985,0.,0.0113140171341976));
#4705=CARTESIAN_POINT('',(-0.00533264981423456,0.,0.0114245165039178));
#4706=CARTESIAN_POINT('',(-0.00532841148473041,0.,0.0115394548892036));
#4707=CARTESIAN_POINT('',(-0.00532156784191654,0.,0.0116588237449856));
#4708=CARTESIAN_POINT('',(-0.00531320294937325,0.,0.0117690084126436));
#4709=CARTESIAN_POINT('',(-0.00530628728388737,0.,0.0118399451571839));
#4710=CARTESIAN_POINT('',(-0.0053033696695113,0.,0.011869046724506));
#4711=CARTESIAN_POINT('',(-0.00330337691648961,0.,0.010229868080655));
#4712=CARTESIAN_POINT('',(-0.00337930435078796,0.,0.0104656878031068));
#4713=CARTESIAN_POINT('',(-0.00346382201097245,0.,0.0107281875352677));
#4714=CARTESIAN_POINT('',(-0.0034678591725696,0.,0.0107385249773493));
#4715=CARTESIAN_POINT('',(-0.00347233997516336,0.,0.0107505295164442));
#4716=CARTESIAN_POINT('',(-0.00347805777462669,0.,0.0107646574827312));
#4717=CARTESIAN_POINT('',(-0.00348606043110167,0.,0.0107834991267793));
#4718=CARTESIAN_POINT('',(-0.00349621182500915,0.,0.0108060746688242));
#4719=CARTESIAN_POINT('',(-0.00350876736681393,0.,0.0108325874707369));
#4720=CARTESIAN_POINT('',(-0.00352385562956294,0.,0.0108628608688933));
#4721=CARTESIAN_POINT('',(-0.0035416408599057,0.,0.0108968288603207));
#4722=CARTESIAN_POINT('',(-0.0035622731227267,0.,0.0109343861709877));
#4723=CARTESIAN_POINT('',(-0.0035859030488546,0.,0.0109754331950242));
#4724=CARTESIAN_POINT('',(-0.00361267731292151,0.,0.0110198628022565));
#4725=CARTESIAN_POINT('',(-0.00364273979205116,0.,0.011067564278738));
#4726=CARTESIAN_POINT('',(-0.00367623107402679,0.,0.0111184222852046));
#4727=CARTESIAN_POINT('',(-0.0037132884458635,0.,0.0111723172612711));
#4728=CARTESIAN_POINT('',(-0.00375404574768962,0.,0.0112291254199455));
#4729=CARTESIAN_POINT('',(-0.00379863326828722,0.,0.0112887188633998));
#4730=CARTESIAN_POINT('',(-0.00384717763109918,0.,0.0113509656684909));
#4731=CARTESIAN_POINT('',(-0.00389980168881307,0.,0.0114157299841165));
#4732=CARTESIAN_POINT('',(-0.00395662440757828,0.,0.0114828721308979));
#4733=CARTESIAN_POINT('',(-0.00401776080016701,0.,0.01155224869587));
#4734=CARTESIAN_POINT('',(-0.00408332168249331,0.,0.0116237126623906));
#4735=CARTESIAN_POINT('',(-0.00415341412549307,0.,0.0116971134158555));
#4736=CARTESIAN_POINT('',(-0.00422813923447693,0.,0.0117722972416269));
#4737=CARTESIAN_POINT('',(-0.00430760024635944,0.,0.0118491059370363));
#4738=CARTESIAN_POINT('',(-0.00439187090954698,0.,0.0119273826971573));
#4739=CARTESIAN_POINT('',(-0.0044811166231746,0.,0.0120069500383015));
#4740=CARTESIAN_POINT('',(-0.00456494382109964,0.,0.012078947491744));
#4741=CARTESIAN_POINT('',(-0.00461999378816086,0.,0.0121242172308823));
#4742=CARTESIAN_POINT('',(-0.0046426347686677,0.,0.0121427320815687));
#4743=CARTESIAN_POINT('',(-0.00330337691648961,0.,0.010229868080655));
#4744=CARTESIAN_POINT('',(-1.08466407688527E-16,0.,4.10038438804674E-16));
#4745=CARTESIAN_POINT('',(-0.00225412571237238,0.,0.0105110140934556));
#4746=CARTESIAN_POINT('',(-0.00225412571237238,0.,0.0105110140934556));
#4747=CARTESIAN_POINT('',(-0.00230628048665174,0.,0.0107532036809614));
#4748=CARTESIAN_POINT('',(-0.002364335911944,0.,0.0110227939475916));
#4749=CARTESIAN_POINT('',(-0.00236600834848252,0.,0.011033765015843));
#4750=CARTESIAN_POINT('',(-0.00236813012915441,0.,0.0110464016529568));
#4751=CARTESIAN_POINT('',(-0.00237024235270894,0.,0.0110614957303969));
#4752=CARTESIAN_POINT('',(-0.0023727326709279,0.,0.011081814401029));
#4753=CARTESIAN_POINT('',(-0.00237522907694265,0.,0.0111064410908979));
#4754=CARTESIAN_POINT('',(-0.00237761205973774,0.,0.0111356796217821));
#4755=CARTESIAN_POINT('',(-0.00237968193997632,0.,0.0111694412850189));
#4756=CARTESIAN_POINT('',(-0.00238126347440104,0.,0.011207751043682));
#4757=CARTESIAN_POINT('',(-0.00238217406599403,0.,0.011250592760228));
#4758=CARTESIAN_POINT('',(-0.00238223346169596,0.,0.0112979554888573));
#4759=CARTESIAN_POINT('',(-0.00238126107246252,0.,0.011349819789434));
#4760=CARTESIAN_POINT('',(-0.00237907694007627,0.,0.0114061617194299));
#4761=CARTESIAN_POINT('',(-0.00237550164231334,0.,0.0114669516860036));
#4762=CARTESIAN_POINT('',(-0.00237035650493851,0.,0.0115321547903319));
#4763=CARTESIAN_POINT('',(-0.00236346372550457,0.,0.0116017307497992));
#4764=CARTESIAN_POINT('',(-0.00235464652170248,0.,0.0116756339460285));
#4765=CARTESIAN_POINT('',(-0.00234372927284234,0.,0.0117538134419478));
#4766=CARTESIAN_POINT('',(-0.0023305376598247,0.,0.0118362130133952));
#4767=CARTESIAN_POINT('',(-0.00231489881525259,0.,0.011922771177555));
#4768=CARTESIAN_POINT('',(-0.00229664142866105,0.,0.0120134212415425));
#4769=CARTESIAN_POINT('',(-0.00227559602233229,0.,0.0121080912931678));
#4770=CARTESIAN_POINT('',(-0.00225159456281361,0.,0.0122067044318251));
#4771=CARTESIAN_POINT('',(-0.00222447263301872,0.,0.0123091780893888));
#4772=CARTESIAN_POINT('',(-0.00219406172582278,0.,0.0124154268767862));
#4773=CARTESIAN_POINT('',(-0.00216021957076909,0.,0.0125253518711707));
#4774=CARTESIAN_POINT('',(-0.00212271418616081,0.,0.0126388820667269));
#4775=CARTESIAN_POINT('',(-0.00208611642995092,0.,0.0127431472893785));
#4776=CARTESIAN_POINT('',(-0.00206107662956753,0.,0.0128098770170255));
#4777=CARTESIAN_POINT('',(-0.00205072639062523,0.,0.0128372318383206));
#4778=CARTESIAN_POINT('',(-0.000543132389444579,0.,0.0107362706377744));
#4779=CARTESIAN_POINT('',(-0.000555438023775906,0.,0.0109837064640811));
#4780=CARTESIAN_POINT('',(-0.000569135884508075,0.,0.0112591365148725));
#4781=CARTESIAN_POINT('',(-0.000570359956271284,0.,0.0112701666114664));
#4782=CARTESIAN_POINT('',(-0.000571581075873673,0.,0.0112829218228595));
#4783=CARTESIAN_POINT('',(-0.000573447459301197,0.,0.0112980482657663));
#4784=CARTESIAN_POINT('',(-0.000576300855548607,0.,0.0113183191362692));
#4785=CARTESIAN_POINT('',(-0.000580263368861935,0.,0.0113427528094504));
#4786=CARTESIAN_POINT('',(-0.000585529072880214,0.,0.0113716118228858));
#4787=CARTESIAN_POINT('',(-0.000592267883540471,0.,0.0114047588097715));
#4788=CARTESIAN_POINT('',(-0.000600655533749753,0.,0.0114421725262927));
#4789=CARTESIAN_POINT('',(-0.000610864221979874,0.,0.0114837901251936));
#4790=CARTESIAN_POINT('',(-0.000623065226334688,0.,0.011529554380719));
#4791=CARTESIAN_POINT('',(-0.000637427950958664,0.,0.0115793997752557));
#4792=CARTESIAN_POINT('',(-0.000654120025359339,0.,0.011633256605483));
#4793=CARTESIAN_POINT('',(-0.000673307098905635,0.,0.0116910498490229));
#4794=CARTESIAN_POINT('',(-0.000695152725175757,0.,0.0117526995519055));
#4795=CARTESIAN_POINT('',(-0.000719818222237332,0.,0.0118181207854526));
#4796=CARTESIAN_POINT('',(-0.000747462541783511,0.,0.0118872237310673));
#4797=CARTESIAN_POINT('',(-0.000778242136889978,0.,0.0119599137333368));
#4798=CARTESIAN_POINT('',(-0.00081231083499301,0.,0.0120360913667884));
#4799=CARTESIAN_POINT('',(-0.00084981970025221,0.,0.012115652502208));
#4800=CARTESIAN_POINT('',(-0.000890916944481244,0.,0.0121984883808046));
#4801=CARTESIAN_POINT('',(-0.000935747658340399,0.,0.0122844856766757));
#4802=CARTESIAN_POINT('',(-0.000984454246339983,0.,0.0123735266192826));
#4803=CARTESIAN_POINT('',(-0.00103717415298645,0.,0.0124654888996668));
#4804=CARTESIAN_POINT('',(-0.00109404804334538,0.,0.0125602464254646));
#4805=CARTESIAN_POINT('',(-0.00115518773700851,0.,0.0126576668222401));
#4806=CARTESIAN_POINT('',(-0.00122079893343073,0.,0.012757621462361));
#4807=CARTESIAN_POINT('',(-0.00128313547670217,0.,0.0128488617373888));
#4808=CARTESIAN_POINT('',(-0.00132459299096716,0.,0.0129068369274795));
#4809=CARTESIAN_POINT('',(-0.00134167050279635,0.,0.0129305808168824));
#4810=CARTESIAN_POINT('',(-0.000543132389444581,0.,0.0107362706377744));
#4811=CARTESIAN_POINT('',(1.35525271560691E-18,0.,4.2413988987633E-16));
#4812=CARTESIAN_POINT('',(0.000543132389444585,0.,0.0107362706377744));
#4813=CARTESIAN_POINT('',(0.00054313238944458,0.,0.0107362706377744));
#4814=CARTESIAN_POINT('',(0.000555438023775908,0.,0.0109837064640811));
#4815=CARTESIAN_POINT('',(0.000569135884508075,0.,0.0112591365148725));
#4816=CARTESIAN_POINT('',(0.000570359956271285,0.,0.0112701666114664));
#4817=CARTESIAN_POINT('',(0.000571581075873674,0.,0.0112829218228595));
#4818=CARTESIAN_POINT('',(0.000573447459301199,0.,0.0112980482657663));
#4819=CARTESIAN_POINT('',(0.000576300855548608,0.,0.0113183191362692));
#4820=CARTESIAN_POINT('',(0.000580263368861936,0.,0.0113427528094504));
#4821=CARTESIAN_POINT('',(0.000585529072880215,0.,0.0113716118228858));
#4822=CARTESIAN_POINT('',(0.000592267883540472,0.,0.0114047588097715));
#4823=CARTESIAN_POINT('',(0.000600655533749754,0.,0.0114421725262927));
#4824=CARTESIAN_POINT('',(0.000610864221979875,0.,0.0114837901251936));
#4825=CARTESIAN_POINT('',(0.00062306522633469,0.,0.011529554380719));
#4826=CARTESIAN_POINT('',(0.000637427950958665,0.,0.0115793997752557));
#4827=CARTESIAN_POINT('',(0.000654120025359341,0.,0.011633256605483));
#4828=CARTESIAN_POINT('',(0.000673307098905636,0.,0.0116910498490229));
#4829=CARTESIAN_POINT('',(0.000695152725175759,0.,0.0117526995519055));
#4830=CARTESIAN_POINT('',(0.000719818222237333,0.,0.0118181207854526));
#4831=CARTESIAN_POINT('',(0.000747462541783512,0.,0.0118872237310673));
#4832=CARTESIAN_POINT('',(0.00077824213688998,0.,0.0119599137333368));
#4833=CARTESIAN_POINT('',(0.000812310834993011,0.,0.0120360913667884));
#4834=CARTESIAN_POINT('',(0.000849819700252212,0.,0.012115652502208));
#4835=CARTESIAN_POINT('',(0.000890916944481245,0.,0.0121984883808046));
#4836=CARTESIAN_POINT('',(0.0009357476583404,0.,0.0122844856766757));
#4837=CARTESIAN_POINT('',(0.000984454246339984,0.,0.0123735266192826));
#4838=CARTESIAN_POINT('',(0.00103717415298646,0.,0.0124654888996668));
#4839=CARTESIAN_POINT('',(0.00109404804334538,0.,0.0125602464254646));
#4840=CARTESIAN_POINT('',(0.00115518773700851,0.,0.0126576668222401));
#4841=CARTESIAN_POINT('',(0.00122079893343073,0.,0.012757621462361));
#4842=CARTESIAN_POINT('',(0.00128313547670217,0.,0.0128488617373888));
#4843=CARTESIAN_POINT('',(0.00132459299096717,0.,0.0129068369274795));
#4844=CARTESIAN_POINT('',(0.00134167050279635,0.,0.0129305808168824));
#4845=CARTESIAN_POINT('',(0.00225412571237238,0.,0.0105110140934556));
#4846=CARTESIAN_POINT('',(0.00230628048665174,0.,0.0107532036809614));
#4847=CARTESIAN_POINT('',(0.002364335911944,0.,0.0110227939475916));
#4848=CARTESIAN_POINT('',(0.00236600834848252,0.,0.011033765015843));
#4849=CARTESIAN_POINT('',(0.00236813012915441,0.,0.0110464016529568));
#4850=CARTESIAN_POINT('',(0.00237024235270894,0.,0.0110614957303969));
#4851=CARTESIAN_POINT('',(0.0023727326709279,0.,0.011081814401029));
#4852=CARTESIAN_POINT('',(0.00237522907694265,0.,0.0111064410908979));
#4853=CARTESIAN_POINT('',(0.00237761205973774,0.,0.0111356796217821));
#4854=CARTESIAN_POINT('',(0.00237968193997632,0.,0.0111694412850189));
#4855=CARTESIAN_POINT('',(0.00238126347440104,0.,0.011207751043682));
#4856=CARTESIAN_POINT('',(0.00238217406599402,0.,0.011250592760228));
#4857=CARTESIAN_POINT('',(0.00238223346169596,0.,0.0112979554888573));
#4858=CARTESIAN_POINT('',(0.00238126107246252,0.,0.011349819789434));
#4859=CARTESIAN_POINT('',(0.00237907694007626,0.,0.0114061617194299));
#4860=CARTESIAN_POINT('',(0.00237550164231334,0.,0.0114669516860036));
#4861=CARTESIAN_POINT('',(0.00237035650493851,0.,0.0115321547903319));
#4862=CARTESIAN_POINT('',(0.00236346372550457,0.,0.0116017307497992));
#4863=CARTESIAN_POINT('',(0.00235464652170248,0.,0.0116756339460285));
#4864=CARTESIAN_POINT('',(0.00234372927284234,0.,0.0117538134419478));
#4865=CARTESIAN_POINT('',(0.0023305376598247,0.,0.0118362130133952));
#4866=CARTESIAN_POINT('',(0.00231489881525258,0.,0.011922771177555));
#4867=CARTESIAN_POINT('',(0.00229664142866105,0.,0.0120134212415425));
#4868=CARTESIAN_POINT('',(0.00227559602233229,0.,0.0121080912931678));
#4869=CARTESIAN_POINT('',(0.00225159456281361,0.,0.0122067044318251));
#4870=CARTESIAN_POINT('',(0.00222447263301872,0.,0.0123091780893888));
#4871=CARTESIAN_POINT('',(0.00219406172582278,0.,0.0124154268767862));
#4872=CARTESIAN_POINT('',(0.00216021957076909,0.,0.0125253518711707));
#4873=CARTESIAN_POINT('',(0.00212271418616081,0.,0.0126388820667269));
#4874=CARTESIAN_POINT('',(0.00208611642995092,0.,0.0127431472893785));
#4875=CARTESIAN_POINT('',(0.00206107662956753,0.,0.0128098770170255));
#4876=CARTESIAN_POINT('',(0.00205072639062523,0.,0.0128372318383206));
#4877=CARTESIAN_POINT('',(0.00225412571237238,0.,0.0105110140934556));
#4878=CARTESIAN_POINT('',(1.11084554886833E-16,0.,4.09336908377222E-16));
#4879=CARTESIAN_POINT('',(0.00330337691648961,0.,0.010229868080655));
#4880=CARTESIAN_POINT('',(0.00330337691648961,0.,0.010229868080655));
#4881=CARTESIAN_POINT('',(0.00337930435078796,0.,0.0104656878031068));
#4882=CARTESIAN_POINT('',(0.00346382201097244,0.,0.0107281875352677));
#4883=CARTESIAN_POINT('',(0.00346785917256959,0.,0.0107385249773493));
#4884=CARTESIAN_POINT('',(0.00347233997516336,0.,0.0107505295164442));
#4885=CARTESIAN_POINT('',(0.00347805777462669,0.,0.0107646574827312));
#4886=CARTESIAN_POINT('',(0.00348606043110167,0.,0.0107834991267793));
#4887=CARTESIAN_POINT('',(0.00349621182500914,0.,0.0108060746688242));
#4888=CARTESIAN_POINT('',(0.00350876736681393,0.,0.0108325874707369));
#4889=CARTESIAN_POINT('',(0.00352385562956294,0.,0.0108628608688933));
#4890=CARTESIAN_POINT('',(0.0035416408599057,0.,0.0108968288603207));
#4891=CARTESIAN_POINT('',(0.0035622731227267,0.,0.0109343861709877));
#4892=CARTESIAN_POINT('',(0.00358590304885459,0.,0.0109754331950242));
#4893=CARTESIAN_POINT('',(0.00361267731292151,0.,0.0110198628022565));
#4894=CARTESIAN_POINT('',(0.00364273979205116,0.,0.011067564278738));
#4895=CARTESIAN_POINT('',(0.00367623107402679,0.,0.0111184222852046));
#4896=CARTESIAN_POINT('',(0.0037132884458635,0.,0.0111723172612711));
#4897=CARTESIAN_POINT('',(0.00375404574768962,0.,0.0112291254199455));
#4898=CARTESIAN_POINT('',(0.00379863326828721,0.,0.0112887188633998));
#4899=CARTESIAN_POINT('',(0.00384717763109918,0.,0.0113509656684909));
#4900=CARTESIAN_POINT('',(0.00389980168881306,0.,0.0114157299841165));
#4901=CARTESIAN_POINT('',(0.00395662440757828,0.,0.0114828721308979));
#4902=CARTESIAN_POINT('',(0.00401776080016701,0.,0.01155224869587));
#4903=CARTESIAN_POINT('',(0.00408332168249331,0.,0.0116237126623906));
#4904=CARTESIAN_POINT('',(0.00415341412549307,0.,0.0116971134158555));
#4905=CARTESIAN_POINT('',(0.00422813923447693,0.,0.0117722972416269));
#4906=CARTESIAN_POINT('',(0.00430760024635944,0.,0.0118491059370363));
#4907=CARTESIAN_POINT('',(0.00439187090954698,0.,0.0119273826971573));
#4908=CARTESIAN_POINT('',(0.0044811166231746,0.,0.0120069500383015));
#4909=CARTESIAN_POINT('',(0.00456494382109964,0.,0.012078947491744));
#4910=CARTESIAN_POINT('',(0.00461999378816086,0.,0.0121242172308823));
#4911=CARTESIAN_POINT('',(0.0046426347686677,0.,0.0121427320815687));
#4912=CARTESIAN_POINT('',(0.00489776887201004,0.,0.00956944930893986));
#4913=CARTESIAN_POINT('',(0.00501082979322278,0.,0.00978988783749352));
#4914=CARTESIAN_POINT('',(0.00513668212324692,0.,0.0100352661888106));
#4915=CARTESIAN_POINT('',(0.0051411370943009,0.,0.0100454305685488));
#4916=CARTESIAN_POINT('',(0.0051464571794007,0.,0.010057087465447));
#4917=CARTESIAN_POINT('',(0.00515240406539265,0.,0.0100711205409869));
#4918=CARTESIAN_POINT('',(0.0051600683870068,0.,0.010090102327923));
#4919=CARTESIAN_POINT('',(0.00516885358640525,0.,0.0101132437662624));
#4920=CARTESIAN_POINT('',(0.00517872285967428,0.,0.0101408692570347));
#4921=CARTESIAN_POINT('',(0.00518946037189408,0.,0.0101729447950668));
#4922=CARTESIAN_POINT('',(0.00520090331199535,0.,0.0102095398491287));
#4923=CARTESIAN_POINT('',(0.00521287112809921,0.,0.0102506860911365));
#4924=CARTESIAN_POINT('',(0.00522518687613896,0.,0.0102964196011842));
#4925=CARTESIAN_POINT('',(0.00523767108901537,0.,0.0103467683414265));
#4926=CARTESIAN_POINT('',(0.0052501437436562,0.,0.0104017557617711));
#4927=CARTESIAN_POINT('',(0.00526242387231075,0.,0.0104613997156168));
#4928=CARTESIAN_POINT('',(0.00527432985644057,0.,0.010525712737584));
#4929=CARTESIAN_POINT('',(0.00528567952616182,0.,0.0105947019363135));
#4930=CARTESIAN_POINT('',(0.00529629031597182,0.,0.0106683690024652));
#4931=CARTESIAN_POINT('',(0.00530597940582621,0.,0.0107467101885851));
#4932=CARTESIAN_POINT('',(0.00531456386452093,0.,0.0108297163034059));
#4933=CARTESIAN_POINT('',(0.00532186080204909,0.,0.0109173727004627));
#4934=CARTESIAN_POINT('',(0.00532768748381952,0.,0.0110096592977867));
#4935=CARTESIAN_POINT('',(0.00533186159468327,0.,0.0111065504975974));
#4936=CARTESIAN_POINT('',(0.0053342009234474,0.,0.0112080155098717));
#4937=CARTESIAN_POINT('',(0.00533452528519851,0.,0.0113140171341976));
#4938=CARTESIAN_POINT('',(0.00533264981423457,0.,0.0114245165039178));
#4939=CARTESIAN_POINT('',(0.00532841148473042,0.,0.0115394548892036));
#4940=CARTESIAN_POINT('',(0.00532156784191654,0.,0.0116588237449856));
#4941=CARTESIAN_POINT('',(0.00531320294937325,0.,0.0117690084126436));
#4942=CARTESIAN_POINT('',(0.00530628728388737,0.,0.0118399451571839));
#4943=CARTESIAN_POINT('',(0.0053033696695113,0.,0.011869046724506));
#4944=CARTESIAN_POINT('',(0.00489776887201004,0.,0.00956944930893986));
#4945=CARTESIAN_POINT('',(2.13243628218428E-16,0.,3.66638293033432E-16));
#4946=CARTESIAN_POINT('',(0.00583850176576434,0.,0.00902631691949527));
#4947=CARTESIAN_POINT('',(0.00583850176576434,0.,0.00902631691949528));
#4948=CARTESIAN_POINT('',(0.0059728766708583,0.,0.00923444981371761));
#4949=CARTESIAN_POINT('',(0.00612245439162556,0.,0.00946613030430252));
#4950=CARTESIAN_POINT('',(0.00612902951716553,0.,0.00947507061227748));
#4951=CARTESIAN_POINT('',(0.00613646464345878,0.,0.00948550638957329));
#4952=CARTESIAN_POINT('',(0.00614564420037361,0.,0.00949767308168571));
#4953=CARTESIAN_POINT('',(0.0061582507492624,0.,0.00951380147237436));
#4954=CARTESIAN_POINT('',(0.0061738992230452,0.,0.00953298039740043));
#4955=CARTESIAN_POINT('',(0.00619288896321151,0.,0.00955534018415445));
#4956=CARTESIAN_POINT('',(0.00621529843787746,0.,0.0095806769115263));
#4957=CARTESIAN_POINT('',(0.00624126921429733,0.,0.00960888431537895));
#4958=CARTESIAN_POINT('',(0.00627091899709438,0.,0.00963982186915659));
#4959=CARTESIAN_POINT('',(0.00630436750458005,0.,0.00967335437484947));
#4960=CARTESIAN_POINT('',(0.0063417286862403,0.,0.00970934039046789));
#4961=CARTESIAN_POINT('',(0.00638311286182682,0.,0.00974763573641175));
#4962=CARTESIAN_POINT('',(0.00642862597671211,0.,0.0097880926167112));
#4963=CARTESIAN_POINT('',(0.00647836969546494,0.,0.00983056001240828));
#4964=CARTESIAN_POINT('',(0.00653244125929079,0.,0.00987488371407619));
#4965=CARTESIAN_POINT('',(0.00659093341509544,0.,0.00992090646068173));
#4966=CARTESIAN_POINT('',(0.00665393432751062,0.,0.00996846805169509));
#4967=CARTESIAN_POINT('',(0.00672152750226752,0.,0.0100174054684129));
#4968=CARTESIAN_POINT('',(0.00679379170015888,0.,0.0100675530002105));
#4969=CARTESIAN_POINT('',(0.00687080089698506,0.,0.0101187423533054));
#4970=CARTESIAN_POINT('',(0.00695262408199245,0.,0.010170802839257));
#4971=CARTESIAN_POINT('',(0.00703932569583519,0.,0.0102235612635317));
#4972=CARTESIAN_POINT('',(0.00713096361446826,0.,0.0102768429812111));
#4973=CARTESIAN_POINT('',(0.00722759661123009,0.,0.0103304684605724));
#4974=CARTESIAN_POINT('',(0.00732925533750967,0.,0.0103842671521951));
#4975=CARTESIAN_POINT('',(0.00743605362044447,0.,0.0104380248115548));
#4976=CARTESIAN_POINT('',(0.00753565878801552,0.,0.0104858729359414));
#4977=CARTESIAN_POINT('',(0.00760054964359213,0.,0.0105153521662167));
#4978=CARTESIAN_POINT('',(0.00762721114737107,0.,0.0105273762217097));
#4979=CARTESIAN_POINT('',(0.00720763717696597,0.,0.0079757423682826));
#4980=CARTESIAN_POINT('',(0.00737389933017345,0.,0.00815940731645505));
#4981=CARTESIAN_POINT('',(0.00755897193661914,0.,0.00836385162332367));
#4982=CARTESIAN_POINT('',(0.00756590584327344,0.,0.00837251662886682));
#4983=CARTESIAN_POINT('',(0.00757406167779344,0.,0.00838239938728979));
#4984=CARTESIAN_POINT('',(0.00758343795577017,0.,0.00839441513002231));
#4985=CARTESIAN_POINT('',(0.00759575396992739,0.,0.00841076645585144));
#4986=CARTESIAN_POINT('',(0.00761022926588875,0.,0.0084308455918816));
#4987=CARTESIAN_POINT('',(0.00762691225496818,0.,0.00845497541099913));
#4988=CARTESIAN_POINT('',(0.007645585655456,0.,0.00848317892891694));
#4989=CARTESIAN_POINT('',(0.00766611018377629,0.,0.00851556538591964));
#4990=CARTESIAN_POINT('',(0.00768831963750128,0.,0.00855221210499371));
#4991=CARTESIAN_POINT('',(0.00771205244000269,0.,0.00859319973332826));
#4992=CARTESIAN_POINT('',(0.00773714247651254,0.,0.00863860172979398));
#4993=CARTESIAN_POINT('',(0.00776342192737874,0.,0.00868848733866175));
#4994=CARTESIAN_POINT('',(0.00779072061197681,0.,0.00874292064289125));
#4995=CARTESIAN_POINT('',(0.0078188663444684,0.,0.00880196075633257));
#4996=CARTESIAN_POINT('',(0.00784768500210956,0.,0.00886566169444088));
#4997=CARTESIAN_POINT('',(0.00787700067774126,0.,0.00893407234169736));
#4998=CARTESIAN_POINT('',(0.00790663581084857,0.,0.0090072363956486));
#4999=CARTESIAN_POINT('',(0.00793641132458211,0.,0.00908519232429184));
#5000=CARTESIAN_POINT('',(0.00796614676997676,0.,0.00916797331564527));
#5001=CARTESIAN_POINT('',(0.00799566044137554,0.,0.00925560726720891));
#5002=CARTESIAN_POINT('',(0.00802476961067449,0.,0.00934811664005834));
#5003=CARTESIAN_POINT('',(0.00805329030633208,0.,0.00944551885304187));
#5004=CARTESIAN_POINT('',(0.00808103885491187,0.,0.00954782460860814));
#5005=CARTESIAN_POINT('',(0.00810782663042675,0.,0.00965504421121354));
#5006=CARTESIAN_POINT('',(0.00813348096162368,0.,0.0097671631263882));
#5007=CARTESIAN_POINT('',(0.00815776544355233,0.,0.00988423585214068));
#5008=CARTESIAN_POINT('',(0.00817820346827883,0.,0.0099928310617931));
#5009=CARTESIAN_POINT('',(0.00818988322886464,0.,0.0100631406013147));
#5010=CARTESIAN_POINT('',(0.00819459706965294,0.,0.0100920056909435));
#5011=CARTESIAN_POINT('',(0.00720763717696597,0.,0.0079757423682826));
#5012=CARTESIAN_POINT('',(3.00870500688695E-16,0.,2.98953883917841E-16));
#5013=CARTESIAN_POINT('',(0.0079757423682826,0.,0.00720763717696596));
#5014=CARTESIAN_POINT('',(0.0079757423682826,0.,0.00720763717696597));
#5015=CARTESIAN_POINT('',(0.00815940731645505,0.,0.00737389933017345));
#5016=CARTESIAN_POINT('',(0.00836385162332367,0.,0.00755897193661914));
#5017=CARTESIAN_POINT('',(0.00837251662886682,0.,0.00756590584327344));
#5018=CARTESIAN_POINT('',(0.00838239938728979,0.,0.00757406167779344));
#5019=CARTESIAN_POINT('',(0.00839441513002231,0.,0.00758343795577017));
#5020=CARTESIAN_POINT('',(0.00841076645585144,0.,0.00759575396992738));
#5021=CARTESIAN_POINT('',(0.0084308455918816,0.,0.00761022926588875));
#5022=CARTESIAN_POINT('',(0.00845497541099913,0.,0.00762691225496818));
#5023=CARTESIAN_POINT('',(0.00848317892891695,0.,0.007645585655456));
#5024=CARTESIAN_POINT('',(0.00851556538591964,0.,0.00766611018377629));
#5025=CARTESIAN_POINT('',(0.00855221210499371,0.,0.00768831963750128));
#5026=CARTESIAN_POINT('',(0.00859319973332826,0.,0.00771205244000268));
#5027=CARTESIAN_POINT('',(0.00863860172979398,0.,0.00773714247651254));
#5028=CARTESIAN_POINT('',(0.00868848733866175,0.,0.00776342192737874));
#5029=CARTESIAN_POINT('',(0.00874292064289124,0.,0.00779072061197681));
#5030=CARTESIAN_POINT('',(0.00880196075633257,0.,0.00781886634446839));
#5031=CARTESIAN_POINT('',(0.00886566169444089,0.,0.00784768500210956));
#5032=CARTESIAN_POINT('',(0.00893407234169737,0.,0.00787700067774126));
#5033=CARTESIAN_POINT('',(0.0090072363956486,0.,0.00790663581084857));
#5034=CARTESIAN_POINT('',(0.00908519232429184,0.,0.00793641132458211));
#5035=CARTESIAN_POINT('',(0.00916797331564527,0.,0.00796614676997676));
#5036=CARTESIAN_POINT('',(0.00925560726720891,0.,0.00799566044137553));
#5037=CARTESIAN_POINT('',(0.00934811664005835,0.,0.00802476961067449));
#5038=CARTESIAN_POINT('',(0.00944551885304187,0.,0.00805329030633208));
#5039=CARTESIAN_POINT('',(0.00954782460860814,0.,0.00808103885491187));
#5040=CARTESIAN_POINT('',(0.00965504421121354,0.,0.00810782663042675));
#5041=CARTESIAN_POINT('',(0.0097671631263882,0.,0.00813348096162368));
#5042=CARTESIAN_POINT('',(0.00988423585214068,0.,0.00815776544355233));
#5043=CARTESIAN_POINT('',(0.0099928310617931,0.,0.00817820346827883));
#5044=CARTESIAN_POINT('',(0.0100631406013147,0.,0.00818988322886464));
#5045=CARTESIAN_POINT('',(0.0100920056909435,0.,0.00819459706965295));
#5046=CARTESIAN_POINT('',(0.00902631691949528,0.,0.00583850176576434));
#5047=CARTESIAN_POINT('',(0.00923444981371761,0.,0.0059728766708583));
#5048=CARTESIAN_POINT('',(0.00946613030430252,0.,0.00612245439162556));
#5049=CARTESIAN_POINT('',(0.00947507061227748,0.,0.00612902951716553));
#5050=CARTESIAN_POINT('',(0.0094855063895733,0.,0.00613646464345878));
#5051=CARTESIAN_POINT('',(0.00949767308168571,0.,0.00614564420037361));
#5052=CARTESIAN_POINT('',(0.00951380147237436,0.,0.0061582507492624));
#5053=CARTESIAN_POINT('',(0.00953298039740043,0.,0.0061738992230452));
#5054=CARTESIAN_POINT('',(0.00955534018415445,0.,0.00619288896321151));
#5055=CARTESIAN_POINT('',(0.0095806769115263,0.,0.00621529843787746));
#5056=CARTESIAN_POINT('',(0.00960888431537895,0.,0.00624126921429732));
#5057=CARTESIAN_POINT('',(0.00963982186915659,0.,0.00627091899709438));
#5058=CARTESIAN_POINT('',(0.00967335437484948,0.,0.00630436750458004));
#5059=CARTESIAN_POINT('',(0.00970934039046789,0.,0.00634172868624029));
#5060=CARTESIAN_POINT('',(0.00974763573641175,0.,0.00638311286182682));
#5061=CARTESIAN_POINT('',(0.00978809261671121,0.,0.00642862597671211));
#5062=CARTESIAN_POINT('',(0.00983056001240828,0.,0.00647836969546494));
#5063=CARTESIAN_POINT('',(0.00987488371407619,0.,0.00653244125929078));
#5064=CARTESIAN_POINT('',(0.00992090646068173,0.,0.00659093341509544));
#5065=CARTESIAN_POINT('',(0.00996846805169509,0.,0.00665393432751062));
#5066=CARTESIAN_POINT('',(0.0100174054684129,0.,0.00672152750226752));
#5067=CARTESIAN_POINT('',(0.0100675530002105,0.,0.00679379170015888));
#5068=CARTESIAN_POINT('',(0.0101187423533054,0.,0.00687080089698506));
#5069=CARTESIAN_POINT('',(0.010170802839257,0.,0.00695262408199245));
#5070=CARTESIAN_POINT('',(0.0102235612635317,0.,0.00703932569583518));
#5071=CARTESIAN_POINT('',(0.0102768429812111,0.,0.00713096361446826));
#5072=CARTESIAN_POINT('',(0.0103304684605724,0.,0.00722759661123009));
#5073=CARTESIAN_POINT('',(0.0103842671521951,0.,0.00732925533750966));
#5074=CARTESIAN_POINT('',(0.0104380248115548,0.,0.00743605362044446));
#5075=CARTESIAN_POINT('',(0.0104858729359414,0.,0.00753565878801552));
#5076=CARTESIAN_POINT('',(0.0105153521662167,0.,0.00760054964359212));
#5077=CARTESIAN_POINT('',(0.0105273762217097,0.,0.00762721114737106));
#5078=CARTESIAN_POINT('',(0.00902631691949528,0.,0.00583850176576434));
#5079=CARTESIAN_POINT('',(3.67993545749039E-16,0.,2.10896261657901E-16));
#5080=CARTESIAN_POINT('',(0.00956944930893986,0.,0.00489776887201004));
#5081=CARTESIAN_POINT('',(0.00956944930893986,0.,0.00489776887201004));
#5082=CARTESIAN_POINT('',(0.00978988783749352,0.,0.00501082979322278));
#5083=CARTESIAN_POINT('',(0.0100352661888106,0.,0.00513668212324692));
#5084=CARTESIAN_POINT('',(0.0100454305685488,0.,0.0051411370943009));
#5085=CARTESIAN_POINT('',(0.010057087465447,0.,0.00514645717940069));
#5086=CARTESIAN_POINT('',(0.0100711205409869,0.,0.00515240406539265));
#5087=CARTESIAN_POINT('',(0.010090102327923,0.,0.00516006838700679));
#5088=CARTESIAN_POINT('',(0.0101132437662624,0.,0.00516885358640525));
#5089=CARTESIAN_POINT('',(0.0101408692570347,0.,0.00517872285967427));
#5090=CARTESIAN_POINT('',(0.0101729447950668,0.,0.00518946037189408));
#5091=CARTESIAN_POINT('',(0.0102095398491287,0.,0.00520090331199535));
#5092=CARTESIAN_POINT('',(0.0102506860911365,0.,0.00521287112809921));
#5093=CARTESIAN_POINT('',(0.0102964196011842,0.,0.00522518687613896));
#5094=CARTESIAN_POINT('',(0.0103467683414265,0.,0.00523767108901536));
#5095=CARTESIAN_POINT('',(0.0104017557617711,0.,0.0052501437436562));
#5096=CARTESIAN_POINT('',(0.0104613997156168,0.,0.00526242387231075));
#5097=CARTESIAN_POINT('',(0.010525712737584,0.,0.00527432985644056));
#5098=CARTESIAN_POINT('',(0.0105947019363135,0.,0.00528567952616182));
#5099=CARTESIAN_POINT('',(0.0106683690024652,0.,0.00529629031597182));
#5100=CARTESIAN_POINT('',(0.0107467101885851,0.,0.00530597940582621));
#5101=CARTESIAN_POINT('',(0.0108297163034059,0.,0.00531456386452093));
#5102=CARTESIAN_POINT('',(0.0109173727004627,0.,0.00532186080204909));
#5103=CARTESIAN_POINT('',(0.0110096592977867,0.,0.00532768748381952));
#5104=CARTESIAN_POINT('',(0.0111065504975974,0.,0.00533186159468327));
#5105=CARTESIAN_POINT('',(0.0112080155098717,0.,0.0053342009234474));
#5106=CARTESIAN_POINT('',(0.0113140171341976,0.,0.00533452528519851));
#5107=CARTESIAN_POINT('',(0.0114245165039178,0.,0.00533264981423456));
#5108=CARTESIAN_POINT('',(0.0115394548892036,0.,0.00532841148473041));
#5109=CARTESIAN_POINT('',(0.0116588237449856,0.,0.00532156784191654));
#5110=CARTESIAN_POINT('',(0.0117690084126436,0.,0.00531320294937325));
#5111=CARTESIAN_POINT('',(0.0118399451571839,0.,0.00530628728388737));
#5112=CARTESIAN_POINT('',(0.011869046724506,0.,0.0053033696695113));
#5113=CARTESIAN_POINT('',(0.010229868080655,0.,0.00330337691648961));
#5114=CARTESIAN_POINT('',(0.0104656878031068,0.,0.00337930435078796));
#5115=CARTESIAN_POINT('',(0.0107281875352677,0.,0.00346382201097244));
#5116=CARTESIAN_POINT('',(0.0107385249773493,0.,0.00346785917256959));
#5117=CARTESIAN_POINT('',(0.0107505295164442,0.,0.00347233997516336));
#5118=CARTESIAN_POINT('',(0.0107646574827312,0.,0.00347805777462669));
#5119=CARTESIAN_POINT('',(0.0107834991267793,0.,0.00348606043110167));
#5120=CARTESIAN_POINT('',(0.0108060746688242,0.,0.00349621182500914));
#5121=CARTESIAN_POINT('',(0.0108325874707369,0.,0.00350876736681393));
#5122=CARTESIAN_POINT('',(0.0108628608688933,0.,0.00352385562956294));
#5123=CARTESIAN_POINT('',(0.0108968288603207,0.,0.0035416408599057));
#5124=CARTESIAN_POINT('',(0.0109343861709877,0.,0.0035622731227267));
#5125=CARTESIAN_POINT('',(0.0109754331950242,0.,0.00358590304885459));
#5126=CARTESIAN_POINT('',(0.0110198628022565,0.,0.00361267731292151));
#5127=CARTESIAN_POINT('',(0.011067564278738,0.,0.00364273979205116));
#5128=CARTESIAN_POINT('',(0.0111184222852046,0.,0.00367623107402679));
#5129=CARTESIAN_POINT('',(0.0111723172612711,0.,0.0037132884458635));
#5130=CARTESIAN_POINT('',(0.0112291254199455,0.,0.00375404574768962));
#5131=CARTESIAN_POINT('',(0.0112887188633998,0.,0.00379863326828722));
#5132=CARTESIAN_POINT('',(0.0113509656684909,0.,0.00384717763109918));
#5133=CARTESIAN_POINT('',(0.0114157299841165,0.,0.00389980168881306));
#5134=CARTESIAN_POINT('',(0.0114828721308979,0.,0.00395662440757828));
#5135=CARTESIAN_POINT('',(0.01155224869587,0.,0.00401776080016701));
#5136=CARTESIAN_POINT('',(0.0116237126623906,0.,0.00408332168249331));
#5137=CARTESIAN_POINT('',(0.0116971134158555,0.,0.00415341412549307));
#5138=CARTESIAN_POINT('',(0.0117722972416269,0.,0.00422813923447693));
#5139=CARTESIAN_POINT('',(0.0118491059370363,0.,0.00430760024635944));
#5140=CARTESIAN_POINT('',(0.0119273826971573,0.,0.00439187090954698));
#5141=CARTESIAN_POINT('',(0.0120069500383015,0.,0.0044811166231746));
#5142=CARTESIAN_POINT('',(0.012078947491744,0.,0.00456494382109964));
#5143=CARTESIAN_POINT('',(0.0121242172308823,0.,0.00461999378816086));
#5144=CARTESIAN_POINT('',(0.0121427320815687,0.,0.0046426347686677));
#5145=CARTESIAN_POINT('',(0.010229868080655,0.,0.00330337691648961));
#5146=CARTESIAN_POINT('',(4.10038438804674E-16,0.,1.08466407688527E-16));
#5147=CARTESIAN_POINT('',(0.0105110140934556,0.,0.00225412571237238));
#5148=CARTESIAN_POINT('',(0.0105110140934556,0.,0.00225412571237238));
#5149=CARTESIAN_POINT('',(0.0107532036809614,0.,0.00230628048665174));
#5150=CARTESIAN_POINT('',(0.0110227939475916,0.,0.002364335911944));
#5151=CARTESIAN_POINT('',(0.011033765015843,0.,0.00236600834848252));
#5152=CARTESIAN_POINT('',(0.0110464016529568,0.,0.00236813012915441));
#5153=CARTESIAN_POINT('',(0.0110614957303969,0.,0.00237024235270894));
#5154=CARTESIAN_POINT('',(0.011081814401029,0.,0.0023727326709279));
#5155=CARTESIAN_POINT('',(0.0111064410908979,0.,0.00237522907694265));
#5156=CARTESIAN_POINT('',(0.0111356796217821,0.,0.00237761205973774));
#5157=CARTESIAN_POINT('',(0.0111694412850189,0.,0.00237968193997632));
#5158=CARTESIAN_POINT('',(0.011207751043682,0.,0.00238126347440104));
#5159=CARTESIAN_POINT('',(0.011250592760228,0.,0.00238217406599403));
#5160=CARTESIAN_POINT('',(0.0112979554888573,0.,0.00238223346169596));
#5161=CARTESIAN_POINT('',(0.011349819789434,0.,0.00238126107246252));
#5162=CARTESIAN_POINT('',(0.0114061617194299,0.,0.00237907694007626));
#5163=CARTESIAN_POINT('',(0.0114669516860036,0.,0.00237550164231334));
#5164=CARTESIAN_POINT('',(0.0115321547903319,0.,0.00237035650493851));
#5165=CARTESIAN_POINT('',(0.0116017307497992,0.,0.00236346372550457));
#5166=CARTESIAN_POINT('',(0.0116756339460285,0.,0.00235464652170248));
#5167=CARTESIAN_POINT('',(0.0117538134419478,0.,0.00234372927284234));
#5168=CARTESIAN_POINT('',(0.0118362130133952,0.,0.0023305376598247));
#5169=CARTESIAN_POINT('',(0.011922771177555,0.,0.00231489881525258));
#5170=CARTESIAN_POINT('',(0.0120134212415425,0.,0.00229664142866105));
#5171=CARTESIAN_POINT('',(0.0121080912931678,0.,0.00227559602233229));
#5172=CARTESIAN_POINT('',(0.0122067044318251,0.,0.00225159456281361));
#5173=CARTESIAN_POINT('',(0.0123091780893888,0.,0.00222447263301872));
#5174=CARTESIAN_POINT('',(0.0124154268767862,0.,0.00219406172582278));
#5175=CARTESIAN_POINT('',(0.0125253518711707,0.,0.00216021957076909));
#5176=CARTESIAN_POINT('',(0.0126388820667269,0.,0.00212271418616081));
#5177=CARTESIAN_POINT('',(0.0127431472893785,0.,0.00208611642995091));
#5178=CARTESIAN_POINT('',(0.0128098770170255,0.,0.00206107662956753));
#5179=CARTESIAN_POINT('',(0.0128372318383206,0.,0.00205072639062523));
#5180=CARTESIAN_POINT('',(0.0107362706377744,0.,0.000543132389444579));
#5181=CARTESIAN_POINT('',(0.0109837064640811,0.,0.000555438023775907));
#5182=CARTESIAN_POINT('',(0.0112591365148725,0.,0.000569135884508075));
#5183=CARTESIAN_POINT('',(0.0112701666114664,0.,0.000570359956271284));
#5184=CARTESIAN_POINT('',(0.0112829218228595,0.,0.000571581075873674));
#5185=CARTESIAN_POINT('',(0.0112980482657663,0.,0.000573447459301198));
#5186=CARTESIAN_POINT('',(0.0113183191362692,0.,0.000576300855548608));
#5187=CARTESIAN_POINT('',(0.0113427528094504,0.,0.000580263368861935));
#5188=CARTESIAN_POINT('',(0.0113716118228858,0.,0.000585529072880215));
#5189=CARTESIAN_POINT('',(0.0114047588097715,0.,0.000592267883540471));
#5190=CARTESIAN_POINT('',(0.0114421725262927,0.,0.000600655533749753));
#5191=CARTESIAN_POINT('',(0.0114837901251936,0.,0.000610864221979874));
#5192=CARTESIAN_POINT('',(0.011529554380719,0.,0.000623065226334689));
#5193=CARTESIAN_POINT('',(0.0115793997752557,0.,0.000637427950958664));
#5194=CARTESIAN_POINT('',(0.011633256605483,0.,0.00065412002535934));
#5195=CARTESIAN_POINT('',(0.0116910498490229,0.,0.000673307098905636));
#5196=CARTESIAN_POINT('',(0.0117526995519055,0.,0.000695152725175758));
#5197=CARTESIAN_POINT('',(0.0118181207854526,0.,0.000719818222237333));
#5198=CARTESIAN_POINT('',(0.0118872237310673,0.,0.000747462541783512));
#5199=CARTESIAN_POINT('',(0.0119599137333368,0.,0.000778242136889979));
#5200=CARTESIAN_POINT('',(0.0120360913667884,0.,0.000812310834993011));
#5201=CARTESIAN_POINT('',(0.012115652502208,0.,0.000849819700252211));
#5202=CARTESIAN_POINT('',(0.0121984883808046,0.,0.000890916944481245));
#5203=CARTESIAN_POINT('',(0.0122844856766757,0.,0.000935747658340399));
#5204=CARTESIAN_POINT('',(0.0123735266192826,0.,0.000984454246339984));
#5205=CARTESIAN_POINT('',(0.0124654888996668,0.,0.00103717415298646));
#5206=CARTESIAN_POINT('',(0.0125602464254646,0.,0.00109404804334538));
#5207=CARTESIAN_POINT('',(0.0126576668222401,0.,0.00115518773700851));
#5208=CARTESIAN_POINT('',(0.012757621462361,0.,0.00122079893343073));
#5209=CARTESIAN_POINT('',(0.0128488617373888,0.,0.00128313547670217));
#5210=CARTESIAN_POINT('',(0.0129068369274795,0.,0.00132459299096716));
#5211=CARTESIAN_POINT('',(0.0129305808168824,0.,0.00134167050279635));
#5212=CARTESIAN_POINT('',(0.0107362706377744,0.,0.000543132389444582));
#5213=CARTESIAN_POINT('',(4.2413988987633E-16,0.,-1.35525271560688E-18));
#5214=CARTESIAN_POINT('',(0.0107362706377744,0.,-0.000543132389444584));
#5215=CARTESIAN_POINT('',(0.0107362706377744,0.,-0.000543132389444579));
#5216=CARTESIAN_POINT('',(0.0109837064640811,0.,-0.000555438023775907));
#5217=CARTESIAN_POINT('',(0.0112591365148725,0.,-0.000569135884508075));
#5218=CARTESIAN_POINT('',(0.0112701666114664,0.,-0.000570359956271285));
#5219=CARTESIAN_POINT('',(0.0112829218228595,0.,-0.000571581075873674));
#5220=CARTESIAN_POINT('',(0.0112980482657663,0.,-0.000573447459301198));
#5221=CARTESIAN_POINT('',(0.0113183191362692,0.,-0.000576300855548608));
#5222=CARTESIAN_POINT('',(0.0113427528094504,0.,-0.000580263368861936));
#5223=CARTESIAN_POINT('',(0.0113716118228858,0.,-0.000585529072880215));
#5224=CARTESIAN_POINT('',(0.0114047588097715,0.,-0.000592267883540472));
#5225=CARTESIAN_POINT('',(0.0114421725262927,0.,-0.000600655533749753));
#5226=CARTESIAN_POINT('',(0.0114837901251936,0.,-0.000610864221979874));
#5227=CARTESIAN_POINT('',(0.011529554380719,0.,-0.000623065226334689));
#5228=CARTESIAN_POINT('',(0.0115793997752557,0.,-0.000637427950958664));
#5229=CARTESIAN_POINT('',(0.011633256605483,0.,-0.00065412002535934));
#5230=CARTESIAN_POINT('',(0.0116910498490229,0.,-0.000673307098905636));
#5231=CARTESIAN_POINT('',(0.0117526995519055,0.,-0.000695152725175758));
#5232=CARTESIAN_POINT('',(0.0118181207854526,0.,-0.000719818222237333));
#5233=CARTESIAN_POINT('',(0.0118872237310673,0.,-0.000747462541783512));
#5234=CARTESIAN_POINT('',(0.0119599137333368,0.,-0.000778242136889979));
#5235=CARTESIAN_POINT('',(0.0120360913667884,0.,-0.00081231083499301));
#5236=CARTESIAN_POINT('',(0.012115652502208,0.,-0.000849819700252211));
#5237=CARTESIAN_POINT('',(0.0121984883808046,0.,-0.000890916944481245));
#5238=CARTESIAN_POINT('',(0.0122844856766757,0.,-0.000935747658340399));
#5239=CARTESIAN_POINT('',(0.0123735266192826,0.,-0.000984454246339984));
#5240=CARTESIAN_POINT('',(0.0124654888996668,0.,-0.00103717415298646));
#5241=CARTESIAN_POINT('',(0.0125602464254646,0.,-0.00109404804334538));
#5242=CARTESIAN_POINT('',(0.0126576668222401,0.,-0.00115518773700851));
#5243=CARTESIAN_POINT('',(0.012757621462361,0.,-0.00122079893343073));
#5244=CARTESIAN_POINT('',(0.0128488617373888,0.,-0.00128313547670217));
#5245=CARTESIAN_POINT('',(0.0129068369274795,0.,-0.00132459299096716));
#5246=CARTESIAN_POINT('',(0.0129305808168824,0.,-0.00134167050279635));
#5247=CARTESIAN_POINT('',(0.0129305808168824,0.,-0.00134167050279635));
#5248=CARTESIAN_POINT('',(0.,0.,7.9602041944578E-19));
#5249=CARTESIAN_POINT('',(0.0128372318383206,0.,-0.00205072639062523));
#5250=CARTESIAN_POINT('',(0.0105110140934556,0.,-0.00225412571237238));
#5251=CARTESIAN_POINT('',(0.0107532036809614,0.,-0.00230628048665174));
#5252=CARTESIAN_POINT('',(0.0110227939475916,0.,-0.00236433591194399));
#5253=CARTESIAN_POINT('',(0.011033765015843,0.,-0.00236600834848252));
#5254=CARTESIAN_POINT('',(0.0110464016529568,0.,-0.00236813012915441));
#5255=CARTESIAN_POINT('',(0.0110614957303969,0.,-0.00237024235270894));
#5256=CARTESIAN_POINT('',(0.011081814401029,0.,-0.0023727326709279));
#5257=CARTESIAN_POINT('',(0.0111064410908979,0.,-0.00237522907694265));
#5258=CARTESIAN_POINT('',(0.0111356796217821,0.,-0.00237761205973774));
#5259=CARTESIAN_POINT('',(0.0111694412850189,0.,-0.00237968193997632));
#5260=CARTESIAN_POINT('',(0.011207751043682,0.,-0.00238126347440104));
#5261=CARTESIAN_POINT('',(0.011250592760228,0.,-0.00238217406599402));
#5262=CARTESIAN_POINT('',(0.0112979554888573,0.,-0.00238223346169596));
#5263=CARTESIAN_POINT('',(0.011349819789434,0.,-0.00238126107246252));
#5264=CARTESIAN_POINT('',(0.0114061617194299,0.,-0.00237907694007626));
#5265=CARTESIAN_POINT('',(0.0114669516860036,0.,-0.00237550164231334));
#5266=CARTESIAN_POINT('',(0.0115321547903319,0.,-0.00237035650493851));
#5267=CARTESIAN_POINT('',(0.0116017307497992,0.,-0.00236346372550457));
#5268=CARTESIAN_POINT('',(0.0116756339460285,0.,-0.00235464652170248));
#5269=CARTESIAN_POINT('',(0.0117538134419478,0.,-0.00234372927284234));
#5270=CARTESIAN_POINT('',(0.0118362130133952,0.,-0.0023305376598247));
#5271=CARTESIAN_POINT('',(0.011922771177555,0.,-0.00231489881525258));
#5272=CARTESIAN_POINT('',(0.0120134212415425,0.,-0.00229664142866105));
#5273=CARTESIAN_POINT('',(0.0121080912931678,0.,-0.00227559602233229));
#5274=CARTESIAN_POINT('',(0.0122067044318251,0.,-0.00225159456281361));
#5275=CARTESIAN_POINT('',(0.0123091780893888,0.,-0.00222447263301872));
#5276=CARTESIAN_POINT('',(0.0124154268767862,0.,-0.00219406172582278));
#5277=CARTESIAN_POINT('',(0.0125253518711707,0.,-0.00216021957076909));
#5278=CARTESIAN_POINT('',(0.0126388820667269,0.,-0.00212271418616081));
#5279=CARTESIAN_POINT('',(0.0127431472893785,0.,-0.00208611642995091));
#5280=CARTESIAN_POINT('',(0.0128098770170255,0.,-0.00206107662956753));
#5281=CARTESIAN_POINT('',(0.0128372318383206,0.,-0.00205072639062523));
#5282=CARTESIAN_POINT('',(0.0105110140934556,0.,-0.00225412571237238));
#5283=CARTESIAN_POINT('',(4.09336908377222E-16,0.,-1.11084554886833E-16));
#5284=CARTESIAN_POINT('',(0.010229868080655,0.,-0.00330337691648961));
#5285=CARTESIAN_POINT('',(0.010229868080655,0.,-0.0033033769164896));
#5286=CARTESIAN_POINT('',(0.0104656878031068,0.,-0.00337930435078796));
#5287=CARTESIAN_POINT('',(0.0107281875352677,0.,-0.00346382201097244));
#5288=CARTESIAN_POINT('',(0.0107385249773493,0.,-0.00346785917256959));
#5289=CARTESIAN_POINT('',(0.0107505295164442,0.,-0.00347233997516336));
#5290=CARTESIAN_POINT('',(0.0107646574827312,0.,-0.00347805777462669));
#5291=CARTESIAN_POINT('',(0.0107834991267793,0.,-0.00348606043110167));
#5292=CARTESIAN_POINT('',(0.0108060746688242,0.,-0.00349621182500914));
#5293=CARTESIAN_POINT('',(0.0108325874707369,0.,-0.00350876736681393));
#5294=CARTESIAN_POINT('',(0.0108628608688933,0.,-0.00352385562956294));
#5295=CARTESIAN_POINT('',(0.0108968288603207,0.,-0.0035416408599057));
#5296=CARTESIAN_POINT('',(0.0109343861709877,0.,-0.0035622731227267));
#5297=CARTESIAN_POINT('',(0.0109754331950242,0.,-0.00358590304885459));
#5298=CARTESIAN_POINT('',(0.0110198628022565,0.,-0.00361267731292151));
#5299=CARTESIAN_POINT('',(0.011067564278738,0.,-0.00364273979205116));
#5300=CARTESIAN_POINT('',(0.0111184222852046,0.,-0.00367623107402678));
#5301=CARTESIAN_POINT('',(0.0111723172612711,0.,-0.0037132884458635));
#5302=CARTESIAN_POINT('',(0.0112291254199455,0.,-0.00375404574768962));
#5303=CARTESIAN_POINT('',(0.0112887188633998,0.,-0.00379863326828721));
#5304=CARTESIAN_POINT('',(0.0113509656684909,0.,-0.00384717763109918));
#5305=CARTESIAN_POINT('',(0.0114157299841165,0.,-0.00389980168881306));
#5306=CARTESIAN_POINT('',(0.0114828721308979,0.,-0.00395662440757827));
#5307=CARTESIAN_POINT('',(0.01155224869587,0.,-0.00401776080016701));
#5308=CARTESIAN_POINT('',(0.0116237126623906,0.,-0.00408332168249331));
#5309=CARTESIAN_POINT('',(0.0116971134158555,0.,-0.00415341412549307));
#5310=CARTESIAN_POINT('',(0.0117722972416269,0.,-0.00422813923447693));
#5311=CARTESIAN_POINT('',(0.0118491059370363,0.,-0.00430760024635944));
#5312=CARTESIAN_POINT('',(0.0119273826971573,0.,-0.00439187090954698));
#5313=CARTESIAN_POINT('',(0.0120069500383015,0.,-0.0044811166231746));
#5314=CARTESIAN_POINT('',(0.012078947491744,0.,-0.00456494382109964));
#5315=CARTESIAN_POINT('',(0.0121242172308823,0.,-0.00461999378816086));
#5316=CARTESIAN_POINT('',(0.0121427320815687,0.,-0.0046426347686677));
#5317=CARTESIAN_POINT('',(0.00956944930893986,0.,-0.00489776887201004));
#5318=CARTESIAN_POINT('',(0.00978988783749351,0.,-0.00501082979322278));
#5319=CARTESIAN_POINT('',(0.0100352661888106,0.,-0.00513668212324693));
#5320=CARTESIAN_POINT('',(0.0100454305685488,0.,-0.00514113709430091));
#5321=CARTESIAN_POINT('',(0.010057087465447,0.,-0.0051464571794007));
#5322=CARTESIAN_POINT('',(0.0100711205409869,0.,-0.00515240406539266));
#5323=CARTESIAN_POINT('',(0.010090102327923,0.,-0.0051600683870068));
#5324=CARTESIAN_POINT('',(0.0101132437662624,0.,-0.00516885358640525));
#5325=CARTESIAN_POINT('',(0.0101408692570347,0.,-0.00517872285967428));
#5326=CARTESIAN_POINT('',(0.0101729447950668,0.,-0.00518946037189408));
#5327=CARTESIAN_POINT('',(0.0102095398491287,0.,-0.00520090331199536));
#5328=CARTESIAN_POINT('',(0.0102506860911365,0.,-0.00521287112809921));
#5329=CARTESIAN_POINT('',(0.0102964196011842,0.,-0.00522518687613897));
#5330=CARTESIAN_POINT('',(0.0103467683414265,0.,-0.00523767108901537));
#5331=CARTESIAN_POINT('',(0.0104017557617711,0.,-0.00525014374365621));
#5332=CARTESIAN_POINT('',(0.0104613997156168,0.,-0.00526242387231075));
#5333=CARTESIAN_POINT('',(0.010525712737584,0.,-0.00527432985644057));
#5334=CARTESIAN_POINT('',(0.0105947019363135,0.,-0.00528567952616182));
#5335=CARTESIAN_POINT('',(0.0106683690024652,0.,-0.00529629031597183));
#5336=CARTESIAN_POINT('',(0.0107467101885851,0.,-0.00530597940582621));
#5337=CARTESIAN_POINT('',(0.0108297163034059,0.,-0.00531456386452093));
#5338=CARTESIAN_POINT('',(0.0109173727004627,0.,-0.0053218608020491));
#5339=CARTESIAN_POINT('',(0.0110096592977867,0.,-0.00532768748381953));
#5340=CARTESIAN_POINT('',(0.0111065504975974,0.,-0.00533186159468328));
#5341=CARTESIAN_POINT('',(0.0112080155098717,0.,-0.00533420092344741));
#5342=CARTESIAN_POINT('',(0.0113140171341976,0.,-0.00533452528519851));
#5343=CARTESIAN_POINT('',(0.0114245165039178,0.,-0.00533264981423457));
#5344=CARTESIAN_POINT('',(0.0115394548892036,0.,-0.00532841148473042));
#5345=CARTESIAN_POINT('',(0.0116588237449856,0.,-0.00532156784191655));
#5346=CARTESIAN_POINT('',(0.0117690084126436,0.,-0.00531320294937326));
#5347=CARTESIAN_POINT('',(0.0118399451571839,0.,-0.00530628728388738));
#5348=CARTESIAN_POINT('',(0.011869046724506,0.,-0.00530336966951131));
#5349=CARTESIAN_POINT('',(0.00956944930893986,0.,-0.00489776887201004));
#5350=CARTESIAN_POINT('',(3.66638293033432E-16,0.,-2.13243628218428E-16));
#5351=CARTESIAN_POINT('',(0.00902631691949527,0.,-0.00583850176576435));
#5352=CARTESIAN_POINT('',(0.00902631691949528,0.,-0.00583850176576434));
#5353=CARTESIAN_POINT('',(0.00923444981371761,0.,-0.00597287667085831));
#5354=CARTESIAN_POINT('',(0.00946613030430252,0.,-0.00612245439162557));
#5355=CARTESIAN_POINT('',(0.00947507061227747,0.,-0.00612902951716554));
#5356=CARTESIAN_POINT('',(0.00948550638957329,0.,-0.00613646464345878));
#5357=CARTESIAN_POINT('',(0.0094976730816857,0.,-0.00614564420037362));
#5358=CARTESIAN_POINT('',(0.00951380147237436,0.,-0.0061582507492624));
#5359=CARTESIAN_POINT('',(0.00953298039740043,0.,-0.0061738992230452));
#5360=CARTESIAN_POINT('',(0.00955534018415444,0.,-0.00619288896321151));
#5361=CARTESIAN_POINT('',(0.00958067691152629,0.,-0.00621529843787747));
#5362=CARTESIAN_POINT('',(0.00960888431537895,0.,-0.00624126921429733));
#5363=CARTESIAN_POINT('',(0.00963982186915659,0.,-0.00627091899709439));
#5364=CARTESIAN_POINT('',(0.00967335437484947,0.,-0.00630436750458005));
#5365=CARTESIAN_POINT('',(0.00970934039046788,0.,-0.0063417286862403));
#5366=CARTESIAN_POINT('',(0.00974763573641175,0.,-0.00638311286182683));
#5367=CARTESIAN_POINT('',(0.0097880926167112,0.,-0.00642862597671212));
#5368=CARTESIAN_POINT('',(0.00983056001240827,0.,-0.00647836969546495));
#5369=CARTESIAN_POINT('',(0.00987488371407619,0.,-0.00653244125929079));
#5370=CARTESIAN_POINT('',(0.00992090646068172,0.,-0.00659093341509544));
#5371=CARTESIAN_POINT('',(0.00996846805169509,0.,-0.00665393432751063));
#5372=CARTESIAN_POINT('',(0.0100174054684128,0.,-0.00672152750226753));
#5373=CARTESIAN_POINT('',(0.0100675530002105,0.,-0.00679379170015888));
#5374=CARTESIAN_POINT('',(0.0101187423533054,0.,-0.00687080089698506));
#5375=CARTESIAN_POINT('',(0.010170802839257,0.,-0.00695262408199245));
#5376=CARTESIAN_POINT('',(0.0102235612635317,0.,-0.00703932569583519));
#5377=CARTESIAN_POINT('',(0.0102768429812111,0.,-0.00713096361446827));
#5378=CARTESIAN_POINT('',(0.0103304684605724,0.,-0.00722759661123009));
#5379=CARTESIAN_POINT('',(0.0103842671521951,0.,-0.00732925533750967));
#5380=CARTESIAN_POINT('',(0.0104380248115548,0.,-0.00743605362044447));
#5381=CARTESIAN_POINT('',(0.0104858729359414,0.,-0.00753565878801552));
#5382=CARTESIAN_POINT('',(0.0105153521662167,0.,-0.00760054964359213));
#5383=CARTESIAN_POINT('',(0.0105273762217097,0.,-0.00762721114737107));
#5384=CARTESIAN_POINT('',(0.0079757423682826,0.,-0.00720763717696597));
#5385=CARTESIAN_POINT('',(0.00815940731645504,0.,-0.00737389933017345));
#5386=CARTESIAN_POINT('',(0.00836385162332367,0.,-0.00755897193661914));
#5387=CARTESIAN_POINT('',(0.00837251662886682,0.,-0.00756590584327345));
#5388=CARTESIAN_POINT('',(0.00838239938728979,0.,-0.00757406167779344));
#5389=CARTESIAN_POINT('',(0.00839441513002231,0.,-0.00758343795577017));
#5390=CARTESIAN_POINT('',(0.00841076645585144,0.,-0.00759575396992739));
#5391=CARTESIAN_POINT('',(0.0084308455918816,0.,-0.00761022926588875));
#5392=CARTESIAN_POINT('',(0.00845497541099913,0.,-0.00762691225496819));
#5393=CARTESIAN_POINT('',(0.00848317892891694,0.,-0.007645585655456));
#5394=CARTESIAN_POINT('',(0.00851556538591963,0.,-0.00766611018377629));
#5395=CARTESIAN_POINT('',(0.00855221210499371,0.,-0.00768831963750129));
#5396=CARTESIAN_POINT('',(0.00859319973332826,0.,-0.00771205244000269));
#5397=CARTESIAN_POINT('',(0.00863860172979398,0.,-0.00773714247651255));
#5398=CARTESIAN_POINT('',(0.00868848733866174,0.,-0.00776342192737874));
#5399=CARTESIAN_POINT('',(0.00874292064289124,0.,-0.00779072061197681));
#5400=CARTESIAN_POINT('',(0.00880196075633257,0.,-0.0078188663444684));
#5401=CARTESIAN_POINT('',(0.00886566169444088,0.,-0.00784768500210956));
#5402=CARTESIAN_POINT('',(0.00893407234169736,0.,-0.00787700067774126));
#5403=CARTESIAN_POINT('',(0.0090072363956486,0.,-0.00790663581084858));
#5404=CARTESIAN_POINT('',(0.00908519232429184,0.,-0.00793641132458211));
#5405=CARTESIAN_POINT('',(0.00916797331564527,0.,-0.00796614676997676));
#5406=CARTESIAN_POINT('',(0.00925560726720891,0.,-0.00799566044137554));
#5407=CARTESIAN_POINT('',(0.00934811664005834,0.,-0.00802476961067449));
#5408=CARTESIAN_POINT('',(0.00944551885304186,0.,-0.00805329030633208));
#5409=CARTESIAN_POINT('',(0.00954782460860814,0.,-0.00808103885491187));
#5410=CARTESIAN_POINT('',(0.00965504421121354,0.,-0.00810782663042676));
#5411=CARTESIAN_POINT('',(0.00976716312638819,0.,-0.00813348096162368));
#5412=CARTESIAN_POINT('',(0.00988423585214068,0.,-0.00815776544355233));
#5413=CARTESIAN_POINT('',(0.0099928310617931,0.,-0.00817820346827883));
#5414=CARTESIAN_POINT('',(0.0100631406013147,0.,-0.00818988322886465));
#5415=CARTESIAN_POINT('',(0.0100920056909435,0.,-0.00819459706965295));
#5416=CARTESIAN_POINT('',(0.0079757423682826,0.,-0.00720763717696597));
#5417=CARTESIAN_POINT('',(2.98953883917841E-16,0.,-3.00870500688695E-16));
#5418=CARTESIAN_POINT('',(0.00720763717696596,0.,-0.0079757423682826));
#5419=CARTESIAN_POINT('',(0.00720763717696597,0.,-0.0079757423682826));
#5420=CARTESIAN_POINT('',(0.00737389933017345,0.,-0.00815940731645505));
#5421=CARTESIAN_POINT('',(0.00755897193661914,0.,-0.00836385162332367));
#5422=CARTESIAN_POINT('',(0.00756590584327344,0.,-0.00837251662886682));
#5423=CARTESIAN_POINT('',(0.00757406167779344,0.,-0.00838239938728979));
#5424=CARTESIAN_POINT('',(0.00758343795577016,0.,-0.00839441513002232));
#5425=CARTESIAN_POINT('',(0.00759575396992738,0.,-0.00841076645585144));
#5426=CARTESIAN_POINT('',(0.00761022926588875,0.,-0.0084308455918816));
#5427=CARTESIAN_POINT('',(0.00762691225496818,0.,-0.00845497541099913));
#5428=CARTESIAN_POINT('',(0.007645585655456,0.,-0.00848317892891695));
#5429=CARTESIAN_POINT('',(0.00766611018377628,0.,-0.00851556538591964));
#5430=CARTESIAN_POINT('',(0.00768831963750128,0.,-0.00855221210499371));
#5431=CARTESIAN_POINT('',(0.00771205244000268,0.,-0.00859319973332827));
#5432=CARTESIAN_POINT('',(0.00773714247651254,0.,-0.00863860172979398));
#5433=CARTESIAN_POINT('',(0.00776342192737874,0.,-0.00868848733866175));
#5434=CARTESIAN_POINT('',(0.00779072061197681,0.,-0.00874292064289125));
#5435=CARTESIAN_POINT('',(0.00781886634446839,0.,-0.00880196075633257));
#5436=CARTESIAN_POINT('',(0.00784768500210956,0.,-0.00886566169444089));
#5437=CARTESIAN_POINT('',(0.00787700067774125,0.,-0.00893407234169737));
#5438=CARTESIAN_POINT('',(0.00790663581084857,0.,-0.0090072363956486));
#5439=CARTESIAN_POINT('',(0.00793641132458211,0.,-0.00908519232429184));
#5440=CARTESIAN_POINT('',(0.00796614676997676,0.,-0.00916797331564527));
#5441=CARTESIAN_POINT('',(0.00799566044137553,0.,-0.00925560726720891));
#5442=CARTESIAN_POINT('',(0.00802476961067449,0.,-0.00934811664005835));
#5443=CARTESIAN_POINT('',(0.00805329030633208,0.,-0.00944551885304187));
#5444=CARTESIAN_POINT('',(0.00808103885491187,0.,-0.00954782460860815));
#5445=CARTESIAN_POINT('',(0.00810782663042675,0.,-0.00965504421121355));
#5446=CARTESIAN_POINT('',(0.00813348096162368,0.,-0.0097671631263882));
#5447=CARTESIAN_POINT('',(0.00815776544355233,0.,-0.00988423585214068));
#5448=CARTESIAN_POINT('',(0.00817820346827882,0.,-0.0099928310617931));
#5449=CARTESIAN_POINT('',(0.00818988322886464,0.,-0.0100631406013147));
#5450=CARTESIAN_POINT('',(0.00819459706965294,0.,-0.0100920056909435));
#5451=CARTESIAN_POINT('',(0.00583850176576434,0.,-0.00902631691949528));
#5452=CARTESIAN_POINT('',(0.0059728766708583,0.,-0.00923444981371761));
#5453=CARTESIAN_POINT('',(0.00612245439162556,0.,-0.00946613030430252));
#5454=CARTESIAN_POINT('',(0.00612902951716553,0.,-0.00947507061227748));
#5455=CARTESIAN_POINT('',(0.00613646464345878,0.,-0.0094855063895733));
#5456=CARTESIAN_POINT('',(0.00614564420037361,0.,-0.00949767308168571));
#5457=CARTESIAN_POINT('',(0.0061582507492624,0.,-0.00951380147237436));
#5458=CARTESIAN_POINT('',(0.0061738992230452,0.,-0.00953298039740043));
#5459=CARTESIAN_POINT('',(0.00619288896321151,0.,-0.00955534018415445));
#5460=CARTESIAN_POINT('',(0.00621529843787746,0.,-0.0095806769115263));
#5461=CARTESIAN_POINT('',(0.00624126921429733,0.,-0.00960888431537895));
#5462=CARTESIAN_POINT('',(0.00627091899709438,0.,-0.00963982186915659));
#5463=CARTESIAN_POINT('',(0.00630436750458005,0.,-0.00967335437484947));
#5464=CARTESIAN_POINT('',(0.0063417286862403,0.,-0.00970934039046789));
#5465=CARTESIAN_POINT('',(0.00638311286182682,0.,-0.00974763573641175));
#5466=CARTESIAN_POINT('',(0.00642862597671211,0.,-0.0097880926167112));
#5467=CARTESIAN_POINT('',(0.00647836969546494,0.,-0.00983056001240828));
#5468=CARTESIAN_POINT('',(0.00653244125929079,0.,-0.00987488371407619));
#5469=CARTESIAN_POINT('',(0.00659093341509544,0.,-0.00992090646068173));
#5470=CARTESIAN_POINT('',(0.00665393432751062,0.,-0.00996846805169509));
#5471=CARTESIAN_POINT('',(0.00672152750226752,0.,-0.0100174054684129));
#5472=CARTESIAN_POINT('',(0.00679379170015888,0.,-0.0100675530002105));
#5473=CARTESIAN_POINT('',(0.00687080089698506,0.,-0.0101187423533054));
#5474=CARTESIAN_POINT('',(0.00695262408199245,0.,-0.010170802839257));
#5475=CARTESIAN_POINT('',(0.00703932569583518,0.,-0.0102235612635317));
#5476=CARTESIAN_POINT('',(0.00713096361446827,0.,-0.0102768429812111));
#5477=CARTESIAN_POINT('',(0.00722759661123009,0.,-0.0103304684605724));
#5478=CARTESIAN_POINT('',(0.00732925533750967,0.,-0.0103842671521951));
#5479=CARTESIAN_POINT('',(0.00743605362044447,0.,-0.0104380248115548));
#5480=CARTESIAN_POINT('',(0.00753565878801552,0.,-0.0104858729359414));
#5481=CARTESIAN_POINT('',(0.00760054964359213,0.,-0.0105153521662167));
#5482=CARTESIAN_POINT('',(0.00762721114737107,0.,-0.0105273762217097));
#5483=CARTESIAN_POINT('',(0.00583850176576434,0.,-0.00902631691949528));
#5484=CARTESIAN_POINT('',(2.10896261657901E-16,0.,-3.67993545749039E-16));
#5485=CARTESIAN_POINT('',(0.00489776887201004,0.,-0.00956944930893986));
#5486=CARTESIAN_POINT('',(0.00489776887201004,0.,-0.00956944930893986));
#5487=CARTESIAN_POINT('',(0.00501082979322278,0.,-0.00978988783749352));
#5488=CARTESIAN_POINT('',(0.00513668212324692,0.,-0.0100352661888106));
#5489=CARTESIAN_POINT('',(0.0051411370943009,0.,-0.0100454305685488));
#5490=CARTESIAN_POINT('',(0.0051464571794007,0.,-0.010057087465447));
#5491=CARTESIAN_POINT('',(0.00515240406539265,0.,-0.0100711205409869));
#5492=CARTESIAN_POINT('',(0.0051600683870068,0.,-0.010090102327923));
#5493=CARTESIAN_POINT('',(0.00516885358640525,0.,-0.0101132437662624));
#5494=CARTESIAN_POINT('',(0.00517872285967428,0.,-0.0101408692570347));
#5495=CARTESIAN_POINT('',(0.00518946037189408,0.,-0.0101729447950668));
#5496=CARTESIAN_POINT('',(0.00520090331199535,0.,-0.0102095398491287));
#5497=CARTESIAN_POINT('',(0.00521287112809921,0.,-0.0102506860911365));
#5498=CARTESIAN_POINT('',(0.00522518687613896,0.,-0.0102964196011842));
#5499=CARTESIAN_POINT('',(0.00523767108901537,0.,-0.0103467683414265));
#5500=CARTESIAN_POINT('',(0.0052501437436562,0.,-0.0104017557617711));
#5501=CARTESIAN_POINT('',(0.00526242387231075,0.,-0.0104613997156168));
#5502=CARTESIAN_POINT('',(0.00527432985644057,0.,-0.010525712737584));
#5503=CARTESIAN_POINT('',(0.00528567952616182,0.,-0.0105947019363135));
#5504=CARTESIAN_POINT('',(0.00529629031597182,0.,-0.0106683690024652));
#5505=CARTESIAN_POINT('',(0.00530597940582621,0.,-0.0107467101885851));
#5506=CARTESIAN_POINT('',(0.00531456386452093,0.,-0.0108297163034059));
#5507=CARTESIAN_POINT('',(0.00532186080204909,0.,-0.0109173727004627));
#5508=CARTESIAN_POINT('',(0.00532768748381952,0.,-0.0110096592977867));
#5509=CARTESIAN_POINT('',(0.00533186159468328,0.,-0.0111065504975974));
#5510=CARTESIAN_POINT('',(0.00533420092344741,0.,-0.0112080155098717));
#5511=CARTESIAN_POINT('',(0.00533452528519851,0.,-0.0113140171341976));
#5512=CARTESIAN_POINT('',(0.00533264981423457,0.,-0.0114245165039178));
#5513=CARTESIAN_POINT('',(0.00532841148473042,0.,-0.0115394548892036));
#5514=CARTESIAN_POINT('',(0.00532156784191654,0.,-0.0116588237449856));
#5515=CARTESIAN_POINT('',(0.00531320294937325,0.,-0.0117690084126436));
#5516=CARTESIAN_POINT('',(0.00530628728388738,0.,-0.0118399451571839));
#5517=CARTESIAN_POINT('',(0.00530336966951131,0.,-0.011869046724506));
#5518=CARTESIAN_POINT('',(0.0033033769164896,0.,-0.010229868080655));
#5519=CARTESIAN_POINT('',(0.00337930435078796,0.,-0.0104656878031068));
#5520=CARTESIAN_POINT('',(0.00346382201097244,0.,-0.0107281875352677));
#5521=CARTESIAN_POINT('',(0.00346785917256959,0.,-0.0107385249773493));
#5522=CARTESIAN_POINT('',(0.00347233997516335,0.,-0.0107505295164442));
#5523=CARTESIAN_POINT('',(0.00347805777462668,0.,-0.0107646574827312));
#5524=CARTESIAN_POINT('',(0.00348606043110166,0.,-0.0107834991267793));
#5525=CARTESIAN_POINT('',(0.00349621182500914,0.,-0.0108060746688242));
#5526=CARTESIAN_POINT('',(0.00350876736681393,0.,-0.0108325874707369));
#5527=CARTESIAN_POINT('',(0.00352385562956293,0.,-0.0108628608688933));
#5528=CARTESIAN_POINT('',(0.0035416408599057,0.,-0.0108968288603207));
#5529=CARTESIAN_POINT('',(0.0035622731227267,0.,-0.0109343861709877));
#5530=CARTESIAN_POINT('',(0.00358590304885459,0.,-0.0109754331950242));
#5531=CARTESIAN_POINT('',(0.00361267731292151,0.,-0.0110198628022565));
#5532=CARTESIAN_POINT('',(0.00364273979205115,0.,-0.011067564278738));
#5533=CARTESIAN_POINT('',(0.00367623107402678,0.,-0.0111184222852046));
#5534=CARTESIAN_POINT('',(0.00371328844586349,0.,-0.0111723172612711));
#5535=CARTESIAN_POINT('',(0.00375404574768962,0.,-0.0112291254199455));
#5536=CARTESIAN_POINT('',(0.00379863326828721,0.,-0.0112887188633999));
#5537=CARTESIAN_POINT('',(0.00384717763109918,0.,-0.0113509656684909));
#5538=CARTESIAN_POINT('',(0.00389980168881306,0.,-0.0114157299841165));
#5539=CARTESIAN_POINT('',(0.00395662440757827,0.,-0.0114828721308979));
#5540=CARTESIAN_POINT('',(0.00401776080016701,0.,-0.01155224869587));
#5541=CARTESIAN_POINT('',(0.00408332168249331,0.,-0.0116237126623906));
#5542=CARTESIAN_POINT('',(0.00415341412549306,0.,-0.0116971134158555));
#5543=CARTESIAN_POINT('',(0.00422813923447692,0.,-0.0117722972416269));
#5544=CARTESIAN_POINT('',(0.00430760024635943,0.,-0.0118491059370363));
#5545=CARTESIAN_POINT('',(0.00439187090954698,0.,-0.0119273826971573));
#5546=CARTESIAN_POINT('',(0.00448111662317459,0.,-0.0120069500383015));
#5547=CARTESIAN_POINT('',(0.00456494382109963,0.,-0.012078947491744));
#5548=CARTESIAN_POINT('',(0.00461999378816086,0.,-0.0121242172308823));
#5549=CARTESIAN_POINT('',(0.0046426347686677,0.,-0.0121427320815687));
#5550=CARTESIAN_POINT('',(0.0033033769164896,0.,-0.010229868080655));
#5551=CARTESIAN_POINT('',(1.08466407688527E-16,0.,-4.10038438804674E-16));
#5552=CARTESIAN_POINT('',(0.00225412571237237,0.,-0.0105110140934556));
#5553=CARTESIAN_POINT('',(0.00225412571237238,0.,-0.0105110140934556));
#5554=CARTESIAN_POINT('',(0.00230628048665174,0.,-0.0107532036809614));
#5555=CARTESIAN_POINT('',(0.00236433591194399,0.,-0.0110227939475916));
#5556=CARTESIAN_POINT('',(0.00236600834848251,0.,-0.011033765015843));
#5557=CARTESIAN_POINT('',(0.00236813012915441,0.,-0.0110464016529568));
#5558=CARTESIAN_POINT('',(0.00237024235270894,0.,-0.0110614957303969));
#5559=CARTESIAN_POINT('',(0.00237273267092789,0.,-0.011081814401029));
#5560=CARTESIAN_POINT('',(0.00237522907694265,0.,-0.0111064410908979));
#5561=CARTESIAN_POINT('',(0.00237761205973774,0.,-0.0111356796217821));
#5562=CARTESIAN_POINT('',(0.00237968193997632,0.,-0.0111694412850189));
#5563=CARTESIAN_POINT('',(0.00238126347440103,0.,-0.011207751043682));
#5564=CARTESIAN_POINT('',(0.00238217406599402,0.,-0.011250592760228));
#5565=CARTESIAN_POINT('',(0.00238223346169595,0.,-0.0112979554888573));
#5566=CARTESIAN_POINT('',(0.00238126107246251,0.,-0.011349819789434));
#5567=CARTESIAN_POINT('',(0.00237907694007626,0.,-0.0114061617194299));
#5568=CARTESIAN_POINT('',(0.00237550164231334,0.,-0.0114669516860036));
#5569=CARTESIAN_POINT('',(0.00237035650493851,0.,-0.0115321547903319));
#5570=CARTESIAN_POINT('',(0.00236346372550456,0.,-0.0116017307497992));
#5571=CARTESIAN_POINT('',(0.00235464652170248,0.,-0.0116756339460285));
#5572=CARTESIAN_POINT('',(0.00234372927284233,0.,-0.0117538134419478));
#5573=CARTESIAN_POINT('',(0.00233053765982469,0.,-0.0118362130133952));
#5574=CARTESIAN_POINT('',(0.00231489881525258,0.,-0.011922771177555));
#5575=CARTESIAN_POINT('',(0.00229664142866105,0.,-0.0120134212415425));
#5576=CARTESIAN_POINT('',(0.00227559602233229,0.,-0.0121080912931678));
#5577=CARTESIAN_POINT('',(0.0022515945628136,0.,-0.0122067044318251));
#5578=CARTESIAN_POINT('',(0.00222447263301872,0.,-0.0123091780893888));
#5579=CARTESIAN_POINT('',(0.00219406172582277,0.,-0.0124154268767862));
#5580=CARTESIAN_POINT('',(0.00216021957076908,0.,-0.0125253518711707));
#5581=CARTESIAN_POINT('',(0.0021227141861608,0.,-0.0126388820667269));
#5582=CARTESIAN_POINT('',(0.00208611642995091,0.,-0.0127431472893785));
#5583=CARTESIAN_POINT('',(0.00206107662956753,0.,-0.0128098770170255));
#5584=CARTESIAN_POINT('',(0.00205072639062522,0.,-0.0128372318383206));
#5585=CARTESIAN_POINT('',(0.000543132389444578,0.,-0.0107362706377744));
#5586=CARTESIAN_POINT('',(0.000555438023775905,0.,-0.0109837064640811));
#5587=CARTESIAN_POINT('',(0.000569135884508073,0.,-0.0112591365148725));
#5588=CARTESIAN_POINT('',(0.000570359956271282,0.,-0.0112701666114664));
#5589=CARTESIAN_POINT('',(0.000571581075873672,0.,-0.0112829218228595));
#5590=CARTESIAN_POINT('',(0.000573447459301196,0.,-0.0112980482657663));
#5591=CARTESIAN_POINT('',(0.000576300855548606,0.,-0.0113183191362692));
#5592=CARTESIAN_POINT('',(0.000580263368861933,0.,-0.0113427528094504));
#5593=CARTESIAN_POINT('',(0.000585529072880213,0.,-0.0113716118228858));
#5594=CARTESIAN_POINT('',(0.000592267883540469,0.,-0.0114047588097715));
#5595=CARTESIAN_POINT('',(0.000600655533749751,0.,-0.0114421725262927));
#5596=CARTESIAN_POINT('',(0.000610864221979872,0.,-0.0114837901251936));
#5597=CARTESIAN_POINT('',(0.000623065226334686,0.,-0.011529554380719));
#5598=CARTESIAN_POINT('',(0.000637427950958662,0.,-0.0115793997752557));
#5599=CARTESIAN_POINT('',(0.000654120025359338,0.,-0.011633256605483));
#5600=CARTESIAN_POINT('',(0.000673307098905634,0.,-0.0116910498490229));
#5601=CARTESIAN_POINT('',(0.000695152725175756,0.,-0.0117526995519055));
#5602=CARTESIAN_POINT('',(0.000719818222237331,0.,-0.0118181207854526));
#5603=CARTESIAN_POINT('',(0.000747462541783509,0.,-0.0118872237310673));
#5604=CARTESIAN_POINT('',(0.000778242136889977,0.,-0.0119599137333368));
#5605=CARTESIAN_POINT('',(0.000812310834993008,0.,-0.0120360913667884));
#5606=CARTESIAN_POINT('',(0.000849819700252209,0.,-0.012115652502208));
#5607=CARTESIAN_POINT('',(0.000890916944481242,0.,-0.0121984883808046));
#5608=CARTESIAN_POINT('',(0.000935747658340397,0.,-0.0122844856766757));
#5609=CARTESIAN_POINT('',(0.000984454246339982,0.,-0.0123735266192826));
#5610=CARTESIAN_POINT('',(0.00103717415298645,0.,-0.0124654888996668));
#5611=CARTESIAN_POINT('',(0.00109404804334538,0.,-0.0125602464254646));
#5612=CARTESIAN_POINT('',(0.00115518773700851,0.,-0.0126576668222401));
#5613=CARTESIAN_POINT('',(0.00122079893343073,0.,-0.012757621462361));
#5614=CARTESIAN_POINT('',(0.00128313547670217,0.,-0.0128488617373888));
#5615=CARTESIAN_POINT('',(0.00132459299096716,0.,-0.0129068369274795));
#5616=CARTESIAN_POINT('',(0.00134167050279635,0.,-0.0129305808168824));
#5617=CARTESIAN_POINT('',(0.00054313238944458,0.,-0.0107362706377744));
#5618=CARTESIAN_POINT('',(-1.35525271560696E-18,0.,-4.2413988987633E-16));
#5619=CARTESIAN_POINT('',(-0.000543132389444586,0.,-0.0107362706377744));
#5620=CARTESIAN_POINT('',(-0.000543132389444581,0.,-0.0107362706377744));
#5621=CARTESIAN_POINT('',(-0.000555438023775909,0.,-0.0109837064640811));
#5622=CARTESIAN_POINT('',(-0.000569135884508077,0.,-0.0112591365148725));
#5623=CARTESIAN_POINT('',(-0.000570359956271287,0.,-0.0112701666114664));
#5624=CARTESIAN_POINT('',(-0.000571581075873676,0.,-0.0112829218228595));
#5625=CARTESIAN_POINT('',(-0.0005734474593012,0.,-0.0112980482657663));
#5626=CARTESIAN_POINT('',(-0.00057630085554861,0.,-0.0113183191362692));
#5627=CARTESIAN_POINT('',(-0.000580263368861938,0.,-0.0113427528094504));
#5628=CARTESIAN_POINT('',(-0.000585529072880217,0.,-0.0113716118228858));
#5629=CARTESIAN_POINT('',(-0.000592267883540474,0.,-0.0114047588097715));
#5630=CARTESIAN_POINT('',(-0.000600655533749755,0.,-0.0114421725262927));
#5631=CARTESIAN_POINT('',(-0.000610864221979876,0.,-0.0114837901251936));
#5632=CARTESIAN_POINT('',(-0.000623065226334691,0.,-0.011529554380719));
#5633=CARTESIAN_POINT('',(-0.000637427950958667,0.,-0.0115793997752557));
#5634=CARTESIAN_POINT('',(-0.000654120025359342,0.,-0.011633256605483));
#5635=CARTESIAN_POINT('',(-0.000673307098905638,0.,-0.0116910498490229));
#5636=CARTESIAN_POINT('',(-0.00069515272517576,0.,-0.0117526995519055));
#5637=CARTESIAN_POINT('',(-0.000719818222237335,0.,-0.0118181207854526));
#5638=CARTESIAN_POINT('',(-0.000747462541783514,0.,-0.0118872237310673));
#5639=CARTESIAN_POINT('',(-0.000778242136889981,0.,-0.0119599137333368));
#5640=CARTESIAN_POINT('',(-0.000812310834993013,0.,-0.0120360913667884));
#5641=CARTESIAN_POINT('',(-0.000849819700252214,0.,-0.012115652502208));
#5642=CARTESIAN_POINT('',(-0.000890916944481247,0.,-0.0121984883808046));
#5643=CARTESIAN_POINT('',(-0.000935747658340402,0.,-0.0122844856766757));
#5644=CARTESIAN_POINT('',(-0.000984454246339986,0.,-0.0123735266192826));
#5645=CARTESIAN_POINT('',(-0.00103717415298646,0.,-0.0124654888996668));
#5646=CARTESIAN_POINT('',(-0.00109404804334539,0.,-0.0125602464254646));
#5647=CARTESIAN_POINT('',(-0.00115518773700851,0.,-0.0126576668222401));
#5648=CARTESIAN_POINT('',(-0.00122079893343074,0.,-0.012757621462361));
#5649=CARTESIAN_POINT('',(-0.00128313547670217,0.,-0.0128488617373888));
#5650=CARTESIAN_POINT('',(-0.00132459299096717,0.,-0.0129068369274795));
#5651=CARTESIAN_POINT('',(-0.00134167050279635,0.,-0.0129305808168824));
#5652=CARTESIAN_POINT('',(-0.00225412571237238,0.,-0.0105110140934556));
#5653=CARTESIAN_POINT('',(-0.00230628048665174,0.,-0.0107532036809614));
#5654=CARTESIAN_POINT('',(-0.00236433591194399,0.,-0.0110227939475916));
#5655=CARTESIAN_POINT('',(-0.00236600834848252,0.,-0.011033765015843));
#5656=CARTESIAN_POINT('',(-0.00236813012915441,0.,-0.0110464016529568));
#5657=CARTESIAN_POINT('',(-0.00237024235270894,0.,-0.0110614957303969));
#5658=CARTESIAN_POINT('',(-0.0023727326709279,0.,-0.011081814401029));
#5659=CARTESIAN_POINT('',(-0.00237522907694265,0.,-0.0111064410908979));
#5660=CARTESIAN_POINT('',(-0.00237761205973774,0.,-0.0111356796217821));
#5661=CARTESIAN_POINT('',(-0.00237968193997632,0.,-0.0111694412850189));
#5662=CARTESIAN_POINT('',(-0.00238126347440104,0.,-0.011207751043682));
#5663=CARTESIAN_POINT('',(-0.00238217406599402,0.,-0.011250592760228));
#5664=CARTESIAN_POINT('',(-0.00238223346169595,0.,-0.0112979554888573));
#5665=CARTESIAN_POINT('',(-0.00238126107246252,0.,-0.011349819789434));
#5666=CARTESIAN_POINT('',(-0.00237907694007626,0.,-0.0114061617194299));
#5667=CARTESIAN_POINT('',(-0.00237550164231334,0.,-0.0114669516860036));
#5668=CARTESIAN_POINT('',(-0.00237035650493851,0.,-0.0115321547903319));
#5669=CARTESIAN_POINT('',(-0.00236346372550457,0.,-0.0116017307497992));
#5670=CARTESIAN_POINT('',(-0.00235464652170248,0.,-0.0116756339460285));
#5671=CARTESIAN_POINT('',(-0.00234372927284233,0.,-0.0117538134419478));
#5672=CARTESIAN_POINT('',(-0.00233053765982469,0.,-0.0118362130133952));
#5673=CARTESIAN_POINT('',(-0.00231489881525258,0.,-0.011922771177555));
#5674=CARTESIAN_POINT('',(-0.00229664142866105,0.,-0.0120134212415425));
#5675=CARTESIAN_POINT('',(-0.00227559602233229,0.,-0.0121080912931678));
#5676=CARTESIAN_POINT('',(-0.00225159456281361,0.,-0.0122067044318251));
#5677=CARTESIAN_POINT('',(-0.00222447263301872,0.,-0.0123091780893888));
#5678=CARTESIAN_POINT('',(-0.00219406172582278,0.,-0.0124154268767862));
#5679=CARTESIAN_POINT('',(-0.00216021957076909,0.,-0.0125253518711707));
#5680=CARTESIAN_POINT('',(-0.00212271418616081,0.,-0.0126388820667269));
#5681=CARTESIAN_POINT('',(-0.00208611642995091,0.,-0.0127431472893785));
#5682=CARTESIAN_POINT('',(-0.00206107662956753,0.,-0.0128098770170255));
#5683=CARTESIAN_POINT('',(-0.00205072639062523,0.,-0.0128372318383206));
#5684=CARTESIAN_POINT('',(-0.00225412571237238,0.,-0.0105110140934556));
#5685=CARTESIAN_POINT('',(-1.11084554886833E-16,0.,-4.09336908377222E-16));
#5686=CARTESIAN_POINT('',(-0.00330337691648961,0.,-0.010229868080655));
#5687=CARTESIAN_POINT('',(-0.0033033769164896,0.,-0.010229868080655));
#5688=CARTESIAN_POINT('',(-0.00337930435078796,0.,-0.0104656878031068));
#5689=CARTESIAN_POINT('',(-0.00346382201097244,0.,-0.0107281875352677));
#5690=CARTESIAN_POINT('',(-0.00346785917256959,0.,-0.0107385249773493));
#5691=CARTESIAN_POINT('',(-0.00347233997516336,0.,-0.0107505295164442));
#5692=CARTESIAN_POINT('',(-0.00347805777462669,0.,-0.0107646574827312));
#5693=CARTESIAN_POINT('',(-0.00348606043110167,0.,-0.0107834991267793));
#5694=CARTESIAN_POINT('',(-0.00349621182500914,0.,-0.0108060746688242));
#5695=CARTESIAN_POINT('',(-0.00350876736681393,0.,-0.0108325874707369));
#5696=CARTESIAN_POINT('',(-0.00352385562956294,0.,-0.0108628608688933));
#5697=CARTESIAN_POINT('',(-0.0035416408599057,0.,-0.0108968288603207));
#5698=CARTESIAN_POINT('',(-0.0035622731227267,0.,-0.0109343861709877));
#5699=CARTESIAN_POINT('',(-0.00358590304885459,0.,-0.0109754331950242));
#5700=CARTESIAN_POINT('',(-0.00361267731292151,0.,-0.0110198628022565));
#5701=CARTESIAN_POINT('',(-0.00364273979205116,0.,-0.011067564278738));
#5702=CARTESIAN_POINT('',(-0.00367623107402678,0.,-0.0111184222852046));
#5703=CARTESIAN_POINT('',(-0.00371328844586349,0.,-0.0111723172612711));
#5704=CARTESIAN_POINT('',(-0.00375404574768962,0.,-0.0112291254199455));
#5705=CARTESIAN_POINT('',(-0.00379863326828721,0.,-0.0112887188633998));
#5706=CARTESIAN_POINT('',(-0.00384717763109918,0.,-0.0113509656684909));
#5707=CARTESIAN_POINT('',(-0.00389980168881306,0.,-0.0114157299841165));
#5708=CARTESIAN_POINT('',(-0.00395662440757827,0.,-0.0114828721308979));
#5709=CARTESIAN_POINT('',(-0.00401776080016701,0.,-0.01155224869587));
#5710=CARTESIAN_POINT('',(-0.00408332168249331,0.,-0.0116237126623906));
#5711=CARTESIAN_POINT('',(-0.00415341412549307,0.,-0.0116971134158555));
#5712=CARTESIAN_POINT('',(-0.00422813923447693,0.,-0.0117722972416269));
#5713=CARTESIAN_POINT('',(-0.00430760024635943,0.,-0.0118491059370363));
#5714=CARTESIAN_POINT('',(-0.00439187090954698,0.,-0.0119273826971573));
#5715=CARTESIAN_POINT('',(-0.00448111662317459,0.,-0.0120069500383015));
#5716=CARTESIAN_POINT('',(-0.00456494382109964,0.,-0.012078947491744));
#5717=CARTESIAN_POINT('',(-0.00461999378816086,0.,-0.0121242172308823));
#5718=CARTESIAN_POINT('',(-0.0046426347686677,0.,-0.0121427320815687));
#5719=CARTESIAN_POINT('',(-0.00489776887201004,0.,-0.00956944930893986));
#5720=CARTESIAN_POINT('',(-0.00501082979322278,0.,-0.00978988783749351));
#5721=CARTESIAN_POINT('',(-0.00513668212324693,0.,-0.0100352661888106));
#5722=CARTESIAN_POINT('',(-0.00514113709430091,0.,-0.0100454305685488));
#5723=CARTESIAN_POINT('',(-0.0051464571794007,0.,-0.010057087465447));
#5724=CARTESIAN_POINT('',(-0.00515240406539266,0.,-0.0100711205409869));
#5725=CARTESIAN_POINT('',(-0.0051600683870068,0.,-0.010090102327923));
#5726=CARTESIAN_POINT('',(-0.00516885358640525,0.,-0.0101132437662624));
#5727=CARTESIAN_POINT('',(-0.00517872285967428,0.,-0.0101408692570347));
#5728=CARTESIAN_POINT('',(-0.00518946037189408,0.,-0.0101729447950668));
#5729=CARTESIAN_POINT('',(-0.00520090331199536,0.,-0.0102095398491287));
#5730=CARTESIAN_POINT('',(-0.00521287112809921,0.,-0.0102506860911365));
#5731=CARTESIAN_POINT('',(-0.00522518687613897,0.,-0.0102964196011842));
#5732=CARTESIAN_POINT('',(-0.00523767108901537,0.,-0.0103467683414265));
#5733=CARTESIAN_POINT('',(-0.00525014374365621,0.,-0.0104017557617711));
#5734=CARTESIAN_POINT('',(-0.00526242387231075,0.,-0.0104613997156168));
#5735=CARTESIAN_POINT('',(-0.00527432985644057,0.,-0.010525712737584));
#5736=CARTESIAN_POINT('',(-0.00528567952616182,0.,-0.0105947019363135));
#5737=CARTESIAN_POINT('',(-0.00529629031597183,0.,-0.0106683690024652));
#5738=CARTESIAN_POINT('',(-0.00530597940582621,0.,-0.0107467101885851));
#5739=CARTESIAN_POINT('',(-0.00531456386452093,0.,-0.0108297163034059));
#5740=CARTESIAN_POINT('',(-0.0053218608020491,0.,-0.0109173727004627));
#5741=CARTESIAN_POINT('',(-0.00532768748381953,0.,-0.0110096592977867));
#5742=CARTESIAN_POINT('',(-0.00533186159468328,0.,-0.0111065504975974));
#5743=CARTESIAN_POINT('',(-0.00533420092344741,0.,-0.0112080155098717));
#5744=CARTESIAN_POINT('',(-0.00533452528519851,0.,-0.0113140171341976));
#5745=CARTESIAN_POINT('',(-0.00533264981423457,0.,-0.0114245165039178));
#5746=CARTESIAN_POINT('',(-0.00532841148473042,0.,-0.0115394548892036));
#5747=CARTESIAN_POINT('',(-0.00532156784191655,0.,-0.0116588237449856));
#5748=CARTESIAN_POINT('',(-0.00531320294937326,0.,-0.0117690084126436));
#5749=CARTESIAN_POINT('',(-0.00530628728388738,0.,-0.0118399451571839));
#5750=CARTESIAN_POINT('',(-0.00530336966951131,0.,-0.011869046724506));
#5751=CARTESIAN_POINT('',(-0.00489776887201004,0.,-0.00956944930893986));
#5752=CARTESIAN_POINT('',(-2.13243628218428E-16,0.,-3.66638293033432E-16));
#5753=CARTESIAN_POINT('',(-0.00583850176576435,0.,-0.00902631691949527));
#5754=CARTESIAN_POINT('',(-0.00583850176576434,0.,-0.00902631691949528));
#5755=CARTESIAN_POINT('',(-0.00597287667085831,0.,-0.00923444981371761));
#5756=CARTESIAN_POINT('',(-0.00612245439162557,0.,-0.00946613030430252));
#5757=CARTESIAN_POINT('',(-0.00612902951716554,0.,-0.00947507061227747));
#5758=CARTESIAN_POINT('',(-0.00613646464345878,0.,-0.00948550638957329));
#5759=CARTESIAN_POINT('',(-0.00614564420037362,0.,-0.0094976730816857));
#5760=CARTESIAN_POINT('',(-0.0061582507492624,0.,-0.00951380147237436));
#5761=CARTESIAN_POINT('',(-0.0061738992230452,0.,-0.00953298039740043));
#5762=CARTESIAN_POINT('',(-0.00619288896321151,0.,-0.00955534018415444));
#5763=CARTESIAN_POINT('',(-0.00621529843787747,0.,-0.00958067691152629));
#5764=CARTESIAN_POINT('',(-0.00624126921429733,0.,-0.00960888431537895));
#5765=CARTESIAN_POINT('',(-0.00627091899709439,0.,-0.00963982186915659));
#5766=CARTESIAN_POINT('',(-0.00630436750458005,0.,-0.00967335437484947));
#5767=CARTESIAN_POINT('',(-0.0063417286862403,0.,-0.00970934039046788));
#5768=CARTESIAN_POINT('',(-0.00638311286182683,0.,-0.00974763573641175));
#5769=CARTESIAN_POINT('',(-0.00642862597671212,0.,-0.0097880926167112));
#5770=CARTESIAN_POINT('',(-0.00647836969546495,0.,-0.00983056001240827));
#5771=CARTESIAN_POINT('',(-0.00653244125929079,0.,-0.00987488371407619));
#5772=CARTESIAN_POINT('',(-0.00659093341509544,0.,-0.00992090646068172));
#5773=CARTESIAN_POINT('',(-0.00665393432751063,0.,-0.00996846805169509));
#5774=CARTESIAN_POINT('',(-0.00672152750226753,0.,-0.0100174054684128));
#5775=CARTESIAN_POINT('',(-0.00679379170015888,0.,-0.0100675530002105));
#5776=CARTESIAN_POINT('',(-0.00687080089698506,0.,-0.0101187423533054));
#5777=CARTESIAN_POINT('',(-0.00695262408199245,0.,-0.010170802839257));
#5778=CARTESIAN_POINT('',(-0.00703932569583519,0.,-0.0102235612635317));
#5779=CARTESIAN_POINT('',(-0.00713096361446827,0.,-0.0102768429812111));
#5780=CARTESIAN_POINT('',(-0.00722759661123009,0.,-0.0103304684605724));
#5781=CARTESIAN_POINT('',(-0.00732925533750967,0.,-0.0103842671521951));
#5782=CARTESIAN_POINT('',(-0.00743605362044447,0.,-0.0104380248115548));
#5783=CARTESIAN_POINT('',(-0.00753565878801552,0.,-0.0104858729359414));
#5784=CARTESIAN_POINT('',(-0.00760054964359213,0.,-0.0105153521662167));
#5785=CARTESIAN_POINT('',(-0.00762721114737107,0.,-0.0105273762217097));
#5786=CARTESIAN_POINT('',(-0.00720763717696597,0.,-0.0079757423682826));
#5787=CARTESIAN_POINT('',(-0.00737389933017345,0.,-0.00815940731645505));
#5788=CARTESIAN_POINT('',(-0.00755897193661914,0.,-0.00836385162332367));
#5789=CARTESIAN_POINT('',(-0.00756590584327345,0.,-0.00837251662886682));
#5790=CARTESIAN_POINT('',(-0.00757406167779344,0.,-0.00838239938728979));
#5791=CARTESIAN_POINT('',(-0.00758343795577017,0.,-0.00839441513002231));
#5792=CARTESIAN_POINT('',(-0.00759575396992739,0.,-0.00841076645585144));
#5793=CARTESIAN_POINT('',(-0.00761022926588875,0.,-0.0084308455918816));
#5794=CARTESIAN_POINT('',(-0.00762691225496819,0.,-0.00845497541099913));
#5795=CARTESIAN_POINT('',(-0.007645585655456,0.,-0.00848317892891694));
#5796=CARTESIAN_POINT('',(-0.00766611018377629,0.,-0.00851556538591964));
#5797=CARTESIAN_POINT('',(-0.00768831963750129,0.,-0.00855221210499371));
#5798=CARTESIAN_POINT('',(-0.00771205244000269,0.,-0.00859319973332826));
#5799=CARTESIAN_POINT('',(-0.00773714247651255,0.,-0.00863860172979398));
#5800=CARTESIAN_POINT('',(-0.00776342192737874,0.,-0.00868848733866175));
#5801=CARTESIAN_POINT('',(-0.00779072061197681,0.,-0.00874292064289125));
#5802=CARTESIAN_POINT('',(-0.0078188663444684,0.,-0.00880196075633257));
#5803=CARTESIAN_POINT('',(-0.00784768500210956,0.,-0.00886566169444088));
#5804=CARTESIAN_POINT('',(-0.00787700067774126,0.,-0.00893407234169736));
#5805=CARTESIAN_POINT('',(-0.00790663581084858,0.,-0.0090072363956486));
#5806=CARTESIAN_POINT('',(-0.00793641132458211,0.,-0.00908519232429184));
#5807=CARTESIAN_POINT('',(-0.00796614676997676,0.,-0.00916797331564527));
#5808=CARTESIAN_POINT('',(-0.00799566044137554,0.,-0.00925560726720891));
#5809=CARTESIAN_POINT('',(-0.00802476961067449,0.,-0.00934811664005834));
#5810=CARTESIAN_POINT('',(-0.00805329030633208,0.,-0.00944551885304187));
#5811=CARTESIAN_POINT('',(-0.00808103885491187,0.,-0.00954782460860814));
#5812=CARTESIAN_POINT('',(-0.00810782663042676,0.,-0.00965504421121354));
#5813=CARTESIAN_POINT('',(-0.00813348096162368,0.,-0.0097671631263882));
#5814=CARTESIAN_POINT('',(-0.00815776544355233,0.,-0.00988423585214068));
#5815=CARTESIAN_POINT('',(-0.00817820346827883,0.,-0.0099928310617931));
#5816=CARTESIAN_POINT('',(-0.00818988322886465,0.,-0.0100631406013147));
#5817=CARTESIAN_POINT('',(-0.00819459706965295,0.,-0.0100920056909435));
#5818=CARTESIAN_POINT('',(-0.00720763717696597,0.,-0.0079757423682826));
#5819=CARTESIAN_POINT('',(-3.00870500688695E-16,0.,-2.98953883917841E-16));
#5820=CARTESIAN_POINT('',(-0.0079757423682826,0.,-0.00720763717696596));
#5821=CARTESIAN_POINT('',(-0.0079757423682826,0.,-0.00720763717696597));
#5822=CARTESIAN_POINT('',(-0.00815940731645505,0.,-0.00737389933017345));
#5823=CARTESIAN_POINT('',(-0.00836385162332367,0.,-0.00755897193661914));
#5824=CARTESIAN_POINT('',(-0.00837251662886682,0.,-0.00756590584327344));
#5825=CARTESIAN_POINT('',(-0.00838239938728979,0.,-0.00757406167779344));
#5826=CARTESIAN_POINT('',(-0.00839441513002232,0.,-0.00758343795577017));
#5827=CARTESIAN_POINT('',(-0.00841076645585144,0.,-0.00759575396992738));
#5828=CARTESIAN_POINT('',(-0.0084308455918816,0.,-0.00761022926588875));
#5829=CARTESIAN_POINT('',(-0.00845497541099913,0.,-0.00762691225496818));
#5830=CARTESIAN_POINT('',(-0.00848317892891695,0.,-0.007645585655456));
#5831=CARTESIAN_POINT('',(-0.00851556538591964,0.,-0.00766611018377629));
#5832=CARTESIAN_POINT('',(-0.00855221210499371,0.,-0.00768831963750128));
#5833=CARTESIAN_POINT('',(-0.00859319973332827,0.,-0.00771205244000268));
#5834=CARTESIAN_POINT('',(-0.00863860172979398,0.,-0.00773714247651254));
#5835=CARTESIAN_POINT('',(-0.00868848733866175,0.,-0.00776342192737874));
#5836=CARTESIAN_POINT('',(-0.00874292064289125,0.,-0.00779072061197681));
#5837=CARTESIAN_POINT('',(-0.00880196075633257,0.,-0.00781886634446839));
#5838=CARTESIAN_POINT('',(-0.00886566169444089,0.,-0.00784768500210956));
#5839=CARTESIAN_POINT('',(-0.00893407234169737,0.,-0.00787700067774126));
#5840=CARTESIAN_POINT('',(-0.0090072363956486,0.,-0.00790663581084857));
#5841=CARTESIAN_POINT('',(-0.00908519232429184,0.,-0.00793641132458211));
#5842=CARTESIAN_POINT('',(-0.00916797331564527,0.,-0.00796614676997676));
#5843=CARTESIAN_POINT('',(-0.00925560726720891,0.,-0.00799566044137553));
#5844=CARTESIAN_POINT('',(-0.00934811664005835,0.,-0.00802476961067449));
#5845=CARTESIAN_POINT('',(-0.00944551885304187,0.,-0.00805329030633208));
#5846=CARTESIAN_POINT('',(-0.00954782460860815,0.,-0.00808103885491187));
#5847=CARTESIAN_POINT('',(-0.00965504421121355,0.,-0.00810782663042675));
#5848=CARTESIAN_POINT('',(-0.0097671631263882,0.,-0.00813348096162368));
#5849=CARTESIAN_POINT('',(-0.00988423585214068,0.,-0.00815776544355233));
#5850=CARTESIAN_POINT('',(-0.0099928310617931,0.,-0.00817820346827883));
#5851=CARTESIAN_POINT('',(-0.0100631406013147,0.,-0.00818988322886464));
#5852=CARTESIAN_POINT('',(-0.0100920056909435,0.,-0.00819459706965295));
#5853=CARTESIAN_POINT('',(-0.00902631691949528,0.,-0.00583850176576434));
#5854=CARTESIAN_POINT('',(-0.00923444981371761,0.,-0.0059728766708583));
#5855=CARTESIAN_POINT('',(-0.00946613030430252,0.,-0.00612245439162556));
#5856=CARTESIAN_POINT('',(-0.00947507061227748,0.,-0.00612902951716553));
#5857=CARTESIAN_POINT('',(-0.0094855063895733,0.,-0.00613646464345878));
#5858=CARTESIAN_POINT('',(-0.00949767308168571,0.,-0.00614564420037361));
#5859=CARTESIAN_POINT('',(-0.00951380147237436,0.,-0.0061582507492624));
#5860=CARTESIAN_POINT('',(-0.00953298039740043,0.,-0.0061738992230452));
#5861=CARTESIAN_POINT('',(-0.00955534018415445,0.,-0.00619288896321151));
#5862=CARTESIAN_POINT('',(-0.0095806769115263,0.,-0.00621529843787746));
#5863=CARTESIAN_POINT('',(-0.00960888431537895,0.,-0.00624126921429733));
#5864=CARTESIAN_POINT('',(-0.00963982186915659,0.,-0.00627091899709438));
#5865=CARTESIAN_POINT('',(-0.00967335437484947,0.,-0.00630436750458005));
#5866=CARTESIAN_POINT('',(-0.00970934039046789,0.,-0.0063417286862403));
#5867=CARTESIAN_POINT('',(-0.00974763573641175,0.,-0.00638311286182682));
#5868=CARTESIAN_POINT('',(-0.0097880926167112,0.,-0.00642862597671211));
#5869=CARTESIAN_POINT('',(-0.00983056001240828,0.,-0.00647836969546494));
#5870=CARTESIAN_POINT('',(-0.00987488371407619,0.,-0.00653244125929079));
#5871=CARTESIAN_POINT('',(-0.00992090646068173,0.,-0.00659093341509544));
#5872=CARTESIAN_POINT('',(-0.00996846805169509,0.,-0.00665393432751062));
#5873=CARTESIAN_POINT('',(-0.0100174054684129,0.,-0.00672152750226752));
#5874=CARTESIAN_POINT('',(-0.0100675530002105,0.,-0.00679379170015888));
#5875=CARTESIAN_POINT('',(-0.0101187423533054,0.,-0.00687080089698506));
#5876=CARTESIAN_POINT('',(-0.010170802839257,0.,-0.00695262408199245));
#5877=CARTESIAN_POINT('',(-0.0102235612635317,0.,-0.00703932569583518));
#5878=CARTESIAN_POINT('',(-0.0102768429812111,0.,-0.00713096361446827));
#5879=CARTESIAN_POINT('',(-0.0103304684605724,0.,-0.00722759661123009));
#5880=CARTESIAN_POINT('',(-0.0103842671521951,0.,-0.00732925533750967));
#5881=CARTESIAN_POINT('',(-0.0104380248115548,0.,-0.00743605362044447));
#5882=CARTESIAN_POINT('',(-0.0104858729359414,0.,-0.00753565878801552));
#5883=CARTESIAN_POINT('',(-0.0105153521662167,0.,-0.00760054964359213));
#5884=CARTESIAN_POINT('',(-0.0105273762217097,0.,-0.00762721114737107));
#5885=CARTESIAN_POINT('',(-0.00902631691949528,0.,-0.00583850176576434));
#5886=CARTESIAN_POINT('',(-3.67993545749039E-16,0.,-2.10896261657901E-16));
#5887=CARTESIAN_POINT('',(-0.00956944930893986,0.,-0.00489776887201004));
#5888=CARTESIAN_POINT('',(-0.00956944930893986,0.,-0.00489776887201004));
#5889=CARTESIAN_POINT('',(-0.00978988783749352,0.,-0.00501082979322278));
#5890=CARTESIAN_POINT('',(-0.0100352661888106,0.,-0.00513668212324692));
#5891=CARTESIAN_POINT('',(-0.0100454305685488,0.,-0.0051411370943009));
#5892=CARTESIAN_POINT('',(-0.010057087465447,0.,-0.0051464571794007));
#5893=CARTESIAN_POINT('',(-0.0100711205409869,0.,-0.00515240406539265));
#5894=CARTESIAN_POINT('',(-0.010090102327923,0.,-0.0051600683870068));
#5895=CARTESIAN_POINT('',(-0.0101132437662624,0.,-0.00516885358640525));
#5896=CARTESIAN_POINT('',(-0.0101408692570347,0.,-0.00517872285967428));
#5897=CARTESIAN_POINT('',(-0.0101729447950668,0.,-0.00518946037189408));
#5898=CARTESIAN_POINT('',(-0.0102095398491287,0.,-0.00520090331199535));
#5899=CARTESIAN_POINT('',(-0.0102506860911365,0.,-0.00521287112809921));
#5900=CARTESIAN_POINT('',(-0.0102964196011842,0.,-0.00522518687613896));
#5901=CARTESIAN_POINT('',(-0.0103467683414265,0.,-0.00523767108901537));
#5902=CARTESIAN_POINT('',(-0.0104017557617711,0.,-0.0052501437436562));
#5903=CARTESIAN_POINT('',(-0.0104613997156168,0.,-0.00526242387231075));
#5904=CARTESIAN_POINT('',(-0.010525712737584,0.,-0.00527432985644057));
#5905=CARTESIAN_POINT('',(-0.0105947019363135,0.,-0.00528567952616182));
#5906=CARTESIAN_POINT('',(-0.0106683690024652,0.,-0.00529629031597182));
#5907=CARTESIAN_POINT('',(-0.0107467101885851,0.,-0.00530597940582621));
#5908=CARTESIAN_POINT('',(-0.0108297163034059,0.,-0.00531456386452093));
#5909=CARTESIAN_POINT('',(-0.0109173727004627,0.,-0.00532186080204909));
#5910=CARTESIAN_POINT('',(-0.0110096592977867,0.,-0.00532768748381952));
#5911=CARTESIAN_POINT('',(-0.0111065504975974,0.,-0.00533186159468328));
#5912=CARTESIAN_POINT('',(-0.0112080155098717,0.,-0.00533420092344741));
#5913=CARTESIAN_POINT('',(-0.0113140171341976,0.,-0.00533452528519851));
#5914=CARTESIAN_POINT('',(-0.0114245165039178,0.,-0.00533264981423457));
#5915=CARTESIAN_POINT('',(-0.0115394548892036,0.,-0.00532841148473042));
#5916=CARTESIAN_POINT('',(-0.0116588237449856,0.,-0.00532156784191654));
#5917=CARTESIAN_POINT('',(-0.0117690084126436,0.,-0.00531320294937325));
#5918=CARTESIAN_POINT('',(-0.0118399451571839,0.,-0.00530628728388738));
#5919=CARTESIAN_POINT('',(-0.011869046724506,0.,-0.00530336966951131));
#5920=CARTESIAN_POINT('',(-0.010229868080655,0.,-0.00330337691648961));
#5921=CARTESIAN_POINT('',(-0.0104656878031068,0.,-0.00337930435078796));
#5922=CARTESIAN_POINT('',(-0.0107281875352677,0.,-0.00346382201097245));
#5923=CARTESIAN_POINT('',(-0.0107385249773493,0.,-0.00346785917256959));
#5924=CARTESIAN_POINT('',(-0.0107505295164442,0.,-0.00347233997516336));
#5925=CARTESIAN_POINT('',(-0.0107646574827312,0.,-0.00347805777462669));
#5926=CARTESIAN_POINT('',(-0.0107834991267793,0.,-0.00348606043110167));
#5927=CARTESIAN_POINT('',(-0.0108060746688242,0.,-0.00349621182500914));
#5928=CARTESIAN_POINT('',(-0.0108325874707369,0.,-0.00350876736681393));
#5929=CARTESIAN_POINT('',(-0.0108628608688933,0.,-0.00352385562956294));
#5930=CARTESIAN_POINT('',(-0.0108968288603207,0.,-0.0035416408599057));
#5931=CARTESIAN_POINT('',(-0.0109343861709877,0.,-0.0035622731227267));
#5932=CARTESIAN_POINT('',(-0.0109754331950242,0.,-0.0035859030488546));
#5933=CARTESIAN_POINT('',(-0.0110198628022565,0.,-0.00361267731292151));
#5934=CARTESIAN_POINT('',(-0.011067564278738,0.,-0.00364273979205116));
#5935=CARTESIAN_POINT('',(-0.0111184222852046,0.,-0.00367623107402679));
#5936=CARTESIAN_POINT('',(-0.0111723172612711,0.,-0.0037132884458635));
#5937=CARTESIAN_POINT('',(-0.0112291254199455,0.,-0.00375404574768962));
#5938=CARTESIAN_POINT('',(-0.0112887188633998,0.,-0.00379863326828722));
#5939=CARTESIAN_POINT('',(-0.0113509656684909,0.,-0.00384717763109918));
#5940=CARTESIAN_POINT('',(-0.0114157299841165,0.,-0.00389980168881307));
#5941=CARTESIAN_POINT('',(-0.0114828721308979,0.,-0.00395662440757828));
#5942=CARTESIAN_POINT('',(-0.01155224869587,0.,-0.00401776080016701));
#5943=CARTESIAN_POINT('',(-0.0116237126623906,0.,-0.00408332168249331));
#5944=CARTESIAN_POINT('',(-0.0116971134158555,0.,-0.00415341412549307));
#5945=CARTESIAN_POINT('',(-0.0117722972416269,0.,-0.00422813923447693));
#5946=CARTESIAN_POINT('',(-0.0118491059370363,0.,-0.00430760024635944));
#5947=CARTESIAN_POINT('',(-0.0119273826971573,0.,-0.00439187090954698));
#5948=CARTESIAN_POINT('',(-0.0120069500383015,0.,-0.0044811166231746));
#5949=CARTESIAN_POINT('',(-0.012078947491744,0.,-0.00456494382109964));
#5950=CARTESIAN_POINT('',(-0.0121242172308823,0.,-0.00461999378816086));
#5951=CARTESIAN_POINT('',(-0.0121427320815687,0.,-0.0046426347686677));
#5952=CARTESIAN_POINT('',(0.,-0.009,7.9602041944578E-19));
#5953=CARTESIAN_POINT('',(0.0128372318383206,-0.009,-0.00205072639062523));
#5954=CARTESIAN_POINT('',(0.0129305808168824,-0.009,-0.00134167050279635));
#5955=CARTESIAN_POINT('',(0.0107362706377744,-0.009,-0.000543132389444579));
#5956=CARTESIAN_POINT('',(0.0107362706377744,5.20417042793042E-18,-0.000543132389444579));
#5957=CARTESIAN_POINT('',(0.0108971055111574,-0.009,-0.000551131130650002));
#5958=CARTESIAN_POINT('',(0.0108971055111574,5.20417042793042E-18,-0.000551131130650002));
#5959=CARTESIAN_POINT('',(0.0111417680648232,-0.009,-0.000563330695795549));
#5960=CARTESIAN_POINT('',(0.0111417680648232,3.46944695195361E-18,-0.000563330695795549));
#5961=CARTESIAN_POINT('',(0.0112776853257077,-0.009,-0.00057040234773505));
#5962=CARTESIAN_POINT('',(0.0112776853257077,6.93889390390723E-18,-0.00057040234773505));
#5963=CARTESIAN_POINT('',(0.0112824139981698,-0.009,-0.00057177142260179));
#5964=CARTESIAN_POINT('',(0.0112824139981698,1.73472347597681E-18,-0.00057177142260179));
#5965=CARTESIAN_POINT('',(0.0113558392613345,-0.009,-0.000581484837304435));
#5966=CARTESIAN_POINT('',(0.0113558392613345,3.46944695195361E-18,-0.000581484837304435));
#5967=CARTESIAN_POINT('',(0.011466741629906,-0.009,-0.000605357439621755));
#5968=CARTESIAN_POINT('',(0.011466741629906,8.67361737988404E-18,-0.000605357439621755));
#5969=CARTESIAN_POINT('',(0.0116415828827887,-0.009,-0.000653663744164941));
#5970=CARTESIAN_POINT('',(0.0116415828827887,1.73472347597681E-18,-0.000653663744164941));
#5971=CARTESIAN_POINT('',(0.0119505280174602,-0.009,-0.000767235788166061));
#5972=CARTESIAN_POINT('',(0.0119505280174602,6.93889390390723E-18,-0.000767235788166061));
#5973=CARTESIAN_POINT('',(0.0123817951118563,-0.009,-0.000975441246322298));
#5974=CARTESIAN_POINT('',(0.0123817951118563,3.46944695195361E-18,-0.000975441246322298));
#5975=CARTESIAN_POINT('',(0.0127466978945742,-0.009,-0.00120941488419816));
#5976=CARTESIAN_POINT('',(0.0127466978945742,5.20417042793042E-18,-0.00120941488419816));
#5977=CARTESIAN_POINT('',(0.0129305808168824,-0.009,-0.00134167050279635));
#5978=CARTESIAN_POINT('',(0.0129305808168824,5.20417042793042E-18,-0.00134167050279635));
#5979=CARTESIAN_POINT('',(0.0107362706377744,-0.009,-0.000543132389444584));
#5980=CARTESIAN_POINT('',(0.0107362706377744,-0.009,0.000543132389444579));
#5981=CARTESIAN_POINT('',(0.0107362706377744,5.20417042793042E-18,0.000543132389444579));
#5982=CARTESIAN_POINT('',(0.0108971055111574,-0.009,0.000551131130650002));
#5983=CARTESIAN_POINT('',(0.0108971055111574,5.20417042793042E-18,0.000551131130650002));
#5984=CARTESIAN_POINT('',(0.0111417680648232,-0.009,0.000563330695795549));
#5985=CARTESIAN_POINT('',(0.0111417680648232,3.46944695195361E-18,0.000563330695795549));
#5986=CARTESIAN_POINT('',(0.0112776853257077,-0.009,0.000570402347735049));
#5987=CARTESIAN_POINT('',(0.0112776853257077,6.93889390390723E-18,0.000570402347735049));
#5988=CARTESIAN_POINT('',(0.0112824139981698,-0.009,0.00057177142260179));
#5989=CARTESIAN_POINT('',(0.0112824139981698,1.73472347597681E-18,0.00057177142260179));
#5990=CARTESIAN_POINT('',(0.0113558392613345,-0.009,0.000581484837304434));
#5991=CARTESIAN_POINT('',(0.0113558392613345,3.46944695195361E-18,0.000581484837304434));
#5992=CARTESIAN_POINT('',(0.011466741629906,-0.009,0.000605357439621755));
#5993=CARTESIAN_POINT('',(0.011466741629906,8.67361737988404E-18,0.000605357439621755));
#5994=CARTESIAN_POINT('',(0.0116415828827888,-0.009,0.000653663744164941));
#5995=CARTESIAN_POINT('',(0.0116415828827888,1.73472347597681E-18,0.000653663744164941));
#5996=CARTESIAN_POINT('',(0.0119505280174602,-0.009,0.000767235788166061));
#5997=CARTESIAN_POINT('',(0.0119505280174602,6.93889390390723E-18,0.000767235788166061));
#5998=CARTESIAN_POINT('',(0.0123817951118563,-0.009,0.000975441246322298));
#5999=CARTESIAN_POINT('',(0.0123817951118563,3.46944695195361E-18,0.000975441246322298));
#6000=CARTESIAN_POINT('',(0.0127466978945742,-0.009,0.00120941488419816));
#6001=CARTESIAN_POINT('',(0.0127466978945742,5.20417042793042E-18,0.00120941488419816));
#6002=CARTESIAN_POINT('',(0.0129305808168824,-0.009,0.00134167050279635));
#6003=CARTESIAN_POINT('',(0.0129305808168824,5.20417042793042E-18,0.00134167050279635));
#6004=CARTESIAN_POINT('',(0.0107362706377744,-0.009,0.000543132389444582));
#6005=CARTESIAN_POINT('',(4.2413988987633E-16,-0.009,-1.35525271560688E-18));
#6006=CARTESIAN_POINT('',(-0.0033033769164896,-0.009,-0.010229868080655));
#6007=CARTESIAN_POINT('',(-0.0033033769164896,5.20417042793042E-18,-0.010229868080655));
#6008=CARTESIAN_POINT('',(-0.00335273023554592,-0.009,-0.0103831524120628));
#6009=CARTESIAN_POINT('',(-0.00335273023554592,5.20417042793042E-18,-0.0103831524120628));
#6010=CARTESIAN_POINT('',(-0.00342783743910162,-0.009,-0.0106163208115728));
#6011=CARTESIAN_POINT('',(-0.00342783743910162,3.46944695195361E-18,-0.0106163208115728));
#6012=CARTESIAN_POINT('',(-0.00346984610601957,-0.009,-0.0107457765258972));
#6013=CARTESIAN_POINT('',(-0.00346984610601957,6.93889390390723E-18,-0.0107457765258972));
#6014=CARTESIAN_POINT('',(-0.00347239240128274,-0.009,-0.0107499897301028));
#6015=CARTESIAN_POINT('',(-0.00347239240128274,1.73472347597681E-18,-0.0107499897301028));
#6016=CARTESIAN_POINT('',(-0.00350077869590416,-0.009,-0.0108183990713776));
#6017=CARTESIAN_POINT('',(-0.00350077869590416,3.46944695195361E-18,-0.0108183990713776));
#6018=CARTESIAN_POINT('',(-0.00355254150415648,-0.009,-0.0109193438492416));
#6019=CARTESIAN_POINT('',(-0.00355254150415648,8.67361737988404E-18,-0.0109193438492416));
#6020=CARTESIAN_POINT('',(-0.00364445405740296,-0.009,-0.0110757249392875));
#6021=CARTESIAN_POINT('',(-0.00364445405740296,1.73472347597681E-18,-0.0110757249392875));
#6022=CARTESIAN_POINT('',(-0.0038341171125928,-0.009,-0.0113447484157942));
#6023=CARTESIAN_POINT('',(-0.0038341171125928,6.93889390390723E-18,-0.0113447484157942));
#6024=CARTESIAN_POINT('',(-0.00414684827935603,-0.009,-0.011707432902435));
#6025=CARTESIAN_POINT('',(-0.00414684827935603,3.46944695195361E-18,-0.011707432902435));
#6026=CARTESIAN_POINT('',(-0.00446729324862938,-0.009,-0.0119993450908128));
#6027=CARTESIAN_POINT('',(-0.00446729324862938,5.20417042793042E-18,-0.0119993450908128));
#6028=CARTESIAN_POINT('',(-0.0046426347686677,-0.009,-0.0121427320815687));
#6029=CARTESIAN_POINT('',(-0.0046426347686677,5.20417042793042E-18,-0.0121427320815687));
#6030=CARTESIAN_POINT('',(-0.00330337691648961,-0.009,-0.010229868080655));
#6031=CARTESIAN_POINT('',(-0.00225412571237238,-0.009,-0.0105110140934556));
#6032=CARTESIAN_POINT('',(-0.00225412571237238,5.20417042793042E-18,-0.0105110140934556));
#6033=CARTESIAN_POINT('',(-0.00228802665001245,-0.009,-0.010668438877985));
#6034=CARTESIAN_POINT('',(-0.00228802665001245,5.20417042793042E-18,-0.010668438877985));
#6035=CARTESIAN_POINT('',(-0.002339566103481,-0.009,-0.0109079222370983));
#6036=CARTESIAN_POINT('',(-0.002339566103481,3.46944695195361E-18,-0.0109079222370983));
#6037=CARTESIAN_POINT('',(-0.00236791338791316,-0.009,-0.0110410385078273));
#6038=CARTESIAN_POINT('',(-0.00236791338791316,6.93889390390723E-18,-0.0110410385078273));
#6039=CARTESIAN_POINT('',(-0.00236781483363252,-0.009,-0.0110459603973322));
#6040=CARTESIAN_POINT('',(-0.00236781483363252,1.73472347597681E-18,-0.0110459603973322));
#6041=CARTESIAN_POINT('',(-0.00237743625200846,-0.009,-0.0111193977720431));
#6042=CARTESIAN_POINT('',(-0.00237743625200846,3.46944695195361E-18,-0.0111193977720431));
#6043=CARTESIAN_POINT('',(-0.00238308073402272,-0.009,-0.0112326999181788));
#6044=CARTESIAN_POINT('',(-0.00238308073402272,8.67361737988404E-18,-0.0112326999181788));
#6045=CARTESIAN_POINT('',(-0.00238167267300751,-0.009,-0.0114140861914533));
#6046=CARTESIAN_POINT('',(-0.00238167267300751,1.73472347597681E-18,-0.0114140861914533));
#6047=CARTESIAN_POINT('',(-0.00235193138730711,-0.009,-0.0117418988839175));
#6048=CARTESIAN_POINT('',(-0.00235193138730711,6.93889390390723E-18,-0.0117418988839175));
#6049=CARTESIAN_POINT('',(-0.0022624404956554,-0.009,-0.0122123584462885));
#6050=CARTESIAN_POINT('',(-0.0022624404956554,3.46944695195361E-18,-0.0122123584462885));
#6051=CARTESIAN_POINT('',(-0.00213088310593861,-0.009,-0.0126253843017346));
#6052=CARTESIAN_POINT('',(-0.00213088310593861,5.20417042793042E-18,-0.0126253843017346));
#6053=CARTESIAN_POINT('',(-0.00205072639062523,-0.009,-0.0128372318383206));
#6054=CARTESIAN_POINT('',(-0.00205072639062523,5.20417042793042E-18,-0.0128372318383206));
#6055=CARTESIAN_POINT('',(-0.00225412571237238,-0.009,-0.0105110140934556));
#6056=CARTESIAN_POINT('',(-1.11084554886833E-16,-0.009,-4.09336908377222E-16));
#6057=CARTESIAN_POINT('',(-0.000543132389444581,-0.009,-0.0107362706377744));
#6058=CARTESIAN_POINT('',(-0.000543132389444581,5.20417042793042E-18,-0.0107362706377744));
#6059=CARTESIAN_POINT('',(-0.000551131130650004,-0.009,-0.0108971055111574));
#6060=CARTESIAN_POINT('',(-0.000551131130650004,5.20417042793042E-18,-0.0108971055111574));
#6061=CARTESIAN_POINT('',(-0.000563330695795551,-0.009,-0.0111417680648232));
#6062=CARTESIAN_POINT('',(-0.000563330695795551,3.46944695195361E-18,-0.0111417680648232));
#6063=CARTESIAN_POINT('',(-0.000570402347735052,-0.009,-0.0112776853257077));
#6064=CARTESIAN_POINT('',(-0.000570402347735052,6.93889390390723E-18,-0.0112776853257077));
#6065=CARTESIAN_POINT('',(-0.000571771422601792,-0.009,-0.0112824139981698));
#6066=CARTESIAN_POINT('',(-0.000571771422601792,1.73472347597681E-18,-0.0112824139981698));
#6067=CARTESIAN_POINT('',(-0.000581484837304437,-0.009,-0.0113558392613345));
#6068=CARTESIAN_POINT('',(-0.000581484837304437,3.46944695195361E-18,-0.0113558392613345));
#6069=CARTESIAN_POINT('',(-0.000605357439621757,-0.009,-0.011466741629906));
#6070=CARTESIAN_POINT('',(-0.000605357439621757,8.67361737988404E-18,-0.011466741629906));
#6071=CARTESIAN_POINT('',(-0.000653663744164944,-0.009,-0.0116415828827887));
#6072=CARTESIAN_POINT('',(-0.000653663744164944,1.73472347597681E-18,-0.0116415828827887));
#6073=CARTESIAN_POINT('',(-0.000767235788166062,-0.009,-0.0119505280174602));
#6074=CARTESIAN_POINT('',(-0.000767235788166062,6.93889390390723E-18,-0.0119505280174602));
#6075=CARTESIAN_POINT('',(-0.000975441246322308,-0.009,-0.0123817951118563));
#6076=CARTESIAN_POINT('',(-0.000975441246322308,3.46944695195361E-18,-0.0123817951118563));
#6077=CARTESIAN_POINT('',(-0.00120941488419815,-0.009,-0.0127466978945742));
#6078=CARTESIAN_POINT('',(-0.00120941488419815,5.20417042793042E-18,-0.0127466978945742));
#6079=CARTESIAN_POINT('',(-0.00134167050279635,-0.009,-0.0129305808168824));
#6080=CARTESIAN_POINT('',(-0.00134167050279635,5.20417042793042E-18,-0.0129305808168824));
#6081=CARTESIAN_POINT('',(-0.000543132389444586,-0.009,-0.0107362706377744));
#6082=CARTESIAN_POINT('',(0.000543132389444578,-0.009,-0.0107362706377744));
#6083=CARTESIAN_POINT('',(0.000543132389444578,5.20417042793042E-18,-0.0107362706377744));
#6084=CARTESIAN_POINT('',(0.000551131130650001,-0.009,-0.0108971055111574));
#6085=CARTESIAN_POINT('',(0.000551131130650001,5.20417042793042E-18,-0.0108971055111574));
#6086=CARTESIAN_POINT('',(0.000563330695795546,-0.009,-0.0111417680648232));
#6087=CARTESIAN_POINT('',(0.000563330695795546,3.46944695195361E-18,-0.0111417680648232));
#6088=CARTESIAN_POINT('',(0.000570402347735048,-0.009,-0.0112776853257077));
#6089=CARTESIAN_POINT('',(0.000570402347735048,6.93889390390723E-18,-0.0112776853257077));
#6090=CARTESIAN_POINT('',(0.000571771422601788,-0.009,-0.0112824139981698));
#6091=CARTESIAN_POINT('',(0.000571771422601788,1.73472347597681E-18,-0.0112824139981698));
#6092=CARTESIAN_POINT('',(0.000581484837304432,-0.009,-0.0113558392613345));
#6093=CARTESIAN_POINT('',(0.000581484837304432,3.46944695195361E-18,-0.0113558392613345));
#6094=CARTESIAN_POINT('',(0.000605357439621753,-0.009,-0.011466741629906));
#6095=CARTESIAN_POINT('',(0.000605357439621753,8.67361737988404E-18,-0.011466741629906));
#6096=CARTESIAN_POINT('',(0.00065366374416494,-0.009,-0.0116415828827888));
#6097=CARTESIAN_POINT('',(0.00065366374416494,1.73472347597681E-18,-0.0116415828827888));
#6098=CARTESIAN_POINT('',(0.000767235788166057,-0.009,-0.0119505280174602));
#6099=CARTESIAN_POINT('',(0.000767235788166057,6.93889390390723E-18,-0.0119505280174602));
#6100=CARTESIAN_POINT('',(0.000975441246322304,-0.009,-0.0123817951118563));
#6101=CARTESIAN_POINT('',(0.000975441246322304,3.46944695195361E-18,-0.0123817951118563));
#6102=CARTESIAN_POINT('',(0.00120941488419814,-0.009,-0.0127466978945742));
#6103=CARTESIAN_POINT('',(0.00120941488419814,5.20417042793042E-18,-0.0127466978945742));
#6104=CARTESIAN_POINT('',(0.00134167050279635,-0.009,-0.0129305808168824));
#6105=CARTESIAN_POINT('',(0.00134167050279635,5.20417042793042E-18,-0.0129305808168824));
#6106=CARTESIAN_POINT('',(0.00054313238944458,-0.009,-0.0107362706377744));
#6107=CARTESIAN_POINT('',(-1.35525271560696E-18,-0.009,-4.2413988987633E-16));
#6108=CARTESIAN_POINT('',(0.00225412571237238,-0.009,-0.0105110140934556));
#6109=CARTESIAN_POINT('',(0.00225412571237238,5.20417042793042E-18,-0.0105110140934556));
#6110=CARTESIAN_POINT('',(0.00228802665001245,-0.009,-0.010668438877985));
#6111=CARTESIAN_POINT('',(0.00228802665001245,5.20417042793042E-18,-0.010668438877985));
#6112=CARTESIAN_POINT('',(0.002339566103481,-0.009,-0.0109079222370983));
#6113=CARTESIAN_POINT('',(0.002339566103481,3.46944695195361E-18,-0.0109079222370983));
#6114=CARTESIAN_POINT('',(0.00236791338791316,-0.009,-0.0110410385078273));
#6115=CARTESIAN_POINT('',(0.00236791338791316,6.93889390390723E-18,-0.0110410385078273));
#6116=CARTESIAN_POINT('',(0.00236781483363251,-0.009,-0.0110459603973322));
#6117=CARTESIAN_POINT('',(0.00236781483363251,1.73472347597681E-18,-0.0110459603973322));
#6118=CARTESIAN_POINT('',(0.00237743625200846,-0.009,-0.0111193977720431));
#6119=CARTESIAN_POINT('',(0.00237743625200846,3.46944695195361E-18,-0.0111193977720431));
#6120=CARTESIAN_POINT('',(0.00238308073402272,-0.009,-0.0112326999181789));
#6121=CARTESIAN_POINT('',(0.00238308073402272,8.67361737988404E-18,-0.0112326999181789));
#6122=CARTESIAN_POINT('',(0.0023816726730075,-0.009,-0.0114140861914533));
#6123=CARTESIAN_POINT('',(0.0023816726730075,1.73472347597681E-18,-0.0114140861914533));
#6124=CARTESIAN_POINT('',(0.00235193138730711,-0.009,-0.0117418988839175));
#6125=CARTESIAN_POINT('',(0.00235193138730711,6.93889390390723E-18,-0.0117418988839175));
#6126=CARTESIAN_POINT('',(0.0022624404956554,-0.009,-0.0122123584462885));
#6127=CARTESIAN_POINT('',(0.0022624404956554,3.46944695195361E-18,-0.0122123584462885));
#6128=CARTESIAN_POINT('',(0.00213088310593861,-0.009,-0.0126253843017346));
#6129=CARTESIAN_POINT('',(0.00213088310593861,5.20417042793042E-18,-0.0126253843017346));
#6130=CARTESIAN_POINT('',(0.00205072639062522,-0.009,-0.0128372318383206));
#6131=CARTESIAN_POINT('',(0.00205072639062522,5.20417042793042E-18,-0.0128372318383206));
#6132=CARTESIAN_POINT('',(0.00225412571237237,-0.009,-0.0105110140934556));
#6133=CARTESIAN_POINT('',(0.0033033769164896,-0.009,-0.010229868080655));
#6134=CARTESIAN_POINT('',(0.0033033769164896,5.20417042793042E-18,-0.010229868080655));
#6135=CARTESIAN_POINT('',(0.00335273023554591,-0.009,-0.0103831524120628));
#6136=CARTESIAN_POINT('',(0.00335273023554591,5.20417042793042E-18,-0.0103831524120628));
#6137=CARTESIAN_POINT('',(0.00342783743910162,-0.009,-0.0106163208115728));
#6138=CARTESIAN_POINT('',(0.00342783743910162,3.46944695195361E-18,-0.0106163208115728));
#6139=CARTESIAN_POINT('',(0.00346984610601956,-0.009,-0.0107457765258972));
#6140=CARTESIAN_POINT('',(0.00346984610601956,6.93889390390723E-18,-0.0107457765258972));
#6141=CARTESIAN_POINT('',(0.00347239240128273,-0.009,-0.0107499897301028));
#6142=CARTESIAN_POINT('',(0.00347239240128273,1.73472347597681E-18,-0.0107499897301028));
#6143=CARTESIAN_POINT('',(0.00350077869590416,-0.009,-0.0108183990713776));
#6144=CARTESIAN_POINT('',(0.00350077869590416,3.46944695195361E-18,-0.0108183990713776));
#6145=CARTESIAN_POINT('',(0.00355254150415648,-0.009,-0.0109193438492417));
#6146=CARTESIAN_POINT('',(0.00355254150415648,8.67361737988404E-18,-0.0109193438492417));
#6147=CARTESIAN_POINT('',(0.00364445405740296,-0.009,-0.0110757249392875));
#6148=CARTESIAN_POINT('',(0.00364445405740296,1.73472347597681E-18,-0.0110757249392875));
#6149=CARTESIAN_POINT('',(0.0038341171125928,-0.009,-0.0113447484157943));
#6150=CARTESIAN_POINT('',(0.0038341171125928,6.93889390390723E-18,-0.0113447484157943));
#6151=CARTESIAN_POINT('',(0.00414684827935602,-0.009,-0.011707432902435));
#6152=CARTESIAN_POINT('',(0.00414684827935602,3.46944695195361E-18,-0.011707432902435));
#6153=CARTESIAN_POINT('',(0.00446729324862938,-0.009,-0.0119993450908128));
#6154=CARTESIAN_POINT('',(0.00446729324862938,5.20417042793042E-18,-0.0119993450908128));
#6155=CARTESIAN_POINT('',(0.0046426347686677,-0.009,-0.0121427320815687));
#6156=CARTESIAN_POINT('',(0.0046426347686677,5.20417042793042E-18,-0.0121427320815687));
#6157=CARTESIAN_POINT('',(0.0033033769164896,-0.009,-0.010229868080655));
#6158=CARTESIAN_POINT('',(1.08466407688527E-16,-0.009,-4.10038438804674E-16));
#6159=CARTESIAN_POINT('',(0.00489776887201004,-0.009,-0.00956944930893986));
#6160=CARTESIAN_POINT('',(0.00489776887201004,5.20417042793042E-18,-0.00956944930893986));
#6161=CARTESIAN_POINT('',(0.00497125919561938,-0.009,-0.00971273576570676));
#6162=CARTESIAN_POINT('',(0.00497125919561938,5.20417042793042E-18,-0.00971273576570676));
#6163=CARTESIAN_POINT('',(0.00508302533912111,-0.009,-0.00993071953510889));
#6164=CARTESIAN_POINT('',(0.00508302533912111,3.46944695195361E-18,-0.00993071953510889));
#6165=CARTESIAN_POINT('',(0.00514485973933698,-0.009,-0.0100519631618173));
#6166=CARTESIAN_POINT('',(0.00514485973933698,6.93889390390723E-18,-0.0100519631618173));
#6167=CARTESIAN_POINT('',(0.0051460384219538,-0.009,-0.0100567428497291));
#6168=CARTESIAN_POINT('',(0.0051460384219538,1.73472347597681E-18,-0.0100567428497291));
#6169=CARTESIAN_POINT('',(0.00517433898964616,-0.009,-0.0101251877002606));
#6170=CARTESIAN_POINT('',(0.00517433898964616,3.46944695195361E-18,-0.0101251877002606));
#6171=CARTESIAN_POINT('',(0.00520911589387067,-0.009,-0.0102331682699421));
#6172=CARTESIAN_POINT('',(0.00520911589387067,8.67361737988404E-18,-0.0102331682699421));
#6173=CARTESIAN_POINT('',(0.00525470203341469,-0.009,-0.0104087383888396));
#6174=CARTESIAN_POINT('',(0.00525470203341469,1.73472347597681E-18,-0.0104087383888396));
#6175=CARTESIAN_POINT('',(0.0053108183254857,-0.009,-0.0107330787458412));
#6176=CARTESIAN_POINT('',(0.0053108183254857,6.93889390390723E-18,-0.0107330787458412));
#6177=CARTESIAN_POINT('',(0.0053461406567139,-0.009,-0.0112106697344827));
#6178=CARTESIAN_POINT('',(0.0053461406567139,3.46944695195361E-18,-0.0112106697344827));
#6179=CARTESIAN_POINT('',(0.00532596493385648,-0.009,-0.011643671633166));
#6180=CARTESIAN_POINT('',(0.00532596493385648,5.20417042793042E-18,-0.011643671633166));
#6181=CARTESIAN_POINT('',(0.00530336966951131,-0.009,-0.011869046724506));
#6182=CARTESIAN_POINT('',(0.00530336966951131,5.20417042793042E-18,-0.011869046724506));
#6183=CARTESIAN_POINT('',(0.00489776887201004,-0.009,-0.00956944930893986));
#6184=CARTESIAN_POINT('',(0.00583850176576434,-0.009,-0.00902631691949528));
#6185=CARTESIAN_POINT('',(0.00583850176576434,5.20417042793042E-18,-0.00902631691949528));
#6186=CARTESIAN_POINT('',(0.00592584631553806,-0.009,-0.00916160463505675));
#6187=CARTESIAN_POINT('',(0.00592584631553806,5.20417042793042E-18,-0.00916160463505675));
#6188=CARTESIAN_POINT('',(0.00605874272570213,-0.009,-0.00936738883931333));
#6189=CARTESIAN_POINT('',(0.00605874272570213,3.46944695195361E-18,-0.00936738883931333));
#6190=CARTESIAN_POINT('',(0.00613282558637066,-0.009,-0.00948156081408229));
#6191=CARTESIAN_POINT('',(0.00613282558637066,6.93889390390723E-18,-0.00948156081408229));
#6192=CARTESIAN_POINT('',(0.00613637557621603,-0.009,-0.00948497142712733));
#6193=CARTESIAN_POINT('',(0.00613637557621603,1.73472347597681E-18,-0.00948497142712733));
#6194=CARTESIAN_POINT('',(0.00618150027168836,-0.009,-0.00954370286295618));
#6195=CARTESIAN_POINT('',(0.00618150027168836,3.46944695195361E-18,-0.00954370286295618));
#6196=CARTESIAN_POINT('',(0.00625762573603536,-0.009,-0.00962781083032033));
#6197=CARTESIAN_POINT('',(0.00625762573603536,8.67361737988404E-18,-0.00962781083032033));
#6198=CARTESIAN_POINT('',(0.00638688084937407,-0.009,-0.00975507464467467));
#6199=CARTESIAN_POINT('',(0.00638688084937407,1.73472347597681E-18,-0.00975507464467467));
#6200=CARTESIAN_POINT('',(0.00663970969197447,-0.009,-0.00996584295767516));
#6201=CARTESIAN_POINT('',(0.00663970969197447,6.93889390390723E-18,-0.00996584295767516));
#6202=CARTESIAN_POINT('',(0.00703565445514243,-0.009,-0.0102352284881605));
#6203=CARTESIAN_POINT('',(0.00703565445514243,3.46944695195361E-18,-0.0102352284881605));
#6204=CARTESIAN_POINT('',(0.0074207329607177,-0.009,-0.0104342567489676));
#6205=CARTESIAN_POINT('',(0.0074207329607177,5.20417042793042E-18,-0.0104342567489676));
#6206=CARTESIAN_POINT('',(0.00762721114737107,-0.009,-0.0105273762217097));
#6207=CARTESIAN_POINT('',(0.00762721114737107,5.20417042793042E-18,-0.0105273762217097));
#6208=CARTESIAN_POINT('',(0.00583850176576434,-0.009,-0.00902631691949528));
#6209=CARTESIAN_POINT('',(2.10896261657901E-16,-0.009,-3.67993545749039E-16));
#6210=CARTESIAN_POINT('',(0.00902631691949528,-0.009,-0.00583850176576434));
#6211=CARTESIAN_POINT('',(0.00902631691949528,5.20417042793042E-18,-0.00583850176576434));
#6212=CARTESIAN_POINT('',(0.00916160463505675,-0.009,-0.00592584631553807));
#6213=CARTESIAN_POINT('',(0.00916160463505675,5.20417042793042E-18,-0.00592584631553807));
#6214=CARTESIAN_POINT('',(0.00936738883931333,-0.009,-0.00605874272570214));
#6215=CARTESIAN_POINT('',(0.00936738883931333,3.46944695195361E-18,-0.00605874272570214));
#6216=CARTESIAN_POINT('',(0.00948156081408228,-0.009,-0.00613282558637068));
#6217=CARTESIAN_POINT('',(0.00948156081408228,6.93889390390723E-18,-0.00613282558637068));
#6218=CARTESIAN_POINT('',(0.00948497142712732,-0.009,-0.00613637557621603));
#6219=CARTESIAN_POINT('',(0.00948497142712732,1.73472347597681E-18,-0.00613637557621603));
#6220=CARTESIAN_POINT('',(0.00954370286295618,-0.009,-0.00618150027168836));
#6221=CARTESIAN_POINT('',(0.00954370286295618,3.46944695195361E-18,-0.00618150027168836));
#6222=CARTESIAN_POINT('',(0.00962781083032033,-0.009,-0.00625762573603537));
#6223=CARTESIAN_POINT('',(0.00962781083032033,8.67361737988404E-18,-0.00625762573603537));
#6224=CARTESIAN_POINT('',(0.00975507464467467,-0.009,-0.00638688084937408));
#6225=CARTESIAN_POINT('',(0.00975507464467467,1.73472347597681E-18,-0.00638688084937408));
#6226=CARTESIAN_POINT('',(0.00996584295767514,-0.009,-0.00663970969197447));
#6227=CARTESIAN_POINT('',(0.00996584295767514,6.93889390390723E-18,-0.00663970969197447));
#6228=CARTESIAN_POINT('',(0.0102352284881605,-0.009,-0.00703565445514244));
#6229=CARTESIAN_POINT('',(0.0102352284881605,3.46944695195361E-18,-0.00703565445514244));
#6230=CARTESIAN_POINT('',(0.0104342567489676,-0.009,-0.0074207329607177));
#6231=CARTESIAN_POINT('',(0.0104342567489676,5.20417042793042E-18,-0.0074207329607177));
#6232=CARTESIAN_POINT('',(0.0105273762217097,-0.009,-0.00762721114737107));
#6233=CARTESIAN_POINT('',(0.0105273762217097,5.20417042793042E-18,-0.00762721114737107));
#6234=CARTESIAN_POINT('',(0.00902631691949527,-0.009,-0.00583850176576435));
#6235=CARTESIAN_POINT('',(0.00956944930893986,-0.009,-0.00489776887201004));
#6236=CARTESIAN_POINT('',(0.00956944930893986,5.20417042793042E-18,-0.00489776887201004));
#6237=CARTESIAN_POINT('',(0.00971273576570675,-0.009,-0.00497125919561938));
#6238=CARTESIAN_POINT('',(0.00971273576570675,5.20417042793042E-18,-0.00497125919561938));
#6239=CARTESIAN_POINT('',(0.00993071953510888,-0.009,-0.00508302533912112));
#6240=CARTESIAN_POINT('',(0.00993071953510888,3.46944695195361E-18,-0.00508302533912112));
#6241=CARTESIAN_POINT('',(0.0100519631618173,-0.009,-0.005144859739337));
#6242=CARTESIAN_POINT('',(0.0100519631618173,6.93889390390723E-18,-0.005144859739337));
#6243=CARTESIAN_POINT('',(0.0100567428497291,-0.009,-0.0051460384219538));
#6244=CARTESIAN_POINT('',(0.0100567428497291,1.73472347597681E-18,-0.0051460384219538));
#6245=CARTESIAN_POINT('',(0.0101251877002606,-0.009,-0.00517433898964616));
#6246=CARTESIAN_POINT('',(0.0101251877002606,3.46944695195361E-18,-0.00517433898964616));
#6247=CARTESIAN_POINT('',(0.0102331682699421,-0.009,-0.00520911589387068));
#6248=CARTESIAN_POINT('',(0.0102331682699421,8.67361737988404E-18,-0.00520911589387068));
#6249=CARTESIAN_POINT('',(0.0104087383888396,-0.009,-0.00525470203341469));
#6250=CARTESIAN_POINT('',(0.0104087383888396,1.73472347597681E-18,-0.00525470203341469));
#6251=CARTESIAN_POINT('',(0.0107330787458412,-0.009,-0.00531081832548571));
#6252=CARTESIAN_POINT('',(0.0107330787458412,6.93889390390723E-18,-0.00531081832548571));
#6253=CARTESIAN_POINT('',(0.0112106697344827,-0.009,-0.0053461406567139));
#6254=CARTESIAN_POINT('',(0.0112106697344827,3.46944695195361E-18,-0.0053461406567139));
#6255=CARTESIAN_POINT('',(0.011643671633166,-0.009,-0.00532596493385648));
#6256=CARTESIAN_POINT('',(0.011643671633166,5.20417042793042E-18,-0.00532596493385648));
#6257=CARTESIAN_POINT('',(0.011869046724506,-0.009,-0.00530336966951131));
#6258=CARTESIAN_POINT('',(0.011869046724506,5.20417042793042E-18,-0.00530336966951131));
#6259=CARTESIAN_POINT('',(0.00956944930893986,-0.009,-0.00489776887201004));
#6260=CARTESIAN_POINT('',(3.66638293033432E-16,-0.009,-2.13243628218428E-16));
#6261=CARTESIAN_POINT('',(0.00720763717696597,-0.009,-0.0079757423682826));
#6262=CARTESIAN_POINT('',(0.00720763717696597,5.20417042793042E-18,-0.0079757423682826));
#6263=CARTESIAN_POINT('',(0.0073157086424391,-0.009,-0.00809512576205036));
#6264=CARTESIAN_POINT('',(0.0073157086424391,5.20417042793042E-18,-0.00809512576205036));
#6265=CARTESIAN_POINT('',(0.00748008479799666,-0.009,-0.0082767547080918));
#6266=CARTESIAN_POINT('',(0.00748008479799666,3.46944695195361E-18,-0.0082767547080918));
#6267=CARTESIAN_POINT('',(0.00757119240180771,-0.009,-0.00837786313798409));
#6268=CARTESIAN_POINT('',(0.00757119240180771,6.93889390390723E-18,-0.00837786313798409));
#6269=CARTESIAN_POINT('',(0.0075735679960495,-0.009,-0.00838217489647031));
#6270=CARTESIAN_POINT('',(0.0075735679960495,1.73472347597681E-18,-0.00838217489647031));
#6271=CARTESIAN_POINT('',(0.00761861907613895,-0.009,-0.00844096281936919));
#6272=CARTESIAN_POINT('',(0.00761861907613895,3.46944695195361E-18,-0.00844096281936919));
#6273=CARTESIAN_POINT('',(0.00768015841402236,-0.009,-0.00853626311521891));
#6274=CARTESIAN_POINT('',(0.00768015841402236,8.67361737988404E-18,-0.00853626311521891));
#6275=CARTESIAN_POINT('',(0.00776963213405036,-0.009,-0.00869405226627999));
#6276=CARTESIAN_POINT('',(0.00776963213405036,1.73472347597681E-18,-0.00869405226627999));
#6277=CARTESIAN_POINT('',(0.00790778177132467,-0.009,-0.00899281702848713));
#6278=CARTESIAN_POINT('',(0.00790778177132467,6.93889390390723E-18,-0.00899281702848713));
#6279=CARTESIAN_POINT('',(0.00806551016693251,-0.009,-0.00944499240677967));
#6280=CARTESIAN_POINT('',(0.00806551016693251,3.46944695195361E-18,-0.00944499240677967));
#6281=CARTESIAN_POINT('',(0.00815809105310523,-0.009,-0.00986846198487402));
#6282=CARTESIAN_POINT('',(0.00815809105310523,5.20417042793042E-18,-0.00986846198487402));
#6283=CARTESIAN_POINT('',(0.00819459706965294,-0.009,-0.0100920056909435));
#6284=CARTESIAN_POINT('',(0.00819459706965294,5.20417042793042E-18,-0.0100920056909435));
#6285=CARTESIAN_POINT('',(0.00720763717696596,-0.009,-0.0079757423682826));
#6286=CARTESIAN_POINT('',(0.0079757423682826,-0.009,-0.00720763717696597));
#6287=CARTESIAN_POINT('',(0.0079757423682826,5.20417042793042E-18,-0.00720763717696597));
#6288=CARTESIAN_POINT('',(0.00809512576205035,-0.009,-0.0073157086424391));
#6289=CARTESIAN_POINT('',(0.00809512576205035,5.20417042793042E-18,-0.0073157086424391));
#6290=CARTESIAN_POINT('',(0.00827675470809179,-0.009,-0.00748008479799666));
#6291=CARTESIAN_POINT('',(0.00827675470809179,3.46944695195361E-18,-0.00748008479799666));
#6292=CARTESIAN_POINT('',(0.00837786313798409,-0.009,-0.00757119240180772));
#6293=CARTESIAN_POINT('',(0.00837786313798409,6.93889390390723E-18,-0.00757119240180772));
#6294=CARTESIAN_POINT('',(0.0083821748964703,-0.009,-0.0075735679960495));
#6295=CARTESIAN_POINT('',(0.0083821748964703,1.73472347597681E-18,-0.0075735679960495));
#6296=CARTESIAN_POINT('',(0.0084409628193692,-0.009,-0.00761861907613895));
#6297=CARTESIAN_POINT('',(0.0084409628193692,3.46944695195361E-18,-0.00761861907613895));
#6298=CARTESIAN_POINT('',(0.00853626311521889,-0.009,-0.00768015841402237));
#6299=CARTESIAN_POINT('',(0.00853626311521889,8.67361737988404E-18,-0.00768015841402237));
#6300=CARTESIAN_POINT('',(0.00869405226627998,-0.009,-0.00776963213405035));
#6301=CARTESIAN_POINT('',(0.00869405226627998,1.73472347597681E-18,-0.00776963213405035));
#6302=CARTESIAN_POINT('',(0.00899281702848713,-0.009,-0.00790778177132469));
#6303=CARTESIAN_POINT('',(0.00899281702848713,6.93889390390723E-18,-0.00790778177132469));
#6304=CARTESIAN_POINT('',(0.0094449924067796,-0.009,-0.00806551016693249));
#6305=CARTESIAN_POINT('',(0.0094449924067796,3.46944695195361E-18,-0.00806551016693249));
#6306=CARTESIAN_POINT('',(0.00986846198487415,-0.009,-0.00815809105310524));
#6307=CARTESIAN_POINT('',(0.00986846198487415,5.20417042793042E-18,-0.00815809105310524));
#6308=CARTESIAN_POINT('',(0.0100920056909435,-0.009,-0.00819459706965295));
#6309=CARTESIAN_POINT('',(0.0100920056909435,5.20417042793042E-18,-0.00819459706965295));
#6310=CARTESIAN_POINT('',(0.0079757423682826,-0.009,-0.00720763717696597));
#6311=CARTESIAN_POINT('',(2.98953883917841E-16,-0.009,-3.00870500688695E-16));
#6312=CARTESIAN_POINT('',(0.010229868080655,-0.009,-0.0033033769164896));
#6313=CARTESIAN_POINT('',(0.010229868080655,5.20417042793042E-18,-0.0033033769164896));
#6314=CARTESIAN_POINT('',(0.0103831524120628,-0.009,-0.00335273023554592));
#6315=CARTESIAN_POINT('',(0.0103831524120628,5.20417042793042E-18,-0.00335273023554592));
#6316=CARTESIAN_POINT('',(0.0106163208115728,-0.009,-0.00342783743910162));
#6317=CARTESIAN_POINT('',(0.0106163208115728,3.46944695195361E-18,-0.00342783743910162));
#6318=CARTESIAN_POINT('',(0.0107457765258972,-0.009,-0.00346984610601957));
#6319=CARTESIAN_POINT('',(0.0107457765258972,6.93889390390723E-18,-0.00346984610601957));
#6320=CARTESIAN_POINT('',(0.0107499897301028,-0.009,-0.00347239240128274));
#6321=CARTESIAN_POINT('',(0.0107499897301028,1.73472347597681E-18,-0.00347239240128274));
#6322=CARTESIAN_POINT('',(0.0108183990713776,-0.009,-0.00350077869590416));
#6323=CARTESIAN_POINT('',(0.0108183990713776,3.46944695195361E-18,-0.00350077869590416));
#6324=CARTESIAN_POINT('',(0.0109193438492416,-0.009,-0.00355254150415648));
#6325=CARTESIAN_POINT('',(0.0109193438492416,8.67361737988404E-18,-0.00355254150415648));
#6326=CARTESIAN_POINT('',(0.0110757249392875,-0.009,-0.00364445405740296));
#6327=CARTESIAN_POINT('',(0.0110757249392875,1.73472347597681E-18,-0.00364445405740296));
#6328=CARTESIAN_POINT('',(0.0113447484157942,-0.009,-0.00383411711259281));
#6329=CARTESIAN_POINT('',(0.0113447484157942,6.93889390390723E-18,-0.00383411711259281));
#6330=CARTESIAN_POINT('',(0.011707432902435,-0.009,-0.00414684827935603));
#6331=CARTESIAN_POINT('',(0.011707432902435,3.46944695195361E-18,-0.00414684827935603));
#6332=CARTESIAN_POINT('',(0.0119993450908128,-0.009,-0.00446729324862938));
#6333=CARTESIAN_POINT('',(0.0119993450908128,5.20417042793042E-18,-0.00446729324862938));
#6334=CARTESIAN_POINT('',(0.0121427320815687,-0.009,-0.0046426347686677));
#6335=CARTESIAN_POINT('',(0.0121427320815687,5.20417042793042E-18,-0.0046426347686677));
#6336=CARTESIAN_POINT('',(0.010229868080655,-0.009,-0.00330337691648961));
#6337=CARTESIAN_POINT('',(0.0105110140934556,-0.009,-0.00225412571237238));
#6338=CARTESIAN_POINT('',(0.0105110140934556,5.20417042793042E-18,-0.00225412571237238));
#6339=CARTESIAN_POINT('',(0.010668438877985,-0.009,-0.00228802665001245));
#6340=CARTESIAN_POINT('',(0.010668438877985,5.20417042793042E-18,-0.00228802665001245));
#6341=CARTESIAN_POINT('',(0.0109079222370983,-0.009,-0.002339566103481));
#6342=CARTESIAN_POINT('',(0.0109079222370983,3.46944695195361E-18,-0.002339566103481));
#6343=CARTESIAN_POINT('',(0.0110410385078273,-0.009,-0.00236791338791316));
#6344=CARTESIAN_POINT('',(0.0110410385078273,6.93889390390723E-18,-0.00236791338791316));
#6345=CARTESIAN_POINT('',(0.0110459603973322,-0.009,-0.00236781483363252));
#6346=CARTESIAN_POINT('',(0.0110459603973322,1.73472347597681E-18,-0.00236781483363252));
#6347=CARTESIAN_POINT('',(0.0111193977720431,-0.009,-0.00237743625200846));
#6348=CARTESIAN_POINT('',(0.0111193977720431,3.46944695195361E-18,-0.00237743625200846));
#6349=CARTESIAN_POINT('',(0.0112326999181788,-0.009,-0.00238308073402272));
#6350=CARTESIAN_POINT('',(0.0112326999181788,8.67361737988404E-18,-0.00238308073402272));
#6351=CARTESIAN_POINT('',(0.0114140861914533,-0.009,-0.00238167267300751));
#6352=CARTESIAN_POINT('',(0.0114140861914533,1.73472347597681E-18,-0.00238167267300751));
#6353=CARTESIAN_POINT('',(0.0117418988839175,-0.009,-0.00235193138730711));
#6354=CARTESIAN_POINT('',(0.0117418988839175,6.93889390390723E-18,-0.00235193138730711));
#6355=CARTESIAN_POINT('',(0.0122123584462885,-0.009,-0.0022624404956554));
#6356=CARTESIAN_POINT('',(0.0122123584462885,3.46944695195361E-18,-0.0022624404956554));
#6357=CARTESIAN_POINT('',(0.0126253843017346,-0.009,-0.00213088310593861));
#6358=CARTESIAN_POINT('',(0.0126253843017346,5.20417042793042E-18,-0.00213088310593861));
#6359=CARTESIAN_POINT('',(0.0128372318383206,-0.009,-0.00205072639062523));
#6360=CARTESIAN_POINT('',(0.0128372318383206,5.20417042793042E-18,-0.00205072639062523));
#6361=CARTESIAN_POINT('',(0.0105110140934556,-0.009,-0.00225412571237238));
#6362=CARTESIAN_POINT('',(4.09336908377222E-16,-0.009,-1.11084554886833E-16));
#6363=CARTESIAN_POINT('',(0.0079757423682826,-0.009,0.00720763717696597));
#6364=CARTESIAN_POINT('',(0.0079757423682826,5.20417042793042E-18,0.00720763717696597));
#6365=CARTESIAN_POINT('',(0.00809512576205036,-0.009,0.0073157086424391));
#6366=CARTESIAN_POINT('',(0.00809512576205036,5.20417042793042E-18,0.0073157086424391));
#6367=CARTESIAN_POINT('',(0.0082767547080918,-0.009,0.00748008479799666));
#6368=CARTESIAN_POINT('',(0.0082767547080918,3.46944695195361E-18,0.00748008479799666));
#6369=CARTESIAN_POINT('',(0.00837786313798409,-0.009,0.00757119240180771));
#6370=CARTESIAN_POINT('',(0.00837786313798409,6.93889390390723E-18,0.00757119240180771));
#6371=CARTESIAN_POINT('',(0.0083821748964703,-0.009,0.00757356799604951));
#6372=CARTESIAN_POINT('',(0.0083821748964703,1.73472347597681E-18,0.00757356799604951));
#6373=CARTESIAN_POINT('',(0.0084409628193692,-0.009,0.00761861907613895));
#6374=CARTESIAN_POINT('',(0.0084409628193692,3.46944695195361E-18,0.00761861907613895));
#6375=CARTESIAN_POINT('',(0.00853626311521891,-0.009,0.00768015841402237));
#6376=CARTESIAN_POINT('',(0.00853626311521891,8.67361737988404E-18,0.00768015841402237));
#6377=CARTESIAN_POINT('',(0.00869405226627998,-0.009,0.00776963213405035));
#6378=CARTESIAN_POINT('',(0.00869405226627998,1.73472347597681E-18,0.00776963213405035));
#6379=CARTESIAN_POINT('',(0.00899281702848714,-0.009,0.00790778177132468));
#6380=CARTESIAN_POINT('',(0.00899281702848714,6.93889390390723E-18,0.00790778177132468));
#6381=CARTESIAN_POINT('',(0.00944499240677967,-0.009,0.00806551016693253));
#6382=CARTESIAN_POINT('',(0.00944499240677967,3.46944695195361E-18,0.00806551016693253));
#6383=CARTESIAN_POINT('',(0.00986846198487402,-0.009,0.00815809105310516));
#6384=CARTESIAN_POINT('',(0.00986846198487402,5.20417042793042E-18,0.00815809105310516));
#6385=CARTESIAN_POINT('',(0.0100920056909435,-0.009,0.00819459706965295));
#6386=CARTESIAN_POINT('',(0.0100920056909435,5.20417042793042E-18,0.00819459706965295));
#6387=CARTESIAN_POINT('',(0.0079757423682826,-0.009,0.00720763717696596));
#6388=CARTESIAN_POINT('',(0.00720763717696597,-0.009,0.0079757423682826));
#6389=CARTESIAN_POINT('',(0.00720763717696597,5.20417042793042E-18,0.0079757423682826));
#6390=CARTESIAN_POINT('',(0.0073157086424391,-0.009,0.00809512576205036));
#6391=CARTESIAN_POINT('',(0.0073157086424391,5.20417042793042E-18,0.00809512576205036));
#6392=CARTESIAN_POINT('',(0.00748008479799666,-0.009,0.0082767547080918));
#6393=CARTESIAN_POINT('',(0.00748008479799666,3.46944695195361E-18,0.0082767547080918));
#6394=CARTESIAN_POINT('',(0.00757119240180771,-0.009,0.00837786313798409));
#6395=CARTESIAN_POINT('',(0.00757119240180771,6.93889390390723E-18,0.00837786313798409));
#6396=CARTESIAN_POINT('',(0.00757356799604951,-0.009,0.0083821748964703));
#6397=CARTESIAN_POINT('',(0.00757356799604951,1.73472347597681E-18,0.0083821748964703));
#6398=CARTESIAN_POINT('',(0.00761861907613895,-0.009,0.0084409628193692));
#6399=CARTESIAN_POINT('',(0.00761861907613895,3.46944695195361E-18,0.0084409628193692));
#6400=CARTESIAN_POINT('',(0.00768015841402237,-0.009,0.0085362631152189));
#6401=CARTESIAN_POINT('',(0.00768015841402237,8.67361737988404E-18,0.0085362631152189));
#6402=CARTESIAN_POINT('',(0.00776963213405035,-0.009,0.00869405226627999));
#6403=CARTESIAN_POINT('',(0.00776963213405035,1.73472347597681E-18,0.00869405226627999));
#6404=CARTESIAN_POINT('',(0.00790778177132469,-0.009,0.00899281702848712));
#6405=CARTESIAN_POINT('',(0.00790778177132469,6.93889390390723E-18,0.00899281702848712));
#6406=CARTESIAN_POINT('',(0.0080655101669325,-0.009,0.00944499240677961));
#6407=CARTESIAN_POINT('',(0.0080655101669325,3.46944695195361E-18,0.00944499240677961));
#6408=CARTESIAN_POINT('',(0.00815809105310523,-0.009,0.00986846198487415));
#6409=CARTESIAN_POINT('',(0.00815809105310523,5.20417042793042E-18,0.00986846198487415));
#6410=CARTESIAN_POINT('',(0.00819459706965294,-0.009,0.0100920056909435));
#6411=CARTESIAN_POINT('',(0.00819459706965294,5.20417042793042E-18,0.0100920056909435));
#6412=CARTESIAN_POINT('',(0.00720763717696597,-0.009,0.0079757423682826));
#6413=CARTESIAN_POINT('',(3.00870500688695E-16,-0.009,2.98953883917841E-16));
#6414=CARTESIAN_POINT('',(0.00583850176576434,-0.009,0.00902631691949528));
#6415=CARTESIAN_POINT('',(0.00583850176576434,5.20417042793042E-18,0.00902631691949528));
#6416=CARTESIAN_POINT('',(0.00592584631553806,-0.009,0.00916160463505675));
#6417=CARTESIAN_POINT('',(0.00592584631553806,5.20417042793042E-18,0.00916160463505675));
#6418=CARTESIAN_POINT('',(0.00605874272570213,-0.009,0.00936738883931333));
#6419=CARTESIAN_POINT('',(0.00605874272570213,3.46944695195361E-18,0.00936738883931333));
#6420=CARTESIAN_POINT('',(0.00613282558637066,-0.009,0.00948156081408229));
#6421=CARTESIAN_POINT('',(0.00613282558637066,6.93889390390723E-18,0.00948156081408229));
#6422=CARTESIAN_POINT('',(0.00613637557621603,-0.009,0.00948497142712732));
#6423=CARTESIAN_POINT('',(0.00613637557621603,1.73472347597681E-18,0.00948497142712732));
#6424=CARTESIAN_POINT('',(0.00618150027168836,-0.009,0.00954370286295619));
#6425=CARTESIAN_POINT('',(0.00618150027168836,3.46944695195361E-18,0.00954370286295619));
#6426=CARTESIAN_POINT('',(0.00625762573603536,-0.009,0.00962781083032033));
#6427=CARTESIAN_POINT('',(0.00625762573603536,8.67361737988404E-18,0.00962781083032033));
#6428=CARTESIAN_POINT('',(0.00638688084937407,-0.009,0.00975507464467467));
#6429=CARTESIAN_POINT('',(0.00638688084937407,1.73472347597681E-18,0.00975507464467467));
#6430=CARTESIAN_POINT('',(0.00663970969197447,-0.009,0.00996584295767516));
#6431=CARTESIAN_POINT('',(0.00663970969197447,6.93889390390723E-18,0.00996584295767516));
#6432=CARTESIAN_POINT('',(0.00703565445514243,-0.009,0.0102352284881605));
#6433=CARTESIAN_POINT('',(0.00703565445514243,3.46944695195361E-18,0.0102352284881605));
#6434=CARTESIAN_POINT('',(0.0074207329607177,-0.009,0.0104342567489676));
#6435=CARTESIAN_POINT('',(0.0074207329607177,5.20417042793042E-18,0.0104342567489676));
#6436=CARTESIAN_POINT('',(0.00762721114737107,-0.009,0.0105273762217097));
#6437=CARTESIAN_POINT('',(0.00762721114737107,5.20417042793042E-18,0.0105273762217097));
#6438=CARTESIAN_POINT('',(0.00583850176576434,-0.009,0.00902631691949527));
#6439=CARTESIAN_POINT('',(0.00489776887201004,-0.009,0.00956944930893986));
#6440=CARTESIAN_POINT('',(0.00489776887201004,5.20417042793042E-18,0.00956944930893986));
#6441=CARTESIAN_POINT('',(0.00497125919561938,-0.009,0.00971273576570676));
#6442=CARTESIAN_POINT('',(0.00497125919561938,5.20417042793042E-18,0.00971273576570676));
#6443=CARTESIAN_POINT('',(0.00508302533912111,-0.009,0.00993071953510889));
#6444=CARTESIAN_POINT('',(0.00508302533912111,3.46944695195361E-18,0.00993071953510889));
#6445=CARTESIAN_POINT('',(0.00514485973933698,-0.009,0.0100519631618173));
#6446=CARTESIAN_POINT('',(0.00514485973933698,6.93889390390723E-18,0.0100519631618173));
#6447=CARTESIAN_POINT('',(0.0051460384219538,-0.009,0.0100567428497291));
#6448=CARTESIAN_POINT('',(0.0051460384219538,1.73472347597681E-18,0.0100567428497291));
#6449=CARTESIAN_POINT('',(0.00517433898964616,-0.009,0.0101251877002606));
#6450=CARTESIAN_POINT('',(0.00517433898964616,3.46944695195361E-18,0.0101251877002606));
#6451=CARTESIAN_POINT('',(0.00520911589387067,-0.009,0.0102331682699421));
#6452=CARTESIAN_POINT('',(0.00520911589387067,8.67361737988404E-18,0.0102331682699421));
#6453=CARTESIAN_POINT('',(0.00525470203341469,-0.009,0.0104087383888396));
#6454=CARTESIAN_POINT('',(0.00525470203341469,1.73472347597681E-18,0.0104087383888396));
#6455=CARTESIAN_POINT('',(0.0053108183254857,-0.009,0.0107330787458412));
#6456=CARTESIAN_POINT('',(0.0053108183254857,6.93889390390723E-18,0.0107330787458412));
#6457=CARTESIAN_POINT('',(0.00534614065671389,-0.009,0.0112106697344827));
#6458=CARTESIAN_POINT('',(0.00534614065671389,3.46944695195361E-18,0.0112106697344827));
#6459=CARTESIAN_POINT('',(0.00532596493385647,-0.009,0.011643671633166));
#6460=CARTESIAN_POINT('',(0.00532596493385647,5.20417042793042E-18,0.011643671633166));
#6461=CARTESIAN_POINT('',(0.0053033696695113,-0.009,0.011869046724506));
#6462=CARTESIAN_POINT('',(0.0053033696695113,5.20417042793042E-18,0.011869046724506));
#6463=CARTESIAN_POINT('',(0.00489776887201004,-0.009,0.00956944930893986));
#6464=CARTESIAN_POINT('',(2.13243628218428E-16,-0.009,3.66638293033432E-16));
#6465=CARTESIAN_POINT('',(0.00956944930893986,-0.009,0.00489776887201004));
#6466=CARTESIAN_POINT('',(0.00956944930893986,5.20417042793042E-18,0.00489776887201004));
#6467=CARTESIAN_POINT('',(0.00971273576570676,-0.009,0.00497125919561938));
#6468=CARTESIAN_POINT('',(0.00971273576570676,5.20417042793042E-18,0.00497125919561938));
#6469=CARTESIAN_POINT('',(0.00993071953510889,-0.009,0.00508302533912111));
#6470=CARTESIAN_POINT('',(0.00993071953510889,3.46944695195361E-18,0.00508302533912111));
#6471=CARTESIAN_POINT('',(0.0100519631618173,-0.009,0.00514485973933698));
#6472=CARTESIAN_POINT('',(0.0100519631618173,6.93889390390723E-18,0.00514485973933698));
#6473=CARTESIAN_POINT('',(0.0100567428497291,-0.009,0.00514603842195379));
#6474=CARTESIAN_POINT('',(0.0100567428497291,1.73472347597681E-18,0.00514603842195379));
#6475=CARTESIAN_POINT('',(0.0101251877002606,-0.009,0.00517433898964615));
#6476=CARTESIAN_POINT('',(0.0101251877002606,3.46944695195361E-18,0.00517433898964615));
#6477=CARTESIAN_POINT('',(0.0102331682699421,-0.009,0.00520911589387067));
#6478=CARTESIAN_POINT('',(0.0102331682699421,8.67361737988404E-18,0.00520911589387067));
#6479=CARTESIAN_POINT('',(0.0104087383888396,-0.009,0.00525470203341469));
#6480=CARTESIAN_POINT('',(0.0104087383888396,1.73472347597681E-18,0.00525470203341469));
#6481=CARTESIAN_POINT('',(0.0107330787458412,-0.009,0.0053108183254857));
#6482=CARTESIAN_POINT('',(0.0107330787458412,6.93889390390723E-18,0.0053108183254857));
#6483=CARTESIAN_POINT('',(0.0112106697344827,-0.009,0.00534614065671389));
#6484=CARTESIAN_POINT('',(0.0112106697344827,3.46944695195361E-18,0.00534614065671389));
#6485=CARTESIAN_POINT('',(0.011643671633166,-0.009,0.00532596493385647));
#6486=CARTESIAN_POINT('',(0.011643671633166,5.20417042793042E-18,0.00532596493385647));
#6487=CARTESIAN_POINT('',(0.011869046724506,-0.009,0.0053033696695113));
#6488=CARTESIAN_POINT('',(0.011869046724506,5.20417042793042E-18,0.0053033696695113));
#6489=CARTESIAN_POINT('',(0.00956944930893986,-0.009,0.00489776887201004));
#6490=CARTESIAN_POINT('',(0.00902631691949528,-0.009,0.00583850176576434));
#6491=CARTESIAN_POINT('',(0.00902631691949528,5.20417042793042E-18,0.00583850176576434));
#6492=CARTESIAN_POINT('',(0.00916160463505675,-0.009,0.00592584631553806));
#6493=CARTESIAN_POINT('',(0.00916160463505675,5.20417042793042E-18,0.00592584631553806));
#6494=CARTESIAN_POINT('',(0.00936738883931333,-0.009,0.00605874272570213));
#6495=CARTESIAN_POINT('',(0.00936738883931333,3.46944695195361E-18,0.00605874272570213));
#6496=CARTESIAN_POINT('',(0.00948156081408229,-0.009,0.00613282558637066));
#6497=CARTESIAN_POINT('',(0.00948156081408229,6.93889390390723E-18,0.00613282558637066));
#6498=CARTESIAN_POINT('',(0.00948497142712733,-0.009,0.00613637557621602));
#6499=CARTESIAN_POINT('',(0.00948497142712733,1.73472347597681E-18,0.00613637557621602));
#6500=CARTESIAN_POINT('',(0.00954370286295618,-0.009,0.00618150027168836));
#6501=CARTESIAN_POINT('',(0.00954370286295618,3.46944695195361E-18,0.00618150027168836));
#6502=CARTESIAN_POINT('',(0.00962781083032033,-0.009,0.00625762573603535));
#6503=CARTESIAN_POINT('',(0.00962781083032033,8.67361737988404E-18,0.00625762573603535));
#6504=CARTESIAN_POINT('',(0.00975507464467467,-0.009,0.00638688084937407));
#6505=CARTESIAN_POINT('',(0.00975507464467467,1.73472347597681E-18,0.00638688084937407));
#6506=CARTESIAN_POINT('',(0.00996584295767516,-0.009,0.00663970969197447));
#6507=CARTESIAN_POINT('',(0.00996584295767516,6.93889390390723E-18,0.00663970969197447));
#6508=CARTESIAN_POINT('',(0.0102352284881605,-0.009,0.00703565445514243));
#6509=CARTESIAN_POINT('',(0.0102352284881605,3.46944695195361E-18,0.00703565445514243));
#6510=CARTESIAN_POINT('',(0.0104342567489676,-0.009,0.00742073296071768));
#6511=CARTESIAN_POINT('',(0.0104342567489676,5.20417042793042E-18,0.00742073296071768));
#6512=CARTESIAN_POINT('',(0.0105273762217097,-0.009,0.00762721114737106));
#6513=CARTESIAN_POINT('',(0.0105273762217097,5.20417042793042E-18,0.00762721114737106));
#6514=CARTESIAN_POINT('',(0.00902631691949528,-0.009,0.00583850176576434));
#6515=CARTESIAN_POINT('',(3.67993545749039E-16,-0.009,2.10896261657901E-16));
#6516=CARTESIAN_POINT('',(0.0105110140934556,-0.009,0.00225412571237238));
#6517=CARTESIAN_POINT('',(0.0105110140934556,5.20417042793042E-18,0.00225412571237238));
#6518=CARTESIAN_POINT('',(0.010668438877985,-0.009,0.00228802665001245));
#6519=CARTESIAN_POINT('',(0.010668438877985,5.20417042793042E-18,0.00228802665001245));
#6520=CARTESIAN_POINT('',(0.0109079222370983,-0.009,0.002339566103481));
#6521=CARTESIAN_POINT('',(0.0109079222370983,3.46944695195361E-18,0.002339566103481));
#6522=CARTESIAN_POINT('',(0.0110410385078273,-0.009,0.00236791338791317));
#6523=CARTESIAN_POINT('',(0.0110410385078273,6.93889390390723E-18,0.00236791338791317));
#6524=CARTESIAN_POINT('',(0.0110459603973322,-0.009,0.00236781483363252));
#6525=CARTESIAN_POINT('',(0.0110459603973322,1.73472347597681E-18,0.00236781483363252));
#6526=CARTESIAN_POINT('',(0.0111193977720431,-0.009,0.00237743625200846));
#6527=CARTESIAN_POINT('',(0.0111193977720431,3.46944695195361E-18,0.00237743625200846));
#6528=CARTESIAN_POINT('',(0.0112326999181789,-0.009,0.00238308073402272));
#6529=CARTESIAN_POINT('',(0.0112326999181789,8.67361737988404E-18,0.00238308073402272));
#6530=CARTESIAN_POINT('',(0.0114140861914533,-0.009,0.00238167267300751));
#6531=CARTESIAN_POINT('',(0.0114140861914533,1.73472347597681E-18,0.00238167267300751));
#6532=CARTESIAN_POINT('',(0.0117418988839175,-0.009,0.00235193138730711));
#6533=CARTESIAN_POINT('',(0.0117418988839175,6.93889390390723E-18,0.00235193138730711));
#6534=CARTESIAN_POINT('',(0.0122123584462885,-0.009,0.0022624404956554));
#6535=CARTESIAN_POINT('',(0.0122123584462885,3.46944695195361E-18,0.0022624404956554));
#6536=CARTESIAN_POINT('',(0.0126253843017346,-0.009,0.00213088310593861));
#6537=CARTESIAN_POINT('',(0.0126253843017346,5.20417042793042E-18,0.00213088310593861));
#6538=CARTESIAN_POINT('',(0.0128372318383206,-0.009,0.00205072639062523));
#6539=CARTESIAN_POINT('',(0.0128372318383206,5.20417042793042E-18,0.00205072639062523));
#6540=CARTESIAN_POINT('',(0.0105110140934556,-0.009,0.00225412571237238));
#6541=CARTESIAN_POINT('',(0.010229868080655,-0.009,0.00330337691648961));
#6542=CARTESIAN_POINT('',(0.010229868080655,5.20417042793042E-18,0.00330337691648961));
#6543=CARTESIAN_POINT('',(0.0103831524120628,-0.009,0.00335273023554592));
#6544=CARTESIAN_POINT('',(0.0103831524120628,5.20417042793042E-18,0.00335273023554592));
#6545=CARTESIAN_POINT('',(0.0106163208115728,-0.009,0.00342783743910162));
#6546=CARTESIAN_POINT('',(0.0106163208115728,3.46944695195361E-18,0.00342783743910162));
#6547=CARTESIAN_POINT('',(0.0107457765258972,-0.009,0.00346984610601957));
#6548=CARTESIAN_POINT('',(0.0107457765258972,6.93889390390723E-18,0.00346984610601957));
#6549=CARTESIAN_POINT('',(0.0107499897301028,-0.009,0.00347239240128273));
#6550=CARTESIAN_POINT('',(0.0107499897301028,1.73472347597681E-18,0.00347239240128273));
#6551=CARTESIAN_POINT('',(0.0108183990713776,-0.009,0.00350077869590416));
#6552=CARTESIAN_POINT('',(0.0108183990713776,3.46944695195361E-18,0.00350077869590416));
#6553=CARTESIAN_POINT('',(0.0109193438492416,-0.009,0.00355254150415648));
#6554=CARTESIAN_POINT('',(0.0109193438492416,8.67361737988404E-18,0.00355254150415648));
#6555=CARTESIAN_POINT('',(0.0110757249392875,-0.009,0.00364445405740296));
#6556=CARTESIAN_POINT('',(0.0110757249392875,1.73472347597681E-18,0.00364445405740296));
#6557=CARTESIAN_POINT('',(0.0113447484157942,-0.009,0.00383411711259281));
#6558=CARTESIAN_POINT('',(0.0113447484157942,6.93889390390723E-18,0.00383411711259281));
#6559=CARTESIAN_POINT('',(0.011707432902435,-0.009,0.00414684827935603));
#6560=CARTESIAN_POINT('',(0.011707432902435,3.46944695195361E-18,0.00414684827935603));
#6561=CARTESIAN_POINT('',(0.0119993450908128,-0.009,0.00446729324862938));
#6562=CARTESIAN_POINT('',(0.0119993450908128,5.20417042793042E-18,0.00446729324862938));
#6563=CARTESIAN_POINT('',(0.0121427320815687,-0.009,0.0046426347686677));
#6564=CARTESIAN_POINT('',(0.0121427320815687,5.20417042793042E-18,0.0046426347686677));
#6565=CARTESIAN_POINT('',(0.010229868080655,-0.009,0.00330337691648961));
#6566=CARTESIAN_POINT('',(4.10038438804674E-16,-0.009,1.08466407688527E-16));
#6567=CARTESIAN_POINT('',(0.00330337691648961,-0.009,0.010229868080655));
#6568=CARTESIAN_POINT('',(0.00330337691648961,5.20417042793042E-18,0.010229868080655));
#6569=CARTESIAN_POINT('',(0.00335273023554592,-0.009,0.0103831524120628));
#6570=CARTESIAN_POINT('',(0.00335273023554592,5.20417042793042E-18,0.0103831524120628));
#6571=CARTESIAN_POINT('',(0.00342783743910162,-0.009,0.0106163208115728));
#6572=CARTESIAN_POINT('',(0.00342783743910162,3.46944695195361E-18,0.0106163208115728));
#6573=CARTESIAN_POINT('',(0.00346984610601957,-0.009,0.0107457765258972));
#6574=CARTESIAN_POINT('',(0.00346984610601957,6.93889390390723E-18,0.0107457765258972));
#6575=CARTESIAN_POINT('',(0.00347239240128274,-0.009,0.0107499897301028));
#6576=CARTESIAN_POINT('',(0.00347239240128274,1.73472347597681E-18,0.0107499897301028));
#6577=CARTESIAN_POINT('',(0.00350077869590416,-0.009,0.0108183990713776));
#6578=CARTESIAN_POINT('',(0.00350077869590416,3.46944695195361E-18,0.0108183990713776));
#6579=CARTESIAN_POINT('',(0.00355254150415648,-0.009,0.0109193438492416));
#6580=CARTESIAN_POINT('',(0.00355254150415648,8.67361737988404E-18,0.0109193438492416));
#6581=CARTESIAN_POINT('',(0.00364445405740296,-0.009,0.0110757249392875));
#6582=CARTESIAN_POINT('',(0.00364445405740296,1.73472347597681E-18,0.0110757249392875));
#6583=CARTESIAN_POINT('',(0.0038341171125928,-0.009,0.0113447484157942));
#6584=CARTESIAN_POINT('',(0.0038341171125928,6.93889390390723E-18,0.0113447484157942));
#6585=CARTESIAN_POINT('',(0.00414684827935603,-0.009,0.011707432902435));
#6586=CARTESIAN_POINT('',(0.00414684827935603,3.46944695195361E-18,0.011707432902435));
#6587=CARTESIAN_POINT('',(0.00446729324862938,-0.009,0.0119993450908128));
#6588=CARTESIAN_POINT('',(0.00446729324862938,5.20417042793042E-18,0.0119993450908128));
#6589=CARTESIAN_POINT('',(0.0046426347686677,-0.009,0.0121427320815687));
#6590=CARTESIAN_POINT('',(0.0046426347686677,5.20417042793042E-18,0.0121427320815687));
#6591=CARTESIAN_POINT('',(0.00330337691648961,-0.009,0.010229868080655));
#6592=CARTESIAN_POINT('',(0.00225412571237238,-0.009,0.0105110140934556));
#6593=CARTESIAN_POINT('',(0.00225412571237238,5.20417042793042E-18,0.0105110140934556));
#6594=CARTESIAN_POINT('',(0.00228802665001245,-0.009,0.010668438877985));
#6595=CARTESIAN_POINT('',(0.00228802665001245,5.20417042793042E-18,0.010668438877985));
#6596=CARTESIAN_POINT('',(0.002339566103481,-0.009,0.0109079222370983));
#6597=CARTESIAN_POINT('',(0.002339566103481,3.46944695195361E-18,0.0109079222370983));
#6598=CARTESIAN_POINT('',(0.00236791338791317,-0.009,0.0110410385078273));
#6599=CARTESIAN_POINT('',(0.00236791338791317,6.93889390390723E-18,0.0110410385078273));
#6600=CARTESIAN_POINT('',(0.00236781483363252,-0.009,0.0110459603973322));
#6601=CARTESIAN_POINT('',(0.00236781483363252,1.73472347597681E-18,0.0110459603973322));
#6602=CARTESIAN_POINT('',(0.00237743625200846,-0.009,0.0111193977720431));
#6603=CARTESIAN_POINT('',(0.00237743625200846,3.46944695195361E-18,0.0111193977720431));
#6604=CARTESIAN_POINT('',(0.00238308073402272,-0.009,0.0112326999181788));
#6605=CARTESIAN_POINT('',(0.00238308073402272,8.67361737988404E-18,0.0112326999181788));
#6606=CARTESIAN_POINT('',(0.00238167267300751,-0.009,0.0114140861914533));
#6607=CARTESIAN_POINT('',(0.00238167267300751,1.73472347597681E-18,0.0114140861914533));
#6608=CARTESIAN_POINT('',(0.00235193138730711,-0.009,0.0117418988839175));
#6609=CARTESIAN_POINT('',(0.00235193138730711,6.93889390390723E-18,0.0117418988839175));
#6610=CARTESIAN_POINT('',(0.0022624404956554,-0.009,0.0122123584462885));
#6611=CARTESIAN_POINT('',(0.0022624404956554,3.46944695195361E-18,0.0122123584462885));
#6612=CARTESIAN_POINT('',(0.00213088310593861,-0.009,0.0126253843017346));
#6613=CARTESIAN_POINT('',(0.00213088310593861,5.20417042793042E-18,0.0126253843017346));
#6614=CARTESIAN_POINT('',(0.00205072639062523,-0.009,0.0128372318383206));
#6615=CARTESIAN_POINT('',(0.00205072639062523,5.20417042793042E-18,0.0128372318383206));
#6616=CARTESIAN_POINT('',(0.00225412571237238,-0.009,0.0105110140934556));
#6617=CARTESIAN_POINT('',(1.11084554886833E-16,-0.009,4.09336908377222E-16));
#6618=CARTESIAN_POINT('',(0.00054313238944458,-0.009,0.0107362706377744));
#6619=CARTESIAN_POINT('',(0.00054313238944458,5.20417042793042E-18,0.0107362706377744));
#6620=CARTESIAN_POINT('',(0.000551131130650003,-0.009,0.0108971055111574));
#6621=CARTESIAN_POINT('',(0.000551131130650003,5.20417042793042E-18,0.0108971055111574));
#6622=CARTESIAN_POINT('',(0.000563330695795549,-0.009,0.0111417680648232));
#6623=CARTESIAN_POINT('',(0.000563330695795549,3.46944695195361E-18,0.0111417680648232));
#6624=CARTESIAN_POINT('',(0.00057040234773505,-0.009,0.0112776853257077));
#6625=CARTESIAN_POINT('',(0.00057040234773505,6.93889390390723E-18,0.0112776853257077));
#6626=CARTESIAN_POINT('',(0.000571771422601791,-0.009,0.0112824139981698));
#6627=CARTESIAN_POINT('',(0.000571771422601791,1.73472347597681E-18,0.0112824139981698));
#6628=CARTESIAN_POINT('',(0.000581484837304435,-0.009,0.0113558392613345));
#6629=CARTESIAN_POINT('',(0.000581484837304435,3.46944695195361E-18,0.0113558392613345));
#6630=CARTESIAN_POINT('',(0.000605357439621757,-0.009,0.011466741629906));
#6631=CARTESIAN_POINT('',(0.000605357439621757,8.67361737988404E-18,0.011466741629906));
#6632=CARTESIAN_POINT('',(0.000653663744164942,-0.009,0.0116415828827887));
#6633=CARTESIAN_POINT('',(0.000653663744164942,1.73472347597681E-18,0.0116415828827887));
#6634=CARTESIAN_POINT('',(0.000767235788166061,-0.009,0.0119505280174602));
#6635=CARTESIAN_POINT('',(0.000767235788166061,6.93889390390723E-18,0.0119505280174602));
#6636=CARTESIAN_POINT('',(0.000975441246322298,-0.009,0.0123817951118563));
#6637=CARTESIAN_POINT('',(0.000975441246322298,3.46944695195361E-18,0.0123817951118563));
#6638=CARTESIAN_POINT('',(0.00120941488419816,-0.009,0.0127466978945742));
#6639=CARTESIAN_POINT('',(0.00120941488419816,5.20417042793042E-18,0.0127466978945742));
#6640=CARTESIAN_POINT('',(0.00134167050279635,-0.009,0.0129305808168824));
#6641=CARTESIAN_POINT('',(0.00134167050279635,5.20417042793042E-18,0.0129305808168824));
#6642=CARTESIAN_POINT('',(0.000543132389444585,-0.009,0.0107362706377744));
#6643=CARTESIAN_POINT('',(-0.000543132389444579,-0.009,0.0107362706377744));
#6644=CARTESIAN_POINT('',(-0.000543132389444579,5.20417042793042E-18,0.0107362706377744));
#6645=CARTESIAN_POINT('',(-0.000551131130650002,-0.009,0.0108971055111574));
#6646=CARTESIAN_POINT('',(-0.000551131130650002,5.20417042793042E-18,0.0108971055111574));
#6647=CARTESIAN_POINT('',(-0.000563330695795548,-0.009,0.0111417680648232));
#6648=CARTESIAN_POINT('',(-0.000563330695795548,3.46944695195361E-18,0.0111417680648232));
#6649=CARTESIAN_POINT('',(-0.00057040234773505,-0.009,0.0112776853257077));
#6650=CARTESIAN_POINT('',(-0.00057040234773505,6.93889390390723E-18,0.0112776853257077));
#6651=CARTESIAN_POINT('',(-0.000571771422601789,-0.009,0.0112824139981698));
#6652=CARTESIAN_POINT('',(-0.000571771422601789,1.73472347597681E-18,0.0112824139981698));
#6653=CARTESIAN_POINT('',(-0.000581484837304434,-0.009,0.0113558392613345));
#6654=CARTESIAN_POINT('',(-0.000581484837304434,3.46944695195361E-18,0.0113558392613345));
#6655=CARTESIAN_POINT('',(-0.000605357439621756,-0.009,0.011466741629906));
#6656=CARTESIAN_POINT('',(-0.000605357439621756,8.67361737988404E-18,0.011466741629906));
#6657=CARTESIAN_POINT('',(-0.00065366374416494,-0.009,0.0116415828827888));
#6658=CARTESIAN_POINT('',(-0.00065366374416494,1.73472347597681E-18,0.0116415828827888));
#6659=CARTESIAN_POINT('',(-0.00076723578816606,-0.009,0.0119505280174602));
#6660=CARTESIAN_POINT('',(-0.00076723578816606,6.93889390390723E-18,0.0119505280174602));
#6661=CARTESIAN_POINT('',(-0.000975441246322297,-0.009,0.0123817951118563));
#6662=CARTESIAN_POINT('',(-0.000975441246322297,3.46944695195361E-18,0.0123817951118563));
#6663=CARTESIAN_POINT('',(-0.00120941488419816,-0.009,0.0127466978945742));
#6664=CARTESIAN_POINT('',(-0.00120941488419816,5.20417042793042E-18,0.0127466978945742));
#6665=CARTESIAN_POINT('',(-0.00134167050279635,-0.009,0.0129305808168824));
#6666=CARTESIAN_POINT('',(-0.00134167050279635,5.20417042793042E-18,0.0129305808168824));
#6667=CARTESIAN_POINT('',(-0.000543132389444581,-0.009,0.0107362706377744));
#6668=CARTESIAN_POINT('',(1.35525271560691E-18,-0.009,4.2413988987633E-16));
#6669=CARTESIAN_POINT('',(-0.00225412571237238,-0.009,0.0105110140934556));
#6670=CARTESIAN_POINT('',(-0.00225412571237238,5.20417042793042E-18,0.0105110140934556));
#6671=CARTESIAN_POINT('',(-0.00228802665001245,-0.009,0.010668438877985));
#6672=CARTESIAN_POINT('',(-0.00228802665001245,5.20417042793042E-18,0.010668438877985));
#6673=CARTESIAN_POINT('',(-0.002339566103481,-0.009,0.0109079222370983));
#6674=CARTESIAN_POINT('',(-0.002339566103481,3.46944695195361E-18,0.0109079222370983));
#6675=CARTESIAN_POINT('',(-0.00236791338791317,-0.009,0.0110410385078273));
#6676=CARTESIAN_POINT('',(-0.00236791338791317,6.93889390390723E-18,0.0110410385078273));
#6677=CARTESIAN_POINT('',(-0.00236781483363252,-0.009,0.0110459603973322));
#6678=CARTESIAN_POINT('',(-0.00236781483363252,1.73472347597681E-18,0.0110459603973322));
#6679=CARTESIAN_POINT('',(-0.00237743625200846,-0.009,0.0111193977720431));
#6680=CARTESIAN_POINT('',(-0.00237743625200846,3.46944695195361E-18,0.0111193977720431));
#6681=CARTESIAN_POINT('',(-0.00238308073402273,-0.009,0.0112326999181789));
#6682=CARTESIAN_POINT('',(-0.00238308073402273,8.67361737988404E-18,0.0112326999181789));
#6683=CARTESIAN_POINT('',(-0.00238167267300751,-0.009,0.0114140861914533));
#6684=CARTESIAN_POINT('',(-0.00238167267300751,1.73472347597681E-18,0.0114140861914533));
#6685=CARTESIAN_POINT('',(-0.00235193138730711,-0.009,0.0117418988839175));
#6686=CARTESIAN_POINT('',(-0.00235193138730711,6.93889390390723E-18,0.0117418988839175));
#6687=CARTESIAN_POINT('',(-0.00226244049565542,-0.009,0.0122123584462885));
#6688=CARTESIAN_POINT('',(-0.00226244049565542,3.46944695195361E-18,0.0122123584462885));
#6689=CARTESIAN_POINT('',(-0.00213088310593858,-0.009,0.0126253843017346));
#6690=CARTESIAN_POINT('',(-0.00213088310593858,5.20417042793042E-18,0.0126253843017346));
#6691=CARTESIAN_POINT('',(-0.00205072639062523,-0.009,0.0128372318383206));
#6692=CARTESIAN_POINT('',(-0.00205072639062523,5.20417042793042E-18,0.0128372318383206));
#6693=CARTESIAN_POINT('',(-0.00225412571237238,-0.009,0.0105110140934556));
#6694=CARTESIAN_POINT('',(-0.00330337691648961,-0.009,0.010229868080655));
#6695=CARTESIAN_POINT('',(-0.00330337691648961,5.20417042793042E-18,0.010229868080655));
#6696=CARTESIAN_POINT('',(-0.00335273023554592,-0.009,0.0103831524120628));
#6697=CARTESIAN_POINT('',(-0.00335273023554592,5.20417042793042E-18,0.0103831524120628));
#6698=CARTESIAN_POINT('',(-0.00342783743910162,-0.009,0.0106163208115728));
#6699=CARTESIAN_POINT('',(-0.00342783743910162,3.46944695195361E-18,0.0106163208115728));
#6700=CARTESIAN_POINT('',(-0.00346984610601957,-0.009,0.0107457765258972));
#6701=CARTESIAN_POINT('',(-0.00346984610601957,6.93889390390723E-18,0.0107457765258972));
#6702=CARTESIAN_POINT('',(-0.00347239240128274,-0.009,0.0107499897301028));
#6703=CARTESIAN_POINT('',(-0.00347239240128274,1.73472347597681E-18,0.0107499897301028));
#6704=CARTESIAN_POINT('',(-0.00350077869590417,-0.009,0.0108183990713776));
#6705=CARTESIAN_POINT('',(-0.00350077869590417,3.46944695195361E-18,0.0108183990713776));
#6706=CARTESIAN_POINT('',(-0.00355254150415648,-0.009,0.0109193438492416));
#6707=CARTESIAN_POINT('',(-0.00355254150415648,8.67361737988404E-18,0.0109193438492416));
#6708=CARTESIAN_POINT('',(-0.00364445405740296,-0.009,0.0110757249392875));
#6709=CARTESIAN_POINT('',(-0.00364445405740296,1.73472347597681E-18,0.0110757249392875));
#6710=CARTESIAN_POINT('',(-0.00383411711259281,-0.009,0.0113447484157942));
#6711=CARTESIAN_POINT('',(-0.00383411711259281,6.93889390390723E-18,0.0113447484157942));
#6712=CARTESIAN_POINT('',(-0.00414684827935603,-0.009,0.011707432902435));
#6713=CARTESIAN_POINT('',(-0.00414684827935603,3.46944695195361E-18,0.011707432902435));
#6714=CARTESIAN_POINT('',(-0.00446729324862938,-0.009,0.0119993450908128));
#6715=CARTESIAN_POINT('',(-0.00446729324862938,5.20417042793042E-18,0.0119993450908128));
#6716=CARTESIAN_POINT('',(-0.0046426347686677,-0.009,0.0121427320815687));
#6717=CARTESIAN_POINT('',(-0.0046426347686677,5.20417042793042E-18,0.0121427320815687));
#6718=CARTESIAN_POINT('',(-0.00330337691648961,-0.009,0.010229868080655));
#6719=CARTESIAN_POINT('',(-1.08466407688527E-16,-0.009,4.10038438804674E-16));
#6720=CARTESIAN_POINT('',(-0.00489776887201004,-0.009,0.00956944930893986));
#6721=CARTESIAN_POINT('',(-0.00489776887201004,5.20417042793042E-18,0.00956944930893986));
#6722=CARTESIAN_POINT('',(-0.00497125919561938,-0.009,0.00971273576570676));
#6723=CARTESIAN_POINT('',(-0.00497125919561938,5.20417042793042E-18,0.00971273576570676));
#6724=CARTESIAN_POINT('',(-0.00508302533912111,-0.009,0.00993071953510889));
#6725=CARTESIAN_POINT('',(-0.00508302533912111,3.46944695195361E-18,0.00993071953510889));
#6726=CARTESIAN_POINT('',(-0.00514485973933698,-0.009,0.0100519631618173));
#6727=CARTESIAN_POINT('',(-0.00514485973933698,6.93889390390723E-18,0.0100519631618173));
#6728=CARTESIAN_POINT('',(-0.00514603842195379,-0.009,0.0100567428497291));
#6729=CARTESIAN_POINT('',(-0.00514603842195379,1.73472347597681E-18,0.0100567428497291));
#6730=CARTESIAN_POINT('',(-0.00517433898964615,-0.009,0.0101251877002606));
#6731=CARTESIAN_POINT('',(-0.00517433898964615,3.46944695195361E-18,0.0101251877002606));
#6732=CARTESIAN_POINT('',(-0.00520911589387067,-0.009,0.0102331682699421));
#6733=CARTESIAN_POINT('',(-0.00520911589387067,8.67361737988404E-18,0.0102331682699421));
#6734=CARTESIAN_POINT('',(-0.00525470203341469,-0.009,0.0104087383888396));
#6735=CARTESIAN_POINT('',(-0.00525470203341469,1.73472347597681E-18,0.0104087383888396));
#6736=CARTESIAN_POINT('',(-0.0053108183254857,-0.009,0.0107330787458412));
#6737=CARTESIAN_POINT('',(-0.0053108183254857,6.93889390390723E-18,0.0107330787458412));
#6738=CARTESIAN_POINT('',(-0.00534614065671389,-0.009,0.0112106697344827));
#6739=CARTESIAN_POINT('',(-0.00534614065671389,3.46944695195361E-18,0.0112106697344827));
#6740=CARTESIAN_POINT('',(-0.00532596493385647,-0.009,0.011643671633166));
#6741=CARTESIAN_POINT('',(-0.00532596493385647,5.20417042793042E-18,0.011643671633166));
#6742=CARTESIAN_POINT('',(-0.0053033696695113,-0.009,0.011869046724506));
#6743=CARTESIAN_POINT('',(-0.0053033696695113,5.20417042793042E-18,0.011869046724506));
#6744=CARTESIAN_POINT('',(-0.00489776887201003,-0.009,0.00956944930893986));
#6745=CARTESIAN_POINT('',(-0.00583850176576434,-0.009,0.00902631691949528));
#6746=CARTESIAN_POINT('',(-0.00583850176576434,5.20417042793042E-18,0.00902631691949528));
#6747=CARTESIAN_POINT('',(-0.00592584631553806,-0.009,0.00916160463505675));
#6748=CARTESIAN_POINT('',(-0.00592584631553806,5.20417042793042E-18,0.00916160463505675));
#6749=CARTESIAN_POINT('',(-0.00605874272570213,-0.009,0.00936738883931333));
#6750=CARTESIAN_POINT('',(-0.00605874272570213,3.46944695195361E-18,0.00936738883931333));
#6751=CARTESIAN_POINT('',(-0.00613282558637066,-0.009,0.00948156081408229));
#6752=CARTESIAN_POINT('',(-0.00613282558637066,6.93889390390723E-18,0.00948156081408229));
#6753=CARTESIAN_POINT('',(-0.00613637557621603,-0.009,0.00948497142712733));
#6754=CARTESIAN_POINT('',(-0.00613637557621603,1.73472347597681E-18,0.00948497142712733));
#6755=CARTESIAN_POINT('',(-0.00618150027168836,-0.009,0.00954370286295618));
#6756=CARTESIAN_POINT('',(-0.00618150027168836,3.46944695195361E-18,0.00954370286295618));
#6757=CARTESIAN_POINT('',(-0.00625762573603535,-0.009,0.00962781083032033));
#6758=CARTESIAN_POINT('',(-0.00625762573603535,8.67361737988404E-18,0.00962781083032033));
#6759=CARTESIAN_POINT('',(-0.00638688084937407,-0.009,0.00975507464467467));
#6760=CARTESIAN_POINT('',(-0.00638688084937407,1.73472347597681E-18,0.00975507464467467));
#6761=CARTESIAN_POINT('',(-0.00663970969197447,-0.009,0.00996584295767516));
#6762=CARTESIAN_POINT('',(-0.00663970969197447,6.93889390390723E-18,0.00996584295767516));
#6763=CARTESIAN_POINT('',(-0.00703565445514243,-0.009,0.0102352284881605));
#6764=CARTESIAN_POINT('',(-0.00703565445514243,3.46944695195361E-18,0.0102352284881605));
#6765=CARTESIAN_POINT('',(-0.00742073296071768,-0.009,0.0104342567489676));
#6766=CARTESIAN_POINT('',(-0.00742073296071768,5.20417042793042E-18,0.0104342567489676));
#6767=CARTESIAN_POINT('',(-0.00762721114737106,-0.009,0.0105273762217097));
#6768=CARTESIAN_POINT('',(-0.00762721114737106,5.20417042793042E-18,0.0105273762217097));
#6769=CARTESIAN_POINT('',(-0.00583850176576434,-0.009,0.00902631691949528));
#6770=CARTESIAN_POINT('',(-2.10896261657901E-16,-0.009,3.67993545749039E-16));
#6771=CARTESIAN_POINT('',(-0.00902631691949528,-0.009,0.00583850176576434));
#6772=CARTESIAN_POINT('',(-0.00902631691949528,5.20417042793042E-18,0.00583850176576434));
#6773=CARTESIAN_POINT('',(-0.00916160463505675,-0.009,0.00592584631553806));
#6774=CARTESIAN_POINT('',(-0.00916160463505675,5.20417042793042E-18,0.00592584631553806));
#6775=CARTESIAN_POINT('',(-0.00936738883931333,-0.009,0.00605874272570213));
#6776=CARTESIAN_POINT('',(-0.00936738883931333,3.46944695195361E-18,0.00605874272570213));
#6777=CARTESIAN_POINT('',(-0.00948156081408229,-0.009,0.00613282558637066));
#6778=CARTESIAN_POINT('',(-0.00948156081408229,6.93889390390723E-18,0.00613282558637066));
#6779=CARTESIAN_POINT('',(-0.00948497142712732,-0.009,0.00613637557621603));
#6780=CARTESIAN_POINT('',(-0.00948497142712732,1.73472347597681E-18,0.00613637557621603));
#6781=CARTESIAN_POINT('',(-0.00954370286295619,-0.009,0.00618150027168836));
#6782=CARTESIAN_POINT('',(-0.00954370286295619,3.46944695195361E-18,0.00618150027168836));
#6783=CARTESIAN_POINT('',(-0.00962781083032033,-0.009,0.00625762573603536));
#6784=CARTESIAN_POINT('',(-0.00962781083032033,8.67361737988404E-18,0.00625762573603536));
#6785=CARTESIAN_POINT('',(-0.00975507464467467,-0.009,0.00638688084937406));
#6786=CARTESIAN_POINT('',(-0.00975507464467467,1.73472347597681E-18,0.00638688084937406));
#6787=CARTESIAN_POINT('',(-0.00996584295767516,-0.009,0.00663970969197448));
#6788=CARTESIAN_POINT('',(-0.00996584295767516,6.93889390390723E-18,0.00663970969197448));
#6789=CARTESIAN_POINT('',(-0.0102352284881605,-0.009,0.00703565445514239));
#6790=CARTESIAN_POINT('',(-0.0102352284881605,3.46944695195361E-18,0.00703565445514239));
#6791=CARTESIAN_POINT('',(-0.0104342567489676,-0.009,0.00742073296071777));
#6792=CARTESIAN_POINT('',(-0.0104342567489676,5.20417042793042E-18,0.00742073296071777));
#6793=CARTESIAN_POINT('',(-0.0105273762217097,-0.009,0.00762721114737106));
#6794=CARTESIAN_POINT('',(-0.0105273762217097,5.20417042793042E-18,0.00762721114737106));
#6795=CARTESIAN_POINT('',(-0.00902631691949528,-0.009,0.00583850176576434));
#6796=CARTESIAN_POINT('',(-0.00956944930893986,-0.009,0.00489776887201004));
#6797=CARTESIAN_POINT('',(-0.00956944930893986,5.20417042793042E-18,0.00489776887201004));
#6798=CARTESIAN_POINT('',(-0.00971273576570676,-0.009,0.00497125919561938));
#6799=CARTESIAN_POINT('',(-0.00971273576570676,5.20417042793042E-18,0.00497125919561938));
#6800=CARTESIAN_POINT('',(-0.00993071953510889,-0.009,0.00508302533912111));
#6801=CARTESIAN_POINT('',(-0.00993071953510889,3.46944695195361E-18,0.00508302533912111));
#6802=CARTESIAN_POINT('',(-0.0100519631618173,-0.009,0.00514485973933698));
#6803=CARTESIAN_POINT('',(-0.0100519631618173,6.93889390390723E-18,0.00514485973933698));
#6804=CARTESIAN_POINT('',(-0.0100567428497291,-0.009,0.0051460384219538));
#6805=CARTESIAN_POINT('',(-0.0100567428497291,1.73472347597681E-18,0.0051460384219538));
#6806=CARTESIAN_POINT('',(-0.0101251877002606,-0.009,0.00517433898964616));
#6807=CARTESIAN_POINT('',(-0.0101251877002606,3.46944695195361E-18,0.00517433898964616));
#6808=CARTESIAN_POINT('',(-0.0102331682699421,-0.009,0.00520911589387067));
#6809=CARTESIAN_POINT('',(-0.0102331682699421,8.67361737988404E-18,0.00520911589387067));
#6810=CARTESIAN_POINT('',(-0.0104087383888396,-0.009,0.00525470203341469));
#6811=CARTESIAN_POINT('',(-0.0104087383888396,1.73472347597681E-18,0.00525470203341469));
#6812=CARTESIAN_POINT('',(-0.0107330787458412,-0.009,0.0053108183254857));
#6813=CARTESIAN_POINT('',(-0.0107330787458412,6.93889390390723E-18,0.0053108183254857));
#6814=CARTESIAN_POINT('',(-0.0112106697344827,-0.009,0.00534614065671389));
#6815=CARTESIAN_POINT('',(-0.0112106697344827,3.46944695195361E-18,0.00534614065671389));
#6816=CARTESIAN_POINT('',(-0.011643671633166,-0.009,0.00532596493385647));
#6817=CARTESIAN_POINT('',(-0.011643671633166,5.20417042793042E-18,0.00532596493385647));
#6818=CARTESIAN_POINT('',(-0.011869046724506,-0.009,0.0053033696695113));
#6819=CARTESIAN_POINT('',(-0.011869046724506,5.20417042793042E-18,0.0053033696695113));
#6820=CARTESIAN_POINT('',(-0.00956944930893986,-0.009,0.00489776887201004));
#6821=CARTESIAN_POINT('',(-3.66638293033432E-16,-0.009,2.13243628218428E-16));
#6822=CARTESIAN_POINT('',(-0.00720763717696597,-0.009,0.0079757423682826));
#6823=CARTESIAN_POINT('',(-0.00720763717696597,5.20417042793042E-18,0.0079757423682826));
#6824=CARTESIAN_POINT('',(-0.0073157086424391,-0.009,0.00809512576205036));
#6825=CARTESIAN_POINT('',(-0.0073157086424391,5.20417042793042E-18,0.00809512576205036));
#6826=CARTESIAN_POINT('',(-0.00748008479799666,-0.009,0.0082767547080918));
#6827=CARTESIAN_POINT('',(-0.00748008479799666,3.46944695195361E-18,0.0082767547080918));
#6828=CARTESIAN_POINT('',(-0.00757119240180771,-0.009,0.00837786313798409));
#6829=CARTESIAN_POINT('',(-0.00757119240180771,6.93889390390723E-18,0.00837786313798409));
#6830=CARTESIAN_POINT('',(-0.00757356799604951,-0.009,0.0083821748964703));
#6831=CARTESIAN_POINT('',(-0.00757356799604951,1.73472347597681E-18,0.0083821748964703));
#6832=CARTESIAN_POINT('',(-0.00761861907613895,-0.009,0.0084409628193692));
#6833=CARTESIAN_POINT('',(-0.00761861907613895,3.46944695195361E-18,0.0084409628193692));
#6834=CARTESIAN_POINT('',(-0.00768015841402237,-0.009,0.00853626311521891));
#6835=CARTESIAN_POINT('',(-0.00768015841402237,8.67361737988404E-18,0.00853626311521891));
#6836=CARTESIAN_POINT('',(-0.00776963213405035,-0.009,0.00869405226627998));
#6837=CARTESIAN_POINT('',(-0.00776963213405035,1.73472347597681E-18,0.00869405226627998));
#6838=CARTESIAN_POINT('',(-0.00790778177132468,-0.009,0.00899281702848714));
#6839=CARTESIAN_POINT('',(-0.00790778177132468,6.93889390390723E-18,0.00899281702848714));
#6840=CARTESIAN_POINT('',(-0.00806551016693253,-0.009,0.00944499240677967));
#6841=CARTESIAN_POINT('',(-0.00806551016693253,3.46944695195361E-18,0.00944499240677967));
#6842=CARTESIAN_POINT('',(-0.00815809105310516,-0.009,0.00986846198487402));
#6843=CARTESIAN_POINT('',(-0.00815809105310516,5.20417042793042E-18,0.00986846198487402));
#6844=CARTESIAN_POINT('',(-0.00819459706965295,-0.009,0.0100920056909435));
#6845=CARTESIAN_POINT('',(-0.00819459706965295,5.20417042793042E-18,0.0100920056909435));
#6846=CARTESIAN_POINT('',(-0.00720763717696596,-0.009,0.0079757423682826));
#6847=CARTESIAN_POINT('',(-0.0079757423682826,-0.009,0.00720763717696597));
#6848=CARTESIAN_POINT('',(-0.0079757423682826,5.20417042793042E-18,0.00720763717696597));
#6849=CARTESIAN_POINT('',(-0.00809512576205036,-0.009,0.0073157086424391));
#6850=CARTESIAN_POINT('',(-0.00809512576205036,5.20417042793042E-18,0.0073157086424391));
#6851=CARTESIAN_POINT('',(-0.0082767547080918,-0.009,0.00748008479799666));
#6852=CARTESIAN_POINT('',(-0.0082767547080918,3.46944695195361E-18,0.00748008479799666));
#6853=CARTESIAN_POINT('',(-0.00837786313798409,-0.009,0.00757119240180771));
#6854=CARTESIAN_POINT('',(-0.00837786313798409,6.93889390390723E-18,0.00757119240180771));
#6855=CARTESIAN_POINT('',(-0.0083821748964703,-0.009,0.00757356799604951));
#6856=CARTESIAN_POINT('',(-0.0083821748964703,1.73472347597681E-18,0.00757356799604951));
#6857=CARTESIAN_POINT('',(-0.0084409628193692,-0.009,0.00761861907613895));
#6858=CARTESIAN_POINT('',(-0.0084409628193692,3.46944695195361E-18,0.00761861907613895));
#6859=CARTESIAN_POINT('',(-0.0085362631152189,-0.009,0.00768015841402237));
#6860=CARTESIAN_POINT('',(-0.0085362631152189,8.67361737988404E-18,0.00768015841402237));
#6861=CARTESIAN_POINT('',(-0.00869405226627999,-0.009,0.00776963213405035));
#6862=CARTESIAN_POINT('',(-0.00869405226627999,1.73472347597681E-18,0.00776963213405035));
#6863=CARTESIAN_POINT('',(-0.00899281702848712,-0.009,0.00790778177132469));
#6864=CARTESIAN_POINT('',(-0.00899281702848712,6.93889390390723E-18,0.00790778177132469));
#6865=CARTESIAN_POINT('',(-0.00944499240677961,-0.009,0.0080655101669325));
#6866=CARTESIAN_POINT('',(-0.00944499240677961,3.46944695195361E-18,0.0080655101669325));
#6867=CARTESIAN_POINT('',(-0.00986846198487415,-0.009,0.00815809105310523));
#6868=CARTESIAN_POINT('',(-0.00986846198487415,5.20417042793042E-18,0.00815809105310523));
#6869=CARTESIAN_POINT('',(-0.0100920056909435,-0.009,0.00819459706965294));
#6870=CARTESIAN_POINT('',(-0.0100920056909435,5.20417042793042E-18,0.00819459706965294));
#6871=CARTESIAN_POINT('',(-0.0079757423682826,-0.009,0.00720763717696597));
#6872=CARTESIAN_POINT('',(-2.98953883917841E-16,-0.009,3.00870500688695E-16));
#6873=CARTESIAN_POINT('',(-0.010229868080655,-0.009,0.00330337691648961));
#6874=CARTESIAN_POINT('',(-0.010229868080655,5.20417042793042E-18,0.00330337691648961));
#6875=CARTESIAN_POINT('',(-0.0103831524120628,-0.009,0.00335273023554592));
#6876=CARTESIAN_POINT('',(-0.0103831524120628,5.20417042793042E-18,0.00335273023554592));
#6877=CARTESIAN_POINT('',(-0.0106163208115728,-0.009,0.00342783743910163));
#6878=CARTESIAN_POINT('',(-0.0106163208115728,3.46944695195361E-18,0.00342783743910163));
#6879=CARTESIAN_POINT('',(-0.0107457765258972,-0.009,0.00346984610601957));
#6880=CARTESIAN_POINT('',(-0.0107457765258972,6.93889390390723E-18,0.00346984610601957));
#6881=CARTESIAN_POINT('',(-0.0107499897301028,-0.009,0.00347239240128274));
#6882=CARTESIAN_POINT('',(-0.0107499897301028,1.73472347597681E-18,0.00347239240128274));
#6883=CARTESIAN_POINT('',(-0.0108183990713776,-0.009,0.00350077869590416));
#6884=CARTESIAN_POINT('',(-0.0108183990713776,3.46944695195361E-18,0.00350077869590416));
#6885=CARTESIAN_POINT('',(-0.0109193438492416,-0.009,0.00355254150415649));
#6886=CARTESIAN_POINT('',(-0.0109193438492416,8.67361737988404E-18,0.00355254150415649));
#6887=CARTESIAN_POINT('',(-0.0110757249392875,-0.009,0.00364445405740297));
#6888=CARTESIAN_POINT('',(-0.0110757249392875,1.73472347597681E-18,0.00364445405740297));
#6889=CARTESIAN_POINT('',(-0.0113447484157942,-0.009,0.00383411711259281));
#6890=CARTESIAN_POINT('',(-0.0113447484157942,6.93889390390723E-18,0.00383411711259281));
#6891=CARTESIAN_POINT('',(-0.011707432902435,-0.009,0.00414684827935602));
#6892=CARTESIAN_POINT('',(-0.011707432902435,3.46944695195361E-18,0.00414684827935602));
#6893=CARTESIAN_POINT('',(-0.0119993450908128,-0.009,0.0044672932486294));
#6894=CARTESIAN_POINT('',(-0.0119993450908128,5.20417042793042E-18,0.0044672932486294));
#6895=CARTESIAN_POINT('',(-0.0121427320815687,-0.009,0.00464263476866771));
#6896=CARTESIAN_POINT('',(-0.0121427320815687,5.20417042793042E-18,0.00464263476866771));
#6897=CARTESIAN_POINT('',(-0.010229868080655,-0.009,0.00330337691648961));
#6898=CARTESIAN_POINT('',(-0.0105110140934556,-0.009,0.00225412571237239));
#6899=CARTESIAN_POINT('',(-0.0105110140934556,5.20417042793042E-18,0.00225412571237239));
#6900=CARTESIAN_POINT('',(-0.010668438877985,-0.009,0.00228802665001246));
#6901=CARTESIAN_POINT('',(-0.010668438877985,5.20417042793042E-18,0.00228802665001246));
#6902=CARTESIAN_POINT('',(-0.0109079222370983,-0.009,0.002339566103481));
#6903=CARTESIAN_POINT('',(-0.0109079222370983,3.46944695195361E-18,0.002339566103481));
#6904=CARTESIAN_POINT('',(-0.0110410385078273,-0.009,0.00236791338791316));
#6905=CARTESIAN_POINT('',(-0.0110410385078273,6.93889390390723E-18,0.00236791338791316));
#6906=CARTESIAN_POINT('',(-0.0110459603973322,-0.009,0.00236781483363252));
#6907=CARTESIAN_POINT('',(-0.0110459603973322,1.73472347597681E-18,0.00236781483363252));
#6908=CARTESIAN_POINT('',(-0.0111193977720431,-0.009,0.00237743625200847));
#6909=CARTESIAN_POINT('',(-0.0111193977720431,3.46944695195361E-18,0.00237743625200847));
#6910=CARTESIAN_POINT('',(-0.0112326999181788,-0.009,0.00238308073402272));
#6911=CARTESIAN_POINT('',(-0.0112326999181788,8.67361737988404E-18,0.00238308073402272));
#6912=CARTESIAN_POINT('',(-0.0114140861914533,-0.009,0.00238167267300751));
#6913=CARTESIAN_POINT('',(-0.0114140861914533,1.73472347597681E-18,0.00238167267300751));
#6914=CARTESIAN_POINT('',(-0.0117418988839175,-0.009,0.00235193138730712));
#6915=CARTESIAN_POINT('',(-0.0117418988839175,6.93889390390723E-18,0.00235193138730712));
#6916=CARTESIAN_POINT('',(-0.0122123584462885,-0.009,0.0022624404956554));
#6917=CARTESIAN_POINT('',(-0.0122123584462885,3.46944695195361E-18,0.0022624404956554));
#6918=CARTESIAN_POINT('',(-0.0126253843017346,-0.009,0.00213088310593862));
#6919=CARTESIAN_POINT('',(-0.0126253843017346,5.20417042793042E-18,0.00213088310593862));
#6920=CARTESIAN_POINT('',(-0.0128372318383206,-0.009,0.00205072639062523));
#6921=CARTESIAN_POINT('',(-0.0128372318383206,5.20417042793042E-18,0.00205072639062523));
#6922=CARTESIAN_POINT('',(-0.0105110140934556,-0.009,0.00225412571237238));
#6923=CARTESIAN_POINT('',(-4.09336908377222E-16,-0.009,1.11084554886833E-16));
#6924=CARTESIAN_POINT('',(-0.0107362706377744,-0.009,0.000543132389444581));
#6925=CARTESIAN_POINT('',(-0.0107362706377744,5.20417042793042E-18,0.000543132389444581));
#6926=CARTESIAN_POINT('',(-0.0108971055111574,-0.009,0.000551131130650004));
#6927=CARTESIAN_POINT('',(-0.0108971055111574,5.20417042793042E-18,0.000551131130650004));
#6928=CARTESIAN_POINT('',(-0.0111417680648232,-0.009,0.000563330695795549));
#6929=CARTESIAN_POINT('',(-0.0111417680648232,3.46944695195361E-18,0.000563330695795549));
#6930=CARTESIAN_POINT('',(-0.0112776853257077,-0.009,0.000570402347735051));
#6931=CARTESIAN_POINT('',(-0.0112776853257077,6.93889390390723E-18,0.000570402347735051));
#6932=CARTESIAN_POINT('',(-0.0112824139981698,-0.009,0.000571771422601791));
#6933=CARTESIAN_POINT('',(-0.0112824139981698,1.73472347597681E-18,0.000571771422601791));
#6934=CARTESIAN_POINT('',(-0.0113558392613345,-0.009,0.000581484837304436));
#6935=CARTESIAN_POINT('',(-0.0113558392613345,3.46944695195361E-18,0.000581484837304436));
#6936=CARTESIAN_POINT('',(-0.011466741629906,-0.009,0.000605357439621758));
#6937=CARTESIAN_POINT('',(-0.011466741629906,8.67361737988404E-18,0.000605357439621758));
#6938=CARTESIAN_POINT('',(-0.0116415828827887,-0.009,0.000653663744164942));
#6939=CARTESIAN_POINT('',(-0.0116415828827887,1.73472347597681E-18,0.000653663744164942));
#6940=CARTESIAN_POINT('',(-0.0119505280174602,-0.009,0.000767235788166062));
#6941=CARTESIAN_POINT('',(-0.0119505280174602,6.93889390390723E-18,0.000767235788166062));
#6942=CARTESIAN_POINT('',(-0.0123817951118563,-0.009,0.000975441246322298));
#6943=CARTESIAN_POINT('',(-0.0123817951118563,3.46944695195361E-18,0.000975441246322298));
#6944=CARTESIAN_POINT('',(-0.0127466978945742,-0.009,0.00120941488419816));
#6945=CARTESIAN_POINT('',(-0.0127466978945742,5.20417042793042E-18,0.00120941488419816));
#6946=CARTESIAN_POINT('',(-0.0129305808168824,-0.009,0.00134167050279635));
#6947=CARTESIAN_POINT('',(-0.0129305808168824,5.20417042793042E-18,0.00134167050279635));
#6948=CARTESIAN_POINT('',(-0.0107362706377744,-0.009,0.000543132389444586));
#6949=CARTESIAN_POINT('',(-0.0107362706377744,-0.009,-0.000543132389444578));
#6950=CARTESIAN_POINT('',(-0.0107362706377744,5.20417042793042E-18,-0.000543132389444578));
#6951=CARTESIAN_POINT('',(-0.0108971055111574,-0.009,-0.000551131130650001));
#6952=CARTESIAN_POINT('',(-0.0108971055111574,5.20417042793042E-18,-0.000551131130650001));
#6953=CARTESIAN_POINT('',(-0.0111417680648232,-0.009,-0.000563330695795547));
#6954=CARTESIAN_POINT('',(-0.0111417680648232,3.46944695195361E-18,-0.000563330695795547));
#6955=CARTESIAN_POINT('',(-0.0112776853257077,-0.009,-0.000570402347735049));
#6956=CARTESIAN_POINT('',(-0.0112776853257077,6.93889390390723E-18,-0.000570402347735049));
#6957=CARTESIAN_POINT('',(-0.0112824139981698,-0.009,-0.000571771422601788));
#6958=CARTESIAN_POINT('',(-0.0112824139981698,1.73472347597681E-18,-0.000571771422601788));
#6959=CARTESIAN_POINT('',(-0.0113558392613345,-0.009,-0.000581484837304433));
#6960=CARTESIAN_POINT('',(-0.0113558392613345,3.46944695195361E-18,-0.000581484837304433));
#6961=CARTESIAN_POINT('',(-0.011466741629906,-0.009,-0.000605357439621755));
#6962=CARTESIAN_POINT('',(-0.011466741629906,8.67361737988404E-18,-0.000605357439621755));
#6963=CARTESIAN_POINT('',(-0.0116415828827888,-0.009,-0.000653663744164939));
#6964=CARTESIAN_POINT('',(-0.0116415828827888,1.73472347597681E-18,-0.000653663744164939));
#6965=CARTESIAN_POINT('',(-0.0119505280174602,-0.009,-0.000767235788166058));
#6966=CARTESIAN_POINT('',(-0.0119505280174602,6.93889390390723E-18,-0.000767235788166058));
#6967=CARTESIAN_POINT('',(-0.0123817951118563,-0.009,-0.000975441246322304));
#6968=CARTESIAN_POINT('',(-0.0123817951118563,3.46944695195361E-18,-0.000975441246322304));
#6969=CARTESIAN_POINT('',(-0.0127466978945742,-0.009,-0.00120941488419814));
#6970=CARTESIAN_POINT('',(-0.0127466978945742,5.20417042793042E-18,-0.00120941488419814));
#6971=CARTESIAN_POINT('',(-0.0129305808168824,-0.009,-0.00134167050279635));
#6972=CARTESIAN_POINT('',(-0.0129305808168824,5.20417042793042E-18,-0.00134167050279635));
#6973=CARTESIAN_POINT('',(-0.0107362706377744,-0.009,-0.00054313238944458));
#6974=CARTESIAN_POINT('',(-4.2413988987633E-16,-0.009,1.35525271560693E-18));
#6975=CARTESIAN_POINT('',(-0.0079757423682826,-0.009,-0.00720763717696597));
#6976=CARTESIAN_POINT('',(-0.0079757423682826,5.20417042793042E-18,-0.00720763717696597));
#6977=CARTESIAN_POINT('',(-0.00809512576205036,-0.009,-0.0073157086424391));
#6978=CARTESIAN_POINT('',(-0.00809512576205036,5.20417042793042E-18,-0.0073157086424391));
#6979=CARTESIAN_POINT('',(-0.0082767547080918,-0.009,-0.00748008479799666));
#6980=CARTESIAN_POINT('',(-0.0082767547080918,3.46944695195361E-18,-0.00748008479799666));
#6981=CARTESIAN_POINT('',(-0.00837786313798409,-0.009,-0.00757119240180771));
#6982=CARTESIAN_POINT('',(-0.00837786313798409,6.93889390390723E-18,-0.00757119240180771));
#6983=CARTESIAN_POINT('',(-0.00838217489647031,-0.009,-0.00757356799604951));
#6984=CARTESIAN_POINT('',(-0.00838217489647031,1.73472347597681E-18,-0.00757356799604951));
#6985=CARTESIAN_POINT('',(-0.00844096281936919,-0.009,-0.00761861907613895));
#6986=CARTESIAN_POINT('',(-0.00844096281936919,3.46944695195361E-18,-0.00761861907613895));
#6987=CARTESIAN_POINT('',(-0.00853626311521891,-0.009,-0.00768015841402237));
#6988=CARTESIAN_POINT('',(-0.00853626311521891,8.67361737988404E-18,-0.00768015841402237));
#6989=CARTESIAN_POINT('',(-0.00869405226627999,-0.009,-0.00776963213405035));
#6990=CARTESIAN_POINT('',(-0.00869405226627999,1.73472347597681E-18,-0.00776963213405035));
#6991=CARTESIAN_POINT('',(-0.00899281702848713,-0.009,-0.00790778177132468));
#6992=CARTESIAN_POINT('',(-0.00899281702848713,6.93889390390723E-18,-0.00790778177132468));
#6993=CARTESIAN_POINT('',(-0.00944499240677967,-0.009,-0.00806551016693253));
#6994=CARTESIAN_POINT('',(-0.00944499240677967,3.46944695195361E-18,-0.00806551016693253));
#6995=CARTESIAN_POINT('',(-0.00986846198487402,-0.009,-0.00815809105310516));
#6996=CARTESIAN_POINT('',(-0.00986846198487402,5.20417042793042E-18,-0.00815809105310516));
#6997=CARTESIAN_POINT('',(-0.0100920056909435,-0.009,-0.00819459706965295));
#6998=CARTESIAN_POINT('',(-0.0100920056909435,5.20417042793042E-18,-0.00819459706965295));
#6999=CARTESIAN_POINT('',(-0.0079757423682826,-0.009,-0.00720763717696596));
#7000=CARTESIAN_POINT('',(-0.00720763717696597,-0.009,-0.0079757423682826));
#7001=CARTESIAN_POINT('',(-0.00720763717696597,5.20417042793042E-18,-0.0079757423682826));
#7002=CARTESIAN_POINT('',(-0.0073157086424391,-0.009,-0.00809512576205036));
#7003=CARTESIAN_POINT('',(-0.0073157086424391,5.20417042793042E-18,-0.00809512576205036));
#7004=CARTESIAN_POINT('',(-0.00748008479799666,-0.009,-0.0082767547080918));
#7005=CARTESIAN_POINT('',(-0.00748008479799666,3.46944695195361E-18,-0.0082767547080918));
#7006=CARTESIAN_POINT('',(-0.00757119240180772,-0.009,-0.00837786313798409));
#7007=CARTESIAN_POINT('',(-0.00757119240180772,6.93889390390723E-18,-0.00837786313798409));
#7008=CARTESIAN_POINT('',(-0.0075735679960495,-0.009,-0.0083821748964703));
#7009=CARTESIAN_POINT('',(-0.0075735679960495,1.73472347597681E-18,-0.0083821748964703));
#7010=CARTESIAN_POINT('',(-0.00761861907613895,-0.009,-0.0084409628193692));
#7011=CARTESIAN_POINT('',(-0.00761861907613895,3.46944695195361E-18,-0.0084409628193692));
#7012=CARTESIAN_POINT('',(-0.00768015841402237,-0.009,-0.0085362631152189));
#7013=CARTESIAN_POINT('',(-0.00768015841402237,8.67361737988404E-18,-0.0085362631152189));
#7014=CARTESIAN_POINT('',(-0.00776963213405035,-0.009,-0.00869405226627999));
#7015=CARTESIAN_POINT('',(-0.00776963213405035,1.73472347597681E-18,-0.00869405226627999));
#7016=CARTESIAN_POINT('',(-0.00790778177132469,-0.009,-0.00899281702848712));
#7017=CARTESIAN_POINT('',(-0.00790778177132469,6.93889390390723E-18,-0.00899281702848712));
#7018=CARTESIAN_POINT('',(-0.00806551016693249,-0.009,-0.00944499240677961));
#7019=CARTESIAN_POINT('',(-0.00806551016693249,3.46944695195361E-18,-0.00944499240677961));
#7020=CARTESIAN_POINT('',(-0.00815809105310524,-0.009,-0.00986846198487415));
#7021=CARTESIAN_POINT('',(-0.00815809105310524,5.20417042793042E-18,-0.00986846198487415));
#7022=CARTESIAN_POINT('',(-0.00819459706965295,-0.009,-0.0100920056909435));
#7023=CARTESIAN_POINT('',(-0.00819459706965295,5.20417042793042E-18,-0.0100920056909435));
#7024=CARTESIAN_POINT('',(-0.00720763717696597,-0.009,-0.0079757423682826));
#7025=CARTESIAN_POINT('',(-3.00870500688695E-16,-0.009,-2.98953883917841E-16));
#7026=CARTESIAN_POINT('',(-0.00583850176576434,-0.009,-0.00902631691949528));
#7027=CARTESIAN_POINT('',(-0.00583850176576434,5.20417042793042E-18,-0.00902631691949528));
#7028=CARTESIAN_POINT('',(-0.00592584631553807,-0.009,-0.00916160463505675));
#7029=CARTESIAN_POINT('',(-0.00592584631553807,5.20417042793042E-18,-0.00916160463505675));
#7030=CARTESIAN_POINT('',(-0.00605874272570214,-0.009,-0.00936738883931333));
#7031=CARTESIAN_POINT('',(-0.00605874272570214,3.46944695195361E-18,-0.00936738883931333));
#7032=CARTESIAN_POINT('',(-0.00613282558637068,-0.009,-0.00948156081408228));
#7033=CARTESIAN_POINT('',(-0.00613282558637068,6.93889390390723E-18,-0.00948156081408228));
#7034=CARTESIAN_POINT('',(-0.00613637557621603,-0.009,-0.00948497142712732));
#7035=CARTESIAN_POINT('',(-0.00613637557621603,1.73472347597681E-18,-0.00948497142712732));
#7036=CARTESIAN_POINT('',(-0.00618150027168836,-0.009,-0.00954370286295618));
#7037=CARTESIAN_POINT('',(-0.00618150027168836,3.46944695195361E-18,-0.00954370286295618));
#7038=CARTESIAN_POINT('',(-0.00625762573603537,-0.009,-0.00962781083032033));
#7039=CARTESIAN_POINT('',(-0.00625762573603537,8.67361737988404E-18,-0.00962781083032033));
#7040=CARTESIAN_POINT('',(-0.00638688084937408,-0.009,-0.00975507464467467));
#7041=CARTESIAN_POINT('',(-0.00638688084937408,1.73472347597681E-18,-0.00975507464467467));
#7042=CARTESIAN_POINT('',(-0.00663970969197447,-0.009,-0.00996584295767514));
#7043=CARTESIAN_POINT('',(-0.00663970969197447,6.93889390390723E-18,-0.00996584295767514));
#7044=CARTESIAN_POINT('',(-0.00703565445514244,-0.009,-0.0102352284881605));
#7045=CARTESIAN_POINT('',(-0.00703565445514244,3.46944695195361E-18,-0.0102352284881605));
#7046=CARTESIAN_POINT('',(-0.0074207329607177,-0.009,-0.0104342567489676));
#7047=CARTESIAN_POINT('',(-0.0074207329607177,5.20417042793042E-18,-0.0104342567489676));
#7048=CARTESIAN_POINT('',(-0.00762721114737107,-0.009,-0.0105273762217097));
#7049=CARTESIAN_POINT('',(-0.00762721114737107,5.20417042793042E-18,-0.0105273762217097));
#7050=CARTESIAN_POINT('',(-0.00583850176576435,-0.009,-0.00902631691949527));
#7051=CARTESIAN_POINT('',(-0.00489776887201004,-0.009,-0.00956944930893986));
#7052=CARTESIAN_POINT('',(-0.00489776887201004,5.20417042793042E-18,-0.00956944930893986));
#7053=CARTESIAN_POINT('',(-0.00497125919561938,-0.009,-0.00971273576570675));
#7054=CARTESIAN_POINT('',(-0.00497125919561938,5.20417042793042E-18,-0.00971273576570675));
#7055=CARTESIAN_POINT('',(-0.00508302533912112,-0.009,-0.00993071953510888));
#7056=CARTESIAN_POINT('',(-0.00508302533912112,3.46944695195361E-18,-0.00993071953510888));
#7057=CARTESIAN_POINT('',(-0.005144859739337,-0.009,-0.0100519631618173));
#7058=CARTESIAN_POINT('',(-0.005144859739337,6.93889390390723E-18,-0.0100519631618173));
#7059=CARTESIAN_POINT('',(-0.0051460384219538,-0.009,-0.0100567428497291));
#7060=CARTESIAN_POINT('',(-0.0051460384219538,1.73472347597681E-18,-0.0100567428497291));
#7061=CARTESIAN_POINT('',(-0.00517433898964616,-0.009,-0.0101251877002606));
#7062=CARTESIAN_POINT('',(-0.00517433898964616,3.46944695195361E-18,-0.0101251877002606));
#7063=CARTESIAN_POINT('',(-0.00520911589387068,-0.009,-0.0102331682699421));
#7064=CARTESIAN_POINT('',(-0.00520911589387068,8.67361737988404E-18,-0.0102331682699421));
#7065=CARTESIAN_POINT('',(-0.00525470203341469,-0.009,-0.0104087383888396));
#7066=CARTESIAN_POINT('',(-0.00525470203341469,1.73472347597681E-18,-0.0104087383888396));
#7067=CARTESIAN_POINT('',(-0.00531081832548571,-0.009,-0.0107330787458412));
#7068=CARTESIAN_POINT('',(-0.00531081832548571,6.93889390390723E-18,-0.0107330787458412));
#7069=CARTESIAN_POINT('',(-0.0053461406567139,-0.009,-0.0112106697344827));
#7070=CARTESIAN_POINT('',(-0.0053461406567139,3.46944695195361E-18,-0.0112106697344827));
#7071=CARTESIAN_POINT('',(-0.00532596493385648,-0.009,-0.011643671633166));
#7072=CARTESIAN_POINT('',(-0.00532596493385648,5.20417042793042E-18,-0.011643671633166));
#7073=CARTESIAN_POINT('',(-0.00530336966951131,-0.009,-0.011869046724506));
#7074=CARTESIAN_POINT('',(-0.00530336966951131,5.20417042793042E-18,-0.011869046724506));
#7075=CARTESIAN_POINT('',(-0.00489776887201004,-0.009,-0.00956944930893986));
#7076=CARTESIAN_POINT('',(-2.13243628218428E-16,-0.009,-3.66638293033432E-16));
#7077=CARTESIAN_POINT('',(-0.00956944930893986,-0.009,-0.00489776887201004));
#7078=CARTESIAN_POINT('',(-0.00956944930893986,5.20417042793042E-18,-0.00489776887201004));
#7079=CARTESIAN_POINT('',(-0.00971273576570676,-0.009,-0.00497125919561938));
#7080=CARTESIAN_POINT('',(-0.00971273576570676,5.20417042793042E-18,-0.00497125919561938));
#7081=CARTESIAN_POINT('',(-0.00993071953510889,-0.009,-0.00508302533912111));
#7082=CARTESIAN_POINT('',(-0.00993071953510889,3.46944695195361E-18,-0.00508302533912111));
#7083=CARTESIAN_POINT('',(-0.0100519631618173,-0.009,-0.00514485973933698));
#7084=CARTESIAN_POINT('',(-0.0100519631618173,6.93889390390723E-18,-0.00514485973933698));
#7085=CARTESIAN_POINT('',(-0.0100567428497291,-0.009,-0.0051460384219538));
#7086=CARTESIAN_POINT('',(-0.0100567428497291,1.73472347597681E-18,-0.0051460384219538));
#7087=CARTESIAN_POINT('',(-0.0101251877002606,-0.009,-0.00517433898964616));
#7088=CARTESIAN_POINT('',(-0.0101251877002606,3.46944695195361E-18,-0.00517433898964616));
#7089=CARTESIAN_POINT('',(-0.0102331682699421,-0.009,-0.00520911589387067));
#7090=CARTESIAN_POINT('',(-0.0102331682699421,8.67361737988404E-18,-0.00520911589387067));
#7091=CARTESIAN_POINT('',(-0.0104087383888396,-0.009,-0.00525470203341469));
#7092=CARTESIAN_POINT('',(-0.0104087383888396,1.73472347597681E-18,-0.00525470203341469));
#7093=CARTESIAN_POINT('',(-0.0107330787458412,-0.009,-0.0053108183254857));
#7094=CARTESIAN_POINT('',(-0.0107330787458412,6.93889390390723E-18,-0.0053108183254857));
#7095=CARTESIAN_POINT('',(-0.0112106697344827,-0.009,-0.0053461406567139));
#7096=CARTESIAN_POINT('',(-0.0112106697344827,3.46944695195361E-18,-0.0053461406567139));
#7097=CARTESIAN_POINT('',(-0.011643671633166,-0.009,-0.00532596493385648));
#7098=CARTESIAN_POINT('',(-0.011643671633166,5.20417042793042E-18,-0.00532596493385648));
#7099=CARTESIAN_POINT('',(-0.011869046724506,-0.009,-0.00530336966951131));
#7100=CARTESIAN_POINT('',(-0.011869046724506,5.20417042793042E-18,-0.00530336966951131));
#7101=CARTESIAN_POINT('',(-0.00956944930893986,-0.009,-0.00489776887201004));
#7102=CARTESIAN_POINT('',(-0.00902631691949528,-0.009,-0.00583850176576434));
#7103=CARTESIAN_POINT('',(-0.00902631691949528,5.20417042793042E-18,-0.00583850176576434));
#7104=CARTESIAN_POINT('',(-0.00916160463505675,-0.009,-0.00592584631553806));
#7105=CARTESIAN_POINT('',(-0.00916160463505675,5.20417042793042E-18,-0.00592584631553806));
#7106=CARTESIAN_POINT('',(-0.00936738883931333,-0.009,-0.00605874272570213));
#7107=CARTESIAN_POINT('',(-0.00936738883931333,3.46944695195361E-18,-0.00605874272570213));
#7108=CARTESIAN_POINT('',(-0.00948156081408229,-0.009,-0.00613282558637066));
#7109=CARTESIAN_POINT('',(-0.00948156081408229,6.93889390390723E-18,-0.00613282558637066));
#7110=CARTESIAN_POINT('',(-0.00948497142712733,-0.009,-0.00613637557621603));
#7111=CARTESIAN_POINT('',(-0.00948497142712733,1.73472347597681E-18,-0.00613637557621603));
#7112=CARTESIAN_POINT('',(-0.00954370286295618,-0.009,-0.00618150027168836));
#7113=CARTESIAN_POINT('',(-0.00954370286295618,3.46944695195361E-18,-0.00618150027168836));
#7114=CARTESIAN_POINT('',(-0.00962781083032033,-0.009,-0.00625762573603536));
#7115=CARTESIAN_POINT('',(-0.00962781083032033,8.67361737988404E-18,-0.00625762573603536));
#7116=CARTESIAN_POINT('',(-0.00975507464467467,-0.009,-0.00638688084937407));
#7117=CARTESIAN_POINT('',(-0.00975507464467467,1.73472347597681E-18,-0.00638688084937407));
#7118=CARTESIAN_POINT('',(-0.00996584295767516,-0.009,-0.00663970969197447));
#7119=CARTESIAN_POINT('',(-0.00996584295767516,6.93889390390723E-18,-0.00663970969197447));
#7120=CARTESIAN_POINT('',(-0.0102352284881605,-0.009,-0.00703565445514243));
#7121=CARTESIAN_POINT('',(-0.0102352284881605,3.46944695195361E-18,-0.00703565445514243));
#7122=CARTESIAN_POINT('',(-0.0104342567489676,-0.009,-0.0074207329607177));
#7123=CARTESIAN_POINT('',(-0.0104342567489676,5.20417042793042E-18,-0.0074207329607177));
#7124=CARTESIAN_POINT('',(-0.0105273762217097,-0.009,-0.00762721114737107));
#7125=CARTESIAN_POINT('',(-0.0105273762217097,5.20417042793042E-18,-0.00762721114737107));
#7126=CARTESIAN_POINT('',(-0.00902631691949528,-0.009,-0.00583850176576434));
#7127=CARTESIAN_POINT('',(-3.67993545749039E-16,-0.009,-2.10896261657901E-16));
#7128=CARTESIAN_POINT('',(-0.0105110140934556,-0.009,-0.00225412571237238));
#7129=CARTESIAN_POINT('',(-0.0105110140934556,5.20417042793042E-18,-0.00225412571237238));
#7130=CARTESIAN_POINT('',(-0.010668438877985,-0.009,-0.00228802665001245));
#7131=CARTESIAN_POINT('',(-0.010668438877985,5.20417042793042E-18,-0.00228802665001245));
#7132=CARTESIAN_POINT('',(-0.0109079222370983,-0.009,-0.002339566103481));
#7133=CARTESIAN_POINT('',(-0.0109079222370983,3.46944695195361E-18,-0.002339566103481));
#7134=CARTESIAN_POINT('',(-0.0110410385078273,-0.009,-0.00236791338791317));
#7135=CARTESIAN_POINT('',(-0.0110410385078273,6.93889390390723E-18,-0.00236791338791317));
#7136=CARTESIAN_POINT('',(-0.0110459603973322,-0.009,-0.00236781483363252));
#7137=CARTESIAN_POINT('',(-0.0110459603973322,1.73472347597681E-18,-0.00236781483363252));
#7138=CARTESIAN_POINT('',(-0.0111193977720431,-0.009,-0.00237743625200846));
#7139=CARTESIAN_POINT('',(-0.0111193977720431,3.46944695195361E-18,-0.00237743625200846));
#7140=CARTESIAN_POINT('',(-0.0112326999181789,-0.009,-0.00238308073402272));
#7141=CARTESIAN_POINT('',(-0.0112326999181789,8.67361737988404E-18,-0.00238308073402272));
#7142=CARTESIAN_POINT('',(-0.0114140861914533,-0.009,-0.00238167267300751));
#7143=CARTESIAN_POINT('',(-0.0114140861914533,1.73472347597681E-18,-0.00238167267300751));
#7144=CARTESIAN_POINT('',(-0.0117418988839175,-0.009,-0.00235193138730711));
#7145=CARTESIAN_POINT('',(-0.0117418988839175,6.93889390390723E-18,-0.00235193138730711));
#7146=CARTESIAN_POINT('',(-0.0122123584462885,-0.009,-0.00226244049565542));
#7147=CARTESIAN_POINT('',(-0.0122123584462885,3.46944695195361E-18,-0.00226244049565542));
#7148=CARTESIAN_POINT('',(-0.0126253843017346,-0.009,-0.00213088310593858));
#7149=CARTESIAN_POINT('',(-0.0126253843017346,5.20417042793042E-18,-0.00213088310593858));
#7150=CARTESIAN_POINT('',(-0.0128372318383206,-0.009,-0.00205072639062523));
#7151=CARTESIAN_POINT('',(-0.0128372318383206,5.20417042793042E-18,-0.00205072639062523));
#7152=CARTESIAN_POINT('',(-0.0105110140934556,-0.009,-0.00225412571237238));
#7153=CARTESIAN_POINT('',(-0.010229868080655,-0.009,-0.00330337691648961));
#7154=CARTESIAN_POINT('',(-0.010229868080655,5.20417042793042E-18,-0.00330337691648961));
#7155=CARTESIAN_POINT('',(-0.0103831524120628,-0.009,-0.00335273023554592));
#7156=CARTESIAN_POINT('',(-0.0103831524120628,5.20417042793042E-18,-0.00335273023554592));
#7157=CARTESIAN_POINT('',(-0.0106163208115728,-0.009,-0.00342783743910163));
#7158=CARTESIAN_POINT('',(-0.0106163208115728,3.46944695195361E-18,-0.00342783743910163));
#7159=CARTESIAN_POINT('',(-0.0107457765258972,-0.009,-0.00346984610601957));
#7160=CARTESIAN_POINT('',(-0.0107457765258972,6.93889390390723E-18,-0.00346984610601957));
#7161=CARTESIAN_POINT('',(-0.0107499897301028,-0.009,-0.00347239240128274));
#7162=CARTESIAN_POINT('',(-0.0107499897301028,1.73472347597681E-18,-0.00347239240128274));
#7163=CARTESIAN_POINT('',(-0.0108183990713776,-0.009,-0.00350077869590416));
#7164=CARTESIAN_POINT('',(-0.0108183990713776,3.46944695195361E-18,-0.00350077869590416));
#7165=CARTESIAN_POINT('',(-0.0109193438492416,-0.009,-0.00355254150415648));
#7166=CARTESIAN_POINT('',(-0.0109193438492416,8.67361737988404E-18,-0.00355254150415648));
#7167=CARTESIAN_POINT('',(-0.0110757249392875,-0.009,-0.00364445405740296));
#7168=CARTESIAN_POINT('',(-0.0110757249392875,1.73472347597681E-18,-0.00364445405740296));
#7169=CARTESIAN_POINT('',(-0.0113447484157942,-0.009,-0.00383411711259281));
#7170=CARTESIAN_POINT('',(-0.0113447484157942,6.93889390390723E-18,-0.00383411711259281));
#7171=CARTESIAN_POINT('',(-0.011707432902435,-0.009,-0.00414684827935603));
#7172=CARTESIAN_POINT('',(-0.011707432902435,3.46944695195361E-18,-0.00414684827935603));
#7173=CARTESIAN_POINT('',(-0.0119993450908128,-0.009,-0.00446729324862938));
#7174=CARTESIAN_POINT('',(-0.0119993450908128,5.20417042793042E-18,-0.00446729324862938));
#7175=CARTESIAN_POINT('',(-0.0121427320815687,-0.009,-0.0046426347686677));
#7176=CARTESIAN_POINT('',(-0.0121427320815687,5.20417042793042E-18,-0.0046426347686677));
#7177=CARTESIAN_POINT('',(-0.010229868080655,-0.009,-0.00330337691648961));
#7178=CARTESIAN_POINT('',(-4.10038438804674E-16,-0.009,-1.08466407688527E-16));
#7179=CARTESIAN_POINT('',(-0.00447554627370875,-0.009,0.00255953311458579));
#7180=CARTESIAN_POINT('',(-0.00447554627370875,-0.0062,0.00255953311458579));
#7181=CARTESIAN_POINT('',(-0.00224975663390288,-0.0062,0.00268115555091643));
#7182=CARTESIAN_POINT('',(-0.00670133591351461,-0.0062,0.00243791067825517));
#7183=CARTESIAN_POINT('',(-0.00224975663390288,-0.009,0.00268115555091643));
#7184=CARTESIAN_POINT('',(-0.00670133591351461,-0.009,0.00243791067825517));
#7185=CARTESIAN_POINT('',(-4.33680868994202E-19,-0.009,-5.53808269405917E-19));
#7186=CARTESIAN_POINT('',(-4.33680868994202E-19,-0.0062,-5.53808269405917E-19));
#7187=CARTESIAN_POINT('',(-0.00224975663390288,-0.0062,-0.00268115555091643));
#7188=CARTESIAN_POINT('',(-0.00224975663390288,-0.009,-0.00268115555091643));
#7189=CARTESIAN_POINT('',(-0.00447554627370875,-0.009,-0.00255953311458579));
#7190=CARTESIAN_POINT('',(-0.00447554627370875,-0.0062,-0.00255953311458579));
#7191=CARTESIAN_POINT('',(-0.00670133591351461,-0.0062,-0.00243791067825517));
#7192=CARTESIAN_POINT('',(-0.00670133591351461,-0.009,-0.00243791067825517));
#7193=CARTESIAN_POINT('',(-0.00670133591351461,-0.009,-0.00121895533912758));
#7194=CARTESIAN_POINT('',(-0.00670133591351461,-0.0062,-0.00121895533912758));
#7195=CARTESIAN_POINT('',(0.,-0.0062,0.));
#7196=MECHANICAL_DESIGN_GEOMETRIC_PRESENTATION_REPRESENTATION('',(#1933),
#7197);
#7197=(
GEOMETRIC_REPRESENTATION_CONTEXT(3)
GLOBAL_UNCERTAINTY_ASSIGNED_CONTEXT((#7198))
GLOBAL_UNIT_ASSIGNED_CONTEXT((#7201,#7200,#7199))
REPRESENTATION_CONTEXT('Pignon','TOP_LEVEL_ASSEMBLY_PART')
);
#7198=UNCERTAINTY_MEASURE_WITH_UNIT(LENGTH_MEASURE(2.E-5),#7201,
'DISTANCE_ACCURACY_VALUE','Maximum Tolerance applied to model');
#7199=(
NAMED_UNIT(*)
SI_UNIT($,.STERADIAN.)
SOLID_ANGLE_UNIT()
);
#7200=(
NAMED_UNIT(*)
PLANE_ANGLE_UNIT()
SI_UNIT($,.RADIAN.)
);
#7201=(
LENGTH_UNIT()
NAMED_UNIT(*)
SI_UNIT($,.METRE.)
);
#7202=PRODUCT_DEFINITION_SHAPE('','',#7203);
#7203=PRODUCT_DEFINITION('','',#7205,#7204);
#7204=PRODUCT_DEFINITION_CONTEXT('',#7211,'design');
#7205=PRODUCT_DEFINITION_FORMATION_WITH_SPECIFIED_SOURCE('','',#7207,
 .NOT_KNOWN.);
#7206=PRODUCT_RELATED_PRODUCT_CATEGORY('','',(#7207));
#7207=PRODUCT('Pignon','Pignon','Pignon',(#7209));
#7208=PRODUCT_CATEGORY('','');
#7209=PRODUCT_CONTEXT('',#7211,'mechanical');
#7210=APPLICATION_PROTOCOL_DEFINITION('international standard',
'ap242_managed_model_based_3d_engineering',2020,#7211);
#7211=APPLICATION_CONTEXT('managed model based 3d engineering');
ENDSEC;
END-ISO-10303-21;
