ISO-10303-21;
HEADER;
/*Generated by software containing ST-Developer
 * from STEP Tools, Inc. (www.steptools.com) 
 */
/*OPTION: using custom renumber hook */
/*description */
/*implementation_level */
FILE_DESCRIPTION(('STEP AP242 Edition 2','STEP AP242 Edition 2''CAx-IF Rec.Pracs.---Representation and Presentation of Product Manufa
cturing Information (PMI)---4.0---2014-10-13','STEP AP242 Edition 2''CAx-IF Rec.Pracs.---Representation and Presentation of Product Manufa
cturing Information (PMI)---4.0---2014-10-13''CAx-IF Rec.Pracs.---3D Tessellated Geometry---0.4---2014-09-14','STEP AP242 Edition 2''CAx-IF Rec.Pracs.---Representation and Presentation of Product Manufa
cturing Information (PMI)---4.0---2014-10-13''CAx-IF Rec.Pracs.---3D Tessellated Geometry---0.4---2014-09-14''2;1','STEP AP242 Edition 2''CAx-IF Rec.Pracs.---Representation and Presentation of Product Manufa
cturing Information (PMI)---4.0---2014-10-13''CAx-IF Rec.Pracs.---3D Tessellated Geometry---0.4---2014-09-14''2;1''CAx-IF Rec.Pracs.---User Defined Attributes---1.5---2016-08-15'),'2;1');
/*name */
/*time_stamp */
/*author */
/*organization */
/*preprocessor_version */
/*originating_system */
/*authorisation */
FILE_NAME('/vol/tmp/translate-1231140188500324849/Gt Timing Belt Pulley Bras1 - Gt Timing Belt Pulley Bras1.step','2026-04-15T18:29:01',(''),(''),'ST-DEVELOPER v20','ONSHAPE BY PTC INC, 1.213','  ');
FILE_SCHEMA(('AP242_MANAGED_MODEL_BASED_3D_ENGINEERING_MIM_LF { 1 0 10303 442 3 1 4 }'));
ENDSEC;
DATA;
#10=SHAPE_REPRESENTATION_RELATIONSHIP('','',#4557,#11);
#11=ADVANCED_BREP_SHAPE_REPRESENTATION('',(#4555),#8351);
#12=CONICAL_SURFACE('',#5201,0.0140335,1.11167869813271);
#13=CONICAL_SURFACE('',#5202,0.0126175,1.11167869813271);
#14=LINE('',#6969,#230);
#15=LINE('',#6973,#231);
#16=LINE('',#6977,#232);
#17=LINE('',#6983,#233);
#18=LINE('',#6989,#234);
#19=LINE('',#6996,#235);
#20=LINE('',#7000,#236);
#21=LINE('',#7005,#237);
#22=LINE('',#7009,#238);
#23=LINE('',#7015,#239);
#24=LINE('',#7023,#240);
#25=LINE('',#7027,#241);
#26=LINE('',#7032,#242);
#27=LINE('',#7036,#243);
#28=LINE('',#7042,#244);
#29=LINE('',#7050,#245);
#30=LINE('',#7054,#246);
#31=LINE('',#7059,#247);
#32=LINE('',#7063,#248);
#33=LINE('',#7069,#249);
#34=LINE('',#7077,#250);
#35=LINE('',#7081,#251);
#36=LINE('',#7086,#252);
#37=LINE('',#7090,#253);
#38=LINE('',#7098,#254);
#39=LINE('',#7102,#255);
#40=LINE('',#7106,#256);
#41=LINE('',#7113,#257);
#42=LINE('',#7117,#258);
#43=LINE('',#7125,#259);
#44=LINE('',#7129,#260);
#45=LINE('',#7133,#261);
#46=LINE('',#7140,#262);
#47=LINE('',#7144,#263);
#48=LINE('',#7152,#264);
#49=LINE('',#7156,#265);
#50=LINE('',#7160,#266);
#51=LINE('',#7167,#267);
#52=LINE('',#7171,#268);
#53=LINE('',#7179,#269);
#54=LINE('',#7183,#270);
#55=LINE('',#7187,#271);
#56=LINE('',#7194,#272);
#57=LINE('',#7198,#273);
#58=LINE('',#7206,#274);
#59=LINE('',#7210,#275);
#60=LINE('',#7215,#276);
#61=LINE('',#7219,#277);
#62=LINE('',#7225,#278);
#63=LINE('',#7231,#279);
#64=LINE('',#7236,#280);
#65=LINE('',#7240,#281);
#66=LINE('',#7245,#282);
#67=LINE('',#7249,#283);
#68=LINE('',#7253,#284);
#69=LINE('',#7261,#285);
#70=LINE('',#7266,#286);
#71=LINE('',#7270,#287);
#72=LINE('',#7275,#288);
#73=LINE('',#7279,#289);
#74=LINE('',#7283,#290);
#75=LINE('',#7291,#291);
#76=LINE('',#7296,#292);
#77=LINE('',#7300,#293);
#78=LINE('',#7305,#294);
#79=LINE('',#7309,#295);
#80=LINE('',#7313,#296);
#81=LINE('',#7321,#297);
#82=LINE('',#7326,#298);
#83=LINE('',#7330,#299);
#84=LINE('',#7335,#300);
#85=LINE('',#7339,#301);
#86=LINE('',#7343,#302);
#87=LINE('',#7351,#303);
#88=LINE('',#7356,#304);
#89=LINE('',#7360,#305);
#90=LINE('',#7365,#306);
#91=LINE('',#7369,#307);
#92=LINE('',#7373,#308);
#93=LINE('',#7381,#309);
#94=LINE('',#7386,#310);
#95=LINE('',#7390,#311);
#96=LINE('',#7395,#312);
#97=LINE('',#7399,#313);
#98=LINE('',#7403,#314);
#99=LINE('',#7411,#315);
#100=LINE('',#7416,#316);
#101=LINE('',#7420,#317);
#102=LINE('',#7425,#318);
#103=LINE('',#7429,#319);
#104=LINE('',#7433,#320);
#105=LINE('',#7441,#321);
#106=LINE('',#7446,#322);
#107=LINE('',#7450,#323);
#108=LINE('',#7455,#324);
#109=LINE('',#7459,#325);
#110=LINE('',#7463,#326);
#111=LINE('',#7469,#327);
#112=LINE('',#7476,#328);
#113=LINE('',#7480,#329);
#114=LINE('',#7485,#330);
#115=LINE('',#7489,#331);
#116=LINE('',#7493,#332);
#117=LINE('',#7499,#333);
#118=LINE('',#7506,#334);
#119=LINE('',#7510,#335);
#120=LINE('',#7515,#336);
#121=LINE('',#7519,#337);
#122=LINE('',#7525,#338);
#123=LINE('',#7529,#339);
#124=LINE('',#7536,#340);
#125=LINE('',#7540,#341);
#126=LINE('',#7545,#342);
#127=LINE('',#7549,#343);
#128=LINE('',#7555,#344);
#129=LINE('',#7559,#345);
#130=LINE('',#7566,#346);
#131=LINE('',#7570,#347);
#132=LINE('',#7575,#348);
#133=LINE('',#7579,#349);
#134=LINE('',#7585,#350);
#135=LINE('',#7589,#351);
#136=LINE('',#7596,#352);
#137=LINE('',#7600,#353);
#138=LINE('',#7605,#354);
#139=LINE('',#7609,#355);
#140=LINE('',#7615,#356);
#141=LINE('',#7619,#357);
#142=LINE('',#7626,#358);
#143=LINE('',#7630,#359);
#144=LINE('',#7635,#360);
#145=LINE('',#7639,#361);
#146=LINE('',#7645,#362);
#147=LINE('',#7649,#363);
#148=LINE('',#7656,#364);
#149=LINE('',#7660,#365);
#150=LINE('',#7665,#366);
#151=LINE('',#7669,#367);
#152=LINE('',#7675,#368);
#153=LINE('',#7679,#369);
#154=LINE('',#7686,#370);
#155=LINE('',#7690,#371);
#156=LINE('',#7695,#372);
#157=LINE('',#7699,#373);
#158=LINE('',#7705,#374);
#159=LINE('',#7711,#375);
#160=LINE('',#7716,#376);
#161=LINE('',#7720,#377);
#162=LINE('',#7725,#378);
#163=LINE('',#7729,#379);
#164=LINE('',#7735,#380);
#165=LINE('',#7739,#381);
#166=LINE('',#7749,#382);
#167=LINE('',#7753,#383);
#168=LINE('',#7758,#384);
#169=LINE('',#7762,#385);
#170=LINE('',#7766,#386);
#171=LINE('',#7776,#387);
#172=LINE('',#7780,#388);
#173=LINE('',#7785,#389);
#174=LINE('',#7789,#390);
#175=LINE('',#7793,#391);
#176=LINE('',#7803,#392);
#177=LINE('',#7807,#393);
#178=LINE('',#7812,#394);
#179=LINE('',#7816,#395);
#180=LINE('',#7820,#396);
#181=LINE('',#7830,#397);
#182=LINE('',#7834,#398);
#183=LINE('',#7839,#399);
#184=LINE('',#7843,#400);
#185=LINE('',#7847,#401);
#186=LINE('',#7857,#402);
#187=LINE('',#7861,#403);
#188=LINE('',#7867,#404);
#189=LINE('',#7872,#405);
#190=LINE('',#7876,#406);
#191=LINE('',#7884,#407);
#192=LINE('',#7888,#408);
#193=LINE('',#7894,#409);
#194=LINE('',#7899,#410);
#195=LINE('',#7903,#411);
#196=LINE('',#7911,#412);
#197=LINE('',#7915,#413);
#198=LINE('',#7921,#414);
#199=LINE('',#7926,#415);
#200=LINE('',#7930,#416);
#201=LINE('',#7938,#417);
#202=LINE('',#7942,#418);
#203=LINE('',#7948,#419);
#204=LINE('',#7953,#420);
#205=LINE('',#7957,#421);
#206=LINE('',#7965,#422);
#207=LINE('',#7969,#423);
#208=LINE('',#7973,#424);
#209=LINE('',#7979,#425);
#210=LINE('',#7985,#426);
#211=LINE('',#7991,#427);
#212=LINE('',#8199,#428);
#213=LINE('',#8201,#429);
#214=LINE('',#8203,#430);
#215=LINE('',#8205,#431);
#216=LINE('',#8207,#432);
#217=LINE('',#8209,#433);
#218=LINE('',#8211,#434);
#219=LINE('',#8213,#435);
#220=LINE('',#8215,#436);
#221=LINE('',#8234,#437);
#222=LINE('',#8236,#438);
#223=LINE('',#8238,#439);
#224=LINE('',#8240,#440);
#225=LINE('',#8242,#441);
#226=LINE('',#8244,#442);
#227=LINE('',#8246,#443);
#228=LINE('',#8248,#444);
#229=LINE('',#8250,#445);
#230=VECTOR('',#5312,1.);
#231=VECTOR('',#5315,1.);
#232=VECTOR('',#5320,1.);
#233=VECTOR('',#5327,1.);
#234=VECTOR('',#5334,1.);
#235=VECTOR('',#5341,1.);
#236=VECTOR('',#5344,1.);
#237=VECTOR('',#5349,1.);
#238=VECTOR('',#5352,1.);
#239=VECTOR('',#5359,1.);
#240=VECTOR('',#5370,1.);
#241=VECTOR('',#5373,1.);
#242=VECTOR('',#5378,1.);
#243=VECTOR('',#5381,1.);
#244=VECTOR('',#5388,1.);
#245=VECTOR('',#5399,1.);
#246=VECTOR('',#5402,1.);
#247=VECTOR('',#5407,1.);
#248=VECTOR('',#5410,1.);
#249=VECTOR('',#5417,1.);
#250=VECTOR('',#5428,1.);
#251=VECTOR('',#5431,1.);
#252=VECTOR('',#5436,1.);
#253=VECTOR('',#5439,1.);
#254=VECTOR('',#5450,1.);
#255=VECTOR('',#5453,1.);
#256=VECTOR('',#5458,1.);
#257=VECTOR('',#5465,1.);
#258=VECTOR('',#5468,1.);
#259=VECTOR('',#5479,1.);
#260=VECTOR('',#5482,1.);
#261=VECTOR('',#5487,1.);
#262=VECTOR('',#5494,1.);
#263=VECTOR('',#5497,1.);
#264=VECTOR('',#5508,1.);
#265=VECTOR('',#5511,1.);
#266=VECTOR('',#5516,1.);
#267=VECTOR('',#5523,1.);
#268=VECTOR('',#5526,1.);
#269=VECTOR('',#5537,1.);
#270=VECTOR('',#5540,1.);
#271=VECTOR('',#5545,1.);
#272=VECTOR('',#5552,1.);
#273=VECTOR('',#5555,1.);
#274=VECTOR('',#5566,1.);
#275=VECTOR('',#5569,1.);
#276=VECTOR('',#5574,1.);
#277=VECTOR('',#5577,1.);
#278=VECTOR('',#5584,1.);
#279=VECTOR('',#5591,1.);
#280=VECTOR('',#5596,1.);
#281=VECTOR('',#5599,1.);
#282=VECTOR('',#5604,1.);
#283=VECTOR('',#5607,1.);
#284=VECTOR('',#5612,1.);
#285=VECTOR('',#5621,1.);
#286=VECTOR('',#5626,1.);
#287=VECTOR('',#5629,1.);
#288=VECTOR('',#5634,1.);
#289=VECTOR('',#5637,1.);
#290=VECTOR('',#5642,1.);
#291=VECTOR('',#5651,1.);
#292=VECTOR('',#5656,1.);
#293=VECTOR('',#5659,1.);
#294=VECTOR('',#5664,1.);
#295=VECTOR('',#5667,1.);
#296=VECTOR('',#5672,1.);
#297=VECTOR('',#5681,1.);
#298=VECTOR('',#5686,1.);
#299=VECTOR('',#5689,1.);
#300=VECTOR('',#5694,1.);
#301=VECTOR('',#5697,1.);
#302=VECTOR('',#5702,1.);
#303=VECTOR('',#5711,1.);
#304=VECTOR('',#5716,1.);
#305=VECTOR('',#5719,1.);
#306=VECTOR('',#5724,1.);
#307=VECTOR('',#5727,1.);
#308=VECTOR('',#5732,1.);
#309=VECTOR('',#5741,1.);
#310=VECTOR('',#5746,1.);
#311=VECTOR('',#5749,1.);
#312=VECTOR('',#5754,1.);
#313=VECTOR('',#5757,1.);
#314=VECTOR('',#5762,1.);
#315=VECTOR('',#5771,1.);
#316=VECTOR('',#5776,1.);
#317=VECTOR('',#5779,1.);
#318=VECTOR('',#5784,1.);
#319=VECTOR('',#5787,1.);
#320=VECTOR('',#5792,1.);
#321=VECTOR('',#5801,1.);
#322=VECTOR('',#5806,1.);
#323=VECTOR('',#5809,1.);
#324=VECTOR('',#5814,1.);
#325=VECTOR('',#5817,1.);
#326=VECTOR('',#5822,1.);
#327=VECTOR('',#5829,1.);
#328=VECTOR('',#5836,1.);
#329=VECTOR('',#5839,1.);
#330=VECTOR('',#5844,1.);
#331=VECTOR('',#5847,1.);
#332=VECTOR('',#5852,1.);
#333=VECTOR('',#5859,1.);
#334=VECTOR('',#5866,1.);
#335=VECTOR('',#5869,1.);
#336=VECTOR('',#5874,1.);
#337=VECTOR('',#5877,1.);
#338=VECTOR('',#5884,1.);
#339=VECTOR('',#5889,1.);
#340=VECTOR('',#5896,1.);
#341=VECTOR('',#5899,1.);
#342=VECTOR('',#5904,1.);
#343=VECTOR('',#5907,1.);
#344=VECTOR('',#5914,1.);
#345=VECTOR('',#5919,1.);
#346=VECTOR('',#5926,1.);
#347=VECTOR('',#5929,1.);
#348=VECTOR('',#5934,1.);
#349=VECTOR('',#5937,1.);
#350=VECTOR('',#5944,1.);
#351=VECTOR('',#5949,1.);
#352=VECTOR('',#5956,1.);
#353=VECTOR('',#5959,1.);
#354=VECTOR('',#5964,1.);
#355=VECTOR('',#5967,1.);
#356=VECTOR('',#5974,1.);
#357=VECTOR('',#5979,1.);
#358=VECTOR('',#5986,1.);
#359=VECTOR('',#5989,1.);
#360=VECTOR('',#5994,1.);
#361=VECTOR('',#5997,1.);
#362=VECTOR('',#6004,1.);
#363=VECTOR('',#6009,1.);
#364=VECTOR('',#6016,1.);
#365=VECTOR('',#6019,1.);
#366=VECTOR('',#6024,1.);
#367=VECTOR('',#6027,1.);
#368=VECTOR('',#6034,1.);
#369=VECTOR('',#6039,1.);
#370=VECTOR('',#6046,1.);
#371=VECTOR('',#6049,1.);
#372=VECTOR('',#6054,1.);
#373=VECTOR('',#6057,1.);
#374=VECTOR('',#6064,1.);
#375=VECTOR('',#6071,1.);
#376=VECTOR('',#6076,1.);
#377=VECTOR('',#6079,1.);
#378=VECTOR('',#6084,1.);
#379=VECTOR('',#6087,1.);
#380=VECTOR('',#6094,1.);
#381=VECTOR('',#6099,1.);
#382=VECTOR('',#6112,1.);
#383=VECTOR('',#6115,1.);
#384=VECTOR('',#6120,1.);
#385=VECTOR('',#6123,1.);
#386=VECTOR('',#6128,1.);
#387=VECTOR('',#6141,1.);
#388=VECTOR('',#6144,1.);
#389=VECTOR('',#6149,1.);
#390=VECTOR('',#6152,1.);
#391=VECTOR('',#6157,1.);
#392=VECTOR('',#6170,1.);
#393=VECTOR('',#6173,1.);
#394=VECTOR('',#6178,1.);
#395=VECTOR('',#6181,1.);
#396=VECTOR('',#6186,1.);
#397=VECTOR('',#6199,1.);
#398=VECTOR('',#6202,1.);
#399=VECTOR('',#6207,1.);
#400=VECTOR('',#6210,1.);
#401=VECTOR('',#6215,1.);
#402=VECTOR('',#6228,1.);
#403=VECTOR('',#6231,1.);
#404=VECTOR('',#6238,1.);
#405=VECTOR('',#6243,1.);
#406=VECTOR('',#6246,1.);
#407=VECTOR('',#6257,1.);
#408=VECTOR('',#6260,1.);
#409=VECTOR('',#6267,1.);
#410=VECTOR('',#6272,1.);
#411=VECTOR('',#6275,1.);
#412=VECTOR('',#6286,1.);
#413=VECTOR('',#6289,1.);
#414=VECTOR('',#6296,1.);
#415=VECTOR('',#6301,1.);
#416=VECTOR('',#6304,1.);
#417=VECTOR('',#6315,1.);
#418=VECTOR('',#6318,1.);
#419=VECTOR('',#6325,1.);
#420=VECTOR('',#6330,1.);
#421=VECTOR('',#6333,1.);
#422=VECTOR('',#6344,1.);
#423=VECTOR('',#6347,1.);
#424=VECTOR('',#6352,1.);
#425=VECTOR('',#6359,1.);
#426=VECTOR('',#6366,1.);
#427=VECTOR('',#6373,1.);
#428=VECTOR('',#6692,1.);
#429=VECTOR('',#6695,1.);
#430=VECTOR('',#6698,1.);
#431=VECTOR('',#6701,1.);
#432=VECTOR('',#6704,1.);
#433=VECTOR('',#6707,1.);
#434=VECTOR('',#6710,1.);
#435=VECTOR('',#6713,1.);
#436=VECTOR('',#6716,1.);
#437=VECTOR('',#6753,1.);
#438=VECTOR('',#6756,1.);
#439=VECTOR('',#6759,1.);
#440=VECTOR('',#6762,1.);
#441=VECTOR('',#6765,1.);
#442=VECTOR('',#6768,1.);
#443=VECTOR('',#6771,1.);
#444=VECTOR('',#6774,1.);
#445=VECTOR('',#6777,1.);
#446=CYLINDRICAL_SURFACE('',#4570,0.0045);
#447=CYLINDRICAL_SURFACE('',#4572,0.001);
#448=CYLINDRICAL_SURFACE('',#4575,0.000555);
#449=CYLINDRICAL_SURFACE('',#4578,0.001);
#450=CYLINDRICAL_SURFACE('',#4581,0.00015);
#451=CYLINDRICAL_SURFACE('',#4584,0.00015);
#452=CYLINDRICAL_SURFACE('',#4587,0.001);
#453=CYLINDRICAL_SURFACE('',#4590,0.001);
#454=CYLINDRICAL_SURFACE('',#4593,0.000555);
#455=CYLINDRICAL_SURFACE('',#4596,0.000150000000000002);
#456=CYLINDRICAL_SURFACE('',#4599,0.001);
#457=CYLINDRICAL_SURFACE('',#4602,0.001);
#458=CYLINDRICAL_SURFACE('',#4605,0.000555);
#459=CYLINDRICAL_SURFACE('',#4608,0.000150000000000002);
#460=CYLINDRICAL_SURFACE('',#4611,0.001);
#461=CYLINDRICAL_SURFACE('',#4614,0.001);
#462=CYLINDRICAL_SURFACE('',#4617,0.000555);
#463=CYLINDRICAL_SURFACE('',#4620,0.001);
#464=CYLINDRICAL_SURFACE('',#4623,0.001);
#465=CYLINDRICAL_SURFACE('',#4626,0.000555);
#466=CYLINDRICAL_SURFACE('',#4629,0.00015);
#467=CYLINDRICAL_SURFACE('',#4632,0.001);
#468=CYLINDRICAL_SURFACE('',#4635,0.001);
#469=CYLINDRICAL_SURFACE('',#4638,0.000555);
#470=CYLINDRICAL_SURFACE('',#4641,0.00015);
#471=CYLINDRICAL_SURFACE('',#4644,0.001);
#472=CYLINDRICAL_SURFACE('',#4647,0.001);
#473=CYLINDRICAL_SURFACE('',#4650,0.000555);
#474=CYLINDRICAL_SURFACE('',#4653,0.00015);
#475=CYLINDRICAL_SURFACE('',#4656,0.001);
#476=CYLINDRICAL_SURFACE('',#4659,0.001);
#477=CYLINDRICAL_SURFACE('',#4662,0.000555);
#478=CYLINDRICAL_SURFACE('',#4665,0.00015);
#479=CYLINDRICAL_SURFACE('',#4668,0.001);
#480=CYLINDRICAL_SURFACE('',#4671,0.001);
#481=CYLINDRICAL_SURFACE('',#4674,0.000555);
#482=CYLINDRICAL_SURFACE('',#4677,0.00015);
#483=CYLINDRICAL_SURFACE('',#4680,0.00015);
#484=CYLINDRICAL_SURFACE('',#4683,0.001);
#485=CYLINDRICAL_SURFACE('',#4686,0.000555);
#486=CYLINDRICAL_SURFACE('',#4689,0.00015);
#487=CYLINDRICAL_SURFACE('',#4692,0.00015);
#488=CYLINDRICAL_SURFACE('',#4695,0.001);
#489=CYLINDRICAL_SURFACE('',#4698,0.001);
#490=CYLINDRICAL_SURFACE('',#4701,0.000150000000000002);
#491=CYLINDRICAL_SURFACE('',#4704,0.00015);
#492=CYLINDRICAL_SURFACE('',#4707,0.001);
#493=CYLINDRICAL_SURFACE('',#4710,0.001);
#494=CYLINDRICAL_SURFACE('',#4713,0.000150000000000002);
#495=CYLINDRICAL_SURFACE('',#4716,0.00015);
#496=CYLINDRICAL_SURFACE('',#4719,0.001);
#497=CYLINDRICAL_SURFACE('',#4722,0.001);
#498=CYLINDRICAL_SURFACE('',#4725,0.000150000000000002);
#499=CYLINDRICAL_SURFACE('',#4728,0.00015);
#500=CYLINDRICAL_SURFACE('',#4731,0.001);
#501=CYLINDRICAL_SURFACE('',#4734,0.001);
#502=CYLINDRICAL_SURFACE('',#4737,0.000150000000000002);
#503=CYLINDRICAL_SURFACE('',#4740,0.00015);
#504=CYLINDRICAL_SURFACE('',#4743,0.001);
#505=CYLINDRICAL_SURFACE('',#4746,0.001);
#506=CYLINDRICAL_SURFACE('',#4749,0.000150000000000002);
#507=CYLINDRICAL_SURFACE('',#4752,0.00015);
#508=CYLINDRICAL_SURFACE('',#4755,0.001);
#509=CYLINDRICAL_SURFACE('',#4758,0.001);
#510=CYLINDRICAL_SURFACE('',#4761,0.00015);
#511=CYLINDRICAL_SURFACE('',#4764,0.00015);
#512=CYLINDRICAL_SURFACE('',#4767,0.001);
#513=CYLINDRICAL_SURFACE('',#4770,0.001);
#514=CYLINDRICAL_SURFACE('',#4773,0.00015);
#515=CYLINDRICAL_SURFACE('',#4776,0.00015);
#516=CYLINDRICAL_SURFACE('',#4779,0.001);
#517=CYLINDRICAL_SURFACE('',#4782,0.000555);
#518=CYLINDRICAL_SURFACE('',#4785,0.00015);
#519=CYLINDRICAL_SURFACE('',#4788,0.00015);
#520=CYLINDRICAL_SURFACE('',#4791,0.001);
#521=CYLINDRICAL_SURFACE('',#4794,0.000555);
#522=CYLINDRICAL_SURFACE('',#4797,0.00015);
#523=CYLINDRICAL_SURFACE('',#4800,0.00015);
#524=CYLINDRICAL_SURFACE('',#4803,0.001);
#525=CYLINDRICAL_SURFACE('',#4806,0.001);
#526=CYLINDRICAL_SURFACE('',#4809,0.000150000000000002);
#527=CYLINDRICAL_SURFACE('',#4812,0.00015);
#528=CYLINDRICAL_SURFACE('',#4815,0.001);
#529=CYLINDRICAL_SURFACE('',#4818,0.001);
#530=CYLINDRICAL_SURFACE('',#4821,0.000150000000000002);
#531=CYLINDRICAL_SURFACE('',#4824,0.00015);
#532=CYLINDRICAL_SURFACE('',#4827,0.001);
#533=CYLINDRICAL_SURFACE('',#4830,0.001);
#534=CYLINDRICAL_SURFACE('',#4833,0.000150000000000002);
#535=CYLINDRICAL_SURFACE('',#4836,0.00015);
#536=CYLINDRICAL_SURFACE('',#4839,0.001);
#537=CYLINDRICAL_SURFACE('',#4842,0.001);
#538=CYLINDRICAL_SURFACE('',#4845,0.000150000000000002);
#539=CYLINDRICAL_SURFACE('',#4848,0.00015);
#540=CYLINDRICAL_SURFACE('',#4851,0.001);
#541=CYLINDRICAL_SURFACE('',#4854,0.001);
#542=CYLINDRICAL_SURFACE('',#4857,0.00015);
#543=CYLINDRICAL_SURFACE('',#4860,0.00015);
#544=CYLINDRICAL_SURFACE('',#4863,0.001);
#545=CYLINDRICAL_SURFACE('',#4866,0.001);
#546=CYLINDRICAL_SURFACE('',#4869,0.00015);
#547=CYLINDRICAL_SURFACE('',#4872,0.00015);
#548=CYLINDRICAL_SURFACE('',#4875,0.001);
#549=CYLINDRICAL_SURFACE('',#4878,0.000555);
#550=CYLINDRICAL_SURFACE('',#4881,0.00015);
#551=CYLINDRICAL_SURFACE('',#4884,0.00015);
#552=CYLINDRICAL_SURFACE('',#4887,0.001);
#553=CYLINDRICAL_SURFACE('',#4890,0.001);
#554=CYLINDRICAL_SURFACE('',#4893,0.000555);
#555=CYLINDRICAL_SURFACE('',#4896,0.00015);
#556=CYLINDRICAL_SURFACE('',#4899,0.001);
#557=CYLINDRICAL_SURFACE('',#4902,0.001);
#558=CYLINDRICAL_SURFACE('',#4905,0.000555);
#559=CYLINDRICAL_SURFACE('',#4908,0.00015);
#560=CYLINDRICAL_SURFACE('',#4911,0.001);
#561=CYLINDRICAL_SURFACE('',#4914,0.001);
#562=CYLINDRICAL_SURFACE('',#4917,0.000555);
#563=CYLINDRICAL_SURFACE('',#4920,0.00015);
#564=CYLINDRICAL_SURFACE('',#4923,0.001);
#565=CYLINDRICAL_SURFACE('',#4926,0.001);
#566=CYLINDRICAL_SURFACE('',#4929,0.000555);
#567=CYLINDRICAL_SURFACE('',#4932,0.00015);
#568=CYLINDRICAL_SURFACE('',#4935,0.001);
#569=CYLINDRICAL_SURFACE('',#4938,0.001);
#570=CYLINDRICAL_SURFACE('',#4941,0.000555);
#571=CYLINDRICAL_SURFACE('',#4944,0.000150000000000002);
#572=CYLINDRICAL_SURFACE('',#4947,0.001);
#573=CYLINDRICAL_SURFACE('',#4950,0.001);
#574=CYLINDRICAL_SURFACE('',#4953,0.000555);
#575=CYLINDRICAL_SURFACE('',#4956,0.000150000000000002);
#576=CYLINDRICAL_SURFACE('',#4959,0.001);
#577=CYLINDRICAL_SURFACE('',#4962,0.001);
#578=CYLINDRICAL_SURFACE('',#4965,0.000555);
#579=CYLINDRICAL_SURFACE('',#4968,0.00015);
#580=CYLINDRICAL_SURFACE('',#4971,0.001);
#581=CYLINDRICAL_SURFACE('',#4974,0.001);
#582=CYLINDRICAL_SURFACE('',#4977,0.000555);
#583=CYLINDRICAL_SURFACE('',#4980,0.00015);
#584=CYLINDRICAL_SURFACE('',#4983,0.001);
#585=CYLINDRICAL_SURFACE('',#4986,0.001);
#586=CYLINDRICAL_SURFACE('',#4989,0.000555);
#587=CYLINDRICAL_SURFACE('',#4992,0.00015);
#588=CYLINDRICAL_SURFACE('',#4995,0.001);
#589=CYLINDRICAL_SURFACE('',#4998,0.000555);
#590=CYLINDRICAL_SURFACE('',#5001,0.001);
#591=CYLINDRICAL_SURFACE('',#5004,0.00015);
#592=CYLINDRICAL_SURFACE('',#5090,0.0112015);
#593=CYLINDRICAL_SURFACE('',#5164,0.0112015);
#594=CYLINDRICAL_SURFACE('',#5165,0.0112015);
#595=CYLINDRICAL_SURFACE('',#5166,0.0112015);
#596=CYLINDRICAL_SURFACE('',#5167,0.0112015);
#597=CYLINDRICAL_SURFACE('',#5168,0.0112015);
#598=CYLINDRICAL_SURFACE('',#5169,0.0112015);
#599=CYLINDRICAL_SURFACE('',#5170,0.0112015);
#600=CYLINDRICAL_SURFACE('',#5171,0.0112015);
#601=CYLINDRICAL_SURFACE('',#5172,0.0112015);
#602=CYLINDRICAL_SURFACE('',#5173,0.0112015);
#603=CYLINDRICAL_SURFACE('',#5174,0.0112015);
#604=CYLINDRICAL_SURFACE('',#5175,0.0112015);
#605=CYLINDRICAL_SURFACE('',#5176,0.0112015);
#606=CYLINDRICAL_SURFACE('',#5177,0.0112015);
#607=CYLINDRICAL_SURFACE('',#5178,0.0112015);
#608=CYLINDRICAL_SURFACE('',#5179,0.0112015);
#609=CYLINDRICAL_SURFACE('',#5180,0.0112015);
#610=CYLINDRICAL_SURFACE('',#5181,0.0112015);
#611=CYLINDRICAL_SURFACE('',#5182,0.0112015);
#612=CYLINDRICAL_SURFACE('',#5183,0.0112015);
#613=CYLINDRICAL_SURFACE('',#5184,0.0112015);
#614=CYLINDRICAL_SURFACE('',#5185,0.0112015);
#615=CYLINDRICAL_SURFACE('',#5186,0.0112015);
#616=CYLINDRICAL_SURFACE('',#5187,0.0112015);
#617=CYLINDRICAL_SURFACE('',#5188,0.0112015);
#618=CYLINDRICAL_SURFACE('',#5189,0.0112015);
#619=CYLINDRICAL_SURFACE('',#5190,0.0112015);
#620=CYLINDRICAL_SURFACE('',#5191,0.0112015);
#621=CYLINDRICAL_SURFACE('',#5192,0.0112015);
#622=CYLINDRICAL_SURFACE('',#5193,0.0112015);
#623=CYLINDRICAL_SURFACE('',#5194,0.0112015);
#624=CYLINDRICAL_SURFACE('',#5195,0.0112015);
#625=CYLINDRICAL_SURFACE('',#5196,0.0112015);
#626=CYLINDRICAL_SURFACE('',#5197,0.0112015);
#627=CYLINDRICAL_SURFACE('',#5198,0.0112015);
#628=CYLINDRICAL_SURFACE('',#5199,0.0140335);
#629=CYLINDRICAL_SURFACE('',#5204,0.0140335);
#630=CYLINDRICAL_SURFACE('',#5205,0.00015);
#631=CYLINDRICAL_SURFACE('',#5206,0.00015);
#632=CYLINDRICAL_SURFACE('',#5207,0.00015);
#633=CYLINDRICAL_SURFACE('',#5208,0.00015);
#634=CYLINDRICAL_SURFACE('',#5209,0.000150000000000002);
#635=CYLINDRICAL_SURFACE('',#5210,0.000150000000000002);
#636=CYLINDRICAL_SURFACE('',#5211,0.00015);
#637=CYLINDRICAL_SURFACE('',#5212,0.00015);
#638=CYLINDRICAL_SURFACE('',#5213,0.001);
#639=CYLINDRICAL_SURFACE('',#5214,0.000555);
#640=CYLINDRICAL_SURFACE('',#5215,0.000555);
#641=CYLINDRICAL_SURFACE('',#5216,0.000555);
#642=CYLINDRICAL_SURFACE('',#5217,0.000555);
#643=CYLINDRICAL_SURFACE('',#5218,0.000555);
#644=CYLINDRICAL_SURFACE('',#5219,0.000555);
#645=CYLINDRICAL_SURFACE('',#5220,0.001);
#646=CYLINDRICAL_SURFACE('',#5221,0.001);
#647=CYLINDRICAL_SURFACE('',#5222,0.000555);
#648=CYLINDRICAL_SURFACE('',#5223,0.000555);
#649=CYLINDRICAL_SURFACE('',#5224,0.000555);
#650=CYLINDRICAL_SURFACE('',#5225,0.000555);
#651=CYLINDRICAL_SURFACE('',#5226,0.000555);
#652=CYLINDRICAL_SURFACE('',#5227,0.000555);
#653=CYLINDRICAL_SURFACE('',#5228,0.000555);
#654=CYLINDRICAL_SURFACE('',#5229,0.001);
#655=CYLINDRICAL_SURFACE('',#5230,0.00015);
#656=CYLINDRICAL_SURFACE('',#5231,0.00015);
#657=CYLINDRICAL_SURFACE('',#5232,0.000150000000000002);
#658=CYLINDRICAL_SURFACE('',#5233,0.000150000000000002);
#659=CYLINDRICAL_SURFACE('',#5234,0.00015);
#660=CYLINDRICAL_SURFACE('',#5235,0.000150000000000002);
#661=CYLINDRICAL_SURFACE('',#5236,0.00015);
#662=CYLINDRICAL_SURFACE('',#5237,0.00015);
#663=CYLINDRICAL_SURFACE('',#5238,0.00015);
#664=CYLINDRICAL_SURFACE('',#5239,0.00015);
#665=CYLINDRICAL_SURFACE('',#5240,0.0013);
#666=CYLINDRICAL_SURFACE('',#5244,0.0022);
#667=CYLINDRICAL_SURFACE('',#5245,0.0013);
#668=CYLINDRICAL_SURFACE('',#5249,0.0022);
#669=CYLINDRICAL_SURFACE('',#5250,0.0013);
#670=CYLINDRICAL_SURFACE('',#5254,0.0022);
#671=CYLINDRICAL_SURFACE('',#5255,0.0013);
#672=CYLINDRICAL_SURFACE('',#5259,0.0022);
#673=CYLINDRICAL_SURFACE('',#5260,0.0013);
#674=CYLINDRICAL_SURFACE('',#5264,0.0022);
#675=CYLINDRICAL_SURFACE('',#5265,0.0013);
#676=CYLINDRICAL_SURFACE('',#5269,0.0022);
#677=CYLINDRICAL_SURFACE('',#5270,0.0013);
#678=CYLINDRICAL_SURFACE('',#5274,0.0022);
#679=CYLINDRICAL_SURFACE('',#5275,0.0013);
#680=CYLINDRICAL_SURFACE('',#5279,0.0022);
#681=ORIENTED_EDGE('',*,*,#2057,.T.);
#682=ORIENTED_EDGE('',*,*,#2058,.T.);
#683=ORIENTED_EDGE('',*,*,#2059,.T.);
#684=ORIENTED_EDGE('',*,*,#2060,.T.);
#685=ORIENTED_EDGE('',*,*,#2061,.T.);
#686=ORIENTED_EDGE('',*,*,#2062,.T.);
#687=ORIENTED_EDGE('',*,*,#2063,.T.);
#688=ORIENTED_EDGE('',*,*,#2064,.T.);
#689=ORIENTED_EDGE('',*,*,#2065,.F.);
#690=ORIENTED_EDGE('',*,*,#2066,.T.);
#691=ORIENTED_EDGE('',*,*,#2066,.F.);
#692=ORIENTED_EDGE('',*,*,#2067,.F.);
#693=ORIENTED_EDGE('',*,*,#2068,.T.);
#694=ORIENTED_EDGE('',*,*,#2069,.F.);
#695=ORIENTED_EDGE('',*,*,#2070,.F.);
#696=ORIENTED_EDGE('',*,*,#2071,.T.);
#697=ORIENTED_EDGE('',*,*,#2072,.T.);
#698=ORIENTED_EDGE('',*,*,#2073,.F.);
#699=ORIENTED_EDGE('',*,*,#2074,.F.);
#700=ORIENTED_EDGE('',*,*,#2069,.T.);
#701=ORIENTED_EDGE('',*,*,#2075,.T.);
#702=ORIENTED_EDGE('',*,*,#2076,.F.);
#703=ORIENTED_EDGE('',*,*,#2077,.F.);
#704=ORIENTED_EDGE('',*,*,#2073,.T.);
#705=ORIENTED_EDGE('',*,*,#2078,.T.);
#706=ORIENTED_EDGE('',*,*,#2079,.F.);
#707=ORIENTED_EDGE('',*,*,#2080,.F.);
#708=ORIENTED_EDGE('',*,*,#2076,.T.);
#709=ORIENTED_EDGE('',*,*,#2081,.T.);
#710=ORIENTED_EDGE('',*,*,#2082,.F.);
#711=ORIENTED_EDGE('',*,*,#2083,.F.);
#712=ORIENTED_EDGE('',*,*,#2084,.T.);
#713=ORIENTED_EDGE('',*,*,#2085,.T.);
#714=ORIENTED_EDGE('',*,*,#2086,.F.);
#715=ORIENTED_EDGE('',*,*,#2087,.F.);
#716=ORIENTED_EDGE('',*,*,#2088,.T.);
#717=ORIENTED_EDGE('',*,*,#2089,.T.);
#718=ORIENTED_EDGE('',*,*,#2084,.F.);
#719=ORIENTED_EDGE('',*,*,#2090,.F.);
#720=ORIENTED_EDGE('',*,*,#2091,.T.);
#721=ORIENTED_EDGE('',*,*,#2092,.T.);
#722=ORIENTED_EDGE('',*,*,#2091,.F.);
#723=ORIENTED_EDGE('',*,*,#2093,.F.);
#724=ORIENTED_EDGE('',*,*,#2086,.T.);
#725=ORIENTED_EDGE('',*,*,#2094,.T.);
#726=ORIENTED_EDGE('',*,*,#2095,.F.);
#727=ORIENTED_EDGE('',*,*,#2096,.F.);
#728=ORIENTED_EDGE('',*,*,#2097,.T.);
#729=ORIENTED_EDGE('',*,*,#2098,.T.);
#730=ORIENTED_EDGE('',*,*,#2099,.F.);
#731=ORIENTED_EDGE('',*,*,#2100,.F.);
#732=ORIENTED_EDGE('',*,*,#2101,.T.);
#733=ORIENTED_EDGE('',*,*,#2102,.T.);
#734=ORIENTED_EDGE('',*,*,#2097,.F.);
#735=ORIENTED_EDGE('',*,*,#2103,.F.);
#736=ORIENTED_EDGE('',*,*,#2104,.T.);
#737=ORIENTED_EDGE('',*,*,#2105,.T.);
#738=ORIENTED_EDGE('',*,*,#2104,.F.);
#739=ORIENTED_EDGE('',*,*,#2106,.F.);
#740=ORIENTED_EDGE('',*,*,#2099,.T.);
#741=ORIENTED_EDGE('',*,*,#2107,.T.);
#742=ORIENTED_EDGE('',*,*,#2108,.F.);
#743=ORIENTED_EDGE('',*,*,#2109,.F.);
#744=ORIENTED_EDGE('',*,*,#2110,.T.);
#745=ORIENTED_EDGE('',*,*,#2111,.T.);
#746=ORIENTED_EDGE('',*,*,#2112,.F.);
#747=ORIENTED_EDGE('',*,*,#2113,.F.);
#748=ORIENTED_EDGE('',*,*,#2114,.T.);
#749=ORIENTED_EDGE('',*,*,#2115,.T.);
#750=ORIENTED_EDGE('',*,*,#2110,.F.);
#751=ORIENTED_EDGE('',*,*,#2116,.F.);
#752=ORIENTED_EDGE('',*,*,#2117,.T.);
#753=ORIENTED_EDGE('',*,*,#2118,.T.);
#754=ORIENTED_EDGE('',*,*,#2117,.F.);
#755=ORIENTED_EDGE('',*,*,#2119,.F.);
#756=ORIENTED_EDGE('',*,*,#2112,.T.);
#757=ORIENTED_EDGE('',*,*,#2120,.T.);
#758=ORIENTED_EDGE('',*,*,#2121,.F.);
#759=ORIENTED_EDGE('',*,*,#2122,.F.);
#760=ORIENTED_EDGE('',*,*,#2123,.T.);
#761=ORIENTED_EDGE('',*,*,#2124,.T.);
#762=ORIENTED_EDGE('',*,*,#2125,.F.);
#763=ORIENTED_EDGE('',*,*,#2126,.F.);
#764=ORIENTED_EDGE('',*,*,#2127,.T.);
#765=ORIENTED_EDGE('',*,*,#2128,.T.);
#766=ORIENTED_EDGE('',*,*,#2127,.F.);
#767=ORIENTED_EDGE('',*,*,#2129,.F.);
#768=ORIENTED_EDGE('',*,*,#2121,.T.);
#769=ORIENTED_EDGE('',*,*,#2130,.T.);
#770=ORIENTED_EDGE('',*,*,#2131,.F.);
#771=ORIENTED_EDGE('',*,*,#2132,.F.);
#772=ORIENTED_EDGE('',*,*,#2133,.T.);
#773=ORIENTED_EDGE('',*,*,#2134,.T.);
#774=ORIENTED_EDGE('',*,*,#2135,.F.);
#775=ORIENTED_EDGE('',*,*,#2136,.F.);
#776=ORIENTED_EDGE('',*,*,#2131,.T.);
#777=ORIENTED_EDGE('',*,*,#2137,.T.);
#778=ORIENTED_EDGE('',*,*,#2138,.F.);
#779=ORIENTED_EDGE('',*,*,#2139,.F.);
#780=ORIENTED_EDGE('',*,*,#2140,.T.);
#781=ORIENTED_EDGE('',*,*,#2141,.T.);
#782=ORIENTED_EDGE('',*,*,#2140,.F.);
#783=ORIENTED_EDGE('',*,*,#2142,.F.);
#784=ORIENTED_EDGE('',*,*,#2135,.T.);
#785=ORIENTED_EDGE('',*,*,#2143,.T.);
#786=ORIENTED_EDGE('',*,*,#2144,.F.);
#787=ORIENTED_EDGE('',*,*,#2145,.F.);
#788=ORIENTED_EDGE('',*,*,#2146,.T.);
#789=ORIENTED_EDGE('',*,*,#2147,.T.);
#790=ORIENTED_EDGE('',*,*,#2148,.F.);
#791=ORIENTED_EDGE('',*,*,#2149,.F.);
#792=ORIENTED_EDGE('',*,*,#2144,.T.);
#793=ORIENTED_EDGE('',*,*,#2150,.T.);
#794=ORIENTED_EDGE('',*,*,#2151,.F.);
#795=ORIENTED_EDGE('',*,*,#2152,.F.);
#796=ORIENTED_EDGE('',*,*,#2153,.T.);
#797=ORIENTED_EDGE('',*,*,#2154,.T.);
#798=ORIENTED_EDGE('',*,*,#2153,.F.);
#799=ORIENTED_EDGE('',*,*,#2155,.F.);
#800=ORIENTED_EDGE('',*,*,#2148,.T.);
#801=ORIENTED_EDGE('',*,*,#2156,.T.);
#802=ORIENTED_EDGE('',*,*,#2157,.F.);
#803=ORIENTED_EDGE('',*,*,#2158,.F.);
#804=ORIENTED_EDGE('',*,*,#2159,.T.);
#805=ORIENTED_EDGE('',*,*,#2160,.T.);
#806=ORIENTED_EDGE('',*,*,#2161,.F.);
#807=ORIENTED_EDGE('',*,*,#2162,.F.);
#808=ORIENTED_EDGE('',*,*,#2157,.T.);
#809=ORIENTED_EDGE('',*,*,#2163,.T.);
#810=ORIENTED_EDGE('',*,*,#2164,.F.);
#811=ORIENTED_EDGE('',*,*,#2165,.F.);
#812=ORIENTED_EDGE('',*,*,#2166,.T.);
#813=ORIENTED_EDGE('',*,*,#2167,.T.);
#814=ORIENTED_EDGE('',*,*,#2166,.F.);
#815=ORIENTED_EDGE('',*,*,#2168,.F.);
#816=ORIENTED_EDGE('',*,*,#2161,.T.);
#817=ORIENTED_EDGE('',*,*,#2169,.T.);
#818=ORIENTED_EDGE('',*,*,#2170,.F.);
#819=ORIENTED_EDGE('',*,*,#2171,.F.);
#820=ORIENTED_EDGE('',*,*,#2172,.T.);
#821=ORIENTED_EDGE('',*,*,#2173,.T.);
#822=ORIENTED_EDGE('',*,*,#2174,.F.);
#823=ORIENTED_EDGE('',*,*,#2175,.F.);
#824=ORIENTED_EDGE('',*,*,#2170,.T.);
#825=ORIENTED_EDGE('',*,*,#2176,.T.);
#826=ORIENTED_EDGE('',*,*,#2177,.F.);
#827=ORIENTED_EDGE('',*,*,#2178,.F.);
#828=ORIENTED_EDGE('',*,*,#2179,.T.);
#829=ORIENTED_EDGE('',*,*,#2180,.T.);
#830=ORIENTED_EDGE('',*,*,#2179,.F.);
#831=ORIENTED_EDGE('',*,*,#2181,.F.);
#832=ORIENTED_EDGE('',*,*,#2174,.T.);
#833=ORIENTED_EDGE('',*,*,#2182,.T.);
#834=ORIENTED_EDGE('',*,*,#2183,.F.);
#835=ORIENTED_EDGE('',*,*,#2184,.F.);
#836=ORIENTED_EDGE('',*,*,#2185,.T.);
#837=ORIENTED_EDGE('',*,*,#2186,.T.);
#838=ORIENTED_EDGE('',*,*,#2187,.F.);
#839=ORIENTED_EDGE('',*,*,#2188,.F.);
#840=ORIENTED_EDGE('',*,*,#2189,.T.);
#841=ORIENTED_EDGE('',*,*,#2190,.T.);
#842=ORIENTED_EDGE('',*,*,#2185,.F.);
#843=ORIENTED_EDGE('',*,*,#2191,.F.);
#844=ORIENTED_EDGE('',*,*,#2192,.T.);
#845=ORIENTED_EDGE('',*,*,#2193,.T.);
#846=ORIENTED_EDGE('',*,*,#2192,.F.);
#847=ORIENTED_EDGE('',*,*,#2194,.F.);
#848=ORIENTED_EDGE('',*,*,#2195,.T.);
#849=ORIENTED_EDGE('',*,*,#2196,.T.);
#850=ORIENTED_EDGE('',*,*,#2197,.F.);
#851=ORIENTED_EDGE('',*,*,#2198,.F.);
#852=ORIENTED_EDGE('',*,*,#2199,.T.);
#853=ORIENTED_EDGE('',*,*,#2200,.T.);
#854=ORIENTED_EDGE('',*,*,#2201,.F.);
#855=ORIENTED_EDGE('',*,*,#2202,.F.);
#856=ORIENTED_EDGE('',*,*,#2203,.T.);
#857=ORIENTED_EDGE('',*,*,#2204,.T.);
#858=ORIENTED_EDGE('',*,*,#2205,.F.);
#859=ORIENTED_EDGE('',*,*,#2206,.F.);
#860=ORIENTED_EDGE('',*,*,#2201,.T.);
#861=ORIENTED_EDGE('',*,*,#2207,.T.);
#862=ORIENTED_EDGE('',*,*,#2199,.F.);
#863=ORIENTED_EDGE('',*,*,#2208,.F.);
#864=ORIENTED_EDGE('',*,*,#2209,.T.);
#865=ORIENTED_EDGE('',*,*,#2210,.T.);
#866=ORIENTED_EDGE('',*,*,#2211,.F.);
#867=ORIENTED_EDGE('',*,*,#2212,.F.);
#868=ORIENTED_EDGE('',*,*,#2213,.T.);
#869=ORIENTED_EDGE('',*,*,#2214,.T.);
#870=ORIENTED_EDGE('',*,*,#2215,.F.);
#871=ORIENTED_EDGE('',*,*,#2216,.F.);
#872=ORIENTED_EDGE('',*,*,#2217,.T.);
#873=ORIENTED_EDGE('',*,*,#2218,.T.);
#874=ORIENTED_EDGE('',*,*,#2219,.F.);
#875=ORIENTED_EDGE('',*,*,#2220,.F.);
#876=ORIENTED_EDGE('',*,*,#2215,.T.);
#877=ORIENTED_EDGE('',*,*,#2221,.T.);
#878=ORIENTED_EDGE('',*,*,#2213,.F.);
#879=ORIENTED_EDGE('',*,*,#2222,.F.);
#880=ORIENTED_EDGE('',*,*,#2223,.T.);
#881=ORIENTED_EDGE('',*,*,#2224,.T.);
#882=ORIENTED_EDGE('',*,*,#2225,.F.);
#883=ORIENTED_EDGE('',*,*,#2226,.F.);
#884=ORIENTED_EDGE('',*,*,#2227,.T.);
#885=ORIENTED_EDGE('',*,*,#2228,.T.);
#886=ORIENTED_EDGE('',*,*,#2229,.F.);
#887=ORIENTED_EDGE('',*,*,#2230,.F.);
#888=ORIENTED_EDGE('',*,*,#2231,.T.);
#889=ORIENTED_EDGE('',*,*,#2232,.T.);
#890=ORIENTED_EDGE('',*,*,#2233,.F.);
#891=ORIENTED_EDGE('',*,*,#2234,.F.);
#892=ORIENTED_EDGE('',*,*,#2229,.T.);
#893=ORIENTED_EDGE('',*,*,#2235,.T.);
#894=ORIENTED_EDGE('',*,*,#2227,.F.);
#895=ORIENTED_EDGE('',*,*,#2236,.F.);
#896=ORIENTED_EDGE('',*,*,#2237,.T.);
#897=ORIENTED_EDGE('',*,*,#2238,.T.);
#898=ORIENTED_EDGE('',*,*,#2239,.F.);
#899=ORIENTED_EDGE('',*,*,#2240,.F.);
#900=ORIENTED_EDGE('',*,*,#2241,.T.);
#901=ORIENTED_EDGE('',*,*,#2242,.T.);
#902=ORIENTED_EDGE('',*,*,#2243,.F.);
#903=ORIENTED_EDGE('',*,*,#2244,.F.);
#904=ORIENTED_EDGE('',*,*,#2245,.T.);
#905=ORIENTED_EDGE('',*,*,#2246,.T.);
#906=ORIENTED_EDGE('',*,*,#2247,.F.);
#907=ORIENTED_EDGE('',*,*,#2248,.F.);
#908=ORIENTED_EDGE('',*,*,#2243,.T.);
#909=ORIENTED_EDGE('',*,*,#2249,.T.);
#910=ORIENTED_EDGE('',*,*,#2241,.F.);
#911=ORIENTED_EDGE('',*,*,#2250,.F.);
#912=ORIENTED_EDGE('',*,*,#2251,.T.);
#913=ORIENTED_EDGE('',*,*,#2252,.T.);
#914=ORIENTED_EDGE('',*,*,#2253,.F.);
#915=ORIENTED_EDGE('',*,*,#2254,.F.);
#916=ORIENTED_EDGE('',*,*,#2255,.T.);
#917=ORIENTED_EDGE('',*,*,#2256,.T.);
#918=ORIENTED_EDGE('',*,*,#2257,.F.);
#919=ORIENTED_EDGE('',*,*,#2258,.F.);
#920=ORIENTED_EDGE('',*,*,#2259,.T.);
#921=ORIENTED_EDGE('',*,*,#2260,.T.);
#922=ORIENTED_EDGE('',*,*,#2261,.F.);
#923=ORIENTED_EDGE('',*,*,#2262,.F.);
#924=ORIENTED_EDGE('',*,*,#2257,.T.);
#925=ORIENTED_EDGE('',*,*,#2263,.T.);
#926=ORIENTED_EDGE('',*,*,#2255,.F.);
#927=ORIENTED_EDGE('',*,*,#2264,.F.);
#928=ORIENTED_EDGE('',*,*,#2265,.T.);
#929=ORIENTED_EDGE('',*,*,#2266,.T.);
#930=ORIENTED_EDGE('',*,*,#2267,.F.);
#931=ORIENTED_EDGE('',*,*,#2268,.F.);
#932=ORIENTED_EDGE('',*,*,#2269,.T.);
#933=ORIENTED_EDGE('',*,*,#2270,.T.);
#934=ORIENTED_EDGE('',*,*,#2271,.F.);
#935=ORIENTED_EDGE('',*,*,#2272,.F.);
#936=ORIENTED_EDGE('',*,*,#2273,.T.);
#937=ORIENTED_EDGE('',*,*,#2274,.T.);
#938=ORIENTED_EDGE('',*,*,#2275,.F.);
#939=ORIENTED_EDGE('',*,*,#2276,.F.);
#940=ORIENTED_EDGE('',*,*,#2271,.T.);
#941=ORIENTED_EDGE('',*,*,#2277,.T.);
#942=ORIENTED_EDGE('',*,*,#2269,.F.);
#943=ORIENTED_EDGE('',*,*,#2278,.F.);
#944=ORIENTED_EDGE('',*,*,#2279,.T.);
#945=ORIENTED_EDGE('',*,*,#2280,.T.);
#946=ORIENTED_EDGE('',*,*,#2281,.F.);
#947=ORIENTED_EDGE('',*,*,#2282,.F.);
#948=ORIENTED_EDGE('',*,*,#2283,.T.);
#949=ORIENTED_EDGE('',*,*,#2284,.T.);
#950=ORIENTED_EDGE('',*,*,#2285,.F.);
#951=ORIENTED_EDGE('',*,*,#2286,.F.);
#952=ORIENTED_EDGE('',*,*,#2287,.T.);
#953=ORIENTED_EDGE('',*,*,#2288,.T.);
#954=ORIENTED_EDGE('',*,*,#2289,.F.);
#955=ORIENTED_EDGE('',*,*,#2290,.F.);
#956=ORIENTED_EDGE('',*,*,#2285,.T.);
#957=ORIENTED_EDGE('',*,*,#2291,.T.);
#958=ORIENTED_EDGE('',*,*,#2283,.F.);
#959=ORIENTED_EDGE('',*,*,#2292,.F.);
#960=ORIENTED_EDGE('',*,*,#2293,.T.);
#961=ORIENTED_EDGE('',*,*,#2294,.T.);
#962=ORIENTED_EDGE('',*,*,#2295,.F.);
#963=ORIENTED_EDGE('',*,*,#2296,.F.);
#964=ORIENTED_EDGE('',*,*,#2297,.T.);
#965=ORIENTED_EDGE('',*,*,#2298,.T.);
#966=ORIENTED_EDGE('',*,*,#2299,.F.);
#967=ORIENTED_EDGE('',*,*,#2300,.F.);
#968=ORIENTED_EDGE('',*,*,#2301,.T.);
#969=ORIENTED_EDGE('',*,*,#2302,.T.);
#970=ORIENTED_EDGE('',*,*,#2303,.F.);
#971=ORIENTED_EDGE('',*,*,#2304,.F.);
#972=ORIENTED_EDGE('',*,*,#2299,.T.);
#973=ORIENTED_EDGE('',*,*,#2305,.T.);
#974=ORIENTED_EDGE('',*,*,#2306,.F.);
#975=ORIENTED_EDGE('',*,*,#2307,.F.);
#976=ORIENTED_EDGE('',*,*,#2303,.T.);
#977=ORIENTED_EDGE('',*,*,#2308,.T.);
#978=ORIENTED_EDGE('',*,*,#2309,.F.);
#979=ORIENTED_EDGE('',*,*,#2310,.F.);
#980=ORIENTED_EDGE('',*,*,#2311,.T.);
#981=ORIENTED_EDGE('',*,*,#2312,.T.);
#982=ORIENTED_EDGE('',*,*,#2313,.F.);
#983=ORIENTED_EDGE('',*,*,#2314,.F.);
#984=ORIENTED_EDGE('',*,*,#2315,.T.);
#985=ORIENTED_EDGE('',*,*,#2316,.T.);
#986=ORIENTED_EDGE('',*,*,#2317,.F.);
#987=ORIENTED_EDGE('',*,*,#2318,.F.);
#988=ORIENTED_EDGE('',*,*,#2313,.T.);
#989=ORIENTED_EDGE('',*,*,#2319,.T.);
#990=ORIENTED_EDGE('',*,*,#2320,.F.);
#991=ORIENTED_EDGE('',*,*,#2321,.F.);
#992=ORIENTED_EDGE('',*,*,#2317,.T.);
#993=ORIENTED_EDGE('',*,*,#2322,.T.);
#994=ORIENTED_EDGE('',*,*,#2323,.F.);
#995=ORIENTED_EDGE('',*,*,#2324,.F.);
#996=ORIENTED_EDGE('',*,*,#2325,.T.);
#997=ORIENTED_EDGE('',*,*,#2326,.T.);
#998=ORIENTED_EDGE('',*,*,#2327,.F.);
#999=ORIENTED_EDGE('',*,*,#2328,.F.);
#1000=ORIENTED_EDGE('',*,*,#2329,.T.);
#1001=ORIENTED_EDGE('',*,*,#2330,.T.);
#1002=ORIENTED_EDGE('',*,*,#2325,.F.);
#1003=ORIENTED_EDGE('',*,*,#2331,.F.);
#1004=ORIENTED_EDGE('',*,*,#2332,.T.);
#1005=ORIENTED_EDGE('',*,*,#2333,.T.);
#1006=ORIENTED_EDGE('',*,*,#2334,.F.);
#1007=ORIENTED_EDGE('',*,*,#2335,.F.);
#1008=ORIENTED_EDGE('',*,*,#2327,.T.);
#1009=ORIENTED_EDGE('',*,*,#2336,.T.);
#1010=ORIENTED_EDGE('',*,*,#2337,.F.);
#1011=ORIENTED_EDGE('',*,*,#2338,.F.);
#1012=ORIENTED_EDGE('',*,*,#2339,.T.);
#1013=ORIENTED_EDGE('',*,*,#2340,.T.);
#1014=ORIENTED_EDGE('',*,*,#2341,.F.);
#1015=ORIENTED_EDGE('',*,*,#2342,.F.);
#1016=ORIENTED_EDGE('',*,*,#2343,.T.);
#1017=ORIENTED_EDGE('',*,*,#2344,.T.);
#1018=ORIENTED_EDGE('',*,*,#2339,.F.);
#1019=ORIENTED_EDGE('',*,*,#2345,.F.);
#1020=ORIENTED_EDGE('',*,*,#2346,.T.);
#1021=ORIENTED_EDGE('',*,*,#2347,.T.);
#1022=ORIENTED_EDGE('',*,*,#2348,.F.);
#1023=ORIENTED_EDGE('',*,*,#2349,.F.);
#1024=ORIENTED_EDGE('',*,*,#2341,.T.);
#1025=ORIENTED_EDGE('',*,*,#2350,.T.);
#1026=ORIENTED_EDGE('',*,*,#2351,.F.);
#1027=ORIENTED_EDGE('',*,*,#2352,.F.);
#1028=ORIENTED_EDGE('',*,*,#2353,.T.);
#1029=ORIENTED_EDGE('',*,*,#2354,.T.);
#1030=ORIENTED_EDGE('',*,*,#2355,.F.);
#1031=ORIENTED_EDGE('',*,*,#2356,.F.);
#1032=ORIENTED_EDGE('',*,*,#2357,.T.);
#1033=ORIENTED_EDGE('',*,*,#2358,.T.);
#1034=ORIENTED_EDGE('',*,*,#2353,.F.);
#1035=ORIENTED_EDGE('',*,*,#2359,.F.);
#1036=ORIENTED_EDGE('',*,*,#2360,.T.);
#1037=ORIENTED_EDGE('',*,*,#2361,.T.);
#1038=ORIENTED_EDGE('',*,*,#2362,.F.);
#1039=ORIENTED_EDGE('',*,*,#2363,.F.);
#1040=ORIENTED_EDGE('',*,*,#2355,.T.);
#1041=ORIENTED_EDGE('',*,*,#2364,.T.);
#1042=ORIENTED_EDGE('',*,*,#2365,.F.);
#1043=ORIENTED_EDGE('',*,*,#2366,.F.);
#1044=ORIENTED_EDGE('',*,*,#2367,.T.);
#1045=ORIENTED_EDGE('',*,*,#2368,.T.);
#1046=ORIENTED_EDGE('',*,*,#2369,.F.);
#1047=ORIENTED_EDGE('',*,*,#2370,.F.);
#1048=ORIENTED_EDGE('',*,*,#2371,.T.);
#1049=ORIENTED_EDGE('',*,*,#2372,.T.);
#1050=ORIENTED_EDGE('',*,*,#2367,.F.);
#1051=ORIENTED_EDGE('',*,*,#2373,.F.);
#1052=ORIENTED_EDGE('',*,*,#2374,.T.);
#1053=ORIENTED_EDGE('',*,*,#2375,.T.);
#1054=ORIENTED_EDGE('',*,*,#2376,.F.);
#1055=ORIENTED_EDGE('',*,*,#2377,.F.);
#1056=ORIENTED_EDGE('',*,*,#2369,.T.);
#1057=ORIENTED_EDGE('',*,*,#2378,.T.);
#1058=ORIENTED_EDGE('',*,*,#2379,.F.);
#1059=ORIENTED_EDGE('',*,*,#2380,.F.);
#1060=ORIENTED_EDGE('',*,*,#2381,.T.);
#1061=ORIENTED_EDGE('',*,*,#2382,.T.);
#1062=ORIENTED_EDGE('',*,*,#2383,.F.);
#1063=ORIENTED_EDGE('',*,*,#2384,.F.);
#1064=ORIENTED_EDGE('',*,*,#2385,.T.);
#1065=ORIENTED_EDGE('',*,*,#2386,.T.);
#1066=ORIENTED_EDGE('',*,*,#2381,.F.);
#1067=ORIENTED_EDGE('',*,*,#2387,.F.);
#1068=ORIENTED_EDGE('',*,*,#2388,.T.);
#1069=ORIENTED_EDGE('',*,*,#2389,.T.);
#1070=ORIENTED_EDGE('',*,*,#2390,.F.);
#1071=ORIENTED_EDGE('',*,*,#2391,.F.);
#1072=ORIENTED_EDGE('',*,*,#2383,.T.);
#1073=ORIENTED_EDGE('',*,*,#2392,.T.);
#1074=ORIENTED_EDGE('',*,*,#2393,.F.);
#1075=ORIENTED_EDGE('',*,*,#2394,.F.);
#1076=ORIENTED_EDGE('',*,*,#2395,.T.);
#1077=ORIENTED_EDGE('',*,*,#2396,.T.);
#1078=ORIENTED_EDGE('',*,*,#2397,.F.);
#1079=ORIENTED_EDGE('',*,*,#2398,.F.);
#1080=ORIENTED_EDGE('',*,*,#2399,.T.);
#1081=ORIENTED_EDGE('',*,*,#2400,.T.);
#1082=ORIENTED_EDGE('',*,*,#2395,.F.);
#1083=ORIENTED_EDGE('',*,*,#2401,.F.);
#1084=ORIENTED_EDGE('',*,*,#2402,.T.);
#1085=ORIENTED_EDGE('',*,*,#2403,.T.);
#1086=ORIENTED_EDGE('',*,*,#2404,.F.);
#1087=ORIENTED_EDGE('',*,*,#2405,.F.);
#1088=ORIENTED_EDGE('',*,*,#2397,.T.);
#1089=ORIENTED_EDGE('',*,*,#2406,.T.);
#1090=ORIENTED_EDGE('',*,*,#2407,.F.);
#1091=ORIENTED_EDGE('',*,*,#2408,.F.);
#1092=ORIENTED_EDGE('',*,*,#2409,.T.);
#1093=ORIENTED_EDGE('',*,*,#2410,.T.);
#1094=ORIENTED_EDGE('',*,*,#2411,.F.);
#1095=ORIENTED_EDGE('',*,*,#2412,.F.);
#1096=ORIENTED_EDGE('',*,*,#2413,.T.);
#1097=ORIENTED_EDGE('',*,*,#2414,.T.);
#1098=ORIENTED_EDGE('',*,*,#2409,.F.);
#1099=ORIENTED_EDGE('',*,*,#2415,.F.);
#1100=ORIENTED_EDGE('',*,*,#2416,.T.);
#1101=ORIENTED_EDGE('',*,*,#2417,.T.);
#1102=ORIENTED_EDGE('',*,*,#2416,.F.);
#1103=ORIENTED_EDGE('',*,*,#2418,.F.);
#1104=ORIENTED_EDGE('',*,*,#2419,.T.);
#1105=ORIENTED_EDGE('',*,*,#2420,.T.);
#1106=ORIENTED_EDGE('',*,*,#2421,.F.);
#1107=ORIENTED_EDGE('',*,*,#2422,.F.);
#1108=ORIENTED_EDGE('',*,*,#2423,.T.);
#1109=ORIENTED_EDGE('',*,*,#2424,.T.);
#1110=ORIENTED_EDGE('',*,*,#2425,.F.);
#1111=ORIENTED_EDGE('',*,*,#2426,.F.);
#1112=ORIENTED_EDGE('',*,*,#2427,.T.);
#1113=ORIENTED_EDGE('',*,*,#2428,.T.);
#1114=ORIENTED_EDGE('',*,*,#2423,.F.);
#1115=ORIENTED_EDGE('',*,*,#2429,.F.);
#1116=ORIENTED_EDGE('',*,*,#2430,.T.);
#1117=ORIENTED_EDGE('',*,*,#2431,.T.);
#1118=ORIENTED_EDGE('',*,*,#2432,.F.);
#1119=ORIENTED_EDGE('',*,*,#2433,.F.);
#1120=ORIENTED_EDGE('',*,*,#2425,.T.);
#1121=ORIENTED_EDGE('',*,*,#2434,.T.);
#1122=ORIENTED_EDGE('',*,*,#2430,.F.);
#1123=ORIENTED_EDGE('',*,*,#2435,.F.);
#1124=ORIENTED_EDGE('',*,*,#2432,.T.);
#1125=ORIENTED_EDGE('',*,*,#2436,.T.);
#1126=ORIENTED_EDGE('',*,*,#2437,.F.);
#1127=ORIENTED_EDGE('',*,*,#2438,.F.);
#1128=ORIENTED_EDGE('',*,*,#2439,.T.);
#1129=ORIENTED_EDGE('',*,*,#2440,.T.);
#1130=ORIENTED_EDGE('',*,*,#2441,.F.);
#1131=ORIENTED_EDGE('',*,*,#2442,.F.);
#1132=ORIENTED_EDGE('',*,*,#2443,.T.);
#1133=ORIENTED_EDGE('',*,*,#2444,.T.);
#1134=ORIENTED_EDGE('',*,*,#2445,.F.);
#1135=ORIENTED_EDGE('',*,*,#2446,.F.);
#1136=ORIENTED_EDGE('',*,*,#2437,.T.);
#1137=ORIENTED_EDGE('',*,*,#2447,.T.);
#1138=ORIENTED_EDGE('',*,*,#2443,.F.);
#1139=ORIENTED_EDGE('',*,*,#2448,.F.);
#1140=ORIENTED_EDGE('',*,*,#2445,.T.);
#1141=ORIENTED_EDGE('',*,*,#2449,.T.);
#1142=ORIENTED_EDGE('',*,*,#2450,.F.);
#1143=ORIENTED_EDGE('',*,*,#2451,.F.);
#1144=ORIENTED_EDGE('',*,*,#2452,.T.);
#1145=ORIENTED_EDGE('',*,*,#2453,.T.);
#1146=ORIENTED_EDGE('',*,*,#2454,.F.);
#1147=ORIENTED_EDGE('',*,*,#2455,.F.);
#1148=ORIENTED_EDGE('',*,*,#2456,.T.);
#1149=ORIENTED_EDGE('',*,*,#2457,.T.);
#1150=ORIENTED_EDGE('',*,*,#2458,.F.);
#1151=ORIENTED_EDGE('',*,*,#2459,.F.);
#1152=ORIENTED_EDGE('',*,*,#2450,.T.);
#1153=ORIENTED_EDGE('',*,*,#2460,.T.);
#1154=ORIENTED_EDGE('',*,*,#2456,.F.);
#1155=ORIENTED_EDGE('',*,*,#2461,.F.);
#1156=ORIENTED_EDGE('',*,*,#2458,.T.);
#1157=ORIENTED_EDGE('',*,*,#2462,.T.);
#1158=ORIENTED_EDGE('',*,*,#2463,.F.);
#1159=ORIENTED_EDGE('',*,*,#2464,.F.);
#1160=ORIENTED_EDGE('',*,*,#2465,.T.);
#1161=ORIENTED_EDGE('',*,*,#2466,.T.);
#1162=ORIENTED_EDGE('',*,*,#2467,.F.);
#1163=ORIENTED_EDGE('',*,*,#2468,.F.);
#1164=ORIENTED_EDGE('',*,*,#2469,.T.);
#1165=ORIENTED_EDGE('',*,*,#2470,.T.);
#1166=ORIENTED_EDGE('',*,*,#2471,.F.);
#1167=ORIENTED_EDGE('',*,*,#2472,.F.);
#1168=ORIENTED_EDGE('',*,*,#2463,.T.);
#1169=ORIENTED_EDGE('',*,*,#2473,.T.);
#1170=ORIENTED_EDGE('',*,*,#2469,.F.);
#1171=ORIENTED_EDGE('',*,*,#2474,.F.);
#1172=ORIENTED_EDGE('',*,*,#2471,.T.);
#1173=ORIENTED_EDGE('',*,*,#2475,.T.);
#1174=ORIENTED_EDGE('',*,*,#2476,.F.);
#1175=ORIENTED_EDGE('',*,*,#2477,.F.);
#1176=ORIENTED_EDGE('',*,*,#2478,.T.);
#1177=ORIENTED_EDGE('',*,*,#2479,.T.);
#1178=ORIENTED_EDGE('',*,*,#2480,.F.);
#1179=ORIENTED_EDGE('',*,*,#2481,.F.);
#1180=ORIENTED_EDGE('',*,*,#2482,.T.);
#1181=ORIENTED_EDGE('',*,*,#2483,.T.);
#1182=ORIENTED_EDGE('',*,*,#2484,.F.);
#1183=ORIENTED_EDGE('',*,*,#2485,.F.);
#1184=ORIENTED_EDGE('',*,*,#2476,.T.);
#1185=ORIENTED_EDGE('',*,*,#2486,.T.);
#1186=ORIENTED_EDGE('',*,*,#2482,.F.);
#1187=ORIENTED_EDGE('',*,*,#2487,.F.);
#1188=ORIENTED_EDGE('',*,*,#2484,.T.);
#1189=ORIENTED_EDGE('',*,*,#2488,.T.);
#1190=ORIENTED_EDGE('',*,*,#2489,.F.);
#1191=ORIENTED_EDGE('',*,*,#2490,.F.);
#1192=ORIENTED_EDGE('',*,*,#2491,.T.);
#1193=ORIENTED_EDGE('',*,*,#2492,.T.);
#1194=ORIENTED_EDGE('',*,*,#2491,.F.);
#1195=ORIENTED_EDGE('',*,*,#2493,.F.);
#1196=ORIENTED_EDGE('',*,*,#2494,.T.);
#1197=ORIENTED_EDGE('',*,*,#2495,.T.);
#1198=ORIENTED_EDGE('',*,*,#2496,.F.);
#1199=ORIENTED_EDGE('',*,*,#2497,.F.);
#1200=ORIENTED_EDGE('',*,*,#2498,.T.);
#1201=ORIENTED_EDGE('',*,*,#2499,.T.);
#1202=ORIENTED_EDGE('',*,*,#2494,.F.);
#1203=ORIENTED_EDGE('',*,*,#2500,.F.);
#1204=ORIENTED_EDGE('',*,*,#2496,.T.);
#1205=ORIENTED_EDGE('',*,*,#2501,.T.);
#1206=ORIENTED_EDGE('',*,*,#2502,.F.);
#1207=ORIENTED_EDGE('',*,*,#2503,.F.);
#1208=ORIENTED_EDGE('',*,*,#2504,.T.);
#1209=ORIENTED_EDGE('',*,*,#2505,.T.);
#1210=ORIENTED_EDGE('',*,*,#2504,.F.);
#1211=ORIENTED_EDGE('',*,*,#2506,.F.);
#1212=ORIENTED_EDGE('',*,*,#2507,.T.);
#1213=ORIENTED_EDGE('',*,*,#2508,.T.);
#1214=ORIENTED_EDGE('',*,*,#2509,.F.);
#1215=ORIENTED_EDGE('',*,*,#2510,.F.);
#1216=ORIENTED_EDGE('',*,*,#2511,.T.);
#1217=ORIENTED_EDGE('',*,*,#2512,.T.);
#1218=ORIENTED_EDGE('',*,*,#2507,.F.);
#1219=ORIENTED_EDGE('',*,*,#2513,.F.);
#1220=ORIENTED_EDGE('',*,*,#2509,.T.);
#1221=ORIENTED_EDGE('',*,*,#2514,.T.);
#1222=ORIENTED_EDGE('',*,*,#2515,.F.);
#1223=ORIENTED_EDGE('',*,*,#2516,.F.);
#1224=ORIENTED_EDGE('',*,*,#2517,.T.);
#1225=ORIENTED_EDGE('',*,*,#2518,.T.);
#1226=ORIENTED_EDGE('',*,*,#2517,.F.);
#1227=ORIENTED_EDGE('',*,*,#2519,.F.);
#1228=ORIENTED_EDGE('',*,*,#2520,.T.);
#1229=ORIENTED_EDGE('',*,*,#2521,.T.);
#1230=ORIENTED_EDGE('',*,*,#2522,.F.);
#1231=ORIENTED_EDGE('',*,*,#2523,.F.);
#1232=ORIENTED_EDGE('',*,*,#2524,.T.);
#1233=ORIENTED_EDGE('',*,*,#2525,.T.);
#1234=ORIENTED_EDGE('',*,*,#2520,.F.);
#1235=ORIENTED_EDGE('',*,*,#2526,.F.);
#1236=ORIENTED_EDGE('',*,*,#2522,.T.);
#1237=ORIENTED_EDGE('',*,*,#2527,.T.);
#1238=ORIENTED_EDGE('',*,*,#2528,.F.);
#1239=ORIENTED_EDGE('',*,*,#2529,.F.);
#1240=ORIENTED_EDGE('',*,*,#2530,.T.);
#1241=ORIENTED_EDGE('',*,*,#2531,.T.);
#1242=ORIENTED_EDGE('',*,*,#2530,.F.);
#1243=ORIENTED_EDGE('',*,*,#2532,.F.);
#1244=ORIENTED_EDGE('',*,*,#2533,.T.);
#1245=ORIENTED_EDGE('',*,*,#2534,.T.);
#1246=ORIENTED_EDGE('',*,*,#2535,.F.);
#1247=ORIENTED_EDGE('',*,*,#2536,.F.);
#1248=ORIENTED_EDGE('',*,*,#2537,.T.);
#1249=ORIENTED_EDGE('',*,*,#2538,.T.);
#1250=ORIENTED_EDGE('',*,*,#2533,.F.);
#1251=ORIENTED_EDGE('',*,*,#2539,.F.);
#1252=ORIENTED_EDGE('',*,*,#2535,.T.);
#1253=ORIENTED_EDGE('',*,*,#2540,.T.);
#1254=ORIENTED_EDGE('',*,*,#2541,.F.);
#1255=ORIENTED_EDGE('',*,*,#2542,.F.);
#1256=ORIENTED_EDGE('',*,*,#2543,.T.);
#1257=ORIENTED_EDGE('',*,*,#2544,.T.);
#1258=ORIENTED_EDGE('',*,*,#2545,.F.);
#1259=ORIENTED_EDGE('',*,*,#2546,.F.);
#1260=ORIENTED_EDGE('',*,*,#2541,.T.);
#1261=ORIENTED_EDGE('',*,*,#2547,.T.);
#1262=ORIENTED_EDGE('',*,*,#2548,.F.);
#1263=ORIENTED_EDGE('',*,*,#2549,.F.);
#1264=ORIENTED_EDGE('',*,*,#2545,.T.);
#1265=ORIENTED_EDGE('',*,*,#2550,.T.);
#1266=ORIENTED_EDGE('',*,*,#2551,.F.);
#1267=ORIENTED_EDGE('',*,*,#2552,.F.);
#1268=ORIENTED_EDGE('',*,*,#2548,.T.);
#1269=ORIENTED_EDGE('',*,*,#2553,.T.);
#1270=ORIENTED_EDGE('',*,*,#2554,.F.);
#1271=ORIENTED_EDGE('',*,*,#2555,.F.);
#1272=ORIENTED_EDGE('',*,*,#2551,.T.);
#1273=ORIENTED_EDGE('',*,*,#2556,.F.);
#1274=ORIENTED_EDGE('',*,*,#2557,.F.);
#1275=ORIENTED_EDGE('',*,*,#2558,.F.);
#1276=ORIENTED_EDGE('',*,*,#2559,.F.);
#1277=ORIENTED_EDGE('',*,*,#2560,.F.);
#1278=ORIENTED_EDGE('',*,*,#2561,.F.);
#1279=ORIENTED_EDGE('',*,*,#2562,.F.);
#1280=ORIENTED_EDGE('',*,*,#2563,.F.);
#1281=ORIENTED_EDGE('',*,*,#2564,.T.);
#1282=ORIENTED_EDGE('',*,*,#2067,.T.);
#1283=ORIENTED_EDGE('',*,*,#2565,.F.);
#1284=ORIENTED_EDGE('',*,*,#2540,.F.);
#1285=ORIENTED_EDGE('',*,*,#2566,.T.);
#1286=ORIENTED_EDGE('',*,*,#2294,.F.);
#1287=ORIENTED_EDGE('',*,*,#2567,.F.);
#1288=ORIENTED_EDGE('',*,*,#2305,.F.);
#1289=ORIENTED_EDGE('',*,*,#2302,.F.);
#1290=ORIENTED_EDGE('',*,*,#2298,.F.);
#1291=ORIENTED_EDGE('',*,*,#2568,.T.);
#1292=ORIENTED_EDGE('',*,*,#2308,.F.);
#1293=ORIENTED_EDGE('',*,*,#2569,.F.);
#1294=ORIENTED_EDGE('',*,*,#2319,.F.);
#1295=ORIENTED_EDGE('',*,*,#2316,.F.);
#1296=ORIENTED_EDGE('',*,*,#2312,.F.);
#1297=ORIENTED_EDGE('',*,*,#2570,.T.);
#1298=ORIENTED_EDGE('',*,*,#2280,.F.);
#1299=ORIENTED_EDGE('',*,*,#2291,.F.);
#1300=ORIENTED_EDGE('',*,*,#2571,.F.);
#1301=ORIENTED_EDGE('',*,*,#2288,.F.);
#1302=ORIENTED_EDGE('',*,*,#2284,.F.);
#1303=ORIENTED_EDGE('',*,*,#2572,.T.);
#1304=ORIENTED_EDGE('',*,*,#2322,.F.);
#1305=ORIENTED_EDGE('',*,*,#2330,.F.);
#1306=ORIENTED_EDGE('',*,*,#2573,.F.);
#1307=ORIENTED_EDGE('',*,*,#2333,.F.);
#1308=ORIENTED_EDGE('',*,*,#2326,.F.);
#1309=ORIENTED_EDGE('',*,*,#2574,.T.);
#1310=ORIENTED_EDGE('',*,*,#2266,.F.);
#1311=ORIENTED_EDGE('',*,*,#2277,.F.);
#1312=ORIENTED_EDGE('',*,*,#2575,.F.);
#1313=ORIENTED_EDGE('',*,*,#2274,.F.);
#1314=ORIENTED_EDGE('',*,*,#2270,.F.);
#1315=ORIENTED_EDGE('',*,*,#2576,.T.);
#1316=ORIENTED_EDGE('',*,*,#2336,.F.);
#1317=ORIENTED_EDGE('',*,*,#2344,.F.);
#1318=ORIENTED_EDGE('',*,*,#2577,.F.);
#1319=ORIENTED_EDGE('',*,*,#2347,.F.);
#1320=ORIENTED_EDGE('',*,*,#2340,.F.);
#1321=ORIENTED_EDGE('',*,*,#2578,.T.);
#1322=ORIENTED_EDGE('',*,*,#2252,.F.);
#1323=ORIENTED_EDGE('',*,*,#2263,.F.);
#1324=ORIENTED_EDGE('',*,*,#2579,.F.);
#1325=ORIENTED_EDGE('',*,*,#2260,.F.);
#1326=ORIENTED_EDGE('',*,*,#2256,.F.);
#1327=ORIENTED_EDGE('',*,*,#2580,.T.);
#1328=ORIENTED_EDGE('',*,*,#2350,.F.);
#1329=ORIENTED_EDGE('',*,*,#2358,.F.);
#1330=ORIENTED_EDGE('',*,*,#2581,.F.);
#1331=ORIENTED_EDGE('',*,*,#2361,.F.);
#1332=ORIENTED_EDGE('',*,*,#2354,.F.);
#1333=ORIENTED_EDGE('',*,*,#2582,.T.);
#1334=ORIENTED_EDGE('',*,*,#2238,.F.);
#1335=ORIENTED_EDGE('',*,*,#2249,.F.);
#1336=ORIENTED_EDGE('',*,*,#2583,.F.);
#1337=ORIENTED_EDGE('',*,*,#2246,.F.);
#1338=ORIENTED_EDGE('',*,*,#2242,.F.);
#1339=ORIENTED_EDGE('',*,*,#2584,.T.);
#1340=ORIENTED_EDGE('',*,*,#2364,.F.);
#1341=ORIENTED_EDGE('',*,*,#2372,.F.);
#1342=ORIENTED_EDGE('',*,*,#2585,.F.);
#1343=ORIENTED_EDGE('',*,*,#2375,.F.);
#1344=ORIENTED_EDGE('',*,*,#2368,.F.);
#1345=ORIENTED_EDGE('',*,*,#2586,.T.);
#1346=ORIENTED_EDGE('',*,*,#2224,.F.);
#1347=ORIENTED_EDGE('',*,*,#2235,.F.);
#1348=ORIENTED_EDGE('',*,*,#2587,.F.);
#1349=ORIENTED_EDGE('',*,*,#2232,.F.);
#1350=ORIENTED_EDGE('',*,*,#2228,.F.);
#1351=ORIENTED_EDGE('',*,*,#2588,.T.);
#1352=ORIENTED_EDGE('',*,*,#2378,.F.);
#1353=ORIENTED_EDGE('',*,*,#2386,.F.);
#1354=ORIENTED_EDGE('',*,*,#2589,.F.);
#1355=ORIENTED_EDGE('',*,*,#2389,.F.);
#1356=ORIENTED_EDGE('',*,*,#2382,.F.);
#1357=ORIENTED_EDGE('',*,*,#2590,.T.);
#1358=ORIENTED_EDGE('',*,*,#2210,.F.);
#1359=ORIENTED_EDGE('',*,*,#2221,.F.);
#1360=ORIENTED_EDGE('',*,*,#2591,.F.);
#1361=ORIENTED_EDGE('',*,*,#2218,.F.);
#1362=ORIENTED_EDGE('',*,*,#2214,.F.);
#1363=ORIENTED_EDGE('',*,*,#2592,.T.);
#1364=ORIENTED_EDGE('',*,*,#2392,.F.);
#1365=ORIENTED_EDGE('',*,*,#2400,.F.);
#1366=ORIENTED_EDGE('',*,*,#2593,.F.);
#1367=ORIENTED_EDGE('',*,*,#2403,.F.);
#1368=ORIENTED_EDGE('',*,*,#2396,.F.);
#1369=ORIENTED_EDGE('',*,*,#2594,.T.);
#1370=ORIENTED_EDGE('',*,*,#2196,.F.);
#1371=ORIENTED_EDGE('',*,*,#2207,.F.);
#1372=ORIENTED_EDGE('',*,*,#2595,.F.);
#1373=ORIENTED_EDGE('',*,*,#2204,.F.);
#1374=ORIENTED_EDGE('',*,*,#2200,.F.);
#1375=ORIENTED_EDGE('',*,*,#2596,.T.);
#1376=ORIENTED_EDGE('',*,*,#2406,.F.);
#1377=ORIENTED_EDGE('',*,*,#2414,.F.);
#1378=ORIENTED_EDGE('',*,*,#2417,.F.);
#1379=ORIENTED_EDGE('',*,*,#2597,.F.);
#1380=ORIENTED_EDGE('',*,*,#2410,.F.);
#1381=ORIENTED_EDGE('',*,*,#2598,.T.);
#1382=ORIENTED_EDGE('',*,*,#2182,.F.);
#1383=ORIENTED_EDGE('',*,*,#2190,.F.);
#1384=ORIENTED_EDGE('',*,*,#2193,.F.);
#1385=ORIENTED_EDGE('',*,*,#2599,.F.);
#1386=ORIENTED_EDGE('',*,*,#2186,.F.);
#1387=ORIENTED_EDGE('',*,*,#2600,.T.);
#1388=ORIENTED_EDGE('',*,*,#2420,.F.);
#1389=ORIENTED_EDGE('',*,*,#2428,.F.);
#1390=ORIENTED_EDGE('',*,*,#2434,.F.);
#1391=ORIENTED_EDGE('',*,*,#2431,.F.);
#1392=ORIENTED_EDGE('',*,*,#2424,.F.);
#1393=ORIENTED_EDGE('',*,*,#2601,.T.);
#1394=ORIENTED_EDGE('',*,*,#2602,.F.);
#1395=ORIENTED_EDGE('',*,*,#2176,.F.);
#1396=ORIENTED_EDGE('',*,*,#2180,.F.);
#1397=ORIENTED_EDGE('',*,*,#2173,.F.);
#1398=ORIENTED_EDGE('',*,*,#2169,.F.);
#1399=ORIENTED_EDGE('',*,*,#2603,.T.);
#1400=ORIENTED_EDGE('',*,*,#2604,.F.);
#1401=ORIENTED_EDGE('',*,*,#2440,.F.);
#1402=ORIENTED_EDGE('',*,*,#2447,.F.);
#1403=ORIENTED_EDGE('',*,*,#2444,.F.);
#1404=ORIENTED_EDGE('',*,*,#2436,.F.);
#1405=ORIENTED_EDGE('',*,*,#2605,.T.);
#1406=ORIENTED_EDGE('',*,*,#2606,.F.);
#1407=ORIENTED_EDGE('',*,*,#2163,.F.);
#1408=ORIENTED_EDGE('',*,*,#2167,.F.);
#1409=ORIENTED_EDGE('',*,*,#2160,.F.);
#1410=ORIENTED_EDGE('',*,*,#2156,.F.);
#1411=ORIENTED_EDGE('',*,*,#2607,.T.);
#1412=ORIENTED_EDGE('',*,*,#2608,.F.);
#1413=ORIENTED_EDGE('',*,*,#2453,.F.);
#1414=ORIENTED_EDGE('',*,*,#2460,.F.);
#1415=ORIENTED_EDGE('',*,*,#2457,.F.);
#1416=ORIENTED_EDGE('',*,*,#2449,.F.);
#1417=ORIENTED_EDGE('',*,*,#2609,.T.);
#1418=ORIENTED_EDGE('',*,*,#2610,.F.);
#1419=ORIENTED_EDGE('',*,*,#2150,.F.);
#1420=ORIENTED_EDGE('',*,*,#2154,.F.);
#1421=ORIENTED_EDGE('',*,*,#2147,.F.);
#1422=ORIENTED_EDGE('',*,*,#2143,.F.);
#1423=ORIENTED_EDGE('',*,*,#2611,.T.);
#1424=ORIENTED_EDGE('',*,*,#2612,.F.);
#1425=ORIENTED_EDGE('',*,*,#2466,.F.);
#1426=ORIENTED_EDGE('',*,*,#2473,.F.);
#1427=ORIENTED_EDGE('',*,*,#2470,.F.);
#1428=ORIENTED_EDGE('',*,*,#2462,.F.);
#1429=ORIENTED_EDGE('',*,*,#2613,.T.);
#1430=ORIENTED_EDGE('',*,*,#2614,.F.);
#1431=ORIENTED_EDGE('',*,*,#2137,.F.);
#1432=ORIENTED_EDGE('',*,*,#2141,.F.);
#1433=ORIENTED_EDGE('',*,*,#2134,.F.);
#1434=ORIENTED_EDGE('',*,*,#2130,.F.);
#1435=ORIENTED_EDGE('',*,*,#2615,.T.);
#1436=ORIENTED_EDGE('',*,*,#2616,.F.);
#1437=ORIENTED_EDGE('',*,*,#2479,.F.);
#1438=ORIENTED_EDGE('',*,*,#2486,.F.);
#1439=ORIENTED_EDGE('',*,*,#2483,.F.);
#1440=ORIENTED_EDGE('',*,*,#2475,.F.);
#1441=ORIENTED_EDGE('',*,*,#2617,.T.);
#1442=ORIENTED_EDGE('',*,*,#2618,.F.);
#1443=ORIENTED_EDGE('',*,*,#2124,.F.);
#1444=ORIENTED_EDGE('',*,*,#2128,.F.);
#1445=ORIENTED_EDGE('',*,*,#2120,.F.);
#1446=ORIENTED_EDGE('',*,*,#2619,.F.);
#1447=ORIENTED_EDGE('',*,*,#2620,.T.);
#1448=ORIENTED_EDGE('',*,*,#2488,.F.);
#1449=ORIENTED_EDGE('',*,*,#2492,.F.);
#1450=ORIENTED_EDGE('',*,*,#2499,.F.);
#1451=ORIENTED_EDGE('',*,*,#2495,.F.);
#1452=ORIENTED_EDGE('',*,*,#2621,.F.);
#1453=ORIENTED_EDGE('',*,*,#2622,.T.);
#1454=ORIENTED_EDGE('',*,*,#2107,.F.);
#1455=ORIENTED_EDGE('',*,*,#2115,.F.);
#1456=ORIENTED_EDGE('',*,*,#2118,.F.);
#1457=ORIENTED_EDGE('',*,*,#2111,.F.);
#1458=ORIENTED_EDGE('',*,*,#2623,.F.);
#1459=ORIENTED_EDGE('',*,*,#2624,.T.);
#1460=ORIENTED_EDGE('',*,*,#2501,.F.);
#1461=ORIENTED_EDGE('',*,*,#2505,.F.);
#1462=ORIENTED_EDGE('',*,*,#2512,.F.);
#1463=ORIENTED_EDGE('',*,*,#2508,.F.);
#1464=ORIENTED_EDGE('',*,*,#2625,.F.);
#1465=ORIENTED_EDGE('',*,*,#2626,.T.);
#1466=ORIENTED_EDGE('',*,*,#2094,.F.);
#1467=ORIENTED_EDGE('',*,*,#2102,.F.);
#1468=ORIENTED_EDGE('',*,*,#2105,.F.);
#1469=ORIENTED_EDGE('',*,*,#2098,.F.);
#1470=ORIENTED_EDGE('',*,*,#2627,.F.);
#1471=ORIENTED_EDGE('',*,*,#2628,.T.);
#1472=ORIENTED_EDGE('',*,*,#2514,.F.);
#1473=ORIENTED_EDGE('',*,*,#2518,.F.);
#1474=ORIENTED_EDGE('',*,*,#2525,.F.);
#1475=ORIENTED_EDGE('',*,*,#2521,.F.);
#1476=ORIENTED_EDGE('',*,*,#2629,.F.);
#1477=ORIENTED_EDGE('',*,*,#2630,.T.);
#1478=ORIENTED_EDGE('',*,*,#2081,.F.);
#1479=ORIENTED_EDGE('',*,*,#2089,.F.);
#1480=ORIENTED_EDGE('',*,*,#2092,.F.);
#1481=ORIENTED_EDGE('',*,*,#2085,.F.);
#1482=ORIENTED_EDGE('',*,*,#2631,.F.);
#1483=ORIENTED_EDGE('',*,*,#2632,.T.);
#1484=ORIENTED_EDGE('',*,*,#2527,.F.);
#1485=ORIENTED_EDGE('',*,*,#2531,.F.);
#1486=ORIENTED_EDGE('',*,*,#2538,.F.);
#1487=ORIENTED_EDGE('',*,*,#2534,.F.);
#1488=ORIENTED_EDGE('',*,*,#2633,.F.);
#1489=ORIENTED_EDGE('',*,*,#2634,.T.);
#1490=ORIENTED_EDGE('',*,*,#2078,.F.);
#1491=ORIENTED_EDGE('',*,*,#2075,.F.);
#1492=ORIENTED_EDGE('',*,*,#2072,.F.);
#1493=ORIENTED_EDGE('',*,*,#2068,.F.);
#1494=ORIENTED_EDGE('',*,*,#2635,.F.);
#1495=ORIENTED_EDGE('',*,*,#2636,.T.);
#1496=ORIENTED_EDGE('',*,*,#2553,.F.);
#1497=ORIENTED_EDGE('',*,*,#2550,.F.);
#1498=ORIENTED_EDGE('',*,*,#2547,.F.);
#1499=ORIENTED_EDGE('',*,*,#2544,.F.);
#1500=ORIENTED_EDGE('',*,*,#2637,.T.);
#1501=ORIENTED_EDGE('',*,*,#2295,.T.);
#1502=ORIENTED_EDGE('',*,*,#2566,.F.);
#1503=ORIENTED_EDGE('',*,*,#2543,.F.);
#1504=ORIENTED_EDGE('',*,*,#2638,.T.);
#1505=ORIENTED_EDGE('',*,*,#2555,.T.);
#1506=ORIENTED_EDGE('',*,*,#2639,.F.);
#1507=ORIENTED_EDGE('',*,*,#2640,.T.);
#1508=ORIENTED_EDGE('',*,*,#2070,.T.);
#1509=ORIENTED_EDGE('',*,*,#2074,.T.);
#1510=ORIENTED_EDGE('',*,*,#2077,.T.);
#1511=ORIENTED_EDGE('',*,*,#2080,.T.);
#1512=ORIENTED_EDGE('',*,*,#2641,.F.);
#1513=ORIENTED_EDGE('',*,*,#2642,.T.);
#1514=ORIENTED_EDGE('',*,*,#2536,.T.);
#1515=ORIENTED_EDGE('',*,*,#2539,.T.);
#1516=ORIENTED_EDGE('',*,*,#2532,.T.);
#1517=ORIENTED_EDGE('',*,*,#2529,.T.);
#1518=ORIENTED_EDGE('',*,*,#2643,.F.);
#1519=ORIENTED_EDGE('',*,*,#2644,.T.);
#1520=ORIENTED_EDGE('',*,*,#2087,.T.);
#1521=ORIENTED_EDGE('',*,*,#2093,.T.);
#1522=ORIENTED_EDGE('',*,*,#2090,.T.);
#1523=ORIENTED_EDGE('',*,*,#2083,.T.);
#1524=ORIENTED_EDGE('',*,*,#2645,.F.);
#1525=ORIENTED_EDGE('',*,*,#2646,.T.);
#1526=ORIENTED_EDGE('',*,*,#2523,.T.);
#1527=ORIENTED_EDGE('',*,*,#2526,.T.);
#1528=ORIENTED_EDGE('',*,*,#2519,.T.);
#1529=ORIENTED_EDGE('',*,*,#2516,.T.);
#1530=ORIENTED_EDGE('',*,*,#2647,.F.);
#1531=ORIENTED_EDGE('',*,*,#2648,.T.);
#1532=ORIENTED_EDGE('',*,*,#2100,.T.);
#1533=ORIENTED_EDGE('',*,*,#2106,.T.);
#1534=ORIENTED_EDGE('',*,*,#2103,.T.);
#1535=ORIENTED_EDGE('',*,*,#2096,.T.);
#1536=ORIENTED_EDGE('',*,*,#2649,.F.);
#1537=ORIENTED_EDGE('',*,*,#2650,.T.);
#1538=ORIENTED_EDGE('',*,*,#2510,.T.);
#1539=ORIENTED_EDGE('',*,*,#2513,.T.);
#1540=ORIENTED_EDGE('',*,*,#2506,.T.);
#1541=ORIENTED_EDGE('',*,*,#2503,.T.);
#1542=ORIENTED_EDGE('',*,*,#2651,.F.);
#1543=ORIENTED_EDGE('',*,*,#2652,.T.);
#1544=ORIENTED_EDGE('',*,*,#2113,.T.);
#1545=ORIENTED_EDGE('',*,*,#2119,.T.);
#1546=ORIENTED_EDGE('',*,*,#2116,.T.);
#1547=ORIENTED_EDGE('',*,*,#2109,.T.);
#1548=ORIENTED_EDGE('',*,*,#2653,.F.);
#1549=ORIENTED_EDGE('',*,*,#2654,.T.);
#1550=ORIENTED_EDGE('',*,*,#2497,.T.);
#1551=ORIENTED_EDGE('',*,*,#2500,.T.);
#1552=ORIENTED_EDGE('',*,*,#2493,.T.);
#1553=ORIENTED_EDGE('',*,*,#2490,.T.);
#1554=ORIENTED_EDGE('',*,*,#2655,.F.);
#1555=ORIENTED_EDGE('',*,*,#2656,.T.);
#1556=ORIENTED_EDGE('',*,*,#2122,.T.);
#1557=ORIENTED_EDGE('',*,*,#2129,.T.);
#1558=ORIENTED_EDGE('',*,*,#2126,.T.);
#1559=ORIENTED_EDGE('',*,*,#2657,.T.);
#1560=ORIENTED_EDGE('',*,*,#2658,.F.);
#1561=ORIENTED_EDGE('',*,*,#2477,.T.);
#1562=ORIENTED_EDGE('',*,*,#2485,.T.);
#1563=ORIENTED_EDGE('',*,*,#2487,.T.);
#1564=ORIENTED_EDGE('',*,*,#2481,.T.);
#1565=ORIENTED_EDGE('',*,*,#2659,.T.);
#1566=ORIENTED_EDGE('',*,*,#2660,.F.);
#1567=ORIENTED_EDGE('',*,*,#2132,.T.);
#1568=ORIENTED_EDGE('',*,*,#2136,.T.);
#1569=ORIENTED_EDGE('',*,*,#2142,.T.);
#1570=ORIENTED_EDGE('',*,*,#2139,.T.);
#1571=ORIENTED_EDGE('',*,*,#2661,.T.);
#1572=ORIENTED_EDGE('',*,*,#2662,.F.);
#1573=ORIENTED_EDGE('',*,*,#2464,.T.);
#1574=ORIENTED_EDGE('',*,*,#2472,.T.);
#1575=ORIENTED_EDGE('',*,*,#2474,.T.);
#1576=ORIENTED_EDGE('',*,*,#2468,.T.);
#1577=ORIENTED_EDGE('',*,*,#2663,.T.);
#1578=ORIENTED_EDGE('',*,*,#2664,.F.);
#1579=ORIENTED_EDGE('',*,*,#2145,.T.);
#1580=ORIENTED_EDGE('',*,*,#2149,.T.);
#1581=ORIENTED_EDGE('',*,*,#2155,.T.);
#1582=ORIENTED_EDGE('',*,*,#2152,.T.);
#1583=ORIENTED_EDGE('',*,*,#2665,.T.);
#1584=ORIENTED_EDGE('',*,*,#2666,.F.);
#1585=ORIENTED_EDGE('',*,*,#2451,.T.);
#1586=ORIENTED_EDGE('',*,*,#2459,.T.);
#1587=ORIENTED_EDGE('',*,*,#2461,.T.);
#1588=ORIENTED_EDGE('',*,*,#2455,.T.);
#1589=ORIENTED_EDGE('',*,*,#2667,.T.);
#1590=ORIENTED_EDGE('',*,*,#2668,.F.);
#1591=ORIENTED_EDGE('',*,*,#2158,.T.);
#1592=ORIENTED_EDGE('',*,*,#2162,.T.);
#1593=ORIENTED_EDGE('',*,*,#2168,.T.);
#1594=ORIENTED_EDGE('',*,*,#2165,.T.);
#1595=ORIENTED_EDGE('',*,*,#2669,.T.);
#1596=ORIENTED_EDGE('',*,*,#2670,.F.);
#1597=ORIENTED_EDGE('',*,*,#2438,.T.);
#1598=ORIENTED_EDGE('',*,*,#2446,.T.);
#1599=ORIENTED_EDGE('',*,*,#2448,.T.);
#1600=ORIENTED_EDGE('',*,*,#2442,.T.);
#1601=ORIENTED_EDGE('',*,*,#2671,.T.);
#1602=ORIENTED_EDGE('',*,*,#2672,.F.);
#1603=ORIENTED_EDGE('',*,*,#2171,.T.);
#1604=ORIENTED_EDGE('',*,*,#2175,.T.);
#1605=ORIENTED_EDGE('',*,*,#2181,.T.);
#1606=ORIENTED_EDGE('',*,*,#2178,.T.);
#1607=ORIENTED_EDGE('',*,*,#2673,.T.);
#1608=ORIENTED_EDGE('',*,*,#2674,.F.);
#1609=ORIENTED_EDGE('',*,*,#2426,.T.);
#1610=ORIENTED_EDGE('',*,*,#2433,.T.);
#1611=ORIENTED_EDGE('',*,*,#2435,.T.);
#1612=ORIENTED_EDGE('',*,*,#2429,.T.);
#1613=ORIENTED_EDGE('',*,*,#2422,.T.);
#1614=ORIENTED_EDGE('',*,*,#2675,.F.);
#1615=ORIENTED_EDGE('',*,*,#2188,.T.);
#1616=ORIENTED_EDGE('',*,*,#2676,.T.);
#1617=ORIENTED_EDGE('',*,*,#2194,.T.);
#1618=ORIENTED_EDGE('',*,*,#2191,.T.);
#1619=ORIENTED_EDGE('',*,*,#2184,.T.);
#1620=ORIENTED_EDGE('',*,*,#2677,.F.);
#1621=ORIENTED_EDGE('',*,*,#2412,.T.);
#1622=ORIENTED_EDGE('',*,*,#2678,.T.);
#1623=ORIENTED_EDGE('',*,*,#2418,.T.);
#1624=ORIENTED_EDGE('',*,*,#2415,.T.);
#1625=ORIENTED_EDGE('',*,*,#2408,.T.);
#1626=ORIENTED_EDGE('',*,*,#2679,.F.);
#1627=ORIENTED_EDGE('',*,*,#2202,.T.);
#1628=ORIENTED_EDGE('',*,*,#2206,.T.);
#1629=ORIENTED_EDGE('',*,*,#2680,.T.);
#1630=ORIENTED_EDGE('',*,*,#2208,.T.);
#1631=ORIENTED_EDGE('',*,*,#2198,.T.);
#1632=ORIENTED_EDGE('',*,*,#2681,.F.);
#1633=ORIENTED_EDGE('',*,*,#2398,.T.);
#1634=ORIENTED_EDGE('',*,*,#2405,.T.);
#1635=ORIENTED_EDGE('',*,*,#2682,.T.);
#1636=ORIENTED_EDGE('',*,*,#2401,.T.);
#1637=ORIENTED_EDGE('',*,*,#2394,.T.);
#1638=ORIENTED_EDGE('',*,*,#2683,.F.);
#1639=ORIENTED_EDGE('',*,*,#2216,.T.);
#1640=ORIENTED_EDGE('',*,*,#2220,.T.);
#1641=ORIENTED_EDGE('',*,*,#2684,.T.);
#1642=ORIENTED_EDGE('',*,*,#2222,.T.);
#1643=ORIENTED_EDGE('',*,*,#2212,.T.);
#1644=ORIENTED_EDGE('',*,*,#2685,.F.);
#1645=ORIENTED_EDGE('',*,*,#2384,.T.);
#1646=ORIENTED_EDGE('',*,*,#2391,.T.);
#1647=ORIENTED_EDGE('',*,*,#2686,.T.);
#1648=ORIENTED_EDGE('',*,*,#2387,.T.);
#1649=ORIENTED_EDGE('',*,*,#2380,.T.);
#1650=ORIENTED_EDGE('',*,*,#2687,.F.);
#1651=ORIENTED_EDGE('',*,*,#2230,.T.);
#1652=ORIENTED_EDGE('',*,*,#2234,.T.);
#1653=ORIENTED_EDGE('',*,*,#2688,.T.);
#1654=ORIENTED_EDGE('',*,*,#2236,.T.);
#1655=ORIENTED_EDGE('',*,*,#2226,.T.);
#1656=ORIENTED_EDGE('',*,*,#2689,.F.);
#1657=ORIENTED_EDGE('',*,*,#2370,.T.);
#1658=ORIENTED_EDGE('',*,*,#2377,.T.);
#1659=ORIENTED_EDGE('',*,*,#2690,.T.);
#1660=ORIENTED_EDGE('',*,*,#2373,.T.);
#1661=ORIENTED_EDGE('',*,*,#2366,.T.);
#1662=ORIENTED_EDGE('',*,*,#2691,.F.);
#1663=ORIENTED_EDGE('',*,*,#2244,.T.);
#1664=ORIENTED_EDGE('',*,*,#2248,.T.);
#1665=ORIENTED_EDGE('',*,*,#2692,.T.);
#1666=ORIENTED_EDGE('',*,*,#2250,.T.);
#1667=ORIENTED_EDGE('',*,*,#2240,.T.);
#1668=ORIENTED_EDGE('',*,*,#2693,.F.);
#1669=ORIENTED_EDGE('',*,*,#2356,.T.);
#1670=ORIENTED_EDGE('',*,*,#2363,.T.);
#1671=ORIENTED_EDGE('',*,*,#2694,.T.);
#1672=ORIENTED_EDGE('',*,*,#2359,.T.);
#1673=ORIENTED_EDGE('',*,*,#2352,.T.);
#1674=ORIENTED_EDGE('',*,*,#2695,.F.);
#1675=ORIENTED_EDGE('',*,*,#2258,.T.);
#1676=ORIENTED_EDGE('',*,*,#2262,.T.);
#1677=ORIENTED_EDGE('',*,*,#2696,.T.);
#1678=ORIENTED_EDGE('',*,*,#2264,.T.);
#1679=ORIENTED_EDGE('',*,*,#2254,.T.);
#1680=ORIENTED_EDGE('',*,*,#2697,.F.);
#1681=ORIENTED_EDGE('',*,*,#2342,.T.);
#1682=ORIENTED_EDGE('',*,*,#2349,.T.);
#1683=ORIENTED_EDGE('',*,*,#2698,.T.);
#1684=ORIENTED_EDGE('',*,*,#2345,.T.);
#1685=ORIENTED_EDGE('',*,*,#2338,.T.);
#1686=ORIENTED_EDGE('',*,*,#2699,.F.);
#1687=ORIENTED_EDGE('',*,*,#2272,.T.);
#1688=ORIENTED_EDGE('',*,*,#2276,.T.);
#1689=ORIENTED_EDGE('',*,*,#2700,.T.);
#1690=ORIENTED_EDGE('',*,*,#2278,.T.);
#1691=ORIENTED_EDGE('',*,*,#2268,.T.);
#1692=ORIENTED_EDGE('',*,*,#2701,.F.);
#1693=ORIENTED_EDGE('',*,*,#2328,.T.);
#1694=ORIENTED_EDGE('',*,*,#2335,.T.);
#1695=ORIENTED_EDGE('',*,*,#2702,.T.);
#1696=ORIENTED_EDGE('',*,*,#2331,.T.);
#1697=ORIENTED_EDGE('',*,*,#2324,.T.);
#1698=ORIENTED_EDGE('',*,*,#2703,.F.);
#1699=ORIENTED_EDGE('',*,*,#2286,.T.);
#1700=ORIENTED_EDGE('',*,*,#2290,.T.);
#1701=ORIENTED_EDGE('',*,*,#2704,.T.);
#1702=ORIENTED_EDGE('',*,*,#2292,.T.);
#1703=ORIENTED_EDGE('',*,*,#2282,.T.);
#1704=ORIENTED_EDGE('',*,*,#2705,.F.);
#1705=ORIENTED_EDGE('',*,*,#2314,.T.);
#1706=ORIENTED_EDGE('',*,*,#2318,.T.);
#1707=ORIENTED_EDGE('',*,*,#2321,.T.);
#1708=ORIENTED_EDGE('',*,*,#2706,.T.);
#1709=ORIENTED_EDGE('',*,*,#2310,.T.);
#1710=ORIENTED_EDGE('',*,*,#2707,.F.);
#1711=ORIENTED_EDGE('',*,*,#2300,.T.);
#1712=ORIENTED_EDGE('',*,*,#2304,.T.);
#1713=ORIENTED_EDGE('',*,*,#2307,.T.);
#1714=ORIENTED_EDGE('',*,*,#2708,.T.);
#1715=ORIENTED_EDGE('',*,*,#2296,.T.);
#1716=ORIENTED_EDGE('',*,*,#2637,.F.);
#1717=ORIENTED_EDGE('',*,*,#2542,.T.);
#1718=ORIENTED_EDGE('',*,*,#2546,.T.);
#1719=ORIENTED_EDGE('',*,*,#2549,.T.);
#1720=ORIENTED_EDGE('',*,*,#2552,.T.);
#1721=ORIENTED_EDGE('',*,*,#2641,.T.);
#1722=ORIENTED_EDGE('',*,*,#2079,.T.);
#1723=ORIENTED_EDGE('',*,*,#2634,.F.);
#1724=ORIENTED_EDGE('',*,*,#2709,.F.);
#1725=ORIENTED_EDGE('',*,*,#2645,.T.);
#1726=ORIENTED_EDGE('',*,*,#2082,.T.);
#1727=ORIENTED_EDGE('',*,*,#2630,.F.);
#1728=ORIENTED_EDGE('',*,*,#2710,.F.);
#1729=ORIENTED_EDGE('',*,*,#2649,.T.);
#1730=ORIENTED_EDGE('',*,*,#2095,.T.);
#1731=ORIENTED_EDGE('',*,*,#2626,.F.);
#1732=ORIENTED_EDGE('',*,*,#2711,.F.);
#1733=ORIENTED_EDGE('',*,*,#2653,.T.);
#1734=ORIENTED_EDGE('',*,*,#2108,.T.);
#1735=ORIENTED_EDGE('',*,*,#2622,.F.);
#1736=ORIENTED_EDGE('',*,*,#2712,.F.);
#1737=ORIENTED_EDGE('',*,*,#2658,.T.);
#1738=ORIENTED_EDGE('',*,*,#2713,.T.);
#1739=ORIENTED_EDGE('',*,*,#2617,.F.);
#1740=ORIENTED_EDGE('',*,*,#2478,.F.);
#1741=ORIENTED_EDGE('',*,*,#2662,.T.);
#1742=ORIENTED_EDGE('',*,*,#2714,.T.);
#1743=ORIENTED_EDGE('',*,*,#2613,.F.);
#1744=ORIENTED_EDGE('',*,*,#2465,.F.);
#1745=ORIENTED_EDGE('',*,*,#2666,.T.);
#1746=ORIENTED_EDGE('',*,*,#2715,.T.);
#1747=ORIENTED_EDGE('',*,*,#2609,.F.);
#1748=ORIENTED_EDGE('',*,*,#2452,.F.);
#1749=ORIENTED_EDGE('',*,*,#2670,.T.);
#1750=ORIENTED_EDGE('',*,*,#2716,.T.);
#1751=ORIENTED_EDGE('',*,*,#2605,.F.);
#1752=ORIENTED_EDGE('',*,*,#2439,.F.);
#1753=ORIENTED_EDGE('',*,*,#2674,.T.);
#1754=ORIENTED_EDGE('',*,*,#2717,.T.);
#1755=ORIENTED_EDGE('',*,*,#2601,.F.);
#1756=ORIENTED_EDGE('',*,*,#2427,.F.);
#1757=ORIENTED_EDGE('',*,*,#2677,.T.);
#1758=ORIENTED_EDGE('',*,*,#2183,.T.);
#1759=ORIENTED_EDGE('',*,*,#2598,.F.);
#1760=ORIENTED_EDGE('',*,*,#2413,.F.);
#1761=ORIENTED_EDGE('',*,*,#2681,.T.);
#1762=ORIENTED_EDGE('',*,*,#2197,.T.);
#1763=ORIENTED_EDGE('',*,*,#2594,.F.);
#1764=ORIENTED_EDGE('',*,*,#2399,.F.);
#1765=ORIENTED_EDGE('',*,*,#2685,.T.);
#1766=ORIENTED_EDGE('',*,*,#2211,.T.);
#1767=ORIENTED_EDGE('',*,*,#2590,.F.);
#1768=ORIENTED_EDGE('',*,*,#2385,.F.);
#1769=ORIENTED_EDGE('',*,*,#2689,.T.);
#1770=ORIENTED_EDGE('',*,*,#2225,.T.);
#1771=ORIENTED_EDGE('',*,*,#2586,.F.);
#1772=ORIENTED_EDGE('',*,*,#2371,.F.);
#1773=ORIENTED_EDGE('',*,*,#2693,.T.);
#1774=ORIENTED_EDGE('',*,*,#2239,.T.);
#1775=ORIENTED_EDGE('',*,*,#2582,.F.);
#1776=ORIENTED_EDGE('',*,*,#2357,.F.);
#1777=ORIENTED_EDGE('',*,*,#2697,.T.);
#1778=ORIENTED_EDGE('',*,*,#2253,.T.);
#1779=ORIENTED_EDGE('',*,*,#2578,.F.);
#1780=ORIENTED_EDGE('',*,*,#2343,.F.);
#1781=ORIENTED_EDGE('',*,*,#2701,.T.);
#1782=ORIENTED_EDGE('',*,*,#2267,.T.);
#1783=ORIENTED_EDGE('',*,*,#2574,.F.);
#1784=ORIENTED_EDGE('',*,*,#2329,.F.);
#1785=ORIENTED_EDGE('',*,*,#2705,.T.);
#1786=ORIENTED_EDGE('',*,*,#2281,.T.);
#1787=ORIENTED_EDGE('',*,*,#2570,.F.);
#1788=ORIENTED_EDGE('',*,*,#2315,.F.);
#1789=ORIENTED_EDGE('',*,*,#2301,.F.);
#1790=ORIENTED_EDGE('',*,*,#2707,.T.);
#1791=ORIENTED_EDGE('',*,*,#2309,.T.);
#1792=ORIENTED_EDGE('',*,*,#2568,.F.);
#1793=ORIENTED_EDGE('',*,*,#2287,.F.);
#1794=ORIENTED_EDGE('',*,*,#2703,.T.);
#1795=ORIENTED_EDGE('',*,*,#2323,.T.);
#1796=ORIENTED_EDGE('',*,*,#2572,.F.);
#1797=ORIENTED_EDGE('',*,*,#2273,.F.);
#1798=ORIENTED_EDGE('',*,*,#2699,.T.);
#1799=ORIENTED_EDGE('',*,*,#2337,.T.);
#1800=ORIENTED_EDGE('',*,*,#2576,.F.);
#1801=ORIENTED_EDGE('',*,*,#2259,.F.);
#1802=ORIENTED_EDGE('',*,*,#2695,.T.);
#1803=ORIENTED_EDGE('',*,*,#2351,.T.);
#1804=ORIENTED_EDGE('',*,*,#2580,.F.);
#1805=ORIENTED_EDGE('',*,*,#2245,.F.);
#1806=ORIENTED_EDGE('',*,*,#2691,.T.);
#1807=ORIENTED_EDGE('',*,*,#2365,.T.);
#1808=ORIENTED_EDGE('',*,*,#2584,.F.);
#1809=ORIENTED_EDGE('',*,*,#2231,.F.);
#1810=ORIENTED_EDGE('',*,*,#2687,.T.);
#1811=ORIENTED_EDGE('',*,*,#2379,.T.);
#1812=ORIENTED_EDGE('',*,*,#2588,.F.);
#1813=ORIENTED_EDGE('',*,*,#2217,.F.);
#1814=ORIENTED_EDGE('',*,*,#2683,.T.);
#1815=ORIENTED_EDGE('',*,*,#2393,.T.);
#1816=ORIENTED_EDGE('',*,*,#2592,.F.);
#1817=ORIENTED_EDGE('',*,*,#2203,.F.);
#1818=ORIENTED_EDGE('',*,*,#2679,.T.);
#1819=ORIENTED_EDGE('',*,*,#2407,.T.);
#1820=ORIENTED_EDGE('',*,*,#2596,.F.);
#1821=ORIENTED_EDGE('',*,*,#2189,.F.);
#1822=ORIENTED_EDGE('',*,*,#2675,.T.);
#1823=ORIENTED_EDGE('',*,*,#2421,.T.);
#1824=ORIENTED_EDGE('',*,*,#2600,.F.);
#1825=ORIENTED_EDGE('',*,*,#2172,.F.);
#1826=ORIENTED_EDGE('',*,*,#2672,.T.);
#1827=ORIENTED_EDGE('',*,*,#2718,.T.);
#1828=ORIENTED_EDGE('',*,*,#2603,.F.);
#1829=ORIENTED_EDGE('',*,*,#2159,.F.);
#1830=ORIENTED_EDGE('',*,*,#2668,.T.);
#1831=ORIENTED_EDGE('',*,*,#2719,.T.);
#1832=ORIENTED_EDGE('',*,*,#2607,.F.);
#1833=ORIENTED_EDGE('',*,*,#2146,.F.);
#1834=ORIENTED_EDGE('',*,*,#2664,.T.);
#1835=ORIENTED_EDGE('',*,*,#2720,.T.);
#1836=ORIENTED_EDGE('',*,*,#2611,.F.);
#1837=ORIENTED_EDGE('',*,*,#2133,.F.);
#1838=ORIENTED_EDGE('',*,*,#2660,.T.);
#1839=ORIENTED_EDGE('',*,*,#2721,.T.);
#1840=ORIENTED_EDGE('',*,*,#2615,.F.);
#1841=ORIENTED_EDGE('',*,*,#2722,.F.);
#1842=ORIENTED_EDGE('',*,*,#2655,.T.);
#1843=ORIENTED_EDGE('',*,*,#2489,.T.);
#1844=ORIENTED_EDGE('',*,*,#2620,.F.);
#1845=ORIENTED_EDGE('',*,*,#2723,.F.);
#1846=ORIENTED_EDGE('',*,*,#2651,.T.);
#1847=ORIENTED_EDGE('',*,*,#2502,.T.);
#1848=ORIENTED_EDGE('',*,*,#2624,.F.);
#1849=ORIENTED_EDGE('',*,*,#2724,.F.);
#1850=ORIENTED_EDGE('',*,*,#2647,.T.);
#1851=ORIENTED_EDGE('',*,*,#2515,.T.);
#1852=ORIENTED_EDGE('',*,*,#2628,.F.);
#1853=ORIENTED_EDGE('',*,*,#2725,.F.);
#1854=ORIENTED_EDGE('',*,*,#2643,.T.);
#1855=ORIENTED_EDGE('',*,*,#2528,.T.);
#1856=ORIENTED_EDGE('',*,*,#2632,.F.);
#1857=ORIENTED_EDGE('',*,*,#2726,.F.);
#1858=ORIENTED_EDGE('',*,*,#2639,.T.);
#1859=ORIENTED_EDGE('',*,*,#2554,.T.);
#1860=ORIENTED_EDGE('',*,*,#2636,.F.);
#1861=ORIENTED_EDGE('',*,*,#2727,.F.);
#1862=ORIENTED_EDGE('',*,*,#2065,.T.);
#1863=ORIENTED_EDGE('',*,*,#2727,.T.);
#1864=ORIENTED_EDGE('',*,*,#2638,.F.);
#1865=ORIENTED_EDGE('',*,*,#2728,.F.);
#1866=ORIENTED_EDGE('',*,*,#2565,.T.);
#1867=ORIENTED_EDGE('',*,*,#2564,.F.);
#1868=ORIENTED_EDGE('',*,*,#2728,.T.);
#1869=ORIENTED_EDGE('',*,*,#2642,.F.);
#1870=ORIENTED_EDGE('',*,*,#2709,.T.);
#1871=ORIENTED_EDGE('',*,*,#2633,.T.);
#1872=ORIENTED_EDGE('',*,*,#2537,.F.);
#1873=ORIENTED_EDGE('',*,*,#2646,.F.);
#1874=ORIENTED_EDGE('',*,*,#2710,.T.);
#1875=ORIENTED_EDGE('',*,*,#2629,.T.);
#1876=ORIENTED_EDGE('',*,*,#2524,.F.);
#1877=ORIENTED_EDGE('',*,*,#2650,.F.);
#1878=ORIENTED_EDGE('',*,*,#2711,.T.);
#1879=ORIENTED_EDGE('',*,*,#2625,.T.);
#1880=ORIENTED_EDGE('',*,*,#2511,.F.);
#1881=ORIENTED_EDGE('',*,*,#2654,.F.);
#1882=ORIENTED_EDGE('',*,*,#2712,.T.);
#1883=ORIENTED_EDGE('',*,*,#2621,.T.);
#1884=ORIENTED_EDGE('',*,*,#2498,.F.);
#1885=ORIENTED_EDGE('',*,*,#2659,.F.);
#1886=ORIENTED_EDGE('',*,*,#2480,.T.);
#1887=ORIENTED_EDGE('',*,*,#2616,.T.);
#1888=ORIENTED_EDGE('',*,*,#2721,.F.);
#1889=ORIENTED_EDGE('',*,*,#2663,.F.);
#1890=ORIENTED_EDGE('',*,*,#2467,.T.);
#1891=ORIENTED_EDGE('',*,*,#2612,.T.);
#1892=ORIENTED_EDGE('',*,*,#2720,.F.);
#1893=ORIENTED_EDGE('',*,*,#2667,.F.);
#1894=ORIENTED_EDGE('',*,*,#2454,.T.);
#1895=ORIENTED_EDGE('',*,*,#2608,.T.);
#1896=ORIENTED_EDGE('',*,*,#2719,.F.);
#1897=ORIENTED_EDGE('',*,*,#2671,.F.);
#1898=ORIENTED_EDGE('',*,*,#2441,.T.);
#1899=ORIENTED_EDGE('',*,*,#2604,.T.);
#1900=ORIENTED_EDGE('',*,*,#2718,.F.);
#1901=ORIENTED_EDGE('',*,*,#2678,.F.);
#1902=ORIENTED_EDGE('',*,*,#2411,.T.);
#1903=ORIENTED_EDGE('',*,*,#2597,.T.);
#1904=ORIENTED_EDGE('',*,*,#2419,.F.);
#1905=ORIENTED_EDGE('',*,*,#2682,.F.);
#1906=ORIENTED_EDGE('',*,*,#2404,.T.);
#1907=ORIENTED_EDGE('',*,*,#2593,.T.);
#1908=ORIENTED_EDGE('',*,*,#2402,.F.);
#1909=ORIENTED_EDGE('',*,*,#2686,.F.);
#1910=ORIENTED_EDGE('',*,*,#2390,.T.);
#1911=ORIENTED_EDGE('',*,*,#2589,.T.);
#1912=ORIENTED_EDGE('',*,*,#2388,.F.);
#1913=ORIENTED_EDGE('',*,*,#2690,.F.);
#1914=ORIENTED_EDGE('',*,*,#2376,.T.);
#1915=ORIENTED_EDGE('',*,*,#2585,.T.);
#1916=ORIENTED_EDGE('',*,*,#2374,.F.);
#1917=ORIENTED_EDGE('',*,*,#2694,.F.);
#1918=ORIENTED_EDGE('',*,*,#2362,.T.);
#1919=ORIENTED_EDGE('',*,*,#2581,.T.);
#1920=ORIENTED_EDGE('',*,*,#2360,.F.);
#1921=ORIENTED_EDGE('',*,*,#2698,.F.);
#1922=ORIENTED_EDGE('',*,*,#2348,.T.);
#1923=ORIENTED_EDGE('',*,*,#2577,.T.);
#1924=ORIENTED_EDGE('',*,*,#2346,.F.);
#1925=ORIENTED_EDGE('',*,*,#2702,.F.);
#1926=ORIENTED_EDGE('',*,*,#2334,.T.);
#1927=ORIENTED_EDGE('',*,*,#2573,.T.);
#1928=ORIENTED_EDGE('',*,*,#2332,.F.);
#1929=ORIENTED_EDGE('',*,*,#2706,.F.);
#1930=ORIENTED_EDGE('',*,*,#2320,.T.);
#1931=ORIENTED_EDGE('',*,*,#2569,.T.);
#1932=ORIENTED_EDGE('',*,*,#2311,.F.);
#1933=ORIENTED_EDGE('',*,*,#2708,.F.);
#1934=ORIENTED_EDGE('',*,*,#2306,.T.);
#1935=ORIENTED_EDGE('',*,*,#2567,.T.);
#1936=ORIENTED_EDGE('',*,*,#2297,.F.);
#1937=ORIENTED_EDGE('',*,*,#2704,.F.);
#1938=ORIENTED_EDGE('',*,*,#2289,.T.);
#1939=ORIENTED_EDGE('',*,*,#2571,.T.);
#1940=ORIENTED_EDGE('',*,*,#2293,.F.);
#1941=ORIENTED_EDGE('',*,*,#2700,.F.);
#1942=ORIENTED_EDGE('',*,*,#2275,.T.);
#1943=ORIENTED_EDGE('',*,*,#2575,.T.);
#1944=ORIENTED_EDGE('',*,*,#2279,.F.);
#1945=ORIENTED_EDGE('',*,*,#2696,.F.);
#1946=ORIENTED_EDGE('',*,*,#2261,.T.);
#1947=ORIENTED_EDGE('',*,*,#2579,.T.);
#1948=ORIENTED_EDGE('',*,*,#2265,.F.);
#1949=ORIENTED_EDGE('',*,*,#2692,.F.);
#1950=ORIENTED_EDGE('',*,*,#2247,.T.);
#1951=ORIENTED_EDGE('',*,*,#2583,.T.);
#1952=ORIENTED_EDGE('',*,*,#2251,.F.);
#1953=ORIENTED_EDGE('',*,*,#2688,.F.);
#1954=ORIENTED_EDGE('',*,*,#2233,.T.);
#1955=ORIENTED_EDGE('',*,*,#2587,.T.);
#1956=ORIENTED_EDGE('',*,*,#2237,.F.);
#1957=ORIENTED_EDGE('',*,*,#2684,.F.);
#1958=ORIENTED_EDGE('',*,*,#2219,.T.);
#1959=ORIENTED_EDGE('',*,*,#2591,.T.);
#1960=ORIENTED_EDGE('',*,*,#2223,.F.);
#1961=ORIENTED_EDGE('',*,*,#2680,.F.);
#1962=ORIENTED_EDGE('',*,*,#2205,.T.);
#1963=ORIENTED_EDGE('',*,*,#2595,.T.);
#1964=ORIENTED_EDGE('',*,*,#2209,.F.);
#1965=ORIENTED_EDGE('',*,*,#2676,.F.);
#1966=ORIENTED_EDGE('',*,*,#2187,.T.);
#1967=ORIENTED_EDGE('',*,*,#2599,.T.);
#1968=ORIENTED_EDGE('',*,*,#2195,.F.);
#1969=ORIENTED_EDGE('',*,*,#2673,.F.);
#1970=ORIENTED_EDGE('',*,*,#2177,.T.);
#1971=ORIENTED_EDGE('',*,*,#2602,.T.);
#1972=ORIENTED_EDGE('',*,*,#2717,.F.);
#1973=ORIENTED_EDGE('',*,*,#2669,.F.);
#1974=ORIENTED_EDGE('',*,*,#2164,.T.);
#1975=ORIENTED_EDGE('',*,*,#2606,.T.);
#1976=ORIENTED_EDGE('',*,*,#2716,.F.);
#1977=ORIENTED_EDGE('',*,*,#2665,.F.);
#1978=ORIENTED_EDGE('',*,*,#2151,.T.);
#1979=ORIENTED_EDGE('',*,*,#2610,.T.);
#1980=ORIENTED_EDGE('',*,*,#2715,.F.);
#1981=ORIENTED_EDGE('',*,*,#2661,.F.);
#1982=ORIENTED_EDGE('',*,*,#2138,.T.);
#1983=ORIENTED_EDGE('',*,*,#2614,.T.);
#1984=ORIENTED_EDGE('',*,*,#2714,.F.);
#1985=ORIENTED_EDGE('',*,*,#2656,.F.);
#1986=ORIENTED_EDGE('',*,*,#2722,.T.);
#1987=ORIENTED_EDGE('',*,*,#2619,.T.);
#1988=ORIENTED_EDGE('',*,*,#2123,.F.);
#1989=ORIENTED_EDGE('',*,*,#2657,.F.);
#1990=ORIENTED_EDGE('',*,*,#2125,.T.);
#1991=ORIENTED_EDGE('',*,*,#2618,.T.);
#1992=ORIENTED_EDGE('',*,*,#2713,.F.);
#1993=ORIENTED_EDGE('',*,*,#2652,.F.);
#1994=ORIENTED_EDGE('',*,*,#2723,.T.);
#1995=ORIENTED_EDGE('',*,*,#2623,.T.);
#1996=ORIENTED_EDGE('',*,*,#2114,.F.);
#1997=ORIENTED_EDGE('',*,*,#2648,.F.);
#1998=ORIENTED_EDGE('',*,*,#2724,.T.);
#1999=ORIENTED_EDGE('',*,*,#2627,.T.);
#2000=ORIENTED_EDGE('',*,*,#2101,.F.);
#2001=ORIENTED_EDGE('',*,*,#2644,.F.);
#2002=ORIENTED_EDGE('',*,*,#2725,.T.);
#2003=ORIENTED_EDGE('',*,*,#2631,.T.);
#2004=ORIENTED_EDGE('',*,*,#2088,.F.);
#2005=ORIENTED_EDGE('',*,*,#2640,.F.);
#2006=ORIENTED_EDGE('',*,*,#2726,.T.);
#2007=ORIENTED_EDGE('',*,*,#2635,.T.);
#2008=ORIENTED_EDGE('',*,*,#2071,.F.);
#2009=ORIENTED_EDGE('',*,*,#2729,.F.);
#2010=ORIENTED_EDGE('',*,*,#2563,.T.);
#2011=ORIENTED_EDGE('',*,*,#2729,.T.);
#2012=ORIENTED_EDGE('',*,*,#2730,.F.);
#2013=ORIENTED_EDGE('',*,*,#2730,.T.);
#2014=ORIENTED_EDGE('',*,*,#2064,.F.);
#2015=ORIENTED_EDGE('',*,*,#2731,.F.);
#2016=ORIENTED_EDGE('',*,*,#2562,.T.);
#2017=ORIENTED_EDGE('',*,*,#2731,.T.);
#2018=ORIENTED_EDGE('',*,*,#2732,.F.);
#2019=ORIENTED_EDGE('',*,*,#2732,.T.);
#2020=ORIENTED_EDGE('',*,*,#2063,.F.);
#2021=ORIENTED_EDGE('',*,*,#2733,.F.);
#2022=ORIENTED_EDGE('',*,*,#2561,.T.);
#2023=ORIENTED_EDGE('',*,*,#2733,.T.);
#2024=ORIENTED_EDGE('',*,*,#2734,.F.);
#2025=ORIENTED_EDGE('',*,*,#2734,.T.);
#2026=ORIENTED_EDGE('',*,*,#2062,.F.);
#2027=ORIENTED_EDGE('',*,*,#2735,.F.);
#2028=ORIENTED_EDGE('',*,*,#2560,.T.);
#2029=ORIENTED_EDGE('',*,*,#2735,.T.);
#2030=ORIENTED_EDGE('',*,*,#2736,.F.);
#2031=ORIENTED_EDGE('',*,*,#2736,.T.);
#2032=ORIENTED_EDGE('',*,*,#2061,.F.);
#2033=ORIENTED_EDGE('',*,*,#2737,.F.);
#2034=ORIENTED_EDGE('',*,*,#2559,.T.);
#2035=ORIENTED_EDGE('',*,*,#2737,.T.);
#2036=ORIENTED_EDGE('',*,*,#2738,.F.);
#2037=ORIENTED_EDGE('',*,*,#2738,.T.);
#2038=ORIENTED_EDGE('',*,*,#2060,.F.);
#2039=ORIENTED_EDGE('',*,*,#2739,.F.);
#2040=ORIENTED_EDGE('',*,*,#2558,.T.);
#2041=ORIENTED_EDGE('',*,*,#2739,.T.);
#2042=ORIENTED_EDGE('',*,*,#2740,.F.);
#2043=ORIENTED_EDGE('',*,*,#2740,.T.);
#2044=ORIENTED_EDGE('',*,*,#2059,.F.);
#2045=ORIENTED_EDGE('',*,*,#2741,.F.);
#2046=ORIENTED_EDGE('',*,*,#2557,.T.);
#2047=ORIENTED_EDGE('',*,*,#2741,.T.);
#2048=ORIENTED_EDGE('',*,*,#2742,.F.);
#2049=ORIENTED_EDGE('',*,*,#2742,.T.);
#2050=ORIENTED_EDGE('',*,*,#2058,.F.);
#2051=ORIENTED_EDGE('',*,*,#2743,.F.);
#2052=ORIENTED_EDGE('',*,*,#2556,.T.);
#2053=ORIENTED_EDGE('',*,*,#2743,.T.);
#2054=ORIENTED_EDGE('',*,*,#2744,.F.);
#2055=ORIENTED_EDGE('',*,*,#2744,.T.);
#2056=ORIENTED_EDGE('',*,*,#2057,.F.);
#2057=EDGE_CURVE('',#2745,#2745,#3217,.T.);
#2058=EDGE_CURVE('',#2746,#2746,#3218,.T.);
#2059=EDGE_CURVE('',#2747,#2747,#3219,.T.);
#2060=EDGE_CURVE('',#2748,#2748,#3220,.T.);
#2061=EDGE_CURVE('',#2749,#2749,#3221,.T.);
#2062=EDGE_CURVE('',#2750,#2750,#3222,.T.);
#2063=EDGE_CURVE('',#2751,#2751,#3223,.T.);
#2064=EDGE_CURVE('',#2752,#2752,#3224,.T.);
#2065=EDGE_CURVE('',#2753,#2753,#3225,.T.);
#2066=EDGE_CURVE('',#2754,#2754,#3226,.T.);
#2067=EDGE_CURVE('',#2755,#2755,#3227,.T.);
#2068=EDGE_CURVE('',#2756,#2757,#3228,.T.);
#2069=EDGE_CURVE('',#2758,#2757,#14,.T.);
#2070=EDGE_CURVE('',#2759,#2758,#3229,.T.);
#2071=EDGE_CURVE('',#2759,#2756,#15,.T.);
#2072=EDGE_CURVE('',#2757,#2760,#3230,.T.);
#2073=EDGE_CURVE('',#2761,#2760,#16,.T.);
#2074=EDGE_CURVE('',#2758,#2761,#3231,.T.);
#2075=EDGE_CURVE('',#2760,#2762,#3232,.T.);
#2076=EDGE_CURVE('',#2763,#2762,#17,.T.);
#2077=EDGE_CURVE('',#2761,#2763,#3233,.T.);
#2078=EDGE_CURVE('',#2762,#2764,#3234,.T.);
#2079=EDGE_CURVE('',#2765,#2764,#18,.T.);
#2080=EDGE_CURVE('',#2763,#2765,#3235,.T.);
#2081=EDGE_CURVE('',#2766,#2767,#3236,.T.);
#2082=EDGE_CURVE('',#2768,#2767,#19,.T.);
#2083=EDGE_CURVE('',#2769,#2768,#3237,.T.);
#2084=EDGE_CURVE('',#2769,#2766,#20,.T.);
#2085=EDGE_CURVE('',#2770,#2771,#3238,.T.);
#2086=EDGE_CURVE('',#2772,#2771,#21,.T.);
#2087=EDGE_CURVE('',#2773,#2772,#3239,.T.);
#2088=EDGE_CURVE('',#2773,#2770,#22,.T.);
#2089=EDGE_CURVE('',#2774,#2766,#3240,.T.);
#2090=EDGE_CURVE('',#2775,#2769,#3241,.T.);
#2091=EDGE_CURVE('',#2775,#2774,#23,.T.);
#2092=EDGE_CURVE('',#2771,#2774,#3242,.T.);
#2093=EDGE_CURVE('',#2772,#2775,#3243,.T.);
#2094=EDGE_CURVE('',#2776,#2777,#3244,.T.);
#2095=EDGE_CURVE('',#2778,#2777,#24,.T.);
#2096=EDGE_CURVE('',#2779,#2778,#3245,.T.);
#2097=EDGE_CURVE('',#2779,#2776,#25,.T.);
#2098=EDGE_CURVE('',#2780,#2781,#3246,.T.);
#2099=EDGE_CURVE('',#2782,#2781,#26,.T.);
#2100=EDGE_CURVE('',#2783,#2782,#3247,.T.);
#2101=EDGE_CURVE('',#2783,#2780,#27,.T.);
#2102=EDGE_CURVE('',#2784,#2776,#3248,.T.);
#2103=EDGE_CURVE('',#2785,#2779,#3249,.T.);
#2104=EDGE_CURVE('',#2785,#2784,#28,.T.);
#2105=EDGE_CURVE('',#2781,#2784,#3250,.T.);
#2106=EDGE_CURVE('',#2782,#2785,#3251,.T.);
#2107=EDGE_CURVE('',#2786,#2787,#3252,.T.);
#2108=EDGE_CURVE('',#2788,#2787,#29,.T.);
#2109=EDGE_CURVE('',#2789,#2788,#3253,.T.);
#2110=EDGE_CURVE('',#2789,#2786,#30,.T.);
#2111=EDGE_CURVE('',#2790,#2791,#3254,.T.);
#2112=EDGE_CURVE('',#2792,#2791,#31,.T.);
#2113=EDGE_CURVE('',#2793,#2792,#3255,.T.);
#2114=EDGE_CURVE('',#2793,#2790,#32,.T.);
#2115=EDGE_CURVE('',#2794,#2786,#3256,.T.);
#2116=EDGE_CURVE('',#2795,#2789,#3257,.T.);
#2117=EDGE_CURVE('',#2795,#2794,#33,.T.);
#2118=EDGE_CURVE('',#2791,#2794,#3258,.T.);
#2119=EDGE_CURVE('',#2792,#2795,#3259,.T.);
#2120=EDGE_CURVE('',#2796,#2797,#3260,.T.);
#2121=EDGE_CURVE('',#2798,#2797,#34,.T.);
#2122=EDGE_CURVE('',#2799,#2798,#3261,.T.);
#2123=EDGE_CURVE('',#2799,#2796,#35,.T.);
#2124=EDGE_CURVE('',#2800,#2801,#3262,.T.);
#2125=EDGE_CURVE('',#2802,#2801,#36,.T.);
#2126=EDGE_CURVE('',#2803,#2802,#3263,.T.);
#2127=EDGE_CURVE('',#2803,#2800,#37,.T.);
#2128=EDGE_CURVE('',#2797,#2800,#3264,.T.);
#2129=EDGE_CURVE('',#2798,#2803,#3265,.T.);
#2130=EDGE_CURVE('',#2804,#2805,#3266,.T.);
#2131=EDGE_CURVE('',#2806,#2805,#38,.T.);
#2132=EDGE_CURVE('',#2807,#2806,#3267,.T.);
#2133=EDGE_CURVE('',#2807,#2804,#39,.T.);
#2134=EDGE_CURVE('',#2805,#2808,#3268,.T.);
#2135=EDGE_CURVE('',#2809,#2808,#40,.T.);
#2136=EDGE_CURVE('',#2806,#2809,#3269,.T.);
#2137=EDGE_CURVE('',#2810,#2811,#3270,.T.);
#2138=EDGE_CURVE('',#2812,#2811,#41,.T.);
#2139=EDGE_CURVE('',#2813,#2812,#3271,.T.);
#2140=EDGE_CURVE('',#2813,#2810,#42,.T.);
#2141=EDGE_CURVE('',#2808,#2810,#3272,.T.);
#2142=EDGE_CURVE('',#2809,#2813,#3273,.T.);
#2143=EDGE_CURVE('',#2814,#2815,#3274,.T.);
#2144=EDGE_CURVE('',#2816,#2815,#43,.T.);
#2145=EDGE_CURVE('',#2817,#2816,#3275,.T.);
#2146=EDGE_CURVE('',#2817,#2814,#44,.T.);
#2147=EDGE_CURVE('',#2815,#2818,#3276,.T.);
#2148=EDGE_CURVE('',#2819,#2818,#45,.T.);
#2149=EDGE_CURVE('',#2816,#2819,#3277,.T.);
#2150=EDGE_CURVE('',#2820,#2821,#3278,.T.);
#2151=EDGE_CURVE('',#2822,#2821,#46,.T.);
#2152=EDGE_CURVE('',#2823,#2822,#3279,.T.);
#2153=EDGE_CURVE('',#2823,#2820,#47,.T.);
#2154=EDGE_CURVE('',#2818,#2820,#3280,.T.);
#2155=EDGE_CURVE('',#2819,#2823,#3281,.T.);
#2156=EDGE_CURVE('',#2824,#2825,#3282,.T.);
#2157=EDGE_CURVE('',#2826,#2825,#48,.T.);
#2158=EDGE_CURVE('',#2827,#2826,#3283,.T.);
#2159=EDGE_CURVE('',#2827,#2824,#49,.T.);
#2160=EDGE_CURVE('',#2825,#2828,#3284,.T.);
#2161=EDGE_CURVE('',#2829,#2828,#50,.T.);
#2162=EDGE_CURVE('',#2826,#2829,#3285,.T.);
#2163=EDGE_CURVE('',#2830,#2831,#3286,.T.);
#2164=EDGE_CURVE('',#2832,#2831,#51,.T.);
#2165=EDGE_CURVE('',#2833,#2832,#3287,.T.);
#2166=EDGE_CURVE('',#2833,#2830,#52,.T.);
#2167=EDGE_CURVE('',#2828,#2830,#3288,.T.);
#2168=EDGE_CURVE('',#2829,#2833,#3289,.T.);
#2169=EDGE_CURVE('',#2834,#2835,#3290,.T.);
#2170=EDGE_CURVE('',#2836,#2835,#53,.T.);
#2171=EDGE_CURVE('',#2837,#2836,#3291,.T.);
#2172=EDGE_CURVE('',#2837,#2834,#54,.T.);
#2173=EDGE_CURVE('',#2835,#2838,#3292,.T.);
#2174=EDGE_CURVE('',#2839,#2838,#55,.T.);
#2175=EDGE_CURVE('',#2836,#2839,#3293,.T.);
#2176=EDGE_CURVE('',#2840,#2841,#3294,.T.);
#2177=EDGE_CURVE('',#2842,#2841,#56,.T.);
#2178=EDGE_CURVE('',#2843,#2842,#3295,.T.);
#2179=EDGE_CURVE('',#2843,#2840,#57,.T.);
#2180=EDGE_CURVE('',#2838,#2840,#3296,.T.);
#2181=EDGE_CURVE('',#2839,#2843,#3297,.T.);
#2182=EDGE_CURVE('',#2844,#2845,#3298,.T.);
#2183=EDGE_CURVE('',#2846,#2845,#58,.T.);
#2184=EDGE_CURVE('',#2847,#2846,#3299,.T.);
#2185=EDGE_CURVE('',#2847,#2844,#59,.T.);
#2186=EDGE_CURVE('',#2848,#2849,#3300,.T.);
#2187=EDGE_CURVE('',#2850,#2849,#60,.T.);
#2188=EDGE_CURVE('',#2851,#2850,#3301,.T.);
#2189=EDGE_CURVE('',#2851,#2848,#61,.T.);
#2190=EDGE_CURVE('',#2852,#2844,#3302,.T.);
#2191=EDGE_CURVE('',#2853,#2847,#3303,.T.);
#2192=EDGE_CURVE('',#2853,#2852,#62,.T.);
#2193=EDGE_CURVE('',#2854,#2852,#3304,.T.);
#2194=EDGE_CURVE('',#2855,#2853,#3305,.T.);
#2195=EDGE_CURVE('',#2855,#2854,#63,.T.);
#2196=EDGE_CURVE('',#2856,#2857,#3306,.T.);
#2197=EDGE_CURVE('',#2858,#2857,#64,.T.);
#2198=EDGE_CURVE('',#2859,#2858,#3307,.T.);
#2199=EDGE_CURVE('',#2859,#2856,#65,.T.);
#2200=EDGE_CURVE('',#2860,#2861,#3308,.T.);
#2201=EDGE_CURVE('',#2862,#2861,#66,.T.);
#2202=EDGE_CURVE('',#2863,#2862,#3309,.T.);
#2203=EDGE_CURVE('',#2863,#2860,#67,.T.);
#2204=EDGE_CURVE('',#2861,#2864,#3310,.T.);
#2205=EDGE_CURVE('',#2865,#2864,#68,.T.);
#2206=EDGE_CURVE('',#2862,#2865,#3311,.T.);
#2207=EDGE_CURVE('',#2866,#2856,#3312,.T.);
#2208=EDGE_CURVE('',#2867,#2859,#3313,.T.);
#2209=EDGE_CURVE('',#2867,#2866,#69,.T.);
#2210=EDGE_CURVE('',#2868,#2869,#3314,.T.);
#2211=EDGE_CURVE('',#2870,#2869,#70,.T.);
#2212=EDGE_CURVE('',#2871,#2870,#3315,.T.);
#2213=EDGE_CURVE('',#2871,#2868,#71,.T.);
#2214=EDGE_CURVE('',#2872,#2873,#3316,.T.);
#2215=EDGE_CURVE('',#2874,#2873,#72,.T.);
#2216=EDGE_CURVE('',#2875,#2874,#3317,.T.);
#2217=EDGE_CURVE('',#2875,#2872,#73,.T.);
#2218=EDGE_CURVE('',#2873,#2876,#3318,.T.);
#2219=EDGE_CURVE('',#2877,#2876,#74,.T.);
#2220=EDGE_CURVE('',#2874,#2877,#3319,.T.);
#2221=EDGE_CURVE('',#2878,#2868,#3320,.T.);
#2222=EDGE_CURVE('',#2879,#2871,#3321,.T.);
#2223=EDGE_CURVE('',#2879,#2878,#75,.T.);
#2224=EDGE_CURVE('',#2880,#2881,#3322,.T.);
#2225=EDGE_CURVE('',#2882,#2881,#76,.T.);
#2226=EDGE_CURVE('',#2883,#2882,#3323,.T.);
#2227=EDGE_CURVE('',#2883,#2880,#77,.T.);
#2228=EDGE_CURVE('',#2884,#2885,#3324,.T.);
#2229=EDGE_CURVE('',#2886,#2885,#78,.T.);
#2230=EDGE_CURVE('',#2887,#2886,#3325,.T.);
#2231=EDGE_CURVE('',#2887,#2884,#79,.T.);
#2232=EDGE_CURVE('',#2885,#2888,#3326,.T.);
#2233=EDGE_CURVE('',#2889,#2888,#80,.T.);
#2234=EDGE_CURVE('',#2886,#2889,#3327,.T.);
#2235=EDGE_CURVE('',#2890,#2880,#3328,.T.);
#2236=EDGE_CURVE('',#2891,#2883,#3329,.T.);
#2237=EDGE_CURVE('',#2891,#2890,#81,.T.);
#2238=EDGE_CURVE('',#2892,#2893,#3330,.T.);
#2239=EDGE_CURVE('',#2894,#2893,#82,.T.);
#2240=EDGE_CURVE('',#2895,#2894,#3331,.T.);
#2241=EDGE_CURVE('',#2895,#2892,#83,.T.);
#2242=EDGE_CURVE('',#2896,#2897,#3332,.T.);
#2243=EDGE_CURVE('',#2898,#2897,#84,.T.);
#2244=EDGE_CURVE('',#2899,#2898,#3333,.T.);
#2245=EDGE_CURVE('',#2899,#2896,#85,.T.);
#2246=EDGE_CURVE('',#2897,#2900,#3334,.T.);
#2247=EDGE_CURVE('',#2901,#2900,#86,.T.);
#2248=EDGE_CURVE('',#2898,#2901,#3335,.T.);
#2249=EDGE_CURVE('',#2902,#2892,#3336,.T.);
#2250=EDGE_CURVE('',#2903,#2895,#3337,.T.);
#2251=EDGE_CURVE('',#2903,#2902,#87,.T.);
#2252=EDGE_CURVE('',#2904,#2905,#3338,.T.);
#2253=EDGE_CURVE('',#2906,#2905,#88,.T.);
#2254=EDGE_CURVE('',#2907,#2906,#3339,.T.);
#2255=EDGE_CURVE('',#2907,#2904,#89,.T.);
#2256=EDGE_CURVE('',#2908,#2909,#3340,.T.);
#2257=EDGE_CURVE('',#2910,#2909,#90,.T.);
#2258=EDGE_CURVE('',#2911,#2910,#3341,.T.);
#2259=EDGE_CURVE('',#2911,#2908,#91,.T.);
#2260=EDGE_CURVE('',#2909,#2912,#3342,.T.);
#2261=EDGE_CURVE('',#2913,#2912,#92,.T.);
#2262=EDGE_CURVE('',#2910,#2913,#3343,.T.);
#2263=EDGE_CURVE('',#2914,#2904,#3344,.T.);
#2264=EDGE_CURVE('',#2915,#2907,#3345,.T.);
#2265=EDGE_CURVE('',#2915,#2914,#93,.T.);
#2266=EDGE_CURVE('',#2916,#2917,#3346,.T.);
#2267=EDGE_CURVE('',#2918,#2917,#94,.T.);
#2268=EDGE_CURVE('',#2919,#2918,#3347,.T.);
#2269=EDGE_CURVE('',#2919,#2916,#95,.T.);
#2270=EDGE_CURVE('',#2920,#2921,#3348,.T.);
#2271=EDGE_CURVE('',#2922,#2921,#96,.T.);
#2272=EDGE_CURVE('',#2923,#2922,#3349,.T.);
#2273=EDGE_CURVE('',#2923,#2920,#97,.T.);
#2274=EDGE_CURVE('',#2921,#2924,#3350,.T.);
#2275=EDGE_CURVE('',#2925,#2924,#98,.T.);
#2276=EDGE_CURVE('',#2922,#2925,#3351,.T.);
#2277=EDGE_CURVE('',#2926,#2916,#3352,.T.);
#2278=EDGE_CURVE('',#2927,#2919,#3353,.T.);
#2279=EDGE_CURVE('',#2927,#2926,#99,.T.);
#2280=EDGE_CURVE('',#2928,#2929,#3354,.T.);
#2281=EDGE_CURVE('',#2930,#2929,#100,.T.);
#2282=EDGE_CURVE('',#2931,#2930,#3355,.T.);
#2283=EDGE_CURVE('',#2931,#2928,#101,.T.);
#2284=EDGE_CURVE('',#2932,#2933,#3356,.T.);
#2285=EDGE_CURVE('',#2934,#2933,#102,.T.);
#2286=EDGE_CURVE('',#2935,#2934,#3357,.T.);
#2287=EDGE_CURVE('',#2935,#2932,#103,.T.);
#2288=EDGE_CURVE('',#2933,#2936,#3358,.T.);
#2289=EDGE_CURVE('',#2937,#2936,#104,.T.);
#2290=EDGE_CURVE('',#2934,#2937,#3359,.T.);
#2291=EDGE_CURVE('',#2938,#2928,#3360,.T.);
#2292=EDGE_CURVE('',#2939,#2931,#3361,.T.);
#2293=EDGE_CURVE('',#2939,#2938,#105,.T.);
#2294=EDGE_CURVE('',#2940,#2941,#3362,.T.);
#2295=EDGE_CURVE('',#2942,#2941,#106,.T.);
#2296=EDGE_CURVE('',#2943,#2942,#3363,.T.);
#2297=EDGE_CURVE('',#2943,#2940,#107,.T.);
#2298=EDGE_CURVE('',#2944,#2945,#3364,.T.);
#2299=EDGE_CURVE('',#2946,#2945,#108,.T.);
#2300=EDGE_CURVE('',#2947,#2946,#3365,.T.);
#2301=EDGE_CURVE('',#2947,#2944,#109,.T.);
#2302=EDGE_CURVE('',#2945,#2948,#3366,.T.);
#2303=EDGE_CURVE('',#2949,#2948,#110,.T.);
#2304=EDGE_CURVE('',#2946,#2949,#3367,.T.);
#2305=EDGE_CURVE('',#2948,#2950,#3368,.T.);
#2306=EDGE_CURVE('',#2951,#2950,#111,.T.);
#2307=EDGE_CURVE('',#2949,#2951,#3369,.T.);
#2308=EDGE_CURVE('',#2952,#2953,#3370,.T.);
#2309=EDGE_CURVE('',#2954,#2953,#112,.T.);
#2310=EDGE_CURVE('',#2955,#2954,#3371,.T.);
#2311=EDGE_CURVE('',#2955,#2952,#113,.T.);
#2312=EDGE_CURVE('',#2956,#2957,#3372,.T.);
#2313=EDGE_CURVE('',#2958,#2957,#114,.T.);
#2314=EDGE_CURVE('',#2959,#2958,#3373,.T.);
#2315=EDGE_CURVE('',#2959,#2956,#115,.T.);
#2316=EDGE_CURVE('',#2957,#2960,#3374,.T.);
#2317=EDGE_CURVE('',#2961,#2960,#116,.T.);
#2318=EDGE_CURVE('',#2958,#2961,#3375,.T.);
#2319=EDGE_CURVE('',#2960,#2962,#3376,.T.);
#2320=EDGE_CURVE('',#2963,#2962,#117,.T.);
#2321=EDGE_CURVE('',#2961,#2963,#3377,.T.);
#2322=EDGE_CURVE('',#2964,#2965,#3378,.T.);
#2323=EDGE_CURVE('',#2966,#2965,#118,.T.);
#2324=EDGE_CURVE('',#2967,#2966,#3379,.T.);
#2325=EDGE_CURVE('',#2967,#2964,#119,.T.);
#2326=EDGE_CURVE('',#2968,#2969,#3380,.T.);
#2327=EDGE_CURVE('',#2970,#2969,#120,.T.);
#2328=EDGE_CURVE('',#2971,#2970,#3381,.T.);
#2329=EDGE_CURVE('',#2971,#2968,#121,.T.);
#2330=EDGE_CURVE('',#2972,#2964,#3382,.T.);
#2331=EDGE_CURVE('',#2973,#2967,#3383,.T.);
#2332=EDGE_CURVE('',#2973,#2972,#122,.T.);
#2333=EDGE_CURVE('',#2969,#2974,#3384,.T.);
#2334=EDGE_CURVE('',#2975,#2974,#123,.T.);
#2335=EDGE_CURVE('',#2970,#2975,#3385,.T.);
#2336=EDGE_CURVE('',#2976,#2977,#3386,.T.);
#2337=EDGE_CURVE('',#2978,#2977,#124,.T.);
#2338=EDGE_CURVE('',#2979,#2978,#3387,.T.);
#2339=EDGE_CURVE('',#2979,#2976,#125,.T.);
#2340=EDGE_CURVE('',#2980,#2981,#3388,.T.);
#2341=EDGE_CURVE('',#2982,#2981,#126,.T.);
#2342=EDGE_CURVE('',#2983,#2982,#3389,.T.);
#2343=EDGE_CURVE('',#2983,#2980,#127,.T.);
#2344=EDGE_CURVE('',#2984,#2976,#3390,.T.);
#2345=EDGE_CURVE('',#2985,#2979,#3391,.T.);
#2346=EDGE_CURVE('',#2985,#2984,#128,.T.);
#2347=EDGE_CURVE('',#2981,#2986,#3392,.T.);
#2348=EDGE_CURVE('',#2987,#2986,#129,.T.);
#2349=EDGE_CURVE('',#2982,#2987,#3393,.T.);
#2350=EDGE_CURVE('',#2988,#2989,#3394,.T.);
#2351=EDGE_CURVE('',#2990,#2989,#130,.T.);
#2352=EDGE_CURVE('',#2991,#2990,#3395,.T.);
#2353=EDGE_CURVE('',#2991,#2988,#131,.T.);
#2354=EDGE_CURVE('',#2992,#2993,#3396,.T.);
#2355=EDGE_CURVE('',#2994,#2993,#132,.T.);
#2356=EDGE_CURVE('',#2995,#2994,#3397,.T.);
#2357=EDGE_CURVE('',#2995,#2992,#133,.T.);
#2358=EDGE_CURVE('',#2996,#2988,#3398,.T.);
#2359=EDGE_CURVE('',#2997,#2991,#3399,.T.);
#2360=EDGE_CURVE('',#2997,#2996,#134,.T.);
#2361=EDGE_CURVE('',#2993,#2998,#3400,.T.);
#2362=EDGE_CURVE('',#2999,#2998,#135,.T.);
#2363=EDGE_CURVE('',#2994,#2999,#3401,.T.);
#2364=EDGE_CURVE('',#3000,#3001,#3402,.T.);
#2365=EDGE_CURVE('',#3002,#3001,#136,.T.);
#2366=EDGE_CURVE('',#3003,#3002,#3403,.T.);
#2367=EDGE_CURVE('',#3003,#3000,#137,.T.);
#2368=EDGE_CURVE('',#3004,#3005,#3404,.T.);
#2369=EDGE_CURVE('',#3006,#3005,#138,.T.);
#2370=EDGE_CURVE('',#3007,#3006,#3405,.T.);
#2371=EDGE_CURVE('',#3007,#3004,#139,.T.);
#2372=EDGE_CURVE('',#3008,#3000,#3406,.T.);
#2373=EDGE_CURVE('',#3009,#3003,#3407,.T.);
#2374=EDGE_CURVE('',#3009,#3008,#140,.T.);
#2375=EDGE_CURVE('',#3005,#3010,#3408,.T.);
#2376=EDGE_CURVE('',#3011,#3010,#141,.T.);
#2377=EDGE_CURVE('',#3006,#3011,#3409,.T.);
#2378=EDGE_CURVE('',#3012,#3013,#3410,.T.);
#2379=EDGE_CURVE('',#3014,#3013,#142,.T.);
#2380=EDGE_CURVE('',#3015,#3014,#3411,.T.);
#2381=EDGE_CURVE('',#3015,#3012,#143,.T.);
#2382=EDGE_CURVE('',#3016,#3017,#3412,.T.);
#2383=EDGE_CURVE('',#3018,#3017,#144,.T.);
#2384=EDGE_CURVE('',#3019,#3018,#3413,.T.);
#2385=EDGE_CURVE('',#3019,#3016,#145,.T.);
#2386=EDGE_CURVE('',#3020,#3012,#3414,.T.);
#2387=EDGE_CURVE('',#3021,#3015,#3415,.T.);
#2388=EDGE_CURVE('',#3021,#3020,#146,.T.);
#2389=EDGE_CURVE('',#3017,#3022,#3416,.T.);
#2390=EDGE_CURVE('',#3023,#3022,#147,.T.);
#2391=EDGE_CURVE('',#3018,#3023,#3417,.T.);
#2392=EDGE_CURVE('',#3024,#3025,#3418,.T.);
#2393=EDGE_CURVE('',#3026,#3025,#148,.T.);
#2394=EDGE_CURVE('',#3027,#3026,#3419,.T.);
#2395=EDGE_CURVE('',#3027,#3024,#149,.T.);
#2396=EDGE_CURVE('',#3028,#3029,#3420,.T.);
#2397=EDGE_CURVE('',#3030,#3029,#150,.T.);
#2398=EDGE_CURVE('',#3031,#3030,#3421,.T.);
#2399=EDGE_CURVE('',#3031,#3028,#151,.T.);
#2400=EDGE_CURVE('',#3032,#3024,#3422,.T.);
#2401=EDGE_CURVE('',#3033,#3027,#3423,.T.);
#2402=EDGE_CURVE('',#3033,#3032,#152,.T.);
#2403=EDGE_CURVE('',#3029,#3034,#3424,.T.);
#2404=EDGE_CURVE('',#3035,#3034,#153,.T.);
#2405=EDGE_CURVE('',#3030,#3035,#3425,.T.);
#2406=EDGE_CURVE('',#3036,#3037,#3426,.T.);
#2407=EDGE_CURVE('',#3038,#3037,#154,.T.);
#2408=EDGE_CURVE('',#3039,#3038,#3427,.T.);
#2409=EDGE_CURVE('',#3039,#3036,#155,.T.);
#2410=EDGE_CURVE('',#3040,#3041,#3428,.T.);
#2411=EDGE_CURVE('',#3042,#3041,#156,.T.);
#2412=EDGE_CURVE('',#3043,#3042,#3429,.T.);
#2413=EDGE_CURVE('',#3043,#3040,#157,.T.);
#2414=EDGE_CURVE('',#3044,#3036,#3430,.T.);
#2415=EDGE_CURVE('',#3045,#3039,#3431,.T.);
#2416=EDGE_CURVE('',#3045,#3044,#158,.T.);
#2417=EDGE_CURVE('',#3046,#3044,#3432,.T.);
#2418=EDGE_CURVE('',#3047,#3045,#3433,.T.);
#2419=EDGE_CURVE('',#3047,#3046,#159,.T.);
#2420=EDGE_CURVE('',#3048,#3049,#3434,.T.);
#2421=EDGE_CURVE('',#3050,#3049,#160,.T.);
#2422=EDGE_CURVE('',#3051,#3050,#3435,.T.);
#2423=EDGE_CURVE('',#3051,#3048,#161,.T.);
#2424=EDGE_CURVE('',#3052,#3053,#3436,.T.);
#2425=EDGE_CURVE('',#3054,#3053,#162,.T.);
#2426=EDGE_CURVE('',#3055,#3054,#3437,.T.);
#2427=EDGE_CURVE('',#3055,#3052,#163,.T.);
#2428=EDGE_CURVE('',#3056,#3048,#3438,.T.);
#2429=EDGE_CURVE('',#3057,#3051,#3439,.T.);
#2430=EDGE_CURVE('',#3057,#3056,#164,.T.);
#2431=EDGE_CURVE('',#3053,#3058,#3440,.T.);
#2432=EDGE_CURVE('',#3059,#3058,#165,.T.);
#2433=EDGE_CURVE('',#3054,#3059,#3441,.T.);
#2434=EDGE_CURVE('',#3058,#3056,#3442,.T.);
#2435=EDGE_CURVE('',#3059,#3057,#3443,.T.);
#2436=EDGE_CURVE('',#3060,#3061,#3444,.T.);
#2437=EDGE_CURVE('',#3062,#3061,#166,.T.);
#2438=EDGE_CURVE('',#3063,#3062,#3445,.T.);
#2439=EDGE_CURVE('',#3063,#3060,#167,.T.);
#2440=EDGE_CURVE('',#3064,#3065,#3446,.T.);
#2441=EDGE_CURVE('',#3066,#3065,#168,.T.);
#2442=EDGE_CURVE('',#3067,#3066,#3447,.T.);
#2443=EDGE_CURVE('',#3067,#3064,#169,.T.);
#2444=EDGE_CURVE('',#3061,#3068,#3448,.T.);
#2445=EDGE_CURVE('',#3069,#3068,#170,.T.);
#2446=EDGE_CURVE('',#3062,#3069,#3449,.T.);
#2447=EDGE_CURVE('',#3068,#3064,#3450,.T.);
#2448=EDGE_CURVE('',#3069,#3067,#3451,.T.);
#2449=EDGE_CURVE('',#3070,#3071,#3452,.T.);
#2450=EDGE_CURVE('',#3072,#3071,#171,.T.);
#2451=EDGE_CURVE('',#3073,#3072,#3453,.T.);
#2452=EDGE_CURVE('',#3073,#3070,#172,.T.);
#2453=EDGE_CURVE('',#3074,#3075,#3454,.T.);
#2454=EDGE_CURVE('',#3076,#3075,#173,.T.);
#2455=EDGE_CURVE('',#3077,#3076,#3455,.T.);
#2456=EDGE_CURVE('',#3077,#3074,#174,.T.);
#2457=EDGE_CURVE('',#3071,#3078,#3456,.T.);
#2458=EDGE_CURVE('',#3079,#3078,#175,.T.);
#2459=EDGE_CURVE('',#3072,#3079,#3457,.T.);
#2460=EDGE_CURVE('',#3078,#3074,#3458,.T.);
#2461=EDGE_CURVE('',#3079,#3077,#3459,.T.);
#2462=EDGE_CURVE('',#3080,#3081,#3460,.T.);
#2463=EDGE_CURVE('',#3082,#3081,#176,.T.);
#2464=EDGE_CURVE('',#3083,#3082,#3461,.T.);
#2465=EDGE_CURVE('',#3083,#3080,#177,.T.);
#2466=EDGE_CURVE('',#3084,#3085,#3462,.T.);
#2467=EDGE_CURVE('',#3086,#3085,#178,.T.);
#2468=EDGE_CURVE('',#3087,#3086,#3463,.T.);
#2469=EDGE_CURVE('',#3087,#3084,#179,.T.);
#2470=EDGE_CURVE('',#3081,#3088,#3464,.T.);
#2471=EDGE_CURVE('',#3089,#3088,#180,.T.);
#2472=EDGE_CURVE('',#3082,#3089,#3465,.T.);
#2473=EDGE_CURVE('',#3088,#3084,#3466,.T.);
#2474=EDGE_CURVE('',#3089,#3087,#3467,.T.);
#2475=EDGE_CURVE('',#3090,#3091,#3468,.T.);
#2476=EDGE_CURVE('',#3092,#3091,#181,.T.);
#2477=EDGE_CURVE('',#3093,#3092,#3469,.T.);
#2478=EDGE_CURVE('',#3093,#3090,#182,.T.);
#2479=EDGE_CURVE('',#3094,#3095,#3470,.T.);
#2480=EDGE_CURVE('',#3096,#3095,#183,.T.);
#2481=EDGE_CURVE('',#3097,#3096,#3471,.T.);
#2482=EDGE_CURVE('',#3097,#3094,#184,.T.);
#2483=EDGE_CURVE('',#3091,#3098,#3472,.T.);
#2484=EDGE_CURVE('',#3099,#3098,#185,.T.);
#2485=EDGE_CURVE('',#3092,#3099,#3473,.T.);
#2486=EDGE_CURVE('',#3098,#3094,#3474,.T.);
#2487=EDGE_CURVE('',#3099,#3097,#3475,.T.);
#2488=EDGE_CURVE('',#3100,#3101,#3476,.T.);
#2489=EDGE_CURVE('',#3102,#3101,#186,.T.);
#2490=EDGE_CURVE('',#3103,#3102,#3477,.T.);
#2491=EDGE_CURVE('',#3103,#3100,#187,.T.);
#2492=EDGE_CURVE('',#3104,#3100,#3478,.T.);
#2493=EDGE_CURVE('',#3105,#3103,#3479,.T.);
#2494=EDGE_CURVE('',#3105,#3104,#188,.T.);
#2495=EDGE_CURVE('',#3106,#3107,#3480,.T.);
#2496=EDGE_CURVE('',#3108,#3107,#189,.T.);
#2497=EDGE_CURVE('',#3109,#3108,#3481,.T.);
#2498=EDGE_CURVE('',#3109,#3106,#190,.T.);
#2499=EDGE_CURVE('',#3107,#3104,#3482,.T.);
#2500=EDGE_CURVE('',#3108,#3105,#3483,.T.);
#2501=EDGE_CURVE('',#3110,#3111,#3484,.T.);
#2502=EDGE_CURVE('',#3112,#3111,#191,.T.);
#2503=EDGE_CURVE('',#3113,#3112,#3485,.T.);
#2504=EDGE_CURVE('',#3113,#3110,#192,.T.);
#2505=EDGE_CURVE('',#3114,#3110,#3486,.T.);
#2506=EDGE_CURVE('',#3115,#3113,#3487,.T.);
#2507=EDGE_CURVE('',#3115,#3114,#193,.T.);
#2508=EDGE_CURVE('',#3116,#3117,#3488,.T.);
#2509=EDGE_CURVE('',#3118,#3117,#194,.T.);
#2510=EDGE_CURVE('',#3119,#3118,#3489,.T.);
#2511=EDGE_CURVE('',#3119,#3116,#195,.T.);
#2512=EDGE_CURVE('',#3117,#3114,#3490,.T.);
#2513=EDGE_CURVE('',#3118,#3115,#3491,.T.);
#2514=EDGE_CURVE('',#3120,#3121,#3492,.T.);
#2515=EDGE_CURVE('',#3122,#3121,#196,.T.);
#2516=EDGE_CURVE('',#3123,#3122,#3493,.T.);
#2517=EDGE_CURVE('',#3123,#3120,#197,.T.);
#2518=EDGE_CURVE('',#3124,#3120,#3494,.T.);
#2519=EDGE_CURVE('',#3125,#3123,#3495,.T.);
#2520=EDGE_CURVE('',#3125,#3124,#198,.T.);
#2521=EDGE_CURVE('',#3126,#3127,#3496,.T.);
#2522=EDGE_CURVE('',#3128,#3127,#199,.T.);
#2523=EDGE_CURVE('',#3129,#3128,#3497,.T.);
#2524=EDGE_CURVE('',#3129,#3126,#200,.T.);
#2525=EDGE_CURVE('',#3127,#3124,#3498,.T.);
#2526=EDGE_CURVE('',#3128,#3125,#3499,.T.);
#2527=EDGE_CURVE('',#3130,#3131,#3500,.T.);
#2528=EDGE_CURVE('',#3132,#3131,#201,.T.);
#2529=EDGE_CURVE('',#3133,#3132,#3501,.T.);
#2530=EDGE_CURVE('',#3133,#3130,#202,.T.);
#2531=EDGE_CURVE('',#3134,#3130,#3502,.T.);
#2532=EDGE_CURVE('',#3135,#3133,#3503,.T.);
#2533=EDGE_CURVE('',#3135,#3134,#203,.T.);
#2534=EDGE_CURVE('',#3136,#3137,#3504,.T.);
#2535=EDGE_CURVE('',#3138,#3137,#204,.T.);
#2536=EDGE_CURVE('',#3139,#3138,#3505,.T.);
#2537=EDGE_CURVE('',#3139,#3136,#205,.T.);
#2538=EDGE_CURVE('',#3137,#3134,#3506,.T.);
#2539=EDGE_CURVE('',#3138,#3135,#3507,.T.);
#2540=EDGE_CURVE('',#3140,#3141,#3508,.T.);
#2541=EDGE_CURVE('',#3142,#3141,#206,.T.);
#2542=EDGE_CURVE('',#3143,#3142,#3509,.T.);
#2543=EDGE_CURVE('',#3143,#3140,#207,.T.);
#2544=EDGE_CURVE('',#3141,#3144,#3510,.T.);
#2545=EDGE_CURVE('',#3145,#3144,#208,.T.);
#2546=EDGE_CURVE('',#3142,#3145,#3511,.T.);
#2547=EDGE_CURVE('',#3144,#3146,#3512,.T.);
#2548=EDGE_CURVE('',#3147,#3146,#209,.T.);
#2549=EDGE_CURVE('',#3145,#3147,#3513,.T.);
#2550=EDGE_CURVE('',#3146,#3148,#3514,.T.);
#2551=EDGE_CURVE('',#3149,#3148,#210,.T.);
#2552=EDGE_CURVE('',#3147,#3149,#3515,.T.);
#2553=EDGE_CURVE('',#3148,#3150,#3516,.T.);
#2554=EDGE_CURVE('',#3151,#3150,#211,.T.);
#2555=EDGE_CURVE('',#3149,#3151,#3517,.T.);
#2556=EDGE_CURVE('',#3152,#3152,#3518,.F.);
#2557=EDGE_CURVE('',#3153,#3153,#3519,.F.);
#2558=EDGE_CURVE('',#3154,#3154,#3520,.F.);
#2559=EDGE_CURVE('',#3155,#3155,#3521,.F.);
#2560=EDGE_CURVE('',#3156,#3156,#3522,.F.);
#2561=EDGE_CURVE('',#3157,#3157,#3523,.F.);
#2562=EDGE_CURVE('',#3158,#3158,#3524,.F.);
#2563=EDGE_CURVE('',#3159,#3159,#3525,.F.);
#2564=EDGE_CURVE('',#3160,#3160,#3526,.F.);
#2565=EDGE_CURVE('',#3161,#3161,#3527,.T.);
#2566=EDGE_CURVE('',#3140,#2941,#3528,.T.);
#2567=EDGE_CURVE('',#2950,#2940,#3529,.T.);
#2568=EDGE_CURVE('',#2944,#2953,#3530,.T.);
#2569=EDGE_CURVE('',#2962,#2952,#3531,.T.);
#2570=EDGE_CURVE('',#2956,#2929,#3532,.T.);
#2571=EDGE_CURVE('',#2936,#2938,#3533,.T.);
#2572=EDGE_CURVE('',#2932,#2965,#3534,.T.);
#2573=EDGE_CURVE('',#2974,#2972,#3535,.T.);
#2574=EDGE_CURVE('',#2968,#2917,#3536,.T.);
#2575=EDGE_CURVE('',#2924,#2926,#3537,.T.);
#2576=EDGE_CURVE('',#2920,#2977,#3538,.T.);
#2577=EDGE_CURVE('',#2986,#2984,#3539,.T.);
#2578=EDGE_CURVE('',#2980,#2905,#3540,.T.);
#2579=EDGE_CURVE('',#2912,#2914,#3541,.T.);
#2580=EDGE_CURVE('',#2908,#2989,#3542,.T.);
#2581=EDGE_CURVE('',#2998,#2996,#3543,.T.);
#2582=EDGE_CURVE('',#2992,#2893,#3544,.T.);
#2583=EDGE_CURVE('',#2900,#2902,#3545,.T.);
#2584=EDGE_CURVE('',#2896,#3001,#3546,.T.);
#2585=EDGE_CURVE('',#3010,#3008,#3547,.T.);
#2586=EDGE_CURVE('',#3004,#2881,#3548,.T.);
#2587=EDGE_CURVE('',#2888,#2890,#3549,.T.);
#2588=EDGE_CURVE('',#2884,#3013,#3550,.T.);
#2589=EDGE_CURVE('',#3022,#3020,#3551,.T.);
#2590=EDGE_CURVE('',#3016,#2869,#3552,.T.);
#2591=EDGE_CURVE('',#2876,#2878,#3553,.T.);
#2592=EDGE_CURVE('',#2872,#3025,#3554,.T.);
#2593=EDGE_CURVE('',#3034,#3032,#3555,.T.);
#2594=EDGE_CURVE('',#3028,#2857,#3556,.T.);
#2595=EDGE_CURVE('',#2864,#2866,#3557,.T.);
#2596=EDGE_CURVE('',#2860,#3037,#3558,.T.);
#2597=EDGE_CURVE('',#3041,#3046,#3559,.T.);
#2598=EDGE_CURVE('',#3040,#2845,#3560,.T.);
#2599=EDGE_CURVE('',#2849,#2854,#3561,.T.);
#2600=EDGE_CURVE('',#2848,#3049,#3562,.T.);
#2601=EDGE_CURVE('',#3052,#3162,#3563,.T.);
#2602=EDGE_CURVE('',#2841,#3162,#3564,.T.);
#2603=EDGE_CURVE('',#2834,#3163,#3565,.T.);
#2604=EDGE_CURVE('',#3065,#3163,#3566,.T.);
#2605=EDGE_CURVE('',#3060,#3164,#3567,.T.);
#2606=EDGE_CURVE('',#2831,#3164,#3568,.T.);
#2607=EDGE_CURVE('',#2824,#3165,#3569,.T.);
#2608=EDGE_CURVE('',#3075,#3165,#3570,.T.);
#2609=EDGE_CURVE('',#3070,#3166,#3571,.T.);
#2610=EDGE_CURVE('',#2821,#3166,#3572,.T.);
#2611=EDGE_CURVE('',#2814,#3167,#3573,.T.);
#2612=EDGE_CURVE('',#3085,#3167,#3574,.T.);
#2613=EDGE_CURVE('',#3080,#3168,#3575,.T.);
#2614=EDGE_CURVE('',#2811,#3168,#3576,.T.);
#2615=EDGE_CURVE('',#2804,#3169,#3577,.T.);
#2616=EDGE_CURVE('',#3095,#3169,#3578,.T.);
#2617=EDGE_CURVE('',#3090,#3170,#3579,.T.);
#2618=EDGE_CURVE('',#2801,#3170,#3580,.T.);
#2619=EDGE_CURVE('',#3171,#2796,#3581,.T.);
#2620=EDGE_CURVE('',#3171,#3101,#3582,.T.);
#2621=EDGE_CURVE('',#3172,#3106,#3583,.T.);
#2622=EDGE_CURVE('',#3172,#2787,#3584,.T.);
#2623=EDGE_CURVE('',#3173,#2790,#3585,.T.);
#2624=EDGE_CURVE('',#3173,#3111,#3586,.T.);
#2625=EDGE_CURVE('',#3174,#3116,#3587,.T.);
#2626=EDGE_CURVE('',#3174,#2777,#3588,.T.);
#2627=EDGE_CURVE('',#3175,#2780,#3589,.T.);
#2628=EDGE_CURVE('',#3175,#3121,#3590,.T.);
#2629=EDGE_CURVE('',#3176,#3126,#3591,.T.);
#2630=EDGE_CURVE('',#3176,#2767,#3592,.T.);
#2631=EDGE_CURVE('',#3177,#2770,#3593,.T.);
#2632=EDGE_CURVE('',#3177,#3131,#3594,.T.);
#2633=EDGE_CURVE('',#3178,#3136,#3595,.T.);
#2634=EDGE_CURVE('',#3178,#2764,#3596,.T.);
#2635=EDGE_CURVE('',#3179,#2756,#3597,.T.);
#2636=EDGE_CURVE('',#3179,#3150,#3598,.T.);
#2637=EDGE_CURVE('',#3143,#2942,#3599,.T.);
#2638=EDGE_CURVE('',#3180,#3180,#3600,.T.);
#2639=EDGE_CURVE('',#3181,#3151,#3601,.T.);
#2640=EDGE_CURVE('',#3181,#2759,#3602,.T.);
#2641=EDGE_CURVE('',#3182,#2765,#3603,.T.);
#2642=EDGE_CURVE('',#3182,#3139,#3604,.T.);
#2643=EDGE_CURVE('',#3183,#3132,#3605,.T.);
#2644=EDGE_CURVE('',#3183,#2773,#3606,.T.);
#2645=EDGE_CURVE('',#3184,#2768,#3607,.T.);
#2646=EDGE_CURVE('',#3184,#3129,#3608,.T.);
#2647=EDGE_CURVE('',#3185,#3122,#3609,.T.);
#2648=EDGE_CURVE('',#3185,#2783,#3610,.T.);
#2649=EDGE_CURVE('',#3186,#2778,#3611,.T.);
#2650=EDGE_CURVE('',#3186,#3119,#3612,.T.);
#2651=EDGE_CURVE('',#3187,#3112,#3613,.T.);
#2652=EDGE_CURVE('',#3187,#2793,#3614,.T.);
#2653=EDGE_CURVE('',#3188,#2788,#3615,.T.);
#2654=EDGE_CURVE('',#3188,#3109,#3616,.T.);
#2655=EDGE_CURVE('',#3189,#3102,#3617,.T.);
#2656=EDGE_CURVE('',#3189,#2799,#3618,.T.);
#2657=EDGE_CURVE('',#2802,#3190,#3619,.T.);
#2658=EDGE_CURVE('',#3093,#3190,#3620,.T.);
#2659=EDGE_CURVE('',#3096,#3191,#3621,.T.);
#2660=EDGE_CURVE('',#2807,#3191,#3622,.T.);
#2661=EDGE_CURVE('',#2812,#3192,#3623,.T.);
#2662=EDGE_CURVE('',#3083,#3192,#3624,.T.);
#2663=EDGE_CURVE('',#3086,#3193,#3625,.T.);
#2664=EDGE_CURVE('',#2817,#3193,#3626,.T.);
#2665=EDGE_CURVE('',#2822,#3194,#3627,.T.);
#2666=EDGE_CURVE('',#3073,#3194,#3628,.T.);
#2667=EDGE_CURVE('',#3076,#3195,#3629,.T.);
#2668=EDGE_CURVE('',#2827,#3195,#3630,.T.);
#2669=EDGE_CURVE('',#2832,#3196,#3631,.T.);
#2670=EDGE_CURVE('',#3063,#3196,#3632,.T.);
#2671=EDGE_CURVE('',#3066,#3197,#3633,.T.);
#2672=EDGE_CURVE('',#2837,#3197,#3634,.T.);
#2673=EDGE_CURVE('',#2842,#3198,#3635,.T.);
#2674=EDGE_CURVE('',#3055,#3198,#3636,.T.);
#2675=EDGE_CURVE('',#2851,#3050,#3637,.T.);
#2676=EDGE_CURVE('',#2850,#2855,#3638,.T.);
#2677=EDGE_CURVE('',#3043,#2846,#3639,.T.);
#2678=EDGE_CURVE('',#3042,#3047,#3640,.T.);
#2679=EDGE_CURVE('',#2863,#3038,#3641,.T.);
#2680=EDGE_CURVE('',#2865,#2867,#3642,.T.);
#2681=EDGE_CURVE('',#3031,#2858,#3643,.T.);
#2682=EDGE_CURVE('',#3035,#3033,#3644,.T.);
#2683=EDGE_CURVE('',#2875,#3026,#3645,.T.);
#2684=EDGE_CURVE('',#2877,#2879,#3646,.T.);
#2685=EDGE_CURVE('',#3019,#2870,#3647,.T.);
#2686=EDGE_CURVE('',#3023,#3021,#3648,.T.);
#2687=EDGE_CURVE('',#2887,#3014,#3649,.T.);
#2688=EDGE_CURVE('',#2889,#2891,#3650,.T.);
#2689=EDGE_CURVE('',#3007,#2882,#3651,.T.);
#2690=EDGE_CURVE('',#3011,#3009,#3652,.T.);
#2691=EDGE_CURVE('',#2899,#3002,#3653,.T.);
#2692=EDGE_CURVE('',#2901,#2903,#3654,.T.);
#2693=EDGE_CURVE('',#2995,#2894,#3655,.T.);
#2694=EDGE_CURVE('',#2999,#2997,#3656,.T.);
#2695=EDGE_CURVE('',#2911,#2990,#3657,.T.);
#2696=EDGE_CURVE('',#2913,#2915,#3658,.T.);
#2697=EDGE_CURVE('',#2983,#2906,#3659,.T.);
#2698=EDGE_CURVE('',#2987,#2985,#3660,.T.);
#2699=EDGE_CURVE('',#2923,#2978,#3661,.T.);
#2700=EDGE_CURVE('',#2925,#2927,#3662,.T.);
#2701=EDGE_CURVE('',#2971,#2918,#3663,.T.);
#2702=EDGE_CURVE('',#2975,#2973,#3664,.T.);
#2703=EDGE_CURVE('',#2935,#2966,#3665,.T.);
#2704=EDGE_CURVE('',#2937,#2939,#3666,.T.);
#2705=EDGE_CURVE('',#2959,#2930,#3667,.T.);
#2706=EDGE_CURVE('',#2963,#2955,#3668,.T.);
#2707=EDGE_CURVE('',#2947,#2954,#3669,.T.);
#2708=EDGE_CURVE('',#2951,#2943,#3670,.T.);
#2709=EDGE_CURVE('',#3182,#3178,#212,.T.);
#2710=EDGE_CURVE('',#3184,#3176,#213,.T.);
#2711=EDGE_CURVE('',#3186,#3174,#214,.T.);
#2712=EDGE_CURVE('',#3188,#3172,#215,.T.);
#2713=EDGE_CURVE('',#3190,#3170,#216,.T.);
#2714=EDGE_CURVE('',#3192,#3168,#217,.T.);
#2715=EDGE_CURVE('',#3194,#3166,#218,.T.);
#2716=EDGE_CURVE('',#3196,#3164,#219,.T.);
#2717=EDGE_CURVE('',#3198,#3162,#220,.T.);
#2718=EDGE_CURVE('',#3197,#3163,#221,.T.);
#2719=EDGE_CURVE('',#3195,#3165,#222,.T.);
#2720=EDGE_CURVE('',#3193,#3167,#223,.T.);
#2721=EDGE_CURVE('',#3191,#3169,#224,.T.);
#2722=EDGE_CURVE('',#3189,#3171,#225,.T.);
#2723=EDGE_CURVE('',#3187,#3173,#226,.T.);
#2724=EDGE_CURVE('',#3185,#3175,#227,.T.);
#2725=EDGE_CURVE('',#3183,#3177,#228,.T.);
#2726=EDGE_CURVE('',#3181,#3179,#229,.T.);
#2727=EDGE_CURVE('',#3199,#3199,#3671,.T.);
#2728=EDGE_CURVE('',#3200,#3200,#3672,.T.);
#2729=EDGE_CURVE('',#3201,#3201,#3673,.T.);
#2730=EDGE_CURVE('',#3202,#3202,#3674,.T.);
#2731=EDGE_CURVE('',#3203,#3203,#3675,.T.);
#2732=EDGE_CURVE('',#3204,#3204,#3676,.T.);
#2733=EDGE_CURVE('',#3205,#3205,#3677,.T.);
#2734=EDGE_CURVE('',#3206,#3206,#3678,.T.);
#2735=EDGE_CURVE('',#3207,#3207,#3679,.T.);
#2736=EDGE_CURVE('',#3208,#3208,#3680,.T.);
#2737=EDGE_CURVE('',#3209,#3209,#3681,.T.);
#2738=EDGE_CURVE('',#3210,#3210,#3682,.T.);
#2739=EDGE_CURVE('',#3211,#3211,#3683,.T.);
#2740=EDGE_CURVE('',#3212,#3212,#3684,.T.);
#2741=EDGE_CURVE('',#3213,#3213,#3685,.T.);
#2742=EDGE_CURVE('',#3214,#3214,#3686,.T.);
#2743=EDGE_CURVE('',#3215,#3215,#3687,.T.);
#2744=EDGE_CURVE('',#3216,#3216,#3688,.T.);
#2745=VERTEX_POINT('',#6943);
#2746=VERTEX_POINT('',#6945);
#2747=VERTEX_POINT('',#6947);
#2748=VERTEX_POINT('',#6949);
#2749=VERTEX_POINT('',#6951);
#2750=VERTEX_POINT('',#6953);
#2751=VERTEX_POINT('',#6955);
#2752=VERTEX_POINT('',#6957);
#2753=VERTEX_POINT('',#6959);
#2754=VERTEX_POINT('',#6961);
#2755=VERTEX_POINT('',#6964);
#2756=VERTEX_POINT('',#6967);
#2757=VERTEX_POINT('',#6968);
#2758=VERTEX_POINT('',#6970);
#2759=VERTEX_POINT('',#6972);
#2760=VERTEX_POINT('',#6976);
#2761=VERTEX_POINT('',#6978);
#2762=VERTEX_POINT('',#6982);
#2763=VERTEX_POINT('',#6984);
#2764=VERTEX_POINT('',#6988);
#2765=VERTEX_POINT('',#6990);
#2766=VERTEX_POINT('',#6994);
#2767=VERTEX_POINT('',#6995);
#2768=VERTEX_POINT('',#6997);
#2769=VERTEX_POINT('',#6999);
#2770=VERTEX_POINT('',#7003);
#2771=VERTEX_POINT('',#7004);
#2772=VERTEX_POINT('',#7006);
#2773=VERTEX_POINT('',#7008);
#2774=VERTEX_POINT('',#7012);
#2775=VERTEX_POINT('',#7014);
#2776=VERTEX_POINT('',#7021);
#2777=VERTEX_POINT('',#7022);
#2778=VERTEX_POINT('',#7024);
#2779=VERTEX_POINT('',#7026);
#2780=VERTEX_POINT('',#7030);
#2781=VERTEX_POINT('',#7031);
#2782=VERTEX_POINT('',#7033);
#2783=VERTEX_POINT('',#7035);
#2784=VERTEX_POINT('',#7039);
#2785=VERTEX_POINT('',#7041);
#2786=VERTEX_POINT('',#7048);
#2787=VERTEX_POINT('',#7049);
#2788=VERTEX_POINT('',#7051);
#2789=VERTEX_POINT('',#7053);
#2790=VERTEX_POINT('',#7057);
#2791=VERTEX_POINT('',#7058);
#2792=VERTEX_POINT('',#7060);
#2793=VERTEX_POINT('',#7062);
#2794=VERTEX_POINT('',#7066);
#2795=VERTEX_POINT('',#7068);
#2796=VERTEX_POINT('',#7075);
#2797=VERTEX_POINT('',#7076);
#2798=VERTEX_POINT('',#7078);
#2799=VERTEX_POINT('',#7080);
#2800=VERTEX_POINT('',#7084);
#2801=VERTEX_POINT('',#7085);
#2802=VERTEX_POINT('',#7087);
#2803=VERTEX_POINT('',#7089);
#2804=VERTEX_POINT('',#7096);
#2805=VERTEX_POINT('',#7097);
#2806=VERTEX_POINT('',#7099);
#2807=VERTEX_POINT('',#7101);
#2808=VERTEX_POINT('',#7105);
#2809=VERTEX_POINT('',#7107);
#2810=VERTEX_POINT('',#7111);
#2811=VERTEX_POINT('',#7112);
#2812=VERTEX_POINT('',#7114);
#2813=VERTEX_POINT('',#7116);
#2814=VERTEX_POINT('',#7123);
#2815=VERTEX_POINT('',#7124);
#2816=VERTEX_POINT('',#7126);
#2817=VERTEX_POINT('',#7128);
#2818=VERTEX_POINT('',#7132);
#2819=VERTEX_POINT('',#7134);
#2820=VERTEX_POINT('',#7138);
#2821=VERTEX_POINT('',#7139);
#2822=VERTEX_POINT('',#7141);
#2823=VERTEX_POINT('',#7143);
#2824=VERTEX_POINT('',#7150);
#2825=VERTEX_POINT('',#7151);
#2826=VERTEX_POINT('',#7153);
#2827=VERTEX_POINT('',#7155);
#2828=VERTEX_POINT('',#7159);
#2829=VERTEX_POINT('',#7161);
#2830=VERTEX_POINT('',#7165);
#2831=VERTEX_POINT('',#7166);
#2832=VERTEX_POINT('',#7168);
#2833=VERTEX_POINT('',#7170);
#2834=VERTEX_POINT('',#7177);
#2835=VERTEX_POINT('',#7178);
#2836=VERTEX_POINT('',#7180);
#2837=VERTEX_POINT('',#7182);
#2838=VERTEX_POINT('',#7186);
#2839=VERTEX_POINT('',#7188);
#2840=VERTEX_POINT('',#7192);
#2841=VERTEX_POINT('',#7193);
#2842=VERTEX_POINT('',#7195);
#2843=VERTEX_POINT('',#7197);
#2844=VERTEX_POINT('',#7204);
#2845=VERTEX_POINT('',#7205);
#2846=VERTEX_POINT('',#7207);
#2847=VERTEX_POINT('',#7209);
#2848=VERTEX_POINT('',#7213);
#2849=VERTEX_POINT('',#7214);
#2850=VERTEX_POINT('',#7216);
#2851=VERTEX_POINT('',#7218);
#2852=VERTEX_POINT('',#7222);
#2853=VERTEX_POINT('',#7224);
#2854=VERTEX_POINT('',#7228);
#2855=VERTEX_POINT('',#7230);
#2856=VERTEX_POINT('',#7234);
#2857=VERTEX_POINT('',#7235);
#2858=VERTEX_POINT('',#7237);
#2859=VERTEX_POINT('',#7239);
#2860=VERTEX_POINT('',#7243);
#2861=VERTEX_POINT('',#7244);
#2862=VERTEX_POINT('',#7246);
#2863=VERTEX_POINT('',#7248);
#2864=VERTEX_POINT('',#7252);
#2865=VERTEX_POINT('',#7254);
#2866=VERTEX_POINT('',#7258);
#2867=VERTEX_POINT('',#7260);
#2868=VERTEX_POINT('',#7264);
#2869=VERTEX_POINT('',#7265);
#2870=VERTEX_POINT('',#7267);
#2871=VERTEX_POINT('',#7269);
#2872=VERTEX_POINT('',#7273);
#2873=VERTEX_POINT('',#7274);
#2874=VERTEX_POINT('',#7276);
#2875=VERTEX_POINT('',#7278);
#2876=VERTEX_POINT('',#7282);
#2877=VERTEX_POINT('',#7284);
#2878=VERTEX_POINT('',#7288);
#2879=VERTEX_POINT('',#7290);
#2880=VERTEX_POINT('',#7294);
#2881=VERTEX_POINT('',#7295);
#2882=VERTEX_POINT('',#7297);
#2883=VERTEX_POINT('',#7299);
#2884=VERTEX_POINT('',#7303);
#2885=VERTEX_POINT('',#7304);
#2886=VERTEX_POINT('',#7306);
#2887=VERTEX_POINT('',#7308);
#2888=VERTEX_POINT('',#7312);
#2889=VERTEX_POINT('',#7314);
#2890=VERTEX_POINT('',#7318);
#2891=VERTEX_POINT('',#7320);
#2892=VERTEX_POINT('',#7324);
#2893=VERTEX_POINT('',#7325);
#2894=VERTEX_POINT('',#7327);
#2895=VERTEX_POINT('',#7329);
#2896=VERTEX_POINT('',#7333);
#2897=VERTEX_POINT('',#7334);
#2898=VERTEX_POINT('',#7336);
#2899=VERTEX_POINT('',#7338);
#2900=VERTEX_POINT('',#7342);
#2901=VERTEX_POINT('',#7344);
#2902=VERTEX_POINT('',#7348);
#2903=VERTEX_POINT('',#7350);
#2904=VERTEX_POINT('',#7354);
#2905=VERTEX_POINT('',#7355);
#2906=VERTEX_POINT('',#7357);
#2907=VERTEX_POINT('',#7359);
#2908=VERTEX_POINT('',#7363);
#2909=VERTEX_POINT('',#7364);
#2910=VERTEX_POINT('',#7366);
#2911=VERTEX_POINT('',#7368);
#2912=VERTEX_POINT('',#7372);
#2913=VERTEX_POINT('',#7374);
#2914=VERTEX_POINT('',#7378);
#2915=VERTEX_POINT('',#7380);
#2916=VERTEX_POINT('',#7384);
#2917=VERTEX_POINT('',#7385);
#2918=VERTEX_POINT('',#7387);
#2919=VERTEX_POINT('',#7389);
#2920=VERTEX_POINT('',#7393);
#2921=VERTEX_POINT('',#7394);
#2922=VERTEX_POINT('',#7396);
#2923=VERTEX_POINT('',#7398);
#2924=VERTEX_POINT('',#7402);
#2925=VERTEX_POINT('',#7404);
#2926=VERTEX_POINT('',#7408);
#2927=VERTEX_POINT('',#7410);
#2928=VERTEX_POINT('',#7414);
#2929=VERTEX_POINT('',#7415);
#2930=VERTEX_POINT('',#7417);
#2931=VERTEX_POINT('',#7419);
#2932=VERTEX_POINT('',#7423);
#2933=VERTEX_POINT('',#7424);
#2934=VERTEX_POINT('',#7426);
#2935=VERTEX_POINT('',#7428);
#2936=VERTEX_POINT('',#7432);
#2937=VERTEX_POINT('',#7434);
#2938=VERTEX_POINT('',#7438);
#2939=VERTEX_POINT('',#7440);
#2940=VERTEX_POINT('',#7444);
#2941=VERTEX_POINT('',#7445);
#2942=VERTEX_POINT('',#7447);
#2943=VERTEX_POINT('',#7449);
#2944=VERTEX_POINT('',#7453);
#2945=VERTEX_POINT('',#7454);
#2946=VERTEX_POINT('',#7456);
#2947=VERTEX_POINT('',#7458);
#2948=VERTEX_POINT('',#7462);
#2949=VERTEX_POINT('',#7464);
#2950=VERTEX_POINT('',#7468);
#2951=VERTEX_POINT('',#7470);
#2952=VERTEX_POINT('',#7474);
#2953=VERTEX_POINT('',#7475);
#2954=VERTEX_POINT('',#7477);
#2955=VERTEX_POINT('',#7479);
#2956=VERTEX_POINT('',#7483);
#2957=VERTEX_POINT('',#7484);
#2958=VERTEX_POINT('',#7486);
#2959=VERTEX_POINT('',#7488);
#2960=VERTEX_POINT('',#7492);
#2961=VERTEX_POINT('',#7494);
#2962=VERTEX_POINT('',#7498);
#2963=VERTEX_POINT('',#7500);
#2964=VERTEX_POINT('',#7504);
#2965=VERTEX_POINT('',#7505);
#2966=VERTEX_POINT('',#7507);
#2967=VERTEX_POINT('',#7509);
#2968=VERTEX_POINT('',#7513);
#2969=VERTEX_POINT('',#7514);
#2970=VERTEX_POINT('',#7516);
#2971=VERTEX_POINT('',#7518);
#2972=VERTEX_POINT('',#7522);
#2973=VERTEX_POINT('',#7524);
#2974=VERTEX_POINT('',#7528);
#2975=VERTEX_POINT('',#7530);
#2976=VERTEX_POINT('',#7534);
#2977=VERTEX_POINT('',#7535);
#2978=VERTEX_POINT('',#7537);
#2979=VERTEX_POINT('',#7539);
#2980=VERTEX_POINT('',#7543);
#2981=VERTEX_POINT('',#7544);
#2982=VERTEX_POINT('',#7546);
#2983=VERTEX_POINT('',#7548);
#2984=VERTEX_POINT('',#7552);
#2985=VERTEX_POINT('',#7554);
#2986=VERTEX_POINT('',#7558);
#2987=VERTEX_POINT('',#7560);
#2988=VERTEX_POINT('',#7564);
#2989=VERTEX_POINT('',#7565);
#2990=VERTEX_POINT('',#7567);
#2991=VERTEX_POINT('',#7569);
#2992=VERTEX_POINT('',#7573);
#2993=VERTEX_POINT('',#7574);
#2994=VERTEX_POINT('',#7576);
#2995=VERTEX_POINT('',#7578);
#2996=VERTEX_POINT('',#7582);
#2997=VERTEX_POINT('',#7584);
#2998=VERTEX_POINT('',#7588);
#2999=VERTEX_POINT('',#7590);
#3000=VERTEX_POINT('',#7594);
#3001=VERTEX_POINT('',#7595);
#3002=VERTEX_POINT('',#7597);
#3003=VERTEX_POINT('',#7599);
#3004=VERTEX_POINT('',#7603);
#3005=VERTEX_POINT('',#7604);
#3006=VERTEX_POINT('',#7606);
#3007=VERTEX_POINT('',#7608);
#3008=VERTEX_POINT('',#7612);
#3009=VERTEX_POINT('',#7614);
#3010=VERTEX_POINT('',#7618);
#3011=VERTEX_POINT('',#7620);
#3012=VERTEX_POINT('',#7624);
#3013=VERTEX_POINT('',#7625);
#3014=VERTEX_POINT('',#7627);
#3015=VERTEX_POINT('',#7629);
#3016=VERTEX_POINT('',#7633);
#3017=VERTEX_POINT('',#7634);
#3018=VERTEX_POINT('',#7636);
#3019=VERTEX_POINT('',#7638);
#3020=VERTEX_POINT('',#7642);
#3021=VERTEX_POINT('',#7644);
#3022=VERTEX_POINT('',#7648);
#3023=VERTEX_POINT('',#7650);
#3024=VERTEX_POINT('',#7654);
#3025=VERTEX_POINT('',#7655);
#3026=VERTEX_POINT('',#7657);
#3027=VERTEX_POINT('',#7659);
#3028=VERTEX_POINT('',#7663);
#3029=VERTEX_POINT('',#7664);
#3030=VERTEX_POINT('',#7666);
#3031=VERTEX_POINT('',#7668);
#3032=VERTEX_POINT('',#7672);
#3033=VERTEX_POINT('',#7674);
#3034=VERTEX_POINT('',#7678);
#3035=VERTEX_POINT('',#7680);
#3036=VERTEX_POINT('',#7684);
#3037=VERTEX_POINT('',#7685);
#3038=VERTEX_POINT('',#7687);
#3039=VERTEX_POINT('',#7689);
#3040=VERTEX_POINT('',#7693);
#3041=VERTEX_POINT('',#7694);
#3042=VERTEX_POINT('',#7696);
#3043=VERTEX_POINT('',#7698);
#3044=VERTEX_POINT('',#7702);
#3045=VERTEX_POINT('',#7704);
#3046=VERTEX_POINT('',#7708);
#3047=VERTEX_POINT('',#7710);
#3048=VERTEX_POINT('',#7714);
#3049=VERTEX_POINT('',#7715);
#3050=VERTEX_POINT('',#7717);
#3051=VERTEX_POINT('',#7719);
#3052=VERTEX_POINT('',#7723);
#3053=VERTEX_POINT('',#7724);
#3054=VERTEX_POINT('',#7726);
#3055=VERTEX_POINT('',#7728);
#3056=VERTEX_POINT('',#7732);
#3057=VERTEX_POINT('',#7734);
#3058=VERTEX_POINT('',#7738);
#3059=VERTEX_POINT('',#7740);
#3060=VERTEX_POINT('',#7747);
#3061=VERTEX_POINT('',#7748);
#3062=VERTEX_POINT('',#7750);
#3063=VERTEX_POINT('',#7752);
#3064=VERTEX_POINT('',#7756);
#3065=VERTEX_POINT('',#7757);
#3066=VERTEX_POINT('',#7759);
#3067=VERTEX_POINT('',#7761);
#3068=VERTEX_POINT('',#7765);
#3069=VERTEX_POINT('',#7767);
#3070=VERTEX_POINT('',#7774);
#3071=VERTEX_POINT('',#7775);
#3072=VERTEX_POINT('',#7777);
#3073=VERTEX_POINT('',#7779);
#3074=VERTEX_POINT('',#7783);
#3075=VERTEX_POINT('',#7784);
#3076=VERTEX_POINT('',#7786);
#3077=VERTEX_POINT('',#7788);
#3078=VERTEX_POINT('',#7792);
#3079=VERTEX_POINT('',#7794);
#3080=VERTEX_POINT('',#7801);
#3081=VERTEX_POINT('',#7802);
#3082=VERTEX_POINT('',#7804);
#3083=VERTEX_POINT('',#7806);
#3084=VERTEX_POINT('',#7810);
#3085=VERTEX_POINT('',#7811);
#3086=VERTEX_POINT('',#7813);
#3087=VERTEX_POINT('',#7815);
#3088=VERTEX_POINT('',#7819);
#3089=VERTEX_POINT('',#7821);
#3090=VERTEX_POINT('',#7828);
#3091=VERTEX_POINT('',#7829);
#3092=VERTEX_POINT('',#7831);
#3093=VERTEX_POINT('',#7833);
#3094=VERTEX_POINT('',#7837);
#3095=VERTEX_POINT('',#7838);
#3096=VERTEX_POINT('',#7840);
#3097=VERTEX_POINT('',#7842);
#3098=VERTEX_POINT('',#7846);
#3099=VERTEX_POINT('',#7848);
#3100=VERTEX_POINT('',#7855);
#3101=VERTEX_POINT('',#7856);
#3102=VERTEX_POINT('',#7858);
#3103=VERTEX_POINT('',#7860);
#3104=VERTEX_POINT('',#7864);
#3105=VERTEX_POINT('',#7866);
#3106=VERTEX_POINT('',#7870);
#3107=VERTEX_POINT('',#7871);
#3108=VERTEX_POINT('',#7873);
#3109=VERTEX_POINT('',#7875);
#3110=VERTEX_POINT('',#7882);
#3111=VERTEX_POINT('',#7883);
#3112=VERTEX_POINT('',#7885);
#3113=VERTEX_POINT('',#7887);
#3114=VERTEX_POINT('',#7891);
#3115=VERTEX_POINT('',#7893);
#3116=VERTEX_POINT('',#7897);
#3117=VERTEX_POINT('',#7898);
#3118=VERTEX_POINT('',#7900);
#3119=VERTEX_POINT('',#7902);
#3120=VERTEX_POINT('',#7909);
#3121=VERTEX_POINT('',#7910);
#3122=VERTEX_POINT('',#7912);
#3123=VERTEX_POINT('',#7914);
#3124=VERTEX_POINT('',#7918);
#3125=VERTEX_POINT('',#7920);
#3126=VERTEX_POINT('',#7924);
#3127=VERTEX_POINT('',#7925);
#3128=VERTEX_POINT('',#7927);
#3129=VERTEX_POINT('',#7929);
#3130=VERTEX_POINT('',#7936);
#3131=VERTEX_POINT('',#7937);
#3132=VERTEX_POINT('',#7939);
#3133=VERTEX_POINT('',#7941);
#3134=VERTEX_POINT('',#7945);
#3135=VERTEX_POINT('',#7947);
#3136=VERTEX_POINT('',#7951);
#3137=VERTEX_POINT('',#7952);
#3138=VERTEX_POINT('',#7954);
#3139=VERTEX_POINT('',#7956);
#3140=VERTEX_POINT('',#7963);
#3141=VERTEX_POINT('',#7964);
#3142=VERTEX_POINT('',#7966);
#3143=VERTEX_POINT('',#7968);
#3144=VERTEX_POINT('',#7972);
#3145=VERTEX_POINT('',#7974);
#3146=VERTEX_POINT('',#7978);
#3147=VERTEX_POINT('',#7980);
#3148=VERTEX_POINT('',#7984);
#3149=VERTEX_POINT('',#7986);
#3150=VERTEX_POINT('',#7990);
#3151=VERTEX_POINT('',#7992);
#3152=VERTEX_POINT('',#7996);
#3153=VERTEX_POINT('',#7998);
#3154=VERTEX_POINT('',#8000);
#3155=VERTEX_POINT('',#8002);
#3156=VERTEX_POINT('',#8004);
#3157=VERTEX_POINT('',#8006);
#3158=VERTEX_POINT('',#8008);
#3159=VERTEX_POINT('',#8010);
#3160=VERTEX_POINT('',#8012);
#3161=VERTEX_POINT('',#8015);
#3162=VERTEX_POINT('',#8052);
#3163=VERTEX_POINT('',#8055);
#3164=VERTEX_POINT('',#8058);
#3165=VERTEX_POINT('',#8061);
#3166=VERTEX_POINT('',#8064);
#3167=VERTEX_POINT('',#8067);
#3168=VERTEX_POINT('',#8070);
#3169=VERTEX_POINT('',#8073);
#3170=VERTEX_POINT('',#8076);
#3171=VERTEX_POINT('',#8079);
#3172=VERTEX_POINT('',#8082);
#3173=VERTEX_POINT('',#8085);
#3174=VERTEX_POINT('',#8088);
#3175=VERTEX_POINT('',#8091);
#3176=VERTEX_POINT('',#8094);
#3177=VERTEX_POINT('',#8097);
#3178=VERTEX_POINT('',#8100);
#3179=VERTEX_POINT('',#8103);
#3180=VERTEX_POINT('',#8109);
#3181=VERTEX_POINT('',#8111);
#3182=VERTEX_POINT('',#8114);
#3183=VERTEX_POINT('',#8117);
#3184=VERTEX_POINT('',#8120);
#3185=VERTEX_POINT('',#8123);
#3186=VERTEX_POINT('',#8126);
#3187=VERTEX_POINT('',#8129);
#3188=VERTEX_POINT('',#8132);
#3189=VERTEX_POINT('',#8135);
#3190=VERTEX_POINT('',#8138);
#3191=VERTEX_POINT('',#8141);
#3192=VERTEX_POINT('',#8144);
#3193=VERTEX_POINT('',#8147);
#3194=VERTEX_POINT('',#8150);
#3195=VERTEX_POINT('',#8153);
#3196=VERTEX_POINT('',#8156);
#3197=VERTEX_POINT('',#8159);
#3198=VERTEX_POINT('',#8162);
#3199=VERTEX_POINT('',#8253);
#3200=VERTEX_POINT('',#8257);
#3201=VERTEX_POINT('',#8296);
#3202=VERTEX_POINT('',#8299);
#3203=VERTEX_POINT('',#8303);
#3204=VERTEX_POINT('',#8306);
#3205=VERTEX_POINT('',#8310);
#3206=VERTEX_POINT('',#8313);
#3207=VERTEX_POINT('',#8317);
#3208=VERTEX_POINT('',#8320);
#3209=VERTEX_POINT('',#8324);
#3210=VERTEX_POINT('',#8327);
#3211=VERTEX_POINT('',#8331);
#3212=VERTEX_POINT('',#8334);
#3213=VERTEX_POINT('',#8338);
#3214=VERTEX_POINT('',#8341);
#3215=VERTEX_POINT('',#8345);
#3216=VERTEX_POINT('',#8348);
#3217=CIRCLE('',#4560,0.0022);
#3218=CIRCLE('',#4561,0.0022);
#3219=CIRCLE('',#4562,0.0022);
#3220=CIRCLE('',#4563,0.0022);
#3221=CIRCLE('',#4564,0.0022);
#3222=CIRCLE('',#4565,0.0022);
#3223=CIRCLE('',#4566,0.0022);
#3224=CIRCLE('',#4567,0.0022);
#3225=CIRCLE('',#4568,0.0140335);
#3226=CIRCLE('',#4569,0.0045);
#3227=CIRCLE('',#4571,0.0045);
#3228=CIRCLE('',#4573,0.001);
#3229=CIRCLE('',#4574,0.001);
#3230=CIRCLE('',#4576,0.000555);
#3231=CIRCLE('',#4577,0.000555);
#3232=CIRCLE('',#4579,0.001);
#3233=CIRCLE('',#4580,0.001);
#3234=CIRCLE('',#4582,0.00015);
#3235=CIRCLE('',#4583,0.00015);
#3236=CIRCLE('',#4585,0.00015);
#3237=CIRCLE('',#4586,0.00015);
#3238=CIRCLE('',#4588,0.001);
#3239=CIRCLE('',#4589,0.001);
#3240=CIRCLE('',#4591,0.001);
#3241=CIRCLE('',#4592,0.001);
#3242=CIRCLE('',#4594,0.000555);
#3243=CIRCLE('',#4595,0.000555);
#3244=CIRCLE('',#4597,0.00015);
#3245=CIRCLE('',#4598,0.00015);
#3246=CIRCLE('',#4600,0.001);
#3247=CIRCLE('',#4601,0.001);
#3248=CIRCLE('',#4603,0.001);
#3249=CIRCLE('',#4604,0.001);
#3250=CIRCLE('',#4606,0.000555);
#3251=CIRCLE('',#4607,0.000555);
#3252=CIRCLE('',#4609,0.00015);
#3253=CIRCLE('',#4610,0.00015);
#3254=CIRCLE('',#4612,0.001);
#3255=CIRCLE('',#4613,0.001);
#3256=CIRCLE('',#4615,0.001);
#3257=CIRCLE('',#4616,0.001);
#3258=CIRCLE('',#4618,0.000555);
#3259=CIRCLE('',#4619,0.000555);
#3260=CIRCLE('',#4621,0.001);
#3261=CIRCLE('',#4622,0.001);
#3262=CIRCLE('',#4624,0.001);
#3263=CIRCLE('',#4625,0.001);
#3264=CIRCLE('',#4627,0.000555);
#3265=CIRCLE('',#4628,0.000555);
#3266=CIRCLE('',#4630,0.00015);
#3267=CIRCLE('',#4631,0.00015);
#3268=CIRCLE('',#4633,0.001);
#3269=CIRCLE('',#4634,0.001);
#3270=CIRCLE('',#4636,0.001);
#3271=CIRCLE('',#4637,0.001);
#3272=CIRCLE('',#4639,0.000555);
#3273=CIRCLE('',#4640,0.000555);
#3274=CIRCLE('',#4642,0.00015);
#3275=CIRCLE('',#4643,0.00015);
#3276=CIRCLE('',#4645,0.001);
#3277=CIRCLE('',#4646,0.001);
#3278=CIRCLE('',#4648,0.001);
#3279=CIRCLE('',#4649,0.001);
#3280=CIRCLE('',#4651,0.000555);
#3281=CIRCLE('',#4652,0.000555);
#3282=CIRCLE('',#4654,0.00015);
#3283=CIRCLE('',#4655,0.00015);
#3284=CIRCLE('',#4657,0.001);
#3285=CIRCLE('',#4658,0.001);
#3286=CIRCLE('',#4660,0.001);
#3287=CIRCLE('',#4661,0.001);
#3288=CIRCLE('',#4663,0.000555);
#3289=CIRCLE('',#4664,0.000555);
#3290=CIRCLE('',#4666,0.00015);
#3291=CIRCLE('',#4667,0.00015);
#3292=CIRCLE('',#4669,0.001);
#3293=CIRCLE('',#4670,0.001);
#3294=CIRCLE('',#4672,0.001);
#3295=CIRCLE('',#4673,0.001);
#3296=CIRCLE('',#4675,0.000555);
#3297=CIRCLE('',#4676,0.000555);
#3298=CIRCLE('',#4678,0.00015);
#3299=CIRCLE('',#4679,0.00015);
#3300=CIRCLE('',#4681,0.00015);
#3301=CIRCLE('',#4682,0.00015);
#3302=CIRCLE('',#4684,0.001);
#3303=CIRCLE('',#4685,0.001);
#3304=CIRCLE('',#4687,0.000555);
#3305=CIRCLE('',#4688,0.000555);
#3306=CIRCLE('',#4690,0.00015);
#3307=CIRCLE('',#4691,0.00015);
#3308=CIRCLE('',#4693,0.00015);
#3309=CIRCLE('',#4694,0.00015);
#3310=CIRCLE('',#4696,0.001);
#3311=CIRCLE('',#4697,0.001);
#3312=CIRCLE('',#4699,0.001);
#3313=CIRCLE('',#4700,0.001);
#3314=CIRCLE('',#4702,0.00015);
#3315=CIRCLE('',#4703,0.00015);
#3316=CIRCLE('',#4705,0.00015);
#3317=CIRCLE('',#4706,0.00015);
#3318=CIRCLE('',#4708,0.001);
#3319=CIRCLE('',#4709,0.001);
#3320=CIRCLE('',#4711,0.001);
#3321=CIRCLE('',#4712,0.001);
#3322=CIRCLE('',#4714,0.00015);
#3323=CIRCLE('',#4715,0.00015);
#3324=CIRCLE('',#4717,0.00015);
#3325=CIRCLE('',#4718,0.00015);
#3326=CIRCLE('',#4720,0.001);
#3327=CIRCLE('',#4721,0.001);
#3328=CIRCLE('',#4723,0.001);
#3329=CIRCLE('',#4724,0.001);
#3330=CIRCLE('',#4726,0.00015);
#3331=CIRCLE('',#4727,0.00015);
#3332=CIRCLE('',#4729,0.00015);
#3333=CIRCLE('',#4730,0.00015);
#3334=CIRCLE('',#4732,0.001);
#3335=CIRCLE('',#4733,0.001);
#3336=CIRCLE('',#4735,0.001);
#3337=CIRCLE('',#4736,0.001);
#3338=CIRCLE('',#4738,0.00015);
#3339=CIRCLE('',#4739,0.00015);
#3340=CIRCLE('',#4741,0.00015);
#3341=CIRCLE('',#4742,0.00015);
#3342=CIRCLE('',#4744,0.001);
#3343=CIRCLE('',#4745,0.001);
#3344=CIRCLE('',#4747,0.001);
#3345=CIRCLE('',#4748,0.001);
#3346=CIRCLE('',#4750,0.00015);
#3347=CIRCLE('',#4751,0.00015);
#3348=CIRCLE('',#4753,0.00015);
#3349=CIRCLE('',#4754,0.00015);
#3350=CIRCLE('',#4756,0.001);
#3351=CIRCLE('',#4757,0.001);
#3352=CIRCLE('',#4759,0.001);
#3353=CIRCLE('',#4760,0.001);
#3354=CIRCLE('',#4762,0.00015);
#3355=CIRCLE('',#4763,0.00015);
#3356=CIRCLE('',#4765,0.00015);
#3357=CIRCLE('',#4766,0.00015);
#3358=CIRCLE('',#4768,0.001);
#3359=CIRCLE('',#4769,0.001);
#3360=CIRCLE('',#4771,0.001);
#3361=CIRCLE('',#4772,0.001);
#3362=CIRCLE('',#4774,0.00015);
#3363=CIRCLE('',#4775,0.00015);
#3364=CIRCLE('',#4777,0.00015);
#3365=CIRCLE('',#4778,0.00015);
#3366=CIRCLE('',#4780,0.001);
#3367=CIRCLE('',#4781,0.001);
#3368=CIRCLE('',#4783,0.000555);
#3369=CIRCLE('',#4784,0.000555);
#3370=CIRCLE('',#4786,0.00015);
#3371=CIRCLE('',#4787,0.00015);
#3372=CIRCLE('',#4789,0.00015);
#3373=CIRCLE('',#4790,0.00015);
#3374=CIRCLE('',#4792,0.001);
#3375=CIRCLE('',#4793,0.001);
#3376=CIRCLE('',#4795,0.000555);
#3377=CIRCLE('',#4796,0.000555);
#3378=CIRCLE('',#4798,0.00015);
#3379=CIRCLE('',#4799,0.00015);
#3380=CIRCLE('',#4801,0.00015);
#3381=CIRCLE('',#4802,0.00015);
#3382=CIRCLE('',#4804,0.001);
#3383=CIRCLE('',#4805,0.001);
#3384=CIRCLE('',#4807,0.001);
#3385=CIRCLE('',#4808,0.001);
#3386=CIRCLE('',#4810,0.00015);
#3387=CIRCLE('',#4811,0.00015);
#3388=CIRCLE('',#4813,0.00015);
#3389=CIRCLE('',#4814,0.00015);
#3390=CIRCLE('',#4816,0.001);
#3391=CIRCLE('',#4817,0.001);
#3392=CIRCLE('',#4819,0.001);
#3393=CIRCLE('',#4820,0.001);
#3394=CIRCLE('',#4822,0.00015);
#3395=CIRCLE('',#4823,0.00015);
#3396=CIRCLE('',#4825,0.00015);
#3397=CIRCLE('',#4826,0.00015);
#3398=CIRCLE('',#4828,0.001);
#3399=CIRCLE('',#4829,0.001);
#3400=CIRCLE('',#4831,0.001);
#3401=CIRCLE('',#4832,0.001);
#3402=CIRCLE('',#4834,0.00015);
#3403=CIRCLE('',#4835,0.00015);
#3404=CIRCLE('',#4837,0.00015);
#3405=CIRCLE('',#4838,0.00015);
#3406=CIRCLE('',#4840,0.001);
#3407=CIRCLE('',#4841,0.001);
#3408=CIRCLE('',#4843,0.001);
#3409=CIRCLE('',#4844,0.001);
#3410=CIRCLE('',#4846,0.000150000000000002);
#3411=CIRCLE('',#4847,0.000150000000000002);
#3412=CIRCLE('',#4849,0.00015);
#3413=CIRCLE('',#4850,0.00015);
#3414=CIRCLE('',#4852,0.001);
#3415=CIRCLE('',#4853,0.001);
#3416=CIRCLE('',#4855,0.001);
#3417=CIRCLE('',#4856,0.001);
#3418=CIRCLE('',#4858,0.00015);
#3419=CIRCLE('',#4859,0.00015);
#3420=CIRCLE('',#4861,0.00015);
#3421=CIRCLE('',#4862,0.00015);
#3422=CIRCLE('',#4864,0.001);
#3423=CIRCLE('',#4865,0.001);
#3424=CIRCLE('',#4867,0.001);
#3425=CIRCLE('',#4868,0.001);
#3426=CIRCLE('',#4870,0.00015);
#3427=CIRCLE('',#4871,0.00015);
#3428=CIRCLE('',#4873,0.00015);
#3429=CIRCLE('',#4874,0.00015);
#3430=CIRCLE('',#4876,0.001);
#3431=CIRCLE('',#4877,0.001);
#3432=CIRCLE('',#4879,0.000555);
#3433=CIRCLE('',#4880,0.000555);
#3434=CIRCLE('',#4882,0.00015);
#3435=CIRCLE('',#4883,0.00015);
#3436=CIRCLE('',#4885,0.00015);
#3437=CIRCLE('',#4886,0.00015);
#3438=CIRCLE('',#4888,0.001);
#3439=CIRCLE('',#4889,0.001);
#3440=CIRCLE('',#4891,0.001);
#3441=CIRCLE('',#4892,0.001);
#3442=CIRCLE('',#4894,0.000555);
#3443=CIRCLE('',#4895,0.000555);
#3444=CIRCLE('',#4897,0.00015);
#3445=CIRCLE('',#4898,0.00015);
#3446=CIRCLE('',#4900,0.001);
#3447=CIRCLE('',#4901,0.001);
#3448=CIRCLE('',#4903,0.001);
#3449=CIRCLE('',#4904,0.001);
#3450=CIRCLE('',#4906,0.000555);
#3451=CIRCLE('',#4907,0.000555);
#3452=CIRCLE('',#4909,0.00015);
#3453=CIRCLE('',#4910,0.00015);
#3454=CIRCLE('',#4912,0.001);
#3455=CIRCLE('',#4913,0.001);
#3456=CIRCLE('',#4915,0.001);
#3457=CIRCLE('',#4916,0.001);
#3458=CIRCLE('',#4918,0.000555);
#3459=CIRCLE('',#4919,0.000555);
#3460=CIRCLE('',#4921,0.00015);
#3461=CIRCLE('',#4922,0.00015);
#3462=CIRCLE('',#4924,0.001);
#3463=CIRCLE('',#4925,0.001);
#3464=CIRCLE('',#4927,0.001);
#3465=CIRCLE('',#4928,0.001);
#3466=CIRCLE('',#4930,0.000555);
#3467=CIRCLE('',#4931,0.000555);
#3468=CIRCLE('',#4933,0.00015);
#3469=CIRCLE('',#4934,0.00015);
#3470=CIRCLE('',#4936,0.001);
#3471=CIRCLE('',#4937,0.001);
#3472=CIRCLE('',#4939,0.001);
#3473=CIRCLE('',#4940,0.001);
#3474=CIRCLE('',#4942,0.000555);
#3475=CIRCLE('',#4943,0.000555);
#3476=CIRCLE('',#4945,0.00015);
#3477=CIRCLE('',#4946,0.00015);
#3478=CIRCLE('',#4948,0.001);
#3479=CIRCLE('',#4949,0.001);
#3480=CIRCLE('',#4951,0.001);
#3481=CIRCLE('',#4952,0.001);
#3482=CIRCLE('',#4954,0.000555);
#3483=CIRCLE('',#4955,0.000555);
#3484=CIRCLE('',#4957,0.00015);
#3485=CIRCLE('',#4958,0.00015);
#3486=CIRCLE('',#4960,0.001);
#3487=CIRCLE('',#4961,0.001);
#3488=CIRCLE('',#4963,0.001);
#3489=CIRCLE('',#4964,0.001);
#3490=CIRCLE('',#4966,0.000555);
#3491=CIRCLE('',#4967,0.000555);
#3492=CIRCLE('',#4969,0.00015);
#3493=CIRCLE('',#4970,0.00015);
#3494=CIRCLE('',#4972,0.001);
#3495=CIRCLE('',#4973,0.001);
#3496=CIRCLE('',#4975,0.001);
#3497=CIRCLE('',#4976,0.001);
#3498=CIRCLE('',#4978,0.000555);
#3499=CIRCLE('',#4979,0.000555);
#3500=CIRCLE('',#4981,0.00015);
#3501=CIRCLE('',#4982,0.00015);
#3502=CIRCLE('',#4984,0.001);
#3503=CIRCLE('',#4985,0.001);
#3504=CIRCLE('',#4987,0.001);
#3505=CIRCLE('',#4988,0.001);
#3506=CIRCLE('',#4990,0.000555);
#3507=CIRCLE('',#4991,0.000555);
#3508=CIRCLE('',#4993,0.00015);
#3509=CIRCLE('',#4994,0.00015);
#3510=CIRCLE('',#4996,0.001);
#3511=CIRCLE('',#4997,0.001);
#3512=CIRCLE('',#4999,0.000555);
#3513=CIRCLE('',#5000,0.000555);
#3514=CIRCLE('',#5002,0.001);
#3515=CIRCLE('',#5003,0.001);
#3516=CIRCLE('',#5005,0.00015);
#3517=CIRCLE('',#5006,0.00015);
#3518=CIRCLE('',#5008,0.0013);
#3519=CIRCLE('',#5009,0.0013);
#3520=CIRCLE('',#5010,0.0013);
#3521=CIRCLE('',#5011,0.0013);
#3522=CIRCLE('',#5012,0.0013);
#3523=CIRCLE('',#5013,0.0013);
#3524=CIRCLE('',#5014,0.0013);
#3525=CIRCLE('',#5015,0.0013);
#3526=CIRCLE('',#5016,0.0140335);
#3527=CIRCLE('',#5018,0.0126175);
#3528=CIRCLE('',#5019,0.0112015);
#3529=CIRCLE('',#5020,0.001);
#3530=CIRCLE('',#5021,0.0112015);
#3531=CIRCLE('',#5022,0.001);
#3532=CIRCLE('',#5023,0.0112015);
#3533=CIRCLE('',#5024,0.000555);
#3534=CIRCLE('',#5025,0.0112015);
#3535=CIRCLE('',#5026,0.000555);
#3536=CIRCLE('',#5027,0.0112015);
#3537=CIRCLE('',#5028,0.000555);
#3538=CIRCLE('',#5029,0.0112015);
#3539=CIRCLE('',#5030,0.000555);
#3540=CIRCLE('',#5031,0.0112015);
#3541=CIRCLE('',#5032,0.000555);
#3542=CIRCLE('',#5033,0.0112015);
#3543=CIRCLE('',#5034,0.000555);
#3544=CIRCLE('',#5035,0.0112015);
#3545=CIRCLE('',#5036,0.000555);
#3546=CIRCLE('',#5037,0.0112015);
#3547=CIRCLE('',#5038,0.000555);
#3548=CIRCLE('',#5039,0.0112015);
#3549=CIRCLE('',#5040,0.000555);
#3550=CIRCLE('',#5041,0.0112015);
#3551=CIRCLE('',#5042,0.000555);
#3552=CIRCLE('',#5043,0.0112015);
#3553=CIRCLE('',#5044,0.000555);
#3554=CIRCLE('',#5045,0.0112015);
#3555=CIRCLE('',#5046,0.000555);
#3556=CIRCLE('',#5047,0.0112015);
#3557=CIRCLE('',#5048,0.000555);
#3558=CIRCLE('',#5049,0.0112015);
#3559=CIRCLE('',#5050,0.001);
#3560=CIRCLE('',#5051,0.0112015);
#3561=CIRCLE('',#5052,0.001);
#3562=CIRCLE('',#5053,0.0112015);
#3563=CIRCLE('',#5054,0.0112015);
#3564=CIRCLE('',#5055,0.00015);
#3565=CIRCLE('',#5056,0.0112015);
#3566=CIRCLE('',#5057,0.00015);
#3567=CIRCLE('',#5058,0.0112015);
#3568=CIRCLE('',#5059,0.00015);
#3569=CIRCLE('',#5060,0.0112015);
#3570=CIRCLE('',#5061,0.00015);
#3571=CIRCLE('',#5062,0.0112015);
#3572=CIRCLE('',#5063,0.00015);
#3573=CIRCLE('',#5064,0.0112015);
#3574=CIRCLE('',#5065,0.000150000000000002);
#3575=CIRCLE('',#5066,0.0112015);
#3576=CIRCLE('',#5067,0.00015);
#3577=CIRCLE('',#5068,0.0112015);
#3578=CIRCLE('',#5069,0.00015);
#3579=CIRCLE('',#5070,0.0112015);
#3580=CIRCLE('',#5071,0.00015);
#3581=CIRCLE('',#5072,0.00015);
#3582=CIRCLE('',#5073,0.0112015);
#3583=CIRCLE('',#5074,0.00015);
#3584=CIRCLE('',#5075,0.0112015);
#3585=CIRCLE('',#5076,0.00015);
#3586=CIRCLE('',#5077,0.0112015);
#3587=CIRCLE('',#5078,0.00015);
#3588=CIRCLE('',#5079,0.0112015);
#3589=CIRCLE('',#5080,0.00015);
#3590=CIRCLE('',#5081,0.0112015);
#3591=CIRCLE('',#5082,0.00015);
#3592=CIRCLE('',#5083,0.0112015);
#3593=CIRCLE('',#5084,0.00015);
#3594=CIRCLE('',#5085,0.0112015);
#3595=CIRCLE('',#5086,0.00015);
#3596=CIRCLE('',#5087,0.0112015);
#3597=CIRCLE('',#5088,0.00015);
#3598=CIRCLE('',#5089,0.0112015);
#3599=CIRCLE('',#5091,0.0112015);
#3600=CIRCLE('',#5093,0.0126175);
#3601=CIRCLE('',#5094,0.0112015);
#3602=CIRCLE('',#5095,0.00015);
#3603=CIRCLE('',#5096,0.0112015);
#3604=CIRCLE('',#5097,0.00015);
#3605=CIRCLE('',#5098,0.0112015);
#3606=CIRCLE('',#5099,0.00015);
#3607=CIRCLE('',#5100,0.0112015);
#3608=CIRCLE('',#5101,0.00015);
#3609=CIRCLE('',#5102,0.0112015);
#3610=CIRCLE('',#5103,0.00015);
#3611=CIRCLE('',#5104,0.0112015);
#3612=CIRCLE('',#5105,0.00015);
#3613=CIRCLE('',#5106,0.0112015);
#3614=CIRCLE('',#5107,0.00015);
#3615=CIRCLE('',#5108,0.0112015);
#3616=CIRCLE('',#5109,0.00015);
#3617=CIRCLE('',#5110,0.0112015);
#3618=CIRCLE('',#5111,0.00015);
#3619=CIRCLE('',#5112,0.00015);
#3620=CIRCLE('',#5113,0.0112015);
#3621=CIRCLE('',#5114,0.00015);
#3622=CIRCLE('',#5115,0.0112015);
#3623=CIRCLE('',#5116,0.00015);
#3624=CIRCLE('',#5117,0.0112015);
#3625=CIRCLE('',#5118,0.000150000000000002);
#3626=CIRCLE('',#5119,0.0112015);
#3627=CIRCLE('',#5120,0.00015);
#3628=CIRCLE('',#5121,0.0112015);
#3629=CIRCLE('',#5122,0.00015);
#3630=CIRCLE('',#5123,0.0112015);
#3631=CIRCLE('',#5124,0.00015);
#3632=CIRCLE('',#5125,0.0112015);
#3633=CIRCLE('',#5126,0.00015);
#3634=CIRCLE('',#5127,0.0112015);
#3635=CIRCLE('',#5128,0.00015);
#3636=CIRCLE('',#5129,0.0112015);
#3637=CIRCLE('',#5130,0.0112015);
#3638=CIRCLE('',#5131,0.001);
#3639=CIRCLE('',#5132,0.0112015);
#3640=CIRCLE('',#5133,0.001);
#3641=CIRCLE('',#5134,0.0112015);
#3642=CIRCLE('',#5135,0.000555);
#3643=CIRCLE('',#5136,0.0112015);
#3644=CIRCLE('',#5137,0.000555);
#3645=CIRCLE('',#5138,0.0112015);
#3646=CIRCLE('',#5139,0.000555);
#3647=CIRCLE('',#5140,0.0112015);
#3648=CIRCLE('',#5141,0.000555);
#3649=CIRCLE('',#5142,0.0112015);
#3650=CIRCLE('',#5143,0.000555);
#3651=CIRCLE('',#5144,0.0112015);
#3652=CIRCLE('',#5145,0.000555);
#3653=CIRCLE('',#5146,0.0112015);
#3654=CIRCLE('',#5147,0.000555);
#3655=CIRCLE('',#5148,0.0112015);
#3656=CIRCLE('',#5149,0.000555);
#3657=CIRCLE('',#5150,0.0112015);
#3658=CIRCLE('',#5151,0.000555);
#3659=CIRCLE('',#5152,0.0112015);
#3660=CIRCLE('',#5153,0.000555);
#3661=CIRCLE('',#5154,0.0112015);
#3662=CIRCLE('',#5155,0.000555);
#3663=CIRCLE('',#5156,0.0112015);
#3664=CIRCLE('',#5157,0.000555);
#3665=CIRCLE('',#5158,0.0112015);
#3666=CIRCLE('',#5159,0.000555);
#3667=CIRCLE('',#5160,0.0112015);
#3668=CIRCLE('',#5161,0.001);
#3669=CIRCLE('',#5162,0.0112015);
#3670=CIRCLE('',#5163,0.001);
#3671=CIRCLE('',#5200,0.0140335);
#3672=CIRCLE('',#5203,0.0140335);
#3673=CIRCLE('',#5241,0.0013);
#3674=CIRCLE('',#5243,0.0022);
#3675=CIRCLE('',#5246,0.0013);
#3676=CIRCLE('',#5248,0.0022);
#3677=CIRCLE('',#5251,0.0013);
#3678=CIRCLE('',#5253,0.0022);
#3679=CIRCLE('',#5256,0.0013);
#3680=CIRCLE('',#5258,0.0022);
#3681=CIRCLE('',#5261,0.0013);
#3682=CIRCLE('',#5263,0.0022);
#3683=CIRCLE('',#5266,0.0013);
#3684=CIRCLE('',#5268,0.0022);
#3685=CIRCLE('',#5271,0.0013);
#3686=CIRCLE('',#5273,0.0022);
#3687=CIRCLE('',#5276,0.0013);
#3688=CIRCLE('',#5278,0.0022);
#3689=EDGE_LOOP('',(#681));
#3690=EDGE_LOOP('',(#682));
#3691=EDGE_LOOP('',(#683));
#3692=EDGE_LOOP('',(#684));
#3693=EDGE_LOOP('',(#685));
#3694=EDGE_LOOP('',(#686));
#3695=EDGE_LOOP('',(#687));
#3696=EDGE_LOOP('',(#688));
#3697=EDGE_LOOP('',(#689));
#3698=EDGE_LOOP('',(#690));
#3699=EDGE_LOOP('',(#691));
#3700=EDGE_LOOP('',(#692));
#3701=EDGE_LOOP('',(#693,#694,#695,#696));
#3702=EDGE_LOOP('',(#697,#698,#699,#700));
#3703=EDGE_LOOP('',(#701,#702,#703,#704));
#3704=EDGE_LOOP('',(#705,#706,#707,#708));
#3705=EDGE_LOOP('',(#709,#710,#711,#712));
#3706=EDGE_LOOP('',(#713,#714,#715,#716));
#3707=EDGE_LOOP('',(#717,#718,#719,#720));
#3708=EDGE_LOOP('',(#721,#722,#723,#724));
#3709=EDGE_LOOP('',(#725,#726,#727,#728));
#3710=EDGE_LOOP('',(#729,#730,#731,#732));
#3711=EDGE_LOOP('',(#733,#734,#735,#736));
#3712=EDGE_LOOP('',(#737,#738,#739,#740));
#3713=EDGE_LOOP('',(#741,#742,#743,#744));
#3714=EDGE_LOOP('',(#745,#746,#747,#748));
#3715=EDGE_LOOP('',(#749,#750,#751,#752));
#3716=EDGE_LOOP('',(#753,#754,#755,#756));
#3717=EDGE_LOOP('',(#757,#758,#759,#760));
#3718=EDGE_LOOP('',(#761,#762,#763,#764));
#3719=EDGE_LOOP('',(#765,#766,#767,#768));
#3720=EDGE_LOOP('',(#769,#770,#771,#772));
#3721=EDGE_LOOP('',(#773,#774,#775,#776));
#3722=EDGE_LOOP('',(#777,#778,#779,#780));
#3723=EDGE_LOOP('',(#781,#782,#783,#784));
#3724=EDGE_LOOP('',(#785,#786,#787,#788));
#3725=EDGE_LOOP('',(#789,#790,#791,#792));
#3726=EDGE_LOOP('',(#793,#794,#795,#796));
#3727=EDGE_LOOP('',(#797,#798,#799,#800));
#3728=EDGE_LOOP('',(#801,#802,#803,#804));
#3729=EDGE_LOOP('',(#805,#806,#807,#808));
#3730=EDGE_LOOP('',(#809,#810,#811,#812));
#3731=EDGE_LOOP('',(#813,#814,#815,#816));
#3732=EDGE_LOOP('',(#817,#818,#819,#820));
#3733=EDGE_LOOP('',(#821,#822,#823,#824));
#3734=EDGE_LOOP('',(#825,#826,#827,#828));
#3735=EDGE_LOOP('',(#829,#830,#831,#832));
#3736=EDGE_LOOP('',(#833,#834,#835,#836));
#3737=EDGE_LOOP('',(#837,#838,#839,#840));
#3738=EDGE_LOOP('',(#841,#842,#843,#844));
#3739=EDGE_LOOP('',(#845,#846,#847,#848));
#3740=EDGE_LOOP('',(#849,#850,#851,#852));
#3741=EDGE_LOOP('',(#853,#854,#855,#856));
#3742=EDGE_LOOP('',(#857,#858,#859,#860));
#3743=EDGE_LOOP('',(#861,#862,#863,#864));
#3744=EDGE_LOOP('',(#865,#866,#867,#868));
#3745=EDGE_LOOP('',(#869,#870,#871,#872));
#3746=EDGE_LOOP('',(#873,#874,#875,#876));
#3747=EDGE_LOOP('',(#877,#878,#879,#880));
#3748=EDGE_LOOP('',(#881,#882,#883,#884));
#3749=EDGE_LOOP('',(#885,#886,#887,#888));
#3750=EDGE_LOOP('',(#889,#890,#891,#892));
#3751=EDGE_LOOP('',(#893,#894,#895,#896));
#3752=EDGE_LOOP('',(#897,#898,#899,#900));
#3753=EDGE_LOOP('',(#901,#902,#903,#904));
#3754=EDGE_LOOP('',(#905,#906,#907,#908));
#3755=EDGE_LOOP('',(#909,#910,#911,#912));
#3756=EDGE_LOOP('',(#913,#914,#915,#916));
#3757=EDGE_LOOP('',(#917,#918,#919,#920));
#3758=EDGE_LOOP('',(#921,#922,#923,#924));
#3759=EDGE_LOOP('',(#925,#926,#927,#928));
#3760=EDGE_LOOP('',(#929,#930,#931,#932));
#3761=EDGE_LOOP('',(#933,#934,#935,#936));
#3762=EDGE_LOOP('',(#937,#938,#939,#940));
#3763=EDGE_LOOP('',(#941,#942,#943,#944));
#3764=EDGE_LOOP('',(#945,#946,#947,#948));
#3765=EDGE_LOOP('',(#949,#950,#951,#952));
#3766=EDGE_LOOP('',(#953,#954,#955,#956));
#3767=EDGE_LOOP('',(#957,#958,#959,#960));
#3768=EDGE_LOOP('',(#961,#962,#963,#964));
#3769=EDGE_LOOP('',(#965,#966,#967,#968));
#3770=EDGE_LOOP('',(#969,#970,#971,#972));
#3771=EDGE_LOOP('',(#973,#974,#975,#976));
#3772=EDGE_LOOP('',(#977,#978,#979,#980));
#3773=EDGE_LOOP('',(#981,#982,#983,#984));
#3774=EDGE_LOOP('',(#985,#986,#987,#988));
#3775=EDGE_LOOP('',(#989,#990,#991,#992));
#3776=EDGE_LOOP('',(#993,#994,#995,#996));
#3777=EDGE_LOOP('',(#997,#998,#999,#1000));
#3778=EDGE_LOOP('',(#1001,#1002,#1003,#1004));
#3779=EDGE_LOOP('',(#1005,#1006,#1007,#1008));
#3780=EDGE_LOOP('',(#1009,#1010,#1011,#1012));
#3781=EDGE_LOOP('',(#1013,#1014,#1015,#1016));
#3782=EDGE_LOOP('',(#1017,#1018,#1019,#1020));
#3783=EDGE_LOOP('',(#1021,#1022,#1023,#1024));
#3784=EDGE_LOOP('',(#1025,#1026,#1027,#1028));
#3785=EDGE_LOOP('',(#1029,#1030,#1031,#1032));
#3786=EDGE_LOOP('',(#1033,#1034,#1035,#1036));
#3787=EDGE_LOOP('',(#1037,#1038,#1039,#1040));
#3788=EDGE_LOOP('',(#1041,#1042,#1043,#1044));
#3789=EDGE_LOOP('',(#1045,#1046,#1047,#1048));
#3790=EDGE_LOOP('',(#1049,#1050,#1051,#1052));
#3791=EDGE_LOOP('',(#1053,#1054,#1055,#1056));
#3792=EDGE_LOOP('',(#1057,#1058,#1059,#1060));
#3793=EDGE_LOOP('',(#1061,#1062,#1063,#1064));
#3794=EDGE_LOOP('',(#1065,#1066,#1067,#1068));
#3795=EDGE_LOOP('',(#1069,#1070,#1071,#1072));
#3796=EDGE_LOOP('',(#1073,#1074,#1075,#1076));
#3797=EDGE_LOOP('',(#1077,#1078,#1079,#1080));
#3798=EDGE_LOOP('',(#1081,#1082,#1083,#1084));
#3799=EDGE_LOOP('',(#1085,#1086,#1087,#1088));
#3800=EDGE_LOOP('',(#1089,#1090,#1091,#1092));
#3801=EDGE_LOOP('',(#1093,#1094,#1095,#1096));
#3802=EDGE_LOOP('',(#1097,#1098,#1099,#1100));
#3803=EDGE_LOOP('',(#1101,#1102,#1103,#1104));
#3804=EDGE_LOOP('',(#1105,#1106,#1107,#1108));
#3805=EDGE_LOOP('',(#1109,#1110,#1111,#1112));
#3806=EDGE_LOOP('',(#1113,#1114,#1115,#1116));
#3807=EDGE_LOOP('',(#1117,#1118,#1119,#1120));
#3808=EDGE_LOOP('',(#1121,#1122,#1123,#1124));
#3809=EDGE_LOOP('',(#1125,#1126,#1127,#1128));
#3810=EDGE_LOOP('',(#1129,#1130,#1131,#1132));
#3811=EDGE_LOOP('',(#1133,#1134,#1135,#1136));
#3812=EDGE_LOOP('',(#1137,#1138,#1139,#1140));
#3813=EDGE_LOOP('',(#1141,#1142,#1143,#1144));
#3814=EDGE_LOOP('',(#1145,#1146,#1147,#1148));
#3815=EDGE_LOOP('',(#1149,#1150,#1151,#1152));
#3816=EDGE_LOOP('',(#1153,#1154,#1155,#1156));
#3817=EDGE_LOOP('',(#1157,#1158,#1159,#1160));
#3818=EDGE_LOOP('',(#1161,#1162,#1163,#1164));
#3819=EDGE_LOOP('',(#1165,#1166,#1167,#1168));
#3820=EDGE_LOOP('',(#1169,#1170,#1171,#1172));
#3821=EDGE_LOOP('',(#1173,#1174,#1175,#1176));
#3822=EDGE_LOOP('',(#1177,#1178,#1179,#1180));
#3823=EDGE_LOOP('',(#1181,#1182,#1183,#1184));
#3824=EDGE_LOOP('',(#1185,#1186,#1187,#1188));
#3825=EDGE_LOOP('',(#1189,#1190,#1191,#1192));
#3826=EDGE_LOOP('',(#1193,#1194,#1195,#1196));
#3827=EDGE_LOOP('',(#1197,#1198,#1199,#1200));
#3828=EDGE_LOOP('',(#1201,#1202,#1203,#1204));
#3829=EDGE_LOOP('',(#1205,#1206,#1207,#1208));
#3830=EDGE_LOOP('',(#1209,#1210,#1211,#1212));
#3831=EDGE_LOOP('',(#1213,#1214,#1215,#1216));
#3832=EDGE_LOOP('',(#1217,#1218,#1219,#1220));
#3833=EDGE_LOOP('',(#1221,#1222,#1223,#1224));
#3834=EDGE_LOOP('',(#1225,#1226,#1227,#1228));
#3835=EDGE_LOOP('',(#1229,#1230,#1231,#1232));
#3836=EDGE_LOOP('',(#1233,#1234,#1235,#1236));
#3837=EDGE_LOOP('',(#1237,#1238,#1239,#1240));
#3838=EDGE_LOOP('',(#1241,#1242,#1243,#1244));
#3839=EDGE_LOOP('',(#1245,#1246,#1247,#1248));
#3840=EDGE_LOOP('',(#1249,#1250,#1251,#1252));
#3841=EDGE_LOOP('',(#1253,#1254,#1255,#1256));
#3842=EDGE_LOOP('',(#1257,#1258,#1259,#1260));
#3843=EDGE_LOOP('',(#1261,#1262,#1263,#1264));
#3844=EDGE_LOOP('',(#1265,#1266,#1267,#1268));
#3845=EDGE_LOOP('',(#1269,#1270,#1271,#1272));
#3846=EDGE_LOOP('',(#1273));
#3847=EDGE_LOOP('',(#1274));
#3848=EDGE_LOOP('',(#1275));
#3849=EDGE_LOOP('',(#1276));
#3850=EDGE_LOOP('',(#1277));
#3851=EDGE_LOOP('',(#1278));
#3852=EDGE_LOOP('',(#1279));
#3853=EDGE_LOOP('',(#1280));
#3854=EDGE_LOOP('',(#1281));
#3855=EDGE_LOOP('',(#1282));
#3856=EDGE_LOOP('',(#1283));
#3857=EDGE_LOOP('',(#1284,#1285,#1286,#1287,#1288,#1289,#1290,#1291,#1292,#1293,#1294,#1295,#1296,#1297,#1298,#1299,#1300,#1301,#1302,#1303,#1304,#1305,#1306,#1307,#1308,#1309,#1310,#1311,#1312,#1313,#1314,#1315,#1316,#1317,#1318,#1319,#1320,#1321,#1322,#1323,#1324,#1325,#1326,#1327,#1328,#1329,#1330,#1331,#1332,#1333,#1334,#1335,#1336,#1337,#1338,#1339,#1340,#1341,#1342,#1343,#1344,#1345,#1346,#1347,#1348,#1349,#1350,#1351,#1352,#1353,#1354,#1355,#1356,#1357,#1358,#1359,#1360,#1361,#1362,#1363,#1364,#1365,#1366,#1367,#1368,#1369,#1370,#1371,#1372,#1373,#1374,#1375,#1376,#1377,#1378,#1379,#1380,#1381,#1382,#1383,#1384,#1385,#1386,#1387,#1388,#1389,#1390,#1391,#1392,#1393,#1394,#1395,#1396,#1397,#1398,#1399,#1400,#1401,#1402,#1403,#1404,#1405,#1406,#1407,#1408,#1409,#1410,#1411,#1412,#1413,#1414,#1415,#1416,#1417,#1418,#1419,#1420,#1421,#1422,#1423,#1424,#1425,#1426,#1427,#1428,#1429,#1430,#1431,#1432,#1433,#1434,#1435,#1436,#1437,#1438,#1439,#1440,#1441,#1442,#1443,#1444,#1445,#1446,#1447,#1448,#1449,#1450,#1451,#1452,#1453,#1454,#1455,#1456,#1457,#1458,#1459,#1460,#1461,#1462,#1463,#1464,#1465,#1466,#1467,#1468,#1469,#1470,#1471,#1472,#1473,#1474,#1475,#1476,#1477,#1478,#1479,#1480,#1481,#1482,#1483,#1484,#1485,#1486,#1487,#1488,#1489,#1490,#1491,#1492,#1493,#1494,#1495,#1496,#1497,#1498,#1499));
#3858=EDGE_LOOP('',(#1500,#1501,#1502,#1503));
#3859=EDGE_LOOP('',(#1504));
#3860=EDGE_LOOP('',(#1505,#1506,#1507,#1508,#1509,#1510,#1511,#1512,#1513,#1514,#1515,#1516,#1517,#1518,#1519,#1520,#1521,#1522,#1523,#1524,#1525,#1526,#1527,#1528,#1529,#1530,#1531,#1532,#1533,#1534,#1535,#1536,#1537,#1538,#1539,#1540,#1541,#1542,#1543,#1544,#1545,#1546,#1547,#1548,#1549,#1550,#1551,#1552,#1553,#1554,#1555,#1556,#1557,#1558,#1559,#1560,#1561,#1562,#1563,#1564,#1565,#1566,#1567,#1568,#1569,#1570,#1571,#1572,#1573,#1574,#1575,#1576,#1577,#1578,#1579,#1580,#1581,#1582,#1583,#1584,#1585,#1586,#1587,#1588,#1589,#1590,#1591,#1592,#1593,#1594,#1595,#1596,#1597,#1598,#1599,#1600,#1601,#1602,#1603,#1604,#1605,#1606,#1607,#1608,#1609,#1610,#1611,#1612,#1613,#1614,#1615,#1616,#1617,#1618,#1619,#1620,#1621,#1622,#1623,#1624,#1625,#1626,#1627,#1628,#1629,#1630,#1631,#1632,#1633,#1634,#1635,#1636,#1637,#1638,#1639,#1640,#1641,#1642,#1643,#1644,#1645,#1646,#1647,#1648,#1649,#1650,#1651,#1652,#1653,#1654,#1655,#1656,#1657,#1658,#1659,#1660,#1661,#1662,#1663,#1664,#1665,#1666,#1667,#1668,#1669,#1670,#1671,#1672,#1673,#1674,#1675,#1676,#1677,#1678,#1679,#1680,#1681,#1682,#1683,#1684,#1685,#1686,#1687,#1688,#1689,#1690,#1691,#1692,#1693,#1694,#1695,#1696,#1697,#1698,#1699,#1700,#1701,#1702,#1703,#1704,#1705,#1706,#1707,#1708,#1709,#1710,#1711,#1712,#1713,#1714,#1715,#1716,#1717,#1718,#1719,#1720));
#3861=EDGE_LOOP('',(#1721,#1722,#1723,#1724));
#3862=EDGE_LOOP('',(#1725,#1726,#1727,#1728));
#3863=EDGE_LOOP('',(#1729,#1730,#1731,#1732));
#3864=EDGE_LOOP('',(#1733,#1734,#1735,#1736));
#3865=EDGE_LOOP('',(#1737,#1738,#1739,#1740));
#3866=EDGE_LOOP('',(#1741,#1742,#1743,#1744));
#3867=EDGE_LOOP('',(#1745,#1746,#1747,#1748));
#3868=EDGE_LOOP('',(#1749,#1750,#1751,#1752));
#3869=EDGE_LOOP('',(#1753,#1754,#1755,#1756));
#3870=EDGE_LOOP('',(#1757,#1758,#1759,#1760));
#3871=EDGE_LOOP('',(#1761,#1762,#1763,#1764));
#3872=EDGE_LOOP('',(#1765,#1766,#1767,#1768));
#3873=EDGE_LOOP('',(#1769,#1770,#1771,#1772));
#3874=EDGE_LOOP('',(#1773,#1774,#1775,#1776));
#3875=EDGE_LOOP('',(#1777,#1778,#1779,#1780));
#3876=EDGE_LOOP('',(#1781,#1782,#1783,#1784));
#3877=EDGE_LOOP('',(#1785,#1786,#1787,#1788));
#3878=EDGE_LOOP('',(#1789,#1790,#1791,#1792));
#3879=EDGE_LOOP('',(#1793,#1794,#1795,#1796));
#3880=EDGE_LOOP('',(#1797,#1798,#1799,#1800));
#3881=EDGE_LOOP('',(#1801,#1802,#1803,#1804));
#3882=EDGE_LOOP('',(#1805,#1806,#1807,#1808));
#3883=EDGE_LOOP('',(#1809,#1810,#1811,#1812));
#3884=EDGE_LOOP('',(#1813,#1814,#1815,#1816));
#3885=EDGE_LOOP('',(#1817,#1818,#1819,#1820));
#3886=EDGE_LOOP('',(#1821,#1822,#1823,#1824));
#3887=EDGE_LOOP('',(#1825,#1826,#1827,#1828));
#3888=EDGE_LOOP('',(#1829,#1830,#1831,#1832));
#3889=EDGE_LOOP('',(#1833,#1834,#1835,#1836));
#3890=EDGE_LOOP('',(#1837,#1838,#1839,#1840));
#3891=EDGE_LOOP('',(#1841,#1842,#1843,#1844));
#3892=EDGE_LOOP('',(#1845,#1846,#1847,#1848));
#3893=EDGE_LOOP('',(#1849,#1850,#1851,#1852));
#3894=EDGE_LOOP('',(#1853,#1854,#1855,#1856));
#3895=EDGE_LOOP('',(#1857,#1858,#1859,#1860));
#3896=EDGE_LOOP('',(#1861));
#3897=EDGE_LOOP('',(#1862));
#3898=EDGE_LOOP('',(#1863));
#3899=EDGE_LOOP('',(#1864));
#3900=EDGE_LOOP('',(#1865));
#3901=EDGE_LOOP('',(#1866));
#3902=EDGE_LOOP('',(#1867));
#3903=EDGE_LOOP('',(#1868));
#3904=EDGE_LOOP('',(#1869,#1870,#1871,#1872));
#3905=EDGE_LOOP('',(#1873,#1874,#1875,#1876));
#3906=EDGE_LOOP('',(#1877,#1878,#1879,#1880));
#3907=EDGE_LOOP('',(#1881,#1882,#1883,#1884));
#3908=EDGE_LOOP('',(#1885,#1886,#1887,#1888));
#3909=EDGE_LOOP('',(#1889,#1890,#1891,#1892));
#3910=EDGE_LOOP('',(#1893,#1894,#1895,#1896));
#3911=EDGE_LOOP('',(#1897,#1898,#1899,#1900));
#3912=EDGE_LOOP('',(#1901,#1902,#1903,#1904));
#3913=EDGE_LOOP('',(#1905,#1906,#1907,#1908));
#3914=EDGE_LOOP('',(#1909,#1910,#1911,#1912));
#3915=EDGE_LOOP('',(#1913,#1914,#1915,#1916));
#3916=EDGE_LOOP('',(#1917,#1918,#1919,#1920));
#3917=EDGE_LOOP('',(#1921,#1922,#1923,#1924));
#3918=EDGE_LOOP('',(#1925,#1926,#1927,#1928));
#3919=EDGE_LOOP('',(#1929,#1930,#1931,#1932));
#3920=EDGE_LOOP('',(#1933,#1934,#1935,#1936));
#3921=EDGE_LOOP('',(#1937,#1938,#1939,#1940));
#3922=EDGE_LOOP('',(#1941,#1942,#1943,#1944));
#3923=EDGE_LOOP('',(#1945,#1946,#1947,#1948));
#3924=EDGE_LOOP('',(#1949,#1950,#1951,#1952));
#3925=EDGE_LOOP('',(#1953,#1954,#1955,#1956));
#3926=EDGE_LOOP('',(#1957,#1958,#1959,#1960));
#3927=EDGE_LOOP('',(#1961,#1962,#1963,#1964));
#3928=EDGE_LOOP('',(#1965,#1966,#1967,#1968));
#3929=EDGE_LOOP('',(#1969,#1970,#1971,#1972));
#3930=EDGE_LOOP('',(#1973,#1974,#1975,#1976));
#3931=EDGE_LOOP('',(#1977,#1978,#1979,#1980));
#3932=EDGE_LOOP('',(#1981,#1982,#1983,#1984));
#3933=EDGE_LOOP('',(#1985,#1986,#1987,#1988));
#3934=EDGE_LOOP('',(#1989,#1990,#1991,#1992));
#3935=EDGE_LOOP('',(#1993,#1994,#1995,#1996));
#3936=EDGE_LOOP('',(#1997,#1998,#1999,#2000));
#3937=EDGE_LOOP('',(#2001,#2002,#2003,#2004));
#3938=EDGE_LOOP('',(#2005,#2006,#2007,#2008));
#3939=EDGE_LOOP('',(#2009));
#3940=EDGE_LOOP('',(#2010));
#3941=EDGE_LOOP('',(#2011));
#3942=EDGE_LOOP('',(#2012));
#3943=EDGE_LOOP('',(#2013));
#3944=EDGE_LOOP('',(#2014));
#3945=EDGE_LOOP('',(#2015));
#3946=EDGE_LOOP('',(#2016));
#3947=EDGE_LOOP('',(#2017));
#3948=EDGE_LOOP('',(#2018));
#3949=EDGE_LOOP('',(#2019));
#3950=EDGE_LOOP('',(#2020));
#3951=EDGE_LOOP('',(#2021));
#3952=EDGE_LOOP('',(#2022));
#3953=EDGE_LOOP('',(#2023));
#3954=EDGE_LOOP('',(#2024));
#3955=EDGE_LOOP('',(#2025));
#3956=EDGE_LOOP('',(#2026));
#3957=EDGE_LOOP('',(#2027));
#3958=EDGE_LOOP('',(#2028));
#3959=EDGE_LOOP('',(#2029));
#3960=EDGE_LOOP('',(#2030));
#3961=EDGE_LOOP('',(#2031));
#3962=EDGE_LOOP('',(#2032));
#3963=EDGE_LOOP('',(#2033));
#3964=EDGE_LOOP('',(#2034));
#3965=EDGE_LOOP('',(#2035));
#3966=EDGE_LOOP('',(#2036));
#3967=EDGE_LOOP('',(#2037));
#3968=EDGE_LOOP('',(#2038));
#3969=EDGE_LOOP('',(#2039));
#3970=EDGE_LOOP('',(#2040));
#3971=EDGE_LOOP('',(#2041));
#3972=EDGE_LOOP('',(#2042));
#3973=EDGE_LOOP('',(#2043));
#3974=EDGE_LOOP('',(#2044));
#3975=EDGE_LOOP('',(#2045));
#3976=EDGE_LOOP('',(#2046));
#3977=EDGE_LOOP('',(#2047));
#3978=EDGE_LOOP('',(#2048));
#3979=EDGE_LOOP('',(#2049));
#3980=EDGE_LOOP('',(#2050));
#3981=EDGE_LOOP('',(#2051));
#3982=EDGE_LOOP('',(#2052));
#3983=EDGE_LOOP('',(#2053));
#3984=EDGE_LOOP('',(#2054));
#3985=EDGE_LOOP('',(#2055));
#3986=EDGE_LOOP('',(#2056));
#3987=FACE_BOUND('',#3689,.T.);
#3988=FACE_BOUND('',#3690,.T.);
#3989=FACE_BOUND('',#3691,.T.);
#3990=FACE_BOUND('',#3692,.T.);
#3991=FACE_BOUND('',#3693,.T.);
#3992=FACE_BOUND('',#3694,.T.);
#3993=FACE_BOUND('',#3695,.T.);
#3994=FACE_BOUND('',#3696,.T.);
#3995=FACE_BOUND('',#3697,.T.);
#3996=FACE_BOUND('',#3698,.T.);
#3997=FACE_BOUND('',#3699,.T.);
#3998=FACE_BOUND('',#3700,.T.);
#3999=FACE_BOUND('',#3701,.T.);
#4000=FACE_BOUND('',#3702,.T.);
#4001=FACE_BOUND('',#3703,.T.);
#4002=FACE_BOUND('',#3704,.T.);
#4003=FACE_BOUND('',#3705,.T.);
#4004=FACE_BOUND('',#3706,.T.);
#4005=FACE_BOUND('',#3707,.T.);
#4006=FACE_BOUND('',#3708,.T.);
#4007=FACE_BOUND('',#3709,.T.);
#4008=FACE_BOUND('',#3710,.T.);
#4009=FACE_BOUND('',#3711,.T.);
#4010=FACE_BOUND('',#3712,.T.);
#4011=FACE_BOUND('',#3713,.T.);
#4012=FACE_BOUND('',#3714,.T.);
#4013=FACE_BOUND('',#3715,.T.);
#4014=FACE_BOUND('',#3716,.T.);
#4015=FACE_BOUND('',#3717,.T.);
#4016=FACE_BOUND('',#3718,.T.);
#4017=FACE_BOUND('',#3719,.T.);
#4018=FACE_BOUND('',#3720,.T.);
#4019=FACE_BOUND('',#3721,.T.);
#4020=FACE_BOUND('',#3722,.T.);
#4021=FACE_BOUND('',#3723,.T.);
#4022=FACE_BOUND('',#3724,.T.);
#4023=FACE_BOUND('',#3725,.T.);
#4024=FACE_BOUND('',#3726,.T.);
#4025=FACE_BOUND('',#3727,.T.);
#4026=FACE_BOUND('',#3728,.T.);
#4027=FACE_BOUND('',#3729,.T.);
#4028=FACE_BOUND('',#3730,.T.);
#4029=FACE_BOUND('',#3731,.T.);
#4030=FACE_BOUND('',#3732,.T.);
#4031=FACE_BOUND('',#3733,.T.);
#4032=FACE_BOUND('',#3734,.T.);
#4033=FACE_BOUND('',#3735,.T.);
#4034=FACE_BOUND('',#3736,.T.);
#4035=FACE_BOUND('',#3737,.T.);
#4036=FACE_BOUND('',#3738,.T.);
#4037=FACE_BOUND('',#3739,.T.);
#4038=FACE_BOUND('',#3740,.T.);
#4039=FACE_BOUND('',#3741,.T.);
#4040=FACE_BOUND('',#3742,.T.);
#4041=FACE_BOUND('',#3743,.T.);
#4042=FACE_BOUND('',#3744,.T.);
#4043=FACE_BOUND('',#3745,.T.);
#4044=FACE_BOUND('',#3746,.T.);
#4045=FACE_BOUND('',#3747,.T.);
#4046=FACE_BOUND('',#3748,.T.);
#4047=FACE_BOUND('',#3749,.T.);
#4048=FACE_BOUND('',#3750,.T.);
#4049=FACE_BOUND('',#3751,.T.);
#4050=FACE_BOUND('',#3752,.T.);
#4051=FACE_BOUND('',#3753,.T.);
#4052=FACE_BOUND('',#3754,.T.);
#4053=FACE_BOUND('',#3755,.T.);
#4054=FACE_BOUND('',#3756,.T.);
#4055=FACE_BOUND('',#3757,.T.);
#4056=FACE_BOUND('',#3758,.T.);
#4057=FACE_BOUND('',#3759,.T.);
#4058=FACE_BOUND('',#3760,.T.);
#4059=FACE_BOUND('',#3761,.T.);
#4060=FACE_BOUND('',#3762,.T.);
#4061=FACE_BOUND('',#3763,.T.);
#4062=FACE_BOUND('',#3764,.T.);
#4063=FACE_BOUND('',#3765,.T.);
#4064=FACE_BOUND('',#3766,.T.);
#4065=FACE_BOUND('',#3767,.T.);
#4066=FACE_BOUND('',#3768,.T.);
#4067=FACE_BOUND('',#3769,.T.);
#4068=FACE_BOUND('',#3770,.T.);
#4069=FACE_BOUND('',#3771,.T.);
#4070=FACE_BOUND('',#3772,.T.);
#4071=FACE_BOUND('',#3773,.T.);
#4072=FACE_BOUND('',#3774,.T.);
#4073=FACE_BOUND('',#3775,.T.);
#4074=FACE_BOUND('',#3776,.T.);
#4075=FACE_BOUND('',#3777,.T.);
#4076=FACE_BOUND('',#3778,.T.);
#4077=FACE_BOUND('',#3779,.T.);
#4078=FACE_BOUND('',#3780,.T.);
#4079=FACE_BOUND('',#3781,.T.);
#4080=FACE_BOUND('',#3782,.T.);
#4081=FACE_BOUND('',#3783,.T.);
#4082=FACE_BOUND('',#3784,.T.);
#4083=FACE_BOUND('',#3785,.T.);
#4084=FACE_BOUND('',#3786,.T.);
#4085=FACE_BOUND('',#3787,.T.);
#4086=FACE_BOUND('',#3788,.T.);
#4087=FACE_BOUND('',#3789,.T.);
#4088=FACE_BOUND('',#3790,.T.);
#4089=FACE_BOUND('',#3791,.T.);
#4090=FACE_BOUND('',#3792,.T.);
#4091=FACE_BOUND('',#3793,.T.);
#4092=FACE_BOUND('',#3794,.T.);
#4093=FACE_BOUND('',#3795,.T.);
#4094=FACE_BOUND('',#3796,.T.);
#4095=FACE_BOUND('',#3797,.T.);
#4096=FACE_BOUND('',#3798,.T.);
#4097=FACE_BOUND('',#3799,.T.);
#4098=FACE_BOUND('',#3800,.T.);
#4099=FACE_BOUND('',#3801,.T.);
#4100=FACE_BOUND('',#3802,.T.);
#4101=FACE_BOUND('',#3803,.T.);
#4102=FACE_BOUND('',#3804,.T.);
#4103=FACE_BOUND('',#3805,.T.);
#4104=FACE_BOUND('',#3806,.T.);
#4105=FACE_BOUND('',#3807,.T.);
#4106=FACE_BOUND('',#3808,.T.);
#4107=FACE_BOUND('',#3809,.T.);
#4108=FACE_BOUND('',#3810,.T.);
#4109=FACE_BOUND('',#3811,.T.);
#4110=FACE_BOUND('',#3812,.T.);
#4111=FACE_BOUND('',#3813,.T.);
#4112=FACE_BOUND('',#3814,.T.);
#4113=FACE_BOUND('',#3815,.T.);
#4114=FACE_BOUND('',#3816,.T.);
#4115=FACE_BOUND('',#3817,.T.);
#4116=FACE_BOUND('',#3818,.T.);
#4117=FACE_BOUND('',#3819,.T.);
#4118=FACE_BOUND('',#3820,.T.);
#4119=FACE_BOUND('',#3821,.T.);
#4120=FACE_BOUND('',#3822,.T.);
#4121=FACE_BOUND('',#3823,.T.);
#4122=FACE_BOUND('',#3824,.T.);
#4123=FACE_BOUND('',#3825,.T.);
#4124=FACE_BOUND('',#3826,.T.);
#4125=FACE_BOUND('',#3827,.T.);
#4126=FACE_BOUND('',#3828,.T.);
#4127=FACE_BOUND('',#3829,.T.);
#4128=FACE_BOUND('',#3830,.T.);
#4129=FACE_BOUND('',#3831,.T.);
#4130=FACE_BOUND('',#3832,.T.);
#4131=FACE_BOUND('',#3833,.T.);
#4132=FACE_BOUND('',#3834,.T.);
#4133=FACE_BOUND('',#3835,.T.);
#4134=FACE_BOUND('',#3836,.T.);
#4135=FACE_BOUND('',#3837,.T.);
#4136=FACE_BOUND('',#3838,.T.);
#4137=FACE_BOUND('',#3839,.T.);
#4138=FACE_BOUND('',#3840,.T.);
#4139=FACE_BOUND('',#3841,.T.);
#4140=FACE_BOUND('',#3842,.T.);
#4141=FACE_BOUND('',#3843,.T.);
#4142=FACE_BOUND('',#3844,.T.);
#4143=FACE_BOUND('',#3845,.T.);
#4144=FACE_BOUND('',#3846,.T.);
#4145=FACE_BOUND('',#3847,.T.);
#4146=FACE_BOUND('',#3848,.T.);
#4147=FACE_BOUND('',#3849,.T.);
#4148=FACE_BOUND('',#3850,.T.);
#4149=FACE_BOUND('',#3851,.T.);
#4150=FACE_BOUND('',#3852,.T.);
#4151=FACE_BOUND('',#3853,.T.);
#4152=FACE_BOUND('',#3854,.T.);
#4153=FACE_BOUND('',#3855,.T.);
#4154=FACE_BOUND('',#3856,.T.);
#4155=FACE_BOUND('',#3857,.T.);
#4156=FACE_BOUND('',#3858,.T.);
#4157=FACE_BOUND('',#3859,.T.);
#4158=FACE_BOUND('',#3860,.T.);
#4159=FACE_BOUND('',#3861,.T.);
#4160=FACE_BOUND('',#3862,.T.);
#4161=FACE_BOUND('',#3863,.T.);
#4162=FACE_BOUND('',#3864,.T.);
#4163=FACE_BOUND('',#3865,.T.);
#4164=FACE_BOUND('',#3866,.T.);
#4165=FACE_BOUND('',#3867,.T.);
#4166=FACE_BOUND('',#3868,.T.);
#4167=FACE_BOUND('',#3869,.T.);
#4168=FACE_BOUND('',#3870,.T.);
#4169=FACE_BOUND('',#3871,.T.);
#4170=FACE_BOUND('',#3872,.T.);
#4171=FACE_BOUND('',#3873,.T.);
#4172=FACE_BOUND('',#3874,.T.);
#4173=FACE_BOUND('',#3875,.T.);
#4174=FACE_BOUND('',#3876,.T.);
#4175=FACE_BOUND('',#3877,.T.);
#4176=FACE_BOUND('',#3878,.T.);
#4177=FACE_BOUND('',#3879,.T.);
#4178=FACE_BOUND('',#3880,.T.);
#4179=FACE_BOUND('',#3881,.T.);
#4180=FACE_BOUND('',#3882,.T.);
#4181=FACE_BOUND('',#3883,.T.);
#4182=FACE_BOUND('',#3884,.T.);
#4183=FACE_BOUND('',#3885,.T.);
#4184=FACE_BOUND('',#3886,.T.);
#4185=FACE_BOUND('',#3887,.T.);
#4186=FACE_BOUND('',#3888,.T.);
#4187=FACE_BOUND('',#3889,.T.);
#4188=FACE_BOUND('',#3890,.T.);
#4189=FACE_BOUND('',#3891,.T.);
#4190=FACE_BOUND('',#3892,.T.);
#4191=FACE_BOUND('',#3893,.T.);
#4192=FACE_BOUND('',#3894,.T.);
#4193=FACE_BOUND('',#3895,.T.);
#4194=FACE_BOUND('',#3896,.T.);
#4195=FACE_BOUND('',#3897,.T.);
#4196=FACE_BOUND('',#3898,.T.);
#4197=FACE_BOUND('',#3899,.T.);
#4198=FACE_BOUND('',#3900,.T.);
#4199=FACE_BOUND('',#3901,.T.);
#4200=FACE_BOUND('',#3902,.T.);
#4201=FACE_BOUND('',#3903,.T.);
#4202=FACE_BOUND('',#3904,.T.);
#4203=FACE_BOUND('',#3905,.T.);
#4204=FACE_BOUND('',#3906,.T.);
#4205=FACE_BOUND('',#3907,.T.);
#4206=FACE_BOUND('',#3908,.T.);
#4207=FACE_BOUND('',#3909,.T.);
#4208=FACE_BOUND('',#3910,.T.);
#4209=FACE_BOUND('',#3911,.T.);
#4210=FACE_BOUND('',#3912,.T.);
#4211=FACE_BOUND('',#3913,.T.);
#4212=FACE_BOUND('',#3914,.T.);
#4213=FACE_BOUND('',#3915,.T.);
#4214=FACE_BOUND('',#3916,.T.);
#4215=FACE_BOUND('',#3917,.T.);
#4216=FACE_BOUND('',#3918,.T.);
#4217=FACE_BOUND('',#3919,.T.);
#4218=FACE_BOUND('',#3920,.T.);
#4219=FACE_BOUND('',#3921,.T.);
#4220=FACE_BOUND('',#3922,.T.);
#4221=FACE_BOUND('',#3923,.T.);
#4222=FACE_BOUND('',#3924,.T.);
#4223=FACE_BOUND('',#3925,.T.);
#4224=FACE_BOUND('',#3926,.T.);
#4225=FACE_BOUND('',#3927,.T.);
#4226=FACE_BOUND('',#3928,.T.);
#4227=FACE_BOUND('',#3929,.T.);
#4228=FACE_BOUND('',#3930,.T.);
#4229=FACE_BOUND('',#3931,.T.);
#4230=FACE_BOUND('',#3932,.T.);
#4231=FACE_BOUND('',#3933,.T.);
#4232=FACE_BOUND('',#3934,.T.);
#4233=FACE_BOUND('',#3935,.T.);
#4234=FACE_BOUND('',#3936,.T.);
#4235=FACE_BOUND('',#3937,.T.);
#4236=FACE_BOUND('',#3938,.T.);
#4237=FACE_BOUND('',#3939,.T.);
#4238=FACE_BOUND('',#3940,.T.);
#4239=FACE_BOUND('',#3941,.T.);
#4240=FACE_BOUND('',#3942,.T.);
#4241=FACE_BOUND('',#3943,.T.);
#4242=FACE_BOUND('',#3944,.T.);
#4243=FACE_BOUND('',#3945,.T.);
#4244=FACE_BOUND('',#3946,.T.);
#4245=FACE_BOUND('',#3947,.T.);
#4246=FACE_BOUND('',#3948,.T.);
#4247=FACE_BOUND('',#3949,.T.);
#4248=FACE_BOUND('',#3950,.T.);
#4249=FACE_BOUND('',#3951,.T.);
#4250=FACE_BOUND('',#3952,.T.);
#4251=FACE_BOUND('',#3953,.T.);
#4252=FACE_BOUND('',#3954,.T.);
#4253=FACE_BOUND('',#3955,.T.);
#4254=FACE_BOUND('',#3956,.T.);
#4255=FACE_BOUND('',#3957,.T.);
#4256=FACE_BOUND('',#3958,.T.);
#4257=FACE_BOUND('',#3959,.T.);
#4258=FACE_BOUND('',#3960,.T.);
#4259=FACE_BOUND('',#3961,.T.);
#4260=FACE_BOUND('',#3962,.T.);
#4261=FACE_BOUND('',#3963,.T.);
#4262=FACE_BOUND('',#3964,.T.);
#4263=FACE_BOUND('',#3965,.T.);
#4264=FACE_BOUND('',#3966,.T.);
#4265=FACE_BOUND('',#3967,.T.);
#4266=FACE_BOUND('',#3968,.T.);
#4267=FACE_BOUND('',#3969,.T.);
#4268=FACE_BOUND('',#3970,.T.);
#4269=FACE_BOUND('',#3971,.T.);
#4270=FACE_BOUND('',#3972,.T.);
#4271=FACE_BOUND('',#3973,.T.);
#4272=FACE_BOUND('',#3974,.T.);
#4273=FACE_BOUND('',#3975,.T.);
#4274=FACE_BOUND('',#3976,.T.);
#4275=FACE_BOUND('',#3977,.T.);
#4276=FACE_BOUND('',#3978,.T.);
#4277=FACE_BOUND('',#3979,.T.);
#4278=FACE_BOUND('',#3980,.T.);
#4279=FACE_BOUND('',#3981,.T.);
#4280=FACE_BOUND('',#3982,.T.);
#4281=FACE_BOUND('',#3983,.T.);
#4282=FACE_BOUND('',#3984,.T.);
#4283=FACE_BOUND('',#3985,.T.);
#4284=FACE_BOUND('',#3986,.T.);
#4285=PLANE('',#4559);
#4286=PLANE('',#5007);
#4287=PLANE('',#5017);
#4288=PLANE('',#5092);
#4289=PLANE('',#5242);
#4290=PLANE('',#5247);
#4291=PLANE('',#5252);
#4292=PLANE('',#5257);
#4293=PLANE('',#5262);
#4294=PLANE('',#5267);
#4295=PLANE('',#5272);
#4296=PLANE('',#5277);
#4297=ADVANCED_FACE('',(#3987,#3988,#3989,#3990,#3991,#3992,#3993,#3994,#3995,#3996),#4285,.F.);
#4298=ADVANCED_FACE('',(#3997,#3998),#446,.F.);
#4299=ADVANCED_FACE('',(#3999),#447,.F.);
#4300=ADVANCED_FACE('',(#4000),#448,.F.);
#4301=ADVANCED_FACE('',(#4001),#449,.F.);
#4302=ADVANCED_FACE('',(#4002),#450,.T.);
#4303=ADVANCED_FACE('',(#4003),#451,.T.);
#4304=ADVANCED_FACE('',(#4004),#452,.F.);
#4305=ADVANCED_FACE('',(#4005),#453,.F.);
#4306=ADVANCED_FACE('',(#4006),#454,.F.);
#4307=ADVANCED_FACE('',(#4007),#455,.T.);
#4308=ADVANCED_FACE('',(#4008),#456,.F.);
#4309=ADVANCED_FACE('',(#4009),#457,.F.);
#4310=ADVANCED_FACE('',(#4010),#458,.F.);
#4311=ADVANCED_FACE('',(#4011),#459,.T.);
#4312=ADVANCED_FACE('',(#4012),#460,.F.);
#4313=ADVANCED_FACE('',(#4013),#461,.F.);
#4314=ADVANCED_FACE('',(#4014),#462,.F.);
#4315=ADVANCED_FACE('',(#4015),#463,.F.);
#4316=ADVANCED_FACE('',(#4016),#464,.F.);
#4317=ADVANCED_FACE('',(#4017),#465,.F.);
#4318=ADVANCED_FACE('',(#4018),#466,.T.);
#4319=ADVANCED_FACE('',(#4019),#467,.F.);
#4320=ADVANCED_FACE('',(#4020),#468,.F.);
#4321=ADVANCED_FACE('',(#4021),#469,.F.);
#4322=ADVANCED_FACE('',(#4022),#470,.T.);
#4323=ADVANCED_FACE('',(#4023),#471,.F.);
#4324=ADVANCED_FACE('',(#4024),#472,.F.);
#4325=ADVANCED_FACE('',(#4025),#473,.F.);
#4326=ADVANCED_FACE('',(#4026),#474,.T.);
#4327=ADVANCED_FACE('',(#4027),#475,.F.);
#4328=ADVANCED_FACE('',(#4028),#476,.F.);
#4329=ADVANCED_FACE('',(#4029),#477,.F.);
#4330=ADVANCED_FACE('',(#4030),#478,.T.);
#4331=ADVANCED_FACE('',(#4031),#479,.F.);
#4332=ADVANCED_FACE('',(#4032),#480,.F.);
#4333=ADVANCED_FACE('',(#4033),#481,.F.);
#4334=ADVANCED_FACE('',(#4034),#482,.T.);
#4335=ADVANCED_FACE('',(#4035),#483,.T.);
#4336=ADVANCED_FACE('',(#4036),#484,.F.);
#4337=ADVANCED_FACE('',(#4037),#485,.F.);
#4338=ADVANCED_FACE('',(#4038),#486,.T.);
#4339=ADVANCED_FACE('',(#4039),#487,.T.);
#4340=ADVANCED_FACE('',(#4040),#488,.F.);
#4341=ADVANCED_FACE('',(#4041),#489,.F.);
#4342=ADVANCED_FACE('',(#4042),#490,.T.);
#4343=ADVANCED_FACE('',(#4043),#491,.T.);
#4344=ADVANCED_FACE('',(#4044),#492,.F.);
#4345=ADVANCED_FACE('',(#4045),#493,.F.);
#4346=ADVANCED_FACE('',(#4046),#494,.T.);
#4347=ADVANCED_FACE('',(#4047),#495,.T.);
#4348=ADVANCED_FACE('',(#4048),#496,.F.);
#4349=ADVANCED_FACE('',(#4049),#497,.F.);
#4350=ADVANCED_FACE('',(#4050),#498,.T.);
#4351=ADVANCED_FACE('',(#4051),#499,.T.);
#4352=ADVANCED_FACE('',(#4052),#500,.F.);
#4353=ADVANCED_FACE('',(#4053),#501,.F.);
#4354=ADVANCED_FACE('',(#4054),#502,.T.);
#4355=ADVANCED_FACE('',(#4055),#503,.T.);
#4356=ADVANCED_FACE('',(#4056),#504,.F.);
#4357=ADVANCED_FACE('',(#4057),#505,.F.);
#4358=ADVANCED_FACE('',(#4058),#506,.T.);
#4359=ADVANCED_FACE('',(#4059),#507,.T.);
#4360=ADVANCED_FACE('',(#4060),#508,.F.);
#4361=ADVANCED_FACE('',(#4061),#509,.F.);
#4362=ADVANCED_FACE('',(#4062),#510,.T.);
#4363=ADVANCED_FACE('',(#4063),#511,.T.);
#4364=ADVANCED_FACE('',(#4064),#512,.F.);
#4365=ADVANCED_FACE('',(#4065),#513,.F.);
#4366=ADVANCED_FACE('',(#4066),#514,.T.);
#4367=ADVANCED_FACE('',(#4067),#515,.T.);
#4368=ADVANCED_FACE('',(#4068),#516,.F.);
#4369=ADVANCED_FACE('',(#4069),#517,.F.);
#4370=ADVANCED_FACE('',(#4070),#518,.T.);
#4371=ADVANCED_FACE('',(#4071),#519,.T.);
#4372=ADVANCED_FACE('',(#4072),#520,.F.);
#4373=ADVANCED_FACE('',(#4073),#521,.F.);
#4374=ADVANCED_FACE('',(#4074),#522,.T.);
#4375=ADVANCED_FACE('',(#4075),#523,.T.);
#4376=ADVANCED_FACE('',(#4076),#524,.F.);
#4377=ADVANCED_FACE('',(#4077),#525,.F.);
#4378=ADVANCED_FACE('',(#4078),#526,.T.);
#4379=ADVANCED_FACE('',(#4079),#527,.T.);
#4380=ADVANCED_FACE('',(#4080),#528,.F.);
#4381=ADVANCED_FACE('',(#4081),#529,.F.);
#4382=ADVANCED_FACE('',(#4082),#530,.T.);
#4383=ADVANCED_FACE('',(#4083),#531,.T.);
#4384=ADVANCED_FACE('',(#4084),#532,.F.);
#4385=ADVANCED_FACE('',(#4085),#533,.F.);
#4386=ADVANCED_FACE('',(#4086),#534,.T.);
#4387=ADVANCED_FACE('',(#4087),#535,.T.);
#4388=ADVANCED_FACE('',(#4088),#536,.F.);
#4389=ADVANCED_FACE('',(#4089),#537,.F.);
#4390=ADVANCED_FACE('',(#4090),#538,.T.);
#4391=ADVANCED_FACE('',(#4091),#539,.T.);
#4392=ADVANCED_FACE('',(#4092),#540,.F.);
#4393=ADVANCED_FACE('',(#4093),#541,.F.);
#4394=ADVANCED_FACE('',(#4094),#542,.T.);
#4395=ADVANCED_FACE('',(#4095),#543,.T.);
#4396=ADVANCED_FACE('',(#4096),#544,.F.);
#4397=ADVANCED_FACE('',(#4097),#545,.F.);
#4398=ADVANCED_FACE('',(#4098),#546,.T.);
#4399=ADVANCED_FACE('',(#4099),#547,.T.);
#4400=ADVANCED_FACE('',(#4100),#548,.F.);
#4401=ADVANCED_FACE('',(#4101),#549,.F.);
#4402=ADVANCED_FACE('',(#4102),#550,.T.);
#4403=ADVANCED_FACE('',(#4103),#551,.T.);
#4404=ADVANCED_FACE('',(#4104),#552,.F.);
#4405=ADVANCED_FACE('',(#4105),#553,.F.);
#4406=ADVANCED_FACE('',(#4106),#554,.F.);
#4407=ADVANCED_FACE('',(#4107),#555,.T.);
#4408=ADVANCED_FACE('',(#4108),#556,.F.);
#4409=ADVANCED_FACE('',(#4109),#557,.F.);
#4410=ADVANCED_FACE('',(#4110),#558,.F.);
#4411=ADVANCED_FACE('',(#4111),#559,.T.);
#4412=ADVANCED_FACE('',(#4112),#560,.F.);
#4413=ADVANCED_FACE('',(#4113),#561,.F.);
#4414=ADVANCED_FACE('',(#4114),#562,.F.);
#4415=ADVANCED_FACE('',(#4115),#563,.T.);
#4416=ADVANCED_FACE('',(#4116),#564,.F.);
#4417=ADVANCED_FACE('',(#4117),#565,.F.);
#4418=ADVANCED_FACE('',(#4118),#566,.F.);
#4419=ADVANCED_FACE('',(#4119),#567,.T.);
#4420=ADVANCED_FACE('',(#4120),#568,.F.);
#4421=ADVANCED_FACE('',(#4121),#569,.F.);
#4422=ADVANCED_FACE('',(#4122),#570,.F.);
#4423=ADVANCED_FACE('',(#4123),#571,.T.);
#4424=ADVANCED_FACE('',(#4124),#572,.F.);
#4425=ADVANCED_FACE('',(#4125),#573,.F.);
#4426=ADVANCED_FACE('',(#4126),#574,.F.);
#4427=ADVANCED_FACE('',(#4127),#575,.T.);
#4428=ADVANCED_FACE('',(#4128),#576,.F.);
#4429=ADVANCED_FACE('',(#4129),#577,.F.);
#4430=ADVANCED_FACE('',(#4130),#578,.F.);
#4431=ADVANCED_FACE('',(#4131),#579,.T.);
#4432=ADVANCED_FACE('',(#4132),#580,.F.);
#4433=ADVANCED_FACE('',(#4133),#581,.F.);
#4434=ADVANCED_FACE('',(#4134),#582,.F.);
#4435=ADVANCED_FACE('',(#4135),#583,.T.);
#4436=ADVANCED_FACE('',(#4136),#584,.F.);
#4437=ADVANCED_FACE('',(#4137),#585,.F.);
#4438=ADVANCED_FACE('',(#4138),#586,.F.);
#4439=ADVANCED_FACE('',(#4139),#587,.T.);
#4440=ADVANCED_FACE('',(#4140),#588,.F.);
#4441=ADVANCED_FACE('',(#4141),#589,.F.);
#4442=ADVANCED_FACE('',(#4142),#590,.F.);
#4443=ADVANCED_FACE('',(#4143),#591,.T.);
#4444=ADVANCED_FACE('',(#4144,#4145,#4146,#4147,#4148,#4149,#4150,#4151,#4152,#4153),#4286,.F.);
#4445=ADVANCED_FACE('',(#4154,#4155),#4287,.F.);
#4446=ADVANCED_FACE('',(#4156),#592,.T.);
#4447=ADVANCED_FACE('',(#4157,#4158),#4288,.F.);
#4448=ADVANCED_FACE('',(#4159),#593,.T.);
#4449=ADVANCED_FACE('',(#4160),#594,.T.);
#4450=ADVANCED_FACE('',(#4161),#595,.T.);
#4451=ADVANCED_FACE('',(#4162),#596,.T.);
#4452=ADVANCED_FACE('',(#4163),#597,.T.);
#4453=ADVANCED_FACE('',(#4164),#598,.T.);
#4454=ADVANCED_FACE('',(#4165),#599,.T.);
#4455=ADVANCED_FACE('',(#4166),#600,.T.);
#4456=ADVANCED_FACE('',(#4167),#601,.T.);
#4457=ADVANCED_FACE('',(#4168),#602,.T.);
#4458=ADVANCED_FACE('',(#4169),#603,.T.);
#4459=ADVANCED_FACE('',(#4170),#604,.T.);
#4460=ADVANCED_FACE('',(#4171),#605,.T.);
#4461=ADVANCED_FACE('',(#4172),#606,.T.);
#4462=ADVANCED_FACE('',(#4173),#607,.T.);
#4463=ADVANCED_FACE('',(#4174),#608,.T.);
#4464=ADVANCED_FACE('',(#4175),#609,.T.);
#4465=ADVANCED_FACE('',(#4176),#610,.T.);
#4466=ADVANCED_FACE('',(#4177),#611,.T.);
#4467=ADVANCED_FACE('',(#4178),#612,.T.);
#4468=ADVANCED_FACE('',(#4179),#613,.T.);
#4469=ADVANCED_FACE('',(#4180),#614,.T.);
#4470=ADVANCED_FACE('',(#4181),#615,.T.);
#4471=ADVANCED_FACE('',(#4182),#616,.T.);
#4472=ADVANCED_FACE('',(#4183),#617,.T.);
#4473=ADVANCED_FACE('',(#4184),#618,.T.);
#4474=ADVANCED_FACE('',(#4185),#619,.T.);
#4475=ADVANCED_FACE('',(#4186),#620,.T.);
#4476=ADVANCED_FACE('',(#4187),#621,.T.);
#4477=ADVANCED_FACE('',(#4188),#622,.T.);
#4478=ADVANCED_FACE('',(#4189),#623,.T.);
#4479=ADVANCED_FACE('',(#4190),#624,.T.);
#4480=ADVANCED_FACE('',(#4191),#625,.T.);
#4481=ADVANCED_FACE('',(#4192),#626,.T.);
#4482=ADVANCED_FACE('',(#4193),#627,.T.);
#4483=ADVANCED_FACE('',(#4194,#4195),#628,.T.);
#4484=ADVANCED_FACE('',(#4196,#4197),#12,.T.);
#4485=ADVANCED_FACE('',(#4198,#4199),#13,.T.);
#4486=ADVANCED_FACE('',(#4200,#4201),#629,.T.);
#4487=ADVANCED_FACE('',(#4202),#630,.T.);
#4488=ADVANCED_FACE('',(#4203),#631,.T.);
#4489=ADVANCED_FACE('',(#4204),#632,.T.);
#4490=ADVANCED_FACE('',(#4205),#633,.T.);
#4491=ADVANCED_FACE('',(#4206),#634,.T.);
#4492=ADVANCED_FACE('',(#4207),#635,.T.);
#4493=ADVANCED_FACE('',(#4208),#636,.T.);
#4494=ADVANCED_FACE('',(#4209),#637,.T.);
#4495=ADVANCED_FACE('',(#4210),#638,.F.);
#4496=ADVANCED_FACE('',(#4211),#639,.F.);
#4497=ADVANCED_FACE('',(#4212),#640,.F.);
#4498=ADVANCED_FACE('',(#4213),#641,.F.);
#4499=ADVANCED_FACE('',(#4214),#642,.F.);
#4500=ADVANCED_FACE('',(#4215),#643,.F.);
#4501=ADVANCED_FACE('',(#4216),#644,.F.);
#4502=ADVANCED_FACE('',(#4217),#645,.F.);
#4503=ADVANCED_FACE('',(#4218),#646,.F.);
#4504=ADVANCED_FACE('',(#4219),#647,.F.);
#4505=ADVANCED_FACE('',(#4220),#648,.F.);
#4506=ADVANCED_FACE('',(#4221),#649,.F.);
#4507=ADVANCED_FACE('',(#4222),#650,.F.);
#4508=ADVANCED_FACE('',(#4223),#651,.F.);
#4509=ADVANCED_FACE('',(#4224),#652,.F.);
#4510=ADVANCED_FACE('',(#4225),#653,.F.);
#4511=ADVANCED_FACE('',(#4226),#654,.F.);
#4512=ADVANCED_FACE('',(#4227),#655,.T.);
#4513=ADVANCED_FACE('',(#4228),#656,.T.);
#4514=ADVANCED_FACE('',(#4229),#657,.T.);
#4515=ADVANCED_FACE('',(#4230),#658,.T.);
#4516=ADVANCED_FACE('',(#4231),#659,.T.);
#4517=ADVANCED_FACE('',(#4232),#660,.T.);
#4518=ADVANCED_FACE('',(#4233),#661,.T.);
#4519=ADVANCED_FACE('',(#4234),#662,.T.);
#4520=ADVANCED_FACE('',(#4235),#663,.T.);
#4521=ADVANCED_FACE('',(#4236),#664,.T.);
#4522=ADVANCED_FACE('',(#4237,#4238),#665,.F.);
#4523=ADVANCED_FACE('',(#4239,#4240),#4289,.T.);
#4524=ADVANCED_FACE('',(#4241,#4242),#666,.F.);
#4525=ADVANCED_FACE('',(#4243,#4244),#667,.F.);
#4526=ADVANCED_FACE('',(#4245,#4246),#4290,.T.);
#4527=ADVANCED_FACE('',(#4247,#4248),#668,.F.);
#4528=ADVANCED_FACE('',(#4249,#4250),#669,.F.);
#4529=ADVANCED_FACE('',(#4251,#4252),#4291,.T.);
#4530=ADVANCED_FACE('',(#4253,#4254),#670,.F.);
#4531=ADVANCED_FACE('',(#4255,#4256),#671,.F.);
#4532=ADVANCED_FACE('',(#4257,#4258),#4292,.T.);
#4533=ADVANCED_FACE('',(#4259,#4260),#672,.F.);
#4534=ADVANCED_FACE('',(#4261,#4262),#673,.F.);
#4535=ADVANCED_FACE('',(#4263,#4264),#4293,.T.);
#4536=ADVANCED_FACE('',(#4265,#4266),#674,.F.);
#4537=ADVANCED_FACE('',(#4267,#4268),#675,.F.);
#4538=ADVANCED_FACE('',(#4269,#4270),#4294,.T.);
#4539=ADVANCED_FACE('',(#4271,#4272),#676,.F.);
#4540=ADVANCED_FACE('',(#4273,#4274),#677,.F.);
#4541=ADVANCED_FACE('',(#4275,#4276),#4295,.T.);
#4542=ADVANCED_FACE('',(#4277,#4278),#678,.F.);
#4543=ADVANCED_FACE('',(#4279,#4280),#679,.F.);
#4544=ADVANCED_FACE('',(#4281,#4282),#4296,.T.);
#4545=ADVANCED_FACE('',(#4283,#4284),#680,.F.);
#4546=CLOSED_SHELL('',(#4297,#4298,#4299,#4300,#4301,#4302,#4303,#4304,#4305,#4306,#4307,#4308,#4309,#4310,#4311,#4312,#4313,#4314,#4315,#4316,#4317,#4318,#4319,#4320,#4321,#4322,#4323,#4324,#4325,#4326,#4327,#4328,#4329,#4330,#4331,#4332,#4333,#4334,#4335,#4336,#4337,#4338,#4339,#4340,#4341,#4342,#4343,#4344,#4345,#4346,#4347,#4348,#4349,#4350,#4351,#4352,#4353,#4354,#4355,#4356,#4357,#4358,#4359,#4360,#4361,#4362,#4363,#4364,#4365,#4366,#4367,#4368,#4369,#4370,#4371,#4372,#4373,#4374,#4375,#4376,#4377,#4378,#4379,#4380,#4381,#4382,#4383,#4384,#4385,#4386,#4387,#4388,#4389,#4390,#4391,#4392,#4393,#4394,#4395,#4396,#4397,#4398,#4399,#4400,#4401,#4402,#4403,#4404,#4405,#4406,#4407,#4408,#4409,#4410,#4411,#4412,#4413,#4414,#4415,#4416,#4417,#4418,#4419,#4420,#4421,#4422,#4423,#4424,#4425,#4426,#4427,#4428,#4429,#4430,#4431,#4432,#4433,#4434,#4435,#4436,#4437,#4438,#4439,#4440,#4441,#4442,#4443,#4444,#4445,#4446,#4447,#4448,#4449,#4450,#4451,#4452,#4453,#4454,#4455,#4456,#4457,#4458,#4459,#4460,#4461,#4462,#4463,#4464,#4465,#4466,#4467,#4468,#4469,#4470,#4471,#4472,#4473,#4474,#4475,#4476,#4477,#4478,#4479,#4480,#4481,#4482,#4483,#4484,#4485,#4486,#4487,#4488,#4489,#4490,#4491,#4492,#4493,#4494,#4495,#4496,#4497,#4498,#4499,#4500,#4501,#4502,#4503,#4504,#4505,#4506,#4507,#4508,#4509,#4510,#4511,#4512,#4513,#4514,#4515,#4516,#4517,#4518,#4519,#4520,#4521,#4522,#4523,#4524,#4525,#4526,#4527,#4528,#4529,#4530,#4531,#4532,#4533,#4534,#4535,#4536,#4537,#4538,#4539,#4540,#4541,#4542,#4543,#4544,#4545));
#4547=STYLED_ITEM('',(#4548),#4555);
#4548=PRESENTATION_STYLE_ASSIGNMENT((#4549));
#4549=SURFACE_STYLE_USAGE(.BOTH.,#4550);
#4550=SURFACE_SIDE_STYLE('',(#4551));
#4551=SURFACE_STYLE_FILL_AREA(#4552);
#4552=FILL_AREA_STYLE('',(#4553));
#4553=FILL_AREA_STYLE_COLOUR('',#4554);
#4554=COLOUR_RGB('',0.917647058823529,0.917647058823529,0.917647058823529);
#4555=MANIFOLD_SOLID_BREP('Gt Timing Belt Pulley Bras1',#4546);
#4556=SHAPE_DEFINITION_REPRESENTATION(#8356,#4557);
#4557=SHAPE_REPRESENTATION('Gt Timing Belt Pulley Bras1',(#4558),#8351);
#4558=AXIS2_PLACEMENT_3D('',#6940,#5280,#5281);
#4559=AXIS2_PLACEMENT_3D('',#6941,#5282,#5283);
#4560=AXIS2_PLACEMENT_3D('',#6942,#5284,#5285);
#4561=AXIS2_PLACEMENT_3D('',#6944,#5286,#5287);
#4562=AXIS2_PLACEMENT_3D('',#6946,#5288,#5289);
#4563=AXIS2_PLACEMENT_3D('',#6948,#5290,#5291);
#4564=AXIS2_PLACEMENT_3D('',#6950,#5292,#5293);
#4565=AXIS2_PLACEMENT_3D('',#6952,#5294,#5295);
#4566=AXIS2_PLACEMENT_3D('',#6954,#5296,#5297);
#4567=AXIS2_PLACEMENT_3D('',#6956,#5298,#5299);
#4568=AXIS2_PLACEMENT_3D('',#6958,#5300,#5301);
#4569=AXIS2_PLACEMENT_3D('',#6960,#5302,#5303);
#4570=AXIS2_PLACEMENT_3D('',#6962,#5304,#5305);
#4571=AXIS2_PLACEMENT_3D('',#6963,#5306,#5307);
#4572=AXIS2_PLACEMENT_3D('',#6965,#5308,#5309);
#4573=AXIS2_PLACEMENT_3D('',#6966,#5310,#5311);
#4574=AXIS2_PLACEMENT_3D('',#6971,#5313,#5314);
#4575=AXIS2_PLACEMENT_3D('',#6974,#5316,#5317);
#4576=AXIS2_PLACEMENT_3D('',#6975,#5318,#5319);
#4577=AXIS2_PLACEMENT_3D('',#6979,#5321,#5322);
#4578=AXIS2_PLACEMENT_3D('',#6980,#5323,#5324);
#4579=AXIS2_PLACEMENT_3D('',#6981,#5325,#5326);
#4580=AXIS2_PLACEMENT_3D('',#6985,#5328,#5329);
#4581=AXIS2_PLACEMENT_3D('',#6986,#5330,#5331);
#4582=AXIS2_PLACEMENT_3D('',#6987,#5332,#5333);
#4583=AXIS2_PLACEMENT_3D('',#6991,#5335,#5336);
#4584=AXIS2_PLACEMENT_3D('',#6992,#5337,#5338);
#4585=AXIS2_PLACEMENT_3D('',#6993,#5339,#5340);
#4586=AXIS2_PLACEMENT_3D('',#6998,#5342,#5343);
#4587=AXIS2_PLACEMENT_3D('',#7001,#5345,#5346);
#4588=AXIS2_PLACEMENT_3D('',#7002,#5347,#5348);
#4589=AXIS2_PLACEMENT_3D('',#7007,#5350,#5351);
#4590=AXIS2_PLACEMENT_3D('',#7010,#5353,#5354);
#4591=AXIS2_PLACEMENT_3D('',#7011,#5355,#5356);
#4592=AXIS2_PLACEMENT_3D('',#7013,#5357,#5358);
#4593=AXIS2_PLACEMENT_3D('',#7016,#5360,#5361);
#4594=AXIS2_PLACEMENT_3D('',#7017,#5362,#5363);
#4595=AXIS2_PLACEMENT_3D('',#7018,#5364,#5365);
#4596=AXIS2_PLACEMENT_3D('',#7019,#5366,#5367);
#4597=AXIS2_PLACEMENT_3D('',#7020,#5368,#5369);
#4598=AXIS2_PLACEMENT_3D('',#7025,#5371,#5372);
#4599=AXIS2_PLACEMENT_3D('',#7028,#5374,#5375);
#4600=AXIS2_PLACEMENT_3D('',#7029,#5376,#5377);
#4601=AXIS2_PLACEMENT_3D('',#7034,#5379,#5380);
#4602=AXIS2_PLACEMENT_3D('',#7037,#5382,#5383);
#4603=AXIS2_PLACEMENT_3D('',#7038,#5384,#5385);
#4604=AXIS2_PLACEMENT_3D('',#7040,#5386,#5387);
#4605=AXIS2_PLACEMENT_3D('',#7043,#5389,#5390);
#4606=AXIS2_PLACEMENT_3D('',#7044,#5391,#5392);
#4607=AXIS2_PLACEMENT_3D('',#7045,#5393,#5394);
#4608=AXIS2_PLACEMENT_3D('',#7046,#5395,#5396);
#4609=AXIS2_PLACEMENT_3D('',#7047,#5397,#5398);
#4610=AXIS2_PLACEMENT_3D('',#7052,#5400,#5401);
#4611=AXIS2_PLACEMENT_3D('',#7055,#5403,#5404);
#4612=AXIS2_PLACEMENT_3D('',#7056,#5405,#5406);
#4613=AXIS2_PLACEMENT_3D('',#7061,#5408,#5409);
#4614=AXIS2_PLACEMENT_3D('',#7064,#5411,#5412);
#4615=AXIS2_PLACEMENT_3D('',#7065,#5413,#5414);
#4616=AXIS2_PLACEMENT_3D('',#7067,#5415,#5416);
#4617=AXIS2_PLACEMENT_3D('',#7070,#5418,#5419);
#4618=AXIS2_PLACEMENT_3D('',#7071,#5420,#5421);
#4619=AXIS2_PLACEMENT_3D('',#7072,#5422,#5423);
#4620=AXIS2_PLACEMENT_3D('',#7073,#5424,#5425);
#4621=AXIS2_PLACEMENT_3D('',#7074,#5426,#5427);
#4622=AXIS2_PLACEMENT_3D('',#7079,#5429,#5430);
#4623=AXIS2_PLACEMENT_3D('',#7082,#5432,#5433);
#4624=AXIS2_PLACEMENT_3D('',#7083,#5434,#5435);
#4625=AXIS2_PLACEMENT_3D('',#7088,#5437,#5438);
#4626=AXIS2_PLACEMENT_3D('',#7091,#5440,#5441);
#4627=AXIS2_PLACEMENT_3D('',#7092,#5442,#5443);
#4628=AXIS2_PLACEMENT_3D('',#7093,#5444,#5445);
#4629=AXIS2_PLACEMENT_3D('',#7094,#5446,#5447);
#4630=AXIS2_PLACEMENT_3D('',#7095,#5448,#5449);
#4631=AXIS2_PLACEMENT_3D('',#7100,#5451,#5452);
#4632=AXIS2_PLACEMENT_3D('',#7103,#5454,#5455);
#4633=AXIS2_PLACEMENT_3D('',#7104,#5456,#5457);
#4634=AXIS2_PLACEMENT_3D('',#7108,#5459,#5460);
#4635=AXIS2_PLACEMENT_3D('',#7109,#5461,#5462);
#4636=AXIS2_PLACEMENT_3D('',#7110,#5463,#5464);
#4637=AXIS2_PLACEMENT_3D('',#7115,#5466,#5467);
#4638=AXIS2_PLACEMENT_3D('',#7118,#5469,#5470);
#4639=AXIS2_PLACEMENT_3D('',#7119,#5471,#5472);
#4640=AXIS2_PLACEMENT_3D('',#7120,#5473,#5474);
#4641=AXIS2_PLACEMENT_3D('',#7121,#5475,#5476);
#4642=AXIS2_PLACEMENT_3D('',#7122,#5477,#5478);
#4643=AXIS2_PLACEMENT_3D('',#7127,#5480,#5481);
#4644=AXIS2_PLACEMENT_3D('',#7130,#5483,#5484);
#4645=AXIS2_PLACEMENT_3D('',#7131,#5485,#5486);
#4646=AXIS2_PLACEMENT_3D('',#7135,#5488,#5489);
#4647=AXIS2_PLACEMENT_3D('',#7136,#5490,#5491);
#4648=AXIS2_PLACEMENT_3D('',#7137,#5492,#5493);
#4649=AXIS2_PLACEMENT_3D('',#7142,#5495,#5496);
#4650=AXIS2_PLACEMENT_3D('',#7145,#5498,#5499);
#4651=AXIS2_PLACEMENT_3D('',#7146,#5500,#5501);
#4652=AXIS2_PLACEMENT_3D('',#7147,#5502,#5503);
#4653=AXIS2_PLACEMENT_3D('',#7148,#5504,#5505);
#4654=AXIS2_PLACEMENT_3D('',#7149,#5506,#5507);
#4655=AXIS2_PLACEMENT_3D('',#7154,#5509,#5510);
#4656=AXIS2_PLACEMENT_3D('',#7157,#5512,#5513);
#4657=AXIS2_PLACEMENT_3D('',#7158,#5514,#5515);
#4658=AXIS2_PLACEMENT_3D('',#7162,#5517,#5518);
#4659=AXIS2_PLACEMENT_3D('',#7163,#5519,#5520);
#4660=AXIS2_PLACEMENT_3D('',#7164,#5521,#5522);
#4661=AXIS2_PLACEMENT_3D('',#7169,#5524,#5525);
#4662=AXIS2_PLACEMENT_3D('',#7172,#5527,#5528);
#4663=AXIS2_PLACEMENT_3D('',#7173,#5529,#5530);
#4664=AXIS2_PLACEMENT_3D('',#7174,#5531,#5532);
#4665=AXIS2_PLACEMENT_3D('',#7175,#5533,#5534);
#4666=AXIS2_PLACEMENT_3D('',#7176,#5535,#5536);
#4667=AXIS2_PLACEMENT_3D('',#7181,#5538,#5539);
#4668=AXIS2_PLACEMENT_3D('',#7184,#5541,#5542);
#4669=AXIS2_PLACEMENT_3D('',#7185,#5543,#5544);
#4670=AXIS2_PLACEMENT_3D('',#7189,#5546,#5547);
#4671=AXIS2_PLACEMENT_3D('',#7190,#5548,#5549);
#4672=AXIS2_PLACEMENT_3D('',#7191,#5550,#5551);
#4673=AXIS2_PLACEMENT_3D('',#7196,#5553,#5554);
#4674=AXIS2_PLACEMENT_3D('',#7199,#5556,#5557);
#4675=AXIS2_PLACEMENT_3D('',#7200,#5558,#5559);
#4676=AXIS2_PLACEMENT_3D('',#7201,#5560,#5561);
#4677=AXIS2_PLACEMENT_3D('',#7202,#5562,#5563);
#4678=AXIS2_PLACEMENT_3D('',#7203,#5564,#5565);
#4679=AXIS2_PLACEMENT_3D('',#7208,#5567,#5568);
#4680=AXIS2_PLACEMENT_3D('',#7211,#5570,#5571);
#4681=AXIS2_PLACEMENT_3D('',#7212,#5572,#5573);
#4682=AXIS2_PLACEMENT_3D('',#7217,#5575,#5576);
#4683=AXIS2_PLACEMENT_3D('',#7220,#5578,#5579);
#4684=AXIS2_PLACEMENT_3D('',#7221,#5580,#5581);
#4685=AXIS2_PLACEMENT_3D('',#7223,#5582,#5583);
#4686=AXIS2_PLACEMENT_3D('',#7226,#5585,#5586);
#4687=AXIS2_PLACEMENT_3D('',#7227,#5587,#5588);
#4688=AXIS2_PLACEMENT_3D('',#7229,#5589,#5590);
#4689=AXIS2_PLACEMENT_3D('',#7232,#5592,#5593);
#4690=AXIS2_PLACEMENT_3D('',#7233,#5594,#5595);
#4691=AXIS2_PLACEMENT_3D('',#7238,#5597,#5598);
#4692=AXIS2_PLACEMENT_3D('',#7241,#5600,#5601);
#4693=AXIS2_PLACEMENT_3D('',#7242,#5602,#5603);
#4694=AXIS2_PLACEMENT_3D('',#7247,#5605,#5606);
#4695=AXIS2_PLACEMENT_3D('',#7250,#5608,#5609);
#4696=AXIS2_PLACEMENT_3D('',#7251,#5610,#5611);
#4697=AXIS2_PLACEMENT_3D('',#7255,#5613,#5614);
#4698=AXIS2_PLACEMENT_3D('',#7256,#5615,#5616);
#4699=AXIS2_PLACEMENT_3D('',#7257,#5617,#5618);
#4700=AXIS2_PLACEMENT_3D('',#7259,#5619,#5620);
#4701=AXIS2_PLACEMENT_3D('',#7262,#5622,#5623);
#4702=AXIS2_PLACEMENT_3D('',#7263,#5624,#5625);
#4703=AXIS2_PLACEMENT_3D('',#7268,#5627,#5628);
#4704=AXIS2_PLACEMENT_3D('',#7271,#5630,#5631);
#4705=AXIS2_PLACEMENT_3D('',#7272,#5632,#5633);
#4706=AXIS2_PLACEMENT_3D('',#7277,#5635,#5636);
#4707=AXIS2_PLACEMENT_3D('',#7280,#5638,#5639);
#4708=AXIS2_PLACEMENT_3D('',#7281,#5640,#5641);
#4709=AXIS2_PLACEMENT_3D('',#7285,#5643,#5644);
#4710=AXIS2_PLACEMENT_3D('',#7286,#5645,#5646);
#4711=AXIS2_PLACEMENT_3D('',#7287,#5647,#5648);
#4712=AXIS2_PLACEMENT_3D('',#7289,#5649,#5650);
#4713=AXIS2_PLACEMENT_3D('',#7292,#5652,#5653);
#4714=AXIS2_PLACEMENT_3D('',#7293,#5654,#5655);
#4715=AXIS2_PLACEMENT_3D('',#7298,#5657,#5658);
#4716=AXIS2_PLACEMENT_3D('',#7301,#5660,#5661);
#4717=AXIS2_PLACEMENT_3D('',#7302,#5662,#5663);
#4718=AXIS2_PLACEMENT_3D('',#7307,#5665,#5666);
#4719=AXIS2_PLACEMENT_3D('',#7310,#5668,#5669);
#4720=AXIS2_PLACEMENT_3D('',#7311,#5670,#5671);
#4721=AXIS2_PLACEMENT_3D('',#7315,#5673,#5674);
#4722=AXIS2_PLACEMENT_3D('',#7316,#5675,#5676);
#4723=AXIS2_PLACEMENT_3D('',#7317,#5677,#5678);
#4724=AXIS2_PLACEMENT_3D('',#7319,#5679,#5680);
#4725=AXIS2_PLACEMENT_3D('',#7322,#5682,#5683);
#4726=AXIS2_PLACEMENT_3D('',#7323,#5684,#5685);
#4727=AXIS2_PLACEMENT_3D('',#7328,#5687,#5688);
#4728=AXIS2_PLACEMENT_3D('',#7331,#5690,#5691);
#4729=AXIS2_PLACEMENT_3D('',#7332,#5692,#5693);
#4730=AXIS2_PLACEMENT_3D('',#7337,#5695,#5696);
#4731=AXIS2_PLACEMENT_3D('',#7340,#5698,#5699);
#4732=AXIS2_PLACEMENT_3D('',#7341,#5700,#5701);
#4733=AXIS2_PLACEMENT_3D('',#7345,#5703,#5704);
#4734=AXIS2_PLACEMENT_3D('',#7346,#5705,#5706);
#4735=AXIS2_PLACEMENT_3D('',#7347,#5707,#5708);
#4736=AXIS2_PLACEMENT_3D('',#7349,#5709,#5710);
#4737=AXIS2_PLACEMENT_3D('',#7352,#5712,#5713);
#4738=AXIS2_PLACEMENT_3D('',#7353,#5714,#5715);
#4739=AXIS2_PLACEMENT_3D('',#7358,#5717,#5718);
#4740=AXIS2_PLACEMENT_3D('',#7361,#5720,#5721);
#4741=AXIS2_PLACEMENT_3D('',#7362,#5722,#5723);
#4742=AXIS2_PLACEMENT_3D('',#7367,#5725,#5726);
#4743=AXIS2_PLACEMENT_3D('',#7370,#5728,#5729);
#4744=AXIS2_PLACEMENT_3D('',#7371,#5730,#5731);
#4745=AXIS2_PLACEMENT_3D('',#7375,#5733,#5734);
#4746=AXIS2_PLACEMENT_3D('',#7376,#5735,#5736);
#4747=AXIS2_PLACEMENT_3D('',#7377,#5737,#5738);
#4748=AXIS2_PLACEMENT_3D('',#7379,#5739,#5740);
#4749=AXIS2_PLACEMENT_3D('',#7382,#5742,#5743);
#4750=AXIS2_PLACEMENT_3D('',#7383,#5744,#5745);
#4751=AXIS2_PLACEMENT_3D('',#7388,#5747,#5748);
#4752=AXIS2_PLACEMENT_3D('',#7391,#5750,#5751);
#4753=AXIS2_PLACEMENT_3D('',#7392,#5752,#5753);
#4754=AXIS2_PLACEMENT_3D('',#7397,#5755,#5756);
#4755=AXIS2_PLACEMENT_3D('',#7400,#5758,#5759);
#4756=AXIS2_PLACEMENT_3D('',#7401,#5760,#5761);
#4757=AXIS2_PLACEMENT_3D('',#7405,#5763,#5764);
#4758=AXIS2_PLACEMENT_3D('',#7406,#5765,#5766);
#4759=AXIS2_PLACEMENT_3D('',#7407,#5767,#5768);
#4760=AXIS2_PLACEMENT_3D('',#7409,#5769,#5770);
#4761=AXIS2_PLACEMENT_3D('',#7412,#5772,#5773);
#4762=AXIS2_PLACEMENT_3D('',#7413,#5774,#5775);
#4763=AXIS2_PLACEMENT_3D('',#7418,#5777,#5778);
#4764=AXIS2_PLACEMENT_3D('',#7421,#5780,#5781);
#4765=AXIS2_PLACEMENT_3D('',#7422,#5782,#5783);
#4766=AXIS2_PLACEMENT_3D('',#7427,#5785,#5786);
#4767=AXIS2_PLACEMENT_3D('',#7430,#5788,#5789);
#4768=AXIS2_PLACEMENT_3D('',#7431,#5790,#5791);
#4769=AXIS2_PLACEMENT_3D('',#7435,#5793,#5794);
#4770=AXIS2_PLACEMENT_3D('',#7436,#5795,#5796);
#4771=AXIS2_PLACEMENT_3D('',#7437,#5797,#5798);
#4772=AXIS2_PLACEMENT_3D('',#7439,#5799,#5800);
#4773=AXIS2_PLACEMENT_3D('',#7442,#5802,#5803);
#4774=AXIS2_PLACEMENT_3D('',#7443,#5804,#5805);
#4775=AXIS2_PLACEMENT_3D('',#7448,#5807,#5808);
#4776=AXIS2_PLACEMENT_3D('',#7451,#5810,#5811);
#4777=AXIS2_PLACEMENT_3D('',#7452,#5812,#5813);
#4778=AXIS2_PLACEMENT_3D('',#7457,#5815,#5816);
#4779=AXIS2_PLACEMENT_3D('',#7460,#5818,#5819);
#4780=AXIS2_PLACEMENT_3D('',#7461,#5820,#5821);
#4781=AXIS2_PLACEMENT_3D('',#7465,#5823,#5824);
#4782=AXIS2_PLACEMENT_3D('',#7466,#5825,#5826);
#4783=AXIS2_PLACEMENT_3D('',#7467,#5827,#5828);
#4784=AXIS2_PLACEMENT_3D('',#7471,#5830,#5831);
#4785=AXIS2_PLACEMENT_3D('',#7472,#5832,#5833);
#4786=AXIS2_PLACEMENT_3D('',#7473,#5834,#5835);
#4787=AXIS2_PLACEMENT_3D('',#7478,#5837,#5838);
#4788=AXIS2_PLACEMENT_3D('',#7481,#5840,#5841);
#4789=AXIS2_PLACEMENT_3D('',#7482,#5842,#5843);
#4790=AXIS2_PLACEMENT_3D('',#7487,#5845,#5846);
#4791=AXIS2_PLACEMENT_3D('',#7490,#5848,#5849);
#4792=AXIS2_PLACEMENT_3D('',#7491,#5850,#5851);
#4793=AXIS2_PLACEMENT_3D('',#7495,#5853,#5854);
#4794=AXIS2_PLACEMENT_3D('',#7496,#5855,#5856);
#4795=AXIS2_PLACEMENT_3D('',#7497,#5857,#5858);
#4796=AXIS2_PLACEMENT_3D('',#7501,#5860,#5861);
#4797=AXIS2_PLACEMENT_3D('',#7502,#5862,#5863);
#4798=AXIS2_PLACEMENT_3D('',#7503,#5864,#5865);
#4799=AXIS2_PLACEMENT_3D('',#7508,#5867,#5868);
#4800=AXIS2_PLACEMENT_3D('',#7511,#5870,#5871);
#4801=AXIS2_PLACEMENT_3D('',#7512,#5872,#5873);
#4802=AXIS2_PLACEMENT_3D('',#7517,#5875,#5876);
#4803=AXIS2_PLACEMENT_3D('',#7520,#5878,#5879);
#4804=AXIS2_PLACEMENT_3D('',#7521,#5880,#5881);
#4805=AXIS2_PLACEMENT_3D('',#7523,#5882,#5883);
#4806=AXIS2_PLACEMENT_3D('',#7526,#5885,#5886);
#4807=AXIS2_PLACEMENT_3D('',#7527,#5887,#5888);
#4808=AXIS2_PLACEMENT_3D('',#7531,#5890,#5891);
#4809=AXIS2_PLACEMENT_3D('',#7532,#5892,#5893);
#4810=AXIS2_PLACEMENT_3D('',#7533,#5894,#5895);
#4811=AXIS2_PLACEMENT_3D('',#7538,#5897,#5898);
#4812=AXIS2_PLACEMENT_3D('',#7541,#5900,#5901);
#4813=AXIS2_PLACEMENT_3D('',#7542,#5902,#5903);
#4814=AXIS2_PLACEMENT_3D('',#7547,#5905,#5906);
#4815=AXIS2_PLACEMENT_3D('',#7550,#5908,#5909);
#4816=AXIS2_PLACEMENT_3D('',#7551,#5910,#5911);
#4817=AXIS2_PLACEMENT_3D('',#7553,#5912,#5913);
#4818=AXIS2_PLACEMENT_3D('',#7556,#5915,#5916);
#4819=AXIS2_PLACEMENT_3D('',#7557,#5917,#5918);
#4820=AXIS2_PLACEMENT_3D('',#7561,#5920,#5921);
#4821=AXIS2_PLACEMENT_3D('',#7562,#5922,#5923);
#4822=AXIS2_PLACEMENT_3D('',#7563,#5924,#5925);
#4823=AXIS2_PLACEMENT_3D('',#7568,#5927,#5928);
#4824=AXIS2_PLACEMENT_3D('',#7571,#5930,#5931);
#4825=AXIS2_PLACEMENT_3D('',#7572,#5932,#5933);
#4826=AXIS2_PLACEMENT_3D('',#7577,#5935,#5936);
#4827=AXIS2_PLACEMENT_3D('',#7580,#5938,#5939);
#4828=AXIS2_PLACEMENT_3D('',#7581,#5940,#5941);
#4829=AXIS2_PLACEMENT_3D('',#7583,#5942,#5943);
#4830=AXIS2_PLACEMENT_3D('',#7586,#5945,#5946);
#4831=AXIS2_PLACEMENT_3D('',#7587,#5947,#5948);
#4832=AXIS2_PLACEMENT_3D('',#7591,#5950,#5951);
#4833=AXIS2_PLACEMENT_3D('',#7592,#5952,#5953);
#4834=AXIS2_PLACEMENT_3D('',#7593,#5954,#5955);
#4835=AXIS2_PLACEMENT_3D('',#7598,#5957,#5958);
#4836=AXIS2_PLACEMENT_3D('',#7601,#5960,#5961);
#4837=AXIS2_PLACEMENT_3D('',#7602,#5962,#5963);
#4838=AXIS2_PLACEMENT_3D('',#7607,#5965,#5966);
#4839=AXIS2_PLACEMENT_3D('',#7610,#5968,#5969);
#4840=AXIS2_PLACEMENT_3D('',#7611,#5970,#5971);
#4841=AXIS2_PLACEMENT_3D('',#7613,#5972,#5973);
#4842=AXIS2_PLACEMENT_3D('',#7616,#5975,#5976);
#4843=AXIS2_PLACEMENT_3D('',#7617,#5977,#5978);
#4844=AXIS2_PLACEMENT_3D('',#7621,#5980,#5981);
#4845=AXIS2_PLACEMENT_3D('',#7622,#5982,#5983);
#4846=AXIS2_PLACEMENT_3D('',#7623,#5984,#5985);
#4847=AXIS2_PLACEMENT_3D('',#7628,#5987,#5988);
#4848=AXIS2_PLACEMENT_3D('',#7631,#5990,#5991);
#4849=AXIS2_PLACEMENT_3D('',#7632,#5992,#5993);
#4850=AXIS2_PLACEMENT_3D('',#7637,#5995,#5996);
#4851=AXIS2_PLACEMENT_3D('',#7640,#5998,#5999);
#4852=AXIS2_PLACEMENT_3D('',#7641,#6000,#6001);
#4853=AXIS2_PLACEMENT_3D('',#7643,#6002,#6003);
#4854=AXIS2_PLACEMENT_3D('',#7646,#6005,#6006);
#4855=AXIS2_PLACEMENT_3D('',#7647,#6007,#6008);
#4856=AXIS2_PLACEMENT_3D('',#7651,#6010,#6011);
#4857=AXIS2_PLACEMENT_3D('',#7652,#6012,#6013);
#4858=AXIS2_PLACEMENT_3D('',#7653,#6014,#6015);
#4859=AXIS2_PLACEMENT_3D('',#7658,#6017,#6018);
#4860=AXIS2_PLACEMENT_3D('',#7661,#6020,#6021);
#4861=AXIS2_PLACEMENT_3D('',#7662,#6022,#6023);
#4862=AXIS2_PLACEMENT_3D('',#7667,#6025,#6026);
#4863=AXIS2_PLACEMENT_3D('',#7670,#6028,#6029);
#4864=AXIS2_PLACEMENT_3D('',#7671,#6030,#6031);
#4865=AXIS2_PLACEMENT_3D('',#7673,#6032,#6033);
#4866=AXIS2_PLACEMENT_3D('',#7676,#6035,#6036);
#4867=AXIS2_PLACEMENT_3D('',#7677,#6037,#6038);
#4868=AXIS2_PLACEMENT_3D('',#7681,#6040,#6041);
#4869=AXIS2_PLACEMENT_3D('',#7682,#6042,#6043);
#4870=AXIS2_PLACEMENT_3D('',#7683,#6044,#6045);
#4871=AXIS2_PLACEMENT_3D('',#7688,#6047,#6048);
#4872=AXIS2_PLACEMENT_3D('',#7691,#6050,#6051);
#4873=AXIS2_PLACEMENT_3D('',#7692,#6052,#6053);
#4874=AXIS2_PLACEMENT_3D('',#7697,#6055,#6056);
#4875=AXIS2_PLACEMENT_3D('',#7700,#6058,#6059);
#4876=AXIS2_PLACEMENT_3D('',#7701,#6060,#6061);
#4877=AXIS2_PLACEMENT_3D('',#7703,#6062,#6063);
#4878=AXIS2_PLACEMENT_3D('',#7706,#6065,#6066);
#4879=AXIS2_PLACEMENT_3D('',#7707,#6067,#6068);
#4880=AXIS2_PLACEMENT_3D('',#7709,#6069,#6070);
#4881=AXIS2_PLACEMENT_3D('',#7712,#6072,#6073);
#4882=AXIS2_PLACEMENT_3D('',#7713,#6074,#6075);
#4883=AXIS2_PLACEMENT_3D('',#7718,#6077,#6078);
#4884=AXIS2_PLACEMENT_3D('',#7721,#6080,#6081);
#4885=AXIS2_PLACEMENT_3D('',#7722,#6082,#6083);
#4886=AXIS2_PLACEMENT_3D('',#7727,#6085,#6086);
#4887=AXIS2_PLACEMENT_3D('',#7730,#6088,#6089);
#4888=AXIS2_PLACEMENT_3D('',#7731,#6090,#6091);
#4889=AXIS2_PLACEMENT_3D('',#7733,#6092,#6093);
#4890=AXIS2_PLACEMENT_3D('',#7736,#6095,#6096);
#4891=AXIS2_PLACEMENT_3D('',#7737,#6097,#6098);
#4892=AXIS2_PLACEMENT_3D('',#7741,#6100,#6101);
#4893=AXIS2_PLACEMENT_3D('',#7742,#6102,#6103);
#4894=AXIS2_PLACEMENT_3D('',#7743,#6104,#6105);
#4895=AXIS2_PLACEMENT_3D('',#7744,#6106,#6107);
#4896=AXIS2_PLACEMENT_3D('',#7745,#6108,#6109);
#4897=AXIS2_PLACEMENT_3D('',#7746,#6110,#6111);
#4898=AXIS2_PLACEMENT_3D('',#7751,#6113,#6114);
#4899=AXIS2_PLACEMENT_3D('',#7754,#6116,#6117);
#4900=AXIS2_PLACEMENT_3D('',#7755,#6118,#6119);
#4901=AXIS2_PLACEMENT_3D('',#7760,#6121,#6122);
#4902=AXIS2_PLACEMENT_3D('',#7763,#6124,#6125);
#4903=AXIS2_PLACEMENT_3D('',#7764,#6126,#6127);
#4904=AXIS2_PLACEMENT_3D('',#7768,#6129,#6130);
#4905=AXIS2_PLACEMENT_3D('',#7769,#6131,#6132);
#4906=AXIS2_PLACEMENT_3D('',#7770,#6133,#6134);
#4907=AXIS2_PLACEMENT_3D('',#7771,#6135,#6136);
#4908=AXIS2_PLACEMENT_3D('',#7772,#6137,#6138);
#4909=AXIS2_PLACEMENT_3D('',#7773,#6139,#6140);
#4910=AXIS2_PLACEMENT_3D('',#7778,#6142,#6143);
#4911=AXIS2_PLACEMENT_3D('',#7781,#6145,#6146);
#4912=AXIS2_PLACEMENT_3D('',#7782,#6147,#6148);
#4913=AXIS2_PLACEMENT_3D('',#7787,#6150,#6151);
#4914=AXIS2_PLACEMENT_3D('',#7790,#6153,#6154);
#4915=AXIS2_PLACEMENT_3D('',#7791,#6155,#6156);
#4916=AXIS2_PLACEMENT_3D('',#7795,#6158,#6159);
#4917=AXIS2_PLACEMENT_3D('',#7796,#6160,#6161);
#4918=AXIS2_PLACEMENT_3D('',#7797,#6162,#6163);
#4919=AXIS2_PLACEMENT_3D('',#7798,#6164,#6165);
#4920=AXIS2_PLACEMENT_3D('',#7799,#6166,#6167);
#4921=AXIS2_PLACEMENT_3D('',#7800,#6168,#6169);
#4922=AXIS2_PLACEMENT_3D('',#7805,#6171,#6172);
#4923=AXIS2_PLACEMENT_3D('',#7808,#6174,#6175);
#4924=AXIS2_PLACEMENT_3D('',#7809,#6176,#6177);
#4925=AXIS2_PLACEMENT_3D('',#7814,#6179,#6180);
#4926=AXIS2_PLACEMENT_3D('',#7817,#6182,#6183);
#4927=AXIS2_PLACEMENT_3D('',#7818,#6184,#6185);
#4928=AXIS2_PLACEMENT_3D('',#7822,#6187,#6188);
#4929=AXIS2_PLACEMENT_3D('',#7823,#6189,#6190);
#4930=AXIS2_PLACEMENT_3D('',#7824,#6191,#6192);
#4931=AXIS2_PLACEMENT_3D('',#7825,#6193,#6194);
#4932=AXIS2_PLACEMENT_3D('',#7826,#6195,#6196);
#4933=AXIS2_PLACEMENT_3D('',#7827,#6197,#6198);
#4934=AXIS2_PLACEMENT_3D('',#7832,#6200,#6201);
#4935=AXIS2_PLACEMENT_3D('',#7835,#6203,#6204);
#4936=AXIS2_PLACEMENT_3D('',#7836,#6205,#6206);
#4937=AXIS2_PLACEMENT_3D('',#7841,#6208,#6209);
#4938=AXIS2_PLACEMENT_3D('',#7844,#6211,#6212);
#4939=AXIS2_PLACEMENT_3D('',#7845,#6213,#6214);
#4940=AXIS2_PLACEMENT_3D('',#7849,#6216,#6217);
#4941=AXIS2_PLACEMENT_3D('',#7850,#6218,#6219);
#4942=AXIS2_PLACEMENT_3D('',#7851,#6220,#6221);
#4943=AXIS2_PLACEMENT_3D('',#7852,#6222,#6223);
#4944=AXIS2_PLACEMENT_3D('',#7853,#6224,#6225);
#4945=AXIS2_PLACEMENT_3D('',#7854,#6226,#6227);
#4946=AXIS2_PLACEMENT_3D('',#7859,#6229,#6230);
#4947=AXIS2_PLACEMENT_3D('',#7862,#6232,#6233);
#4948=AXIS2_PLACEMENT_3D('',#7863,#6234,#6235);
#4949=AXIS2_PLACEMENT_3D('',#7865,#6236,#6237);
#4950=AXIS2_PLACEMENT_3D('',#7868,#6239,#6240);
#4951=AXIS2_PLACEMENT_3D('',#7869,#6241,#6242);
#4952=AXIS2_PLACEMENT_3D('',#7874,#6244,#6245);
#4953=AXIS2_PLACEMENT_3D('',#7877,#6247,#6248);
#4954=AXIS2_PLACEMENT_3D('',#7878,#6249,#6250);
#4955=AXIS2_PLACEMENT_3D('',#7879,#6251,#6252);
#4956=AXIS2_PLACEMENT_3D('',#7880,#6253,#6254);
#4957=AXIS2_PLACEMENT_3D('',#7881,#6255,#6256);
#4958=AXIS2_PLACEMENT_3D('',#7886,#6258,#6259);
#4959=AXIS2_PLACEMENT_3D('',#7889,#6261,#6262);
#4960=AXIS2_PLACEMENT_3D('',#7890,#6263,#6264);
#4961=AXIS2_PLACEMENT_3D('',#7892,#6265,#6266);
#4962=AXIS2_PLACEMENT_3D('',#7895,#6268,#6269);
#4963=AXIS2_PLACEMENT_3D('',#7896,#6270,#6271);
#4964=AXIS2_PLACEMENT_3D('',#7901,#6273,#6274);
#4965=AXIS2_PLACEMENT_3D('',#7904,#6276,#6277);
#4966=AXIS2_PLACEMENT_3D('',#7905,#6278,#6279);
#4967=AXIS2_PLACEMENT_3D('',#7906,#6280,#6281);
#4968=AXIS2_PLACEMENT_3D('',#7907,#6282,#6283);
#4969=AXIS2_PLACEMENT_3D('',#7908,#6284,#6285);
#4970=AXIS2_PLACEMENT_3D('',#7913,#6287,#6288);
#4971=AXIS2_PLACEMENT_3D('',#7916,#6290,#6291);
#4972=AXIS2_PLACEMENT_3D('',#7917,#6292,#6293);
#4973=AXIS2_PLACEMENT_3D('',#7919,#6294,#6295);
#4974=AXIS2_PLACEMENT_3D('',#7922,#6297,#6298);
#4975=AXIS2_PLACEMENT_3D('',#7923,#6299,#6300);
#4976=AXIS2_PLACEMENT_3D('',#7928,#6302,#6303);
#4977=AXIS2_PLACEMENT_3D('',#7931,#6305,#6306);
#4978=AXIS2_PLACEMENT_3D('',#7932,#6307,#6308);
#4979=AXIS2_PLACEMENT_3D('',#7933,#6309,#6310);
#4980=AXIS2_PLACEMENT_3D('',#7934,#6311,#6312);
#4981=AXIS2_PLACEMENT_3D('',#7935,#6313,#6314);
#4982=AXIS2_PLACEMENT_3D('',#7940,#6316,#6317);
#4983=AXIS2_PLACEMENT_3D('',#7943,#6319,#6320);
#4984=AXIS2_PLACEMENT_3D('',#7944,#6321,#6322);
#4985=AXIS2_PLACEMENT_3D('',#7946,#6323,#6324);
#4986=AXIS2_PLACEMENT_3D('',#7949,#6326,#6327);
#4987=AXIS2_PLACEMENT_3D('',#7950,#6328,#6329);
#4988=AXIS2_PLACEMENT_3D('',#7955,#6331,#6332);
#4989=AXIS2_PLACEMENT_3D('',#7958,#6334,#6335);
#4990=AXIS2_PLACEMENT_3D('',#7959,#6336,#6337);
#4991=AXIS2_PLACEMENT_3D('',#7960,#6338,#6339);
#4992=AXIS2_PLACEMENT_3D('',#7961,#6340,#6341);
#4993=AXIS2_PLACEMENT_3D('',#7962,#6342,#6343);
#4994=AXIS2_PLACEMENT_3D('',#7967,#6345,#6346);
#4995=AXIS2_PLACEMENT_3D('',#7970,#6348,#6349);
#4996=AXIS2_PLACEMENT_3D('',#7971,#6350,#6351);
#4997=AXIS2_PLACEMENT_3D('',#7975,#6353,#6354);
#4998=AXIS2_PLACEMENT_3D('',#7976,#6355,#6356);
#4999=AXIS2_PLACEMENT_3D('',#7977,#6357,#6358);
#5000=AXIS2_PLACEMENT_3D('',#7981,#6360,#6361);
#5001=AXIS2_PLACEMENT_3D('',#7982,#6362,#6363);
#5002=AXIS2_PLACEMENT_3D('',#7983,#6364,#6365);
#5003=AXIS2_PLACEMENT_3D('',#7987,#6367,#6368);
#5004=AXIS2_PLACEMENT_3D('',#7988,#6369,#6370);
#5005=AXIS2_PLACEMENT_3D('',#7989,#6371,#6372);
#5006=AXIS2_PLACEMENT_3D('',#7993,#6374,#6375);
#5007=AXIS2_PLACEMENT_3D('',#7994,#6376,#6377);
#5008=AXIS2_PLACEMENT_3D('',#7995,#6378,#6379);
#5009=AXIS2_PLACEMENT_3D('',#7997,#6380,#6381);
#5010=AXIS2_PLACEMENT_3D('',#7999,#6382,#6383);
#5011=AXIS2_PLACEMENT_3D('',#8001,#6384,#6385);
#5012=AXIS2_PLACEMENT_3D('',#8003,#6386,#6387);
#5013=AXIS2_PLACEMENT_3D('',#8005,#6388,#6389);
#5014=AXIS2_PLACEMENT_3D('',#8007,#6390,#6391);
#5015=AXIS2_PLACEMENT_3D('',#8009,#6392,#6393);
#5016=AXIS2_PLACEMENT_3D('',#8011,#6394,#6395);
#5017=AXIS2_PLACEMENT_3D('',#8013,#6396,#6397);
#5018=AXIS2_PLACEMENT_3D('',#8014,#6398,#6399);
#5019=AXIS2_PLACEMENT_3D('',#8016,#6400,#6401);
#5020=AXIS2_PLACEMENT_3D('',#8017,#6402,#6403);
#5021=AXIS2_PLACEMENT_3D('',#8018,#6404,#6405);
#5022=AXIS2_PLACEMENT_3D('',#8019,#6406,#6407);
#5023=AXIS2_PLACEMENT_3D('',#8020,#6408,#6409);
#5024=AXIS2_PLACEMENT_3D('',#8021,#6410,#6411);
#5025=AXIS2_PLACEMENT_3D('',#8022,#6412,#6413);
#5026=AXIS2_PLACEMENT_3D('',#8023,#6414,#6415);
#5027=AXIS2_PLACEMENT_3D('',#8024,#6416,#6417);
#5028=AXIS2_PLACEMENT_3D('',#8025,#6418,#6419);
#5029=AXIS2_PLACEMENT_3D('',#8026,#6420,#6421);
#5030=AXIS2_PLACEMENT_3D('',#8027,#6422,#6423);
#5031=AXIS2_PLACEMENT_3D('',#8028,#6424,#6425);
#5032=AXIS2_PLACEMENT_3D('',#8029,#6426,#6427);
#5033=AXIS2_PLACEMENT_3D('',#8030,#6428,#6429);
#5034=AXIS2_PLACEMENT_3D('',#8031,#6430,#6431);
#5035=AXIS2_PLACEMENT_3D('',#8032,#6432,#6433);
#5036=AXIS2_PLACEMENT_3D('',#8033,#6434,#6435);
#5037=AXIS2_PLACEMENT_3D('',#8034,#6436,#6437);
#5038=AXIS2_PLACEMENT_3D('',#8035,#6438,#6439);
#5039=AXIS2_PLACEMENT_3D('',#8036,#6440,#6441);
#5040=AXIS2_PLACEMENT_3D('',#8037,#6442,#6443);
#5041=AXIS2_PLACEMENT_3D('',#8038,#6444,#6445);
#5042=AXIS2_PLACEMENT_3D('',#8039,#6446,#6447);
#5043=AXIS2_PLACEMENT_3D('',#8040,#6448,#6449);
#5044=AXIS2_PLACEMENT_3D('',#8041,#6450,#6451);
#5045=AXIS2_PLACEMENT_3D('',#8042,#6452,#6453);
#5046=AXIS2_PLACEMENT_3D('',#8043,#6454,#6455);
#5047=AXIS2_PLACEMENT_3D('',#8044,#6456,#6457);
#5048=AXIS2_PLACEMENT_3D('',#8045,#6458,#6459);
#5049=AXIS2_PLACEMENT_3D('',#8046,#6460,#6461);
#5050=AXIS2_PLACEMENT_3D('',#8047,#6462,#6463);
#5051=AXIS2_PLACEMENT_3D('',#8048,#6464,#6465);
#5052=AXIS2_PLACEMENT_3D('',#8049,#6466,#6467);
#5053=AXIS2_PLACEMENT_3D('',#8050,#6468,#6469);
#5054=AXIS2_PLACEMENT_3D('',#8051,#6470,#6471);
#5055=AXIS2_PLACEMENT_3D('',#8053,#6472,#6473);
#5056=AXIS2_PLACEMENT_3D('',#8054,#6474,#6475);
#5057=AXIS2_PLACEMENT_3D('',#8056,#6476,#6477);
#5058=AXIS2_PLACEMENT_3D('',#8057,#6478,#6479);
#5059=AXIS2_PLACEMENT_3D('',#8059,#6480,#6481);
#5060=AXIS2_PLACEMENT_3D('',#8060,#6482,#6483);
#5061=AXIS2_PLACEMENT_3D('',#8062,#6484,#6485);
#5062=AXIS2_PLACEMENT_3D('',#8063,#6486,#6487);
#5063=AXIS2_PLACEMENT_3D('',#8065,#6488,#6489);
#5064=AXIS2_PLACEMENT_3D('',#8066,#6490,#6491);
#5065=AXIS2_PLACEMENT_3D('',#8068,#6492,#6493);
#5066=AXIS2_PLACEMENT_3D('',#8069,#6494,#6495);
#5067=AXIS2_PLACEMENT_3D('',#8071,#6496,#6497);
#5068=AXIS2_PLACEMENT_3D('',#8072,#6498,#6499);
#5069=AXIS2_PLACEMENT_3D('',#8074,#6500,#6501);
#5070=AXIS2_PLACEMENT_3D('',#8075,#6502,#6503);
#5071=AXIS2_PLACEMENT_3D('',#8077,#6504,#6505);
#5072=AXIS2_PLACEMENT_3D('',#8078,#6506,#6507);
#5073=AXIS2_PLACEMENT_3D('',#8080,#6508,#6509);
#5074=AXIS2_PLACEMENT_3D('',#8081,#6510,#6511);
#5075=AXIS2_PLACEMENT_3D('',#8083,#6512,#6513);
#5076=AXIS2_PLACEMENT_3D('',#8084,#6514,#6515);
#5077=AXIS2_PLACEMENT_3D('',#8086,#6516,#6517);
#5078=AXIS2_PLACEMENT_3D('',#8087,#6518,#6519);
#5079=AXIS2_PLACEMENT_3D('',#8089,#6520,#6521);
#5080=AXIS2_PLACEMENT_3D('',#8090,#6522,#6523);
#5081=AXIS2_PLACEMENT_3D('',#8092,#6524,#6525);
#5082=AXIS2_PLACEMENT_3D('',#8093,#6526,#6527);
#5083=AXIS2_PLACEMENT_3D('',#8095,#6528,#6529);
#5084=AXIS2_PLACEMENT_3D('',#8096,#6530,#6531);
#5085=AXIS2_PLACEMENT_3D('',#8098,#6532,#6533);
#5086=AXIS2_PLACEMENT_3D('',#8099,#6534,#6535);
#5087=AXIS2_PLACEMENT_3D('',#8101,#6536,#6537);
#5088=AXIS2_PLACEMENT_3D('',#8102,#6538,#6539);
#5089=AXIS2_PLACEMENT_3D('',#8104,#6540,#6541);
#5090=AXIS2_PLACEMENT_3D('',#8105,#6542,#6543);
#5091=AXIS2_PLACEMENT_3D('',#8106,#6544,#6545);
#5092=AXIS2_PLACEMENT_3D('',#8107,#6546,#6547);
#5093=AXIS2_PLACEMENT_3D('',#8108,#6548,#6549);
#5094=AXIS2_PLACEMENT_3D('',#8110,#6550,#6551);
#5095=AXIS2_PLACEMENT_3D('',#8112,#6552,#6553);
#5096=AXIS2_PLACEMENT_3D('',#8113,#6554,#6555);
#5097=AXIS2_PLACEMENT_3D('',#8115,#6556,#6557);
#5098=AXIS2_PLACEMENT_3D('',#8116,#6558,#6559);
#5099=AXIS2_PLACEMENT_3D('',#8118,#6560,#6561);
#5100=AXIS2_PLACEMENT_3D('',#8119,#6562,#6563);
#5101=AXIS2_PLACEMENT_3D('',#8121,#6564,#6565);
#5102=AXIS2_PLACEMENT_3D('',#8122,#6566,#6567);
#5103=AXIS2_PLACEMENT_3D('',#8124,#6568,#6569);
#5104=AXIS2_PLACEMENT_3D('',#8125,#6570,#6571);
#5105=AXIS2_PLACEMENT_3D('',#8127,#6572,#6573);
#5106=AXIS2_PLACEMENT_3D('',#8128,#6574,#6575);
#5107=AXIS2_PLACEMENT_3D('',#8130,#6576,#6577);
#5108=AXIS2_PLACEMENT_3D('',#8131,#6578,#6579);
#5109=AXIS2_PLACEMENT_3D('',#8133,#6580,#6581);
#5110=AXIS2_PLACEMENT_3D('',#8134,#6582,#6583);
#5111=AXIS2_PLACEMENT_3D('',#8136,#6584,#6585);
#5112=AXIS2_PLACEMENT_3D('',#8137,#6586,#6587);
#5113=AXIS2_PLACEMENT_3D('',#8139,#6588,#6589);
#5114=AXIS2_PLACEMENT_3D('',#8140,#6590,#6591);
#5115=AXIS2_PLACEMENT_3D('',#8142,#6592,#6593);
#5116=AXIS2_PLACEMENT_3D('',#8143,#6594,#6595);
#5117=AXIS2_PLACEMENT_3D('',#8145,#6596,#6597);
#5118=AXIS2_PLACEMENT_3D('',#8146,#6598,#6599);
#5119=AXIS2_PLACEMENT_3D('',#8148,#6600,#6601);
#5120=AXIS2_PLACEMENT_3D('',#8149,#6602,#6603);
#5121=AXIS2_PLACEMENT_3D('',#8151,#6604,#6605);
#5122=AXIS2_PLACEMENT_3D('',#8152,#6606,#6607);
#5123=AXIS2_PLACEMENT_3D('',#8154,#6608,#6609);
#5124=AXIS2_PLACEMENT_3D('',#8155,#6610,#6611);
#5125=AXIS2_PLACEMENT_3D('',#8157,#6612,#6613);
#5126=AXIS2_PLACEMENT_3D('',#8158,#6614,#6615);
#5127=AXIS2_PLACEMENT_3D('',#8160,#6616,#6617);
#5128=AXIS2_PLACEMENT_3D('',#8161,#6618,#6619);
#5129=AXIS2_PLACEMENT_3D('',#8163,#6620,#6621);
#5130=AXIS2_PLACEMENT_3D('',#8164,#6622,#6623);
#5131=AXIS2_PLACEMENT_3D('',#8165,#6624,#6625);
#5132=AXIS2_PLACEMENT_3D('',#8166,#6626,#6627);
#5133=AXIS2_PLACEMENT_3D('',#8167,#6628,#6629);
#5134=AXIS2_PLACEMENT_3D('',#8168,#6630,#6631);
#5135=AXIS2_PLACEMENT_3D('',#8169,#6632,#6633);
#5136=AXIS2_PLACEMENT_3D('',#8170,#6634,#6635);
#5137=AXIS2_PLACEMENT_3D('',#8171,#6636,#6637);
#5138=AXIS2_PLACEMENT_3D('',#8172,#6638,#6639);
#5139=AXIS2_PLACEMENT_3D('',#8173,#6640,#6641);
#5140=AXIS2_PLACEMENT_3D('',#8174,#6642,#6643);
#5141=AXIS2_PLACEMENT_3D('',#8175,#6644,#6645);
#5142=AXIS2_PLACEMENT_3D('',#8176,#6646,#6647);
#5143=AXIS2_PLACEMENT_3D('',#8177,#6648,#6649);
#5144=AXIS2_PLACEMENT_3D('',#8178,#6650,#6651);
#5145=AXIS2_PLACEMENT_3D('',#8179,#6652,#6653);
#5146=AXIS2_PLACEMENT_3D('',#8180,#6654,#6655);
#5147=AXIS2_PLACEMENT_3D('',#8181,#6656,#6657);
#5148=AXIS2_PLACEMENT_3D('',#8182,#6658,#6659);
#5149=AXIS2_PLACEMENT_3D('',#8183,#6660,#6661);
#5150=AXIS2_PLACEMENT_3D('',#8184,#6662,#6663);
#5151=AXIS2_PLACEMENT_3D('',#8185,#6664,#6665);
#5152=AXIS2_PLACEMENT_3D('',#8186,#6666,#6667);
#5153=AXIS2_PLACEMENT_3D('',#8187,#6668,#6669);
#5154=AXIS2_PLACEMENT_3D('',#8188,#6670,#6671);
#5155=AXIS2_PLACEMENT_3D('',#8189,#6672,#6673);
#5156=AXIS2_PLACEMENT_3D('',#8190,#6674,#6675);
#5157=AXIS2_PLACEMENT_3D('',#8191,#6676,#6677);
#5158=AXIS2_PLACEMENT_3D('',#8192,#6678,#6679);
#5159=AXIS2_PLACEMENT_3D('',#8193,#6680,#6681);
#5160=AXIS2_PLACEMENT_3D('',#8194,#6682,#6683);
#5161=AXIS2_PLACEMENT_3D('',#8195,#6684,#6685);
#5162=AXIS2_PLACEMENT_3D('',#8196,#6686,#6687);
#5163=AXIS2_PLACEMENT_3D('',#8197,#6688,#6689);
#5164=AXIS2_PLACEMENT_3D('',#8198,#6690,#6691);
#5165=AXIS2_PLACEMENT_3D('',#8200,#6693,#6694);
#5166=AXIS2_PLACEMENT_3D('',#8202,#6696,#6697);
#5167=AXIS2_PLACEMENT_3D('',#8204,#6699,#6700);
#5168=AXIS2_PLACEMENT_3D('',#8206,#6702,#6703);
#5169=AXIS2_PLACEMENT_3D('',#8208,#6705,#6706);
#5170=AXIS2_PLACEMENT_3D('',#8210,#6708,#6709);
#5171=AXIS2_PLACEMENT_3D('',#8212,#6711,#6712);
#5172=AXIS2_PLACEMENT_3D('',#8214,#6714,#6715);
#5173=AXIS2_PLACEMENT_3D('',#8216,#6717,#6718);
#5174=AXIS2_PLACEMENT_3D('',#8217,#6719,#6720);
#5175=AXIS2_PLACEMENT_3D('',#8218,#6721,#6722);
#5176=AXIS2_PLACEMENT_3D('',#8219,#6723,#6724);
#5177=AXIS2_PLACEMENT_3D('',#8220,#6725,#6726);
#5178=AXIS2_PLACEMENT_3D('',#8221,#6727,#6728);
#5179=AXIS2_PLACEMENT_3D('',#8222,#6729,#6730);
#5180=AXIS2_PLACEMENT_3D('',#8223,#6731,#6732);
#5181=AXIS2_PLACEMENT_3D('',#8224,#6733,#6734);
#5182=AXIS2_PLACEMENT_3D('',#8225,#6735,#6736);
#5183=AXIS2_PLACEMENT_3D('',#8226,#6737,#6738);
#5184=AXIS2_PLACEMENT_3D('',#8227,#6739,#6740);
#5185=AXIS2_PLACEMENT_3D('',#8228,#6741,#6742);
#5186=AXIS2_PLACEMENT_3D('',#8229,#6743,#6744);
#5187=AXIS2_PLACEMENT_3D('',#8230,#6745,#6746);
#5188=AXIS2_PLACEMENT_3D('',#8231,#6747,#6748);
#5189=AXIS2_PLACEMENT_3D('',#8232,#6749,#6750);
#5190=AXIS2_PLACEMENT_3D('',#8233,#6751,#6752);
#5191=AXIS2_PLACEMENT_3D('',#8235,#6754,#6755);
#5192=AXIS2_PLACEMENT_3D('',#8237,#6757,#6758);
#5193=AXIS2_PLACEMENT_3D('',#8239,#6760,#6761);
#5194=AXIS2_PLACEMENT_3D('',#8241,#6763,#6764);
#5195=AXIS2_PLACEMENT_3D('',#8243,#6766,#6767);
#5196=AXIS2_PLACEMENT_3D('',#8245,#6769,#6770);
#5197=AXIS2_PLACEMENT_3D('',#8247,#6772,#6773);
#5198=AXIS2_PLACEMENT_3D('',#8249,#6775,#6776);
#5199=AXIS2_PLACEMENT_3D('',#8251,#6778,#6779);
#5200=AXIS2_PLACEMENT_3D('',#8252,#6780,#6781);
#5201=AXIS2_PLACEMENT_3D('',#8254,#6782,#6783);
#5202=AXIS2_PLACEMENT_3D('',#8255,#6784,#6785);
#5203=AXIS2_PLACEMENT_3D('',#8256,#6786,#6787);
#5204=AXIS2_PLACEMENT_3D('',#8258,#6788,#6789);
#5205=AXIS2_PLACEMENT_3D('',#8259,#6790,#6791);
#5206=AXIS2_PLACEMENT_3D('',#8260,#6792,#6793);
#5207=AXIS2_PLACEMENT_3D('',#8261,#6794,#6795);
#5208=AXIS2_PLACEMENT_3D('',#8262,#6796,#6797);
#5209=AXIS2_PLACEMENT_3D('',#8263,#6798,#6799);
#5210=AXIS2_PLACEMENT_3D('',#8264,#6800,#6801);
#5211=AXIS2_PLACEMENT_3D('',#8265,#6802,#6803);
#5212=AXIS2_PLACEMENT_3D('',#8266,#6804,#6805);
#5213=AXIS2_PLACEMENT_3D('',#8267,#6806,#6807);
#5214=AXIS2_PLACEMENT_3D('',#8268,#6808,#6809);
#5215=AXIS2_PLACEMENT_3D('',#8269,#6810,#6811);
#5216=AXIS2_PLACEMENT_3D('',#8270,#6812,#6813);
#5217=AXIS2_PLACEMENT_3D('',#8271,#6814,#6815);
#5218=AXIS2_PLACEMENT_3D('',#8272,#6816,#6817);
#5219=AXIS2_PLACEMENT_3D('',#8273,#6818,#6819);
#5220=AXIS2_PLACEMENT_3D('',#8274,#6820,#6821);
#5221=AXIS2_PLACEMENT_3D('',#8275,#6822,#6823);
#5222=AXIS2_PLACEMENT_3D('',#8276,#6824,#6825);
#5223=AXIS2_PLACEMENT_3D('',#8277,#6826,#6827);
#5224=AXIS2_PLACEMENT_3D('',#8278,#6828,#6829);
#5225=AXIS2_PLACEMENT_3D('',#8279,#6830,#6831);
#5226=AXIS2_PLACEMENT_3D('',#8280,#6832,#6833);
#5227=AXIS2_PLACEMENT_3D('',#8281,#6834,#6835);
#5228=AXIS2_PLACEMENT_3D('',#8282,#6836,#6837);
#5229=AXIS2_PLACEMENT_3D('',#8283,#6838,#6839);
#5230=AXIS2_PLACEMENT_3D('',#8284,#6840,#6841);
#5231=AXIS2_PLACEMENT_3D('',#8285,#6842,#6843);
#5232=AXIS2_PLACEMENT_3D('',#8286,#6844,#6845);
#5233=AXIS2_PLACEMENT_3D('',#8287,#6846,#6847);
#5234=AXIS2_PLACEMENT_3D('',#8288,#6848,#6849);
#5235=AXIS2_PLACEMENT_3D('',#8289,#6850,#6851);
#5236=AXIS2_PLACEMENT_3D('',#8290,#6852,#6853);
#5237=AXIS2_PLACEMENT_3D('',#8291,#6854,#6855);
#5238=AXIS2_PLACEMENT_3D('',#8292,#6856,#6857);
#5239=AXIS2_PLACEMENT_3D('',#8293,#6858,#6859);
#5240=AXIS2_PLACEMENT_3D('',#8294,#6860,#6861);
#5241=AXIS2_PLACEMENT_3D('',#8295,#6862,#6863);
#5242=AXIS2_PLACEMENT_3D('',#8297,#6864,#6865);
#5243=AXIS2_PLACEMENT_3D('',#8298,#6866,#6867);
#5244=AXIS2_PLACEMENT_3D('',#8300,#6868,#6869);
#5245=AXIS2_PLACEMENT_3D('',#8301,#6870,#6871);
#5246=AXIS2_PLACEMENT_3D('',#8302,#6872,#6873);
#5247=AXIS2_PLACEMENT_3D('',#8304,#6874,#6875);
#5248=AXIS2_PLACEMENT_3D('',#8305,#6876,#6877);
#5249=AXIS2_PLACEMENT_3D('',#8307,#6878,#6879);
#5250=AXIS2_PLACEMENT_3D('',#8308,#6880,#6881);
#5251=AXIS2_PLACEMENT_3D('',#8309,#6882,#6883);
#5252=AXIS2_PLACEMENT_3D('',#8311,#6884,#6885);
#5253=AXIS2_PLACEMENT_3D('',#8312,#6886,#6887);
#5254=AXIS2_PLACEMENT_3D('',#8314,#6888,#6889);
#5255=AXIS2_PLACEMENT_3D('',#8315,#6890,#6891);
#5256=AXIS2_PLACEMENT_3D('',#8316,#6892,#6893);
#5257=AXIS2_PLACEMENT_3D('',#8318,#6894,#6895);
#5258=AXIS2_PLACEMENT_3D('',#8319,#6896,#6897);
#5259=AXIS2_PLACEMENT_3D('',#8321,#6898,#6899);
#5260=AXIS2_PLACEMENT_3D('',#8322,#6900,#6901);
#5261=AXIS2_PLACEMENT_3D('',#8323,#6902,#6903);
#5262=AXIS2_PLACEMENT_3D('',#8325,#6904,#6905);
#5263=AXIS2_PLACEMENT_3D('',#8326,#6906,#6907);
#5264=AXIS2_PLACEMENT_3D('',#8328,#6908,#6909);
#5265=AXIS2_PLACEMENT_3D('',#8329,#6910,#6911);
#5266=AXIS2_PLACEMENT_3D('',#8330,#6912,#6913);
#5267=AXIS2_PLACEMENT_3D('',#8332,#6914,#6915);
#5268=AXIS2_PLACEMENT_3D('',#8333,#6916,#6917);
#5269=AXIS2_PLACEMENT_3D('',#8335,#6918,#6919);
#5270=AXIS2_PLACEMENT_3D('',#8336,#6920,#6921);
#5271=AXIS2_PLACEMENT_3D('',#8337,#6922,#6923);
#5272=AXIS2_PLACEMENT_3D('',#8339,#6924,#6925);
#5273=AXIS2_PLACEMENT_3D('',#8340,#6926,#6927);
#5274=AXIS2_PLACEMENT_3D('',#8342,#6928,#6929);
#5275=AXIS2_PLACEMENT_3D('',#8343,#6930,#6931);
#5276=AXIS2_PLACEMENT_3D('',#8344,#6932,#6933);
#5277=AXIS2_PLACEMENT_3D('',#8346,#6934,#6935);
#5278=AXIS2_PLACEMENT_3D('',#8347,#6936,#6937);
#5279=AXIS2_PLACEMENT_3D('',#8349,#6938,#6939);
#5280=DIRECTION('',(0.,0.,1.));
#5281=DIRECTION('',(1.,0.,0.));
#5282=DIRECTION('',(0.,0.,1.));
#5283=DIRECTION('',(1.,0.,0.));
#5284=DIRECTION('',(0.,0.,1.));
#5285=DIRECTION('',(1.,0.,0.));
#5286=DIRECTION('',(0.,0.,1.));
#5287=DIRECTION('',(1.,0.,0.));
#5288=DIRECTION('',(0.,0.,1.));
#5289=DIRECTION('',(1.,0.,0.));
#5290=DIRECTION('',(0.,0.,1.));
#5291=DIRECTION('',(1.,0.,0.));
#5292=DIRECTION('',(0.,0.,1.));
#5293=DIRECTION('',(1.,0.,0.));
#5294=DIRECTION('',(0.,0.,1.));
#5295=DIRECTION('',(1.,0.,0.));
#5296=DIRECTION('',(0.,0.,1.));
#5297=DIRECTION('',(1.,0.,0.));
#5298=DIRECTION('',(0.,0.,1.));
#5299=DIRECTION('',(1.,0.,0.));
#5300=DIRECTION('',(0.,0.,1.));
#5301=DIRECTION('',(1.,0.,0.));
#5302=DIRECTION('',(0.,0.,1.));
#5303=DIRECTION('',(1.,0.,0.));
#5304=DIRECTION('',(0.,0.,1.));
#5305=DIRECTION('',(1.,0.,0.));
#5306=DIRECTION('',(0.,0.,-1.));
#5307=DIRECTION('',(-1.,0.,0.));
#5308=DIRECTION('',(0.,0.,1.));
#5309=DIRECTION('',(1.,0.,0.));
#5310=DIRECTION('',(0.,0.,1.));
#5311=DIRECTION('',(0.984807753012208,-0.17364817766693,0.));
#5312=DIRECTION('',(0.,0.,1.));
#5313=DIRECTION('',(0.,0.,1.));
#5314=DIRECTION('',(0.984807753012208,-0.17364817766693,0.));
#5315=DIRECTION('',(0.,0.,1.));
#5316=DIRECTION('',(0.,0.,1.));
#5317=DIRECTION('',(1.,0.,0.));
#5318=DIRECTION('',(0.,0.,1.));
#5319=DIRECTION('',(0.984807753012208,-0.173648177666931,0.));
#5320=DIRECTION('',(0.,0.,1.));
#5321=DIRECTION('',(0.,0.,1.));
#5322=DIRECTION('',(0.984807753012208,-0.173648177666931,0.));
#5323=DIRECTION('',(0.,0.,1.));
#5324=DIRECTION('',(1.,0.,0.));
#5325=DIRECTION('',(0.,0.,1.));
#5326=DIRECTION('',(0.984807753012208,-0.17364817766693,0.));
#5327=DIRECTION('',(0.,0.,1.));
#5328=DIRECTION('',(0.,0.,1.));
#5329=DIRECTION('',(0.984807753012208,-0.17364817766693,0.));
#5330=DIRECTION('',(0.,0.,1.));
#5331=DIRECTION('',(1.,0.,0.));
#5332=DIRECTION('',(0.,0.,-1.));
#5333=DIRECTION('',(0.984807753012208,-0.173648177666933,0.));
#5334=DIRECTION('',(0.,0.,1.));
#5335=DIRECTION('',(0.,0.,-1.));
#5336=DIRECTION('',(0.984807753012208,-0.173648177666933,0.));
#5337=DIRECTION('',(0.,0.,1.));
#5338=DIRECTION('',(1.,0.,0.));
#5339=DIRECTION('',(0.,0.,-1.));
#5340=DIRECTION('',(0.86602540378444,-0.5,0.));
#5341=DIRECTION('',(0.,0.,1.));
#5342=DIRECTION('',(0.,0.,-1.));
#5343=DIRECTION('',(0.86602540378444,-0.5,0.));
#5344=DIRECTION('',(0.,0.,1.));
#5345=DIRECTION('',(0.,0.,1.));
#5346=DIRECTION('',(1.,0.,0.));
#5347=DIRECTION('',(0.,0.,1.));
#5348=DIRECTION('',(0.866025403784439,-0.5,0.));
#5349=DIRECTION('',(0.,0.,1.));
#5350=DIRECTION('',(0.,0.,1.));
#5351=DIRECTION('',(0.866025403784439,-0.5,0.));
#5352=DIRECTION('',(0.,0.,1.));
#5353=DIRECTION('',(0.,0.,1.));
#5354=DIRECTION('',(1.,0.,0.));
#5355=DIRECTION('',(0.,0.,1.));
#5356=DIRECTION('',(0.866025403784439,-0.5,0.));
#5357=DIRECTION('',(0.,0.,1.));
#5358=DIRECTION('',(0.866025403784439,-0.5,0.));
#5359=DIRECTION('',(0.,0.,1.));
#5360=DIRECTION('',(0.,0.,1.));
#5361=DIRECTION('',(1.,0.,0.));
#5362=DIRECTION('',(0.,0.,1.));
#5363=DIRECTION('',(0.866025403784438,-0.5,0.));
#5364=DIRECTION('',(0.,0.,1.));
#5365=DIRECTION('',(0.866025403784438,-0.5,0.));
#5366=DIRECTION('',(0.,0.,1.));
#5367=DIRECTION('',(1.,0.,0.));
#5368=DIRECTION('',(0.,0.,-1.));
#5369=DIRECTION('',(0.642787609686539,-0.766044443118979,0.));
#5370=DIRECTION('',(0.,0.,1.));
#5371=DIRECTION('',(0.,0.,-1.));
#5372=DIRECTION('',(0.642787609686539,-0.766044443118979,0.));
#5373=DIRECTION('',(0.,0.,1.));
#5374=DIRECTION('',(0.,0.,1.));
#5375=DIRECTION('',(1.,0.,0.));
#5376=DIRECTION('',(0.,0.,1.));
#5377=DIRECTION('',(0.642787609686538,-0.766044443118979,0.));
#5378=DIRECTION('',(0.,0.,1.));
#5379=DIRECTION('',(0.,0.,1.));
#5380=DIRECTION('',(0.642787609686538,-0.766044443118979,0.));
#5381=DIRECTION('',(0.,0.,1.));
#5382=DIRECTION('',(0.,0.,1.));
#5383=DIRECTION('',(1.,0.,0.));
#5384=DIRECTION('',(0.,0.,1.));
#5385=DIRECTION('',(0.642787609686538,-0.766044443118979,0.));
#5386=DIRECTION('',(0.,0.,1.));
#5387=DIRECTION('',(0.642787609686538,-0.766044443118979,0.));
#5388=DIRECTION('',(0.,0.,1.));
#5389=DIRECTION('',(0.,0.,1.));
#5390=DIRECTION('',(1.,0.,0.));
#5391=DIRECTION('',(0.,0.,1.));
#5392=DIRECTION('',(0.642787609686537,-0.76604444311898,0.));
#5393=DIRECTION('',(0.,0.,1.));
#5394=DIRECTION('',(0.642787609686537,-0.76604444311898,0.));
#5395=DIRECTION('',(0.,0.,1.));
#5396=DIRECTION('',(1.,0.,0.));
#5397=DIRECTION('',(0.,0.,-1.));
#5398=DIRECTION('',(0.342020143325665,-0.93969262078591,0.));
#5399=DIRECTION('',(0.,0.,1.));
#5400=DIRECTION('',(0.,0.,-1.));
#5401=DIRECTION('',(0.342020143325665,-0.93969262078591,0.));
#5402=DIRECTION('',(0.,0.,1.));
#5403=DIRECTION('',(0.,0.,1.));
#5404=DIRECTION('',(1.,0.,0.));
#5405=DIRECTION('',(0.,0.,1.));
#5406=DIRECTION('',(0.342020143325665,-0.93969262078591,0.));
#5407=DIRECTION('',(0.,0.,1.));
#5408=DIRECTION('',(0.,0.,1.));
#5409=DIRECTION('',(0.342020143325665,-0.93969262078591,0.));
#5410=DIRECTION('',(0.,0.,1.));
#5411=DIRECTION('',(0.,0.,1.));
#5412=DIRECTION('',(1.,0.,0.));
#5413=DIRECTION('',(0.,0.,1.));
#5414=DIRECTION('',(0.342020143325666,-0.93969262078591,0.));
#5415=DIRECTION('',(0.,0.,1.));
#5416=DIRECTION('',(0.342020143325666,-0.93969262078591,0.));
#5417=DIRECTION('',(0.,0.,1.));
#5418=DIRECTION('',(0.,0.,1.));
#5419=DIRECTION('',(1.,0.,0.));
#5420=DIRECTION('',(0.,0.,1.));
#5421=DIRECTION('',(0.342020143325667,-0.939692620785909,0.));
#5422=DIRECTION('',(0.,0.,1.));
#5423=DIRECTION('',(0.342020143325667,-0.939692620785909,0.));
#5424=DIRECTION('',(0.,0.,1.));
#5425=DIRECTION('',(1.,0.,0.));
#5426=DIRECTION('',(0.,0.,1.));
#5427=DIRECTION('',(-3.46944695195361E-15,-1.,0.));
#5428=DIRECTION('',(0.,0.,1.));
#5429=DIRECTION('',(0.,0.,1.));
#5430=DIRECTION('',(-3.46944695195361E-15,-1.,0.));
#5431=DIRECTION('',(0.,0.,1.));
#5432=DIRECTION('',(0.,0.,1.));
#5433=DIRECTION('',(1.,0.,0.));
#5434=DIRECTION('',(0.,0.,1.));
#5435=DIRECTION('',(-3.46944695195361E-15,-1.,0.));
#5436=DIRECTION('',(0.,0.,1.));
#5437=DIRECTION('',(0.,0.,1.));
#5438=DIRECTION('',(-3.46944695195361E-15,-1.,0.));
#5439=DIRECTION('',(0.,0.,1.));
#5440=DIRECTION('',(0.,0.,1.));
#5441=DIRECTION('',(1.,0.,0.));
#5442=DIRECTION('',(0.,0.,1.));
#5443=DIRECTION('',(-3.12562788464289E-15,-1.,0.));
#5444=DIRECTION('',(0.,0.,1.));
#5445=DIRECTION('',(-3.12562788464289E-15,-1.,0.));
#5446=DIRECTION('',(0.,0.,1.));
#5447=DIRECTION('',(1.,0.,0.));
#5448=DIRECTION('',(0.,0.,-1.));
#5449=DIRECTION('',(-0.342020143325677,-0.939692620785905,0.));
#5450=DIRECTION('',(0.,0.,1.));
#5451=DIRECTION('',(0.,0.,-1.));
#5452=DIRECTION('',(-0.342020143325677,-0.939692620785905,0.));
#5453=DIRECTION('',(0.,0.,1.));
#5454=DIRECTION('',(0.,0.,1.));
#5455=DIRECTION('',(1.,0.,0.));
#5456=DIRECTION('',(0.,0.,1.));
#5457=DIRECTION('',(-0.342020143325672,-0.939692620785907,0.));
#5458=DIRECTION('',(0.,0.,1.));
#5459=DIRECTION('',(0.,0.,1.));
#5460=DIRECTION('',(-0.342020143325672,-0.939692620785907,0.));
#5461=DIRECTION('',(0.,0.,1.));
#5462=DIRECTION('',(1.,0.,0.));
#5463=DIRECTION('',(0.,0.,1.));
#5464=DIRECTION('',(-0.342020143325672,-0.939692620785907,0.));
#5465=DIRECTION('',(0.,0.,1.));
#5466=DIRECTION('',(0.,0.,1.));
#5467=DIRECTION('',(-0.342020143325672,-0.939692620785907,0.));
#5468=DIRECTION('',(0.,0.,1.));
#5469=DIRECTION('',(0.,0.,1.));
#5470=DIRECTION('',(1.,0.,0.));
#5471=DIRECTION('',(0.,0.,1.));
#5472=DIRECTION('',(-0.342020143325674,-0.939692620785907,0.));
#5473=DIRECTION('',(0.,0.,1.));
#5474=DIRECTION('',(-0.342020143325674,-0.939692620785907,0.));
#5475=DIRECTION('',(0.,0.,1.));
#5476=DIRECTION('',(1.,0.,0.));
#5477=DIRECTION('',(0.,0.,-1.));
#5478=DIRECTION('',(-0.642787609686541,-0.766044443118977,0.));
#5479=DIRECTION('',(0.,0.,1.));
#5480=DIRECTION('',(0.,0.,-1.));
#5481=DIRECTION('',(-0.642787609686541,-0.766044443118977,0.));
#5482=DIRECTION('',(0.,0.,1.));
#5483=DIRECTION('',(0.,0.,1.));
#5484=DIRECTION('',(1.,0.,0.));
#5485=DIRECTION('',(0.,0.,1.));
#5486=DIRECTION('',(-0.642787609686543,-0.766044443118975,0.));
#5487=DIRECTION('',(0.,0.,1.));
#5488=DIRECTION('',(0.,0.,1.));
#5489=DIRECTION('',(-0.642787609686543,-0.766044443118975,0.));
#5490=DIRECTION('',(0.,0.,1.));
#5491=DIRECTION('',(1.,0.,0.));
#5492=DIRECTION('',(0.,0.,1.));
#5493=DIRECTION('',(-0.642787609686543,-0.766044443118975,0.));
#5494=DIRECTION('',(0.,0.,1.));
#5495=DIRECTION('',(0.,0.,1.));
#5496=DIRECTION('',(-0.642787609686543,-0.766044443118975,0.));
#5497=DIRECTION('',(0.,0.,1.));
#5498=DIRECTION('',(0.,0.,1.));
#5499=DIRECTION('',(1.,0.,0.));
#5500=DIRECTION('',(0.,0.,1.));
#5501=DIRECTION('',(-0.642787609686544,-0.766044443118975,0.));
#5502=DIRECTION('',(0.,0.,1.));
#5503=DIRECTION('',(-0.642787609686544,-0.766044443118975,0.));
#5504=DIRECTION('',(0.,0.,1.));
#5505=DIRECTION('',(1.,0.,0.));
#5506=DIRECTION('',(0.,0.,-1.));
#5507=DIRECTION('',(-0.86602540378444,-0.5,0.));
#5508=DIRECTION('',(0.,0.,1.));
#5509=DIRECTION('',(0.,0.,-1.));
#5510=DIRECTION('',(-0.86602540378444,-0.5,0.));
#5511=DIRECTION('',(0.,0.,1.));
#5512=DIRECTION('',(0.,0.,1.));
#5513=DIRECTION('',(1.,0.,0.));
#5514=DIRECTION('',(0.,0.,1.));
#5515=DIRECTION('',(-0.866025403784442,-0.5,0.));
#5516=DIRECTION('',(0.,0.,1.));
#5517=DIRECTION('',(0.,0.,1.));
#5518=DIRECTION('',(-0.866025403784442,-0.5,0.));
#5519=DIRECTION('',(0.,0.,1.));
#5520=DIRECTION('',(1.,0.,0.));
#5521=DIRECTION('',(0.,0.,1.));
#5522=DIRECTION('',(-0.866025403784442,-0.5,0.));
#5523=DIRECTION('',(0.,0.,1.));
#5524=DIRECTION('',(0.,0.,1.));
#5525=DIRECTION('',(-0.866025403784442,-0.5,0.));
#5526=DIRECTION('',(0.,0.,1.));
#5527=DIRECTION('',(0.,0.,1.));
#5528=DIRECTION('',(1.,0.,0.));
#5529=DIRECTION('',(0.,0.,1.));
#5530=DIRECTION('',(-0.866025403784442,-0.5,0.));
#5531=DIRECTION('',(0.,0.,1.));
#5532=DIRECTION('',(-0.866025403784442,-0.5,0.));
#5533=DIRECTION('',(0.,0.,1.));
#5534=DIRECTION('',(1.,0.,0.));
#5535=DIRECTION('',(0.,0.,-1.));
#5536=DIRECTION('',(-0.98480775301221,-0.173648177666922,0.));
#5537=DIRECTION('',(0.,0.,1.));
#5538=DIRECTION('',(0.,0.,-1.));
#5539=DIRECTION('',(-0.98480775301221,-0.173648177666922,0.));
#5540=DIRECTION('',(0.,0.,1.));
#5541=DIRECTION('',(0.,0.,1.));
#5542=DIRECTION('',(1.,0.,0.));
#5543=DIRECTION('',(0.,0.,1.));
#5544=DIRECTION('',(-0.984807753012209,-0.173648177666925,0.));
#5545=DIRECTION('',(0.,0.,1.));
#5546=DIRECTION('',(0.,0.,1.));
#5547=DIRECTION('',(-0.984807753012209,-0.173648177666925,0.));
#5548=DIRECTION('',(0.,0.,1.));
#5549=DIRECTION('',(1.,0.,0.));
#5550=DIRECTION('',(0.,0.,1.));
#5551=DIRECTION('',(-0.984807753012209,-0.173648177666925,0.));
#5552=DIRECTION('',(0.,0.,1.));
#5553=DIRECTION('',(0.,0.,1.));
#5554=DIRECTION('',(-0.984807753012209,-0.173648177666925,0.));
#5555=DIRECTION('',(0.,0.,1.));
#5556=DIRECTION('',(0.,0.,1.));
#5557=DIRECTION('',(1.,0.,0.));
#5558=DIRECTION('',(0.,0.,1.));
#5559=DIRECTION('',(-0.984807753012209,-0.173648177666926,0.));
#5560=DIRECTION('',(0.,0.,1.));
#5561=DIRECTION('',(-0.984807753012209,-0.173648177666926,0.));
#5562=DIRECTION('',(0.,0.,1.));
#5563=DIRECTION('',(1.,0.,0.));
#5564=DIRECTION('',(0.,0.,-1.));
#5565=DIRECTION('',(-0.984807753012208,0.173648177666933,0.));
#5566=DIRECTION('',(0.,0.,1.));
#5567=DIRECTION('',(0.,0.,-1.));
#5568=DIRECTION('',(-0.984807753012208,0.173648177666933,0.));
#5569=DIRECTION('',(0.,0.,1.));
#5570=DIRECTION('',(0.,0.,1.));
#5571=DIRECTION('',(1.,0.,0.));
#5572=DIRECTION('',(0.,0.,-1.));
#5573=DIRECTION('',(-0.984807753012208,0.173648177666933,0.));
#5574=DIRECTION('',(0.,0.,1.));
#5575=DIRECTION('',(0.,0.,-1.));
#5576=DIRECTION('',(-0.984807753012208,0.173648177666933,0.));
#5577=DIRECTION('',(0.,0.,1.));
#5578=DIRECTION('',(0.,0.,1.));
#5579=DIRECTION('',(1.,0.,0.));
#5580=DIRECTION('',(0.,0.,1.));
#5581=DIRECTION('',(-0.984807753012207,0.173648177666937,0.));
#5582=DIRECTION('',(0.,0.,1.));
#5583=DIRECTION('',(-0.984807753012207,0.173648177666937,0.));
#5584=DIRECTION('',(0.,0.,1.));
#5585=DIRECTION('',(0.,0.,1.));
#5586=DIRECTION('',(1.,0.,0.));
#5587=DIRECTION('',(0.,0.,1.));
#5588=DIRECTION('',(-0.984807753012207,0.173648177666938,0.));
#5589=DIRECTION('',(0.,0.,1.));
#5590=DIRECTION('',(-0.984807753012207,0.173648177666938,0.));
#5591=DIRECTION('',(0.,0.,1.));
#5592=DIRECTION('',(0.,0.,1.));
#5593=DIRECTION('',(1.,0.,0.));
#5594=DIRECTION('',(0.,0.,-1.));
#5595=DIRECTION('',(-0.866025403784434,0.500000000000009,0.));
#5596=DIRECTION('',(0.,0.,1.));
#5597=DIRECTION('',(0.,0.,-1.));
#5598=DIRECTION('',(-0.866025403784434,0.500000000000009,0.));
#5599=DIRECTION('',(0.,0.,1.));
#5600=DIRECTION('',(0.,0.,1.));
#5601=DIRECTION('',(1.,0.,0.));
#5602=DIRECTION('',(0.,0.,-1.));
#5603=DIRECTION('',(-0.866025403784434,0.500000000000009,0.));
#5604=DIRECTION('',(0.,0.,1.));
#5605=DIRECTION('',(0.,0.,-1.));
#5606=DIRECTION('',(-0.866025403784434,0.500000000000009,0.));
#5607=DIRECTION('',(0.,0.,1.));
#5608=DIRECTION('',(0.,0.,1.));
#5609=DIRECTION('',(1.,0.,0.));
#5610=DIRECTION('',(0.,0.,1.));
#5611=DIRECTION('',(-0.866025403784435,0.500000000000007,0.));
#5612=DIRECTION('',(0.,0.,1.));
#5613=DIRECTION('',(0.,0.,1.));
#5614=DIRECTION('',(-0.866025403784435,0.500000000000007,0.));
#5615=DIRECTION('',(0.,0.,1.));
#5616=DIRECTION('',(1.,0.,0.));
#5617=DIRECTION('',(0.,0.,1.));
#5618=DIRECTION('',(-0.866025403784434,0.500000000000007,0.));
#5619=DIRECTION('',(0.,0.,1.));
#5620=DIRECTION('',(-0.866025403784434,0.500000000000007,0.));
#5621=DIRECTION('',(0.,0.,1.));
#5622=DIRECTION('',(0.,0.,1.));
#5623=DIRECTION('',(1.,0.,0.));
#5624=DIRECTION('',(0.,0.,-1.));
#5625=DIRECTION('',(-0.642787609686529,0.766044443118987,0.));
#5626=DIRECTION('',(0.,0.,1.));
#5627=DIRECTION('',(0.,0.,-1.));
#5628=DIRECTION('',(-0.642787609686529,0.766044443118987,0.));
#5629=DIRECTION('',(0.,0.,1.));
#5630=DIRECTION('',(0.,0.,1.));
#5631=DIRECTION('',(1.,0.,0.));
#5632=DIRECTION('',(0.,0.,-1.));
#5633=DIRECTION('',(-0.642787609686532,0.766044443118985,0.));
#5634=DIRECTION('',(0.,0.,1.));
#5635=DIRECTION('',(0.,0.,-1.));
#5636=DIRECTION('',(-0.642787609686532,0.766044443118985,0.));
#5637=DIRECTION('',(0.,0.,1.));
#5638=DIRECTION('',(0.,0.,1.));
#5639=DIRECTION('',(1.,0.,0.));
#5640=DIRECTION('',(0.,0.,1.));
#5641=DIRECTION('',(-0.642787609686533,0.766044443118984,0.));
#5642=DIRECTION('',(0.,0.,1.));
#5643=DIRECTION('',(0.,0.,1.));
#5644=DIRECTION('',(-0.642787609686533,0.766044443118984,0.));
#5645=DIRECTION('',(0.,0.,1.));
#5646=DIRECTION('',(1.,0.,0.));
#5647=DIRECTION('',(0.,0.,1.));
#5648=DIRECTION('',(-0.642787609686533,0.766044443118984,0.));
#5649=DIRECTION('',(0.,0.,1.));
#5650=DIRECTION('',(-0.642787609686533,0.766044443118984,0.));
#5651=DIRECTION('',(0.,0.,1.));
#5652=DIRECTION('',(0.,0.,1.));
#5653=DIRECTION('',(1.,0.,0.));
#5654=DIRECTION('',(0.,0.,-1.));
#5655=DIRECTION('',(-0.342020143325664,0.93969262078591,0.));
#5656=DIRECTION('',(0.,0.,1.));
#5657=DIRECTION('',(0.,0.,-1.));
#5658=DIRECTION('',(-0.342020143325664,0.93969262078591,0.));
#5659=DIRECTION('',(0.,0.,1.));
#5660=DIRECTION('',(0.,0.,1.));
#5661=DIRECTION('',(1.,0.,0.));
#5662=DIRECTION('',(0.,0.,-1.));
#5663=DIRECTION('',(-0.342020143325665,0.93969262078591,0.));
#5664=DIRECTION('',(0.,0.,1.));
#5665=DIRECTION('',(0.,0.,-1.));
#5666=DIRECTION('',(-0.342020143325665,0.93969262078591,0.));
#5667=DIRECTION('',(0.,0.,1.));
#5668=DIRECTION('',(0.,0.,1.));
#5669=DIRECTION('',(1.,0.,0.));
#5670=DIRECTION('',(0.,0.,1.));
#5671=DIRECTION('',(-0.34202014332566,0.939692620785911,0.));
#5672=DIRECTION('',(0.,0.,1.));
#5673=DIRECTION('',(0.,0.,1.));
#5674=DIRECTION('',(-0.34202014332566,0.939692620785911,0.));
#5675=DIRECTION('',(0.,0.,1.));
#5676=DIRECTION('',(1.,0.,0.));
#5677=DIRECTION('',(0.,0.,1.));
#5678=DIRECTION('',(-0.34202014332566,0.939692620785911,0.));
#5679=DIRECTION('',(0.,0.,1.));
#5680=DIRECTION('',(-0.34202014332566,0.939692620785911,0.));
#5681=DIRECTION('',(0.,0.,1.));
#5682=DIRECTION('',(0.,0.,1.));
#5683=DIRECTION('',(1.,0.,0.));
#5684=DIRECTION('',(0.,0.,-1.));
#5685=DIRECTION('',(1.15648231731786E-14,1.,0.));
#5686=DIRECTION('',(0.,0.,1.));
#5687=DIRECTION('',(0.,0.,-1.));
#5688=DIRECTION('',(1.15648231731786E-14,1.,0.));
#5689=DIRECTION('',(0.,0.,1.));
#5690=DIRECTION('',(0.,0.,1.));
#5691=DIRECTION('',(1.,0.,0.));
#5692=DIRECTION('',(0.,0.,-1.));
#5693=DIRECTION('',(1.15648231731786E-14,1.,0.));
#5694=DIRECTION('',(0.,0.,1.));
#5695=DIRECTION('',(0.,0.,-1.));
#5696=DIRECTION('',(1.15648231731786E-14,1.,0.));
#5697=DIRECTION('',(0.,0.,1.));
#5698=DIRECTION('',(0.,0.,1.));
#5699=DIRECTION('',(1.,0.,0.));
#5700=DIRECTION('',(0.,0.,1.));
#5701=DIRECTION('',(1.04083408558608E-14,1.,0.));
#5702=DIRECTION('',(0.,0.,1.));
#5703=DIRECTION('',(0.,0.,1.));
#5704=DIRECTION('',(1.04083408558608E-14,1.,0.));
#5705=DIRECTION('',(0.,0.,1.));
#5706=DIRECTION('',(1.,0.,0.));
#5707=DIRECTION('',(0.,0.,1.));
#5708=DIRECTION('',(1.04083408558608E-14,1.,0.));
#5709=DIRECTION('',(0.,0.,1.));
#5710=DIRECTION('',(1.04083408558608E-14,1.,0.));
#5711=DIRECTION('',(0.,0.,1.));
#5712=DIRECTION('',(0.,0.,1.));
#5713=DIRECTION('',(1.,0.,0.));
#5714=DIRECTION('',(0.,0.,-1.));
#5715=DIRECTION('',(0.342020143325678,0.939692620785905,0.));
#5716=DIRECTION('',(0.,0.,1.));
#5717=DIRECTION('',(0.,0.,-1.));
#5718=DIRECTION('',(0.342020143325678,0.939692620785905,0.));
#5719=DIRECTION('',(0.,0.,1.));
#5720=DIRECTION('',(0.,0.,1.));
#5721=DIRECTION('',(1.,0.,0.));
#5722=DIRECTION('',(0.,0.,-1.));
#5723=DIRECTION('',(0.342020143325677,0.939692620785905,0.));
#5724=DIRECTION('',(0.,0.,1.));
#5725=DIRECTION('',(0.,0.,-1.));
#5726=DIRECTION('',(0.342020143325677,0.939692620785905,0.));
#5727=DIRECTION('',(0.,0.,1.));
#5728=DIRECTION('',(0.,0.,1.));
#5729=DIRECTION('',(1.,0.,0.));
#5730=DIRECTION('',(0.,0.,1.));
#5731=DIRECTION('',(0.342020143325679,0.939692620785905,0.));
#5732=DIRECTION('',(0.,0.,1.));
#5733=DIRECTION('',(0.,0.,1.));
#5734=DIRECTION('',(0.342020143325679,0.939692620785905,0.));
#5735=DIRECTION('',(0.,0.,1.));
#5736=DIRECTION('',(1.,0.,0.));
#5737=DIRECTION('',(0.,0.,1.));
#5738=DIRECTION('',(0.342020143325679,0.939692620785904,0.));
#5739=DIRECTION('',(0.,0.,1.));
#5740=DIRECTION('',(0.342020143325679,0.939692620785904,0.));
#5741=DIRECTION('',(0.,0.,1.));
#5742=DIRECTION('',(0.,0.,1.));
#5743=DIRECTION('',(1.,0.,0.));
#5744=DIRECTION('',(0.,0.,-1.));
#5745=DIRECTION('',(0.642787609686551,0.766044443118968,0.));
#5746=DIRECTION('',(0.,0.,1.));
#5747=DIRECTION('',(0.,0.,-1.));
#5748=DIRECTION('',(0.642787609686551,0.766044443118968,0.));
#5749=DIRECTION('',(0.,0.,1.));
#5750=DIRECTION('',(0.,0.,1.));
#5751=DIRECTION('',(1.,0.,0.));
#5752=DIRECTION('',(0.,0.,-1.));
#5753=DIRECTION('',(0.642787609686551,0.766044443118968,0.));
#5754=DIRECTION('',(0.,0.,1.));
#5755=DIRECTION('',(0.,0.,-1.));
#5756=DIRECTION('',(0.642787609686551,0.766044443118968,0.));
#5757=DIRECTION('',(0.,0.,1.));
#5758=DIRECTION('',(0.,0.,1.));
#5759=DIRECTION('',(1.,0.,0.));
#5760=DIRECTION('',(0.,0.,1.));
#5761=DIRECTION('',(0.642787609686548,0.766044443118971,0.));
#5762=DIRECTION('',(0.,0.,1.));
#5763=DIRECTION('',(0.,0.,1.));
#5764=DIRECTION('',(0.642787609686548,0.766044443118971,0.));
#5765=DIRECTION('',(0.,0.,1.));
#5766=DIRECTION('',(1.,0.,0.));
#5767=DIRECTION('',(0.,0.,1.));
#5768=DIRECTION('',(0.642787609686548,0.766044443118971,0.));
#5769=DIRECTION('',(0.,0.,1.));
#5770=DIRECTION('',(0.642787609686548,0.766044443118971,0.));
#5771=DIRECTION('',(0.,0.,1.));
#5772=DIRECTION('',(0.,0.,1.));
#5773=DIRECTION('',(1.,0.,0.));
#5774=DIRECTION('',(0.,0.,-1.));
#5775=DIRECTION('',(0.866025403784447,0.499999999999986,0.));
#5776=DIRECTION('',(0.,0.,1.));
#5777=DIRECTION('',(0.,0.,-1.));
#5778=DIRECTION('',(0.866025403784447,0.499999999999986,0.));
#5779=DIRECTION('',(0.,0.,1.));
#5780=DIRECTION('',(0.,0.,1.));
#5781=DIRECTION('',(1.,0.,0.));
#5782=DIRECTION('',(0.,0.,-1.));
#5783=DIRECTION('',(0.866025403784447,0.499999999999986,0.));
#5784=DIRECTION('',(0.,0.,1.));
#5785=DIRECTION('',(0.,0.,-1.));
#5786=DIRECTION('',(0.866025403784447,0.499999999999986,0.));
#5787=DIRECTION('',(0.,0.,1.));
#5788=DIRECTION('',(0.,0.,1.));
#5789=DIRECTION('',(1.,0.,0.));
#5790=DIRECTION('',(0.,0.,1.));
#5791=DIRECTION('',(0.866025403784445,0.49999999999999,0.));
#5792=DIRECTION('',(0.,0.,1.));
#5793=DIRECTION('',(0.,0.,1.));
#5794=DIRECTION('',(0.866025403784445,0.49999999999999,0.));
#5795=DIRECTION('',(0.,0.,1.));
#5796=DIRECTION('',(1.,0.,0.));
#5797=DIRECTION('',(0.,0.,1.));
#5798=DIRECTION('',(0.866025403784445,0.499999999999988,0.));
#5799=DIRECTION('',(0.,0.,1.));
#5800=DIRECTION('',(0.866025403784445,0.499999999999988,0.));
#5801=DIRECTION('',(0.,0.,1.));
#5802=DIRECTION('',(0.,0.,1.));
#5803=DIRECTION('',(1.,0.,0.));
#5804=DIRECTION('',(0.,0.,-1.));
#5805=DIRECTION('',(0.98480775301221,0.173648177666922,0.));
#5806=DIRECTION('',(0.,0.,1.));
#5807=DIRECTION('',(0.,0.,-1.));
#5808=DIRECTION('',(0.98480775301221,0.173648177666922,0.));
#5809=DIRECTION('',(0.,0.,1.));
#5810=DIRECTION('',(0.,0.,1.));
#5811=DIRECTION('',(1.,0.,0.));
#5812=DIRECTION('',(0.,0.,-1.));
#5813=DIRECTION('',(0.98480775301221,0.173648177666922,0.));
#5814=DIRECTION('',(0.,0.,1.));
#5815=DIRECTION('',(0.,0.,-1.));
#5816=DIRECTION('',(0.98480775301221,0.173648177666922,0.));
#5817=DIRECTION('',(0.,0.,1.));
#5818=DIRECTION('',(0.,0.,1.));
#5819=DIRECTION('',(1.,0.,0.));
#5820=DIRECTION('',(0.,0.,1.));
#5821=DIRECTION('',(0.98480775301221,0.173648177666918,0.));
#5822=DIRECTION('',(0.,0.,1.));
#5823=DIRECTION('',(0.,0.,1.));
#5824=DIRECTION('',(0.98480775301221,0.173648177666918,0.));
#5825=DIRECTION('',(0.,0.,1.));
#5826=DIRECTION('',(1.,0.,0.));
#5827=DIRECTION('',(0.,0.,1.));
#5828=DIRECTION('',(0.984807753012211,0.173648177666916,0.));
#5829=DIRECTION('',(0.,0.,1.));
#5830=DIRECTION('',(0.,0.,1.));
#5831=DIRECTION('',(0.984807753012211,0.173648177666916,0.));
#5832=DIRECTION('',(0.,0.,1.));
#5833=DIRECTION('',(1.,0.,0.));
#5834=DIRECTION('',(0.,0.,-1.));
#5835=DIRECTION('',(0.939692620785914,0.342020143325654,0.));
#5836=DIRECTION('',(0.,0.,1.));
#5837=DIRECTION('',(0.,0.,-1.));
#5838=DIRECTION('',(0.939692620785914,0.342020143325654,0.));
#5839=DIRECTION('',(0.,0.,1.));
#5840=DIRECTION('',(0.,0.,1.));
#5841=DIRECTION('',(1.,0.,0.));
#5842=DIRECTION('',(0.,0.,-1.));
#5843=DIRECTION('',(0.939692620785914,0.342020143325654,0.));
#5844=DIRECTION('',(0.,0.,1.));
#5845=DIRECTION('',(0.,0.,-1.));
#5846=DIRECTION('',(0.939692620785914,0.342020143325654,0.));
#5847=DIRECTION('',(0.,0.,1.));
#5848=DIRECTION('',(0.,0.,1.));
#5849=DIRECTION('',(1.,0.,0.));
#5850=DIRECTION('',(0.,0.,1.));
#5851=DIRECTION('',(0.939692620785913,0.342020143325657,0.));
#5852=DIRECTION('',(0.,0.,1.));
#5853=DIRECTION('',(0.,0.,1.));
#5854=DIRECTION('',(0.939692620785913,0.342020143325657,0.));
#5855=DIRECTION('',(0.,0.,1.));
#5856=DIRECTION('',(1.,0.,0.));
#5857=DIRECTION('',(0.,0.,1.));
#5858=DIRECTION('',(0.939692620785912,0.342020143325658,0.));
#5859=DIRECTION('',(0.,0.,1.));
#5860=DIRECTION('',(0.,0.,1.));
#5861=DIRECTION('',(0.939692620785912,0.342020143325658,0.));
#5862=DIRECTION('',(0.,0.,1.));
#5863=DIRECTION('',(1.,0.,0.));
#5864=DIRECTION('',(0.,0.,-1.));
#5865=DIRECTION('',(0.766044443118987,0.642787609686529,0.));
#5866=DIRECTION('',(0.,0.,1.));
#5867=DIRECTION('',(0.,0.,-1.));
#5868=DIRECTION('',(0.766044443118987,0.642787609686529,0.));
#5869=DIRECTION('',(0.,0.,1.));
#5870=DIRECTION('',(0.,0.,1.));
#5871=DIRECTION('',(1.,0.,0.));
#5872=DIRECTION('',(0.,0.,-1.));
#5873=DIRECTION('',(0.766044443118987,0.642787609686529,0.));
#5874=DIRECTION('',(0.,0.,1.));
#5875=DIRECTION('',(0.,0.,-1.));
#5876=DIRECTION('',(0.766044443118987,0.642787609686529,0.));
#5877=DIRECTION('',(0.,0.,1.));
#5878=DIRECTION('',(0.,0.,1.));
#5879=DIRECTION('',(1.,0.,0.));
#5880=DIRECTION('',(0.,0.,1.));
#5881=DIRECTION('',(0.766044443118986,0.642787609686531,0.));
#5882=DIRECTION('',(0.,0.,1.));
#5883=DIRECTION('',(0.766044443118986,0.642787609686531,0.));
#5884=DIRECTION('',(0.,0.,1.));
#5885=DIRECTION('',(0.,0.,1.));
#5886=DIRECTION('',(1.,0.,0.));
#5887=DIRECTION('',(0.,0.,1.));
#5888=DIRECTION('',(0.766044443118986,0.642787609686531,0.));
#5889=DIRECTION('',(0.,0.,1.));
#5890=DIRECTION('',(0.,0.,1.));
#5891=DIRECTION('',(0.766044443118986,0.642787609686531,0.));
#5892=DIRECTION('',(0.,0.,1.));
#5893=DIRECTION('',(1.,0.,0.));
#5894=DIRECTION('',(0.,0.,-1.));
#5895=DIRECTION('',(0.500000000000009,0.866025403784434,0.));
#5896=DIRECTION('',(0.,0.,1.));
#5897=DIRECTION('',(0.,0.,-1.));
#5898=DIRECTION('',(0.500000000000009,0.866025403784434,0.));
#5899=DIRECTION('',(0.,0.,1.));
#5900=DIRECTION('',(0.,0.,1.));
#5901=DIRECTION('',(1.,0.,0.));
#5902=DIRECTION('',(0.,0.,-1.));
#5903=DIRECTION('',(0.500000000000009,0.866025403784434,0.));
#5904=DIRECTION('',(0.,0.,1.));
#5905=DIRECTION('',(0.,0.,-1.));
#5906=DIRECTION('',(0.500000000000009,0.866025403784434,0.));
#5907=DIRECTION('',(0.,0.,1.));
#5908=DIRECTION('',(0.,0.,1.));
#5909=DIRECTION('',(1.,0.,0.));
#5910=DIRECTION('',(0.,0.,1.));
#5911=DIRECTION('',(0.500000000000011,0.866025403784432,0.));
#5912=DIRECTION('',(0.,0.,1.));
#5913=DIRECTION('',(0.500000000000011,0.866025403784432,0.));
#5914=DIRECTION('',(0.,0.,1.));
#5915=DIRECTION('',(0.,0.,1.));
#5916=DIRECTION('',(1.,0.,0.));
#5917=DIRECTION('',(0.,0.,1.));
#5918=DIRECTION('',(0.500000000000011,0.866025403784433,0.));
#5919=DIRECTION('',(0.,0.,1.));
#5920=DIRECTION('',(0.,0.,1.));
#5921=DIRECTION('',(0.500000000000011,0.866025403784433,0.));
#5922=DIRECTION('',(0.,0.,1.));
#5923=DIRECTION('',(1.,0.,0.));
#5924=DIRECTION('',(0.,0.,-1.));
#5925=DIRECTION('',(0.173648177666945,0.984807753012206,0.));
#5926=DIRECTION('',(0.,0.,1.));
#5927=DIRECTION('',(0.,0.,-1.));
#5928=DIRECTION('',(0.173648177666945,0.984807753012206,0.));
#5929=DIRECTION('',(0.,0.,1.));
#5930=DIRECTION('',(0.,0.,1.));
#5931=DIRECTION('',(1.,0.,0.));
#5932=DIRECTION('',(0.,0.,-1.));
#5933=DIRECTION('',(0.173648177666945,0.984807753012206,0.));
#5934=DIRECTION('',(0.,0.,1.));
#5935=DIRECTION('',(0.,0.,-1.));
#5936=DIRECTION('',(0.173648177666945,0.984807753012206,0.));
#5937=DIRECTION('',(0.,0.,1.));
#5938=DIRECTION('',(0.,0.,1.));
#5939=DIRECTION('',(1.,0.,0.));
#5940=DIRECTION('',(0.,0.,1.));
#5941=DIRECTION('',(0.173648177666941,0.984807753012206,0.));
#5942=DIRECTION('',(0.,0.,1.));
#5943=DIRECTION('',(0.173648177666941,0.984807753012206,0.));
#5944=DIRECTION('',(0.,0.,1.));
#5945=DIRECTION('',(0.,0.,1.));
#5946=DIRECTION('',(1.,0.,0.));
#5947=DIRECTION('',(0.,0.,1.));
#5948=DIRECTION('',(0.173648177666941,0.984807753012206,0.));
#5949=DIRECTION('',(0.,0.,1.));
#5950=DIRECTION('',(0.,0.,1.));
#5951=DIRECTION('',(0.173648177666941,0.984807753012206,0.));
#5952=DIRECTION('',(0.,0.,1.));
#5953=DIRECTION('',(1.,0.,0.));
#5954=DIRECTION('',(0.,0.,-1.));
#5955=DIRECTION('',(-0.173648177666922,0.98480775301221,0.));
#5956=DIRECTION('',(0.,0.,1.));
#5957=DIRECTION('',(0.,0.,-1.));
#5958=DIRECTION('',(-0.173648177666922,0.98480775301221,0.));
#5959=DIRECTION('',(0.,0.,1.));
#5960=DIRECTION('',(0.,0.,1.));
#5961=DIRECTION('',(1.,0.,0.));
#5962=DIRECTION('',(0.,0.,-1.));
#5963=DIRECTION('',(-0.173648177666922,0.98480775301221,0.));
#5964=DIRECTION('',(0.,0.,1.));
#5965=DIRECTION('',(0.,0.,-1.));
#5966=DIRECTION('',(-0.173648177666922,0.98480775301221,0.));
#5967=DIRECTION('',(0.,0.,1.));
#5968=DIRECTION('',(0.,0.,1.));
#5969=DIRECTION('',(1.,0.,0.));
#5970=DIRECTION('',(0.,0.,1.));
#5971=DIRECTION('',(-0.173648177666922,0.98480775301221,0.));
#5972=DIRECTION('',(0.,0.,1.));
#5973=DIRECTION('',(-0.173648177666922,0.98480775301221,0.));
#5974=DIRECTION('',(0.,0.,1.));
#5975=DIRECTION('',(0.,0.,1.));
#5976=DIRECTION('',(1.,0.,0.));
#5977=DIRECTION('',(0.,0.,1.));
#5978=DIRECTION('',(-0.173648177666921,0.98480775301221,0.));
#5979=DIRECTION('',(0.,0.,1.));
#5980=DIRECTION('',(0.,0.,1.));
#5981=DIRECTION('',(-0.173648177666921,0.98480775301221,0.));
#5982=DIRECTION('',(0.,0.,1.));
#5983=DIRECTION('',(1.,0.,0.));
#5984=DIRECTION('',(0.,0.,-1.));
#5985=DIRECTION('',(-0.5,0.866025403784442,0.));
#5986=DIRECTION('',(0.,0.,1.));
#5987=DIRECTION('',(0.,0.,-1.));
#5988=DIRECTION('',(-0.5,0.866025403784442,0.));
#5989=DIRECTION('',(0.,0.,1.));
#5990=DIRECTION('',(0.,0.,1.));
#5991=DIRECTION('',(1.,0.,0.));
#5992=DIRECTION('',(0.,0.,-1.));
#5993=DIRECTION('',(-0.5,0.86602540378444,0.));
#5994=DIRECTION('',(0.,0.,1.));
#5995=DIRECTION('',(0.,0.,-1.));
#5996=DIRECTION('',(-0.5,0.86602540378444,0.));
#5997=DIRECTION('',(0.,0.,1.));
#5998=DIRECTION('',(0.,0.,1.));
#5999=DIRECTION('',(1.,0.,0.));
#6000=DIRECTION('',(0.,0.,1.));
#6001=DIRECTION('',(-0.499999999999992,0.866025403784443,0.));
#6002=DIRECTION('',(0.,0.,1.));
#6003=DIRECTION('',(-0.499999999999992,0.866025403784443,0.));
#6004=DIRECTION('',(0.,0.,1.));
#6005=DIRECTION('',(0.,0.,1.));
#6006=DIRECTION('',(1.,0.,0.));
#6007=DIRECTION('',(0.,0.,1.));
#6008=DIRECTION('',(-0.499999999999992,0.866025403784444,0.));
#6009=DIRECTION('',(0.,0.,1.));
#6010=DIRECTION('',(0.,0.,1.));
#6011=DIRECTION('',(-0.499999999999992,0.866025403784444,0.));
#6012=DIRECTION('',(0.,0.,1.));
#6013=DIRECTION('',(1.,0.,0.));
#6014=DIRECTION('',(0.,0.,-1.));
#6015=DIRECTION('',(-0.766044443118977,0.642787609686541,0.));
#6016=DIRECTION('',(0.,0.,1.));
#6017=DIRECTION('',(0.,0.,-1.));
#6018=DIRECTION('',(-0.766044443118977,0.642787609686541,0.));
#6019=DIRECTION('',(0.,0.,1.));
#6020=DIRECTION('',(0.,0.,1.));
#6021=DIRECTION('',(1.,0.,0.));
#6022=DIRECTION('',(0.,0.,-1.));
#6023=DIRECTION('',(-0.766044443118974,0.642787609686544,0.));
#6024=DIRECTION('',(0.,0.,1.));
#6025=DIRECTION('',(0.,0.,-1.));
#6026=DIRECTION('',(-0.766044443118974,0.642787609686544,0.));
#6027=DIRECTION('',(0.,0.,1.));
#6028=DIRECTION('',(0.,0.,1.));
#6029=DIRECTION('',(1.,0.,0.));
#6030=DIRECTION('',(0.,0.,1.));
#6031=DIRECTION('',(-0.766044443118973,0.642787609686545,0.));
#6032=DIRECTION('',(0.,0.,1.));
#6033=DIRECTION('',(-0.766044443118973,0.642787609686545,0.));
#6034=DIRECTION('',(0.,0.,1.));
#6035=DIRECTION('',(0.,0.,1.));
#6036=DIRECTION('',(1.,0.,0.));
#6037=DIRECTION('',(0.,0.,1.));
#6038=DIRECTION('',(-0.766044443118973,0.642787609686545,0.));
#6039=DIRECTION('',(0.,0.,1.));
#6040=DIRECTION('',(0.,0.,1.));
#6041=DIRECTION('',(-0.766044443118973,0.642787609686545,0.));
#6042=DIRECTION('',(0.,0.,1.));
#6043=DIRECTION('',(1.,0.,0.));
#6044=DIRECTION('',(0.,0.,-1.));
#6045=DIRECTION('',(-0.939692620785906,0.342020143325676,0.));
#6046=DIRECTION('',(0.,0.,1.));
#6047=DIRECTION('',(0.,0.,-1.));
#6048=DIRECTION('',(-0.939692620785906,0.342020143325676,0.));
#6049=DIRECTION('',(0.,0.,1.));
#6050=DIRECTION('',(0.,0.,1.));
#6051=DIRECTION('',(1.,0.,0.));
#6052=DIRECTION('',(0.,0.,-1.));
#6053=DIRECTION('',(-0.939692620785905,0.342020143325677,0.));
#6054=DIRECTION('',(0.,0.,1.));
#6055=DIRECTION('',(0.,0.,-1.));
#6056=DIRECTION('',(-0.939692620785905,0.342020143325677,0.));
#6057=DIRECTION('',(0.,0.,1.));
#6058=DIRECTION('',(0.,0.,1.));
#6059=DIRECTION('',(1.,0.,0.));
#6060=DIRECTION('',(0.,0.,1.));
#6061=DIRECTION('',(-0.939692620785906,0.342020143325676,0.));
#6062=DIRECTION('',(0.,0.,1.));
#6063=DIRECTION('',(-0.939692620785906,0.342020143325676,0.));
#6064=DIRECTION('',(0.,0.,1.));
#6065=DIRECTION('',(0.,0.,1.));
#6066=DIRECTION('',(1.,0.,0.));
#6067=DIRECTION('',(0.,0.,1.));
#6068=DIRECTION('',(-0.939692620785905,0.342020143325677,0.));
#6069=DIRECTION('',(0.,0.,1.));
#6070=DIRECTION('',(-0.939692620785905,0.342020143325677,0.));
#6071=DIRECTION('',(0.,0.,1.));
#6072=DIRECTION('',(0.,0.,1.));
#6073=DIRECTION('',(1.,0.,0.));
#6074=DIRECTION('',(0.,0.,-1.));
#6075=DIRECTION('',(-1.,0.,0.));
#6076=DIRECTION('',(0.,0.,1.));
#6077=DIRECTION('',(0.,0.,-1.));
#6078=DIRECTION('',(-1.,0.,0.));
#6079=DIRECTION('',(0.,0.,1.));
#6080=DIRECTION('',(0.,0.,1.));
#6081=DIRECTION('',(1.,0.,0.));
#6082=DIRECTION('',(0.,0.,-1.));
#6083=DIRECTION('',(-1.,0.,0.));
#6084=DIRECTION('',(0.,0.,1.));
#6085=DIRECTION('',(0.,0.,-1.));
#6086=DIRECTION('',(-1.,0.,0.));
#6087=DIRECTION('',(0.,0.,1.));
#6088=DIRECTION('',(0.,0.,1.));
#6089=DIRECTION('',(1.,0.,0.));
#6090=DIRECTION('',(0.,0.,1.));
#6091=DIRECTION('',(-1.,0.,0.));
#6092=DIRECTION('',(0.,0.,1.));
#6093=DIRECTION('',(-1.,0.,0.));
#6094=DIRECTION('',(0.,0.,1.));
#6095=DIRECTION('',(0.,0.,1.));
#6096=DIRECTION('',(1.,0.,0.));
#6097=DIRECTION('',(0.,0.,1.));
#6098=DIRECTION('',(-1.,0.,0.));
#6099=DIRECTION('',(0.,0.,1.));
#6100=DIRECTION('',(0.,0.,1.));
#6101=DIRECTION('',(-1.,0.,0.));
#6102=DIRECTION('',(0.,0.,1.));
#6103=DIRECTION('',(1.,0.,0.));
#6104=DIRECTION('',(0.,0.,1.));
#6105=DIRECTION('',(-1.,0.,0.));
#6106=DIRECTION('',(0.,0.,1.));
#6107=DIRECTION('',(-1.,0.,0.));
#6108=DIRECTION('',(0.,0.,1.));
#6109=DIRECTION('',(1.,0.,0.));
#6110=DIRECTION('',(0.,0.,-1.));
#6111=DIRECTION('',(-0.93969262078591,-0.342020143325665,0.));
#6112=DIRECTION('',(0.,0.,1.));
#6113=DIRECTION('',(0.,0.,-1.));
#6114=DIRECTION('',(-0.93969262078591,-0.342020143325665,0.));
#6115=DIRECTION('',(0.,0.,1.));
#6116=DIRECTION('',(0.,0.,1.));
#6117=DIRECTION('',(1.,0.,0.));
#6118=DIRECTION('',(0.,0.,1.));
#6119=DIRECTION('',(-0.939692620785911,-0.342020143325662,0.));
#6120=DIRECTION('',(0.,0.,1.));
#6121=DIRECTION('',(0.,0.,1.));
#6122=DIRECTION('',(-0.939692620785911,-0.342020143325662,0.));
#6123=DIRECTION('',(0.,0.,1.));
#6124=DIRECTION('',(0.,0.,1.));
#6125=DIRECTION('',(1.,0.,0.));
#6126=DIRECTION('',(0.,0.,1.));
#6127=DIRECTION('',(-0.93969262078591,-0.342020143325663,0.));
#6128=DIRECTION('',(0.,0.,1.));
#6129=DIRECTION('',(0.,0.,1.));
#6130=DIRECTION('',(-0.93969262078591,-0.342020143325663,0.));
#6131=DIRECTION('',(0.,0.,1.));
#6132=DIRECTION('',(1.,0.,0.));
#6133=DIRECTION('',(0.,0.,1.));
#6134=DIRECTION('',(-0.93969262078591,-0.342020143325664,0.));
#6135=DIRECTION('',(0.,0.,1.));
#6136=DIRECTION('',(-0.93969262078591,-0.342020143325664,0.));
#6137=DIRECTION('',(0.,0.,1.));
#6138=DIRECTION('',(1.,0.,0.));
#6139=DIRECTION('',(0.,0.,-1.));
#6140=DIRECTION('',(-0.766044443118979,-0.642787609686539,0.));
#6141=DIRECTION('',(0.,0.,1.));
#6142=DIRECTION('',(0.,0.,-1.));
#6143=DIRECTION('',(-0.766044443118979,-0.642787609686539,0.));
#6144=DIRECTION('',(0.,0.,1.));
#6145=DIRECTION('',(0.,0.,1.));
#6146=DIRECTION('',(1.,0.,0.));
#6147=DIRECTION('',(0.,0.,1.));
#6148=DIRECTION('',(-0.766044443118982,-0.642787609686535,0.));
#6149=DIRECTION('',(0.,0.,1.));
#6150=DIRECTION('',(0.,0.,1.));
#6151=DIRECTION('',(-0.766044443118982,-0.642787609686535,0.));
#6152=DIRECTION('',(0.,0.,1.));
#6153=DIRECTION('',(0.,0.,1.));
#6154=DIRECTION('',(1.,0.,0.));
#6155=DIRECTION('',(0.,0.,1.));
#6156=DIRECTION('',(-0.766044443118981,-0.642787609686536,0.));
#6157=DIRECTION('',(0.,0.,1.));
#6158=DIRECTION('',(0.,0.,1.));
#6159=DIRECTION('',(-0.766044443118981,-0.642787609686536,0.));
#6160=DIRECTION('',(0.,0.,1.));
#6161=DIRECTION('',(1.,0.,0.));
#6162=DIRECTION('',(0.,0.,1.));
#6163=DIRECTION('',(-0.766044443118982,-0.642787609686535,0.));
#6164=DIRECTION('',(0.,0.,1.));
#6165=DIRECTION('',(-0.766044443118982,-0.642787609686535,0.));
#6166=DIRECTION('',(0.,0.,1.));
#6167=DIRECTION('',(1.,0.,0.));
#6168=DIRECTION('',(0.,0.,-1.));
#6169=DIRECTION('',(-0.500000000000009,-0.866025403784434,0.));
#6170=DIRECTION('',(0.,0.,1.));
#6171=DIRECTION('',(0.,0.,-1.));
#6172=DIRECTION('',(-0.500000000000009,-0.866025403784434,0.));
#6173=DIRECTION('',(0.,0.,1.));
#6174=DIRECTION('',(0.,0.,1.));
#6175=DIRECTION('',(1.,0.,0.));
#6176=DIRECTION('',(0.,0.,1.));
#6177=DIRECTION('',(-0.5,-0.866025403784437,0.));
#6178=DIRECTION('',(0.,0.,1.));
#6179=DIRECTION('',(0.,0.,1.));
#6180=DIRECTION('',(-0.5,-0.866025403784437,0.));
#6181=DIRECTION('',(0.,0.,1.));
#6182=DIRECTION('',(0.,0.,1.));
#6183=DIRECTION('',(1.,0.,0.));
#6184=DIRECTION('',(0.,0.,1.));
#6185=DIRECTION('',(-0.5,-0.866025403784437,0.));
#6186=DIRECTION('',(0.,0.,1.));
#6187=DIRECTION('',(0.,0.,1.));
#6188=DIRECTION('',(-0.5,-0.866025403784437,0.));
#6189=DIRECTION('',(0.,0.,1.));
#6190=DIRECTION('',(1.,0.,0.));
#6191=DIRECTION('',(0.,0.,1.));
#6192=DIRECTION('',(-0.5,-0.866025403784436,0.));
#6193=DIRECTION('',(0.,0.,1.));
#6194=DIRECTION('',(-0.5,-0.866025403784436,0.));
#6195=DIRECTION('',(0.,0.,1.));
#6196=DIRECTION('',(1.,0.,0.));
#6197=DIRECTION('',(0.,0.,-1.));
#6198=DIRECTION('',(-0.173648177666933,-0.984807753012208,0.));
#6199=DIRECTION('',(0.,0.,1.));
#6200=DIRECTION('',(0.,0.,-1.));
#6201=DIRECTION('',(-0.173648177666933,-0.984807753012208,0.));
#6202=DIRECTION('',(0.,0.,1.));
#6203=DIRECTION('',(0.,0.,1.));
#6204=DIRECTION('',(1.,0.,0.));
#6205=DIRECTION('',(0.,0.,1.));
#6206=DIRECTION('',(-0.173648177666933,-0.984807753012208,0.));
#6207=DIRECTION('',(0.,0.,1.));
#6208=DIRECTION('',(0.,0.,1.));
#6209=DIRECTION('',(-0.173648177666933,-0.984807753012208,0.));
#6210=DIRECTION('',(0.,0.,1.));
#6211=DIRECTION('',(0.,0.,1.));
#6212=DIRECTION('',(1.,0.,0.));
#6213=DIRECTION('',(0.,0.,1.));
#6214=DIRECTION('',(-0.173648177666933,-0.984807753012208,0.));
#6215=DIRECTION('',(0.,0.,1.));
#6216=DIRECTION('',(0.,0.,1.));
#6217=DIRECTION('',(-0.173648177666933,-0.984807753012208,0.));
#6218=DIRECTION('',(0.,0.,1.));
#6219=DIRECTION('',(1.,0.,0.));
#6220=DIRECTION('',(0.,0.,1.));
#6221=DIRECTION('',(-0.173648177666935,-0.984807753012207,0.));
#6222=DIRECTION('',(0.,0.,1.));
#6223=DIRECTION('',(-0.173648177666935,-0.984807753012207,0.));
#6224=DIRECTION('',(0.,0.,1.));
#6225=DIRECTION('',(1.,0.,0.));
#6226=DIRECTION('',(0.,0.,-1.));
#6227=DIRECTION('',(0.173648177666933,-0.984807753012208,0.));
#6228=DIRECTION('',(0.,0.,1.));
#6229=DIRECTION('',(0.,0.,-1.));
#6230=DIRECTION('',(0.173648177666933,-0.984807753012208,0.));
#6231=DIRECTION('',(0.,0.,1.));
#6232=DIRECTION('',(0.,0.,1.));
#6233=DIRECTION('',(1.,0.,0.));
#6234=DIRECTION('',(0.,0.,1.));
#6235=DIRECTION('',(0.173648177666927,-0.984807753012209,0.));
#6236=DIRECTION('',(0.,0.,1.));
#6237=DIRECTION('',(0.173648177666927,-0.984807753012209,0.));
#6238=DIRECTION('',(0.,0.,1.));
#6239=DIRECTION('',(0.,0.,1.));
#6240=DIRECTION('',(1.,0.,0.));
#6241=DIRECTION('',(0.,0.,1.));
#6242=DIRECTION('',(0.173648177666928,-0.984807753012208,0.));
#6243=DIRECTION('',(0.,0.,1.));
#6244=DIRECTION('',(0.,0.,1.));
#6245=DIRECTION('',(0.173648177666928,-0.984807753012208,0.));
#6246=DIRECTION('',(0.,0.,1.));
#6247=DIRECTION('',(0.,0.,1.));
#6248=DIRECTION('',(1.,0.,0.));
#6249=DIRECTION('',(0.,0.,1.));
#6250=DIRECTION('',(0.173648177666928,-0.984807753012208,0.));
#6251=DIRECTION('',(0.,0.,1.));
#6252=DIRECTION('',(0.173648177666928,-0.984807753012208,0.));
#6253=DIRECTION('',(0.,0.,1.));
#6254=DIRECTION('',(1.,0.,0.));
#6255=DIRECTION('',(0.,0.,-1.));
#6256=DIRECTION('',(0.5,-0.86602540378444,0.));
#6257=DIRECTION('',(0.,0.,1.));
#6258=DIRECTION('',(0.,0.,-1.));
#6259=DIRECTION('',(0.5,-0.86602540378444,0.));
#6260=DIRECTION('',(0.,0.,1.));
#6261=DIRECTION('',(0.,0.,1.));
#6262=DIRECTION('',(1.,0.,0.));
#6263=DIRECTION('',(0.,0.,1.));
#6264=DIRECTION('',(0.5,-0.86602540378444,0.));
#6265=DIRECTION('',(0.,0.,1.));
#6266=DIRECTION('',(0.5,-0.86602540378444,0.));
#6267=DIRECTION('',(0.,0.,1.));
#6268=DIRECTION('',(0.,0.,1.));
#6269=DIRECTION('',(1.,0.,0.));
#6270=DIRECTION('',(0.,0.,1.));
#6271=DIRECTION('',(0.5,-0.86602540378444,0.));
#6272=DIRECTION('',(0.,0.,1.));
#6273=DIRECTION('',(0.,0.,1.));
#6274=DIRECTION('',(0.5,-0.86602540378444,0.));
#6275=DIRECTION('',(0.,0.,1.));
#6276=DIRECTION('',(0.,0.,1.));
#6277=DIRECTION('',(1.,0.,0.));
#6278=DIRECTION('',(0.,0.,1.));
#6279=DIRECTION('',(0.5,-0.86602540378444,0.));
#6280=DIRECTION('',(0.,0.,1.));
#6281=DIRECTION('',(0.5,-0.86602540378444,0.));
#6282=DIRECTION('',(0.,0.,1.));
#6283=DIRECTION('',(1.,0.,0.));
#6284=DIRECTION('',(0.,0.,-1.));
#6285=DIRECTION('',(0.766044443118977,-0.642787609686541,0.));
#6286=DIRECTION('',(0.,0.,1.));
#6287=DIRECTION('',(0.,0.,-1.));
#6288=DIRECTION('',(0.766044443118977,-0.642787609686541,0.));
#6289=DIRECTION('',(0.,0.,1.));
#6290=DIRECTION('',(0.,0.,1.));
#6291=DIRECTION('',(1.,0.,0.));
#6292=DIRECTION('',(0.,0.,1.));
#6293=DIRECTION('',(0.766044443118977,-0.642787609686541,0.));
#6294=DIRECTION('',(0.,0.,1.));
#6295=DIRECTION('',(0.766044443118977,-0.642787609686541,0.));
#6296=DIRECTION('',(0.,0.,1.));
#6297=DIRECTION('',(0.,0.,1.));
#6298=DIRECTION('',(1.,0.,0.));
#6299=DIRECTION('',(0.,0.,1.));
#6300=DIRECTION('',(0.766044443118977,-0.64278760968654,0.));
#6301=DIRECTION('',(0.,0.,1.));
#6302=DIRECTION('',(0.,0.,1.));
#6303=DIRECTION('',(0.766044443118977,-0.64278760968654,0.));
#6304=DIRECTION('',(0.,0.,1.));
#6305=DIRECTION('',(0.,0.,1.));
#6306=DIRECTION('',(1.,0.,0.));
#6307=DIRECTION('',(0.,0.,1.));
#6308=DIRECTION('',(0.766044443118977,-0.642787609686541,0.));
#6309=DIRECTION('',(0.,0.,1.));
#6310=DIRECTION('',(0.766044443118977,-0.642787609686541,0.));
#6311=DIRECTION('',(0.,0.,1.));
#6312=DIRECTION('',(1.,0.,0.));
#6313=DIRECTION('',(0.,0.,-1.));
#6314=DIRECTION('',(0.93969262078591,-0.342020143325665,0.));
#6315=DIRECTION('',(0.,0.,1.));
#6316=DIRECTION('',(0.,0.,-1.));
#6317=DIRECTION('',(0.93969262078591,-0.342020143325665,0.));
#6318=DIRECTION('',(0.,0.,1.));
#6319=DIRECTION('',(0.,0.,1.));
#6320=DIRECTION('',(1.,0.,0.));
#6321=DIRECTION('',(0.,0.,1.));
#6322=DIRECTION('',(0.939692620785908,-0.342020143325669,0.));
#6323=DIRECTION('',(0.,0.,1.));
#6324=DIRECTION('',(0.939692620785908,-0.342020143325669,0.));
#6325=DIRECTION('',(0.,0.,1.));
#6326=DIRECTION('',(0.,0.,1.));
#6327=DIRECTION('',(1.,0.,0.));
#6328=DIRECTION('',(0.,0.,1.));
#6329=DIRECTION('',(0.939692620785908,-0.342020143325669,0.));
#6330=DIRECTION('',(0.,0.,1.));
#6331=DIRECTION('',(0.,0.,1.));
#6332=DIRECTION('',(0.939692620785908,-0.342020143325669,0.));
#6333=DIRECTION('',(0.,0.,1.));
#6334=DIRECTION('',(0.,0.,1.));
#6335=DIRECTION('',(1.,0.,0.));
#6336=DIRECTION('',(0.,0.,1.));
#6337=DIRECTION('',(0.939692620785908,-0.34202014332567,0.));
#6338=DIRECTION('',(0.,0.,1.));
#6339=DIRECTION('',(0.939692620785908,-0.34202014332567,0.));
#6340=DIRECTION('',(0.,0.,1.));
#6341=DIRECTION('',(1.,0.,0.));
#6342=DIRECTION('',(0.,0.,-1.));
#6343=DIRECTION('',(1.,0.,0.));
#6344=DIRECTION('',(0.,0.,1.));
#6345=DIRECTION('',(0.,0.,-1.));
#6346=DIRECTION('',(1.,0.,0.));
#6347=DIRECTION('',(0.,0.,1.));
#6348=DIRECTION('',(0.,0.,1.));
#6349=DIRECTION('',(1.,0.,0.));
#6350=DIRECTION('',(0.,0.,1.));
#6351=DIRECTION('',(1.,0.,0.));
#6352=DIRECTION('',(0.,0.,1.));
#6353=DIRECTION('',(0.,0.,1.));
#6354=DIRECTION('',(1.,0.,0.));
#6355=DIRECTION('',(0.,0.,1.));
#6356=DIRECTION('',(1.,0.,0.));
#6357=DIRECTION('',(0.,0.,1.));
#6358=DIRECTION('',(1.,0.,0.));
#6359=DIRECTION('',(0.,0.,1.));
#6360=DIRECTION('',(0.,0.,1.));
#6361=DIRECTION('',(1.,0.,0.));
#6362=DIRECTION('',(0.,0.,1.));
#6363=DIRECTION('',(1.,0.,0.));
#6364=DIRECTION('',(0.,0.,1.));
#6365=DIRECTION('',(1.,0.,0.));
#6366=DIRECTION('',(0.,0.,1.));
#6367=DIRECTION('',(0.,0.,1.));
#6368=DIRECTION('',(1.,0.,0.));
#6369=DIRECTION('',(0.,0.,1.));
#6370=DIRECTION('',(1.,0.,0.));
#6371=DIRECTION('',(0.,0.,-1.));
#6372=DIRECTION('',(1.,0.,0.));
#6373=DIRECTION('',(0.,0.,1.));
#6374=DIRECTION('',(0.,0.,-1.));
#6375=DIRECTION('',(1.,0.,0.));
#6376=DIRECTION('',(0.,0.,-1.));
#6377=DIRECTION('',(-1.,0.,0.));
#6378=DIRECTION('',(0.,0.,-1.));
#6379=DIRECTION('',(-1.,0.,0.));
#6380=DIRECTION('',(0.,0.,-1.));
#6381=DIRECTION('',(-1.,0.,0.));
#6382=DIRECTION('',(0.,0.,-1.));
#6383=DIRECTION('',(-1.,0.,0.));
#6384=DIRECTION('',(0.,0.,-1.));
#6385=DIRECTION('',(-1.,0.,0.));
#6386=DIRECTION('',(0.,0.,-1.));
#6387=DIRECTION('',(-1.,0.,0.));
#6388=DIRECTION('',(0.,0.,-1.));
#6389=DIRECTION('',(-1.,0.,0.));
#6390=DIRECTION('',(0.,0.,-1.));
#6391=DIRECTION('',(-1.,0.,0.));
#6392=DIRECTION('',(0.,0.,-1.));
#6393=DIRECTION('',(-1.,0.,0.));
#6394=DIRECTION('',(0.,0.,-1.));
#6395=DIRECTION('',(-1.,0.,0.));
#6396=DIRECTION('',(0.,0.,1.));
#6397=DIRECTION('',(1.,0.,0.));
#6398=DIRECTION('',(0.,0.,1.));
#6399=DIRECTION('',(1.,0.,0.));
#6400=DIRECTION('',(0.,0.,1.));
#6401=DIRECTION('',(1.,0.,0.));
#6402=DIRECTION('',(0.,0.,1.));
#6403=DIRECTION('',(0.98480775301221,0.173648177666918,0.));
#6404=DIRECTION('',(0.,0.,1.));
#6405=DIRECTION('',(1.,0.,0.));
#6406=DIRECTION('',(0.,0.,1.));
#6407=DIRECTION('',(0.939692620785913,0.342020143325657,0.));
#6408=DIRECTION('',(0.,0.,1.));
#6409=DIRECTION('',(1.,0.,0.));
#6410=DIRECTION('',(0.,0.,1.));
#6411=DIRECTION('',(0.866025403784445,0.499999999999989,0.));
#6412=DIRECTION('',(0.,0.,1.));
#6413=DIRECTION('',(1.,0.,0.));
#6414=DIRECTION('',(0.,0.,1.));
#6415=DIRECTION('',(0.766044443118985,0.642787609686531,0.));
#6416=DIRECTION('',(0.,0.,1.));
#6417=DIRECTION('',(1.,0.,0.));
#6418=DIRECTION('',(0.,0.,1.));
#6419=DIRECTION('',(0.642787609686548,0.766044443118971,0.));
#6420=DIRECTION('',(0.,0.,1.));
#6421=DIRECTION('',(1.,0.,0.));
#6422=DIRECTION('',(0.,0.,1.));
#6423=DIRECTION('',(0.500000000000011,0.866025403784432,0.));
#6424=DIRECTION('',(0.,0.,1.));
#6425=DIRECTION('',(1.,0.,0.));
#6426=DIRECTION('',(0.,0.,1.));
#6427=DIRECTION('',(0.34202014332568,0.939692620785904,0.));
#6428=DIRECTION('',(0.,0.,1.));
#6429=DIRECTION('',(1.,0.,0.));
#6430=DIRECTION('',(0.,0.,1.));
#6431=DIRECTION('',(0.173648177666941,0.984807753012206,0.));
#6432=DIRECTION('',(0.,0.,1.));
#6433=DIRECTION('',(1.,0.,0.));
#6434=DIRECTION('',(0.,0.,1.));
#6435=DIRECTION('',(9.37688365392866E-15,1.,0.));
#6436=DIRECTION('',(0.,0.,1.));
#6437=DIRECTION('',(1.,0.,0.));
#6438=DIRECTION('',(0.,0.,1.));
#6439=DIRECTION('',(-0.173648177666919,0.98480775301221,0.));
#6440=DIRECTION('',(0.,0.,1.));
#6441=DIRECTION('',(1.,0.,0.));
#6442=DIRECTION('',(0.,0.,1.));
#6443=DIRECTION('',(-0.342020143325661,0.939692620785911,0.));
#6444=DIRECTION('',(0.,0.,1.));
#6445=DIRECTION('',(1.,0.,0.));
#6446=DIRECTION('',(0.,0.,1.));
#6447=DIRECTION('',(-0.499999999999992,0.866025403784443,0.));
#6448=DIRECTION('',(0.,0.,1.));
#6449=DIRECTION('',(1.,0.,0.));
#6450=DIRECTION('',(0.,0.,1.));
#6451=DIRECTION('',(-0.642787609686532,0.766044443118984,0.));
#6452=DIRECTION('',(0.,0.,1.));
#6453=DIRECTION('',(1.,0.,0.));
#6454=DIRECTION('',(0.,0.,1.));
#6455=DIRECTION('',(-0.766044443118973,0.642787609686546,0.));
#6456=DIRECTION('',(0.,0.,1.));
#6457=DIRECTION('',(1.,0.,0.));
#6458=DIRECTION('',(0.,0.,1.));
#6459=DIRECTION('',(-0.866025403784434,0.500000000000008,0.));
#6460=DIRECTION('',(0.,0.,1.));
#6461=DIRECTION('',(1.,0.,0.));
#6462=DIRECTION('',(0.,0.,1.));
#6463=DIRECTION('',(-0.939692620785906,0.342020143325676,0.));
#6464=DIRECTION('',(0.,0.,1.));
#6465=DIRECTION('',(1.,0.,0.));
#6466=DIRECTION('',(0.,0.,1.));
#6467=DIRECTION('',(-0.984807753012207,0.173648177666937,0.));
#6468=DIRECTION('',(0.,0.,1.));
#6469=DIRECTION('',(1.,0.,0.));
#6470=DIRECTION('',(0.,0.,1.));
#6471=DIRECTION('',(1.,0.,0.));
#6472=DIRECTION('',(0.,0.,-1.));
#6473=DIRECTION('',(-0.98480775301221,-0.173648177666922,0.));
#6474=DIRECTION('',(0.,0.,1.));
#6475=DIRECTION('',(1.,0.,0.));
#6476=DIRECTION('',(0.,0.,-1.));
#6477=DIRECTION('',(-0.93969262078591,-0.342020143325664,0.));
#6478=DIRECTION('',(0.,0.,1.));
#6479=DIRECTION('',(1.,0.,0.));
#6480=DIRECTION('',(0.,0.,-1.));
#6481=DIRECTION('',(-0.86602540378444,-0.5,0.));
#6482=DIRECTION('',(0.,0.,1.));
#6483=DIRECTION('',(1.,0.,0.));
#6484=DIRECTION('',(0.,0.,-1.));
#6485=DIRECTION('',(-0.766044443118979,-0.642787609686539,0.));
#6486=DIRECTION('',(0.,0.,1.));
#6487=DIRECTION('',(1.,0.,0.));
#6488=DIRECTION('',(0.,0.,-1.));
#6489=DIRECTION('',(-0.642787609686541,-0.766044443118977,0.));
#6490=DIRECTION('',(0.,0.,1.));
#6491=DIRECTION('',(1.,0.,0.));
#6492=DIRECTION('',(0.,0.,-1.));
#6493=DIRECTION('',(-0.500000000000006,-0.866025403784435,0.));
#6494=DIRECTION('',(0.,0.,1.));
#6495=DIRECTION('',(1.,0.,0.));
#6496=DIRECTION('',(0.,0.,-1.));
#6497=DIRECTION('',(-0.342020143325676,-0.939692620785906,0.));
#6498=DIRECTION('',(0.,0.,1.));
#6499=DIRECTION('',(1.,0.,0.));
#6500=DIRECTION('',(0.,0.,-1.));
#6501=DIRECTION('',(-0.173648177666933,-0.984807753012208,0.));
#6502=DIRECTION('',(0.,0.,1.));
#6503=DIRECTION('',(1.,0.,0.));
#6504=DIRECTION('',(0.,0.,-1.));
#6505=DIRECTION('',(0.,-1.,0.));
#6506=DIRECTION('',(0.,0.,-1.));
#6507=DIRECTION('',(0.,-1.,0.));
#6508=DIRECTION('',(0.,0.,1.));
#6509=DIRECTION('',(1.,0.,0.));
#6510=DIRECTION('',(0.,0.,-1.));
#6511=DIRECTION('',(0.173648177666922,-0.98480775301221,0.));
#6512=DIRECTION('',(0.,0.,1.));
#6513=DIRECTION('',(1.,0.,0.));
#6514=DIRECTION('',(0.,0.,-1.));
#6515=DIRECTION('',(0.342020143325665,-0.93969262078591,0.));
#6516=DIRECTION('',(0.,0.,1.));
#6517=DIRECTION('',(1.,0.,0.));
#6518=DIRECTION('',(0.,0.,-1.));
#6519=DIRECTION('',(0.5,-0.86602540378444,0.));
#6520=DIRECTION('',(0.,0.,1.));
#6521=DIRECTION('',(1.,0.,0.));
#6522=DIRECTION('',(0.,0.,-1.));
#6523=DIRECTION('',(0.642787609686539,-0.766044443118979,0.));
#6524=DIRECTION('',(0.,0.,1.));
#6525=DIRECTION('',(1.,0.,0.));
#6526=DIRECTION('',(0.,0.,-1.));
#6527=DIRECTION('',(0.766044443118977,-0.642787609686541,0.));
#6528=DIRECTION('',(0.,0.,1.));
#6529=DIRECTION('',(1.,0.,0.));
#6530=DIRECTION('',(0.,0.,-1.));
#6531=DIRECTION('',(0.86602540378444,-0.5,0.));
#6532=DIRECTION('',(0.,0.,1.));
#6533=DIRECTION('',(1.,0.,0.));
#6534=DIRECTION('',(0.,0.,-1.));
#6535=DIRECTION('',(0.93969262078591,-0.342020143325665,0.));
#6536=DIRECTION('',(0.,0.,1.));
#6537=DIRECTION('',(1.,0.,0.));
#6538=DIRECTION('',(0.,0.,-1.));
#6539=DIRECTION('',(0.984807753012208,-0.173648177666933,0.));
#6540=DIRECTION('',(0.,0.,1.));
#6541=DIRECTION('',(1.,0.,0.));
#6542=DIRECTION('',(0.,0.,1.));
#6543=DIRECTION('',(1.,0.,0.));
#6544=DIRECTION('',(0.,0.,1.));
#6545=DIRECTION('',(1.,0.,0.));
#6546=DIRECTION('',(0.,0.,-1.));
#6547=DIRECTION('',(-1.,0.,0.));
#6548=DIRECTION('',(0.,0.,1.));
#6549=DIRECTION('',(1.,0.,0.));
#6550=DIRECTION('',(0.,0.,1.));
#6551=DIRECTION('',(1.,0.,0.));
#6552=DIRECTION('',(0.,0.,-1.));
#6553=DIRECTION('',(0.984807753012208,-0.173648177666933,0.));
#6554=DIRECTION('',(0.,0.,1.));
#6555=DIRECTION('',(1.,0.,0.));
#6556=DIRECTION('',(0.,0.,-1.));
#6557=DIRECTION('',(0.93969262078591,-0.342020143325665,0.));
#6558=DIRECTION('',(0.,0.,1.));
#6559=DIRECTION('',(1.,0.,0.));
#6560=DIRECTION('',(0.,0.,-1.));
#6561=DIRECTION('',(0.86602540378444,-0.5,0.));
#6562=DIRECTION('',(0.,0.,1.));
#6563=DIRECTION('',(1.,0.,0.));
#6564=DIRECTION('',(0.,0.,-1.));
#6565=DIRECTION('',(0.766044443118977,-0.642787609686541,0.));
#6566=DIRECTION('',(0.,0.,1.));
#6567=DIRECTION('',(1.,0.,0.));
#6568=DIRECTION('',(0.,0.,-1.));
#6569=DIRECTION('',(0.642787609686539,-0.766044443118979,0.));
#6570=DIRECTION('',(0.,0.,1.));
#6571=DIRECTION('',(1.,0.,0.));
#6572=DIRECTION('',(0.,0.,-1.));
#6573=DIRECTION('',(0.5,-0.86602540378444,0.));
#6574=DIRECTION('',(0.,0.,1.));
#6575=DIRECTION('',(1.,0.,0.));
#6576=DIRECTION('',(0.,0.,-1.));
#6577=DIRECTION('',(0.342020143325665,-0.93969262078591,0.));
#6578=DIRECTION('',(0.,0.,1.));
#6579=DIRECTION('',(1.,0.,0.));
#6580=DIRECTION('',(0.,0.,-1.));
#6581=DIRECTION('',(0.173648177666922,-0.98480775301221,0.));
#6582=DIRECTION('',(0.,0.,1.));
#6583=DIRECTION('',(1.,0.,0.));
#6584=DIRECTION('',(0.,0.,-1.));
#6585=DIRECTION('',(0.,-1.,0.));
#6586=DIRECTION('',(0.,0.,-1.));
#6587=DIRECTION('',(0.,-1.,0.));
#6588=DIRECTION('',(0.,0.,1.));
#6589=DIRECTION('',(1.,0.,0.));
#6590=DIRECTION('',(0.,0.,-1.));
#6591=DIRECTION('',(-0.173648177666933,-0.984807753012208,0.));
#6592=DIRECTION('',(0.,0.,1.));
#6593=DIRECTION('',(1.,0.,0.));
#6594=DIRECTION('',(0.,0.,-1.));
#6595=DIRECTION('',(-0.342020143325676,-0.939692620785906,0.));
#6596=DIRECTION('',(0.,0.,1.));
#6597=DIRECTION('',(1.,0.,0.));
#6598=DIRECTION('',(0.,0.,-1.));
#6599=DIRECTION('',(-0.500000000000006,-0.866025403784435,0.));
#6600=DIRECTION('',(0.,0.,1.));
#6601=DIRECTION('',(1.,0.,0.));
#6602=DIRECTION('',(0.,0.,-1.));
#6603=DIRECTION('',(-0.642787609686541,-0.766044443118977,0.));
#6604=DIRECTION('',(0.,0.,1.));
#6605=DIRECTION('',(1.,0.,0.));
#6606=DIRECTION('',(0.,0.,-1.));
#6607=DIRECTION('',(-0.766044443118979,-0.642787609686539,0.));
#6608=DIRECTION('',(0.,0.,1.));
#6609=DIRECTION('',(1.,0.,0.));
#6610=DIRECTION('',(0.,0.,-1.));
#6611=DIRECTION('',(-0.86602540378444,-0.5,0.));
#6612=DIRECTION('',(0.,0.,1.));
#6613=DIRECTION('',(1.,0.,0.));
#6614=DIRECTION('',(0.,0.,-1.));
#6615=DIRECTION('',(-0.93969262078591,-0.342020143325664,0.));
#6616=DIRECTION('',(0.,0.,1.));
#6617=DIRECTION('',(1.,0.,0.));
#6618=DIRECTION('',(0.,0.,-1.));
#6619=DIRECTION('',(-0.98480775301221,-0.173648177666922,0.));
#6620=DIRECTION('',(0.,0.,1.));
#6621=DIRECTION('',(1.,0.,0.));
#6622=DIRECTION('',(0.,0.,1.));
#6623=DIRECTION('',(1.,0.,0.));
#6624=DIRECTION('',(0.,0.,1.));
#6625=DIRECTION('',(-0.984807753012207,0.173648177666937,0.));
#6626=DIRECTION('',(0.,0.,1.));
#6627=DIRECTION('',(1.,0.,0.));
#6628=DIRECTION('',(0.,0.,1.));
#6629=DIRECTION('',(-0.939692620785906,0.342020143325676,0.));
#6630=DIRECTION('',(0.,0.,1.));
#6631=DIRECTION('',(1.,0.,0.));
#6632=DIRECTION('',(0.,0.,1.));
#6633=DIRECTION('',(-0.866025403784434,0.500000000000008,0.));
#6634=DIRECTION('',(0.,0.,1.));
#6635=DIRECTION('',(1.,0.,0.));
#6636=DIRECTION('',(0.,0.,1.));
#6637=DIRECTION('',(-0.766044443118973,0.642787609686546,0.));
#6638=DIRECTION('',(0.,0.,1.));
#6639=DIRECTION('',(1.,0.,0.));
#6640=DIRECTION('',(0.,0.,1.));
#6641=DIRECTION('',(-0.642787609686532,0.766044443118984,0.));
#6642=DIRECTION('',(0.,0.,1.));
#6643=DIRECTION('',(1.,0.,0.));
#6644=DIRECTION('',(0.,0.,1.));
#6645=DIRECTION('',(-0.499999999999992,0.866025403784443,0.));
#6646=DIRECTION('',(0.,0.,1.));
#6647=DIRECTION('',(1.,0.,0.));
#6648=DIRECTION('',(0.,0.,1.));
#6649=DIRECTION('',(-0.342020143325661,0.939692620785911,0.));
#6650=DIRECTION('',(0.,0.,1.));
#6651=DIRECTION('',(1.,0.,0.));
#6652=DIRECTION('',(0.,0.,1.));
#6653=DIRECTION('',(-0.173648177666919,0.98480775301221,0.));
#6654=DIRECTION('',(0.,0.,1.));
#6655=DIRECTION('',(1.,0.,0.));
#6656=DIRECTION('',(0.,0.,1.));
#6657=DIRECTION('',(9.37688365392866E-15,1.,0.));
#6658=DIRECTION('',(0.,0.,1.));
#6659=DIRECTION('',(1.,0.,0.));
#6660=DIRECTION('',(0.,0.,1.));
#6661=DIRECTION('',(0.173648177666941,0.984807753012206,0.));
#6662=DIRECTION('',(0.,0.,1.));
#6663=DIRECTION('',(1.,0.,0.));
#6664=DIRECTION('',(0.,0.,1.));
#6665=DIRECTION('',(0.34202014332568,0.939692620785904,0.));
#6666=DIRECTION('',(0.,0.,1.));
#6667=DIRECTION('',(1.,0.,0.));
#6668=DIRECTION('',(0.,0.,1.));
#6669=DIRECTION('',(0.500000000000011,0.866025403784432,0.));
#6670=DIRECTION('',(0.,0.,1.));
#6671=DIRECTION('',(1.,0.,0.));
#6672=DIRECTION('',(0.,0.,1.));
#6673=DIRECTION('',(0.642787609686548,0.766044443118971,0.));
#6674=DIRECTION('',(0.,0.,1.));
#6675=DIRECTION('',(1.,0.,0.));
#6676=DIRECTION('',(0.,0.,1.));
#6677=DIRECTION('',(0.766044443118985,0.642787609686531,0.));
#6678=DIRECTION('',(0.,0.,1.));
#6679=DIRECTION('',(1.,0.,0.));
#6680=DIRECTION('',(0.,0.,1.));
#6681=DIRECTION('',(0.866025403784445,0.499999999999989,0.));
#6682=DIRECTION('',(0.,0.,1.));
#6683=DIRECTION('',(1.,0.,0.));
#6684=DIRECTION('',(0.,0.,1.));
#6685=DIRECTION('',(0.939692620785913,0.342020143325657,0.));
#6686=DIRECTION('',(0.,0.,1.));
#6687=DIRECTION('',(1.,0.,0.));
#6688=DIRECTION('',(0.,0.,1.));
#6689=DIRECTION('',(0.98480775301221,0.173648177666918,0.));
#6690=DIRECTION('',(0.,0.,1.));
#6691=DIRECTION('',(1.,0.,0.));
#6692=DIRECTION('',(0.,0.,1.));
#6693=DIRECTION('',(0.,0.,1.));
#6694=DIRECTION('',(1.,0.,0.));
#6695=DIRECTION('',(0.,0.,1.));
#6696=DIRECTION('',(0.,0.,1.));
#6697=DIRECTION('',(1.,0.,0.));
#6698=DIRECTION('',(0.,0.,1.));
#6699=DIRECTION('',(0.,0.,1.));
#6700=DIRECTION('',(1.,0.,0.));
#6701=DIRECTION('',(0.,0.,1.));
#6702=DIRECTION('',(0.,0.,1.));
#6703=DIRECTION('',(1.,0.,0.));
#6704=DIRECTION('',(0.,0.,1.));
#6705=DIRECTION('',(0.,0.,1.));
#6706=DIRECTION('',(1.,0.,0.));
#6707=DIRECTION('',(0.,0.,1.));
#6708=DIRECTION('',(0.,0.,1.));
#6709=DIRECTION('',(1.,0.,0.));
#6710=DIRECTION('',(0.,0.,1.));
#6711=DIRECTION('',(0.,0.,1.));
#6712=DIRECTION('',(1.,0.,0.));
#6713=DIRECTION('',(0.,0.,1.));
#6714=DIRECTION('',(0.,0.,1.));
#6715=DIRECTION('',(1.,0.,0.));
#6716=DIRECTION('',(0.,0.,1.));
#6717=DIRECTION('',(0.,0.,1.));
#6718=DIRECTION('',(1.,0.,0.));
#6719=DIRECTION('',(0.,0.,1.));
#6720=DIRECTION('',(1.,0.,0.));
#6721=DIRECTION('',(0.,0.,1.));
#6722=DIRECTION('',(1.,0.,0.));
#6723=DIRECTION('',(0.,0.,1.));
#6724=DIRECTION('',(1.,0.,0.));
#6725=DIRECTION('',(0.,0.,1.));
#6726=DIRECTION('',(1.,0.,0.));
#6727=DIRECTION('',(0.,0.,1.));
#6728=DIRECTION('',(1.,0.,0.));
#6729=DIRECTION('',(0.,0.,1.));
#6730=DIRECTION('',(1.,0.,0.));
#6731=DIRECTION('',(0.,0.,1.));
#6732=DIRECTION('',(1.,0.,0.));
#6733=DIRECTION('',(0.,0.,1.));
#6734=DIRECTION('',(1.,0.,0.));
#6735=DIRECTION('',(0.,0.,1.));
#6736=DIRECTION('',(1.,0.,0.));
#6737=DIRECTION('',(0.,0.,1.));
#6738=DIRECTION('',(1.,0.,0.));
#6739=DIRECTION('',(0.,0.,1.));
#6740=DIRECTION('',(1.,0.,0.));
#6741=DIRECTION('',(0.,0.,1.));
#6742=DIRECTION('',(1.,0.,0.));
#6743=DIRECTION('',(0.,0.,1.));
#6744=DIRECTION('',(1.,0.,0.));
#6745=DIRECTION('',(0.,0.,1.));
#6746=DIRECTION('',(1.,0.,0.));
#6747=DIRECTION('',(0.,0.,1.));
#6748=DIRECTION('',(1.,0.,0.));
#6749=DIRECTION('',(0.,0.,1.));
#6750=DIRECTION('',(1.,0.,0.));
#6751=DIRECTION('',(0.,0.,1.));
#6752=DIRECTION('',(1.,0.,0.));
#6753=DIRECTION('',(0.,0.,1.));
#6754=DIRECTION('',(0.,0.,1.));
#6755=DIRECTION('',(1.,0.,0.));
#6756=DIRECTION('',(0.,0.,1.));
#6757=DIRECTION('',(0.,0.,1.));
#6758=DIRECTION('',(1.,0.,0.));
#6759=DIRECTION('',(0.,0.,1.));
#6760=DIRECTION('',(0.,0.,1.));
#6761=DIRECTION('',(1.,0.,0.));
#6762=DIRECTION('',(0.,0.,1.));
#6763=DIRECTION('',(0.,0.,1.));
#6764=DIRECTION('',(1.,0.,0.));
#6765=DIRECTION('',(0.,0.,1.));
#6766=DIRECTION('',(0.,0.,1.));
#6767=DIRECTION('',(1.,0.,0.));
#6768=DIRECTION('',(0.,0.,1.));
#6769=DIRECTION('',(0.,0.,1.));
#6770=DIRECTION('',(1.,0.,0.));
#6771=DIRECTION('',(0.,0.,1.));
#6772=DIRECTION('',(0.,0.,1.));
#6773=DIRECTION('',(1.,0.,0.));
#6774=DIRECTION('',(0.,0.,1.));
#6775=DIRECTION('',(0.,0.,1.));
#6776=DIRECTION('',(1.,0.,0.));
#6777=DIRECTION('',(0.,0.,1.));
#6778=DIRECTION('',(0.,0.,1.));
#6779=DIRECTION('',(1.,0.,0.));
#6780=DIRECTION('',(0.,0.,1.));
#6781=DIRECTION('',(1.,0.,0.));
#6782=DIRECTION('',(0.,0.,-1.));
#6783=DIRECTION('',(-1.,0.,0.));
#6784=DIRECTION('',(0.,0.,1.));
#6785=DIRECTION('',(1.,0.,0.));
#6786=DIRECTION('',(0.,0.,1.));
#6787=DIRECTION('',(1.,0.,0.));
#6788=DIRECTION('',(0.,0.,1.));
#6789=DIRECTION('',(1.,0.,0.));
#6790=DIRECTION('',(0.,0.,1.));
#6791=DIRECTION('',(1.,0.,0.));
#6792=DIRECTION('',(0.,0.,1.));
#6793=DIRECTION('',(1.,0.,0.));
#6794=DIRECTION('',(0.,0.,1.));
#6795=DIRECTION('',(1.,0.,0.));
#6796=DIRECTION('',(0.,0.,1.));
#6797=DIRECTION('',(1.,0.,0.));
#6798=DIRECTION('',(0.,0.,1.));
#6799=DIRECTION('',(1.,0.,0.));
#6800=DIRECTION('',(0.,0.,1.));
#6801=DIRECTION('',(1.,0.,0.));
#6802=DIRECTION('',(0.,0.,1.));
#6803=DIRECTION('',(1.,0.,0.));
#6804=DIRECTION('',(0.,0.,1.));
#6805=DIRECTION('',(1.,0.,0.));
#6806=DIRECTION('',(0.,0.,1.));
#6807=DIRECTION('',(1.,0.,0.));
#6808=DIRECTION('',(0.,0.,1.));
#6809=DIRECTION('',(1.,0.,0.));
#6810=DIRECTION('',(0.,0.,1.));
#6811=DIRECTION('',(1.,0.,0.));
#6812=DIRECTION('',(0.,0.,1.));
#6813=DIRECTION('',(1.,0.,0.));
#6814=DIRECTION('',(0.,0.,1.));
#6815=DIRECTION('',(1.,0.,0.));
#6816=DIRECTION('',(0.,0.,1.));
#6817=DIRECTION('',(1.,0.,0.));
#6818=DIRECTION('',(0.,0.,1.));
#6819=DIRECTION('',(1.,0.,0.));
#6820=DIRECTION('',(0.,0.,1.));
#6821=DIRECTION('',(1.,0.,0.));
#6822=DIRECTION('',(0.,0.,1.));
#6823=DIRECTION('',(1.,0.,0.));
#6824=DIRECTION('',(0.,0.,1.));
#6825=DIRECTION('',(1.,0.,0.));
#6826=DIRECTION('',(0.,0.,1.));
#6827=DIRECTION('',(1.,0.,0.));
#6828=DIRECTION('',(0.,0.,1.));
#6829=DIRECTION('',(1.,0.,0.));
#6830=DIRECTION('',(0.,0.,1.));
#6831=DIRECTION('',(1.,0.,0.));
#6832=DIRECTION('',(0.,0.,1.));
#6833=DIRECTION('',(1.,0.,0.));
#6834=DIRECTION('',(0.,0.,1.));
#6835=DIRECTION('',(1.,0.,0.));
#6836=DIRECTION('',(0.,0.,1.));
#6837=DIRECTION('',(1.,0.,0.));
#6838=DIRECTION('',(0.,0.,1.));
#6839=DIRECTION('',(1.,0.,0.));
#6840=DIRECTION('',(0.,0.,1.));
#6841=DIRECTION('',(1.,0.,0.));
#6842=DIRECTION('',(0.,0.,1.));
#6843=DIRECTION('',(1.,0.,0.));
#6844=DIRECTION('',(0.,0.,1.));
#6845=DIRECTION('',(1.,0.,0.));
#6846=DIRECTION('',(0.,0.,1.));
#6847=DIRECTION('',(1.,0.,0.));
#6848=DIRECTION('',(0.,0.,1.));
#6849=DIRECTION('',(1.,0.,0.));
#6850=DIRECTION('',(0.,0.,1.));
#6851=DIRECTION('',(1.,0.,0.));
#6852=DIRECTION('',(0.,0.,1.));
#6853=DIRECTION('',(1.,0.,0.));
#6854=DIRECTION('',(0.,0.,1.));
#6855=DIRECTION('',(1.,0.,0.));
#6856=DIRECTION('',(0.,0.,1.));
#6857=DIRECTION('',(1.,0.,0.));
#6858=DIRECTION('',(0.,0.,1.));
#6859=DIRECTION('',(1.,0.,0.));
#6860=DIRECTION('',(0.,0.,1.));
#6861=DIRECTION('',(1.,0.,0.));
#6862=DIRECTION('',(0.,0.,1.));
#6863=DIRECTION('',(1.,0.,0.));
#6864=DIRECTION('',(0.,0.,-1.));
#6865=DIRECTION('',(-1.,0.,0.));
#6866=DIRECTION('',(0.,0.,1.));
#6867=DIRECTION('',(1.,0.,0.));
#6868=DIRECTION('',(0.,0.,1.));
#6869=DIRECTION('',(1.,0.,0.));
#6870=DIRECTION('',(0.,0.,1.));
#6871=DIRECTION('',(1.,0.,0.));
#6872=DIRECTION('',(0.,0.,1.));
#6873=DIRECTION('',(1.,0.,0.));
#6874=DIRECTION('',(0.,0.,-1.));
#6875=DIRECTION('',(-1.,0.,0.));
#6876=DIRECTION('',(0.,0.,1.));
#6877=DIRECTION('',(1.,0.,0.));
#6878=DIRECTION('',(0.,0.,1.));
#6879=DIRECTION('',(1.,0.,0.));
#6880=DIRECTION('',(0.,0.,1.));
#6881=DIRECTION('',(1.,0.,0.));
#6882=DIRECTION('',(0.,0.,1.));
#6883=DIRECTION('',(1.,0.,0.));
#6884=DIRECTION('',(0.,0.,-1.));
#6885=DIRECTION('',(-1.,0.,0.));
#6886=DIRECTION('',(0.,0.,1.));
#6887=DIRECTION('',(1.,0.,0.));
#6888=DIRECTION('',(0.,0.,1.));
#6889=DIRECTION('',(1.,0.,0.));
#6890=DIRECTION('',(0.,0.,1.));
#6891=DIRECTION('',(1.,0.,0.));
#6892=DIRECTION('',(0.,0.,1.));
#6893=DIRECTION('',(1.,0.,0.));
#6894=DIRECTION('',(0.,0.,-1.));
#6895=DIRECTION('',(-1.,0.,0.));
#6896=DIRECTION('',(0.,0.,1.));
#6897=DIRECTION('',(1.,0.,0.));
#6898=DIRECTION('',(0.,0.,1.));
#6899=DIRECTION('',(1.,0.,0.));
#6900=DIRECTION('',(0.,0.,1.));
#6901=DIRECTION('',(1.,0.,0.));
#6902=DIRECTION('',(0.,0.,1.));
#6903=DIRECTION('',(1.,0.,0.));
#6904=DIRECTION('',(0.,0.,-1.));
#6905=DIRECTION('',(-1.,0.,0.));
#6906=DIRECTION('',(0.,0.,1.));
#6907=DIRECTION('',(1.,0.,0.));
#6908=DIRECTION('',(0.,0.,1.));
#6909=DIRECTION('',(1.,0.,0.));
#6910=DIRECTION('',(0.,0.,1.));
#6911=DIRECTION('',(1.,0.,0.));
#6912=DIRECTION('',(0.,0.,1.));
#6913=DIRECTION('',(1.,0.,0.));
#6914=DIRECTION('',(0.,0.,-1.));
#6915=DIRECTION('',(-1.,0.,0.));
#6916=DIRECTION('',(0.,0.,1.));
#6917=DIRECTION('',(1.,0.,0.));
#6918=DIRECTION('',(0.,0.,1.));
#6919=DIRECTION('',(1.,0.,0.));
#6920=DIRECTION('',(0.,0.,1.));
#6921=DIRECTION('',(1.,0.,0.));
#6922=DIRECTION('',(0.,0.,1.));
#6923=DIRECTION('',(1.,0.,0.));
#6924=DIRECTION('',(0.,0.,-1.));
#6925=DIRECTION('',(-1.,0.,0.));
#6926=DIRECTION('',(0.,0.,1.));
#6927=DIRECTION('',(1.,0.,0.));
#6928=DIRECTION('',(0.,0.,1.));
#6929=DIRECTION('',(1.,0.,0.));
#6930=DIRECTION('',(0.,0.,1.));
#6931=DIRECTION('',(1.,0.,0.));
#6932=DIRECTION('',(0.,0.,1.));
#6933=DIRECTION('',(1.,0.,0.));
#6934=DIRECTION('',(0.,0.,-1.));
#6935=DIRECTION('',(-1.,0.,0.));
#6936=DIRECTION('',(0.,0.,1.));
#6937=DIRECTION('',(1.,0.,0.));
#6938=DIRECTION('',(0.,0.,1.));
#6939=DIRECTION('',(1.,0.,0.));
#6940=CARTESIAN_POINT('',(0.,0.,0.));
#6941=CARTESIAN_POINT('',(0.,0.003175,-0.0087249));
#6942=CARTESIAN_POINT('',(-0.00565685424949238,0.00565685424949238,-0.0087249));
#6943=CARTESIAN_POINT('',(-0.00345685424949238,0.00565685424949238,-0.0087249));
#6944=CARTESIAN_POINT('',(0.00565685424949238,0.00565685424949238,-0.0087249));
#6945=CARTESIAN_POINT('',(0.00785685424949238,0.00565685424949238,-0.0087249));
#6946=CARTESIAN_POINT('',(8.67361737988404E-19,0.008,-0.0087249));
#6947=CARTESIAN_POINT('',(0.0022,0.008,-0.0087249));
#6948=CARTESIAN_POINT('',(-0.008,8.67361737988404E-19,-0.0087249));
#6949=CARTESIAN_POINT('',(-0.0058,8.67361737988404E-19,-0.0087249));
#6950=CARTESIAN_POINT('',(0.008,8.67361737988404E-19,-0.0087249));
#6951=CARTESIAN_POINT('',(0.0102,8.67361737988404E-19,-0.0087249));
#6952=CARTESIAN_POINT('',(0.00565685424949238,-0.00565685424949238,-0.0087249));
#6953=CARTESIAN_POINT('',(0.00785685424949238,-0.00565685424949238,-0.0087249));
#6954=CARTESIAN_POINT('',(0.,-0.008,-0.0087249));
#6955=CARTESIAN_POINT('',(0.0022,-0.008,-0.0087249));
#6956=CARTESIAN_POINT('',(-0.00565685424949238,-0.00565685424949238,-0.0087249));
#6957=CARTESIAN_POINT('',(-0.00345685424949238,-0.00565685424949238,-0.0087249));
#6958=CARTESIAN_POINT('',(0.,0.,-0.0087249));
#6959=CARTESIAN_POINT('',(0.0140335,0.,-0.0087249));
#6960=CARTESIAN_POINT('',(0.,0.,-0.0087249));
#6961=CARTESIAN_POINT('',(0.0045,0.,-0.0087249));
#6962=CARTESIAN_POINT('',(0.,0.,0.0087249));
#6963=CARTESIAN_POINT('',(0.,0.,0.0016851));
#6964=CARTESIAN_POINT('',(-0.0045,0.,0.0016851));
#6965=CARTESIAN_POINT('',(0.00233904316334101,0.0109618647742995,-0.0073249));
#6966=CARTESIAN_POINT('',(0.00233904316334101,0.0109618647742995,-0.0002149));
#6967=CARTESIAN_POINT('',(0.00133928813502546,0.0109839980830846,-0.0002149));
#6968=CARTESIAN_POINT('',(0.00137772968952093,0.0106864080534666,-0.0002149));
#6969=CARTESIAN_POINT('',(0.00137772968952093,0.0106864080534666,-0.0073249));
#6970=CARTESIAN_POINT('',(0.00137772968952093,0.0106864080534666,-0.0073249));
#6971=CARTESIAN_POINT('',(0.00233904316334101,0.0109618647742995,-0.0073249));
#6972=CARTESIAN_POINT('',(0.00133928813502546,0.0109839980830846,-0.0073249));
#6973=CARTESIAN_POINT('',(0.00133928813502546,0.0109839980830846,-0.0073249));
#6974=CARTESIAN_POINT('',(0.00191125866749108,0.0108392865335289,-0.0073249));
#6975=CARTESIAN_POINT('',(0.00191125866749108,0.0108392865335289,-0.0002149));
#6976=CARTESIAN_POINT('',(0.00236032439140277,0.0105131500964237,-0.0002149));
#6977=CARTESIAN_POINT('',(0.00236032439140277,0.0105131500964237,-0.0073249));
#6978=CARTESIAN_POINT('',(0.00236032439140277,0.0105131500964237,-0.0073249));
#6979=CARTESIAN_POINT('',(0.00191125866749108,0.0108392865335289,-0.0073249));
#6980=CARTESIAN_POINT('',(0.00155119696093124,0.011100783316433,-0.0073249));
#6981=CARTESIAN_POINT('',(0.00155119696093124,0.011100783316433,-0.0002149));
#6982=CARTESIAN_POINT('',(0.00249822942107592,0.0107796454652969,-0.0002149));
#6983=CARTESIAN_POINT('',(0.00249822942107592,0.0107796454652969,-0.0073249));
#6984=CARTESIAN_POINT('',(0.00249822942107592,0.0107796454652969,-0.0073249));
#6985=CARTESIAN_POINT('',(0.00155119696093124,0.011100783316433,-0.0073249));
#6986=CARTESIAN_POINT('',(0.00264028429009763,0.0107314747876265,-0.0073249));
#6987=CARTESIAN_POINT('',(0.00264028429009763,0.0107314747876265,-0.0002149));
#6988=CARTESIAN_POINT('',(0.00267612038868286,0.0108771311436093,-0.0002149));
#6989=CARTESIAN_POINT('',(0.00267612038868286,0.0108771311436093,-0.0073249));
#6990=CARTESIAN_POINT('',(0.00267612038868286,0.0108771311436093,-0.0073249));
#6991=CARTESIAN_POINT('',(0.00264028429009763,0.0107314747876265,-0.0073249));
#6992=CARTESIAN_POINT('',(0.00615143620914153,0.00918125725676295,-0.0073249));
#6993=CARTESIAN_POINT('',(0.00615143620914153,0.00918125725676295,-0.0002149));
#6994=CARTESIAN_POINT('',(0.00603442363905606,0.00927510851377101,-0.0002149));
#6995=CARTESIAN_POINT('',(0.00623492853428936,0.00930587279207621,-0.0002149));
#6996=CARTESIAN_POINT('',(0.00623492853428936,0.00930587279207621,-0.0073249));
#6997=CARTESIAN_POINT('',(0.00623492853428936,0.00930587279207621,-0.0073249));
#6998=CARTESIAN_POINT('',(0.00615143620914153,0.00918125725676295,-0.0073249));
#6999=CARTESIAN_POINT('',(0.00603442363905606,0.00927510851377101,-0.0073249));
#7000=CARTESIAN_POINT('',(0.00603442363905606,0.00927510851377101,-0.0073249));
#7001=CARTESIAN_POINT('',(0.00594716016151379,0.00950078356049138,-0.0073249));
#7002=CARTESIAN_POINT('',(0.00594716016151379,0.00950078356049138,-0.0002149));
#7003=CARTESIAN_POINT('',(0.00501526777625502,0.00986351842550538,-0.0002149));
#7004=CARTESIAN_POINT('',(0.00494960923676373,0.00957072748467573,-0.0002149));
#7005=CARTESIAN_POINT('',(0.00494960923676373,0.00957072748467573,-0.0073249));
#7006=CARTESIAN_POINT('',(0.00494960923676373,0.00957072748467573,-0.0073249));
#7007=CARTESIAN_POINT('',(0.00594716016151379,0.00950078356049138,-0.0073249));
#7008=CARTESIAN_POINT('',(0.00501526777625502,0.00986351842550538,-0.0073249));
#7009=CARTESIAN_POINT('',(0.00501526777625502,0.00986351842550538,-0.0073249));
#7010=CARTESIAN_POINT('',(0.00525433983848624,0.00990078356049138,-0.0073249));
#7011=CARTESIAN_POINT('',(0.00525433983848624,0.00990078356049138,-0.0002149));
#7012=CARTESIAN_POINT('',(0.00581368851604528,0.00907185108018134,-0.0002149));
#7013=CARTESIAN_POINT('',(0.00525433983848624,0.00990078356049138,-0.0073249));
#7014=CARTESIAN_POINT('',(0.00581368851604528,0.00907185108018134,-0.0073249));
#7015=CARTESIAN_POINT('',(0.00581368851604528,0.00907185108018134,-0.0073249));
#7016=CARTESIAN_POINT('',(0.00550325,0.00953190860675342,-0.0073249));
#7017=CARTESIAN_POINT('',(0.00550325,0.00953190860675342,-0.0002149));
#7018=CARTESIAN_POINT('',(0.00550325,0.00953190860675342,-0.0073249));
#7019=CARTESIAN_POINT('',(0.00892063413583345,0.00652364459980792,-0.0073249));
#7020=CARTESIAN_POINT('',(0.00892063413583345,0.00652364459980792,-0.0002149));
#7021=CARTESIAN_POINT('',(0.00884277730755812,0.00665185658946141,-0.0002149));
#7022=CARTESIAN_POINT('',(0.00904171228091557,0.00661218884176342,-0.0002149));
#7023=CARTESIAN_POINT('',(0.00904171228091557,0.00661218884176342,-0.0073249));
#7024=CARTESIAN_POINT('',(0.00904171228091557,0.00661218884176342,-0.0073249));
#7025=CARTESIAN_POINT('',(0.00892063413583345,0.00652364459980792,-0.0073249));
#7026=CARTESIAN_POINT('',(0.00884277730755812,0.00665185658946141,-0.0073249));
#7027=CARTESIAN_POINT('',(0.00884277730755812,0.00665185658946141,-0.0073249));
#7028=CARTESIAN_POINT('',(0.00883796187347186,0.00689376763265616,-0.0073249));
#7029=CARTESIAN_POINT('',(0.00883796187347186,0.00689376763265616,-0.0002149));
#7030=CARTESIAN_POINT('',(0.00808633210619892,0.00755335287578189,-0.0002149));
#7031=CARTESIAN_POINT('',(0.00792449286160036,0.00730067593233867,-0.0002149));
#7032=CARTESIAN_POINT('',(0.00792449286160036,0.00730067593233867,-0.0073249));
#7033=CARTESIAN_POINT('',(0.00792449286160036,0.00730067593233867,-0.0073249));
#7034=CARTESIAN_POINT('',(0.00883796187347186,0.00689376763265616,-0.0073249));
#7035=CARTESIAN_POINT('',(0.00808633210619892,0.00755335287578189,-0.0073249));
#7036=CARTESIAN_POINT('',(0.00808633210619892,0.00755335287578189,-0.0073249));
#7037=CARTESIAN_POINT('',(0.00832373178572263,0.00750660318715134,-0.0073249));
#7038=CARTESIAN_POINT('',(0.00832373178572263,0.00750660318715134,-0.0002149));
#7039=CARTESIAN_POINT('',(0.00856583600474828,0.00653635293740648,-0.0002149));
#7040=CARTESIAN_POINT('',(0.00832373178572263,0.00750660318715134,-0.0073249));
#7041=CARTESIAN_POINT('',(0.00856583600474828,0.00653635293740648,-0.0073249));
#7042=CARTESIAN_POINT('',(0.00856583600474828,0.00653635293740648,-0.0073249));
#7043=CARTESIAN_POINT('',(0.00843146816318905,0.00707484182601488,-0.0073249));
#7044=CARTESIAN_POINT('',(0.00843146816318905,0.00707484182601488,-0.0002149));
#7045=CARTESIAN_POINT('',(0.00843146816318905,0.00707484182601488,-0.0073249));
#7046=CARTESIAN_POINT('',(0.0106138719312056,0.00307918412537572,-0.0073249));
#7047=CARTESIAN_POINT('',(0.0106138719312056,0.00307918412537572,-0.0002149));
#7048=CARTESIAN_POINT('',(0.0105845615272748,0.003226292589515,-0.0002149));
#7049=CARTESIAN_POINT('',(0.010757932085002,0.0031209773316198,-0.0002149));
#7050=CARTESIAN_POINT('',(0.010757932085002,0.0031209773316198,-0.0073249));
#7051=CARTESIAN_POINT('',(0.010757932085002,0.0031209773316198,-0.0073249));
#7052=CARTESIAN_POINT('',(0.0106138719312056,0.00307918412537572,-0.0073249));
#7053=CARTESIAN_POINT('',(0.0105845615272748,0.003226292589515,-0.0073249));
#7054=CARTESIAN_POINT('',(0.0105845615272748,0.003226292589515,-0.0073249));
#7055=CARTESIAN_POINT('',(0.0106627749490636,0.00345526158714809,-0.0073249));
#7056=CARTESIAN_POINT('',(0.0106627749490636,0.00345526158714809,-0.0002149));
#7057=CARTESIAN_POINT('',(0.0101820654425836,0.00433214149362315,-0.0002149));
#7058=CARTESIAN_POINT('',(0.0099435656942692,0.00415005511606013,-0.0002149));
#7059=CARTESIAN_POINT('',(0.0099435656942692,0.00415005511606013,-0.0073249));
#7060=CARTESIAN_POINT('',(0.0099435656942692,0.00415005511606013,-0.0073249));
#7061=CARTESIAN_POINT('',(0.0106627749490636,0.00345526158714809,-0.0073249));
#7062=CARTESIAN_POINT('',(0.0101820654425836,0.00433214149362315,-0.0073249));
#7063=CARTESIAN_POINT('',(0.0101820654425836,0.00433214149362315,-0.0073249));
#7064=CARTESIAN_POINT('',(0.0103891588344031,0.00420701568377681,-0.0073249));
#7065=CARTESIAN_POINT('',(0.0103891588344031,0.00420701568377681,-0.0002149));
#7066=CARTESIAN_POINT('',(0.0102848172530031,0.00321247416408498,-0.0002149));
#7067=CARTESIAN_POINT('',(0.0103891588344031,0.00420701568377681,-0.0073249));
#7068=CARTESIAN_POINT('',(0.0102848172530031,0.00321247416408498,-0.0073249));
#7069=CARTESIAN_POINT('',(0.0102848172530031,0.00321247416408498,-0.0073249));
#7070=CARTESIAN_POINT('',(0.0103427268306801,0.00376444470751395,-0.0073249));
#7071=CARTESIAN_POINT('',(0.0103427268306801,0.00376444470751395,-0.0002149));
#7072=CARTESIAN_POINT('',(0.0103427268306801,0.00376444470751395,-0.0073249));
#7073=CARTESIAN_POINT('',(0.0112015,-0.00040000000000004,-0.0073249));
#7074=CARTESIAN_POINT('',(0.0112015,-0.00040000000000004,-0.0002149));
#7075=CARTESIAN_POINT('',(0.011049691415311,0.000588409911734329,-0.0002149));
#7076=CARTESIAN_POINT('',(0.010763297752809,0.000498876404494345,-0.0002149));
#7077=CARTESIAN_POINT('',(0.010763297752809,0.000498876404494345,-0.0073249));
#7078=CARTESIAN_POINT('',(0.010763297752809,0.000498876404494345,-0.0073249));
#7079=CARTESIAN_POINT('',(0.0112015,-0.00040000000000004,-0.0073249));
#7080=CARTESIAN_POINT('',(0.011049691415311,0.000588409911734329,-0.0073249));
#7081=CARTESIAN_POINT('',(0.011049691415311,0.000588409911734329,-0.0073249));
#7082=CARTESIAN_POINT('',(0.0112015,0.000399999999999962,-0.0073249));
#7083=CARTESIAN_POINT('',(0.0112015,0.000399999999999962,-0.0002149));
#7084=CARTESIAN_POINT('',(0.010763297752809,-0.000498876404494418,-0.0002149));
#7085=CARTESIAN_POINT('',(0.011049691415311,-0.000588409911734404,-0.0002149));
#7086=CARTESIAN_POINT('',(0.011049691415311,-0.000588409911734404,-0.0073249));
#7087=CARTESIAN_POINT('',(0.011049691415311,-0.000588409911734404,-0.0073249));
#7088=CARTESIAN_POINT('',(0.0112015,0.000399999999999962,-0.0073249));
#7089=CARTESIAN_POINT('',(0.010763297752809,-0.000498876404494418,-0.0073249));
#7090=CARTESIAN_POINT('',(0.010763297752809,-0.000498876404494418,-0.0073249));
#7091=CARTESIAN_POINT('',(0.0110065,-3.84289893559769E-17,-0.0073249));
#7092=CARTESIAN_POINT('',(0.0110065,-3.84289893559769E-17,-0.0002149));
#7093=CARTESIAN_POINT('',(0.0110065,-3.84289893559769E-17,-0.0073249));
#7094=CARTESIAN_POINT('',(0.0106138719312056,-0.0030791841253758,-0.0073249));
#7095=CARTESIAN_POINT('',(0.0106138719312056,-0.0030791841253758,-0.0002149));
#7096=CARTESIAN_POINT('',(0.010757932085002,-0.00312097733161987,-0.0002149));
#7097=CARTESIAN_POINT('',(0.0105845615272748,-0.00322629258951507,-0.0002149));
#7098=CARTESIAN_POINT('',(0.0105845615272748,-0.00322629258951507,-0.0073249));
#7099=CARTESIAN_POINT('',(0.0105845615272748,-0.00322629258951507,-0.0073249));
#7100=CARTESIAN_POINT('',(0.0106138719312056,-0.0030791841253758,-0.0073249));
#7101=CARTESIAN_POINT('',(0.010757932085002,-0.00312097733161987,-0.0073249));
#7102=CARTESIAN_POINT('',(0.010757932085002,-0.00312097733161987,-0.0073249));
#7103=CARTESIAN_POINT('',(0.0103891588344031,-0.00420701568377688,-0.0073249));
#7104=CARTESIAN_POINT('',(0.0103891588344031,-0.00420701568377688,-0.0002149));
#7105=CARTESIAN_POINT('',(0.0102848172530031,-0.00321247416408504,-0.0002149));
#7106=CARTESIAN_POINT('',(0.0102848172530031,-0.00321247416408504,-0.0073249));
#7107=CARTESIAN_POINT('',(0.0102848172530031,-0.00321247416408504,-0.0073249));
#7108=CARTESIAN_POINT('',(0.0103891588344031,-0.00420701568377688,-0.0073249));
#7109=CARTESIAN_POINT('',(0.0106627749490636,-0.00345526158714816,-0.0073249));
#7110=CARTESIAN_POINT('',(0.0106627749490636,-0.00345526158714816,-0.0002149));
#7111=CARTESIAN_POINT('',(0.00994356569426917,-0.0041500551160602,-0.0002149));
#7112=CARTESIAN_POINT('',(0.0101820654425835,-0.00433214149362321,-0.0002149));
#7113=CARTESIAN_POINT('',(0.0101820654425835,-0.00433214149362321,-0.0073249));
#7114=CARTESIAN_POINT('',(0.0101820654425835,-0.00433214149362321,-0.0073249));
#7115=CARTESIAN_POINT('',(0.0106627749490636,-0.00345526158714816,-0.0073249));
#7116=CARTESIAN_POINT('',(0.00994356569426917,-0.0041500551160602,-0.0073249));
#7117=CARTESIAN_POINT('',(0.00994356569426917,-0.0041500551160602,-0.0073249));
#7118=CARTESIAN_POINT('',(0.0103427268306801,-0.00376444470751401,-0.0073249));
#7119=CARTESIAN_POINT('',(0.0103427268306801,-0.00376444470751401,-0.0002149));
#7120=CARTESIAN_POINT('',(0.0103427268306801,-0.00376444470751401,-0.0073249));
#7121=CARTESIAN_POINT('',(0.0089206341358334,-0.00652364459980798,-0.0073249));
#7122=CARTESIAN_POINT('',(0.0089206341358334,-0.00652364459980798,-0.0002149));
#7123=CARTESIAN_POINT('',(0.00904171228091552,-0.00661218884176348,-0.0002149));
#7124=CARTESIAN_POINT('',(0.00884277730755808,-0.00665185658946147,-0.0002149));
#7125=CARTESIAN_POINT('',(0.00884277730755808,-0.00665185658946147,-0.0073249));
#7126=CARTESIAN_POINT('',(0.00884277730755808,-0.00665185658946147,-0.0073249));
#7127=CARTESIAN_POINT('',(0.0089206341358334,-0.00652364459980798,-0.0073249));
#7128=CARTESIAN_POINT('',(0.00904171228091552,-0.00661218884176348,-0.0073249));
#7129=CARTESIAN_POINT('',(0.00904171228091552,-0.00661218884176348,-0.0073249));
#7130=CARTESIAN_POINT('',(0.00832373178572258,-0.0075066031871514,-0.0073249));
#7131=CARTESIAN_POINT('',(0.00832373178572258,-0.0075066031871514,-0.0002149));
#7132=CARTESIAN_POINT('',(0.00856583600474824,-0.00653635293740653,-0.0002149));
#7133=CARTESIAN_POINT('',(0.00856583600474824,-0.00653635293740653,-0.0073249));
#7134=CARTESIAN_POINT('',(0.00856583600474824,-0.00653635293740653,-0.0073249));
#7135=CARTESIAN_POINT('',(0.00832373178572258,-0.0075066031871514,-0.0073249));
#7136=CARTESIAN_POINT('',(0.00883796187347181,-0.00689376763265622,-0.0073249));
#7137=CARTESIAN_POINT('',(0.00883796187347181,-0.00689376763265622,-0.0002149));
#7138=CARTESIAN_POINT('',(0.00792449286160031,-0.00730067593233872,-0.0002149));
#7139=CARTESIAN_POINT('',(0.00808633210619887,-0.00755335287578194,-0.0002149));
#7140=CARTESIAN_POINT('',(0.00808633210619887,-0.00755335287578194,-0.0073249));
#7141=CARTESIAN_POINT('',(0.00808633210619887,-0.00755335287578194,-0.0073249));
#7142=CARTESIAN_POINT('',(0.00883796187347181,-0.00689376763265622,-0.0073249));
#7143=CARTESIAN_POINT('',(0.00792449286160031,-0.00730067593233872,-0.0073249));
#7144=CARTESIAN_POINT('',(0.00792449286160031,-0.00730067593233872,-0.0073249));
#7145=CARTESIAN_POINT('',(0.008431468163189,-0.00707484182601494,-0.0073249));
#7146=CARTESIAN_POINT('',(0.008431468163189,-0.00707484182601494,-0.0002149));
#7147=CARTESIAN_POINT('',(0.008431468163189,-0.00707484182601494,-0.0073249));
#7148=CARTESIAN_POINT('',(0.00615143620914147,-0.009181257256763,-0.0073249));
#7149=CARTESIAN_POINT('',(0.00615143620914147,-0.009181257256763,-0.0002149));
#7150=CARTESIAN_POINT('',(0.0062349285342893,-0.00930587279207626,-0.0002149));
#7151=CARTESIAN_POINT('',(0.00603442363905599,-0.00927510851377105,-0.0002149));
#7152=CARTESIAN_POINT('',(0.00603442363905599,-0.00927510851377105,-0.0073249));
#7153=CARTESIAN_POINT('',(0.00603442363905599,-0.00927510851377105,-0.0073249));
#7154=CARTESIAN_POINT('',(0.00615143620914147,-0.009181257256763,-0.0073249));
#7155=CARTESIAN_POINT('',(0.0062349285342893,-0.00930587279207625,-0.0073249));
#7156=CARTESIAN_POINT('',(0.0062349285342893,-0.00930587279207626,-0.0073249));
#7157=CARTESIAN_POINT('',(0.00525433983848617,-0.00990078356049142,-0.0073249));
#7158=CARTESIAN_POINT('',(0.00525433983848617,-0.00990078356049142,-0.0002149));
#7159=CARTESIAN_POINT('',(0.00581368851604522,-0.00907185108018138,-0.0002149));
#7160=CARTESIAN_POINT('',(0.00581368851604522,-0.00907185108018138,-0.0073249));
#7161=CARTESIAN_POINT('',(0.00581368851604522,-0.00907185108018138,-0.0073249));
#7162=CARTESIAN_POINT('',(0.00525433983848617,-0.00990078356049142,-0.0073249));
#7163=CARTESIAN_POINT('',(0.00594716016151372,-0.00950078356049142,-0.0073249));
#7164=CARTESIAN_POINT('',(0.00594716016151372,-0.00950078356049142,-0.0002149));
#7165=CARTESIAN_POINT('',(0.00494960923676366,-0.00957072748467576,-0.0002149));
#7166=CARTESIAN_POINT('',(0.00501526777625495,-0.00986351842550541,-0.0002149));
#7167=CARTESIAN_POINT('',(0.00501526777625495,-0.00986351842550541,-0.0073249));
#7168=CARTESIAN_POINT('',(0.00501526777625495,-0.00986351842550541,-0.0073249));
#7169=CARTESIAN_POINT('',(0.00594716016151372,-0.00950078356049142,-0.0073249));
#7170=CARTESIAN_POINT('',(0.00494960923676366,-0.00957072748467576,-0.0073249));
#7171=CARTESIAN_POINT('',(0.00494960923676366,-0.00957072748467576,-0.0073249));
#7172=CARTESIAN_POINT('',(0.00550325,-0.00953190860675346,-0.0073249));
#7173=CARTESIAN_POINT('',(0.00550325,-0.00953190860675346,-0.0002149));
#7174=CARTESIAN_POINT('',(0.00550325,-0.00953190860675346,-0.0073249));
#7175=CARTESIAN_POINT('',(0.00264028429009756,-0.0107314747876265,-0.0073249));
#7176=CARTESIAN_POINT('',(0.00264028429009756,-0.0107314747876265,-0.0002149));
#7177=CARTESIAN_POINT('',(0.00267612038868278,-0.0108771311436093,-0.0002149));
#7178=CARTESIAN_POINT('',(0.00249822942107585,-0.0107796454652969,-0.0002149));
#7179=CARTESIAN_POINT('',(0.00249822942107585,-0.0107796454652969,-0.0073249));
#7180=CARTESIAN_POINT('',(0.00249822942107585,-0.0107796454652969,-0.0073249));
#7181=CARTESIAN_POINT('',(0.00264028429009756,-0.0107314747876265,-0.0073249));
#7182=CARTESIAN_POINT('',(0.00267612038868278,-0.0108771311436093,-0.0073249));
#7183=CARTESIAN_POINT('',(0.00267612038868278,-0.0108771311436093,-0.0073249));
#7184=CARTESIAN_POINT('',(0.00155119696093117,-0.011100783316433,-0.0073249));
#7185=CARTESIAN_POINT('',(0.00155119696093117,-0.011100783316433,-0.0002149));
#7186=CARTESIAN_POINT('',(0.00236032439140271,-0.0105131500964237,-0.0002149));
#7187=CARTESIAN_POINT('',(0.00236032439140271,-0.0105131500964237,-0.0073249));
#7188=CARTESIAN_POINT('',(0.00236032439140271,-0.0105131500964237,-0.0073249));
#7189=CARTESIAN_POINT('',(0.00155119696093117,-0.011100783316433,-0.0073249));
#7190=CARTESIAN_POINT('',(0.00233904316334094,-0.0109618647742995,-0.0073249));
#7191=CARTESIAN_POINT('',(0.00233904316334094,-0.0109618647742995,-0.0002149));
#7192=CARTESIAN_POINT('',(0.00137772968952086,-0.0106864080534666,-0.0002149));
#7193=CARTESIAN_POINT('',(0.00133928813502539,-0.0109839980830846,-0.0002149));
#7194=CARTESIAN_POINT('',(0.00133928813502539,-0.0109839980830846,-0.0073249));
#7195=CARTESIAN_POINT('',(0.00133928813502539,-0.0109839980830846,-0.0073249));
#7196=CARTESIAN_POINT('',(0.00233904316334094,-0.0109618647742995,-0.0073249));
#7197=CARTESIAN_POINT('',(0.00137772968952086,-0.0106864080534666,-0.0073249));
#7198=CARTESIAN_POINT('',(0.00137772968952086,-0.0106864080534666,-0.0073249));
#7199=CARTESIAN_POINT('',(0.001911258667491,-0.0108392865335289,-0.0073249));
#7200=CARTESIAN_POINT('',(0.001911258667491,-0.0108392865335289,-0.0002149));
#7201=CARTESIAN_POINT('',(0.001911258667491,-0.0108392865335289,-0.0073249));
#7202=CARTESIAN_POINT('',(-0.0026402842900977,-0.0107314747876265,-0.0073249));
#7203=CARTESIAN_POINT('',(-0.0026402842900977,-0.0107314747876265,-0.0002149));
#7204=CARTESIAN_POINT('',(-0.002498229421076,-0.0107796454652969,-0.0002149));
#7205=CARTESIAN_POINT('',(-0.00267612038868293,-0.0108771311436093,-0.0002149));
#7206=CARTESIAN_POINT('',(-0.00267612038868293,-0.0108771311436093,-0.0073249));
#7207=CARTESIAN_POINT('',(-0.00267612038868293,-0.0108771311436093,-0.0073249));
#7208=CARTESIAN_POINT('',(-0.0026402842900977,-0.0107314747876265,-0.0073249));
#7209=CARTESIAN_POINT('',(-0.002498229421076,-0.0107796454652969,-0.0073249));
#7210=CARTESIAN_POINT('',(-0.002498229421076,-0.0107796454652969,-0.0073249));
#7211=CARTESIAN_POINT('',(-0.0011893248807782,-0.0109873180794024,-0.0073249));
#7212=CARTESIAN_POINT('',(-0.0011893248807782,-0.0109873180794024,-0.0002149));
#7213=CARTESIAN_POINT('',(-0.00120546737112944,-0.0111364469498643,-0.0002149));
#7214=CARTESIAN_POINT('',(-0.00133928813502553,-0.0109839980830846,-0.0002149));
#7215=CARTESIAN_POINT('',(-0.00133928813502553,-0.0109839980830846,-0.0073249));
#7216=CARTESIAN_POINT('',(-0.00133928813502553,-0.0109839980830846,-0.0073249));
#7217=CARTESIAN_POINT('',(-0.0011893248807782,-0.0109873180794024,-0.0073249));
#7218=CARTESIAN_POINT('',(-0.00120546737112945,-0.0111364469498643,-0.0073249));
#7219=CARTESIAN_POINT('',(-0.00120546737112944,-0.0111364469498643,-0.0073249));
#7220=CARTESIAN_POINT('',(-0.00155119696093131,-0.011100783316433,-0.0073249));
#7221=CARTESIAN_POINT('',(-0.00155119696093131,-0.011100783316433,-0.0002149));
#7222=CARTESIAN_POINT('',(-0.00236032439140285,-0.0105131500964237,-0.0002149));
#7223=CARTESIAN_POINT('',(-0.00155119696093131,-0.011100783316433,-0.0073249));
#7224=CARTESIAN_POINT('',(-0.00236032439140285,-0.0105131500964237,-0.0073249));
#7225=CARTESIAN_POINT('',(-0.00236032439140285,-0.0105131500964237,-0.0073249));
#7226=CARTESIAN_POINT('',(-0.00191125866749115,-0.0108392865335289,-0.0073249));
#7227=CARTESIAN_POINT('',(-0.00191125866749115,-0.0108392865335289,-0.0002149));
#7228=CARTESIAN_POINT('',(-0.001377729689521,-0.0106864080534666,-0.0002149));
#7229=CARTESIAN_POINT('',(-0.00191125866749115,-0.0108392865335289,-0.0073249));
#7230=CARTESIAN_POINT('',(-0.001377729689521,-0.0106864080534666,-0.0073249));
#7231=CARTESIAN_POINT('',(-0.001377729689521,-0.0106864080534666,-0.0073249));
#7232=CARTESIAN_POINT('',(-0.0061514362091416,-0.00918125725676291,-0.0073249));
#7233=CARTESIAN_POINT('',(-0.0061514362091416,-0.00918125725676291,-0.0002149));
#7234=CARTESIAN_POINT('',(-0.00603442363905612,-0.00927510851377097,-0.0002149));
#7235=CARTESIAN_POINT('',(-0.00623492853428943,-0.00930587279207617,-0.0002149));
#7236=CARTESIAN_POINT('',(-0.00623492853428943,-0.00930587279207617,-0.0073249));
#7237=CARTESIAN_POINT('',(-0.00623492853428943,-0.00930587279207617,-0.0073249));
#7238=CARTESIAN_POINT('',(-0.0061514362091416,-0.00918125725676291,-0.0073249));
#7239=CARTESIAN_POINT('',(-0.00603442363905612,-0.00927510851377097,-0.0073249));
#7240=CARTESIAN_POINT('',(-0.00603442363905612,-0.00927510851377097,-0.0073249));
#7241=CARTESIAN_POINT('',(-0.00487548391846627,-0.00991792865525744,-0.0073249));
#7242=CARTESIAN_POINT('',(-0.00487548391846627,-0.00991792865525744,-0.0002149));
#7243=CARTESIAN_POINT('',(-0.00494165797517984,-0.0100525428975131,-0.0002149));
#7244=CARTESIAN_POINT('',(-0.00501526777625509,-0.00986351842550534,-0.0002149));
#7245=CARTESIAN_POINT('',(-0.00501526777625509,-0.00986351842550534,-0.0073249));
#7246=CARTESIAN_POINT('',(-0.00501526777625509,-0.00986351842550534,-0.0073249));
#7247=CARTESIAN_POINT('',(-0.00487548391846627,-0.00991792865525744,-0.0073249));
#7248=CARTESIAN_POINT('',(-0.00494165797517984,-0.0100525428975131,-0.0073249));
#7249=CARTESIAN_POINT('',(-0.00494165797517984,-0.0100525428975131,-0.0073249));
#7250=CARTESIAN_POINT('',(-0.00594716016151385,-0.00950078356049134,-0.0073249));
#7251=CARTESIAN_POINT('',(-0.00594716016151385,-0.00950078356049134,-0.0002149));
#7252=CARTESIAN_POINT('',(-0.00494960923676379,-0.00957072748467569,-0.0002149));
#7253=CARTESIAN_POINT('',(-0.00494960923676379,-0.00957072748467569,-0.0073249));
#7254=CARTESIAN_POINT('',(-0.00494960923676379,-0.00957072748467569,-0.0073249));
#7255=CARTESIAN_POINT('',(-0.00594716016151385,-0.00950078356049134,-0.0073249));
#7256=CARTESIAN_POINT('',(-0.00525433983848631,-0.00990078356049134,-0.0073249));
#7257=CARTESIAN_POINT('',(-0.00525433983848631,-0.00990078356049134,-0.0002149));
#7258=CARTESIAN_POINT('',(-0.00581368851604534,-0.0090718510801813,-0.0002149));
#7259=CARTESIAN_POINT('',(-0.00525433983848631,-0.00990078356049134,-0.0073249));
#7260=CARTESIAN_POINT('',(-0.00581368851604534,-0.0090718510801813,-0.0073249));
#7261=CARTESIAN_POINT('',(-0.00581368851604534,-0.0090718510801813,-0.0073249));
#7262=CARTESIAN_POINT('',(-0.00892063413583349,-0.00652364459980786,-0.0073249));
#7263=CARTESIAN_POINT('',(-0.00892063413583349,-0.00652364459980786,-0.0002149));
#7264=CARTESIAN_POINT('',(-0.00884277730755816,-0.00665185658946135,-0.0002149));
#7265=CARTESIAN_POINT('',(-0.00904171228091561,-0.00661218884176336,-0.0002149));
#7266=CARTESIAN_POINT('',(-0.00904171228091561,-0.00661218884176336,-0.0073249));
#7267=CARTESIAN_POINT('',(-0.00904171228091561,-0.00661218884176336,-0.0073249));
#7268=CARTESIAN_POINT('',(-0.00892063413583349,-0.00652364459980786,-0.0073249));
#7269=CARTESIAN_POINT('',(-0.00884277730755816,-0.00665185658946135,-0.0073249));
#7270=CARTESIAN_POINT('',(-0.00884277730755816,-0.00665185658946135,-0.0073249));
#7271=CARTESIAN_POINT('',(-0.00797358764110803,-0.0076522906622507,-0.0073249));
#7272=CARTESIAN_POINT('',(-0.00797358764110803,-0.0076522906622507,-0.0002149));
#7273=CARTESIAN_POINT('',(-0.0080818116963192,-0.00775615381198943,-0.0002149));
#7274=CARTESIAN_POINT('',(-0.00808633210619897,-0.00755335287578184,-0.0002149));
#7275=CARTESIAN_POINT('',(-0.00808633210619897,-0.00755335287578184,-0.0073249));
#7276=CARTESIAN_POINT('',(-0.00808633210619897,-0.00755335287578184,-0.0073249));
#7277=CARTESIAN_POINT('',(-0.00797358764110803,-0.0076522906622507,-0.0073249));
#7278=CARTESIAN_POINT('',(-0.0080818116963192,-0.00775615381198943,-0.0073249));
#7279=CARTESIAN_POINT('',(-0.0080818116963192,-0.00775615381198943,-0.0073249));
#7280=CARTESIAN_POINT('',(-0.00883796187347191,-0.0068937676326561,-0.0073249));
#7281=CARTESIAN_POINT('',(-0.00883796187347191,-0.0068937676326561,-0.0002149));
#7282=CARTESIAN_POINT('',(-0.00792449286160041,-0.00730067593233862,-0.0002149));
#7283=CARTESIAN_POINT('',(-0.00792449286160041,-0.00730067593233862,-0.0073249));
#7284=CARTESIAN_POINT('',(-0.00792449286160041,-0.00730067593233862,-0.0073249));
#7285=CARTESIAN_POINT('',(-0.00883796187347191,-0.0068937676326561,-0.0073249));
#7286=CARTESIAN_POINT('',(-0.00832373178572268,-0.00750660318715129,-0.0073249));
#7287=CARTESIAN_POINT('',(-0.00832373178572268,-0.00750660318715129,-0.0002149));
#7288=CARTESIAN_POINT('',(-0.00856583600474832,-0.00653635293740642,-0.0002149));
#7289=CARTESIAN_POINT('',(-0.00832373178572268,-0.00750660318715129,-0.0073249));
#7290=CARTESIAN_POINT('',(-0.00856583600474832,-0.00653635293740642,-0.0073249));
#7291=CARTESIAN_POINT('',(-0.00856583600474832,-0.00653635293740642,-0.0073249));
#7292=CARTESIAN_POINT('',(-0.0106138719312056,-0.00307918412537566,-0.0073249));
#7293=CARTESIAN_POINT('',(-0.0106138719312056,-0.00307918412537566,-0.0002149));
#7294=CARTESIAN_POINT('',(-0.0105845615272749,-0.00322629258951493,-0.0002149));
#7295=CARTESIAN_POINT('',(-0.010757932085002,-0.00312097733161973,-0.0002149));
#7296=CARTESIAN_POINT('',(-0.010757932085002,-0.00312097733161973,-0.0073249));
#7297=CARTESIAN_POINT('',(-0.010757932085002,-0.00312097733161973,-0.0073249));
#7298=CARTESIAN_POINT('',(-0.0106138719312056,-0.00307918412537566,-0.0073249));
#7299=CARTESIAN_POINT('',(-0.0105845615272749,-0.00322629258951493,-0.0073249));
#7300=CARTESIAN_POINT('',(-0.0105845615272749,-0.00322629258951493,-0.0073249));
#7301=CARTESIAN_POINT('',(-0.0101099590166116,-0.00446367347959434,-0.0073249));
#7302=CARTESIAN_POINT('',(-0.0101099590166116,-0.00446367347959434,-0.0002149));
#7303=CARTESIAN_POINT('',(-0.010247179652045,-0.0045242581081008,-0.0002149));
#7304=CARTESIAN_POINT('',(-0.0101820654425836,-0.00433214149362308,-0.0002149));
#7305=CARTESIAN_POINT('',(-0.0101820654425836,-0.00433214149362308,-0.0073249));
#7306=CARTESIAN_POINT('',(-0.0101820654425836,-0.00433214149362308,-0.0073249));
#7307=CARTESIAN_POINT('',(-0.0101099590166116,-0.00446367347959434,-0.0073249));
#7308=CARTESIAN_POINT('',(-0.010247179652045,-0.00452425810810079,-0.0073249));
#7309=CARTESIAN_POINT('',(-0.010247179652045,-0.0045242581081008,-0.0073249));
#7310=CARTESIAN_POINT('',(-0.0106627749490636,-0.00345526158714801,-0.0073249));
#7311=CARTESIAN_POINT('',(-0.0106627749490636,-0.00345526158714801,-0.0002149));
#7312=CARTESIAN_POINT('',(-0.00994356569426923,-0.00415005511606006,-0.0002149));
#7313=CARTESIAN_POINT('',(-0.00994356569426923,-0.00415005511606006,-0.0073249));
#7314=CARTESIAN_POINT('',(-0.00994356569426923,-0.00415005511606006,-0.0073249));
#7315=CARTESIAN_POINT('',(-0.0106627749490636,-0.00345526158714801,-0.0073249));
#7316=CARTESIAN_POINT('',(-0.0103891588344031,-0.00420701568377675,-0.0073249));
#7317=CARTESIAN_POINT('',(-0.0103891588344031,-0.00420701568377675,-0.0002149));
#7318=CARTESIAN_POINT('',(-0.0102848172530031,-0.00321247416408491,-0.0002149));
#7319=CARTESIAN_POINT('',(-0.0103891588344031,-0.00420701568377675,-0.0073249));
#7320=CARTESIAN_POINT('',(-0.0102848172530031,-0.00321247416408491,-0.0073249));
#7321=CARTESIAN_POINT('',(-0.0102848172530031,-0.00321247416408491,-0.0073249));
#7322=CARTESIAN_POINT('',(-0.0110269201276077,0.000736671398494638,-0.0073249));
#7323=CARTESIAN_POINT('',(-0.0110269201276077,0.000736671398494638,-0.0002149));
#7324=CARTESIAN_POINT('',(-0.011049691415311,0.000588409911734481,-0.0002149));
#7325=CARTESIAN_POINT('',(-0.0111765865094691,0.000746670105437062,-0.0002149));
#7326=CARTESIAN_POINT('',(-0.0111765865094691,0.000746670105437062,-0.0073249));
#7327=CARTESIAN_POINT('',(-0.0111765865094691,0.000746670105437062,-0.0073249));
#7328=CARTESIAN_POINT('',(-0.0110269201276077,0.000736671398494638,-0.0073249));
#7329=CARTESIAN_POINT('',(-0.011049691415311,0.000588409911734481,-0.0073249));
#7330=CARTESIAN_POINT('',(-0.011049691415311,0.000588409911734481,-0.0073249));
#7331=CARTESIAN_POINT('',(-0.0110269201276077,-0.000736671398494407,-0.0073249));
#7332=CARTESIAN_POINT('',(-0.0110269201276077,-0.000736671398494407,-0.0002149));
#7333=CARTESIAN_POINT('',(-0.0111765865094691,-0.000746670105436826,-0.0002149));
#7334=CARTESIAN_POINT('',(-0.0110496914153111,-0.000588409911734252,-0.0002149));
#7335=CARTESIAN_POINT('',(-0.0110496914153111,-0.000588409911734252,-0.0073249));
#7336=CARTESIAN_POINT('',(-0.0110496914153111,-0.000588409911734252,-0.0073249));
#7337=CARTESIAN_POINT('',(-0.0110269201276077,-0.000736671398494407,-0.0073249));
#7338=CARTESIAN_POINT('',(-0.0111765865094691,-0.000746670105436824,-0.0073249));
#7339=CARTESIAN_POINT('',(-0.0111765865094691,-0.000746670105436826,-0.0073249));
#7340=CARTESIAN_POINT('',(-0.0112015,0.000400000000000117,-0.0073249));
#7341=CARTESIAN_POINT('',(-0.0112015,0.000400000000000117,-0.0002149));
#7342=CARTESIAN_POINT('',(-0.010763297752809,-0.00049887640449427,-0.0002149));
#7343=CARTESIAN_POINT('',(-0.010763297752809,-0.00049887640449427,-0.0073249));
#7344=CARTESIAN_POINT('',(-0.010763297752809,-0.00049887640449427,-0.0073249));
#7345=CARTESIAN_POINT('',(-0.0112015,0.000400000000000117,-0.0073249));
#7346=CARTESIAN_POINT('',(-0.0112015,-0.000399999999999883,-0.0073249));
#7347=CARTESIAN_POINT('',(-0.0112015,-0.000399999999999883,-0.0002149));
#7348=CARTESIAN_POINT('',(-0.010763297752809,0.000498876404494494,-0.0002149));
#7349=CARTESIAN_POINT('',(-0.0112015,-0.000399999999999883,-0.0073249));
#7350=CARTESIAN_POINT('',(-0.010763297752809,0.000498876404494494,-0.0073249));
#7351=CARTESIAN_POINT('',(-0.010763297752809,0.000498876404494494,-0.0073249));
#7352=CARTESIAN_POINT('',(-0.0101099590166115,0.00446367347959454,-0.0073249));
#7353=CARTESIAN_POINT('',(-0.0101099590166115,0.00446367347959454,-0.0002149));
#7354=CARTESIAN_POINT('',(-0.0101820654425835,0.00433214149362328,-0.0002149));
#7355=CARTESIAN_POINT('',(-0.0102471796520449,0.004524258108101,-0.0002149));
#7356=CARTESIAN_POINT('',(-0.0102471796520449,0.004524258108101,-0.0073249));
#7357=CARTESIAN_POINT('',(-0.0102471796520449,0.004524258108101,-0.0073249));
#7358=CARTESIAN_POINT('',(-0.0101099590166115,0.00446367347959454,-0.0073249));
#7359=CARTESIAN_POINT('',(-0.0101820654425835,0.00433214149362328,-0.0073249));
#7360=CARTESIAN_POINT('',(-0.0101820654425835,0.00433214149362328,-0.0073249));
#7361=CARTESIAN_POINT('',(-0.0106138719312056,0.00307918412537587,-0.0073249));
#7362=CARTESIAN_POINT('',(-0.0106138719312056,0.00307918412537587,-0.0002149));
#7363=CARTESIAN_POINT('',(-0.0107579320850019,0.00312097733161995,-0.0002149));
#7364=CARTESIAN_POINT('',(-0.0105845615272748,0.00322629258951514,-0.0002149));
#7365=CARTESIAN_POINT('',(-0.0105845615272748,0.00322629258951514,-0.0073249));
#7366=CARTESIAN_POINT('',(-0.0105845615272748,0.00322629258951514,-0.0073249));
#7367=CARTESIAN_POINT('',(-0.0106138719312056,0.00307918412537587,-0.0073249));
#7368=CARTESIAN_POINT('',(-0.0107579320850019,0.00312097733161995,-0.0073249));
#7369=CARTESIAN_POINT('',(-0.0107579320850019,0.00312097733161995,-0.0073249));
#7370=CARTESIAN_POINT('',(-0.010389158834403,0.00420701568377695,-0.0073249));
#7371=CARTESIAN_POINT('',(-0.010389158834403,0.00420701568377695,-0.0002149));
#7372=CARTESIAN_POINT('',(-0.0102848172530031,0.00321247416408512,-0.0002149));
#7373=CARTESIAN_POINT('',(-0.0102848172530031,0.00321247416408512,-0.0073249));
#7374=CARTESIAN_POINT('',(-0.0102848172530031,0.00321247416408512,-0.0073249));
#7375=CARTESIAN_POINT('',(-0.010389158834403,0.00420701568377695,-0.0073249));
#7376=CARTESIAN_POINT('',(-0.0106627749490636,0.00345526158714823,-0.0073249));
#7377=CARTESIAN_POINT('',(-0.0106627749490636,0.00345526158714823,-0.0002149));
#7378=CARTESIAN_POINT('',(-0.00994356569426915,0.00415005511606026,-0.0002149));
#7379=CARTESIAN_POINT('',(-0.0106627749490636,0.00345526158714823,-0.0073249));
#7380=CARTESIAN_POINT('',(-0.00994356569426915,0.00415005511606026,-0.0073249));
#7381=CARTESIAN_POINT('',(-0.00994356569426915,0.00415005511606026,-0.0073249));
#7382=CARTESIAN_POINT('',(-0.00797358764110788,0.00765229066225086,-0.0073249));
#7383=CARTESIAN_POINT('',(-0.00797358764110788,0.00765229066225086,-0.0002149));
#7384=CARTESIAN_POINT('',(-0.00808633210619882,0.007553352875782,-0.0002149));
#7385=CARTESIAN_POINT('',(-0.00808181169631904,0.00775615381198959,-0.0002149));
#7386=CARTESIAN_POINT('',(-0.00808181169631904,0.00775615381198959,-0.0073249));
#7387=CARTESIAN_POINT('',(-0.00808181169631904,0.00775615381198959,-0.0073249));
#7388=CARTESIAN_POINT('',(-0.00797358764110788,0.00765229066225086,-0.0073249));
#7389=CARTESIAN_POINT('',(-0.00808633210619882,0.007553352875782,-0.0073249));
#7390=CARTESIAN_POINT('',(-0.00808633210619882,0.007553352875782,-0.0073249));
#7391=CARTESIAN_POINT('',(-0.00892063413583336,0.00652364459980804,-0.0073249));
#7392=CARTESIAN_POINT('',(-0.00892063413583336,0.00652364459980804,-0.0002149));
#7393=CARTESIAN_POINT('',(-0.00904171228091548,0.00661218884176354,-0.0002149));
#7394=CARTESIAN_POINT('',(-0.00884277730755803,0.00665185658946153,-0.0002149));
#7395=CARTESIAN_POINT('',(-0.00884277730755803,0.00665185658946153,-0.0073249));
#7396=CARTESIAN_POINT('',(-0.00884277730755803,0.00665185658946153,-0.0073249));
#7397=CARTESIAN_POINT('',(-0.00892063413583336,0.00652364459980804,-0.0073249));
#7398=CARTESIAN_POINT('',(-0.00904171228091548,0.00661218884176354,-0.0073249));
#7399=CARTESIAN_POINT('',(-0.00904171228091548,0.00661218884176354,-0.0073249));
#7400=CARTESIAN_POINT('',(-0.00832373178572253,0.00750660318715146,-0.0073249));
#7401=CARTESIAN_POINT('',(-0.00832373178572253,0.00750660318715146,-0.0002149));
#7402=CARTESIAN_POINT('',(-0.00856583600474819,0.00653635293740659,-0.0002149));
#7403=CARTESIAN_POINT('',(-0.00856583600474819,0.00653635293740659,-0.0073249));
#7404=CARTESIAN_POINT('',(-0.00856583600474819,0.00653635293740659,-0.0073249));
#7405=CARTESIAN_POINT('',(-0.00832373178572253,0.00750660318715146,-0.0073249));
#7406=CARTESIAN_POINT('',(-0.00883796187347177,0.00689376763265628,-0.0073249));
#7407=CARTESIAN_POINT('',(-0.00883796187347177,0.00689376763265628,-0.0002149));
#7408=CARTESIAN_POINT('',(-0.00792449286160027,0.00730067593233878,-0.0002149));
#7409=CARTESIAN_POINT('',(-0.00883796187347177,0.00689376763265628,-0.0073249));
#7410=CARTESIAN_POINT('',(-0.00792449286160027,0.00730067593233878,-0.0073249));
#7411=CARTESIAN_POINT('',(-0.00792449286160027,0.00730067593233878,-0.0073249));
#7412=CARTESIAN_POINT('',(-0.00487548391846606,0.00991792865525755,-0.0073249));
#7413=CARTESIAN_POINT('',(-0.00487548391846606,0.00991792865525755,-0.0002149));
#7414=CARTESIAN_POINT('',(-0.00501526777625488,0.00986351842550545,-0.0002149));
#7415=CARTESIAN_POINT('',(-0.00494165797517962,0.0100525428975132,-0.0002149));
#7416=CARTESIAN_POINT('',(-0.00494165797517962,0.0100525428975132,-0.0073249));
#7417=CARTESIAN_POINT('',(-0.00494165797517962,0.0100525428975132,-0.0073249));
#7418=CARTESIAN_POINT('',(-0.00487548391846606,0.00991792865525755,-0.0073249));
#7419=CARTESIAN_POINT('',(-0.00501526777625488,0.00986351842550545,-0.0073249));
#7420=CARTESIAN_POINT('',(-0.00501526777625488,0.00986351842550545,-0.0073249));
#7421=CARTESIAN_POINT('',(-0.0061514362091414,0.00918125725676304,-0.0073249));
#7422=CARTESIAN_POINT('',(-0.0061514362091414,0.00918125725676304,-0.0002149));
#7423=CARTESIAN_POINT('',(-0.00623492853428923,0.0093058727920763,-0.0002149));
#7424=CARTESIAN_POINT('',(-0.00603442363905593,0.00927510851377109,-0.0002149));
#7425=CARTESIAN_POINT('',(-0.00603442363905593,0.00927510851377109,-0.0073249));
#7426=CARTESIAN_POINT('',(-0.00603442363905593,0.00927510851377109,-0.0073249));
#7427=CARTESIAN_POINT('',(-0.0061514362091414,0.00918125725676304,-0.0073249));
#7428=CARTESIAN_POINT('',(-0.00623492853428923,0.0093058727920763,-0.0073249));
#7429=CARTESIAN_POINT('',(-0.00623492853428923,0.0093058727920763,-0.0073249));
#7430=CARTESIAN_POINT('',(-0.0052543398384861,0.00990078356049146,-0.0073249));
#7431=CARTESIAN_POINT('',(-0.0052543398384861,0.00990078356049146,-0.0002149));
#7432=CARTESIAN_POINT('',(-0.00581368851604515,0.00907185108018143,-0.0002149));
#7433=CARTESIAN_POINT('',(-0.00581368851604515,0.00907185108018143,-0.0073249));
#7434=CARTESIAN_POINT('',(-0.00581368851604515,0.00907185108018143,-0.0073249));
#7435=CARTESIAN_POINT('',(-0.0052543398384861,0.00990078356049146,-0.0073249));
#7436=CARTESIAN_POINT('',(-0.00594716016151365,0.00950078356049146,-0.0073249));
#7437=CARTESIAN_POINT('',(-0.00594716016151365,0.00950078356049146,-0.0002149));
#7438=CARTESIAN_POINT('',(-0.0049496092367636,0.0095707274846758,-0.0002149));
#7439=CARTESIAN_POINT('',(-0.00594716016151365,0.00950078356049146,-0.0073249));
#7440=CARTESIAN_POINT('',(-0.0049496092367636,0.0095707274846758,-0.0073249));
#7441=CARTESIAN_POINT('',(-0.0049496092367636,0.0095707274846758,-0.0073249));
#7442=CARTESIAN_POINT('',(-0.00118932488077798,0.0109873180794024,-0.0073249));
#7443=CARTESIAN_POINT('',(-0.00118932488077798,0.0109873180794024,-0.0002149));
#7444=CARTESIAN_POINT('',(-0.00133928813502531,0.0109839980830846,-0.0002149));
#7445=CARTESIAN_POINT('',(-0.00120546737112921,0.0111364469498643,-0.0002149));
#7446=CARTESIAN_POINT('',(-0.00120546737112921,0.0111364469498643,-0.0073249));
#7447=CARTESIAN_POINT('',(-0.00120546737112921,0.0111364469498643,-0.0073249));
#7448=CARTESIAN_POINT('',(-0.00118932488077798,0.0109873180794024,-0.0073249));
#7449=CARTESIAN_POINT('',(-0.00133928813502531,0.0109839980830846,-0.0073249));
#7450=CARTESIAN_POINT('',(-0.00133928813502531,0.0109839980830846,-0.0073249));
#7451=CARTESIAN_POINT('',(-0.00264028429009748,0.0107314747876266,-0.0073249));
#7452=CARTESIAN_POINT('',(-0.00264028429009748,0.0107314747876266,-0.0002149));
#7453=CARTESIAN_POINT('',(-0.00267612038868271,0.0108771311436094,-0.0002149));
#7454=CARTESIAN_POINT('',(-0.00249822942107578,0.010779645465297,-0.0002149));
#7455=CARTESIAN_POINT('',(-0.00249822942107578,0.010779645465297,-0.0073249));
#7456=CARTESIAN_POINT('',(-0.00249822942107578,0.010779645465297,-0.0073249));
#7457=CARTESIAN_POINT('',(-0.00264028429009748,0.0107314747876266,-0.0073249));
#7458=CARTESIAN_POINT('',(-0.00267612038868271,0.0108771311436094,-0.0073249));
#7459=CARTESIAN_POINT('',(-0.00267612038868271,0.0108771311436094,-0.0073249));
#7460=CARTESIAN_POINT('',(-0.00155119696093109,0.011100783316433,-0.0073249));
#7461=CARTESIAN_POINT('',(-0.00155119696093109,0.011100783316433,-0.0002149));
#7462=CARTESIAN_POINT('',(-0.00236032439140263,0.0105131500964237,-0.0002149));
#7463=CARTESIAN_POINT('',(-0.00236032439140263,0.0105131500964237,-0.0073249));
#7464=CARTESIAN_POINT('',(-0.00236032439140263,0.0105131500964237,-0.0073249));
#7465=CARTESIAN_POINT('',(-0.00155119696093109,0.011100783316433,-0.0073249));
#7466=CARTESIAN_POINT('',(-0.00191125866749093,0.0108392865335289,-0.0073249));
#7467=CARTESIAN_POINT('',(-0.00191125866749093,0.0108392865335289,-0.0002149));
#7468=CARTESIAN_POINT('',(-0.00137772968952078,0.0106864080534667,-0.0002149));
#7469=CARTESIAN_POINT('',(-0.00137772968952078,0.0106864080534667,-0.0073249));
#7470=CARTESIAN_POINT('',(-0.00137772968952078,0.0106864080534667,-0.0073249));
#7471=CARTESIAN_POINT('',(-0.00191125866749093,0.0108392865335289,-0.0073249));
#7472=CARTESIAN_POINT('',(-0.00307918412537562,0.0106138719312056,-0.0073249));
#7473=CARTESIAN_POINT('',(-0.00307918412537562,0.0106138719312056,-0.0002149));
#7474=CARTESIAN_POINT('',(-0.00322629258951489,0.0105845615272749,-0.0002149));
#7475=CARTESIAN_POINT('',(-0.00312097733161969,0.010757932085002,-0.000214900000000004));
#7476=CARTESIAN_POINT('',(-0.00312097733161969,0.010757932085002,-0.0073249));
#7477=CARTESIAN_POINT('',(-0.00312097733161969,0.010757932085002,-0.0073249));
#7478=CARTESIAN_POINT('',(-0.00307918412537562,0.0106138719312056,-0.0073249));
#7479=CARTESIAN_POINT('',(-0.00322629258951489,0.0105845615272749,-0.0073249));
#7480=CARTESIAN_POINT('',(-0.00322629258951489,0.0105845615272749,-0.0073249));
#7481=CARTESIAN_POINT('',(-0.0044636734795943,0.0101099590166116,-0.0073249));
#7482=CARTESIAN_POINT('',(-0.0044636734795943,0.0101099590166116,-0.0002149));
#7483=CARTESIAN_POINT('',(-0.00452425810810076,0.010247179652045,-0.0002149));
#7484=CARTESIAN_POINT('',(-0.00433214149362304,0.0101820654425836,-0.0002149));
#7485=CARTESIAN_POINT('',(-0.00433214149362304,0.0101820654425836,-0.0073249));
#7486=CARTESIAN_POINT('',(-0.00433214149362304,0.0101820654425836,-0.0073249));
#7487=CARTESIAN_POINT('',(-0.0044636734795943,0.0101099590166116,-0.0073249));
#7488=CARTESIAN_POINT('',(-0.00452425810810076,0.010247179652045,-0.0073249));
#7489=CARTESIAN_POINT('',(-0.00452425810810076,0.010247179652045,-0.0073249));
#7490=CARTESIAN_POINT('',(-0.00345526158714798,0.0106627749490637,-0.0073249));
#7491=CARTESIAN_POINT('',(-0.00345526158714798,0.0106627749490637,-0.0002149));
#7492=CARTESIAN_POINT('',(-0.00415005511606003,0.00994356569426924,-0.0002149));
#7493=CARTESIAN_POINT('',(-0.00415005511606003,0.00994356569426924,-0.0073249));
#7494=CARTESIAN_POINT('',(-0.00415005511606003,0.00994356569426924,-0.0073249));
#7495=CARTESIAN_POINT('',(-0.00345526158714798,0.0106627749490637,-0.0073249));
#7496=CARTESIAN_POINT('',(-0.00376444470751384,0.0103427268306801,-0.0073249));
#7497=CARTESIAN_POINT('',(-0.00376444470751384,0.0103427268306801,-0.0002149));
#7498=CARTESIAN_POINT('',(-0.00321247416408487,0.0102848172530032,-0.0002149));
#7499=CARTESIAN_POINT('',(-0.00321247416408487,0.0102848172530032,-0.0073249));
#7500=CARTESIAN_POINT('',(-0.00321247416408487,0.0102848172530032,-0.0073249));
#7501=CARTESIAN_POINT('',(-0.00376444470751384,0.0103427268306801,-0.0073249));
#7502=CARTESIAN_POINT('',(-0.00652364459980783,0.00892063413583352,-0.0073249));
#7503=CARTESIAN_POINT('',(-0.00652364459980783,0.00892063413583352,-0.0002149));
#7504=CARTESIAN_POINT('',(-0.00665185658946132,0.00884277730755819,-0.0002149));
#7505=CARTESIAN_POINT('',(-0.00661218884176333,0.00904171228091563,-0.000214900000000004));
#7506=CARTESIAN_POINT('',(-0.00661218884176333,0.00904171228091563,-0.0073249));
#7507=CARTESIAN_POINT('',(-0.00661218884176333,0.00904171228091563,-0.0073249));
#7508=CARTESIAN_POINT('',(-0.00652364459980783,0.00892063413583352,-0.0073249));
#7509=CARTESIAN_POINT('',(-0.00665185658946132,0.00884277730755819,-0.0073249));
#7510=CARTESIAN_POINT('',(-0.00665185658946132,0.00884277730755819,-0.0073249));
#7511=CARTESIAN_POINT('',(-0.00765229066225067,0.00797358764110806,-0.0073249));
#7512=CARTESIAN_POINT('',(-0.00765229066225067,0.00797358764110806,-0.0002149));
#7513=CARTESIAN_POINT('',(-0.0077561538119894,0.00808181169631923,-0.0002149));
#7514=CARTESIAN_POINT('',(-0.00755335287578181,0.008086332106199,-0.0002149));
#7515=CARTESIAN_POINT('',(-0.00755335287578181,0.008086332106199,-0.0073249));
#7516=CARTESIAN_POINT('',(-0.00755335287578181,0.008086332106199,-0.0073249));
#7517=CARTESIAN_POINT('',(-0.00765229066225067,0.00797358764110806,-0.0073249));
#7518=CARTESIAN_POINT('',(-0.0077561538119894,0.00808181169631923,-0.0073249));
#7519=CARTESIAN_POINT('',(-0.0077561538119894,0.00808181169631923,-0.0073249));
#7520=CARTESIAN_POINT('',(-0.00750660318715126,0.00832373178572271,-0.0073249));
#7521=CARTESIAN_POINT('',(-0.00750660318715126,0.00832373178572271,-0.0002149));
#7522=CARTESIAN_POINT('',(-0.00653635293740639,0.00856583600474835,-0.0002149));
#7523=CARTESIAN_POINT('',(-0.00750660318715126,0.00832373178572271,-0.0073249));
#7524=CARTESIAN_POINT('',(-0.00653635293740639,0.00856583600474835,-0.0073249));
#7525=CARTESIAN_POINT('',(-0.00653635293740639,0.00856583600474835,-0.0073249));
#7526=CARTESIAN_POINT('',(-0.00689376763265607,0.00883796187347193,-0.0073249));
#7527=CARTESIAN_POINT('',(-0.00689376763265607,0.00883796187347193,-0.0002149));
#7528=CARTESIAN_POINT('',(-0.00730067593233859,0.00792449286160044,-0.0002149));
#7529=CARTESIAN_POINT('',(-0.00730067593233859,0.00792449286160044,-0.0073249));
#7530=CARTESIAN_POINT('',(-0.00730067593233859,0.00792449286160044,-0.0073249));
#7531=CARTESIAN_POINT('',(-0.00689376763265607,0.00883796187347193,-0.0073249));
#7532=CARTESIAN_POINT('',(-0.00918125725676289,0.00615143620914163,-0.0073249));
#7533=CARTESIAN_POINT('',(-0.00918125725676289,0.00615143620914163,-0.0002149));
#7534=CARTESIAN_POINT('',(-0.00927510851377095,0.00603442363905616,-0.0002149));
#7535=CARTESIAN_POINT('',(-0.00930587279207615,0.00623492853428946,-0.000214900000000004));
#7536=CARTESIAN_POINT('',(-0.00930587279207615,0.00623492853428946,-0.0073249));
#7537=CARTESIAN_POINT('',(-0.00930587279207615,0.00623492853428946,-0.0073249));
#7538=CARTESIAN_POINT('',(-0.00918125725676289,0.00615143620914163,-0.0073249));
#7539=CARTESIAN_POINT('',(-0.00927510851377095,0.00603442363905616,-0.0073249));
#7540=CARTESIAN_POINT('',(-0.00927510851377095,0.00603442363905616,-0.0073249));
#7541=CARTESIAN_POINT('',(-0.00991792865525743,0.00487548391846631,-0.0073249));
#7542=CARTESIAN_POINT('',(-0.00991792865525743,0.00487548391846631,-0.0002149));
#7543=CARTESIAN_POINT('',(-0.0100525428975131,0.00494165797517987,-0.0002149));
#7544=CARTESIAN_POINT('',(-0.00986351842550533,0.00501526777625512,-0.0002149));
#7545=CARTESIAN_POINT('',(-0.00986351842550533,0.00501526777625512,-0.0073249));
#7546=CARTESIAN_POINT('',(-0.00986351842550533,0.00501526777625512,-0.0073249));
#7547=CARTESIAN_POINT('',(-0.00991792865525743,0.00487548391846631,-0.0073249));
#7548=CARTESIAN_POINT('',(-0.0100525428975131,0.00494165797517987,-0.0073249));
#7549=CARTESIAN_POINT('',(-0.0100525428975131,0.00494165797517987,-0.0073249));
#7550=CARTESIAN_POINT('',(-0.00990078356049133,0.00525433983848634,-0.0073249));
#7551=CARTESIAN_POINT('',(-0.00990078356049133,0.00525433983848634,-0.0002149));
#7552=CARTESIAN_POINT('',(-0.00907185108018128,0.00581368851604537,-0.0002149));
#7553=CARTESIAN_POINT('',(-0.00990078356049133,0.00525433983848634,-0.0073249));
#7554=CARTESIAN_POINT('',(-0.00907185108018128,0.00581368851604537,-0.0073249));
#7555=CARTESIAN_POINT('',(-0.00907185108018128,0.00581368851604537,-0.0073249));
#7556=CARTESIAN_POINT('',(-0.00950078356049132,0.00594716016151389,-0.0073249));
#7557=CARTESIAN_POINT('',(-0.00950078356049132,0.00594716016151389,-0.0002149));
#7558=CARTESIAN_POINT('',(-0.00957072748467568,0.00494960923676383,-0.0002149));
#7559=CARTESIAN_POINT('',(-0.00957072748467568,0.00494960923676383,-0.0073249));
#7560=CARTESIAN_POINT('',(-0.00957072748467568,0.00494960923676383,-0.0073249));
#7561=CARTESIAN_POINT('',(-0.00950078356049132,0.00594716016151389,-0.0073249));
#7562=CARTESIAN_POINT('',(-0.0107314747876265,0.00264028429009774,-0.0073249));
#7563=CARTESIAN_POINT('',(-0.0107314747876265,0.00264028429009774,-0.0002149));
#7564=CARTESIAN_POINT('',(-0.0107796454652969,0.00249822942107603,-0.0002149));
#7565=CARTESIAN_POINT('',(-0.0108771311436093,0.00267612038868296,-0.000214900000000004));
#7566=CARTESIAN_POINT('',(-0.0108771311436093,0.00267612038868296,-0.0073249));
#7567=CARTESIAN_POINT('',(-0.0108771311436093,0.00267612038868296,-0.0073249));
#7568=CARTESIAN_POINT('',(-0.0107314747876265,0.00264028429009774,-0.0073249));
#7569=CARTESIAN_POINT('',(-0.0107796454652969,0.00249822942107603,-0.0073249));
#7570=CARTESIAN_POINT('',(-0.0107796454652969,0.00249822942107603,-0.0073249));
#7571=CARTESIAN_POINT('',(-0.0109873180794023,0.00118932488077824,-0.0073249));
#7572=CARTESIAN_POINT('',(-0.0109873180794023,0.00118932488077824,-0.0002149));
#7573=CARTESIAN_POINT('',(-0.0111364469498643,0.00120546737112948,-0.0002149));
#7574=CARTESIAN_POINT('',(-0.0109839980830846,0.00133928813502557,-0.0002149));
#7575=CARTESIAN_POINT('',(-0.0109839980830846,0.00133928813502557,-0.0073249));
#7576=CARTESIAN_POINT('',(-0.0109839980830846,0.00133928813502557,-0.0073249));
#7577=CARTESIAN_POINT('',(-0.0109873180794023,0.00118932488077824,-0.0073249));
#7578=CARTESIAN_POINT('',(-0.0111364469498643,0.00120546737112948,-0.0073249));
#7579=CARTESIAN_POINT('',(-0.0111364469498643,0.00120546737112948,-0.0073249));
#7580=CARTESIAN_POINT('',(-0.011100783316433,0.00155119696093135,-0.0073249));
#7581=CARTESIAN_POINT('',(-0.011100783316433,0.00155119696093135,-0.0002149));
#7582=CARTESIAN_POINT('',(-0.0105131500964237,0.00236032439140288,-0.0002149));
#7583=CARTESIAN_POINT('',(-0.011100783316433,0.00155119696093135,-0.0073249));
#7584=CARTESIAN_POINT('',(-0.0105131500964237,0.00236032439140288,-0.0073249));
#7585=CARTESIAN_POINT('',(-0.0105131500964237,0.00236032439140288,-0.0073249));
#7586=CARTESIAN_POINT('',(-0.0109618647742994,0.00233904316334112,-0.0073249));
#7587=CARTESIAN_POINT('',(-0.0109618647742994,0.00233904316334112,-0.0002149));
#7588=CARTESIAN_POINT('',(-0.0106864080534666,0.00137772968952103,-0.0002149));
#7589=CARTESIAN_POINT('',(-0.0106864080534666,0.00137772968952103,-0.0073249));
#7590=CARTESIAN_POINT('',(-0.0106864080534666,0.00137772968952103,-0.0073249));
#7591=CARTESIAN_POINT('',(-0.0109618647742994,0.00233904316334112,-0.0073249));
#7592=CARTESIAN_POINT('',(-0.0109873180794024,-0.00118932488077801,-0.0073249));
#7593=CARTESIAN_POINT('',(-0.0109873180794024,-0.00118932488077801,-0.0002149));
#7594=CARTESIAN_POINT('',(-0.0109839980830846,-0.00133928813502535,-0.0002149));
#7595=CARTESIAN_POINT('',(-0.0111364469498643,-0.00120546737112925,-0.000214900000000004));
#7596=CARTESIAN_POINT('',(-0.0111364469498643,-0.00120546737112925,-0.0073249));
#7597=CARTESIAN_POINT('',(-0.0111364469498643,-0.00120546737112925,-0.0073249));
#7598=CARTESIAN_POINT('',(-0.0109873180794024,-0.00118932488077801,-0.0073249));
#7599=CARTESIAN_POINT('',(-0.0109839980830846,-0.00133928813502535,-0.0073249));
#7600=CARTESIAN_POINT('',(-0.0109839980830846,-0.00133928813502535,-0.0073249));
#7601=CARTESIAN_POINT('',(-0.0107314747876265,-0.00264028429009752,-0.0073249));
#7602=CARTESIAN_POINT('',(-0.0107314747876265,-0.00264028429009752,-0.0002149));
#7603=CARTESIAN_POINT('',(-0.0108771311436093,-0.00267612038868274,-0.0002149));
#7604=CARTESIAN_POINT('',(-0.010779645465297,-0.00249822942107582,-0.0002149));
#7605=CARTESIAN_POINT('',(-0.010779645465297,-0.00249822942107582,-0.0073249));
#7606=CARTESIAN_POINT('',(-0.010779645465297,-0.00249822942107582,-0.0073249));
#7607=CARTESIAN_POINT('',(-0.0107314747876265,-0.00264028429009752,-0.0073249));
#7608=CARTESIAN_POINT('',(-0.0108771311436093,-0.00267612038868274,-0.0073249));
#7609=CARTESIAN_POINT('',(-0.0108771311436093,-0.00267612038868274,-0.0073249));
#7610=CARTESIAN_POINT('',(-0.0109618647742995,-0.00233904316334089,-0.0073249));
#7611=CARTESIAN_POINT('',(-0.0109618647742995,-0.00233904316334089,-0.0002149));
#7612=CARTESIAN_POINT('',(-0.0106864080534667,-0.00137772968952082,-0.0002149));
#7613=CARTESIAN_POINT('',(-0.0109618647742995,-0.00233904316334089,-0.0073249));
#7614=CARTESIAN_POINT('',(-0.0106864080534667,-0.00137772968952082,-0.0073249));
#7615=CARTESIAN_POINT('',(-0.0106864080534667,-0.00137772968952082,-0.0073249));
#7616=CARTESIAN_POINT('',(-0.011100783316433,-0.00155119696093113,-0.0073249));
#7617=CARTESIAN_POINT('',(-0.011100783316433,-0.00155119696093113,-0.0002149));
#7618=CARTESIAN_POINT('',(-0.0105131500964237,-0.00236032439140267,-0.0002149));
#7619=CARTESIAN_POINT('',(-0.0105131500964237,-0.00236032439140267,-0.0073249));
#7620=CARTESIAN_POINT('',(-0.0105131500964237,-0.00236032439140267,-0.0073249));
#7621=CARTESIAN_POINT('',(-0.011100783316433,-0.00155119696093113,-0.0073249));
#7622=CARTESIAN_POINT('',(-0.00991792865525753,-0.0048754839184661,-0.0073249));
#7623=CARTESIAN_POINT('',(-0.00991792865525753,-0.0048754839184661,-0.0002149));
#7624=CARTESIAN_POINT('',(-0.00986351842550543,-0.00501526777625492,-0.0002149));
#7625=CARTESIAN_POINT('',(-0.0100525428975132,-0.00494165797517966,-0.000214900000000004));
#7626=CARTESIAN_POINT('',(-0.0100525428975132,-0.00494165797517966,-0.0073249));
#7627=CARTESIAN_POINT('',(-0.0100525428975132,-0.00494165797517966,-0.0073249));
#7628=CARTESIAN_POINT('',(-0.00991792865525753,-0.0048754839184661,-0.0073249));
#7629=CARTESIAN_POINT('',(-0.00986351842550543,-0.00501526777625492,-0.0073249));
#7630=CARTESIAN_POINT('',(-0.00986351842550543,-0.00501526777625492,-0.0073249));
#7631=CARTESIAN_POINT('',(-0.00918125725676302,-0.00615143620914144,-0.0073249));
#7632=CARTESIAN_POINT('',(-0.00918125725676302,-0.00615143620914144,-0.0002149));
#7633=CARTESIAN_POINT('',(-0.00930587279207628,-0.00623492853428926,-0.0002149));
#7634=CARTESIAN_POINT('',(-0.00927510851377107,-0.00603442363905596,-0.0002149));
#7635=CARTESIAN_POINT('',(-0.00927510851377107,-0.00603442363905596,-0.0073249));
#7636=CARTESIAN_POINT('',(-0.00927510851377107,-0.00603442363905596,-0.0073249));
#7637=CARTESIAN_POINT('',(-0.00918125725676302,-0.00615143620914144,-0.0073249));
#7638=CARTESIAN_POINT('',(-0.00930587279207628,-0.00623492853428926,-0.0073249));
#7639=CARTESIAN_POINT('',(-0.00930587279207628,-0.00623492853428926,-0.0073249));
#7640=CARTESIAN_POINT('',(-0.00950078356049144,-0.00594716016151369,-0.0073249));
#7641=CARTESIAN_POINT('',(-0.00950078356049144,-0.00594716016151369,-0.0002149));
#7642=CARTESIAN_POINT('',(-0.00957072748467578,-0.00494960923676363,-0.0002149));
#7643=CARTESIAN_POINT('',(-0.00950078356049144,-0.00594716016151369,-0.0073249));
#7644=CARTESIAN_POINT('',(-0.00957072748467578,-0.00494960923676363,-0.0073249));
#7645=CARTESIAN_POINT('',(-0.00957072748467578,-0.00494960923676363,-0.0073249));
#7646=CARTESIAN_POINT('',(-0.00990078356049144,-0.00525433983848613,-0.0073249));
#7647=CARTESIAN_POINT('',(-0.00990078356049144,-0.00525433983848613,-0.0002149));
#7648=CARTESIAN_POINT('',(-0.00907185108018141,-0.00581368851604519,-0.0002149));
#7649=CARTESIAN_POINT('',(-0.00907185108018141,-0.00581368851604519,-0.0073249));
#7650=CARTESIAN_POINT('',(-0.00907185108018141,-0.00581368851604519,-0.0073249));
#7651=CARTESIAN_POINT('',(-0.00990078356049144,-0.00525433983848613,-0.0073249));
#7652=CARTESIAN_POINT('',(-0.00765229066225083,-0.0079735876411079,-0.0073249));
#7653=CARTESIAN_POINT('',(-0.00765229066225083,-0.0079735876411079,-0.0002149));
#7654=CARTESIAN_POINT('',(-0.00755335287578197,-0.00808633210619885,-0.0002149));
#7655=CARTESIAN_POINT('',(-0.00775615381198957,-0.00808181169631907,-0.000214900000000004));
#7656=CARTESIAN_POINT('',(-0.00775615381198957,-0.00808181169631907,-0.0073249));
#7657=CARTESIAN_POINT('',(-0.00775615381198957,-0.00808181169631907,-0.0073249));
#7658=CARTESIAN_POINT('',(-0.00765229066225083,-0.0079735876411079,-0.0073249));
#7659=CARTESIAN_POINT('',(-0.00755335287578197,-0.00808633210619885,-0.0073249));
#7660=CARTESIAN_POINT('',(-0.00755335287578197,-0.00808633210619885,-0.0073249));
#7661=CARTESIAN_POINT('',(-0.00652364459980801,-0.00892063413583338,-0.0073249));
#7662=CARTESIAN_POINT('',(-0.00652364459980801,-0.00892063413583338,-0.0002149));
#7663=CARTESIAN_POINT('',(-0.00661218884176351,-0.0090417122809155,-0.0002149));
#7664=CARTESIAN_POINT('',(-0.0066518565894615,-0.00884277730755806,-0.0002149));
#7665=CARTESIAN_POINT('',(-0.0066518565894615,-0.00884277730755806,-0.0073249));
#7666=CARTESIAN_POINT('',(-0.0066518565894615,-0.00884277730755806,-0.0073249));
#7667=CARTESIAN_POINT('',(-0.00652364459980801,-0.00892063413583338,-0.0073249));
#7668=CARTESIAN_POINT('',(-0.00661218884176351,-0.0090417122809155,-0.0073249));
#7669=CARTESIAN_POINT('',(-0.00661218884176351,-0.0090417122809155,-0.0073249));
#7670=CARTESIAN_POINT('',(-0.00689376763265625,-0.00883796187347179,-0.0073249));
#7671=CARTESIAN_POINT('',(-0.00689376763265625,-0.00883796187347179,-0.0002149));
#7672=CARTESIAN_POINT('',(-0.00730067593233875,-0.00792449286160029,-0.0002149));
#7673=CARTESIAN_POINT('',(-0.00689376763265625,-0.00883796187347179,-0.0073249));
#7674=CARTESIAN_POINT('',(-0.00730067593233875,-0.00792449286160029,-0.0073249));
#7675=CARTESIAN_POINT('',(-0.00730067593233875,-0.00792449286160029,-0.0073249));
#7676=CARTESIAN_POINT('',(-0.00750660318715143,-0.00832373178572255,-0.0073249));
#7677=CARTESIAN_POINT('',(-0.00750660318715143,-0.00832373178572255,-0.0002149));
#7678=CARTESIAN_POINT('',(-0.00653635293740656,-0.00856583600474821,-0.0002149));
#7679=CARTESIAN_POINT('',(-0.00653635293740656,-0.00856583600474821,-0.0073249));
#7680=CARTESIAN_POINT('',(-0.00653635293740656,-0.00856583600474821,-0.0073249));
#7681=CARTESIAN_POINT('',(-0.00750660318715143,-0.00832373178572255,-0.0073249));
#7682=CARTESIAN_POINT('',(-0.00446367347959451,-0.0101099590166115,-0.0073249));
#7683=CARTESIAN_POINT('',(-0.00446367347959451,-0.0101099590166115,-0.0002149));
#7684=CARTESIAN_POINT('',(-0.00433214149362325,-0.0101820654425835,-0.0002149));
#7685=CARTESIAN_POINT('',(-0.00452425810810097,-0.0102471796520449,-0.000214900000000004));
#7686=CARTESIAN_POINT('',(-0.00452425810810097,-0.0102471796520449,-0.0073249));
#7687=CARTESIAN_POINT('',(-0.00452425810810097,-0.0102471796520449,-0.0073249));
#7688=CARTESIAN_POINT('',(-0.00446367347959451,-0.0101099590166115,-0.0073249));
#7689=CARTESIAN_POINT('',(-0.00433214149362325,-0.0101820654425835,-0.0073249));
#7690=CARTESIAN_POINT('',(-0.00433214149362325,-0.0101820654425835,-0.0073249));
#7691=CARTESIAN_POINT('',(-0.00307918412537584,-0.0106138719312056,-0.0073249));
#7692=CARTESIAN_POINT('',(-0.00307918412537584,-0.0106138719312056,-0.0002149));
#7693=CARTESIAN_POINT('',(-0.00312097733161991,-0.010757932085002,-0.0002149));
#7694=CARTESIAN_POINT('',(-0.0032262925895151,-0.0105845615272748,-0.0002149));
#7695=CARTESIAN_POINT('',(-0.0032262925895151,-0.0105845615272748,-0.0073249));
#7696=CARTESIAN_POINT('',(-0.0032262925895151,-0.0105845615272748,-0.0073249));
#7697=CARTESIAN_POINT('',(-0.00307918412537584,-0.0106138719312056,-0.0073249));
#7698=CARTESIAN_POINT('',(-0.00312097733161991,-0.010757932085002,-0.0073249));
#7699=CARTESIAN_POINT('',(-0.00312097733161991,-0.010757932085002,-0.0073249));
#7700=CARTESIAN_POINT('',(-0.00345526158714819,-0.0106627749490636,-0.0073249));
#7701=CARTESIAN_POINT('',(-0.00345526158714819,-0.0106627749490636,-0.0002149));
#7702=CARTESIAN_POINT('',(-0.00415005511606023,-0.00994356569426916,-0.0002149));
#7703=CARTESIAN_POINT('',(-0.00345526158714819,-0.0106627749490636,-0.0073249));
#7704=CARTESIAN_POINT('',(-0.00415005511606023,-0.00994356569426916,-0.0073249));
#7705=CARTESIAN_POINT('',(-0.00415005511606023,-0.00994356569426916,-0.0073249));
#7706=CARTESIAN_POINT('',(-0.00376444470751405,-0.0103427268306801,-0.0073249));
#7707=CARTESIAN_POINT('',(-0.00376444470751405,-0.0103427268306801,-0.0002149));
#7708=CARTESIAN_POINT('',(-0.00321247416408508,-0.0102848172530031,-0.0002149));
#7709=CARTESIAN_POINT('',(-0.00376444470751405,-0.0103427268306801,-0.0073249));
#7710=CARTESIAN_POINT('',(-0.00321247416408508,-0.0102848172530031,-0.0073249));
#7711=CARTESIAN_POINT('',(-0.00321247416408508,-0.0102848172530031,-0.0073249));
#7712=CARTESIAN_POINT('',(-0.000736671398494522,-0.0110269201276077,-0.0073249));
#7713=CARTESIAN_POINT('',(-0.000736671398494522,-0.0110269201276077,-0.0002149));
#7714=CARTESIAN_POINT('',(-0.000588409911734365,-0.011049691415311,-0.0002149));
#7715=CARTESIAN_POINT('',(-0.000746670105436945,-0.0111765865094691,-0.000214900000000004));
#7716=CARTESIAN_POINT('',(-0.000746670105436945,-0.0111765865094691,-0.0073249));
#7717=CARTESIAN_POINT('',(-0.000746670105436945,-0.0111765865094691,-0.0073249));
#7718=CARTESIAN_POINT('',(-0.000736671398494522,-0.0110269201276077,-0.0073249));
#7719=CARTESIAN_POINT('',(-0.000588409911734365,-0.011049691415311,-0.0073249));
#7720=CARTESIAN_POINT('',(-0.000588409911734365,-0.011049691415311,-0.0073249));
#7721=CARTESIAN_POINT('',(0.000736671398494522,-0.0110269201276077,-0.0073249));
#7722=CARTESIAN_POINT('',(0.000736671398494522,-0.0110269201276077,-0.0002149));
#7723=CARTESIAN_POINT('',(0.000746670105436944,-0.0111765865094691,-0.0002149));
#7724=CARTESIAN_POINT('',(0.000588409911734367,-0.011049691415311,-0.0002149));
#7725=CARTESIAN_POINT('',(0.000588409911734367,-0.011049691415311,-0.0073249));
#7726=CARTESIAN_POINT('',(0.000588409911734367,-0.011049691415311,-0.0073249));
#7727=CARTESIAN_POINT('',(0.000736671398494522,-0.0110269201276077,-0.0073249));
#7728=CARTESIAN_POINT('',(0.000746670105436944,-0.0111765865094691,-0.0073249));
#7729=CARTESIAN_POINT('',(0.000746670105436944,-0.0111765865094691,-0.0073249));
#7730=CARTESIAN_POINT('',(0.0004,-0.0112015,-0.0073249));
#7731=CARTESIAN_POINT('',(0.0004,-0.0112015,-0.0002149));
#7732=CARTESIAN_POINT('',(-0.000498876404494381,-0.010763297752809,-0.0002149));
#7733=CARTESIAN_POINT('',(0.0004,-0.0112015,-0.0073249));
#7734=CARTESIAN_POINT('',(-0.000498876404494381,-0.010763297752809,-0.0073249));
#7735=CARTESIAN_POINT('',(-0.000498876404494381,-0.010763297752809,-0.0073249));
#7736=CARTESIAN_POINT('',(-0.0004,-0.0112015,-0.0073249));
#7737=CARTESIAN_POINT('',(-0.0004,-0.0112015,-0.0002149));
#7738=CARTESIAN_POINT('',(0.000498876404494382,-0.010763297752809,-0.0002149));
#7739=CARTESIAN_POINT('',(0.000498876404494382,-0.010763297752809,-0.0073249));
#7740=CARTESIAN_POINT('',(0.000498876404494382,-0.010763297752809,-0.0073249));
#7741=CARTESIAN_POINT('',(-0.0004,-0.0112015,-0.0073249));
#7742=CARTESIAN_POINT('',(0.,-0.0110065,-0.0073249));
#7743=CARTESIAN_POINT('',(0.,-0.0110065,-0.0002149));
#7744=CARTESIAN_POINT('',(0.,-0.0110065,-0.0073249));
#7745=CARTESIAN_POINT('',(0.00446367347959437,-0.0101099590166116,-0.0073249));
#7746=CARTESIAN_POINT('',(0.00446367347959437,-0.0101099590166116,-0.0002149));
#7747=CARTESIAN_POINT('',(0.00452425810810083,-0.0102471796520449,-0.0002149));
#7748=CARTESIAN_POINT('',(0.00433214149362311,-0.0101820654425836,-0.0002149));
#7749=CARTESIAN_POINT('',(0.00433214149362311,-0.0101820654425836,-0.0073249));
#7750=CARTESIAN_POINT('',(0.00433214149362311,-0.0101820654425836,-0.0073249));
#7751=CARTESIAN_POINT('',(0.00446367347959437,-0.0101099590166116,-0.0073249));
#7752=CARTESIAN_POINT('',(0.00452425810810083,-0.0102471796520449,-0.0073249));
#7753=CARTESIAN_POINT('',(0.00452425810810083,-0.0102471796520449,-0.0073249));
#7754=CARTESIAN_POINT('',(0.00420701568377678,-0.0103891588344031,-0.0073249));
#7755=CARTESIAN_POINT('',(0.00420701568377678,-0.0103891588344031,-0.0002149));
#7756=CARTESIAN_POINT('',(0.00321247416408494,-0.0102848172530031,-0.0002149));
#7757=CARTESIAN_POINT('',(0.00322629258951497,-0.0105845615272748,-0.0002149));
#7758=CARTESIAN_POINT('',(0.00322629258951497,-0.0105845615272748,-0.0073249));
#7759=CARTESIAN_POINT('',(0.00322629258951497,-0.0105845615272748,-0.0073249));
#7760=CARTESIAN_POINT('',(0.00420701568377678,-0.0103891588344031,-0.0073249));
#7761=CARTESIAN_POINT('',(0.00321247416408494,-0.0102848172530031,-0.0073249));
#7762=CARTESIAN_POINT('',(0.00321247416408494,-0.0102848172530031,-0.0073249));
#7763=CARTESIAN_POINT('',(0.00345526158714805,-0.0106627749490636,-0.0073249));
#7764=CARTESIAN_POINT('',(0.00345526158714805,-0.0106627749490636,-0.0002149));
#7765=CARTESIAN_POINT('',(0.0041500551160601,-0.00994356569426922,-0.0002149));
#7766=CARTESIAN_POINT('',(0.0041500551160601,-0.00994356569426922,-0.0073249));
#7767=CARTESIAN_POINT('',(0.0041500551160601,-0.00994356569426922,-0.0073249));
#7768=CARTESIAN_POINT('',(0.00345526158714805,-0.0106627749490636,-0.0073249));
#7769=CARTESIAN_POINT('',(0.00376444470751391,-0.0103427268306801,-0.0073249));
#7770=CARTESIAN_POINT('',(0.00376444470751391,-0.0103427268306801,-0.0002149));
#7771=CARTESIAN_POINT('',(0.00376444470751391,-0.0103427268306801,-0.0073249));
#7772=CARTESIAN_POINT('',(0.00765229066225072,-0.00797358764110801,-0.0073249));
#7773=CARTESIAN_POINT('',(0.00765229066225072,-0.00797358764110801,-0.0002149));
#7774=CARTESIAN_POINT('',(0.00775615381198946,-0.00808181169631917,-0.0002149));
#7775=CARTESIAN_POINT('',(0.00755335287578186,-0.00808633210619895,-0.0002149));
#7776=CARTESIAN_POINT('',(0.00755335287578186,-0.00808633210619895,-0.0073249));
#7777=CARTESIAN_POINT('',(0.00755335287578186,-0.00808633210619895,-0.0073249));
#7778=CARTESIAN_POINT('',(0.00765229066225072,-0.00797358764110801,-0.0073249));
#7779=CARTESIAN_POINT('',(0.00775615381198946,-0.00808181169631917,-0.0073249));
#7780=CARTESIAN_POINT('',(0.00775615381198946,-0.00808181169631917,-0.0073249));
#7781=CARTESIAN_POINT('',(0.00750660318715132,-0.00832373178572265,-0.0073249));
#7782=CARTESIAN_POINT('',(0.00750660318715132,-0.00832373178572265,-0.0002149));
#7783=CARTESIAN_POINT('',(0.00653635293740645,-0.0085658360047483,-0.0002149));
#7784=CARTESIAN_POINT('',(0.00665185658946138,-0.00884277730755814,-0.0002149));
#7785=CARTESIAN_POINT('',(0.00665185658946138,-0.00884277730755814,-0.0073249));
#7786=CARTESIAN_POINT('',(0.00665185658946138,-0.00884277730755814,-0.0073249));
#7787=CARTESIAN_POINT('',(0.00750660318715132,-0.00832373178572265,-0.0073249));
#7788=CARTESIAN_POINT('',(0.00653635293740645,-0.0085658360047483,-0.0073249));
#7789=CARTESIAN_POINT('',(0.00653635293740645,-0.0085658360047483,-0.0073249));
#7790=CARTESIAN_POINT('',(0.00689376763265613,-0.00883796187347188,-0.0073249));
#7791=CARTESIAN_POINT('',(0.00689376763265613,-0.00883796187347188,-0.0002149));
#7792=CARTESIAN_POINT('',(0.00730067593233864,-0.00792449286160039,-0.0002149));
#7793=CARTESIAN_POINT('',(0.00730067593233864,-0.00792449286160039,-0.0073249));
#7794=CARTESIAN_POINT('',(0.00730067593233864,-0.00792449286160039,-0.0073249));
#7795=CARTESIAN_POINT('',(0.00689376763265613,-0.00883796187347188,-0.0073249));
#7796=CARTESIAN_POINT('',(0.00707484182601485,-0.00843146816318907,-0.0073249));
#7797=CARTESIAN_POINT('',(0.00707484182601485,-0.00843146816318907,-0.0002149));
#7798=CARTESIAN_POINT('',(0.00707484182601485,-0.00843146816318907,-0.0073249));
#7799=CARTESIAN_POINT('',(0.00991792865525746,-0.00487548391846624,-0.0073249));
#7800=CARTESIAN_POINT('',(0.00991792865525746,-0.00487548391846624,-0.0002149));
#7801=CARTESIAN_POINT('',(0.0100525428975131,-0.0049416579751798,-0.0002149));
#7802=CARTESIAN_POINT('',(0.00986351842550536,-0.00501526777625505,-0.0002149));
#7803=CARTESIAN_POINT('',(0.00986351842550536,-0.00501526777625505,-0.0073249));
#7804=CARTESIAN_POINT('',(0.00986351842550536,-0.00501526777625505,-0.0073249));
#7805=CARTESIAN_POINT('',(0.00991792865525746,-0.00487548391846624,-0.0073249));
#7806=CARTESIAN_POINT('',(0.0100525428975131,-0.0049416579751798,-0.0073249));
#7807=CARTESIAN_POINT('',(0.0100525428975131,-0.0049416579751798,-0.0073249));
#7808=CARTESIAN_POINT('',(0.00990078356049136,-0.00525433983848627,-0.0073249));
#7809=CARTESIAN_POINT('',(0.00990078356049136,-0.00525433983848627,-0.0002149));
#7810=CARTESIAN_POINT('',(0.00907185108018133,-0.00581368851604531,-0.0002149));
#7811=CARTESIAN_POINT('',(0.00927510851377099,-0.00603442363905609,-0.0002149));
#7812=CARTESIAN_POINT('',(0.00927510851377099,-0.00603442363905609,-0.0073249));
#7813=CARTESIAN_POINT('',(0.00927510851377099,-0.00603442363905609,-0.0073249));
#7814=CARTESIAN_POINT('',(0.00990078356049136,-0.00525433983848627,-0.0073249));
#7815=CARTESIAN_POINT('',(0.00907185108018133,-0.00581368851604531,-0.0073249));
#7816=CARTESIAN_POINT('',(0.00907185108018133,-0.00581368851604531,-0.0073249));
#7817=CARTESIAN_POINT('',(0.00950078356049136,-0.00594716016151382,-0.0073249));
#7818=CARTESIAN_POINT('',(0.00950078356049136,-0.00594716016151382,-0.0002149));
#7819=CARTESIAN_POINT('',(0.00957072748467571,-0.00494960923676376,-0.0002149));
#7820=CARTESIAN_POINT('',(0.00957072748467571,-0.00494960923676376,-0.0073249));
#7821=CARTESIAN_POINT('',(0.00957072748467571,-0.00494960923676376,-0.0073249));
#7822=CARTESIAN_POINT('',(0.00950078356049136,-0.00594716016151382,-0.0073249));
#7823=CARTESIAN_POINT('',(0.0095319086067534,-0.00550325,-0.0073249));
#7824=CARTESIAN_POINT('',(0.0095319086067534,-0.00550325,-0.0002149));
#7825=CARTESIAN_POINT('',(0.0095319086067534,-0.00550325,-0.0073249));
#7826=CARTESIAN_POINT('',(0.0109873180794024,-0.00118932488077816,-0.0073249));
#7827=CARTESIAN_POINT('',(0.0109873180794024,-0.00118932488077816,-0.0002149));
#7828=CARTESIAN_POINT('',(0.0111364469498643,-0.0012054673711294,-0.0002149));
#7829=CARTESIAN_POINT('',(0.0109839980830846,-0.0013392881350255,-0.0002149));
#7830=CARTESIAN_POINT('',(0.0109839980830846,-0.0013392881350255,-0.0073249));
#7831=CARTESIAN_POINT('',(0.0109839980830846,-0.0013392881350255,-0.0073249));
#7832=CARTESIAN_POINT('',(0.0109873180794024,-0.00118932488077816,-0.0073249));
#7833=CARTESIAN_POINT('',(0.0111364469498643,-0.0012054673711294,-0.0073249));
#7834=CARTESIAN_POINT('',(0.0111364469498643,-0.0012054673711294,-0.0073249));
#7835=CARTESIAN_POINT('',(0.011100783316433,-0.00155119696093128,-0.0073249));
#7836=CARTESIAN_POINT('',(0.011100783316433,-0.00155119696093128,-0.0002149));
#7837=CARTESIAN_POINT('',(0.0105131500964237,-0.00236032439140281,-0.0002149));
#7838=CARTESIAN_POINT('',(0.0107796454652969,-0.00249822942107596,-0.0002149));
#7839=CARTESIAN_POINT('',(0.0107796454652969,-0.00249822942107596,-0.0073249));
#7840=CARTESIAN_POINT('',(0.0107796454652969,-0.00249822942107596,-0.0073249));
#7841=CARTESIAN_POINT('',(0.011100783316433,-0.00155119696093128,-0.0073249));
#7842=CARTESIAN_POINT('',(0.0105131500964237,-0.00236032439140281,-0.0073249));
#7843=CARTESIAN_POINT('',(0.0105131500964237,-0.00236032439140281,-0.0073249));
#7844=CARTESIAN_POINT('',(0.0109618647742995,-0.00233904316334104,-0.0073249));
#7845=CARTESIAN_POINT('',(0.0109618647742995,-0.00233904316334104,-0.0002149));
#7846=CARTESIAN_POINT('',(0.0106864080534666,-0.00137772968952096,-0.0002149));
#7847=CARTESIAN_POINT('',(0.0106864080534666,-0.00137772968952096,-0.0073249));
#7848=CARTESIAN_POINT('',(0.0106864080534666,-0.00137772968952096,-0.0073249));
#7849=CARTESIAN_POINT('',(0.0109618647742995,-0.00233904316334104,-0.0073249));
#7850=CARTESIAN_POINT('',(0.0108392865335289,-0.00191125866749111,-0.0073249));
#7851=CARTESIAN_POINT('',(0.0108392865335289,-0.00191125866749111,-0.0002149));
#7852=CARTESIAN_POINT('',(0.0108392865335289,-0.00191125866749111,-0.0073249));
#7853=CARTESIAN_POINT('',(0.0109873180794024,0.00118932488077809,-0.0073249));
#7854=CARTESIAN_POINT('',(0.0109873180794024,0.00118932488077809,-0.0002149));
#7855=CARTESIAN_POINT('',(0.0109839980830846,0.00133928813502542,-0.0002149));
#7856=CARTESIAN_POINT('',(0.0111364469498643,0.00120546737112933,-0.000214900000000004));
#7857=CARTESIAN_POINT('',(0.0111364469498643,0.00120546737112933,-0.0073249));
#7858=CARTESIAN_POINT('',(0.0111364469498643,0.00120546737112933,-0.0073249));
#7859=CARTESIAN_POINT('',(0.0109873180794024,0.00118932488077809,-0.0073249));
#7860=CARTESIAN_POINT('',(0.0109839980830846,0.00133928813502542,-0.0073249));
#7861=CARTESIAN_POINT('',(0.0109839980830846,0.00133928813502542,-0.0073249));
#7862=CARTESIAN_POINT('',(0.0109618647742995,0.00233904316334097,-0.0073249));
#7863=CARTESIAN_POINT('',(0.0109618647742995,0.00233904316334097,-0.0002149));
#7864=CARTESIAN_POINT('',(0.0106864080534666,0.00137772968952089,-0.0002149));
#7865=CARTESIAN_POINT('',(0.0109618647742995,0.00233904316334097,-0.0073249));
#7866=CARTESIAN_POINT('',(0.0106864080534666,0.00137772968952089,-0.0073249));
#7867=CARTESIAN_POINT('',(0.0106864080534666,0.00137772968952089,-0.0073249));
#7868=CARTESIAN_POINT('',(0.011100783316433,0.0015511969609312,-0.0073249));
#7869=CARTESIAN_POINT('',(0.011100783316433,0.0015511969609312,-0.0002149));
#7870=CARTESIAN_POINT('',(0.0107796454652969,0.00249822942107589,-0.0002149));
#7871=CARTESIAN_POINT('',(0.0105131500964237,0.00236032439140274,-0.0002149));
#7872=CARTESIAN_POINT('',(0.0105131500964237,0.00236032439140274,-0.0073249));
#7873=CARTESIAN_POINT('',(0.0105131500964237,0.00236032439140274,-0.0073249));
#7874=CARTESIAN_POINT('',(0.011100783316433,0.0015511969609312,-0.0073249));
#7875=CARTESIAN_POINT('',(0.0107796454652969,0.00249822942107589,-0.0073249));
#7876=CARTESIAN_POINT('',(0.0107796454652969,0.00249822942107589,-0.0073249));
#7877=CARTESIAN_POINT('',(0.0108392865335289,0.00191125866749103,-0.0073249));
#7878=CARTESIAN_POINT('',(0.0108392865335289,0.00191125866749103,-0.0002149));
#7879=CARTESIAN_POINT('',(0.0108392865335289,0.00191125866749103,-0.0073249));
#7880=CARTESIAN_POINT('',(0.0099179286552575,0.00487548391846617,-0.0073249));
#7881=CARTESIAN_POINT('',(0.0099179286552575,0.00487548391846617,-0.0002149));
#7882=CARTESIAN_POINT('',(0.00986351842550539,0.00501526777625498,-0.0002149));
#7883=CARTESIAN_POINT('',(0.0100525428975132,0.00494165797517973,-0.000214900000000004));
#7884=CARTESIAN_POINT('',(0.0100525428975132,0.00494165797517973,-0.0073249));
#7885=CARTESIAN_POINT('',(0.0100525428975132,0.00494165797517973,-0.0073249));
#7886=CARTESIAN_POINT('',(0.0099179286552575,0.00487548391846617,-0.0073249));
#7887=CARTESIAN_POINT('',(0.00986351842550539,0.00501526777625498,-0.0073249));
#7888=CARTESIAN_POINT('',(0.00986351842550539,0.00501526777625498,-0.0073249));
#7889=CARTESIAN_POINT('',(0.0095007835604914,0.00594716016151375,-0.0073249));
#7890=CARTESIAN_POINT('',(0.0095007835604914,0.00594716016151375,-0.0002149));
#7891=CARTESIAN_POINT('',(0.00957072748467574,0.0049496092367637,-0.0002149));
#7892=CARTESIAN_POINT('',(0.0095007835604914,0.00594716016151375,-0.0073249));
#7893=CARTESIAN_POINT('',(0.00957072748467574,0.0049496092367637,-0.0073249));
#7894=CARTESIAN_POINT('',(0.00957072748467574,0.0049496092367637,-0.0073249));
#7895=CARTESIAN_POINT('',(0.0099007835604914,0.0052543398384862,-0.0073249));
#7896=CARTESIAN_POINT('',(0.0099007835604914,0.0052543398384862,-0.0002149));
#7897=CARTESIAN_POINT('',(0.00927510851377103,0.00603442363905603,-0.0002149));
#7898=CARTESIAN_POINT('',(0.00907185108018136,0.00581368851604525,-0.0002149));
#7899=CARTESIAN_POINT('',(0.00907185108018136,0.00581368851604525,-0.0073249));
#7900=CARTESIAN_POINT('',(0.00907185108018136,0.00581368851604525,-0.0073249));
#7901=CARTESIAN_POINT('',(0.0099007835604914,0.0052543398384862,-0.0073249));
#7902=CARTESIAN_POINT('',(0.00927510851377103,0.00603442363905603,-0.0073249));
#7903=CARTESIAN_POINT('',(0.00927510851377103,0.00603442363905603,-0.0073249));
#7904=CARTESIAN_POINT('',(0.00953190860675344,0.00550325,-0.0073249));
#7905=CARTESIAN_POINT('',(0.00953190860675344,0.00550325,-0.0002149));
#7906=CARTESIAN_POINT('',(0.00953190860675344,0.00550325,-0.0073249));
#7907=CARTESIAN_POINT('',(0.00765229066225078,0.00797358764110796,-0.0073249));
#7908=CARTESIAN_POINT('',(0.00765229066225078,0.00797358764110796,-0.0002149));
#7909=CARTESIAN_POINT('',(0.00755335287578192,0.0080863321061989,-0.0002149));
#7910=CARTESIAN_POINT('',(0.00775615381198951,0.00808181169631912,-0.000214900000000004));
#7911=CARTESIAN_POINT('',(0.00775615381198952,0.00808181169631912,-0.0073249));
#7912=CARTESIAN_POINT('',(0.00775615381198952,0.00808181169631912,-0.0073249));
#7913=CARTESIAN_POINT('',(0.00765229066225078,0.00797358764110796,-0.0073249));
#7914=CARTESIAN_POINT('',(0.00755335287578192,0.0080863321061989,-0.0073249));
#7915=CARTESIAN_POINT('',(0.00755335287578192,0.0080863321061989,-0.0073249));
#7916=CARTESIAN_POINT('',(0.00689376763265619,0.00883796187347184,-0.0073249));
#7917=CARTESIAN_POINT('',(0.00689376763265619,0.00883796187347184,-0.0002149));
#7918=CARTESIAN_POINT('',(0.0073006759323387,0.00792449286160034,-0.0002149));
#7919=CARTESIAN_POINT('',(0.00689376763265619,0.00883796187347184,-0.0073249));
#7920=CARTESIAN_POINT('',(0.0073006759323387,0.00792449286160034,-0.0073249));
#7921=CARTESIAN_POINT('',(0.0073006759323387,0.00792449286160034,-0.0073249));
#7922=CARTESIAN_POINT('',(0.00750660318715138,0.00832373178572261,-0.0073249));
#7923=CARTESIAN_POINT('',(0.00750660318715138,0.00832373178572261,-0.0002149));
#7924=CARTESIAN_POINT('',(0.00665185658946144,0.0088427773075581,-0.0002149));
#7925=CARTESIAN_POINT('',(0.0065363529374065,0.00856583600474826,-0.0002149));
#7926=CARTESIAN_POINT('',(0.0065363529374065,0.00856583600474826,-0.0073249));
#7927=CARTESIAN_POINT('',(0.0065363529374065,0.00856583600474826,-0.0073249));
#7928=CARTESIAN_POINT('',(0.00750660318715138,0.00832373178572261,-0.0073249));
#7929=CARTESIAN_POINT('',(0.00665185658946144,0.0088427773075581,-0.0073249));
#7930=CARTESIAN_POINT('',(0.00665185658946144,0.0088427773075581,-0.0073249));
#7931=CARTESIAN_POINT('',(0.00707484182601491,0.00843146816318902,-0.0073249));
#7932=CARTESIAN_POINT('',(0.00707484182601491,0.00843146816318902,-0.0002149));
#7933=CARTESIAN_POINT('',(0.00707484182601491,0.00843146816318902,-0.0073249));
#7934=CARTESIAN_POINT('',(0.00446367347959443,0.0101099590166115,-0.0073249));
#7935=CARTESIAN_POINT('',(0.00446367347959443,0.0101099590166115,-0.0002149));
#7936=CARTESIAN_POINT('',(0.00433214149362317,0.0101820654425836,-0.0002149));
#7937=CARTESIAN_POINT('',(0.0045242581081009,0.0102471796520449,-0.000214900000000004));
#7938=CARTESIAN_POINT('',(0.0045242581081009,0.0102471796520449,-0.0073249));
#7939=CARTESIAN_POINT('',(0.0045242581081009,0.0102471796520449,-0.0073249));
#7940=CARTESIAN_POINT('',(0.00446367347959443,0.0101099590166115,-0.0073249));
#7941=CARTESIAN_POINT('',(0.00433214149362317,0.0101820654425836,-0.0073249));
#7942=CARTESIAN_POINT('',(0.00433214149362317,0.0101820654425836,-0.0073249));
#7943=CARTESIAN_POINT('',(0.00345526158714812,0.0106627749490636,-0.0073249));
#7944=CARTESIAN_POINT('',(0.00345526158714812,0.0106627749490636,-0.0002149));
#7945=CARTESIAN_POINT('',(0.00415005511606016,0.00994356569426919,-0.0002149));
#7946=CARTESIAN_POINT('',(0.00345526158714812,0.0106627749490636,-0.0073249));
#7947=CARTESIAN_POINT('',(0.00415005511606016,0.00994356569426919,-0.0073249));
#7948=CARTESIAN_POINT('',(0.00415005511606016,0.00994356569426919,-0.0073249));
#7949=CARTESIAN_POINT('',(0.00420701568377685,0.0103891588344031,-0.0073249));
#7950=CARTESIAN_POINT('',(0.00420701568377685,0.0103891588344031,-0.0002149));
#7951=CARTESIAN_POINT('',(0.00322629258951503,0.0105845615272748,-0.0002149));
#7952=CARTESIAN_POINT('',(0.00321247416408501,0.0102848172530031,-0.0002149));
#7953=CARTESIAN_POINT('',(0.00321247416408501,0.0102848172530031,-0.0073249));
#7954=CARTESIAN_POINT('',(0.00321247416408501,0.0102848172530031,-0.0073249));
#7955=CARTESIAN_POINT('',(0.00420701568377685,0.0103891588344031,-0.0073249));
#7956=CARTESIAN_POINT('',(0.00322629258951503,0.0105845615272748,-0.0073249));
#7957=CARTESIAN_POINT('',(0.00322629258951503,0.0105845615272748,-0.0073249));
#7958=CARTESIAN_POINT('',(0.00376444470751398,0.0103427268306801,-0.0073249));
#7959=CARTESIAN_POINT('',(0.00376444470751398,0.0103427268306801,-0.0002149));
#7960=CARTESIAN_POINT('',(0.00376444470751398,0.0103427268306801,-0.0073249));
#7961=CARTESIAN_POINT('',(-0.000736671398494522,0.0110269201276077,-0.0073249));
#7962=CARTESIAN_POINT('',(-0.000736671398494522,0.0110269201276077,-0.0002149));
#7963=CARTESIAN_POINT('',(-0.000746670105436944,0.0111765865094691,-0.000214900000000004));
#7964=CARTESIAN_POINT('',(-0.000588409911734367,0.011049691415311,-0.0002149));
#7965=CARTESIAN_POINT('',(-0.000588409911734367,0.011049691415311,-0.0073249));
#7966=CARTESIAN_POINT('',(-0.000588409911734367,0.011049691415311,-0.0073249));
#7967=CARTESIAN_POINT('',(-0.000736671398494522,0.0110269201276077,-0.0073249));
#7968=CARTESIAN_POINT('',(-0.000746670105436944,0.0111765865094691,-0.0073249));
#7969=CARTESIAN_POINT('',(-0.000746670105436944,0.0111765865094691,-0.0073249));
#7970=CARTESIAN_POINT('',(0.0004,0.0112015,-0.0073249));
#7971=CARTESIAN_POINT('',(0.0004,0.0112015,-0.0002149));
#7972=CARTESIAN_POINT('',(-0.000498876404494382,0.010763297752809,-0.0002149));
#7973=CARTESIAN_POINT('',(-0.000498876404494382,0.010763297752809,-0.0073249));
#7974=CARTESIAN_POINT('',(-0.000498876404494382,0.010763297752809,-0.0073249));
#7975=CARTESIAN_POINT('',(0.0004,0.0112015,-0.0073249));
#7976=CARTESIAN_POINT('',(0.,0.0110065,-0.0073249));
#7977=CARTESIAN_POINT('',(0.,0.0110065,-0.0002149));
#7978=CARTESIAN_POINT('',(0.000498876404494381,0.010763297752809,-0.0002149));
#7979=CARTESIAN_POINT('',(0.000498876404494381,0.010763297752809,-0.0073249));
#7980=CARTESIAN_POINT('',(0.000498876404494381,0.010763297752809,-0.0073249));
#7981=CARTESIAN_POINT('',(0.,0.0110065,-0.0073249));
#7982=CARTESIAN_POINT('',(-0.0004,0.0112015,-0.0073249));
#7983=CARTESIAN_POINT('',(-0.0004,0.0112015,-0.0002149));
#7984=CARTESIAN_POINT('',(0.000588409911734365,0.011049691415311,-0.0002149));
#7985=CARTESIAN_POINT('',(0.000588409911734365,0.011049691415311,-0.0073249));
#7986=CARTESIAN_POINT('',(0.000588409911734365,0.011049691415311,-0.0073249));
#7987=CARTESIAN_POINT('',(-0.0004,0.0112015,-0.0073249));
#7988=CARTESIAN_POINT('',(0.000736671398494522,0.0110269201276077,-0.0073249));
#7989=CARTESIAN_POINT('',(0.000736671398494522,0.0110269201276077,-0.0002149));
#7990=CARTESIAN_POINT('',(0.000746670105436945,0.0111765865094691,-0.0002149));
#7991=CARTESIAN_POINT('',(0.000746670105436945,0.0111765865094691,-0.0073249));
#7992=CARTESIAN_POINT('',(0.000746670105436945,0.0111765865094691,-0.0073249));
#7993=CARTESIAN_POINT('',(0.000736671398494522,0.0110269201276077,-0.0073249));
#7994=CARTESIAN_POINT('',(0.,0.0140335,0.0016851));
#7995=CARTESIAN_POINT('',(-0.00565685424949238,0.00565685424949238,0.0016851));
#7996=CARTESIAN_POINT('',(-0.00695685424949238,0.00565685424949238,0.0016851));
#7997=CARTESIAN_POINT('',(0.00565685424949238,0.00565685424949238,0.0016851));
#7998=CARTESIAN_POINT('',(0.00435685424949238,0.00565685424949238,0.0016851));
#7999=CARTESIAN_POINT('',(8.67361737988404E-19,0.008,0.0016851));
#8000=CARTESIAN_POINT('',(-0.0013,0.008,0.0016851));
#8001=CARTESIAN_POINT('',(-0.008,8.67361737988404E-19,0.0016851));
#8002=CARTESIAN_POINT('',(-0.0093,8.67361737988404E-19,0.0016851));
#8003=CARTESIAN_POINT('',(0.008,8.67361737988404E-19,0.0016851));
#8004=CARTESIAN_POINT('',(0.0067,8.67361737988404E-19,0.0016851));
#8005=CARTESIAN_POINT('',(0.00565685424949238,-0.00565685424949238,0.0016851));
#8006=CARTESIAN_POINT('',(0.00435685424949238,-0.00565685424949238,0.0016851));
#8007=CARTESIAN_POINT('',(0.,-0.008,0.0016851));
#8008=CARTESIAN_POINT('',(-0.0013,-0.008,0.0016851));
#8009=CARTESIAN_POINT('',(-0.00565685424949238,-0.00565685424949238,0.0016851));
#8010=CARTESIAN_POINT('',(-0.00695685424949238,-0.00565685424949238,0.0016851));
#8011=CARTESIAN_POINT('',(0.,0.,0.0016851));
#8012=CARTESIAN_POINT('',(-0.0140335,0.,0.0016851));
#8013=CARTESIAN_POINT('',(0.,0.0126175,-0.000214900000000003));
#8014=CARTESIAN_POINT('',(0.,0.,-0.000214900000000004));
#8015=CARTESIAN_POINT('',(0.0126175,0.,-0.000214900000000004));
#8016=CARTESIAN_POINT('',(0.,0.,-0.000214900000000004));
#8017=CARTESIAN_POINT('',(-0.00233904316334086,0.0109618647742995,-0.0002149));
#8018=CARTESIAN_POINT('',(0.,0.,-0.000214900000000004));
#8019=CARTESIAN_POINT('',(-0.00420701568377671,0.0103891588344031,-0.0002149));
#8020=CARTESIAN_POINT('',(0.,0.,-0.000214900000000004));
#8021=CARTESIAN_POINT('',(-0.00550324999999988,0.00953190860675349,-0.0002149));
#8022=CARTESIAN_POINT('',(0.,0.,-0.000214900000000004));
#8023=CARTESIAN_POINT('',(-0.00707484182601479,0.00843146816318912,-0.0002149));
#8024=CARTESIAN_POINT('',(0.,0.,-0.000214900000000004));
#8025=CARTESIAN_POINT('',(-0.00843146816318895,0.00707484182601499,-0.0002149));
#8026=CARTESIAN_POINT('',(0.,0.,-0.000214900000000004));
#8027=CARTESIAN_POINT('',(-0.00953190860675336,0.00550325000000011,-0.0002149));
#8028=CARTESIAN_POINT('',(0.,0.,-0.000214900000000004));
#8029=CARTESIAN_POINT('',(-0.0103427268306801,0.00376444470751408,-0.0002149));
#8030=CARTESIAN_POINT('',(0.,0.,-0.000214900000000004));
#8031=CARTESIAN_POINT('',(-0.0108392865335288,0.00191125866749118,-0.0002149));
#8032=CARTESIAN_POINT('',(0.,0.,-0.000214900000000004));
#8033=CARTESIAN_POINT('',(-0.0110065,1.15286968067931E-16,-0.0002149));
#8034=CARTESIAN_POINT('',(0.,0.,-0.000214900000000004));
#8035=CARTESIAN_POINT('',(-0.0108392865335289,-0.00191125866749096,-0.0002149));
#8036=CARTESIAN_POINT('',(0.,0.,-0.000214900000000004));
#8037=CARTESIAN_POINT('',(-0.0103427268306801,-0.00376444470751388,-0.0002149));
#8038=CARTESIAN_POINT('',(0.,0.,-0.000214900000000004));
#8039=CARTESIAN_POINT('',(-0.00953190860675347,-0.00550324999999991,-0.0002149));
#8040=CARTESIAN_POINT('',(0.,0.,-0.000214900000000004));
#8041=CARTESIAN_POINT('',(-0.00843146816318909,-0.00707484182601482,-0.0002149));
#8042=CARTESIAN_POINT('',(0.,0.,-0.000214900000000004));
#8043=CARTESIAN_POINT('',(-0.00707484182601497,-0.00843146816318897,-0.0002149));
#8044=CARTESIAN_POINT('',(0.,0.,-0.000214900000000004));
#8045=CARTESIAN_POINT('',(-0.00550325000000008,-0.00953190860675338,-0.0002149));
#8046=CARTESIAN_POINT('',(0.,0.,-0.000214900000000004));
#8047=CARTESIAN_POINT('',(-0.00420701568377692,-0.010389158834403,-0.0002149));
#8048=CARTESIAN_POINT('',(0.,0.,-0.000214900000000004));
#8049=CARTESIAN_POINT('',(-0.00233904316334108,-0.0109618647742995,-0.0002149));
#8050=CARTESIAN_POINT('',(0.,0.,-0.000214900000000004));
#8051=CARTESIAN_POINT('',(0.,0.,-0.000214900000000004));
#8052=CARTESIAN_POINT('',(0.00120546737112929,-0.0111364469498643,-0.0002149));
#8053=CARTESIAN_POINT('',(0.00118932488077805,-0.0109873180794024,-0.0002149));
#8054=CARTESIAN_POINT('',(0.,0.,-0.000214900000000004));
#8055=CARTESIAN_POINT('',(0.00312097733161976,-0.010757932085002,-0.000214900000000004));
#8056=CARTESIAN_POINT('',(0.00307918412537569,-0.0106138719312056,-0.0002149));
#8057=CARTESIAN_POINT('',(0.,0.,-0.000214900000000004));
#8058=CARTESIAN_POINT('',(0.00494165797517969,-0.0100525428975132,-0.0002149));
#8059=CARTESIAN_POINT('',(0.00487548391846613,-0.00991792865525751,-0.0002149));
#8060=CARTESIAN_POINT('',(0.,0.,-0.000214900000000004));
#8061=CARTESIAN_POINT('',(0.00661218884176339,-0.00904171228091559,-0.000214900000000004));
#8062=CARTESIAN_POINT('',(0.00652364459980789,-0.00892063413583347,-0.0002149));
#8063=CARTESIAN_POINT('',(0.,0.,-0.000214900000000004));
#8064=CARTESIAN_POINT('',(0.00808181169631909,-0.00775615381198954,-0.0002149));
#8065=CARTESIAN_POINT('',(0.00797358764110793,-0.0076522906622508,-0.0002149));
#8066=CARTESIAN_POINT('',(0.,0.,-0.000214900000000004));
#8067=CARTESIAN_POINT('',(0.00930587279207619,-0.0062349285342894,-0.000214900000000004));
#8068=CARTESIAN_POINT('',(0.00918125725676294,-0.00615143620914157,-0.0002149));
#8069=CARTESIAN_POINT('',(0.,0.,-0.000214900000000004));
#8070=CARTESIAN_POINT('',(0.0102471796520449,-0.00452425810810094,-0.0002149));
#8071=CARTESIAN_POINT('',(0.0101099590166115,-0.00446367347959447,-0.0002149));
#8072=CARTESIAN_POINT('',(0.,0.,-0.000214900000000004));
#8073=CARTESIAN_POINT('',(0.0108771311436093,-0.0026761203886829,-0.000214900000000004));
#8074=CARTESIAN_POINT('',(0.0107314747876265,-0.00264028429009766,-0.0002149));
#8075=CARTESIAN_POINT('',(0.,0.,-0.000214900000000004));
#8076=CARTESIAN_POINT('',(0.0111765865094691,-0.000746670105436984,-0.0002149));
#8077=CARTESIAN_POINT('',(0.0110269201276077,-0.000736671398494561,-0.0002149));
#8078=CARTESIAN_POINT('',(0.0110269201276077,0.000736671398494484,-0.0002149));
#8079=CARTESIAN_POINT('',(0.0111765865094691,0.000746670105436905,-0.0002149));
#8080=CARTESIAN_POINT('',(0.,0.,-0.000214900000000004));
#8081=CARTESIAN_POINT('',(0.0107314747876265,0.00264028429009759,-0.0002149));
#8082=CARTESIAN_POINT('',(0.0108771311436093,0.00267612038868282,-0.0002149));
#8083=CARTESIAN_POINT('',(0.,0.,-0.000214900000000004));
#8084=CARTESIAN_POINT('',(0.0101099590166116,0.0044636734795944,-0.0002149));
#8085=CARTESIAN_POINT('',(0.0102471796520449,0.00452425810810087,-0.0002149));
#8086=CARTESIAN_POINT('',(0.,0.,-0.000214900000000004));
#8087=CARTESIAN_POINT('',(0.00918125725676298,0.0061514362091415,-0.0002149));
#8088=CARTESIAN_POINT('',(0.00930587279207623,0.00623492853428933,-0.0002149));
#8089=CARTESIAN_POINT('',(0.,0.,-0.000214900000000004));
#8090=CARTESIAN_POINT('',(0.00797358764110798,0.00765229066225075,-0.0002149));
#8091=CARTESIAN_POINT('',(0.00808181169631915,0.00775615381198948,-0.0002149));
#8092=CARTESIAN_POINT('',(0.,0.,-0.000214900000000004));
#8093=CARTESIAN_POINT('',(0.00652364459980795,0.00892063413583343,-0.0002149));
#8094=CARTESIAN_POINT('',(0.00661218884176345,0.00904171228091554,-0.0002149));
#8095=CARTESIAN_POINT('',(0.,0.,-0.000214900000000004));
#8096=CARTESIAN_POINT('',(0.0048754839184662,0.00991792865525748,-0.0002149));
#8097=CARTESIAN_POINT('',(0.00494165797517977,0.0100525428975132,-0.0002149));
#8098=CARTESIAN_POINT('',(0.,0.,-0.000214900000000004));
#8099=CARTESIAN_POINT('',(0.00307918412537576,0.0106138719312056,-0.0002149));
#8100=CARTESIAN_POINT('',(0.00312097733161983,0.010757932085002,-0.0002149));
#8101=CARTESIAN_POINT('',(0.,0.,-0.000214900000000004));
#8102=CARTESIAN_POINT('',(0.00118932488077813,0.0109873180794024,-0.0002149));
#8103=CARTESIAN_POINT('',(0.00120546737112937,0.0111364469498643,-0.000214900000000004));
#8104=CARTESIAN_POINT('',(0.,0.,-0.000214900000000004));
#8105=CARTESIAN_POINT('',(0.,0.,0.0087249));
#8106=CARTESIAN_POINT('',(0.,0.,-0.0073249));
#8107=CARTESIAN_POINT('',(0.,0.0112015,-0.0073249));
#8108=CARTESIAN_POINT('',(0.,0.,-0.0073249));
#8109=CARTESIAN_POINT('',(0.0126175,0.,-0.0073249));
#8110=CARTESIAN_POINT('',(0.,0.,-0.0073249));
#8111=CARTESIAN_POINT('',(0.00120546737112937,0.0111364469498643,-0.0073249));
#8112=CARTESIAN_POINT('',(0.00118932488077813,0.0109873180794024,-0.0073249));
#8113=CARTESIAN_POINT('',(0.,0.,-0.0073249));
#8114=CARTESIAN_POINT('',(0.00312097733161983,0.010757932085002,-0.0073249));
#8115=CARTESIAN_POINT('',(0.00307918412537576,0.0106138719312056,-0.0073249));
#8116=CARTESIAN_POINT('',(0.,0.,-0.0073249));
#8117=CARTESIAN_POINT('',(0.00494165797517977,0.0100525428975132,-0.0073249));
#8118=CARTESIAN_POINT('',(0.0048754839184662,0.00991792865525748,-0.0073249));
#8119=CARTESIAN_POINT('',(0.,0.,-0.0073249));
#8120=CARTESIAN_POINT('',(0.00661218884176345,0.00904171228091554,-0.0073249));
#8121=CARTESIAN_POINT('',(0.00652364459980795,0.00892063413583343,-0.0073249));
#8122=CARTESIAN_POINT('',(0.,0.,-0.0073249));
#8123=CARTESIAN_POINT('',(0.00808181169631915,0.00775615381198949,-0.0073249));
#8124=CARTESIAN_POINT('',(0.00797358764110798,0.00765229066225075,-0.0073249));
#8125=CARTESIAN_POINT('',(0.,0.,-0.0073249));
#8126=CARTESIAN_POINT('',(0.00930587279207623,0.00623492853428933,-0.0073249));
#8127=CARTESIAN_POINT('',(0.00918125725676298,0.0061514362091415,-0.0073249));
#8128=CARTESIAN_POINT('',(0.,0.,-0.0073249));
#8129=CARTESIAN_POINT('',(0.0102471796520449,0.00452425810810087,-0.0073249));
#8130=CARTESIAN_POINT('',(0.0101099590166116,0.0044636734795944,-0.0073249));
#8131=CARTESIAN_POINT('',(0.,0.,-0.0073249));
#8132=CARTESIAN_POINT('',(0.0108771311436093,0.00267612038868282,-0.0073249));
#8133=CARTESIAN_POINT('',(0.0107314747876265,0.00264028429009759,-0.0073249));
#8134=CARTESIAN_POINT('',(0.,0.,-0.0073249));
#8135=CARTESIAN_POINT('',(0.0111765865094691,0.000746670105436906,-0.0073249));
#8136=CARTESIAN_POINT('',(0.0110269201276077,0.000736671398494484,-0.0073249));
#8137=CARTESIAN_POINT('',(0.0110269201276077,-0.000736671398494561,-0.0073249));
#8138=CARTESIAN_POINT('',(0.0111765865094691,-0.000746670105436984,-0.0073249));
#8139=CARTESIAN_POINT('',(0.,0.,-0.0073249));
#8140=CARTESIAN_POINT('',(0.0107314747876265,-0.00264028429009766,-0.0073249));
#8141=CARTESIAN_POINT('',(0.0108771311436093,-0.0026761203886829,-0.0073249));
#8142=CARTESIAN_POINT('',(0.,0.,-0.0073249));
#8143=CARTESIAN_POINT('',(0.0101099590166115,-0.00446367347959447,-0.0073249));
#8144=CARTESIAN_POINT('',(0.0102471796520449,-0.00452425810810094,-0.0073249));
#8145=CARTESIAN_POINT('',(0.,0.,-0.0073249));
#8146=CARTESIAN_POINT('',(0.00918125725676294,-0.00615143620914157,-0.0073249));
#8147=CARTESIAN_POINT('',(0.00930587279207619,-0.0062349285342894,-0.0073249));
#8148=CARTESIAN_POINT('',(0.,0.,-0.0073249));
#8149=CARTESIAN_POINT('',(0.00797358764110793,-0.0076522906622508,-0.0073249));
#8150=CARTESIAN_POINT('',(0.00808181169631909,-0.00775615381198954,-0.0073249));
#8151=CARTESIAN_POINT('',(0.,0.,-0.0073249));
#8152=CARTESIAN_POINT('',(0.00652364459980789,-0.00892063413583347,-0.0073249));
#8153=CARTESIAN_POINT('',(0.00661218884176339,-0.00904171228091559,-0.0073249));
#8154=CARTESIAN_POINT('',(0.,0.,-0.0073249));
#8155=CARTESIAN_POINT('',(0.00487548391846613,-0.00991792865525751,-0.0073249));
#8156=CARTESIAN_POINT('',(0.00494165797517969,-0.0100525428975132,-0.0073249));
#8157=CARTESIAN_POINT('',(0.,0.,-0.0073249));
#8158=CARTESIAN_POINT('',(0.00307918412537569,-0.0106138719312056,-0.0073249));
#8159=CARTESIAN_POINT('',(0.00312097733161976,-0.010757932085002,-0.0073249));
#8160=CARTESIAN_POINT('',(0.,0.,-0.0073249));
#8161=CARTESIAN_POINT('',(0.00118932488077805,-0.0109873180794024,-0.0073249));
#8162=CARTESIAN_POINT('',(0.00120546737112929,-0.0111364469498643,-0.0073249));
#8163=CARTESIAN_POINT('',(0.,0.,-0.0073249));
#8164=CARTESIAN_POINT('',(0.,0.,-0.0073249));
#8165=CARTESIAN_POINT('',(-0.00233904316334108,-0.0109618647742995,-0.0073249));
#8166=CARTESIAN_POINT('',(0.,0.,-0.0073249));
#8167=CARTESIAN_POINT('',(-0.00420701568377692,-0.010389158834403,-0.0073249));
#8168=CARTESIAN_POINT('',(0.,0.,-0.0073249));
#8169=CARTESIAN_POINT('',(-0.00550325000000008,-0.00953190860675338,-0.0073249));
#8170=CARTESIAN_POINT('',(0.,0.,-0.0073249));
#8171=CARTESIAN_POINT('',(-0.00707484182601497,-0.00843146816318897,-0.0073249));
#8172=CARTESIAN_POINT('',(0.,0.,-0.0073249));
#8173=CARTESIAN_POINT('',(-0.00843146816318909,-0.00707484182601482,-0.0073249));
#8174=CARTESIAN_POINT('',(0.,0.,-0.0073249));
#8175=CARTESIAN_POINT('',(-0.00953190860675347,-0.00550324999999991,-0.0073249));
#8176=CARTESIAN_POINT('',(0.,0.,-0.0073249));
#8177=CARTESIAN_POINT('',(-0.0103427268306801,-0.00376444470751388,-0.0073249));
#8178=CARTESIAN_POINT('',(0.,0.,-0.0073249));
#8179=CARTESIAN_POINT('',(-0.0108392865335289,-0.00191125866749096,-0.0073249));
#8180=CARTESIAN_POINT('',(0.,0.,-0.0073249));
#8181=CARTESIAN_POINT('',(-0.0110065,1.15286968067931E-16,-0.0073249));
#8182=CARTESIAN_POINT('',(0.,0.,-0.0073249));
#8183=CARTESIAN_POINT('',(-0.0108392865335288,0.00191125866749118,-0.0073249));
#8184=CARTESIAN_POINT('',(0.,0.,-0.0073249));
#8185=CARTESIAN_POINT('',(-0.0103427268306801,0.00376444470751408,-0.0073249));
#8186=CARTESIAN_POINT('',(0.,0.,-0.0073249));
#8187=CARTESIAN_POINT('',(-0.00953190860675336,0.00550325000000011,-0.0073249));
#8188=CARTESIAN_POINT('',(0.,0.,-0.0073249));
#8189=CARTESIAN_POINT('',(-0.00843146816318895,0.00707484182601499,-0.0073249));
#8190=CARTESIAN_POINT('',(0.,0.,-0.0073249));
#8191=CARTESIAN_POINT('',(-0.00707484182601479,0.00843146816318912,-0.0073249));
#8192=CARTESIAN_POINT('',(0.,0.,-0.0073249));
#8193=CARTESIAN_POINT('',(-0.00550324999999988,0.00953190860675349,-0.0073249));
#8194=CARTESIAN_POINT('',(0.,0.,-0.0073249));
#8195=CARTESIAN_POINT('',(-0.00420701568377671,0.0103891588344031,-0.0073249));
#8196=CARTESIAN_POINT('',(0.,0.,-0.0073249));
#8197=CARTESIAN_POINT('',(-0.00233904316334086,0.0109618647742995,-0.0073249));
#8198=CARTESIAN_POINT('',(0.,0.,0.0087249));
#8199=CARTESIAN_POINT('',(0.00312097733161983,0.010757932085002,-0.0073249));
#8200=CARTESIAN_POINT('',(0.,0.,0.0087249));
#8201=CARTESIAN_POINT('',(0.00661218884176345,0.00904171228091554,-0.0073249));
#8202=CARTESIAN_POINT('',(0.,0.,0.0087249));
#8203=CARTESIAN_POINT('',(0.00930587279207623,0.00623492853428933,-0.0073249));
#8204=CARTESIAN_POINT('',(0.,0.,0.0087249));
#8205=CARTESIAN_POINT('',(0.0108771311436093,0.00267612038868282,-0.0073249));
#8206=CARTESIAN_POINT('',(0.,0.,0.0087249));
#8207=CARTESIAN_POINT('',(0.0111765865094691,-0.000746670105436984,-0.0073249));
#8208=CARTESIAN_POINT('',(0.,0.,0.0087249));
#8209=CARTESIAN_POINT('',(0.0102471796520449,-0.00452425810810094,-0.0073249));
#8210=CARTESIAN_POINT('',(0.,0.,0.0087249));
#8211=CARTESIAN_POINT('',(0.00808181169631909,-0.00775615381198954,-0.0073249));
#8212=CARTESIAN_POINT('',(0.,0.,0.0087249));
#8213=CARTESIAN_POINT('',(0.00494165797517969,-0.0100525428975132,-0.0073249));
#8214=CARTESIAN_POINT('',(0.,0.,0.0087249));
#8215=CARTESIAN_POINT('',(0.00120546737112929,-0.0111364469498643,-0.0073249));
#8216=CARTESIAN_POINT('',(0.,0.,0.0087249));
#8217=CARTESIAN_POINT('',(0.,0.,0.0087249));
#8218=CARTESIAN_POINT('',(0.,0.,0.0087249));
#8219=CARTESIAN_POINT('',(0.,0.,0.0087249));
#8220=CARTESIAN_POINT('',(0.,0.,0.0087249));
#8221=CARTESIAN_POINT('',(0.,0.,0.0087249));
#8222=CARTESIAN_POINT('',(0.,0.,0.0087249));
#8223=CARTESIAN_POINT('',(0.,0.,0.0087249));
#8224=CARTESIAN_POINT('',(0.,0.,0.0087249));
#8225=CARTESIAN_POINT('',(0.,0.,0.0087249));
#8226=CARTESIAN_POINT('',(0.,0.,0.0087249));
#8227=CARTESIAN_POINT('',(0.,0.,0.0087249));
#8228=CARTESIAN_POINT('',(0.,0.,0.0087249));
#8229=CARTESIAN_POINT('',(0.,0.,0.0087249));
#8230=CARTESIAN_POINT('',(0.,0.,0.0087249));
#8231=CARTESIAN_POINT('',(0.,0.,0.0087249));
#8232=CARTESIAN_POINT('',(0.,0.,0.0087249));
#8233=CARTESIAN_POINT('',(0.,0.,0.0087249));
#8234=CARTESIAN_POINT('',(0.00312097733161976,-0.010757932085002,-0.0073249));
#8235=CARTESIAN_POINT('',(0.,0.,0.0087249));
#8236=CARTESIAN_POINT('',(0.00661218884176339,-0.00904171228091559,-0.0073249));
#8237=CARTESIAN_POINT('',(0.,0.,0.0087249));
#8238=CARTESIAN_POINT('',(0.00930587279207619,-0.0062349285342894,-0.0073249));
#8239=CARTESIAN_POINT('',(0.,0.,0.0087249));
#8240=CARTESIAN_POINT('',(0.0108771311436093,-0.0026761203886829,-0.0073249));
#8241=CARTESIAN_POINT('',(0.,0.,0.0087249));
#8242=CARTESIAN_POINT('',(0.0111765865094691,0.000746670105436905,-0.0073249));
#8243=CARTESIAN_POINT('',(0.,0.,0.0087249));
#8244=CARTESIAN_POINT('',(0.0102471796520449,0.00452425810810087,-0.0073249));
#8245=CARTESIAN_POINT('',(0.,0.,0.0087249));
#8246=CARTESIAN_POINT('',(0.00808181169631915,0.00775615381198948,-0.0073249));
#8247=CARTESIAN_POINT('',(0.,0.,0.0087249));
#8248=CARTESIAN_POINT('',(0.00494165797517977,0.0100525428975132,-0.0073249));
#8249=CARTESIAN_POINT('',(0.,0.,0.0087249));
#8250=CARTESIAN_POINT('',(0.00120546737112937,0.0111364469498643,-0.0073249));
#8251=CARTESIAN_POINT('',(0.,0.,0.0087249));
#8252=CARTESIAN_POINT('',(0.,0.,-0.0080249));
#8253=CARTESIAN_POINT('',(0.0140335,0.,-0.0080249));
#8254=CARTESIAN_POINT('',(0.,0.,-0.0080249));
#8255=CARTESIAN_POINT('',(0.,0.,-0.000214900000000004));
#8256=CARTESIAN_POINT('',(0.,0.,0.0004851));
#8257=CARTESIAN_POINT('',(0.0140335,0.,0.0004851));
#8258=CARTESIAN_POINT('',(0.,0.,0.0087249));
#8259=CARTESIAN_POINT('',(0.00307918412537576,0.0106138719312056,-0.0073249));
#8260=CARTESIAN_POINT('',(0.00652364459980795,0.00892063413583343,-0.0073249));
#8261=CARTESIAN_POINT('',(0.00918125725676298,0.0061514362091415,-0.0073249));
#8262=CARTESIAN_POINT('',(0.0107314747876265,0.00264028429009759,-0.0073249));
#8263=CARTESIAN_POINT('',(0.0107314747876265,-0.00264028429009766,-0.0073249));
#8264=CARTESIAN_POINT('',(0.00918125725676294,-0.00615143620914157,-0.0073249));
#8265=CARTESIAN_POINT('',(0.00652364459980789,-0.00892063413583347,-0.0073249));
#8266=CARTESIAN_POINT('',(0.00307918412537569,-0.0106138719312056,-0.0073249));
#8267=CARTESIAN_POINT('',(-0.00420701568377692,-0.010389158834403,-0.0073249));
#8268=CARTESIAN_POINT('',(-0.00707484182601497,-0.00843146816318897,-0.0073249));
#8269=CARTESIAN_POINT('',(-0.00953190860675347,-0.00550324999999991,-0.0073249));
#8270=CARTESIAN_POINT('',(-0.0108392865335289,-0.00191125866749096,-0.0073249));
#8271=CARTESIAN_POINT('',(-0.0108392865335288,0.00191125866749118,-0.0073249));
#8272=CARTESIAN_POINT('',(-0.00953190860675336,0.00550325000000011,-0.0073249));
#8273=CARTESIAN_POINT('',(-0.00707484182601479,0.00843146816318912,-0.0073249));
#8274=CARTESIAN_POINT('',(-0.00420701568377671,0.0103891588344031,-0.0073249));
#8275=CARTESIAN_POINT('',(-0.00233904316334086,0.0109618647742995,-0.0073249));
#8276=CARTESIAN_POINT('',(-0.00550324999999988,0.00953190860675349,-0.0073249));
#8277=CARTESIAN_POINT('',(-0.00843146816318895,0.00707484182601499,-0.0073249));
#8278=CARTESIAN_POINT('',(-0.0103427268306801,0.00376444470751408,-0.0073249));
#8279=CARTESIAN_POINT('',(-0.0110065,1.15286968067931E-16,-0.0073249));
#8280=CARTESIAN_POINT('',(-0.0103427268306801,-0.00376444470751388,-0.0073249));
#8281=CARTESIAN_POINT('',(-0.00843146816318909,-0.00707484182601482,-0.0073249));
#8282=CARTESIAN_POINT('',(-0.00550325000000008,-0.00953190860675338,-0.0073249));
#8283=CARTESIAN_POINT('',(-0.00233904316334108,-0.0109618647742995,-0.0073249));
#8284=CARTESIAN_POINT('',(0.00118932488077805,-0.0109873180794024,-0.0073249));
#8285=CARTESIAN_POINT('',(0.00487548391846613,-0.00991792865525751,-0.0073249));
#8286=CARTESIAN_POINT('',(0.00797358764110793,-0.0076522906622508,-0.0073249));
#8287=CARTESIAN_POINT('',(0.0101099590166115,-0.00446367347959447,-0.0073249));
#8288=CARTESIAN_POINT('',(0.0110269201276077,0.000736671398494484,-0.0073249));
#8289=CARTESIAN_POINT('',(0.0110269201276077,-0.000736671398494561,-0.0073249));
#8290=CARTESIAN_POINT('',(0.0101099590166116,0.0044636734795944,-0.0073249));
#8291=CARTESIAN_POINT('',(0.00797358764110798,0.00765229066225075,-0.0073249));
#8292=CARTESIAN_POINT('',(0.0048754839184662,0.00991792865525748,-0.0073249));
#8293=CARTESIAN_POINT('',(0.00118932488077813,0.0109873180794024,-0.0073249));
#8294=CARTESIAN_POINT('',(-0.00565685424949238,-0.00565685424949238,-0.0087249));
#8295=CARTESIAN_POINT('',(-0.00565685424949238,-0.00565685424949238,-0.0063149));
#8296=CARTESIAN_POINT('',(-0.00435685424949238,-0.00565685424949238,-0.0063149));
#8297=CARTESIAN_POINT('',(-0.00345685424949238,-0.00565685424949238,-0.0063149));
#8298=CARTESIAN_POINT('',(-0.00565685424949238,-0.00565685424949238,-0.0063149));
#8299=CARTESIAN_POINT('',(-0.00345685424949238,-0.00565685424949238,-0.0063149));
#8300=CARTESIAN_POINT('',(-0.00565685424949238,-0.00565685424949238,-0.0087249));
#8301=CARTESIAN_POINT('',(0.,-0.008,-0.0087249));
#8302=CARTESIAN_POINT('',(0.,-0.008,-0.0063149));
#8303=CARTESIAN_POINT('',(0.0013,-0.008,-0.0063149));
#8304=CARTESIAN_POINT('',(0.0022,-0.008,-0.0063149));
#8305=CARTESIAN_POINT('',(0.,-0.008,-0.0063149));
#8306=CARTESIAN_POINT('',(0.0022,-0.008,-0.0063149));
#8307=CARTESIAN_POINT('',(0.,-0.008,-0.0087249));
#8308=CARTESIAN_POINT('',(0.00565685424949238,-0.00565685424949238,-0.0087249));
#8309=CARTESIAN_POINT('',(0.00565685424949238,-0.00565685424949238,-0.0063149));
#8310=CARTESIAN_POINT('',(0.00695685424949238,-0.00565685424949238,-0.0063149));
#8311=CARTESIAN_POINT('',(0.00785685424949238,-0.00565685424949238,-0.0063149));
#8312=CARTESIAN_POINT('',(0.00565685424949238,-0.00565685424949238,-0.0063149));
#8313=CARTESIAN_POINT('',(0.00785685424949238,-0.00565685424949238,-0.0063149));
#8314=CARTESIAN_POINT('',(0.00565685424949238,-0.00565685424949238,-0.0087249));
#8315=CARTESIAN_POINT('',(0.008,8.67361737988404E-19,-0.0087249));
#8316=CARTESIAN_POINT('',(0.008,8.67361737988404E-19,-0.0063149));
#8317=CARTESIAN_POINT('',(0.0093,8.67361737988404E-19,-0.0063149));
#8318=CARTESIAN_POINT('',(0.0102,8.67361737988404E-19,-0.0063149));
#8319=CARTESIAN_POINT('',(0.008,8.67361737988404E-19,-0.0063149));
#8320=CARTESIAN_POINT('',(0.0102,8.67361737988404E-19,-0.0063149));
#8321=CARTESIAN_POINT('',(0.008,8.67361737988404E-19,-0.0087249));
#8322=CARTESIAN_POINT('',(-0.008,8.67361737988404E-19,-0.0087249));
#8323=CARTESIAN_POINT('',(-0.008,8.67361737988404E-19,-0.0063149));
#8324=CARTESIAN_POINT('',(-0.0067,8.67361737988404E-19,-0.0063149));
#8325=CARTESIAN_POINT('',(-0.0058,8.67361737988404E-19,-0.0063149));
#8326=CARTESIAN_POINT('',(-0.008,8.67361737988404E-19,-0.0063149));
#8327=CARTESIAN_POINT('',(-0.0058,8.67361737988404E-19,-0.0063149));
#8328=CARTESIAN_POINT('',(-0.008,8.67361737988404E-19,-0.0087249));
#8329=CARTESIAN_POINT('',(8.67361737988404E-19,0.008,-0.0087249));
#8330=CARTESIAN_POINT('',(8.67361737988404E-19,0.008,-0.0063149));
#8331=CARTESIAN_POINT('',(0.0013,0.008,-0.0063149));
#8332=CARTESIAN_POINT('',(0.0022,0.008,-0.0063149));
#8333=CARTESIAN_POINT('',(8.67361737988404E-19,0.008,-0.0063149));
#8334=CARTESIAN_POINT('',(0.0022,0.008,-0.0063149));
#8335=CARTESIAN_POINT('',(8.67361737988404E-19,0.008,-0.0087249));
#8336=CARTESIAN_POINT('',(0.00565685424949238,0.00565685424949238,-0.0087249));
#8337=CARTESIAN_POINT('',(0.00565685424949238,0.00565685424949238,-0.0063149));
#8338=CARTESIAN_POINT('',(0.00695685424949238,0.00565685424949238,-0.0063149));
#8339=CARTESIAN_POINT('',(0.00785685424949238,0.00565685424949238,-0.0063149));
#8340=CARTESIAN_POINT('',(0.00565685424949238,0.00565685424949238,-0.0063149));
#8341=CARTESIAN_POINT('',(0.00785685424949238,0.00565685424949238,-0.0063149));
#8342=CARTESIAN_POINT('',(0.00565685424949238,0.00565685424949238,-0.0087249));
#8343=CARTESIAN_POINT('',(-0.00565685424949238,0.00565685424949238,-0.0087249));
#8344=CARTESIAN_POINT('',(-0.00565685424949238,0.00565685424949238,-0.0063149));
#8345=CARTESIAN_POINT('',(-0.00435685424949238,0.00565685424949238,-0.0063149));
#8346=CARTESIAN_POINT('',(-0.00345685424949238,0.00565685424949238,-0.0063149));
#8347=CARTESIAN_POINT('',(-0.00565685424949238,0.00565685424949238,-0.0063149));
#8348=CARTESIAN_POINT('',(-0.00345685424949238,0.00565685424949238,-0.0063149));
#8349=CARTESIAN_POINT('',(-0.00565685424949238,0.00565685424949238,-0.0087249));
#8350=MECHANICAL_DESIGN_GEOMETRIC_PRESENTATION_REPRESENTATION('',(#4547),#8351);
#8351=(
GEOMETRIC_REPRESENTATION_CONTEXT(3)
GLOBAL_UNCERTAINTY_ASSIGNED_CONTEXT((#8352))
GLOBAL_UNIT_ASSIGNED_CONTEXT((#8355,#8354,#8353))
REPRESENTATION_CONTEXT('Gt Timing Belt Pulley Bras1','TOP_LEVEL_ASSEMBLY_PART')
);
#8352=UNCERTAINTY_MEASURE_WITH_UNIT(LENGTH_MEASURE(1.E-06),#8355,'DISTANCE_ACCURACY_VALUE','Maximum Tolerance applied to model');
#8353=(
NAMED_UNIT(*)
SI_UNIT($,.STERADIAN.)
SOLID_ANGLE_UNIT()
);
#8354=(
NAMED_UNIT(*)
PLANE_ANGLE_UNIT()
SI_UNIT($,.RADIAN.)
);
#8355=(
LENGTH_UNIT()
NAMED_UNIT(*)
SI_UNIT($,.METRE.)
);
#8356=PRODUCT_DEFINITION_SHAPE('','',#8357);
#8357=PRODUCT_DEFINITION('','',#8359,#8358);
#8358=PRODUCT_DEFINITION_CONTEXT('',#8365,'design');
#8359=PRODUCT_DEFINITION_FORMATION_WITH_SPECIFIED_SOURCE('','',#8361,.NOT_KNOWN.);
#8360=PRODUCT_RELATED_PRODUCT_CATEGORY('','',(#8361));
#8361=PRODUCT('Gt Timing Belt Pulley Bras1','Gt Timing Belt Pulley Bras1','Gt Timing Belt Pulley Bras1',(#8363));
#8362=PRODUCT_CATEGORY('','');
#8363=PRODUCT_CONTEXT('',#8365,'mechanical');
#8364=APPLICATION_PROTOCOL_DEFINITION('international standard','ap242_managed_model_based_3d_engineering',2020,#8365);
#8365=APPLICATION_CONTEXT('managed model based 3d engineering');
#8366=COMPOSITE_SHAPE_ASPECT('hole_callout.FeJFRmIFIn2qZ5H_108.JFH.0',$,#8356,$);
#8367=SHAPE_ASPECT('hole_callout.FeJFRmIFIn2qZ5H_108.JFH.0',$,#8356,.T.);
#8368=GEOMETRIC_ITEM_SPECIFIC_USAGE('','',#8367,#11,#4527);
#8369=SHAPE_ASPECT_RELATIONSHIP('','',#8366,#8367);
#8370=SHAPE_ASPECT('hole_callout.FeJFRmIFIn2qZ5H_108.JFH.0',$,#8356,.T.);
#8371=GEOMETRIC_ITEM_SPECIFIC_USAGE('','',#8370,#11,#4525);
#8372=SHAPE_ASPECT_RELATIONSHIP('','',#8366,#8370);
#8373=SHAPE_ASPECT('hole_callout.FeJFRmIFIn2qZ5H_108.JFH.0',$,#8356,.T.);
#8374=GEOMETRIC_ITEM_SPECIFIC_USAGE('','',#8373,#11,#4526);
#8375=SHAPE_ASPECT_RELATIONSHIP('','',#8366,#8373);
#8376=SHAPE_ASPECT('hole_callout.FeJFRmIFIn2qZ5H_108.JFH.0',$,#8356,.T.);
#8377=GEOMETRIC_ITEM_SPECIFIC_USAGE('','',#8376,#11,#4542);
#8378=SHAPE_ASPECT_RELATIONSHIP('','',#8366,#8376);
#8379=SHAPE_ASPECT('hole_callout.FeJFRmIFIn2qZ5H_108.JFH.0',$,#8356,.T.);
#8380=GEOMETRIC_ITEM_SPECIFIC_USAGE('','',#8379,#11,#4540);
#8381=SHAPE_ASPECT_RELATIONSHIP('','',#8366,#8379);
#8382=SHAPE_ASPECT('hole_callout.FeJFRmIFIn2qZ5H_108.JFH.0',$,#8356,.T.);
#8383=GEOMETRIC_ITEM_SPECIFIC_USAGE('','',#8382,#11,#4541);
#8384=SHAPE_ASPECT_RELATIONSHIP('','',#8366,#8382);
#8385=SHAPE_ASPECT('hole_callout.FeJFRmIFIn2qZ5H_108.JFH.0',$,#8356,.T.);
#8386=GEOMETRIC_ITEM_SPECIFIC_USAGE('','',#8385,#11,#4536);
#8387=SHAPE_ASPECT_RELATIONSHIP('','',#8366,#8385);
#8388=SHAPE_ASPECT('hole_callout.FeJFRmIFIn2qZ5H_108.JFH.0',$,#8356,.T.);
#8389=GEOMETRIC_ITEM_SPECIFIC_USAGE('','',#8388,#11,#4534);
#8390=SHAPE_ASPECT_RELATIONSHIP('','',#8366,#8388);
#8391=SHAPE_ASPECT('hole_callout.FeJFRmIFIn2qZ5H_108.JFH.0',$,#8356,.T.);
#8392=GEOMETRIC_ITEM_SPECIFIC_USAGE('','',#8391,#11,#4535);
#8393=SHAPE_ASPECT_RELATIONSHIP('','',#8366,#8391);
#8394=SHAPE_ASPECT('hole_callout.FeJFRmIFIn2qZ5H_108.JFH.0',$,#8356,.T.);
#8395=GEOMETRIC_ITEM_SPECIFIC_USAGE('','',#8394,#11,#4524);
#8396=SHAPE_ASPECT_RELATIONSHIP('','',#8366,#8394);
#8397=SHAPE_ASPECT('hole_callout.FeJFRmIFIn2qZ5H_108.JFH.0',$,#8356,.T.);
#8398=GEOMETRIC_ITEM_SPECIFIC_USAGE('','',#8397,#11,#4522);
#8399=SHAPE_ASPECT_RELATIONSHIP('','',#8366,#8397);
#8400=SHAPE_ASPECT('hole_callout.FeJFRmIFIn2qZ5H_108.JFH.0',$,#8356,.T.);
#8401=GEOMETRIC_ITEM_SPECIFIC_USAGE('','',#8400,#11,#4523);
#8402=SHAPE_ASPECT_RELATIONSHIP('','',#8366,#8400);
#8403=SHAPE_ASPECT('hole_callout.FeJFRmIFIn2qZ5H_108.JFH.0',$,#8356,.T.);
#8404=GEOMETRIC_ITEM_SPECIFIC_USAGE('','',#8403,#11,#4545);
#8405=SHAPE_ASPECT_RELATIONSHIP('','',#8366,#8403);
#8406=SHAPE_ASPECT('hole_callout.FeJFRmIFIn2qZ5H_108.JFH.0',$,#8356,.T.);
#8407=GEOMETRIC_ITEM_SPECIFIC_USAGE('','',#8406,#11,#4543);
#8408=SHAPE_ASPECT_RELATIONSHIP('','',#8366,#8406);
#8409=SHAPE_ASPECT('hole_callout.FeJFRmIFIn2qZ5H_108.JFH.0',$,#8356,.T.);
#8410=GEOMETRIC_ITEM_SPECIFIC_USAGE('','',#8409,#11,#4544);
#8411=SHAPE_ASPECT_RELATIONSHIP('','',#8366,#8409);
#8412=SHAPE_ASPECT('hole_callout.FeJFRmIFIn2qZ5H_108.JFH.0',$,#8356,.T.);
#8413=GEOMETRIC_ITEM_SPECIFIC_USAGE('','',#8412,#11,#4530);
#8414=SHAPE_ASPECT_RELATIONSHIP('','',#8366,#8412);
#8415=SHAPE_ASPECT('hole_callout.FeJFRmIFIn2qZ5H_108.JFH.0',$,#8356,.T.);
#8416=GEOMETRIC_ITEM_SPECIFIC_USAGE('','',#8415,#11,#4528);
#8417=SHAPE_ASPECT_RELATIONSHIP('','',#8366,#8415);
#8418=SHAPE_ASPECT('hole_callout.FeJFRmIFIn2qZ5H_108.JFH.0',$,#8356,.T.);
#8419=GEOMETRIC_ITEM_SPECIFIC_USAGE('','',#8418,#11,#4529);
#8420=SHAPE_ASPECT_RELATIONSHIP('','',#8366,#8418);
#8421=SHAPE_ASPECT('hole_callout.FeJFRmIFIn2qZ5H_108.JFH.0',$,#8356,.T.);
#8422=GEOMETRIC_ITEM_SPECIFIC_USAGE('','',#8421,#11,#4533);
#8423=SHAPE_ASPECT_RELATIONSHIP('','',#8366,#8421);
#8424=SHAPE_ASPECT('hole_callout.FeJFRmIFIn2qZ5H_108.JFH.0',$,#8356,.T.);
#8425=GEOMETRIC_ITEM_SPECIFIC_USAGE('','',#8424,#11,#4531);
#8426=SHAPE_ASPECT_RELATIONSHIP('','',#8366,#8424);
#8427=SHAPE_ASPECT('hole_callout.FeJFRmIFIn2qZ5H_108.JFH.0',$,#8356,.T.);
#8428=GEOMETRIC_ITEM_SPECIFIC_USAGE('','',#8427,#11,#4532);
#8429=SHAPE_ASPECT_RELATIONSHIP('','',#8366,#8427);
#8430=SHAPE_ASPECT('hole_callout.FeJFRmIFIn2qZ5H_108.JFH.0',$,#8356,.T.);
#8431=GEOMETRIC_ITEM_SPECIFIC_USAGE('','',#8430,#11,#4537);
#8432=SHAPE_ASPECT_RELATIONSHIP('','',#8366,#8430);
#8433=SHAPE_ASPECT('hole_callout.FeJFRmIFIn2qZ5H_108.JFH.0',$,#8356,.T.);
#8434=GEOMETRIC_ITEM_SPECIFIC_USAGE('','',#8433,#11,#4539);
#8435=SHAPE_ASPECT_RELATIONSHIP('','',#8366,#8433);
#8436=SHAPE_ASPECT('hole_callout.FeJFRmIFIn2qZ5H_108.JFH.0',$,#8356,.T.);
#8437=GEOMETRIC_ITEM_SPECIFIC_USAGE('','',#8436,#11,#4538);
#8438=SHAPE_ASPECT_RELATIONSHIP('','',#8366,#8436);
#8439=DIMENSIONAL_SIZE(#8366,'diameter');
#8440=(
LENGTH_UNIT()
NAMED_UNIT(*)
SI_UNIT(.MILLI.,.METRE.)
);
#8442=PRECISION_QUALIFIER(3);
#8441=(
LENGTH_MEASURE_WITH_UNIT()
MEASURE_REPRESENTATION_ITEM()
MEASURE_WITH_UNIT(POSITIVE_LENGTH_MEASURE(2.6),#8440)
QUALIFIED_REPRESENTATION_ITEM((#8442))
REPRESENTATION_ITEM('nominal value')
);
#8443=COMPOUND_REPRESENTATION_ITEM('modifiers',SET_REPRESENTATION_ITEM((#8444)));
#8444=DESCRIPTIVE_REPRESENTATION_ITEM('dimensional note','diameter');
#8445=SHAPE_DIMENSION_REPRESENTATION('',(#8441,#8443),#8351);
#8446=DIMENSIONAL_CHARACTERISTIC_REPRESENTATION(#8439,#8445);
#8447=DIMENSIONAL_SIZE(#8366,'depth');
#8448=(
LENGTH_UNIT()
NAMED_UNIT(*)
SI_UNIT(.MILLI.,.METRE.)
);
#8450=PRECISION_QUALIFIER(3);
#8449=(
LENGTH_MEASURE_WITH_UNIT()
MEASURE_REPRESENTATION_ITEM()
MEASURE_WITH_UNIT(POSITIVE_LENGTH_MEASURE(2.41),#8448)
QUALIFIED_REPRESENTATION_ITEM((#8450))
REPRESENTATION_ITEM('nominal value')
);
#8451=COMPOUND_REPRESENTATION_ITEM('modifiers',SET_REPRESENTATION_ITEM((#8452)));
#8452=DESCRIPTIVE_REPRESENTATION_ITEM('dimensional note','depth');
#8453=SHAPE_DIMENSION_REPRESENTATION('',(#8449,#8451),#8351);
#8454=DIMENSIONAL_CHARACTERISTIC_REPRESENTATION(#8447,#8453);
#8455=DIMENSIONAL_SIZE(#8366,'diameter');
#8456=(
LENGTH_UNIT()
NAMED_UNIT(*)
SI_UNIT(.MILLI.,.METRE.)
);
#8458=PRECISION_QUALIFIER(3);
#8457=(
LENGTH_MEASURE_WITH_UNIT()
MEASURE_REPRESENTATION_ITEM()
MEASURE_WITH_UNIT(POSITIVE_LENGTH_MEASURE(4.4),#8456)
QUALIFIED_REPRESENTATION_ITEM((#8458))
REPRESENTATION_ITEM('nominal value')
);
#8459=COMPOUND_REPRESENTATION_ITEM('modifiers',SET_REPRESENTATION_ITEM((#8460,#8461)));
#8460=DESCRIPTIVE_REPRESENTATION_ITEM('dimensional note','counterbore');
#8461=DESCRIPTIVE_REPRESENTATION_ITEM('dimensional note','diameter');
#8462=SHAPE_DIMENSION_REPRESENTATION('',(#8457,#8459),#8351);
#8463=DIMENSIONAL_CHARACTERISTIC_REPRESENTATION(#8455,#8462);
#8464=PRESENTATION_STYLE_ASSIGNMENT((NULL_STYLE(.NULL.)));
#8465=CARTESIAN_POINT('',(0.,-0.008,-0.0087249));
#8466=DIRECTION('',(0.,0.,-1.));
#8467=DIRECTION('',(1.,0.,0.));
#8468=AXIS2_PLACEMENT_3D('',#8465,#8466,#8467);
#8469=PLANE('',#8468);
#8470=ANNOTATION_PLANE('',(#8464),#8469,(#8497));
#8471=CARTESIAN_POINT('',(0.,0.,0.));
#8472=DIRECTION('',(0.,0.,1.));
#8473=DIRECTION('',(1.,0.,0.));
#8474=AXIS2_PLACEMENT_3D('',#8471,#8472,#8473);
#8475=CARTESIAN_POINT('',(0.,0.,0.));
#8476=DIRECTION('',(0.,0.,1.));
#8477=DIRECTION('',(1.,0.,0.));
#8478=AXIS2_PLACEMENT_3D('',#8475,#8476,#8477);
#8479=SHAPE_REPRESENTATION('',(#8478,#4555),#8351);
#8480=REPRESENTATION_MAP(#8474,#8479);
#8481=MAPPED_ITEM('',#8480,#8474);
#8482=PRESENTATION_STYLE_ASSIGNMENT((NULL_STYLE(.NULL.)));
#8483=STYLED_ITEM('',(#8482),#8481);
#8484=DRAUGHTING_MODEL('',(#8470,#8474,#8481,#8483),#8351);
#8485=DRAUGHTING_PRE_DEFINED_CURVE_FONT('continuous');
#8486=COLOUR_RGB('',0.,0.,0.);
#8487=CURVE_STYLE('',#8485,POSITIVE_LENGTH_MEASURE(0.02),#8486);
#8488=PRESENTATION_STYLE_ASSIGNMENT((#8487));
#8489=COORDINATES_LIST('coordinates',3660,((0.0015556,-0.0095556,-0.0087249),(0.0029698,-0.0123841,-0.0087249),(0.0043841,-0.0109698,-0.0087249),(0.0135885,-0.0190934,-0.0087249),(0.0135885,-0.0225065,-0.0087249),(0.0135724,-0.0225882,-0.0087249),(0.0135885,-0.0190934,-0.0087249),(0.0135724,-0.0225882,-0.0087249),(0.0135239,-0.0226578,-0.0087249),(0.0135885,-0.0190934,-0.0087249),(0.0135239,-0.0226578,-0.0087249),(0.0134541,-0.0227055,-0.0087249),(0.0135885,-0.0190934,-0.0087249),(0.0134541,-0.0227055,-0.0087249),(0.0133715,-0.0227213,-0.0087249),(0.0135885,-0.0190934,-0.0087249),(0.0133715,-0.0227213,-0.0087249),(0.0132890,-0.0227055,-0.0087249),(0.0135885,-0.0190934,-0.0087249),(0.0132890,-0.0227055,-0.0087249),(0.0132191,-0.0226578,-0.0087249),(0.0135885,-0.0190934,-0.0087249),(0.0132191,-0.0226578,-0.0087249),(0.0131715,-0.0225882,-0.0087249),(0.0135885,-0.0190934,-0.0087249),(0.0131715,-0.0225882,-0.0087249),(0.0131556,-0.0225065,-0.0087249),(0.0135885,-0.0190934,-0.0087249),(0.0131556,-0.0225065,-0.0087249),(0.0131556,-0.0188785,-0.0087249),(0.0204105,-0.0190934,-0.0087249),(0.0135885,-0.0190934,-0.0087249),(0.0131556,-0.0188785,-0.0087249),(0.0204105,-0.0190934,-0.0087249),(0.0131556,-0.0188785,-0.0087249),(0.0131712,-0.0187936,-0.0087249),(0.0204105,-0.0190934,-0.0087249),(0.0131712,-0.0187936,-0.0087249),(0.0132181,-0.0187251,-0.0087249),(0.0204105,-0.0190934,-0.0087249),(0.0132181,-0.0187251,-0.0087249),(0.0132879,-0.0186790,-0.0087249),(0.0204105,-0.0190934,-0.0087249),(0.0132879,-0.0186790,-0.0087249),(0.0133726,-0.0186637,-0.0087249),(0.0204105,-0.0190934,-0.0087249),(0.0133726,-0.0186637,-0.0087249),(0.0206264,-0.0186637,-0.0087249),(0.0204105,-0.0190934,-0.0087249),(0.0206264,-0.0186637,-0.0087249),(0.0207108,-0.0186790,-0.0087249),(0.0204105,-0.0190934,-0.0087249),(0.0207108,-0.0186790,-0.0087249),(0.0207799,-0.0187251,-0.0087249),(0.0204105,-0.0190934,-0.0087249),(0.0207799,-0.0187251,-0.0087249),(0.0208259,-0.0187936,-0.0087249),(0.0204105,-0.0190934,-0.0087249),(0.0208259,-0.0187936,-0.0087249),(0.0208413,-0.0188785,-0.0087249),(0.0204105,-0.0190934,-0.0087249),(0.0208413,-0.0188785,-0.0087249),(0.0208413,-0.0225065,-0.0087249),(0.0204105,-0.0190934,-0.0087249),(0.0208413,-0.0225065,-0.0087249),(0.0208254,-0.0225882,-0.0087249),(0.0204105,-0.0190934,-0.0087249),(0.0208254,-0.0225882,-0.0087249),(0.0207778,-0.0226578,-0.0087249),(0.0204105,-0.0190934,-0.0087249),(0.0207778,-0.0226578,-0.0087249),(0.0207082,-0.0227055,-0.0087249),(0.0204105,-0.0190934,-0.0087249),(0.0207082,-0.0227055,-0.0087249),(0.0206264,-0.0227213,-0.0087249),(0.0204105,-0.0190934,-0.0087249),(0.0206264,-0.0227213,-0.0087249),(0.0205444,-0.0227055,-0.0087249),(0.0204105,-0.0190934,-0.0087249),(0.0205444,-0.0227055,-0.0087249),(0.0204740,-0.0226578,-0.0087249),(0.0204105,-0.0190934,-0.0087249),(0.0204740,-0.0226578,-0.0087249),(0.0204264,-0.0225882,-0.0087249),(0.0204105,-0.0190934,-0.0087249),(0.0204264,-0.0225882,-0.0087249),(0.0204105,-0.0225065,-0.0087249),(0.0226973,-0.0188394,-0.0087249),(0.0227943,-0.0187987,-0.0087249),(0.0228923,-0.0187634,-0.0087249),(0.0226973,-0.0188394,-0.0087249),(0.0228923,-0.0187634,-0.0087249),(0.0229913,-0.0187336,-0.0087249),(0.0226973,-0.0188394,-0.0087249),(0.0229913,-0.0187336,-0.0087249),(0.0230912,-0.0187092,-0.0087249),(0.0226973,-0.0188394,-0.0087249),(0.0230912,-0.0187092,-0.0087249),(0.0231921,-0.0186902,-0.0087249),(0.0226973,-0.0188394,-0.0087249),(0.0231921,-0.0186902,-0.0087249),(0.0232940,-0.0186766,-0.0087249),(0.0226973,-0.0188394,-0.0087249),(0.0232940,-0.0186766,-0.0087249),(0.0233968,-0.0186685,-0.0087249),(0.0226973,-0.0188394,-0.0087249),(0.0233968,-0.0186685,-0.0087249),(0.0235006,-0.0186658,-0.0087249),(0.0226973,-0.0188394,-0.0087249),(0.0235006,-0.0186658,-0.0087249),(0.0236363,-0.0186701,-0.0087249),(0.0226973,-0.0188394,-0.0087249),(0.0236363,-0.0186701,-0.0087249),(0.0237696,-0.0186831,-0.0087249),(0.0226973,-0.0188394,-0.0087249),(0.0237696,-0.0186831,-0.0087249),(0.0239003,-0.0187046,-0.0087249),(0.0226973,-0.0188394,-0.0087249),(0.0239003,-0.0187046,-0.0087249),(0.0240284,-0.0187349,-0.0087249),(0.0226973,-0.0188394,-0.0087249),(0.0240284,-0.0187349,-0.0087249),(0.0241540,-0.0187737,-0.0087249),(0.0226973,-0.0188394,-0.0087249),(0.0241540,-0.0187737,-0.0087249),(0.0242770,-0.0188212,-0.0087249),(0.0226973,-0.0188394,-0.0087249),(0.0242770,-0.0188212,-0.0087249),(0.0243975,-0.0188773,-0.0087249),(0.0226973,-0.0188394,-0.0087249),(0.0243975,-0.0188773,-0.0087249),(0.0245155,-0.0189420,-0.0087249),(0.0226973,-0.0188394,-0.0087249),(0.0245155,-0.0189420,-0.0087249),(0.0246291,-0.0190144,-0.0087249),(0.0226973,-0.0188394,-0.0087249),(0.0246291,-0.0190144,-0.0087249),(0.0247364,-0.0190930,-0.0087249),(0.0226973,-0.0188394,-0.0087249),(0.0247364,-0.0190930,-0.0087249),(0.0248376,-0.0191777,-0.0087249),(0.0226973,-0.0188394,-0.0087249),(0.0248376,-0.0191777,-0.0087249),(0.0249325,-0.0192685,-0.0087249),(0.0226973,-0.0188394,-0.0087249),(0.0249325,-0.0192685,-0.0087249),(0.0250212,-0.0193655,-0.0087249),(0.0250212,-0.0193655,-0.0087249),(0.0251037,-0.0194687,-0.0087249),(0.0251799,-0.0195780,-0.0087249),(0.0250212,-0.0193655,-0.0087249),(0.0251799,-0.0195780,-0.0087249),(0.0252500,-0.0196934,-0.0087249),(0.0250212,-0.0193655,-0.0087249),(0.0252500,-0.0196934,-0.0087249),(0.0253130,-0.0198132,-0.0087249),(0.0250212,-0.0193655,-0.0087249),(0.0253130,-0.0198132,-0.0087249),(0.0253676,-0.0199355,-0.0087249),(0.0250212,-0.0193655,-0.0087249),(0.0253676,-0.0199355,-0.0087249),(0.0254138,-0.0200602,-0.0087249),(0.0250212,-0.0193655,-0.0087249),(0.0254138,-0.0200602,-0.0087249),(0.0254516,-0.0201874,-0.0087249),(0.0250212,-0.0193655,-0.0087249),(0.0254516,-0.0201874,-0.0087249),(0.0254810,-0.0203171,-0.0087249),(0.0250212,-0.0193655,-0.0087249),(0.0254810,-0.0203171,-0.0087249),(0.0255020,-0.0204493,-0.0087249),(0.0250212,-0.0193655,-0.0087249),(0.0255020,-0.0204493,-0.0087249),(0.0255146,-0.0205839,-0.0087249),(0.0250212,-0.0193655,-0.0087249),(0.0255146,-0.0205839,-0.0087249),(0.0255188,-0.0207211,-0.0087249),(0.0250212,-0.0193655,-0.0087249),(0.0255188,-0.0207211,-0.0087249),(0.0255146,-0.0208527,-0.0087249),(0.0250212,-0.0193655,-0.0087249),(0.0255146,-0.0208527,-0.0087249),(0.0255020,-0.0209836,-0.0087249),(0.0250212,-0.0193655,-0.0087249),(0.0255020,-0.0209836,-0.0087249),(0.0254810,-0.0211136,-0.0087249),(0.0250212,-0.0193655,-0.0087249),(0.0254810,-0.0211136,-0.0087249),(0.0254516,-0.0212428,-0.0087249),(0.0250212,-0.0193655,-0.0087249),(0.0254516,-0.0212428,-0.0087249),(0.0254138,-0.0213713,-0.0087249),(0.0250212,-0.0193655,-0.0087249),(0.0254138,-0.0213713,-0.0087249),(0.0253676,-0.0214990,-0.0087249),(0.0253676,-0.0214990,-0.0087249),(0.0249758,-0.0213575,-0.0087249),(0.0250124,-0.0212596,-0.0087249),(0.0253676,-0.0214990,-0.0087249),(0.0250124,-0.0212596,-0.0087249),(0.0250423,-0.0211584,-0.0087249),(0.0253676,-0.0214990,-0.0087249),(0.0250423,-0.0211584,-0.0087249),(0.0250655,-0.0210540,-0.0087249),(0.0253676,-0.0214990,-0.0087249),(0.0250655,-0.0210540,-0.0087249),(0.0250822,-0.0209463,-0.0087249),(0.0253676,-0.0214990,-0.0087249),(0.0250822,-0.0209463,-0.0087249),(0.0250921,-0.0208353,-0.0087249),(0.0253676,-0.0214990,-0.0087249),(0.0250921,-0.0208353,-0.0087249),(0.0250955,-0.0207211,-0.0087249),(0.0253676,-0.0214990,-0.0087249),(0.0250955,-0.0207211,-0.0087249),(0.0250921,-0.0206111,-0.0087249),(0.0250212,-0.0193655,-0.0087249),(0.0253676,-0.0214990,-0.0087249),(0.0250921,-0.0206111,-0.0087249),(0.0250212,-0.0193655,-0.0087249),(0.0250921,-0.0206111,-0.0087249),(0.0250820,-0.0205032,-0.0087249),(0.0250212,-0.0193655,-0.0087249),(0.0250820,-0.0205032,-0.0087249),(0.0250652,-0.0203975,-0.0087249),(0.0250212,-0.0193655,-0.0087249),(0.0250652,-0.0203975,-0.0087249),(0.0250417,-0.0202940,-0.0087249),(0.0250212,-0.0193655,-0.0087249),(0.0250417,-0.0202940,-0.0087249),(0.0250115,-0.0201927,-0.0087249),(0.0250212,-0.0193655,-0.0087249),(0.0250115,-0.0201927,-0.0087249),(0.0249746,-0.0200936,-0.0087249),(0.0250212,-0.0193655,-0.0087249),(0.0249746,-0.0200936,-0.0087249),(0.0249310,-0.0199967,-0.0087249),(0.0250212,-0.0193655,-0.0087249),(0.0249310,-0.0199967,-0.0087249),(0.0248806,-0.0199019,-0.0087249),(0.0250212,-0.0193655,-0.0087249),(0.0248806,-0.0199019,-0.0087249),(0.0248248,-0.0198107,-0.0087249),(0.0250212,-0.0193655,-0.0087249),(0.0248248,-0.0198107,-0.0087249),(0.0247641,-0.0197244,-0.0087249),(0.0250212,-0.0193655,-0.0087249),(0.0247641,-0.0197244,-0.0087249),(0.0246987,-0.0196430,-0.0087249),(0.0250212,-0.0193655,-0.0087249),(0.0246987,-0.0196430,-0.0087249),(0.0246285,-0.0195664,-0.0087249),(0.0250212,-0.0193655,-0.0087249),(0.0246285,-0.0195664,-0.0087249),(0.0245534,-0.0194948,-0.0087249),(0.0250212,-0.0193655,-0.0087249),(0.0245534,-0.0194948,-0.0087249),(0.0244736,-0.0194281,-0.0087249),(0.0250212,-0.0193655,-0.0087249),(0.0244736,-0.0194281,-0.0087249),(0.0243890,-0.0193662,-0.0087249),(0.0250212,-0.0193655,-0.0087249),(0.0243890,-0.0193662,-0.0087249),(0.0242996,-0.0193093,-0.0087249),(0.0250212,-0.0193655,-0.0087249),(0.0242996,-0.0193093,-0.0087249),(0.0242070,-0.0192582,-0.0087249),(0.0250212,-0.0193655,-0.0087249),(0.0242070,-0.0192582,-0.0087249),(0.0241123,-0.0192139,-0.0087249),(0.0250212,-0.0193655,-0.0087249),(0.0241123,-0.0192139,-0.0087249),(0.0240156,-0.0191764,-0.0087249),(0.0250212,-0.0193655,-0.0087249),(0.0240156,-0.0191764,-0.0087249),(0.0239167,-0.0191458,-0.0087249),(0.0226973,-0.0188394,-0.0087249),(0.0250212,-0.0193655,-0.0087249),(0.0239167,-0.0191458,-0.0087249),(0.0226973,-0.0188394,-0.0087249),(0.0239167,-0.0191458,-0.0087249),(0.0238158,-0.0191219,-0.0087249),(0.0226973,-0.0188394,-0.0087249),(0.0238158,-0.0191219,-0.0087249),(0.0237128,-0.0191049,-0.0087249),(0.0226973,-0.0188394,-0.0087249),(0.0237128,-0.0191049,-0.0087249),(0.0236077,-0.0190947,-0.0087249),(0.0226973,-0.0188394,-0.0087249),(0.0236077,-0.0190947,-0.0087249),(0.0235006,-0.0190913,-0.0087249),(0.0226973,-0.0188394,-0.0087249),(0.0235006,-0.0190913,-0.0087249),(0.0233470,-0.0190983,-0.0087249),(0.0226973,-0.0188394,-0.0087249),(0.0233470,-0.0190983,-0.0087249),(0.0231973,-0.0191196,-0.0087249),(0.0226973,-0.0188394,-0.0087249),(0.0231973,-0.0191196,-0.0087249),(0.0230517,-0.0191550,-0.0087249),(0.0226973,-0.0188394,-0.0087249),(0.0230517,-0.0191550,-0.0087249),(0.0229100,-0.0192045,-0.0087249),(0.0226973,-0.0188394,-0.0087249),(0.0229100,-0.0192045,-0.0087249),(0.0245070,-0.0219879,-0.0087249),(0.0221364,-0.0178646,-0.0087249),(0.0226973,-0.0188394,-0.0087249),(0.0245070,-0.0219879,-0.0087249),(0.0249326,-0.0214521,-0.0087249),(0.0249758,-0.0213575,-0.0087249),(0.0253676,-0.0214990,-0.0087249),(0.0248827,-0.0215434,-0.0087249),(0.0249326,-0.0214521,-0.0087249),(0.0253676,-0.0214990,-0.0087249),(0.0248148,-0.0216474,-0.0087249),(0.0248827,-0.0215434,-0.0087249),(0.0253676,-0.0214990,-0.0087249),(0.0247295,-0.0217561,-0.0087249),(0.0248148,-0.0216474,-0.0087249),(0.0253676,-0.0214990,-0.0087249),(0.0246804,-0.0218123,-0.0087249),(0.0247295,-0.0217561,-0.0087249),(0.0253676,-0.0214990,-0.0087249),(0.0246269,-0.0218696,-0.0087249),(0.0246804,-0.0218123,-0.0087249),(0.0253676,-0.0214990,-0.0087249),(0.0245692,-0.0219282,-0.0087249),(0.0246269,-0.0218696,-0.0087249),(0.0253676,-0.0214990,-0.0087249),(0.0245070,-0.0219879,-0.0087249),(0.0245692,-0.0219282,-0.0087249),(0.0253676,-0.0214990,-0.0087249),(0.0245070,-0.0219879,-0.0087249),(0.0253676,-0.0214990,-0.0087249),(0.0253130,-0.0216258,-0.0087249),(0.0245070,-0.0219879,-0.0087249),(0.0253130,-0.0216258,-0.0087249),(0.0252500,-0.0217519,-0.0087249),(0.0245070,-0.0219879,-0.0087249),(0.0252500,-0.0217519,-0.0087249),(0.0251998,-0.0218386,-0.0087249),(0.0245070,-0.0219879,-0.0087249),(0.0251998,-0.0218386,-0.0087249),(0.0251450,-0.0219220,-0.0087249),(0.0245070,-0.0219879,-0.0087249),(0.0251450,-0.0219220,-0.0087249),(0.0250856,-0.0220021,-0.0087249),(0.0245070,-0.0219879,-0.0087249),(0.0250856,-0.0220021,-0.0087249),(0.0250216,-0.0220789,-0.0087249),(0.0245070,-0.0219879,-0.0087249),(0.0250216,-0.0220789,-0.0087249),(0.0249531,-0.0221524,-0.0087249),(0.0245070,-0.0219879,-0.0087249),(0.0249531,-0.0221524,-0.0087249),(0.0248799,-0.0222226,-0.0087249),(0.0245070,-0.0219879,-0.0087249),(0.0248799,-0.0222226,-0.0087249),(0.0248021,-0.0222895,-0.0087249),(0.0245070,-0.0219879,-0.0087249),(0.0248021,-0.0222895,-0.0087249),(0.0247198,-0.0223530,-0.0087249),(0.0245070,-0.0219879,-0.0087249),(0.0247198,-0.0223530,-0.0087249),(0.0252616,-0.0233055,-0.0087249),(0.0221364,-0.0178646,-0.0087249),(0.0245070,-0.0219879,-0.0087249),(0.0252616,-0.0233055,-0.0087249),(0.0221364,-0.0178646,-0.0087249),(0.0252616,-0.0233055,-0.0087249),(0.0252902,-0.0234093,-0.0087249),(0.0221364,-0.0178646,-0.0087249),(0.0252902,-0.0234093,-0.0087249),(0.0252828,-0.0234696,-0.0087249),(0.0221364,-0.0178646,-0.0087249),(0.0252828,-0.0234696,-0.0087249),(0.0252442,-0.0235447,-0.0087249),(0.0221364,-0.0178646,-0.0087249),(0.0252442,-0.0235447,-0.0087249),(0.0251791,-0.0235987,-0.0087249),(0.0221364,-0.0178646,-0.0087249),(0.0251791,-0.0235987,-0.0087249),(0.0250764,-0.0236294,-0.0087249),(0.0221364,-0.0178646,-0.0087249),(0.0250764,-0.0236294,-0.0087249),(0.0250161,-0.0236220,-0.0087249),(0.0221364,-0.0178646,-0.0087249),(0.0250161,-0.0236220,-0.0087249),(0.0249404,-0.0235833,-0.0087249),(0.0221364,-0.0178646,-0.0087249),(0.0249404,-0.0235833,-0.0087249),(0.0248849,-0.0235183,-0.0087249),(0.0221364,-0.0178646,-0.0087249),(0.0248849,-0.0235183,-0.0087249),(0.0243493,-0.0225901,-0.0087249),(0.0243493,-0.0225901,-0.0087249),(0.0242487,-0.0226345,-0.0087249),(0.0241448,-0.0226730,-0.0087249),(0.0243493,-0.0225901,-0.0087249),(0.0241448,-0.0226730,-0.0087249),(0.0240376,-0.0227055,-0.0087249),(0.0243493,-0.0225901,-0.0087249),(0.0240376,-0.0227055,-0.0087249),(0.0239271,-0.0227322,-0.0087249),(0.0243493,-0.0225901,-0.0087249),(0.0239271,-0.0227322,-0.0087249),(0.0238132,-0.0227529,-0.0087249),(0.0243493,-0.0225901,-0.0087249),(0.0238132,-0.0227529,-0.0087249),(0.0236961,-0.0227677,-0.0087249),(0.0243493,-0.0225901,-0.0087249),(0.0236961,-0.0227677,-0.0087249),(0.0235756,-0.0227766,-0.0087249),(0.0243493,-0.0225901,-0.0087249),(0.0235756,-0.0227766,-0.0087249),(0.0234519,-0.0227795,-0.0087249),(0.0243493,-0.0225901,-0.0087249),(0.0234519,-0.0227795,-0.0087249),(0.0233273,-0.0227752,-0.0087249),(0.0243493,-0.0225901,-0.0087249),(0.0233273,-0.0227752,-0.0087249),(0.0232038,-0.0227622,-0.0087249),(0.0243493,-0.0225901,-0.0087249),(0.0232038,-0.0227622,-0.0087249),(0.0230813,-0.0227406,-0.0087249),(0.0243493,-0.0225901,-0.0087249),(0.0230813,-0.0227406,-0.0087249),(0.0229600,-0.0227102,-0.0087249),(0.0243493,-0.0225901,-0.0087249),(0.0229600,-0.0227102,-0.0087249),(0.0228398,-0.0226712,-0.0087249),(0.0243493,-0.0225901,-0.0087249),(0.0228398,-0.0226712,-0.0087249),(0.0227206,-0.0226236,-0.0087249),(0.0243493,-0.0225901,-0.0087249),(0.0227206,-0.0226236,-0.0087249),(0.0226026,-0.0225672,-0.0087249),(0.0243493,-0.0225901,-0.0087249),(0.0226026,-0.0225672,-0.0087249),(0.0224856,-0.0225023,-0.0087249),(0.0243493,-0.0225901,-0.0087249),(0.0224856,-0.0225023,-0.0087249),(0.0223725,-0.0224301,-0.0087249),(0.0243493,-0.0225901,-0.0087249),(0.0223725,-0.0224301,-0.0087249),(0.0222655,-0.0223517,-0.0087249),(0.0243493,-0.0225901,-0.0087249),(0.0222655,-0.0223517,-0.0087249),(0.0221645,-0.0222671,-0.0087249),(0.0243493,-0.0225901,-0.0087249),(0.0221645,-0.0222671,-0.0087249),(0.0220697,-0.0221763,-0.0087249),(0.0243493,-0.0225901,-0.0087249),(0.0220697,-0.0221763,-0.0087249),(0.0219809,-0.0220793,-0.0087249),(0.0219809,-0.0220793,-0.0087249),(0.0218982,-0.0219760,-0.0087249),(0.0218216,-0.0218665,-0.0087249),(0.0219809,-0.0220793,-0.0087249),(0.0218216,-0.0218665,-0.0087249),(0.0217511,-0.0217508,-0.0087249),(0.0219809,-0.0220793,-0.0087249),(0.0217511,-0.0217508,-0.0087249),(0.0216879,-0.0216310,-0.0087249),(0.0219809,-0.0220793,-0.0087249),(0.0216879,-0.0216310,-0.0087249),(0.0216331,-0.0215087,-0.0087249),(0.0219809,-0.0220793,-0.0087249),(0.0216331,-0.0215087,-0.0087249),(0.0215867,-0.0213838,-0.0087249),(0.0219809,-0.0220793,-0.0087249),(0.0215867,-0.0213838,-0.0087249),(0.0215487,-0.0212563,-0.0087249),(0.0219809,-0.0220793,-0.0087249),(0.0215487,-0.0212563,-0.0087249),(0.0215192,-0.0211263,-0.0087249),(0.0219809,-0.0220793,-0.0087249),(0.0215192,-0.0211263,-0.0087249),(0.0214981,-0.0209938,-0.0087249),(0.0219809,-0.0220793,-0.0087249),(0.0214981,-0.0209938,-0.0087249),(0.0214855,-0.0208587,-0.0087249),(0.0219809,-0.0220793,-0.0087249),(0.0214855,-0.0208587,-0.0087249),(0.0214813,-0.0207211,-0.0087249),(0.0219809,-0.0220793,-0.0087249),(0.0214813,-0.0207211,-0.0087249),(0.0214855,-0.0205830,-0.0087249),(0.0219809,-0.0220793,-0.0087249),(0.0214855,-0.0205830,-0.0087249),(0.0214981,-0.0204477,-0.0087249),(0.0219809,-0.0220793,-0.0087249),(0.0214981,-0.0204477,-0.0087249),(0.0215191,-0.0203151,-0.0087249),(0.0219809,-0.0220793,-0.0087249),(0.0215191,-0.0203151,-0.0087249),(0.0215485,-0.0201853,-0.0087249),(0.0219809,-0.0220793,-0.0087249),(0.0215485,-0.0201853,-0.0087249),(0.0215863,-0.0200582,-0.0087249),(0.0219809,-0.0220793,-0.0087249),(0.0215863,-0.0200582,-0.0087249),(0.0216325,-0.0199339,-0.0087249),(0.0219809,-0.0220793,-0.0087249),(0.0216325,-0.0199339,-0.0087249),(0.0216871,-0.0198123,-0.0087249),(0.0219809,-0.0220793,-0.0087249),(0.0216871,-0.0198123,-0.0087249),(0.0217501,-0.0196934,-0.0087249),(0.0217501,-0.0196934,-0.0087249),(0.0221184,-0.0199019,-0.0087249),(0.0220690,-0.0199967,-0.0087249),(0.0217501,-0.0196934,-0.0087249),(0.0220690,-0.0199967,-0.0087249),(0.0220262,-0.0200936,-0.0087249),(0.0217501,-0.0196934,-0.0087249),(0.0220262,-0.0200936,-0.0087249),(0.0219900,-0.0201926,-0.0087249),(0.0217501,-0.0196934,-0.0087249),(0.0219900,-0.0201926,-0.0087249),(0.0219604,-0.0202938,-0.0087249),(0.0217501,-0.0196934,-0.0087249),(0.0219604,-0.0202938,-0.0087249),(0.0219374,-0.0203971,-0.0087249),(0.0217501,-0.0196934,-0.0087249),(0.0219374,-0.0203971,-0.0087249),(0.0219209,-0.0205026,-0.0087249),(0.0217501,-0.0196934,-0.0087249),(0.0219209,-0.0205026,-0.0087249),(0.0219111,-0.0206102,-0.0087249),(0.0217501,-0.0196934,-0.0087249),(0.0219111,-0.0206102,-0.0087249),(0.0219078,-0.0207200,-0.0087249),(0.0217501,-0.0196934,-0.0087249),(0.0219078,-0.0207200,-0.0087249),(0.0219111,-0.0208298,-0.0087249),(0.0219809,-0.0220793,-0.0087249),(0.0217501,-0.0196934,-0.0087249),(0.0219111,-0.0208298,-0.0087249),(0.0219809,-0.0220793,-0.0087249),(0.0219111,-0.0208298,-0.0087249),(0.0219211,-0.0209376,-0.0087249),(0.0219809,-0.0220793,-0.0087249),(0.0219211,-0.0209376,-0.0087249),(0.0219378,-0.0210432,-0.0087249),(0.0219809,-0.0220793,-0.0087249),(0.0219378,-0.0210432,-0.0087249),(0.0219612,-0.0211468,-0.0087249),(0.0219809,-0.0220793,-0.0087249),(0.0219612,-0.0211468,-0.0087249),(0.0219913,-0.0212483,-0.0087249),(0.0219809,-0.0220793,-0.0087249),(0.0219913,-0.0212483,-0.0087249),(0.0220280,-0.0213477,-0.0087249),(0.0219809,-0.0220793,-0.0087249),(0.0220280,-0.0213477,-0.0087249),(0.0220714,-0.0214450,-0.0087249),(0.0219809,-0.0220793,-0.0087249),(0.0220714,-0.0214450,-0.0087249),(0.0221215,-0.0215402,-0.0087249),(0.0219809,-0.0220793,-0.0087249),(0.0221215,-0.0215402,-0.0087249),(0.0221774,-0.0216322,-0.0087249),(0.0219809,-0.0220793,-0.0087249),(0.0221774,-0.0216322,-0.0087249),(0.0222380,-0.0217191,-0.0087249),(0.0219809,-0.0220793,-0.0087249),(0.0222380,-0.0217191,-0.0087249),(0.0223035,-0.0218010,-0.0087249),(0.0219809,-0.0220793,-0.0087249),(0.0223035,-0.0218010,-0.0087249),(0.0223737,-0.0218778,-0.0087249),(0.0219809,-0.0220793,-0.0087249),(0.0223737,-0.0218778,-0.0087249),(0.0224487,-0.0219497,-0.0087249),(0.0219809,-0.0220793,-0.0087249),(0.0224487,-0.0219497,-0.0087249),(0.0225285,-0.0220165,-0.0087249),(0.0219809,-0.0220793,-0.0087249),(0.0225285,-0.0220165,-0.0087249),(0.0226132,-0.0220783,-0.0087249),(0.0219809,-0.0220793,-0.0087249),(0.0226132,-0.0220783,-0.0087249),(0.0227026,-0.0221350,-0.0087249),(0.0219809,-0.0220793,-0.0087249),(0.0227026,-0.0221350,-0.0087249),(0.0227946,-0.0221861,-0.0087249),(0.0219809,-0.0220793,-0.0087249),(0.0227946,-0.0221861,-0.0087249),(0.0228872,-0.0222304,-0.0087249),(0.0219809,-0.0220793,-0.0087249),(0.0228872,-0.0222304,-0.0087249),(0.0229804,-0.0222679,-0.0087249),(0.0219809,-0.0220793,-0.0087249),(0.0229804,-0.0222679,-0.0087249),(0.0230740,-0.0222985,-0.0087249),(0.0219809,-0.0220793,-0.0087249),(0.0230740,-0.0222985,-0.0087249),(0.0231682,-0.0223224,-0.0087249),(0.0243493,-0.0225901,-0.0087249),(0.0219809,-0.0220793,-0.0087249),(0.0231682,-0.0223224,-0.0087249),(0.0243493,-0.0225901,-0.0087249),(0.0231682,-0.0223224,-0.0087249),(0.0232630,-0.0223394,-0.0087249),(0.0243493,-0.0225901,-0.0087249),(0.0232630,-0.0223394,-0.0087249),(0.0233582,-0.0223496,-0.0087249),(0.0243493,-0.0225901,-0.0087249),(0.0233582,-0.0223496,-0.0087249),(0.0234540,-0.0223530,-0.0087249),(0.0243493,-0.0225901,-0.0087249),(0.0234540,-0.0223530,-0.0087249),(0.0234603,-0.0223530,-0.0087249),(0.0243493,-0.0225901,-0.0087249),(0.0234603,-0.0223530,-0.0087249),(0.0235540,-0.0223510,-0.0087249),(0.0243493,-0.0225901,-0.0087249),(0.0235540,-0.0223510,-0.0087249),(0.0236452,-0.0223447,-0.0087249),(0.0243493,-0.0225901,-0.0087249),(0.0236452,-0.0223447,-0.0087249),(0.0237338,-0.0223343,-0.0087249),(0.0243493,-0.0225901,-0.0087249),(0.0237338,-0.0223343,-0.0087249),(0.0238199,-0.0223197,-0.0087249),(0.0243493,-0.0225901,-0.0087249),(0.0238199,-0.0223197,-0.0087249),(0.0239034,-0.0223009,-0.0087249),(0.0243493,-0.0225901,-0.0087249),(0.0239034,-0.0223009,-0.0087249),(0.0239844,-0.0222780,-0.0087249),(0.0243493,-0.0225901,-0.0087249),(0.0239844,-0.0222780,-0.0087249),(0.0240628,-0.0222509,-0.0087249),(0.0243493,-0.0225901,-0.0087249),(0.0240628,-0.0222509,-0.0087249),(0.0241387,-0.0222197,-0.0087249),(0.0221364,-0.0178646,-0.0087249),(0.0243493,-0.0225901,-0.0087249),(0.0241387,-0.0222197,-0.0087249),(0.0221364,-0.0178646,-0.0087249),(0.0241387,-0.0222197,-0.0087249),(0.0225343,-0.0194246,-0.0087249),(0.0221364,-0.0178646,-0.0087249),(0.0225343,-0.0194246,-0.0087249),(0.0224138,-0.0195275,-0.0087249),(0.0221608,-0.0198327,-0.0087249),(0.0221184,-0.0199019,-0.0087249),(0.0217501,-0.0196934,-0.0087249),(0.0222059,-0.0197661,-0.0087249),(0.0221608,-0.0198327,-0.0087249),(0.0217501,-0.0196934,-0.0087249),(0.0223044,-0.0196413,-0.0087249),(0.0222059,-0.0197661,-0.0087249),(0.0217501,-0.0196934,-0.0087249),(0.0224138,-0.0195275,-0.0087249),(0.0223044,-0.0196413,-0.0087249),(0.0217501,-0.0196934,-0.0087249),(0.0224138,-0.0195275,-0.0087249),(0.0217501,-0.0196934,-0.0087249),(0.0218080,-0.0195984,-0.0087249),(0.0224138,-0.0195275,-0.0087249),(0.0218080,-0.0195984,-0.0087249),(0.0218697,-0.0195074,-0.0087249),(0.0224138,-0.0195275,-0.0087249),(0.0218697,-0.0195074,-0.0087249),(0.0219350,-0.0194206,-0.0087249),(0.0224138,-0.0195275,-0.0087249),(0.0219350,-0.0194206,-0.0087249),(0.0220041,-0.0193378,-0.0087249),(0.0224138,-0.0195275,-0.0087249),(0.0220041,-0.0193378,-0.0087249),(0.0220768,-0.0192592,-0.0087249),(0.0224138,-0.0195275,-0.0087249),(0.0220768,-0.0192592,-0.0087249),(0.0221533,-0.0191846,-0.0087249),(0.0224138,-0.0195275,-0.0087249),(0.0221533,-0.0191846,-0.0087249),(0.0222335,-0.0191142,-0.0087249),(0.0224138,-0.0195275,-0.0087249),(0.0222335,-0.0191142,-0.0087249),(0.0223173,-0.0190479,-0.0087249),(0.0221364,-0.0178646,-0.0087249),(0.0224138,-0.0195275,-0.0087249),(0.0223173,-0.0190479,-0.0087249),(0.0221364,-0.0178646,-0.0087249),(0.0223173,-0.0190479,-0.0087249),(0.0217617,-0.0180774,-0.0087249),(0.0221364,-0.0178646,-0.0087249),(0.0217617,-0.0180774,-0.0087249),(0.0217342,-0.0179758,-0.0087249),(0.0221364,-0.0178646,-0.0087249),(0.0217342,-0.0179758,-0.0087249),(0.0217405,-0.0179154,-0.0087249),(0.0221364,-0.0178646,-0.0087249),(0.0217405,-0.0179154,-0.0087249),(0.0217797,-0.0178384,-0.0087249),(0.0221364,-0.0178646,-0.0087249),(0.0217797,-0.0178384,-0.0087249),(0.0218421,-0.0177832,-0.0087249),(0.0221364,-0.0178646,-0.0087249),(0.0218421,-0.0177832,-0.0087249),(0.0219469,-0.0177556,-0.0087249),(0.0221364,-0.0178646,-0.0087249),(0.0219469,-0.0177556,-0.0087249),(0.0220072,-0.0177630,-0.0087249),(0.0221364,-0.0178646,-0.0087249),(0.0220072,-0.0177630,-0.0087249),(0.0220797,-0.0177985,-0.0087249),(0.0276884,-0.0203877,-0.0087249),(0.0272830,-0.0203877,-0.0087249),(0.0265930,-0.0203740,-0.0087249),(0.0279307,-0.0203877,-0.0087249),(0.0276884,-0.0203877,-0.0087249),(0.0265930,-0.0203740,-0.0087249),(0.0272830,-0.0217233,-0.0087249),(0.0272830,-0.0203877,-0.0087249),(0.0276884,-0.0203877,-0.0087249),(0.0272830,-0.0217233,-0.0087249),(0.0276884,-0.0203877,-0.0087249),(0.0276884,-0.0225753,-0.0087249),(0.0265930,-0.0203740,-0.0087249),(0.0272830,-0.0217233,-0.0087249),(0.0276884,-0.0225753,-0.0087249),(0.0265930,-0.0203740,-0.0087249),(0.0276884,-0.0225753,-0.0087249),(0.0276786,-0.0226502,-0.0087249),(0.0265930,-0.0203740,-0.0087249),(0.0276786,-0.0226502,-0.0087249),(0.0276492,-0.0227076,-0.0087249),(0.0265930,-0.0203740,-0.0087249),(0.0276492,-0.0227076,-0.0087249),(0.0275402,-0.0227817,-0.0087249),(0.0265930,-0.0203740,-0.0087249),(0.0275402,-0.0227817,-0.0087249),(0.0274799,-0.0227891,-0.0087249),(0.0265930,-0.0203740,-0.0087249),(0.0274799,-0.0227891,-0.0087249),(0.0274037,-0.0227795,-0.0087249),(0.0265930,-0.0203740,-0.0087249),(0.0274037,-0.0227795,-0.0087249),(0.0272968,-0.0226959,-0.0087249),(0.0265930,-0.0203740,-0.0087249),(0.0272968,-0.0226959,-0.0087249),(0.0260194,-0.0202766,-0.0087249),(0.0279307,-0.0203877,-0.0087249),(0.0265930,-0.0203740,-0.0087249),(0.0260194,-0.0202766,-0.0087249),(0.0279307,-0.0203877,-0.0087249),(0.0260194,-0.0202766,-0.0087249),(0.0259845,-0.0201496,-0.0087249),(0.0279307,-0.0203877,-0.0087249),(0.0259845,-0.0201496,-0.0087249),(0.0260099,-0.0200617,-0.0087249),(0.0279307,-0.0203877,-0.0087249),(0.0260099,-0.0200617,-0.0087249),(0.0260869,-0.0199871,-0.0087249),(0.0279307,-0.0203877,-0.0087249),(0.0260869,-0.0199871,-0.0087249),(0.0261972,-0.0199623,-0.0087249),(0.0279307,-0.0203877,-0.0087249),(0.0261972,-0.0199623,-0.0087249),(0.0272619,-0.0199623,-0.0087249),(0.0272619,-0.0199623,-0.0087249),(0.0272619,-0.0189505,-0.0087249),(0.0272775,-0.0188671,-0.0087249),(0.0272619,-0.0199623,-0.0087249),(0.0272775,-0.0188671,-0.0087249),(0.0273243,-0.0187992,-0.0087249),(0.0272619,-0.0199623,-0.0087249),(0.0273243,-0.0187992,-0.0087249),(0.0273931,-0.0187531,-0.0087249),(0.0272619,-0.0199623,-0.0087249),(0.0273931,-0.0187531,-0.0087249),(0.0274746,-0.0187378,-0.0087249),(0.0272619,-0.0199623,-0.0087249),(0.0274746,-0.0187378,-0.0087249),(0.0275569,-0.0187531,-0.0087249),(0.0272619,-0.0199623,-0.0087249),(0.0275569,-0.0187531,-0.0087249),(0.0276259,-0.0187992,-0.0087249),(0.0272619,-0.0199623,-0.0087249),(0.0276259,-0.0187992,-0.0087249),(0.0276728,-0.0188671,-0.0087249),(0.0272619,-0.0199623,-0.0087249),(0.0276728,-0.0188671,-0.0087249),(0.0276884,-0.0189505,-0.0087249),(0.0272619,-0.0199623,-0.0087249),(0.0276884,-0.0189505,-0.0087249),(0.0276884,-0.0199623,-0.0087249),(0.0279307,-0.0203877,-0.0087249),(0.0272619,-0.0199623,-0.0087249),(0.0276884,-0.0199623,-0.0087249),(0.0279307,-0.0203877,-0.0087249),(0.0276884,-0.0199623,-0.0087249),(0.0279307,-0.0199623,-0.0087249),(0.0279307,-0.0203877,-0.0087249),(0.0279307,-0.0199623,-0.0087249),(0.0280143,-0.0199779,-0.0087249),(0.0279307,-0.0203877,-0.0087249),(0.0280143,-0.0199779,-0.0087249),(0.0280831,-0.0200247,-0.0087249),(0.0279307,-0.0203877,-0.0087249),(0.0280831,-0.0200247,-0.0087249),(0.0281292,-0.0200935,-0.0087249),(0.0279307,-0.0203877,-0.0087249),(0.0281292,-0.0200935,-0.0087249),(0.0281445,-0.0201750,-0.0087249),(0.0279307,-0.0203877,-0.0087249),(0.0281445,-0.0201750,-0.0087249),(0.0281292,-0.0202565,-0.0087249),(0.0279307,-0.0203877,-0.0087249),(0.0281292,-0.0202565,-0.0087249),(0.0280831,-0.0203253,-0.0087249),(0.0279307,-0.0203877,-0.0087249),(0.0280831,-0.0203253,-0.0087249),(0.0280143,-0.0203721,-0.0087249),(0.0312782,-0.0203877,-0.0087249),(0.0308729,-0.0203877,-0.0087249),(0.0301829,-0.0203740,-0.0087249),(0.0315206,-0.0203877,-0.0087249),(0.0312782,-0.0203877,-0.0087249),(0.0301829,-0.0203740,-0.0087249),(0.0308729,-0.0217233,-0.0087249),(0.0308729,-0.0203877,-0.0087249),(0.0312782,-0.0203877,-0.0087249),(0.0308729,-0.0217233,-0.0087249),(0.0312782,-0.0203877,-0.0087249),(0.0312782,-0.0225753,-0.0087249),(0.0301829,-0.0203740,-0.0087249),(0.0308729,-0.0217233,-0.0087249),(0.0312782,-0.0225753,-0.0087249),(0.0301829,-0.0203740,-0.0087249),(0.0312782,-0.0225753,-0.0087249),(0.0312685,-0.0226502,-0.0087249),(0.0301829,-0.0203740,-0.0087249),(0.0312685,-0.0226502,-0.0087249),(0.0312391,-0.0227076,-0.0087249),(0.0301829,-0.0203740,-0.0087249),(0.0312391,-0.0227076,-0.0087249),(0.0311301,-0.0227817,-0.0087249),(0.0301829,-0.0203740,-0.0087249),(0.0311301,-0.0227817,-0.0087249),(0.0310698,-0.0227891,-0.0087249),(0.0301829,-0.0203740,-0.0087249),(0.0310698,-0.0227891,-0.0087249),(0.0309936,-0.0227795,-0.0087249),(0.0301829,-0.0203740,-0.0087249),(0.0309936,-0.0227795,-0.0087249),(0.0308867,-0.0226959,-0.0087249),(0.0301829,-0.0203740,-0.0087249),(0.0308867,-0.0226959,-0.0087249),(0.0296093,-0.0202766,-0.0087249),(0.0315206,-0.0203877,-0.0087249),(0.0301829,-0.0203740,-0.0087249),(0.0296093,-0.0202766,-0.0087249),(0.0315206,-0.0203877,-0.0087249),(0.0296093,-0.0202766,-0.0087249),(0.0295743,-0.0201496,-0.0087249),(0.0315206,-0.0203877,-0.0087249),(0.0295743,-0.0201496,-0.0087249),(0.0295997,-0.0200617,-0.0087249),(0.0315206,-0.0203877,-0.0087249),(0.0295997,-0.0200617,-0.0087249),(0.0296767,-0.0199871,-0.0087249),(0.0315206,-0.0203877,-0.0087249),(0.0296767,-0.0199871,-0.0087249),(0.0297871,-0.0199623,-0.0087249),(0.0315206,-0.0203877,-0.0087249),(0.0297871,-0.0199623,-0.0087249),(0.0308517,-0.0199623,-0.0087249),(0.0308517,-0.0199623,-0.0087249),(0.0308517,-0.0189505,-0.0087249),(0.0308673,-0.0188671,-0.0087249),(0.0308517,-0.0199623,-0.0087249),(0.0308673,-0.0188671,-0.0087249),(0.0309142,-0.0187992,-0.0087249),(0.0308517,-0.0199623,-0.0087249),(0.0309142,-0.0187992,-0.0087249),(0.0309830,-0.0187531,-0.0087249),(0.0308517,-0.0199623,-0.0087249),(0.0309830,-0.0187531,-0.0087249),(0.0310645,-0.0187378,-0.0087249),(0.0308517,-0.0199623,-0.0087249),(0.0310645,-0.0187378,-0.0087249),(0.0311467,-0.0187531,-0.0087249),(0.0308517,-0.0199623,-0.0087249),(0.0311467,-0.0187531,-0.0087249),(0.0312158,-0.0187992,-0.0087249),(0.0308517,-0.0199623,-0.0087249),(0.0312158,-0.0187992,-0.0087249),(0.0312626,-0.0188671,-0.0087249),(0.0308517,-0.0199623,-0.0087249),(0.0312626,-0.0188671,-0.0087249),(0.0312782,-0.0189505,-0.0087249),(0.0308517,-0.0199623,-0.0087249),(0.0312782,-0.0189505,-0.0087249),(0.0312782,-0.0199623,-0.0087249),(0.0315206,-0.0203877,-0.0087249),(0.0308517,-0.0199623,-0.0087249),(0.0312782,-0.0199623,-0.0087249),(0.0315206,-0.0203877,-0.0087249),(0.0312782,-0.0199623,-0.0087249),(0.0315206,-0.0199623,-0.0087249),(0.0315206,-0.0203877,-0.0087249),(0.0315206,-0.0199623,-0.0087249),(0.0316042,-0.0199779,-0.0087249),(0.0315206,-0.0203877,-0.0087249),(0.0316042,-0.0199779,-0.0087249),(0.0316730,-0.0200247,-0.0087249),(0.0315206,-0.0203877,-0.0087249),(0.0316730,-0.0200247,-0.0087249),(0.0317190,-0.0200935,-0.0087249),(0.0315206,-0.0203877,-0.0087249),(0.0317190,-0.0200935,-0.0087249),(0.0317344,-0.0201750,-0.0087249),(0.0315206,-0.0203877,-0.0087249),(0.0317344,-0.0201750,-0.0087249),(0.0317190,-0.0202565,-0.0087249),(0.0315206,-0.0203877,-0.0087249),(0.0317190,-0.0202565,-0.0087249),(0.0316730,-0.0203253,-0.0087249),(0.0315206,-0.0203877,-0.0087249),(0.0316730,-0.0203253,-0.0087249),(0.0316042,-0.0203721,-0.0087249),(0.0285626,-0.0187534,-0.0087249),(0.0286356,-0.0186468,-0.0087249),(0.0287422,-0.0185737,-0.0087249),(0.0285626,-0.0187534,-0.0087249),(0.0287422,-0.0185737,-0.0087249),(0.0288674,-0.0185494,-0.0087249),(0.0285626,-0.0187534,-0.0087249),(0.0288674,-0.0185494,-0.0087249),(0.0289922,-0.0185737,-0.0087249),(0.0285626,-0.0187534,-0.0087249),(0.0289922,-0.0185737,-0.0087249),(0.0290981,-0.0186468,-0.0087249),(0.0285626,-0.0187534,-0.0087249),(0.0290981,-0.0186468,-0.0087249),(0.0291711,-0.0187534,-0.0087249),(0.0285626,-0.0187534,-0.0087249),(0.0291711,-0.0187534,-0.0087249),(0.0291954,-0.0188785,-0.0087249),(0.0285626,-0.0187534,-0.0087249),(0.0291954,-0.0188785,-0.0087249),(0.0291711,-0.0190037,-0.0087249),(0.0285626,-0.0187534,-0.0087249),(0.0291711,-0.0190037,-0.0087249),(0.0290981,-0.0191103,-0.0087249),(0.0285626,-0.0187534,-0.0087249),(0.0290981,-0.0191103,-0.0087249),(0.0289922,-0.0191833,-0.0087249),(0.0285626,-0.0187534,-0.0087249),(0.0289922,-0.0191833,-0.0087249),(0.0288674,-0.0192077,-0.0087249),(0.0285626,-0.0187534,-0.0087249),(0.0288674,-0.0192077,-0.0087249),(0.0287422,-0.0191833,-0.0087249),(0.0285626,-0.0187534,-0.0087249),(0.0287422,-0.0191833,-0.0087249),(0.0286356,-0.0191103,-0.0087249),(0.0285626,-0.0187534,-0.0087249),(0.0286356,-0.0191103,-0.0087249),(0.0285626,-0.0190037,-0.0087249),(0.0285626,-0.0187534,-0.0087249),(0.0285626,-0.0190037,-0.0087249),(0.0285382,-0.0188785,-0.0087249),(0.0354673,-0.0188235,-0.0087249),(0.0355668,-0.0187145,-0.0087249),(0.0356800,-0.0186870,-0.0087249),(0.0354673,-0.0188235,-0.0087249),(0.0356800,-0.0186870,-0.0087249),(0.0357811,-0.0187124,-0.0087249),(0.0354673,-0.0188235,-0.0087249),(0.0357811,-0.0187124,-0.0087249),(0.0358578,-0.0187886,-0.0087249),(0.0354673,-0.0188235,-0.0087249),(0.0358578,-0.0187886,-0.0087249),(0.0358652,-0.0187949,-0.0087249),(0.0354673,-0.0188235,-0.0087249),(0.0358652,-0.0187949,-0.0087249),(0.0371109,-0.0209624,-0.0087249),(0.0354673,-0.0188235,-0.0087249),(0.0371109,-0.0209624,-0.0087249),(0.0371384,-0.0210693,-0.0087249),(0.0354673,-0.0188235,-0.0087249),(0.0371384,-0.0210693,-0.0087249),(0.0371106,-0.0211785,-0.0087249),(0.0354673,-0.0188235,-0.0087249),(0.0371106,-0.0211785,-0.0087249),(0.0370273,-0.0212566,-0.0087249),(0.0354673,-0.0188235,-0.0087249),(0.0370273,-0.0212566,-0.0087249),(0.0369204,-0.0212862,-0.0087249),(0.0354673,-0.0188235,-0.0087249),(0.0369204,-0.0212862,-0.0087249),(0.0368117,-0.0212585,-0.0087249),(0.0354673,-0.0188235,-0.0087249),(0.0368117,-0.0212585,-0.0087249),(0.0367352,-0.0211751,-0.0087249),(0.0354673,-0.0188235,-0.0087249),(0.0367352,-0.0211751,-0.0087249),(0.0358928,-0.0197093,-0.0087249),(0.0354673,-0.0188235,-0.0087249),(0.0358928,-0.0197093,-0.0087249),(0.0358928,-0.0223171,-0.0087249),(0.0358928,-0.0223171,-0.0087249),(0.0374792,-0.0223171,-0.0087249),(0.0375641,-0.0223329,-0.0087249),(0.0358928,-0.0223171,-0.0087249),(0.0375641,-0.0223329,-0.0087249),(0.0376348,-0.0223806,-0.0087249),(0.0358928,-0.0223171,-0.0087249),(0.0376348,-0.0223806,-0.0087249),(0.0376824,-0.0224501,-0.0087249),(0.0358928,-0.0223171,-0.0087249),(0.0376824,-0.0224501,-0.0087249),(0.0376983,-0.0225319,-0.0087249),(0.0358928,-0.0223171,-0.0087249),(0.0376983,-0.0225319,-0.0087249),(0.0376824,-0.0226139,-0.0087249),(0.0358928,-0.0223171,-0.0087249),(0.0376824,-0.0226139,-0.0087249),(0.0376348,-0.0226843,-0.0087249),(0.0358928,-0.0223171,-0.0087249),(0.0376348,-0.0226843,-0.0087249),(0.0375641,-0.0227335,-0.0087249),(0.0358928,-0.0223171,-0.0087249),(0.0375641,-0.0227335,-0.0087249),(0.0374792,-0.0227499,-0.0087249),(0.0358928,-0.0223171,-0.0087249),(0.0374792,-0.0227499,-0.0087249),(0.0356726,-0.0227499,-0.0087249),(0.0354673,-0.0188235,-0.0087249),(0.0358928,-0.0223171,-0.0087249),(0.0356726,-0.0227499,-0.0087249),(0.0356726,-0.0227499,-0.0087249),(0.0338671,-0.0227499,-0.0087249),(0.0337843,-0.0227335,-0.0087249),(0.0356726,-0.0227499,-0.0087249),(0.0337843,-0.0227335,-0.0087249),(0.0337158,-0.0226843,-0.0087249),(0.0356726,-0.0227499,-0.0087249),(0.0337158,-0.0226843,-0.0087249),(0.0336697,-0.0226139,-0.0087249),(0.0356726,-0.0227499,-0.0087249),(0.0336697,-0.0226139,-0.0087249),(0.0336544,-0.0225319,-0.0087249),(0.0356726,-0.0227499,-0.0087249),(0.0336544,-0.0225319,-0.0087249),(0.0336697,-0.0224501,-0.0087249),(0.0356726,-0.0227499,-0.0087249),(0.0336697,-0.0224501,-0.0087249),(0.0337158,-0.0223806,-0.0087249),(0.0356726,-0.0227499,-0.0087249),(0.0337158,-0.0223806,-0.0087249),(0.0337843,-0.0223329,-0.0087249),(0.0356726,-0.0227499,-0.0087249),(0.0337843,-0.0223329,-0.0087249),(0.0338671,-0.0223171,-0.0087249),(0.0356726,-0.0227499,-0.0087249),(0.0338671,-0.0223171,-0.0087249),(0.0354599,-0.0223171,-0.0087249),(0.0354673,-0.0188235,-0.0087249),(0.0356726,-0.0227499,-0.0087249),(0.0354599,-0.0223171,-0.0087249),(0.0354673,-0.0188235,-0.0087249),(0.0354599,-0.0223171,-0.0087249),(0.0354599,-0.0197051,-0.0087249),(0.0354673,-0.0188235,-0.0087249),(0.0354599,-0.0197051,-0.0087249),(0.0346037,-0.0211942,-0.0087249),(0.0354673,-0.0188235,-0.0087249),(0.0346037,-0.0211942,-0.0087249),(0.0345241,-0.0212735,-0.0087249),(0.0354673,-0.0188235,-0.0087249),(0.0345241,-0.0212735,-0.0087249),(0.0344164,-0.0213000,-0.0087249),(0.0354673,-0.0188235,-0.0087249),(0.0344164,-0.0213000,-0.0087249),(0.0343053,-0.0212725,-0.0087249),(0.0354673,-0.0188235,-0.0087249),(0.0343053,-0.0212725,-0.0087249),(0.0342235,-0.0211928,-0.0087249),(0.0354673,-0.0188235,-0.0087249),(0.0342235,-0.0211928,-0.0087249),(0.0341963,-0.0210830,-0.0087249),(0.0354673,-0.0188235,-0.0087249),(0.0341963,-0.0210830,-0.0087249),(0.0342280,-0.0209740,-0.0087249),(0.0439456,-0.0204110,-0.0087249),(0.0435403,-0.0204110,-0.0087249),(0.0428502,-0.0203972,-0.0087249),(0.0441880,-0.0204110,-0.0087249),(0.0439456,-0.0204110,-0.0087249),(0.0428502,-0.0203972,-0.0087249),(0.0435403,-0.0217466,-0.0087249),(0.0435403,-0.0204110,-0.0087249),(0.0439456,-0.0204110,-0.0087249),(0.0435403,-0.0217466,-0.0087249),(0.0439456,-0.0204110,-0.0087249),(0.0439456,-0.0225986,-0.0087249),(0.0428502,-0.0203972,-0.0087249),(0.0435403,-0.0217466,-0.0087249),(0.0439456,-0.0225986,-0.0087249),(0.0428502,-0.0203972,-0.0087249),(0.0439456,-0.0225986,-0.0087249),(0.0439358,-0.0226734,-0.0087249),(0.0428502,-0.0203972,-0.0087249),(0.0439358,-0.0226734,-0.0087249),(0.0439065,-0.0227309,-0.0087249),(0.0428502,-0.0203972,-0.0087249),(0.0439065,-0.0227309,-0.0087249),(0.0437975,-0.0228049,-0.0087249),(0.0428502,-0.0203972,-0.0087249),(0.0437975,-0.0228049,-0.0087249),(0.0437371,-0.0228124,-0.0087249),(0.0428502,-0.0203972,-0.0087249),(0.0437371,-0.0228124,-0.0087249),(0.0436609,-0.0228028,-0.0087249),(0.0428502,-0.0203972,-0.0087249),(0.0436609,-0.0228028,-0.0087249),(0.0435540,-0.0227192,-0.0087249),(0.0428502,-0.0203972,-0.0087249),(0.0435540,-0.0227192,-0.0087249),(0.0422766,-0.0202999,-0.0087249),(0.0441880,-0.0204110,-0.0087249),(0.0428502,-0.0203972,-0.0087249),(0.0422766,-0.0202999,-0.0087249),(0.0441880,-0.0204110,-0.0087249),(0.0422766,-0.0202999,-0.0087249),(0.0422417,-0.0201729,-0.0087249),(0.0441880,-0.0204110,-0.0087249),(0.0422417,-0.0201729,-0.0087249),(0.0422671,-0.0200850,-0.0087249),(0.0441880,-0.0204110,-0.0087249),(0.0422671,-0.0200850,-0.0087249),(0.0423441,-0.0200104,-0.0087249),(0.0441880,-0.0204110,-0.0087249),(0.0423441,-0.0200104,-0.0087249),(0.0424544,-0.0199855,-0.0087249),(0.0441880,-0.0204110,-0.0087249),(0.0424544,-0.0199855,-0.0087249),(0.0435191,-0.0199855,-0.0087249),(0.0435191,-0.0199855,-0.0087249),(0.0435191,-0.0189738,-0.0087249),(0.0435347,-0.0188904,-0.0087249),(0.0435191,-0.0199855,-0.0087249),(0.0435347,-0.0188904,-0.0087249),(0.0435816,-0.0188224,-0.0087249),(0.0435191,-0.0199855,-0.0087249),(0.0435816,-0.0188224,-0.0087249),(0.0436503,-0.0187764,-0.0087249),(0.0435191,-0.0199855,-0.0087249),(0.0436503,-0.0187764,-0.0087249),(0.0437318,-0.0187611,-0.0087249),(0.0435191,-0.0199855,-0.0087249),(0.0437318,-0.0187611,-0.0087249),(0.0438141,-0.0187764,-0.0087249),(0.0435191,-0.0199855,-0.0087249),(0.0438141,-0.0187764,-0.0087249),(0.0438832,-0.0188224,-0.0087249),(0.0435191,-0.0199855,-0.0087249),(0.0438832,-0.0188224,-0.0087249),(0.0439300,-0.0188904,-0.0087249),(0.0435191,-0.0199855,-0.0087249),(0.0439300,-0.0188904,-0.0087249),(0.0439456,-0.0189738,-0.0087249),(0.0435191,-0.0199855,-0.0087249),(0.0439456,-0.0189738,-0.0087249),(0.0439456,-0.0199855,-0.0087249),(0.0441880,-0.0204110,-0.0087249),(0.0435191,-0.0199855,-0.0087249),(0.0439456,-0.0199855,-0.0087249),(0.0441880,-0.0204110,-0.0087249),(0.0439456,-0.0199855,-0.0087249),(0.0441880,-0.0199855,-0.0087249),(0.0441880,-0.0204110,-0.0087249),(0.0441880,-0.0199855,-0.0087249),(0.0442716,-0.0200012,-0.0087249),(0.0441880,-0.0204110,-0.0087249),(0.0442716,-0.0200012,-0.0087249),(0.0443404,-0.0200480,-0.0087249),(0.0441880,-0.0204110,-0.0087249),(0.0443404,-0.0200480,-0.0087249),(0.0443864,-0.0201168,-0.0087249),(0.0441880,-0.0204110,-0.0087249),(0.0443864,-0.0201168,-0.0087249),(0.0444018,-0.0201983,-0.0087249),(0.0441880,-0.0204110,-0.0087249),(0.0444018,-0.0201983,-0.0087249),(0.0443864,-0.0202798,-0.0087249),(0.0441880,-0.0204110,-0.0087249),(0.0443864,-0.0202798,-0.0087249),(0.0443404,-0.0203486,-0.0087249),(0.0441880,-0.0204110,-0.0087249),(0.0443404,-0.0203486,-0.0087249),(0.0442716,-0.0203954,-0.0087249),(0.0393249,-0.0191706,-0.0087249),(0.0404965,-0.0207613,-0.0087249),(0.0405610,-0.0208550,-0.0087249),(0.0393249,-0.0191706,-0.0087249),(0.0405610,-0.0208550,-0.0087249),(0.0406169,-0.0209527,-0.0087249),(0.0393249,-0.0191706,-0.0087249),(0.0406169,-0.0209527,-0.0087249),(0.0406642,-0.0210541,-0.0087249),(0.0393249,-0.0191706,-0.0087249),(0.0406642,-0.0210541,-0.0087249),(0.0407029,-0.0211595,-0.0087249),(0.0393249,-0.0191706,-0.0087249),(0.0407029,-0.0211595,-0.0087249),(0.0407330,-0.0212687,-0.0087249),(0.0393249,-0.0191706,-0.0087249),(0.0407330,-0.0212687,-0.0087249),(0.0407545,-0.0213818,-0.0087249),(0.0393249,-0.0191706,-0.0087249),(0.0407545,-0.0213818,-0.0087249),(0.0407674,-0.0214988,-0.0087249),(0.0393249,-0.0191706,-0.0087249),(0.0407674,-0.0214988,-0.0087249),(0.0407717,-0.0216196,-0.0087249),(0.0393249,-0.0191706,-0.0087249),(0.0407717,-0.0216196,-0.0087249),(0.0407666,-0.0217446,-0.0087249),(0.0393249,-0.0191706,-0.0087249),(0.0407666,-0.0217446,-0.0087249),(0.0407512,-0.0218649,-0.0087249),(0.0393249,-0.0191706,-0.0087249),(0.0407512,-0.0218649,-0.0087249),(0.0407255,-0.0219807,-0.0087249),(0.0393249,-0.0191706,-0.0087249),(0.0407255,-0.0219807,-0.0087249),(0.0406897,-0.0220919,-0.0087249),(0.0406897,-0.0220919,-0.0087249),(0.0406435,-0.0221985,-0.0087249),(0.0405871,-0.0223004,-0.0087249),(0.0406897,-0.0220919,-0.0087249),(0.0405871,-0.0223004,-0.0087249),(0.0405205,-0.0223978,-0.0087249),(0.0406897,-0.0220919,-0.0087249),(0.0405205,-0.0223978,-0.0087249),(0.0404436,-0.0224906,-0.0087249),(0.0406897,-0.0220919,-0.0087249),(0.0404436,-0.0224906,-0.0087249),(0.0403707,-0.0225638,-0.0087249),(0.0406897,-0.0220919,-0.0087249),(0.0403707,-0.0225638,-0.0087249),(0.0402933,-0.0226272,-0.0087249),(0.0406897,-0.0220919,-0.0087249),(0.0402933,-0.0226272,-0.0087249),(0.0402114,-0.0226809,-0.0087249),(0.0406897,-0.0220919,-0.0087249),(0.0402114,-0.0226809,-0.0087249),(0.0401250,-0.0227248,-0.0087249),(0.0406897,-0.0220919,-0.0087249),(0.0401250,-0.0227248,-0.0087249),(0.0400342,-0.0227589,-0.0087249),(0.0406897,-0.0220919,-0.0087249),(0.0400342,-0.0227589,-0.0087249),(0.0399388,-0.0227833,-0.0087249),(0.0406897,-0.0220919,-0.0087249),(0.0399388,-0.0227833,-0.0087249),(0.0398389,-0.0227979,-0.0087249),(0.0406897,-0.0220919,-0.0087249),(0.0398389,-0.0227979,-0.0087249),(0.0397345,-0.0228028,-0.0087249),(0.0406897,-0.0220919,-0.0087249),(0.0397345,-0.0228028,-0.0087249),(0.0396360,-0.0227980,-0.0087249),(0.0406897,-0.0220919,-0.0087249),(0.0396360,-0.0227980,-0.0087249),(0.0395405,-0.0227837,-0.0087249),(0.0406897,-0.0220919,-0.0087249),(0.0395405,-0.0227837,-0.0087249),(0.0394480,-0.0227598,-0.0087249),(0.0406897,-0.0220919,-0.0087249),(0.0394480,-0.0227598,-0.0087249),(0.0393585,-0.0227264,-0.0087249),(0.0406897,-0.0220919,-0.0087249),(0.0393585,-0.0227264,-0.0087249),(0.0392721,-0.0226834,-0.0087249),(0.0406897,-0.0220919,-0.0087249),(0.0392721,-0.0226834,-0.0087249),(0.0391886,-0.0226308,-0.0087249),(0.0391886,-0.0226308,-0.0087249),(0.0391082,-0.0225687,-0.0087249),(0.0390307,-0.0224970,-0.0087249),(0.0391886,-0.0226308,-0.0087249),(0.0390307,-0.0224970,-0.0087249),(0.0389516,-0.0224104,-0.0087249),(0.0391886,-0.0226308,-0.0087249),(0.0389516,-0.0224104,-0.0087249),(0.0388830,-0.0223176,-0.0087249),(0.0391886,-0.0226308,-0.0087249),(0.0388830,-0.0223176,-0.0087249),(0.0388250,-0.0222184,-0.0087249),(0.0391886,-0.0226308,-0.0087249),(0.0388250,-0.0222184,-0.0087249),(0.0387775,-0.0221128,-0.0087249),(0.0391886,-0.0226308,-0.0087249),(0.0387775,-0.0221128,-0.0087249),(0.0387406,-0.0220009,-0.0087249),(0.0391886,-0.0226308,-0.0087249),(0.0387406,-0.0220009,-0.0087249),(0.0387142,-0.0218826,-0.0087249),(0.0391886,-0.0226308,-0.0087249),(0.0387142,-0.0218826,-0.0087249),(0.0386984,-0.0217580,-0.0087249),(0.0391886,-0.0226308,-0.0087249),(0.0386984,-0.0217580,-0.0087249),(0.0386931,-0.0216270,-0.0087249),(0.0391886,-0.0226308,-0.0087249),(0.0386931,-0.0216270,-0.0087249),(0.0386931,-0.0216217,-0.0087249),(0.0391886,-0.0226308,-0.0087249),(0.0386931,-0.0216217,-0.0087249),(0.0387087,-0.0215402,-0.0087249),(0.0391886,-0.0226308,-0.0087249),(0.0387087,-0.0215402,-0.0087249),(0.0387556,-0.0214714,-0.0087249),(0.0391886,-0.0226308,-0.0087249),(0.0387556,-0.0214714,-0.0087249),(0.0388243,-0.0214246,-0.0087249),(0.0391886,-0.0226308,-0.0087249),(0.0388243,-0.0214246,-0.0087249),(0.0389058,-0.0214090,-0.0087249),(0.0391886,-0.0226308,-0.0087249),(0.0389058,-0.0214090,-0.0087249),(0.0389873,-0.0214246,-0.0087249),(0.0391886,-0.0226308,-0.0087249),(0.0389873,-0.0214246,-0.0087249),(0.0390561,-0.0214714,-0.0087249),(0.0391886,-0.0226308,-0.0087249),(0.0390561,-0.0214714,-0.0087249),(0.0391037,-0.0215402,-0.0087249),(0.0391037,-0.0215402,-0.0087249),(0.0391196,-0.0216217,-0.0087249),(0.0391196,-0.0216270,-0.0087249),(0.0391037,-0.0215402,-0.0087249),(0.0391196,-0.0216270,-0.0087249),(0.0391229,-0.0217139,-0.0087249),(0.0391886,-0.0226308,-0.0087249),(0.0391037,-0.0215402,-0.0087249),(0.0391229,-0.0217139,-0.0087249),(0.0391886,-0.0226308,-0.0087249),(0.0391229,-0.0217139,-0.0087249),(0.0391329,-0.0217964,-0.0087249),(0.0391886,-0.0226308,-0.0087249),(0.0391329,-0.0217964,-0.0087249),(0.0391495,-0.0218743,-0.0087249),(0.0391886,-0.0226308,-0.0087249),(0.0391495,-0.0218743,-0.0087249),(0.0391728,-0.0219477,-0.0087249),(0.0391886,-0.0226308,-0.0087249),(0.0391728,-0.0219477,-0.0087249),(0.0392393,-0.0220810,-0.0087249),(0.0391886,-0.0226308,-0.0087249),(0.0392393,-0.0220810,-0.0087249),(0.0393323,-0.0221964,-0.0087249),(0.0391886,-0.0226308,-0.0087249),(0.0393323,-0.0221964,-0.0087249),(0.0394232,-0.0222751,-0.0087249),(0.0391886,-0.0226308,-0.0087249),(0.0394232,-0.0222751,-0.0087249),(0.0395202,-0.0223313,-0.0087249),(0.0391886,-0.0226308,-0.0087249),(0.0395202,-0.0223313,-0.0087249),(0.0396233,-0.0223651,-0.0087249),(0.0391886,-0.0226308,-0.0087249),(0.0396233,-0.0223651,-0.0087249),(0.0397324,-0.0223763,-0.0087249),(0.0391886,-0.0226308,-0.0087249),(0.0397324,-0.0223763,-0.0087249),(0.0398456,-0.0223655,-0.0087249),(0.0391886,-0.0226308,-0.0087249),(0.0398456,-0.0223655,-0.0087249),(0.0399494,-0.0223329,-0.0087249),(0.0406897,-0.0220919,-0.0087249),(0.0391886,-0.0226308,-0.0087249),(0.0399494,-0.0223329,-0.0087249),(0.0406897,-0.0220919,-0.0087249),(0.0399494,-0.0223329,-0.0087249),(0.0400435,-0.0222787,-0.0087249),(0.0406897,-0.0220919,-0.0087249),(0.0400435,-0.0222787,-0.0087249),(0.0401282,-0.0222028,-0.0087249),(0.0406897,-0.0220919,-0.0087249),(0.0401282,-0.0222028,-0.0087249),(0.0401798,-0.0221416,-0.0087249),(0.0406897,-0.0220919,-0.0087249),(0.0401798,-0.0221416,-0.0087249),(0.0402245,-0.0220771,-0.0087249),(0.0406897,-0.0220919,-0.0087249),(0.0402245,-0.0220771,-0.0087249),(0.0402933,-0.0219384,-0.0087249),(0.0406897,-0.0220919,-0.0087249),(0.0402933,-0.0219384,-0.0087249),(0.0403346,-0.0217866,-0.0087249),(0.0406897,-0.0220919,-0.0087249),(0.0403346,-0.0217866,-0.0087249),(0.0403449,-0.0217058,-0.0087249),(0.0406897,-0.0220919,-0.0087249),(0.0403449,-0.0217058,-0.0087249),(0.0403483,-0.0216217,-0.0087249),(0.0406897,-0.0220919,-0.0087249),(0.0403483,-0.0216217,-0.0087249),(0.0403454,-0.0215350,-0.0087249),(0.0406897,-0.0220919,-0.0087249),(0.0403454,-0.0215350,-0.0087249),(0.0403366,-0.0214516,-0.0087249),(0.0406897,-0.0220919,-0.0087249),(0.0403366,-0.0214516,-0.0087249),(0.0403220,-0.0213715,-0.0087249),(0.0406897,-0.0220919,-0.0087249),(0.0403220,-0.0213715,-0.0087249),(0.0403015,-0.0212947,-0.0087249),(0.0406897,-0.0220919,-0.0087249),(0.0403015,-0.0212947,-0.0087249),(0.0402430,-0.0211510,-0.0087249),(0.0393249,-0.0191706,-0.0087249),(0.0406897,-0.0220919,-0.0087249),(0.0402430,-0.0211510,-0.0087249),(0.0393249,-0.0191706,-0.0087249),(0.0402430,-0.0211510,-0.0087249),(0.0401610,-0.0210206,-0.0087249),(0.0393249,-0.0191706,-0.0087249),(0.0401610,-0.0210206,-0.0087249),(0.0387376,-0.0190870,-0.0087249),(0.0405611,-0.0191706,-0.0087249),(0.0393249,-0.0191706,-0.0087249),(0.0387376,-0.0190870,-0.0087249),(0.0405611,-0.0191706,-0.0087249),(0.0387376,-0.0190870,-0.0087249),(0.0386910,-0.0189621,-0.0087249),(0.0405611,-0.0191706,-0.0087249),(0.0386910,-0.0189621,-0.0087249),(0.0386931,-0.0189272,-0.0087249),(0.0405611,-0.0191706,-0.0087249),(0.0386931,-0.0189272,-0.0087249),(0.0387196,-0.0188486,-0.0087249),(0.0405611,-0.0191706,-0.0087249),(0.0387196,-0.0188486,-0.0087249),(0.0387714,-0.0187928,-0.0087249),(0.0405611,-0.0191706,-0.0087249),(0.0387714,-0.0187928,-0.0087249),(0.0388400,-0.0187579,-0.0087249),(0.0405611,-0.0191706,-0.0087249),(0.0388400,-0.0187579,-0.0087249),(0.0389058,-0.0187462,-0.0087249),(0.0405611,-0.0191706,-0.0087249),(0.0389058,-0.0187462,-0.0087249),(0.0405611,-0.0187462,-0.0087249),(0.0405611,-0.0191706,-0.0087249),(0.0405611,-0.0187462,-0.0087249),(0.0406444,-0.0187613,-0.0087249),(0.0405611,-0.0191706,-0.0087249),(0.0406444,-0.0187613,-0.0087249),(0.0407124,-0.0188066,-0.0087249),(0.0405611,-0.0191706,-0.0087249),(0.0407124,-0.0188066,-0.0087249),(0.0407569,-0.0188746,-0.0087249),(0.0405611,-0.0191706,-0.0087249),(0.0407569,-0.0188746,-0.0087249),(0.0407717,-0.0189579,-0.0087249),(0.0405611,-0.0191706,-0.0087249),(0.0407717,-0.0189579,-0.0087249),(0.0407569,-0.0190420,-0.0087249),(0.0405611,-0.0191706,-0.0087249),(0.0407569,-0.0190420,-0.0087249),(0.0407124,-0.0191103,-0.0087249),(0.0405611,-0.0191706,-0.0087249),(0.0407124,-0.0191103,-0.0087249),(0.0406465,-0.0191555,-0.0087249),(0.0463258,-0.0228049,-0.0087249),(0.0462083,-0.0227584,-0.0087249),(0.0456009,-0.0222567,-0.0087249),(0.0463258,-0.0228049,-0.0087249),(0.0456009,-0.0222567,-0.0087249),(0.0455432,-0.0221890,-0.0087249),(0.0463258,-0.0228049,-0.0087249),(0.0455432,-0.0221890,-0.0087249),(0.0455183,-0.0221170,-0.0087249),(0.0463258,-0.0228049,-0.0087249),(0.0455183,-0.0221170,-0.0087249),(0.0455183,-0.0220832,-0.0087249),(0.0463258,-0.0228049,-0.0087249),(0.0455183,-0.0220832,-0.0087249),(0.0455522,-0.0219551,-0.0087249),(0.0463258,-0.0228049,-0.0087249),(0.0455522,-0.0219551,-0.0087249),(0.0456114,-0.0218982,-0.0087249),(0.0463258,-0.0228049,-0.0087249),(0.0456114,-0.0218982,-0.0087249),(0.0456919,-0.0218694,-0.0087249),(0.0463258,-0.0228049,-0.0087249),(0.0456919,-0.0218694,-0.0087249),(0.0457331,-0.0218673,-0.0087249),(0.0463258,-0.0228049,-0.0087249),(0.0457331,-0.0218673,-0.0087249),(0.0458485,-0.0219043,-0.0087249),(0.0463258,-0.0228049,-0.0087249),(0.0458485,-0.0219043,-0.0087249),(0.0461194,-0.0221435,-0.0087249),(0.0463258,-0.0228049,-0.0087249),(0.0461194,-0.0221435,-0.0087249),(0.0461194,-0.0189579,-0.0087249),(0.0463258,-0.0228049,-0.0087249),(0.0461194,-0.0189579,-0.0087249),(0.0461348,-0.0188759,-0.0087249),(0.0463258,-0.0228049,-0.0087249),(0.0461348,-0.0188759,-0.0087249),(0.0461808,-0.0188076,-0.0087249),(0.0463258,-0.0228049,-0.0087249),(0.0461808,-0.0188076,-0.0087249),(0.0462491,-0.0187616,-0.0087249),(0.0463258,-0.0228049,-0.0087249),(0.0462491,-0.0187616,-0.0087249),(0.0463311,-0.0187462,-0.0087249),(0.0463258,-0.0228049,-0.0087249),(0.0463311,-0.0187462,-0.0087249),(0.0464139,-0.0187616,-0.0087249),(0.0463258,-0.0228049,-0.0087249),(0.0464139,-0.0187616,-0.0087249),(0.0464824,-0.0188076,-0.0087249),(0.0463258,-0.0228049,-0.0087249),(0.0464824,-0.0188076,-0.0087249),(0.0465285,-0.0188759,-0.0087249),(0.0463258,-0.0228049,-0.0087249),(0.0465285,-0.0188759,-0.0087249),(0.0465438,-0.0189579,-0.0087249),(0.0463258,-0.0228049,-0.0087249),(0.0465438,-0.0189579,-0.0087249),(0.0465438,-0.0225848,-0.0087249),(0.0463258,-0.0228049,-0.0087249),(0.0465438,-0.0225848,-0.0087249),(0.0465155,-0.0226981,-0.0087249),(0.0463258,-0.0228049,-0.0087249),(0.0465155,-0.0226981,-0.0087249),(0.0464306,-0.0227732,-0.0087249),(0.0412299,-0.0187767,-0.0087249),(0.0413030,-0.0186700,-0.0087249),(0.0414096,-0.0185970,-0.0087249),(0.0412299,-0.0187767,-0.0087249),(0.0414096,-0.0185970,-0.0087249),(0.0415347,-0.0185727,-0.0087249),(0.0412299,-0.0187767,-0.0087249),(0.0415347,-0.0185727,-0.0087249),(0.0416596,-0.0185970,-0.0087249),(0.0412299,-0.0187767,-0.0087249),(0.0416596,-0.0185970,-0.0087249),(0.0417655,-0.0186700,-0.0087249),(0.0412299,-0.0187767,-0.0087249),(0.0417655,-0.0186700,-0.0087249),(0.0418385,-0.0187767,-0.0087249),(0.0412299,-0.0187767,-0.0087249),(0.0418385,-0.0187767,-0.0087249),(0.0418628,-0.0189018,-0.0087249),(0.0412299,-0.0187767,-0.0087249),(0.0418628,-0.0189018,-0.0087249),(0.0418385,-0.0190270,-0.0087249),(0.0412299,-0.0187767,-0.0087249),(0.0418385,-0.0190270,-0.0087249),(0.0417655,-0.0191336,-0.0087249),(0.0412299,-0.0187767,-0.0087249),(0.0417655,-0.0191336,-0.0087249),(0.0416596,-0.0192066,-0.0087249),(0.0412299,-0.0187767,-0.0087249),(0.0416596,-0.0192066,-0.0087249),(0.0415347,-0.0192310,-0.0087249),(0.0412299,-0.0187767,-0.0087249),(0.0415347,-0.0192310,-0.0087249),(0.0414096,-0.0192066,-0.0087249),(0.0412299,-0.0187767,-0.0087249),(0.0414096,-0.0192066,-0.0087249),(0.0413030,-0.0191336,-0.0087249),(0.0412299,-0.0187767,-0.0087249),(0.0413030,-0.0191336,-0.0087249),(0.0412299,-0.0190270,-0.0087249),(0.0412299,-0.0187767,-0.0087249),(0.0412299,-0.0190270,-0.0087249),(0.0412056,-0.0189018,-0.0087249),(0.0184110,-0.0255131,-0.0087249),(0.0185081,-0.0254724,-0.0087249),(0.0186061,-0.0254372,-0.0087249),(0.0184110,-0.0255131,-0.0087249),(0.0186061,-0.0254372,-0.0087249),(0.0187051,-0.0254074,-0.0087249),(0.0184110,-0.0255131,-0.0087249),(0.0187051,-0.0254074,-0.0087249),(0.0188050,-0.0253829,-0.0087249),(0.0184110,-0.0255131,-0.0087249),(0.0188050,-0.0253829,-0.0087249),(0.0189059,-0.0253640,-0.0087249),(0.0184110,-0.0255131,-0.0087249),(0.0189059,-0.0253640,-0.0087249),(0.0190077,-0.0253504,-0.0087249),(0.0184110,-0.0255131,-0.0087249),(0.0190077,-0.0253504,-0.0087249),(0.0191105,-0.0253423,-0.0087249),(0.0184110,-0.0255131,-0.0087249),(0.0191105,-0.0253423,-0.0087249),(0.0192143,-0.0253396,-0.0087249),(0.0184110,-0.0255131,-0.0087249),(0.0192143,-0.0253396,-0.0087249),(0.0193501,-0.0253439,-0.0087249),(0.0184110,-0.0255131,-0.0087249),(0.0193501,-0.0253439,-0.0087249),(0.0194833,-0.0253568,-0.0087249),(0.0184110,-0.0255131,-0.0087249),(0.0194833,-0.0253568,-0.0087249),(0.0196140,-0.0253784,-0.0087249),(0.0184110,-0.0255131,-0.0087249),(0.0196140,-0.0253784,-0.0087249),(0.0197421,-0.0254086,-0.0087249),(0.0184110,-0.0255131,-0.0087249),(0.0197421,-0.0254086,-0.0087249),(0.0198677,-0.0254475,-0.0087249),(0.0184110,-0.0255131,-0.0087249),(0.0198677,-0.0254475,-0.0087249),(0.0199908,-0.0254949,-0.0087249),(0.0184110,-0.0255131,-0.0087249),(0.0199908,-0.0254949,-0.0087249),(0.0201113,-0.0255510,-0.0087249),(0.0184110,-0.0255131,-0.0087249),(0.0201113,-0.0255510,-0.0087249),(0.0202292,-0.0256158,-0.0087249),(0.0184110,-0.0255131,-0.0087249),(0.0202292,-0.0256158,-0.0087249),(0.0203428,-0.0256882,-0.0087249),(0.0184110,-0.0255131,-0.0087249),(0.0203428,-0.0256882,-0.0087249),(0.0204502,-0.0257667,-0.0087249),(0.0184110,-0.0255131,-0.0087249),(0.0204502,-0.0257667,-0.0087249),(0.0205513,-0.0258514,-0.0087249),(0.0184110,-0.0255131,-0.0087249),(0.0205513,-0.0258514,-0.0087249),(0.0206462,-0.0259423,-0.0087249),(0.0184110,-0.0255131,-0.0087249),(0.0206462,-0.0259423,-0.0087249),(0.0207349,-0.0260393,-0.0087249),(0.0207349,-0.0260393,-0.0087249),(0.0208174,-0.0261424,-0.0087249),(0.0208937,-0.0262517,-0.0087249),(0.0207349,-0.0260393,-0.0087249),(0.0208937,-0.0262517,-0.0087249),(0.0209637,-0.0263672,-0.0087249),(0.0207349,-0.0260393,-0.0087249),(0.0209637,-0.0263672,-0.0087249),(0.0210267,-0.0264870,-0.0087249),(0.0207349,-0.0260393,-0.0087249),(0.0210267,-0.0264870,-0.0087249),(0.0210813,-0.0266092,-0.0087249),(0.0207349,-0.0260393,-0.0087249),(0.0210813,-0.0266092,-0.0087249),(0.0211275,-0.0267340,-0.0087249),(0.0207349,-0.0260393,-0.0087249),(0.0211275,-0.0267340,-0.0087249),(0.0211653,-0.0268612,-0.0087249),(0.0207349,-0.0260393,-0.0087249),(0.0211653,-0.0268612,-0.0087249),(0.0211947,-0.0269909,-0.0087249),(0.0207349,-0.0260393,-0.0087249),(0.0211947,-0.0269909,-0.0087249),(0.0212157,-0.0271230,-0.0087249),(0.0207349,-0.0260393,-0.0087249),(0.0212157,-0.0271230,-0.0087249),(0.0212283,-0.0272577,-0.0087249),(0.0207349,-0.0260393,-0.0087249),(0.0212283,-0.0272577,-0.0087249),(0.0212325,-0.0273948,-0.0087249),(0.0207349,-0.0260393,-0.0087249),(0.0212325,-0.0273948,-0.0087249),(0.0212283,-0.0275265,-0.0087249),(0.0207349,-0.0260393,-0.0087249),(0.0212283,-0.0275265,-0.0087249),(0.0212157,-0.0276573,-0.0087249),(0.0207349,-0.0260393,-0.0087249),(0.0212157,-0.0276573,-0.0087249),(0.0211947,-0.0277873,-0.0087249),(0.0207349,-0.0260393,-0.0087249),(0.0211947,-0.0277873,-0.0087249),(0.0211653,-0.0279166,-0.0087249),(0.0207349,-0.0260393,-0.0087249),(0.0211653,-0.0279166,-0.0087249),(0.0211275,-0.0280450,-0.0087249),(0.0207349,-0.0260393,-0.0087249),(0.0211275,-0.0280450,-0.0087249),(0.0210813,-0.0281727,-0.0087249),(0.0210813,-0.0281727,-0.0087249),(0.0206896,-0.0280312,-0.0087249),(0.0207261,-0.0279333,-0.0087249),(0.0210813,-0.0281727,-0.0087249),(0.0207261,-0.0279333,-0.0087249),(0.0207560,-0.0278322,-0.0087249),(0.0210813,-0.0281727,-0.0087249),(0.0207560,-0.0278322,-0.0087249),(0.0207793,-0.0277278,-0.0087249),(0.0210813,-0.0281727,-0.0087249),(0.0207793,-0.0277278,-0.0087249),(0.0207959,-0.0276201,-0.0087249),(0.0210813,-0.0281727,-0.0087249),(0.0207959,-0.0276201,-0.0087249),(0.0208059,-0.0275091,-0.0087249),(0.0210813,-0.0281727,-0.0087249),(0.0208059,-0.0275091,-0.0087249),(0.0208092,-0.0273948,-0.0087249),(0.0210813,-0.0281727,-0.0087249),(0.0208092,-0.0273948,-0.0087249),(0.0208059,-0.0272848,-0.0087249),(0.0207349,-0.0260393,-0.0087249),(0.0210813,-0.0281727,-0.0087249),(0.0208059,-0.0272848,-0.0087249),(0.0207349,-0.0260393,-0.0087249),(0.0208059,-0.0272848,-0.0087249),(0.0207958,-0.0271770,-0.0087249),(0.0207349,-0.0260393,-0.0087249),(0.0207958,-0.0271770,-0.0087249),(0.0207790,-0.0270713,-0.0087249),(0.0207349,-0.0260393,-0.0087249),(0.0207790,-0.0270713,-0.0087249),(0.0207555,-0.0269678,-0.0087249),(0.0207349,-0.0260393,-0.0087249),(0.0207555,-0.0269678,-0.0087249),(0.0207253,-0.0268665,-0.0087249),(0.0207349,-0.0260393,-0.0087249),(0.0207253,-0.0268665,-0.0087249),(0.0206884,-0.0267674,-0.0087249),(0.0207349,-0.0260393,-0.0087249),(0.0206884,-0.0267674,-0.0087249),(0.0206447,-0.0266704,-0.0087249),(0.0207349,-0.0260393,-0.0087249),(0.0206447,-0.0266704,-0.0087249),(0.0205944,-0.0265757,-0.0087249),(0.0207349,-0.0260393,-0.0087249),(0.0205944,-0.0265757,-0.0087249),(0.0205385,-0.0264845,-0.0087249),(0.0207349,-0.0260393,-0.0087249),(0.0205385,-0.0264845,-0.0087249),(0.0204779,-0.0263981,-0.0087249),(0.0207349,-0.0260393,-0.0087249),(0.0204779,-0.0263981,-0.0087249),(0.0204125,-0.0263167,-0.0087249),(0.0207349,-0.0260393,-0.0087249),(0.0204125,-0.0263167,-0.0087249),(0.0203422,-0.0262402,-0.0087249),(0.0207349,-0.0260393,-0.0087249),(0.0203422,-0.0262402,-0.0087249),(0.0202672,-0.0261686,-0.0087249),(0.0207349,-0.0260393,-0.0087249),(0.0202672,-0.0261686,-0.0087249),(0.0201874,-0.0261018,-0.0087249),(0.0207349,-0.0260393,-0.0087249),(0.0201874,-0.0261018,-0.0087249),(0.0201028,-0.0260400,-0.0087249),(0.0207349,-0.0260393,-0.0087249),(0.0201028,-0.0260400,-0.0087249),(0.0200133,-0.0259830,-0.0087249),(0.0207349,-0.0260393,-0.0087249),(0.0200133,-0.0259830,-0.0087249),(0.0199208,-0.0259319,-0.0087249),(0.0207349,-0.0260393,-0.0087249),(0.0199208,-0.0259319,-0.0087249),(0.0198261,-0.0258876,-0.0087249),(0.0207349,-0.0260393,-0.0087249),(0.0198261,-0.0258876,-0.0087249),(0.0197293,-0.0258502,-0.0087249),(0.0207349,-0.0260393,-0.0087249),(0.0197293,-0.0258502,-0.0087249),(0.0196305,-0.0258195,-0.0087249),(0.0184110,-0.0255131,-0.0087249),(0.0207349,-0.0260393,-0.0087249),(0.0196305,-0.0258195,-0.0087249),(0.0184110,-0.0255131,-0.0087249),(0.0196305,-0.0258195,-0.0087249),(0.0195296,-0.0257957,-0.0087249),(0.0184110,-0.0255131,-0.0087249),(0.0195296,-0.0257957,-0.0087249),(0.0194266,-0.0257786,-0.0087249),(0.0184110,-0.0255131,-0.0087249),(0.0194266,-0.0257786,-0.0087249),(0.0193215,-0.0257684,-0.0087249),(0.0184110,-0.0255131,-0.0087249),(0.0193215,-0.0257684,-0.0087249),(0.0192143,-0.0257650,-0.0087249),(0.0184110,-0.0255131,-0.0087249),(0.0192143,-0.0257650,-0.0087249),(0.0190607,-0.0257721,-0.0087249),(0.0184110,-0.0255131,-0.0087249),(0.0190607,-0.0257721,-0.0087249),(0.0189111,-0.0257933,-0.0087249),(0.0184110,-0.0255131,-0.0087249),(0.0189111,-0.0257933,-0.0087249),(0.0187654,-0.0258287,-0.0087249),(0.0184110,-0.0255131,-0.0087249),(0.0187654,-0.0258287,-0.0087249),(0.0186238,-0.0258782,-0.0087249),(0.0184110,-0.0255131,-0.0087249),(0.0186238,-0.0258782,-0.0087249),(0.0202208,-0.0286617,-0.0087249),(0.0178501,-0.0245384,-0.0087249),(0.0184110,-0.0255131,-0.0087249),(0.0202208,-0.0286617,-0.0087249),(0.0206463,-0.0281258,-0.0087249),(0.0206896,-0.0280312,-0.0087249),(0.0210813,-0.0281727,-0.0087249),(0.0205965,-0.0282172,-0.0087249),(0.0206463,-0.0281258,-0.0087249),(0.0210813,-0.0281727,-0.0087249),(0.0205286,-0.0283211,-0.0087249),(0.0205965,-0.0282172,-0.0087249),(0.0210813,-0.0281727,-0.0087249),(0.0204433,-0.0284299,-0.0087249),(0.0205286,-0.0283211,-0.0087249),(0.0210813,-0.0281727,-0.0087249),(0.0203942,-0.0284860,-0.0087249),(0.0204433,-0.0284299,-0.0087249),(0.0210813,-0.0281727,-0.0087249),(0.0203407,-0.0285434,-0.0087249),(0.0203942,-0.0284860,-0.0087249),(0.0210813,-0.0281727,-0.0087249),(0.0202829,-0.0286019,-0.0087249),(0.0203407,-0.0285434,-0.0087249),(0.0210813,-0.0281727,-0.0087249),(0.0202208,-0.0286617,-0.0087249),(0.0202829,-0.0286019,-0.0087249),(0.0210813,-0.0281727,-0.0087249),(0.0202208,-0.0286617,-0.0087249),(0.0210813,-0.0281727,-0.0087249),(0.0210267,-0.0282996,-0.0087249),(0.0202208,-0.0286617,-0.0087249),(0.0210267,-0.0282996,-0.0087249),(0.0209637,-0.0284257,-0.0087249),(0.0202208,-0.0286617,-0.0087249),(0.0209637,-0.0284257,-0.0087249),(0.0209135,-0.0285124,-0.0087249),(0.0202208,-0.0286617,-0.0087249),(0.0209135,-0.0285124,-0.0087249),(0.0208588,-0.0285958,-0.0087249),(0.0202208,-0.0286617,-0.0087249),(0.0208588,-0.0285958,-0.0087249),(0.0207994,-0.0286759,-0.0087249),(0.0202208,-0.0286617,-0.0087249),(0.0207994,-0.0286759,-0.0087249),(0.0207354,-0.0287527,-0.0087249),(0.0202208,-0.0286617,-0.0087249),(0.0207354,-0.0287527,-0.0087249),(0.0206668,-0.0288262,-0.0087249),(0.0202208,-0.0286617,-0.0087249),(0.0206668,-0.0288262,-0.0087249),(0.0205936,-0.0288963,-0.0087249),(0.0202208,-0.0286617,-0.0087249),(0.0205936,-0.0288963,-0.0087249),(0.0205159,-0.0289632,-0.0087249),(0.0202208,-0.0286617,-0.0087249),(0.0205159,-0.0289632,-0.0087249),(0.0204335,-0.0290268,-0.0087249),(0.0202208,-0.0286617,-0.0087249),(0.0204335,-0.0290268,-0.0087249),(0.0209754,-0.0299793,-0.0087249),(0.0178501,-0.0245384,-0.0087249),(0.0202208,-0.0286617,-0.0087249),(0.0209754,-0.0299793,-0.0087249),(0.0178501,-0.0245384,-0.0087249),(0.0209754,-0.0299793,-0.0087249),(0.0210039,-0.0300830,-0.0087249),(0.0178501,-0.0245384,-0.0087249),(0.0210039,-0.0300830,-0.0087249),(0.0209965,-0.0301433,-0.0087249),(0.0178501,-0.0245384,-0.0087249),(0.0209965,-0.0301433,-0.0087249),(0.0209579,-0.0302185,-0.0087249),(0.0178501,-0.0245384,-0.0087249),(0.0209579,-0.0302185,-0.0087249),(0.0208928,-0.0302724,-0.0087249),(0.0178501,-0.0245384,-0.0087249),(0.0208928,-0.0302724,-0.0087249),(0.0207902,-0.0303031,-0.0087249),(0.0178501,-0.0245384,-0.0087249),(0.0207902,-0.0303031,-0.0087249),(0.0207298,-0.0302957,-0.0087249),(0.0178501,-0.0245384,-0.0087249),(0.0207298,-0.0302957,-0.0087249),(0.0206542,-0.0302571,-0.0087249),(0.0178501,-0.0245384,-0.0087249),(0.0206542,-0.0302571,-0.0087249),(0.0205986,-0.0301920,-0.0087249),(0.0178501,-0.0245384,-0.0087249),(0.0205986,-0.0301920,-0.0087249),(0.0200631,-0.0292639,-0.0087249),(0.0200631,-0.0292639,-0.0087249),(0.0199625,-0.0293083,-0.0087249),(0.0198586,-0.0293467,-0.0087249),(0.0200631,-0.0292639,-0.0087249),(0.0198586,-0.0293467,-0.0087249),(0.0197513,-0.0293793,-0.0087249),(0.0200631,-0.0292639,-0.0087249),(0.0197513,-0.0293793,-0.0087249),(0.0196408,-0.0294059,-0.0087249),(0.0200631,-0.0292639,-0.0087249),(0.0196408,-0.0294059,-0.0087249),(0.0195270,-0.0294267,-0.0087249),(0.0200631,-0.0292639,-0.0087249),(0.0195270,-0.0294267,-0.0087249),(0.0194098,-0.0294415,-0.0087249),(0.0200631,-0.0292639,-0.0087249),(0.0194098,-0.0294415,-0.0087249),(0.0192894,-0.0294503,-0.0087249),(0.0200631,-0.0292639,-0.0087249),(0.0192894,-0.0294503,-0.0087249),(0.0191656,-0.0294533,-0.0087249),(0.0200631,-0.0292639,-0.0087249),(0.0191656,-0.0294533,-0.0087249),(0.0190410,-0.0294490,-0.0087249),(0.0200631,-0.0292639,-0.0087249),(0.0190410,-0.0294490,-0.0087249),(0.0189175,-0.0294360,-0.0087249),(0.0200631,-0.0292639,-0.0087249),(0.0189175,-0.0294360,-0.0087249),(0.0187951,-0.0294143,-0.0087249),(0.0200631,-0.0292639,-0.0087249),(0.0187951,-0.0294143,-0.0087249),(0.0186738,-0.0293840,-0.0087249),(0.0200631,-0.0292639,-0.0087249),(0.0186738,-0.0293840,-0.0087249),(0.0185535,-0.0293450,-0.0087249),(0.0200631,-0.0292639,-0.0087249),(0.0185535,-0.0293450,-0.0087249),(0.0184344,-0.0292973,-0.0087249),(0.0200631,-0.0292639,-0.0087249),(0.0184344,-0.0292973,-0.0087249),(0.0183163,-0.0292410,-0.0087249),(0.0200631,-0.0292639,-0.0087249),(0.0183163,-0.0292410,-0.0087249),(0.0181994,-0.0291760,-0.0087249),(0.0200631,-0.0292639,-0.0087249),(0.0181994,-0.0291760,-0.0087249),(0.0180863,-0.0291038,-0.0087249),(0.0200631,-0.0292639,-0.0087249),(0.0180863,-0.0291038,-0.0087249),(0.0179792,-0.0290255,-0.0087249),(0.0200631,-0.0292639,-0.0087249),(0.0179792,-0.0290255,-0.0087249),(0.0178783,-0.0289409,-0.0087249),(0.0200631,-0.0292639,-0.0087249),(0.0178783,-0.0289409,-0.0087249),(0.0177834,-0.0288500,-0.0087249),(0.0200631,-0.0292639,-0.0087249),(0.0177834,-0.0288500,-0.0087249),(0.0176947,-0.0287530,-0.0087249),(0.0176947,-0.0287530,-0.0087249),(0.0176120,-0.0286498,-0.0087249),(0.0175354,-0.0285403,-0.0087249),(0.0176947,-0.0287530,-0.0087249),(0.0175354,-0.0285403,-0.0087249),(0.0174649,-0.0284246,-0.0087249),(0.0176947,-0.0287530,-0.0087249),(0.0174649,-0.0284246,-0.0087249),(0.0174016,-0.0283048,-0.0087249),(0.0176947,-0.0287530,-0.0087249),(0.0174016,-0.0283048,-0.0087249),(0.0173468,-0.0281824,-0.0087249),(0.0176947,-0.0287530,-0.0087249),(0.0173468,-0.0281824,-0.0087249),(0.0173004,-0.0280575,-0.0087249),(0.0176947,-0.0287530,-0.0087249),(0.0173004,-0.0280575,-0.0087249),(0.0172625,-0.0279301,-0.0087249),(0.0176947,-0.0287530,-0.0087249),(0.0172625,-0.0279301,-0.0087249),(0.0172330,-0.0278001,-0.0087249),(0.0176947,-0.0287530,-0.0087249),(0.0172330,-0.0278001,-0.0087249),(0.0172119,-0.0276676,-0.0087249),(0.0176947,-0.0287530,-0.0087249),(0.0172119,-0.0276676,-0.0087249),(0.0171992,-0.0275325,-0.0087249),(0.0176947,-0.0287530,-0.0087249),(0.0171992,-0.0275325,-0.0087249),(0.0171950,-0.0273948,-0.0087249),(0.0176947,-0.0287530,-0.0087249),(0.0171950,-0.0273948,-0.0087249),(0.0171992,-0.0272568,-0.0087249),(0.0176947,-0.0287530,-0.0087249),(0.0171992,-0.0272568,-0.0087249),(0.0172118,-0.0271215,-0.0087249),(0.0176947,-0.0287530,-0.0087249),(0.0172118,-0.0271215,-0.0087249),(0.0172328,-0.0269889,-0.0087249),(0.0176947,-0.0287530,-0.0087249),(0.0172328,-0.0269889,-0.0087249),(0.0172622,-0.0268591,-0.0087249),(0.0176947,-0.0287530,-0.0087249),(0.0172622,-0.0268591,-0.0087249),(0.0173000,-0.0267320,-0.0087249),(0.0176947,-0.0287530,-0.0087249),(0.0173000,-0.0267320,-0.0087249),(0.0173462,-0.0266076,-0.0087249),(0.0176947,-0.0287530,-0.0087249),(0.0173462,-0.0266076,-0.0087249),(0.0174008,-0.0264860,-0.0087249),(0.0176947,-0.0287530,-0.0087249),(0.0174008,-0.0264860,-0.0087249),(0.0174638,-0.0263672,-0.0087249),(0.0174638,-0.0263672,-0.0087249),(0.0178321,-0.0265757,-0.0087249),(0.0177828,-0.0266704,-0.0087249),(0.0174638,-0.0263672,-0.0087249),(0.0177828,-0.0266704,-0.0087249),(0.0177400,-0.0267673,-0.0087249),(0.0174638,-0.0263672,-0.0087249),(0.0177400,-0.0267673,-0.0087249),(0.0177038,-0.0268663,-0.0087249),(0.0174638,-0.0263672,-0.0087249),(0.0177038,-0.0268663,-0.0087249),(0.0176742,-0.0269675,-0.0087249),(0.0174638,-0.0263672,-0.0087249),(0.0176742,-0.0269675,-0.0087249),(0.0176511,-0.0270709,-0.0087249),(0.0174638,-0.0263672,-0.0087249),(0.0176511,-0.0270709,-0.0087249),(0.0176347,-0.0271764,-0.0087249),(0.0174638,-0.0263672,-0.0087249),(0.0176347,-0.0271764,-0.0087249),(0.0176248,-0.0272840,-0.0087249),(0.0174638,-0.0263672,-0.0087249),(0.0176248,-0.0272840,-0.0087249),(0.0176215,-0.0273938,-0.0087249),(0.0174638,-0.0263672,-0.0087249),(0.0176215,-0.0273938,-0.0087249),(0.0176249,-0.0275036,-0.0087249),(0.0176947,-0.0287530,-0.0087249),(0.0174638,-0.0263672,-0.0087249),(0.0176249,-0.0275036,-0.0087249),(0.0176947,-0.0287530,-0.0087249),(0.0176249,-0.0275036,-0.0087249),(0.0176349,-0.0276113,-0.0087249),(0.0176947,-0.0287530,-0.0087249),(0.0176349,-0.0276113,-0.0087249),(0.0176516,-0.0277170,-0.0087249),(0.0176947,-0.0287530,-0.0087249),(0.0176516,-0.0277170,-0.0087249),(0.0176750,-0.0278205,-0.0087249),(0.0176947,-0.0287530,-0.0087249),(0.0176750,-0.0278205,-0.0087249),(0.0177050,-0.0279220,-0.0087249),(0.0176947,-0.0287530,-0.0087249),(0.0177050,-0.0279220,-0.0087249),(0.0177418,-0.0280214,-0.0087249),(0.0176947,-0.0287530,-0.0087249),(0.0177418,-0.0280214,-0.0087249),(0.0177852,-0.0281188,-0.0087249),(0.0176947,-0.0287530,-0.0087249),(0.0177852,-0.0281188,-0.0087249),(0.0178353,-0.0282140,-0.0087249),(0.0176947,-0.0287530,-0.0087249),(0.0178353,-0.0282140,-0.0087249),(0.0178911,-0.0283059,-0.0087249),(0.0176947,-0.0287530,-0.0087249),(0.0178911,-0.0283059,-0.0087249),(0.0179518,-0.0283928,-0.0087249),(0.0176947,-0.0287530,-0.0087249),(0.0179518,-0.0283928,-0.0087249),(0.0180172,-0.0284747,-0.0087249),(0.0176947,-0.0287530,-0.0087249),(0.0180172,-0.0284747,-0.0087249),(0.0180874,-0.0285516,-0.0087249),(0.0176947,-0.0287530,-0.0087249),(0.0180874,-0.0285516,-0.0087249),(0.0181625,-0.0286234,-0.0087249),(0.0176947,-0.0287530,-0.0087249),(0.0181625,-0.0286234,-0.0087249),(0.0182423,-0.0286902,-0.0087249),(0.0176947,-0.0287530,-0.0087249),(0.0182423,-0.0286902,-0.0087249),(0.0183269,-0.0287520,-0.0087249),(0.0176947,-0.0287530,-0.0087249),(0.0183269,-0.0287520,-0.0087249),(0.0184163,-0.0288088,-0.0087249),(0.0176947,-0.0287530,-0.0087249),(0.0184163,-0.0288088,-0.0087249),(0.0185084,-0.0288599,-0.0087249),(0.0176947,-0.0287530,-0.0087249),(0.0185084,-0.0288599,-0.0087249),(0.0186010,-0.0289042,-0.0087249),(0.0176947,-0.0287530,-0.0087249),(0.0186010,-0.0289042,-0.0087249),(0.0186941,-0.0289416,-0.0087249),(0.0176947,-0.0287530,-0.0087249),(0.0186941,-0.0289416,-0.0087249),(0.0187878,-0.0289723,-0.0087249),(0.0176947,-0.0287530,-0.0087249),(0.0187878,-0.0289723,-0.0087249),(0.0188820,-0.0289961,-0.0087249),(0.0200631,-0.0292639,-0.0087249),(0.0176947,-0.0287530,-0.0087249),(0.0188820,-0.0289961,-0.0087249),(0.0200631,-0.0292639,-0.0087249),(0.0188820,-0.0289961,-0.0087249),(0.0189767,-0.0290132,-0.0087249),(0.0200631,-0.0292639,-0.0087249),(0.0189767,-0.0290132,-0.0087249),(0.0190720,-0.0290234,-0.0087249),(0.0200631,-0.0292639,-0.0087249),(0.0190720,-0.0290234,-0.0087249),(0.0191677,-0.0290268,-0.0087249),(0.0200631,-0.0292639,-0.0087249),(0.0191677,-0.0290268,-0.0087249),(0.0191741,-0.0290268,-0.0087249),(0.0200631,-0.0292639,-0.0087249),(0.0191741,-0.0290268,-0.0087249),(0.0192678,-0.0290247,-0.0087249),(0.0200631,-0.0292639,-0.0087249),(0.0192678,-0.0290247,-0.0087249),(0.0193590,-0.0290185,-0.0087249),(0.0200631,-0.0292639,-0.0087249),(0.0193590,-0.0290185,-0.0087249),(0.0194476,-0.0290080,-0.0087249),(0.0200631,-0.0292639,-0.0087249),(0.0194476,-0.0290080,-0.0087249),(0.0195337,-0.0289934,-0.0087249),(0.0200631,-0.0292639,-0.0087249),(0.0195337,-0.0289934,-0.0087249),(0.0196172,-0.0289747,-0.0087249),(0.0200631,-0.0292639,-0.0087249),(0.0196172,-0.0289747,-0.0087249),(0.0196982,-0.0289518,-0.0087249),(0.0200631,-0.0292639,-0.0087249),(0.0196982,-0.0289518,-0.0087249),(0.0197766,-0.0289247,-0.0087249),(0.0200631,-0.0292639,-0.0087249),(0.0197766,-0.0289247,-0.0087249),(0.0198525,-0.0288934,-0.0087249),(0.0178501,-0.0245384,-0.0087249),(0.0200631,-0.0292639,-0.0087249),(0.0198525,-0.0288934,-0.0087249),(0.0178501,-0.0245384,-0.0087249),(0.0198525,-0.0288934,-0.0087249),(0.0182480,-0.0260984,-0.0087249),(0.0178501,-0.0245384,-0.0087249),(0.0182480,-0.0260984,-0.0087249),(0.0181276,-0.0262012,-0.0087249),(0.0178745,-0.0265064,-0.0087249),(0.0178321,-0.0265757,-0.0087249),(0.0174638,-0.0263672,-0.0087249),(0.0179196,-0.0264399,-0.0087249),(0.0178745,-0.0265064,-0.0087249),(0.0174638,-0.0263672,-0.0087249),(0.0180181,-0.0263151,-0.0087249),(0.0179196,-0.0264399,-0.0087249),(0.0174638,-0.0263672,-0.0087249),(0.0181276,-0.0262012,-0.0087249),(0.0180181,-0.0263151,-0.0087249),(0.0174638,-0.0263672,-0.0087249),(0.0181276,-0.0262012,-0.0087249),(0.0174638,-0.0263672,-0.0087249),(0.0175218,-0.0262721,-0.0087249),(0.0181276,-0.0262012,-0.0087249),(0.0175218,-0.0262721,-0.0087249),(0.0175834,-0.0261812,-0.0087249),(0.0181276,-0.0262012,-0.0087249),(0.0175834,-0.0261812,-0.0087249),(0.0176488,-0.0260943,-0.0087249),(0.0181276,-0.0262012,-0.0087249),(0.0176488,-0.0260943,-0.0087249),(0.0177178,-0.0260116,-0.0087249),(0.0181276,-0.0262012,-0.0087249),(0.0177178,-0.0260116,-0.0087249),(0.0177906,-0.0259329,-0.0087249),(0.0181276,-0.0262012,-0.0087249),(0.0177906,-0.0259329,-0.0087249),(0.0178670,-0.0258584,-0.0087249),(0.0181276,-0.0262012,-0.0087249),(0.0178670,-0.0258584,-0.0087249),(0.0179472,-0.0257880,-0.0087249),(0.0181276,-0.0262012,-0.0087249),(0.0179472,-0.0257880,-0.0087249),(0.0180311,-0.0257216,-0.0087249),(0.0178501,-0.0245384,-0.0087249),(0.0181276,-0.0262012,-0.0087249),(0.0180311,-0.0257216,-0.0087249),(0.0178501,-0.0245384,-0.0087249),(0.0180311,-0.0257216,-0.0087249),(0.0174755,-0.0247511,-0.0087249),(0.0178501,-0.0245384,-0.0087249),(0.0174755,-0.0247511,-0.0087249),(0.0174479,-0.0246495,-0.0087249),(0.0178501,-0.0245384,-0.0087249),(0.0174479,-0.0246495,-0.0087249),(0.0174543,-0.0245892,-0.0087249),(0.0178501,-0.0245384,-0.0087249),(0.0174543,-0.0245892,-0.0087249),(0.0174935,-0.0245122,-0.0087249),(0.0178501,-0.0245384,-0.0087249),(0.0174935,-0.0245122,-0.0087249),(0.0175559,-0.0244569,-0.0087249),(0.0178501,-0.0245384,-0.0087249),(0.0175559,-0.0244569,-0.0087249),(0.0176607,-0.0244294,-0.0087249),(0.0178501,-0.0245384,-0.0087249),(0.0176607,-0.0244294,-0.0087249),(0.0177210,-0.0244368,-0.0087249),(0.0178501,-0.0245384,-0.0087249),(0.0177210,-0.0244368,-0.0087249),(0.0177935,-0.0244722,-0.0087249),(0.0274026,-0.0264549,-0.0087249),(0.0274079,-0.0265894,-0.0087249),(0.0274066,-0.0266927,-0.0087249),(0.0274026,-0.0264549,-0.0087249),(0.0274066,-0.0266927,-0.0087249),(0.0274028,-0.0267920,-0.0087249),(0.0274026,-0.0264549,-0.0087249),(0.0274028,-0.0267920,-0.0087249),(0.0273963,-0.0268872,-0.0087249),(0.0274026,-0.0264549,-0.0087249),(0.0273963,-0.0268872,-0.0087249),(0.0273873,-0.0269783,-0.0087249),(0.0274026,-0.0264549,-0.0087249),(0.0273873,-0.0269783,-0.0087249),(0.0273757,-0.0270654,-0.0087249),(0.0274026,-0.0264549,-0.0087249),(0.0273757,-0.0270654,-0.0087249),(0.0273615,-0.0271485,-0.0087249),(0.0274026,-0.0264549,-0.0087249),(0.0273615,-0.0271485,-0.0087249),(0.0273447,-0.0272275,-0.0087249),(0.0274026,-0.0264549,-0.0087249),(0.0273447,-0.0272275,-0.0087249),(0.0273254,-0.0273025,-0.0087249),(0.0274026,-0.0264549,-0.0087249),(0.0273254,-0.0273025,-0.0087249),(0.0272789,-0.0274403,-0.0087249),(0.0274026,-0.0264549,-0.0087249),(0.0272789,-0.0274403,-0.0087249),(0.0272222,-0.0275620,-0.0087249),(0.0274026,-0.0264549,-0.0087249),(0.0272222,-0.0275620,-0.0087249),(0.0271551,-0.0276675,-0.0087249),(0.0274026,-0.0264549,-0.0087249),(0.0271551,-0.0276675,-0.0087249),(0.0270777,-0.0277568,-0.0087249),(0.0274026,-0.0264549,-0.0087249),(0.0270777,-0.0277568,-0.0087249),(0.0269982,-0.0278262,-0.0087249),(0.0274026,-0.0264549,-0.0087249),(0.0269982,-0.0278262,-0.0087249),(0.0269164,-0.0278864,-0.0087249),(0.0274026,-0.0264549,-0.0087249),(0.0269164,-0.0278864,-0.0087249),(0.0268322,-0.0279374,-0.0087249),(0.0274026,-0.0264549,-0.0087249),(0.0268322,-0.0279374,-0.0087249),(0.0267457,-0.0279790,-0.0087249),(0.0274026,-0.0264549,-0.0087249),(0.0267457,-0.0279790,-0.0087249),(0.0266568,-0.0280114,-0.0087249),(0.0274026,-0.0264549,-0.0087249),(0.0266568,-0.0280114,-0.0087249),(0.0265656,-0.0280346,-0.0087249),(0.0274026,-0.0264549,-0.0087249),(0.0265656,-0.0280346,-0.0087249),(0.0264720,-0.0280485,-0.0087249),(0.0264720,-0.0280485,-0.0087249),(0.0263760,-0.0280531,-0.0087249),(0.0262874,-0.0280496,-0.0087249),(0.0264720,-0.0280485,-0.0087249),(0.0262874,-0.0280496,-0.0087249),(0.0262019,-0.0280389,-0.0087249),(0.0264720,-0.0280485,-0.0087249),(0.0262019,-0.0280389,-0.0087249),(0.0261197,-0.0280211,-0.0087249),(0.0264720,-0.0280485,-0.0087249),(0.0261197,-0.0280211,-0.0087249),(0.0260406,-0.0279962,-0.0087249),(0.0264720,-0.0280485,-0.0087249),(0.0260406,-0.0279962,-0.0087249),(0.0259646,-0.0279642,-0.0087249),(0.0264720,-0.0280485,-0.0087249),(0.0259646,-0.0279642,-0.0087249),(0.0258919,-0.0279251,-0.0087249),(0.0264720,-0.0280485,-0.0087249),(0.0258919,-0.0279251,-0.0087249),(0.0258223,-0.0278789,-0.0087249),(0.0264720,-0.0280485,-0.0087249),(0.0258223,-0.0278789,-0.0087249),(0.0257559,-0.0278256,-0.0087249),(0.0268668,-0.0287265,-0.0087249),(0.0269338,-0.0285876,-0.0087249),(0.0270169,-0.0284923,-0.0087249),(0.0268668,-0.0287265,-0.0087249),(0.0270169,-0.0284923,-0.0087249),(0.0271328,-0.0284394,-0.0087249),(0.0267719,-0.0288469,-0.0087249),(0.0268668,-0.0287265,-0.0087249),(0.0271328,-0.0284394,-0.0087249),(0.0267719,-0.0288469,-0.0087249),(0.0271328,-0.0284394,-0.0087249),(0.0272088,-0.0284710,-0.0087249),(0.0267719,-0.0288469,-0.0087249),(0.0272088,-0.0284710,-0.0087249),(0.0272695,-0.0285169,-0.0087249),(0.0266788,-0.0289256,-0.0087249),(0.0267719,-0.0288469,-0.0087249),(0.0272695,-0.0285169,-0.0087249),(0.0266788,-0.0289256,-0.0087249),(0.0272695,-0.0285169,-0.0087249),(0.0273455,-0.0286521,-0.0087249),(0.0265806,-0.0289818,-0.0087249),(0.0266788,-0.0289256,-0.0087249),(0.0273455,-0.0286521,-0.0087249),(0.0265806,-0.0289818,-0.0087249),(0.0273455,-0.0286521,-0.0087249),(0.0273391,-0.0287262,-0.0087249),(0.0265806,-0.0289818,-0.0087249),(0.0273391,-0.0287262,-0.0087249),(0.0272900,-0.0288430,-0.0087249),(0.0264772,-0.0290155,-0.0087249),(0.0265806,-0.0289818,-0.0087249),(0.0272900,-0.0288430,-0.0087249),(0.0264772,-0.0290155,-0.0087249),(0.0272900,-0.0288430,-0.0087249),(0.0272285,-0.0289522,-0.0087249),(0.0263686,-0.0290268,-0.0087249),(0.0264772,-0.0290155,-0.0087249),(0.0272285,-0.0289522,-0.0087249),(0.0263686,-0.0290268,-0.0087249),(0.0272285,-0.0289522,-0.0087249),(0.0271546,-0.0290536,-0.0087249),(0.0263686,-0.0290268,-0.0087249),(0.0271546,-0.0290536,-0.0087249),(0.0270682,-0.0291474,-0.0087249),(0.0262733,-0.0290148,-0.0087249),(0.0263686,-0.0290268,-0.0087249),(0.0270682,-0.0291474,-0.0087249),(0.0262733,-0.0290148,-0.0087249),(0.0270682,-0.0291474,-0.0087249),(0.0269915,-0.0292191,-0.0087249),(0.0262733,-0.0290148,-0.0087249),(0.0269915,-0.0292191,-0.0087249),(0.0269118,-0.0292812,-0.0087249),(0.0261726,-0.0289789,-0.0087249),(0.0262733,-0.0290148,-0.0087249),(0.0269118,-0.0292812,-0.0087249),(0.0261726,-0.0289789,-0.0087249),(0.0269118,-0.0292812,-0.0087249),(0.0268289,-0.0293338,-0.0087249),(0.0261726,-0.0289789,-0.0087249),(0.0268289,-0.0293338,-0.0087249),(0.0267430,-0.0293768,-0.0087249),(0.0260664,-0.0289190,-0.0087249),(0.0261726,-0.0289789,-0.0087249),(0.0267430,-0.0293768,-0.0087249),(0.0260664,-0.0289190,-0.0087249),(0.0267430,-0.0293768,-0.0087249),(0.0266540,-0.0294103,-0.0087249),(0.0259548,-0.0288352,-0.0087249),(0.0260664,-0.0289190,-0.0087249),(0.0266540,-0.0294103,-0.0087249),(0.0259548,-0.0288352,-0.0087249),(0.0266540,-0.0294103,-0.0087249),(0.0265620,-0.0294342,-0.0087249),(0.0259548,-0.0288352,-0.0087249),(0.0265620,-0.0294342,-0.0087249),(0.0264668,-0.0294485,-0.0087249),(0.0258678,-0.0287389,-0.0087249),(0.0259548,-0.0288352,-0.0087249),(0.0264668,-0.0294485,-0.0087249),(0.0258678,-0.0287389,-0.0087249),(0.0264668,-0.0294485,-0.0087249),(0.0263686,-0.0294533,-0.0087249),(0.0258678,-0.0287389,-0.0087249),(0.0263686,-0.0294533,-0.0087249),(0.0262835,-0.0294487,-0.0087249),(0.0258678,-0.0287389,-0.0087249),(0.0262835,-0.0294487,-0.0087249),(0.0261980,-0.0294349,-0.0087249),(0.0258056,-0.0286119,-0.0087249),(0.0258678,-0.0287389,-0.0087249),(0.0261980,-0.0294349,-0.0087249),(0.0258056,-0.0286119,-0.0087249),(0.0261980,-0.0294349,-0.0087249),(0.0261121,-0.0294119,-0.0087249),(0.0258056,-0.0286119,-0.0087249),(0.0261121,-0.0294119,-0.0087249),(0.0260257,-0.0293797,-0.0087249),(0.0257838,-0.0285369,-0.0087249),(0.0258056,-0.0286119,-0.0087249),(0.0260257,-0.0293797,-0.0087249),(0.0257838,-0.0285369,-0.0087249),(0.0260257,-0.0293797,-0.0087249),(0.0259390,-0.0293384,-0.0087249),(0.0257838,-0.0285369,-0.0087249),(0.0259390,-0.0293384,-0.0087249),(0.0258519,-0.0292878,-0.0087249),(0.0257683,-0.0284542,-0.0087249),(0.0257838,-0.0285369,-0.0087249),(0.0258519,-0.0292878,-0.0087249),(0.0257590,-0.0283639,-0.0087249),(0.0257683,-0.0284542,-0.0087249),(0.0258519,-0.0292878,-0.0087249),(0.0257590,-0.0283639,-0.0087249),(0.0258519,-0.0292878,-0.0087249),(0.0257644,-0.0292280,-0.0087249),(0.0257559,-0.0282658,-0.0087249),(0.0257590,-0.0283639,-0.0087249),(0.0257644,-0.0292280,-0.0087249),(0.0257559,-0.0282658,-0.0087249),(0.0257644,-0.0292280,-0.0087249),(0.0256765,-0.0291591,-0.0087249),(0.0257559,-0.0278256,-0.0087249),(0.0257559,-0.0282658,-0.0087249),(0.0256765,-0.0291591,-0.0087249),(0.0257559,-0.0278256,-0.0087249),(0.0256765,-0.0291591,-0.0087249),(0.0255946,-0.0290826,-0.0087249),(0.0257559,-0.0278256,-0.0087249),(0.0255946,-0.0290826,-0.0087249),(0.0255237,-0.0289964,-0.0087249),(0.0257559,-0.0278256,-0.0087249),(0.0255237,-0.0289964,-0.0087249),(0.0254637,-0.0289007,-0.0087249),(0.0257559,-0.0278256,-0.0087249),(0.0254637,-0.0289007,-0.0087249),(0.0254145,-0.0287953,-0.0087249),(0.0257559,-0.0278256,-0.0087249),(0.0254145,-0.0287953,-0.0087249),(0.0253763,-0.0286803,-0.0087249),(0.0257559,-0.0278256,-0.0087249),(0.0253763,-0.0286803,-0.0087249),(0.0253491,-0.0285556,-0.0087249),(0.0257559,-0.0278256,-0.0087249),(0.0253491,-0.0285556,-0.0087249),(0.0253327,-0.0284214,-0.0087249),(0.0257559,-0.0278256,-0.0087249),(0.0253327,-0.0284214,-0.0087249),(0.0253272,-0.0282775,-0.0087249),(0.0257559,-0.0278256,-0.0087249),(0.0253272,-0.0282775,-0.0087249),(0.0253272,-0.0269577,-0.0087249),(0.0264720,-0.0280485,-0.0087249),(0.0257559,-0.0278256,-0.0087249),(0.0253272,-0.0269577,-0.0087249),(0.0253272,-0.0269577,-0.0087249),(0.0257231,-0.0269641,-0.0087249),(0.0257385,-0.0270894,-0.0087249),(0.0253272,-0.0269577,-0.0087249),(0.0257385,-0.0270894,-0.0087249),(0.0257850,-0.0272123,-0.0087249),(0.0253272,-0.0269577,-0.0087249),(0.0257850,-0.0272123,-0.0087249),(0.0258624,-0.0273328,-0.0087249),(0.0264720,-0.0280485,-0.0087249),(0.0253272,-0.0269577,-0.0087249),(0.0258624,-0.0273328,-0.0087249),(0.0264720,-0.0280485,-0.0087249),(0.0258624,-0.0273328,-0.0087249),(0.0259707,-0.0274509,-0.0087249),(0.0264720,-0.0280485,-0.0087249),(0.0259707,-0.0274509,-0.0087249),(0.0260663,-0.0275287,-0.0087249),(0.0264720,-0.0280485,-0.0087249),(0.0260663,-0.0275287,-0.0087249),(0.0261657,-0.0275843,-0.0087249),(0.0264720,-0.0280485,-0.0087249),(0.0261657,-0.0275843,-0.0087249),(0.0262690,-0.0276176,-0.0087249),(0.0264720,-0.0280485,-0.0087249),(0.0262690,-0.0276176,-0.0087249),(0.0263760,-0.0276287,-0.0087249),(0.0264720,-0.0280485,-0.0087249),(0.0263760,-0.0276287,-0.0087249),(0.0264817,-0.0276176,-0.0087249),(0.0264720,-0.0280485,-0.0087249),(0.0264817,-0.0276176,-0.0087249),(0.0265840,-0.0275843,-0.0087249),(0.0264720,-0.0280485,-0.0087249),(0.0265840,-0.0275843,-0.0087249),(0.0266828,-0.0275287,-0.0087249),(0.0264720,-0.0280485,-0.0087249),(0.0266828,-0.0275287,-0.0087249),(0.0267782,-0.0274509,-0.0087249),(0.0264720,-0.0280485,-0.0087249),(0.0267782,-0.0274509,-0.0087249),(0.0268666,-0.0273223,-0.0087249),(0.0274026,-0.0264549,-0.0087249),(0.0264720,-0.0280485,-0.0087249),(0.0268666,-0.0273223,-0.0087249),(0.0274026,-0.0264549,-0.0087249),(0.0268666,-0.0273223,-0.0087249),(0.0269014,-0.0272362,-0.0087249),(0.0274026,-0.0264549,-0.0087249),(0.0269014,-0.0272362,-0.0087249),(0.0269298,-0.0271355,-0.0087249),(0.0274026,-0.0264549,-0.0087249),(0.0269298,-0.0271355,-0.0087249),(0.0269519,-0.0270203,-0.0087249),(0.0274026,-0.0264549,-0.0087249),(0.0269519,-0.0270203,-0.0087249),(0.0269677,-0.0268905,-0.0087249),(0.0274026,-0.0264549,-0.0087249),(0.0269677,-0.0268905,-0.0087249),(0.0269772,-0.0267462,-0.0087249),(0.0274026,-0.0264549,-0.0087249),(0.0269772,-0.0267462,-0.0087249),(0.0269804,-0.0265873,-0.0087249),(0.0274026,-0.0264549,-0.0087249),(0.0269804,-0.0265873,-0.0087249),(0.0269770,-0.0264959,-0.0087249),(0.0274026,-0.0264549,-0.0087249),(0.0269770,-0.0264959,-0.0087249),(0.0269669,-0.0264094,-0.0087249),(0.0274026,-0.0264549,-0.0087249),(0.0269669,-0.0264094,-0.0087249),(0.0269500,-0.0263279,-0.0087249),(0.0274026,-0.0264549,-0.0087249),(0.0269500,-0.0263279,-0.0087249),(0.0269264,-0.0262513,-0.0087249),(0.0274026,-0.0264549,-0.0087249),(0.0269264,-0.0262513,-0.0087249),(0.0268589,-0.0261131,-0.0087249),(0.0274026,-0.0264549,-0.0087249),(0.0268589,-0.0261131,-0.0087249),(0.0267645,-0.0259947,-0.0087249),(0.0274026,-0.0264549,-0.0087249),(0.0267645,-0.0259947,-0.0087249),(0.0266732,-0.0259187,-0.0087249),(0.0257240,-0.0268739,-0.0087249),(0.0257231,-0.0269641,-0.0087249),(0.0253272,-0.0269577,-0.0087249),(0.0257268,-0.0267877,-0.0087249),(0.0257240,-0.0268739,-0.0087249),(0.0253272,-0.0269577,-0.0087249),(0.0257379,-0.0266273,-0.0087249),(0.0257268,-0.0267877,-0.0087249),(0.0253272,-0.0269577,-0.0087249),(0.0257565,-0.0264829,-0.0087249),(0.0257379,-0.0266273,-0.0087249),(0.0253272,-0.0269577,-0.0087249),(0.0257826,-0.0263545,-0.0087249),(0.0257565,-0.0264829,-0.0087249),(0.0253272,-0.0269577,-0.0087249),(0.0258161,-0.0262421,-0.0087249),(0.0257826,-0.0263545,-0.0087249),(0.0253272,-0.0269577,-0.0087249),(0.0258570,-0.0261457,-0.0087249),(0.0258161,-0.0262421,-0.0087249),(0.0253272,-0.0269577,-0.0087249),(0.0259054,-0.0260654,-0.0087249),(0.0258570,-0.0261457,-0.0087249),(0.0253272,-0.0269577,-0.0087249),(0.0259054,-0.0260654,-0.0087249),(0.0253272,-0.0269577,-0.0087249),(0.0253286,-0.0268421,-0.0087249),(0.0259054,-0.0260654,-0.0087249),(0.0253286,-0.0268421,-0.0087249),(0.0253326,-0.0267312,-0.0087249),(0.0259054,-0.0260654,-0.0087249),(0.0253326,-0.0267312,-0.0087249),(0.0253393,-0.0266253,-0.0087249),(0.0259612,-0.0260010,-0.0087249),(0.0259054,-0.0260654,-0.0087249),(0.0253393,-0.0266253,-0.0087249),(0.0259612,-0.0260010,-0.0087249),(0.0253393,-0.0266253,-0.0087249),(0.0253487,-0.0265243,-0.0087249),(0.0259612,-0.0260010,-0.0087249),(0.0253487,-0.0265243,-0.0087249),(0.0253607,-0.0264281,-0.0087249),(0.0260582,-0.0259223,-0.0087249),(0.0259612,-0.0260010,-0.0087249),(0.0253607,-0.0264281,-0.0087249),(0.0260582,-0.0259223,-0.0087249),(0.0253607,-0.0264281,-0.0087249),(0.0253755,-0.0263369,-0.0087249),(0.0260582,-0.0259223,-0.0087249),(0.0253755,-0.0263369,-0.0087249),(0.0253929,-0.0262505,-0.0087249),(0.0261588,-0.0258661,-0.0087249),(0.0260582,-0.0259223,-0.0087249),(0.0253929,-0.0262505,-0.0087249),(0.0261588,-0.0258661,-0.0087249),(0.0253929,-0.0262505,-0.0087249),(0.0254130,-0.0261690,-0.0087249),(0.0261588,-0.0258661,-0.0087249),(0.0254130,-0.0261690,-0.0087249),(0.0254357,-0.0260924,-0.0087249),(0.0262630,-0.0258323,-0.0087249),(0.0261588,-0.0258661,-0.0087249),(0.0254357,-0.0260924,-0.0087249),(0.0262630,-0.0258323,-0.0087249),(0.0254357,-0.0260924,-0.0087249),(0.0254612,-0.0260207,-0.0087249),(0.0262630,-0.0258323,-0.0087249),(0.0254612,-0.0260207,-0.0087249),(0.0255201,-0.0258919,-0.0087249),(0.0263708,-0.0258211,-0.0087249),(0.0262630,-0.0258323,-0.0087249),(0.0255201,-0.0258919,-0.0087249),(0.0263708,-0.0258211,-0.0087249),(0.0255201,-0.0258919,-0.0087249),(0.0255898,-0.0257827,-0.0087249),(0.0263708,-0.0258211,-0.0087249),(0.0255898,-0.0257827,-0.0087249),(0.0256701,-0.0256930,-0.0087249),(0.0264763,-0.0258319,-0.0087249),(0.0263708,-0.0258211,-0.0087249),(0.0256701,-0.0256930,-0.0087249),(0.0264763,-0.0258319,-0.0087249),(0.0256701,-0.0256930,-0.0087249),(0.0257495,-0.0256236,-0.0087249),(0.0264763,-0.0258319,-0.0087249),(0.0257495,-0.0256236,-0.0087249),(0.0258315,-0.0255634,-0.0087249),(0.0265771,-0.0258645,-0.0087249),(0.0264763,-0.0258319,-0.0087249),(0.0258315,-0.0255634,-0.0087249),(0.0265771,-0.0258645,-0.0087249),(0.0258315,-0.0255634,-0.0087249),(0.0259160,-0.0255125,-0.0087249),(0.0265771,-0.0258645,-0.0087249),(0.0259160,-0.0255125,-0.0087249),(0.0260032,-0.0254708,-0.0087249),(0.0266732,-0.0259187,-0.0087249),(0.0265771,-0.0258645,-0.0087249),(0.0260032,-0.0254708,-0.0087249),(0.0266732,-0.0259187,-0.0087249),(0.0260032,-0.0254708,-0.0087249),(0.0260931,-0.0254384,-0.0087249),(0.0274026,-0.0264549,-0.0087249),(0.0266732,-0.0259187,-0.0087249),(0.0260931,-0.0254384,-0.0087249),(0.0274026,-0.0264549,-0.0087249),(0.0260931,-0.0254384,-0.0087249),(0.0261855,-0.0254152,-0.0087249),(0.0274026,-0.0264549,-0.0087249),(0.0261855,-0.0254152,-0.0087249),(0.0262805,-0.0254013,-0.0087249),(0.0274026,-0.0264549,-0.0087249),(0.0262805,-0.0254013,-0.0087249),(0.0263782,-0.0253967,-0.0087249),(0.0274026,-0.0264549,-0.0087249),(0.0263782,-0.0253967,-0.0087249),(0.0264734,-0.0254014,-0.0087249),(0.0274026,-0.0264549,-0.0087249),(0.0264734,-0.0254014,-0.0087249),(0.0265660,-0.0254156,-0.0087249),(0.0274026,-0.0264549,-0.0087249),(0.0265660,-0.0254156,-0.0087249),(0.0266560,-0.0254391,-0.0087249),(0.0274026,-0.0264549,-0.0087249),(0.0266560,-0.0254391,-0.0087249),(0.0267433,-0.0254721,-0.0087249),(0.0274026,-0.0264549,-0.0087249),(0.0267433,-0.0254721,-0.0087249),(0.0268280,-0.0255145,-0.0087249),(0.0274026,-0.0264549,-0.0087249),(0.0268280,-0.0255145,-0.0087249),(0.0269100,-0.0255664,-0.0087249),(0.0274026,-0.0264549,-0.0087249),(0.0269100,-0.0255664,-0.0087249),(0.0269893,-0.0256276,-0.0087249),(0.0274026,-0.0264549,-0.0087249),(0.0269893,-0.0256276,-0.0087249),(0.0270661,-0.0256983,-0.0087249),(0.0274026,-0.0264549,-0.0087249),(0.0270661,-0.0256983,-0.0087249),(0.0271462,-0.0257866,-0.0087249),(0.0274026,-0.0264549,-0.0087249),(0.0271462,-0.0257866,-0.0087249),(0.0272156,-0.0258814,-0.0087249),(0.0274026,-0.0264549,-0.0087249),(0.0272156,-0.0258814,-0.0087249),(0.0272744,-0.0259829,-0.0087249),(0.0274026,-0.0264549,-0.0087249),(0.0272744,-0.0259829,-0.0087249),(0.0273225,-0.0260910,-0.0087249),(0.0274026,-0.0264549,-0.0087249),(0.0273225,-0.0260910,-0.0087249),(0.0273598,-0.0262057,-0.0087249),(0.0274026,-0.0264549,-0.0087249),(0.0273598,-0.0262057,-0.0087249),(0.0273866,-0.0263270,-0.0087249),(0.0223713,-0.0258211,-0.0087249),(0.0235429,-0.0274118,-0.0087249),(0.0236074,-0.0275055,-0.0087249),(0.0223713,-0.0258211,-0.0087249),(0.0236074,-0.0275055,-0.0087249),(0.0236633,-0.0276031,-0.0087249),(0.0223713,-0.0258211,-0.0087249),(0.0236633,-0.0276031,-0.0087249),(0.0237106,-0.0277046,-0.0087249),(0.0223713,-0.0258211,-0.0087249),(0.0237106,-0.0277046,-0.0087249),(0.0237493,-0.0278100,-0.0087249),(0.0223713,-0.0258211,-0.0087249),(0.0237493,-0.0278100,-0.0087249),(0.0237794,-0.0279192,-0.0087249),(0.0223713,-0.0258211,-0.0087249),(0.0237794,-0.0279192,-0.0087249),(0.0238009,-0.0280323,-0.0087249),(0.0223713,-0.0258211,-0.0087249),(0.0238009,-0.0280323,-0.0087249),(0.0238138,-0.0281492,-0.0087249),(0.0223713,-0.0258211,-0.0087249),(0.0238138,-0.0281492,-0.0087249),(0.0238181,-0.0282701,-0.0087249),(0.0223713,-0.0258211,-0.0087249),(0.0238181,-0.0282701,-0.0087249),(0.0238129,-0.0283950,-0.0087249),(0.0223713,-0.0258211,-0.0087249),(0.0238129,-0.0283950,-0.0087249),(0.0237975,-0.0285154,-0.0087249),(0.0223713,-0.0258211,-0.0087249),(0.0237975,-0.0285154,-0.0087249),(0.0237719,-0.0286312,-0.0087249),(0.0223713,-0.0258211,-0.0087249),(0.0237719,-0.0286312,-0.0087249),(0.0237360,-0.0287424,-0.0087249),(0.0237360,-0.0287424,-0.0087249),(0.0236899,-0.0288489,-0.0087249),(0.0236335,-0.0289509,-0.0087249),(0.0237360,-0.0287424,-0.0087249),(0.0236335,-0.0289509,-0.0087249),(0.0235669,-0.0290483,-0.0087249),(0.0237360,-0.0287424,-0.0087249),(0.0235669,-0.0290483,-0.0087249),(0.0234900,-0.0291411,-0.0087249),(0.0237360,-0.0287424,-0.0087249),(0.0234900,-0.0291411,-0.0087249),(0.0234171,-0.0292143,-0.0087249),(0.0237360,-0.0287424,-0.0087249),(0.0234171,-0.0292143,-0.0087249),(0.0233397,-0.0292777,-0.0087249),(0.0237360,-0.0287424,-0.0087249),(0.0233397,-0.0292777,-0.0087249),(0.0232578,-0.0293313,-0.0087249),(0.0237360,-0.0287424,-0.0087249),(0.0232578,-0.0293313,-0.0087249),(0.0231714,-0.0293752,-0.0087249),(0.0237360,-0.0287424,-0.0087249),(0.0231714,-0.0293752,-0.0087249),(0.0230805,-0.0294094,-0.0087249),(0.0237360,-0.0287424,-0.0087249),(0.0230805,-0.0294094,-0.0087249),(0.0229851,-0.0294338,-0.0087249),(0.0237360,-0.0287424,-0.0087249),(0.0229851,-0.0294338,-0.0087249),(0.0228853,-0.0294484,-0.0087249),(0.0237360,-0.0287424,-0.0087249),(0.0228853,-0.0294484,-0.0087249),(0.0227809,-0.0294533,-0.0087249),(0.0237360,-0.0287424,-0.0087249),(0.0227809,-0.0294533,-0.0087249),(0.0226824,-0.0294485,-0.0087249),(0.0237360,-0.0287424,-0.0087249),(0.0226824,-0.0294485,-0.0087249),(0.0225869,-0.0294342,-0.0087249),(0.0237360,-0.0287424,-0.0087249),(0.0225869,-0.0294342,-0.0087249),(0.0224944,-0.0294103,-0.0087249),(0.0237360,-0.0287424,-0.0087249),(0.0224944,-0.0294103,-0.0087249),(0.0224049,-0.0293768,-0.0087249),(0.0237360,-0.0287424,-0.0087249),(0.0224049,-0.0293768,-0.0087249),(0.0223184,-0.0293338,-0.0087249),(0.0237360,-0.0287424,-0.0087249),(0.0223184,-0.0293338,-0.0087249),(0.0222350,-0.0292812,-0.0087249),(0.0222350,-0.0292812,-0.0087249),(0.0221545,-0.0292191,-0.0087249),(0.0220771,-0.0291474,-0.0087249),(0.0222350,-0.0292812,-0.0087249),(0.0220771,-0.0291474,-0.0087249),(0.0219980,-0.0290609,-0.0087249),(0.0222350,-0.0292812,-0.0087249),(0.0219980,-0.0290609,-0.0087249),(0.0219294,-0.0289680,-0.0087249),(0.0222350,-0.0292812,-0.0087249),(0.0219294,-0.0289680,-0.0087249),(0.0218714,-0.0288688,-0.0087249),(0.0222350,-0.0292812,-0.0087249),(0.0218714,-0.0288688,-0.0087249),(0.0218239,-0.0287633,-0.0087249),(0.0222350,-0.0292812,-0.0087249),(0.0218239,-0.0287633,-0.0087249),(0.0217870,-0.0286513,-0.0087249),(0.0222350,-0.0292812,-0.0087249),(0.0217870,-0.0286513,-0.0087249),(0.0217606,-0.0285331,-0.0087249),(0.0222350,-0.0292812,-0.0087249),(0.0217606,-0.0285331,-0.0087249),(0.0217448,-0.0284085,-0.0087249),(0.0222350,-0.0292812,-0.0087249),(0.0217448,-0.0284085,-0.0087249),(0.0217395,-0.0282775,-0.0087249),(0.0222350,-0.0292812,-0.0087249),(0.0217395,-0.0282775,-0.0087249),(0.0217395,-0.0282722,-0.0087249),(0.0222350,-0.0292812,-0.0087249),(0.0217395,-0.0282722,-0.0087249),(0.0217551,-0.0281907,-0.0087249),(0.0222350,-0.0292812,-0.0087249),(0.0217551,-0.0281907,-0.0087249),(0.0218019,-0.0281219,-0.0087249),(0.0222350,-0.0292812,-0.0087249),(0.0218019,-0.0281219,-0.0087249),(0.0218707,-0.0280751,-0.0087249),(0.0222350,-0.0292812,-0.0087249),(0.0218707,-0.0280751,-0.0087249),(0.0219522,-0.0280595,-0.0087249),(0.0222350,-0.0292812,-0.0087249),(0.0219522,-0.0280595,-0.0087249),(0.0220337,-0.0280751,-0.0087249),(0.0222350,-0.0292812,-0.0087249),(0.0220337,-0.0280751,-0.0087249),(0.0221025,-0.0281219,-0.0087249),(0.0222350,-0.0292812,-0.0087249),(0.0221025,-0.0281219,-0.0087249),(0.0221501,-0.0281907,-0.0087249),(0.0221501,-0.0281907,-0.0087249),(0.0221660,-0.0282722,-0.0087249),(0.0221660,-0.0282775,-0.0087249),(0.0221501,-0.0281907,-0.0087249),(0.0221660,-0.0282775,-0.0087249),(0.0221693,-0.0283644,-0.0087249),(0.0222350,-0.0292812,-0.0087249),(0.0221501,-0.0281907,-0.0087249),(0.0221693,-0.0283644,-0.0087249),(0.0222350,-0.0292812,-0.0087249),(0.0221693,-0.0283644,-0.0087249),(0.0221793,-0.0284468,-0.0087249),(0.0222350,-0.0292812,-0.0087249),(0.0221793,-0.0284468,-0.0087249),(0.0221959,-0.0285247,-0.0087249),(0.0222350,-0.0292812,-0.0087249),(0.0221959,-0.0285247,-0.0087249),(0.0222192,-0.0285982,-0.0087249),(0.0222350,-0.0292812,-0.0087249),(0.0222192,-0.0285982,-0.0087249),(0.0222857,-0.0287315,-0.0087249),(0.0222350,-0.0292812,-0.0087249),(0.0222857,-0.0287315,-0.0087249),(0.0223787,-0.0288469,-0.0087249),(0.0222350,-0.0292812,-0.0087249),(0.0223787,-0.0288469,-0.0087249),(0.0224696,-0.0289256,-0.0087249),(0.0222350,-0.0292812,-0.0087249),(0.0224696,-0.0289256,-0.0087249),(0.0225666,-0.0289818,-0.0087249),(0.0222350,-0.0292812,-0.0087249),(0.0225666,-0.0289818,-0.0087249),(0.0226696,-0.0290155,-0.0087249),(0.0222350,-0.0292812,-0.0087249),(0.0226696,-0.0290155,-0.0087249),(0.0227788,-0.0290268,-0.0087249),(0.0222350,-0.0292812,-0.0087249),(0.0227788,-0.0290268,-0.0087249),(0.0228920,-0.0290159,-0.0087249),(0.0222350,-0.0292812,-0.0087249),(0.0228920,-0.0290159,-0.0087249),(0.0229957,-0.0289834,-0.0087249),(0.0237360,-0.0287424,-0.0087249),(0.0222350,-0.0292812,-0.0087249),(0.0229957,-0.0289834,-0.0087249),(0.0237360,-0.0287424,-0.0087249),(0.0229957,-0.0289834,-0.0087249),(0.0230899,-0.0289292,-0.0087249),(0.0237360,-0.0287424,-0.0087249),(0.0230899,-0.0289292,-0.0087249),(0.0231746,-0.0288532,-0.0087249),(0.0237360,-0.0287424,-0.0087249),(0.0231746,-0.0288532,-0.0087249),(0.0232262,-0.0287920,-0.0087249),(0.0237360,-0.0287424,-0.0087249),(0.0232262,-0.0287920,-0.0087249),(0.0232709,-0.0287276,-0.0087249),(0.0237360,-0.0287424,-0.0087249),(0.0232709,-0.0287276,-0.0087249),(0.0233397,-0.0285889,-0.0087249),(0.0237360,-0.0287424,-0.0087249),(0.0233397,-0.0285889,-0.0087249),(0.0233810,-0.0284371,-0.0087249),(0.0237360,-0.0287424,-0.0087249),(0.0233810,-0.0284371,-0.0087249),(0.0233913,-0.0283563,-0.0087249),(0.0237360,-0.0287424,-0.0087249),(0.0233913,-0.0283563,-0.0087249),(0.0233947,-0.0282722,-0.0087249),(0.0237360,-0.0287424,-0.0087249),(0.0233947,-0.0282722,-0.0087249),(0.0233918,-0.0281855,-0.0087249),(0.0237360,-0.0287424,-0.0087249),(0.0233918,-0.0281855,-0.0087249),(0.0233830,-0.0281021,-0.0087249),(0.0237360,-0.0287424,-0.0087249),(0.0233830,-0.0281021,-0.0087249),(0.0233684,-0.0280220,-0.0087249),(0.0237360,-0.0287424,-0.0087249),(0.0233684,-0.0280220,-0.0087249),(0.0233479,-0.0279452,-0.0087249),(0.0237360,-0.0287424,-0.0087249),(0.0233479,-0.0279452,-0.0087249),(0.0232893,-0.0278015,-0.0087249),(0.0223713,-0.0258211,-0.0087249),(0.0237360,-0.0287424,-0.0087249),(0.0232893,-0.0278015,-0.0087249),(0.0223713,-0.0258211,-0.0087249),(0.0232893,-0.0278015,-0.0087249),(0.0232074,-0.0276711,-0.0087249),(0.0223713,-0.0258211,-0.0087249),(0.0232074,-0.0276711,-0.0087249),(0.0217839,-0.0257375,-0.0087249),(0.0236074,-0.0258211,-0.0087249),(0.0223713,-0.0258211,-0.0087249),(0.0217839,-0.0257375,-0.0087249),(0.0236074,-0.0258211,-0.0087249),(0.0217839,-0.0257375,-0.0087249),(0.0217374,-0.0256126,-0.0087249),(0.0236074,-0.0258211,-0.0087249),(0.0217374,-0.0256126,-0.0087249),(0.0217395,-0.0255777,-0.0087249),(0.0236074,-0.0258211,-0.0087249),(0.0217395,-0.0255777,-0.0087249),(0.0217659,-0.0254991,-0.0087249),(0.0236074,-0.0258211,-0.0087249),(0.0217659,-0.0254991,-0.0087249),(0.0218178,-0.0254433,-0.0087249),(0.0236074,-0.0258211,-0.0087249),(0.0218178,-0.0254433,-0.0087249),(0.0218863,-0.0254083,-0.0087249),(0.0236074,-0.0258211,-0.0087249),(0.0218863,-0.0254083,-0.0087249),(0.0219522,-0.0253967,-0.0087249),(0.0236074,-0.0258211,-0.0087249),(0.0219522,-0.0253967,-0.0087249),(0.0236074,-0.0253967,-0.0087249),(0.0236074,-0.0258211,-0.0087249),(0.0236074,-0.0253967,-0.0087249),(0.0236908,-0.0254118,-0.0087249),(0.0236074,-0.0258211,-0.0087249),(0.0236908,-0.0254118,-0.0087249),(0.0237588,-0.0254570,-0.0087249),(0.0236074,-0.0258211,-0.0087249),(0.0237588,-0.0254570,-0.0087249),(0.0238032,-0.0255250,-0.0087249),(0.0236074,-0.0258211,-0.0087249),(0.0238032,-0.0255250,-0.0087249),(0.0238181,-0.0256084,-0.0087249),(0.0236074,-0.0258211,-0.0087249),(0.0238181,-0.0256084,-0.0087249),(0.0238032,-0.0256925,-0.0087249),(0.0236074,-0.0258211,-0.0087249),(0.0238032,-0.0256925,-0.0087249),(0.0237588,-0.0257608,-0.0087249),(0.0236074,-0.0258211,-0.0087249),(0.0237588,-0.0257608,-0.0087249),(0.0236929,-0.0258060,-0.0087249),(0.0242763,-0.0254271,-0.0087249),(0.0243493,-0.0253205,-0.0087249),(0.0244560,-0.0252475,-0.0087249),(0.0242763,-0.0254271,-0.0087249),(0.0244560,-0.0252475,-0.0087249),(0.0245811,-0.0252231,-0.0087249),(0.0242763,-0.0254271,-0.0087249),(0.0245811,-0.0252231,-0.0087249),(0.0247060,-0.0252475,-0.0087249),(0.0242763,-0.0254271,-0.0087249),(0.0247060,-0.0252475,-0.0087249),(0.0248118,-0.0253205,-0.0087249),(0.0242763,-0.0254271,-0.0087249),(0.0248118,-0.0253205,-0.0087249),(0.0248849,-0.0254271,-0.0087249),(0.0242763,-0.0254271,-0.0087249),(0.0248849,-0.0254271,-0.0087249),(0.0249092,-0.0255523,-0.0087249),(0.0242763,-0.0254271,-0.0087249),(0.0249092,-0.0255523,-0.0087249),(0.0248849,-0.0256774,-0.0087249),(0.0242763,-0.0254271,-0.0087249),(0.0248849,-0.0256774,-0.0087249),(0.0248118,-0.0257841,-0.0087249),(0.0242763,-0.0254271,-0.0087249),(0.0248118,-0.0257841,-0.0087249),(0.0247060,-0.0258571,-0.0087249),(0.0242763,-0.0254271,-0.0087249),(0.0247060,-0.0258571,-0.0087249),(0.0245811,-0.0258814,-0.0087249),(0.0242763,-0.0254271,-0.0087249),(0.0245811,-0.0258814,-0.0087249),(0.0244560,-0.0258571,-0.0087249),(0.0242763,-0.0254271,-0.0087249),(0.0244560,-0.0258571,-0.0087249),(0.0243493,-0.0257841,-0.0087249),(0.0242763,-0.0254271,-0.0087249),(0.0243493,-0.0257841,-0.0087249),(0.0242763,-0.0256774,-0.0087249),(0.0242763,-0.0254271,-0.0087249),(0.0242763,-0.0256774,-0.0087249),(0.0242520,-0.0255523,-0.0087249),(0.0377956,-0.0271795,-0.0087249),(0.0391778,-0.0253898,-0.0087249),(0.0392501,-0.0253279,-0.0087249),(0.0377956,-0.0271795,-0.0087249),(0.0392501,-0.0253279,-0.0087249),(0.0393419,-0.0253073,-0.0087249),(0.0377956,-0.0271795,-0.0087249),(0.0393419,-0.0253073,-0.0087249),(0.0394742,-0.0253528,-0.0087249),(0.0377956,-0.0271795,-0.0087249),(0.0394742,-0.0253528,-0.0087249),(0.0395385,-0.0254263,-0.0087249),(0.0377956,-0.0271795,-0.0087249),(0.0395385,-0.0254263,-0.0087249),(0.0395599,-0.0255221,-0.0087249),(0.0377956,-0.0271795,-0.0087249),(0.0395599,-0.0255221,-0.0087249),(0.0395154,-0.0256544,-0.0087249),(0.0377956,-0.0271795,-0.0087249),(0.0395154,-0.0256544,-0.0087249),(0.0383396,-0.0271795,-0.0087249),(0.0383396,-0.0271795,-0.0087249),(0.0384254,-0.0271795,-0.0087249),(0.0385446,-0.0271846,-0.0087249),(0.0377956,-0.0271795,-0.0087249),(0.0383396,-0.0271795,-0.0087249),(0.0385446,-0.0271846,-0.0087249),(0.0369320,-0.0271795,-0.0087249),(0.0377956,-0.0271795,-0.0087249),(0.0385446,-0.0271846,-0.0087249),(0.0369320,-0.0271795,-0.0087249),(0.0385446,-0.0271846,-0.0087249),(0.0386584,-0.0271999,-0.0087249),(0.0369320,-0.0271795,-0.0087249),(0.0386584,-0.0271999,-0.0087249),(0.0387667,-0.0272255,-0.0087249),(0.0369320,-0.0271795,-0.0087249),(0.0387667,-0.0272255,-0.0087249),(0.0388696,-0.0272612,-0.0087249),(0.0369320,-0.0271795,-0.0087249),(0.0388696,-0.0272612,-0.0087249),(0.0389670,-0.0273072,-0.0087249),(0.0369320,-0.0271795,-0.0087249),(0.0389670,-0.0273072,-0.0087249),(0.0390590,-0.0273634,-0.0087249),(0.0369320,-0.0271795,-0.0087249),(0.0390590,-0.0273634,-0.0087249),(0.0391455,-0.0274298,-0.0087249),(0.0369320,-0.0271795,-0.0087249),(0.0391455,-0.0274298,-0.0087249),(0.0392265,-0.0275065,-0.0087249),(0.0369320,-0.0271795,-0.0087249),(0.0392265,-0.0275065,-0.0087249),(0.0393029,-0.0275962,-0.0087249),(0.0369320,-0.0271795,-0.0087249),(0.0393029,-0.0275962,-0.0087249),(0.0393691,-0.0276887,-0.0087249),(0.0369320,-0.0271795,-0.0087249),(0.0393691,-0.0276887,-0.0087249),(0.0394251,-0.0277838,-0.0087249),(0.0394251,-0.0277838,-0.0087249),(0.0394710,-0.0278817,-0.0087249),(0.0390754,-0.0280309,-0.0087249),(0.0394251,-0.0277838,-0.0087249),(0.0390754,-0.0280309,-0.0087249),(0.0390109,-0.0279133,-0.0087249),(0.0394251,-0.0277838,-0.0087249),(0.0390109,-0.0279133,-0.0087249),(0.0389207,-0.0278071,-0.0087249),(0.0394251,-0.0277838,-0.0087249),(0.0389207,-0.0278071,-0.0087249),(0.0388107,-0.0277191,-0.0087249),(0.0394251,-0.0277838,-0.0087249),(0.0388107,-0.0277191,-0.0087249),(0.0386915,-0.0276562,-0.0087249),(0.0394251,-0.0277838,-0.0087249),(0.0386915,-0.0276562,-0.0087249),(0.0385631,-0.0276185,-0.0087249),(0.0369320,-0.0271795,-0.0087249),(0.0394251,-0.0277838,-0.0087249),(0.0385631,-0.0276185,-0.0087249),(0.0369320,-0.0271795,-0.0087249),(0.0385631,-0.0276185,-0.0087249),(0.0384254,-0.0276060,-0.0087249),(0.0369320,-0.0271795,-0.0087249),(0.0384254,-0.0276060,-0.0087249),(0.0369320,-0.0276060,-0.0087249),(0.0391141,-0.0281599,-0.0087249),(0.0390754,-0.0280309,-0.0087249),(0.0394710,-0.0278817,-0.0087249),(0.0391270,-0.0283002,-0.0087249),(0.0391141,-0.0281599,-0.0087249),(0.0394710,-0.0278817,-0.0087249),(0.0391141,-0.0284393,-0.0087249),(0.0391270,-0.0283002,-0.0087249),(0.0394710,-0.0278817,-0.0087249),(0.0390754,-0.0285675,-0.0087249),(0.0391141,-0.0284393,-0.0087249),(0.0394710,-0.0278817,-0.0087249),(0.0390109,-0.0286848,-0.0087249),(0.0390754,-0.0285675,-0.0087249),(0.0394710,-0.0278817,-0.0087249),(0.0390109,-0.0286848,-0.0087249),(0.0394710,-0.0278817,-0.0087249),(0.0395066,-0.0279822,-0.0087249),(0.0390109,-0.0286848,-0.0087249),(0.0395066,-0.0279822,-0.0087249),(0.0395321,-0.0280855,-0.0087249),(0.0389207,-0.0287913,-0.0087249),(0.0390109,-0.0286848,-0.0087249),(0.0395321,-0.0280855,-0.0087249),(0.0389207,-0.0287913,-0.0087249),(0.0395321,-0.0280855,-0.0087249),(0.0395474,-0.0281915,-0.0087249),(0.0389207,-0.0287913,-0.0087249),(0.0395474,-0.0281915,-0.0087249),(0.0395525,-0.0283002,-0.0087249),(0.0388135,-0.0288793,-0.0087249),(0.0389207,-0.0287913,-0.0087249),(0.0395525,-0.0283002,-0.0087249),(0.0388135,-0.0288793,-0.0087249),(0.0395525,-0.0283002,-0.0087249),(0.0395474,-0.0284129,-0.0087249),(0.0388135,-0.0288793,-0.0087249),(0.0395474,-0.0284129,-0.0087249),(0.0395321,-0.0285216,-0.0087249),(0.0386963,-0.0289421,-0.0087249),(0.0388135,-0.0288793,-0.0087249),(0.0395321,-0.0285216,-0.0087249),(0.0386963,-0.0289421,-0.0087249),(0.0395321,-0.0285216,-0.0087249),(0.0395066,-0.0286264,-0.0087249),(0.0386963,-0.0289421,-0.0087249),(0.0395066,-0.0286264,-0.0087249),(0.0394710,-0.0287273,-0.0087249),(0.0385690,-0.0289798,-0.0087249),(0.0386963,-0.0289421,-0.0087249),(0.0394710,-0.0287273,-0.0087249),(0.0385690,-0.0289798,-0.0087249),(0.0394710,-0.0287273,-0.0087249),(0.0394251,-0.0288243,-0.0087249),(0.0385690,-0.0289798,-0.0087249),(0.0394251,-0.0288243,-0.0087249),(0.0393691,-0.0289174,-0.0087249),(0.0384317,-0.0289924,-0.0087249),(0.0385690,-0.0289798,-0.0087249),(0.0393691,-0.0289174,-0.0087249),(0.0384317,-0.0289924,-0.0087249),(0.0393691,-0.0289174,-0.0087249),(0.0393029,-0.0290066,-0.0087249),(0.0369320,-0.0289924,-0.0087249),(0.0384317,-0.0289924,-0.0087249),(0.0393029,-0.0290066,-0.0087249),(0.0369320,-0.0289924,-0.0087249),(0.0393029,-0.0290066,-0.0087249),(0.0392265,-0.0290919,-0.0087249),(0.0369320,-0.0289924,-0.0087249),(0.0392265,-0.0290919,-0.0087249),(0.0391394,-0.0291700,-0.0087249),(0.0369320,-0.0289924,-0.0087249),(0.0391394,-0.0291700,-0.0087249),(0.0390486,-0.0292377,-0.0087249),(0.0369320,-0.0289924,-0.0087249),(0.0390486,-0.0292377,-0.0087249),(0.0389541,-0.0292950,-0.0087249),(0.0369320,-0.0289924,-0.0087249),(0.0389541,-0.0292950,-0.0087249),(0.0388558,-0.0293419,-0.0087249),(0.0369320,-0.0289924,-0.0087249),(0.0388558,-0.0293419,-0.0087249),(0.0387538,-0.0293784,-0.0087249),(0.0369320,-0.0289924,-0.0087249),(0.0387538,-0.0293784,-0.0087249),(0.0386481,-0.0294044,-0.0087249),(0.0369320,-0.0289924,-0.0087249),(0.0386481,-0.0294044,-0.0087249),(0.0385386,-0.0294200,-0.0087249),(0.0369320,-0.0289924,-0.0087249),(0.0385386,-0.0294200,-0.0087249),(0.0384254,-0.0294252,-0.0087249),(0.0369320,-0.0289924,-0.0087249),(0.0384254,-0.0294252,-0.0087249),(0.0367193,-0.0294252,-0.0087249),(0.0369320,-0.0276060,-0.0087249),(0.0369320,-0.0289924,-0.0087249),(0.0367193,-0.0294252,-0.0087249),(0.0369320,-0.0271795,-0.0087249),(0.0369320,-0.0276060,-0.0087249),(0.0367193,-0.0294252,-0.0087249),(0.0369320,-0.0271795,-0.0087249),(0.0367193,-0.0294252,-0.0087249),(0.0366333,-0.0294086,-0.0087249),(0.0369320,-0.0271795,-0.0087249),(0.0366333,-0.0294086,-0.0087249),(0.0365616,-0.0293586,-0.0087249),(0.0369320,-0.0271795,-0.0087249),(0.0365616,-0.0293586,-0.0087249),(0.0365196,-0.0292842,-0.0087249),(0.0369320,-0.0271795,-0.0087249),(0.0365196,-0.0292842,-0.0087249),(0.0365055,-0.0292051,-0.0087249),(0.0369320,-0.0271795,-0.0087249),(0.0365055,-0.0292051,-0.0087249),(0.0365055,-0.0255782,-0.0087249),(0.0369320,-0.0271795,-0.0087249),(0.0365055,-0.0255782,-0.0087249),(0.0365284,-0.0254949,-0.0087249),(0.0369320,-0.0271795,-0.0087249),(0.0365284,-0.0254949,-0.0087249),(0.0365717,-0.0254353,-0.0087249),(0.0369320,-0.0271795,-0.0087249),(0.0365717,-0.0254353,-0.0087249),(0.0367193,-0.0253877,-0.0087249),(0.0369320,-0.0271795,-0.0087249),(0.0367193,-0.0253877,-0.0087249),(0.0367933,-0.0253996,-0.0087249),(0.0369320,-0.0271795,-0.0087249),(0.0367933,-0.0253996,-0.0087249),(0.0368535,-0.0254353,-0.0087249),(0.0369320,-0.0271795,-0.0087249),(0.0368535,-0.0254353,-0.0087249),(0.0369320,-0.0255782,-0.0087249),(0.0355435,-0.0271848,-0.0087249),(0.0355414,-0.0255782,-0.0087249),(0.0355575,-0.0254962,-0.0087249),(0.0355435,-0.0271848,-0.0087249),(0.0355575,-0.0254962,-0.0087249),(0.0356060,-0.0254279,-0.0087249),(0.0355435,-0.0271848,-0.0087249),(0.0356060,-0.0254279,-0.0087249),(0.0356747,-0.0253819,-0.0087249),(0.0355435,-0.0271848,-0.0087249),(0.0356747,-0.0253819,-0.0087249),(0.0357520,-0.0253665,-0.0087249),(0.0355435,-0.0271848,-0.0087249),(0.0357520,-0.0253665,-0.0087249),(0.0358348,-0.0253819,-0.0087249),(0.0355435,-0.0271848,-0.0087249),(0.0358348,-0.0253819,-0.0087249),(0.0359033,-0.0254279,-0.0087249),(0.0355435,-0.0271848,-0.0087249),(0.0359033,-0.0254279,-0.0087249),(0.0359494,-0.0254962,-0.0087249),(0.0355435,-0.0271848,-0.0087249),(0.0359494,-0.0254962,-0.0087249),(0.0359647,-0.0255782,-0.0087249),(0.0355435,-0.0271848,-0.0087249),(0.0359647,-0.0255782,-0.0087249),(0.0359647,-0.0292051,-0.0087249),(0.0355435,-0.0271848,-0.0087249),(0.0359647,-0.0292051,-0.0087249),(0.0359494,-0.0292866,-0.0087249),(0.0355435,-0.0271848,-0.0087249),(0.0359494,-0.0292866,-0.0087249),(0.0359033,-0.0293554,-0.0087249),(0.0355435,-0.0271848,-0.0087249),(0.0359033,-0.0293554,-0.0087249),(0.0358359,-0.0294030,-0.0087249),(0.0355435,-0.0271848,-0.0087249),(0.0358359,-0.0294030,-0.0087249),(0.0357562,-0.0294189,-0.0087249),(0.0355435,-0.0271848,-0.0087249),(0.0357562,-0.0294189,-0.0087249),(0.0356742,-0.0294025,-0.0087249),(0.0355435,-0.0271848,-0.0087249),(0.0356742,-0.0294025,-0.0087249),(0.0356038,-0.0293533,-0.0087249),(0.0355435,-0.0271848,-0.0087249),(0.0356038,-0.0293533,-0.0087249),(0.0355570,-0.0292887,-0.0087249),(0.0355435,-0.0271848,-0.0087249),(0.0355570,-0.0292887,-0.0087249),(0.0355414,-0.0292051,-0.0087249),(0.0355435,-0.0271848,-0.0087249),(0.0355414,-0.0292051,-0.0087249),(0.0355414,-0.0276060,-0.0087249),(0.0333422,-0.0271848,-0.0087249),(0.0355435,-0.0271848,-0.0087249),(0.0355414,-0.0276060,-0.0087249),(0.0333422,-0.0271848,-0.0087249),(0.0355414,-0.0276060,-0.0087249),(0.0333485,-0.0276060,-0.0087249),(0.0333422,-0.0271848,-0.0087249),(0.0333485,-0.0276060,-0.0087249),(0.0333485,-0.0292051,-0.0087249),(0.0333422,-0.0271848,-0.0087249),(0.0333485,-0.0292051,-0.0087249),(0.0333321,-0.0292866,-0.0087249),(0.0333422,-0.0271848,-0.0087249),(0.0333321,-0.0292866,-0.0087249),(0.0332829,-0.0293554,-0.0087249),(0.0333422,-0.0271848,-0.0087249),(0.0332829,-0.0293554,-0.0087249),(0.0332133,-0.0294030,-0.0087249),(0.0333422,-0.0271848,-0.0087249),(0.0332133,-0.0294030,-0.0087249),(0.0331358,-0.0294189,-0.0087249),(0.0333422,-0.0271848,-0.0087249),(0.0331358,-0.0294189,-0.0087249),(0.0330535,-0.0294030,-0.0087249),(0.0333422,-0.0271848,-0.0087249),(0.0330535,-0.0294030,-0.0087249),(0.0329823,-0.0293554,-0.0087249),(0.0333422,-0.0271848,-0.0087249),(0.0329823,-0.0293554,-0.0087249),(0.0329339,-0.0292866,-0.0087249),(0.0333422,-0.0271848,-0.0087249),(0.0329339,-0.0292866,-0.0087249),(0.0329178,-0.0292051,-0.0087249),(0.0333422,-0.0271848,-0.0087249),(0.0329178,-0.0292051,-0.0087249),(0.0329178,-0.0255782,-0.0087249),(0.0333422,-0.0271848,-0.0087249),(0.0329178,-0.0255782,-0.0087249),(0.0329334,-0.0254962,-0.0087249),(0.0333422,-0.0271848,-0.0087249),(0.0329334,-0.0254962,-0.0087249),(0.0329802,-0.0254279,-0.0087249),(0.0333422,-0.0271848,-0.0087249),(0.0329802,-0.0254279,-0.0087249),(0.0330498,-0.0253819,-0.0087249),(0.0333422,-0.0271848,-0.0087249),(0.0330498,-0.0253819,-0.0087249),(0.0331316,-0.0253665,-0.0087249),(0.0333422,-0.0271848,-0.0087249),(0.0331316,-0.0253665,-0.0087249),(0.0332094,-0.0253816,-0.0087249),(0.0333422,-0.0271848,-0.0087249),(0.0332094,-0.0253816,-0.0087249),(0.0332819,-0.0254269,-0.0087249),(0.0333422,-0.0271848,-0.0087249),(0.0332819,-0.0254269,-0.0087249),(0.0333271,-0.0254917,-0.0087249),(0.0333422,-0.0271848,-0.0087249),(0.0333271,-0.0254917,-0.0087249),(0.0333422,-0.0255782,-0.0087249),(0.0405240,-0.0268969,-0.0087249),(0.0405240,-0.0292051,-0.0087249),(0.0405087,-0.0292866,-0.0087249),(0.0405240,-0.0268969,-0.0087249),(0.0405087,-0.0292866,-0.0087249),(0.0404626,-0.0293554,-0.0087249),(0.0405240,-0.0268969,-0.0087249),(0.0404626,-0.0293554,-0.0087249),(0.0403952,-0.0294030,-0.0087249),(0.0405290,-0.0267844,-0.0087249),(0.0405240,-0.0268969,-0.0087249),(0.0403952,-0.0294030,-0.0087249),(0.0405290,-0.0267844,-0.0087249),(0.0403952,-0.0294030,-0.0087249),(0.0403155,-0.0294189,-0.0087249),(0.0405290,-0.0267844,-0.0087249),(0.0403155,-0.0294189,-0.0087249),(0.0402322,-0.0294025,-0.0087249),(0.0405290,-0.0267844,-0.0087249),(0.0402322,-0.0294025,-0.0087249),(0.0401578,-0.0293533,-0.0087249),(0.0405290,-0.0267844,-0.0087249),(0.0401578,-0.0293533,-0.0087249),(0.0401126,-0.0292887,-0.0087249),(0.0405290,-0.0267844,-0.0087249),(0.0401126,-0.0292887,-0.0087249),(0.0400975,-0.0292051,-0.0087249),(0.0405290,-0.0267844,-0.0087249),(0.0400975,-0.0292051,-0.0087249),(0.0400975,-0.0268969,-0.0087249),(0.0405290,-0.0267844,-0.0087249),(0.0400975,-0.0268969,-0.0087249),(0.0401045,-0.0267418,-0.0087249),(0.0405290,-0.0267844,-0.0087249),(0.0401045,-0.0267418,-0.0087249),(0.0401253,-0.0265924,-0.0087249),(0.0405290,-0.0267844,-0.0087249),(0.0401253,-0.0265924,-0.0087249),(0.0401600,-0.0264488,-0.0087249),(0.0405290,-0.0267844,-0.0087249),(0.0401600,-0.0264488,-0.0087249),(0.0402086,-0.0263108,-0.0087249),(0.0405290,-0.0267844,-0.0087249),(0.0402086,-0.0263108,-0.0087249),(0.0402712,-0.0261786,-0.0087249),(0.0405290,-0.0267844,-0.0087249),(0.0402712,-0.0261786,-0.0087249),(0.0403475,-0.0260521,-0.0087249),(0.0405290,-0.0267844,-0.0087249),(0.0403475,-0.0260521,-0.0087249),(0.0404378,-0.0259314,-0.0087249),(0.0405290,-0.0267844,-0.0087249),(0.0404378,-0.0259314,-0.0087249),(0.0405420,-0.0258163,-0.0087249),(0.0405290,-0.0267844,-0.0087249),(0.0405420,-0.0258163,-0.0087249),(0.0406546,-0.0257109,-0.0087249),(0.0406546,-0.0257109,-0.0087249),(0.0407733,-0.0256195,-0.0087249),(0.0408980,-0.0255422,-0.0087249),(0.0406546,-0.0257109,-0.0087249),(0.0408980,-0.0255422,-0.0087249),(0.0410289,-0.0254790,-0.0087249),(0.0406546,-0.0257109,-0.0087249),(0.0410289,-0.0254790,-0.0087249),(0.0411658,-0.0254298,-0.0087249),(0.0406546,-0.0257109,-0.0087249),(0.0411658,-0.0254298,-0.0087249),(0.0413088,-0.0253947,-0.0087249),(0.0406546,-0.0257109,-0.0087249),(0.0413088,-0.0253947,-0.0087249),(0.0414579,-0.0253736,-0.0087249),(0.0406546,-0.0257109,-0.0087249),(0.0414579,-0.0253736,-0.0087249),(0.0416131,-0.0253665,-0.0087249),(0.0406546,-0.0257109,-0.0087249),(0.0416131,-0.0253665,-0.0087249),(0.0417684,-0.0253736,-0.0087249),(0.0406546,-0.0257109,-0.0087249),(0.0417684,-0.0253736,-0.0087249),(0.0419182,-0.0253947,-0.0087249),(0.0406546,-0.0257109,-0.0087249),(0.0419182,-0.0253947,-0.0087249),(0.0420623,-0.0254298,-0.0087249),(0.0406546,-0.0257109,-0.0087249),(0.0420623,-0.0254298,-0.0087249),(0.0422007,-0.0254790,-0.0087249),(0.0406546,-0.0257109,-0.0087249),(0.0422007,-0.0254790,-0.0087249),(0.0423335,-0.0255422,-0.0087249),(0.0406546,-0.0257109,-0.0087249),(0.0423335,-0.0255422,-0.0087249),(0.0424606,-0.0256195,-0.0087249),(0.0406546,-0.0257109,-0.0087249),(0.0424606,-0.0256195,-0.0087249),(0.0425820,-0.0257109,-0.0087249),(0.0406546,-0.0257109,-0.0087249),(0.0425820,-0.0257109,-0.0087249),(0.0426978,-0.0258163,-0.0087249),(0.0426978,-0.0258163,-0.0087249),(0.0428025,-0.0259300,-0.0087249),(0.0428932,-0.0260500,-0.0087249),(0.0426978,-0.0258163,-0.0087249),(0.0428932,-0.0260500,-0.0087249),(0.0429700,-0.0261761,-0.0087249),(0.0426978,-0.0258163,-0.0087249),(0.0429700,-0.0261761,-0.0087249),(0.0430328,-0.0263085,-0.0087249),(0.0426978,-0.0258163,-0.0087249),(0.0430328,-0.0263085,-0.0087249),(0.0430817,-0.0264470,-0.0087249),(0.0426978,-0.0258163,-0.0087249),(0.0430817,-0.0264470,-0.0087249),(0.0431165,-0.0265918,-0.0087249),(0.0426978,-0.0258163,-0.0087249),(0.0431165,-0.0265918,-0.0087249),(0.0431375,-0.0267428,-0.0087249),(0.0426978,-0.0258163,-0.0087249),(0.0431375,-0.0267428,-0.0087249),(0.0431445,-0.0269001,-0.0087249),(0.0426978,-0.0258163,-0.0087249),(0.0431445,-0.0269001,-0.0087249),(0.0431445,-0.0292051,-0.0087249),(0.0426978,-0.0258163,-0.0087249),(0.0431445,-0.0292051,-0.0087249),(0.0431291,-0.0292866,-0.0087249),(0.0426978,-0.0258163,-0.0087249),(0.0431291,-0.0292866,-0.0087249),(0.0430831,-0.0293554,-0.0087249),(0.0426978,-0.0258163,-0.0087249),(0.0430831,-0.0293554,-0.0087249),(0.0430148,-0.0294030,-0.0087249),(0.0426978,-0.0258163,-0.0087249),(0.0430148,-0.0294030,-0.0087249),(0.0429328,-0.0294189,-0.0087249),(0.0426978,-0.0258163,-0.0087249),(0.0429328,-0.0294189,-0.0087249),(0.0428508,-0.0294030,-0.0087249),(0.0426978,-0.0258163,-0.0087249),(0.0428508,-0.0294030,-0.0087249),(0.0427825,-0.0293554,-0.0087249),(0.0427825,-0.0293554,-0.0087249),(0.0427365,-0.0292866,-0.0087249),(0.0427211,-0.0292051,-0.0087249),(0.0427825,-0.0293554,-0.0087249),(0.0427211,-0.0292051,-0.0087249),(0.0427211,-0.0269001,-0.0087249),(0.0426978,-0.0258163,-0.0087249),(0.0427825,-0.0293554,-0.0087249),(0.0427211,-0.0269001,-0.0087249),(0.0426978,-0.0258163,-0.0087249),(0.0427211,-0.0269001,-0.0087249),(0.0427160,-0.0267880,-0.0087249),(0.0426978,-0.0258163,-0.0087249),(0.0427160,-0.0267880,-0.0087249),(0.0427007,-0.0266801,-0.0087249),(0.0426978,-0.0258163,-0.0087249),(0.0427007,-0.0266801,-0.0087249),(0.0426751,-0.0265761,-0.0087249),(0.0426978,-0.0258163,-0.0087249),(0.0426751,-0.0265761,-0.0087249),(0.0426394,-0.0264762,-0.0087249),(0.0426978,-0.0258163,-0.0087249),(0.0426394,-0.0264762,-0.0087249),(0.0425934,-0.0263803,-0.0087249),(0.0426978,-0.0258163,-0.0087249),(0.0425934,-0.0263803,-0.0087249),(0.0425372,-0.0262885,-0.0087249),(0.0426978,-0.0258163,-0.0087249),(0.0425372,-0.0262885,-0.0087249),(0.0424707,-0.0262007,-0.0087249),(0.0426978,-0.0258163,-0.0087249),(0.0424707,-0.0262007,-0.0087249),(0.0423941,-0.0261169,-0.0087249),(0.0426978,-0.0258163,-0.0087249),(0.0423941,-0.0261169,-0.0087249),(0.0423122,-0.0260405,-0.0087249),(0.0426978,-0.0258163,-0.0087249),(0.0423122,-0.0260405,-0.0087249),(0.0422259,-0.0259743,-0.0087249),(0.0426978,-0.0258163,-0.0087249),(0.0422259,-0.0259743,-0.0087249),(0.0421351,-0.0259183,-0.0087249),(0.0426978,-0.0258163,-0.0087249),(0.0421351,-0.0259183,-0.0087249),(0.0420398,-0.0258724,-0.0087249),(0.0426978,-0.0258163,-0.0087249),(0.0420398,-0.0258724,-0.0087249),(0.0419401,-0.0258368,-0.0087249),(0.0426978,-0.0258163,-0.0087249),(0.0419401,-0.0258368,-0.0087249),(0.0418359,-0.0258113,-0.0087249),(0.0426978,-0.0258163,-0.0087249),(0.0418359,-0.0258113,-0.0087249),(0.0417272,-0.0257960,-0.0087249),(0.0406546,-0.0257109,-0.0087249),(0.0426978,-0.0258163,-0.0087249),(0.0417272,-0.0257960,-0.0087249),(0.0406546,-0.0257109,-0.0087249),(0.0417272,-0.0257960,-0.0087249),(0.0416141,-0.0257909,-0.0087249),(0.0406546,-0.0257109,-0.0087249),(0.0416141,-0.0257909,-0.0087249),(0.0415030,-0.0257960,-0.0087249),(0.0406546,-0.0257109,-0.0087249),(0.0415030,-0.0257960,-0.0087249),(0.0413960,-0.0258112,-0.0087249),(0.0406546,-0.0257109,-0.0087249),(0.0413960,-0.0258112,-0.0087249),(0.0412933,-0.0258365,-0.0087249),(0.0406546,-0.0257109,-0.0087249),(0.0412933,-0.0258365,-0.0087249),(0.0411947,-0.0258719,-0.0087249),(0.0406546,-0.0257109,-0.0087249),(0.0411947,-0.0258719,-0.0087249),(0.0411004,-0.0259174,-0.0087249),(0.0406546,-0.0257109,-0.0087249),(0.0411004,-0.0259174,-0.0087249),(0.0410103,-0.0259731,-0.0087249),(0.0406546,-0.0257109,-0.0087249),(0.0410103,-0.0259731,-0.0087249),(0.0409243,-0.0260389,-0.0087249),(0.0406546,-0.0257109,-0.0087249),(0.0409243,-0.0260389,-0.0087249),(0.0408426,-0.0261148,-0.0087249),(0.0406546,-0.0257109,-0.0087249),(0.0408426,-0.0261148,-0.0087249),(0.0407679,-0.0261978,-0.0087249),(0.0406546,-0.0257109,-0.0087249),(0.0407679,-0.0261978,-0.0087249),(0.0407032,-0.0262851,-0.0087249),(0.0406546,-0.0257109,-0.0087249),(0.0407032,-0.0262851,-0.0087249),(0.0406485,-0.0263766,-0.0087249),(0.0406546,-0.0257109,-0.0087249),(0.0406485,-0.0263766,-0.0087249),(0.0406037,-0.0264722,-0.0087249),(0.0406546,-0.0257109,-0.0087249),(0.0406037,-0.0264722,-0.0087249),(0.0405688,-0.0265721,-0.0087249),(0.0406546,-0.0257109,-0.0087249),(0.0405688,-0.0265721,-0.0087249),(0.0405439,-0.0266762,-0.0087249),(0.0405290,-0.0267844,-0.0087249),(0.0406546,-0.0257109,-0.0087249),(0.0405439,-0.0266762,-0.0087249),(0.0323217,-0.0290456,-0.0087249),(0.0323749,-0.0292051,-0.0087249),(0.0323598,-0.0292850,-0.0087249),(0.0323217,-0.0290456,-0.0087249),(0.0323598,-0.0292850,-0.0087249),(0.0323145,-0.0293533,-0.0087249),(0.0323217,-0.0290456,-0.0087249),(0.0323145,-0.0293533,-0.0087249),(0.0322463,-0.0294025,-0.0087249),(0.0323217,-0.0290456,-0.0087249),(0.0322463,-0.0294025,-0.0087249),(0.0321621,-0.0294189,-0.0087249),(0.0323217,-0.0290456,-0.0087249),(0.0321621,-0.0294189,-0.0087249),(0.0295417,-0.0294189,-0.0087249),(0.0323217,-0.0290456,-0.0087249),(0.0295417,-0.0294189,-0.0087249),(0.0294486,-0.0293985,-0.0087249),(0.0323217,-0.0290456,-0.0087249),(0.0294486,-0.0293985,-0.0087249),(0.0293745,-0.0293374,-0.0087249),(0.0323217,-0.0290456,-0.0087249),(0.0293745,-0.0293374,-0.0087249),(0.0293279,-0.0292051,-0.0087249),(0.0323217,-0.0290456,-0.0087249),(0.0293279,-0.0292051,-0.0087249),(0.0293279,-0.0291892,-0.0087249),(0.0323217,-0.0290456,-0.0087249),(0.0293279,-0.0291892,-0.0087249),(0.0293882,-0.0290601,-0.0087249),(0.0323217,-0.0290456,-0.0087249),(0.0293882,-0.0290601,-0.0087249),(0.0294594,-0.0290093,-0.0087249),(0.0323217,-0.0290456,-0.0087249),(0.0294594,-0.0290093,-0.0087249),(0.0295417,-0.0289924,-0.0087249),(0.0323217,-0.0290456,-0.0087249),(0.0295417,-0.0289924,-0.0087249),(0.0306413,-0.0289924,-0.0087249),(0.0306413,-0.0289924,-0.0087249),(0.0306413,-0.0255782,-0.0087249),(0.0306567,-0.0254962,-0.0087249),(0.0306413,-0.0289924,-0.0087249),(0.0306567,-0.0254962,-0.0087249),(0.0307027,-0.0254279,-0.0087249),(0.0306413,-0.0289924,-0.0087249),(0.0307027,-0.0254279,-0.0087249),(0.0307710,-0.0253819,-0.0087249),(0.0306413,-0.0289924,-0.0087249),(0.0307710,-0.0253819,-0.0087249),(0.0308530,-0.0253665,-0.0087249),(0.0306413,-0.0289924,-0.0087249),(0.0308530,-0.0253665,-0.0087249),(0.0309350,-0.0253819,-0.0087249),(0.0306413,-0.0289924,-0.0087249),(0.0309350,-0.0253819,-0.0087249),(0.0310033,-0.0254279,-0.0087249),(0.0306413,-0.0289924,-0.0087249),(0.0310033,-0.0254279,-0.0087249),(0.0310493,-0.0254962,-0.0087249),(0.0306413,-0.0289924,-0.0087249),(0.0310493,-0.0254962,-0.0087249),(0.0310646,-0.0255782,-0.0087249),(0.0306413,-0.0289924,-0.0087249),(0.0310646,-0.0255782,-0.0087249),(0.0310646,-0.0289924,-0.0087249),(0.0323217,-0.0290456,-0.0087249),(0.0306413,-0.0289924,-0.0087249),(0.0310646,-0.0289924,-0.0087249),(0.0323217,-0.0290456,-0.0087249),(0.0310646,-0.0289924,-0.0087249),(0.0321621,-0.0289924,-0.0087249),(0.0323217,-0.0290456,-0.0087249),(0.0321621,-0.0289924,-0.0087249),(0.0322552,-0.0290057,-0.0087249)));
#8490=COMPLEX_TRIANGULATED_SURFACE_SET('surface set',#8489,3660,(),(),(),((1,2,3),(4,5,6),(7,8,9),(10,11,12),(13,14,15),(16,17,18),(19,20,21),(22,23,24),(25,26,27),(28,29,30),(31,32,33),(34,35,36),(37,38,39),(40,41,42),(43,44,45),(46,47,48),(49,50,51),(52,53,54),(55,56,57),(58,59,60),(61,62,63),(64,65,66),(67,68,69),(70,71,72),(73,74,75),(76,77,78),(79,80,81),(82,83,84),(85,86,87),(88,89,90),(91,92,93),(94,95,96),(97,98,99),(100,101,102),(103,104,105),(106,107,108),(109,110,111),(112,113,114),(115,116,117),(118,119,120),(121,122,123),(124,125,126),(127,128,129),(130,131,132),(133,134,135),(136,137,138),(139,140,141),(142,143,144),(145,146,147),(148,149,150),(151,152,153),(154,155,156),(157,158,159),(160,161,162),(163,164,165),(166,167,168),(169,170,171),(172,173,174),(175,176,177),(178,179,180),(181,182,183),(184,185,186),(187,188,189),(190,191,192),(193,194,195),(196,197,198),(199,200,201),(202,203,204),(205,206,207),(208,209,210),(211,212,213),(214,215,216),(217,218,219),(220,221,222),(223,224,225),(226,227,228),(229,230,231),(232,233,234),(235,236,237),(238,239,240),(241,242,243),(244,245,246),(247,248,249),(250,251,252),(253,254,255),(256,257,258),(259,260,261),(262,263,264),(265,266,267),(268,269,270),(271,272,273),(274,275,276),(277,278,279),(280,281,282),(283,284,285),(286,287,288),(289,290,291),(292,293,294),(295,296,297),(298,299,300),(301,302,303),(304,305,306),(307,308,309),(310,311,312),(313,314,315),(316,317,318),(319,320,321),(322,323,324),(325,326,327),(328,329,330),(331,332,333),(334,335,336),(337,338,339),(340,341,342),(343,344,345),(346,347,348),(349,350,351),(352,353,354),(355,356,357),(358,359,360),(361,362,363),(364,365,366),(367,368,369),(370,371,372),(373,374,375),(376,377,378),(379,380,381),(382,383,384),(385,386,387),(388,389,390),(391,392,393),(394,395,396),(397,398,399),(400,401,402),(403,404,405),(406,407,408),(409,410,411),(412,413,414),(415,416,417),(418,419,420),(421,422,423),(424,425,426),(427,428,429),(430,431,432),(433,434,435),(436,437,438),(439,440,441),(442,443,444),(445,446,447),(448,449,450),(451,452,453),(454,455,456),(457,458,459),(460,461,462),(463,464,465),(466,467,468),(469,470,471),(472,473,474),(475,476,477),(478,479,480),(481,482,483),(484,485,486),(487,488,489),(490,491,492),(493,494,495),(496,497,498),(499,500,501),(502,503,504),(505,506,507),(508,509,510),(511,512,513),(514,515,516),(517,518,519),(520,521,522),(523,524,525),(526,527,528),(529,530,531),(532,533,534),(535,536,537),(538,539,540),(541,542,543),(544,545,546),(547,548,549),(550,551,552),(553,554,555),(556,557,558),(559,560,561),(562,563,564),(565,566,567),(568,569,570),(571,572,573),(574,575,576),(577,578,579),(580,581,582),(583,584,585),(586,587,588),(589,590,591),(592,593,594),(595,596,597),(598,599,600),(601,602,603),(604,605,606),(607,608,609),(610,611,612),(613,614,615),(616,617,618),(619,620,621),(622,623,624),(625,626,627),(628,629,630),(631,632,633),(634,635,636),(637,638,639),(640,641,642),(643,644,645),(646,647,648),(649,650,651),(652,653,654),(655,656,657),(658,659,660),(661,662,663),(664,665,666),(667,668,669),(670,671,672),(673,674,675),(676,677,678),(679,680,681),(682,683,684),(685,686,687),(688,689,690),(691,692,693),(694,695,696),(697,698,699),(700,701,702),(703,704,705),(706,707,708),(709,710,711),(712,713,714),(715,716,717),(718,719,720),(721,722,723),(724,725,726),(727,728,729),(730,731,732),(733,734,735),(736,737,738),(739,740,741),(742,743,744),(745,746,747),(748,749,750),(751,752,753),(754,755,756),(757,758,759),(760,761,762),(763,764,765),(766,767,768),(769,770,771),(772,773,774),(775,776,777),(778,779,780),(781,782,783),(784,785,786),(787,788,789),(790,791,792),(793,794,795),(796,797,798),(799,800,801),(802,803,804),(805,806,807),(808,809,810),(811,812,813),(814,815,816),(817,818,819),(820,821,822),(823,824,825),(826,827,828),(829,830,831),(832,833,834),(835,836,837),(838,839,840),(841,842,843),(844,845,846),(847,848,849),(850,851,852),(853,854,855),(856,857,858),(859,860,861),(862,863,864),(865,866,867),(868,869,870),(871,872,873),(874,875,876),(877,878,879),(880,881,882),(883,884,885),(886,887,888),(889,890,891),(892,893,894),(895,896,897),(898,899,900),(901,902,903),(904,905,906),(907,908,909),(910,911,912),(913,914,915),(916,917,918),(919,920,921),(922,923,924),(925,926,927),(928,929,930),(931,932,933),(934,935,936),(937,938,939),(940,941,942),(943,944,945),(946,947,948),(949,950,951),(952,953,954),(955,956,957),(958,959,960),(961,962,963),(964,965,966),(967,968,969),(970,971,972),(973,974,975),(976,977,978),(979,980,981),(982,983,984),(985,986,987),(988,989,990),(991,992,993),(994,995,996),(997,998,999),(1000,1001,1002),(1003,1004,1005),(1006,1007,1008),(1009,1010,1011),(1012,1013,1014),(1015,1016,1017),(1018,1019,1020),(1021,1022,1023),(1024,1025,1026),(1027,1028,1029),(1030,1031,1032),(1033,1034,1035),(1036,1037,1038),(1039,1040,1041),(1042,1043,1044),(1045,1046,1047),(1048,1049,1050),(1051,1052,1053),(1054,1055,1056),(1057,1058,1059),(1060,1061,1062),(1063,1064,1065),(1066,1067,1068),(1069,1070,1071),(1072,1073,1074),(1075,1076,1077),(1078,1079,1080),(1081,1082,1083),(1084,1085,1086),(1087,1088,1089),(1090,1091,1092),(1093,1094,1095),(1096,1097,1098),(1099,1100,1101),(1102,1103,1104),(1105,1106,1107),(1108,1109,1110),(1111,1112,1113),(1114,1115,1116),(1117,1118,1119),(1120,1121,1122),(1123,1124,1125),(1126,1127,1128),(1129,1130,1131),(1132,1133,1134),(1135,1136,1137),(1138,1139,1140),(1141,1142,1143),(1144,1145,1146),(1147,1148,1149),(1150,1151,1152),(1153,1154,1155),(1156,1157,1158),(1159,1160,1161),(1162,1163,1164),(1165,1166,1167),(1168,1169,1170),(1171,1172,1173),(1174,1175,1176),(1177,1178,1179),(1180,1181,1182),(1183,1184,1185),(1186,1187,1188),(1189,1190,1191),(1192,1193,1194),(1195,1196,1197),(1198,1199,1200),(1201,1202,1203),(1204,1205,1206),(1207,1208,1209),(1210,1211,1212),(1213,1214,1215),(1216,1217,1218),(1219,1220,1221),(1222,1223,1224),(1225,1226,1227),(1228,1229,1230),(1231,1232,1233),(1234,1235,1236),(1237,1238,1239),(1240,1241,1242),(1243,1244,1245),(1246,1247,1248),(1249,1250,1251),(1252,1253,1254),(1255,1256,1257),(1258,1259,1260),(1261,1262,1263),(1264,1265,1266),(1267,1268,1269),(1270,1271,1272),(1273,1274,1275),(1276,1277,1278),(1279,1280,1281),(1282,1283,1284),(1285,1286,1287),(1288,1289,1290),(1291,1292,1293),(1294,1295,1296),(1297,1298,1299),(1300,1301,1302),(1303,1304,1305),(1306,1307,1308),(1309,1310,1311),(1312,1313,1314),(1315,1316,1317),(1318,1319,1320),(1321,1322,1323),(1324,1325,1326),(1327,1328,1329),(1330,1331,1332),(1333,1334,1335),(1336,1337,1338),(1339,1340,1341),(1342,1343,1344),(1345,1346,1347),(1348,1349,1350),(1351,1352,1353),(1354,1355,1356),(1357,1358,1359),(1360,1361,1362),(1363,1364,1365),(1366,1367,1368),(1369,1370,1371),(1372,1373,1374),(1375,1376,1377),(1378,1379,1380),(1381,1382,1383),(1384,1385,1386),(1387,1388,1389),(1390,1391,1392),(1393,1394,1395),(1396,1397,1398),(1399,1400,1401),(1402,1403,1404),(1405,1406,1407),(1408,1409,1410),(1411,1412,1413),(1414,1415,1416),(1417,1418,1419),(1420,1421,1422),(1423,1424,1425),(1426,1427,1428),(1429,1430,1431),(1432,1433,1434),(1435,1436,1437),(1438,1439,1440),(1441,1442,1443),(1444,1445,1446),(1447,1448,1449),(1450,1451,1452),(1453,1454,1455),(1456,1457,1458),(1459,1460,1461),(1462,1463,1464),(1465,1466,1467),(1468,1469,1470),(1471,1472,1473),(1474,1475,1476),(1477,1478,1479),(1480,1481,1482),(1483,1484,1485),(1486,1487,1488),(1489,1490,1491),(1492,1493,1494),(1495,1496,1497),(1498,1499,1500),(1501,1502,1503),(1504,1505,1506),(1507,1508,1509),(1510,1511,1512),(1513,1514,1515),(1516,1517,1518),(1519,1520,1521),(1522,1523,1524),(1525,1526,1527),(1528,1529,1530),(1531,1532,1533),(1534,1535,1536),(1537,1538,1539),(1540,1541,1542),(1543,1544,1545),(1546,1547,1548),(1549,1550,1551),(1552,1553,1554),(1555,1556,1557),(1558,1559,1560),(1561,1562,1563),(1564,1565,1566),(1567,1568,1569),(1570,1571,1572),(1573,1574,1575),(1576,1577,1578),(1579,1580,1581),(1582,1583,1584),(1585,1586,1587),(1588,1589,1590),(1591,1592,1593),(1594,1595,1596),(1597,1598,1599),(1600,1601,1602),(1603,1604,1605),(1606,1607,1608),(1609,1610,1611),(1612,1613,1614),(1615,1616,1617),(1618,1619,1620),(1621,1622,1623),(1624,1625,1626),(1627,1628,1629),(1630,1631,1632),(1633,1634,1635),(1636,1637,1638),(1639,1640,1641),(1642,1643,1644),(1645,1646,1647),(1648,1649,1650),(1651,1652,1653),(1654,1655,1656),(1657,1658,1659),(1660,1661,1662),(1663,1664,1665),(1666,1667,1668),(1669,1670,1671),(1672,1673,1674),(1675,1676,1677),(1678,1679,1680),(1681,1682,1683),(1684,1685,1686),(1687,1688,1689),(1690,1691,1692),(1693,1694,1695),(1696,1697,1698),(1699,1700,1701),(1702,1703,1704),(1705,1706,1707),(1708,1709,1710),(1711,1712,1713),(1714,1715,1716),(1717,1718,1719),(1720,1721,1722),(1723,1724,1725),(1726,1727,1728),(1729,1730,1731),(1732,1733,1734),(1735,1736,1737),(1738,1739,1740),(1741,1742,1743),(1744,1745,1746),(1747,1748,1749),(1750,1751,1752),(1753,1754,1755),(1756,1757,1758),(1759,1760,1761),(1762,1763,1764),(1765,1766,1767),(1768,1769,1770),(1771,1772,1773),(1774,1775,1776),(1777,1778,1779),(1780,1781,1782),(1783,1784,1785),(1786,1787,1788),(1789,1790,1791),(1792,1793,1794),(1795,1796,1797),(1798,1799,1800),(1801,1802,1803),(1804,1805,1806),(1807,1808,1809),(1810,1811,1812),(1813,1814,1815),(1816,1817,1818),(1819,1820,1821),(1822,1823,1824),(1825,1826,1827),(1828,1829,1830),(1831,1832,1833),(1834,1835,1836),(1837,1838,1839),(1840,1841,1842),(1843,1844,1845),(1846,1847,1848),(1849,1850,1851),(1852,1853,1854),(1855,1856,1857),(1858,1859,1860),(1861,1862,1863),(1864,1865,1866),(1867,1868,1869),(1870,1871,1872),(1873,1874,1875),(1876,1877,1878),(1879,1880,1881),(1882,1883,1884),(1885,1886,1887),(1888,1889,1890),(1891,1892,1893),(1894,1895,1896),(1897,1898,1899),(1900,1901,1902),(1903,1904,1905),(1906,1907,1908),(1909,1910,1911),(1912,1913,1914),(1915,1916,1917),(1918,1919,1920),(1921,1922,1923),(1924,1925,1926),(1927,1928,1929),(1930,1931,1932),(1933,1934,1935),(1936,1937,1938),(1939,1940,1941),(1942,1943,1944),(1945,1946,1947),(1948,1949,1950),(1951,1952,1953),(1954,1955,1956),(1957,1958,1959),(1960,1961,1962),(1963,1964,1965),(1966,1967,1968),(1969,1970,1971),(1972,1973,1974),(1975,1976,1977),(1978,1979,1980),(1981,1982,1983),(1984,1985,1986),(1987,1988,1989),(1990,1991,1992),(1993,1994,1995),(1996,1997,1998),(1999,2000,2001),(2002,2003,2004),(2005,2006,2007),(2008,2009,2010),(2011,2012,2013),(2014,2015,2016),(2017,2018,2019),(2020,2021,2022),(2023,2024,2025),(2026,2027,2028),(2029,2030,2031),(2032,2033,2034),(2035,2036,2037),(2038,2039,2040),(2041,2042,2043),(2044,2045,2046),(2047,2048,2049),(2050,2051,2052),(2053,2054,2055),(2056,2057,2058),(2059,2060,2061),(2062,2063,2064),(2065,2066,2067),(2068,2069,2070),(2071,2072,2073),(2074,2075,2076),(2077,2078,2079),(2080,2081,2082),(2083,2084,2085),(2086,2087,2088),(2089,2090,2091),(2092,2093,2094),(2095,2096,2097),(2098,2099,2100),(2101,2102,2103),(2104,2105,2106),(2107,2108,2109),(2110,2111,2112),(2113,2114,2115),(2116,2117,2118),(2119,2120,2121),(2122,2123,2124),(2125,2126,2127),(2128,2129,2130),(2131,2132,2133),(2134,2135,2136),(2137,2138,2139),(2140,2141,2142),(2143,2144,2145),(2146,2147,2148),(2149,2150,2151),(2152,2153,2154),(2155,2156,2157),(2158,2159,2160),(2161,2162,2163),(2164,2165,2166),(2167,2168,2169),(2170,2171,2172),(2173,2174,2175),(2176,2177,2178),(2179,2180,2181),(2182,2183,2184),(2185,2186,2187),(2188,2189,2190),(2191,2192,2193),(2194,2195,2196),(2197,2198,2199),(2200,2201,2202),(2203,2204,2205),(2206,2207,2208),(2209,2210,2211),(2212,2213,2214),(2215,2216,2217),(2218,2219,2220),(2221,2222,2223),(2224,2225,2226),(2227,2228,2229),(2230,2231,2232),(2233,2234,2235),(2236,2237,2238),(2239,2240,2241),(2242,2243,2244),(2245,2246,2247),(2248,2249,2250),(2251,2252,2253),(2254,2255,2256),(2257,2258,2259),(2260,2261,2262),(2263,2264,2265),(2266,2267,2268),(2269,2270,2271),(2272,2273,2274),(2275,2276,2277),(2278,2279,2280),(2281,2282,2283),(2284,2285,2286),(2287,2288,2289),(2290,2291,2292),(2293,2294,2295),(2296,2297,2298),(2299,2300,2301),(2302,2303,2304),(2305,2306,2307),(2308,2309,2310),(2311,2312,2313),(2314,2315,2316),(2317,2318,2319),(2320,2321,2322),(2323,2324,2325),(2326,2327,2328),(2329,2330,2331),(2332,2333,2334),(2335,2336,2337),(2338,2339,2340),(2341,2342,2343),(2344,2345,2346),(2347,2348,2349),(2350,2351,2352),(2353,2354,2355),(2356,2357,2358),(2359,2360,2361),(2362,2363,2364),(2365,2366,2367),(2368,2369,2370),(2371,2372,2373),(2374,2375,2376),(2377,2378,2379),(2380,2381,2382),(2383,2384,2385),(2386,2387,2388),(2389,2390,2391),(2392,2393,2394),(2395,2396,2397),(2398,2399,2400),(2401,2402,2403),(2404,2405,2406),(2407,2408,2409),(2410,2411,2412),(2413,2414,2415),(2416,2417,2418),(2419,2420,2421),(2422,2423,2424),(2425,2426,2427),(2428,2429,2430),(2431,2432,2433),(2434,2435,2436),(2437,2438,2439),(2440,2441,2442),(2443,2444,2445),(2446,2447,2448),(2449,2450,2451),(2452,2453,2454),(2455,2456,2457),(2458,2459,2460),(2461,2462,2463),(2464,2465,2466),(2467,2468,2469),(2470,2471,2472),(2473,2474,2475),(2476,2477,2478),(2479,2480,2481),(2482,2483,2484),(2485,2486,2487),(2488,2489,2490),(2491,2492,2493),(2494,2495,2496),(2497,2498,2499),(2500,2501,2502),(2503,2504,2505),(2506,2507,2508),(2509,2510,2511),(2512,2513,2514),(2515,2516,2517),(2518,2519,2520),(2521,2522,2523),(2524,2525,2526),(2527,2528,2529),(2530,2531,2532),(2533,2534,2535),(2536,2537,2538),(2539,2540,2541),(2542,2543,2544),(2545,2546,2547),(2548,2549,2550),(2551,2552,2553),(2554,2555,2556),(2557,2558,2559),(2560,2561,2562),(2563,2564,2565),(2566,2567,2568),(2569,2570,2571),(2572,2573,2574),(2575,2576,2577),(2578,2579,2580),(2581,2582,2583),(2584,2585,2586),(2587,2588,2589),(2590,2591,2592),(2593,2594,2595),(2596,2597,2598),(2599,2600,2601),(2602,2603,2604),(2605,2606,2607),(2608,2609,2610),(2611,2612,2613),(2614,2615,2616),(2617,2618,2619),(2620,2621,2622),(2623,2624,2625),(2626,2627,2628),(2629,2630,2631),(2632,2633,2634),(2635,2636,2637),(2638,2639,2640),(2641,2642,2643),(2644,2645,2646),(2647,2648,2649),(2650,2651,2652),(2653,2654,2655),(2656,2657,2658),(2659,2660,2661),(2662,2663,2664),(2665,2666,2667),(2668,2669,2670),(2671,2672,2673),(2674,2675,2676),(2677,2678,2679),(2680,2681,2682),(2683,2684,2685),(2686,2687,2688),(2689,2690,2691),(2692,2693,2694),(2695,2696,2697),(2698,2699,2700),(2701,2702,2703),(2704,2705,2706),(2707,2708,2709),(2710,2711,2712),(2713,2714,2715),(2716,2717,2718),(2719,2720,2721),(2722,2723,2724),(2725,2726,2727),(2728,2729,2730),(2731,2732,2733),(2734,2735,2736),(2737,2738,2739),(2740,2741,2742),(2743,2744,2745),(2746,2747,2748),(2749,2750,2751),(2752,2753,2754),(2755,2756,2757),(2758,2759,2760),(2761,2762,2763),(2764,2765,2766),(2767,2768,2769),(2770,2771,2772),(2773,2774,2775),(2776,2777,2778),(2779,2780,2781),(2782,2783,2784),(2785,2786,2787),(2788,2789,2790),(2791,2792,2793),(2794,2795,2796),(2797,2798,2799),(2800,2801,2802),(2803,2804,2805),(2806,2807,2808),(2809,2810,2811),(2812,2813,2814),(2815,2816,2817),(2818,2819,2820),(2821,2822,2823),(2824,2825,2826),(2827,2828,2829),(2830,2831,2832),(2833,2834,2835),(2836,2837,2838),(2839,2840,2841),(2842,2843,2844),(2845,2846,2847),(2848,2849,2850),(2851,2852,2853),(2854,2855,2856),(2857,2858,2859),(2860,2861,2862),(2863,2864,2865),(2866,2867,2868),(2869,2870,2871),(2872,2873,2874),(2875,2876,2877),(2878,2879,2880),(2881,2882,2883),(2884,2885,2886),(2887,2888,2889),(2890,2891,2892),(2893,2894,2895),(2896,2897,2898),(2899,2900,2901),(2902,2903,2904),(2905,2906,2907),(2908,2909,2910),(2911,2912,2913),(2914,2915,2916),(2917,2918,2919),(2920,2921,2922),(2923,2924,2925),(2926,2927,2928),(2929,2930,2931),(2932,2933,2934),(2935,2936,2937),(2938,2939,2940),(2941,2942,2943),(2944,2945,2946),(2947,2948,2949),(2950,2951,2952),(2953,2954,2955),(2956,2957,2958),(2959,2960,2961),(2962,2963,2964),(2965,2966,2967),(2968,2969,2970),(2971,2972,2973),(2974,2975,2976),(2977,2978,2979),(2980,2981,2982),(2983,2984,2985),(2986,2987,2988),(2989,2990,2991),(2992,2993,2994),(2995,2996,2997),(2998,2999,3000),(3001,3002,3003),(3004,3005,3006),(3007,3008,3009),(3010,3011,3012),(3013,3014,3015),(3016,3017,3018),(3019,3020,3021),(3022,3023,3024),(3025,3026,3027),(3028,3029,3030),(3031,3032,3033),(3034,3035,3036),(3037,3038,3039),(3040,3041,3042),(3043,3044,3045),(3046,3047,3048),(3049,3050,3051),(3052,3053,3054),(3055,3056,3057),(3058,3059,3060),(3061,3062,3063),(3064,3065,3066),(3067,3068,3069),(3070,3071,3072),(3073,3074,3075),(3076,3077,3078),(3079,3080,3081),(3082,3083,3084),(3085,3086,3087),(3088,3089,3090),(3091,3092,3093),(3094,3095,3096),(3097,3098,3099),(3100,3101,3102),(3103,3104,3105),(3106,3107,3108),(3109,3110,3111),(3112,3113,3114),(3115,3116,3117),(3118,3119,3120),(3121,3122,3123),(3124,3125,3126),(3127,3128,3129),(3130,3131,3132),(3133,3134,3135),(3136,3137,3138),(3139,3140,3141),(3142,3143,3144),(3145,3146,3147),(3148,3149,3150),(3151,3152,3153),(3154,3155,3156),(3157,3158,3159),(3160,3161,3162),(3163,3164,3165),(3166,3167,3168),(3169,3170,3171),(3172,3173,3174),(3175,3176,3177),(3178,3179,3180),(3181,3182,3183),(3184,3185,3186),(3187,3188,3189),(3190,3191,3192),(3193,3194,3195),(3196,3197,3198),(3199,3200,3201),(3202,3203,3204),(3205,3206,3207),(3208,3209,3210),(3211,3212,3213),(3214,3215,3216),(3217,3218,3219),(3220,3221,3222),(3223,3224,3225),(3226,3227,3228),(3229,3230,3231),(3232,3233,3234),(3235,3236,3237),(3238,3239,3240),(3241,3242,3243),(3244,3245,3246),(3247,3248,3249),(3250,3251,3252),(3253,3254,3255),(3256,3257,3258),(3259,3260,3261),(3262,3263,3264),(3265,3266,3267),(3268,3269,3270),(3271,3272,3273),(3274,3275,3276),(3277,3278,3279),(3280,3281,3282),(3283,3284,3285),(3286,3287,3288),(3289,3290,3291),(3292,3293,3294),(3295,3296,3297),(3298,3299,3300),(3301,3302,3303),(3304,3305,3306),(3307,3308,3309),(3310,3311,3312),(3313,3314,3315),(3316,3317,3318),(3319,3320,3321),(3322,3323,3324),(3325,3326,3327),(3328,3329,3330),(3331,3332,3333),(3334,3335,3336),(3337,3338,3339),(3340,3341,3342),(3343,3344,3345),(3346,3347,3348),(3349,3350,3351),(3352,3353,3354),(3355,3356,3357),(3358,3359,3360),(3361,3362,3363),(3364,3365,3366),(3367,3368,3369),(3370,3371,3372),(3373,3374,3375),(3376,3377,3378),(3379,3380,3381),(3382,3383,3384),(3385,3386,3387),(3388,3389,3390),(3391,3392,3393),(3394,3395,3396),(3397,3398,3399),(3400,3401,3402),(3403,3404,3405),(3406,3407,3408),(3409,3410,3411),(3412,3413,3414),(3415,3416,3417),(3418,3419,3420),(3421,3422,3423),(3424,3425,3426),(3427,3428,3429),(3430,3431,3432),(3433,3434,3435),(3436,3437,3438),(3439,3440,3441),(3442,3443,3444),(3445,3446,3447),(3448,3449,3450),(3451,3452,3453),(3454,3455,3456),(3457,3458,3459),(3460,3461,3462),(3463,3464,3465),(3466,3467,3468),(3469,3470,3471),(3472,3473,3474),(3475,3476,3477),(3478,3479,3480),(3481,3482,3483),(3484,3485,3486),(3487,3488,3489),(3490,3491,3492),(3493,3494,3495),(3496,3497,3498),(3499,3500,3501),(3502,3503,3504),(3505,3506,3507),(3508,3509,3510),(3511,3512,3513),(3514,3515,3516),(3517,3518,3519),(3520,3521,3522),(3523,3524,3525),(3526,3527,3528),(3529,3530,3531),(3532,3533,3534),(3535,3536,3537),(3538,3539,3540),(3541,3542,3543),(3544,3545,3546),(3547,3548,3549),(3550,3551,3552),(3553,3554,3555),(3556,3557,3558),(3559,3560,3561),(3562,3563,3564),(3565,3566,3567),(3568,3569,3570),(3571,3572,3573),(3574,3575,3576),(3577,3578,3579),(3580,3581,3582),(3583,3584,3585),(3586,3587,3588),(3589,3590,3591),(3592,3593,3594),(3595,3596,3597),(3598,3599,3600),(3601,3602,3603),(3604,3605,3606),(3607,3608,3609),(3610,3611,3612),(3613,3614,3615),(3616,3617,3618),(3619,3620,3621),(3622,3623,3624),(3625,3626,3627),(3628,3629,3630),(3631,3632,3633),(3634,3635,3636),(3637,3638,3639),(3640,3641,3642),(3643,3644,3645),(3646,3647,3648),(3649,3650,3651),(3652,3653,3654),(3655,3656,3657),(3658,3659,3660)));
#8491=TESSELLATED_GEOMETRIC_SET('hole callout',(#8490));
#8492=COORDINATES_LIST('coordinates',5,((0.0131556,-0.0161556,-0.0087249),(0.0471838,-0.0161556,-0.0087249),(0.0015556,-0.0095556,-0.0087249),(0.0081556,-0.0161556,-0.0087249),(0.0131556,-0.0161556,-0.0087249)));
#8493=TESSELLATED_CURVE_SET('curve set',#8492,((1,2),(3,4,5)));
#8494=TESSELLATED_GEOMETRIC_SET('hole callout',(#8493));
#8495=TESSELLATED_ANNOTATION_OCCURRENCE('hole callout',(#8488),#8491);
#8496=TESSELLATED_ANNOTATION_OCCURRENCE('hole callout',(#8488),#8494);
#8497=DRAUGHTING_CALLOUT('hole callout',(#8495,#8496));
#8498=DRAUGHTING_MODEL_ITEM_ASSOCIATION('','',#8439,#8484,#8497);
#8499=DRAUGHTING_MODEL_ITEM_ASSOCIATION('','',#8447,#8484,#8497);
#8500=DRAUGHTING_MODEL_ITEM_ASSOCIATION('','',#8455,#8484,#8497);
#8501=DRAUGHTING_MODEL_ITEM_ASSOCIATION('','',#8366,#8484,#8497);
ENDSEC;
END-ISO-10303-21;
