ISO-10303-21;
HEADER;
/*Generated by software containing ST-Developer
 * from STEP Tools, Inc. (www.steptools.com) 
 */
/*OPTION: using custom renumber hook */
/*description */
/*implementation_level */
FILE_DESCRIPTION(('STEP AP242 Edition 2','STEP AP242 Edition 2''CAx-IF Rec.Pracs.---Representation and Presentation of Product Manufa
cturing Information (PMI)---4.0---2014-10-13','STEP AP242 Edition 2''CAx-IF Rec.Pracs.---Representation and Presentation of Product Manufa
cturing Information (PMI)---4.0---2014-10-13''CAx-IF Rec.Pracs.---3D Tessellated Geometry---0.4---2014-09-14','STEP AP242 Edition 2''CAx-IF Rec.Pracs.---Representation and Presentation of Product Manufa
cturing Information (PMI)---4.0---2014-10-13''CAx-IF Rec.Pracs.---3D Tessellated Geometry---0.4---2014-09-14''2;1','STEP AP242 Edition 2''CAx-IF Rec.Pracs.---Representation and Presentation of Product Manufa
cturing Information (PMI)---4.0---2014-10-13''CAx-IF Rec.Pracs.---3D Tessellated Geometry---0.4---2014-09-14''2;1''CAx-IF Rec.Pracs.---User Defined Attributes---1.5---2016-08-15'),'2;1');
/*name */
/*time_stamp */
/*author */
/*organization */
/*preprocessor_version */
/*originating_system */
/*authorisation */
FILE_NAME('/vol/tmp/translate-7786486048811893593/Support - Support Outil.step','2026-04-15T18:33:51',(''),(''),'ST-DEVELOPER v20','ONSHAPE BY PTC INC, 1.213','  ');
FILE_SCHEMA(('AP242_MANAGED_MODEL_BASED_3D_ENGINEERING_MIM_LF { 1 0 10303 442 3 1 4 }'));
ENDSEC;
DATA;
#10=SHAPE_REPRESENTATION_RELATIONSHIP('','',#1061,#11);
#11=ADVANCED_BREP_SHAPE_REPRESENTATION('',(#1059),#1693);
#12=CYLINDRICAL_SURFACE('',#1091,0.0016);
#13=CYLINDRICAL_SURFACE('',#1092,0.0016);
#14=CYLINDRICAL_SURFACE('',#1093,0.0016);
#15=CYLINDRICAL_SURFACE('',#1094,0.0016);
#16=CYLINDRICAL_SURFACE('',#1113,0.0012);
#17=CYLINDRICAL_SURFACE('',#1115,0.0012);
#18=CYLINDRICAL_SURFACE('',#1116,0.0012);
#19=CYLINDRICAL_SURFACE('',#1117,0.0012);
#20=CYLINDRICAL_SURFACE('',#1131,0.0133770846343661);
#21=CIRCLE('',#1068,0.0016);
#22=CIRCLE('',#1069,0.0016);
#23=CIRCLE('',#1070,0.0016);
#24=CIRCLE('',#1071,0.0016);
#25=CIRCLE('',#1075,0.0016);
#26=CIRCLE('',#1076,0.0016);
#27=CIRCLE('',#1077,0.0016);
#28=CIRCLE('',#1078,0.0016);
#29=CIRCLE('',#1080,0.0012);
#30=CIRCLE('',#1087,0.0012);
#31=CIRCLE('',#1089,0.0012);
#32=CIRCLE('',#1090,0.0012);
#33=CIRCLE('',#1099,0.0012);
#34=CIRCLE('',#1101,0.0012);
#35=CIRCLE('',#1106,0.0012);
#36=CIRCLE('',#1110,0.0012);
#37=CIRCLE('',#1114,0.0012);
#38=CIRCLE('',#1120,0.0133770846343661);
#39=CIRCLE('',#1127,0.0133770846343661);
#40=ORIENTED_EDGE('',*,*,#322,.F.);
#41=ORIENTED_EDGE('',*,*,#323,.T.);
#42=ORIENTED_EDGE('',*,*,#324,.T.);
#43=ORIENTED_EDGE('',*,*,#325,.F.);
#44=ORIENTED_EDGE('',*,*,#326,.T.);
#45=ORIENTED_EDGE('',*,*,#327,.T.);
#46=ORIENTED_EDGE('',*,*,#328,.T.);
#47=ORIENTED_EDGE('',*,*,#329,.T.);
#48=ORIENTED_EDGE('',*,*,#330,.F.);
#49=ORIENTED_EDGE('',*,*,#331,.F.);
#50=ORIENTED_EDGE('',*,*,#332,.F.);
#51=ORIENTED_EDGE('',*,*,#322,.T.);
#52=ORIENTED_EDGE('',*,*,#333,.F.);
#53=ORIENTED_EDGE('',*,*,#334,.F.);
#54=ORIENTED_EDGE('',*,*,#335,.F.);
#55=ORIENTED_EDGE('',*,*,#334,.T.);
#56=ORIENTED_EDGE('',*,*,#336,.F.);
#57=ORIENTED_EDGE('',*,*,#337,.F.);
#58=ORIENTED_EDGE('',*,*,#338,.F.);
#59=ORIENTED_EDGE('',*,*,#339,.T.);
#60=ORIENTED_EDGE('',*,*,#340,.T.);
#61=ORIENTED_EDGE('',*,*,#328,.F.);
#62=ORIENTED_EDGE('',*,*,#341,.T.);
#63=ORIENTED_EDGE('',*,*,#342,.T.);
#64=ORIENTED_EDGE('',*,*,#343,.T.);
#65=ORIENTED_EDGE('',*,*,#344,.F.);
#66=ORIENTED_EDGE('',*,*,#345,.F.);
#67=ORIENTED_EDGE('',*,*,#346,.F.);
#68=ORIENTED_EDGE('',*,*,#347,.T.);
#69=ORIENTED_EDGE('',*,*,#348,.T.);
#70=ORIENTED_EDGE('',*,*,#349,.F.);
#71=ORIENTED_EDGE('',*,*,#350,.F.);
#72=ORIENTED_EDGE('',*,*,#351,.F.);
#73=ORIENTED_EDGE('',*,*,#352,.F.);
#74=ORIENTED_EDGE('',*,*,#353,.T.);
#75=ORIENTED_EDGE('',*,*,#354,.T.);
#76=ORIENTED_EDGE('',*,*,#355,.T.);
#77=ORIENTED_EDGE('',*,*,#356,.T.);
#78=ORIENTED_EDGE('',*,*,#357,.F.);
#79=ORIENTED_EDGE('',*,*,#358,.F.);
#80=ORIENTED_EDGE('',*,*,#359,.T.);
#81=ORIENTED_EDGE('',*,*,#360,.F.);
#82=ORIENTED_EDGE('',*,*,#361,.F.);
#83=ORIENTED_EDGE('',*,*,#330,.T.);
#84=ORIENTED_EDGE('',*,*,#362,.F.);
#85=ORIENTED_EDGE('',*,*,#363,.F.);
#86=ORIENTED_EDGE('',*,*,#364,.T.);
#87=ORIENTED_EDGE('',*,*,#365,.T.);
#88=ORIENTED_EDGE('',*,*,#366,.F.);
#89=ORIENTED_EDGE('',*,*,#367,.F.);
#90=ORIENTED_EDGE('',*,*,#368,.F.);
#91=ORIENTED_EDGE('',*,*,#369,.T.);
#92=ORIENTED_EDGE('',*,*,#370,.F.);
#93=ORIENTED_EDGE('',*,*,#343,.F.);
#94=ORIENTED_EDGE('',*,*,#371,.T.);
#95=ORIENTED_EDGE('',*,*,#372,.F.);
#96=ORIENTED_EDGE('',*,*,#373,.T.);
#97=ORIENTED_EDGE('',*,*,#374,.T.);
#98=ORIENTED_EDGE('',*,*,#375,.T.);
#99=ORIENTED_EDGE('',*,*,#349,.T.);
#100=ORIENTED_EDGE('',*,*,#327,.F.);
#101=ORIENTED_EDGE('',*,*,#376,.T.);
#102=ORIENTED_EDGE('',*,*,#377,.T.);
#103=ORIENTED_EDGE('',*,*,#378,.F.);
#104=ORIENTED_EDGE('',*,*,#336,.T.);
#105=ORIENTED_EDGE('',*,*,#333,.T.);
#106=ORIENTED_EDGE('',*,*,#379,.T.);
#107=ORIENTED_EDGE('',*,*,#380,.T.);
#108=ORIENTED_EDGE('',*,*,#381,.F.);
#109=ORIENTED_EDGE('',*,*,#382,.F.);
#110=ORIENTED_EDGE('',*,*,#383,.T.);
#111=ORIENTED_EDGE('',*,*,#384,.T.);
#112=ORIENTED_EDGE('',*,*,#385,.T.);
#113=ORIENTED_EDGE('',*,*,#386,.T.);
#114=ORIENTED_EDGE('',*,*,#387,.T.);
#115=ORIENTED_EDGE('',*,*,#388,.F.);
#116=ORIENTED_EDGE('',*,*,#389,.F.);
#117=ORIENTED_EDGE('',*,*,#390,.F.);
#118=ORIENTED_EDGE('',*,*,#391,.F.);
#119=ORIENTED_EDGE('',*,*,#392,.T.);
#120=ORIENTED_EDGE('',*,*,#393,.F.);
#121=ORIENTED_EDGE('',*,*,#394,.F.);
#122=ORIENTED_EDGE('',*,*,#395,.T.);
#123=ORIENTED_EDGE('',*,*,#396,.F.);
#124=ORIENTED_EDGE('',*,*,#397,.F.);
#125=ORIENTED_EDGE('',*,*,#398,.T.);
#126=ORIENTED_EDGE('',*,*,#399,.T.);
#127=ORIENTED_EDGE('',*,*,#400,.T.);
#128=ORIENTED_EDGE('',*,*,#401,.T.);
#129=ORIENTED_EDGE('',*,*,#352,.T.);
#130=ORIENTED_EDGE('',*,*,#402,.F.);
#131=ORIENTED_EDGE('',*,*,#403,.F.);
#132=ORIENTED_EDGE('',*,*,#404,.T.);
#133=ORIENTED_EDGE('',*,*,#392,.F.);
#134=ORIENTED_EDGE('',*,*,#405,.F.);
#135=ORIENTED_EDGE('',*,*,#391,.T.);
#136=ORIENTED_EDGE('',*,*,#406,.F.);
#137=ORIENTED_EDGE('',*,*,#353,.F.);
#138=ORIENTED_EDGE('',*,*,#405,.T.);
#139=ORIENTED_EDGE('',*,*,#390,.T.);
#140=ORIENTED_EDGE('',*,*,#407,.F.);
#141=ORIENTED_EDGE('',*,*,#354,.F.);
#142=ORIENTED_EDGE('',*,*,#406,.T.);
#143=ORIENTED_EDGE('',*,*,#389,.T.);
#144=ORIENTED_EDGE('',*,*,#408,.F.);
#145=ORIENTED_EDGE('',*,*,#355,.F.);
#146=ORIENTED_EDGE('',*,*,#407,.T.);
#147=ORIENTED_EDGE('',*,*,#388,.T.);
#148=ORIENTED_EDGE('',*,*,#409,.F.);
#149=ORIENTED_EDGE('',*,*,#356,.F.);
#150=ORIENTED_EDGE('',*,*,#408,.T.);
#151=ORIENTED_EDGE('',*,*,#387,.F.);
#152=ORIENTED_EDGE('',*,*,#410,.F.);
#153=ORIENTED_EDGE('',*,*,#357,.T.);
#154=ORIENTED_EDGE('',*,*,#409,.T.);
#155=ORIENTED_EDGE('',*,*,#411,.T.);
#156=ORIENTED_EDGE('',*,*,#358,.T.);
#157=ORIENTED_EDGE('',*,*,#410,.T.);
#158=ORIENTED_EDGE('',*,*,#386,.F.);
#159=ORIENTED_EDGE('',*,*,#412,.F.);
#160=ORIENTED_EDGE('',*,*,#413,.F.);
#161=ORIENTED_EDGE('',*,*,#414,.T.);
#162=ORIENTED_EDGE('',*,*,#373,.F.);
#163=ORIENTED_EDGE('',*,*,#415,.F.);
#164=ORIENTED_EDGE('',*,*,#416,.T.);
#165=ORIENTED_EDGE('',*,*,#398,.F.);
#166=ORIENTED_EDGE('',*,*,#417,.F.);
#167=ORIENTED_EDGE('',*,*,#418,.F.);
#168=ORIENTED_EDGE('',*,*,#419,.T.);
#169=ORIENTED_EDGE('',*,*,#350,.T.);
#170=ORIENTED_EDGE('',*,*,#375,.F.);
#171=ORIENTED_EDGE('',*,*,#420,.T.);
#172=ORIENTED_EDGE('',*,*,#421,.T.);
#173=ORIENTED_EDGE('',*,*,#364,.F.);
#174=ORIENTED_EDGE('',*,*,#381,.T.);
#175=ORIENTED_EDGE('',*,*,#363,.T.);
#176=ORIENTED_EDGE('',*,*,#380,.F.);
#177=ORIENTED_EDGE('',*,*,#362,.T.);
#178=ORIENTED_EDGE('',*,*,#379,.F.);
#179=ORIENTED_EDGE('',*,*,#365,.F.);
#180=ORIENTED_EDGE('',*,*,#382,.T.);
#181=ORIENTED_EDGE('',*,*,#395,.F.);
#182=ORIENTED_EDGE('',*,*,#422,.F.);
#183=ORIENTED_EDGE('',*,*,#423,.T.);
#184=ORIENTED_EDGE('',*,*,#424,.T.);
#185=ORIENTED_EDGE('',*,*,#417,.T.);
#186=ORIENTED_EDGE('',*,*,#397,.T.);
#187=ORIENTED_EDGE('',*,*,#425,.F.);
#188=ORIENTED_EDGE('',*,*,#426,.F.);
#189=ORIENTED_EDGE('',*,*,#427,.T.);
#190=ORIENTED_EDGE('',*,*,#393,.T.);
#191=ORIENTED_EDGE('',*,*,#404,.F.);
#192=ORIENTED_EDGE('',*,*,#428,.F.);
#193=ORIENTED_EDGE('',*,*,#429,.F.);
#194=ORIENTED_EDGE('',*,*,#422,.T.);
#195=ORIENTED_EDGE('',*,*,#394,.T.);
#196=ORIENTED_EDGE('',*,*,#427,.F.);
#197=ORIENTED_EDGE('',*,*,#430,.F.);
#198=ORIENTED_EDGE('',*,*,#431,.F.);
#199=ORIENTED_EDGE('',*,*,#425,.T.);
#200=ORIENTED_EDGE('',*,*,#396,.T.);
#201=ORIENTED_EDGE('',*,*,#424,.F.);
#202=ORIENTED_EDGE('',*,*,#432,.F.);
#203=ORIENTED_EDGE('',*,*,#351,.T.);
#204=ORIENTED_EDGE('',*,*,#419,.F.);
#205=ORIENTED_EDGE('',*,*,#433,.F.);
#206=ORIENTED_EDGE('',*,*,#402,.T.);
#207=ORIENTED_EDGE('',*,*,#426,.T.);
#208=ORIENTED_EDGE('',*,*,#432,.T.);
#209=ORIENTED_EDGE('',*,*,#423,.F.);
#210=ORIENTED_EDGE('',*,*,#430,.T.);
#211=ORIENTED_EDGE('',*,*,#428,.T.);
#212=ORIENTED_EDGE('',*,*,#403,.T.);
#213=ORIENTED_EDGE('',*,*,#433,.T.);
#214=ORIENTED_EDGE('',*,*,#418,.T.);
#215=ORIENTED_EDGE('',*,*,#383,.F.);
#216=ORIENTED_EDGE('',*,*,#434,.F.);
#217=ORIENTED_EDGE('',*,*,#435,.T.);
#218=ORIENTED_EDGE('',*,*,#436,.T.);
#219=ORIENTED_EDGE('',*,*,#437,.T.);
#220=ORIENTED_EDGE('',*,*,#384,.F.);
#221=ORIENTED_EDGE('',*,*,#436,.F.);
#222=ORIENTED_EDGE('',*,*,#438,.T.);
#223=ORIENTED_EDGE('',*,*,#439,.T.);
#224=ORIENTED_EDGE('',*,*,#385,.F.);
#225=ORIENTED_EDGE('',*,*,#439,.F.);
#226=ORIENTED_EDGE('',*,*,#440,.T.);
#227=ORIENTED_EDGE('',*,*,#412,.T.);
#228=ORIENTED_EDGE('',*,*,#399,.F.);
#229=ORIENTED_EDGE('',*,*,#416,.F.);
#230=ORIENTED_EDGE('',*,*,#441,.T.);
#231=ORIENTED_EDGE('',*,*,#442,.T.);
#232=ORIENTED_EDGE('',*,*,#443,.T.);
#233=ORIENTED_EDGE('',*,*,#400,.F.);
#234=ORIENTED_EDGE('',*,*,#442,.F.);
#235=ORIENTED_EDGE('',*,*,#444,.T.);
#236=ORIENTED_EDGE('',*,*,#434,.T.);
#237=ORIENTED_EDGE('',*,*,#359,.F.);
#238=ORIENTED_EDGE('',*,*,#414,.F.);
#239=ORIENTED_EDGE('',*,*,#445,.T.);
#240=ORIENTED_EDGE('',*,*,#446,.T.);
#241=ORIENTED_EDGE('',*,*,#435,.F.);
#242=ORIENTED_EDGE('',*,*,#444,.F.);
#243=ORIENTED_EDGE('',*,*,#441,.F.);
#244=ORIENTED_EDGE('',*,*,#415,.T.);
#245=ORIENTED_EDGE('',*,*,#372,.T.);
#246=ORIENTED_EDGE('',*,*,#447,.F.);
#247=ORIENTED_EDGE('',*,*,#448,.T.);
#248=ORIENTED_EDGE('',*,*,#445,.F.);
#249=ORIENTED_EDGE('',*,*,#413,.T.);
#250=ORIENTED_EDGE('',*,*,#440,.F.);
#251=ORIENTED_EDGE('',*,*,#438,.F.);
#252=ORIENTED_EDGE('',*,*,#449,.F.);
#253=ORIENTED_EDGE('',*,*,#420,.F.);
#254=ORIENTED_EDGE('',*,*,#443,.F.);
#255=ORIENTED_EDGE('',*,*,#437,.F.);
#256=ORIENTED_EDGE('',*,*,#411,.F.);
#257=ORIENTED_EDGE('',*,*,#421,.F.);
#258=ORIENTED_EDGE('',*,*,#431,.T.);
#259=ORIENTED_EDGE('',*,*,#401,.F.);
#260=ORIENTED_EDGE('',*,*,#429,.T.);
#261=ORIENTED_EDGE('',*,*,#347,.F.);
#262=ORIENTED_EDGE('',*,*,#450,.F.);
#263=ORIENTED_EDGE('',*,*,#338,.T.);
#264=ORIENTED_EDGE('',*,*,#451,.T.);
#265=ORIENTED_EDGE('',*,*,#366,.T.);
#266=ORIENTED_EDGE('',*,*,#348,.F.);
#267=ORIENTED_EDGE('',*,*,#451,.F.);
#268=ORIENTED_EDGE('',*,*,#337,.T.);
#269=ORIENTED_EDGE('',*,*,#378,.T.);
#270=ORIENTED_EDGE('',*,*,#452,.T.);
#271=ORIENTED_EDGE('',*,*,#453,.T.);
#272=ORIENTED_EDGE('',*,*,#447,.T.);
#273=ORIENTED_EDGE('',*,*,#371,.F.);
#274=ORIENTED_EDGE('',*,*,#342,.F.);
#275=ORIENTED_EDGE('',*,*,#361,.T.);
#276=ORIENTED_EDGE('',*,*,#454,.F.);
#277=ORIENTED_EDGE('',*,*,#453,.F.);
#278=ORIENTED_EDGE('',*,*,#341,.F.);
#279=ORIENTED_EDGE('',*,*,#331,.T.);
#280=ORIENTED_EDGE('',*,*,#455,.F.);
#281=ORIENTED_EDGE('',*,*,#344,.T.);
#282=ORIENTED_EDGE('',*,*,#370,.T.);
#283=ORIENTED_EDGE('',*,*,#456,.F.);
#284=ORIENTED_EDGE('',*,*,#457,.T.);
#285=ORIENTED_EDGE('',*,*,#324,.F.);
#286=ORIENTED_EDGE('',*,*,#346,.T.);
#287=ORIENTED_EDGE('',*,*,#458,.T.);
#288=ORIENTED_EDGE('',*,*,#339,.F.);
#289=ORIENTED_EDGE('',*,*,#450,.T.);
#290=ORIENTED_EDGE('',*,*,#325,.T.);
#291=ORIENTED_EDGE('',*,*,#457,.F.);
#292=ORIENTED_EDGE('',*,*,#459,.F.);
#293=ORIENTED_EDGE('',*,*,#460,.T.);
#294=ORIENTED_EDGE('',*,*,#326,.F.);
#295=ORIENTED_EDGE('',*,*,#460,.F.);
#296=ORIENTED_EDGE('',*,*,#461,.T.);
#297=ORIENTED_EDGE('',*,*,#368,.T.);
#298=ORIENTED_EDGE('',*,*,#462,.T.);
#299=ORIENTED_EDGE('',*,*,#376,.F.);
#300=ORIENTED_EDGE('',*,*,#459,.T.);
#301=ORIENTED_EDGE('',*,*,#456,.T.);
#302=ORIENTED_EDGE('',*,*,#369,.F.);
#303=ORIENTED_EDGE('',*,*,#461,.F.);
#304=ORIENTED_EDGE('',*,*,#374,.F.);
#305=ORIENTED_EDGE('',*,*,#449,.T.);
#306=ORIENTED_EDGE('',*,*,#360,.T.);
#307=ORIENTED_EDGE('',*,*,#446,.F.);
#308=ORIENTED_EDGE('',*,*,#448,.F.);
#309=ORIENTED_EDGE('',*,*,#454,.T.);
#310=ORIENTED_EDGE('',*,*,#367,.T.);
#311=ORIENTED_EDGE('',*,*,#452,.F.);
#312=ORIENTED_EDGE('',*,*,#377,.F.);
#313=ORIENTED_EDGE('',*,*,#462,.F.);
#314=ORIENTED_EDGE('',*,*,#345,.T.);
#315=ORIENTED_EDGE('',*,*,#329,.F.);
#316=ORIENTED_EDGE('',*,*,#340,.F.);
#317=ORIENTED_EDGE('',*,*,#458,.F.);
#318=ORIENTED_EDGE('',*,*,#332,.T.);
#319=ORIENTED_EDGE('',*,*,#335,.T.);
#320=ORIENTED_EDGE('',*,*,#455,.T.);
#321=ORIENTED_EDGE('',*,*,#323,.F.);
#322=EDGE_CURVE('',#463,#464,#561,.T.);
#323=EDGE_CURVE('',#463,#465,#562,.T.);
#324=EDGE_CURVE('',#465,#466,#563,.T.);
#325=EDGE_CURVE('',#467,#466,#564,.T.);
#326=EDGE_CURVE('',#467,#468,#565,.T.);
#327=EDGE_CURVE('',#468,#464,#566,.T.);
#328=EDGE_CURVE('',#469,#470,#567,.T.);
#329=EDGE_CURVE('',#470,#471,#568,.T.);
#330=EDGE_CURVE('',#472,#471,#569,.T.);
#331=EDGE_CURVE('',#469,#472,#570,.T.);
#332=EDGE_CURVE('',#463,#473,#571,.T.);
#333=EDGE_CURVE('',#474,#464,#572,.T.);
#334=EDGE_CURVE('',#473,#474,#573,.T.);
#335=EDGE_CURVE('',#473,#475,#574,.T.);
#336=EDGE_CURVE('',#476,#474,#575,.T.);
#337=EDGE_CURVE('',#477,#476,#576,.T.);
#338=EDGE_CURVE('',#478,#477,#577,.T.);
#339=EDGE_CURVE('',#478,#479,#578,.T.);
#340=EDGE_CURVE('',#479,#470,#579,.T.);
#341=EDGE_CURVE('',#469,#480,#580,.T.);
#342=EDGE_CURVE('',#480,#481,#581,.T.);
#343=EDGE_CURVE('',#481,#482,#582,.T.);
#344=EDGE_CURVE('',#475,#482,#583,.T.);
#345=EDGE_CURVE('',#483,#471,#584,.T.);
#346=EDGE_CURVE('',#484,#483,#585,.T.);
#347=EDGE_CURVE('',#484,#485,#586,.T.);
#348=EDGE_CURVE('',#485,#486,#587,.T.);
#349=EDGE_CURVE('',#487,#486,#588,.T.);
#350=EDGE_CURVE('',#488,#487,#589,.T.);
#351=EDGE_CURVE('',#489,#488,#590,.T.);
#352=EDGE_CURVE('',#490,#489,#591,.T.);
#353=EDGE_CURVE('',#490,#491,#592,.T.);
#354=EDGE_CURVE('',#491,#492,#593,.T.);
#355=EDGE_CURVE('',#492,#493,#594,.T.);
#356=EDGE_CURVE('',#493,#494,#595,.T.);
#357=EDGE_CURVE('',#495,#494,#596,.T.);
#358=EDGE_CURVE('',#496,#495,#597,.T.);
#359=EDGE_CURVE('',#496,#497,#598,.T.);
#360=EDGE_CURVE('',#498,#497,#599,.T.);
#361=EDGE_CURVE('',#472,#498,#600,.T.);
#362=EDGE_CURVE('',#499,#499,#21,.T.);
#363=EDGE_CURVE('',#500,#500,#22,.T.);
#364=EDGE_CURVE('',#501,#501,#23,.T.);
#365=EDGE_CURVE('',#502,#502,#24,.T.);
#366=EDGE_CURVE('',#503,#486,#601,.T.);
#367=EDGE_CURVE('',#504,#503,#602,.F.);
#368=EDGE_CURVE('',#505,#504,#603,.T.);
#369=EDGE_CURVE('',#505,#506,#604,.T.);
#370=EDGE_CURVE('',#482,#506,#605,.T.);
#371=EDGE_CURVE('',#481,#507,#606,.T.);
#372=EDGE_CURVE('',#508,#507,#607,.T.);
#373=EDGE_CURVE('',#508,#509,#608,.T.);
#374=EDGE_CURVE('',#509,#510,#609,.T.);
#375=EDGE_CURVE('',#510,#487,#610,.T.);
#376=EDGE_CURVE('',#468,#511,#611,.T.);
#377=EDGE_CURVE('',#511,#512,#612,.F.);
#378=EDGE_CURVE('',#476,#512,#613,.T.);
#379=EDGE_CURVE('',#513,#513,#25,.T.);
#380=EDGE_CURVE('',#514,#514,#26,.T.);
#381=EDGE_CURVE('',#515,#515,#27,.T.);
#382=EDGE_CURVE('',#516,#516,#28,.T.);
#383=EDGE_CURVE('',#517,#518,#614,.T.);
#384=EDGE_CURVE('',#518,#519,#615,.T.);
#385=EDGE_CURVE('',#519,#520,#616,.T.);
#386=EDGE_CURVE('',#520,#521,#617,.T.);
#387=EDGE_CURVE('',#521,#522,#618,.T.);
#388=EDGE_CURVE('',#523,#522,#619,.T.);
#389=EDGE_CURVE('',#524,#523,#620,.T.);
#390=EDGE_CURVE('',#525,#524,#621,.T.);
#391=EDGE_CURVE('',#526,#525,#622,.T.);
#392=EDGE_CURVE('',#526,#527,#623,.T.);
#393=EDGE_CURVE('',#528,#527,#624,.T.);
#394=EDGE_CURVE('',#529,#528,#625,.T.);
#395=EDGE_CURVE('',#529,#530,#626,.T.);
#396=EDGE_CURVE('',#531,#530,#627,.T.);
#397=EDGE_CURVE('',#532,#531,#628,.T.);
#398=EDGE_CURVE('',#532,#533,#629,.T.);
#399=EDGE_CURVE('',#533,#534,#630,.T.);
#400=EDGE_CURVE('',#534,#517,#631,.T.);
#401=EDGE_CURVE('',#535,#535,#29,.T.);
#402=EDGE_CURVE('',#536,#489,#632,.T.);
#403=EDGE_CURVE('',#537,#536,#633,.T.);
#404=EDGE_CURVE('',#537,#527,#634,.T.);
#405=EDGE_CURVE('',#490,#526,#635,.T.);
#406=EDGE_CURVE('',#491,#525,#636,.T.);
#407=EDGE_CURVE('',#492,#524,#637,.T.);
#408=EDGE_CURVE('',#493,#523,#638,.T.);
#409=EDGE_CURVE('',#494,#522,#639,.T.);
#410=EDGE_CURVE('',#495,#521,#640,.T.);
#411=EDGE_CURVE('',#538,#538,#30,.T.);
#412=EDGE_CURVE('',#539,#520,#641,.T.);
#413=EDGE_CURVE('',#540,#539,#642,.T.);
#414=EDGE_CURVE('',#540,#496,#643,.T.);
#415=EDGE_CURVE('',#541,#508,#644,.T.);
#416=EDGE_CURVE('',#541,#533,#645,.T.);
#417=EDGE_CURVE('',#542,#532,#646,.T.);
#418=EDGE_CURVE('',#543,#542,#647,.T.);
#419=EDGE_CURVE('',#543,#488,#648,.T.);
#420=EDGE_CURVE('',#510,#509,#31,.F.);
#421=EDGE_CURVE('',#544,#544,#32,.F.);
#422=EDGE_CURVE('',#545,#529,#649,.T.);
#423=EDGE_CURVE('',#545,#546,#650,.T.);
#424=EDGE_CURVE('',#546,#530,#651,.T.);
#425=EDGE_CURVE('',#547,#531,#652,.T.);
#426=EDGE_CURVE('',#542,#547,#653,.T.);
#427=EDGE_CURVE('',#548,#528,#654,.T.);
#428=EDGE_CURVE('',#548,#537,#655,.T.);
#429=EDGE_CURVE('',#549,#549,#33,.F.);
#430=EDGE_CURVE('',#545,#548,#656,.T.);
#431=EDGE_CURVE('',#550,#550,#34,.F.);
#432=EDGE_CURVE('',#547,#546,#657,.T.);
#433=EDGE_CURVE('',#536,#543,#658,.T.);
#434=EDGE_CURVE('',#551,#517,#659,.T.);
#435=EDGE_CURVE('',#551,#552,#660,.T.);
#436=EDGE_CURVE('',#552,#518,#661,.T.);
#437=EDGE_CURVE('',#553,#553,#35,.F.);
#438=EDGE_CURVE('',#552,#554,#662,.T.);
#439=EDGE_CURVE('',#554,#519,#663,.T.);
#440=EDGE_CURVE('',#554,#539,#664,.T.);
#441=EDGE_CURVE('',#541,#555,#665,.T.);
#442=EDGE_CURVE('',#555,#534,#666,.T.);
#443=EDGE_CURVE('',#556,#556,#36,.F.);
#444=EDGE_CURVE('',#555,#551,#667,.T.);
#445=EDGE_CURVE('',#540,#557,#668,.T.);
#446=EDGE_CURVE('',#557,#497,#669,.T.);
#447=EDGE_CURVE('',#558,#507,#670,.T.);
#448=EDGE_CURVE('',#558,#557,#671,.T.);
#449=EDGE_CURVE('',#509,#510,#37,.F.);
#450=EDGE_CURVE('',#478,#484,#672,.T.);
#451=EDGE_CURVE('',#477,#485,#673,.T.);
#452=EDGE_CURVE('',#512,#503,#38,.T.);
#453=EDGE_CURVE('',#480,#558,#674,.T.);
#454=EDGE_CURVE('',#558,#498,#675,.T.);
#455=EDGE_CURVE('',#475,#465,#676,.T.);
#456=EDGE_CURVE('',#559,#506,#677,.T.);
#457=EDGE_CURVE('',#559,#466,#678,.T.);
#458=EDGE_CURVE('',#483,#479,#679,.T.);
#459=EDGE_CURVE('',#560,#559,#680,.T.);
#460=EDGE_CURVE('',#560,#467,#681,.T.);
#461=EDGE_CURVE('',#560,#505,#682,.T.);
#462=EDGE_CURVE('',#504,#511,#39,.T.);
#463=VERTEX_POINT('',#1403);
#464=VERTEX_POINT('',#1404);
#465=VERTEX_POINT('',#1406);
#466=VERTEX_POINT('',#1408);
#467=VERTEX_POINT('',#1410);
#468=VERTEX_POINT('',#1412);
#469=VERTEX_POINT('',#1416);
#470=VERTEX_POINT('',#1417);
#471=VERTEX_POINT('',#1419);
#472=VERTEX_POINT('',#1421);
#473=VERTEX_POINT('',#1425);
#474=VERTEX_POINT('',#1427);
#475=VERTEX_POINT('',#1431);
#476=VERTEX_POINT('',#1433);
#477=VERTEX_POINT('',#1435);
#478=VERTEX_POINT('',#1437);
#479=VERTEX_POINT('',#1439);
#480=VERTEX_POINT('',#1442);
#481=VERTEX_POINT('',#1444);
#482=VERTEX_POINT('',#1446);
#483=VERTEX_POINT('',#1450);
#484=VERTEX_POINT('',#1452);
#485=VERTEX_POINT('',#1454);
#486=VERTEX_POINT('',#1456);
#487=VERTEX_POINT('',#1458);
#488=VERTEX_POINT('',#1460);
#489=VERTEX_POINT('',#1462);
#490=VERTEX_POINT('',#1464);
#491=VERTEX_POINT('',#1466);
#492=VERTEX_POINT('',#1468);
#493=VERTEX_POINT('',#1470);
#494=VERTEX_POINT('',#1472);
#495=VERTEX_POINT('',#1474);
#496=VERTEX_POINT('',#1476);
#497=VERTEX_POINT('',#1478);
#498=VERTEX_POINT('',#1480);
#499=VERTEX_POINT('',#1483);
#500=VERTEX_POINT('',#1485);
#501=VERTEX_POINT('',#1487);
#502=VERTEX_POINT('',#1489);
#503=VERTEX_POINT('',#1492);
#504=VERTEX_POINT('',#1494);
#505=VERTEX_POINT('',#1496);
#506=VERTEX_POINT('',#1498);
#507=VERTEX_POINT('',#1501);
#508=VERTEX_POINT('',#1503);
#509=VERTEX_POINT('',#1505);
#510=VERTEX_POINT('',#1507);
#511=VERTEX_POINT('',#1511);
#512=VERTEX_POINT('',#1513);
#513=VERTEX_POINT('',#1517);
#514=VERTEX_POINT('',#1519);
#515=VERTEX_POINT('',#1521);
#516=VERTEX_POINT('',#1523);
#517=VERTEX_POINT('',#1525);
#518=VERTEX_POINT('',#1526);
#519=VERTEX_POINT('',#1528);
#520=VERTEX_POINT('',#1530);
#521=VERTEX_POINT('',#1532);
#522=VERTEX_POINT('',#1534);
#523=VERTEX_POINT('',#1536);
#524=VERTEX_POINT('',#1538);
#525=VERTEX_POINT('',#1540);
#526=VERTEX_POINT('',#1542);
#527=VERTEX_POINT('',#1544);
#528=VERTEX_POINT('',#1546);
#529=VERTEX_POINT('',#1548);
#530=VERTEX_POINT('',#1550);
#531=VERTEX_POINT('',#1552);
#532=VERTEX_POINT('',#1554);
#533=VERTEX_POINT('',#1556);
#534=VERTEX_POINT('',#1558);
#535=VERTEX_POINT('',#1562);
#536=VERTEX_POINT('',#1564);
#537=VERTEX_POINT('',#1566);
#538=VERTEX_POINT('',#1581);
#539=VERTEX_POINT('',#1583);
#540=VERTEX_POINT('',#1585);
#541=VERTEX_POINT('',#1589);
#542=VERTEX_POINT('',#1592);
#543=VERTEX_POINT('',#1594);
#544=VERTEX_POINT('',#1598);
#545=VERTEX_POINT('',#1605);
#546=VERTEX_POINT('',#1607);
#547=VERTEX_POINT('',#1611);
#548=VERTEX_POINT('',#1615);
#549=VERTEX_POINT('',#1619);
#550=VERTEX_POINT('',#1623);
#551=VERTEX_POINT('',#1630);
#552=VERTEX_POINT('',#1632);
#553=VERTEX_POINT('',#1636);
#554=VERTEX_POINT('',#1638);
#555=VERTEX_POINT('',#1644);
#556=VERTEX_POINT('',#1648);
#557=VERTEX_POINT('',#1652);
#558=VERTEX_POINT('',#1656);
#559=VERTEX_POINT('',#1675);
#560=VERTEX_POINT('',#1681);
#561=LINE('',#1402,#683);
#562=LINE('',#1405,#684);
#563=LINE('',#1407,#685);
#564=LINE('',#1409,#686);
#565=LINE('',#1411,#687);
#566=LINE('',#1413,#688);
#567=LINE('',#1415,#689);
#568=LINE('',#1418,#690);
#569=LINE('',#1420,#691);
#570=LINE('',#1422,#692);
#571=LINE('',#1424,#693);
#572=LINE('',#1426,#694);
#573=LINE('',#1428,#695);
#574=LINE('',#1430,#696);
#575=LINE('',#1432,#697);
#576=LINE('',#1434,#698);
#577=LINE('',#1436,#699);
#578=LINE('',#1438,#700);
#579=LINE('',#1440,#701);
#580=LINE('',#1441,#702);
#581=LINE('',#1443,#703);
#582=LINE('',#1445,#704);
#583=LINE('',#1447,#705);
#584=LINE('',#1449,#706);
#585=LINE('',#1451,#707);
#586=LINE('',#1453,#708);
#587=LINE('',#1455,#709);
#588=LINE('',#1457,#710);
#589=LINE('',#1459,#711);
#590=LINE('',#1461,#712);
#591=LINE('',#1463,#713);
#592=LINE('',#1465,#714);
#593=LINE('',#1467,#715);
#594=LINE('',#1469,#716);
#595=LINE('',#1471,#717);
#596=LINE('',#1473,#718);
#597=LINE('',#1475,#719);
#598=LINE('',#1477,#720);
#599=LINE('',#1479,#721);
#600=LINE('',#1481,#722);
#601=LINE('',#1491,#723);
#602=LINE('',#1493,#724);
#603=LINE('',#1495,#725);
#604=LINE('',#1497,#726);
#605=LINE('',#1499,#727);
#606=LINE('',#1500,#728);
#607=LINE('',#1502,#729);
#608=LINE('',#1504,#730);
#609=LINE('',#1506,#731);
#610=LINE('',#1508,#732);
#611=LINE('',#1510,#733);
#612=LINE('',#1512,#734);
#613=LINE('',#1514,#735);
#614=LINE('',#1524,#736);
#615=LINE('',#1527,#737);
#616=LINE('',#1529,#738);
#617=LINE('',#1531,#739);
#618=LINE('',#1533,#740);
#619=LINE('',#1535,#741);
#620=LINE('',#1537,#742);
#621=LINE('',#1539,#743);
#622=LINE('',#1541,#744);
#623=LINE('',#1543,#745);
#624=LINE('',#1545,#746);
#625=LINE('',#1547,#747);
#626=LINE('',#1549,#748);
#627=LINE('',#1551,#749);
#628=LINE('',#1553,#750);
#629=LINE('',#1555,#751);
#630=LINE('',#1557,#752);
#631=LINE('',#1559,#753);
#632=LINE('',#1563,#754);
#633=LINE('',#1565,#755);
#634=LINE('',#1567,#756);
#635=LINE('',#1568,#757);
#636=LINE('',#1570,#758);
#637=LINE('',#1572,#759);
#638=LINE('',#1574,#760);
#639=LINE('',#1576,#761);
#640=LINE('',#1578,#762);
#641=LINE('',#1582,#763);
#642=LINE('',#1584,#764);
#643=LINE('',#1586,#765);
#644=LINE('',#1588,#766);
#645=LINE('',#1590,#767);
#646=LINE('',#1591,#768);
#647=LINE('',#1593,#769);
#648=LINE('',#1595,#770);
#649=LINE('',#1604,#771);
#650=LINE('',#1606,#772);
#651=LINE('',#1608,#773);
#652=LINE('',#1610,#774);
#653=LINE('',#1612,#775);
#654=LINE('',#1614,#776);
#655=LINE('',#1616,#777);
#656=LINE('',#1620,#778);
#657=LINE('',#1624,#779);
#658=LINE('',#1626,#780);
#659=LINE('',#1629,#781);
#660=LINE('',#1631,#782);
#661=LINE('',#1633,#783);
#662=LINE('',#1637,#784);
#663=LINE('',#1639,#785);
#664=LINE('',#1641,#786);
#665=LINE('',#1643,#787);
#666=LINE('',#1645,#788);
#667=LINE('',#1649,#789);
#668=LINE('',#1651,#790);
#669=LINE('',#1653,#791);
#670=LINE('',#1655,#792);
#671=LINE('',#1657,#793);
#672=LINE('',#1664,#794);
#673=LINE('',#1665,#795);
#674=LINE('',#1669,#796);
#675=LINE('',#1671,#797);
#676=LINE('',#1673,#798);
#677=LINE('',#1674,#799);
#678=LINE('',#1676,#800);
#679=LINE('',#1678,#801);
#680=LINE('',#1680,#802);
#681=LINE('',#1682,#803);
#682=LINE('',#1684,#804);
#683=VECTOR('',#1138,1.);
#684=VECTOR('',#1139,1.);
#685=VECTOR('',#1140,1.);
#686=VECTOR('',#1141,1.);
#687=VECTOR('',#1142,1.);
#688=VECTOR('',#1143,1.);
#689=VECTOR('',#1146,1.);
#690=VECTOR('',#1147,1.);
#691=VECTOR('',#1148,1.);
#692=VECTOR('',#1149,1.);
#693=VECTOR('',#1152,1.);
#694=VECTOR('',#1153,1.);
#695=VECTOR('',#1154,1.);
#696=VECTOR('',#1157,1.);
#697=VECTOR('',#1158,1.);
#698=VECTOR('',#1159,1.);
#699=VECTOR('',#1160,1.);
#700=VECTOR('',#1161,1.);
#701=VECTOR('',#1162,1.);
#702=VECTOR('',#1163,1.);
#703=VECTOR('',#1164,1.);
#704=VECTOR('',#1165,1.);
#705=VECTOR('',#1166,1.);
#706=VECTOR('',#1169,1.);
#707=VECTOR('',#1170,1.);
#708=VECTOR('',#1171,1.);
#709=VECTOR('',#1172,1.);
#710=VECTOR('',#1173,1.);
#711=VECTOR('',#1174,1.);
#712=VECTOR('',#1175,1.);
#713=VECTOR('',#1176,1.);
#714=VECTOR('',#1177,1.);
#715=VECTOR('',#1178,1.);
#716=VECTOR('',#1179,1.);
#717=VECTOR('',#1180,1.);
#718=VECTOR('',#1181,1.);
#719=VECTOR('',#1182,1.);
#720=VECTOR('',#1183,1.);
#721=VECTOR('',#1184,1.);
#722=VECTOR('',#1185,1.);
#723=VECTOR('',#1196,1.);
#724=VECTOR('',#1197,1.);
#725=VECTOR('',#1198,1.);
#726=VECTOR('',#1199,1.);
#727=VECTOR('',#1200,1.);
#728=VECTOR('',#1201,1.);
#729=VECTOR('',#1202,1.);
#730=VECTOR('',#1203,1.);
#731=VECTOR('',#1204,1.);
#732=VECTOR('',#1205,1.);
#733=VECTOR('',#1208,1.);
#734=VECTOR('',#1209,1.);
#735=VECTOR('',#1210,1.);
#736=VECTOR('',#1221,1.);
#737=VECTOR('',#1222,1.);
#738=VECTOR('',#1223,1.);
#739=VECTOR('',#1224,1.);
#740=VECTOR('',#1225,1.);
#741=VECTOR('',#1226,1.);
#742=VECTOR('',#1227,1.);
#743=VECTOR('',#1228,1.);
#744=VECTOR('',#1229,1.);
#745=VECTOR('',#1230,1.);
#746=VECTOR('',#1231,1.);
#747=VECTOR('',#1232,1.);
#748=VECTOR('',#1233,1.);
#749=VECTOR('',#1234,1.);
#750=VECTOR('',#1235,1.);
#751=VECTOR('',#1236,1.);
#752=VECTOR('',#1237,1.);
#753=VECTOR('',#1238,1.);
#754=VECTOR('',#1243,1.);
#755=VECTOR('',#1244,1.);
#756=VECTOR('',#1245,1.);
#757=VECTOR('',#1246,1.);
#758=VECTOR('',#1249,1.);
#759=VECTOR('',#1252,1.);
#760=VECTOR('',#1255,1.);
#761=VECTOR('',#1258,1.);
#762=VECTOR('',#1261,1.);
#763=VECTOR('',#1266,1.);
#764=VECTOR('',#1267,1.);
#765=VECTOR('',#1268,1.);
#766=VECTOR('',#1271,1.);
#767=VECTOR('',#1272,1.);
#768=VECTOR('',#1273,1.);
#769=VECTOR('',#1274,1.);
#770=VECTOR('',#1275,1.);
#771=VECTOR('',#1290,1.);
#772=VECTOR('',#1291,1.);
#773=VECTOR('',#1292,1.);
#774=VECTOR('',#1295,1.);
#775=VECTOR('',#1296,1.);
#776=VECTOR('',#1299,1.);
#777=VECTOR('',#1300,1.);
#778=VECTOR('',#1305,1.);
#779=VECTOR('',#1310,1.);
#780=VECTOR('',#1313,1.);
#781=VECTOR('',#1318,1.);
#782=VECTOR('',#1319,1.);
#783=VECTOR('',#1320,1.);
#784=VECTOR('',#1325,1.);
#785=VECTOR('',#1326,1.);
#786=VECTOR('',#1329,1.);
#787=VECTOR('',#1332,1.);
#788=VECTOR('',#1333,1.);
#789=VECTOR('',#1338,1.);
#790=VECTOR('',#1341,1.);
#791=VECTOR('',#1342,1.);
#792=VECTOR('',#1345,1.);
#793=VECTOR('',#1346,1.);
#794=VECTOR('',#1359,1.);
#795=VECTOR('',#1360,1.);
#796=VECTOR('',#1367,1.);
#797=VECTOR('',#1370,1.);
#798=VECTOR('',#1373,1.);
#799=VECTOR('',#1374,1.);
#800=VECTOR('',#1375,1.);
#801=VECTOR('',#1378,1.);
#802=VECTOR('',#1381,1.);
#803=VECTOR('',#1382,1.);
#804=VECTOR('',#1385,1.);
#805=EDGE_LOOP('',(#40,#41,#42,#43,#44,#45));
#806=EDGE_LOOP('',(#46,#47,#48,#49));
#807=EDGE_LOOP('',(#50,#51,#52,#53));
#808=EDGE_LOOP('',(#54,#55,#56,#57,#58,#59,#60,#61,#62,#63,#64,#65));
#809=EDGE_LOOP('',(#66,#67,#68,#69,#70,#71,#72,#73,#74,#75,#76,#77,#78,#79,#80,#81,#82,#83));
#810=EDGE_LOOP('',(#84));
#811=EDGE_LOOP('',(#85));
#812=EDGE_LOOP('',(#86));
#813=EDGE_LOOP('',(#87));
#814=EDGE_LOOP('',(#88,#89,#90,#91,#92,#93,#94,#95,#96,#97,#98,#99));
#815=EDGE_LOOP('',(#100,#101,#102,#103,#104,#105));
#816=EDGE_LOOP('',(#106));
#817=EDGE_LOOP('',(#107));
#818=EDGE_LOOP('',(#108));
#819=EDGE_LOOP('',(#109));
#820=EDGE_LOOP('',(#110,#111,#112,#113,#114,#115,#116,#117,#118,#119,#120,#121,#122,#123,#124,#125,#126,#127));
#821=EDGE_LOOP('',(#128));
#822=EDGE_LOOP('',(#129,#130,#131,#132,#133,#134));
#823=EDGE_LOOP('',(#135,#136,#137,#138));
#824=EDGE_LOOP('',(#139,#140,#141,#142));
#825=EDGE_LOOP('',(#143,#144,#145,#146));
#826=EDGE_LOOP('',(#147,#148,#149,#150));
#827=EDGE_LOOP('',(#151,#152,#153,#154));
#828=EDGE_LOOP('',(#155));
#829=EDGE_LOOP('',(#156,#157,#158,#159,#160,#161));
#830=EDGE_LOOP('',(#162,#163,#164,#165,#166,#167,#168,#169,#170,#171));
#831=EDGE_LOOP('',(#172));
#832=EDGE_LOOP('',(#173));
#833=EDGE_LOOP('',(#174));
#834=EDGE_LOOP('',(#175));
#835=EDGE_LOOP('',(#176));
#836=EDGE_LOOP('',(#177));
#837=EDGE_LOOP('',(#178));
#838=EDGE_LOOP('',(#179));
#839=EDGE_LOOP('',(#180));
#840=EDGE_LOOP('',(#181,#182,#183,#184));
#841=EDGE_LOOP('',(#185,#186,#187,#188));
#842=EDGE_LOOP('',(#189,#190,#191,#192));
#843=EDGE_LOOP('',(#193));
#844=EDGE_LOOP('',(#194,#195,#196,#197));
#845=EDGE_LOOP('',(#198));
#846=EDGE_LOOP('',(#199,#200,#201,#202));
#847=EDGE_LOOP('',(#203,#204,#205,#206));
#848=EDGE_LOOP('',(#207,#208,#209,#210,#211,#212,#213,#214));
#849=EDGE_LOOP('',(#215,#216,#217,#218));
#850=EDGE_LOOP('',(#219));
#851=EDGE_LOOP('',(#220,#221,#222,#223));
#852=EDGE_LOOP('',(#224,#225,#226,#227));
#853=EDGE_LOOP('',(#228,#229,#230,#231));
#854=EDGE_LOOP('',(#232));
#855=EDGE_LOOP('',(#233,#234,#235,#236));
#856=EDGE_LOOP('',(#237,#238,#239,#240));
#857=EDGE_LOOP('',(#241,#242,#243,#244,#245,#246,#247,#248,#249,#250,#251));
#858=EDGE_LOOP('',(#252,#253));
#859=EDGE_LOOP('',(#254));
#860=EDGE_LOOP('',(#255));
#861=EDGE_LOOP('',(#256));
#862=EDGE_LOOP('',(#257));
#863=EDGE_LOOP('',(#258));
#864=EDGE_LOOP('',(#259));
#865=EDGE_LOOP('',(#260));
#866=EDGE_LOOP('',(#261,#262,#263,#264));
#867=EDGE_LOOP('',(#265,#266,#267,#268,#269,#270));
#868=EDGE_LOOP('',(#271,#272,#273,#274));
#869=EDGE_LOOP('',(#275,#276,#277,#278,#279));
#870=EDGE_LOOP('',(#280,#281,#282,#283,#284,#285));
#871=EDGE_LOOP('',(#286,#287,#288,#289));
#872=EDGE_LOOP('',(#290,#291,#292,#293));
#873=EDGE_LOOP('',(#294,#295,#296,#297,#298,#299));
#874=EDGE_LOOP('',(#300,#301,#302,#303));
#875=EDGE_LOOP('',(#304,#305));
#876=EDGE_LOOP('',(#306,#307,#308,#309));
#877=EDGE_LOOP('',(#310,#311,#312,#313));
#878=EDGE_LOOP('',(#314,#315,#316,#317));
#879=EDGE_LOOP('',(#318,#319,#320,#321));
#880=FACE_BOUND('',#805,.T.);
#881=FACE_BOUND('',#806,.T.);
#882=FACE_BOUND('',#807,.T.);
#883=FACE_BOUND('',#808,.T.);
#884=FACE_BOUND('',#809,.T.);
#885=FACE_BOUND('',#810,.T.);
#886=FACE_BOUND('',#811,.T.);
#887=FACE_BOUND('',#812,.T.);
#888=FACE_BOUND('',#813,.T.);
#889=FACE_BOUND('',#814,.T.);
#890=FACE_BOUND('',#815,.T.);
#891=FACE_BOUND('',#816,.T.);
#892=FACE_BOUND('',#817,.T.);
#893=FACE_BOUND('',#818,.T.);
#894=FACE_BOUND('',#819,.T.);
#895=FACE_BOUND('',#820,.T.);
#896=FACE_BOUND('',#821,.T.);
#897=FACE_BOUND('',#822,.T.);
#898=FACE_BOUND('',#823,.T.);
#899=FACE_BOUND('',#824,.T.);
#900=FACE_BOUND('',#825,.T.);
#901=FACE_BOUND('',#826,.T.);
#902=FACE_BOUND('',#827,.T.);
#903=FACE_BOUND('',#828,.T.);
#904=FACE_BOUND('',#829,.T.);
#905=FACE_BOUND('',#830,.T.);
#906=FACE_BOUND('',#831,.T.);
#907=FACE_BOUND('',#832,.T.);
#908=FACE_BOUND('',#833,.T.);
#909=FACE_BOUND('',#834,.T.);
#910=FACE_BOUND('',#835,.T.);
#911=FACE_BOUND('',#836,.T.);
#912=FACE_BOUND('',#837,.T.);
#913=FACE_BOUND('',#838,.T.);
#914=FACE_BOUND('',#839,.T.);
#915=FACE_BOUND('',#840,.T.);
#916=FACE_BOUND('',#841,.T.);
#917=FACE_BOUND('',#842,.T.);
#918=FACE_BOUND('',#843,.T.);
#919=FACE_BOUND('',#844,.T.);
#920=FACE_BOUND('',#845,.T.);
#921=FACE_BOUND('',#846,.T.);
#922=FACE_BOUND('',#847,.T.);
#923=FACE_BOUND('',#848,.T.);
#924=FACE_BOUND('',#849,.T.);
#925=FACE_BOUND('',#850,.T.);
#926=FACE_BOUND('',#851,.T.);
#927=FACE_BOUND('',#852,.T.);
#928=FACE_BOUND('',#853,.T.);
#929=FACE_BOUND('',#854,.T.);
#930=FACE_BOUND('',#855,.T.);
#931=FACE_BOUND('',#856,.T.);
#932=FACE_BOUND('',#857,.T.);
#933=FACE_BOUND('',#858,.T.);
#934=FACE_BOUND('',#859,.T.);
#935=FACE_BOUND('',#860,.T.);
#936=FACE_BOUND('',#861,.T.);
#937=FACE_BOUND('',#862,.T.);
#938=FACE_BOUND('',#863,.T.);
#939=FACE_BOUND('',#864,.T.);
#940=FACE_BOUND('',#865,.T.);
#941=FACE_BOUND('',#866,.T.);
#942=FACE_BOUND('',#867,.T.);
#943=FACE_BOUND('',#868,.T.);
#944=FACE_BOUND('',#869,.T.);
#945=FACE_BOUND('',#870,.T.);
#946=FACE_BOUND('',#871,.T.);
#947=FACE_BOUND('',#872,.T.);
#948=FACE_BOUND('',#873,.T.);
#949=FACE_BOUND('',#874,.T.);
#950=FACE_BOUND('',#875,.T.);
#951=FACE_BOUND('',#876,.T.);
#952=FACE_BOUND('',#877,.T.);
#953=FACE_BOUND('',#878,.T.);
#954=FACE_BOUND('',#879,.T.);
#955=PLANE('',#1063);
#956=PLANE('',#1064);
#957=PLANE('',#1065);
#958=PLANE('',#1066);
#959=PLANE('',#1067);
#960=PLANE('',#1072);
#961=PLANE('',#1073);
#962=PLANE('',#1074);
#963=PLANE('',#1079);
#964=PLANE('',#1081);
#965=PLANE('',#1082);
#966=PLANE('',#1083);
#967=PLANE('',#1084);
#968=PLANE('',#1085);
#969=PLANE('',#1086);
#970=PLANE('',#1088);
#971=PLANE('',#1095);
#972=PLANE('',#1096);
#973=PLANE('',#1097);
#974=PLANE('',#1098);
#975=PLANE('',#1100);
#976=PLANE('',#1102);
#977=PLANE('',#1103);
#978=PLANE('',#1104);
#979=PLANE('',#1105);
#980=PLANE('',#1107);
#981=PLANE('',#1108);
#982=PLANE('',#1109);
#983=PLANE('',#1111);
#984=PLANE('',#1112);
#985=PLANE('',#1118);
#986=PLANE('',#1119);
#987=PLANE('',#1121);
#988=PLANE('',#1122);
#989=PLANE('',#1123);
#990=PLANE('',#1124);
#991=PLANE('',#1125);
#992=PLANE('',#1126);
#993=PLANE('',#1128);
#994=PLANE('',#1129);
#995=PLANE('',#1130);
#996=PLANE('',#1132);
#997=PLANE('',#1133);
#998=ADVANCED_FACE('',(#880),#955,.T.);
#999=ADVANCED_FACE('',(#881),#956,.T.);
#1000=ADVANCED_FACE('',(#882),#957,.F.);
#1001=ADVANCED_FACE('',(#883),#958,.F.);
#1002=ADVANCED_FACE('',(#884,#885,#886,#887,#888),#959,.T.);
#1003=ADVANCED_FACE('',(#889),#960,.F.);
#1004=ADVANCED_FACE('',(#890),#961,.T.);
#1005=ADVANCED_FACE('',(#891,#892,#893,#894,#895),#962,.F.);
#1006=ADVANCED_FACE('',(#896,#897),#963,.T.);
#1007=ADVANCED_FACE('',(#898),#964,.F.);
#1008=ADVANCED_FACE('',(#899),#965,.F.);
#1009=ADVANCED_FACE('',(#900),#966,.F.);
#1010=ADVANCED_FACE('',(#901),#967,.F.);
#1011=ADVANCED_FACE('',(#902),#968,.T.);
#1012=ADVANCED_FACE('',(#903,#904),#969,.T.);
#1013=ADVANCED_FACE('',(#905,#906),#970,.T.);
#1014=ADVANCED_FACE('',(#907,#908),#12,.F.);
#1015=ADVANCED_FACE('',(#909,#910),#13,.F.);
#1016=ADVANCED_FACE('',(#911,#912),#14,.F.);
#1017=ADVANCED_FACE('',(#913,#914),#15,.F.);
#1018=ADVANCED_FACE('',(#915),#971,.T.);
#1019=ADVANCED_FACE('',(#916),#972,.F.);
#1020=ADVANCED_FACE('',(#917),#973,.F.);
#1021=ADVANCED_FACE('',(#918,#919),#974,.F.);
#1022=ADVANCED_FACE('',(#920,#921),#975,.F.);
#1023=ADVANCED_FACE('',(#922),#976,.F.);
#1024=ADVANCED_FACE('',(#923),#977,.F.);
#1025=ADVANCED_FACE('',(#924),#978,.T.);
#1026=ADVANCED_FACE('',(#925,#926),#979,.T.);
#1027=ADVANCED_FACE('',(#927),#980,.T.);
#1028=ADVANCED_FACE('',(#928),#981,.T.);
#1029=ADVANCED_FACE('',(#929,#930),#982,.T.);
#1030=ADVANCED_FACE('',(#931),#983,.T.);
#1031=ADVANCED_FACE('',(#932),#984,.F.);
#1032=ADVANCED_FACE('',(#933,#934),#16,.F.);
#1033=ADVANCED_FACE('',(#935,#936),#17,.F.);
#1034=ADVANCED_FACE('',(#937,#938),#18,.F.);
#1035=ADVANCED_FACE('',(#939,#940),#19,.F.);
#1036=ADVANCED_FACE('',(#941),#985,.T.);
#1037=ADVANCED_FACE('',(#942),#986,.T.);
#1038=ADVANCED_FACE('',(#943),#987,.F.);
#1039=ADVANCED_FACE('',(#944),#988,.F.);
#1040=ADVANCED_FACE('',(#945),#989,.T.);
#1041=ADVANCED_FACE('',(#946),#990,.F.);
#1042=ADVANCED_FACE('',(#947),#991,.F.);
#1043=ADVANCED_FACE('',(#948),#992,.T.);
#1044=ADVANCED_FACE('',(#949),#993,.F.);
#1045=ADVANCED_FACE('',(#950),#994,.T.);
#1046=ADVANCED_FACE('',(#951),#995,.F.);
#1047=ADVANCED_FACE('',(#952),#20,.F.);
#1048=ADVANCED_FACE('',(#953),#996,.T.);
#1049=ADVANCED_FACE('',(#954),#997,.F.);
#1050=CLOSED_SHELL('',(#998,#999,#1000,#1001,#1002,#1003,#1004,#1005,#1006,#1007,#1008,#1009,#1010,#1011,#1012,#1013,#1014,#1015,#1016,#1017,#1018,#1019,#1020,#1021,#1022,#1023,#1024,#1025,#1026,#1027,#1028,#1029,#1030,#1031,#1032,#1033,#1034,#1035,#1036,#1037,#1038,#1039,#1040,#1041,#1042,#1043,#1044,#1045,#1046,#1047,#1048,#1049));
#1051=STYLED_ITEM('',(#1052),#1059);
#1052=PRESENTATION_STYLE_ASSIGNMENT((#1053));
#1053=SURFACE_STYLE_USAGE(.BOTH.,#1054);
#1054=SURFACE_SIDE_STYLE('',(#1055));
#1055=SURFACE_STYLE_FILL_AREA(#1056);
#1056=FILL_AREA_STYLE('',(#1057));
#1057=FILL_AREA_STYLE_COLOUR('',#1058);
#1058=COLOUR_RGB('',0.498039215686275,0.498039215686275,0.498039215686275);
#1059=MANIFOLD_SOLID_BREP('Support Outil',#1050);
#1060=SHAPE_DEFINITION_REPRESENTATION(#1698,#1061);
#1061=SHAPE_REPRESENTATION('Support Outil',(#1062),#1693);
#1062=AXIS2_PLACEMENT_3D('',#1400,#1134,#1135);
#1063=AXIS2_PLACEMENT_3D('',#1401,#1136,#1137);
#1064=AXIS2_PLACEMENT_3D('',#1414,#1144,#1145);
#1065=AXIS2_PLACEMENT_3D('',#1423,#1150,#1151);
#1066=AXIS2_PLACEMENT_3D('',#1429,#1155,#1156);
#1067=AXIS2_PLACEMENT_3D('',#1448,#1167,#1168);
#1068=AXIS2_PLACEMENT_3D('',#1482,#1186,#1187);
#1069=AXIS2_PLACEMENT_3D('',#1484,#1188,#1189);
#1070=AXIS2_PLACEMENT_3D('',#1486,#1190,#1191);
#1071=AXIS2_PLACEMENT_3D('',#1488,#1192,#1193);
#1072=AXIS2_PLACEMENT_3D('',#1490,#1194,#1195);
#1073=AXIS2_PLACEMENT_3D('',#1509,#1206,#1207);
#1074=AXIS2_PLACEMENT_3D('',#1515,#1211,#1212);
#1075=AXIS2_PLACEMENT_3D('',#1516,#1213,#1214);
#1076=AXIS2_PLACEMENT_3D('',#1518,#1215,#1216);
#1077=AXIS2_PLACEMENT_3D('',#1520,#1217,#1218);
#1078=AXIS2_PLACEMENT_3D('',#1522,#1219,#1220);
#1079=AXIS2_PLACEMENT_3D('',#1560,#1239,#1240);
#1080=AXIS2_PLACEMENT_3D('',#1561,#1241,#1242);
#1081=AXIS2_PLACEMENT_3D('',#1569,#1247,#1248);
#1082=AXIS2_PLACEMENT_3D('',#1571,#1250,#1251);
#1083=AXIS2_PLACEMENT_3D('',#1573,#1253,#1254);
#1084=AXIS2_PLACEMENT_3D('',#1575,#1256,#1257);
#1085=AXIS2_PLACEMENT_3D('',#1577,#1259,#1260);
#1086=AXIS2_PLACEMENT_3D('',#1579,#1262,#1263);
#1087=AXIS2_PLACEMENT_3D('',#1580,#1264,#1265);
#1088=AXIS2_PLACEMENT_3D('',#1587,#1269,#1270);
#1089=AXIS2_PLACEMENT_3D('',#1596,#1276,#1277);
#1090=AXIS2_PLACEMENT_3D('',#1597,#1278,#1279);
#1091=AXIS2_PLACEMENT_3D('',#1599,#1280,#1281);
#1092=AXIS2_PLACEMENT_3D('',#1600,#1282,#1283);
#1093=AXIS2_PLACEMENT_3D('',#1601,#1284,#1285);
#1094=AXIS2_PLACEMENT_3D('',#1602,#1286,#1287);
#1095=AXIS2_PLACEMENT_3D('',#1603,#1288,#1289);
#1096=AXIS2_PLACEMENT_3D('',#1609,#1293,#1294);
#1097=AXIS2_PLACEMENT_3D('',#1613,#1297,#1298);
#1098=AXIS2_PLACEMENT_3D('',#1617,#1301,#1302);
#1099=AXIS2_PLACEMENT_3D('',#1618,#1303,#1304);
#1100=AXIS2_PLACEMENT_3D('',#1621,#1306,#1307);
#1101=AXIS2_PLACEMENT_3D('',#1622,#1308,#1309);
#1102=AXIS2_PLACEMENT_3D('',#1625,#1311,#1312);
#1103=AXIS2_PLACEMENT_3D('',#1627,#1314,#1315);
#1104=AXIS2_PLACEMENT_3D('',#1628,#1316,#1317);
#1105=AXIS2_PLACEMENT_3D('',#1634,#1321,#1322);
#1106=AXIS2_PLACEMENT_3D('',#1635,#1323,#1324);
#1107=AXIS2_PLACEMENT_3D('',#1640,#1327,#1328);
#1108=AXIS2_PLACEMENT_3D('',#1642,#1330,#1331);
#1109=AXIS2_PLACEMENT_3D('',#1646,#1334,#1335);
#1110=AXIS2_PLACEMENT_3D('',#1647,#1336,#1337);
#1111=AXIS2_PLACEMENT_3D('',#1650,#1339,#1340);
#1112=AXIS2_PLACEMENT_3D('',#1654,#1343,#1344);
#1113=AXIS2_PLACEMENT_3D('',#1658,#1347,#1348);
#1114=AXIS2_PLACEMENT_3D('',#1659,#1349,#1350);
#1115=AXIS2_PLACEMENT_3D('',#1660,#1351,#1352);
#1116=AXIS2_PLACEMENT_3D('',#1661,#1353,#1354);
#1117=AXIS2_PLACEMENT_3D('',#1662,#1355,#1356);
#1118=AXIS2_PLACEMENT_3D('',#1663,#1357,#1358);
#1119=AXIS2_PLACEMENT_3D('',#1666,#1361,#1362);
#1120=AXIS2_PLACEMENT_3D('',#1667,#1363,#1364);
#1121=AXIS2_PLACEMENT_3D('',#1668,#1365,#1366);
#1122=AXIS2_PLACEMENT_3D('',#1670,#1368,#1369);
#1123=AXIS2_PLACEMENT_3D('',#1672,#1371,#1372);
#1124=AXIS2_PLACEMENT_3D('',#1677,#1376,#1377);
#1125=AXIS2_PLACEMENT_3D('',#1679,#1379,#1380);
#1126=AXIS2_PLACEMENT_3D('',#1683,#1383,#1384);
#1127=AXIS2_PLACEMENT_3D('',#1685,#1386,#1387);
#1128=AXIS2_PLACEMENT_3D('',#1686,#1388,#1389);
#1129=AXIS2_PLACEMENT_3D('',#1687,#1390,#1391);
#1130=AXIS2_PLACEMENT_3D('',#1688,#1392,#1393);
#1131=AXIS2_PLACEMENT_3D('',#1689,#1394,#1395);
#1132=AXIS2_PLACEMENT_3D('',#1690,#1396,#1397);
#1133=AXIS2_PLACEMENT_3D('',#1691,#1398,#1399);
#1134=DIRECTION('',(0.,0.,1.));
#1135=DIRECTION('',(1.,0.,0.));
#1136=DIRECTION('',(0.,0.,1.));
#1137=DIRECTION('',(1.,0.,0.));
#1138=DIRECTION('',(1.,0.,0.));
#1139=DIRECTION('',(0.,-1.,0.));
#1140=DIRECTION('',(1.,0.,0.));
#1141=DIRECTION('',(2.79794109028518E-16,-1.,0.));
#1142=DIRECTION('',(-1.,0.,0.));
#1143=DIRECTION('',(3.24247378687253E-16,-1.,0.));
#1144=DIRECTION('',(0.,-1.,0.));
#1145=DIRECTION('',(0.,0.,-1.));
#1146=DIRECTION('',(1.,0.,0.));
#1147=DIRECTION('',(-2.31296463463574E-16,0.,1.));
#1148=DIRECTION('',(1.,0.,0.));
#1149=DIRECTION('',(0.,0.,1.));
#1150=DIRECTION('',(0.,-1.,0.));
#1151=DIRECTION('',(0.,0.,-1.));
#1152=DIRECTION('',(0.,0.,-1.));
#1153=DIRECTION('',(0.,0.,1.));
#1154=DIRECTION('',(1.,0.,0.));
#1155=DIRECTION('',(0.,0.,1.));
#1156=DIRECTION('',(1.,0.,0.));
#1157=DIRECTION('',(0.,-1.,0.));
#1158=DIRECTION('',(3.24247378687253E-16,-1.,0.));
#1159=DIRECTION('',(1.,0.,0.));
#1160=DIRECTION('',(0.,1.,0.));
#1161=DIRECTION('',(1.,0.,0.));
#1162=DIRECTION('',(0.,-1.,0.));
#1163=DIRECTION('',(0.,1.,0.));
#1164=DIRECTION('',(1.,0.,0.));
#1165=DIRECTION('',(1.26622151531154E-16,-1.,0.));
#1166=DIRECTION('',(1.,0.,0.));
#1167=DIRECTION('',(0.,0.,1.));
#1168=DIRECTION('',(1.,0.,0.));
#1169=DIRECTION('',(0.,-1.,0.));
#1170=DIRECTION('',(1.,0.,0.));
#1171=DIRECTION('',(0.,1.,0.));
#1172=DIRECTION('',(1.,0.,0.));
#1173=DIRECTION('',(1.26622151531154E-16,-1.,0.));
#1174=DIRECTION('',(-1.,-1.08082459562418E-16,0.));
#1175=DIRECTION('',(0.,-1.,0.));
#1176=DIRECTION('',(1.,0.,0.));
#1177=DIRECTION('',(-0.780105241262849,0.625648313794765,0.));
#1178=DIRECTION('',(0.,1.,0.));
#1179=DIRECTION('',(-1.,0.,0.));
#1180=DIRECTION('',(1.23908819712629E-16,-1.,0.));
#1181=DIRECTION('',(-0.780105241262848,0.625648313794766,0.));
#1182=DIRECTION('',(1.,0.,0.));
#1183=DIRECTION('',(0.,-1.,0.));
#1184=DIRECTION('',(0.85629130855033,0.516493170236708,0.));
#1185=DIRECTION('',(0.,1.,0.));
#1186=DIRECTION('',(0.,0.,1.));
#1187=DIRECTION('',(1.,0.,0.));
#1188=DIRECTION('',(0.,0.,1.));
#1189=DIRECTION('',(1.,0.,0.));
#1190=DIRECTION('',(0.,0.,-1.));
#1191=DIRECTION('',(1.,0.,0.));
#1192=DIRECTION('',(0.,0.,-1.));
#1193=DIRECTION('',(1.,0.,0.));
#1194=DIRECTION('',(-1.,-1.26622151531154E-16,0.));
#1195=DIRECTION('',(1.26622151531154E-16,-1.,0.));
#1196=DIRECTION('',(0.,0.,1.));
#1197=DIRECTION('',(0.,-1.,0.));
#1198=DIRECTION('',(0.,0.,-1.));
#1199=DIRECTION('',(0.,-1.,0.));
#1200=DIRECTION('',(0.,0.,1.));
#1201=DIRECTION('',(0.,0.,1.));
#1202=DIRECTION('',(0.,-1.,0.));
#1203=DIRECTION('',(0.,0.,1.));
#1204=DIRECTION('',(0.,0.,1.));
#1205=DIRECTION('',(0.,0.,1.));
#1206=DIRECTION('',(-1.,-3.24247378687253E-16,0.));
#1207=DIRECTION('',(3.24247378687253E-16,-1.,0.));
#1208=DIRECTION('',(0.,0.,-1.));
#1209=DIRECTION('',(0.,-1.,0.));
#1210=DIRECTION('',(0.,0.,1.));
#1211=DIRECTION('',(0.,0.,1.));
#1212=DIRECTION('',(1.,0.,0.));
#1213=DIRECTION('',(0.,0.,1.));
#1214=DIRECTION('',(1.,0.,0.));
#1215=DIRECTION('',(0.,0.,1.));
#1216=DIRECTION('',(1.,0.,0.));
#1217=DIRECTION('',(0.,0.,-1.));
#1218=DIRECTION('',(1.,0.,0.));
#1219=DIRECTION('',(0.,0.,-1.));
#1220=DIRECTION('',(1.,0.,0.));
#1221=DIRECTION('',(0.,1.,0.));
#1222=DIRECTION('',(1.,0.,0.));
#1223=DIRECTION('',(0.,1.,0.));
#1224=DIRECTION('',(1.,0.,0.));
#1225=DIRECTION('',(-0.780105241262848,0.625648313794766,0.));
#1226=DIRECTION('',(1.23908819712629E-16,-1.,0.));
#1227=DIRECTION('',(-1.,0.,0.));
#1228=DIRECTION('',(0.,1.,0.));
#1229=DIRECTION('',(-0.780105241262849,0.625648313794765,0.));
#1230=DIRECTION('',(1.,0.,0.));
#1231=DIRECTION('',(0.,1.,0.));
#1232=DIRECTION('',(-1.,0.,0.));
#1233=DIRECTION('',(0.,-1.,0.));
#1234=DIRECTION('',(1.,0.,0.));
#1235=DIRECTION('',(0.,1.,0.));
#1236=DIRECTION('',(-1.,-1.08082459562418E-16,0.));
#1237=DIRECTION('',(0.,1.,0.));
#1238=DIRECTION('',(-1.,0.,0.));
#1239=DIRECTION('',(0.,1.,0.));
#1240=DIRECTION('',(0.,0.,1.));
#1241=DIRECTION('',(0.,-1.,0.));
#1242=DIRECTION('',(0.,0.,-1.));
#1243=DIRECTION('',(0.,0.,1.));
#1244=DIRECTION('',(1.,0.,0.));
#1245=DIRECTION('',(0.,0.,1.));
#1246=DIRECTION('',(0.,0.,-1.));
#1247=DIRECTION('',(-0.625648313794765,-0.780105241262849,0.));
#1248=DIRECTION('',(0.780105241262849,-0.625648313794765,0.));
#1249=DIRECTION('',(0.,0.,-1.));
#1250=DIRECTION('',(-1.,0.,0.));
#1251=DIRECTION('',(0.,0.,1.));
#1252=DIRECTION('',(0.,0.,-1.));
#1253=DIRECTION('',(0.,-1.,0.));
#1254=DIRECTION('',(0.,0.,-1.));
#1255=DIRECTION('',(0.,0.,-1.));
#1256=DIRECTION('',(1.,1.23908819712629E-16,0.));
#1257=DIRECTION('',(-1.23908819712629E-16,1.,0.));
#1258=DIRECTION('',(0.,0.,-1.));
#1259=DIRECTION('',(-0.625648313794766,-0.780105241262848,0.));
#1260=DIRECTION('',(0.780105241262848,-0.625648313794766,0.));
#1261=DIRECTION('',(0.,0.,-1.));
#1262=DIRECTION('',(0.,1.,0.));
#1263=DIRECTION('',(0.,0.,1.));
#1264=DIRECTION('',(0.,-1.,0.));
#1265=DIRECTION('',(0.,0.,-1.));
#1266=DIRECTION('',(0.,0.,1.));
#1267=DIRECTION('',(1.,0.,0.));
#1268=DIRECTION('',(0.,0.,1.));
#1269=DIRECTION('',(1.08082459562418E-16,-1.,0.));
#1270=DIRECTION('',(1.,1.08082459562418E-16,0.));
#1271=DIRECTION('',(-1.,-1.08082459562418E-16,0.));
#1272=DIRECTION('',(0.,0.,1.));
#1273=DIRECTION('',(0.,0.,1.));
#1274=DIRECTION('',(-1.,-1.08082459562418E-16,0.));
#1275=DIRECTION('',(0.,0.,1.));
#1276=DIRECTION('',(1.08082459562418E-16,-1.,0.));
#1277=DIRECTION('',(1.,1.08082459562418E-16,0.));
#1278=DIRECTION('',(1.08082459562418E-16,-1.,0.));
#1279=DIRECTION('',(1.,1.08082459562418E-16,0.));
#1280=DIRECTION('',(0.,0.,-1.));
#1281=DIRECTION('',(-1.,0.,0.));
#1282=DIRECTION('',(0.,0.,-1.));
#1283=DIRECTION('',(-1.,0.,0.));
#1284=DIRECTION('',(0.,0.,-1.));
#1285=DIRECTION('',(-1.,0.,0.));
#1286=DIRECTION('',(0.,0.,-1.));
#1287=DIRECTION('',(-1.,0.,0.));
#1288=DIRECTION('',(-1.,0.,0.));
#1289=DIRECTION('',(0.,0.,1.));
#1290=DIRECTION('',(0.,0.,1.));
#1291=DIRECTION('',(0.,-1.,0.));
#1292=DIRECTION('',(0.,0.,1.));
#1293=DIRECTION('',(1.,0.,0.));
#1294=DIRECTION('',(0.,0.,-1.));
#1295=DIRECTION('',(0.,0.,1.));
#1296=DIRECTION('',(0.,1.,0.));
#1297=DIRECTION('',(1.,0.,0.));
#1298=DIRECTION('',(0.,0.,-1.));
#1299=DIRECTION('',(0.,0.,1.));
#1300=DIRECTION('',(0.,1.,0.));
#1301=DIRECTION('',(0.,1.,0.));
#1302=DIRECTION('',(0.,0.,1.));
#1303=DIRECTION('',(0.,1.,0.));
#1304=DIRECTION('',(0.,0.,1.));
#1305=DIRECTION('',(-1.,0.,0.));
#1306=DIRECTION('',(0.,-1.,0.));
#1307=DIRECTION('',(0.,0.,-1.));
#1308=DIRECTION('',(0.,-1.,0.));
#1309=DIRECTION('',(0.,0.,-1.));
#1310=DIRECTION('',(1.,0.,0.));
#1311=DIRECTION('',(-1.,0.,0.));
#1312=DIRECTION('',(0.,0.,1.));
#1313=DIRECTION('',(0.,-1.,0.));
#1314=DIRECTION('',(0.,0.,1.));
#1315=DIRECTION('',(1.,0.,0.));
#1316=DIRECTION('',(1.,0.,0.));
#1317=DIRECTION('',(0.,0.,-1.));
#1318=DIRECTION('',(0.,0.,1.));
#1319=DIRECTION('',(0.,1.,0.));
#1320=DIRECTION('',(0.,0.,1.));
#1321=DIRECTION('',(0.,-1.,0.));
#1322=DIRECTION('',(0.,0.,-1.));
#1323=DIRECTION('',(0.,-1.,0.));
#1324=DIRECTION('',(0.,0.,-1.));
#1325=DIRECTION('',(1.,0.,0.));
#1326=DIRECTION('',(0.,0.,1.));
#1327=DIRECTION('',(1.,0.,0.));
#1328=DIRECTION('',(0.,0.,-1.));
#1329=DIRECTION('',(0.,1.,0.));
#1330=DIRECTION('',(1.,0.,0.));
#1331=DIRECTION('',(0.,0.,-1.));
#1332=DIRECTION('',(0.,1.,0.));
#1333=DIRECTION('',(0.,0.,1.));
#1334=DIRECTION('',(0.,1.,0.));
#1335=DIRECTION('',(0.,0.,1.));
#1336=DIRECTION('',(0.,1.,0.));
#1337=DIRECTION('',(0.,0.,1.));
#1338=DIRECTION('',(-1.,0.,0.));
#1339=DIRECTION('',(-1.,0.,0.));
#1340=DIRECTION('',(0.,0.,1.));
#1341=DIRECTION('',(0.,-1.,0.));
#1342=DIRECTION('',(0.,0.,1.));
#1343=DIRECTION('',(0.,0.,1.));
#1344=DIRECTION('',(1.,0.,0.));
#1345=DIRECTION('',(1.,0.,0.));
#1346=DIRECTION('',(0.85629130855033,0.516493170236708,0.));
#1347=DIRECTION('',(0.,-1.,0.));
#1348=DIRECTION('',(0.,0.,-1.));
#1349=DIRECTION('',(1.08082459562418E-16,-1.,0.));
#1350=DIRECTION('',(1.,1.08082459562418E-16,0.));
#1351=DIRECTION('',(0.,-1.,0.));
#1352=DIRECTION('',(0.,0.,-1.));
#1353=DIRECTION('',(0.,-1.,0.));
#1354=DIRECTION('',(0.,0.,-1.));
#1355=DIRECTION('',(0.,-1.,0.));
#1356=DIRECTION('',(0.,0.,-1.));
#1357=DIRECTION('',(1.,0.,0.));
#1358=DIRECTION('',(0.,0.,-1.));
#1359=DIRECTION('',(0.,0.,1.));
#1360=DIRECTION('',(0.,0.,1.));
#1361=DIRECTION('',(0.,-1.,0.));
#1362=DIRECTION('',(0.,0.,-1.));
#1363=DIRECTION('',(0.,-1.,0.));
#1364=DIRECTION('',(0.,0.,-1.));
#1365=DIRECTION('',(0.,-1.,0.));
#1366=DIRECTION('',(0.,0.,-1.));
#1367=DIRECTION('',(0.,0.,1.));
#1368=DIRECTION('',(1.,0.,0.));
#1369=DIRECTION('',(0.,0.,-1.));
#1370=DIRECTION('',(0.,0.,1.));
#1371=DIRECTION('',(0.,-1.,0.));
#1372=DIRECTION('',(0.,0.,-1.));
#1373=DIRECTION('',(0.,0.,1.));
#1374=DIRECTION('',(-1.,0.,0.));
#1375=DIRECTION('',(0.,0.,1.));
#1376=DIRECTION('',(0.,-1.,0.));
#1377=DIRECTION('',(0.,0.,-1.));
#1378=DIRECTION('',(2.31296463463574E-16,0.,-1.));
#1379=DIRECTION('',(-1.,-2.79794109028518E-16,0.));
#1380=DIRECTION('',(2.79794109028518E-16,-1.,0.));
#1381=DIRECTION('',(2.79794109028518E-16,-1.,0.));
#1382=DIRECTION('',(0.,0.,1.));
#1383=DIRECTION('',(0.,1.,0.));
#1384=DIRECTION('',(0.,0.,1.));
#1385=DIRECTION('',(-1.,0.,0.));
#1386=DIRECTION('',(0.,1.,0.));
#1387=DIRECTION('',(0.,0.,1.));
#1388=DIRECTION('',(0.,0.,1.));
#1389=DIRECTION('',(1.,0.,0.));
#1390=DIRECTION('',(-1.08082459562418E-16,1.,0.));
#1391=DIRECTION('',(-1.,-1.08082459562418E-16,0.));
#1392=DIRECTION('',(0.516493170236707,-0.856291308550329,0.));
#1393=DIRECTION('',(0.85629130855033,0.516493170236708,0.));
#1394=DIRECTION('',(0.,-1.,0.));
#1395=DIRECTION('',(0.,0.,-1.));
#1396=DIRECTION('',(1.,0.,2.31296463463574E-16));
#1397=DIRECTION('',(2.31296463463574E-16,0.,-1.));
#1398=DIRECTION('',(1.,0.,0.));
#1399=DIRECTION('',(0.,0.,-1.));
#1400=CARTESIAN_POINT('',(0.,0.,0.));
#1401=CARTESIAN_POINT('',(-0.00595,0.0015,0.004));
#1402=CARTESIAN_POINT('',(-0.02,-0.041,0.004));
#1403=CARTESIAN_POINT('',(-0.01765,-0.041,0.004));
#1404=CARTESIAN_POINT('',(-0.01615,-0.041,0.004));
#1405=CARTESIAN_POINT('',(-0.01765,-0.040998,0.004));
#1406=CARTESIAN_POINT('',(-0.01765,-0.0425,0.004));
#1407=CARTESIAN_POINT('',(-0.02,-0.0425,0.004));
#1408=CARTESIAN_POINT('',(-0.00465,-0.0425,0.004));
#1409=CARTESIAN_POINT('',(-0.00465,-0.04095,0.004));
#1410=CARTESIAN_POINT('',(-0.00465,-0.0394,0.004));
#1411=CARTESIAN_POINT('',(-0.00965,-0.0394,0.004));
#1412=CARTESIAN_POINT('',(-0.01615,-0.0394,0.004));
#1413=CARTESIAN_POINT('',(-0.01615,-0.03565,0.004));
#1414=CARTESIAN_POINT('',(-0.02,-0.0425,-0.026));
#1415=CARTESIAN_POINT('',(-0.02,-0.0425,-0.026));
#1416=CARTESIAN_POINT('',(-0.02535,-0.0425,-0.026));
#1417=CARTESIAN_POINT('',(-0.02235,-0.0425,-0.026));
#1418=CARTESIAN_POINT('',(-0.02235,-0.0425,-0.011));
#1419=CARTESIAN_POINT('',(-0.02235,-0.0425,0.004));
#1420=CARTESIAN_POINT('',(-0.02,-0.0425,0.004));
#1421=CARTESIAN_POINT('',(-0.02535,-0.0425,0.004));
#1422=CARTESIAN_POINT('',(-0.02535,-0.0425,-0.026));
#1423=CARTESIAN_POINT('',(-0.02,-0.041,-0.026));
#1424=CARTESIAN_POINT('',(-0.01765,-0.041,-0.011));
#1425=CARTESIAN_POINT('',(-0.01765,-0.041,-0.026));
#1426=CARTESIAN_POINT('',(-0.01615,-0.041,-0.026));
#1427=CARTESIAN_POINT('',(-0.01615,-0.041,-0.026));
#1428=CARTESIAN_POINT('',(-0.02,-0.041,-0.026));
#1429=CARTESIAN_POINT('',(-0.00445,-0.00725,-0.026));
#1430=CARTESIAN_POINT('',(-0.01765,-0.040998,-0.026));
#1431=CARTESIAN_POINT('',(-0.01765,-0.0425,-0.026));
#1432=CARTESIAN_POINT('',(-0.01615,-0.03565,-0.026));
#1433=CARTESIAN_POINT('',(-0.01615,-0.0303,-0.026));
#1434=CARTESIAN_POINT('',(-0.02,-0.0303,-0.026));
#1435=CARTESIAN_POINT('',(-0.02385,-0.0303,-0.026));
#1436=CARTESIAN_POINT('',(-0.02385,-0.03565,-0.026));
#1437=CARTESIAN_POINT('',(-0.02385,-0.041,-0.026));
#1438=CARTESIAN_POINT('',(-0.02,-0.041,-0.026));
#1439=CARTESIAN_POINT('',(-0.02235,-0.041,-0.026));
#1440=CARTESIAN_POINT('',(-0.02235,-0.040998,-0.026));
#1441=CARTESIAN_POINT('',(-0.02535,-0.03565,-0.026));
#1442=CARTESIAN_POINT('',(-0.02535,-0.0288,-0.026));
#1443=CARTESIAN_POINT('',(-0.02,-0.0288,-0.026));
#1444=CARTESIAN_POINT('',(-0.01465,-0.0288,-0.026));
#1445=CARTESIAN_POINT('',(-0.01465,-0.03565,-0.026));
#1446=CARTESIAN_POINT('',(-0.01465,-0.0425,-0.026));
#1447=CARTESIAN_POINT('',(-0.02,-0.0425,-0.026));
#1448=CARTESIAN_POINT('',(-0.00595,0.0015,0.004));
#1449=CARTESIAN_POINT('',(-0.02235,-0.040998,0.004));
#1450=CARTESIAN_POINT('',(-0.02235,-0.041,0.004));
#1451=CARTESIAN_POINT('',(-0.02,-0.041,0.004));
#1452=CARTESIAN_POINT('',(-0.02385,-0.041,0.004));
#1453=CARTESIAN_POINT('',(-0.02385,-0.03565,0.004));
#1454=CARTESIAN_POINT('',(-0.02385,-0.0303,0.004));
#1455=CARTESIAN_POINT('',(-0.02,-0.0303,0.004));
#1456=CARTESIAN_POINT('',(-0.01465,-0.0303,0.004));
#1457=CARTESIAN_POINT('',(-0.01465,-0.03565,0.004));
#1458=CARTESIAN_POINT('',(-0.01465,-0.025,0.004));
#1459=CARTESIAN_POINT('',(-6.93889390390723E-18,-0.025,0.004));
#1460=CARTESIAN_POINT('',(0.01905,-0.025,0.004));
#1461=CARTESIAN_POINT('',(0.01905,-0.0205,0.004));
#1462=CARTESIAN_POINT('',(0.01905,-0.016,0.004));
#1463=CARTESIAN_POINT('',(0.012025,-0.016,0.004));
#1464=CARTESIAN_POINT('',(0.008,-0.016,0.004));
#1465=CARTESIAN_POINT('',(-0.001975,-0.008,0.004));
#1466=CARTESIAN_POINT('',(-0.01195,0.,0.004));
#1467=CARTESIAN_POINT('',(-0.01195,0.014,0.004));
#1468=CARTESIAN_POINT('',(-0.01195,0.028,0.004));
#1469=CARTESIAN_POINT('',(-0.01995,0.028,0.004));
#1470=CARTESIAN_POINT('',(-0.02795,0.028,0.004));
#1471=CARTESIAN_POINT('',(-0.02795,0.014,0.004));
#1472=CARTESIAN_POINT('',(-0.02795,0.,0.004));
#1473=CARTESIAN_POINT('',(-0.017975,-0.008,0.004));
#1474=CARTESIAN_POINT('',(-0.008,-0.016,0.004));
#1475=CARTESIAN_POINT('',(-0.012025,-0.016,0.004));
#1476=CARTESIAN_POINT('',(-0.01905,-0.016,0.004));
#1477=CARTESIAN_POINT('',(-0.01905,-0.0205,0.004));
#1478=CARTESIAN_POINT('',(-0.01905,-0.025,0.004));
#1479=CARTESIAN_POINT('',(-0.0222,-0.0269,0.004));
#1480=CARTESIAN_POINT('',(-0.02535,-0.0288,0.004));
#1481=CARTESIAN_POINT('',(-0.02535,-0.03565,0.004));
#1482=CARTESIAN_POINT('',(-0.02395,0.0225,0.004));
#1483=CARTESIAN_POINT('',(-0.02235,0.0225,0.004));
#1484=CARTESIAN_POINT('',(-0.02395,0.0055,0.004));
#1485=CARTESIAN_POINT('',(-0.02235,0.0055,0.004));
#1486=CARTESIAN_POINT('',(-0.01595,0.0055,0.004));
#1487=CARTESIAN_POINT('',(-0.01435,0.0055,0.004));
#1488=CARTESIAN_POINT('',(-0.01595,0.0225,0.004));
#1489=CARTESIAN_POINT('',(-0.01435,0.0225,0.004));
#1490=CARTESIAN_POINT('',(-0.01465,-0.03565,-0.026));
#1491=CARTESIAN_POINT('',(-0.01465,-0.0303,-0.026));
#1492=CARTESIAN_POINT('',(-0.01465,-0.0303,-0.0178640924599378));
#1493=CARTESIAN_POINT('',(-0.01465,-0.030298,-0.0178640924599378));
#1494=CARTESIAN_POINT('',(-0.01465,-0.0394,-0.0178640924599378));
#1495=CARTESIAN_POINT('',(-0.01465,-0.0394,-0.026));
#1496=CARTESIAN_POINT('',(-0.01465,-0.0394,-0.011));
#1497=CARTESIAN_POINT('',(-0.01465,-0.04095,-0.011));
#1498=CARTESIAN_POINT('',(-0.01465,-0.0425,-0.011));
#1499=CARTESIAN_POINT('',(-0.01465,-0.0425,-0.026));
#1500=CARTESIAN_POINT('',(-0.01465,-0.0288,-0.026));
#1501=CARTESIAN_POINT('',(-0.01465,-0.0288,-0.011));
#1502=CARTESIAN_POINT('',(-0.01465,-0.0269,-0.011));
#1503=CARTESIAN_POINT('',(-0.01465,-0.025,-0.011));
#1504=CARTESIAN_POINT('',(-0.01465,-0.025,-0.011));
#1505=CARTESIAN_POINT('',(-0.01465,-0.025,-0.00703674969975976));
#1506=CARTESIAN_POINT('',(-0.01465,-0.025,-0.011));
#1507=CARTESIAN_POINT('',(-0.01465,-0.025,-0.00516325030024024));
#1508=CARTESIAN_POINT('',(-0.01465,-0.025,-0.011));
#1509=CARTESIAN_POINT('',(-0.01615,-0.03565,-0.026));
#1510=CARTESIAN_POINT('',(-0.01615,-0.0394,-0.026));
#1511=CARTESIAN_POINT('',(-0.01615,-0.0394,-0.0171268116766807));
#1512=CARTESIAN_POINT('',(-0.01615,-0.030298,-0.0171268116766807));
#1513=CARTESIAN_POINT('',(-0.01615,-0.0303,-0.0171268116766807));
#1514=CARTESIAN_POINT('',(-0.01615,-0.0303,-0.026));
#1515=CARTESIAN_POINT('',(-0.00595,0.0015,0.));
#1516=CARTESIAN_POINT('',(-0.02395,0.0225,0.));
#1517=CARTESIAN_POINT('',(-0.02235,0.0225,0.));
#1518=CARTESIAN_POINT('',(-0.02395,0.0055,0.));
#1519=CARTESIAN_POINT('',(-0.02235,0.0055,0.));
#1520=CARTESIAN_POINT('',(-0.01595,0.0055,0.));
#1521=CARTESIAN_POINT('',(-0.01435,0.0055,0.));
#1522=CARTESIAN_POINT('',(-0.01595,0.0225,0.));
#1523=CARTESIAN_POINT('',(-0.01435,0.0225,0.));
#1524=CARTESIAN_POINT('',(-0.01605,-0.0205,0.));
#1525=CARTESIAN_POINT('',(-0.01605,-0.022,0.));
#1526=CARTESIAN_POINT('',(-0.01605,-0.019,0.));
#1527=CARTESIAN_POINT('',(-0.00595,-0.019,0.));
#1528=CARTESIAN_POINT('',(-0.01135,-0.019,0.));
#1529=CARTESIAN_POINT('',(-0.01135,0.0015,0.));
#1530=CARTESIAN_POINT('',(-0.01135,-0.016,0.));
#1531=CARTESIAN_POINT('',(-0.012025,-0.016,0.));
#1532=CARTESIAN_POINT('',(-0.008,-0.016,0.));
#1533=CARTESIAN_POINT('',(-0.017975,-0.008,0.));
#1534=CARTESIAN_POINT('',(-0.02795,0.,0.));
#1535=CARTESIAN_POINT('',(-0.02795,0.014,0.));
#1536=CARTESIAN_POINT('',(-0.02795,0.028,0.));
#1537=CARTESIAN_POINT('',(-0.01995,0.028,0.));
#1538=CARTESIAN_POINT('',(-0.01195,0.028,0.));
#1539=CARTESIAN_POINT('',(-0.01195,0.014,0.));
#1540=CARTESIAN_POINT('',(-0.01195,0.,0.));
#1541=CARTESIAN_POINT('',(-0.001975,-0.008,0.));
#1542=CARTESIAN_POINT('',(0.008,-0.016,0.));
#1543=CARTESIAN_POINT('',(0.012025,-0.016,0.));
#1544=CARTESIAN_POINT('',(0.01135,-0.016,0.));
#1545=CARTESIAN_POINT('',(0.01135,0.0015,0.));
#1546=CARTESIAN_POINT('',(0.01135,-0.019,0.));
#1547=CARTESIAN_POINT('',(-0.00595,-0.019,0.));
#1548=CARTESIAN_POINT('',(0.01605,-0.019,0.));
#1549=CARTESIAN_POINT('',(0.01605,-0.0205,0.));
#1550=CARTESIAN_POINT('',(0.01605,-0.022,0.));
#1551=CARTESIAN_POINT('',(-0.00595,-0.022,0.));
#1552=CARTESIAN_POINT('',(0.01135,-0.022,0.));
#1553=CARTESIAN_POINT('',(0.01135,0.0015,0.));
#1554=CARTESIAN_POINT('',(0.01135,-0.025,0.));
#1555=CARTESIAN_POINT('',(-6.93889390390723E-18,-0.025,0.));
#1556=CARTESIAN_POINT('',(-0.01135,-0.025,0.));
#1557=CARTESIAN_POINT('',(-0.01135,0.0015,0.));
#1558=CARTESIAN_POINT('',(-0.01135,-0.022,0.));
#1559=CARTESIAN_POINT('',(-0.00595,-0.022,0.));
#1560=CARTESIAN_POINT('',(0.012025,-0.016,0.004));
#1561=CARTESIAN_POINT('',(0.0139,-0.016,-0.0061));
#1562=CARTESIAN_POINT('',(0.0139,-0.016,-0.0073));
#1563=CARTESIAN_POINT('',(0.01905,-0.016,-0.011));
#1564=CARTESIAN_POINT('',(0.01905,-0.016,-0.011));
#1565=CARTESIAN_POINT('',(0.012025,-0.016,-0.011));
#1566=CARTESIAN_POINT('',(0.01135,-0.016,-0.011));
#1567=CARTESIAN_POINT('',(0.01135,-0.016,-0.011));
#1568=CARTESIAN_POINT('',(0.008,-0.016,0.004));
#1569=CARTESIAN_POINT('',(-0.001975,-0.008,0.004));
#1570=CARTESIAN_POINT('',(-0.01195,0.,0.004));
#1571=CARTESIAN_POINT('',(-0.01195,0.014,0.004));
#1572=CARTESIAN_POINT('',(-0.01195,0.028,0.004));
#1573=CARTESIAN_POINT('',(-0.01995,0.028,0.004));
#1574=CARTESIAN_POINT('',(-0.02795,0.028,0.004));
#1575=CARTESIAN_POINT('',(-0.02795,0.014,0.004));
#1576=CARTESIAN_POINT('',(-0.02795,0.,0.004));
#1577=CARTESIAN_POINT('',(-0.017975,-0.008,0.004));
#1578=CARTESIAN_POINT('',(-0.008,-0.016,0.004));
#1579=CARTESIAN_POINT('',(-0.012025,-0.016,0.004));
#1580=CARTESIAN_POINT('',(-0.0139,-0.016,-0.0061));
#1581=CARTESIAN_POINT('',(-0.0139,-0.016,-0.0073));
#1582=CARTESIAN_POINT('',(-0.01135,-0.016,-0.011));
#1583=CARTESIAN_POINT('',(-0.01135,-0.016,-0.011));
#1584=CARTESIAN_POINT('',(-0.012025,-0.016,-0.011));
#1585=CARTESIAN_POINT('',(-0.01905,-0.016,-0.011));
#1586=CARTESIAN_POINT('',(-0.01905,-0.016,-0.011));
#1587=CARTESIAN_POINT('',(-6.93889390390723E-18,-0.025,0.004));
#1588=CARTESIAN_POINT('',(-6.93889390390723E-18,-0.025,-0.011));
#1589=CARTESIAN_POINT('',(-0.01135,-0.025,-0.011));
#1590=CARTESIAN_POINT('',(-0.01135,-0.025,-0.011));
#1591=CARTESIAN_POINT('',(0.01135,-0.025,-0.011));
#1592=CARTESIAN_POINT('',(0.01135,-0.025,-0.011));
#1593=CARTESIAN_POINT('',(-6.93889390390723E-18,-0.025,-0.011));
#1594=CARTESIAN_POINT('',(0.01905,-0.025,-0.011));
#1595=CARTESIAN_POINT('',(0.01905,-0.025,-0.011));
#1596=CARTESIAN_POINT('',(-0.0139,-0.025,-0.0061));
#1597=CARTESIAN_POINT('',(0.0139,-0.025,-0.0061));
#1598=CARTESIAN_POINT('',(0.0151,-0.025,-0.0061));
#1599=CARTESIAN_POINT('',(-0.01595,0.0055,0.004));
#1600=CARTESIAN_POINT('',(-0.02395,0.0055,0.004));
#1601=CARTESIAN_POINT('',(-0.02395,0.0225,0.004));
#1602=CARTESIAN_POINT('',(-0.01595,0.0225,0.004));
#1603=CARTESIAN_POINT('',(0.01605,-0.0205,-0.011));
#1604=CARTESIAN_POINT('',(0.01605,-0.019,-0.011));
#1605=CARTESIAN_POINT('',(0.01605,-0.019,-0.011));
#1606=CARTESIAN_POINT('',(0.01605,-0.0205,-0.011));
#1607=CARTESIAN_POINT('',(0.01605,-0.022,-0.011));
#1608=CARTESIAN_POINT('',(0.01605,-0.022,-0.011));
#1609=CARTESIAN_POINT('',(0.01135,-0.0235,-0.011));
#1610=CARTESIAN_POINT('',(0.01135,-0.022,-0.011));
#1611=CARTESIAN_POINT('',(0.01135,-0.022,-0.011));
#1612=CARTESIAN_POINT('',(0.01135,-0.0235,-0.011));
#1613=CARTESIAN_POINT('',(0.01135,-0.0175,-0.011));
#1614=CARTESIAN_POINT('',(0.01135,-0.019,-0.011));
#1615=CARTESIAN_POINT('',(0.01135,-0.019,-0.011));
#1616=CARTESIAN_POINT('',(0.01135,-0.0175,-0.011));
#1617=CARTESIAN_POINT('',(0.0137,-0.019,-0.011));
#1618=CARTESIAN_POINT('',(0.0139,-0.019,-0.0061));
#1619=CARTESIAN_POINT('',(0.0139,-0.019,-0.0049));
#1620=CARTESIAN_POINT('',(0.0137,-0.019,-0.011));
#1621=CARTESIAN_POINT('',(0.0137,-0.022,-0.011));
#1622=CARTESIAN_POINT('',(0.0139,-0.022,-0.0061));
#1623=CARTESIAN_POINT('',(0.0139,-0.022,-0.0073));
#1624=CARTESIAN_POINT('',(0.0137,-0.022,-0.011));
#1625=CARTESIAN_POINT('',(0.01905,-0.0205,-0.011));
#1626=CARTESIAN_POINT('',(0.01905,-0.0205,-0.011));
#1627=CARTESIAN_POINT('',(-0.00445,0.0015,-0.011));
#1628=CARTESIAN_POINT('',(-0.01605,-0.0205,-0.011));
#1629=CARTESIAN_POINT('',(-0.01605,-0.022,-0.011));
#1630=CARTESIAN_POINT('',(-0.01605,-0.022,-0.011));
#1631=CARTESIAN_POINT('',(-0.01605,-0.0205,-0.011));
#1632=CARTESIAN_POINT('',(-0.01605,-0.019,-0.011));
#1633=CARTESIAN_POINT('',(-0.01605,-0.019,-0.011));
#1634=CARTESIAN_POINT('',(-0.0137,-0.019,-0.011));
#1635=CARTESIAN_POINT('',(-0.0139,-0.019,-0.0061));
#1636=CARTESIAN_POINT('',(-0.0139,-0.019,-0.0073));
#1637=CARTESIAN_POINT('',(-0.0137,-0.019,-0.011));
#1638=CARTESIAN_POINT('',(-0.01135,-0.019,-0.011));
#1639=CARTESIAN_POINT('',(-0.01135,-0.019,-0.011));
#1640=CARTESIAN_POINT('',(-0.01135,-0.0175,-0.011));
#1641=CARTESIAN_POINT('',(-0.01135,-0.0175,-0.011));
#1642=CARTESIAN_POINT('',(-0.01135,-0.0235,-0.011));
#1643=CARTESIAN_POINT('',(-0.01135,-0.0235,-0.011));
#1644=CARTESIAN_POINT('',(-0.01135,-0.022,-0.011));
#1645=CARTESIAN_POINT('',(-0.01135,-0.022,-0.011));
#1646=CARTESIAN_POINT('',(-0.0137,-0.022,-0.011));
#1647=CARTESIAN_POINT('',(-0.0139,-0.022,-0.0061));
#1648=CARTESIAN_POINT('',(-0.0139,-0.022,-0.0049));
#1649=CARTESIAN_POINT('',(-0.0137,-0.022,-0.011));
#1650=CARTESIAN_POINT('',(-0.01905,-0.0205,-0.011));
#1651=CARTESIAN_POINT('',(-0.01905,-0.0205,-0.011));
#1652=CARTESIAN_POINT('',(-0.01905,-0.025,-0.011));
#1653=CARTESIAN_POINT('',(-0.01905,-0.025,-0.011));
#1654=CARTESIAN_POINT('',(-0.00445,0.0015,-0.011));
#1655=CARTESIAN_POINT('',(-0.02,-0.0288,-0.011));
#1656=CARTESIAN_POINT('',(-0.02535,-0.0288,-0.011));
#1657=CARTESIAN_POINT('',(-0.0222,-0.0269,-0.011));
#1658=CARTESIAN_POINT('',(-0.0139,-0.016,-0.0061));
#1659=CARTESIAN_POINT('',(-0.0139,-0.025,-0.0061));
#1660=CARTESIAN_POINT('',(-0.0139,-0.016,-0.0061));
#1661=CARTESIAN_POINT('',(0.0139,-0.016,-0.0061));
#1662=CARTESIAN_POINT('',(0.0139,-0.016,-0.0061));
#1663=CARTESIAN_POINT('',(-0.02385,-0.03565,-0.026));
#1664=CARTESIAN_POINT('',(-0.02385,-0.041,-0.026));
#1665=CARTESIAN_POINT('',(-0.02385,-0.0303,-0.026));
#1666=CARTESIAN_POINT('',(-0.02,-0.0303,-0.026));
#1667=CARTESIAN_POINT('',(-0.00951068941503763,-0.0303,-0.00551363173872232));
#1668=CARTESIAN_POINT('',(-0.02,-0.0288,-0.026));
#1669=CARTESIAN_POINT('',(-0.02535,-0.0288,-0.026));
#1670=CARTESIAN_POINT('',(-0.02535,-0.03565,-0.026));
#1671=CARTESIAN_POINT('',(-0.02535,-0.0288,-0.011));
#1672=CARTESIAN_POINT('',(-0.02,-0.0425,-0.026));
#1673=CARTESIAN_POINT('',(-0.01765,-0.0425,-0.011));
#1674=CARTESIAN_POINT('',(-0.00965,-0.0425,-0.011));
#1675=CARTESIAN_POINT('',(-0.00465,-0.0425,-0.011));
#1676=CARTESIAN_POINT('',(-0.00465,-0.0425,-0.011));
#1677=CARTESIAN_POINT('',(-0.02,-0.041,-0.026));
#1678=CARTESIAN_POINT('',(-0.02235,-0.041,-0.011));
#1679=CARTESIAN_POINT('',(-0.00465,-0.04095,-0.011));
#1680=CARTESIAN_POINT('',(-0.00465,-0.04095,-0.011));
#1681=CARTESIAN_POINT('',(-0.00465,-0.0394,-0.011));
#1682=CARTESIAN_POINT('',(-0.00465,-0.0394,-0.011));
#1683=CARTESIAN_POINT('',(-0.00965,-0.0394,-0.011));
#1684=CARTESIAN_POINT('',(-0.00965,-0.0394,-0.011));
#1685=CARTESIAN_POINT('',(-0.00951068941503763,-0.0394,-0.00551363173872232));
#1686=CARTESIAN_POINT('',(-0.00445,-0.00725,-0.011));
#1687=CARTESIAN_POINT('',(-6.93889390390723E-18,-0.025,-0.011));
#1688=CARTESIAN_POINT('',(-0.0222,-0.0269,-0.011));
#1689=CARTESIAN_POINT('',(-0.00951068941503763,-0.030298,-0.00551363173872232));
#1690=CARTESIAN_POINT('',(-0.02235,-0.040998,-0.011));
#1691=CARTESIAN_POINT('',(-0.01765,-0.040998,-0.011));
#1692=MECHANICAL_DESIGN_GEOMETRIC_PRESENTATION_REPRESENTATION('',(#1051),#1693);
#1693=(
GEOMETRIC_REPRESENTATION_CONTEXT(3)
GLOBAL_UNCERTAINTY_ASSIGNED_CONTEXT((#1694))
GLOBAL_UNIT_ASSIGNED_CONTEXT((#1697,#1696,#1695))
REPRESENTATION_CONTEXT('Support Outil','TOP_LEVEL_ASSEMBLY_PART')
);
#1694=UNCERTAINTY_MEASURE_WITH_UNIT(LENGTH_MEASURE(1.E-08),#1697,'DISTANCE_ACCURACY_VALUE','Maximum Tolerance applied to model');
#1695=(
NAMED_UNIT(*)
SI_UNIT($,.STERADIAN.)
SOLID_ANGLE_UNIT()
);
#1696=(
NAMED_UNIT(*)
PLANE_ANGLE_UNIT()
SI_UNIT($,.RADIAN.)
);
#1697=(
LENGTH_UNIT()
NAMED_UNIT(*)
SI_UNIT($,.METRE.)
);
#1698=PRODUCT_DEFINITION_SHAPE('','',#1699);
#1699=PRODUCT_DEFINITION('','',#1701,#1700);
#1700=PRODUCT_DEFINITION_CONTEXT('',#1707,'design');
#1701=PRODUCT_DEFINITION_FORMATION_WITH_SPECIFIED_SOURCE('','',#1703,.NOT_KNOWN.);
#1702=PRODUCT_RELATED_PRODUCT_CATEGORY('','',(#1703));
#1703=PRODUCT('Support Outil','Support Outil','Support Outil',(#1705));
#1704=PRODUCT_CATEGORY('','');
#1705=PRODUCT_CONTEXT('',#1707,'mechanical');
#1706=APPLICATION_PROTOCOL_DEFINITION('international standard','ap242_managed_model_based_3d_engineering',2020,#1707);
#1707=APPLICATION_CONTEXT('managed model based 3d engineering');
#1708=COMPOSITE_SHAPE_ASPECT('hole_callout.F7uMxrRU1o3wHpt_1.JHD.0',$,#1698,$);
#1709=SHAPE_ASPECT('hole_callout.F7uMxrRU1o3wHpt_1.JHD.0',$,#1698,.T.);
#1710=GEOMETRIC_ITEM_SPECIFIC_USAGE('','',#1709,#11,#1035);
#1711=SHAPE_ASPECT_RELATIONSHIP('','',#1708,#1709);
#1712=SHAPE_ASPECT('hole_callout.F7uMxrRU1o3wHpt_1.JHD.0',$,#1698,.T.);
#1713=GEOMETRIC_ITEM_SPECIFIC_USAGE('','',#1712,#11,#1034);
#1714=SHAPE_ASPECT_RELATIONSHIP('','',#1708,#1712);
#1715=SHAPE_ASPECT('hole_callout.F7uMxrRU1o3wHpt_1.JHD.0',$,#1698,.T.);
#1716=GEOMETRIC_ITEM_SPECIFIC_USAGE('','',#1715,#11,#1033);
#1717=SHAPE_ASPECT_RELATIONSHIP('','',#1708,#1715);
#1718=SHAPE_ASPECT('hole_callout.F7uMxrRU1o3wHpt_1.JHD.0',$,#1698,.T.);
#1719=GEOMETRIC_ITEM_SPECIFIC_USAGE('','',#1718,#11,#1032);
#1720=SHAPE_ASPECT_RELATIONSHIP('','',#1708,#1718);
#1721=DIMENSIONAL_SIZE(#1708,'diameter');
#1722=(
LENGTH_UNIT()
NAMED_UNIT(*)
SI_UNIT(.MILLI.,.METRE.)
);
#1724=PRECISION_QUALIFIER(3);
#1723=(
LENGTH_MEASURE_WITH_UNIT()
MEASURE_REPRESENTATION_ITEM()
MEASURE_WITH_UNIT(POSITIVE_LENGTH_MEASURE(2.4),#1722)
QUALIFIED_REPRESENTATION_ITEM((#1724))
REPRESENTATION_ITEM('nominal value')
);
#1725=COMPOUND_REPRESENTATION_ITEM('modifiers',SET_REPRESENTATION_ITEM((#1726)));
#1726=DESCRIPTIVE_REPRESENTATION_ITEM('dimensional note','diameter');
#1727=SHAPE_DIMENSION_REPRESENTATION('',(#1723,#1725),#1693);
#1728=DIMENSIONAL_CHARACTERISTIC_REPRESENTATION(#1721,#1727);
#1729=PRESENTATION_STYLE_ASSIGNMENT((NULL_STYLE(.NULL.)));
#1730=CARTESIAN_POINT('',(0.0139,-0.016,-0.0061));
#1731=DIRECTION('',(0.,1.,0.));
#1732=DIRECTION('',(-1.,0.,0.));
#1733=AXIS2_PLACEMENT_3D('',#1730,#1731,#1732);
#1734=PLANE('',#1733);
#1735=ANNOTATION_PLANE('',(#1729),#1734,(#1762));
#1736=CARTESIAN_POINT('',(0.,0.,0.));
#1737=DIRECTION('',(0.,0.,1.));
#1738=DIRECTION('',(1.,0.,0.));
#1739=AXIS2_PLACEMENT_3D('',#1736,#1737,#1738);
#1740=CARTESIAN_POINT('',(0.,0.,0.));
#1741=DIRECTION('',(0.,0.,1.));
#1742=DIRECTION('',(1.,0.,0.));
#1743=AXIS2_PLACEMENT_3D('',#1740,#1741,#1742);
#1744=SHAPE_REPRESENTATION('',(#1743,#1059),#1693);
#1745=REPRESENTATION_MAP(#1739,#1744);
#1746=MAPPED_ITEM('',#1745,#1739);
#1747=PRESENTATION_STYLE_ASSIGNMENT((NULL_STYLE(.NULL.)));
#1748=STYLED_ITEM('',(#1747),#1746);
#1749=DRAUGHTING_MODEL('',(#1735,#1739,#1746,#1748),#1693);
#1750=DRAUGHTING_PRE_DEFINED_CURVE_FONT('continuous');
#1751=COLOUR_RGB('',0.,0.,0.);
#1752=CURVE_STYLE('',#1750,POSITIVE_LENGTH_MEASURE(0.02),#1751);
#1753=PRESENTATION_STYLE_ASSIGNMENT((#1752));
#1754=COORDINATES_LIST('coordinates',1710,((0.0130515,-0.0160000,-0.0052515),(0.0116373,-0.0160000,-0.0024230),(0.0102230,-0.0160000,-0.0038373),(0.0032354,-0.0160000,0.0010323),(0.0031384,-0.0160000,0.0009916),(0.0030404,-0.0160000,0.0009563),(0.0032354,-0.0160000,0.0010323),(0.0030404,-0.0160000,0.0009563),(0.0029414,-0.0160000,0.0009265),(0.0032354,-0.0160000,0.0010323),(0.0029414,-0.0160000,0.0009265),(0.0028415,-0.0160000,0.0009021),(0.0032354,-0.0160000,0.0010323),(0.0028415,-0.0160000,0.0009021),(0.0027406,-0.0160000,0.0008831),(0.0032354,-0.0160000,0.0010323),(0.0027406,-0.0160000,0.0008831),(0.0026387,-0.0160000,0.0008695),(0.0032354,-0.0160000,0.0010323),(0.0026387,-0.0160000,0.0008695),(0.0025359,-0.0160000,0.0008614),(0.0032354,-0.0160000,0.0010323),(0.0025359,-0.0160000,0.0008614),(0.0024322,-0.0160000,0.0008587),(0.0032354,-0.0160000,0.0010323),(0.0024322,-0.0160000,0.0008587),(0.0022964,-0.0160000,0.0008630),(0.0032354,-0.0160000,0.0010323),(0.0022964,-0.0160000,0.0008630),(0.0021632,-0.0160000,0.0008760),(0.0032354,-0.0160000,0.0010323),(0.0021632,-0.0160000,0.0008760),(0.0020325,-0.0160000,0.0008975),(0.0032354,-0.0160000,0.0010323),(0.0020325,-0.0160000,0.0008975),(0.0019043,-0.0160000,0.0009278),(0.0032354,-0.0160000,0.0010323),(0.0019043,-0.0160000,0.0009278),(0.0017787,-0.0160000,0.0009666),(0.0032354,-0.0160000,0.0010323),(0.0017787,-0.0160000,0.0009666),(0.0016557,-0.0160000,0.0010141),(0.0032354,-0.0160000,0.0010323),(0.0016557,-0.0160000,0.0010141),(0.0015352,-0.0160000,0.0010702),(0.0032354,-0.0160000,0.0010323),(0.0015352,-0.0160000,0.0010702),(0.0014172,-0.0160000,0.0011349),(0.0032354,-0.0160000,0.0010323),(0.0014172,-0.0160000,0.0011349),(0.0013037,-0.0160000,0.0012073),(0.0032354,-0.0160000,0.0010323),(0.0013037,-0.0160000,0.0012073),(0.0011963,-0.0160000,0.0012859),(0.0032354,-0.0160000,0.0010323),(0.0011963,-0.0160000,0.0012859),(0.0010952,-0.0160000,0.0013706),(0.0032354,-0.0160000,0.0010323),(0.0010952,-0.0160000,0.0013706),(0.0010002,-0.0160000,0.0014614),(0.0032354,-0.0160000,0.0010323),(0.0010002,-0.0160000,0.0014614),(0.0009115,-0.0160000,0.0015584),(0.0009115,-0.0160000,0.0015584),(0.0008291,-0.0160000,0.0016616),(0.0007528,-0.0160000,0.0017709),(0.0009115,-0.0160000,0.0015584),(0.0007528,-0.0160000,0.0017709),(0.0006827,-0.0160000,0.0018863),(0.0009115,-0.0160000,0.0015584),(0.0006827,-0.0160000,0.0018863),(0.0006197,-0.0160000,0.0020061),(0.0009115,-0.0160000,0.0015584),(0.0006197,-0.0160000,0.0020061),(0.0005651,-0.0160000,0.0021284),(0.0009115,-0.0160000,0.0015584),(0.0005651,-0.0160000,0.0021284),(0.0005189,-0.0160000,0.0022531),(0.0009115,-0.0160000,0.0015584),(0.0005189,-0.0160000,0.0022531),(0.0004811,-0.0160000,0.0023803),(0.0009115,-0.0160000,0.0015584),(0.0004811,-0.0160000,0.0023803),(0.0004517,-0.0160000,0.0025100),(0.0009115,-0.0160000,0.0015584),(0.0004517,-0.0160000,0.0025100),(0.0004307,-0.0160000,0.0026422),(0.0009115,-0.0160000,0.0015584),(0.0004307,-0.0160000,0.0026422),(0.0004181,-0.0160000,0.0027768),(0.0009115,-0.0160000,0.0015584),(0.0004181,-0.0160000,0.0027768),(0.0004139,-0.0160000,0.0029140),(0.0009115,-0.0160000,0.0015584),(0.0004139,-0.0160000,0.0029140),(0.0004181,-0.0160000,0.0030456),(0.0009115,-0.0160000,0.0015584),(0.0004181,-0.0160000,0.0030456),(0.0004307,-0.0160000,0.0031764),(0.0009115,-0.0160000,0.0015584),(0.0004307,-0.0160000,0.0031764),(0.0004517,-0.0160000,0.0033065),(0.0009115,-0.0160000,0.0015584),(0.0004517,-0.0160000,0.0033065),(0.0004811,-0.0160000,0.0034357),(0.0009115,-0.0160000,0.0015584),(0.0004811,-0.0160000,0.0034357),(0.0005189,-0.0160000,0.0035642),(0.0009115,-0.0160000,0.0015584),(0.0005189,-0.0160000,0.0035642),(0.0005651,-0.0160000,0.0036919),(0.0005651,-0.0160000,0.0036919),(0.0009569,-0.0160000,0.0035504),(0.0009204,-0.0160000,0.0034525),(0.0005651,-0.0160000,0.0036919),(0.0009204,-0.0160000,0.0034525),(0.0008904,-0.0160000,0.0033513),(0.0005651,-0.0160000,0.0036919),(0.0008904,-0.0160000,0.0033513),(0.0008672,-0.0160000,0.0032469),(0.0005651,-0.0160000,0.0036919),(0.0008672,-0.0160000,0.0032469),(0.0008506,-0.0160000,0.0031392),(0.0005651,-0.0160000,0.0036919),(0.0008506,-0.0160000,0.0031392),(0.0008406,-0.0160000,0.0030282),(0.0005651,-0.0160000,0.0036919),(0.0008406,-0.0160000,0.0030282),(0.0008373,-0.0160000,0.0029140),(0.0005651,-0.0160000,0.0036919),(0.0008373,-0.0160000,0.0029140),(0.0008406,-0.0160000,0.0028039),(0.0009115,-0.0160000,0.0015584),(0.0005651,-0.0160000,0.0036919),(0.0008406,-0.0160000,0.0028039),(0.0009115,-0.0160000,0.0015584),(0.0008406,-0.0160000,0.0028039),(0.0008507,-0.0160000,0.0026961),(0.0009115,-0.0160000,0.0015584),(0.0008507,-0.0160000,0.0026961),(0.0008675,-0.0160000,0.0025904),(0.0009115,-0.0160000,0.0015584),(0.0008675,-0.0160000,0.0025904),(0.0008910,-0.0160000,0.0024869),(0.0009115,-0.0160000,0.0015584),(0.0008910,-0.0160000,0.0024869),(0.0009212,-0.0160000,0.0023856),(0.0009115,-0.0160000,0.0015584),(0.0009212,-0.0160000,0.0023856),(0.0009581,-0.0160000,0.0022865),(0.0009115,-0.0160000,0.0015584),(0.0009581,-0.0160000,0.0022865),(0.0010018,-0.0160000,0.0021896),(0.0009115,-0.0160000,0.0015584),(0.0010018,-0.0160000,0.0021896),(0.0010521,-0.0160000,0.0020948),(0.0009115,-0.0160000,0.0015584),(0.0010521,-0.0160000,0.0020948),(0.0011079,-0.0160000,0.0020036),(0.0009115,-0.0160000,0.0015584),(0.0011079,-0.0160000,0.0020036),(0.0011686,-0.0160000,0.0019173),(0.0009115,-0.0160000,0.0015584),(0.0011686,-0.0160000,0.0019173),(0.0012340,-0.0160000,0.0018359),(0.0009115,-0.0160000,0.0015584),(0.0012340,-0.0160000,0.0018359),(0.0013043,-0.0160000,0.0017593),(0.0009115,-0.0160000,0.0015584),(0.0013043,-0.0160000,0.0017593),(0.0013793,-0.0160000,0.0016877),(0.0009115,-0.0160000,0.0015584),(0.0013793,-0.0160000,0.0016877),(0.0014591,-0.0160000,0.0016210),(0.0009115,-0.0160000,0.0015584),(0.0014591,-0.0160000,0.0016210),(0.0015437,-0.0160000,0.0015591),(0.0009115,-0.0160000,0.0015584),(0.0015437,-0.0160000,0.0015591),(0.0016331,-0.0160000,0.0015022),(0.0009115,-0.0160000,0.0015584),(0.0016331,-0.0160000,0.0015022),(0.0017257,-0.0160000,0.0014511),(0.0009115,-0.0160000,0.0015584),(0.0017257,-0.0160000,0.0014511),(0.0018204,-0.0160000,0.0014068),(0.0009115,-0.0160000,0.0015584),(0.0018204,-0.0160000,0.0014068),(0.0019171,-0.0160000,0.0013693),(0.0009115,-0.0160000,0.0015584),(0.0019171,-0.0160000,0.0013693),(0.0020160,-0.0160000,0.0013386),(0.0032354,-0.0160000,0.0010323),(0.0009115,-0.0160000,0.0015584),(0.0020160,-0.0160000,0.0013386),(0.0032354,-0.0160000,0.0010323),(0.0020160,-0.0160000,0.0013386),(0.0021169,-0.0160000,0.0013148),(0.0032354,-0.0160000,0.0010323),(0.0021169,-0.0160000,0.0013148),(0.0022199,-0.0160000,0.0012978),(0.0032354,-0.0160000,0.0010323),(0.0022199,-0.0160000,0.0012978),(0.0023250,-0.0160000,0.0012876),(0.0032354,-0.0160000,0.0010323),(0.0023250,-0.0160000,0.0012876),(0.0024322,-0.0160000,0.0012841),(0.0032354,-0.0160000,0.0010323),(0.0024322,-0.0160000,0.0012841),(0.0025858,-0.0160000,0.0012912),(0.0032354,-0.0160000,0.0010323),(0.0025858,-0.0160000,0.0012912),(0.0027354,-0.0160000,0.0013125),(0.0032354,-0.0160000,0.0010323),(0.0027354,-0.0160000,0.0013125),(0.0028810,-0.0160000,0.0013478),(0.0032354,-0.0160000,0.0010323),(0.0028810,-0.0160000,0.0013478),(0.0030227,-0.0160000,0.0013974),(0.0032354,-0.0160000,0.0010323),(0.0030227,-0.0160000,0.0013974),(0.0014257,-0.0160000,0.0041808),(0.0037964,-0.0160000,0.0000575),(0.0032354,-0.0160000,0.0010323),(0.0014257,-0.0160000,0.0041808),(0.0010001,-0.0160000,0.0036450),(0.0009569,-0.0160000,0.0035504),(0.0005651,-0.0160000,0.0036919),(0.0010500,-0.0160000,0.0037363),(0.0010001,-0.0160000,0.0036450),(0.0005651,-0.0160000,0.0036919),(0.0011179,-0.0160000,0.0038403),(0.0010500,-0.0160000,0.0037363),(0.0005651,-0.0160000,0.0036919),(0.0012032,-0.0160000,0.0039490),(0.0011179,-0.0160000,0.0038403),(0.0005651,-0.0160000,0.0036919),(0.0012523,-0.0160000,0.0040052),(0.0012032,-0.0160000,0.0039490),(0.0005651,-0.0160000,0.0036919),(0.0013058,-0.0160000,0.0040625),(0.0012523,-0.0160000,0.0040052),(0.0005651,-0.0160000,0.0036919),(0.0013636,-0.0160000,0.0041211),(0.0013058,-0.0160000,0.0040625),(0.0005651,-0.0160000,0.0036919),(0.0014257,-0.0160000,0.0041808),(0.0013636,-0.0160000,0.0041211),(0.0005651,-0.0160000,0.0036919),(0.0014257,-0.0160000,0.0041808),(0.0005651,-0.0160000,0.0036919),(0.0006197,-0.0160000,0.0038187),(0.0014257,-0.0160000,0.0041808),(0.0006197,-0.0160000,0.0038187),(0.0006827,-0.0160000,0.0039448),(0.0014257,-0.0160000,0.0041808),(0.0006827,-0.0160000,0.0039448),(0.0007329,-0.0160000,0.0040315),(0.0014257,-0.0160000,0.0041808),(0.0007329,-0.0160000,0.0040315),(0.0007877,-0.0160000,0.0041149),(0.0014257,-0.0160000,0.0041808),(0.0007877,-0.0160000,0.0041149),(0.0008471,-0.0160000,0.0041950),(0.0014257,-0.0160000,0.0041808),(0.0008471,-0.0160000,0.0041950),(0.0009111,-0.0160000,0.0042718),(0.0014257,-0.0160000,0.0041808),(0.0009111,-0.0160000,0.0042718),(0.0009797,-0.0160000,0.0043453),(0.0014257,-0.0160000,0.0041808),(0.0009797,-0.0160000,0.0043453),(0.0010528,-0.0160000,0.0044155),(0.0014257,-0.0160000,0.0041808),(0.0010528,-0.0160000,0.0044155),(0.0011306,-0.0160000,0.0044824),(0.0014257,-0.0160000,0.0041808),(0.0011306,-0.0160000,0.0044824),(0.0012130,-0.0160000,0.0045459),(0.0014257,-0.0160000,0.0041808),(0.0012130,-0.0160000,0.0045459),(0.0006711,-0.0160000,0.0054984),(0.0037964,-0.0160000,0.0000575),(0.0014257,-0.0160000,0.0041808),(0.0006711,-0.0160000,0.0054984),(0.0037964,-0.0160000,0.0000575),(0.0006711,-0.0160000,0.0054984),(0.0006425,-0.0160000,0.0056021),(0.0037964,-0.0160000,0.0000575),(0.0006425,-0.0160000,0.0056021),(0.0006499,-0.0160000,0.0056625),(0.0037964,-0.0160000,0.0000575),(0.0006499,-0.0160000,0.0056625),(0.0006886,-0.0160000,0.0057376),(0.0037964,-0.0160000,0.0000575),(0.0006886,-0.0160000,0.0057376),(0.0007537,-0.0160000,0.0057916),(0.0037964,-0.0160000,0.0000575),(0.0007537,-0.0160000,0.0057916),(0.0008563,-0.0160000,0.0058223),(0.0037964,-0.0160000,0.0000575),(0.0008563,-0.0160000,0.0058223),(0.0009166,-0.0160000,0.0058149),(0.0037964,-0.0160000,0.0000575),(0.0009166,-0.0160000,0.0058149),(0.0009923,-0.0160000,0.0057762),(0.0037964,-0.0160000,0.0000575),(0.0009923,-0.0160000,0.0057762),(0.0010479,-0.0160000,0.0057112),(0.0037964,-0.0160000,0.0000575),(0.0010479,-0.0160000,0.0057112),(0.0015834,-0.0160000,0.0047830),(0.0015834,-0.0160000,0.0047830),(0.0016840,-0.0160000,0.0048274),(0.0017879,-0.0160000,0.0048659),(0.0015834,-0.0160000,0.0047830),(0.0017879,-0.0160000,0.0048659),(0.0018951,-0.0160000,0.0048984),(0.0015834,-0.0160000,0.0047830),(0.0018951,-0.0160000,0.0048984),(0.0020057,-0.0160000,0.0049251),(0.0015834,-0.0160000,0.0047830),(0.0020057,-0.0160000,0.0049251),(0.0021195,-0.0160000,0.0049458),(0.0015834,-0.0160000,0.0047830),(0.0021195,-0.0160000,0.0049458),(0.0022366,-0.0160000,0.0049606),(0.0015834,-0.0160000,0.0047830),(0.0022366,-0.0160000,0.0049606),(0.0023571,-0.0160000,0.0049695),(0.0015834,-0.0160000,0.0047830),(0.0023571,-0.0160000,0.0049695),(0.0024809,-0.0160000,0.0049724),(0.0015834,-0.0160000,0.0047830),(0.0024809,-0.0160000,0.0049724),(0.0026055,-0.0160000,0.0049681),(0.0015834,-0.0160000,0.0047830),(0.0026055,-0.0160000,0.0049681),(0.0027290,-0.0160000,0.0049551),(0.0015834,-0.0160000,0.0047830),(0.0027290,-0.0160000,0.0049551),(0.0028514,-0.0160000,0.0049334),(0.0015834,-0.0160000,0.0047830),(0.0028514,-0.0160000,0.0049334),(0.0029727,-0.0160000,0.0049031),(0.0015834,-0.0160000,0.0047830),(0.0029727,-0.0160000,0.0049031),(0.0030930,-0.0160000,0.0048641),(0.0015834,-0.0160000,0.0047830),(0.0030930,-0.0160000,0.0048641),(0.0032121,-0.0160000,0.0048165),(0.0015834,-0.0160000,0.0047830),(0.0032121,-0.0160000,0.0048165),(0.0033302,-0.0160000,0.0047601),(0.0015834,-0.0160000,0.0047830),(0.0033302,-0.0160000,0.0047601),(0.0034471,-0.0160000,0.0046952),(0.0015834,-0.0160000,0.0047830),(0.0034471,-0.0160000,0.0046952),(0.0035602,-0.0160000,0.0046230),(0.0015834,-0.0160000,0.0047830),(0.0035602,-0.0160000,0.0046230),(0.0036672,-0.0160000,0.0045446),(0.0015834,-0.0160000,0.0047830),(0.0036672,-0.0160000,0.0045446),(0.0037682,-0.0160000,0.0044600),(0.0015834,-0.0160000,0.0047830),(0.0037682,-0.0160000,0.0044600),(0.0038630,-0.0160000,0.0043692),(0.0015834,-0.0160000,0.0047830),(0.0038630,-0.0160000,0.0043692),(0.0039518,-0.0160000,0.0042722),(0.0039518,-0.0160000,0.0042722),(0.0040345,-0.0160000,0.0041689),(0.0041111,-0.0160000,0.0040594),(0.0039518,-0.0160000,0.0042722),(0.0041111,-0.0160000,0.0040594),(0.0041816,-0.0160000,0.0039437),(0.0039518,-0.0160000,0.0042722),(0.0041816,-0.0160000,0.0039437),(0.0042448,-0.0160000,0.0038239),(0.0039518,-0.0160000,0.0042722),(0.0042448,-0.0160000,0.0038239),(0.0042997,-0.0160000,0.0037016),(0.0039518,-0.0160000,0.0042722),(0.0042997,-0.0160000,0.0037016),(0.0043461,-0.0160000,0.0035767),(0.0039518,-0.0160000,0.0042722),(0.0043461,-0.0160000,0.0035767),(0.0043840,-0.0160000,0.0034492),(0.0039518,-0.0160000,0.0042722),(0.0043840,-0.0160000,0.0034492),(0.0044135,-0.0160000,0.0033192),(0.0039518,-0.0160000,0.0042722),(0.0044135,-0.0160000,0.0033192),(0.0044346,-0.0160000,0.0031867),(0.0039518,-0.0160000,0.0042722),(0.0044346,-0.0160000,0.0031867),(0.0044473,-0.0160000,0.0030516),(0.0039518,-0.0160000,0.0042722),(0.0044473,-0.0160000,0.0030516),(0.0044515,-0.0160000,0.0029140),(0.0039518,-0.0160000,0.0042722),(0.0044515,-0.0160000,0.0029140),(0.0044473,-0.0160000,0.0027759),(0.0039518,-0.0160000,0.0042722),(0.0044473,-0.0160000,0.0027759),(0.0044347,-0.0160000,0.0026406),(0.0039518,-0.0160000,0.0042722),(0.0044347,-0.0160000,0.0026406),(0.0044137,-0.0160000,0.0025080),(0.0039518,-0.0160000,0.0042722),(0.0044137,-0.0160000,0.0025080),(0.0043843,-0.0160000,0.0023782),(0.0039518,-0.0160000,0.0042722),(0.0043843,-0.0160000,0.0023782),(0.0043465,-0.0160000,0.0022511),(0.0039518,-0.0160000,0.0042722),(0.0043465,-0.0160000,0.0022511),(0.0043003,-0.0160000,0.0021268),(0.0039518,-0.0160000,0.0042722),(0.0043003,-0.0160000,0.0021268),(0.0042457,-0.0160000,0.0020052),(0.0039518,-0.0160000,0.0042722),(0.0042457,-0.0160000,0.0020052),(0.0041827,-0.0160000,0.0018863),(0.0041827,-0.0160000,0.0018863),(0.0038144,-0.0160000,0.0020948),(0.0038637,-0.0160000,0.0021896),(0.0041827,-0.0160000,0.0018863),(0.0038637,-0.0160000,0.0021896),(0.0039065,-0.0160000,0.0022865),(0.0041827,-0.0160000,0.0018863),(0.0039065,-0.0160000,0.0022865),(0.0039427,-0.0160000,0.0023855),(0.0041827,-0.0160000,0.0018863),(0.0039427,-0.0160000,0.0023855),(0.0039723,-0.0160000,0.0024867),(0.0041827,-0.0160000,0.0018863),(0.0039723,-0.0160000,0.0024867),(0.0039953,-0.0160000,0.0025900),(0.0041827,-0.0160000,0.0018863),(0.0039953,-0.0160000,0.0025900),(0.0040118,-0.0160000,0.0026955),(0.0041827,-0.0160000,0.0018863),(0.0040118,-0.0160000,0.0026955),(0.0040217,-0.0160000,0.0028031),(0.0041827,-0.0160000,0.0018863),(0.0040217,-0.0160000,0.0028031),(0.0040250,-0.0160000,0.0029129),(0.0041827,-0.0160000,0.0018863),(0.0040250,-0.0160000,0.0029129),(0.0040216,-0.0160000,0.0030227),(0.0039518,-0.0160000,0.0042722),(0.0041827,-0.0160000,0.0018863),(0.0040216,-0.0160000,0.0030227),(0.0039518,-0.0160000,0.0042722),(0.0040216,-0.0160000,0.0030227),(0.0040116,-0.0160000,0.0031305),(0.0039518,-0.0160000,0.0042722),(0.0040116,-0.0160000,0.0031305),(0.0039949,-0.0160000,0.0032361),(0.0039518,-0.0160000,0.0042722),(0.0039949,-0.0160000,0.0032361),(0.0039715,-0.0160000,0.0033397),(0.0039518,-0.0160000,0.0042722),(0.0039715,-0.0160000,0.0033397),(0.0039415,-0.0160000,0.0034412),(0.0039518,-0.0160000,0.0042722),(0.0039415,-0.0160000,0.0034412),(0.0039047,-0.0160000,0.0035406),(0.0039518,-0.0160000,0.0042722),(0.0039047,-0.0160000,0.0035406),(0.0038613,-0.0160000,0.0036379),(0.0039518,-0.0160000,0.0042722),(0.0038613,-0.0160000,0.0036379),(0.0038112,-0.0160000,0.0037331),(0.0039518,-0.0160000,0.0042722),(0.0038112,-0.0160000,0.0037331),(0.0037553,-0.0160000,0.0038251),(0.0039518,-0.0160000,0.0042722),(0.0037553,-0.0160000,0.0038251),(0.0036947,-0.0160000,0.0039120),(0.0039518,-0.0160000,0.0042722),(0.0036947,-0.0160000,0.0039120),(0.0036293,-0.0160000,0.0039939),(0.0039518,-0.0160000,0.0042722),(0.0036293,-0.0160000,0.0039939),(0.0035590,-0.0160000,0.0040707),(0.0039518,-0.0160000,0.0042722),(0.0035590,-0.0160000,0.0040707),(0.0034840,-0.0160000,0.0041426),(0.0039518,-0.0160000,0.0042722),(0.0034840,-0.0160000,0.0041426),(0.0034042,-0.0160000,0.0042094),(0.0039518,-0.0160000,0.0042722),(0.0034042,-0.0160000,0.0042094),(0.0033196,-0.0160000,0.0042712),(0.0039518,-0.0160000,0.0042722),(0.0033196,-0.0160000,0.0042712),(0.0032302,-0.0160000,0.0043279),(0.0039518,-0.0160000,0.0042722),(0.0032302,-0.0160000,0.0043279),(0.0031381,-0.0160000,0.0043790),(0.0039518,-0.0160000,0.0042722),(0.0031381,-0.0160000,0.0043790),(0.0030455,-0.0160000,0.0044233),(0.0039518,-0.0160000,0.0042722),(0.0030455,-0.0160000,0.0044233),(0.0029523,-0.0160000,0.0044608),(0.0039518,-0.0160000,0.0042722),(0.0029523,-0.0160000,0.0044608),(0.0028587,-0.0160000,0.0044914),(0.0039518,-0.0160000,0.0042722),(0.0028587,-0.0160000,0.0044914),(0.0027645,-0.0160000,0.0045153),(0.0015834,-0.0160000,0.0047830),(0.0039518,-0.0160000,0.0042722),(0.0027645,-0.0160000,0.0045153),(0.0015834,-0.0160000,0.0047830),(0.0027645,-0.0160000,0.0045153),(0.0026698,-0.0160000,0.0045323),(0.0015834,-0.0160000,0.0047830),(0.0026698,-0.0160000,0.0045323),(0.0025745,-0.0160000,0.0045425),(0.0015834,-0.0160000,0.0047830),(0.0025745,-0.0160000,0.0045425),(0.0024787,-0.0160000,0.0045459),(0.0015834,-0.0160000,0.0047830),(0.0024787,-0.0160000,0.0045459),(0.0024724,-0.0160000,0.0045459),(0.0015834,-0.0160000,0.0047830),(0.0024724,-0.0160000,0.0045459),(0.0023787,-0.0160000,0.0045438),(0.0015834,-0.0160000,0.0047830),(0.0023787,-0.0160000,0.0045438),(0.0022875,-0.0160000,0.0045376),(0.0015834,-0.0160000,0.0047830),(0.0022875,-0.0160000,0.0045376),(0.0021989,-0.0160000,0.0045272),(0.0015834,-0.0160000,0.0047830),(0.0021989,-0.0160000,0.0045272),(0.0021128,-0.0160000,0.0045126),(0.0015834,-0.0160000,0.0047830),(0.0021128,-0.0160000,0.0045126),(0.0020293,-0.0160000,0.0044938),(0.0015834,-0.0160000,0.0047830),(0.0020293,-0.0160000,0.0044938),(0.0019483,-0.0160000,0.0044709),(0.0015834,-0.0160000,0.0047830),(0.0019483,-0.0160000,0.0044709),(0.0018699,-0.0160000,0.0044438),(0.0015834,-0.0160000,0.0047830),(0.0018699,-0.0160000,0.0044438),(0.0017940,-0.0160000,0.0044126),(0.0037964,-0.0160000,0.0000575),(0.0015834,-0.0160000,0.0047830),(0.0017940,-0.0160000,0.0044126),(0.0037964,-0.0160000,0.0000575),(0.0017940,-0.0160000,0.0044126),(0.0033984,-0.0160000,0.0016175),(0.0037964,-0.0160000,0.0000575),(0.0033984,-0.0160000,0.0016175),(0.0035189,-0.0160000,0.0017204),(0.0037720,-0.0160000,0.0020256),(0.0038144,-0.0160000,0.0020948),(0.0041827,-0.0160000,0.0018863),(0.0037268,-0.0160000,0.0019590),(0.0037720,-0.0160000,0.0020256),(0.0041827,-0.0160000,0.0018863),(0.0036284,-0.0160000,0.0018342),(0.0037268,-0.0160000,0.0019590),(0.0041827,-0.0160000,0.0018863),(0.0035189,-0.0160000,0.0017204),(0.0036284,-0.0160000,0.0018342),(0.0041827,-0.0160000,0.0018863),(0.0035189,-0.0160000,0.0017204),(0.0041827,-0.0160000,0.0018863),(0.0041247,-0.0160000,0.0017913),(0.0035189,-0.0160000,0.0017204),(0.0041247,-0.0160000,0.0017913),(0.0040631,-0.0160000,0.0017003),(0.0035189,-0.0160000,0.0017204),(0.0040631,-0.0160000,0.0017003),(0.0039977,-0.0160000,0.0016135),(0.0035189,-0.0160000,0.0017204),(0.0039977,-0.0160000,0.0016135),(0.0039287,-0.0160000,0.0015307),(0.0035189,-0.0160000,0.0017204),(0.0039287,-0.0160000,0.0015307),(0.0038559,-0.0160000,0.0014521),(0.0035189,-0.0160000,0.0017204),(0.0038559,-0.0160000,0.0014521),(0.0037794,-0.0160000,0.0013775),(0.0035189,-0.0160000,0.0017204),(0.0037794,-0.0160000,0.0013775),(0.0036993,-0.0160000,0.0013071),(0.0035189,-0.0160000,0.0017204),(0.0036993,-0.0160000,0.0013071),(0.0036154,-0.0160000,0.0012408),(0.0037964,-0.0160000,0.0000575),(0.0035189,-0.0160000,0.0017204),(0.0036154,-0.0160000,0.0012408),(0.0037964,-0.0160000,0.0000575),(0.0036154,-0.0160000,0.0012408),(0.0041710,-0.0160000,0.0002703),(0.0037964,-0.0160000,0.0000575),(0.0041710,-0.0160000,0.0002703),(0.0041985,-0.0160000,0.0001687),(0.0037964,-0.0160000,0.0000575),(0.0041985,-0.0160000,0.0001687),(0.0041922,-0.0160000,0.0001083),(0.0037964,-0.0160000,0.0000575),(0.0041922,-0.0160000,0.0001083),(0.0041530,-0.0160000,0.0000313),(0.0037964,-0.0160000,0.0000575),(0.0041530,-0.0160000,0.0000313),(0.0040906,-0.0160000,-0.0000240),(0.0037964,-0.0160000,0.0000575),(0.0040906,-0.0160000,-0.0000240),(0.0039858,-0.0160000,-0.0000515),(0.0037964,-0.0160000,0.0000575),(0.0039858,-0.0160000,-0.0000515),(0.0039255,-0.0160000,-0.0000441),(0.0037964,-0.0160000,0.0000575),(0.0039255,-0.0160000,-0.0000441),(0.0038530,-0.0160000,-0.0000086),(-0.0053455,-0.0160000,0.0025806),(-0.0049402,-0.0160000,0.0025806),(-0.0042501,-0.0160000,0.0025668),(-0.0055879,-0.0160000,0.0025806),(-0.0053455,-0.0160000,0.0025806),(-0.0042501,-0.0160000,0.0025668),(-0.0049402,-0.0160000,0.0039162),(-0.0049402,-0.0160000,0.0025806),(-0.0053455,-0.0160000,0.0025806),(-0.0049402,-0.0160000,0.0039162),(-0.0053455,-0.0160000,0.0025806),(-0.0053455,-0.0160000,0.0047682),(-0.0042501,-0.0160000,0.0025668),(-0.0049402,-0.0160000,0.0039162),(-0.0053455,-0.0160000,0.0047682),(-0.0042501,-0.0160000,0.0025668),(-0.0053455,-0.0160000,0.0047682),(-0.0053357,-0.0160000,0.0048431),(-0.0042501,-0.0160000,0.0025668),(-0.0053357,-0.0160000,0.0048431),(-0.0053064,-0.0160000,0.0049005),(-0.0042501,-0.0160000,0.0025668),(-0.0053064,-0.0160000,0.0049005),(-0.0051974,-0.0160000,0.0049746),(-0.0042501,-0.0160000,0.0025668),(-0.0051974,-0.0160000,0.0049746),(-0.0051370,-0.0160000,0.0049820),(-0.0042501,-0.0160000,0.0025668),(-0.0051370,-0.0160000,0.0049820),(-0.0050608,-0.0160000,0.0049724),(-0.0042501,-0.0160000,0.0025668),(-0.0050608,-0.0160000,0.0049724),(-0.0049539,-0.0160000,0.0048888),(-0.0042501,-0.0160000,0.0025668),(-0.0049539,-0.0160000,0.0048888),(-0.0036765,-0.0160000,0.0024695),(-0.0055879,-0.0160000,0.0025806),(-0.0042501,-0.0160000,0.0025668),(-0.0036765,-0.0160000,0.0024695),(-0.0055879,-0.0160000,0.0025806),(-0.0036765,-0.0160000,0.0024695),(-0.0036416,-0.0160000,0.0023425),(-0.0055879,-0.0160000,0.0025806),(-0.0036416,-0.0160000,0.0023425),(-0.0036670,-0.0160000,0.0022546),(-0.0055879,-0.0160000,0.0025806),(-0.0036670,-0.0160000,0.0022546),(-0.0037440,-0.0160000,0.0021800),(-0.0055879,-0.0160000,0.0025806),(-0.0037440,-0.0160000,0.0021800),(-0.0038543,-0.0160000,0.0021552),(-0.0055879,-0.0160000,0.0025806),(-0.0038543,-0.0160000,0.0021552),(-0.0049190,-0.0160000,0.0021552),(-0.0049190,-0.0160000,0.0021552),(-0.0049190,-0.0160000,0.0011434),(-0.0049346,-0.0160000,0.0010600),(-0.0049190,-0.0160000,0.0021552),(-0.0049346,-0.0160000,0.0010600),(-0.0049815,-0.0160000,0.0009920),(-0.0049190,-0.0160000,0.0021552),(-0.0049815,-0.0160000,0.0009920),(-0.0050502,-0.0160000,0.0009460),(-0.0049190,-0.0160000,0.0021552),(-0.0050502,-0.0160000,0.0009460),(-0.0051317,-0.0160000,0.0009307),(-0.0049190,-0.0160000,0.0021552),(-0.0051317,-0.0160000,0.0009307),(-0.0052140,-0.0160000,0.0009460),(-0.0049190,-0.0160000,0.0021552),(-0.0052140,-0.0160000,0.0009460),(-0.0052831,-0.0160000,0.0009920),(-0.0049190,-0.0160000,0.0021552),(-0.0052831,-0.0160000,0.0009920),(-0.0053299,-0.0160000,0.0010600),(-0.0049190,-0.0160000,0.0021552),(-0.0053299,-0.0160000,0.0010600),(-0.0053455,-0.0160000,0.0011434),(-0.0049190,-0.0160000,0.0021552),(-0.0053455,-0.0160000,0.0011434),(-0.0053455,-0.0160000,0.0021552),(-0.0055879,-0.0160000,0.0025806),(-0.0049190,-0.0160000,0.0021552),(-0.0053455,-0.0160000,0.0021552),(-0.0055879,-0.0160000,0.0025806),(-0.0053455,-0.0160000,0.0021552),(-0.0055879,-0.0160000,0.0021552),(-0.0055879,-0.0160000,0.0025806),(-0.0055879,-0.0160000,0.0021552),(-0.0056715,-0.0160000,0.0021708),(-0.0055879,-0.0160000,0.0025806),(-0.0056715,-0.0160000,0.0021708),(-0.0057403,-0.0160000,0.0022176),(-0.0055879,-0.0160000,0.0025806),(-0.0057403,-0.0160000,0.0022176),(-0.0057863,-0.0160000,0.0022864),(-0.0055879,-0.0160000,0.0025806),(-0.0057863,-0.0160000,0.0022864),(-0.0058017,-0.0160000,0.0023679),(-0.0055879,-0.0160000,0.0025806),(-0.0058017,-0.0160000,0.0023679),(-0.0057863,-0.0160000,0.0024494),(-0.0055879,-0.0160000,0.0025806),(-0.0057863,-0.0160000,0.0024494),(-0.0057403,-0.0160000,0.0025182),(-0.0055879,-0.0160000,0.0025806),(-0.0057403,-0.0160000,0.0025182),(-0.0056715,-0.0160000,0.0025650),(-0.0007248,-0.0160000,0.0013402),(-0.0018964,-0.0160000,0.0029309),(-0.0019609,-0.0160000,0.0030247),(-0.0007248,-0.0160000,0.0013402),(-0.0019609,-0.0160000,0.0030247),(-0.0020168,-0.0160000,0.0031223),(-0.0007248,-0.0160000,0.0013402),(-0.0020168,-0.0160000,0.0031223),(-0.0020641,-0.0160000,0.0032238),(-0.0007248,-0.0160000,0.0013402),(-0.0020641,-0.0160000,0.0032238),(-0.0021028,-0.0160000,0.0033291),(-0.0007248,-0.0160000,0.0013402),(-0.0021028,-0.0160000,0.0033291),(-0.0021329,-0.0160000,0.0034383),(-0.0007248,-0.0160000,0.0013402),(-0.0021329,-0.0160000,0.0034383),(-0.0021544,-0.0160000,0.0035514),(-0.0007248,-0.0160000,0.0013402),(-0.0021544,-0.0160000,0.0035514),(-0.0021673,-0.0160000,0.0036684),(-0.0007248,-0.0160000,0.0013402),(-0.0021673,-0.0160000,0.0036684),(-0.0021716,-0.0160000,0.0037892),(-0.0007248,-0.0160000,0.0013402),(-0.0021716,-0.0160000,0.0037892),(-0.0021665,-0.0160000,0.0039142),(-0.0007248,-0.0160000,0.0013402),(-0.0021665,-0.0160000,0.0039142),(-0.0021511,-0.0160000,0.0040346),(-0.0007248,-0.0160000,0.0013402),(-0.0021511,-0.0160000,0.0040346),(-0.0021254,-0.0160000,0.0041503),(-0.0007248,-0.0160000,0.0013402),(-0.0021254,-0.0160000,0.0041503),(-0.0020896,-0.0160000,0.0042615),(-0.0020896,-0.0160000,0.0042615),(-0.0020434,-0.0160000,0.0043681),(-0.0019870,-0.0160000,0.0044701),(-0.0020896,-0.0160000,0.0042615),(-0.0019870,-0.0160000,0.0044701),(-0.0019204,-0.0160000,0.0045674),(-0.0020896,-0.0160000,0.0042615),(-0.0019204,-0.0160000,0.0045674),(-0.0018435,-0.0160000,0.0046602),(-0.0020896,-0.0160000,0.0042615),(-0.0018435,-0.0160000,0.0046602),(-0.0017706,-0.0160000,0.0047334),(-0.0020896,-0.0160000,0.0042615),(-0.0017706,-0.0160000,0.0047334),(-0.0016932,-0.0160000,0.0047968),(-0.0020896,-0.0160000,0.0042615),(-0.0016932,-0.0160000,0.0047968),(-0.0016113,-0.0160000,0.0048505),(-0.0020896,-0.0160000,0.0042615),(-0.0016113,-0.0160000,0.0048505),(-0.0015249,-0.0160000,0.0048944),(-0.0020896,-0.0160000,0.0042615),(-0.0015249,-0.0160000,0.0048944),(-0.0014341,-0.0160000,0.0049285),(-0.0020896,-0.0160000,0.0042615),(-0.0014341,-0.0160000,0.0049285),(-0.0013387,-0.0160000,0.0049529),(-0.0020896,-0.0160000,0.0042615),(-0.0013387,-0.0160000,0.0049529),(-0.0012388,-0.0160000,0.0049676),(-0.0020896,-0.0160000,0.0042615),(-0.0012388,-0.0160000,0.0049676),(-0.0011344,-0.0160000,0.0049724),(-0.0020896,-0.0160000,0.0042615),(-0.0011344,-0.0160000,0.0049724),(-0.0010359,-0.0160000,0.0049677),(-0.0020896,-0.0160000,0.0042615),(-0.0010359,-0.0160000,0.0049677),(-0.0009404,-0.0160000,0.0049533),(-0.0020896,-0.0160000,0.0042615),(-0.0009404,-0.0160000,0.0049533),(-0.0008479,-0.0160000,0.0049294),(-0.0020896,-0.0160000,0.0042615),(-0.0008479,-0.0160000,0.0049294),(-0.0007584,-0.0160000,0.0048960),(-0.0020896,-0.0160000,0.0042615),(-0.0007584,-0.0160000,0.0048960),(-0.0006720,-0.0160000,0.0048530),(-0.0020896,-0.0160000,0.0042615),(-0.0006720,-0.0160000,0.0048530),(-0.0005885,-0.0160000,0.0048004),(-0.0005885,-0.0160000,0.0048004),(-0.0005081,-0.0160000,0.0047383),(-0.0004306,-0.0160000,0.0046666),(-0.0005885,-0.0160000,0.0048004),(-0.0004306,-0.0160000,0.0046666),(-0.0003515,-0.0160000,0.0045801),(-0.0005885,-0.0160000,0.0048004),(-0.0003515,-0.0160000,0.0045801),(-0.0002829,-0.0160000,0.0044872),(-0.0005885,-0.0160000,0.0048004),(-0.0002829,-0.0160000,0.0044872),(-0.0002249,-0.0160000,0.0043880),(-0.0005885,-0.0160000,0.0048004),(-0.0002249,-0.0160000,0.0043880),(-0.0001774,-0.0160000,0.0042824),(-0.0005885,-0.0160000,0.0048004),(-0.0001774,-0.0160000,0.0042824),(-0.0001405,-0.0160000,0.0041705),(-0.0005885,-0.0160000,0.0048004),(-0.0001405,-0.0160000,0.0041705),(-0.0001141,-0.0160000,0.0040522),(-0.0005885,-0.0160000,0.0048004),(-0.0001141,-0.0160000,0.0040522),(-0.0000983,-0.0160000,0.0039276),(-0.0005885,-0.0160000,0.0048004),(-0.0000983,-0.0160000,0.0039276),(-0.0000930,-0.0160000,0.0037966),(-0.0005885,-0.0160000,0.0048004),(-0.0000930,-0.0160000,0.0037966),(-0.0000930,-0.0160000,0.0037913),(-0.0005885,-0.0160000,0.0048004),(-0.0000930,-0.0160000,0.0037913),(-0.0001086,-0.0160000,0.0037098),(-0.0005885,-0.0160000,0.0048004),(-0.0001086,-0.0160000,0.0037098),(-0.0001555,-0.0160000,0.0036411),(-0.0005885,-0.0160000,0.0048004),(-0.0001555,-0.0160000,0.0036411),(-0.0002242,-0.0160000,0.0035942),(-0.0005885,-0.0160000,0.0048004),(-0.0002242,-0.0160000,0.0035942),(-0.0003057,-0.0160000,0.0035786),(-0.0005885,-0.0160000,0.0048004),(-0.0003057,-0.0160000,0.0035786),(-0.0003872,-0.0160000,0.0035942),(-0.0005885,-0.0160000,0.0048004),(-0.0003872,-0.0160000,0.0035942),(-0.0004560,-0.0160000,0.0036411),(-0.0005885,-0.0160000,0.0048004),(-0.0004560,-0.0160000,0.0036411),(-0.0005036,-0.0160000,0.0037098),(-0.0005036,-0.0160000,0.0037098),(-0.0005195,-0.0160000,0.0037913),(-0.0005195,-0.0160000,0.0037966),(-0.0005036,-0.0160000,0.0037098),(-0.0005195,-0.0160000,0.0037966),(-0.0005228,-0.0160000,0.0038835),(-0.0005885,-0.0160000,0.0048004),(-0.0005036,-0.0160000,0.0037098),(-0.0005228,-0.0160000,0.0038835),(-0.0005885,-0.0160000,0.0048004),(-0.0005228,-0.0160000,0.0038835),(-0.0005328,-0.0160000,0.0039660),(-0.0005885,-0.0160000,0.0048004),(-0.0005328,-0.0160000,0.0039660),(-0.0005494,-0.0160000,0.0040439),(-0.0005885,-0.0160000,0.0048004),(-0.0005494,-0.0160000,0.0040439),(-0.0005727,-0.0160000,0.0041173),(-0.0005885,-0.0160000,0.0048004),(-0.0005727,-0.0160000,0.0041173),(-0.0006392,-0.0160000,0.0042507),(-0.0005885,-0.0160000,0.0048004),(-0.0006392,-0.0160000,0.0042507),(-0.0007322,-0.0160000,0.0043660),(-0.0005885,-0.0160000,0.0048004),(-0.0007322,-0.0160000,0.0043660),(-0.0008231,-0.0160000,0.0044447),(-0.0005885,-0.0160000,0.0048004),(-0.0008231,-0.0160000,0.0044447),(-0.0009201,-0.0160000,0.0045009),(-0.0005885,-0.0160000,0.0048004),(-0.0009201,-0.0160000,0.0045009),(-0.0010232,-0.0160000,0.0045347),(-0.0005885,-0.0160000,0.0048004),(-0.0010232,-0.0160000,0.0045347),(-0.0011323,-0.0160000,0.0045459),(-0.0005885,-0.0160000,0.0048004),(-0.0011323,-0.0160000,0.0045459),(-0.0012455,-0.0160000,0.0045351),(-0.0005885,-0.0160000,0.0048004),(-0.0012455,-0.0160000,0.0045351),(-0.0013493,-0.0160000,0.0045025),(-0.0020896,-0.0160000,0.0042615),(-0.0005885,-0.0160000,0.0048004),(-0.0013493,-0.0160000,0.0045025),(-0.0020896,-0.0160000,0.0042615),(-0.0013493,-0.0160000,0.0045025),(-0.0014434,-0.0160000,0.0044483),(-0.0020896,-0.0160000,0.0042615),(-0.0014434,-0.0160000,0.0044483),(-0.0015281,-0.0160000,0.0043724),(-0.0020896,-0.0160000,0.0042615),(-0.0015281,-0.0160000,0.0043724),(-0.0015797,-0.0160000,0.0043112),(-0.0020896,-0.0160000,0.0042615),(-0.0015797,-0.0160000,0.0043112),(-0.0016244,-0.0160000,0.0042468),(-0.0020896,-0.0160000,0.0042615),(-0.0016244,-0.0160000,0.0042468),(-0.0016932,-0.0160000,0.0041080),(-0.0020896,-0.0160000,0.0042615),(-0.0016932,-0.0160000,0.0041080),(-0.0017345,-0.0160000,0.0039562),(-0.0020896,-0.0160000,0.0042615),(-0.0017345,-0.0160000,0.0039562),(-0.0017448,-0.0160000,0.0038754),(-0.0020896,-0.0160000,0.0042615),(-0.0017448,-0.0160000,0.0038754),(-0.0017482,-0.0160000,0.0037913),(-0.0020896,-0.0160000,0.0042615),(-0.0017482,-0.0160000,0.0037913),(-0.0017453,-0.0160000,0.0037046),(-0.0020896,-0.0160000,0.0042615),(-0.0017453,-0.0160000,0.0037046),(-0.0017365,-0.0160000,0.0036212),(-0.0020896,-0.0160000,0.0042615),(-0.0017365,-0.0160000,0.0036212),(-0.0017219,-0.0160000,0.0035411),(-0.0020896,-0.0160000,0.0042615),(-0.0017219,-0.0160000,0.0035411),(-0.0017014,-0.0160000,0.0034643),(-0.0020896,-0.0160000,0.0042615),(-0.0017014,-0.0160000,0.0034643),(-0.0016429,-0.0160000,0.0033206),(-0.0007248,-0.0160000,0.0013402),(-0.0020896,-0.0160000,0.0042615),(-0.0016429,-0.0160000,0.0033206),(-0.0007248,-0.0160000,0.0013402),(-0.0016429,-0.0160000,0.0033206),(-0.0015609,-0.0160000,0.0031902),(-0.0007248,-0.0160000,0.0013402),(-0.0015609,-0.0160000,0.0031902),(-0.0001375,-0.0160000,0.0012566),(-0.0019610,-0.0160000,0.0013402),(-0.0007248,-0.0160000,0.0013402),(-0.0001375,-0.0160000,0.0012566),(-0.0019610,-0.0160000,0.0013402),(-0.0001375,-0.0160000,0.0012566),(-0.0000909,-0.0160000,0.0011317),(-0.0019610,-0.0160000,0.0013402),(-0.0000909,-0.0160000,0.0011317),(-0.0000930,-0.0160000,0.0010968),(-0.0019610,-0.0160000,0.0013402),(-0.0000930,-0.0160000,0.0010968),(-0.0001195,-0.0160000,0.0010182),(-0.0019610,-0.0160000,0.0013402),(-0.0001195,-0.0160000,0.0010182),(-0.0001713,-0.0160000,0.0009624),(-0.0019610,-0.0160000,0.0013402),(-0.0001713,-0.0160000,0.0009624),(-0.0002399,-0.0160000,0.0009275),(-0.0019610,-0.0160000,0.0013402),(-0.0002399,-0.0160000,0.0009275),(-0.0003057,-0.0160000,0.0009158),(-0.0019610,-0.0160000,0.0013402),(-0.0003057,-0.0160000,0.0009158),(-0.0019610,-0.0160000,0.0009158),(-0.0019610,-0.0160000,0.0013402),(-0.0019610,-0.0160000,0.0009158),(-0.0020443,-0.0160000,0.0009309),(-0.0019610,-0.0160000,0.0013402),(-0.0020443,-0.0160000,0.0009309),(-0.0021123,-0.0160000,0.0009762),(-0.0019610,-0.0160000,0.0013402),(-0.0021123,-0.0160000,0.0009762),(-0.0021568,-0.0160000,0.0010442),(-0.0019610,-0.0160000,0.0013402),(-0.0021568,-0.0160000,0.0010442),(-0.0021716,-0.0160000,0.0011275),(-0.0019610,-0.0160000,0.0013402),(-0.0021716,-0.0160000,0.0011275),(-0.0021568,-0.0160000,0.0012116),(-0.0019610,-0.0160000,0.0013402),(-0.0021568,-0.0160000,0.0012116),(-0.0021123,-0.0160000,0.0012799),(-0.0019610,-0.0160000,0.0013402),(-0.0021123,-0.0160000,0.0012799),(-0.0020464,-0.0160000,0.0013252),(-0.0026298,-0.0160000,0.0009463),(-0.0027029,-0.0160000,0.0008396),(-0.0028095,-0.0160000,0.0007666),(-0.0026298,-0.0160000,0.0009463),(-0.0028095,-0.0160000,0.0007666),(-0.0029346,-0.0160000,0.0007423),(-0.0026298,-0.0160000,0.0009463),(-0.0029346,-0.0160000,0.0007423),(-0.0030595,-0.0160000,0.0007666),(-0.0026298,-0.0160000,0.0009463),(-0.0030595,-0.0160000,0.0007666),(-0.0031654,-0.0160000,0.0008396),(-0.0026298,-0.0160000,0.0009463),(-0.0031654,-0.0160000,0.0008396),(-0.0032384,-0.0160000,0.0009463),(-0.0026298,-0.0160000,0.0009463),(-0.0032384,-0.0160000,0.0009463),(-0.0032627,-0.0160000,0.0010714),(-0.0026298,-0.0160000,0.0009463),(-0.0032627,-0.0160000,0.0010714),(-0.0032384,-0.0160000,0.0011966),(-0.0026298,-0.0160000,0.0009463),(-0.0032384,-0.0160000,0.0011966),(-0.0031654,-0.0160000,0.0013032),(-0.0026298,-0.0160000,0.0009463),(-0.0031654,-0.0160000,0.0013032),(-0.0030595,-0.0160000,0.0013762),(-0.0026298,-0.0160000,0.0009463),(-0.0030595,-0.0160000,0.0013762),(-0.0029346,-0.0160000,0.0014006),(-0.0026298,-0.0160000,0.0009463),(-0.0029346,-0.0160000,0.0014006),(-0.0028095,-0.0160000,0.0013762),(-0.0026298,-0.0160000,0.0009463),(-0.0028095,-0.0160000,0.0013762),(-0.0027029,-0.0160000,0.0013032),(-0.0026298,-0.0160000,0.0009463),(-0.0027029,-0.0160000,0.0013032),(-0.0026298,-0.0160000,0.0011966),(-0.0026298,-0.0160000,0.0009463),(-0.0026298,-0.0160000,0.0011966),(-0.0026055,-0.0160000,0.0010714),(-0.0161894,-0.0160000,0.0026986),(-0.0175716,-0.0160000,0.0009090),(-0.0176438,-0.0160000,0.0008471),(-0.0161894,-0.0160000,0.0026986),(-0.0176438,-0.0160000,0.0008471),(-0.0177356,-0.0160000,0.0008264),(-0.0161894,-0.0160000,0.0026986),(-0.0177356,-0.0160000,0.0008264),(-0.0178679,-0.0160000,0.0008719),(-0.0161894,-0.0160000,0.0026986),(-0.0178679,-0.0160000,0.0008719),(-0.0179322,-0.0160000,0.0009455),(-0.0161894,-0.0160000,0.0026986),(-0.0179322,-0.0160000,0.0009455),(-0.0179536,-0.0160000,0.0010413),(-0.0161894,-0.0160000,0.0026986),(-0.0179536,-0.0160000,0.0010413),(-0.0179092,-0.0160000,0.0011735),(-0.0161894,-0.0160000,0.0026986),(-0.0179092,-0.0160000,0.0011735),(-0.0167334,-0.0160000,0.0026986),(-0.0167334,-0.0160000,0.0026986),(-0.0168191,-0.0160000,0.0026986),(-0.0169383,-0.0160000,0.0027037),(-0.0161894,-0.0160000,0.0026986),(-0.0167334,-0.0160000,0.0026986),(-0.0169383,-0.0160000,0.0027037),(-0.0153258,-0.0160000,0.0026986),(-0.0161894,-0.0160000,0.0026986),(-0.0169383,-0.0160000,0.0027037),(-0.0153258,-0.0160000,0.0026986),(-0.0169383,-0.0160000,0.0027037),(-0.0170521,-0.0160000,0.0027190),(-0.0153258,-0.0160000,0.0026986),(-0.0170521,-0.0160000,0.0027190),(-0.0171605,-0.0160000,0.0027446),(-0.0153258,-0.0160000,0.0026986),(-0.0171605,-0.0160000,0.0027446),(-0.0172633,-0.0160000,0.0027804),(-0.0153258,-0.0160000,0.0026986),(-0.0172633,-0.0160000,0.0027804),(-0.0173607,-0.0160000,0.0028264),(-0.0153258,-0.0160000,0.0026986),(-0.0173607,-0.0160000,0.0028264),(-0.0174527,-0.0160000,0.0028826),(-0.0153258,-0.0160000,0.0026986),(-0.0174527,-0.0160000,0.0028826),(-0.0175392,-0.0160000,0.0029490),(-0.0153258,-0.0160000,0.0026986),(-0.0175392,-0.0160000,0.0029490),(-0.0176203,-0.0160000,0.0030256),(-0.0153258,-0.0160000,0.0026986),(-0.0176203,-0.0160000,0.0030256),(-0.0176967,-0.0160000,0.0031154),(-0.0153258,-0.0160000,0.0026986),(-0.0176967,-0.0160000,0.0031154),(-0.0177629,-0.0160000,0.0032078),(-0.0153258,-0.0160000,0.0026986),(-0.0177629,-0.0160000,0.0032078),(-0.0178189,-0.0160000,0.0033029),(-0.0178189,-0.0160000,0.0033029),(-0.0178647,-0.0160000,0.0034008),(-0.0174692,-0.0160000,0.0035500),(-0.0178189,-0.0160000,0.0033029),(-0.0174692,-0.0160000,0.0035500),(-0.0174047,-0.0160000,0.0034324),(-0.0178189,-0.0160000,0.0033029),(-0.0174047,-0.0160000,0.0034324),(-0.0173144,-0.0160000,0.0033262),(-0.0178189,-0.0160000,0.0033029),(-0.0173144,-0.0160000,0.0033262),(-0.0172045,-0.0160000,0.0032382),(-0.0178189,-0.0160000,0.0033029),(-0.0172045,-0.0160000,0.0032382),(-0.0170853,-0.0160000,0.0031754),(-0.0178189,-0.0160000,0.0033029),(-0.0170853,-0.0160000,0.0031754),(-0.0169568,-0.0160000,0.0031377),(-0.0153258,-0.0160000,0.0026986),(-0.0178189,-0.0160000,0.0033029),(-0.0169568,-0.0160000,0.0031377),(-0.0153258,-0.0160000,0.0026986),(-0.0169568,-0.0160000,0.0031377),(-0.0168191,-0.0160000,0.0031251),(-0.0153258,-0.0160000,0.0026986),(-0.0168191,-0.0160000,0.0031251),(-0.0153258,-0.0160000,0.0031251),(-0.0175079,-0.0160000,0.0036790),(-0.0174692,-0.0160000,0.0035500),(-0.0178647,-0.0160000,0.0034008),(-0.0175208,-0.0160000,0.0038194),(-0.0175079,-0.0160000,0.0036790),(-0.0178647,-0.0160000,0.0034008),(-0.0175079,-0.0160000,0.0039584),(-0.0175208,-0.0160000,0.0038194),(-0.0178647,-0.0160000,0.0034008),(-0.0174692,-0.0160000,0.0040866),(-0.0175079,-0.0160000,0.0039584),(-0.0178647,-0.0160000,0.0034008),(-0.0174047,-0.0160000,0.0042040),(-0.0174692,-0.0160000,0.0040866),(-0.0178647,-0.0160000,0.0034008),(-0.0174047,-0.0160000,0.0042040),(-0.0178647,-0.0160000,0.0034008),(-0.0179004,-0.0160000,0.0035014),(-0.0174047,-0.0160000,0.0042040),(-0.0179004,-0.0160000,0.0035014),(-0.0179258,-0.0160000,0.0036047),(-0.0173144,-0.0160000,0.0043104),(-0.0174047,-0.0160000,0.0042040),(-0.0179258,-0.0160000,0.0036047),(-0.0173144,-0.0160000,0.0043104),(-0.0179258,-0.0160000,0.0036047),(-0.0179411,-0.0160000,0.0037107),(-0.0173144,-0.0160000,0.0043104),(-0.0179411,-0.0160000,0.0037107),(-0.0179462,-0.0160000,0.0038194),(-0.0172072,-0.0160000,0.0043984),(-0.0173144,-0.0160000,0.0043104),(-0.0179462,-0.0160000,0.0038194),(-0.0172072,-0.0160000,0.0043984),(-0.0179462,-0.0160000,0.0038194),(-0.0179411,-0.0160000,0.0039320),(-0.0172072,-0.0160000,0.0043984),(-0.0179411,-0.0160000,0.0039320),(-0.0179258,-0.0160000,0.0040407),(-0.0170900,-0.0160000,0.0044613),(-0.0172072,-0.0160000,0.0043984),(-0.0179258,-0.0160000,0.0040407),(-0.0170900,-0.0160000,0.0044613),(-0.0179258,-0.0160000,0.0040407),(-0.0179004,-0.0160000,0.0041455),(-0.0170900,-0.0160000,0.0044613),(-0.0179004,-0.0160000,0.0041455),(-0.0178647,-0.0160000,0.0042464),(-0.0169628,-0.0160000,0.0044990),(-0.0170900,-0.0160000,0.0044613),(-0.0178647,-0.0160000,0.0042464),(-0.0169628,-0.0160000,0.0044990),(-0.0178647,-0.0160000,0.0042464),(-0.0178189,-0.0160000,0.0043434),(-0.0169628,-0.0160000,0.0044990),(-0.0178189,-0.0160000,0.0043434),(-0.0177629,-0.0160000,0.0044365),(-0.0168254,-0.0160000,0.0045115),(-0.0169628,-0.0160000,0.0044990),(-0.0177629,-0.0160000,0.0044365),(-0.0168254,-0.0160000,0.0045115),(-0.0177629,-0.0160000,0.0044365),(-0.0176967,-0.0160000,0.0045257),(-0.0153258,-0.0160000,0.0045115),(-0.0168254,-0.0160000,0.0045115),(-0.0176967,-0.0160000,0.0045257),(-0.0153258,-0.0160000,0.0045115),(-0.0176967,-0.0160000,0.0045257),(-0.0176203,-0.0160000,0.0046110),(-0.0153258,-0.0160000,0.0045115),(-0.0176203,-0.0160000,0.0046110),(-0.0175332,-0.0160000,0.0046892),(-0.0153258,-0.0160000,0.0045115),(-0.0175332,-0.0160000,0.0046892),(-0.0174424,-0.0160000,0.0047569),(-0.0153258,-0.0160000,0.0045115),(-0.0174424,-0.0160000,0.0047569),(-0.0173478,-0.0160000,0.0048142),(-0.0153258,-0.0160000,0.0045115),(-0.0173478,-0.0160000,0.0048142),(-0.0172496,-0.0160000,0.0048610),(-0.0153258,-0.0160000,0.0045115),(-0.0172496,-0.0160000,0.0048610),(-0.0171476,-0.0160000,0.0048975),(-0.0153258,-0.0160000,0.0045115),(-0.0171476,-0.0160000,0.0048975),(-0.0170418,-0.0160000,0.0049236),(-0.0153258,-0.0160000,0.0045115),(-0.0170418,-0.0160000,0.0049236),(-0.0169323,-0.0160000,0.0049392),(-0.0153258,-0.0160000,0.0045115),(-0.0169323,-0.0160000,0.0049392),(-0.0168191,-0.0160000,0.0049444),(-0.0153258,-0.0160000,0.0045115),(-0.0168191,-0.0160000,0.0049444),(-0.0151131,-0.0160000,0.0049444),(-0.0153258,-0.0160000,0.0031251),(-0.0153258,-0.0160000,0.0045115),(-0.0151131,-0.0160000,0.0049444),(-0.0153258,-0.0160000,0.0026986),(-0.0153258,-0.0160000,0.0031251),(-0.0151131,-0.0160000,0.0049444),(-0.0153258,-0.0160000,0.0026986),(-0.0151131,-0.0160000,0.0049444),(-0.0150271,-0.0160000,0.0049277),(-0.0153258,-0.0160000,0.0026986),(-0.0150271,-0.0160000,0.0049277),(-0.0149554,-0.0160000,0.0048777),(-0.0153258,-0.0160000,0.0026986),(-0.0149554,-0.0160000,0.0048777),(-0.0149133,-0.0160000,0.0048034),(-0.0153258,-0.0160000,0.0026986),(-0.0149133,-0.0160000,0.0048034),(-0.0148993,-0.0160000,0.0047243),(-0.0153258,-0.0160000,0.0026986),(-0.0148993,-0.0160000,0.0047243),(-0.0148993,-0.0160000,0.0010973),(-0.0153258,-0.0160000,0.0026986),(-0.0148993,-0.0160000,0.0010973),(-0.0149222,-0.0160000,0.0010140),(-0.0153258,-0.0160000,0.0026986),(-0.0149222,-0.0160000,0.0010140),(-0.0149654,-0.0160000,0.0009545),(-0.0153258,-0.0160000,0.0026986),(-0.0149654,-0.0160000,0.0009545),(-0.0151131,-0.0160000,0.0009068),(-0.0153258,-0.0160000,0.0026986),(-0.0151131,-0.0160000,0.0009068),(-0.0151871,-0.0160000,0.0009188),(-0.0153258,-0.0160000,0.0026986),(-0.0151871,-0.0160000,0.0009188),(-0.0152472,-0.0160000,0.0009545),(-0.0153258,-0.0160000,0.0026986),(-0.0152472,-0.0160000,0.0009545),(-0.0153258,-0.0160000,0.0010973),(-0.0139373,-0.0160000,0.0027039),(-0.0139351,-0.0160000,0.0010973),(-0.0139513,-0.0160000,0.0010153),(-0.0139373,-0.0160000,0.0027039),(-0.0139513,-0.0160000,0.0010153),(-0.0139997,-0.0160000,0.0009471),(-0.0139373,-0.0160000,0.0027039),(-0.0139997,-0.0160000,0.0009471),(-0.0140685,-0.0160000,0.0009010),(-0.0139373,-0.0160000,0.0027039),(-0.0140685,-0.0160000,0.0009010),(-0.0141457,-0.0160000,0.0008857),(-0.0139373,-0.0160000,0.0027039),(-0.0141457,-0.0160000,0.0008857),(-0.0142286,-0.0160000,0.0009010),(-0.0139373,-0.0160000,0.0027039),(-0.0142286,-0.0160000,0.0009010),(-0.0142971,-0.0160000,0.0009471),(-0.0139373,-0.0160000,0.0027039),(-0.0142971,-0.0160000,0.0009471),(-0.0143431,-0.0160000,0.0010153),(-0.0139373,-0.0160000,0.0027039),(-0.0143431,-0.0160000,0.0010153),(-0.0143585,-0.0160000,0.0010973),(-0.0139373,-0.0160000,0.0027039),(-0.0143585,-0.0160000,0.0010973),(-0.0143585,-0.0160000,0.0047243),(-0.0139373,-0.0160000,0.0027039),(-0.0143585,-0.0160000,0.0047243),(-0.0143431,-0.0160000,0.0048057),(-0.0139373,-0.0160000,0.0027039),(-0.0143431,-0.0160000,0.0048057),(-0.0142971,-0.0160000,0.0048745),(-0.0139373,-0.0160000,0.0027039),(-0.0142971,-0.0160000,0.0048745),(-0.0142296,-0.0160000,0.0049222),(-0.0139373,-0.0160000,0.0027039),(-0.0142296,-0.0160000,0.0049222),(-0.0141500,-0.0160000,0.0049380),(-0.0139373,-0.0160000,0.0027039),(-0.0141500,-0.0160000,0.0049380),(-0.0140680,-0.0160000,0.0049216),(-0.0139373,-0.0160000,0.0027039),(-0.0140680,-0.0160000,0.0049216),(-0.0139976,-0.0160000,0.0048724),(-0.0139373,-0.0160000,0.0027039),(-0.0139976,-0.0160000,0.0048724),(-0.0139507,-0.0160000,0.0048079),(-0.0139373,-0.0160000,0.0027039),(-0.0139507,-0.0160000,0.0048079),(-0.0139351,-0.0160000,0.0047243),(-0.0139373,-0.0160000,0.0027039),(-0.0139351,-0.0160000,0.0047243),(-0.0139351,-0.0160000,0.0031251),(-0.0117359,-0.0160000,0.0027039),(-0.0139373,-0.0160000,0.0027039),(-0.0139351,-0.0160000,0.0031251),(-0.0117359,-0.0160000,0.0027039),(-0.0139351,-0.0160000,0.0031251),(-0.0117423,-0.0160000,0.0031251),(-0.0117359,-0.0160000,0.0027039),(-0.0117423,-0.0160000,0.0031251),(-0.0117423,-0.0160000,0.0047243),(-0.0117359,-0.0160000,0.0027039),(-0.0117423,-0.0160000,0.0047243),(-0.0117259,-0.0160000,0.0048057),(-0.0117359,-0.0160000,0.0027039),(-0.0117259,-0.0160000,0.0048057),(-0.0116767,-0.0160000,0.0048745),(-0.0117359,-0.0160000,0.0027039),(-0.0116767,-0.0160000,0.0048745),(-0.0116071,-0.0160000,0.0049222),(-0.0117359,-0.0160000,0.0027039),(-0.0116071,-0.0160000,0.0049222),(-0.0115295,-0.0160000,0.0049380),(-0.0117359,-0.0160000,0.0027039),(-0.0115295,-0.0160000,0.0049380),(-0.0114473,-0.0160000,0.0049222),(-0.0117359,-0.0160000,0.0027039),(-0.0114473,-0.0160000,0.0049222),(-0.0113761,-0.0160000,0.0048745),(-0.0117359,-0.0160000,0.0027039),(-0.0113761,-0.0160000,0.0048745),(-0.0113277,-0.0160000,0.0048057),(-0.0117359,-0.0160000,0.0027039),(-0.0113277,-0.0160000,0.0048057),(-0.0113115,-0.0160000,0.0047243),(-0.0117359,-0.0160000,0.0027039),(-0.0113115,-0.0160000,0.0047243),(-0.0113115,-0.0160000,0.0010973),(-0.0117359,-0.0160000,0.0027039),(-0.0113115,-0.0160000,0.0010973),(-0.0113271,-0.0160000,0.0010153),(-0.0117359,-0.0160000,0.0027039),(-0.0113271,-0.0160000,0.0010153),(-0.0113740,-0.0160000,0.0009471),(-0.0117359,-0.0160000,0.0027039),(-0.0113740,-0.0160000,0.0009471),(-0.0114436,-0.0160000,0.0009010),(-0.0117359,-0.0160000,0.0027039),(-0.0114436,-0.0160000,0.0009010),(-0.0115253,-0.0160000,0.0008857),(-0.0117359,-0.0160000,0.0027039),(-0.0115253,-0.0160000,0.0008857),(-0.0116031,-0.0160000,0.0009008),(-0.0117359,-0.0160000,0.0027039),(-0.0116031,-0.0160000,0.0009008),(-0.0116756,-0.0160000,0.0009460),(-0.0117359,-0.0160000,0.0027039),(-0.0116756,-0.0160000,0.0009460),(-0.0117208,-0.0160000,0.0010108),(-0.0117359,-0.0160000,0.0027039),(-0.0117208,-0.0160000,0.0010108),(-0.0117359,-0.0160000,0.0010973),(-0.0189178,-0.0160000,0.0024160),(-0.0189178,-0.0160000,0.0047243),(-0.0189024,-0.0160000,0.0048057),(-0.0189178,-0.0160000,0.0024160),(-0.0189024,-0.0160000,0.0048057),(-0.0188564,-0.0160000,0.0048745),(-0.0189178,-0.0160000,0.0024160),(-0.0188564,-0.0160000,0.0048745),(-0.0187889,-0.0160000,0.0049222),(-0.0189227,-0.0160000,0.0023036),(-0.0189178,-0.0160000,0.0024160),(-0.0187889,-0.0160000,0.0049222),(-0.0189227,-0.0160000,0.0023036),(-0.0187889,-0.0160000,0.0049222),(-0.0187093,-0.0160000,0.0049380),(-0.0189227,-0.0160000,0.0023036),(-0.0187093,-0.0160000,0.0049380),(-0.0186259,-0.0160000,0.0049216),(-0.0189227,-0.0160000,0.0023036),(-0.0186259,-0.0160000,0.0049216),(-0.0185516,-0.0160000,0.0048724),(-0.0189227,-0.0160000,0.0023036),(-0.0185516,-0.0160000,0.0048724),(-0.0185063,-0.0160000,0.0048079),(-0.0189227,-0.0160000,0.0023036),(-0.0185063,-0.0160000,0.0048079),(-0.0184913,-0.0160000,0.0047243),(-0.0189227,-0.0160000,0.0023036),(-0.0184913,-0.0160000,0.0047243),(-0.0184913,-0.0160000,0.0024160),(-0.0189227,-0.0160000,0.0023036),(-0.0184913,-0.0160000,0.0024160),(-0.0184982,-0.0160000,0.0022609),(-0.0189227,-0.0160000,0.0023036),(-0.0184982,-0.0160000,0.0022609),(-0.0185190,-0.0160000,0.0021116),(-0.0189227,-0.0160000,0.0023036),(-0.0185190,-0.0160000,0.0021116),(-0.0185538,-0.0160000,0.0019679),(-0.0189227,-0.0160000,0.0023036),(-0.0185538,-0.0160000,0.0019679),(-0.0186024,-0.0160000,0.0018300),(-0.0189227,-0.0160000,0.0023036),(-0.0186024,-0.0160000,0.0018300),(-0.0186649,-0.0160000,0.0016978),(-0.0189227,-0.0160000,0.0023036),(-0.0186649,-0.0160000,0.0016978),(-0.0187413,-0.0160000,0.0015713),(-0.0189227,-0.0160000,0.0023036),(-0.0187413,-0.0160000,0.0015713),(-0.0188316,-0.0160000,0.0014505),(-0.0189227,-0.0160000,0.0023036),(-0.0188316,-0.0160000,0.0014505),(-0.0189358,-0.0160000,0.0013355),(-0.0189227,-0.0160000,0.0023036),(-0.0189358,-0.0160000,0.0013355),(-0.0190483,-0.0160000,0.0012301),(-0.0190483,-0.0160000,0.0012301),(-0.0191670,-0.0160000,0.0011387),(-0.0192918,-0.0160000,0.0010614),(-0.0190483,-0.0160000,0.0012301),(-0.0192918,-0.0160000,0.0010614),(-0.0194226,-0.0160000,0.0009981),(-0.0190483,-0.0160000,0.0012301),(-0.0194226,-0.0160000,0.0009981),(-0.0195595,-0.0160000,0.0009489),(-0.0190483,-0.0160000,0.0012301),(-0.0195595,-0.0160000,0.0009489),(-0.0197025,-0.0160000,0.0009138),(-0.0190483,-0.0160000,0.0012301),(-0.0197025,-0.0160000,0.0009138),(-0.0198516,-0.0160000,0.0008927),(-0.0190483,-0.0160000,0.0012301),(-0.0198516,-0.0160000,0.0008927),(-0.0200068,-0.0160000,0.0008857),(-0.0190483,-0.0160000,0.0012301),(-0.0200068,-0.0160000,0.0008857),(-0.0201622,-0.0160000,0.0008927),(-0.0190483,-0.0160000,0.0012301),(-0.0201622,-0.0160000,0.0008927),(-0.0203119,-0.0160000,0.0009138),(-0.0190483,-0.0160000,0.0012301),(-0.0203119,-0.0160000,0.0009138),(-0.0204560,-0.0160000,0.0009489),(-0.0190483,-0.0160000,0.0012301),(-0.0204560,-0.0160000,0.0009489),(-0.0205944,-0.0160000,0.0009981),(-0.0190483,-0.0160000,0.0012301),(-0.0205944,-0.0160000,0.0009981),(-0.0207272,-0.0160000,0.0010614),(-0.0190483,-0.0160000,0.0012301),(-0.0207272,-0.0160000,0.0010614),(-0.0208543,-0.0160000,0.0011387),(-0.0190483,-0.0160000,0.0012301),(-0.0208543,-0.0160000,0.0011387),(-0.0209758,-0.0160000,0.0012301),(-0.0190483,-0.0160000,0.0012301),(-0.0209758,-0.0160000,0.0012301),(-0.0210916,-0.0160000,0.0013355),(-0.0210916,-0.0160000,0.0013355),(-0.0211963,-0.0160000,0.0014492),(-0.0212870,-0.0160000,0.0015691),(-0.0210916,-0.0160000,0.0013355),(-0.0212870,-0.0160000,0.0015691),(-0.0213637,-0.0160000,0.0016952),(-0.0210916,-0.0160000,0.0013355),(-0.0213637,-0.0160000,0.0016952),(-0.0214265,-0.0160000,0.0018276),(-0.0210916,-0.0160000,0.0013355),(-0.0214265,-0.0160000,0.0018276),(-0.0214754,-0.0160000,0.0019662),(-0.0210916,-0.0160000,0.0013355),(-0.0214754,-0.0160000,0.0019662),(-0.0215103,-0.0160000,0.0021110),(-0.0210916,-0.0160000,0.0013355),(-0.0215103,-0.0160000,0.0021110),(-0.0215312,-0.0160000,0.0022620),(-0.0210916,-0.0160000,0.0013355),(-0.0215312,-0.0160000,0.0022620),(-0.0215382,-0.0160000,0.0024192),(-0.0210916,-0.0160000,0.0013355),(-0.0215382,-0.0160000,0.0024192),(-0.0215382,-0.0160000,0.0047243),(-0.0210916,-0.0160000,0.0013355),(-0.0215382,-0.0160000,0.0047243),(-0.0215229,-0.0160000,0.0048057),(-0.0210916,-0.0160000,0.0013355),(-0.0215229,-0.0160000,0.0048057),(-0.0214768,-0.0160000,0.0048745),(-0.0210916,-0.0160000,0.0013355),(-0.0214768,-0.0160000,0.0048745),(-0.0214086,-0.0160000,0.0049222),(-0.0210916,-0.0160000,0.0013355),(-0.0214086,-0.0160000,0.0049222),(-0.0213265,-0.0160000,0.0049380),(-0.0210916,-0.0160000,0.0013355),(-0.0213265,-0.0160000,0.0049380),(-0.0212445,-0.0160000,0.0049222),(-0.0210916,-0.0160000,0.0013355),(-0.0212445,-0.0160000,0.0049222),(-0.0211763,-0.0160000,0.0048745),(-0.0211763,-0.0160000,0.0048745),(-0.0211302,-0.0160000,0.0048057),(-0.0211149,-0.0160000,0.0047243),(-0.0211763,-0.0160000,0.0048745),(-0.0211149,-0.0160000,0.0047243),(-0.0211149,-0.0160000,0.0024192),(-0.0210916,-0.0160000,0.0013355),(-0.0211763,-0.0160000,0.0048745),(-0.0211149,-0.0160000,0.0024192),(-0.0210916,-0.0160000,0.0013355),(-0.0211149,-0.0160000,0.0024192),(-0.0211098,-0.0160000,0.0023072),(-0.0210916,-0.0160000,0.0013355),(-0.0211098,-0.0160000,0.0023072),(-0.0210944,-0.0160000,0.0021992),(-0.0210916,-0.0160000,0.0013355),(-0.0210944,-0.0160000,0.0021992),(-0.0210689,-0.0160000,0.0020953),(-0.0210916,-0.0160000,0.0013355),(-0.0210689,-0.0160000,0.0020953),(-0.0210331,-0.0160000,0.0019953),(-0.0210916,-0.0160000,0.0013355),(-0.0210331,-0.0160000,0.0019953),(-0.0209871,-0.0160000,0.0018995),(-0.0210916,-0.0160000,0.0013355),(-0.0209871,-0.0160000,0.0018995),(-0.0209309,-0.0160000,0.0018076),(-0.0210916,-0.0160000,0.0013355),(-0.0209309,-0.0160000,0.0018076),(-0.0208645,-0.0160000,0.0017198),(-0.0210916,-0.0160000,0.0013355),(-0.0208645,-0.0160000,0.0017198),(-0.0207878,-0.0160000,0.0016360),(-0.0210916,-0.0160000,0.0013355),(-0.0207878,-0.0160000,0.0016360),(-0.0207060,-0.0160000,0.0015596),(-0.0210916,-0.0160000,0.0013355),(-0.0207060,-0.0160000,0.0015596),(-0.0206196,-0.0160000,0.0014934),(-0.0210916,-0.0160000,0.0013355),(-0.0206196,-0.0160000,0.0014934),(-0.0205288,-0.0160000,0.0014374),(-0.0210916,-0.0160000,0.0013355),(-0.0205288,-0.0160000,0.0014374),(-0.0204336,-0.0160000,0.0013916),(-0.0210916,-0.0160000,0.0013355),(-0.0204336,-0.0160000,0.0013916),(-0.0203338,-0.0160000,0.0013559),(-0.0210916,-0.0160000,0.0013355),(-0.0203338,-0.0160000,0.0013559),(-0.0202296,-0.0160000,0.0013304),(-0.0210916,-0.0160000,0.0013355),(-0.0202296,-0.0160000,0.0013304),(-0.0201210,-0.0160000,0.0013152),(-0.0190483,-0.0160000,0.0012301),(-0.0210916,-0.0160000,0.0013355),(-0.0201210,-0.0160000,0.0013152),(-0.0190483,-0.0160000,0.0012301),(-0.0201210,-0.0160000,0.0013152),(-0.0200079,-0.0160000,0.0013101),(-0.0190483,-0.0160000,0.0012301),(-0.0200079,-0.0160000,0.0013101),(-0.0198967,-0.0160000,0.0013151),(-0.0190483,-0.0160000,0.0012301),(-0.0198967,-0.0160000,0.0013151),(-0.0197898,-0.0160000,0.0013303),(-0.0190483,-0.0160000,0.0012301),(-0.0197898,-0.0160000,0.0013303),(-0.0196870,-0.0160000,0.0013556),(-0.0190483,-0.0160000,0.0012301),(-0.0196870,-0.0160000,0.0013556),(-0.0195885,-0.0160000,0.0013910),(-0.0190483,-0.0160000,0.0012301),(-0.0195885,-0.0160000,0.0013910),(-0.0194941,-0.0160000,0.0014366),(-0.0190483,-0.0160000,0.0012301),(-0.0194941,-0.0160000,0.0014366),(-0.0194040,-0.0160000,0.0014922),(-0.0190483,-0.0160000,0.0012301),(-0.0194040,-0.0160000,0.0014922),(-0.0193181,-0.0160000,0.0015580),(-0.0190483,-0.0160000,0.0012301),(-0.0193181,-0.0160000,0.0015580),(-0.0192363,-0.0160000,0.0016339),(-0.0190483,-0.0160000,0.0012301),(-0.0192363,-0.0160000,0.0016339),(-0.0191617,-0.0160000,0.0017170),(-0.0190483,-0.0160000,0.0012301),(-0.0191617,-0.0160000,0.0017170),(-0.0190970,-0.0160000,0.0018042),(-0.0190483,-0.0160000,0.0012301),(-0.0190970,-0.0160000,0.0018042),(-0.0190422,-0.0160000,0.0018957),(-0.0190483,-0.0160000,0.0012301),(-0.0190422,-0.0160000,0.0018957),(-0.0189974,-0.0160000,0.0019914),(-0.0190483,-0.0160000,0.0012301),(-0.0189974,-0.0160000,0.0019914),(-0.0189626,-0.0160000,0.0020912),(-0.0190483,-0.0160000,0.0012301),(-0.0189626,-0.0160000,0.0020912),(-0.0189377,-0.0160000,0.0021953),(-0.0189227,-0.0160000,0.0023036),(-0.0190483,-0.0160000,0.0012301),(-0.0189377,-0.0160000,0.0021953),(-0.0107154,-0.0160000,0.0045647),(-0.0107686,-0.0160000,0.0047243),(-0.0107535,-0.0160000,0.0048042),(-0.0107154,-0.0160000,0.0045647),(-0.0107535,-0.0160000,0.0048042),(-0.0107083,-0.0160000,0.0048724),(-0.0107154,-0.0160000,0.0045647),(-0.0107083,-0.0160000,0.0048724),(-0.0106400,-0.0160000,0.0049216),(-0.0107154,-0.0160000,0.0045647),(-0.0106400,-0.0160000,0.0049216),(-0.0105559,-0.0160000,0.0049380),(-0.0107154,-0.0160000,0.0045647),(-0.0105559,-0.0160000,0.0049380),(-0.0079354,-0.0160000,0.0049380),(-0.0107154,-0.0160000,0.0045647),(-0.0079354,-0.0160000,0.0049380),(-0.0078423,-0.0160000,0.0049177),(-0.0107154,-0.0160000,0.0045647),(-0.0078423,-0.0160000,0.0049177),(-0.0077682,-0.0160000,0.0048565),(-0.0107154,-0.0160000,0.0045647),(-0.0077682,-0.0160000,0.0048565),(-0.0077217,-0.0160000,0.0047243),(-0.0107154,-0.0160000,0.0045647),(-0.0077217,-0.0160000,0.0047243),(-0.0077217,-0.0160000,0.0047084),(-0.0107154,-0.0160000,0.0045647),(-0.0077217,-0.0160000,0.0047084),(-0.0077820,-0.0160000,0.0045793),(-0.0107154,-0.0160000,0.0045647),(-0.0077820,-0.0160000,0.0045793),(-0.0078532,-0.0160000,0.0045285),(-0.0107154,-0.0160000,0.0045647),(-0.0078532,-0.0160000,0.0045285),(-0.0079354,-0.0160000,0.0045115),(-0.0107154,-0.0160000,0.0045647),(-0.0079354,-0.0160000,0.0045115),(-0.0090351,-0.0160000,0.0045115),(-0.0090351,-0.0160000,0.0045115),(-0.0090351,-0.0160000,0.0010973),(-0.0090504,-0.0160000,0.0010153),(-0.0090351,-0.0160000,0.0045115),(-0.0090504,-0.0160000,0.0010153),(-0.0090964,-0.0160000,0.0009471),(-0.0090351,-0.0160000,0.0045115),(-0.0090964,-0.0160000,0.0009471),(-0.0091647,-0.0160000,0.0009010),(-0.0090351,-0.0160000,0.0045115),(-0.0091647,-0.0160000,0.0009010),(-0.0092467,-0.0160000,0.0008857),(-0.0090351,-0.0160000,0.0045115),(-0.0092467,-0.0160000,0.0008857),(-0.0093287,-0.0160000,0.0009010),(-0.0090351,-0.0160000,0.0045115),(-0.0093287,-0.0160000,0.0009010),(-0.0093970,-0.0160000,0.0009471),(-0.0090351,-0.0160000,0.0045115),(-0.0093970,-0.0160000,0.0009471),(-0.0094430,-0.0160000,0.0010153),(-0.0090351,-0.0160000,0.0045115),(-0.0094430,-0.0160000,0.0010153),(-0.0094584,-0.0160000,0.0010973),(-0.0090351,-0.0160000,0.0045115),(-0.0094584,-0.0160000,0.0010973),(-0.0094584,-0.0160000,0.0045115),(-0.0107154,-0.0160000,0.0045647),(-0.0090351,-0.0160000,0.0045115),(-0.0094584,-0.0160000,0.0045115),(-0.0107154,-0.0160000,0.0045647),(-0.0094584,-0.0160000,0.0045115),(-0.0105559,-0.0160000,0.0045115),(-0.0107154,-0.0160000,0.0045647),(-0.0105559,-0.0160000,0.0045115),(-0.0106489,-0.0160000,0.0045248)));
#1755=COMPLEX_TRIANGULATED_SURFACE_SET('surface set',#1754,1710,(),(),(),((1,2,3),(4,5,6),(7,8,9),(10,11,12),(13,14,15),(16,17,18),(19,20,21),(22,23,24),(25,26,27),(28,29,30),(31,32,33),(34,35,36),(37,38,39),(40,41,42),(43,44,45),(46,47,48),(49,50,51),(52,53,54),(55,56,57),(58,59,60),(61,62,63),(64,65,66),(67,68,69),(70,71,72),(73,74,75),(76,77,78),(79,80,81),(82,83,84),(85,86,87),(88,89,90),(91,92,93),(94,95,96),(97,98,99),(100,101,102),(103,104,105),(106,107,108),(109,110,111),(112,113,114),(115,116,117),(118,119,120),(121,122,123),(124,125,126),(127,128,129),(130,131,132),(133,134,135),(136,137,138),(139,140,141),(142,143,144),(145,146,147),(148,149,150),(151,152,153),(154,155,156),(157,158,159),(160,161,162),(163,164,165),(166,167,168),(169,170,171),(172,173,174),(175,176,177),(178,179,180),(181,182,183),(184,185,186),(187,188,189),(190,191,192),(193,194,195),(196,197,198),(199,200,201),(202,203,204),(205,206,207),(208,209,210),(211,212,213),(214,215,216),(217,218,219),(220,221,222),(223,224,225),(226,227,228),(229,230,231),(232,233,234),(235,236,237),(238,239,240),(241,242,243),(244,245,246),(247,248,249),(250,251,252),(253,254,255),(256,257,258),(259,260,261),(262,263,264),(265,266,267),(268,269,270),(271,272,273),(274,275,276),(277,278,279),(280,281,282),(283,284,285),(286,287,288),(289,290,291),(292,293,294),(295,296,297),(298,299,300),(301,302,303),(304,305,306),(307,308,309),(310,311,312),(313,314,315),(316,317,318),(319,320,321),(322,323,324),(325,326,327),(328,329,330),(331,332,333),(334,335,336),(337,338,339),(340,341,342),(343,344,345),(346,347,348),(349,350,351),(352,353,354),(355,356,357),(358,359,360),(361,362,363),(364,365,366),(367,368,369),(370,371,372),(373,374,375),(376,377,378),(379,380,381),(382,383,384),(385,386,387),(388,389,390),(391,392,393),(394,395,396),(397,398,399),(400,401,402),(403,404,405),(406,407,408),(409,410,411),(412,413,414),(415,416,417),(418,419,420),(421,422,423),(424,425,426),(427,428,429),(430,431,432),(433,434,435),(436,437,438),(439,440,441),(442,443,444),(445,446,447),(448,449,450),(451,452,453),(454,455,456),(457,458,459),(460,461,462),(463,464,465),(466,467,468),(469,470,471),(472,473,474),(475,476,477),(478,479,480),(481,482,483),(484,485,486),(487,488,489),(490,491,492),(493,494,495),(496,497,498),(499,500,501),(502,503,504),(505,506,507),(508,509,510),(511,512,513),(514,515,516),(517,518,519),(520,521,522),(523,524,525),(526,527,528),(529,530,531),(532,533,534),(535,536,537),(538,539,540),(541,542,543),(544,545,546),(547,548,549),(550,551,552),(553,554,555),(556,557,558),(559,560,561),(562,563,564),(565,566,567),(568,569,570),(571,572,573),(574,575,576),(577,578,579),(580,581,582),(583,584,585),(586,587,588),(589,590,591),(592,593,594),(595,596,597),(598,599,600),(601,602,603),(604,605,606),(607,608,609),(610,611,612),(613,614,615),(616,617,618),(619,620,621),(622,623,624),(625,626,627),(628,629,630),(631,632,633),(634,635,636),(637,638,639),(640,641,642),(643,644,645),(646,647,648),(649,650,651),(652,653,654),(655,656,657),(658,659,660),(661,662,663),(664,665,666),(667,668,669),(670,671,672),(673,674,675),(676,677,678),(679,680,681),(682,683,684),(685,686,687),(688,689,690),(691,692,693),(694,695,696),(697,698,699),(700,701,702),(703,704,705),(706,707,708),(709,710,711),(712,713,714),(715,716,717),(718,719,720),(721,722,723),(724,725,726),(727,728,729),(730,731,732),(733,734,735),(736,737,738),(739,740,741),(742,743,744),(745,746,747),(748,749,750),(751,752,753),(754,755,756),(757,758,759),(760,761,762),(763,764,765),(766,767,768),(769,770,771),(772,773,774),(775,776,777),(778,779,780),(781,782,783),(784,785,786),(787,788,789),(790,791,792),(793,794,795),(796,797,798),(799,800,801),(802,803,804),(805,806,807),(808,809,810),(811,812,813),(814,815,816),(817,818,819),(820,821,822),(823,824,825),(826,827,828),(829,830,831),(832,833,834),(835,836,837),(838,839,840),(841,842,843),(844,845,846),(847,848,849),(850,851,852),(853,854,855),(856,857,858),(859,860,861),(862,863,864),(865,866,867),(868,869,870),(871,872,873),(874,875,876),(877,878,879),(880,881,882),(883,884,885),(886,887,888),(889,890,891),(892,893,894),(895,896,897),(898,899,900),(901,902,903),(904,905,906),(907,908,909),(910,911,912),(913,914,915),(916,917,918),(919,920,921),(922,923,924),(925,926,927),(928,929,930),(931,932,933),(934,935,936),(937,938,939),(940,941,942),(943,944,945),(946,947,948),(949,950,951),(952,953,954),(955,956,957),(958,959,960),(961,962,963),(964,965,966),(967,968,969),(970,971,972),(973,974,975),(976,977,978),(979,980,981),(982,983,984),(985,986,987),(988,989,990),(991,992,993),(994,995,996),(997,998,999),(1000,1001,1002),(1003,1004,1005),(1006,1007,1008),(1009,1010,1011),(1012,1013,1014),(1015,1016,1017),(1018,1019,1020),(1021,1022,1023),(1024,1025,1026),(1027,1028,1029),(1030,1031,1032),(1033,1034,1035),(1036,1037,1038),(1039,1040,1041),(1042,1043,1044),(1045,1046,1047),(1048,1049,1050),(1051,1052,1053),(1054,1055,1056),(1057,1058,1059),(1060,1061,1062),(1063,1064,1065),(1066,1067,1068),(1069,1070,1071),(1072,1073,1074),(1075,1076,1077),(1078,1079,1080),(1081,1082,1083),(1084,1085,1086),(1087,1088,1089),(1090,1091,1092),(1093,1094,1095),(1096,1097,1098),(1099,1100,1101),(1102,1103,1104),(1105,1106,1107),(1108,1109,1110),(1111,1112,1113),(1114,1115,1116),(1117,1118,1119),(1120,1121,1122),(1123,1124,1125),(1126,1127,1128),(1129,1130,1131),(1132,1133,1134),(1135,1136,1137),(1138,1139,1140),(1141,1142,1143),(1144,1145,1146),(1147,1148,1149),(1150,1151,1152),(1153,1154,1155),(1156,1157,1158),(1159,1160,1161),(1162,1163,1164),(1165,1166,1167),(1168,1169,1170),(1171,1172,1173),(1174,1175,1176),(1177,1178,1179),(1180,1181,1182),(1183,1184,1185),(1186,1187,1188),(1189,1190,1191),(1192,1193,1194),(1195,1196,1197),(1198,1199,1200),(1201,1202,1203),(1204,1205,1206),(1207,1208,1209),(1210,1211,1212),(1213,1214,1215),(1216,1217,1218),(1219,1220,1221),(1222,1223,1224),(1225,1226,1227),(1228,1229,1230),(1231,1232,1233),(1234,1235,1236),(1237,1238,1239),(1240,1241,1242),(1243,1244,1245),(1246,1247,1248),(1249,1250,1251),(1252,1253,1254),(1255,1256,1257),(1258,1259,1260),(1261,1262,1263),(1264,1265,1266),(1267,1268,1269),(1270,1271,1272),(1273,1274,1275),(1276,1277,1278),(1279,1280,1281),(1282,1283,1284),(1285,1286,1287),(1288,1289,1290),(1291,1292,1293),(1294,1295,1296),(1297,1298,1299),(1300,1301,1302),(1303,1304,1305),(1306,1307,1308),(1309,1310,1311),(1312,1313,1314),(1315,1316,1317),(1318,1319,1320),(1321,1322,1323),(1324,1325,1326),(1327,1328,1329),(1330,1331,1332),(1333,1334,1335),(1336,1337,1338),(1339,1340,1341),(1342,1343,1344),(1345,1346,1347),(1348,1349,1350),(1351,1352,1353),(1354,1355,1356),(1357,1358,1359),(1360,1361,1362),(1363,1364,1365),(1366,1367,1368),(1369,1370,1371),(1372,1373,1374),(1375,1376,1377),(1378,1379,1380),(1381,1382,1383),(1384,1385,1386),(1387,1388,1389),(1390,1391,1392),(1393,1394,1395),(1396,1397,1398),(1399,1400,1401),(1402,1403,1404),(1405,1406,1407),(1408,1409,1410),(1411,1412,1413),(1414,1415,1416),(1417,1418,1419),(1420,1421,1422),(1423,1424,1425),(1426,1427,1428),(1429,1430,1431),(1432,1433,1434),(1435,1436,1437),(1438,1439,1440),(1441,1442,1443),(1444,1445,1446),(1447,1448,1449),(1450,1451,1452),(1453,1454,1455),(1456,1457,1458),(1459,1460,1461),(1462,1463,1464),(1465,1466,1467),(1468,1469,1470),(1471,1472,1473),(1474,1475,1476),(1477,1478,1479),(1480,1481,1482),(1483,1484,1485),(1486,1487,1488),(1489,1490,1491),(1492,1493,1494),(1495,1496,1497),(1498,1499,1500),(1501,1502,1503),(1504,1505,1506),(1507,1508,1509),(1510,1511,1512),(1513,1514,1515),(1516,1517,1518),(1519,1520,1521),(1522,1523,1524),(1525,1526,1527),(1528,1529,1530),(1531,1532,1533),(1534,1535,1536),(1537,1538,1539),(1540,1541,1542),(1543,1544,1545),(1546,1547,1548),(1549,1550,1551),(1552,1553,1554),(1555,1556,1557),(1558,1559,1560),(1561,1562,1563),(1564,1565,1566),(1567,1568,1569),(1570,1571,1572),(1573,1574,1575),(1576,1577,1578),(1579,1580,1581),(1582,1583,1584),(1585,1586,1587),(1588,1589,1590),(1591,1592,1593),(1594,1595,1596),(1597,1598,1599),(1600,1601,1602),(1603,1604,1605),(1606,1607,1608),(1609,1610,1611),(1612,1613,1614),(1615,1616,1617),(1618,1619,1620),(1621,1622,1623),(1624,1625,1626),(1627,1628,1629),(1630,1631,1632),(1633,1634,1635),(1636,1637,1638),(1639,1640,1641),(1642,1643,1644),(1645,1646,1647),(1648,1649,1650),(1651,1652,1653),(1654,1655,1656),(1657,1658,1659),(1660,1661,1662),(1663,1664,1665),(1666,1667,1668),(1669,1670,1671),(1672,1673,1674),(1675,1676,1677),(1678,1679,1680),(1681,1682,1683),(1684,1685,1686),(1687,1688,1689),(1690,1691,1692),(1693,1694,1695),(1696,1697,1698),(1699,1700,1701),(1702,1703,1704),(1705,1706,1707),(1708,1709,1710)));
#1756=TESSELLATED_GEOMETRIC_SET('hole callout',(#1755));
#1757=COORDINATES_LIST('coordinates',5,((0.0044515,-0.0160000,-0.0016515),(-0.0215382,-0.0160000,-0.0016515),(0.0130515,-0.0160000,-0.0052515),(0.0094515,-0.0160000,-0.0016515),(0.0044515,-0.0160000,-0.0016515)));
#1758=TESSELLATED_CURVE_SET('curve set',#1757,((1,2),(3,4,5)));
#1759=TESSELLATED_GEOMETRIC_SET('hole callout',(#1758));
#1760=TESSELLATED_ANNOTATION_OCCURRENCE('hole callout',(#1753),#1756);
#1761=TESSELLATED_ANNOTATION_OCCURRENCE('hole callout',(#1753),#1759);
#1762=DRAUGHTING_CALLOUT('hole callout',(#1760,#1761));
#1763=DRAUGHTING_MODEL_ITEM_ASSOCIATION('','',#1721,#1749,#1762);
#1764=DRAUGHTING_MODEL_ITEM_ASSOCIATION('','',#1708,#1749,#1762);
ENDSEC;
END-ISO-10303-21;
